key,ddG,ddG_pred,num_muts,complex
1A22_MA14A,0.0,2.029608964920044,1,1A22_A_B
1A22_HA18A,-0.48639154,-1.0041265487670898,1,1A22_A_B
1A22_HA21A,0.15543823,1.471182346343994,1,1A22_A_B
1A22_QA22A,-0.21983741,0.0080237388610839,1,1A22_A_B
1A22_FA25A,-0.44731462,-1.198164701461792,1,1A22_A_B
1A22_DA26A,-0.21131277,1.451896905899048,1,1A22_A_B
1A22_QA29A,-0.5890467,1.008246898651123,1,1A22_A_B
1A22_YA42A,0.19934364,-0.9620027542114258,1,1A22_A_B
1A22_LA45A,1.224517,0.2714657783508301,1,1A22_A_B
1A22_QA46A,0.10801677,1.30519437789917,1,1A22_A_B
1A22_PA48A,0.41065642,3.2708630561828613,1,1A22_A_B
1A22_SA51A,0.34823537,2.363114833831787,1,1A22_A_B
1A22_EA56A,0.41065642,2.129725217819214,1,1A22_A_B
1A22_PA61A,1.2093251,4.59670352935791,1,1A22_A_B
1A22_SA62A,0.15543823,1.227466344833374,1,1A22_A_B
1A22_NA63A,0.31437176,5.312957286834717,1,1A22_A_B
1A22_RA64A,1.6426257,0.2562236785888672,1,1A22_A_B
1A22_EA65A,-0.47307748,0.4069365262985229,1,1A22_A_B
1A22_QA68A,0.588454,0.252718448638916,1,1A22_A_B
1A22_YA153A,0.34823537,2.7904109954833984,1,1A22_A_B
1A22_RA156A,0.27845457,3.8090176582336426,1,1A22_A_B
1A22_KA157A,-0.15484607,3.4258382320404053,1,1A22_A_B
1A22_DA160A,0.790924,-0.0981450080871582,1,1A22_A_B
1A22_KA161A,2.0150461,4.236824035644531,1,1A22_A_B
1A22_EA163A,-0.9246088,0.3055107593536377,1,1A22_A_B
1A22_TA164A,1.9070294,3.570518970489502,1,1A22_A_B
1A22_FA165A,0.41065642,4.928292274475098,1,1A22_A_B
1A22_RA167A,2.4257026,3.0159077644348145,1,1A22_A_B
1A22_IA168A,0.8063133,4.055157661437988,1,1A22_A_B
1A22_RA172A,0.54285824,3.801677227020264,1,1A22_A_B
1A22_EA175A,-0.011969134,0.7151749134063721,1,1A22_A_B
1A22_RB11A,2.1162474,0.5958654880523682,1,1A22_A_B
1A22_EB12A,1.6927218,1.2184498310089111,1,1A22_A_B
1A22_RB29A,0.6901991,1.58685564994812,1,1A22_A_B
1A22_RB30A,0.5358469,4.147188663482666,1,1A22_A_B
1A22_TB32A,0.11091385,-0.2022066116333007,1,1A22_A_B
1A22_QB33A,0.0,0.1798803806304931,1,1A22_A_B
1A22_EB34A,-0.09423819,-0.0634403228759765,1,1A22_A_B
1A22_WB35A,0.5143008,5.098409652709961,1,1A22_A_B
1A22_WB39A,-0.017686447,4.900984287261963,1,1A22_A_B
1A22_SB57A,-0.054726757,0.2689452171325683,1,1A22_A_B
1A22_SB61A,-0.18216991,1.6328604221343994,1,1A22_A_B
1A22_IB62A,1.6078645,1.371748924255371,1,1A22_A_B
1A22_WB63A,4.731656,1.0022540092468262,1,1A22_A_B
1A22_IB64A,1.9408929,0.7956857681274414,1,1A22_A_B
1A22_PB65A,3.305722,3.884931564331055,1,1A22_A_B
1A22_EB79A,-0.18216991,2.615190267562866,1,1A22_A_B
1A22_KB80A,0.081285074,2.6384973526000977,1,1A22_A_B
1A22_SB83A,0.2740822,0.8539891242980957,1,1A22_A_B
1A22_DB85A,0.9939248,2.7285633087158203,1,1A22_A_B
1A22_EB86A,0.9706884,4.557265281677246,1,1A22_A_B
1A22_DB119A,1.4865336,1.9765123128890991,1,1A22_A_B
1A22_IB120A,2.130757,4.860893726348877,1,1A22_A_B
1A22_QB121A,0.017173724,-0.3428421020507812,1,1A22_A_B
1A22_KB122A,-0.017686447,0.6193461418151855,1,1A22_A_B
1A22_WB124A,4.731656,3.3053674697875977,1,1A22_A_B
1A22_VB126A,-0.6170114,-0.3565487861633301,1,1A22_A_B
1A22_TB150A,-0.09423819,3.2582592964172363,1,1A22_A_B
1A22_QB171A,0.8910936,1.151207447052002,1,1A22_A_B
1A22_RB172A,0.2740822,3.308581113815308,1,1A22_A_B
1A22_NB173A,0.2956283,4.463735580444336,1,1A22_A_B
1A22_SB174A,0.033863615,-0.4932954311370849,1,1A22_A_B
1A22_EB10A,0.17908691,-1.447354793548584,1,1A22_A_B
1A22_NB31A,0.2740822,1.779060125350952,1,1A22_A_B
1A22_TB36A,0.20430143,2.161784172058105,1,1A22_A_B
1A22_FB55S,0.05009619,5.612219333648682,1,1A22_A_B
1A22_TB60A,1.7616124,-0.5963550806045532,1,1A22_A_B
1A22_TB149A,0.20430143,2.305396556854248,1,1A22_A_B
1A22_KB170A,0.7853957,3.457019329071045,1,1A22_A_B
1A22_RB11L,0.52157027,-0.0879392623901367,1,1A22_A_B
1A22_RB11M,1.0003997,0.9966030120849608,1,1A22_A_B
"1A22_NB31A,TB32A,QB33A,EB34A",-0.1365742,0.423323392868042,4,1A22_A_B
"1A22_NB31A,TB32A,QB33A,EB34A,WB35A,WB39A",0.16606545,1.9487812519073486,6,1A22_A_B
"1A22_SB57A,SB61A",-0.56959,0.950902819633484,2,1A22_A_B
"1A22_EB79A,KB80A",-0.34476057,2.626843810081482,2,1A22_A_B
"1A22_QB121A,KB122A,VB126A",-0.87222964,-0.026681582132975234,3,1A22_A_B
"1A22_RB172A,NB173A",0.9025979,3.8861583471298218,2,1A22_A_B
"1A22_QB171A,RB172A,NB173A",1.103567,2.974508047103882,3,1A22_A_B
"1A22_SB57A,SB61A,EB79A,KB80A",-0.89546597,1.788873314857483,4,1A22_A_B
"1A22_SB57A,SB61A,EB79A,KB80A,QB121A,KB122A,VB126A",-1.4000883,1.0107783590044295,7,1A22_A_B
1A22_FB55S,-0.13220184,5.612219333648682,1,1A22_A_B
"1A22_KB2A,KB5A",0.24021861,0.35441476106643677,2,1A22_A_B
"1A22_RB29A,RB30A,EB34A",0.9535147,1.8902013301849365,3,1A22_A_B
"1A22_DB78A,EB79A,KB80A",0.20982979,2.4096310138702393,3,1A22_A_B
"1A22_DB107A,RB111A,EB113A",0.31437176,1.5526738961537678,3,1A22_A_B
"1A22_RB116A,DB119A,KB122A",-0.062421046,0.9032380978266398,3,1A22_A_B
"1A22_EB138A,KB140A,KB142A,DB145A",0.12023271,0.845398634672165,4,1A22_A_B
"1A22_KB158A,DB160A,KB161A,EB162A,EB164A",1.1202381,2.617982053756714,5,1A22_A_B
1A22_RB7A,0.26912445,0.9796724319458008,1,1A22_A_B
1A22_EB10A,1.2319692,-1.447354793548584,1,1A22_A_B
1A22_RB11A,0.27845457,0.5958654880523682,1,1A22_A_B
1A22_EB12A,0.65087503,1.2184498310089111,1,1A22_A_B
1A22_RB29A,0.41801617,1.58685564994812,1,1A22_A_B
1A22_RB30A,0.59932494,4.147188663482666,1,1A22_A_B
1A22_EB34A,-0.079110935,-0.0634403228759765,1,1A22_A_B
1A22_EB38A,-0.079110935,-0.2927761077880859,1,1A22_A_B
1A22_KB40A,0.14393395,1.5341107845306396,1,1A22_A_B
1A22_EB41A,0.7830769,0.2961004972457886,1,1A22_A_B
1A22_EB50A,0.17779756,0.789050817489624,1,1A22_A_B
1A22_KB69A,0.04284652,2.1596477031707764,1,1A22_A_B
1A22_DB85A,0.9824205,2.7285633087158203,1,1A22_A_B
1A22_EB86A,0.41065642,4.557265281677246,1,1A22_A_B
1A22_DB91A,1.0857165,1.6173690557479858,1,1A22_A_B
1A22_EB128A,0.08280224,3.637370586395264,1,1A22_A_B
1A22_EB130A,-0.079110935,1.9708422422409055,1,1A22_A_B
1A22_KB134A,0.0,2.292999744415283,1,1A22_A_B
1A22_EB135A,0.19934364,0.2244447469711303,1,1A22_A_B
1A22_KB158A,0.24021861,1.3284904956817627,1,1A22_A_B
1A22_DB160A,-0.04618847,2.5264902114868164,1,1A22_A_B
1A22_KB161A,0.19934364,3.7013559341430655,1,1A22_A_B
1A22_EB162A,-0.079110935,2.028879165649414,1,1A22_A_B
1A22_EB164A,-0.062421046,3.5046944618225098,1,1A22_A_B
1A22_RB166A,0.056466706,5.346487998962402,1,1A22_A_B
1A22_RB168A,-0.19052285,4.201843738555908,1,1A22_A_B
1A22_KB170A,0.49986362,3.457019329071045,1,1A22_A_B
1A22_RB172A,0.33154547,3.308581113815308,1,1A22_A_B
1A22_EB179A,0.10801677,0.2388763427734375,1,1A22_A_B
1A22_WB35A,0.54285824,5.098409652709961,1,1A22_A_B
1A22_WB39A,0.16672337,4.900984287261963,1,1A22_A_B
1A22_WB63A,4.6353717,1.0022540092468262,1,1A22_A_B
1A22_WB63F,2.7848089,-0.1813783645629882,1,1A22_A_B
1A22_YB54A,0.19934364,3.927146434783936,1,1A22_A_B
1A22_PB9A,0.25964502,2.1166086196899414,1,1A22_A_B
1A22_SB15A,-0.014999585,0.9612326622009276,1,1A22_A_B
1A22_TB19A,0.0697808,3.0520176887512207,1,1A22_A_B
1A22_NB31A,-0.44104522,1.779060125350952,1,1A22_A_B
1A22_TB32A,-0.44104522,-0.2022066116333007,1,1A22_A_B
1A22_QB33A,-0.58109426,0.1798803806304931,1,1A22_A_B
1A22_TB36A,-0.2552182,2.161784172058105,1,1A22_A_B
1A22_QB37A,-0.41065642,0.7378394603729248,1,1A22_A_B
1A22_NB56A,-0.2552182,1.0066096782684326,1,1A22_A_B
1A22_SB57A,-0.3278542,0.2689452171325683,1,1A22_A_B
1A22_SB58A,-0.5069411,0.8862566947937012,1,1A22_A_B
1A22_FB59A,-0.014999585,1.877469062805176,1,1A22_A_B
1A22_TB60A,1.0857165,-0.5963550806045532,1,1A22_A_B
1A22_SB61A,0.46712312,1.6328604221343994,1,1A22_A_B
1A22_IB62A,0.43246692,1.371748924255371,1,1A22_A_B
1A22_IB64A,0.13220184,0.7956857681274414,1,1A22_A_B
1A22_PB65A,2.6268067,3.884931564331055,1,1A22_A_B
1A22_VB84A,1.1421832,3.4341773986816406,1,1A22_A_B
1A22_IB87A,0.588454,5.07636833190918,1,1A22_A_B
1A22_VB88A,-0.04618847,1.81667959690094,1,1A22_A_B
1A22_QB89A,-0.030388813,2.2693920135498047,1,1A22_A_B
"1A22_FA25A,YA42A,QA46A",0.19052285,-0.2849910259246826,3,1A22_A_B
1A22_FA25A,-0.43144634,-1.198164701461792,1,1A22_A_B
"1A22_YA42A,QA46A",0.2733251,0.17159581184387204,2,1A22_A_B
"1A22_FA25A,YA42A,QA46A",0.2058186,-0.2849910259246826,3,1A22_A_B
1A22_FA25A,-0.39270195,-1.198164701461792,1,1A22_A_B
"1A22_YA42A,QA46A",0.30627435,0.17159581184387204,2,1A22_A_B
1A22_RB11A,2.1780317,0.5958654880523682,1,1A22_A_B
1A22_EB12A,1.7777824,1.2184498310089111,1,1A22_A_B
1A22_NB31A,0.17779756,1.779060125350952,1,1A22_A_B
1A22_TB32A,0.07762796,-0.2022066116333007,1,1A22_A_B
1A22_QB33A,0.0,0.1798803806304931,1,1A22_A_B
1A22_EB34A,-0.12265188,-0.0634403228759765,1,1A22_A_B
1A22_WB35A,0.57737976,5.098409652709961,1,1A22_A_B
1A22_WB39A,0.0,4.900984287261963,1,1A22_A_B
1A22_SB57A,-0.12265188,0.2689452171325683,1,1A22_A_B
1A22_SB61A,-0.2224189,1.6328604221343994,1,1A22_A_B
1A22_IB62A,1.7777824,1.371748924255371,1,1A22_A_B
1A22_IB64A,1.978388,0.7956857681274414,1,1A22_A_B
1A22_CB67A,0.0,0.9988303184509276,1,1A22_A_B
1A22_EB79A,-0.2224189,2.615190267562866,1,1A22_A_B
1A22_KB80A,0.07762796,2.6384973526000977,1,1A22_A_B
1A22_CB81A,0.0,4.285366535186768,1,1A22_A_B
1A22_SB83A,0.17779756,0.8539891242980957,1,1A22_A_B
1A22_DB85A,0.9778893,2.7285633087158203,1,1A22_A_B
1A22_EB86A,0.9778893,4.557265281677246,1,1A22_A_B
1A22_DB119A,1.576076,1.9765123128890991,1,1A22_A_B
1A22_IB120A,2.1780317,4.860893726348877,1,1A22_A_B
1A22_QB121A,0.0,-0.3428421020507812,1,1A22_A_B
1A22_KB122A,0.0,0.6193461418151855,1,1A22_A_B
1A22_VB126A,-0.7232535,-0.3565487861633301,1,1A22_A_B
1A22_TB149A,0.17779756,2.305396556854248,1,1A22_A_B
1A22_TB150A,-0.12265188,3.2582592964172363,1,1A22_A_B
1A22_QB171A,0.87777954,1.151207447052002,1,1A22_A_B
1A22_RB172A,0.17779756,3.308581113815308,1,1A22_A_B
1A22_NB173A,0.27845457,4.463735580444336,1,1A22_A_B
1A22_PA2A,-0.054726757,1.2198383808135986,1,1A22_A_B
1A22_TA3A,-0.054726757,0.2993826866149902,1,1A22_A_B
1A22_IA4A,0.41065642,-0.7520313262939453,1,1A22_A_B
1A22_PA5A,0.43623385,2.799798488616944,1,1A22_A_B
1A22_LA6A,0.63914293,4.167357444763184,1,1A22_A_B
1A22_SA7A,0.3462961,-0.1906836032867431,1,1A22_A_B
1A22_RA8A,0.20430143,-1.0247695446014404,1,1A22_A_B
1A22_LA9A,-0.035917178,2.8153069019317627,1,1A22_A_B
1A22_FA10A,1.0497993,2.864837646484375,1,1A22_A_B
1A22_NA12A,0.096284665,-0.6649680137634277,1,1A22_A_B
1A22_MA14A,0.46870512,2.029608964920044,1,1A22_A_B
1A22_LA15A,0.15275137,-1.5034339427947998,1,1A22_A_B
1A22_RA16A,0.24021861,0.8934972286224365,1,1A22_A_B
1A22_HA18A,-0.20635499,-1.0041265487670898,1,1A22_A_B
1A22_RA19A,0.05009619,0.5041522979736328,1,1A22_A_B
1A22_FA54A,0.8793615,1.5469577312469482,1,1A22_A_B
1A22_SA55A,0.11091385,0.5111366510391235,1,1A22_A_B
1A22_EA56A,0.83848655,2.129725217819214,1,1A22_A_B
1A22_SA57A,0.20430143,0.4811863899230957,1,1A22_A_B
1A22_IA58A,1.6597995,5.448635578155518,1,1A22_A_B
1A22_PA59A,0.38392472,2.5291337966918945,1,1A22_A_B
1A22_SA62A,0.63914293,1.227466344833374,1,1A22_A_B
1A22_NA63A,0.7062847,5.312957286834717,1,1A22_A_B
1A22_RA64A,1.8012388,0.2562236785888672,1,1A22_A_B
1A22_EA65A,-0.31437176,0.4069365262985229,1,1A22_A_B
1A22_EA66A,0.43623385,0.9595978260040284,1,1A22_A_B
1A22_QA68A,0.9873783,0.252718448638916,1,1A22_A_B
1A22_QA69A,-0.054726757,-1.532556176185608,1,1A22_A_B
1A22_KA70A,0.52157027,2.092447280883789,1,1A22_A_B
1A22_SA71A,0.41065642,4.92620325088501,1,1A22_A_B
1A22_LA73A,-0.20635499,1.417497158050537,1,1A22_A_B
1A22_RA156A,-0.15893354,3.8090176582336426,1,1A22_A_B
1A22_KA157A,0.05009619,3.4258382320404053,1,1A22_A_B
1A22_DA160A,1.1578162,-0.0981450080871582,1,1A22_A_B
1A22_KA161A,1.543258,4.236824035644531,1,1A22_A_B
1A22_EA163A,-0.89546597,0.3055107593536377,1,1A22_A_B
1A22_TA164S,1.690717,2.378108024597168,1,1A22_A_B
1A22_FA165A,1.6382533,4.928292274475098,1,1A22_A_B
1A22_RA167N,1.2699329,2.3902463912963867,1,1A22_A_B
1A22_IA168A,0.5897433,4.055157661437988,1,1A22_A_B
1A22_VA169A,0.0,4.305202960968018,1,1A22_A_B
1A22_QA170A,0.2740822,-4.115129470825195,1,1A22_A_B
1A22_CA171A,1.0194105,0.3153572082519531,1,1A22_A_B
1A22_RA172A,0.43623385,3.801677227020264,1,1A22_A_B
1A22_SA173A,-0.054726757,0.909587025642395,1,1A22_A_B
1A22_VA174A,0.8793615,4.937318801879883,1,1A22_A_B
1A22_EA175A,-0.1365742,0.7151749134063721,1,1A22_A_B
1A22_GA176A,0.3462961,1.9273713827133176,1,1A22_A_B
1A22_SA177A,-0.20635499,0.6858856081962585,1,1A22_A_B
1A22_FA180A,0.1918283,-0.9194998741149902,1,1A22_A_B
1A22_IA58L,0.31641823,2.2959437370300293,1,1A22_A_B
1A22_RA64K,-0.31437176,-0.347739577293396,1,1A22_A_B
1A22_FA165Y,1.2699329,0.9327021241188048,1,1A22_A_B
1A22_RA167K,0.9535147,3.248299121856689,1,1A22_A_B
"1A22_NA12H,FA25L",0.83848655,0.30991077423095703,2,1A22_A_B
"1A22_DA11A,MA14V,HA18Q,RA19H,FA25A,QA29K,EA33R",0.7471597,0.3531744991030012,7,1A22_A_B
"1A22_NA12R,MA14V,LA15V,RA16L,RA19Y,FA25S,DA26E,QA29S,EA30Q,EA33K",1.3980347,-0.073195481300354,10,1A22_A_B
"1A22_NA12R,MA14V,LA15V,RA16L,RA19Y",1.6805893,0.06012306213378906,5,1A22_A_B
"1A22_QA22N,FA25S,DA26E,QA29S,EA30Q,EA33K",-0.09423819,0.029217839241027832,6,1A22_A_B
"1A22_QA46H,NA47D,PA48S,QA49E,LA52F",1.1820012,0.8321985721588134,5,1A22_A_B
"1A22_PA48A,TA50A,SA51A,LA52F",0.6024847,1.8702250719070435,4,1A22_A_B
"1A22_EA56D,RA64M",2.003314,0.807878851890564,2,1A22_A_B
"1A22_SA57T,TA60A,SA62T,NA63G,RA64K,EA65D,TA67A,KA70R,NA72D,LA73V",1.6805893,0.4864101052284241,10,1A22_A_B
"1A22_FA54H,SA55T,EA56S,IA58L,PA59A,SA62E,NA63D,RA64K,EA66Q,TA67A,KA70M,SA71N,NA72Q,LA73K,EA74D",2.4967728,1.2009429136912029,15,1A22_A_B
"1A22_EA88G,QA91Y,FA92H,RA94T,SA95E",0.1918283,0.7802196979522706,5,1A22_A_B
"1A22_FA97R,AA98G,NA99M,SA100Q,LA101D,VA102A,YA103P,GA104E",0.26300803,1.853880286216736,8,1A22_A_B
"1A22_NA109D,VA110D,DA112H",0.3462961,1.2937694390614827,3,1A22_A_B
"1A22_YA111V,LA113I,KA115E,DA116Q,EA118K,EA119R,QA122E,TA123G,GA126L,RA127I,EA129S",0.2517229,1.1727941252968528,11,1A22_A_B
"1A22_RA127D,LA128V,EA129H",0.31641823,3.0751755237579346,3,1A22_A_B
"1A22_RA156K,DA160H,IA168V,QA170K",1.9539144,0.4030457139015198,4,1A22_A_B
"1A22_KA157A,EA163A",-0.76976275,1.8656744956970215,2,1A22_A_B
"1A22_RA64A,DA160A",3.3227506,0.07903933525085445,2,1A22_A_B
"1A22_KA161A,FA165A",3.7808285,4.582558155059814,2,1A22_A_B
1A4Y_HB8A,0.9041151,-1.0348963737487793,1,1A4Y_A_B
1A4Y_QB12A,0.3002651,1.161578893661499,1,1A4Y_A_B
1A4Y_NB68A,0.117809586,3.5429165363311768,1,1A4Y_A_B
1A4Y_EB108A,-0.3227247,1.6049515008926392,1,1A4Y_A_B
1A4Y_YA434A,3.262015,0.5931329727172852,1,1A4Y_A_B
1A4Y_DA435A,3.4855437,0.6909492015838623,1,1A4Y_A_B
1A4Y_YA437A,0.8363124,1.2356325387954712,1,1A4Y_A_B
"1A4Y_QA430A,VA432A",0.072213866,1.210850715637207,2,1A4Y_A_B
"1A4Y_WA438A,SA439A,EA440A",1.7856985,1.5993517637252808,3,1A4Y_A_B
1A4Y_RA457A,-0.22398603,2.062591075897217,1,1A4Y_A_B
1A4Y_IA459A,0.67943245,2.035050392150879,1,1A4Y_A_B
1A4Y_HB84A,0.17043781,0.6357178688049316,1,1A4Y_A_B
1A4Y_WB89A,0.24021861,0.0600128173828125,1,1A4Y_A_B
1A4Y_WA261A,0.10065702,-0.4370260238647461,1,1A4Y_A_B
1A4Y_WA263A,1.171374,0.3250038623809814,1,1A4Y_A_B
1A4Y_EA287A,0.10065702,2.371876716613769,1,1A4Y_A_B
1A4Y_SA289A,0.042336006,0.6984176635742188,1,1A4Y_A_B
1A4Y_WA318A,1.5007453,1.6522700786590576,1,1A4Y_A_B
1A4Y_KA320A,-0.3099994,-1.1628952026367188,1,1A4Y_A_B
1A4Y_EA344A,0.1786097,1.999795913696289,1,1A4Y_A_B
1A4Y_WA375A,1.0353621,1.102247953414917,1,1A4Y_A_B
1A4Y_EA401A,0.88373387,1.2422653436660769,1,1A4Y_A_B
1A4Y_RB5A,2.309282,1.6776518821716309,1,1A4Y_A_B
1A4Y_RB32A,0.9102508,2.555671453475952,1,1A4Y_A_B
1A4Y_RB66A,0.20290907,-0.3761379718780517,1,1A4Y_A_B
1A4Y_RB70A,-0.23193243,2.047306537628174,1,1A4Y_A_B
1A4Y_RB31A,0.25052238,2.397181510925293,1,1A4Y_A_B
1A4Y_RB33A,0.32707414,2.818279266357422,1,1A4Y_A_B
1A4Y_KB40Q,4.2524276,2.5061182975769043,1,1A4Y_A_B
1A4Y_HB13A,-0.2966853,3.661278247833252,1,1A4Y_A_B
1A4Y_HB114A,0.65682936,2.247657060623169,1,1A4Y_A_B
1A4Y_YA434F,0.5578579,1.6888575553894043,1,1A4Y_A_B
1A4Y_YA437F,0.24526079,1.1479800939559937,1,1A4Y_A_B
"1A4Y_YA434A,DA435A",6.8208556,0.6420410871505738,2,1A4Y_A_B
"1A4Y_YA434A,YA437A",6.6453323,0.9143827557563782,2,1A4Y_A_B
"1A4Y_RB5A,YA434A",6.9797893,1.135392427444458,2,1A4Y_A_B
"1A4Y_RB5A,DA435A",6.773434,1.1843005418777466,2,1A4Y_A_B
"1A4Y_RB5A,YA434A,DA435A",10.107056,0.9872446854909261,3,1A4Y_A_B
"1A4Y_RB5A,YA434A,YA437A",8.531571,1.1688057978947957,3,1A4Y_A_B
1A4Y_KB40G,3.2368004,4.502676963806152,1,1A4Y_A_B
"1A4Y_KB40G,YA434F",6.665417,3.0957672595977783,2,1A4Y_A_B
"1A4Y_KB40G,DA435A",4.107513,2.5968130826950073,2,1A4Y_A_B
"1A4Y_KB40G,YA437A",6.4541044,2.869154751300812,2,1A4Y_A_B
"1A4Y_KB40G,YA434A,DA435A",6.213886,1.9289197127024333,3,1A4Y_A_B
"1A4Y_KB40G,YA434A,YA437A",9.123152,2.1104808251063027,3,1A4Y_A_B
1ACB_LI38G,6.1180687,4.789196014404297,1,1ACB_E_I
1ACB_LI38S,5.0208483,4.390589237213135,1,1ACB_E_I
1ACB_LI38P,6.9490676,5.246016502380371,1,1ACB_E_I
1ACB_LI38I,4.2901506,5.412566661834717,1,1ACB_E_I
1ACB_LI38D,6.866746,4.471425533294678,1,1ACB_E_I
1ACB_LI38E,6.646428,4.557821273803711,1,1ACB_E_I
"1AHW_TC110A,KC111A",0.63914293,1.1623356938362122,2,1AHW_AB_C
"1AHW_KC138A,DC139A",1.1820012,2.838471293449402,2,1AHW_AB_C
"1AHW_IC141Q,TC143I,YC145T",3.9774852,0.8776728709538778,3,1AHW_AB_C
1AHW_YC145A,3.8070474,4.813896656036377,1,1AHW_AB_C
1AHW_YC146A,-1.8898556,5.290078163146973,1,1AHW_AB_C
"1AHW_KC154A,KC155A",-1.3303075,1.995101511478424,2,1AHW_AB_C
1AHW_TC156A,-0.074153155,0.4439778327941894,1,1AHW_AB_C
"1AHW_KC158A,NC160A,NC162A",4.0748267,3.150235970815023,3,1AHW_AB_C
1AHW_TC159A,1.106266,2.8798086643218994,1,1AHW_AB_C
1AHW_LC165A,0.9873783,1.8328328132629397,1,1AHW_AB_C
1AHW_DC167A,-0.48480958,1.453284502029419,1,1AHW_AB_C
"1AHW_SC184A,RC185A",4.01836,4.461692810058594,2,1AHW_AB_C
1AHW_TC186A,1.3464847,1.7239556312561035,1,1AHW_AB_C
1AHW_VC187A,-0.31437176,-0.7947535514831543,1,1AHW_AB_C
1AHW_NC188A,1.0787052,2.794301748275757,1,1AHW_AB_C
"1AHW_RC189A,KC190A",4.01836,3.2416735887527466,2,1AHW_AB_C
1AK4_PD85A,1.0857165,3.7649290561676025,1,1AK4_A_D
1AK4_VD86A,0.99175066,0.6385815143585205,1,1AK4_A_D
1AK4_HD87A,1.0099814,-2.1091856956481934,1,1AK4_A_D
1AK4_HD87Q,0.9729411,-3.2935104370117188,1,1AK4_A_D
1AK4_HD87R,1.6457033,-3.0570168495178223,1,1AK4_A_D
1AK4_AD88V,0.76976275,5.031266212463379,1,1AK4_A_D
1AK4_AD88G,2.654847,2.9609882831573486,1,1AK4_A_D
1AK4_GD89A,2.0774672,5.561326503753662,1,1AK4_A_D
1AK4_GD89V,3.0309818,5.447647571563721,1,1AK4_A_D
1AK4_PD90A,2.1730108,0.6247058510780334,1,1AK4_A_D
1AK4_PD90V,3.0309818,4.025585651397705,1,1AK4_A_D
1AK4_ID91A,0.24021861,4.417128562927246,1,1AK4_A_D
1AK4_ID91V,0.0,-0.2172582149505615,1,1AK4_A_D
1AK4_AD92G,0.58109426,2.952876091003418,1,1AK4_A_D
1AK4_AD92V,0.35910636,0.7285037040710449,1,1AK4_A_D
1AK4_PD93A,0.6829073,3.957954168319702,1,1AK4_A_D
"1AK4_LD83T,VD86P,HD87A,AD88M,ID91L,AD92P,MD96I",0.7422019,0.19561166422707693,7,1AK4_A_D
1AO7_DD26A,0.9790004,4.050998687744141,1,1AO7_ABC_DE
1AO7_EA58A,-0.71984255,0.0238351821899414,1,1AO7_ABC_DE
"1AO7_DD26A,EA58A",0.7495961,2.037416934967041,2,1AO7_ABC_DE
1AO7_RD27A,0.54651165,0.9926295280456544,1,1AO7_ABC_DE
1AO7_RD27A,0.43441045,0.9926295280456544,1,1AO7_ABC_DE
1AO7_RA170A,-0.26356274,2.6678466796875,1,1AO7_ABC_DE
"1AO7_RD27A,RA170A",1.1865082,1.8302381038665767,2,1AO7_ABC_DE
1AO7_QD30L,1.8337009,1.2178150415420532,1,1AO7_ABC_DE
1AO7_LC1A,0.70101106,-1.2659320831298828,1,1AO7_ABC_DE
"1AO7_QD30L,LC1A",2.762697,-0.02405852079391475,2,1AO7_ABC_DE
1AO7_QD30L,1.5372131,1.2178150415420532,1,1AO7_ABC_DE
1AO7_LC1A,1.4165905,-1.2659320831298828,1,1AO7_ABC_DE
"1AO7_QD30L,LC1A",3.0241568,-0.02405852079391475,2,1AO7_ABC_DE
1AO7_QD30V,-0.16672337,3.65542221069336,1,1AO7_ABC_DE
1AO7_LC1A,0.6994991,-1.2659320831298828,1,1AO7_ABC_DE
"1AO7_QD30V,LC1A",0.7237116,1.1947450637817385,2,1AO7_ABC_DE
1AO7_QD30V,-0.01751217,3.65542221069336,1,1AO7_ABC_DE
1AO7_YA159A,3.2453353,3.8802428245544434,1,1AO7_ABC_DE
"1AO7_QD30V,YA159A",3.330276,3.7678325176239014,2,1AO7_ABC_DE
"1AO7_EA63Q,QD30V",-0.006822939,2.1181749403476715,2,1AO7_ABC_DE
"1AO7_EA63Q,KA66A",1.3316362,1.5139004290103912,2,1AO7_ABC_DE
"1AO7_EA63Q,QD30V,KA66A",1.855068,2.227741022904714,3,1AO7_ABC_DE
1AO7_SD31A,1.023031,0.2528421878814697,1,1AO7_ABC_DE
1AO7_YC5A,1.5328218,-0.7640805244445801,1,1AO7_ABC_DE
"1AO7_SD31A,YC5A",1.7094913,-0.2556191682815552,2,1AO7_ABC_DE
1AO7_SD31A,0.98274976,0.2528421878814697,1,1AO7_ABC_DE
1AO7_YC5F,-0.12532611,0.0458345413208007,1,1AO7_ABC_DE
"1AO7_SD31A,YC5F",-0.04054573,0.14933836460113525,2,1AO7_ABC_DE
1AO7_YD50A,0.49844626,-1.543797492980957,1,1AO7_ABC_DE
1AO7_QA155A,0.4116841,-2.622379302978516,1,1AO7_ABC_DE
"1AO7_YD50A,QA155A",0.27613577,-2.0830883979797363,2,1AO7_ABC_DE
1AO7_YD50A,0.48383236,-1.543797492980957,1,1AO7_ABC_DE
1AO7_QA155A,-0.10445237,-2.622379302978516,1,1AO7_ABC_DE
"1AO7_YD50A,QA155A",-0.1121168,-2.0830883979797363,2,1AO7_ABC_DE
1AO7_ND52A,0.3549194,-0.6323137283325195,1,1AO7_ABC_DE
1AO7_EA166A,3.8667204,-0.4350996017456054,1,1AO7_ABC_DE
"1AO7_ND52A,EA166A",3.1431563,-0.5337066650390625,2,1AO7_ABC_DE
1AO7_KD66A,1.2921896,0.6054983139038086,1,1AO7_ABC_DE
1AO7_TA163A,0.48929647,-0.1100161075592041,1,1AO7_ABC_DE
"1AO7_KD66A,TA163A",0.97810125,0.24774110317230225,2,1AO7_ABC_DE
1AO7_KD66A,1.1308818,0.6054983139038086,1,1AO7_ABC_DE
1AO7_EA166A,2.6047895,-0.4350996017456054,1,1AO7_ABC_DE
"1AO7_KD66A,EA166A",3.0337634,0.08519935607910155,2,1AO7_ABC_DE
1AO7_TD91A,0.9576147,0.7595791816711426,1,1AO7_ABC_DE
1AO7_YC5A,1.7602497,-0.7640805244445801,1,1AO7_ABC_DE
"1AO7_TD91A,YC5A",3.0309818,-0.00225067138671875,2,1AO7_ABC_DE
1AO7_TD92A,1.9466558,1.3942346572875977,1,1AO7_ABC_DE
1AO7_RA65A,3.229689,-0.8121253252029419,1,1AO7_ABC_DE
"1AO7_TD92A,RA65A",2.4234712,0.2910546660423279,2,1AO7_ABC_DE
1AO7_DD93N,2.4595213,3.3990769386291504,1,1AO7_ABC_DE
1AO7_RA65A,3.1078424,-0.8121253252029419,1,1AO7_ABC_DE
"1AO7_DD93N,RA65A",3.08435,1.2934758067131042,2,1AO7_ABC_DE
1AO7_SD94A,-0.4751896,-0.2897782325744629,1,1AO7_ABC_DE
1AO7_YC5A,1.6338642,-0.7640805244445801,1,1AO7_ABC_DE
"1AO7_SD94A,YC5A",1.8610119,-0.5269293785095215,2,1AO7_ABC_DE
1AO7_WD95A,2.2244706,0.0124940872192382,1,1AO7_ABC_DE
1AO7_AA69G,1.1818315,0.9369843006134032,1,1AO7_ABC_DE
"1AO7_WD95A,AA69G",2.9054587,0.4747391939163208,2,1AO7_ABC_DE
1AO7_EE28A,2.022149,0.5238970518112183,1,1AO7_ABC_DE
1AO7_YC8A,3.1675332,0.6552751064300537,1,1AO7_ABC_DE
"1AO7_EE28A,YC8A",3.4254382,0.589586079120636,2,1AO7_ABC_DE
1AO7_RE92A,0.45314956,1.742932915687561,1,1AO7_ABC_DE
1AO7_YC5A,1.634981,-0.7640805244445801,1,1AO7_ABC_DE
"1AO7_RE92A,YC5A",2.0190833,0.4894261956214905,2,1AO7_ABC_DE
1AO7_RE92A,0.20430143,1.742932915687561,1,1AO7_ABC_DE
1AO7_YC5A,1.2211077,-0.7640805244445801,1,1AO7_ABC_DE
"1AO7_RE92A,YC5A",1.046304,0.4894261956214905,2,1AO7_ABC_DE
1AO7_RE92A,0.48315758,1.742932915687561,1,1AO7_ABC_DE
1AO7_YC5A,1.5620104,-0.7640805244445801,1,1AO7_ABC_DE
"1AO7_RE92A,YC5A",1.7197614,0.4894261956214905,2,1AO7_ABC_DE
1AO7_RE92A,0.41935632,1.742932915687561,1,1AO7_ABC_DE
1AO7_YC5F,0.16956076,0.0458345413208007,1,1AO7_ABC_DE
"1AO7_RE92A,YC5F",0.60598004,0.8943837285041809,2,1AO7_ABC_DE
1AO7_PE100A,1.1492965,1.9302637577056885,1,1AO7_ABC_DE
1AO7_YC5A,1.7461805,-0.7640805244445801,1,1AO7_ABC_DE
"1AO7_PE100A,YC5A",2.406046,0.5830916166305542,2,1AO7_ABC_DE
1AO7_PE100A,1.1249167,1.9302637577056885,1,1AO7_ABC_DE
1AO7_YC5A,1.3831615,-0.7640805244445801,1,1AO7_ABC_DE
"1AO7_PE100A,YC5A",1.9248974,0.5830916166305542,2,1AO7_ABC_DE
1AO7_PE100A,1.19775,1.9302637577056885,1,1AO7_ABC_DE
1AO7_YC5A,1.6319506,-0.7640805244445801,1,1AO7_ABC_DE
"1AO7_PE100A,YC5A",2.4474645,0.5830916166305542,2,1AO7_ABC_DE
1AO7_PE100A,1.1590191,1.9302637577056885,1,1AO7_ABC_DE
1AO7_QA155A,0.42088902,-2.622379302978516,1,1AO7_ABC_DE
"1AO7_PE100A,QA155A",0.93036085,-0.3460577726364136,2,1AO7_ABC_DE
1AO7_DD93A,0.77962637,3.814541339874268,1,1AO7_ABC_DE
1AO7_QA72A,0.3566617,-0.5550508499145508,1,1AO7_ABC_DE
"1AO7_DD93A,QA72A",1.060843,1.6297452449798584,2,1AO7_ABC_DE
1AO7_RE99A,0.064695336,1.2572457790374756,1,1AO7_ABC_DE
1AO7_YC5A,1.7450925,-0.7640805244445801,1,1AO7_ABC_DE
"1AO7_RE99A,YC5A",1.8859434,0.24658262729644775,2,1AO7_ABC_DE
1AO7_AE96M,-0.3088434,1.7299144268035889,1,1AO7_ABC_DE
1AO7_GE97S,-0.34087563,2.5722498893737797,1,1AO7_ABC_DE
"1AO7_GE97S,GE98A,RE99E",-3.4541113,0.35219303766886395,3,1AO7_ABC_DE
"1AO7_AE96M,GE97S,GE98A,RE99E",-3.9038448,0.6966233849525452,4,1AO7_ABC_DE
"1AO7_AE96M,GE97S,GE98A",-3.549655,1.013221025466919,3,1AO7_ABC_DE
"1AO7_AE96M,GE97S,GE98A,RE99Q",-3.9603114,0.8039610385894775,4,1AO7_ABC_DE
1AO7_YC5F,0.17043781,0.0458345413208007,1,1AO7_ABC_DE
1AO7_AA150P,1.0039666,4.875201225280762,1,1AO7_ABC_DE
1AO7_YC5F,0.13273294,0.0458345413208007,1,1AO7_ABC_DE
1AO7_YC5A,1.5963655,-0.7640805244445801,1,1AO7_ABC_DE
1AO7_YC5W,0.88902366,1.1262214183807373,1,1AO7_ABC_DE
1AO7_SD31A,0.5326757,0.2528421878814697,1,1AO7_ABC_DE
"1AO7_EA63Q,KA66A",0.9291082,1.5139004290103912,2,1AO7_ABC_DE
1AO7_KA66A,2.9348536,2.446873188018799,1,1AO7_ABC_DE
1AO7_VC7R,1.2254227,4.637094497680664,1,1AO7_ABC_DE
1AO7_RA65A,2.6809208,-0.8121253252029419,1,1AO7_ABC_DE
1AO7_KA66A,1.7908841,2.446873188018799,1,1AO7_ABC_DE
1AO7_AA69G,1.3958606,0.9369843006134032,1,1AO7_ABC_DE
1AO7_TA163A,0.72617596,-0.1100161075592041,1,1AO7_ABC_DE
1AO7_EA166A,0.8771874,-0.4350996017456054,1,1AO7_ABC_DE
1AO7_WA167A,1.2002082,0.0294492244720459,1,1AO7_ABC_DE
1AO7_QA43A,0.02890583,2.299161911010742,1,1AO7_ABC_DE
1AO7_EA55A,0.8556438,-0.0921080112457275,1,1AO7_ABC_DE
1AO7_EA58A,-0.2552182,0.0238351821899414,1,1AO7_ABC_DE
1AO7_DA61A,0.3795585,0.1204450130462646,1,1AO7_ABC_DE
1AO7_EA63A,0.15853737,2.2023186683654785,1,1AO7_ABC_DE
1AO7_TA64A,-0.07604123,5.498712539672852,1,1AO7_ABC_DE
1AO7_RA65A,3.155595,-0.8121253252029419,1,1AO7_ABC_DE
1AO7_KA66A,3.155595,2.446873188018799,1,1AO7_ABC_DE
1AO7_VA67A,-0.5582032,1.6656882762908936,1,1AO7_ABC_DE
1AO7_KA68A,0.19354472,0.9647278785705566,1,1AO7_ABC_DE
1AO7_AA69G,1.5227085,0.9369843006134032,1,1AO7_ABC_DE
1AO7_HA70A,3.155595,1.2772979736328125,1,1AO7_ABC_DE
1AO7_QA72A,0.01725066,-0.5550508499145508,1,1AO7_ABC_DE
1AO7_TA73A,0.76669466,1.0371761322021484,1,1AO7_ABC_DE
1AO7_HA74A,1.6043897,-0.1591026782989502,1,1AO7_ABC_DE
1AO7_RA75A,0.53472376,-0.8589189052581787,1,1AO7_ABC_DE
1AO7_VA76A,0.59687173,-1.0429518222808838,1,1AO7_ABC_DE
1AO7_TA80A,0.07573514,1.1283421516418457,1,1AO7_ABC_DE
1AO7_KA146A,0.46220648,1.2763845920562744,1,1AO7_ABC_DE
1AO7_AA149G,-0.15449645,2.4390573501586914,1,1AO7_ABC_DE
1AO7_AA150G,0.061949592,3.277451515197754,1,1AO7_ABC_DE
1AO7_HA151A,-0.30263966,1.2986235618591309,1,1AO7_ABC_DE
1AO7_VA152A,-0.19424897,0.1289763450622558,1,1AO7_ABC_DE
1AO7_EA154A,0.36154947,0.6148616075515747,1,1AO7_ABC_DE
1AO7_QA155A,0.1983811,-2.622379302978516,1,1AO7_ABC_DE
1AO7_AA158G,0.31199083,4.660693168640137,1,1AO7_ABC_DE
1AO7_TA163A,0.5292381,-0.1100161075592041,1,1AO7_ABC_DE
1AO7_EA166A,1.4516383,-0.4350996017456054,1,1AO7_ABC_DE
1AO7_WA167A,1.4261206,0.0294492244720459,1,1AO7_ABC_DE
1AO7_RA170A,0.110256664,2.6678466796875,1,1AO7_ABC_DE
1AO7_DD26M,0.21131277,4.720659255981445,1,1AO7_ABC_DE
1AO7_DD26V,1.3641711,4.629087448120117,1,1AO7_ABC_DE
1AO7_DD26W,-1.0804503,4.486138343811035,1,1AO7_ABC_DE
1AO7_RD27F,-0.19934364,2.6800179481506348,1,1AO7_ABC_DE
1AO7_GD28A,0.54285824,0.3181068897247314,1,1AO7_ABC_DE
1AO7_GD28I,-0.27958414,1.7455525398254397,1,1AO7_ABC_DE
1AO7_GD28L,-0.46684107,0.8497591018676758,1,1AO7_ABC_DE
1AO7_GD28M,-0.5186732,0.8479504585266113,1,1AO7_ABC_DE
1AO7_GD28R,2.3176858,-0.8990898132324219,1,1AO7_ABC_DE
1AO7_GD28T,-0.75923043,0.1105093955993652,1,1AO7_ABC_DE
1AO7_GD28V,0.54285824,2.354411125183105,1,1AO7_ABC_DE
1AO7_SD29A,0.30263966,-1.7734956741333008,1,1AO7_ABC_DE
1AO7_QD30N,0.71329606,2.8581137657165527,1,1AO7_ABC_DE
1AO7_QD30E,0.41065642,0.194265604019165,1,1AO7_ABC_DE
1AO7_SD51M,-0.37773395,1.7270820140838623,1,1AO7_ABC_DE
1AO7_KD66H,0.9535147,0.3550915718078613,1,1AO7_ABC_DE
1AO7_SD94A,0.0,-0.2897782325744629,1,1AO7_ABC_DE
1AO7_SD94N,1.9070294,-0.6878563165664673,1,1AO7_ABC_DE
1AO7_SD94T,-0.49348688,-0.1585829257965088,1,1AO7_ABC_DE
1AO7_SD94Y,2.3176858,1.3004257678985596,1,1AO7_ABC_DE
1AO7_IE52R,1.3641711,0.9864754676818848,1,1AO7_ABC_DE
1AO7_AE96M,-0.3121191,1.7299144268035889,1,1AO7_ABC_DE
1AO7_AE96K,0.061574083,0.1758646965026855,1,1AO7_ABC_DE
1AO7_GE97S,-0.3121191,2.5722498893737797,1,1AO7_ABC_DE
1AO7_GE98A,-1.09103,-1.262501239776611,1,1AO7_ABC_DE
1AO7_RE99Q,0.41065642,0.1761810779571533,1,1AO7_ABC_DE
"1AO7_DD26W,RD27F,SD51M,SD94T",-2.7171636,2.183663845062256,4,1AO7_ABC_DE
"1AO7_DD26W,RD27F,GD28T,SD51M,SD94T",-1.2850602,1.7690329551696777,5,1AO7_ABC_DE
"1AO7_DD26W,RD27F,SD51M,SD94T,VC7R",-1.3930769,2.6743499755859377,5,1AO7_ABC_DE
"1AO7_GD28I,SD94A",-0.38309553,0.7278871536254883,2,1AO7_ABC_DE
"1AO7_GD28I,SD94T",-0.89961827,0.7934848070144654,2,1AO7_ABC_DE
"1AO7_GD28L,SD94A",-0.5086029,0.27999043464660645,2,1AO7_ABC_DE
"1AO7_GD28L,SD94T",-1.028609,0.3455880880355835,2,1AO7_ABC_DE
"1AO7_GD28M,SD94A",-0.80462295,0.2790861129760742,2,1AO7_ABC_DE
"1AO7_GD28M,SD94T",-1.7472667,0.34468376636505127,2,1AO7_ABC_DE
"1AO7_GD28M,SD51M,SD94T",-2.1264582,0.8054831822713217,3,1AO7_ABC_DE
"1AO7_GD28T,SD51M,SD94T",-1.6043897,0.5596694946289062,3,1AO7_ABC_DE
"1AO7_RD27F,GD28M,SD51M,SD94T",-1.8037333,1.27411687374115,4,1AO7_ABC_DE
"1AO7_RD27F,GD28T,SD51M,SD94T",-1.6043897,1.0897566080093384,4,1AO7_ABC_DE
"1AO7_DD26W,GD28M,SD51M,SD94T",-1.0787052,1.72564697265625,4,1AO7_ABC_DE
"1AO7_DD26W,GD28T,SD51M,SD94T",-1.2376387,1.5412867069244385,4,1AO7_ABC_DE
"1AO7_GE98A,RE99Q",-1.5635147,-0.543160080909729,2,1AO7_ABC_DE
"1AO7_AE96M,GE97S",-1.0448415,2.151082158088684,2,1AO7_ABC_DE
"1AO7_AE96M,GE97S,GE98A",-3.5440392,1.013221025466919,3,1AO7_ABC_DE
"1AO7_AE96M,GE97S,GE98A,RE99Q",-3.9220755,0.8039610385894775,4,1AO7_ABC_DE
"1AO7_GD28T,AE96M,GE97S,GE98A",-3.8617742,0.7875431180000305,4,1AO7_ABC_DE
"1AO7_GD28T,AE96M,GE97S,GE98A,RE99Q",-3.965981,0.6652707099914551,5,1AO7_ABC_DE
"1AO7_DD26W,AE96M,GE97S,GE98A,RE99Q",-4.038617,1.540396499633789,5,1AO7_ABC_DE
"1AO7_DD26W,RD27F,SD51M,AE96M,GE97S,GE98A,RE99Q",-3.7107627,1.7298689229147775,7,1AO7_ABC_DE
"1AO7_DD26W,RD27F,SD51M,SD94T,AE96M,GE97S,GE98A,RE99Q",-3.4511178,1.4938124418258667,8,1AO7_ABC_DE
1AO7_RD27P,0.30800125,-1.3154592514038086,1,1AO7_ABC_DE
1AO7_KD97P,-0.26777947,0.7059130668640137,1,1AO7_ABC_DE
1AO7_AE50P,-0.3255171,-1.3155899047851562,1,1AO7_ABC_DE
1AO7_GE98P,0.44973335,4.062618255615234,1,1AO7_ABC_DE
1AO7_RE99P,-1.9416856,2.0506842136383057,1,1AO7_ABC_DE
"1AO7_KD97P,AE50P,RE99P",-1.6319506,0.480335791905721,3,1AO7_ABC_DE
"1AO7_KD97P,RE99P",-1.2212942,1.37829864025116,2,1AO7_ABC_DE
"1AO7_DD26W,RD27F,GD28T,SD51M,SD94T",-2.7447245,1.7690329551696777,5,1AO7_ABC_DE
"1AO7_DD26W,RD27F,GD28T,SD51M,SD94T,RE99P",-3.3738556,1.8159748315811157,6,1AO7_ABC_DE
"1AO7_DD26W,RD27F,GD28T,SD51M,SD94T,KD97P,AE50P,RE99P",-4.6220574,1.285771518945694,8,1AO7_ABC_DE
1B2S_AA27K,-3.8662953,,1,1B2S_A_D
1B2S_AD43T,-0.34297577,,1,1B2S_A_D
"1B2S_AA27K,AD43T",-5.723925,,2,1B2S_A_D
1B2U_AA27K,-5.046028,0.2118086814880371,1,1B2U_A_D
1B2U_AD36D,-4.1682487,-0.8948079347610474,1,1B2U_A_D
"1B2U_AA27K,AD36D",-9.549198,-0.3414996266365051,2,1B2U_A_D
1B3S_AA102H,-5.6819034,-1.0992209911346436,1,1B3S_A_D
1B3S_FD30Y,0.59609383,-0.4324226379394531,1,1B3S_A_D
"1B3S_AA102H,FD30Y",-5.5497017,-0.7658218145370485,2,1B3S_A_D
1B41_TB8V,1.1364256,-0.6758074760437012,1,1B41_A_B
1B41_TB9I,0.02468907,2.72792387008667,1,1B41_A_B
1B41_TB9N,3.6109722,3.284042358398437,1,1B41_A_B
"1B41_TB8V,TB9I",0.3946864,1.0260581970214844,2,1B41_A_B
"1B41_TB8V,TB9N",2.4277997,1.3041174411773682,2,1B41_A_B
1B41_RB11K,0.6251122,-0.3111119270324707,1,1B41_A_B
1B41_AB12S,0.7069596,3.1429085731506348,1,1B41_A_B
1B41_RB27F,2.108171,4.483396530151367,1,1B41_A_B
1B41_RB27M,1.4836316,0.901785373687744,1,1B41_A_B
1B41_RB27Y,2.396639,4.088190078735352,1,1B41_A_B
1B41_HB29K,-0.88795066,-0.2983028888702392,1,1B41_A_B
1B41_HB29R,-0.4093972,-0.4599380493164062,1,1B41_A_B
1B41_KB32R,0.3914401,-1.1368188858032229,1,1B41_A_B
1B41_MB33F,0.7788601,-1.316232442855835,1,1B41_A_B
1B41_MB33L,1.8114858,-0.1746480464935302,1,1B41_A_B
1B41_MB33Q,1.5959259,1.6831200122833252,1,1B41_A_B
1B41_MB33Y,0.7069596,-0.4314968585968017,1,1B41_A_B
1B41_VB34T,1.2143784,2.583151340484619,1,1B41_A_B
1B41_LB35W,1.3045447,5.293187618255615,1,1B41_A_B
1B41_NB47F,-0.1417321,0.7384064197540283,1,1B41_A_B
1B41_NB47W,0.036658205,2.0053110122680664,1,1B41_A_B
1B41_NB47R,-0.030388813,-0.2233703136444091,1,1B41_A_B
1BD2_EE28A,2.8351388,0.7088758945465088,1,1BD2_ABC_DE
1BD2_YC8A,2.7603745,-1.2116670608520508,1,1BD2_ABC_DE
"1BD2_EE28A,YC8A",3.9666772,-0.251395583152771,2,1BD2_ABC_DE
1BD2_ED93A,1.3156908,-0.3404476642608642,1,1BD2_ABC_DE
1BD2_RA65A,2.499233,1.1718848943710327,1,1BD2_ABC_DE
"1BD2_ED93A,RA65A",3.1152542,0.41571861505508423,2,1BD2_ABC_DE
1BD2_DD30N,1.9193299,2.49502944946289,1,1BD2_ABC_DE
1BD2_YC5A,3.407531,1.772603154182434,1,1BD2_ABC_DE
"1BD2_DD30N,YC5A",1.4770018,2.1338163018226624,2,1BD2_ABC_DE
1BD2_DD30N,1.9555098,2.49502944946289,1,1BD2_ABC_DE
1BD2_YC5F,0.7336107,-1.080091953277588,1,1BD2_ABC_DE
"1BD2_DD30N,YC5F",2.4997206,0.7074687480926514,2,1BD2_ABC_DE
1BD2_YE99A,0.21707301,2.0586366653442383,1,1BD2_ABC_DE
1BD2_YC5F,0.55632365,-1.080091953277588,1,1BD2_ABC_DE
"1BD2_YE99A,YC5F",0.89486486,0.4892723560333252,2,1BD2_ABC_DE
1BD2_YE99A,0.23576406,2.0586366653442383,1,1BD2_ABC_DE
1BD2_YC5A,3.2765021,1.772603154182434,1,1BD2_ABC_DE
"1BD2_YE99A,YC5A",2.6869917,1.915619909763336,2,1BD2_ABC_DE
1BD2_YC5F,0.9302432,-1.080091953277588,1,1BD2_ABC_DE
1BD2_YC5W,1.9285754,1.8042727708816528,1,1BD2_ABC_DE
1BD2_YE99A,0.47109932,2.0586366653442383,1,1BD2_ABC_DE
"1BD2_EA63Q,KA66A",1.9614979,1.6964327096939087,2,1BD2_ABC_DE
1BJ1_YH27A,2.2435327,2.857238292694092,1,1BJ1_HL_VW
1BJ1_YH54A,1.328254,0.4413685798645019,1,1BJ1_HL_VW
1BJ1_TH59A,0.8510479,1.2768497467041016,1,1BJ1_HL_VW
1BJ1_YH99A,4.4407487,-0.656536340713501,1,1BJ1_HL_VW
1BJ1_HH107A,0.7900062,0.8777635097503662,1,1BJ1_HL_VW
"1BJ1_ML4L,TH28D,NH31H,HH101Y,SH105T",-1.7956175,-1.2006898880004884,5,1BJ1_HL_VW
"1BJ1_ML4L,TH28D,NH31H,HH101Y,SH105T",-1.4631426,-1.2006898880004884,5,1BJ1_HL_VW
"1BJ1_HH101Y,YH103R,SH105T",-1.1736482,-0.5822370847066244,3,1BJ1_HL_VW
"1BJ1_HH101Y,SH105T",-1.344086,-0.8439055681228638,2,1BJ1_HL_VW
"1BJ1_HH101Y,YH103I,GH104A,SH105K",-0.43144634,0.5333279371261597,4,1BJ1_HL_VW
"1BJ1_HH101Y,YH103W,SH105T",-1.0414464,-0.15900786717732748,3,1BJ1_HL_VW
"1BJ1_HH101Y,YH103R,GH104N,SH105T",-0.76299185,-0.019209176301956173,4,1BJ1_HL_VW
1BJ1_YH54W,-0.13733132,1.0110359191894531,1,1BJ1_HL_VW
"1BJ1_TH28D,NH31H",-0.693211,-0.4771450757980346,2,1BJ1_HL_VW
"1BJ1_LH72V,TH74V",0.67096007,1.7513370513916016,2,1BJ1_HL_VW
"1BJ1_LH72I,TH74K",0.07655175,1.4313536882400513,2,1BJ1_HL_VW
"1BJ1_TH28D,NH31H,YH54W,HH101Y,SH105T",-1.2040371,-0.32621307373046876,5,1BJ1_HL_VW
"1BJ1_TH28D,NH31H,HH101Y,SH105T",-1.7547425,-0.6605253219604492,4,1BJ1_HL_VW
1BJ1_TH28D,-0.22013357,-1.9790363311767576,1,1BJ1_HL_VW
1BJ1_NH31H,-0.76299185,1.0247461795806885,1,1BJ1_HL_VW
1BJ1_HH101Y,-1.5843047,-1.8959029912948608,1,1BJ1_HL_VW
1BJ1_SH105T,-0.3905714,0.2080918550491333,1,1BJ1_HL_VW
"1BJ1_HH101Y,YH103R,GH104D,SH105N",-0.9958507,0.2381857931613922,4,1BJ1_HL_VW
"1BP3_DA11A,MA14V,HA18Q,RA19H,FA25A,QA29K,EA33R",3.6053052,0.14754009246826172,7,1BP3_A_B
"1BP3_PA48A,TA50A,SA51A,LA52F",0.24617295,0.6185217499732971,4,1BP3_A_B
"1BP3_SA57T,TA60A,SA62T,NA63G,RA64K,EA65D,TA67A,KA70R,NA72D,LA73V",2.2994552,0.30721315145492556,10,1BP3_A_B
"1BP3_QA46H,NA47D,PA48S,QA49E,LA52F",0.24617295,0.1275879144668579,5,1BP3_A_B
"1BP3_EA56D,RA64M",0.4455166,0.4939684867858886,2,1BP3_A_B
"1BP3_NA12R,MA14V,LA15V,RA16L,RA19Y",0.38309553,0.00488343238830566,5,1BP3_A_B
"1BP3_QA22N,FA25S,DA26E,QA29S,EA30Q,EA33K",1.610344,0.37351346015930176,6,1BP3_A_B
"1BP3_FA54H,SA55T,EA56S,IA58L,PA59A,SA62E,NA63D,RA64K,EA66Q,TA67A,KA70M,SA71N,NA72Q,LA73K,EA74D",0.35418972,0.86273566087087,15,1BP3_A_B
"1BP3_EA88G,QA91Y,FA92H,RA94T,SA95E",0.20951474,0.5723213434219361,5,1BP3_A_B
"1BP3_FA97R,AA98G,NA99M,SA100Q,LA101D,VA102A,YA103P,GA104E",0.38309553,1.9932061433792114,8,1BP3_A_B
"1BP3_YA111V,LA113I,KA115E,DA116Q,EA118K,EA119R,RA120L,QA122E,TA123G,GA126L,RA127I,EA129S",-0.39296997,0.32113225261370343,12,1BP3_A_B
1BP3_FA10A,0.0,4.417096138000488,1,1BP3_A_B
1BP3_NA12A,-0.2966853,0.3210616111755371,1,1BP3_A_B
1BP3_LA15A,0.0,-0.7389230728149414,1,1BP3_A_B
1BP3_RA16A,0.0,0.5265491008758545,1,1BP3_A_B
1BP3_HA18A,2.912094,-0.2791626453399658,1,1BP3_A_B
1BP3_RA19A,0.0,0.6559453010559082,1,1BP3_A_B
1BP3_HA21A,2.6718755,-0.379802942276001,1,1BP3_A_B
1BP3_FA25A,1.150288,-1.228891372680664,1,1BP3_A_B
1BP3_DA26E,0.38309553,-0.3250062465667724,1,1BP3_A_B
1BP3_FA54A,0.20951474,1.6276129484176636,1,1BP3_A_B
1BP3_SA55A,0.24617295,-0.2220947742462158,1,1BP3_A_B
1BP3_EA56A,-0.11888775,2.058234691619873,1,1BP3_A_B
1BP3_SA57A,0.03486017,-0.0049214363098144,1,1BP3_A_B
1BP3_IA58A,1.7291241,2.935150623321533,1,1BP3_A_B
1BP3_PA59A,0.15681763,2.181288719177246,1,1BP3_A_B
1BP3_SA62A,1.4157212,1.293325424194336,1,1BP3_A_B
1BP3_NA63A,0.85617304,2.683146953582764,1,1BP3_A_B
1BP3_RA64A,0.35418972,0.4011030197143554,1,1BP3_A_B
1BP3_EA65A,0.54643804,0.671489953994751,1,1BP3_A_B
1BP3_EA66A,0.06778264,1.038400411605835,1,1BP3_A_B
1BP3_QA68A,0.11397111,0.314328670501709,1,1BP3_A_B
1BP3_QA69A,-0.21388307,-1.3873435258865356,1,1BP3_A_B
1BP3_KA70A,0.24617295,0.3334612846374511,1,1BP3_A_B
1BP3_SA71A,0.61383474,3.820945501327514,1,1BP3_A_B
1BP3_LA73A,0.35418972,1.0036635398864746,1,1BP3_A_B
1BP3_YA156A,0.20951474,-0.9992401599884032,1,1BP3_A_B
1BP3_YA160A,0.4455166,0.2421221733093261,1,1BP3_A_B
1BP3_RA163A,3.9280298,2.803793907165528,1,1BP3_A_B
1BP3_KA164A,1.7281536,2.7176437377929688,1,1BP3_A_B
1BP3_DA167A,0.06778264,0.208064317703247,1,1BP3_A_B
1BP3_KA168A,3.1905487,2.7927029132843018,1,1BP3_A_B
1BP3_EA170A,3.4931884,1.1800241470336914,1,1BP3_A_B
1BP3_TA171S,0.4942387,0.1032183170318603,1,1BP3_A_B
1BP3_FA172A,1.9106091,3.074272394180298,1,1BP3_A_B
1BP3_RA174A,1.150288,2.219306468963623,1,1BP3_A_B
1BP3_IA175A,0.35418972,4.881051063537598,1,1BP3_A_B
1BP3_IA175M,-0.16448347,4.038742065429688,1,1BP3_A_B
1BP3_VA176A,-0.2966853,4.594210624694824,1,1BP3_A_B
1BP3_QA177A,0.0,-1.570502758026123,1,1BP3_A_B
1BP3_RA179A,0.56747407,3.1399242877960205,1,1BP3_A_B
1BP3_SA180A,-0.11888775,0.1989972591400146,1,1BP3_A_B
1BP3_VA181A,0.28069448,1.8920390605926516,1,1BP3_A_B
1BP3_EA182A,0.0,0.2797720432281494,1,1BP3_A_B
1BP3_GA183A,0.0,3.135310173034668,1,1BP3_A_B
1BP3_SA184A,-0.2966853,0.2891013622283935,1,1BP3_A_B
1BP3_HA18A,0.1866704,-0.2791626453399658,1,1BP3_A_B
1BP3_HA21A,-0.17779756,-0.379802942276001,1,1BP3_A_B
1BP3_IA58A,1.7856985,2.935150623321533,1,1BP3_A_B
1BP3_RA163A,2.1218426,2.803793907165528,1,1BP3_A_B
1BP3_KA168A,2.0223155,2.7927029132843018,1,1BP3_A_B
1BP3_EA170A,0.17043781,1.1800241470336914,1,1BP3_A_B
1BP3_FA172A,1.9452653,3.074272394180298,1,1BP3_A_B
"1BP3_KA164A,EA170A",5.4079623,1.94883394241333,2,1BP3_A_B
"1BP3_RA64A,DA167A",0.3786242,0.30458366870880127,2,1BP3_A_B
"1BP3_KA168A,FA172A",5.3548713,2.9334876537323,2,1BP3_A_B
1BRS_KA25A,5.3809495,-0.3411159515380859,1,1BRS_A_D
1BRS_RA57A,5.245372,1.7139232158660889,1,1BRS_A_D
1BRS_RA81Q,5.4200263,0.941927433013916,1,1BRS_A_D
1BRS_RA85A,5.564701,2.765420436859131,1,1BRS_A_D
1BRS_HA100A,6.1457953,0.8269820213317871,1,1BRS_A_D
1BRS_YD29F,-0.13220184,0.5330806970596313,1,1BRS_A_D
1BRS_YD29A,3.470544,3.2724626064300537,1,1BRS_A_D
1BRS_DD35A,4.5031695,4.785956382751465,1,1BRS_A_D
1BRS_WD38F,1.6426257,0.6445999145507812,1,1BRS_A_D
1BRS_DD39A,7.650989,3.3037211894989014,1,1BRS_A_D
1BRS_TD42A,1.8576298,3.731011390686035,1,1BRS_A_D
1BRS_WD44F,0.056466706,1.1747889518737793,1,1BRS_A_D
1BRS_ED74A,1.3641711,2.137683629989624,1,1BRS_A_D
1BRS_ED78A,0.54285824,-1.2755056619644165,1,1BRS_A_D
"1BRS_KA25A,YD29A",8.624589,1.465673327445984,2,1BRS_A_D
"1BRS_KA25A,DD35A",9.549198,2.2224202156066895,2,1BRS_A_D
"1BRS_KA25A,WD38F",5.1131697,0.15174198150634766,2,1BRS_A_D
"1BRS_KA25A,DD39A",8.278044,1.4813026189804077,2,1BRS_A_D
"1BRS_KA25A,TD42A",5.723925,1.6949477195739746,2,1BRS_A_D
"1BRS_KA25A,ED74A",6.6960135,0.898283839225769,2,1BRS_A_D
"1BRS_KA25A,ED78A",5.513151,-0.8083108067512512,2,1BRS_A_D
"1BRS_RA57A,YD29A",8.122605,2.4931929111480713,2,1BRS_A_D
"1BRS_RA57A,DD35A",6.334464,3.249939799308777,2,1BRS_A_D
"1BRS_RA57A,WD38F",6.2779975,1.179261565208435,2,1BRS_A_D
"1BRS_RA57A,TD42A",6.8208556,2.722467303276062,2,1BRS_A_D
"1BRS_RA57A,ED74A",4.970293,1.9258034229278564,2,1BRS_A_D
"1BRS_RA57A,ED78A",5.201466,0.21920877695083615,2,1BRS_A_D
"1BRS_RA81Q,YD29A",8.293043,2.107195019721985,2,1BRS_A_D
"1BRS_RA81Q,DD35A",9.605664,2.8639419078826904,2,1BRS_A_D
"1BRS_RA81Q,WD38F",6.7584343,0.7932636737823486,2,1BRS_A_D
"1BRS_RA81Q,DD39A",6.439105,2.1228243112564087,2,1BRS_A_D
"1BRS_RA81Q,TD42A",6.1075597,2.3364694118499756,2,1BRS_A_D
"1BRS_RA81Q,ED74A",6.7210755,1.53980553150177,2,1BRS_A_D
"1BRS_RA81Q,ED78A",5.764045,-0.16678911447525024,2,1BRS_A_D
"1BRS_RA85A,YD29A",8.052825,3.0189415216445923,2,1BRS_A_D
"1BRS_RA85A,WD38F",7.040989,1.705010175704956,2,1BRS_A_D
"1BRS_RA85A,DD39A",7.1853237,3.034570813179016,2,1BRS_A_D
"1BRS_RA85A,TD42A",7.0201993,3.248215913772583,2,1BRS_A_D
"1BRS_RA85A,ED74A",6.8664513,2.4515520334243774,2,1BRS_A_D
"1BRS_RA85A,ED78A",6.126986,0.7449573874473572,2,1BRS_A_D
"1BRS_HA100A,YD29A",6.306903,2.0497223138809204,2,1BRS_A_D
"1BRS_HA100A,YD29F",5.5497017,0.6800313591957092,2,1BRS_A_D
"1BRS_HA100A,WD38F",7.6421685,0.7357909679412842,2,1BRS_A_D
"1BRS_HA100A,DD39A",8.99134,2.0653516054153442,2,1BRS_A_D
"1BRS_HA100A,TD42A",8.135627,2.278996706008911,2,1BRS_A_D
"1BRS_HA100A,ED74A",7.5630574,1.4823328256607056,2,1BRS_A_D
"1BRS_HA100A,ED78A",6.7451205,-0.2242618203163147,2,1BRS_A_D
"1BRS_RA57A,DD39A",11.361335,2.508822202682495,2,1BRS_A_D
1BRS_EA71Q,1.4521028,0.049997329711914,1,1BRS_A_D
"1BRS_EA71Q,DD39A",7.207327,1.6768592596054077,2,1BRS_A_D
"1BRS_EA71Q,ED74A",3.527011,1.093840479850769,2,1BRS_A_D
1BRS_EA71W,1.6572549,-3.68242073059082,1,1BRS_A_D
"1BRS_EA71W,DD39A",6.6652393,-0.18934977054595944,2,1BRS_A_D
"1BRS_EA71W,DD35A",5.712495,0.5517678260803222,2,1BRS_A_D
"1BRS_EA71W,ED74A",3.549655,-0.7723685503005981,2,1BRS_A_D
1BRS_EA71Y,2.4137335,-3.991964340209961,1,1BRS_A_D
1BRS_EA71F,2.2351797,-2.389336585998535,1,1BRS_A_D
"1BRS_EA71F,DD39A",7.4717307,0.4571923017501831,2,1BRS_A_D
"1BRS_EA71F,DD35A",6.410199,1.1983098983764648,2,1BRS_A_D
1BRS_EA71C,2.5287616,0.5063729286193848,1,1BRS_A_D
1BRS_EA71S,3.010488,-0.1401448249816894,1,1BRS_A_D
1BRS_EA71A,2.347719,0.0986475944519043,1,1BRS_A_D
"1BRS_EA71A,DD39A",7.1853237,1.7011843919754028,2,1BRS_A_D
"1BRS_EA71A,DD35A",6.4402323,2.4423019886016846,2,1BRS_A_D
1BRS_RA57K,2.4881237,0.2030444145202636,1,1BRS_A_D
1BRS_RA57A,4.6353717,1.7139232158660889,1,1BRS_A_D
1BRS_HA100Q,4.550591,1.6376938819885254,1,1BRS_A_D
1BRS_HA100D,4.550591,-3.3020243644714355,1,1BRS_A_D
1BRS_HA100G,6.8208556,2.2750935554504395,1,1BRS_A_D
1BRS_HA100A,6.9121823,0.8269820213317871,1,1BRS_A_D
1BRS_HA100L,7.666353,1.6396074295043943,1,1BRS_A_D
"1BRS_HA100Q,RA57K",6.9121823,0.9203691482543945,2,1BRS_A_D
"1BRS_HA100Q,RA57A",9.308979,1.6758085489273071,2,1BRS_A_D
1BRS_DD35A,4.069636,4.785956382751465,1,1BRS_A_D
1BRS_DD39A,5.9351234,3.3037211894989014,1,1BRS_A_D
1BRS_ED74A,0.8235527,2.137683629989624,1,1BRS_A_D
1BRS_ED78A,0.41065642,-1.2755056619644165,1,1BRS_A_D
1BRS_KA25A,5.409263,-0.3411159515380859,1,1BRS_A_D
1BRS_WA33F,1.4080765,1.9371802806854248,1,1BRS_A_D
1BRS_DA52A,-0.88881934,5.85191822052002,1,1BRS_A_D
1BRS_NA56A,3.0663626,5.800543785095215,1,1BRS_A_D
1BRS_RA57A,5.1836734,1.7139232158660889,1,1BRS_A_D
1BRS_EA58A,-0.32587606,2.1883649826049805,1,1BRS_A_D
1BRS_EA71A,1.8978438,0.0986475944519043,1,1BRS_A_D
1BRS_RA85A,5.9521213,2.765420436859131,1,1BRS_A_D
1BRS_HA100A,6.2547607,0.8269820213317871,1,1BRS_A_D
1BRS_KA25A,4.58795,-0.3411159515380859,1,1BRS_A_D
1BRS_WA33F,1.1124482,1.9371802806854248,1,1BRS_A_D
1BRS_DA52A,-0.16740736,5.85191822052002,1,1BRS_A_D
1BRS_NA56A,3.1157622,5.800543785095215,1,1BRS_A_D
1BRS_RA57A,4.8905897,1.7139232158660889,1,1BRS_A_D
1BRS_EA58A,0.5148632,2.1883649826049805,1,1BRS_A_D
1BRS_EA71A,2.8131225,0.0986475944519043,1,1BRS_A_D
1BRS_HA100A,6.0763707,0.8269820213317871,1,1BRS_A_D
1C1Y_KA31E,-1.7748275,-1.0519359111785889,1,1C1Y_A_B
"1C1Y_KA31E,EA30D",-2.0150461,0.0630947947502136,2,1C1Y_A_B
1C1Y_KB11M,0.71329606,2.548844814300537,1,1C1Y_A_B
1C1Y_NB10A,0.5019833,2.6683712005615234,1,1C1Y_A_B
1C1Y_NB10D,1.476288,-0.2886812686920166,1,1C1Y_A_B
1C1Y_VB15A,1.1239525,4.262859344482422,1,1C1Y_A_B
1C1Y_KB11A,1.1089529,1.326308250427246,1,1C1Y_A_B
1C1Y_KB11E,0.8910936,0.3278672695159912,1,1C1Y_A_B
1C1Y_TB14A,1.455498,-0.2051821947097778,1,1C1Y_A_B
1C1Y_RB13A,1.455498,0.4664735794067383,1,1C1Y_A_B
1C1Y_RB5A,1.9070294,1.6678035259246826,1,1C1Y_A_B
1C1Y_QB12A,1.5808899,2.775242328643799,1,1C1Y_A_B
"1C1Y_RB5A,NB10D",2.7525272,0.689561128616333,2,1C1Y_A_B
1C1Y_KB30A,1.312621,0.236058235168457,1,1C1Y_A_B
1C1Y_KB30E,2.2329054,-0.4324829578399658,1,1C1Y_A_B
"1C1Y_KB30A,RB35G",2.6203253,2.88956093788147,2,1C1Y_A_B
1C1Y_RB35L,2.6203253,5.527148723602295,1,1C1Y_A_B
1C1Y_DA38A,2.6203253,-1.1696152687072754,1,1C1Y_A_B
1C4Z_SD1A,0.56609464,0.0038769245147705,1,1C4Z_ABC_D
1C4Z_RD2A,0.5186732,-0.4261794090270996,1,1C4Z_ABC_D
1C4Z_RD2E,1.2884359,-0.036252737045288,1,1C4Z_ABC_D
1C4Z_RD3A,0.46712312,0.5692474842071533,1,1C4Z_ABC_D
1C4Z_RD3E,1.1857808,1.524797439575195,1,1C4Z_ABC_D
1C4Z_KD6A,0.6100001,1.03325092792511,1,1C4Z_ABC_D
1C4Z_KD6E,1.5549902,0.8178139925003052,1,1C4Z_ABC_D
1C4Z_ND28A,-0.17839031,0.9383223056793212,1,1C4Z_ABC_D
1C4Z_LD30A,-0.34351462,2.6112427711486816,1,1C4Z_ABC_D
1C4Z_RD49A,-0.011969134,0.9990730285644532,1,1C4Z_ABC_D
1C4Z_AD56G,0.56609464,-0.1347684860229492,1,1C4Z_ABC_D
1C4Z_ED57A,0.08793173,1.904668927192688,1,1C4Z_ABC_D
1C4Z_ED57R,0.0671418,2.360726356506348,1,1C4Z_ABC_D
1C4Z_PD59A,1.4097668,5.528645515441895,1,1C4Z_ABC_D
1C4Z_FD60A,3.0141566,4.917794227600098,1,1C4Z_ABC_D
1C4Z_KD61A,0.29308376,2.0429623126983643,1,1C4Z_ABC_D
1C4Z_KD61E,0.72502816,0.8443846702575684,1,1C4Z_ABC_D
1C4Z_ED90A,-0.43484148,0.8079444169998169,1,1C4Z_ABC_D
1C4Z_ED90R,-1.0029143,1.675862193107605,1,1C4Z_ABC_D
1C4Z_WD92A,0.82131284,5.050374507904053,1,1C4Z_ABC_D
1C4Z_KD93A,1.1356846,3.9216468334198,1,1C4Z_ABC_D
1C4Z_KD93E,1.1695483,3.503767251968384,1,1C4Z_ABC_D
1C4Z_PD94A,0.85021865,2.828524589538574,1,1C4Z_ABC_D
1C4Z_AD95G,0.41065642,-0.273129940032959,1,1C4Z_ABC_D
1C4Z_KD97A,1.3017501,3.5126516819000244,1,1C4Z_ABC_D
1C4Z_KD97E,1.4206378,3.8151662349700928,1,1C4Z_ABC_D
1C4Z_VA138A,0.56609464,1.5659301280975342,1,1C4Z_ABC_D
1C4Z_LA139A,1.2169697,3.1992321014404297,1,1C4Z_ABC_D
1C4Z_QA141A,-0.38742003,0.6820738315582275,1,1C4Z_ABC_D
1C4Z_SA142A,0.41065642,-0.1145334243774414,1,1C4Z_ABC_D
1C4Z_LA143A,0.9991104,4.814689159393311,1,1C4Z_ABC_D
1C4Z_DA145A,-0.38742003,-0.6070675849914551,1,1C4Z_ABC_D
1C4Z_DA145K,0.20774736,0.3445625305175781,1,1C4Z_ABC_D
1C4Z_LA146A,1.9741712,4.17902946472168,1,1C4Z_ABC_D
1C4Z_YA149A,1.2884359,3.458296537399292,1,1C4Z_ABC_D
1C4Z_DA156A,0.5186732,2.185446262359619,1,1C4Z_ABC_D
1C4Z_DA156R,1.3759032,3.860785484313965,1,1C4Z_ABC_D
1C4Z_MA157A,1.9302658,-0.9354739189147948,1,1C4Z_ABC_D
1C4Z_MA158A,0.7588918,-0.1264195442199707,1,1C4Z_ABC_D
1C4Z_IA159A,0.41065642,4.8649001121521,1,1C4Z_ABC_D
1C4Z_TA160A,0.56609464,4.656126022338867,1,1C4Z_ABC_D
1C4Z_IA163A,-0.08935532,2.0354199409484863,1,1C4Z_ABC_D
1C4Z_SA164A,-0.41065642,0.3209998607635498,1,1C4Z_ABC_D
1C4Z_TA166A,-0.13220184,-1.1075823307037354,1,1C4Z_ABC_D
1C4Z_MA174A,-0.5732471,-0.4433755874633789,1,1C4Z_ABC_D
1C4Z_FA194A,1.5964372,5.4195733070373535,1,1C4Z_ABC_D
1C4Z_YA198L,0.82131284,-1.6819926500320437,1,1C4Z_ABC_D
"1C4Z_SA243P,NA245P",-0.07573514,3.078159809112549,2,1C4Z_ABC_D
1C4Z_CA324A,0.10801677,-1.218083381652832,1,1C4Z_ABC_D
1CBW_TI11A,0.19993937,1.6688307523727417,1,1CBW_FGH_I
1CBW_GI12A,0.60159636,5.4925537109375,1,1CBW_FGH_I
1CBW_PI13A,-0.09973059,2.0361545085906982,1,1CBW_FGH_I
1CBW_KI15A,2.0023954,3.977151393890381,1,1CBW_FGH_I
1CBW_RI17A,0.50138694,1.3463259935379028,1,1CBW_FGH_I
1CBW_II19A,0.099613056,-0.2318110466003418,1,1CBW_FGH_I
1CBW_RI20A,0.3009684,4.30497932434082,1,1CBW_FGH_I
1CBW_VI34A,0.0,1.289252996444702,1,1CBW_FGH_I
1CBW_YI35A,0.80115587,5.463301658630371,1,1CBW_FGH_I
1CBW_GI36A,0.90120554,5.421972751617432,1,1CBW_FGH_I
1CBW_GI37A,0.80115587,5.464709281921387,1,1CBW_FGH_I
1CBW_RI39A,0.19993937,1.9978487491607664,1,1CBW_FGH_I
1CBW_KI46A,0.099613056,-0.2440807819366455,1,1CBW_FGH_I
1CBW_TI11A,0.22198787,1.6688307523727417,1,1CBW_FGH_I
1CBW_GI12A,0.6857352,5.4925537109375,1,1CBW_FGH_I
1CBW_PI13A,-0.056466706,2.0361545085906982,1,1CBW_FGH_I
1CBW_KI15A,2.0150461,3.977151393890381,1,1CBW_FGH_I
1CBW_RI17A,0.5535334,1.3463259935379028,1,1CBW_FGH_I
1CBW_II18A,1.4157212,4.3798017501831055,1,1CBW_FGH_I
1CBW_II19A,0.14287694,-0.2318110466003418,1,1CBW_FGH_I
1CBW_RI20A,0.35418972,4.30497932434082,1,1CBW_FGH_I
1CBW_FI33A,0.14287694,4.947669982910156,1,1CBW_FGH_I
1CBW_VI34A,0.051550064,1.289252996444702,1,1CBW_FGH_I
1CBW_YI35A,0.88507885,5.463301658630371,1,1CBW_FGH_I
1CBW_GI36A,0.96418977,5.421972751617432,1,1CBW_FGH_I
1CBW_GI37A,0.82131284,5.464709281921387,1,1CBW_FGH_I
1CBW_RI39A,0.22198787,1.9978487491607664,1,1CBW_FGH_I
1CBW_KI46A,0.14287694,-0.2440807819366455,1,1CBW_FGH_I
1CBW_KI15G,4.1564913,4.14582633972168,1,1CBW_FGH_I
1CBW_KI15A,2.210915,3.977151393890381,1,1CBW_FGH_I
1CBW_KI15S,3.4258387,3.6318984031677246,1,1CBW_FGH_I
1CBW_KI15V,2.1575518,3.991502285003662,1,1CBW_FGH_I
1CBW_KI15T,2.107856,3.090818405151367,1,1CBW_FGH_I
1CBW_KI15D,5.2708025,3.5039916038513184,1,1CBW_FGH_I
1CBW_KI15N,1.3375993,2.797715187072754,1,1CBW_FGH_I
1CBW_KI15M,-1.441799,2.3258299827575684,1,1CBW_FGH_I
1CBW_KI15I,2.9615908,4.541333198547363,1,1CBW_FGH_I
1CBW_KI15L,-1.5974151,0.5668740272521973,1,1CBW_FGH_I
1CBW_KI15E,3.9066315,3.819784641265869,1,1CBW_FGH_I
1CBW_KI15Q,0.3088434,3.4415440559387207,1,1CBW_FGH_I
1CBW_KI15H,0.10016961,2.9955878257751465,1,1CBW_FGH_I
1CBW_KI15R,-0.6204862,0.081367015838623,1,1CBW_FGH_I
1CBW_KI15F,-1.9846573,2.6192784309387207,1,1CBW_FGH_I
1CBW_KI15Y,-2.6414866,2.3315978050231934,1,1CBW_FGH_I
1CBW_KI15W,-2.4610353,4.101553916931152,1,1CBW_FGH_I
1CHO_LI15G,6.0853734,4.6596198081970215,1,1CHO_EFG_I
1CHO_LI15A,4.76622,5.139361381530762,1,1CHO_EFG_I
1CHO_LI15S,4.9868517,4.838653564453125,1,1CHO_EFG_I
1CHO_LI15C,2.6424344,6.012842655181885,1,1CHO_EFG_I
1CHO_LI15V,4.2735558,5.245664596557617,1,1CHO_EFG_I
1CHO_LI15T,4.4848685,4.016597747802734,1,1CHO_EFG_I
1CHO_LI15P,8.801906,5.426904678344727,1,1CHO_EFG_I
1CHO_LI15I,4.4790316,5.549333572387695,1,1CHO_EFG_I
1CHO_LI15M,0.3806232,2.902219295501709,1,1CHO_EFG_I
1CHO_LI15N,3.357031,4.0444817543029785,1,1CHO_EFG_I
1CHO_LI15D,7.2014785,4.905824661254883,1,1CHO_EFG_I
1CHO_LI15K,4.4731364,2.327880382537842,1,1CHO_EFG_I
1CHO_LI15Q,2.9533494,3.625556945800781,1,1CHO_EFG_I
1CHO_LI15E,6.6586204,4.579202651977539,1,1CHO_EFG_I
1CHO_LI15H,3.0007117,4.713333606719971,1,1CHO_EFG_I
1CHO_LI15F,-1.5017474,5.034868240356445,1,1CHO_EFG_I
1CHO_LI15R,4.0066056,2.2430310249328613,1,1CHO_EFG_I
1CHO_LI15Y,-2.225073,5.074311256408691,1,1CHO_EFG_I
1CHO_LI15W,-1.6909488,5.364727973937988,1,1CHO_EFG_I
1CHO_AI12G,0.066014394,1.1044793128967283,1,1CHO_EFG_I
1CHO_AI12S,0.066014394,-0.854055643081665,1,1CHO_EFG_I
1CHO_AI12C,-0.3267778,2.469810485839844,1,1CHO_EFG_I
1CHO_AI12V,0.9535147,-0.2114253044128418,1,1CHO_EFG_I
1CHO_AI12T,0.96907717,-1.5625286102294922,1,1CHO_EFG_I
1CHO_AI12P,3.1089654,2.250392436981201,1,1CHO_EFG_I
1CHO_AI12L,0.14070073,-0.5526657104492188,1,1CHO_EFG_I
1CHO_AI12I,0.6553633,-0.3617792129516601,1,1CHO_EFG_I
1CHO_AI12M,0.14070073,-0.1486413478851318,1,1CHO_EFG_I
1CHO_AI12N,-0.28890854,-0.0613946914672851,1,1CHO_EFG_I
1CHO_AI12D,0.0,-0.4528555870056152,1,1CHO_EFG_I
1CHO_AI12K,2.4987283,1.247910499572754,1,1CHO_EFG_I
1CHO_AI12Q,0.44245148,0.3478994369506836,1,1CHO_EFG_I
1CHO_AI12E,0.22500719,-0.0003638267517089,1,1CHO_EFG_I
1CHO_AI12H,-0.3267778,0.7592768669128418,1,1CHO_EFG_I
1CHO_AI12F,-0.73548216,-1.187406063079834,1,1CHO_EFG_I
1CHO_AI12R,0.4685549,0.6936283111572266,1,1CHO_EFG_I
1CHO_AI12Y,-0.87553114,-0.4886493682861328,1,1CHO_EFG_I
1CHO_AI12W,-1.9253305,-1.3540101051330566,1,1CHO_EFG_I
1CHO_TI14G,5.2944493,3.155627965927124,1,1CHO_EFG_I
1CHO_TI14A,4.158528,3.223938226699829,1,1CHO_EFG_I
1CHO_TI14S,2.3505473,2.122107982635498,1,1CHO_EFG_I
1CHO_TI14C,3.329099,3.9774887561798096,1,1CHO_EFG_I
1CHO_TI14V,3.5814502,1.2124340534210205,1,1CHO_EFG_I
1CHO_TI14P,4.233214,1.5185673236846924,1,1CHO_EFG_I
1CHO_TI14L,4.4166107,2.780033588409424,1,1CHO_EFG_I
1CHO_TI14I,3.6518238,2.090512990951538,1,1CHO_EFG_I
1CHO_TI14M,3.954937,3.7274692058563232,1,1CHO_EFG_I
1CHO_TI14N,4.3175206,2.527635335922241,1,1CHO_EFG_I
1CHO_TI14D,6.8208556,3.280076742172241,1,1CHO_EFG_I
1CHO_TI14K,4.092513,2.668701648712158,1,1CHO_EFG_I
1CHO_TI14Q,3.6818569,3.1995208263397217,1,1CHO_EFG_I
1CHO_TI14E,6.4257617,3.114471673965454,1,1CHO_EFG_I
1CHO_TI14H,3.6518238,3.309058427810669,1,1CHO_EFG_I
1CHO_TI14F,4.233214,3.748082876205444,1,1CHO_EFG_I
1CHO_TI14R,3.8840897,2.2402257919311523,1,1CHO_EFG_I
1CHO_TI14Y,4.4731364,2.894859313964844,1,1CHO_EFG_I
1CHO_TI14W,4.158528,4.2768754959106445,1,1CHO_EFG_I
1CHO_EI16G,3.622681,2.0212624073028564,1,1CHO_EFG_I
1CHO_EI16A,2.3332484,1.246973991394043,1,1CHO_EFG_I
1CHO_EI16S,2.7943566,0.4832484722137451,1,1CHO_EFG_I
1CHO_EI16C,2.7283423,2.938924551010132,1,1CHO_EFG_I
1CHO_EI16V,2.4394336,0.1105473041534423,1,1CHO_EFG_I
1CHO_EI16T,2.9093847,0.0335044860839843,1,1CHO_EFG_I
1CHO_EI16P,2.590766,1.320068597793579,1,1CHO_EFG_I
1CHO_EI16L,2.8690429,1.5175294876098633,1,1CHO_EFG_I
1CHO_EI16I,2.6424344,0.4832899570465088,1,1CHO_EFG_I
1CHO_EI16M,2.698309,1.672487497329712,1,1CHO_EFG_I
1CHO_EI16N,2.3332484,0.3041205406188965,1,1CHO_EFG_I
1CHO_EI16D,0.8817595,-0.0385830402374267,1,1CHO_EFG_I
1CHO_EI16K,3.5946455,-0.3570549488067627,1,1CHO_EFG_I
1CHO_EI16Q,1.3341379,1.1099793910980225,1,1CHO_EFG_I
1CHO_EI16H,2.089729,1.0155060291290283,1,1CHO_EFG_I
1CHO_EI16F,3.622681,1.8046815395355225,1,1CHO_EFG_I
1CHO_EI16R,3.6818569,-0.2528040409088135,1,1CHO_EFG_I
1CHO_EI16Y,2.669166,0.961658239364624,1,1CHO_EFG_I
1CHO_EI16W,3.1600215,2.15091872215271,1,1CHO_EFG_I
1CHO_YI17G,3.1761072,3.609316349029541,1,1CHO_EFG_I
1CHO_YI17A,2.543463,3.3878631591796875,1,1CHO_EFG_I
1CHO_YI17S,2.8690429,2.8636937141418457,1,1CHO_EFG_I
1CHO_YI17C,2.543463,3.45962905883789,1,1CHO_EFG_I
1CHO_YI17V,3.4637473,3.800767421722412,1,1CHO_EFG_I
1CHO_YI17T,3.3040621,3.5257163047790527,1,1CHO_EFG_I
1CHO_YI17P,8.56565,3.623093605041504,1,1CHO_EFG_I
1CHO_YI17L,0.6844466,-1.6171598434448242,1,1CHO_EFG_I
1CHO_YI17I,2.1092622,3.009739398956299,1,1CHO_EFG_I
1CHO_YI17M,1.2265949,2.2662839889526367,1,1CHO_EFG_I
1CHO_YI17N,3.0007117,1.153848648071289,1,1CHO_EFG_I
1CHO_YI17D,6.296296,1.985944747924805,1,1CHO_EFG_I
1CHO_YI17K,3.1654322,2.1476492881774902,1,1CHO_EFG_I
1CHO_YI17Q,3.154561,2.4756503105163574,1,1CHO_EFG_I
1CHO_YI17E,5.0159945,2.985026359558105,1,1CHO_EFG_I
1CHO_YI17H,1.5891783,1.6531050205230713,1,1CHO_EFG_I
1CHO_YI17F,0.1810425,0.890345573425293,1,1CHO_EFG_I
1CHO_YI17R,2.9093847,0.9984054565429688,1,1CHO_EFG_I
1CHO_YI17W,0.3923553,1.6172032356262207,1,1CHO_EFG_I
1CHO_RI18G,3.4861066,5.0284528732299805,1,1CHO_EFG_I
1CHO_RI18A,3.1917677,3.922992706298828,1,1CHO_EFG_I
1CHO_RI18S,3.1865933,3.491640567779541,1,1CHO_EFG_I
1CHO_RI18C,3.5196218,5.020609855651856,1,1CHO_EFG_I
1CHO_RI18V,2.0660954,3.973655223846436,1,1CHO_EFG_I
1CHO_RI18T,2.669166,3.0909149646759038,1,1CHO_EFG_I
1CHO_RI18P,7.2894106,5.163922786712647,1,1CHO_EFG_I
1CHO_RI18L,2.8305109,3.5578575134277344,1,1CHO_EFG_I
1CHO_RI18I,2.1092622,4.592658996582031,1,1CHO_EFG_I
1CHO_RI18M,2.615803,4.34542989730835,1,1CHO_EFG_I
1CHO_RI18N,3.5196218,3.293664932250977,1,1CHO_EFG_I
1CHO_RI18D,3.7830768,3.908092498779297,1,1CHO_EFG_I
1CHO_RI18K,0.6627691,0.600635826587677,1,1CHO_EFG_I
1CHO_RI18Q,2.4784715,3.1062164306640625,1,1CHO_EFG_I
1CHO_RI18E,3.5196218,4.019822120666504,1,1CHO_EFG_I
1CHO_RI18H,2.7943566,2.965050458908081,1,1CHO_EFG_I
1CHO_RI18F,2.9533494,4.667354583740234,1,1CHO_EFG_I
1CHO_RI18Y,3.0007117,4.103372573852539,1,1CHO_EFG_I
1CHO_RI18W,2.4394336,4.859930515289307,1,1CHO_EFG_I
1CHO_PI11G,0.63643354,0.9100208282470704,1,1CHO_EFG_I
1CHO_PI11A,0.3806232,-0.4009313583374023,1,1CHO_EFG_I
1CHO_PI11S,-0.44068965,-1.1840790510177612,1,1CHO_EFG_I
1CHO_PI11C,-0.9835479,2.9862399101257324,1,1CHO_EFG_I
1CHO_PI11V,-0.5496551,1.754527568817139,1,1CHO_EFG_I
1CHO_PI11T,-0.5496551,-0.2672152519226074,1,1CHO_EFG_I
1CHO_PI11L,-0.52455926,1.3099355697631836,1,1CHO_EFG_I
1CHO_PI11I,-0.5110632,1.9052929878234863,1,1CHO_EFG_I
1CHO_PI11M,-0.8281097,2.385586261749268,1,1CHO_EFG_I
1CHO_PI11N,-0.7799875,-0.3365640640258789,1,1CHO_EFG_I
1CHO_PI11D,-0.8513461,-1.0702767372131348,1,1CHO_EFG_I
1CHO_PI11K,0.38651827,0.718142032623291,1,1CHO_EFG_I
1CHO_PI11Q,-0.72773755,0.5654802322387695,1,1CHO_EFG_I
1CHO_PI11E,-0.72009295,-0.532111644744873,1,1CHO_EFG_I
1CHO_PI11H,-0.11253932,2.232635498046875,1,1CHO_EFG_I
1CHO_PI11F,-0.30754066,2.2697396278381348,1,1CHO_EFG_I
1CHO_PI11R,0.39813536,1.4536957740783691,1,1CHO_EFG_I
1CHO_PI11Y,-0.39509395,2.11254358291626,1,1CHO_EFG_I
1CHO_PI11W,-0.20842354,2.1962904930114746,1,1CHO_EFG_I
1CHO_KI10G,1.8224223,4.356161117553711,1,1CHO_EFG_I
1CHO_KI10A,0.1810425,3.0353963375091557,1,1CHO_EFG_I
1CHO_KI10S,-0.42663875,1.1291515827178955,1,1CHO_EFG_I
1CHO_KI10C,0.50326914,4.317317962646484,1,1CHO_EFG_I
1CHO_KI10V,1.201936,2.6896440982818604,1,1CHO_EFG_I
1CHO_KI10T,0.3806232,1.2219836711883545,1,1CHO_EFG_I
1CHO_KI10P,2.0763397,4.623046875,1,1CHO_EFG_I
1CHO_KI10L,0.3806232,2.6796464920043945,1,1CHO_EFG_I
1CHO_KI10I,1.5452136,2.5712380409240723,1,1CHO_EFG_I
1CHO_KI10M,0.4262189,3.5438225269317627,1,1CHO_EFG_I
1CHO_KI10N,-0.36098656,2.277507305145264,1,1CHO_EFG_I
1CHO_KI10D,-0.5110632,3.811142683029175,1,1CHO_EFG_I
1CHO_KI10Q,-0.5728915,0.6471638679504395,1,1CHO_EFG_I
1CHO_KI10E,0.1810425,2.8774573802948,1,1CHO_EFG_I
1CHO_KI10H,0.14070073,3.5828750133514404,1,1CHO_EFG_I
1CHO_KI10F,1.0933266,4.188779830932617,1,1CHO_EFG_I
1CHO_KI10R,-0.37779483,0.9579708576202391,1,1CHO_EFG_I
1CHO_KI10Y,1.0752625,4.120354652404785,1,1CHO_EFG_I
1CHO_KI10W,1.0195291,4.224652290344238,1,1CHO_EFG_I
1CHO_GI29A,-1.0918018,-0.8417624235153198,1,1CHO_EFG_I
1CHO_GI29S,-0.13757624,0.5251543521881104,1,1CHO_EFG_I
1CHO_GI29C,2.543463,1.7857236862182615,1,1CHO_EFG_I
1CHO_GI29V,0.70192426,3.323343276977539,1,1CHO_EFG_I
1CHO_GI29T,2.0763397,3.056281089782715,1,1CHO_EFG_I
1CHO_GI29P,0.32409725,-1.4591325521469116,1,1CHO_EFG_I
1CHO_GI29L,1.7506894,3.254875659942627,1,1CHO_EFG_I
1CHO_GI29I,2.3673556,3.485555648803711,1,1CHO_EFG_I
1CHO_GI29M,1.6365405,3.40146541595459,1,1CHO_EFG_I
1CHO_GI29N,0.9535147,2.6839828491210938,1,1CHO_EFG_I
1CHO_GI29D,3.1089654,2.872893810272217,1,1CHO_EFG_I
1CHO_GI29K,1.5891783,2.9918770790100098,1,1CHO_EFG_I
1CHO_GI29Q,2.3837001,2.875333309173584,1,1CHO_EFG_I
1CHO_GI29E,2.615803,2.5242509841918945,1,1CHO_EFG_I
1CHO_GI29H,-0.9835479,2.7106270790100098,1,1CHO_EFG_I
1CHO_GI29F,0.102168605,2.8899545669555664,1,1CHO_EFG_I
1CHO_GI29R,1.7447942,3.046408176422119,1,1CHO_EFG_I
1CHO_GI29Y,-0.9835479,2.657299041748047,1,1CHO_EFG_I
1CHO_GI29W,1.0566305,3.1673388481140137,1,1CHO_EFG_I
1CHO_NI33G,-1.3942044,-0.1610312461853027,1,1CHO_EFG_I
1CHO_NI33A,-1.3641711,-3.040100574493408,1,1CHO_EFG_I
1CHO_NI33S,-1.4767104,-2.187756061553955,1,1CHO_EFG_I
1CHO_NI33C,-0.11253932,1.351224422454834,1,1CHO_EFG_I
1CHO_NI33V,0.032861583,-0.4238629341125488,1,1CHO_EFG_I
1CHO_NI33T,-1.2981567,-1.1196951866149902,1,1CHO_EFG_I
1CHO_NI33P,-1.8340036,1.3953113555908203,1,1CHO_EFG_I
1CHO_NI33L,0.61687887,0.9969477653503418,1,1CHO_EFG_I
1CHO_NI33I,-0.030033236,0.7091774940490723,1,1CHO_EFG_I
1CHO_NI33M,-0.20842354,0.3717479705810547,1,1CHO_EFG_I
1CHO_NI33D,-1.0400739,-1.828688621520996,1,1CHO_EFG_I
1CHO_NI33K,2.3332484,0.1584529876708984,1,1CHO_EFG_I
1CHO_NI33Q,-0.1848793,-2.2719967365264893,1,1CHO_EFG_I
1CHO_NI33E,2.3332484,-2.985579490661621,1,1CHO_EFG_I
1CHO_NI33H,-0.73548216,-0.6744513511657715,1,1CHO_EFG_I
1CHO_NI33F,2.3673556,1.089303493499756,1,1CHO_EFG_I
1CHO_NI33R,1.5891783,0.3216099739074707,1,1CHO_EFG_I
1CHO_NI33Y,2.566107,1.0214109420776367,1,1CHO_EFG_I
1CHO_NI33W,2.178687,0.948054313659668,1,1CHO_EFG_I
"1CHO_TI14K,LI15R",7.4721394,2.45586633682251,2,1CHO_EFG_I
"1CHO_TI14R,LI15R",7.226585,2.241628408432007,2,1CHO_EFG_I
"1CHO_AI12R,LI15R",4.9771667,1.468329668045044,2,1CHO_EFG_I
"1CHO_AI12R,TI14K,LI15R",7.9873977,1.8684536616007488,3,1CHO_EFG_I
"1CHO_AI12R,TI14P,LI15R",8.92,1.48507555325826,3,1CHO_EFG_I
"1CHO_PI11S,AI12R,TI14P,LI15R",8.483975,0.8177869021892548,4,1CHO_EFG_I
"1CHO_KI10R,AI12R,TI14K,LI15R",8.02713,1.6408329606056213,4,1CHO_EFG_I
"1CHO_KI10R,PI11F,AI12R,TI14K,LI15R",8.097978,1.7666142940521241,5,1CHO_EFG_I
"1CHO_PI11S,AI12L,TI14K,LI15R",7.297601,0.79374697804451,4,1CHO_EFG_I
"1CHO_AI12R,TI14K,LI15R,EI16S",8.392895,1.5221523642539978,4,1CHO_EFG_I
"1CHO_EI7D,AI12V,TI14P,EI16D,RI18M,NI25S,GI29S,NI42S,SI48R",7.3336806,0.9994395044114854,9,1CHO_EFG_I
"1CHO_TI14P,LI15K,EI16D,LI20V,SI48N,HI49R",7.001898,1.652298053105672,6,1CHO_EFG_I
"1CHO_TI14P,LI15K,EI16D,LI20V,SI48N",7.144953,1.3548151016235352,5,1CHO_EFG_I
"1CHO_TI14P,LI15K,EI16D,LI20V,GI29S,SI48N",7.52278,1.2165383100509644,6,1CHO_EFG_I
"1CHO_EI7G,KI10Q,PI11S,TI14P,LI15Q,EI16D,RI18V,LI20F,GI29S,VI39A,EI40D",7.505302,1.4495723355900156,11,1CHO_EFG_I
"1CHO_EI7D,YI8H,AI12V,TI14S,RI18M,NI25S,GI29S,NI33D",4.871824,1.1314762234687805,8,1CHO_EFG_I
"1CHO_EI7D,AI12V,TI14S,RI18M,NI25S,GI29N,NI33D,SI48G",4.364883,1.3612997233867645,8,1CHO_EFG_I
"1CHO_EI7D,AI12V,TI14S,RI18M,NI25S,GI29S,EI40D",5.4566846,1.3531310898917062,7,1CHO_EFG_I
"1CHO_VI3I,EI7D,AI12V,TI14S,RI18M,NI25S,GI29S,EI40D,TI46I",5.426651,1.3869840568966336,9,1CHO_EFG_I
"1CHO_EI7D,AI12V,TI14S,RI18M,NI25S,GI29S,VI39A,EI40D",4.9868517,1.716467320919037,8,1CHO_EFG_I
"1CHO_EI7D,RI18M,KI26Q,GI29S,NI33S,EI40D",1.3049951,0.6755199829737345,6,1CHO_EFG_I
"1CHO_RI18M,KI26Q,GI29S,EI40D",3.0007117,1.6913694739341736,4,1CHO_EFG_I
"1CHO_EI7D,RI18M,EI40D",2.543463,1.5469433466593425,3,1CHO_EFG_I
"1CHO_EI7D,KI10R,AI12D,RI18M,EI40D",2.4208016,1.0291890621185302,5,1CHO_EFG_I
"1CHO_EI7D,RI18M,KI31R,EI40D",2.4574976,1.183543086051941,4,1CHO_EFG_I
"1CHO_EI7G,LI15M,RI18M,EI40D",2.698309,1.9518536925315857,4,1CHO_EFG_I
"1CHO_EI7D,LI15M,RI18M,EI40D",2.7283423,1.885762333869934,4,1CHO_EFG_I
"1CHO_EI7D,LI15V,RI18M,GI29D,EI40D",9.519164,2.551877689361572,5,1CHO_EFG_I
"1CHO_EI7D,LI15V,RI18M,EI40D",6.612432,2.471623659133911,4,1CHO_EFG_I
"1CHO_EI7D,TI14R,LI15M,RI18M,EI40D",6.531947,1.9566550254821777,5,1CHO_EFG_I
"1CHO_EI7G,LI15M,RI18M,EI40D,KI52E",1.891047,1.430560541152954,5,1CHO_EFG_I
"1CHO_DI4N,EI7G,LI15M,RI18M,EI40D,KI52E",1.9137491,1.3750875393549602,6,1CHO_EFG_I
"1CHO_EI7D,AI12V,TI14S,RI18M,NI25S,GI29S,NI33D,EI40D,TI46N",4.2735558,1.2100789811876085,9,1CHO_EFG_I
"1CHO_EI7D,AI12V,TI14S,RI18M,NI25S,GI29S,NI33D,EI40D",4.4166107,0.9554036259651184,8,1CHO_EFG_I
"1CHO_EI7D,AI12V,TI14S,RI18M,NI25S,GI29S,NI33D,VI38F,EI40D,TI46S",4.233214,1.2407280564308167,10,1CHO_EFG_I
"1CHO_AI12V,TI14S,RI18M,NI25S,KI26Q,GI29S,KI31E,EI40D",6.6359763,1.3224713057279587,8,1CHO_EFG_I
"1CHO_EI7D,YI8H,TI14L,LI15Q,YI17Q,RI18K,LI20I,GI29D,NI33S,EI40D",11.0540695,1.2476131975650788,10,1CHO_EFG_I
"1CHO_EI7D,YI8H,TI14L,LI15Q,YI17Q,RI18K,GI29D,NI33S,EI40D",11.138376,1.4101108246379428,9,1CHO_EFG_I
1CHO_LI15M,0.32409725,2.902219295501709,1,1CHO_EFG_I
"1CHO_LI15M,TI46N,KI52T",0.6553633,2.3988720575968423,3,1CHO_EFG_I
"1CHO_NI25S,GI29A",-0.86090195,0.7767440676689148,2,1CHO_EFG_I
"1CHO_AI12D,GI29A",-0.86573833,-0.6473090052604675,2,1CHO_EFG_I
"1CHO_AI12D,GI29A,NI30S",-0.030033236,1.3221637805302937,3,1CHO_EFG_I
1CHO_GI29A,-0.771643,-0.8417624235153198,1,1CHO_EFG_I
"1CHO_TI14M,LI15S,GI29V",8.988038,3.9631553490956626,3,1CHO_EFG_I
"1CHO_RI18V,LI20I",2.167183,1.8793948888778684,2,1CHO_EFG_I
"1CHO_LI15S,RI18V,LI20I",7.224715,2.865814447402954,3,1CHO_EFG_I
1CHO_NI25S,0.0,2.3952505588531494,1,1CHO_EFG_I
"1CHO_LI15M,LI20V,KI26I,EI40K",1.0373933,1.3707422614097595,4,1CHO_EFG_I
"1CHO_AI12G,LI15M,LI20V,KI26I,EI40K",1.1143005,1.3174896717071534,5,1CHO_EFG_I
"1CHO_LI15M,NI33D,SI48N",-0.4824116,0.6381435394287109,3,1CHO_EFG_I
"1CHO_EI7D,KI10M,LI15M,LI20V",0.5268759,2.011687695980072,4,1CHO_EFG_I
"1CHO_EI7G,LI15M,YI17S,LI20I,KI26T,GI29S,HI49Y,FI50P,KI52V",2.7943566,1.3305424716737535,9,1CHO_EFG_I
"1CHO_AI12T,LI15M",0.92348146,0.6698453426361084,2,1CHO_EFG_I
"1CHO_LI15M,TI27S,GI29D",3.5814502,3.209540843963623,3,1CHO_EFG_I
"1CHO_AI12D,LI15A,YI17D",10.913369,2.2241501808166504,3,1CHO_EFG_I
"1CHO_LI15M,SI48N,HI49R,KI52Q",0.27236938,2.038013279438019,4,1CHO_EFG_I
"1CHO_LI15M,HI49R",0.14070073,3.020966053009033,2,1CHO_EFG_I
"1CHO_LI15M,HI49R,KI52E",-0.44068965,1.7957733472188313,3,1CHO_EFG_I
"1CHO_LI15M,SI48N",0.3806232,1.8715596199035645,2,1CHO_EFG_I
"1CHO_YI8H,YI17D,TI27I,GI29S,NI33D,VI39L",6.88687,2.3721803426742554,6,1CHO_EFG_I
1CHO_YI17H,1.4301856,1.6531050205230713,1,1CHO_EFG_I
"1CHO_LI15M,YI17Q",3.5196218,2.688934803009033,2,1CHO_EFG_I
"1CHO_LI15M,GI29D",3.4198418,2.887556552886963,2,1CHO_EFG_I
"1CHO_LI15M,YI17H,KI26Q,GI29D",4.233214,2.1257774233818054,4,1CHO_EFG_I
"1CHO_EI7D,TI14L,RI18M,GI29D,NI33S,EI40D,TI46S",9.22242,1.3889618430818829,7,1CHO_EFG_I
"1CHO_AI12G,TI14M,LI15M,YI17R,RI18L,GI29N,NI30D,SI48N,KI52E",9.2045555,2.2892445193396673,9,1CHO_EFG_I
"1CHO_EI7D,RI18M,LI20F,NI25S,GI29S,EI40D",2.669166,1.6032514174779255,6,1CHO_EFG_I
"1CHO_EI7G,KI10Q,TI14S,RI18V,LI20F,GI29S,NI33D,VI39A,EI40D",1.6365405,1.3685836527082655,9,1CHO_EFG_I
"1CHO_EI7D,TI14S,EI16D,RI18M,NI25S,GI29S,EI40D,GI51E",7.660467,1.9010627567768097,8,1CHO_EFG_I
"1CHO_EI7D,AI12V,YI17E,RI18M,EI40D",7.82404,1.4828862190246581,5,1CHO_EFG_I
"1CHO_EI7D,AI12V,TI14S,RI18M,VI39A,EI40D",5.248261,1.8018889427185059,6,1CHO_EFG_I
"1CHO_DI4N,EI7D,AI12V,TI14S,EI16L,RI18M,VI39A,EI40D",6.459869,1.678323209285736,8,1CHO_EFG_I
"1CHO_YI8H,EI16D,LI20I,NI25S,GI29S,NI33D,VI39M,EI40D",0.14070073,1.1591907739639282,8,1CHO_EFG_I
"1CHO_EI7D,AI12V,EI16D,RI18M,KI26T,GI29S,EI40D,LI45I",5.6816916,1.0090391635894775,8,1CHO_EFG_I
"1CHO_EI7D,AI12V,TI14S,EI16D,RI18M,KI26T,GI29N,NI33I,EI40D,LI45I",7.612135,1.3062427282333373,10,1CHO_EFG_I
"1CHO_EI7D,KI10R,AI12V,EI16D,RI18M,GI29S,EI40D,LI45I,KI52R",5.0300455,0.9973727067311605,9,1CHO_EFG_I
"1CHO_EI7D,AI12V,EI16D,RI18M,GI29S,EI40D,LI45I,KI52R",5.522699,1.0022979378700256,8,1CHO_EFG_I
"1CHO_AI12D,LI15A",4.8279185,2.3432528972625732,2,1CHO_EFG_I
"1CHO_TI14P,LI15K,GI29D",9.929821,2.2397805054982505,3,1CHO_EFG_I
"1CHO_TI14P,LI15K",8.366069,1.923223853111267,2,1CHO_EFG_I
"1CHO_EI7D,LI15M,RI18M,GI29D,EI40D",5.637727,2.0831886291503903,5,1CHO_EFG_I
1CHO_GI29V,0.5925281,3.323343276977539,1,1CHO_EFG_I
1CHO_YI17D,6.1120477,1.985944747924805,1,1CHO_EFG_I
1CHO_TI14E,4.895525,3.114471673965454,1,1CHO_EFG_I
"1CHO_EI7D,LI15F,RI18M,EI40D",1.0373933,2.418924570083618,4,1CHO_EFG_I
1CHO_TI14S,2.3505473,2.122107982635498,1,1CHO_EFG_I
1CHO_TI14V,3.273449,1.2124340534210205,1,1CHO_EFG_I
1CHO_AI12V,0.92348146,-0.2114253044128418,1,1CHO_EFG_I
"1CHO_AI12V,TI14S",3.6101017,0.955341339111328,2,1CHO_EFG_I
1CHO_TI14A,4.3175206,3.223938226699829,1,1CHO_EFG_I
1CHO_LI15K,4.2735558,2.327880382537842,1,1CHO_EFG_I
1CHO_LI15A,4.932125,5.139361381530762,1,1CHO_EFG_I
1CHO_LI15E,6.8537173,4.579202651977539,1,1CHO_EFG_I
1CHO_LI15Q,3.5569313,3.625556945800781,1,1CHO_EFG_I
"1CHO_TI14K,LI15R",7.3336806,2.45586633682251,2,1CHO_EFG_I
"1CHO_TI14R,LI15R",7.2014785,2.241628408432007,2,1CHO_EFG_I
"1CHO_AI12R,LI15R",4.907029,1.468329668045044,2,1CHO_EFG_I
"1CHO_AI12R,TI14K,LI15R",7.955413,1.8684536616007488,3,1CHO_EFG_I
"1CHO_AI12R,TI14P,LI15R",8.8869505,1.48507555325826,3,1CHO_EFG_I
"1CHO_PI11S,AI12R,TI14P,LI15R",8.457396,0.8177869021892548,4,1CHO_EFG_I
"1CHO_KI10T,PI11E,AI12Y",-0.94222957,0.06707421938578287,3,1CHO_EFG_I
"1CHO_KI10T,PI11E,AI12Y,LI15G,RI18M,GI29P,NI33V",5.884189,1.0461824110576086,7,1CHO_EFG_I
"1CHO_KI10S,PI11D,AI12Y",-1.033277,-0.14325817426045734,3,1CHO_EFG_I
"1CHO_KI10S,PI11D,AI12Y,LI15G,EI16I,RI18K",7.270104,0.8856285115083059,6,1CHO_EFG_I
1CSE_LI38G,2.2805772,0.4880726337432861,1,1CSE_E_I
1CSE_LI38S,1.1887755,1.5068540573120115,1,1CSE_E_I
1CSE_LI38P,6.7654457,2.4399619102478027,1,1CSE_E_I
1CSE_LI38I,2.9825015,2.911508083343506,1,1CSE_E_I
1CSE_LI38D,4.411843,0.760218620300293,1,1CSE_E_I
1CSE_LI38E,2.3827457,-1.252568244934082,1,1CSE_E_I
1CSO_II13L,-4.481256,-4.727859973907471,1,1CSO_E_I
1CT0_SI13L,-4.158235,-2.041122436523437,1,1CT0_E_I
1CT2_TI13L,-3.2047203,-1.9295912981033323,1,1CT2_E_I
1CT4_VI13L,-3.0342824,-0.946208953857422,1,1CT4_E_I
"1CZ8_LL4M,DH28T,HH31N,YH101H,TH105S",1.7956175,1.1537926197052002,5,1CZ8_HL_VW
"1CZ8_LL4M,DH28T,HH31N,YH101H,TH105S",2.8273137,1.1537926197052002,5,1CZ8_HL_VW
"1CZ8_LL4M,DH28T,HH31N,YH103R",0.6219692,1.188468098640442,4,1CZ8_HL_VW
"1CZ8_LL4M,DH28T,HH31N",0.45153138,1.6046266555786133,3,1CZ8_HL_VW
"1CZ8_LL4M,DH28T,HH31N,TH105K,YH103I,GH104A",1.3641711,1.2336628437042236,6,1CZ8_HL_VW
"1CZ8_LL4M,DH28T,HH31N,YH103W",0.754171,1.550805926322937,4,1CZ8_HL_VW
"1CZ8_LL4M,DH28T,HH31N,YH103R,GH104N",1.0326257,0.8251196146011353,5,1CZ8_HL_VW
"1CZ8_LL4M,DH28T,HH31N,YH101H,TH105S,YH54W",1.6582861,1.1885825196901958,6,1CZ8_HL_VW
"1CZ8_LL4M,YH101H,TH105S",1.1024064,1.486754020055135,3,1CZ8_HL_VW
"1CZ8_LL4M,DH28T,HH31N,YH101H,TH105S,LH72V,TH74V",2.4665775,1.11961943762643,7,1CZ8_HL_VW
"1CZ8_LL4M,DH28T,HH31N,YH101H,TH105S,LH72I,TH74K",1.8721693,0.9117415973118373,7,1CZ8_HL_VW
"1CZ8_LL4M,YH54W",0.5915804,2.4338554739952087,2,1CZ8_HL_VW
1CZ8_LL4M,0.04087496,3.505178928375244,1,1CZ8_HL_VW
"1CZ8_LL4M,HH31N,YH101H,TH105S",1.5754839,0.9702250957489014,4,1CZ8_HL_VW
"1CZ8_LL4M,DH28T,YH101H,TH105S",1.0326257,1.5870811939239502,4,1CZ8_HL_VW
"1CZ8_LL4M,DH28T,HH31N,TH105S",0.21131277,1.1163196563720703,4,1CZ8_HL_VW
"1CZ8_LL4M,DH28T,HH31N,YH101H",1.4050461,1.52939110994339,4,1CZ8_HL_VW
"1CZ8_LL4M,DH28T,HH31N,TH105N,YH103R,GH104D",0.7997668,0.9276287158330282,6,1CZ8_HL_VW
"1DAN_WT40R,ST42G",1.4816071,,2,1DAN_HL_UT
1DAN_WT40A,1.5000076,,1,1DAN_HL_UT
1DAN_ST42A,-0.1265324,,1,1DAN_HL_UT
1DAN_VT28A,-0.18582705,,1,1DAN_HL_UT
1DAN_YT46A,-0.1265324,,1,1DAN_HL_UT
1DAN_FT71A,1.1054369,,1,1DAN_HL_UT
1DAN_YT73A,0.62763864,,1,1DAN_HL_UT
1DAN_PU2A,-0.18582705,,1,1DAN_HL_UT
1DAN_YU4A,0.3116849,,1,1DAN_HL_UT
1DAN_VT31A,-0.1265324,,1,1DAN_HL_UT
1DAN_QT32A,0.72903574,,1,1DAN_HL_UT
1DAN_IT33A,-0.1265324,,1,1DAN_HL_UT
1DAN_GT38A,0.064695336,,1,1DAN_HL_UT
1DAN_KT43A,0.9207224,,1,1DAN_HL_UT
"1DAN_CT44S,CT52S",-0.32587606,,2,1DAN_HL_UT
1DAN_TT55A,2.2240758,,1,1DAN_HL_UT
"1DAN_TT55A,FU50A",4.325087,,2,1DAN_HL_UT
"1DAN_TT55A,KT15A",3.0546563,,2,1DAN_HL_UT
1DAN_DT39A,1.3799108,,1,1DAN_HL_UT
"1DAN_DT39A,WT40A",1.5072107,,2,1DAN_HL_UT
"1DAN_DT39A,FU50A",3.1733053,,2,1DAN_HL_UT
"1DAN_DT39A,KT15A",3.9962287,,2,1DAN_HL_UT
"1DAN_DT39A,DT53A",3.857964,,2,1DAN_HL_UT
"1DAN_DT39A,TT55A",4.159248,,2,1DAN_HL_UT
"1DAN_DT39A,KT15A,FU50A",5.735139,,3,1DAN_HL_UT
1DAN_RH125A,0.74902487,,1,1DAN_HL_UT
1DAN_MH154A,0.74448496,,1,1DAN_HL_UT
1DAN_KH189A,-0.1866704,,1,1DAN_HL_UT
1DAN_LH135A,0.015799657,,1,1DAN_HL_UT
1DAN_KT15A,2.4386024,,1,1DAN_HL_UT
1DAN_DT39A,2.145008,,1,1DAN_HL_UT
1DAN_WT40A,2.371096,,1,1DAN_HL_UT
1DAN_KT41A,0.89480805,,1,1DAN_HL_UT
1DAN_QU20A,1.3054645,,1,1DAN_HL_UT
1DAN_RU45A,0.98613495,,1,1DAN_HL_UT
1DAN_FU50A,2.2154534,,1,1DAN_HL_UT
1DAN_VU113A,1.5698682,,1,1DAN_HL_UT
1DAN_ST11A,-0.12980671,,1,1DAN_HL_UT
1DAN_LT54A,0.0,,1,1DAN_HL_UT
1DAN_DT56A,0.24204434,,1,1DAN_HL_UT
1DAN_ET57A,0.0,,1,1DAN_HL_UT
1DAN_IT58A,0.0,,1,1DAN_HL_UT
1DAN_VT59A,0.0,,1,1DAN_HL_UT
1DAN_QT64A,0.0,,1,1DAN_HL_UT
1DAN_LT67A,-0.05983624,,1,1DAN_HL_UT
1DAN_EU15A,-0.05983624,,1,1DAN_HL_UT
1DAN_TU16A,-0.05983624,,1,1DAN_HL_UT
1DAN_NU17A,0.0,,1,1DAN_HL_UT
1DAN_RU41A,0.0,,1,1DAN_HL_UT
1DAN_TU42A,0.0,,1,1DAN_HL_UT
1DAN_RU46A,-0.05983624,,1,1DAN_HL_UT
1DAN_NU48A,0.0,,1,1DAN_HL_UT
1DAN_VU56A,0.19953953,,1,1DAN_HL_UT
1DAN_FU57A,-0.05983624,,1,1DAN_HL_UT
1DAN_YU67A,0.0,,1,1DAN_HL_UT
1DAN_VU85A,0.10984251,,1,1DAN_HL_UT
1DAN_RU102A,0.46060434,,1,1DAN_HL_UT
1DAN_TU103A,0.10984251,,1,1DAN_HL_UT
1DAN_VU104A,0.10984251,,1,1DAN_HL_UT
1DAN_NU105A,0.0,,1,1DAN_HL_UT
1DAN_EU114A,-0.004828486,,1,1DAN_HL_UT
1DAN_VU113A,-0.18866855,,1,1DAN_HL_UT
1DAN_TU109A,0.13527155,,1,1DAN_HL_UT
"1DAN_KU107A,DU110A",0.042667557,,2,1DAN_HL_UT
"1DAN_NU105A,RU106A",0.39998132,,2,1DAN_HL_UT
"1DAN_TU103A,VU104A",-0.14902915,,2,1DAN_HL_UT
1DAN_SU101A,-0.0028923668,,1,1DAN_HL_UT
"1DAN_SU101A,RU102A",0.6385656,,2,1DAN_HL_UT
1DAN_YU91A,-0.32986477,,1,1DAN_HL_UT
"1DAN_EU89A,NU90A",-0.09357528,,2,1DAN_HL_UT
1DAN_KU87A,0.017063797,,1,1DAN_HL_UT
1DAN_LU82A,0.07995189,,1,1DAN_HL_UT
"1DAN_NU79A,EU80A",-0.024545847,,2,1DAN_HL_UT
1DAN_TU78A,-0.025549153,,1,1DAN_HL_UT
1DAN_KU75A,0.116610095,,1,1DAN_HL_UT
1DAN_TU73A,0.21198563,,1,1DAN_HL_UT
"1DAN_KU71A,KU72A",-0.23973791,,2,1DAN_HL_UT
1DAN_GU70R,-0.16279316,,1,1DAN_HL_UT
1DAN_SU69A,0.022644233,,1,1DAN_HL_UT
1DAN_WU68F,0.12289612,,1,1DAN_HL_UT
1DAN_YU66L,0.15484607,,1,1DAN_HL_UT
1DAN_IU62A,0.17879412,,1,1DAN_HL_UT
"1DAN_KU59A,DU60A",-0.10151255,,2,1DAN_HL_UT
1DAN_DU55A,-0.0106751,,1,1DAN_HL_UT
1DAN_RU54A,-0.0028923668,,1,1DAN_HL_UT
1DAN_FU50A,1.2817534,,1,1DAN_HL_UT
1DAN_TU49A,-0.015591742,,1,1DAN_HL_UT
"1DAN_RU46A,NU47A,NU48A",0.20658125,,3,1DAN_HL_UT
1DAN_RU45A,0.51931405,,1,1DAN_HL_UT
1DAN_LU43A,-0.027560875,,1,1DAN_HL_UT
"1DAN_EU40A,RU41F",-0.021546083,,2,1DAN_HL_UT
1DAN_DU39A,-0.02655416,,1,1DAN_HL_UT
1DAN_EU38A,0.08580538,,1,1DAN_HL_UT
1DAN_KU32A,-0.12360851,,1,1DAN_HL_UT
"1DAN_QU24A,EU27A",0.03364985,,2,1DAN_HL_UT
"1DAN_NU17A,QU20A",0.4144911,,2,1DAN_HL_UT
"1DAN_LU14A,EU15A",-0.46290636,,2,1DAN_HL_UT
1DAN_EU9A,-0.1755896,,1,1DAN_HL_UT
1DAN_YU4A,1.0241498,,1,1DAN_HL_UT
1DAN_KT63A,-0.07038221,,1,1DAN_HL_UT
"1DAN_KT63A,QT64A",-0.20611459,,2,1DAN_HL_UT
"1DAN_KT60A,DT61A",-0.5042317,,2,1DAN_HL_UT
"1DAN_DT56A,ET57A",0.3045601,,2,1DAN_HL_UT
1DAN_DT53E,1.3802997,,1,1DAN_HL_UT
1DAN_DT53A,1.989497,,1,1DAN_HL_UT
"1DAN_DT49A,ET51A",0.43330064,,2,1DAN_HL_UT
1DAN_TT47A,0.4048575,,1,1DAN_HL_UT
1DAN_FT45A,0.4379112,,1,1DAN_HL_UT
1DAN_KT43A,0.4144911,,1,1DAN_HL_UT
1DAN_ST42A,0.043561824,,1,1DAN_HL_UT
1DAN_KT41A,0.23182406,,1,1DAN_HL_UT
"1DAN_KT41A,KT43A",1.1358544,,2,1DAN_HL_UT
1DAN_WT40F,1.2705958,,1,1DAN_HL_UT
1DAN_DT39A,0.7350139,,1,1DAN_HL_UT
1DAN_ST37A,-0.0693001,,1,1DAN_HL_UT
1DAN_KT36A,0.32156944,,1,1DAN_HL_UT
"1DAN_KT36A,DT39A",1.5714306,,2,1DAN_HL_UT
1DAN_QT32A,0.5466929,,1,1DAN_HL_UT
1DAN_KT23A,0.116610095,,1,1DAN_HL_UT
1DAN_ET21A,0.10140793,,1,1DAN_HL_UT
1DAN_WT20F,0.61519825,,1,1DAN_HL_UT
1DAN_ET19A,0.6578864,,1,1DAN_HL_UT
1DAN_IT17A,0.6450761,,1,1DAN_HL_UT
1DAN_TT16A,-0.15900752,,1,1DAN_HL_UT
1DAN_KT15R,1.6857406,,1,1DAN_HL_UT
1DAN_KT15A,2.5879083,,1,1DAN_HL_UT
1DAN_NT13A,0.18021487,,1,1DAN_HL_UT
1DAN_TT12A,0.12054667,,1,1DAN_HL_UT
1DAN_KT10A,-0.39734232,,1,1DAN_HL_UT
1DAN_WT9F,0.69175,,1,1DAN_HL_UT
1DQJ_YC20A,3.2871795,5.008477210998535,1,1DQJ_AB_C
1DQJ_RC21A,1.1690744,1.4835257530212402,1,1DQJ_AB_C
1DQJ_WC63A,1.346872,4.707171440124512,1,1DQJ_AB_C
1DQJ_KC97A,3.5212817,0.8872981071472168,1,1DQJ_AB_C
1DQJ_DC101A,1.4530574,3.89596438407898,1,1DQJ_AB_C
1DQJ_YC20A,3.2871795,5.008477210998535,1,1DQJ_AB_C
1DQJ_RC21A,1.2595544,1.4835257530212402,1,1DQJ_AB_C
1DQJ_WC62A,0.758418,1.5610194206237793,1,1DQJ_AB_C
1DQJ_WC63A,1.346872,4.707171440124512,1,1DQJ_AB_C
1DQJ_LC75A,1.4530574,5.243170738220215,1,1DQJ_AB_C
1DQJ_TC89A,0.84122026,2.277082681655884,1,1DQJ_AB_C
1DQJ_NC93A,0.65016425,0.1628663539886474,1,1DQJ_AB_C
1DQJ_KC96A,6.1585765,5.944669723510742,1,1DQJ_AB_C
1DQJ_KC97A,3.5212817,0.8872981071472168,1,1DQJ_AB_C
1DQJ_SC100A,0.7759302,1.2282476425170898,1,1DQJ_AB_C
1DQJ_DC101A,1.3012763,3.89596438407898,1,1DQJ_AB_C
1DQJ_NA31A,2.0143354,3.3929882049560547,1,1DQJ_AB_C
1DQJ_NA32A,4.092513,5.330490112304688,1,1DQJ_AB_C
1DQJ_YA50A,2.6794982,1.2007725238800049,1,1DQJ_AB_C
1DQJ_SA91A,1.4325294,2.6969099044799805,1,1DQJ_AB_C
1DQJ_YA96A,1.1355592,3.419609785079956,1,1DQJ_AB_C
1DQJ_DB32A,2.0143354,-0.690615177154541,1,1DQJ_AB_C
1DQJ_YB33A,5.5269384,-1.950298547744751,1,1DQJ_AB_C
1DQJ_YB50A,6.89111,4.504458427429199,1,1DQJ_AB_C
1DQJ_YB53A,1.1808065,1.2527878284454346,1,1DQJ_AB_C
1DQJ_WB98A,4.9337335,-0.9917325973510742,1,1DQJ_AB_C
"1DQJ_NA32A,KC96A",5.804446,5.637579917907715,2,1DQJ_AB_C
"1DQJ_SA91A,RC21A",3.1721516,2.0902178287506104,2,1DQJ_AB_C
"1DQJ_SA91A,YC20A",3.574692,3.852693557739258,2,1DQJ_AB_C
"1DQJ_YA96A,RC21A",3.4867601,2.451567769050598,2,1DQJ_AB_C
"1DQJ_YA96A,SC100A",0.91385627,2.323928713798523,2,1DQJ_AB_C
"1DQJ_DB32A,KC97A",1.122886,0.09834146499633785,2,1DQJ_AB_C
"1DQJ_YB53A,WC62A",1.2868841,1.406903624534607,2,1DQJ_AB_C
"1DQJ_YB53A,WC63A",2.200217,2.979979634284973,2,1DQJ_AB_C
"1DQJ_YB53A,LC75A",1.2174066,3.2479792833328247,2,1DQJ_AB_C
"1DQJ_YB53A,DC101A",2.7283423,2.574376106262207,2,1DQJ_AB_C
"1DQJ_WB98A,SC100A",5.364647,0.1182575225830078,2,1DQJ_AB_C
"1DQJ_WB98A,KC97A",6.6630683,-0.0522172451019287,2,1DQJ_AB_C
"1DQJ_WB98A,YC20A",5.1143866,2.0083723068237305,2,1DQJ_AB_C
1DVF_HA30A,1.6501209,1.907071590423584,1,1DVF_AB_CD
1DVF_YA32A,2.0312786,-0.2071654796600341,1,1DVF_AB_CD
1DVF_YA49A,1.6294519,4.909547328948975,1,1DVF_AB_CD
1DVF_YA50A,0.68808156,0.0233025550842285,1,1DVF_AB_CD
1DVF_WA92A,0.34087563,-0.4296021461486816,1,1DVF_AB_CD
1DVF_SA93A,1.1629593,0.0196373462677001,1,1DVF_AB_CD
1DVF_TB30A,0.907919,1.2949036359786987,1,1DVF_AB_CD
1DVF_YB32A,1.8322908,0.3385701179504394,1,1DVF_AB_CD
1DVF_WB52A,4.1348495,3.218263626098633,1,1DVF_AB_CD
1DVF_DB54A,4.283173,5.450811386108398,1,1DVF_AB_CD
1DVF_NB56A,1.1629593,0.915358066558838,1,1DVF_AB_CD
1DVF_DB58A,1.6007212,-1.4147238731384275,1,1DVF_AB_CD
1DVF_EB98A,4.188524,2.575320243835449,1,1DVF_AB_CD
1DVF_RB99A,1.8754846,0.183840274810791,1,1DVF_AB_CD
1DVF_DB100A,2.7907631,0.7529067993164062,1,1DVF_AB_CD
1DVF_YB101F,2.0132148,0.8962769508361816,1,1DVF_AB_CD
1DVF_EB98A,4.188524,2.575320243835449,1,1DVF_AB_CD
1DVF_DB54A,4.283173,5.450811386108398,1,1DVF_AB_CD
1DVF_DB58A,1.6007212,-1.4147238731384275,1,1DVF_AB_CD
1DVF_YA49A,1.7292318,4.909547328948975,1,1DVF_AB_CD
1DVF_YA32A,2.0312786,-0.2071654796600341,1,1DVF_AB_CD
1DVF_NB56A,1.1629593,0.915358066558838,1,1DVF_AB_CD
1DVF_WB52A,4.1348495,3.218263626098633,1,1DVF_AB_CD
1DVF_DB100A,2.7907631,0.7529067993164062,1,1DVF_AB_CD
1DVF_YD102A,4.741557,-0.1294803619384765,1,1DVF_AB_CD
1DVF_YC49A,1.8614336,5.054957866668701,1,1DVF_AB_CD
1DVF_QD104A,1.6294519,1.1822922229766846,1,1DVF_AB_CD
1DVF_ND55A,1.8614336,4.402645587921143,1,1DVF_AB_CD
1DVF_RD106A,4.092513,2.217092752456665,1,1DVF_AB_CD
1DVF_KD30A,1.0039666,-1.059572458267212,1,1DVF_AB_CD
1DVF_HD33A,1.8614336,1.3879470825195312,1,1DVF_AB_CD
1DVF_DD52A,1.6830434,0.6471929550170898,1,1DVF_AB_CD
1DVF_ID101A,2.6827464,3.0622401237487797,1,1DVF_AB_CD
"1DVF_EB98A,YD102A",4.6353717,1.2229199409484863,2,1DVF_AB_CD
"1DVF_DB54A,YC49A",4.4948835,5.25288462638855,2,1DVF_AB_CD
"1DVF_DB58A,QD104A",1.4648281,-0.11621582508087155,2,1DVF_AB_CD
"1DVF_YA49A,ND55A",2.0312786,4.656096458435058,2,1DVF_AB_CD
"1DVF_YA32A,RD106A",4.652671,1.0049636363983154,2,1DVF_AB_CD
"1DVF_NB56A,QD104A",1.4875302,1.0488251447677612,2,1DVF_AB_CD
"1DVF_WB52A,QD104A",4.164727,2.2002779245376587,2,1DVF_AB_CD
"1DVF_DB100A,HD33A",4.1499767,1.0704269409179685,2,1DVF_AB_CD
"1DVF_DB100A,DD52A",4.3216577,0.700049877166748,2,1DVF_AB_CD
"1DVF_YA49A,HD33A",2.6262205,3.148747205734253,2,1DVF_AB_CD
"1DVF_DB100A,ND55A",4.092513,2.5777761936187744,2,1DVF_AB_CD
"1DVF_NB56A,ND55A",2.3021233,2.6590018272399902,2,1DVF_AB_CD
"1DVF_NB56A,HD33A",2.5271306,1.1516525745391846,2,1DVF_AB_CD
1E50_DA8A,-0.4022527,0.1054458618164062,1,1E50_A_B
1E50_NA11A,0.6784359,-0.6256718635559082,1,1E50_A_B
1E50_MA48A,1.3202657,-1.357285499572754,1,1E50_A_B
1E50_NA51A,2.432714,5.866369247436523,1,1E50_A_B
1E50_YA55A,0.94499004,1.3245412111282349,1,1E50_A_B
1E50_SA56A,0.97837645,-0.2350196838378906,1,1E50_A_B
1E50_TA91A,1.5130628,2.7465968132019043,1,1E50_A_B
1E50_VA101A,-0.043905415,4.47172737121582,1,1E50_A_B
1E50_TA103A,2.185484,5.716352939605713,1,1E50_A_B
1E50_RB32A,1.7748275,-0.4516561031341553,1,1E50_A_B
1E50_VB57A,0.0,3.7242002487182617,1,1E50_A_B
1E50_NB62A,0.90960926,2.526193141937256,1,1E50_A_B
1E50_SB64A,0.11502811,0.4293191432952881,1,1E50_A_B
1E50_DA8A,-0.23009098,0.1054458618164062,1,1E50_A_B
1E50_NA51A,1.4079144,5.866369247436523,1,1E50_A_B
"1E50_DA52A,EA53A",0.39104083,-1.4368802309036255,2,1E50_A_B
1E50_YA55A,0.88373387,1.3245412111282349,1,1E50_A_B
1E50_RA84A,-0.19122773,-0.5726721286773682,1,1E50_A_B
1E50_KA86M,0.3200857,1.8815813064575195,1,1E50_A_B
1E50_TA91A,1.043868,2.7465968132019043,1,1E50_A_B
1E50_NB62A,1.0200076,2.526193141937256,1,1E50_A_B
1E50_NB99A,1.4079144,4.758434295654297,1,1E50_A_B
1E96_NA26H,1.1045262,,1,1E96_A_B
1E96_IA33N,2.0430412,,1,1E96_A_B
1E96_DA38N,2.2019746,,1,1E96_A_B
1E96_MA45T,0.3660155,,1,1E96_A_B
1E96_KA132E,-0.1898642,,1,1E96_A_B
1E96_LA134R,-0.12744316,,1,1E96_A_B
1EAW_QA23A,-0.51891166,3.5499095916748047,1,1EAW_A_B
1EAW_IA26A,-0.8225061,4.6674485206604,1,1EAW_A_B
1EAW_IA45A,-0.19435805,2.7766218185424805,1,1EAW_A_B
1EAW_DA46A,-0.17163107,2.773680686950684,1,1EAW_A_B
1EAW_DA47A,1.5027753,-0.947845220565796,1,1EAW_A_B
1EAW_RA48A,0.58761454,2.748351812362671,1,1EAW_A_B
1EAW_FA50A,-0.42881265,4.138063907623291,1,1EAW_A_B
1EAW_RA51A,0.23100829,-0.0003576278686523,1,1EAW_A_B
1EAW_YA52A,-0.07894067,3.107240915298462,1,1EAW_A_B
1EAW_RA82A,-0.14974381,-0.6547729969024658,1,1EAW_A_B
1EAW_FA89A,0.7285936,3.598308086395264,1,1EAW_A_B
1EAW_NA90A,0.3080979,4.644445896148682,1,1EAW_A_B
1EAW_DA91A,0.65444046,-1.2437729835510254,1,1EAW_A_B
1EAW_FA92A,0.89202005,-0.503143310546875,1,1EAW_A_B
1EAW_TA93A,0.2547412,4.543248653411865,1,1EAW_A_B
1EAW_HA138A,-0.014480199,0.6764225959777832,1,1EAW_A_B
1EAW_QA140A,0.30667883,-2.32916259765625,1,1EAW_A_B
1EAW_YA141A,0.5021536,0.1531238555908203,1,1EAW_A_B
1EAW_TA144A,0.08945068,0.6434013843536377,1,1EAW_A_B
1EAW_LA147A,0.5021536,-1.352527141571045,1,1EAW_A_B
1EAW_EA163A,0.70368207,-1.226011872291565,1,1EAW_A_B
1EAW_QA168A,0.5650851,-0.5761141777038574,1,1EAW_A_B
1EAW_QA169A,-0.13309656,1.918655037879944,1,1EAW_A_B
1EAW_DA214A,2.2291338,1.2524003982543943,1,1EAW_A_B
1EAW_QA218A,0.14423773,1.1307611465454102,1,1EAW_A_B
1EAW_RA219A,-0.08855192,-2.142303943634033,1,1EAW_A_B
1EAW_KA221A,0.47605014,3.0259313583374023,1,1EAW_A_B
"1EFN_TA13H,EA14H",0.9839035,2.287746787071228,2,1EFN_A_B
1EFN_TA13H,1.2435485,1.3040974140167236,1,1EFN_A_B
1EFN_IA12A,1.4510267,3.83198881149292,1,1EFN_A_B
"1EMV_QA15E,LA16F,TA18K,TA19K,NA22R,DA24E,TA25G,SA26A,SA27T,EA30D,LA31D,VA32N,TA36R,HA37E,EA40R,MA41L,SA46D,KA55R,EA56D,GA57D,DA58R,DA59E,SA63E,NA67K,TA68E,VA69I,QA71E",8.058495,1.0926595087404605,27,1EMV_A_B
"1EMV_EA30D,LA31D,VA32N,TA36R,HA37E,EA40R,MA41L,SA46D,KA55R,EA56D,GA57D,DA58R,DA59E,SA63E,NA67K,TA68E,VA69I,QA71E",7.990223,0.9117943114704556,18,1EMV_A_B
"1EMV_QA15E,LA16F,TA18K,TA19K,NA22R,DA24E,TA25G,SA26A,SA27T,SA63E,NA67K,TA68E,VA69I,QA71E",2.8566248,1.159159881728036,14,1EMV_A_B
"1EMV_QA15E,LA16F,TA18K,TA19K,NA22R,DA24E,TA25G,SA26A,SA27T,SA46D,KA55R,EA56D,GA57D,DA58R,DA59E,SA63E,NA67K,TA68E,VA69I,QA71E",1.7040286,1.3959498286247254,20,1EMV_A_B
"1EMV_QA15E,LA16F,TA18K,TA19K,NA22R,SA46D,KA55R,EA56D,GA57D,DA58R,DA59E,SA63E,NA67K,TA68E,VA69I,QA71E",1.4230006,1.1927200332283976,16,1EMV_A_B
"1EMV_QA15E,LA16F,SA46D,KA55R,EA56D,GA57D,DA58R,DA59E,SA63E,NA67K,TA68E,VA69I,QA71E",-0.20852913,1.3247379614756658,13,1EMV_A_B
"1EMV_SA46D,KA55R,EA56D,GA57D,DA58R,DA59E,SA63E,NA67K,TA68E,VA69I,QA71E",-0.51737255,1.3481352220882068,11,1EMV_A_B
"1EMV_SA63E,NA67K,TA68E,VA69I,QA71E",0.079110935,0.6277458429336548,5,1EMV_A_B
1EMV_RB54A,1.6664472,0.552825927734375,1,1EMV_A_B
1EMV_NB72A,1.1651908,5.24980354309082,1,1EMV_A_B
1EMV_SB74A,-0.24112797,-1.8316798210144043,1,1EMV_A_B
1EMV_NB75A,2.335586,1.627253174781799,1,1EMV_A_B
1EMV_SB77A,-0.2329935,-1.9849528074264529,1,1EMV_A_B
1EMV_SB78A,-0.5401385,-2.2485625743865967,1,1EMV_A_B
1EMV_SB84A,-0.109472424,-0.11082124710083,1,1EMV_A_B
1EMV_FB86A,3.880681,4.2027668952941895,1,1EMV_A_B
1EMV_TB87A,0.15850577,1.003312110900879,1,1EMV_A_B
1EMV_QB92A,-0.27772808,1.807387351989746,1,1EMV_A_B
1EMV_KB97A,1.9605148,4.533794403076172,1,1EMV_A_B
1EMV_VB98A,1.0893401,2.2446813583374023,1,1EMV_A_B
"1EMV_FB86A,LA31A",6.679958,4.497718095779419,2,1EMV_A_B
"1EMV_FB86A,VA32A",4.665833,3.3637421131134033,2,1EMV_A_B
"1EMV_FB86A,VA35A",4.068404,4.116695165634155,2,1EMV_A_B
"1EMV_FB86A,YA52A",8.723507,3.059264659881592,2,1EMV_A_B
"1EMV_FB86A,YA53A",8.263228,3.2005467414855957,2,1EMV_A_B
1EMV_CA21A,0.9219699,2.0121326446533203,1,1EMV_A_B
1EMV_NA22A,0.13947128,2.748262405395508,1,1EMV_A_B
1EMV_DA24A,0.33674702,2.2882111072540283,1,1EMV_A_B
1EMV_TA25A,0.7284602,-0.0738773345947265,1,1EMV_A_B
1EMV_SA26A,0.17317432,0.9472328424453736,1,1EMV_A_B
1EMV_SA27A,0.9564332,5.061946868896484,1,1EMV_A_B
1EMV_EA28A,1.4166348,0.7161769866943359,1,1EMV_A_B
1EMV_EA29A,0.30701202,0.4561433792114258,1,1EMV_A_B
1EMV_EA30A,0.22038573,0.5661287307739258,1,1EMV_A_B
1EMV_LA31A,3.4192789,4.792669296264648,1,1EMV_A_B
1EMV_VA32A,2.5794504,2.524717330932617,1,1EMV_A_B
1EMV_KA33A,0.1919839,-0.4338797330856323,1,1EMV_A_B
1EMV_LA34A,0.9071285,2.368328332901001,1,1EMV_A_B
1EMV_VA35A,1.6646124,4.030623435974121,1,1EMV_A_B
1EMV_TA36A,0.8999665,0.9042835235595704,1,1EMV_A_B
1EMV_EA39A,2.0840137,2.460582733154297,1,1EMV_A_B
1EMV_EA40A,0.6581445,1.068495273590088,1,1EMV_A_B
1EMV_TA42A,0.30482987,4.226660251617432,1,1EMV_A_B
1EMV_EA43A,0.21277381,1.533184051513672,1,1EMV_A_B
1EMV_HA44A,0.83218384,4.644102096557617,1,1EMV_A_B
1EMV_PA45A,0.43746877,3.362666606903076,1,1EMV_A_B
1EMV_SA46A,0.0072694407,-0.560673713684082,1,1EMV_A_B
1EMV_GA47A,1.4860435,3.928028345108032,1,1EMV_A_B
1EMV_SA48A,2.1882205,0.7360706329345703,1,1EMV_A_B
1EMV_DA49A,5.9181285,5.122223377227783,1,1EMV_A_B
1EMV_LA50A,0.6013164,3.729014158248901,1,1EMV_A_B
1EMV_IA51A,0.8481252,4.626407623291016,1,1EMV_A_B
1EMV_YA52A,4.8368015,1.915762424468994,1,1EMV_A_B
1EMV_YA53A,4.6368327,2.198326587677002,1,1EMV_A_B
1EMV_PA54A,1.2428403,4.366126537322998,1,1EMV_A_B
1EMV_DA58A,0.51131344,-0.5158648490905762,1,1EMV_A_B
1EMV_SA61A,0.8704198,4.958160400390625,1,1EMV_A_B
1EMV_VA66A,1.856675,4.284196853637695,1,1EMV_A_B
1EMV_NA67A,0.27799726,-0.1541435718536377,1,1EMV_A_B
1F47_DA4A,0.69150615,0.6930760145187378,1,1F47_A_B
1F47_YA5A,0.86936694,4.1479315757751465,1,1F47_A_B
1F47_LA6A,0.92543113,4.941382884979248,1,1F47_A_B
1F47_DA7A,1.7336587,4.267051696777344,1,1F47_A_B
1F47_IA8A,2.5162454,4.090987682342529,1,1F47_A_B
1F47_PA9A,-0.057564855,-0.4684419631958008,1,1F47_A_B
1F47_FA11A,2.4454827,1.672091007232666,1,1F47_A_B
1F47_LA12A,2.2953265,4.279594421386719,1,1F47_A_B
1F47_KA14A,-0.042640842,0.5368003845214844,1,1F47_A_B
1F47_QA15A,-0.04559572,-0.8296058177947998,1,1F47_A_B
1F47_DA7S,2.0648613,3.6019227504730225,1,1F47_A_B
1F47_DA7G,1.1393417,4.867542743682861,1,1F47_A_B
1F5R_KA129Q,-1.171374,-2.594841241836548,1,1F5R_A_I
1FC2_YC10W,0.41065642,,1,1FC2_C_D
1FC2_IC12W,3.1389987,,1,1FC2_C_D
1FC2_FC26W,0.0,,1,1FC2_C_D
1FC2_LC40W,0.0,,1,1FC2_C_D
1FC2_LC13D,1.4339519,,1,1FC2_C_D
1FC2_NC24A,0.60570234,,1,1FC2_C_D
1FC2_FC26A,0.06347805,,1,1FC2_C_D
1FC2_IC27A,5.2767673,,1,1FC2_C_D
1FC2_KC31A,1.5266206,,1,1FC2_C_D
1FC2_LC13D,0.82131284,,1,1FC2_C_D
1FC2_NC24A,0.58227795,,1,1FC2_C_D
1FC2_FC26A,-0.036154207,,1,1FC2_C_D
1FC2_IC27A,2.185484,,1,1FC2_C_D
1FC2_KC31A,1.2319692,,1,1FC2_C_D
1FC2_NC2F,-0.10801677,,1,1FC2_C_D
1FC2_NC7F,0.09132688,,1,1FC2_C_D
1FC2_QC28K,0.17043781,,1,1FC2_C_D
1FC2_NC2Q,0.0,,1,1FC2_C_D
1FC2_QC28L,0.45807788,,1,1FC2_C_D
1FC2_FC1M,0.91263974,,1,1FC2_C_D
1FC2_KC3D,1.0615314,,1,1FC2_C_D
1FC2_YC10F,1.0276679,,1,1FC2_C_D
1FC2_NC24F,0.8454979,,1,1FC2_C_D
1FCC_TC25A,0.24021861,-0.8109893798828125,1,1FCC_A_C
1FCC_EC27A,4.938011,5.178061008453369,1,1FCC_A_C
1FCC_KC28A,1.2561543,3.1289634704589844,1,1FCC_A_C
1FCC_KC31A,3.4775555,1.1201798915863037,1,1FCC_A_C
1FCC_NC35A,2.3651073,3.709608554840088,1,1FCC_A_C
1FCC_DC40A,0.27225083,0.8825926780700684,1,1FCC_A_C
1FCC_EC42A,0.3854419,1.331240177154541,1,1FCC_A_C
1FCC_WC43A,3.7731838,4.911818981170654,1,1FCC_A_C
"1FCC_TC44A,YC45A",1.9544508,2.8899067640304565,2,1FCC_A_C
1FFW_DA12K,0.04742146,5.102147102355957,1,1FFW_A_B
1FFW_TA86I,-0.31932956,-1.65077543258667,1,1FFW_A_B
1FFW_AA89V,0.09132688,3.580465793609619,1,1FFW_A_B
1FFW_EA92K,0.82131284,1.374691605567932,1,1FFW_A_B
1FFW_YA105W,0.71329606,0.2406971454620361,1,1FFW_A_B
1FFW_VA107M,1.1313123,4.796998023986816,1,1FFW_A_B
1FFW_FA110V,1.2561543,5.41046142578125,1,1FFW_A_B
1FFW_TA111I,0.56228465,4.665832042694092,1,1FFW_A_B
1FFW_EA116K,0.71329606,-1.0178468227386477,1,1FFW_A_B
1FFW_EB13A,0.7167709,4.874936103820801,1,1FFW_A_B
1FFW_EB20A,0.63914293,1.446881651878357,1,1FFW_A_B
1FFW_HB23A,0.033863615,0.7319917678833008,1,1FFW_A_B
1FFW_DB44A,-0.074153155,3.704113483428955,1,1FFW_A_B
1FFW_DB49A,0.096284665,1.982775449752808,1,1FFW_A_B
1FFW_CB55A,0.20430143,1.5559152364730835,1,1FFW_A_B
1FFW_FB56A,3.6459398,3.210521697998047,1,1FFW_A_B
1FFW_IB58A,0.42783016,5.251395225524902,1,1FFW_A_B
1FFW_AA102V,1.3641711,5.184097766876221,1,1FFW_A_B
1FFW_YA50C,0.12541981,4.920140266418457,1,1FFW_A_B
1FR2_AA39E,-2.0840137,-0.0560817718505859,1,1FR2_A_B
1FSS_TB8V,0.36920932,1.9529633522033687,1,1FSS_A_B
1FSS_TB9I,-0.23226611,3.104413747787476,1,1FSS_A_B
1FSS_TB9N,1.1990469,2.0680863857269287,1,1FSS_A_B
"1FSS_TB8V,TB9I",0.4418453,2.5286885499954224,2,1FSS_A_B
"1FSS_TB8V,TB9N",0.28640708,2.010524868965149,2,1FSS_A_B
1FSS_RB11K,0.3153129,-0.3603165745735168,1,1FSS_A_B
1FSS_AB12S,0.32464305,3.2611935138702397,1,1FSS_A_B
1FSS_RB27F,2.4362824,2.3967785835266118,1,1FSS_A_B
1FSS_RB27M,2.6641393,2.552546262741089,1,1FSS_A_B
1FSS_RB27Y,2.629225,1.862512826919556,1,1FSS_A_B
1FSS_HB29K,-0.6196861,-1.4349886178970337,1,1FSS_A_B
1FSS_HB29R,-1.4884205,-0.9800598621368408,1,1FSS_A_B
1FSS_KB32R,1.0825053,-0.1908953189849853,1,1FSS_A_B
1FSS_MB33F,0.9372821,0.5224385261535645,1,1FSS_A_B
1FSS_MB33L,0.96304494,-2.3749003410339355,1,1FSS_A_B
1FSS_MB33Q,1.5725946,1.1237249374389648,1,1FSS_A_B
1FSS_MB33Y,1.39536,0.6237778663635254,1,1FSS_A_B
1FSS_VB34T,1.5859588,2.1804089546203613,1,1FSS_A_B
1FSS_LB35W,1.4518267,4.51664924621582,1,1FSS_A_B
1FSS_NB47F,0.49276206,0.8615717887878418,1,1FSS_A_B
1FSS_NB47W,0.11596926,1.220530986785889,1,1FSS_A_B
1FSS_NB47R,-0.5349058,-0.3869442939758301,1,1FSS_A_B
"1FSS_TB8V,TB9N,RB11K,HB29R,KB32R",0.80188644,0.49795559644699094,5,1FSS_A_B
1FSS_TB8V,-0.5380996,1.9529633522033687,1,1FSS_A_B
1FSS_TB9N,1.3038697,2.0680863857269287,1,1FSS_A_B
"1FSS_TB8V,TB9N",0.429466,2.010524868965149,2,1FSS_A_B
1FSS_RB11K,0.31773478,-0.3603165745735168,1,1FSS_A_B
1FSS_HB29R,-1.0577215,-0.9800598621368408,1,1FSS_A_B
1FSS_KB32R,1.1873283,-0.1908953189849853,1,1FSS_A_B
"1FSS_TB8V,TB9N,RB11K,HB29R",-0.39184684,0.670168325304985,4,1FSS_A_B
1FY8_DE168N,0.17043781,4.322654724121094,1,1FY8_E_I
1FY8_QE128K,1.171374,1.9763660430908203,1,1FY8_E_I
1GC1_KC1A,0.062421046,-0.001551866531372,1,1GC1_G_C
1GC1_KC2A,-0.016689893,1.4147884845733645,1,1GC1_G_C
1GC1_KC7A,0.9978901,2.9138617515563965,1,1GC1_G_C
1GC1_KC8A,0.10526757,0.5028469562530518,1,1GC1_G_C
1GC1_DC10A,0.0,0.6565425395965576,1,1GC1_G_C
1GC1_TC11A,0.0,3.884919881820679,1,1GC1_G_C
1GC1_TC15A,0.32206604,1.3382811546325684,1,1GC1_G_C
1GC1_TC17A,-0.12810181,2.1477112770080566,1,1GC1_G_C
1GC1_SC19A,0.0,0.3690290451049804,1,1GC1_G_C
1GC1_QC20A,-0.016689893,0.0527300834655761,1,1GC1_G_C
1GC1_KC21A,-0.12810181,0.908565878868103,1,1GC1_G_C
1GC1_KC22A,0.24021861,1.4999306201934814,1,1GC1_G_C
1GC1_SC23A,0.29268223,-0.925749659538269,1,1GC1_G_C
1GC1_QC25A,0.032032233,0.2884857654571533,1,1GC1_G_C
1GC1_HC27A,0.28255463,-1.1209182739257812,1,1GC1_G_C
1GC1_KC29A,0.5362386,1.66257905960083,1,1GC1_G_C
1GC1_NC30A,0.17043781,4.25274658203125,1,1GC1_G_C
1GC1_SC31A,0.10526757,1.313402771949768,1,1GC1_G_C
1GC1_NC32A,0.18265375,1.643538475036621,1,1GC1_G_C
1GC1_QC33A,0.10526757,1.1038553714752195,1,1GC1_G_C
1GC1_KC35A,0.32206604,0.6721725463867188,1,1GC1_G_C
1GC1_NC39A,0.46562514,5.033639907836914,1,1GC1_G_C
1GC1_QC40A,-0.41065642,-0.0664100646972656,1,1GC1_G_C
1GC1_SC42A,0.0,0.6377415657043457,1,1GC1_G_C
1GC1_LC44A,1.0560203,1.7874016761779783,1,1GC1_G_C
1GC1_TC45A,-0.14889173,0.4585599899291992,1,1GC1_G_C
1GC1_KC46A,1.431019,4.6046295166015625,1,1GC1_G_C
1GC1_SC49A,0.6111744,4.36042594909668,1,1GC1_G_C
1GC1_KC50A,0.04742146,1.9614262580871584,1,1GC1_G_C
1GC1_LC51A,1.2340229,3.822560787200928,1,1GC1_G_C
1GC1_NC52A,0.70833826,-0.5401906967163086,1,1GC1_G_C
1GC1_DC53A,0.30263966,0.5279364585876465,1,1GC1_G_C
1GC1_DC56A,-0.0697808,1.5444746017456057,1,1GC1_G_C
1GC1_RC58A,0.13220184,1.5211228132247925,1,1GC1_G_C
1GC1_RC59A,1.1759138,0.9454448223114014,1,1GC1_G_C
1GC1_SC60A,-0.088590376,0.4279654026031494,1,1GC1_G_C
1GC1_DC63A,-0.31932956,0.8797135353088379,1,1GC1_G_C
1GC1_QC64A,0.44268864,0.2228331565856933,1,1GC1_G_C
1GC1_NC66A,-0.033863615,0.9614200592041016,1,1GC1_G_C
1GC1_KC72A,-0.016689893,2.542721748352051,1,1GC1_G_C
1GC1_NC73A,-0.10801677,3.712501764297485,1,1GC1_G_C
1GC1_KC75A,0.15796468,2.281693458557129,1,1GC1_G_C
1GC1_EC77A,0.56228465,2.571718692779541,1,1GC1_G_C
1GC1_YC82A,1.2906759,5.589825630187988,1,1GC1_G_C
1GC1_EC85A,1.3232962,1.8617193698883057,1,1GC1_G_C
1GC1_VC86A,-0.0697808,1.272751808166504,1,1GC1_G_C
1GC1_EC87A,0.21785927,1.3960559368133545,1,1GC1_G_C
1GC1_DC88A,-0.0697808,1.5238251686096191,1,1GC1_G_C
1GC1_QC89A,0.17043781,0.5992889404296875,1,1GC1_G_C
1GC1_KC90A,0.04742146,0.8302180767059326,1,1GC1_G_C
1GC1_EC91A,-0.12810181,1.762416124343872,1,1GC1_G_C
1GC1_EC92A,0.016232576,3.660043478012085,1,1GC1_G_C
1GC1_QC94A,-0.10801677,1.6735353469848633,1,1GC1_G_C
1GC1_QC89L,-0.31092584,0.8034505844116211,1,1GC1_G_C
"1GC1_QC40A,DC63A",-0.4992468,0.40665173530578613,2,1GC1_G_C
"1GC1_QC40A,DC63A,QC89L",-0.8482471,0.5389180183410645,3,1GC1_G_C
1GCQ_PC5A,0.7678361,2.2049660682678223,1,1GCQ_AB_C
1GCQ_AC42G,1.353496,4.692907810211182,1,1GCQ_AB_C
1GCQ_WC47Y,2.147248,4.310088157653809,1,1GCQ_AB_C
1GCQ_PC67A,1.3164557,5.089329719543457,1,1GCQ_AB_C
1GCQ_PC18A,0.120808184,4.441223621368408,1,1GCQ_AB_C
1GCQ_PC19A,0.08525039,4.730728626251221,1,1GCQ_AB_C
1GCQ_GC21V,-0.025214529,4.856598377227783,1,1GCQ_AB_C
1GL0_MI28K,-0.5578579,-2.029921531677246,1,1GL0_E_I
"1GL0_MI28K,LI27R",3.837295,-0.37528955936431885,2,1GL0_E_I
1GL1_LI29V,4.259237,5.21943473815918,1,1GL1_A_I
"1GL1_KI30M,AI31G",-0.13220184,2.5417045950889587,2,1GL1_A_I
1GRN_DA38E,0.3898665,2.40224027633667,1,1GRN_A_B
1GUA_RB4A,1.0008436,1.5613734722137451,1,1GUA_A_B
1GUA_NB9A,-0.3999384,2.7095227241516118,1,1GUA_A_B
1GUA_KB10A,-0.3999384,1.4987225532531738,1,1GUA_A_B
1GUA_QB11A,0.10035651,2.861072063446045,1,1GUA_A_B
1GUA_TB13A,0.70115525,-0.3194323778152466,1,1GUA_A_B
1GUA_VB14A,0.10035651,4.258817672729492,1,1GUA_A_B
1GUA_KB29A,1.999214,1.3109122514724731,1,1GUA_A_B
1GUA_KB32A,0.79927695,0.786413311958313,1,1GUA_A_B
1GUA_VB33A,0.20002995,1.47402024269104,1,1GUA_A_B
1GUA_EA37A,1.3008146,0.0507967472076416,1,1GUA_A_B
1GUA_SA39A,1.4003003,2.327932357788086,1,1GUA_A_B
"1GUA_RB4A,EA37A",1.3008146,0.8060851097106934,2,1GUA_A_B
"1GUA_VB14A,EA37A",1.7006744,2.154807209968567,2,1GUA_A_B
1GUA_DA30E,0.24021861,-1.0501137971878052,1,1GUA_A_B
"1GUA_DA30E,EA31K",2.0150461,0.08299237489700315,2,1GUA_A_B
1H9D_RB2A,1.1621885,0.7985032796859741,1,1H9D_A_B
1H9D_VB3A,1.402407,2.9856765270233154,1,1H9D_A_B
1H9D_GB60A,2.0774672,5.635672569274902,1,1H9D_A_B
1H9D_QB66A,1.3641711,1.1568021774291992,1,1H9D_A_B
1H9D_LB93A,0.94020057,5.024675369262695,1,1H9D_A_B
1H9D_NB94A,2.3043716,5.456374168395996,1,1H9D_A_B
1HE8_KA80V,0.47535175,1.5589065551757812,1,1HE8_A_B
"1HE8_KA80V,FA78S",2.1622477,0.9282722473144532,2,1HE8_A_B
"1HE8_KA80V,RA83A",1.8978438,1.6066062450408936,2,1HE8_A_B
"1HE8_KA80V,TA89D",2.1622477,1.9290934801101685,2,1HE8_A_B
"1HE8_KA80V,KA91A",1.5231047,1.391337871551514,2,1HE8_A_B
"1HE8_KA80V,KA108A",2.1622477,1.0709164142608643,2,1HE8_A_B
"1HE8_KA80V,KA108E",2.1622477,0.6119304895401001,2,1HE8_A_B
"1HE8_KA80V,DA95A",1.038295,1.8482253551483154,2,1HE8_A_B
"1HE8_KA80V,KA111A",1.9676247,1.1797215938568115,2,1HE8_A_B
"1HE8_KA80V,KA112A",2.1622477,1.4642624855041504,2,1HE8_A_B
"1HE8_KA80V,KA113A",1.675856,2.833395004272461,2,1HE8_A_B
"1HE8_KA80V,DA117A",0.9443292,1.1649432182312012,2,1HE8_A_B
"1HE8_KA80V,EA124K",-0.09897152,1.397040843963623,2,1HE8_A_B
"1HE8_KA80V,EA606A",0.45456183,1.5276362895965576,2,1HE8_A_B
"1HE8_KA80V,EA606K",-0.45807788,1.4378331899642944,2,1HE8_A_B
1IAR_IA5A,1.171374,2.122354507446289,1,1IAR_A_B
1IAR_IA5R,0.7960983,0.9821466207504272,1,1IAR_A_B
1IAR_TA6A,-0.10364441,0.1272299289703369,1,1IAR_A_B
1IAR_TA6D,1.3927286,2.116320371627808,1,1IAR_A_B
1IAR_QA8A,-0.022359332,0.8856072425842285,1,1IAR_A_B
1IAR_QA8R,0.038921285,-0.7156707048416138,1,1IAR_A_B
1IAR_EA9Q,3.1128292,1.6771104335784912,1,1IAR_A_B
1IAR_IA11A,0.06896754,-0.5161101818084717,1,1IAR_A_B
1IAR_KA12S,-0.014812071,-0.11118745803833,1,1IAR_A_B
1IAR_KA12E,0.13947128,-0.5629677772521973,1,1IAR_A_B
1IAR_TA13A,0.97857684,0.4944117069244385,1,1IAR_A_B
1IAR_TA13D,-0.21867253,0.4498000144958496,1,1IAR_A_B
1IAR_NA15A,-0.033863615,1.3364031314849854,1,1IAR_A_B
1IAR_NA15D,-0.07806697,-0.1732996702194214,1,1IAR_A_B
1IAR_SA16A,-0.18275535,-0.4299607276916504,1,1IAR_A_B
1IAR_SA16D,-0.10364441,-0.2529129981994629,1,1IAR_A_B
1IAR_EA19A,-0.3199568,0.6338081359863281,1,1IAR_A_B
1IAR_EA19R,-0.116859496,0.6998698711395264,1,1IAR_A_B
1IAR_RA53Q,0.83576363,0.6788643598556519,1,1IAR_A_B
1IAR_KA77A,0.15374792,1.744678974151611,1,1IAR_A_B
1IAR_KA77E,0.6118258,0.6170501708984375,1,1IAR_A_B
1IAR_QA78A,0.12484209,1.0107882022857666,1,1IAR_A_B
1IAR_QA78E,0.2450748,0.3101587295532226,1,1IAR_A_B
1IAR_RA81A,0.47962397,0.4362478256225586,1,1IAR_A_B
1IAR_RA81E,1.4617344,0.3149278163909912,1,1IAR_A_B
1IAR_FA82A,-0.086470686,0.4562857151031494,1,1IAR_A_B
1IAR_FA82D,-0.5806068,-1.1286187171936035,1,1IAR_A_B
1IAR_KA84A,0.34497565,4.060888767242432,1,1IAR_A_B
1IAR_KA84D,1.8800951,3.920423030853272,1,1IAR_A_B
1IAR_RA85A,0.426889,2.368803024291992,1,1IAR_A_B
1IAR_RA85E,1.2246095,1.648654580116272,1,1IAR_A_B
1IAR_RA88Q,2.8289993,2.114055871963501,1,1IAR_A_B
1IAR_RA88A,3.7547178,1.8570258617401123,1,1IAR_A_B
1IAR_NA89A,1.558794,3.891582489013672,1,1IAR_A_B
1IAR_WA91A,0.72952867,-1.772839069366455,1,1IAR_A_B
1IAR_WA91D,1.3066063,-0.1197414398193359,1,1IAR_A_B
1JCK_TB20A,1.6548417,2.365041971206665,1,1JCK_A_B
1JCK_YB26A,1.7748275,-0.6983776092529297,1,1JCK_A_B
1JCK_NB60A,1.6426257,0.4888937473297119,1,1JCK_A_B
1JCK_YB90A,2.5961404,4.602606773376465,1,1JCK_A_B
1JCK_VB91A,2.2329054,4.185257911682129,1,1JCK_A_B
1JCK_KB103A,0.6766379,-2.2769927978515625,1,1JCK_A_B
1JCK_FB176A,2.1339338,0.69000244140625,1,1JCK_A_B
1JCK_TB20A,1.3232962,2.365041971206665,1,1JCK_A_B
1JCK_NB23A,2.0774672,5.2744011878967285,1,1JCK_A_B
1JCK_YB26A,1.7478932,-0.6983776092529297,1,1JCK_A_B
1JCK_NB60A,1.0159358,0.4888937473297119,1,1JCK_A_B
1JCK_YB90A,2.0774672,4.602606773376465,1,1JCK_A_B
1JCK_VB91A,1.9302658,4.185257911682129,1,1JCK_A_B
1JCK_GB102A,0.013021447,3.245715618133545,1,1JCK_A_B
1JCK_KB103A,0.12956285,-2.2769927978515625,1,1JCK_A_B
1JCK_FB176A,1.787849,0.69000244140625,1,1JCK_A_B
1JCK_QB210A,2.0774672,-0.8615199327468872,1,1JCK_A_B
1JRH_TI4V,-0.025577439,1.3037428855895996,1,1JRH_LH_I
"1JRH_TI9L,EI11K",-0.025577439,1.0351507663726807,2,1JRH_LH_I
"1JRH_MI15L,II18V",-0.2137017,-0.6165018081665039,2,1JRH_LH_I
"1JRH_II25N,PI27S,VI29T,VI31I",0.1437703,-0.388939768075943,4,1JRH_LH_I
1JRH_EI35Q,0.099613056,0.507861852645874,1,1JRH_LH_I
"1JRH_AI49S,II51T,HI55D",0.070707224,0.8131730556488037,3,1JRH_LH_I
"1JRH_SI61Y,DI62E,HI63Q,VI64I,GI65M,DI66Y,SI68D,NI69V,LI71A",2.9601572,2.172711041238573,9,1JRH_LH_I
"1JRH_VI73A,RI78K",-0.2137017,2.143138587474823,2,1JRH_LH_I
"1JRH_AI85D,KI88R,EI90K",-0.047769245,0.03868945439656573,3,1JRH_LH_I
"1JRH_AI93L,VI94M",0.63394666,0.00051963329315185,2,1JRH_LH_I
1JRH_EL27A,0.54285824,3.5174484252929688,1,1JRH_LH_I
1JRH_DL28A,0.43484148,4.708678245544434,1,1JRH_LH_I
1JRH_YL30A,1.1089529,1.9868075847625728,1,1JRH_LH_I
1JRH_YL91A,0.58109426,5.717077255249023,1,1JRH_LH_I
1JRH_WL92A,2.819669,-0.4028182029724121,1,1JRH_LH_I
1JRH_SL93A,-0.65087503,2.547837734222412,1,1JRH_LH_I
1JRH_TL94A,0.3854419,0.6372809410095215,1,1JRH_LH_I
1JRH_WL95A,1.6668108,0.6969413757324219,1,1JRH_LH_I
1JRH_YH32A,1.4339519,-0.4762306213378906,1,1JRH_LH_I
1JRH_WH54A,2.6874673,2.881675243377685,1,1JRH_LH_I
1JRH_WH55A,2.422402,0.1717729568481445,1,1JRH_LH_I
1JRH_DH56A,1.8869443,4.843864917755127,1,1JRH_LH_I
1JRH_DH57A,1.6668108,1.4062581062316897,1,1JRH_LH_I
1JRH_DH58A,1.8554794,0.2962398529052734,1,1JRH_LH_I
1JRH_YH60A,1.2561543,-0.1428854465484619,1,1JRH_LH_I
1JRH_RH100A,0.54285824,2.5485968589782715,1,1JRH_LH_I
1JRH_FH103A,0.0,-0.5162596702575684,1,1JRH_LH_I
1JRH_YH104A,1.0615314,1.6220252513885498,1,1JRH_LH_I
1JRH_HH107A,1.6985312,3.1777684688568115,1,1JRH_LH_I
"1JRH_EI45P,II47R",-3.4416382,0.39001524448394775,2,1JRH_LH_I
"1JRH_SI44G,EI45G,II47R",-3.3792171,0.8630790710449219,3,1JRH_LH_I
"1JRH_EI45P,II47L",-3.4583282,0.8388912677764891,2,1JRH_LH_I
"1JRH_SI44G,EI45P,II47K",-3.8861582,-0.03942783673604327,3,1JRH_LH_I
1JRH_EI45P,-3.7898736,0.2190313339233398,1,1JRH_LH_I
1JRH_KI37A,3.5787568,2.368569612503052,1,1JRH_LH_I
1JRH_KI37M,3.2938035,3.038894891738892,1,1JRH_LH_I
1JRH_NI38A,-0.2931167,0.5219011306762695,1,1JRH_LH_I
1JRH_NI38Q,0.36357772,-0.1419658660888672,1,1JRH_LH_I
1JRH_YI39A,3.4007633,1.0454788208007812,1,1JRH_LH_I
1JRH_YI39F,0.79070747,0.8193178176879883,1,1JRH_LH_I
1JRH_GI40A,4.5273547,4.873559474945068,1,1JRH_LH_I
1JRH_VI41A,1.8835297,3.162245512008667,1,1JRH_LH_I
1JRH_KI42A,2.9847934,1.9106864929199217,1,1JRH_LH_I
1JRH_KI42M,4.913826,1.849844455718994,1,1JRH_LH_I
1JRH_NI43A,3.893992,3.92550277709961,1,1JRH_LH_I
1JRH_SI44A,0.29768187,1.7243788242340088,1,1JRH_LH_I
1JRH_EI45A,-0.43501294,0.8612275123596191,1,1JRH_LH_I
1JRH_WI46F,-0.65707874,4.936069488525391,1,1JRH_LH_I
1JRH_WI46Y,0.016232576,4.83062744140625,1,1JRH_LH_I
1JRH_NI69A,-0.39924708,5.529443740844727,1,1JRH_LH_I
1JRH_WI72A,4.5293264,0.7565100193023682,1,1JRH_LH_I
1JRH_WI72F,1.1089529,-1.116340160369873,1,1JRH_LH_I
1JRH_WI72Y,1.1355636,-2.382253170013428,1,1JRH_LH_I
1JRH_RI74A,-0.24642235,4.61072301864624,1,1JRH_LH_I
1JRH_KI88A,-0.042640842,0.4855160713195801,1,1JRH_LH_I
1JRH_KI37A,3.8522947,2.368569612503052,1,1JRH_LH_I
1JRH_NI38A,0.63418514,0.5219011306762695,1,1JRH_LH_I
1JRH_NI38Q,0.70584375,-0.1419658660888672,1,1JRH_LH_I
1JRH_YI39A,3.6566424,1.0454788208007812,1,1JRH_LH_I
1JRH_YI39F,1.0276679,0.8193178176879883,1,1JRH_LH_I
1JRH_GI40A,4.377107,4.873559474945068,1,1JRH_LH_I
1JRH_VI41A,1.476288,3.162245512008667,1,1JRH_LH_I
1JRH_KI42A,3.7898736,1.9106864929199217,1,1JRH_LH_I
1JRH_NI43A,4.7095246,3.92550277709961,1,1JRH_LH_I
1JRH_SI44A,0.45807788,1.7243788242340088,1,1JRH_LH_I
1JRH_EI45A,-0.6970635,0.8612275123596191,1,1JRH_LH_I
1JRH_WI46F,0.15162824,4.936069488525391,1,1JRH_LH_I
1JRH_WI46Y,0.58109426,4.83062744140625,1,1JRH_LH_I
1JRH_NI69A,0.0,5.529443740844727,1,1JRH_LH_I
1JRH_WI72A,4.3327317,0.7565100193023682,1,1JRH_LH_I
1JRH_WI72F,1.0974486,-1.116340160369873,1,1JRH_LH_I
1JRH_WI72Y,1.2411548,-2.382253170013428,1,1JRH_LH_I
1JRH_RI74A,1.0320082,4.61072301864624,1,1JRH_LH_I
1JRH_KI88A,0.6671076,0.4855160713195801,1,1JRH_LH_I
1JTD_QA73A,0.5186732,-1.7933733463287354,1,1JTD_A_B
1JTD_NA74A,0.8012278,-0.6124169826507568,1,1JTD_A_B
1JTD_LA76A,1.7339525,4.482509136199951,1,1JTD_A_B
1JTD_EA78A,0.84073925,1.0178093910217283,1,1JTD_A_B
1JTD_YA79A,2.25086,0.8646383285522461,1,1JTD_A_B
1JTD_PA81A,1.7339525,1.990729570388794,1,1JTD_A_B
1JTD_EA84A,0.038235974,0.7727677822113037,1,1JTD_A_B
1JTD_KA85A,2.144609,1.060229778289795,1,1JTD_A_B
1JTD_MA103A,2.5226452,0.4100356101989746,1,1JTD_A_B
1JTD_VA190A,0.038235974,3.080472707748413,1,1JTD_A_B
1JTD_MA244A,0.27845457,0.1752886772155761,1,1JTD_A_B
1JTD_NB12A,1.3017501,-0.5115222930908203,1,1JTD_A_B
1JTD_DB14A,1.508105,-1.671199917793274,1,1JTD_A_B
1JTD_WB15A,1.3930769,2.4513564109802246,1,1JTD_A_B
1JTD_TB19A,0.29518732,3.646446704864502,1,1JTD_A_B
1JTD_YB35A,3.1518188,0.0397133827209472,1,1JTD_A_B
1JTD_FB36A,2.5512848,0.4705872535705566,1,1JTD_A_B
1JTD_LB53A,0.6671076,-0.4502229690551758,1,1JTD_A_B
1JTD_NB74A,1.2099658,-0.156233549118042,1,1JTD_A_B
1JTD_YB75A,0.48043722,0.6728169918060303,1,1JTD_A_B
1JTD_DB93A,1.9898316,0.7684135437011719,1,1JTD_A_B
1JTD_WB114A,3.2562008,-0.3013708591461181,1,1JTD_A_B
1JTD_DB129A,0.96087444,2.5769991874694824,1,1JTD_A_B
1JTD_SB131A,0.15162824,1.907959222793579,1,1JTD_A_B
1JTD_DB132A,-0.549062,1.322728395462036,1,1JTD_A_B
1JTD_YB153A,3.3001063,1.705652952194214,1,1JTD_A_B
1JTD_DB168A,-1.0615314,2.81889009475708,1,1JTD_A_B
1JTD_YB170A,2.027262,-1.4063501358032229,1,1JTD_A_B
1JTD_FB171A,2.2007148,3.188323974609375,1,1JTD_A_B
1JTD_IB191A,2.8903894,-2.9555513858795166,1,1JTD_A_B
1JTD_FB192A,3.9618523,2.375329971313477,1,1JTD_A_B
1JTD_YB210A,0.82439053,3.394836902618408,1,1JTD_A_B
1JTD_EB230A,1.8500687,0.3726062774658203,1,1JTD_A_B
1JTD_WB231A,5.8117375,4.404515266418457,1,1JTD_A_B
1JTD_RB248A,0.8883444,-0.0229493379592895,1,1JTD_A_B
1JTD_NB266A,2.6700213,0.625523567199707,1,1JTD_A_B
1JTG_GA212S,-0.26777947,5.247931003570557,1,1JTG_A_B
1JTG_EA79K,4.23539,2.2671351432800293,1,1JTG_A_B
1JTG_DB49A,2.561484,-0.4802398681640625,1,1JTG_A_B
1JTG_FB142A,3.3792171,3.691748142242432,1,1JTG_A_B
"1JTG_GA212S,DB49A",2.6352172,2.383845567703247,2,1JTG_A_B
"1JTG_GA212S,FB142A",3.6818569,4.469839572906494,2,1JTG_A_B
"1JTG_EA79K,DB49A",5.640436,0.8934476375579834,2,1JTG_A_B
"1JTG_EA79K,FB142A",4.55472,2.9794416427612305,2,1JTG_A_B
1JTG_DB49A,1.814255,-0.4802398681640625,1,1JTG_A_B
"1JTG_SA209A,DB49A",1.6411058,0.17339539527893064,2,1JTG_A_B
"1JTG_SA105A,DB49A",1.3846319,0.5153665542602539,2,1JTG_A_B
"1JTG_SA209A,SA105A,DB49A",1.0941569,0.6192545890808107,3,1JTG_A_B
"1JTG_RA217A,DB49A",1.1116823,-0.1926490068435669,2,1JTG_A_B
"1JTG_KA208A,DB49A",1.5540214,3.1171083450317383,2,1JTG_A_B
"1JTG_RA217A,SA209A,DB49A",0.40804842,0.14724421501159665,3,1JTG_A_B
"1JTG_RA217A,SA105A,DB49A",1.2549387,0.3752249876658121,3,1JTG_A_B
"1JTG_SA209A,KA208A,DB49A",1.5348257,2.3537491162618003,3,1JTG_A_B
"1JTG_KA208A,SA105A,DB49A",1.3181936,2.5817298889160156,3,1JTG_A_B
"1JTG_RA217A,SA209A,SA105A,DB49A",0.8942657,0.4881764054298401,4,1JTG_A_B
"1JTG_SA209A,SA105A,KA208A,DB49A",0.6092561,2.1430550813674927,4,1JTG_A_B
"1JTG_RA217A,KA208A,DB49A",1.9044213,2.1097195148468018,3,1JTG_A_B
"1JTG_RA217A,SA209A,KA208A,DB49A",2.0324264,1.7890473008155823,4,1JTG_A_B
"1JTG_KA208A,SA105A,RA217A,DB49A",1.4909704,1.960032880306244,4,1JTG_A_B
"1JTG_KA208A,SA209A,SA105A,RA217A,DB49A",1.7269722,1.7334324359893798,5,1JTG_A_B
1JTG_SA209A,1.2390827,0.8270306587219238,1,1JTG_A_B
1JTG_SA105A,0.7919731,1.5109729766845703,1,1JTG_A_B
"1JTG_SA209A,SA105A",1.1527344,1.169001817703247,2,1JTG_A_B
1JTG_RA217A,1.3393713,0.0949418544769287,1,1JTG_A_B
1JTG_KA208A,1.4172373,6.714456558227539,1,1JTG_A_B
"1JTG_RA217A,SA209A",0.7395939,0.4609862565994262,2,1JTG_A_B
"1JTG_RA217A,SA105A",1.8496946,0.8029574155807495,2,1JTG_A_B
"1JTG_SA209A,KA208A",2.0937233,3.7707436084747314,2,1JTG_A_B
"1JTG_KA208A,SA105A",1.9795986,4.112714767456055,2,1JTG_A_B
"1JTG_RA217A,SA209A,SA105A",1.6881089,0.810981829961141,3,1JTG_A_B
"1JTG_SA209A,SA105A,KA208A",1.8496946,3.017486731211344,3,1JTG_A_B
"1JTG_RA217A,KA208A",2.7300746,3.404699206352234,2,1JTG_A_B
"1JTG_RA217A,SA209A,KA208A",2.716957,2.5454763571421304,3,1JTG_A_B
"1JTG_KA208A,SA105A,RA217A",2.5094218,2.773457129796346,3,1JTG_A_B
"1JTG_KA208A,SA209A,SA105A,RA217A",2.7885036,2.2868505120277405,4,1JTG_A_B
1JTG_DB49A,1.7919657,-0.4802398681640625,1,1JTG_A_B
1JTG_KB74A,3.559509,4.079329490661621,1,1JTG_A_B
1JTG_FB142A,2.102992,3.691748142242432,1,1JTG_A_B
1JTG_YB143A,0.38202998,1.2634438276290894,1,1JTG_A_B
"1JTG_KB74A,FB142A",4.8523703,3.8855388164520264,2,1JTG_A_B
"1JTG_KB74A,YB143A",3.0586443,2.6713866591453552,2,1JTG_A_B
"1JTG_FB142A,YB143A",2.843151,2.4775959849357605,2,1JTG_A_B
"1JTG_KB74A,FB142A,YB143A",3.8954012,3.0115071535110474,3,1JTG_A_B
1JTG_EA79A,1.5529525,1.2543683052062988,1,1JTG_A_B
"1JTG_KB74A,EA79A",1.5768485,2.66684889793396,2,1JTG_A_B
"1JTG_FB142A,EA79A",2.7478888,2.4730582237243652,2,1JTG_A_B
"1JTG_YB143A,EA79A",1.8645554,1.258906066417694,2,1JTG_A_B
"1JTG_KB74A,FB142A,EA79A",3.13024,3.008481979370117,3,1JTG_A_B
"1JTG_KB74A,YB143A,EA79A",1.0506681,2.1990472078323364,3,1JTG_A_B
"1JTG_FB142A,YB143A,EA79A",2.8912807,2.06985342502594,3,1JTG_A_B
"1JTG_KB74A,FB142A,YB143A,EA79A",2.3889828,2.57222244143486,4,1JTG_A_B
1JTG_YA80A,-0.16837136,3.1138978004455566,1,1JTG_A_B
"1JTG_KB74A,YA80A",3.3223364,3.596613645553589,2,1JTG_A_B
"1JTG_FB142A,YA80A",0.6943663,3.402822971343994,2,1JTG_A_B
"1JTG_YB143A,YA80A",1.0754433,2.188670814037323,2,1JTG_A_B
"1JTG_KB74A,FB142A,YA80A",4.779135,3.6283251444498696,3,1JTG_A_B
"1JTG_KB74A,YB143A,YA80A",3.3951476,2.818890372912089,3,1JTG_A_B
"1JTG_FB142A,YB143A,YA80A",2.9869044,2.6896965901056924,3,1JTG_A_B
"1JTG_KB74A,FB142A,YB143A,YA80A",4.2294164,3.037104815244675,4,1JTG_A_B
"1JTG_EA79A,YA80A",1.02701,2.184133052825928,2,1JTG_A_B
"1JTG_KB74A,EA79A,YA80A",1.3861163,2.8158651987711587,3,1JTG_A_B
"1JTG_FB142A,EA79A,YA80A",1.505004,2.686671415964762,3,1JTG_A_B
"1JTG_YB143A,EA79A,YA80A",2.0546777,1.8772366444269817,3,1JTG_A_B
"1JTG_KB74A,FB142A,EA79A,YA80A",3.13024,3.034835934638977,4,1JTG_A_B
"1JTG_KB74A,YB143A,EA79A,YA80A",1.7679566,2.4277598559856415,4,1JTG_A_B
"1JTG_FB142A,YB143A,EA79A,YA80A",2.843151,2.330864518880844,4,1JTG_A_B
"1JTG_KB74A,FB142A,YB143A,EA79A,YA80A",2.412727,2.6805575132369994,5,1JTG_A_B
1JTG_RA217A,1.2657639,0.0949418544769287,1,1JTG_A_B
"1JTG_DB49A,RA217A",1.0992237,-0.1926490068435669,2,1JTG_A_B
"1JTG_KB74A,RA217A",6.6202683,2.087135672569275,2,1JTG_A_B
"1JTG_FB142A,RA217A",3.3951476,1.89334499835968,2,1JTG_A_B
"1JTG_YB143A,RA217A",2.2698503,0.679192841053009,2,1JTG_A_B
"1JTG_KB74A,FB142A,RA217A",5.496316,2.62200649579366,3,1JTG_A_B
"1JTG_KB74A,YB143A,RA217A",4.3731375,1.8125717242558796,3,1JTG_A_B
"1JTG_FB142A,YB143A,RA217A",4.5428014,1.6833779414494832,3,1JTG_A_B
"1JTG_KB74A,FB142A,YB143A,RA217A",5.2578373,2.2823658287525177,4,1JTG_A_B
1JTG_KA208A,1.02701,6.714456558227539,1,1JTG_A_B
"1JTG_DB49A,KA208A",1.6006519,3.1171083450317383,2,1JTG_A_B
"1JTG_KB74A,KA208A",6.548087,5.39689302444458,2,1JTG_A_B
"1JTG_FB142A,KA208A",3.3951476,5.203102350234985,2,1JTG_A_B
"1JTG_YB143A,KA208A",2.5566611,3.988950192928314,2,1JTG_A_B
"1JTG_KB74A,FB142A,KA208A",5.830841,4.828511397043864,3,1JTG_A_B
"1JTG_KB74A,YB143A,KA208A",4.876004,4.0190766255060835,3,1JTG_A_B
"1JTG_FB142A,YB143A,KA208A",4.6819324,3.8898828426996865,3,1JTG_A_B
"1JTG_KB74A,FB142A,YB143A,KA208A",5.472615,3.93724450469017,4,1JTG_A_B
1JTG_SA105A,0.33384764,1.5109729766845703,1,1JTG_A_B
"1JTG_DB49A,SA105A",0.35808927,0.5153665542602539,2,1JTG_A_B
"1JTG_KB74A,SA105A",3.1786304,2.7951512336730957,2,1JTG_A_B
"1JTG_FB142A,SA105A",2.843151,2.601360559463501,2,1JTG_A_B
"1JTG_YB143A,SA105A",1.7919657,1.38720840215683,2,1JTG_A_B
"1JTG_KB74A,FB142A,SA105A",5.161859,3.094016869862875,3,1JTG_A_B
"1JTG_KB74A,YB143A,SA105A",3.7284179,2.2845820983250937,3,1JTG_A_B
"1JTG_FB142A,YB143A,SA105A",4.1582785,2.1553883155186973,3,1JTG_A_B
"1JTG_KB74A,FB142A,YB143A,SA105A",5.0667753,2.636373609304428,4,1JTG_A_B
1JTG_QA74A,0.42960185,-1.4883732795715332,1,1JTG_A_B
1JTG_NA75A,-0.45580518,-1.809208393096924,1,1JTG_A_B
1JTG_VA78A,1.9107438,5.427943229675293,1,1JTG_A_B
1JTG_EA79A,1.7679566,1.2543683052062988,1,1JTG_A_B
1JTG_PA82A,-0.38275692,1.1231696605682373,1,1JTG_A_B
1JTG_EA85A,4.0619283,0.6235904693603516,1,1JTG_A_B
1JTG_MA104A,0.738821,-0.1060500144958496,1,1JTG_A_B
1JTG_EA143A,-0.07258199,1.4908649921417236,1,1JTG_A_B
1JTG_VA190A,-0.40694198,3.248802423477173,1,1JTG_A_B
1JTG_FB36A,3.2014196,4.658219337463379,1,1JTG_A_B
1JTG_HB41A,3.2497003,2.25345516204834,1,1JTG_A_B
1JTG_DB49A,1.6727427,-0.4802398681640625,1,1JTG_A_B
1JTG_YB50A,-0.40694198,1.3329637050628662,1,1JTG_A_B
1JTG_YB53A,2.0774672,4.614760398864746,1,1JTG_A_B
1JTG_SB71A,0.35808927,0.0598410367965698,1,1JTG_A_B
1JTG_KB74A,3.8236682,4.079329490661621,1,1JTG_A_B
1JTG_WB112A,3.0105112,-0.282975435256958,1,1JTG_A_B
1JTG_SB113A,-0.16837136,1.574251413345337,1,1JTG_A_B
1JTG_FB142A,2.5082707,3.691748142242432,1,1JTG_A_B
1JTG_HB148A,2.7478888,1.1706047058105469,1,1JTG_A_B
1JTG_WB150A,4.253562,0.1218652725219726,1,1JTG_A_B
1JTG_RB160A,2.2222042,1.2813639640808103,1,1JTG_A_B
1JTG_WB162A,2.3408265,2.577337741851806,1,1JTG_A_B
"1JTG_QA74A,HB148A",3.2014196,-0.15888428688049314,2,1JTG_A_B
"1JTG_QA74A,WB150A",3.8236682,-0.6832540035247802,2,1JTG_A_B
"1JTG_QA74A,RB160A",3.7509472,-0.1035046577453613,2,1JTG_A_B
"1JTG_NA75A,HB148A",2.102992,-0.3193018436431885,2,1JTG_A_B
"1JTG_NA75A,WB150A",4.3494678,-0.8436715602874756,2,1JTG_A_B
"1JTG_NA75A,RB160A",1.5768485,-0.26392221450805664,2,1JTG_A_B
"1JTG_EA143A,WB162A",2.0774672,2.034101366996765,2,1JTG_A_B
"1JTG_VA78A,WB162A",4.2294164,4.00264048576355,2,1JTG_A_B
"1JTG_MA104A,YB53A",3.6092749,2.2543551921844482,2,1JTG_A_B
"1JTG_MA104A,YB50A",0.35808927,0.6134568452835083,2,1JTG_A_B
"1JTG_MA104A,FB36A",3.6313221,2.2760846614837646,2,1JTG_A_B
"1JTG_PA82A,HB41A",2.6529458,1.6883124113082886,2,1JTG_A_B
"1JTG_PA82A,YB50A",-0.6471606,1.2280666828155518,2,1JTG_A_B
"1JTG_PA82A,YB53A",2.3889828,2.8689650297164917,2,1JTG_A_B
"1JTG_VA190A,YB50A",-0.88553065,2.2908830642700195,2,1JTG_A_B
"1JTG_EA85A,SB113A,SB71A",5.04229,0.7525609731674194,3,1JTG_A_B
"1JTG_EA85A,SB113A",4.565591,1.0989209413528442,2,1JTG_A_B
"1JTG_EA85A,SB71A",5.019354,0.3417157530784607,2,1JTG_A_B
"1JTG_SB71A,SB113A",0.4560681,0.8170462250709534,2,1JTG_A_B
"1JTG_EA79A,SB113A",1.8645554,1.414309859275818,2,1JTG_A_B
"1JTG_QA74A,WB112A",3.5377367,-0.8856743574142456,2,1JTG_A_B
"1JTG_QA74A,WB162A",2.8912807,0.5444822311401367,2,1JTG_A_B
"1JTG_QA74A,KB74A",4.1096516,1.295478105545044,2,1JTG_A_B
"1JTG_QA74A,FB142A",2.8191366,1.1016874313354492,2,1JTG_A_B
"1JTG_QA74A,DB49A",2.1983838,-0.984306573867798,2,1JTG_A_B
"1JTG_NA75A,WB112A",2.7952178,-1.046091914176941,2,1JTG_A_B
"1JTG_NA75A,WB162A",2.102992,0.3840646743774414,2,1JTG_A_B
"1JTG_NA75A,RB160A",1.5768485,-0.26392221450805664,2,1JTG_A_B
"1JTG_NA75A,KB74A",3.511833,1.1350605487823486,2,1JTG_A_B
"1JTG_NA75A,FB142A",2.2936041,0.941269874572754,2,1JTG_A_B
"1JTG_NA75A,DB49A",1.5768485,-1.1447241306304932,2,1JTG_A_B
"1JTG_VA78A,RB160A",4.3494678,3.354653596878052,2,1JTG_A_B
"1JTG_VA78A,FB142A",4.516677,4.559845685958862,2,1JTG_A_B
"1JTG_EA143A,WB112A",2.7952178,0.6039447784423828,2,1JTG_A_B
"1JTG_EA143A,WB150A",4.1096516,0.8063651323318481,2,1JTG_A_B
"1JTG_EA143A,RB160A",2.3189266,1.386114478111267,2,1JTG_A_B
"1JTG_EA143A,KB74A",4.0619283,2.7850972414016724,2,1JTG_A_B
"1JTG_EA143A,FB142A",2.5810452,2.5913065671920776,2,1JTG_A_B
"1JTG_EA143A,DB49A",1.505004,0.5053125619888306,2,1JTG_A_B
"1JTG_EA85A,YB50A",3.9671037,0.9782770872116088,2,1JTG_A_B
"1JTG_MA104A,SB113A,SB71A",1.6727427,0.5093474785486857,3,1JTG_A_B
"1JTG_VA190A,FB142A",2.1983838,3.4702752828598022,2,1JTG_A_B
"1JTG_EA79A,SB113A,SB71A",2.5810452,0.9628202517827352,3,1JTG_A_B
1JTG_TB32K,0.19934364,4.286829948425293,1,1JTG_A_B
1JTG_VB93K,-0.47571647,2.633033275604248,1,1JTG_A_B
1JTG_TB140K,-0.014392254,3.1294496059417725,1,1JTG_A_B
1JTG_NB89K,-0.45492652,1.4278076887130735,1,1JTG_A_B
1JTG_DB163A,-1.3409348,0.3240232467651367,1,1JTG_A_B
1JTG_DB163K,-1.9827645,-1.2566064596176147,1,1JTG_A_B
"1JTG_TB140K,QB157K",-0.39660552,1.5755321383476257,2,1JTG_A_B
"1JTG_VB165K,DB163K,NB89K",-2.393421,-0.1980892817179362,3,1JTG_A_B
"1JTG_DB163K,DB135K,VB134K",-3.055167,-0.06969908873240153,3,1JTG_A_B
"1JTG_VB165K,DB163K,DB135K,NB89K",-3.360556,0.2977954149246216,4,1JTG_A_B
1JTG_KA86N,0.18092397,-2.648678064346313,1,1JTG_A_B
1JTG_RA214Y,-0.14287694,2.303365468978882,1,1JTG_A_B
1JTG_PA82Q,0.46132421,2.4972620010375977,1,1JTG_A_B
1JTG_EA143G,-0.17043781,2.46244740486145,1,1JTG_A_B
1JTG_EA85V,-0.6724211,2.1983418464660645,1,1JTG_A_B
1JTG_EA85G,-0.91263974,2.613708019256592,1,1JTG_A_B
1JTG_EA146K,-0.6100001,1.015332579612732,1,1JTG_A_B
"1JTG_EA85G,EA143G",-0.6100001,2.538077712059021,2,1JTG_A_B
"1JTG_EA85V,EA143G",-0.7422019,2.3303946256637573,2,1JTG_A_B
1JTG_EA213K,-0.41065642,-1.2357929944992063,1,1JTG_A_B
1JTG_EA79A,1.8279184,1.2543683052062988,1,1JTG_A_B
1JTG_EA79D,3.643621,0.4532108306884765,1,1JTG_A_B
1JTG_EA79K,2.2385747,2.2671351432800293,1,1JTG_A_B
1JTG_EB73M,0.5046223,3.713311910629273,1,1JTG_A_B
"1JTG_EB73M,KB74A",4.294496,3.8963207006454463,2,1JTG_A_B
"1JTG_EB73M,FB142A",2.5326898,3.702530026435852,2,1JTG_A_B
"1JTG_EB73M,KB74A,FB142A",4.5562606,3.828129847844441,3,1JTG_A_B
"1JTG_EA79A,EB73M",1.8363222,2.4838401079177856,2,1JTG_A_B
"1JTG_EA79A,EB73M,KB74A",2.0956979,3.015669902165731,3,1JTG_A_B
"1JTG_EA79A,EB73M,FB142A",2.8455446,2.8864761193593345,3,1JTG_A_B
"1JTG_EA79A,EB73M,KB74A,FB142A",2.5820894,3.184689462184906,4,1JTG_A_B
1JTG_EB31A,0.82131284,1.246147871017456,1,1JTG_A_B
1JTG_SB35A,0.0,-1.3587231636047363,1,1JTG_A_B
1JTG_FB36A,2.5961404,4.658219337463379,1,1JTG_A_B
1JTG_SB39A,-0.30263966,-0.0511252880096435,1,1JTG_A_B
1JTG_HB41A,2.4998558,2.25345516204834,1,1JTG_A_B
1JTG_GB48A,0.19934364,-0.0680018663406372,1,1JTG_A_B
1JTG_DB49A,2.185484,-0.4802398681640625,1,1JTG_A_B
1JTG_YB50A,-2.261219,1.3329637050628662,1,1JTG_A_B
1JTG_YB51A,0.0,0.7669246196746826,1,1JTG_A_B
1JTG_YB53A,2.2143898,4.614760398864746,1,1JTG_A_B
1JTG_SB71A,-0.54285824,0.0598410367965698,1,1JTG_A_B
1JTG_EB73A,-0.13220184,4.092046737670898,1,1JTG_A_B
1JTG_KB74A,2.6789427,4.079329490661621,1,1JTG_A_B
1JTG_WB112A,1.9302658,-0.282975435256958,1,1JTG_A_B
1JTG_SB113A,-0.897048,1.574251413345337,1,1JTG_A_B
1JTG_GB141A,0.7588918,3.54823637008667,1,1JTG_A_B
1JTG_FB142A,2.053282,3.691748142242432,1,1JTG_A_B
1JTG_YB143A,0.10801677,1.2634438276290894,1,1JTG_A_B
1JTG_RB144A,0.10801677,1.107202649116516,1,1JTG_A_B
1JTG_HB148A,2.2143898,1.1706047058105469,1,1JTG_A_B
1JTG_WB150A,3.5002553,0.1218652725219726,1,1JTG_A_B
1JTG_RB160A,1.8312942,1.2813639640808103,1,1JTG_A_B
1JTG_WB162A,2.185484,2.577337741851806,1,1JTG_A_B
"1JTG_EB73A,YB50A",-1.4963729,2.7125052213668823,2,1JTG_A_B
1JTG_QA74A,0.58940727,-1.4883732795715332,1,1JTG_A_B
1JTG_NA75A,-1.4773622,-1.809208393096924,1,1JTG_A_B
1JTG_LA77A,0.87071246,5.068963527679443,1,1JTG_A_B
1JTG_EA79A,2.7824626,1.2543683052062988,1,1JTG_A_B
1JTG_YA80A,-0.09477138,3.1138978004455566,1,1JTG_A_B
1JTG_PA82A,0.23677412,1.1231696605682373,1,1JTG_A_B
1JTG_EA85A,-1.3147715,0.6235904693603516,1,1JTG_A_B
1JTG_KA86A,-0.8585194,-3.0621042251586914,1,1JTG_A_B
1JTG_MA104A,1.5096183,-0.1060500144958496,1,1JTG_A_B
1JTG_VA190A,-0.582814,3.248802423477173,1,1JTG_A_B
1JTG_MA244A,-0.051081907,-1.458094358444214,1,1JTG_A_B
1JTG_FB36A,3.8311043,4.658219337463379,1,1JTG_A_B
1JTG_FB36A,3.5908856,4.658219337463379,1,1JTG_A_B
1JTG_FB36A,3.0436552,4.658219337463379,1,1JTG_A_B
1JTG_HB41A,3.4651825,2.25345516204834,1,1JTG_A_B
1JTG_HB41A,3.6500618,2.25345516204834,1,1JTG_A_B
1JTG_HB41A,4.162887,2.25345516204834,1,1JTG_A_B
1JTG_DB49A,3.2394054,-0.4802398681640625,1,1JTG_A_B
1JTG_DB49A,3.0652013,-0.4802398681640625,1,1JTG_A_B
1JTG_DB49A,2.9027696,-0.4802398681640625,1,1JTG_A_B
1JTG_YB53A,3.2093723,4.614760398864746,1,1JTG_A_B
1JTG_YB53A,3.8311043,4.614760398864746,1,1JTG_A_B
1JTG_YB53A,3.400191,4.614760398864746,1,1JTG_A_B
1JTG_KB74A,3.974159,4.079329490661621,1,1JTG_A_B
1JTG_KB74A,4.092513,4.079329490661621,1,1JTG_A_B
1JTG_KB74A,3.7522304,4.079329490661621,1,1JTG_A_B
1JTG_WB112A,3.4204478,-0.282975435256958,1,1JTG_A_B
1JTG_WB112A,3.2093723,-0.282975435256958,1,1JTG_A_B
1JTG_WB112A,2.9299688,-0.282975435256958,1,1JTG_A_B
1JTG_FB142A,3.2394054,3.691748142242432,1,1JTG_A_B
1JTG_FB142A,3.4651825,3.691748142242432,1,1JTG_A_B
1JTG_FB142A,3.2394054,3.691748142242432,1,1JTG_A_B
1JTG_HB148A,2.4501011,1.1706047058105469,1,1JTG_A_B
1JTG_HB148A,3.6200285,1.1706047058105469,1,1JTG_A_B
1JTG_HB148A,3.8750691,1.1706047058105469,1,1JTG_A_B
1JTG_WB150A,4.9841995,0.1218652725219726,1,1JTG_A_B
1JTG_WB150A,4.573543,0.1218652725219726,1,1JTG_A_B
1JTG_WB150A,4.9841995,0.1218652725219726,1,1JTG_A_B
1JTG_RB160A,3.5908856,1.2813639640808103,1,1JTG_A_B
1JTG_RB160A,3.254968,1.2813639640808103,1,1JTG_A_B
1JTG_RB160A,3.30542,1.2813639640808103,1,1JTG_A_B
1JTG_SB39A,0.351783,-0.0511252880096435,1,1JTG_A_B
1JTG_GB48A,1.3023428,-0.0680018663406372,1,1JTG_A_B
1JTG_GB48A,1.9412487,-0.0680018663406372,1,1JTG_A_B
1JTG_YB50A,-2.0774672,1.3329637050628662,1,1JTG_A_B
1JTG_YB50A,-2.119869,1.3329637050628662,1,1JTG_A_B
1JTG_YB51A,1.1420861,0.7669246196746826,1,1JTG_A_B
1JTG_YB51A,1.0624204,0.7669246196746826,1,1JTG_A_B
1JTG_YB51A,1.0388641,0.7669246196746826,1,1JTG_A_B
1JTG_SB71A,0.59101826,0.0598410367965698,1,1JTG_A_B
1JTG_EB73A,0.98571545,4.092046737670898,1,1JTG_A_B
1JTG_SB113A,-0.4991435,1.574251413345337,1,1JTG_A_B
1JTG_GB141A,1.8707118,3.54823637008667,1,1JTG_A_B
1JTG_YB143A,0.8916864,1.2634438276290894,1,1JTG_A_B
1JTG_YB143A,1.5581532,1.2634438276290894,1,1JTG_A_B
1JTG_RB144A,1.1825987,1.107202649116516,1,1JTG_A_B
1K8R_QB11A,1.7981402,1.12153959274292,1,1K8R_A_B
1K8R_RB13A,2.8009782,2.3061771392822266,1,1K8R_A_B
1K8R_KB23A,0.5867637,-0.7263712882995605,1,1K8R_A_B
1K8R_KB31A,2.7283423,4.290920257568359,1,1K8R_A_B
1K8R_RB76A,0.7152742,-0.0783195495605468,1,1K8R_A_B
1K8R_RB77A,1.436807,-1.8277531862258911,1,1K8R_A_B
1K8R_EA31K,0.17093296,0.3912570476531982,1,1K8R_A_B
"1K8R_DA30K,EA31K",0.40966487,-0.23056352138519284,2,1K8R_A_B
1K8R_DA33A,1.535104,1.7636921405792236,1,1K8R_A_B
1K8R_EA37A,0.3058015,0.2365491390228271,1,1K8R_A_B
1K8R_DA38A,1.7121863,0.9222710132598876,1,1K8R_A_B
1K8R_DA38E,3.4376621,-1.430455446243286,1,1K8R_A_B
1K8R_DA38N,1.8962318,0.4276192188262939,1,1K8R_A_B
1K8R_SA39A,0.7152742,1.9018068313598635,1,1K8R_A_B
1K8R_YA40C,3.4376621,4.097181797027588,1,1K8R_A_B
1K8R_YA40F,1.4919976,0.3400285243988037,1,1K8R_A_B
1K8R_RA41A,1.1796982,-0.2120699882507324,1,1K8R_A_B
1K8R_DA57A,1.1796982,5.244560718536377,1,1K8R_A_B
1K8R_EA62A,0.40966487,0.8298383951187134,1,1K8R_A_B
1K8R_EA63A,0.40966487,0.8262722492218018,1,1K8R_A_B
1KAC_PA15S,-0.7933806,2.657512664794922,1,1KAC_A_B
1KAC_SA87Y,-1.2527592,2.331209421157837,1,1KAC_A_B
1KIP_AB32Y,-0.80095166,-2.2113852500915527,1,1KIP_AB_C
1KIQ_FB101Y,-2.496076,-1.8796806335449217,1,1KIQ_AB_C
1KIR_SA50Y,-1.3877153,-0.122098684310913,1,1KIR_AB_C
1KNE_TP2K,-0.31437176,,1,1KNE_A_P
1KNE_TP2I,0.2740822,,1,1KNE_A_P
1KNE_TP2F,0.096284665,,1,1KNE_A_P
1KNE_TP2L,0.20430143,,1,1KNE_A_P
1KNE_AA3F,-0.11502811,,1,1KNE_A_P
"1KNE_AA3F,TP2K",-0.035917178,,2,1KNE_A_P
"1KNE_AA3F,TP2I",0.5897433,,2,1KNE_A_P
"1KNE_AA3F,TP2F",0.8036264,,2,1KNE_A_P
"1KNE_AA3F,TP2L",0.39296997,,2,1KNE_A_P
1KNE_AA3K,0.89495325,,1,1KNE_A_P
"1KNE_AA3K,TP2K",1.5997248,,2,1KNE_A_P
"1KNE_AA3K,TP2I",1.3980347,,2,1KNE_A_P
"1KNE_AA3K,TP2F",1.4692765,,2,1KNE_A_P
"1KNE_AA3K,TP2L",1.8344539,,2,1KNE_A_P
1KNE_AA3L,0.0,,1,1KNE_A_P
"1KNE_AA3L,TP2K",-0.15893354,,2,1KNE_A_P
"1KNE_AA3L,TP2I",0.06589585,,2,1KNE_A_P
"1KNE_AA3L,TP2F",0.2517229,,2,1KNE_A_P
"1KNE_AA3L,TP2L",0.2517229,,2,1KNE_A_P
1KNE_AA3T,-0.37679282,,1,1KNE_A_P
"1KNE_AA3T,TP2K",-0.31437176,,2,1KNE_A_P
"1KNE_AA3T,TP2I",0.6024847,,2,1KNE_A_P
"1KNE_AA3T,TP2F",0.7853957,,2,1KNE_A_P
"1KNE_AA3T,TP2L",0.5634078,,2,1KNE_A_P
1KNE_DA40F,-0.6170114,,1,1KNE_A_P
"1KNE_DA40F,TP2K",-0.20635499,,2,1KNE_A_P
"1KNE_DA40F,TP2I",0.20430143,,2,1KNE_A_P
"1KNE_DA40F,TP2F",-0.15893354,,2,1KNE_A_P
"1KNE_DA40F,TP2L",0.2956283,,2,1KNE_A_P
1KNE_DA40I,0.4607526,,1,1KNE_A_P
"1KNE_DA40I,TP2K",0.5897433,,2,1KNE_A_P
"1KNE_DA40I,TP2I",0.61495787,,2,1KNE_A_P
"1KNE_DA40I,TP2F",1.0953951,,2,1KNE_A_P
"1KNE_DA40I,TP2L",0.5767219,,2,1KNE_A_P
1KNE_DA40K,-0.37679282,,1,1KNE_A_P
"1KNE_DA40K,TP2K",0.33650327,,2,1KNE_A_P
"1KNE_DA40K,TP2I",0.0,,2,1KNE_A_P
"1KNE_DA40K,TP2F",-0.035917178,,2,1KNE_A_P
"1KNE_DA40K,TP2L",-0.31437176,,2,1KNE_A_P
1KNE_DA40T,0.4919415,,1,1KNE_A_P
"1KNE_DA40T,TP2K",0.7270746,,2,1KNE_A_P
"1KNE_DA40T,TP2I",0.8872087,,2,1KNE_A_P
"1KNE_DA40T,TP2F",1.2406183,,2,1KNE_A_P
"1KNE_DA40T,TP2L",0.2517229,,2,1KNE_A_P
1KNE_KA24A,-1.2678864,,1,1KNE_A_P
"1KNE_KA24A,AA3K",-0.25790507,,2,1KNE_A_P
1KTZ_VA62I,0.24291772,0.1537528038024902,1,1KTZ_A_B
1KTZ_RA13K,1.1516978,-0.574586033821106,1,1KTZ_A_B
1KTZ_RA64K,2.201497,0.1377289295196533,1,1KTZ_A_B
1KTZ_RA13A,1.4815814,-0.7372076511383057,1,1KTZ_A_B
1KTZ_RA64A,2.8844044,-0.0346922874450683,1,1KTZ_A_B
1KTZ_LB3A,1.8249238,5.017661094665527,1,1KTZ_A_B
1KTZ_FB6A,2.980065,-3.491680860519409,1,1KTZ_A_B
1KTZ_DB8A,1.5216165,1.1853296756744385,1,1KTZ_A_B
1KTZ_DB8N,2.0003443,1.0686166286468506,1,1KTZ_A_B
1KTZ_SB25A,0.32654586,1.2001593112945557,1,1KTZ_A_B
1KTZ_IB26A,1.896481,2.7624728679656982,1,1KTZ_A_B
1KTZ_TB27A,1.5135467,2.5557656288146973,1,1KTZ_A_B
1KTZ_SB28A,0.21651737,0.3078231811523437,1,1KTZ_A_B
1KTZ_SB28L,4.0377865,4.6177167892456055,1,1KTZ_A_B
1KTZ_IB29A,1.3702387,3.898561954498291,1,1KTZ_A_B
1KTZ_EB31A,1.2165227,0.5023322105407715,1,1KTZ_A_B
1KTZ_VB53A,0.41499674,-0.3202672004699707,1,1KTZ_A_B
1KTZ_DB94A,0.81474215,3.1269021034240723,1,1KTZ_A_B
1KTZ_EB95A,1.4942782,2.634049892425537,1,1KTZ_A_B
1KTZ_EB95Q,1.6271791,2.1700477600097656,1,1KTZ_A_B
1KTZ_NB23A,0.2849532,2.176769495010376,1,1KTZ_A_B
1KTZ_VB38A,0.6479637,3.054835319519043,1,1KTZ_A_B
1KTZ_EB51A,1.0801141,3.058382034301758,1,1KTZ_A_B
1KTZ_HB55A,0.2956283,3.215925693511963,1,1KTZ_A_B
1KTZ_FB86A,0.9322267,5.335356712341309,1,1KTZ_A_B
1KTZ_MB88A,0.87140906,3.0549001693725586,1,1KTZ_A_B
1KTZ_IB101A,0.53936297,3.944418430328369,1,1KTZ_A_B
1LFD_RA7A,1.5992154,1.6426503658294678,1,1LFD_A_B
1LFD_SA9K,0.8984887,1.8308358192443848,1,1LFD_A_B
1LFD_LA10K,-0.5018116,1.6570004224777222,1,1LFD_A_B
1LFD_NA14K,0.39763498,2.467480182647705,1,1LFD_A_B
1LFD_MA17K,-0.40145507,-1.3462443351745603,1,1LFD_A_B
1LFD_KA19A,1.4974024,3.475427627563477,1,1LFD_A_B
1LFD_KA35A,0.29746535,3.1293225288391118,1,1LFD_A_B
1LFD_DA38A,-0.6010017,0.2834722995758056,1,1LFD_A_B
1LFD_DA38K,-0.90175,-0.1928725242614746,1,1LFD_A_B
1LFD_KA39A,1.800042,-1.0980688333511353,1,1LFD_A_B
1LFD_NA41K,-0.10145895,1.1837868690490725,1,1LFD_A_B
1LFD_LA42K,0.0,2.899545669555664,1,1LFD_A_B
1LFD_DA43A,-0.40145507,0.0844686031341552,1,1LFD_A_B
1LFD_EA44A,-0.40145507,1.0051062107086182,1,1LFD_A_B
1LFD_EA44K,-0.10145895,0.2603712081909179,1,1LFD_A_B
1LFD_DA45K,-0.5018116,-0.3211674690246582,1,1LFD_A_B
1LFD_NA79K,-0.40145507,0.1670286655426025,1,1LFD_A_B
1LFD_YA80K,0.19934364,-1.3417516946792605,1,1LFD_A_B
1LFD_DA81K,-0.90175,3.245685815811157,1,1LFD_A_B
"1LFD_MA17K,DA45K",-0.20182166,-0.8337059020996094,2,1LFD_A_B
"1LFD_MA17K,DA81K",-0.40145507,0.9497207403182985,2,1LFD_A_B
"1LFD_MA17K,DA38K,DA45K",-1.8022412,-0.6200947761535643,3,1LFD_A_B
"1LFD_MA17K,DA38K,DA45K,DA81K",-0.90175,0.346350371837616,4,1LFD_A_B
"1LFD_DA38K,DA43K,EA44K",-1.2028182,-0.3294797738393148,3,1LFD_A_B
"1LFD_DA45K,DA81K",-0.70139563,1.4622591733932495,2,1LFD_A_B
1LFD_RA7A,1.1360438,1.6426503658294678,1,1LFD_A_B
1LFD_SA9K,-0.117870666,1.8308358192443848,1,1LFD_A_B
1LFD_LA10K,-0.0154695995,1.6570004224777222,1,1LFD_A_B
1LFD_NA14K,0.4029721,2.467480182647705,1,1LFD_A_B
1LFD_MA17K,-0.9208399,-1.3462443351745603,1,1LFD_A_B
1LFD_KA19A,1.3263422,3.475427627563477,1,1LFD_A_B
1LFD_KA35A,0.2582642,3.1293225288391118,1,1LFD_A_B
1LFD_DA38A,-0.5790618,0.2834722995758056,1,1LFD_A_B
1LFD_DA38K,-1.0864805,-0.1928725242614746,1,1LFD_A_B
1LFD_KA39A,1.1793077,-1.0980688333511353,1,1LFD_A_B
1LFD_NA41K,-1.1683279,1.1837868690490725,1,1LFD_A_B
1LFD_LA42K,-0.5710011,2.899545669555664,1,1LFD_A_B
1LFD_DA43A,-0.2796774,0.0844686031341552,1,1LFD_A_B
1LFD_EA44A,-0.24635807,1.0051062107086182,1,1LFD_A_B
1LFD_EA44K,-0.28459403,0.2603712081909179,1,1LFD_A_B
1LFD_DA45K,-0.9065632,-0.3211674690246582,1,1LFD_A_B
1LFD_NA79K,-0.5630486,0.1670286655426025,1,1LFD_A_B
1LFD_YA80K,0.07719918,-1.3417516946792605,1,1LFD_A_B
1LFD_DA81K,-1.1467818,3.245685815811157,1,1LFD_A_B
"1LFD_MA17K,DA45K",-1.0494401,-0.8337059020996094,2,1LFD_A_B
"1LFD_MA17K,DA81K",-0.9065632,0.9497207403182985,2,1LFD_A_B
"1LFD_MA17K,DA38K,DA45K",-1.9596909,-0.6200947761535643,3,1LFD_A_B
"1LFD_MA17K,DA38K,DA45K,DA81K",-1.7567819,0.346350371837616,4,1LFD_A_B
"1LFD_DA38K,DA43K,EA44K",-1.5574383,-0.3294797738393148,3,1LFD_A_B
"1LFD_DA45K,DA81K",-0.60392356,1.4622591733932495,2,1LFD_A_B
1LFD_IA5A,1.0004743,3.587512493133545,1,1LFD_A_B
1LFD_RA7A,2.2015543,1.6426503658294678,1,1LFD_A_B
1LFD_NA14A,1.0004743,3.0630850791931152,1,1LFD_A_B
1LFD_NA16A,0.30178165,-0.519376277923584,1,1LFD_A_B
1LFD_YA18F,1.0004743,0.9140450358390808,1,1LFD_A_B
1LFD_KA19A,1.7991841,3.475427627563477,1,1LFD_A_B
1LFD_SA20A,0.80081373,0.3751370906829834,1,1LFD_A_B
1LFD_KA35A,0.30178165,3.1293225288391118,1,1LFD_A_B
1LFD_DA38A,-0.29922,0.2834722995758056,1,1LFD_A_B
1LFD_KA39A,2.4014938,-1.0980688333511353,1,1LFD_A_B
1LFD_HA40A,1.0004743,3.276843309402466,1,1LFD_A_B
1LFD_EA44A,-0.099673435,1.0051062107086182,1,1LFD_A_B
1LFD_QB25A,0.9006381,4.945859909057617,1,1LFD_A_B
1LFD_DB33A,1.1007847,3.881135940551758,1,1LFD_A_B
1LFD_SB39A,-0.5999684,0.4209303855895996,1,1LFD_A_B
1LFD_YB40F,2.3011672,0.5931546688079834,1,1LFD_A_B
1LFD_RB41A,0.9006381,1.432593822479248,1,1LFD_A_B
1LFD_IA5A,1.8241292,3.587512493133545,1,1LFD_A_B
1LFD_RA7A,2.3048167,1.6426503658294678,1,1LFD_A_B
1LFD_NA14A,0.8626772,3.0630850791931152,1,1LFD_A_B
1LFD_NA16A,0.6701435,-0.519376277923584,1,1LFD_A_B
1LFD_YA18F,1.6315053,0.9140450358390808,1,1LFD_A_B
1LFD_YA18A,3.458532,4.922969818115234,1,1LFD_A_B
1LFD_KA19A,3.0743976,3.475427627563477,1,1LFD_A_B
1LFD_SA20A,1.0549668,0.3751370906829834,1,1LFD_A_B
1LFD_KA35A,0.5743233,3.1293225288391118,1,1LFD_A_B
1LFD_DA38A,-0.29052365,0.2834722995758056,1,1LFD_A_B
1LFD_KA39A,3.0743976,-1.0980688333511353,1,1LFD_A_B
1LFD_HA40A,1.9196249,3.276843309402466,1,1LFD_A_B
1LFD_EA44A,0.19088997,1.0051062107086182,1,1LFD_A_B
1LFD_VB29A,0.47771078,2.1457223892211914,1,1LFD_A_B
1LFD_EB37A,1.1507562,1.5476727485656738,1,1LFD_A_B
1LFD_DB38A,3.746721,4.730148315429688,1,1LFD_A_B
1LFD_SB39A,-0.8671045,0.4209303855895996,1,1LFD_A_B
1LFD_YB40F,1.9196249,0.5931546688079834,1,1LFD_A_B
1LFD_YB40A,3.5545313,4.899318695068359,1,1LFD_A_B
1LFD_RB41A,0.76619107,1.432593822479248,1,1LFD_A_B
1LFD_EB62A,0.19088997,1.0873533487319946,1,1LFD_A_B
1LFD_EB63A,0.28575388,0.4485485553741455,1,1LFD_A_B
"1LFD_NA16A,QB25A",0.30178165,2.2132418155670166,2,1LFD_A_B
"1LFD_KA19A,QB25A",2.5012662,4.210643768310547,2,1LFD_A_B
"1LFD_DA38A,DB33A",0.2003227,2.082304120063782,2,1LFD_A_B
"1LFD_HA40A,DB33A",2.2015543,3.578989624977112,2,1LFD_A_B
"1LFD_NA16A,SB39A",0.0,-0.04922294616699215,2,1LFD_A_B
"1LFD_YA18F,SB39A",0.80081373,0.6674877107143402,2,1LFD_A_B
"1LFD_KA35A,SB39A",-0.099673435,1.7751264572143555,2,1LFD_A_B
"1LFD_HA40A,SB39A",0.5011253,1.8488868474960327,2,1LFD_A_B
"1LFD_NA16A,YB40F",2.3011672,0.0368891954421997,2,1LFD_A_B
"1LFD_YA18F,YB40F",2.6016874,0.7535998523235321,2,1LFD_A_B
"1LFD_SA20A,YB40F",1.7991841,0.4841458797454834,2,1LFD_A_B
"1LFD_NA14A,RB41A",1.6006627,2.2478394508361816,2,1LFD_A_B
"1LFD_NA16A,RB41A",1.4007436,0.456608772277832,2,1LFD_A_B
"1LFD_YA18F,RB41A",1.7991841,1.1733194291591644,2,1LFD_A_B
"1LFD_HA40A,VB29A",1.9196249,2.7112828493118286,2,1LFD_A_B
"1LFD_RA7A,EB37A",2.016676,1.5951615571975708,2,1LFD_A_B
"1LFD_NA14A,EB37A",1.9196249,2.3053789138793945,2,1LFD_A_B
"1LFD_YA18F,EB37A",1.2470759,1.230858892202377,2,1LFD_A_B
"1LFD_YA18A,EB37A",3.458532,3.235321283340454,2,1LFD_A_B
"1LFD_SA20A,EB37A",2.2082965,0.9614049196243284,2,1LFD_A_B
"1LFD_YA18A,DB38A",4.7080827,4.826559066772461,2,1LFD_A_B
"1LFD_SA20A,DB38A",3.1699991,2.5526427030563354,2,1LFD_A_B
"1LFD_KA39A,DB38A",5.8624244,1.816039741039276,2,1LFD_A_B
"1LFD_YA18A,SB39A",3.9384933,2.671950101852417,2,1LFD_A_B
"1LFD_NA14A,RB41A",1.437748,2.2478394508361816,2,1LFD_A_B
"1LFD_NA16A,RB41A",0.76619107,0.456608772277832,2,1LFD_A_B
"1LFD_KA35A,EB63A",0.28575388,1.7889355421066284,2,1LFD_A_B
1LFD_DB38A,2.7283423,4.730148315429688,1,1LFD_A_B
1LFD_YB32W,-0.21131277,1.6113417148590088,1,1LFD_A_B
1LP9_TA163A,-0.40431997,-0.0114537477493286,1,1LP9_ABC_EF
1LP9_WA167A,0.298805,-0.8483612537384033,1,1LP9_ABC_EF
1LP9_KA66A,0.72839123,4.551017284393311,1,1LP9_ABC_EF
1LP9_KA66A,1.1528584,4.551017284393311,1,1LP9_ABC_EF
1M9E_AD76H,-1.0099814,2.1037344932556152,1,1M9E_A_D
1MAH_FA285L,1.1491671,1.0179035663604736,1,1MAH_A_F
1MAH_FA287I,1.9018551,3.442947626113892,1,1MAH_A_F
1MAH_FA287Y,0.7310583,0.9895564317703248,1,1MAH_A_F
1MAH_FA328G,0.7310583,2.358741283416748,1,1MAH_A_F
1MAH_YA327A,0.35676003,1.33135724067688,1,1MAH_A_F
1MAH_DA71N,1.7348719,1.0733935832977295,1,1MAH_A_F
1MAH_YA121Q,2.772983,-0.6638751029968262,1,1MAH_A_F
1MAH_YA69N,4.8160243,3.136529922485352,1,1MAH_A_F
1MAH_WA276R,8.13113,1.755124568939209,1,1MAH_A_F
"1MAH_YA69N,YA121Q",6.132774,1.2363274097442627,2,1MAH_A_F
"1MAH_YA121Q,WA276R",8.959455,0.5456247329711914,2,1MAH_A_F
"1MAH_YA69N,WA276R",10.734282,2.4458272457122803,2,1MAH_A_F
"1MAH_YA69N,YA121Q,WA276R",10.92611,1.4092597961425781,3,1MAH_A_F
1MHP_SL27Q,-0.5400962,1.5277717113494873,1,1MHP_HL_A
"1MHP_TH50V,SL27Q,NL51Y",-1.023988,0.9024890263875326,3,1MHP_HL_A
1MHP_LL48K,0.9249573,0.0282645225524902,1,1MHP_HL_A
1MHP_TH50V,-0.26331562,0.7007884979248047,1,1MHP_HL_A
1MHP_LH60D,-0.122694746,3.811110496520996,1,1MHP_HL_A
1MHP_KH64E,-0.15529884,1.8064287900924685,1,1MHP_HL_A
1MHP_KH64Q,-0.15529884,1.8668049573898315,1,1MHP_HL_A
1MHP_KH64D,-0.122694746,2.507121562957764,1,1MHP_HL_A
1MHP_KH64N,-0.07257538,2.2542052268981934,1,1MHP_HL_A
1MHP_SL27Q,-0.66641104,1.5277717113494873,1,1MHP_HL_A
1MHP_NL51Y,-0.10329601,0.4789068698883056,1,1MHP_HL_A
1MHP_GH100M,0.10217976,3.761350631713867,1,1MHP_HL_A
1MHP_SL23R,-0.06708605,0.6264415979385376,1,1MHP_HL_A
1MHP_NL51E,-0.17744917,-0.7310514450073242,1,1MHP_HL_A
1MHP_FH99W,0.0,0.1339266300201416,1,1MHP_HL_A
1MHP_GH100F,0.5740829,2.479396343231201,1,1MHP_HL_A
1MHP_GH54Y,0.0,1.1318573951721191,1,1MHP_HL_A
1MHP_FH99W,0.0,0.1339266300201416,1,1MHP_HL_A
"1MHP_TH50V,KH64E",-0.36120108,1.2536086440086365,2,1MHP_HL_A
"1MHP_LH60D,KH64Q",0.043008592,2.838957726955414,2,1MHP_HL_A
"1MHP_LH60D,KH64E",-0.14186399,2.808769643306732,2,1MHP_HL_A
"1MHP_TH50V,SL27Q,NL51Y",-1.2007446,0.9024890263875326,3,1MHP_HL_A
"1MHP_KH64E,SL27Q,NL51Y",-0.9535147,1.2710357904434202,3,1MHP_HL_A
"1MHP_TH50V,KH64E,SL27Q,NL51E",-1.2678864,0.825984388589859,4,1MHP_HL_A
"1MHP_TH50V,KH64E,SL27Q,NL51Y",-1.043681,1.1284739673137665,4,1MHP_HL_A
1MHP_NL29V,1.0497993,1.384035348892212,1,1MHP_HL_A
1MHP_HL30R,1.124301,1.100935697555542,1,1MHP_HL_A
1MHP_HL30K,1.164688,1.5657577514648438,1,1MHP_HL_A
1MHP_LL48K,0.79821587,0.0282645225524902,1,1MHP_HL_A
1MHP_NL51R,0.8452191,-0.3161680698394775,1,1MHP_HL_A
1MHP_NL51K,0.65780437,-0.912097692489624,1,1MHP_HL_A
1MHP_RH31Q,1.3079134,0.4997131824493408,1,1MHP_HL_A
1MHP_SH35Q,2.7283423,1.6429555416107178,1,1MHP_HL_A
1MHP_TH50V,0.0,0.7007884979248047,1,1MHP_HL_A
1MHP_YH59E,0.5442506,4.011194229125977,1,1MHP_HL_A
1MHP_LH60D,0.0,3.811110496520996,1,1MHP_HL_A
1MHP_KH64E,0.0,1.8064287900924685,1,1MHP_HL_A
1MHP_KH64Q,0.0,1.8668049573898315,1,1MHP_HL_A
1MHP_KH64D,-0.22034271,2.507121562957764,1,1MHP_HL_A
1MHP_KH64N,0.0,2.2542052268981934,1,1MHP_HL_A
1MHP_SL27Q,-0.85723,1.5277717113494873,1,1MHP_HL_A
1MHP_NL29Y,1.9084218,1.004789113998413,1,1MHP_HL_A
1MHP_NL29W,1.5733892,1.4268224239349363,1,1MHP_HL_A
1MHP_NL51Y,0.0,0.4789068698883056,1,1MHP_HL_A
1MHP_SL90T,2.3176858,-0.2769548892974853,1,1MHP_HL_A
1MHP_SL90R,2.7283423,1.2446773052215576,1,1MHP_HL_A
1MHP_GL91Q,1.5733892,-0.9317061901092528,1,1MHP_HL_A
1MHP_GL91S,0.51283616,-0.7390115261077881,1,1MHP_HL_A
"1MHP_SL90R,NL29E",2.7283423,0.758326530456543,2,1MHP_HL_A
1MHP_SH52M,2.0767698,5.001563549041748,1,1MHP_HL_A
1MHP_GH53S,0.6758959,-1.458791732788086,1,1MHP_HL_A
1MHP_GH53A,0.51283616,-2.8289973735809326,1,1MHP_HL_A
1MHP_GH54I,1.3641711,1.5712308883666992,1,1MHP_HL_A
1MHP_GH54T,1.164688,-0.4837853908538818,1,1MHP_HL_A
1MHP_YH58Q,2.0767698,2.3331828117370605,1,1MHP_HL_A
1MHP_YH58E,2.0767698,1.1498557329177856,1,1MHP_HL_A
1MHP_YH58W,0.82131284,3.0304412841796875,1,1MHP_HL_A
1MHP_GH100M,0.10217976,3.761350631713867,1,1MHP_HL_A
1MHP_SL23R,-0.36377135,0.6264415979385376,1,1MHP_HL_A
1MHP_LL48F,0.7125987,-0.0843486785888671,1,1MHP_HL_A
1MHP_LL48W,1.9084218,-0.6513197422027588,1,1MHP_HL_A
1MHP_NL51D,0.50098675,0.2942993640899658,1,1MHP_HL_A
1MHP_NL51E,0.0,-0.7310514450073242,1,1MHP_HL_A
1MHP_WL89Q,2.0767698,-0.2651998996734619,1,1MHP_HL_A
1MHP_SL90Q,1.7748275,1.2912166118621826,1,1MHP_HL_A
"1MHP_WL89Q,FL32Y",0.87140906,-0.439095139503479,2,1MHP_HL_A
1MHP_TH33V,0.43456262,2.291354894638061,1,1MHP_HL_A
1MHP_TH33N,2.7283423,3.3313114643096924,1,1MHP_HL_A
1MHP_SH35A,1.5733892,0.4595541954040527,1,1MHP_HL_A
1MHP_FH99W,0.0,0.1339266300201416,1,1MHP_HL_A
1MHP_FH99Y,0.75500685,-0.2919890880584717,1,1MHP_HL_A
1MHP_GH100L,2.7283423,3.23352575302124,1,1MHP_HL_A
1MHP_GH100F,0.20430143,2.479396343231201,1,1MHP_HL_A
1MHP_GH100S,0.5579972,1.9945677518844604,1,1MHP_HL_A
"1MHP_TH50V,SH35V",2.7283423,1.7730034589767456,2,1MHP_HL_A
"1MHP_TH50V,SH35A",2.0767698,0.5801713466644287,2,1MHP_HL_A
"1MHP_SH35A,GH102S",1.5733892,3.005228042602539,2,1MHP_HL_A
"1MHP_SH35V,GH102S",1.4263133,4.198060154914856,2,1MHP_HL_A
"1MHP_TH50V,GH102S",1.6682031,3.125845193862915,2,1MHP_HL_A
1MHP_HL30W,1.2558755,0.7027702331542969,1,1MHP_HL_A
"1MHP_NL29Y,SL90I",0.43456262,1.690690994262695,2,1MHP_HL_A
1MHP_GH53N,1.2558755,-1.5901093482971191,1,1MHP_HL_A
1MHP_GH54Y,0.0,1.1318573951721191,1,1MHP_HL_A
1MHP_FH99W,0.0,0.1339266300201416,1,1MHP_HL_A
1MHP_FH99Y,0.75500685,-0.2919890880584717,1,1MHP_HL_A
"1MHP_TH33E,GH53Q",1.6682031,3.0437041521072388,2,1MHP_HL_A
"1MHP_TH33I,SH52T,GH53N,GH54N",1.9084218,1.038794845342636,4,1MHP_HL_A
"1MHP_TH33I,SH52T,GH53Q,GH54F",1.2558755,2.436766505241394,4,1MHP_HL_A
"1MHP_TH50V,SL27Q",-0.6949949,1.114280104637146,2,1MHP_HL_A
"1MHP_TH50V,KH64E",0.0,1.2536086440086365,2,1MHP_HL_A
"1MHP_KH64E,SL27Q",-0.85723,1.667100250720978,2,1MHP_HL_A
"1MHP_TH50V,SL27Q,NL51Y",-0.9535147,0.9024890263875326,3,1MHP_HL_A
"1MHP_KH64E,SL27Q,NL51Y",-1.0857165,1.2710357904434202,3,1MHP_HL_A
"1MHP_TH50V,KH64E,SL27Q,NL51Y",-1.1262804,1.1284739673137665,4,1MHP_HL_A
1MI5_SD23A,0.10006427,0.152454137802124,1,1MI5_ABC_DE
1MI5_TD24A,0.26040897,0.2063117027282714,1,1MI5_ABC_DE
1MI5_SD26A,-0.039184656,0.482046365737915,1,1MI5_ABC_DE
1MI5_TD28A,0.5875756,2.677868366241455,1,1MI5_ABC_DE
1MI5_DD29A,1.2319692,4.805328845977783,1,1MI5_ABC_DE
1MI5_YD30A,0.4496325,-0.9144058227539062,1,1MI5_ABC_DE
1MI5_HD32A,1.2319692,-1.4058570861816406,1,1MI5_ABC_DE
1MI5_HD47A,1.1172796,-0.0781972408294677,1,1MI5_ABC_DE
1MI5_LD49A,1.2319692,3.947045087814331,1,1MI5_ABC_DE
1MI5_TD50A,-0.5584658,0.0610332489013671,1,1MI5_ABC_DE
1MI5_SD51A,0.48201498,-0.5513068437576294,1,1MI5_ABC_DE
1MI5_ND52A,-0.019268429,0.2740094661712646,1,1MI5_ABC_DE
1MI5_PD89A,1.2319692,4.913302898406982,1,1MI5_ABC_DE
1MI5_LD90A,1.2319692,2.108358860015869,1,1MI5_ABC_DE
1MI5_AD91G,0.6083049,0.9516286849975586,1,1MI5_ABC_DE
1MI5_GD92A,0.76413476,4.460117816925049,1,1MI5_ABC_DE
1MI5_GD93A,1.2319692,5.582386493682861,1,1MI5_ABC_DE
1MI5_TD94A,0.94299465,2.2738072872161865,1,1MI5_ABC_DE
1MI5_SD95A,0.8272079,0.8433492183685303,1,1MI5_ABC_DE
1MI5_YD96A,1.2319692,-0.2600812911987304,1,1MI5_ABC_DE
1MI5_GD97A,1.2319692,5.572995662689209,1,1MI5_ABC_DE
1MI5_KD98A,1.2319692,0.5136921405792236,1,1MI5_ABC_DE
1MI5_SE25A,0.032281633,-0.1515932083129882,1,1MI5_ABC_DE
1MI5_GE26A,-0.28936067,5.09681510925293,1,1MI5_ABC_DE
1MI5_VE28A,0.29308376,0.7303519248962402,1,1MI5_ABC_DE
1MI5_SE29A,1.0638965,-1.8675439357757568,1,1MI5_ABC_DE
1MI5_QE48A,-0.07037354,0.9233708381652832,1,1MI5_ABC_DE
1MI5_NE49A,-0.43286994,0.1354236602783203,1,1MI5_ABC_DE
1MI5_EE50A,0.81893826,-0.8518500328063965,1,1MI5_ABC_DE
1MI5_SE92A,0.30169097,3.0631065368652344,1,1MI5_ABC_DE
1MI5_SE93A,-0.61189896,-1.187462329864502,1,1MI5_ABC_DE
1MI5_LE94A,0.11586393,-0.6742620468139648,1,1MI5_ABC_DE
1MI5_GE95A,1.2319692,2.179262161254883,1,1MI5_ABC_DE
1MI5_QE96A,1.2319692,-2.035581350326538,1,1MI5_ABC_DE
1MI5_AE97G,1.2319692,4.577723503112793,1,1MI5_ABC_DE
1MI5_YE98A,1.2319692,-0.5326896905899048,1,1MI5_ABC_DE
1MI5_EE99A,0.119748875,0.8234751224517822,1,1MI5_ABC_DE
1MI5_QE100A,1.2319692,-0.4772224426269531,1,1MI5_ABC_DE
1MI5_YE101A,0.26040897,-0.7070887088775635,1,1MI5_ABC_DE
1MLC_NA32G,-0.87777954,-0.2941126823425293,1,1MLC_AB_E
1MLC_NA92A,-1.2539145,-1.7578785419464111,1,1MLC_AB_E
1MLC_TB28D,-0.15101142,-3.535081148147583,1,1MLC_AB_E
1MLC_TB31A,0.44720688,0.0685806274414062,1,1MLC_AB_E
1MLC_TB31V,0.5264761,2.166962146759033,1,1MLC_AB_E
1MLC_SB57A,-0.3791914,-1.2533282041549685,1,1MLC_AB_E
1MLC_SB57V,-0.49440196,-2.78718376159668,1,1MLC_AB_E
1MLC_TB58D,-0.559933,3.3852133750915527,1,1MLC_AB_E
1MLC_KB65D,0.01855706,1.8838821649551392,1,1MLC_AB_E
1MLC_NA32Y,0.0,0.0104150772094726,1,1MLC_AB_E
1MLC_TB31W,0.13220184,2.665667533874512,1,1MLC_AB_E
"1MLC_NA32G,NA92A",-0.6869605,-1.0259956121444702,2,1MLC_AB_E
"1MLC_SB57V,TB58D",-0.98817086,0.2990148067474365,2,1MLC_AB_E
"1MLC_NA32G,NA92A,SB57V,TB58D",-1.7357506,-0.36349040269851685,4,1MLC_AB_E
"1MLC_NA92A,SB57V,TB58D",-2.3952599,-0.386616309483846,3,1MLC_AB_E
"1MLC_NA92A,TB28D,SB57V,TB58D",-2.7405863,-1.1737325191497803,4,1MLC_AB_E
"1MLC_NA92A,TB28D,SB57V,TB58D",-2.5825202,-1.1737325191497803,4,1MLC_AB_E
"1MLC_NA92A,TB28D,SB57V,TB58D",-1.6668108,-1.1737325191497803,4,1MLC_AB_E
"1MLC_NA92A,TB28D,SB57V,TB58D,NA32L",-2.5854652,-1.4647170066833497,5,1MLC_AB_E
"1MLC_NA92A,TB28D,SB57V,TB58D,SB30G",-2.3595233,-0.6928266048431396,5,1MLC_AB_E
"1MLC_NA92A,TB28D,SB57V,TB58D,YB59E",-1.4668263,-1.1512284278869631,5,1MLC_AB_E
"1MLC_NA92A,TB28D,SB57V,TB58D,SA91N",1.8505627,-0.20867738723754878,5,1MLC_AB_E
"1MLC_NA92A,TB28D,SB57V,TB58D,SA91N,SA93A",-1.6111606,-0.08211723963419597,6,1MLC_AB_E
"1MLC_NA92A,TB28D,SB57V,TB58D,RB98M,DB100Q",-0.41065642,-0.14098823070526123,6,1MLC_AB_E
"1MLC_NA92A,TB28D,SB57V,TB58D,YB32R,RB98S",1.8505627,-0.2716416120529175,6,1MLC_AB_E
"1MLC_NA92A,TB28D,SB57V,TB58D,EB35S,GB99D",-2.9552467,-0.42631542682647705,6,1MLC_AB_E
"1MLC_NA92A,TB28D,SB57V,TB58D,YB32W,RB98V,DB100Q",0.36154947,-0.10673441205705915,7,1MLC_AB_E
"1MLC_NA92A,TB28D,SB57V,TB58D,EB35S",1.9070294,-0.5899746894836426,5,1MLC_AB_E
"1MLC_NA92A,TB28D,SB57V,TB58D,GB99D",-0.20366813,-0.8605898380279541,5,1MLC_AB_E
"1MQ8_CB32L,CB170F",3.6818569,2.7734859585762024,2,1MQ8_A_B
"1MQ8_CB32L,CB170F,KB158C,KB165C",-1.7748275,2.6928710639476776,4,1MQ8_A_B
"1MQ8_CB32L,CB170F,EB155C,EB172C",-1.2561543,2.803580492734909,4,1MQ8_A_B
"1MQ8_CB32L,CB170F,KB31C,TB171C",2.968561,2.407167464494705,4,1MQ8_A_B
"1MQ8_CB32L,CB170F,LB160C,KB165C",3.7200928,2.4995644986629486,4,1MQ8_A_B
"1MQ8_CB32L,KB31C",0.6100001,1.4082236886024475,2,1MQ8_A_B
"1MQ8_CB170F,TB171C",0.6766379,3.406111240386963,2,1MQ8_A_B
1N8O_ME80L,-0.062421046,-1.266013741493225,1,1N8O_ABC_E
1N8O_ME80K,1.4597148,-1.6661401987075806,1,1N8O_ABC_E
1N8O_ME80R,1.3491715,-1.5590749979019165,1,1N8O_ABC_E
1N8Z_LC509A,-0.023055516,3.853880882263184,1,1N8Z_AB_C
1N8Z_SC535A,0.030840894,-0.2758922576904297,1,1N8Z_AB_C
1N8Z_VC536A,0.008976717,0.6161532402038574,1,1N8Z_AB_C
1N8Z_FC539A,0.035118546,-0.2454032897949218,1,1N8Z_AB_C
1N8Z_NA30S,0.06411135,-0.216310977935791,1,1N8Z_AB_C
1N8Z_HA91F,0.03292247,-1.4935789108276367,1,1N8Z_AB_C
"1N8Z_NA30S,HA91F,YA92W",-0.07190048,-0.12971917788187662,3,1N8Z_AB_C
1N8Z_TA94S,0.30937213,1.3118858337402344,1,1N8Z_AB_C
1N8Z_DB102W,-0.6857352,1.3682904243469238,1,1N8Z_AB_C
1N8Z_YB105F,0.82131284,-0.0327801704406738,1,1N8Z_AB_C
1N8Z_YB109V,0.22304489,0.042448878288269,1,1N8Z_AB_C
"1N8Z_NA30S,HA91F,YA92W,TA94S,DB102W,YB105F,YB109V",0.048722126,0.3286696331841605,7,1N8Z_AB_C
1N8Z_RB50A,2.9276857,0.5218498706817627,1,1N8Z_AB_C
1N8Z_RB59A,1.7748275,0.2087583541870117,1,1N8Z_AB_C
1NCA_NH31Q,0.0,-1.0864745378494265,1,1NCA_N_LH
1NCA_EH100D,0.41065642,1.7148935794830322,1,1NCA_N_LH
1NCA_DH101K,0.7144798,5.598870277404785,1,1NCA_N_LH
1NCA_NH102Q,0.54285824,1.00709867477417,1,1NCA_N_LH
1NMB_DH57N,2.9549508,0.4840476512908935,1,1NMB_N_LH
1NMB_DH57E,2.9549508,0.2657721042633056,1,1NMB_N_LH
1NMB_YH103A,2.1415784,-1.145516276359558,1,1NMB_N_LH
1NMB_YH105F,1.4200456,0.627155065536499,1,1NMB_N_LH
1NMB_YL32F,0.46653098,1.4561545848846436,1,1NMB_N_LH
1NMB_TL93F,-0.023913864,3.8800764083862314,1,1NMB_N_LH
1NMB_TL93W,0.18427251,3.816628456115722,1,1NMB_N_LH
1NMB_LL94V,0.90042377,1.66528058052063,1,1NMB_N_LH
1OGA_DE28A,1.5732008,,1,1OGA_ABC_DE
1OGA_DE28S,2.1622477,,1,1OGA_ABC_DE
1OGA_QE48A,2.1622477,,1,1OGA_ABC_DE
1OGA_QE48E,2.1622477,,1,1OGA_ABC_DE
1OGA_IE49A,2.1622477,,1,1OGA_ABC_DE
1OGA_IE49G,2.1622477,,1,1OGA_ABC_DE
1OGA_IE49N,2.1622477,,1,1OGA_ABC_DE
1OGA_IE49V,0.20096903,,1,1OGA_ABC_DE
1OGA_IE49L,1.4185627,,1,1OGA_ABC_DE
1OGA_NE51A,1.129622,,1,1OGA_ABC_DE
1OGA_NE51D,0.4954368,,1,1OGA_ABC_DE
1OGA_DE52A,0.13220184,,1,1OGA_ABC_DE
1OGA_QE54A,0.4954368,,1,1OGA_ABC_DE
1OGA_QE54E,0.0,,1,1OGA_ABC_DE
1OGA_RE94A,2.1622477,,1,1OGA_ABC_DE
1OGA_RE94H,2.1622477,,1,1OGA_ABC_DE
1OGA_SE95A,-0.035205524,,1,1OGA_ABC_DE
1OGA_YE97A,0.23257396,,1,1OGA_ABC_DE
1OGA_YE97F,0.4954368,,1,1OGA_ABC_DE
1OGA_SD29A,0.62763864,,1,1OGA_ABC_DE
1OGA_SD30A,1.038295,,1,1OGA_ABC_DE
1OGA_QD32A,0.975874,,1,1OGA_ABC_DE
1OGA_IE49V,0.2004732,,1,1OGA_ABC_DE
1OGA_NE51A,1.100897,,1,1OGA_ABC_DE
1OGA_DE52A,0.100621685,,1,1OGA_ABC_DE
1OGA_QE54A,0.50068974,,1,1OGA_ABC_DE
1OGA_QE54E,0.0,,1,1OGA_ABC_DE
1OGA_SE95A,0.0,,1,1OGA_ABC_DE
1OGA_YE97A,0.2004732,,1,1OGA_ABC_DE
1OGA_YE97F,0.50068974,,1,1OGA_ABC_DE
1OGA_SD30A,1.0012839,,1,1OGA_ABC_DE
1OGA_QD32A,1.0012839,,1,1OGA_ABC_DE
1OGA_QA43A,-0.023952235,,1,1OGA_ABC_DE
1OGA_EA58A,0.1126562,,1,1OGA_ABC_DE
1OGA_DA61A,0.118175976,,1,1OGA_ABC_DE
1OGA_EA63A,-0.01816087,,1,1OGA_ABC_DE
1OGA_TA64A,0.18642865,,1,1OGA_ABC_DE
1OGA_RA65A,-0.36547485,,1,1OGA_ABC_DE
1OGA_KA66A,-0.023952235,,1,1OGA_ABC_DE
1OGA_VA67A,-0.13922982,,1,1OGA_ABC_DE
1OGA_KA68A,0.24835986,,1,1OGA_ABC_DE
1OGA_AA69G,0.42719105,,1,1OGA_ABC_DE
1OGA_HA70A,0.5177409,,1,1OGA_ABC_DE
1OGA_QA72A,-0.4595702,,1,1OGA_ABC_DE
1OGA_TA73A,0.84861964,,1,1OGA_ABC_DE
1OGA_HA74A,0.60438436,,1,1OGA_ABC_DE
1OGA_RA75A,0.7110562,,1,1OGA_ABC_DE
1OGA_VA76A,0.87216383,,1,1OGA_ABC_DE
1OGA_TA80A,0.19533786,,1,1OGA_ABC_DE
1OGA_KA146A,1.931125,,1,1OGA_ABC_DE
1OGA_AA149G,0.12273683,,1,1OGA_ABC_DE
1OGA_AA150G,0.44854298,,1,1OGA_ABC_DE
1OGA_HA151A,0.0,,1,1OGA_ABC_DE
1OGA_VA152A,1.393609,,1,1OGA_ABC_DE
1OGA_EA154A,0.6123906,,1,1OGA_ABC_DE
1OGA_QA155A,0.4890683,,1,1OGA_ABC_DE
1OGA_AA158G,0.13264881,,1,1OGA_ABC_DE
1OGA_TA163A,0.321561,,1,1OGA_ABC_DE
"1OHZ_SB11A,TB12A",0.07970309,-0.377052903175354,2,1OHZ_A_B
"1OHZ_SB45A,TB46A",0.07970309,1.8789265155792236,2,1OHZ_A_B
"1OHZ_SB11A,TB12A,SB45A,TB46A",0.0,0.7509368062019349,4,1OHZ_A_B
"1OHZ_SB11Q,SB45Q",2.185484,1.7023926377296448,2,1OHZ_A_B
"1OHZ_SB11L,TB12L,SB45Q",3.0067968,2.1207507451375327,3,1OHZ_A_B
1P69_SA15P,0.7933806,-2.353534460067749,1,1P69_A_B
1P6A_YA87S,1.2527592,-1.2805078029632568,1,1P6A_A_B
1PPF_LI18G,3.3328986,5.16034460067749,1,1PPF_E_I
1PPF_LI18A,1.0710874,5.6251068115234375,1,1PPF_E_I
1PPF_LI18S,3.0920286,5.661375045776367,1,1PPF_E_I
1PPF_LI18C,-0.08952337,5.671122550964356,1,1PPF_E_I
1PPF_LI18V,-0.49266446,4.523224353790283,1,1PPF_E_I
1PPF_LI18T,0.9154713,4.173482894897461,1,1PPF_E_I
1PPF_LI18P,6.1471486,5.727365016937256,1,1PPF_E_I
1PPF_LI18I,-0.73288304,4.625370025634766,1,1PPF_E_I
1PPF_LI18M,1.2575976,3.6247692108154297,1,1PPF_E_I
1PPF_LI18N,5.225429,5.6060566902160645,1,1PPF_E_I
1PPF_LI18D,7.613488,5.599705696105957,1,1PPF_E_I
1PPF_LI18K,5.736492,3.791659593582153,1,1PPF_E_I
1PPF_LI18Q,3.306267,4.893878936767578,1,1PPF_E_I
1PPF_LI18E,7.0562377,5.286878108978272,1,1PPF_E_I
1PPF_LI18H,6.471246,5.541463851928711,1,1PPF_E_I
1PPF_LI18F,5.1694956,5.80687952041626,1,1PPF_E_I
1PPF_LI18R,7.1845417,4.020683765411377,1,1PPF_E_I
1PPF_LI18Y,6.6357884,5.366832733154297,1,1PPF_E_I
1PPF_LI18W,7.5441813,5.641298294067383,1,1PPF_E_I
1PPF_AI15G,1.1382291,3.2574377059936523,1,1PPF_E_I
1PPF_AI15S,0.75647855,0.6515378952026367,1,1PPF_E_I
1PPF_AI15C,-0.67370695,3.6766510009765625,1,1PPF_E_I
1PPF_AI15V,0.20805256,2.991429328918457,1,1PPF_E_I
1PPF_AI15T,0.9628335,2.615802049636841,1,1PPF_E_I
1PPF_AI15P,1.9954592,4.82684850692749,1,1PPF_E_I
1PPF_AI15L,0.017792689,4.005207061767578,1,1PPF_E_I
1PPF_AI15I,0.32947758,4.247459411621094,1,1PPF_E_I
1PPF_AI15M,-0.40133756,3.550870418548584,1,1PPF_E_I
1PPF_AI15N,0.9154713,2.778193712234497,1,1PPF_E_I
1PPF_AI15D,1.1382291,2.798283100128174,1,1PPF_E_I
1PPF_AI15K,1.127554,3.206307888031006,1,1PPF_E_I
1PPF_AI15Q,0.24977449,2.086256742477417,1,1PPF_E_I
1PPF_AI15E,0.105603516,1.121992111206055,1,1PPF_E_I
1PPF_AI15H,0.5528879,3.750906467437744,1,1PPF_E_I
1PPF_AI15F,-0.07295021,3.4856419563293457,1,1PPF_E_I
1PPF_AI15R,-0.26417795,2.874713897705078,1,1PPF_E_I
1PPF_AI15Y,-0.185067,3.5008487701416016,1,1PPF_E_I
1PPF_AI15W,-0.64084536,3.8862595558166495,1,1PPF_E_I
1PPF_TI17G,3.599849,3.497903347015381,1,1PPF_E_I
1PPF_TI17A,3.4848208,3.848667144775391,1,1PPF_E_I
1PPF_TI17S,1.5049802,2.530313491821289,1,1PPF_E_I
1PPF_TI17C,2.0874968,4.126702308654785,1,1PPF_E_I
1PPF_TI17V,1.4817438,1.1425795555114746,1,1PPF_E_I
1PPF_TI17P,3.0741644,1.830021858215332,1,1PPF_E_I
1PPF_TI17L,2.2796423,3.68371057510376,1,1PPF_E_I
1PPF_TI17I,1.4817438,2.879316091537476,1,1PPF_E_I
1PPF_TI17M,2.5024002,3.3834142684936523,1,1PPF_E_I
1PPF_TI17N,2.6987135,2.5414509773254395,1,1PPF_E_I
1PPF_TI17D,4.9236784,3.706066608428955,1,1PPF_E_I
1PPF_TI17K,3.3887732,2.871696949005127,1,1PPF_E_I
1PPF_TI17Q,1.9687275,3.1775460243225098,1,1PPF_E_I
1PPF_TI17E,3.0410116,3.5053048133850098,1,1PPF_E_I
1PPF_TI17H,1.6936487,2.88569974899292,1,1PPF_E_I
1PPF_TI17F,1.7099932,2.699784994125366,1,1PPF_E_I
1PPF_TI17R,3.451668,1.719912052154541,1,1PPF_E_I
1PPF_TI17Y,2.4808543,1.8551347255706787,1,1PPF_E_I
1PPF_TI17W,2.195336,3.4633708000183105,1,1PPF_E_I
1PPF_EI19G,2.1206496,1.298558235168457,1,1PPF_E_I
1PPF_EI19A,1.2032892,0.2331495285034179,1,1PPF_E_I
1PPF_EI19S,1.8462117,-0.2134618759155273,1,1PPF_E_I
1PPF_EI19C,1.4026328,1.8181571960449217,1,1PPF_E_I
1PPF_EI19V,1.1590191,-0.5666837692260742,1,1PPF_E_I
1PPF_EI19T,1.5049802,-0.5064630508422852,1,1PPF_E_I
1PPF_EI19P,3.2103827,0.5696349143981934,1,1PPF_E_I
1PPF_EI19L,1.0710874,1.002598762512207,1,1PPF_E_I
1PPF_EI19I,0.7233257,0.2037596702575683,1,1PPF_E_I
1PPF_EI19M,1.1487153,0.385838508605957,1,1PPF_E_I
1PPF_EI19N,1.2126933,-0.1270051002502441,1,1PPF_E_I
1PPF_EI19D,0.57792485,-0.3214035034179687,1,1PPF_E_I
1PPF_EI19K,2.1206496,-0.963125705718994,1,1PPF_E_I
1PPF_EI19Q,0.6604309,0.3515005111694336,1,1PPF_E_I
1PPF_EI19H,0.69046414,0.5824947357177734,1,1PPF_E_I
1PPF_EI19F,1.3641711,1.702444076538086,1,1PPF_E_I
1PPF_EI19R,1.4817438,-2.6111178398132324,1,1PPF_E_I
1PPF_EI19Y,1.2488849,1.094223976135254,1,1PPF_E_I
1PPF_EI19W,1.530076,1.6581835746765137,1,1PPF_E_I
1PPF_YI20G,4.1859007,4.841411590576172,1,1PPF_E_I
1PPF_YI20A,3.2103827,3.443275690078736,1,1PPF_E_I
1PPF_YI20S,3.6438136,3.4737212657928467,1,1PPF_E_I
1PPF_YI20C,3.451668,4.373569488525391,1,1PPF_E_I
1PPF_YI20V,4.1859007,4.472664833068848,1,1PPF_E_I
1PPF_YI20T,5.055347,4.389954566955566,1,1PPF_E_I
1PPF_YI20P,5.3671613,4.9838151931762695,1,1PPF_E_I
1PPF_YI20L,1.3749107,1.4450805187225342,1,1PPF_E_I
1PPF_YI20I,3.9316313,4.104742050170898,1,1PPF_E_I
1PPF_YI20M,2.8123996,3.859096765518189,1,1PPF_E_I
1PPF_YI20N,3.6438136,2.190696954727173,1,1PPF_E_I
1PPF_YI20D,6.419518,3.613530397415161,1,1PPF_E_I
1PPF_YI20K,4.494069,3.93937087059021,1,1PPF_E_I
1PPF_YI20Q,4.6970696,3.677086591720581,1,1PPF_E_I
1PPF_YI20E,6.419518,4.065827369689941,1,1PPF_E_I
1PPF_YI20H,2.3787324,2.267922878265381,1,1PPF_E_I
1PPF_YI20F,0.4820406,1.4783098697662354,1,1PPF_E_I
1PPF_YI20R,4.372321,2.835904598236084,1,1PPF_E_I
1PPF_YI20W,0.23538224,0.633091926574707,1,1PPF_E_I
1PPF_RI21G,0.57792485,5.04201602935791,1,1PPF_E_I
1PPF_RI21A,0.20805256,3.4959404468536377,1,1PPF_E_I
1PPF_RI21S,0.41961956,3.282442331314087,1,1PPF_E_I
1PPF_RI21C,-0.08117884,5.0721211433410645,1,1PPF_E_I
1PPF_RI21V,-0.34960973,4.092784881591797,1,1PPF_E_I
1PPF_RI21T,-0.018343631,3.46795916557312,1,1PPF_E_I
1PPF_RI21P,6.7055693,5.358341693878174,1,1PPF_E_I
1PPF_RI21L,-0.85858625,2.5568888187408447,1,1PPF_E_I
1PPF_RI21I,-0.8112832,4.577449798583984,1,1PPF_E_I
1PPF_RI21M,-0.75961477,3.9118051528930655,1,1PPF_E_I
1PPF_RI21N,0.32947758,3.723632335662842,1,1PPF_E_I
1PPF_RI21D,0.20805256,4.324108600616455,1,1PPF_E_I
1PPF_RI21K,0.6045564,2.283637046813965,1,1PPF_E_I
1PPF_RI21Q,-0.018343631,3.119115829467773,1,1PPF_E_I
1PPF_RI21E,0.46085024,4.356966972351074,1,1PPF_E_I
1PPF_RI21H,-0.49266446,2.9429850578308105,1,1PPF_E_I
1PPF_RI21F,-0.9812476,3.9484071731567374,1,1PPF_E_I
1PPF_RI21Y,0.22063163,4.17540454864502,1,1PPF_E_I
1PPF_RI21W,-0.53300625,4.901250839233398,1,1PPF_E_I
1PPF_PI14G,0.09338758,2.4289627075195312,1,1PPF_E_I
1PPF_PI14A,-0.12412894,0.718512773513794,1,1PPF_E_I
1PPF_PI14S,-0.5715383,1.0567243099212646,1,1PPF_E_I
1PPF_PI14C,-2.0050166,3.633563995361328,1,1PPF_E_I
1PPF_PI14V,-1.525053,1.7161853313446045,1,1PPF_E_I
1PPF_PI14T,-0.26417795,1.445929765701294,1,1PPF_E_I
1PPF_PI14L,-2.9233665,1.1597900390625,1,1PPF_E_I
1PPF_PI14I,-1.6513598,2.338172435760498,1,1PPF_E_I
1PPF_PI14M,-1.5744526,2.4109554290771484,1,1PPF_E_I
1PPF_PI14N,-0.64084536,2.238835096359253,1,1PPF_E_I
1PPF_PI14D,-0.49266446,1.1223011016845703,1,1PPF_E_I
1PPF_PI14K,-0.44869977,1.5132763385772705,1,1PPF_E_I
1PPF_PI14Q,-0.8112832,1.7298316955566406,1,1PPF_E_I
1PPF_PI14E,-1.4290054,0.2374030351638794,1,1PPF_E_I
1PPF_PI14H,-1.7655087,2.3757824897766118,1,1PPF_E_I
1PPF_PI14F,-1.8568356,1.8455307483673096,1,1PPF_E_I
1PPF_PI14R,-0.13764554,1.4150843620300293,1,1PPF_E_I
1PPF_PI14Y,-0.9626155,2.460115432739258,1,1PPF_E_I
1PPF_PI14W,-2.0050166,2.81010103225708,1,1PPF_E_I
1PPF_KI13G,1.2488849,4.182365894317627,1,1PPF_E_I
1PPF_KI13A,0.75647855,3.638744831085205,1,1PPF_E_I
1PPF_KI13S,0.46085024,3.110121250152588,1,1PPF_E_I
1PPF_KI13C,0.9628335,4.091084957122803,1,1PPF_E_I
1PPF_KI13V,0.8715067,1.915444254875183,1,1PPF_E_I
1PPF_KI13T,0.16590488,1.984570860862732,1,1PPF_E_I
1PPF_KI13P,1.266184,4.287589073181152,1,1PPF_E_I
1PPF_KI13L,0.4015556,2.7610387802124023,1,1PPF_E_I
1PPF_KI13I,0.63128805,2.5473203659057617,1,1PPF_E_I
1PPF_KI13M,0.20805256,3.8008766174316406,1,1PPF_E_I
1PPF_KI13N,0.6604309,3.4026665687561035,1,1PPF_E_I
1PPF_KI13D,0.63128805,4.209110260009766,1,1PPF_E_I
1PPF_KI13Q,0.24977449,1.4874833822250366,1,1PPF_E_I
1PPF_KI13E,1.1329156,3.545788288116455,1,1PPF_E_I
1PPF_KI13H,1.0145614,2.64231538772583,1,1PPF_E_I
1PPF_KI13F,0.9628335,3.97900915145874,1,1PPF_E_I
1PPF_KI13R,-0.64084536,-1.0852437019348145,1,1PPF_E_I
1PPF_KI13Y,0.50558484,3.922174453735352,1,1PPF_E_I
1PPF_KI13W,0.8311649,3.942049503326416,1,1PPF_E_I
1PPF_GI32A,0.23538224,4.73996639251709,1,1PPF_E_I
1PPF_GI32S,0.9154713,5.100529670715332,1,1PPF_E_I
1PPF_GI32C,1.1791041,5.4353132247924805,1,1PPF_E_I
1PPF_GI32V,2.553068,5.47780179977417,1,1PPF_E_I
1PPF_GI32T,2.8123996,5.528514385223389,1,1PPF_E_I
1PPF_GI32P,0.2638254,4.647310256958008,1,1PPF_E_I
1PPF_GI32L,3.1298978,5.503940582275391,1,1PPF_E_I
1PPF_GI32I,4.372321,5.548466682434082,1,1PPF_E_I
1PPF_GI32M,2.195336,5.678699493408203,1,1PPF_E_I
1PPF_GI32N,1.6139456,5.561142444610596,1,1PPF_E_I
1PPF_GI32D,2.4970868,5.543402194976807,1,1PPF_E_I
1PPF_GI32K,3.306267,5.641684055328369,1,1PPF_E_I
1PPF_GI32Q,2.7997265,5.611758232116699,1,1PPF_E_I
1PPF_GI32E,1.4575586,5.478045463562012,1,1PPF_E_I
1PPF_GI32H,1.5049802,5.512355327606201,1,1PPF_E_I
1PPF_GI32F,1.4817438,5.506916046142578,1,1PPF_E_I
1PPF_GI32R,4.848992,5.558794498443604,1,1PPF_E_I
1PPF_GI32Y,1.2032892,5.555334091186523,1,1PPF_E_I
1PPF_GI32W,1.6439788,5.57429838180542,1,1PPF_E_I
1PPF_NI36G,-0.5715383,0.3304448127746582,1,1PPF_E_I
1PPF_NI36A,-1.6455227,-1.9163217544555664,1,1PPF_E_I
1PPF_NI36S,-1.3463784,-1.1711645126342771,1,1PPF_E_I
1PPF_NI36C,0.6045564,1.050074577331543,1,1PPF_E_I
1PPF_NI36V,0.34582213,0.733431339263916,1,1PPF_E_I
1PPF_NI36T,0.5528879,0.6091647148132324,1,1PPF_E_I
1PPF_NI36P,-2.9595976,1.169198989868164,1,1PPF_E_I
1PPF_NI36L,2.6471634,0.8778233528137207,1,1PPF_E_I
1PPF_NI36I,0.8715067,1.0175647735595703,1,1PPF_E_I
1PPF_NI36M,1.0710874,0.6766810417175293,1,1PPF_E_I
1PPF_NI36D,-3.077952,-2.6842942237854004,1,1PPF_E_I
1PPF_NI36K,2.6217687,0.7494759559631348,1,1PPF_E_I
1PPF_NI36Q,0.38292348,-0.8793115615844727,1,1PPF_E_I
1PPF_NI36E,-1.0183489,-4.382240295410156,1,1PPF_E_I
1PPF_NI36H,-0.53300625,0.0642948150634765,1,1PPF_E_I
1PPF_NI36F,1.8462117,1.0637784004211426,1,1PPF_E_I
1PPF_NI36R,1.869756,0.6218681335449219,1,1PPF_E_I
1PPF_NI36Y,1.6768404,0.7337303161621094,1,1PPF_E_I
1PPF_NI36W,1.7219623,0.5086374282836914,1,1PPF_E_I
"1PPF_AI15R,LI18R",7.3277965,3.4476988315582275,2,1PPF_E_I
"1PPF_EI10D,AI15V,TI17P,EI19D,RI21M,NI28S,GI32S,NI45S,SI51R",3.3328986,1.7122743792004056,9,1PPF_E_I
"1PPF_EI10G,KI13Q,PI14S,TI17P,LI18Q,EI19D,RI21V,LI23F,GI32S,VI42A,EI43D",6.0346093,2.180360913276673,11,1PPF_E_I
"1PPF_EI10D,YI11H,AI15V,TI17S,RI21M,NI28S,GI32S,NI36D",0.29537022,2.08520345389843,8,1PPF_E_I
"1PPF_AI15V,TI17S,LI18P,RI21M,NI28S,GI32N,NI36D,NI39S,SI51G",7.3737435,3.0333411826027765,9,1PPF_E_I
"1PPF_EI10D,AI15V,TI17S,RI21M,NI28S,GI32N,NI36D,SI51G",1.0145614,1.9811442643404007,8,1PPF_E_I
"1PPF_EI10D,AI15V,TI17S,RI21M,NI28S,GI32S,EI43D",2.0874968,2.3518254927226474,7,1PPF_E_I
"1PPF_VI6I,EI10D,AI15V,TI17S,RI21M,NI28S,GI32S,EI43D,TI49I",1.9687275,2.127606060769823,9,1PPF_E_I
"1PPF_EI10D,AI15V,TI17S,RI21M,NI28S,GI32S,VI42A,EI43D",1.6139456,2.491166934370995,8,1PPF_E_I
"1PPF_EI10D,RI21M,KI29Q,GI32S,NI36S,EI43D",-0.44869977,1.3775166273117065,6,1PPF_E_I
"1PPF_RI21M,KI29Q,GI32S,EI43D",0.071384184,2.557032108306885,4,1PPF_E_I
"1PPF_EI10D,RI21M,EI43D",-0.75961477,1.3253252506256104,3,1PPF_E_I
"1PPF_EI10D,KI13R,AI15D,RI21M,EI43D",0.12930475,1.137803030014038,5,1PPF_E_I
"1PPF_EI10D,LI18M,RI21M,EI43D",0.8311649,1.9001862406730652,4,1PPF_E_I
"1PPF_EI10D,LI18V,RI21M,GI32D,EI43D",1.4026328,2.8085204601287836,5,1PPF_E_I
"1PPF_EI10D,LI18V,RI21M,EI43D",0.038461715,2.1248000264167786,4,1PPF_E_I
"1PPF_EI10D,TI17R,LI18M,RI21M,EI43D",4.6207423,1.8641314029693603,5,1PPF_E_I
"1PPF_EI10G,LI18M,RI21M,EI43D,KI55E",-0.010937885,1.2642838954925537,5,1PPF_E_I
"1PPF_DI7N,EI10G,LI18M,RI21M,EI43D,KI55E",0.038461715,1.3716715574264526,6,1PPF_E_I
"1PPF_EI10D,AI15V,TI17S,YI20D,RI21M,NI28S,GI32S,EI43D",7.4812865,2.5095386058092113,8,1PPF_E_I
"1PPF_EI10D,AI15V,TI17S,RI21M,NI28S,GI32S,NI36D,EI43D",-0.029628772,1.7223105281591415,8,1PPF_E_I
"1PPF_AI15V,TI17S,RI21M,NI28S,KI29Q,GI32S,KI34E,EI43D",1.9420959,2.0887952893972397,8,1PPF_E_I
1PPF_LI18M,1.2265255,3.6247692108154297,1,1PPF_E_I
"1PPF_AI15D,GI32A",1.1590191,3.769124746322632,2,1PPF_E_I
1PPF_GI32A,0.27980772,4.73996639251709,1,1PPF_E_I
"1PPF_RI21V,LI23I",-0.29308376,1.7618922293186186,2,1PPF_E_I
"1PPF_LI18M,LI23V,KI29I,EI43K",1.3923885,1.421745240688324,4,1PPF_E_I
"1PPF_AI15G,LI18M,LI23V,KI29I,EI43K",2.2796423,1.7888837337493897,5,1PPF_E_I
"1PPF_LI18M,NI36D,SI51N",-0.85858625,0.5820206801096598,3,1PPF_E_I
"1PPF_EI10D,KI13M,LI18M,LI23V",1.6279964,2.068381428718567,4,1PPF_E_I
"1PPF_EI10G,LI18M,YI20S,LI23I,KI29T,GI32S,HI52Y,FI53P,KI55V",5.622589,1.931588523917728,9,1PPF_E_I
"1PPF_AI15T,LI18M",-1.4927714,3.1202856302261357,2,1PPF_E_I
"1PPF_LI18M,TI30S,GI32D",4.176571,4.361686627070109,3,1PPF_E_I
"1PPF_LI18I,GI32D",2.5231903,5.084386110305786,2,1PPF_E_I
"1PPF_AI15D,LI18A,YI20D",8.737914,4.012306769688924,3,1PPF_E_I
"1PPF_LI18M,HI52R",1.4817438,3.256470203399658,2,1PPF_E_I
"1PPF_LI18M,SI51N",1.2575976,2.21517813205719,2,1PPF_E_I
1PPF_YI20H,2.4527707,2.267922878265381,1,1PPF_E_I
"1PPF_LI18M,YI20Q",5.8396077,3.6509279012680054,2,1PPF_E_I
"1PPF_LI18M,GI32D",3.9859397,4.584085702896118,2,1PPF_E_I
"1PPF_EI10D,TI17L,RI21M,GI32D,NI36S,EI43D,TI49S",4.372321,1.8783000877925329,7,1PPF_E_I
"1PPF_EI10D,RI21M,LI23F,NI28S,GI32S,EI43D",0.46085024,2.2222464283307395,6,1PPF_E_I
"1PPF_EI10G,KI13Q,TI17S,RI21V,LI23F,GI32S,NI36D,VI42A,EI43D",0.50558484,1.8189741902881198,9,1PPF_E_I
"1PPF_EI10D,TI17S,EI19D,RI21M,NI28S,GI32S,EI43D,GI54E",3.2812302,2.3389893621206284,8,1PPF_E_I
"1PPF_EI10D,AI15V,YI20E,RI21M,EI43D",6.527772,2.2066464900970457,5,1PPF_E_I
"1PPF_EI10D,AI15V,TI17S,RI21M,VI42A,EI43D",1.2265255,2.160712599754333,6,1PPF_E_I
"1PPF_DI7N,EI10D,AI15V,TI17S,EI19L,RI21M,VI42A,EI43D",1.4026328,1.9844355285167694,8,1PPF_E_I
"1PPF_EI10D,AI15V,YI20D,RI21M,KI29I,GI32H,NI36Y,VI42A,EI43H,LI50F",4.9236784,2.619239258766174,10,1PPF_E_I
"1PPF_YI11H,EI19D,LI23I,NI28S,GI32S,NI36D,VI42M,EI43D",0.32947758,1.536627821624279,8,1PPF_E_I
"1PPF_EI10D,AI15V,EI19D,RI21M,KI29T,GI32S,EI43D,LI48I",1.9170591,1.928545743227005,8,1PPF_E_I
"1PPF_EI10D,AI15V,TI17S,EI19D,RI21M,KI29T,GI32N,NI36I,EI43D,LI48I",4.5980983,1.9436856985092164,10,1PPF_E_I
"1PPF_EI10D,KI13R,AI15V,EI19D,RI21M,GI32S,EI43D,LI48I,KI55R",2.3270047,1.624403503206041,9,1PPF_E_I
"1PPF_EI10D,AI15V,EI19D,RI21M,GI32S,EI43D,LI48I,KI55R",2.4863145,1.963109403848648,8,1PPF_E_I
1PPF_GI32V,2.543275,5.47780179977417,1,1PPF_E_I
1PPF_TI17E,3.0741644,3.5053048133850098,1,1PPF_E_I
"1PPF_EI10D,LI18F,RI21M,EI43D",4.5533633,2.4457138180732727,4,1PPF_E_I
1PPF_TI17S,1.5567676,2.530313491821289,1,1PPF_E_I
1PPF_TI17V,1.5435721,1.1425795555114746,1,1PPF_E_I
1PPF_AI15V,0.19259642,2.991429328918457,1,1PPF_E_I
"1PPF_AI15V,TI17S",1.7657267,2.760871410369873,2,1PPF_E_I
1PPF_TI17A,2.894247,3.848667144775391,1,1PPF_E_I
1PPF_LI18K,5.649281,3.791659593582153,1,1PPF_E_I
1PPF_LI18A,0.9628335,5.6251068115234375,1,1PPF_E_I
1PPF_LI18E,7.07063,5.286878108978272,1,1PPF_E_I
1PPF_LI18Q,3.3887732,4.893878936767578,1,1PPF_E_I
"1PPF_KI13T,PI14E,AI15Y",-0.75599116,1.9076075553894043,3,1PPF_E_I
"1PPF_KI13T,PI14E,AI15Y,LI18G,RI21M,GI32P,NI36V",1.7693503,2.8822448594229564,7,1PPF_E_I
"1PPF_KI13S,PI14D,AI15Y",-0.124976724,2.5777570406595864,3,1PPF_E_I
"1PPF_KI13S,PI14D,AI15Y,LI18G,EI19I,RI21K",4.0313025,2.563502073287964,6,1PPF_E_I
"1QAB_VA30M,VB21M,VC21M,VD21M",-0.27507877,5.069577097892761,4,1QAB_ABCD_E
"1QAB_LA55P,LB46P,LC46P,LD46P",0.37579626,4.540687799453735,4,1QAB_ABCD_E
"1QAB_LA58H,LB49H,LC49H,LD49H",-0.07190048,5.239261507987976,4,1QAB_ABCD_E
"1QAB_TA60A,TB51A,TC51A,TD51A",0.12195746,2.334934264421463,4,1QAB_ABCD_E
"1QAB_SA85A,SB76A,SC76A,SD76A",0.91505295,0.591397762298584,4,1QAB_ABCD_E
"1QAB_DA99A,DB90A,DC90A,DD90A",1.7057868,-0.6627649068832397,4,1QAB_ABCD_E
"1QAB_SA100E,SB91E,SC91E,SD91E",1.6644362,0.32898566126823425,4,1QAB_ABCD_E
"1QAB_YA114H,YB105H,YC105H,YD105H",0.689111,0.6151191592216492,4,1QAB_ABCD_E
"1QAB_YA114F,YB105F,YC105F,YD105F",-0.39396653,-0.3205124735832214,4,1QAB_ABCD_E
1QSE_RC7V,-1.2254227,1.9037634134292605,1,1QSE_ABC_DE
1R0R_LI13G,2.3528912,-1.0002882480621338,1,1R0R_E_I
1R0R_LI13A,0.31460878,-1.7971563339233398,1,1R0R_E_I
1R0R_LI13S,1.5712368,-1.497053146362305,1,1R0R_E_I
1R0R_LI13C,-1.3463069,0.4792132377624511,1,1R0R_E_I
1R0R_LI13V,2.156578,1.0397930145263672,1,1R0R_E_I
1R0R_LI13T,0.15976271,0.3630480766296386,1,1R0R_E_I
1R0R_LI13P,7.687727,1.2491941452026367,1,1R0R_E_I
1R0R_LI13I,3.2540267,1.695849895477295,1,1R0R_E_I
1R0R_LI13M,-0.51625997,-1.9873285293579104,1,1R0R_E_I
1R0R_LI13N,1.5003896,-0.8832709789276123,1,1R0R_E_I
1R0R_LI13D,4.539324,-1.4410514831542969,1,1R0R_E_I
1R0R_LI13K,3.3453536,0.4586372375488281,1,1R0R_E_I
1R0R_LI13Q,0.5696492,-2.3211231231689453,1,1R0R_E_I
1R0R_LI13E,2.177368,-2.4496235847473145,1,1R0R_E_I
1R0R_LI13H,0.5696492,0.1390843391418457,1,1R0R_E_I
1R0R_LI13F,0.6170114,0.2646336555480957,1,1R0R_E_I
1R0R_LI13R,2.935408,-0.5236825942993164,1,1R0R_E_I
1R0R_LI13Y,0.44681063,-0.4861528873443603,1,1R0R_E_I
1R0R_LI13W,1.5239338,0.5457696914672852,1,1R0R_E_I
1R0R_AI10G,1.1117365,2.3703298568725586,1,1R0R_E_I
1R0R_AI10S,1.7416747,2.0967230796813965,1,1R0R_E_I
1R0R_AI10C,-0.48346767,1.802959442138672,1,1R0R_E_I
1R0R_AI10V,-0.9535147,-2.6028287410736084,1,1R0R_E_I
1R0R_AI10T,1.2681235,1.4779562950134275,1,1R0R_E_I
1R0R_AI10P,3.3453536,2.66070556640625,1,1R0R_E_I
1R0R_AI10L,-1.7550112,1.059880256652832,1,1R0R_E_I
1R0R_AI10I,-1.7995166,-1.2601925134658811,1,1R0R_E_I
1R0R_AI10M,-1.739622,0.9218907356262208,1,1R0R_E_I
1R0R_AI10N,2.0894363,2.3568520545959477,1,1R0R_E_I
1R0R_AI10D,5.228435,2.4316563606262207,1,1R0R_E_I
1R0R_AI10K,3.0729842,2.524732112884521,1,1R0R_E_I
1R0R_AI10Q,1.8109818,2.302934169769287,1,1R0R_E_I
1R0R_AI10E,4.577856,2.377947807312012,1,1R0R_E_I
1R0R_AI10H,1.7748275,2.377864360809326,1,1R0R_E_I
1R0R_AI10F,-2.2429996,2.1373367309570312,1,1R0R_E_I
1R0R_AI10R,5.530482,2.598766803741455,1,1R0R_E_I
1R0R_AI10Y,-0.83848655,2.282932758331299,1,1R0R_E_I
1R0R_AI10W,0.20706579,2.604335308074951,1,1R0R_E_I
1R0R_TI12G,3.1389987,3.588521957397461,1,1R0R_E_I
1R0R_TI12A,1.1732311,3.8355679512023926,1,1R0R_E_I
1R0R_TI12S,0.8897487,2.027843475341797,1,1R0R_E_I
1R0R_TI12C,0.81319696,3.752584934234619,1,1R0R_E_I
1R0R_TI12V,0.93717015,1.7103060483932495,1,1R0R_E_I
1R0R_TI12P,4.9499803,4.941510200500488,1,1R0R_E_I
1R0R_TI12L,0.66873926,4.304288387298584,1,1R0R_E_I
1R0R_TI12I,0.25873423,2.960533142089844,1,1R0R_E_I
1R0R_TI12M,1.3310183,4.042725563049316,1,1R0R_E_I
1R0R_TI12N,0.017864227,0.7628213167190552,1,1R0R_E_I
1R0R_TI12D,2.888105,1.4749077558517456,1,1R0R_E_I
1R0R_TI12K,1.9338204,4.375874996185303,1,1R0R_E_I
1R0R_TI12Q,2.2216382,3.704356670379639,1,1R0R_E_I
1R0R_TI12E,3.213685,3.6545352935791016,1,1R0R_E_I
1R0R_TI12H,0.52568454,2.9848923683166504,1,1R0R_E_I
1R0R_TI12F,-0.066014394,4.626917839050293,1,1R0R_E_I
1R0R_TI12R,3.3453536,4.08769416809082,1,1R0R_E_I
1R0R_TI12Y,-0.87882835,4.321961402893066,1,1R0R_E_I
1R0R_TI12W,2.935408,4.332118034362793,1,1R0R_E_I
1R0R_EI14G,2.7119977,2.853848457336426,1,1R0R_E_I
1R0R_EI14A,2.0894363,1.3306801319122314,1,1R0R_E_I
1R0R_EI14S,3.1751528,2.4401168823242188,1,1R0R_E_I
1R0R_EI14C,2.3715823,3.522109031677246,1,1R0R_E_I
1R0R_EI14V,0.09477138,-0.603705644607544,1,1R0R_E_I
1R0R_EI14T,4.252276,1.0160784721374512,1,1R0R_E_I
1R0R_EI14P,3.764484,3.906229972839356,1,1R0R_E_I
1R0R_EI14L,0.5696492,1.603299617767334,1,1R0R_E_I
1R0R_EI14I,0.7369973,0.4391703605651855,1,1R0R_E_I
1R0R_EI14M,1.5712368,1.2702417373657229,1,1R0R_E_I
1R0R_EI14N,2.1183422,2.965259552001953,1,1R0R_E_I
1R0R_EI14D,0.25873423,2.842967987060547,1,1R0R_E_I
1R0R_EI14K,2.7119977,2.2674922943115234,1,1R0R_E_I
1R0R_EI14Q,1.2821743,0.8256795406341553,1,1R0R_E_I
1R0R_EI14H,1.7088131,2.7495598793029785,1,1R0R_E_I
1R0R_EI14F,3.6180909,2.656414031982422,1,1R0R_E_I
1R0R_EI14R,2.0894363,2.034108161926269,1,1R0R_E_I
1R0R_EI14Y,1.8898556,2.757863044738769,1,1R0R_E_I
1R0R_EI14W,1.8495139,3.416810989379883,1,1R0R_E_I
1R0R_YI15G,6.4020834,4.602447032928467,1,1R0R_E_I
1R0R_YI15A,5.474549,2.8820719718933105,1,1R0R_E_I
1R0R_YI15S,5.1627135,3.2103052139282227,1,1R0R_E_I
1R0R_YI15C,3.2540267,4.701900482177734,1,1R0R_E_I
1R0R_YI15V,3.5100741,3.0421109199523926,1,1R0R_E_I
1R0R_YI15T,5.474549,3.1547727584838867,1,1R0R_E_I
1R0R_YI15P,6.654434,4.65334415435791,1,1R0R_E_I
1R0R_YI15L,2.5751164,3.5513687133789062,1,1R0R_E_I
1R0R_YI15I,2.8645606,3.616777896881104,1,1R0R_E_I
1R0R_YI15M,3.1389987,3.366565227508545,1,1R0R_E_I
1R0R_YI15N,5.616447,1.4439128637313845,1,1R0R_E_I
1R0R_YI15D,5.771293,2.59834623336792,1,1R0R_E_I
1R0R_YI15K,5.512418,2.909562587738037,1,1R0R_E_I
1R0R_YI15Q,4.5031695,2.745333671569824,1,1R0R_E_I
1R0R_YI15E,4.618198,2.808746337890625,1,1R0R_E_I
1R0R_YI15H,3.4711196,1.810503363609314,1,1R0R_E_I
1R0R_YI15F,0.6170114,1.723004698753357,1,1R0R_E_I
1R0R_YI15R,4.470017,2.932114601135254,1,1R0R_E_I
1R0R_YI15W,-0.36416575,1.6309069395065308,1,1R0R_E_I
1R0R_RI16G,2.0894363,1.781632900238037,1,1R0R_E_I
1R0R_RI16A,-0.09604763,-1.23260235786438,1,1R0R_E_I
1R0R_RI16S,-0.01634454,-1.2862194776535034,1,1R0R_E_I
1R0R_RI16C,0.11502811,2.5283279418945312,1,1R0R_E_I
1R0R_RI16V,0.11502811,1.1661133766174316,1,1R0R_E_I
1R0R_RI16T,0.344642,-0.937894344329834,1,1R0R_E_I
1R0R_RI16P,7.390505,2.6433606147766118,1,1R0R_E_I
1R0R_RI16L,0.2321027,1.3729910850524902,1,1R0R_E_I
1R0R_RI16I,0.20706579,1.8919482231140137,1,1R0R_E_I
1R0R_RI16M,0.44681063,2.0145177841186523,1,1R0R_E_I
1R0R_RI16N,-0.050451912,-0.9756388664245604,1,1R0R_E_I
1R0R_RI16D,-0.17991725,-0.0904321670532226,1,1R0R_E_I
1R0R_RI16K,-0.09604763,-0.591677188873291,1,1R0R_E_I
1R0R_RI16Q,0.18240695,-0.1437301635742187,1,1R0R_E_I
1R0R_RI16E,0.344642,0.7452335357666016,1,1R0R_E_I
1R0R_RI16H,0.52568454,1.0465011596679688,1,1R0R_E_I
1R0R_RI16F,0.44681063,1.938807487487793,1,1R0R_E_I
1R0R_RI16Y,0.82332456,1.9648141860961916,1,1R0R_E_I
1R0R_RI16W,0.94539875,2.310704708099365,1,1R0R_E_I
1R0R_PI9G,-0.34582213,2.850397825241089,1,1R0R_E_I
1R0R_PI9A,-0.6389059,1.1783154010772705,1,1R0R_E_I
1R0R_PI9S,0.13621847,0.943488359451294,1,1R0R_E_I
1R0R_PI9C,-0.9866675,3.9595401287078857,1,1R0R_E_I
1R0R_PI9V,1.3310183,4.02011775970459,1,1R0R_E_I
1R0R_PI9T,1.19775,2.7937562465667725,1,1R0R_E_I
1R0R_PI9L,1.1842538,3.9681146144866943,1,1R0R_E_I
1R0R_PI9I,1.7416747,4.18748950958252,1,1R0R_E_I
1R0R_PI9M,-0.033152815,4.230170249938965,1,1R0R_E_I
1R0R_PI9N,-0.9173605,3.511650323867798,1,1R0R_E_I
1R0R_PI9D,-2.5212765,0.8690705299377441,1,1R0R_E_I
1R0R_PI9K,0.344642,3.9716956615448,1,1R0R_E_I
1R0R_PI9Q,-1.414623,2.691030502319336,1,1R0R_E_I
1R0R_PI9E,-2.2429996,0.0241792201995849,1,1R0R_E_I
1R0R_PI9H,-0.21651737,3.8874003887176514,1,1R0R_E_I
1R0R_PI9F,1.3820354,4.291501045227051,1,1R0R_E_I
1R0R_PI9R,1.1024064,3.9312045574188232,1,1R0R_E_I
1R0R_PI9Y,0.85746706,4.117342948913574,1,1R0R_E_I
1R0R_PI9W,0.48534274,4.220796585083008,1,1R0R_E_I
1R0R_KI8G,-0.83848655,4.951632499694824,1,1R0R_E_I
1R0R_KI8A,-0.6100001,2.17154860496521,1,1R0R_E_I
1R0R_KI8S,-0.3073604,3.1577460765838623,1,1R0R_E_I
1R0R_KI8C,-0.6156695,4.931596755981445,1,1R0R_E_I
1R0R_KI8V,0.41065642,4.180319786071777,1,1R0R_E_I
1R0R_KI8T,0.8897487,4.672124862670898,1,1R0R_E_I
1R0R_KI8P,1.3478266,4.804862976074219,1,1R0R_E_I
1R0R_KI8L,-0.32802942,2.438149929046631,1,1R0R_E_I
1R0R_KI8I,1.1239525,5.121152877807617,1,1R0R_E_I
1R0R_KI8M,-0.5612779,2.924438953399658,1,1R0R_E_I
1R0R_KI8N,-0.3908401,2.8684427738189697,1,1R0R_E_I
1R0R_KI8D,-0.5933102,3.7623159885406494,1,1R0R_E_I
1R0R_KI8Q,-0.53088915,0.0440897941589355,1,1R0R_E_I
1R0R_KI8E,-0.11043989,2.861450672149658,1,1R0R_E_I
1R0R_KI8H,-0.5933102,3.124884843826294,1,1R0R_E_I
1R0R_KI8F,-0.79452187,3.7850730419158936,1,1R0R_E_I
1R0R_KI8R,0.13621847,1.1755058765411377,1,1R0R_E_I
1R0R_KI8Y,-0.6954318,3.568227529525757,1,1R0R_E_I
1R0R_KI8W,-1.1054369,4.799263000488281,1,1R0R_E_I
1R0R_GI27A,1.2981567,-1.696965217590332,1,1R0R_E_I
1R0R_GI27S,0.91177547,-1.7266697883605957,1,1R0R_E_I
1R0R_GI27C,1.4199046,1.2259340286254885,1,1R0R_E_I
1R0R_GI27V,1.9338204,0.2596611976623535,1,1R0R_E_I
1R0R_GI27T,1.6787798,-1.003889083862305,1,1R0R_E_I
1R0R_GI27P,1.0800471,-0.4250164031982422,1,1R0R_E_I
1R0R_GI27L,2.4107375,0.3767538070678711,1,1R0R_E_I
1R0R_GI27I,1.9811826,-0.2673425674438476,1,1R0R_E_I
1R0R_GI27M,2.156578,-1.7148146629333496,1,1R0R_E_I
1R0R_GI27N,1.2821743,-0.419680118560791,1,1R0R_E_I
1R0R_GI27D,2.888105,-0.8498749732971191,1,1R0R_E_I
1R0R_GI27K,2.935408,-1.3034543991088867,1,1R0R_E_I
1R0R_GI27Q,2.0329103,-4.035150527954102,1,1R0R_E_I
1R0R_GI27E,1.9811826,-1.2020955085754397,1,1R0R_E_I
1R0R_GI27H,2.1924953,0.0195732116699218,1,1R0R_E_I
1R0R_GI27F,0.11502811,-0.1851162910461425,1,1R0R_E_I
1R0R_GI27R,3.4711196,-2.054030418395996,1,1R0R_E_I
1R0R_GI27Y,0.48534274,-0.591942310333252,1,1R0R_E_I
1R0R_GI27W,1.4012725,-0.1538000106811523,1,1R0R_E_I
1R0R_NI31G,0.28546593,0.2611503601074219,1,1R0R_E_I
1R0R_NI31A,-0.033152815,-1.4703741073608398,1,1R0R_E_I
1R0R_NI31S,0.48534274,-0.589052677154541,1,1R0R_E_I
1R0R_NI31C,0.5696492,2.081315040588379,1,1R0R_E_I
1R0R_NI31V,0.66873926,-0.4365472793579101,1,1R0R_E_I
1R0R_NI31T,0.5696492,-0.3260159492492676,1,1R0R_E_I
1R0R_NI31P,1.4791992,1.926808834075928,1,1R0R_E_I
1R0R_NI31L,1.546578,0.3597674369812011,1,1R0R_E_I
1R0R_NI31I,0.31460878,0.3648629188537597,1,1R0R_E_I
1R0R_NI31M,0.31460878,0.204747200012207,1,1R0R_E_I
1R0R_NI31D,0.5696492,-1.8671875,1,1R0R_E_I
1R0R_NI31K,1.1476537,0.1565876007080078,1,1R0R_E_I
1R0R_NI31Q,-0.27443793,-1.857614517211914,1,1R0R_E_I
1R0R_NI31E,-0.20501308,-3.172278881072998,1,1R0R_E_I
1R0R_NI31H,0.28546593,0.072641372680664,1,1R0R_E_I
1R0R_NI31F,-0.17991725,1.4995040893554688,1,1R0R_E_I
1R0R_NI31R,1.4589425,0.1906371116638183,1,1R0R_E_I
1R0R_NI31Y,0.18240695,0.8527112007141113,1,1R0R_E_I
1R0R_NI31W,0.055733472,0.6671881675720215,1,1R0R_E_I
"1R0R_TI12K,LI13R",5.259515,1.9260962009429927,2,1R0R_E_I
"1R0R_TI12R,LI13R",6.5064836,1.782005786895752,2,1R0R_E_I
"1R0R_AI10R,LI13R",7.752178,1.0375421047210693,2,1R0R_E_I
"1R0R_AI10R,TI12K,LI13R",9.3144,2.150319735209147,3,1R0R_E_I
"1R0R_PI9S,AI10L,TI12K,LI13R",4.892764,1.463890254497528,4,1R0R_E_I
"1R0R_EI5D,AI10V,TI12P,EI14D,RI16M,NI23S,GI27S,NI40S,SI46R",4.9404244,0.7636766963534884,9,1R0R_E_I
"1R0R_TI12P,LI13K,EI14D,LI18V,SI46N",7.5461206,1.785190486907959,5,1R0R_E_I
"1R0R_TI12P,LI13K,EI14D,LI18V,GI27S,SI46N",7.678323,1.1998804410298665,6,1R0R_E_I
"1R0R_EI5G,KI8Q,PI9S,TI12P,LI13Q,EI14D,RI16V,LI18F,GI27S,VI37A,EI38D",3.571417,0.6557835665616122,11,1R0R_E_I
"1R0R_EI5D,YI6H,AI10V,TI12S,RI16M,NI23S,GI27S,NI31D",0.344642,0.31237044930458063,8,1R0R_E_I
"1R0R_AI10V,TI12S,LI13P,RI16M,NI23S,GI27N,NI31D,NI34S,SI46G",9.231593,0.8228497770097519,9,1R0R_E_I
"1R0R_EI5D,AI10V,TI12S,RI16M,NI23S,GI27N,NI31D,SI46G",0.48534274,0.2112020254135132,8,1R0R_E_I
"1R0R_EI5D,AI10V,TI12S,RI16M,NI23S,GI27S,EI38D",0.20706579,0.1268426009586879,7,1R0R_E_I
"1R0R_VI1I,EI5D,AI10V,TI12S,RI16M,NI23S,GI27S,EI38D,TI44I",0.28546593,0.6099074284235636,9,1R0R_E_I
"1R0R_EI5D,AI10V,TI12S,RI16M,NI23S,GI27S,VI37A,EI38D",-0.050451912,0.43479424715042114,8,1R0R_E_I
"1R0R_EI5D,RI16M,KI24Q,GI27S,NI31S,EI38D",0.66873926,-0.08187631766001384,6,1R0R_E_I
"1R0R_RI16M,KI24Q,GI27S,EI38D",1.1117365,0.38036173582077026,4,1R0R_E_I
"1R0R_EI5D,RI16M,EI38D",0.41065642,0.318392276763916,3,1R0R_E_I
"1R0R_EI5D,KI8R,AI10D,RI16M,EI38D",5.771293,0.9124678134918212,5,1R0R_E_I
"1R0R_EI5D,RI16M,KI29R,EI38D",-0.08199673,0.20520466566085815,4,1R0R_E_I
"1R0R_EI5G,LI13M,RI16M,EI38D",-0.24021861,-0.4813389778137207,4,1R0R_E_I
"1R0R_EI5D,LI13M,RI16M,EI38D",-0.24021861,-0.2580379247665405,4,1R0R_E_I
"1R0R_EI5D,LI13V,RI16M,GI27D,EI38D",4.6621623,0.2290189743041992,5,1R0R_E_I
"1R0R_EI5D,LI13V,RI16M,EI38D",2.3825202,0.4987424612045288,4,1R0R_E_I
"1R0R_EI5D,TI12R,LI13M,RI16M,EI38D",3.3970814,0.6111084938049316,5,1R0R_E_I
"1R0R_EI5G,LI13M,RI16M,EI38D,KI50E",-0.6954318,-0.6040270090103149,5,1R0R_E_I
"1R0R_DI2N,EI5G,LI13M,RI16M,EI38D,KI50E",-1.0495623,-0.26493805646896357,6,1R0R_E_I
"1R0R_EI5D,AI10V,TI12S,YI15D,RI16M,NI23S,GI27S,EI38D",5.331494,0.435780555009842,8,1R0R_E_I
"1R0R_EI5D,AI10V,TI12S,RI16M,NI23S,GI27S,NI31D,EI38D,TI44N",0.073797435,0.4084476629892986,9,1R0R_E_I
"1R0R_EI5D,AI10V,TI12S,RI16M,NI23S,GI27S,NI31D,EI38D",0.11502811,-0.12241116166114807,8,1R0R_E_I
"1R0R_EI5D,AI10V,TI12S,RI16M,NI23S,GI27S,NI31D,VI36F,EI38D,TI44S",0.037101373,0.5890680074691772,10,1R0R_E_I
"1R0R_AI10V,TI12S,RI16M,NI23S,KI24Q,GI27S,KI29E,EI38D",1.4012725,0.33405134081840515,8,1R0R_E_I
1R0R_LI13M,-0.51625997,-1.9873285293579104,1,1R0R_E_I
"1R0R_LI13M,TI44N,KI50T",-0.83848655,1.0379993120829265,3,1R0R_E_I
"1R0R_NI23S,GI27A",1.2537313,0.2687056064605713,2,1R0R_E_I
"1R0R_AI10D,GI27A",5.903495,0.36734557151794434,2,1R0R_E_I
"1R0R_AI10D,GI27A,NI28S",5.834188,2.009744167327881,3,1R0R_E_I
1R0R_GI27A,1.3310183,-1.696965217590332,1,1R0R_E_I
"1R0R_TI12M,LI13S,GI27V",3.0138083,0.9351112047831216,3,1R0R_E_I
"1R0R_RI16V,LI18I",-0.01634454,0.3755953311920166,2,1R0R_E_I
"1R0R_LI13S,RI16V,LI18I",1.8898556,-0.24862082799275717,3,1R0R_E_I
1R0R_NI23S,-0.066014394,2.2343764305114746,1,1R0R_E_I
"1R0R_LI13M,LI18V,KI24I,EI38K",-0.83848655,-0.3020318150520325,4,1R0R_E_I
"1R0R_AI10G,LI13M,LI18V,KI24I,EI38K",1.0361416,0.23244051933288573,5,1R0R_E_I
"1R0R_LI13M,NI31D,SI46N",-0.3073604,-1.1641002496083577,3,1R0R_E_I
"1R0R_EI5D,KI8M,LI13M,LI18V",-1.7550112,-0.04148000478744505,4,1R0R_E_I
"1R0R_EI5G,LI13M,YI15S,LI18I,KI24T,GI27S,HI47Y,FI48P,KI50V",3.3453536,0.01351303524441189,9,1R0R_E_I
"1R0R_AI10T,LI13M",0.25873423,-0.2546861171722412,2,1R0R_E_I
"1R0R_LI13M,TI25S,GI27D",2.145903,0.37734707196553546,3,1R0R_E_I
"1R0R_LI13I,GI27D",5.3034587,0.4229874610900879,2,1R0R_E_I
"1R0R_AI10D,LI13A,YI15D",8.944814,1.0776154200236003,3,1R0R_E_I
"1R0R_LI13M,SI46N,HI47R,KI50Q",-0.6389059,0.6803199648857117,4,1R0R_E_I
"1R0R_LI13M,HI47R",-0.31760478,0.8700149059295654,2,1R0R_E_I
"1R0R_LI13M,HI47R,KI50E",-0.9173605,0.21508355935414633,3,1R0R_E_I
"1R0R_LI13M,SI46N",-0.49729985,-0.8125566244125366,2,1R0R_E_I
1R0R_YI15H,3.042951,1.810503363609314,1,1R0R_E_I
"1R0R_LI13M,YI15Q",3.6401176,0.37900257110595703,2,1R0R_E_I
"1R0R_LI13M,GI27D",2.3932598,-1.4186017513275146,2,1R0R_E_I
"1R0R_EI5D,TI12L,RI16M,GI27D,NI31S,EI38D,TI44S",3.8180754,0.9342482430594308,7,1R0R_E_I
"1R0R_EI5D,RI16M,LI18F,NI23S,GI27S,EI38D",1.2981567,0.3580358823140462,6,1R0R_E_I
"1R0R_EI5G,KI8Q,TI12S,RI16V,LI18F,GI27S,NI31D,VI37A,EI38D",0.0,0.10749242040846084,9,1R0R_E_I
"1R0R_EI5D,TI12S,EI14D,RI16M,NI23S,GI27S,EI38D,GI49E",1.2981567,1.4873415231704712,8,1R0R_E_I
"1R0R_EI5D,AI10V,YI15E,RI16M,EI38D",2.8645606,0.23221888542175292,5,1R0R_E_I
"1R0R_EI5D,AI10V,TI12S,RI16M,VI37A,EI38D",-1.1571053,0.49510788917541504,6,1R0R_E_I
"1R0R_DI2N,EI5D,AI10V,TI12S,EI14L,RI16M,VI37A,EI38D",-0.9173605,0.7505567073822021,8,1R0R_E_I
"1R0R_EI5D,AI10V,YI15D,RI16M,KI24I,GI27H,NI31Y,VI37A,EI38H,LI45F",5.688787,1.2143473386764527,10,1R0R_E_I
"1R0R_EI5D,KI8Q,AI10V,TI12M,LI13G,EI14D,RI16M,NI23S,GI27S,EI38D,SI46N",3.105846,0.46834228255532007,11,1R0R_E_I
"1R0R_YI6H,EI14D,LI18I,NI23S,GI27S,NI31D,VI37M,EI38D",0.7817319,1.1452727615833282,8,1R0R_E_I
"1R0R_EI5D,AI10V,EI14D,RI16M,KI24T,GI27S,EI38D,LI43I",-0.17991725,0.2624242901802063,8,1R0R_E_I
"1R0R_EI5D,AI10V,TI12S,EI14D,RI16M,KI24T,GI27N,NI31I,EI38D,LI43I",1.7748275,0.5799090385437011,10,1R0R_E_I
"1R0R_EI5D,KI8R,AI10V,EI14D,RI16M,GI27S,EI38D,LI43I,KI50R",-0.41065642,0.4425056245591905,9,1R0R_E_I
"1R0R_EI5D,AI10V,EI14D,RI16M,GI27S,EI38D,LI43I,KI50R",-0.24021861,0.35088059306144714,8,1R0R_E_I
"1R0R_AI10D,LI13A",5.530482,0.31725001335144043,2,1R0R_E_I
"1R0R_EI5D,LI13M,RI16M,GI27D,EI38D",2.0329103,-0.3764053344726562,5,1R0R_E_I
1R0R_GI27V,1.9811826,0.2596611976623535,1,1R0R_E_I
1R0R_YI15D,5.474549,2.59834623336792,1,1R0R_E_I
1R0R_TI12E,2.8231137,3.6545352935791016,1,1R0R_E_I
"1R0R_EI5D,LI13F,RI16M,EI38D",1.1359216,0.30495262145996094,4,1R0R_E_I
1R0R_TI12S,0.8283242,2.027843475341797,1,1R0R_E_I
1R0R_TI12V,1.0800471,1.7103060483932495,1,1R0R_E_I
1R0R_AI10V,-0.9866675,-2.6028287410736084,1,1R0R_E_I
"1R0R_AI10V,TI12S",0.09477138,-0.28749263286590576,2,1R0R_E_I
1R0R_TI12A,0.7870935,3.8355679512023926,1,1R0R_E_I
1R0R_LI13K,2.8433704,0.4586372375488281,1,1R0R_E_I
1R0R_LI13A,0.52568454,-1.7971563339233398,1,1R0R_E_I
1R0R_LI13E,2.1239579,-2.4496235847473145,1,1R0R_E_I
1R0R_LI13Q,0.6170114,-2.3211231231689453,1,1R0R_E_I
"1R0R_TI12R,LI13R",6.485773,1.782005786895752,2,1R0R_E_I
"1R0R_AI10R,LI13R",7.7239184,1.0375421047210693,2,1R0R_E_I
"1R0R_AI10R,TI12K,LI13R",9.287433,2.150319735209147,3,1R0R_E_I
"1R0R_KI8T,PI9E,AI10Y",-0.8727519,2.3264122804005942,3,1R0R_E_I
"1R0R_KI8T,PI9E,AI10Y,LI13G,RI16M,GI27P,NI31V",2.4168139,1.0188432421003069,7,1R0R_E_I
"1R0R_KI8S,PI9D,AI10Y",-1.9298587,2.1032497882843018,3,1R0R_E_I
"1R0R_KI8S,PI9D,AI10Y,LI13G,EI14I,RI16K",0.7984835,0.8594923814137777,6,1R0R_E_I
"1REW_DA19A,DB19A",0.66809106,2.269364297389984,2,1REW_AB_C
"1REW_WA20A,WB20A",1.0873132,1.8316292762756348,2,1REW_AB_C
"1REW_DA19A,WA20A,DB19A,WB20A",2.0630822,2.0504967868328094,4,1REW_AB_C
"1REW_FA38A,FB38A",1.3641711,2.7550379037857056,2,1REW_AB_C
"1REW_PA39A,PB39A",1.2945013,5.599570512771606,2,1REW_AB_C
"1REW_FA38A,PA39A,FB38A,PB39A",2.883712,4.177304208278656,4,1REW_AB_C
"1REW_HA28D,HB28D",0.19565234,-2.9428526163101196,2,1REW_AB_C
"1REW_SA77A,SB77A",0.20326425,1.310511589050293,2,1REW_AB_C
"1REW_LA89A,LB89A",0.23992245,0.2313946485519409,2,1REW_AB_C
"1REW_HA28D,SA77A,HB28D,SB77A",0.1833965,-0.8161705136299133,4,1REW_AB_C
"1REW_HA28D,LA89A,HB28D,LB89A",0.11872623,-1.3557289838790894,4,1REW_AB_C
"1REW_AA23D,AB23D",0.0,0.3407684564590454,2,1REW_AB_C
"1REW_DA42A,DB42A",-0.05195394,-0.912346601486206,2,1REW_AB_C
"1REW_EA98R,EB98R",0.26882827,0.6019349098205566,2,1REW_AB_C
"1REW_DA19A,AA23D,DB19A,AB23D",0.47617817,1.3050663769245148,4,1REW_AB_C
"1REW_AA23D,DA42A,AB23D,DB42A",-0.18391342,-0.2857890725135803,4,1REW_AB_C
"1REW_DA42A,EA98R,DB42A,EB98R",0.04365158,-0.1552058458328247,4,1REW_AB_C
"1REW_WA17F,WB17F",0.6724211,1.6108205914497375,2,1REW_AB_C
"1REW_LA40P,LB40P",5.3077927,5.35219955444336,2,1REW_AB_C
"1REW_DA42A,DB42A",-0.0697808,-0.912346601486206,2,1REW_AB_C
"1REW_DA42P,DB42P",2.3559217,0.9232746958732605,2,1REW_AB_C
"1REW_SA58R,SB58R",1.6668108,-0.7272279262542725,2,1REW_AB_C
"1REW_YA92A,YB92A",1.2152793,1.3546810150146484,2,1REW_AB_C
1REW_QC55A,2.6585615,3.088712215423584,1,1REW_AB_C
"1REW_KC57R,SC59T,KC61I,AC62P,QC63H,LC64Q,TC67D",0.72998595,2.5456099850790843,7,1REW_AB_C
"1REW_KC57R,SC59T,KC61I,AC62P,QC63H,LC64Q,TC67D,AC43T,MC47L,KC48G,YC49L",0.26777947,1.1935679153962568,11,1REW_AB_C
"1REW_KC57R,SC59T,KC61I,AC62P,QC63H,LC64Q,TC67D,AC43T,MC47L,KC48G,YC49L,GC11H,DC15E,AC30T,IC31M",1.1528584,1.413998047510783,15,1REW_AB_C
1S0W_AC142F,-2.102992,-0.2222437858581543,1,1S0W_A_C
1S1Q_VA41A,0.6707527,3.0784544944763184,1,1S1Q_A_B
1S1Q_FA42A,0.19934364,1.6986379623413086,1,1S1Q_A_B
1S1Q_NA43A,1.2319692,-0.975121021270752,1,1S1Q_A_B
1S1Q_DA44A,0.96552116,5.027012825012207,1,1S1Q_A_B
1S1Q_WA73A,0.2807825,0.1005549430847168,1,1S1Q_A_B
1S1Q_FA86A,0.77525043,2.831123352050781,1,1S1Q_A_B
1SBB_LB20T,-0.09132688,1.8131760358810425,1,1SBB_A_B
1SBB_VB26Y,-1.455498,1.5370979309082031,1,1SBB_A_B
1SBB_YB91V,0.079110935,-3.358636379241944,1,1SBB_A_B
1SBB_LB20T,-0.10801677,1.8131760358810425,1,1SBB_A_B
1SBB_VB26Y,-0.90609324,1.5370979309082031,1,1SBB_A_B
1SBB_YB91V,0.09132688,-3.358636379241944,1,1SBB_A_B
"1SBB_LB20T,VB26Y,YB91V",0.13220184,-0.0027874708175659,3,1SBB_A_B
1SBN_RI38K,-0.3099994,1.5427823066711426,1,1SBN_E_I
1SGD_DI13L,-5.6686587,-3.6397743225097656,1,1SGD_E_I
1SGE_EI13L,-5.982758,-3.893209934234619,1,1SGE_E_I
1SGN_NI13L,-3.399817,-3.229731321334839,1,1SGN_E_I
1SGP_AI13L,-2.9891605,-1.4507167339324951,1,1SGP_E_I
1SGQ_GI13L,-5.0034957,-1.2615675926208496,1,1SGQ_E_I
1SGY_YI13L,-1.6760064,-1.132360816001892,1,1SGY_E_I
1SIB_KI46R,-0.7315268,-1.2337517738342283,1,1SIB_E_I
1SMF_EI8A,1.0128093,-0.1588380336761474,1,1SMF_E_I
1SMF_SI4A,1.8999716,0.6988492012023926,1,1SMF_E_I
1SMF_TI2A,2.0460517,5.829145431518555,1,1SMF_E_I
1SMF_II5A,3.511419,4.333943843841553,1,1SMF_E_I
1SMF_KI3A,5.689056,4.525166034698486,1,1SMF_E_I
1TM1_YI42A,2.1795297,4.018445014953613,1,1TM1_E_I
1TM1_YI42G,4.6809673,4.917835235595703,1,1TM1_E_I
1TM1_RI46A,3.07986,2.9077963829040527,1,1TM1_E_I
1TM1_RI48A,2.9234388,1.112297773361206,1,1TM1_E_I
1TM1_RI48C,3.2358015,2.1939942836761475,1,1TM1_E_I
"1TM1_RI48A,RI46A",5.0519233,2.0100470781326294,2,1TM1_E_I
1TM1_TI39D,2.0990736,1.0989594459533691,1,1TM1_E_I
1TM1_TI39A,2.572396,1.8664093017578125,1,1TM1_E_I
1TM1_EI41A,2.9246554,0.1004948616027832,1,1TM1_E_I
"1TM1_TI39A,EI41A",3.3903959,0.983452081680298,2,1TM1_E_I
"1TM1_TI39D,EI41A",0.754171,0.5997271537780762,2,1TM1_E_I
1TM1_VI51A,0.024861773,3.748645067214966,1,1TM1_E_I
1TM1_TI39A,2.7283423,1.8664093017578125,1,1TM1_E_I
1TM1_TI39P,3.75601,4.305635929107666,1,1TM1_E_I
1TM1_EI41A,3.0542183,0.1004948616027832,1,1TM1_E_I
1TM1_EI41S,2.7477686,-0.638063907623291,1,1TM1_E_I
"1TM1_EI41S,MI40R",3.549655,-0.2098344564437866,2,1TM1_E_I
1TM1_RI43A,1.2561543,0.3017356395721435,1,1TM1_E_I
1TM1_RI46A,3.75601,2.9077963829040527,1,1TM1_E_I
1TM1_RI48A,3.0981238,1.112297773361206,1,1TM1_E_I
1TM1_MI40G,2.2329054,2.0535247325897217,1,1TM1_E_I
1TM1_MI40A,1.0276679,0.2605631351470947,1,1TM1_E_I
1TM1_MI40K,1.0935637,2.037203073501587,1,1TM1_E_I
1TM1_MI40Y,0.056466706,2.215882539749145,1,1TM1_E_I
1TM1_MI40F,1.0276679,2.843305826187134,1,1TM1_E_I
1TM1_YI42A,2.9815822,4.018445014953613,1,1TM1_E_I
1TM3_KI40M,-1.0935637,,1,1TM3_E_I
1TM4_GI40M,-2.2329054,,1,1TM4_E_I
1TM5_AI40M,-1.0276679,,1,1TM5_E_I
1TM7_YI40M,-0.056466706,-1.5572547912597656,1,1TM7_E_I
1TMG_FI40M,-1.0276679,-2.3736765384674072,1,1TMG_E_I
1TO1_AI42Y,-2.9815822,,1,1TO1_E_I
1U7F_RB65A,1.737952,,1,1U7F_B_AC
1U7F_DB140A,2.673813,,1,1U7F_B_AC
1UUZ_HA62Q,1.5196093,,1,1UUZ_A_D
1UUZ_HA62N,1.5196093,,1,1UUZ_A_D
1UUZ_HA62D,3.3792171,,1,1UUZ_A_D
1UUZ_HA62A,1.7748275,,1,1UUZ_A_D
1UUZ_CA64A,0.65087503,,1,1UUZ_A_D
1VFB_HA30A,0.84526086,1.3499326705932615,1,1VFB_AB_C
1VFB_YA32A,1.3399861,1.8499832153320312,1,1VFB_AB_C
1VFB_YA49A,0.7978987,3.169466018676758,1,1VFB_AB_C
1VFB_YA50A,0.3880122,0.738410234451294,1,1VFB_AB_C
1VFB_WA92A,2.7283423,2.5395967960357666,1,1VFB_AB_C
1VFB_SA93A,0.3432776,0.4197092056274414,1,1VFB_AB_C
1VFB_TB30A,-0.05587455,-1.1708627939224243,1,1VFB_AB_C
1VFB_YB32A,0.46035218,3.1177258491516118,1,1VFB_AB_C
1VFB_WB52A,0.36446795,3.2013394832611084,1,1VFB_AB_C
1VFB_DB54A,0.6389059,4.908119201660156,1,1VFB_AB_C
1VFB_NB56A,0.17779756,0.1946191787719726,1,1VFB_AB_C
1VFB_DB58A,-0.20709603,-1.5016114711761477,1,1VFB_AB_C
1VFB_EB98A,1.157075,2.6686153411865234,1,1VFB_AB_C
1VFB_RB99A,-0.09977996,0.1964943408966064,1,1VFB_AB_C
1VFB_DB100A,3.0716197,0.8986282348632812,1,1VFB_AB_C
1VFB_YB101F,0.9535147,1.7521412372589111,1,1VFB_AB_C
1VFB_SB28N,0.1440119,1.689680814743042,1,1VFB_AB_C
1VFB_SB28Q,0.07811606,2.6088783740997314,1,1VFB_AB_C
1VFB_SB28D,0.0,0.7642202377319336,1,1VFB_AB_C
1VFB_SB28E,-0.10405386,2.428079843521118,1,1VFB_AB_C
1VFB_GB31A,0.30660257,-0.5546770095825195,1,1VFB_AB_C
1VFB_GB31E,-0.5099895,-2.1809206008911133,1,1VFB_AB_C
1VFB_GB31W,0.003962904,1.488234519958496,1,1VFB_AB_C
1VFB_YB32E,1.9030398,3.65494441986084,1,1VFB_AB_C
1VFB_DB58N,-0.12823893,0.9567444324493408,1,1VFB_AB_C
1VFB_DB58E,0.07811606,-0.539830207824707,1,1VFB_AB_C
1VFB_RB99Y,1.2359321,-0.4906084537506103,1,1VFB_AB_C
1VFB_RB99W,0.70528984,-0.6002805233001709,1,1VFB_AB_C
1VFB_NA31W,0.17440072,2.699329137802124,1,1VFB_AB_C
1VFB_YA32W,5.631085,1.4370605945587158,1,1VFB_AB_C
1VFB_LA46D,5.631085,5.243362903594971,1,1VFB_AB_C
1VFB_LA46E,5.631085,5.104367256164551,1,1VFB_AB_C
1VFB_YA50R,0.8447021,0.975372076034546,1,1VFB_AB_C
1VFB_YA50K,1.7163694,1.5016000270843506,1,1VFB_AB_C
1VFB_TA52F,0.47108603,3.031471967697144,1,1VFB_AB_C
1VFB_TA53R,1.6465886,0.69277024269104,1,1VFB_AB_C
1VFB_DC18A,0.3402829,2.651024341583252,1,1VFB_AB_C
1VFB_NC19A,0.39626417,3.0638222694396973,1,1VFB_AB_C
1VFB_YC23A,0.41065642,3.35858416557312,1,1VFB_AB_C
1VFB_SC24A,0.8513461,0.6658658981323242,1,1VFB_AB_C
1VFB_KC116A,0.71376985,1.8264520168304443,1,1VFB_AB_C
1VFB_TC118A,0.7654383,4.169997692108154,1,1VFB_AB_C
1VFB_DC119A,0.9535147,2.637254238128662,1,1VFB_AB_C
1VFB_VC120A,0.9173605,-0.3633527755737304,1,1VFB_AB_C
1VFB_QC121A,2.8782864,0.7517445087432861,1,1VFB_AB_C
1VFB_IC124A,1.2319692,5.010941982269287,1,1VFB_AB_C
1VFB_RC125A,1.8377223,0.457566499710083,1,1VFB_AB_C
1VFB_LC129A,0.17162153,3.853496551513672,1,1VFB_AB_C
1VFB_YA32A,1.7176495,1.8499832153320312,1,1VFB_AB_C
1VFB_YA50A,0.52456826,0.738410234451294,1,1VFB_AB_C
1VFB_WA92A,3.3500743,2.5395967960357666,1,1VFB_AB_C
1VFB_YB32A,1.1237155,3.1177258491516118,1,1VFB_AB_C
1VFB_WB52A,0.9173605,3.2013394832611084,1,1VFB_AB_C
1VFB_DB54A,0.99204683,4.908119201660156,1,1VFB_AB_C
1VFB_DB100A,2.941075,0.8986282348632812,1,1VFB_AB_C
1VFB_YB101F,1.5867511,1.7521412372589111,1,1VFB_AB_C
"1VFB_YA32A,QC121A",1.5867511,1.3008638620376587,2,1VFB_AB_C
"1VFB_YA32A,IC124A",2.9070168,3.430462598800659,2,1VFB_AB_C
"1VFB_YA50A,DC18A",1.2664908,1.694717288017273,2,1VFB_AB_C
"1VFB_YA50A,DC119A",1.2319692,1.687832236289978,2,1VFB_AB_C
"1VFB_WA92A,QC121A",3.520512,1.6456706523895264,2,1VFB_AB_C
"1VFB_WA92A,IC124A",3.8520577,3.775269389152527,2,1VFB_AB_C
"1VFB_WA92A,RC125A",3.394809,1.4985816478729248,2,1VFB_AB_C
"1VFB_WA92A,LC129A",3.3088436,3.1965466737747197,2,1VFB_AB_C
"1VFB_YB32A,KC116A",1.5867511,2.472088932991028,2,1VFB_AB_C
"1VFB_WB52A,DC119A",2.2483788,2.9192968606948853,2,1VFB_AB_C
"1VFB_DB54A,TC118A",1.2552056,4.539058446884155,2,1VFB_AB_C
"1VFB_DB100A,SC24A",3.3712647,0.7822470664978028,2,1VFB_AB_C
"1VFB_YB101F,DC119A",2.7377465,2.1946977376937866,2,1VFB_AB_C
"1VFB_YB101F,VC120A",2.5396144,0.6943942308425904,2,1VFB_AB_C
1WQJ_RI20A,0.67955303,0.4643673896789551,1,1WQJ_I_B
"1WQJ_RI35A,RI36A",1.0285114,1.2500883340835571,2,1WQJ_I_B
1WQJ_RI49A,0.26824522,1.2392430305480957,1,1WQJ_I_B
1WQJ_RI54A,0.059441056,-1.1114062070846558,1,1WQJ_I_B
1WQJ_RI55A,0.40239912,0.7581138610839844,1,1WQJ_I_B
1X1W_AD81E,-0.41065642,1.2472625970840454,1,1X1W_A_D
1X1X_AD76E,-0.8235527,-1.4596203565597534,1,1X1X_A_D
1XD3_KB6A,1.344086,3.884774208068848,1,1XD3_A_B
1XD3_KB27A,-0.062421046,5.578357219696045,1,1XD3_A_B
1XD3_RB42L,-0.8621878,2.605330467224121,1,1XD3_A_B
1XD3_RB54L,0.8687343,1.0810322761535645,1,1XD3_A_B
1XD3_HB68N,0.0,0.4230468273162842,1,1XD3_A_B
1XD3_RB72L,1.3017501,1.3564813137054443,1,1XD3_A_B
1XD3_RB74L,2.3777323,4.669793128967285,1,1XD3_A_B
1XD3_EB24A,-0.24021861,-0.8051331043243408,1,1XD3_A_B
1XD3_DB39A,-0.41065642,-0.1613492965698242,1,1XD3_A_B
1XD3_EB51A,1.534609,1.549688458442688,1,1XD3_A_B
1XD3_DB52A,-0.24021861,4.099602222442627,1,1XD3_A_B
1XD3_DB58A,-0.24021861,4.7471537590026855,1,1XD3_A_B
1XD3_KB6R,0.30263966,-0.3829357624053955,1,1XD3_A_B
1XD3_LB8A,2.6767921,4.06606912612915,1,1XD3_A_B
1XD3_KB11R,1.402407,1.5913004875183103,1,1XD3_A_B
1XD3_KB27R,0.26598144,3.75731372833252,1,1XD3_A_B
1XD3_KB33R,0.0,2.955915927886963,1,1XD3_A_B
1XD3_IB44A,0.26598144,1.19057035446167,1,1XD3_A_B
1XGP_AB33F,-4.06248,3.334972620010376,1,1XGP_AB_C
1XGP_AB33L,-2.1998763,3.428552389144897,1,1XGP_AB_C
1XGP_AB33I,-2.261219,3.6383116245269775,1,1XGP_AB_C
1XGP_AB33V,-1.1530954,3.659715414047241,1,1XGP_AB_C
1XGQ_VB33F,-2.9093847,0.1951570510864257,1,1XGQ_AB_C
1XGQ_VB33L,-1.0467808,0.6497664451599121,1,1XGQ_AB_C
1XGQ_VB33I,-1.1081238,-0.3084609508514404,1,1XGQ_AB_C
1XGQ_VB33A,1.1530954,-2.5273399353027344,1,1XGQ_AB_C
1XGR_IB33F,-1.801261,0.4503345489501953,1,1XGR_AB_C
1XGR_IB33L,0.06134288,0.8022928237915039,1,1XGR_AB_C
1XGR_IB33V,1.1081238,0.667360782623291,1,1XGR_AB_C
1XGR_IB33A,2.261219,-2.089498519897461,1,1XGR_AB_C
1XGT_LB33F,-1.8626039,-0.6802370548248291,1,1XGT_AB_C
1XGT_LB33I,-0.06134288,-0.0240349769592285,1,1XGT_AB_C
1XGT_LB33V,1.0467808,0.4278922080993652,1,1XGT_AB_C
1XGT_LB33A,2.1998763,-3.060753345489502,1,1XGT_AB_C
1XGU_FB33L,1.8626039,0.7325015068054199,1,1XGU_AB_C
1XGU_FB33I,1.801261,0.4697332382202148,1,1XGU_AB_C
1XGU_FB33V,2.9093847,0.8654165267944336,1,1XGU_AB_C
1XGU_FB33A,4.06248,-2.5496573448181152,1,1XGU_AB_C
"1XXM_AC74K,AC142F,AC143Y,AA79E,AA80Y",-2.412727,-1.4190796852111816,5,1XXM_A_C
1Y1K_AI39T,-2.7283423,-0.6418349742889404,1,1Y1K_E_I
1Y33_PI39T,-3.75601,4.507352828979492,1,1Y33_E_I
1Y34_AI41E,-3.0542183,-0.2546558380126953,1,1Y34_E_I
1Y3B_SI41E,-2.7477686,,1,1Y3B_E_I
1Y3C_AI43R,-1.2561543,-0.5692448616027832,1,1Y3C_E_I
1Y3D_AI48R,-3.0981238,-0.0412256717681884,1,1Y3D_E_I
1Y48_AI46R,-3.75601,,1,1Y48_E_I
"1Y4A_SI40E,RI39M",-3.549655,,2,1Y4A_E_I
1YCS_RA177H,-0.11888775,0.0106871128082275,1,1YCS_A_B
"1YCS_MA37L,VA107A,NA143Y,NA172D",-0.13897279,-1.149537205696106,4,1YCS_A_B
"1YCS_MA37L,VA107A,NA143Y,NA172D,VA47A",0.14287694,0.0024092674255371,5,1YCS_A_B
"1YCS_MA37L,VA107A,NA143Y,NA172D,RA153S,HA72R",0.50962794,0.034060120582580566,6,1YCS_A_B
"1YCS_MA37L,VA107A,NA143Y,NA172D,FA174L",-0.18866855,0.1419905662536621,5,1YCS_A_B
"1YCS_MA37L,VA107A,NA143Y,NA172D,RA186W",0.051550064,-0.6301744461059571,5,1YCS_A_B
1YQV_RY45K,2.0010803,3.180511951446533,1,1YQV_HL_Y
1YQV_RY45K,2.0021381,3.180511951446533,1,1YQV_HL_Y
1YQV_RY45K,1.6343396,3.180511951446533,1,1YQV_HL_Y
"1YQV_RY68K,TY40S,IY55V,SY91T,QY121H",0.1061558,1.3328217267990112,5,1YQV_HL_Y
"1YQV_RY68K,TY40S,IY55V,SY91T,QY121H",0.0,1.3328217267990112,5,1YQV_HL_Y
"1YQV_RY68K,TY40S,IY55V,SY91T,QY121H",0.0,1.3328217267990112,5,1YQV_HL_Y
"1YQV_RY68K,TY40S,IY55V,SY91T",5.3730054,1.3423502743244171,4,1YQV_HL_Y
"1YQV_RY68K,TY40S,IY55V,SY91T",5.104349,1.3423502743244171,4,1YQV_HL_Y
"1YQV_RY68K,TY40S,IY55V,SY91T",5.0972853,1.3423502743244171,4,1YQV_HL_Y
1YY9_LD29P,0.030840894,5.370360374450684,1,1YY9_CD_A
1YY9_WD52P,1.4789331,3.3841090202331543,1,1YY9_CD_A
1YY9_SD53P,0.8179112,-1.609385371208191,1,1YY9_CD_A
1YY9_GD54P,0.26819047,4.726163864135742,1,1YY9_CD_A
1YY9_AD98P,1.0376917,1.6037522554397583,1,1YY9_CD_A
1YY9_YD101P,1.652159,-1.5973734855651855,1,1YY9_CD_A
1YY9_AC25P,0.072288,4.700884819030762,1,1YY9_CD_A
1YY9_SC26P,-0.009114826,5.370171070098877,1,1YY9_CD_A
1YY9_SC28P,-0.22239916,-1.7290863990783691,1,1YY9_CD_A
1YY9_SC54P,-0.018372076,-1.8156518936157229,1,1YY9_CD_A
1YY9_TC96P,4.0049434,-1.963111162185669,1,1YY9_CD_A
1YY9_SC26D,-0.19934364,4.672259330749512,1,1YY9_CD_A
1YY9_TC31E,-0.519157,1.3163450956344604,1,1YY9_CD_A
1YY9_NC93A,-0.7422019,1.283987283706665,1,1YY9_CD_A
1YY9_ND56A,-0.057071555,1.3194342851638794,1,1YY9_CD_A
1YY9_TD61E,-0.057071555,-0.7995549440383911,1,1YY9_CD_A
"1YY9_TC31E,NC93A",-0.8188996,1.3001661896705625,2,1YY9_CD_A
"1YY9_SC26D,TC31E,NC93A",-1.3335406,2.424197236696879,3,1YY9_CD_A
"1YY9_SC26D,TC31E,NC93A,ND56A,TD61E",-0.65208536,1.5584942102432249,5,1YY9_CD_A
1Z7X_YW434A,5.955931,2.088099479675293,1,1Z7X_W_X
1Z7X_DW435A,3.6624305,1.294926404953003,1,1Z7X_W_X
1Z7X_YW437A,2.6241355,-1.022968292236328,1,1Z7X_W_X
"1Z7X_QW430A,VW432A",0.939574,1.0805437564849854,2,1Z7X_W_X
"1Z7X_WW438A,SW439A,EW440A",1.9721996,2.0413243770599365,3,1Z7X_W_X
1Z7X_RW457A,0.8482471,1.3615567684173584,1,1Z7X_W_X
1Z7X_IW459A,0.3374211,2.1367127895355225,1,1Z7X_W_X
1Z7X_EW206A,1.018685,-0.1633718013763427,1,1Z7X_W_X
1Z7X_WW261A,1.3359538,-0.7975590229034424,1,1Z7X_W_X
1Z7X_WW263A,2.2124183,-1.1990423202514648,1,1Z7X_W_X
1Z7X_EW287A,1.3213246,0.656494140625,1,1Z7X_W_X
1Z7X_SW289A,0.8143835,1.6600475311279297,1,1Z7X_W_X
1Z7X_WW318A,0.99347043,0.5836870670318604,1,1Z7X_W_X
1Z7X_KW320A,1.3213246,-1.3990709781646729,1,1Z7X_W_X
1Z7X_EW344A,1.5615432,1.543143630027771,1,1Z7X_W_X
1Z7X_WW375A,1.66956,0.728386402130127,1,1Z7X_W_X
1Z7X_EW401A,1.306325,1.5582195520401,1,1Z7X_W_X
1Z7X_YW434F,0.120622605,0.4295485019683838,1,1Z7X_W_X
1Z7X_YW437F,2.1660576,1.25083589553833,1,1Z7X_W_X
"1Z7X_YW434A,DW435A",7.171211,1.691512942314148,2,1Z7X_W_X
"1Z7X_YW434A,YW437A",7.2409916,0.5325655937194824,2,1Z7X_W_X
2A9K_GB55D,2.3176858,5.1863932609558105,1,2A9K_A_B
2A9K_EB65A,3.0309818,2.912386655807495,1,2A9K_A_B
"2ABZ_AE14C,AE38C",-0.5535334,-0.7347971200942993,2,2ABZ_B_E
2AJF_KE22R,-0.007359747,0.5435171127319336,1,2AJF_A_E
2AJF_FE38S,-0.082253926,-2.379772663116455,1,2AJF_A_E
2AJF_NE151K,2.012603,-3.3661108016967773,1,2AJF_A_E
2AJF_TE159S,1.8239344,-1.6614422798156738,1,2AJF_A_E
2AJF_DA20A,0.585403,1.1354458332061768,1,2AJF_A_E
2AJF_YA23A,1.452401,3.718884468078613,1,2AJF_A_E
2AJF_YA23F,1.3977944,0.7433221936225891,1,2AJF_A_E
2AK4_TD30A,-0.12668328,-0.7105097770690918,1,2AK4_ABC_DE
2AK4_YD32A,0.09897152,1.075981616973877,1,2AK4_ABC_DE
2AK4_ND51A,1.4039891,0.9506175518035888,1,2AK4_ABC_DE
2AK4_SD94A,1.4039891,1.610234260559082,1,2AK4_ABC_DE
2AK4_YD97A,1.4039891,2.791500329971313,1,2AK4_ABC_DE
2AK4_ND98A,1.4039891,-2.093735694885254,1,2AK4_ABC_DE
2AK4_NE26A,0.2087728,1.5744874477386477,1,2AK4_ABC_DE
2AK4_NE28A,0.8228948,3.1604714393615723,1,2AK4_ABC_DE
2AK4_SE29G,1.4039891,2.686239004135132,1,2AK4_ABC_DE
2AK4_SE49A,-0.31437176,-0.1080210208892822,1,2AK4_ABC_DE
2AK4_NE63A,-0.04268813,-0.030196189880371,1,2AK4_ABC_DE
2AK4_LE94A,0.83848655,-0.1794233322143554,1,2AK4_ABC_DE
2AK4_EE97A,0.048638746,0.7185797691345215,1,2AK4_ABC_DE
2AK4_QA65A,-0.25790507,-2.5285840034484863,1,2AK4_ABC_DE
2AK4_TA69A,-0.34193262,-2.3216657638549805,1,2AK4_ABC_DE
2AK4_QA72A,0.2391616,-0.6090610027313232,1,2AK4_ABC_DE
2AK4_RA151A,1.3673309,1.63016939163208,1,2AK4_ABC_DE
2AK4_EA154A,0.23491462,0.2471399307250976,1,2AK4_ABC_DE
2AK4_QA155A,0.92959356,1.126009464263916,1,2AK4_ABC_DE
2AK4_RA157A,1.4039891,2.086812257766724,1,2AK4_ABC_DE
2AK4_AA158G,0.8735885,3.298360109329224,1,2AK4_ABC_DE
2AK4_EA161A,0.46510357,0.8489820957183838,1,2AK4_ABC_DE
2AK4_LA163A,0.1403824,-0.1939332485198974,1,2AK4_ABC_DE
2AK4_PC4A,1.0963917,4.768922328948975,1,2AK4_ABC_DE
2AK4_LC5A,1.4039891,1.9191744327545168,1,2AK4_ABC_DE
2AK4_PC6A,1.4039891,5.139509201049805,1,2AK4_ABC_DE
2AK4_QC7A,1.4039891,-2.83084487915039,1,2AK4_ABC_DE
2AK4_QC9A,0.06589585,-2.1885576248168945,1,2AK4_ABC_DE
2AK4_LC10A,0.5136355,2.9513072967529297,1,2AK4_ABC_DE
2AW2_PB16A,2.5755908,2.7386960983276367,1,2AW2_A_B
2AW2_YB22A,1.8850842,4.975862503051758,1,2AW2_A_B
2AW2_VB35A,1.0963917,2.629083633422852,1,2AW2_A_B
2B0U_VC15E,0.0,-1.5650355815887451,1,2B0U_AB_C
2B0U_FC47E,0.41065642,1.335987567901611,1,2B0U_AB_C
2B0U_IC51E,0.24021861,4.708356857299805,1,2B0U_AB_C
2B0U_FC52E,0.0,-1.6349170207977295,1,2B0U_AB_C
2B0U_FC47A,0.54285824,2.004091739654541,1,2B0U_AB_C
2B0U_IC51A,0.0,4.300764083862305,1,2B0U_AB_C
2B0U_FC52A,0.0,0.3177747726440429,1,2B0U_AB_C
2B0Z_IB87F,-2.5289986,-2.107351779937744,1,2B0Z_A_B
2B10_SB87F,-1.1648275,-3.823260307312012,1,2B10_A_B
2B11_WB87F,-0.754171,-3.171480894088745,1,2B11_A_B
2B12_YB87F,-1.5754839,-2.170285224914551,1,2B12_A_B
"2B2X_VH50T,EH64K,QL28S,YL52N",1.043681,-0.8912082314491272,4,2B2X_HL_A
"2B2X_VH50T,EH64K,QL28S,YL52N,LL49K",1.9686383,-0.4691605091094971,5,2B2X_HL_A
"2B2X_EH64K,QL28S,YL52N",0.7803654,-0.5114132563273112,3,2B2X_HL_A
"2B2X_VH50T,EH64K,QL28S,YL52N,LH60D",0.9209863,-0.3115061283111572,5,2B2X_HL_A
"2B2X_VH50T,QL28S,YL52N",0.8883822,-0.8559829394022623,3,2B2X_HL_A
"2B2X_VH50T,EH64Q,QL28S,YL52N",0.8883822,-0.567224383354187,4,2B2X_HL_A
"2B2X_VH50T,EH64D,QL28S,YL52N",0.9209863,-0.480989933013916,4,2B2X_HL_A
"2B2X_VH50T,EH64N,QL28S,YL52N",0.97110564,-0.4689498543739319,4,2B2X_HL_A
"2B2X_VH50T,EH64K,YL52N",0.37727,-1.119610071182251,3,2B2X_HL_A
"2B2X_VH50T,EH64K,QL28S",0.94038504,-1.0778266588846843,3,2B2X_HL_A
"2B2X_VH50T,EH64K,QL28S,YL52N,GH100M",1.1458608,-0.24334702491760254,5,2B2X_HL_A
"2B2X_VH50T,EH64K,QL28S,YL52N,SL24R",0.976595,-0.781838846206665,5,2B2X_HL_A
"2B2X_VH50T,EH64K,QL28S,YL52E",0.86623186,-0.8781622052192688,4,2B2X_HL_A
"2B2X_VH50T,EH64K,QL28S,YL52N,FH99W",1.043681,-0.7608578205108641,5,2B2X_HL_A
"2B2X_VH50T,EH64K,QL28S,YL52N,GH100F",1.6177639,-0.5314915418624878,5,2B2X_HL_A
"2B2X_VH50T,EH64K,QL28S,YL52N,GH54Y",1.043681,-0.4413367748260498,5,2B2X_HL_A
"2B2X_VH50T,EH64K,QL28S,YL52N,FH99W",1.043681,-0.7608578205108641,5,2B2X_HL_A
"2B2X_QL28S,YL52N",0.68248,-0.26867783069610596,2,2B2X_HL_A
"2B2X_VH50T,EH64Q,QL28S,YL52N,LH60D",1.0866896,-0.05231904983520508,5,2B2X_HL_A
"2B2X_VH50T,QL28S,YL52N,LH60D",0.901817,-0.1401616334915161,4,2B2X_HL_A
2B2X_EH64K,-0.15706362,-0.9968841075897216,1,2B2X_HL_A
2B2X_VH50T,0.090166345,-2.030593156814575,1,2B2X_HL_A
2B2X_YL52E,-0.22420542,-0.2791688442230224,1,2B2X_HL_A
"2B2X_VH50T,EH64K,QL28S,YL52N,NL30V",2.0934803,-0.5285878658294678,5,2B2X_HL_A
"2B2X_VH50T,EH64K,QL28S,YL52N,HL31R",2.1679819,-0.5556440353393555,5,2B2X_HL_A
"2B2X_VH50T,EH64K,QL28S,YL52N,HL31K",2.208369,-0.43205108642578127,5,2B2X_HL_A
"2B2X_VH50T,EH64K,QL28S,YL52N,LL49K",1.8418969,-0.4691605091094971,5,2B2X_HL_A
"2B2X_VH50T,EH64K,QL28S,YL52R",1.8889,-0.9576709866523743,4,2B2X_HL_A
"2B2X_VH50T,EH64K,QL28S,YL52K",1.7014854,-1.0562946796417239,4,2B2X_HL_A
"2B2X_VH50T,EH64K,QL28S,YL52N,RH31Q",2.3515944,-0.7965866565704346,5,2B2X_HL_A
"2B2X_VH50T,EH64K,QL28S,YL52N,SH35Q",3.7720232,-0.23341894149780273,5,2B2X_HL_A
"2B2X_EH64K,QL28S,YL52N",1.043681,-0.5114132563273112,3,2B2X_HL_A
"2B2X_VH50T,EH64K,QL28S,YL52N,YH59E",1.5879316,0.3313116550445557,5,2B2X_HL_A
"2B2X_VH50T,EH64K,QL28S,YL52N,LH60D",1.043681,-0.3115061283111572,5,2B2X_HL_A
"2B2X_VH50T,QL28S,YL52N",1.043681,-0.8559829394022623,3,2B2X_HL_A
"2B2X_VH50T,EH64Q,QL28S,YL52N",1.043681,-0.567224383354187,4,2B2X_HL_A
"2B2X_VH50T,EH64D,QL28S,YL52N",0.8233383,-0.480989933013916,4,2B2X_HL_A
"2B2X_VH50T,EH64N,QL28S,YL52N",1.043681,-0.4689498543739319,4,2B2X_HL_A
"2B2X_VH50T,EH64K,YL52N",0.186451,-1.119610071182251,3,2B2X_HL_A
"2B2X_VH50T,EH64K,QL28S,YL52N,NL30Y",2.9521027,-0.27875609397888185,5,2B2X_HL_A
"2B2X_VH50T,EH64K,QL28S,YL52N,NL30W",2.6170702,-0.15459742546081542,5,2B2X_HL_A
"2B2X_VH50T,EH64K,QL28S",1.043681,-1.0778266588846843,3,2B2X_HL_A
"2B2X_VH50T,EH64K,QL28S,YL52N,SL91T",3.3613667,-0.6455757617950441,5,2B2X_HL_A
"2B2X_VH50T,EH64K,QL28S,YL52N,SL91R",3.7720232,-0.17035508155822754,5,2B2X_HL_A
"2B2X_VH50T,EH64K,QL28S,YL52N,GL92Q",2.6170702,-0.29357099533081055,5,2B2X_HL_A
"2B2X_VH50T,EH64K,QL28S,YL52N,GL92S",1.5565172,-0.4404980659484864,5,2B2X_HL_A
"2B2X_VH50T,EH64K,QL28S,YL52N,SL91R,NL30E",3.7720232,0.04917061328887939,6,2B2X_HL_A
"2B2X_VH50T,EH64K,QL28S,YL52N,SH52M",3.1204507,0.3448639392852783,5,2B2X_HL_A
"2B2X_VH50T,EH64K,QL28S,YL52N,GH53S",1.719577,-1.2094167232513429,5,2B2X_HL_A
"2B2X_VH50T,EH64K,QL28S,YL52N,GH53A",1.5565172,-1.5987888813018798,5,2B2X_HL_A
"2B2X_VH50T,EH64K,QL28S,YL52N,GH54I",2.4078522,-0.47175745964050286,5,2B2X_HL_A
"2B2X_VH50T,EH64K,QL28S,YL52N,GH54T",2.208369,-0.5962610721588135,5,2B2X_HL_A
"2B2X_VH50T,EH64K,QL28S,YL52N,YH58Q",3.1204507,-0.4476195812225342,5,2B2X_HL_A
"2B2X_VH50T,EH64K,QL28S,YL52N,YH58E",3.1204507,-0.6095265865325927,5,2B2X_HL_A
"2B2X_VH50T,EH64K,QL28S,YL52N,YH58W",1.8649939,-0.4618842601776122,5,2B2X_HL_A
"2B2X_VH50T,EH64K,QL28S,YL52N,GH100M",1.1458608,-0.24334702491760254,5,2B2X_HL_A
"2B2X_VH50T,EH64K,QL28S,YL52N,SL24R",0.67990965,-0.781838846206665,5,2B2X_HL_A
"2B2X_VH50T,EH64K,QL28S,YL52N,LL49F",1.7562797,-0.5245129108428954,5,2B2X_HL_A
"2B2X_VH50T,EH64K,QL28S,YL52N,LL49W",2.9521027,-0.49463186264038084,5,2B2X_HL_A
"2B2X_VH50T,EH64K,QL28S,YL52D",1.5446677,-0.4899677634239197,4,2B2X_HL_A
"2B2X_VH50T,EH64K,QL28S,YL52E",1.043681,-0.8781622052192688,4,2B2X_HL_A
"2B2X_VH50T,EH64K,QL28S,YL52N,WL90Q",3.1204507,-0.6752540588378906,5,2B2X_HL_A
"2B2X_VH50T,EH64K,QL28S,YL52N,SL91Q",2.8185086,-0.3123830318450928,5,2B2X_HL_A
"2B2X_VH50T,EH64K,QL28S,YL52N,WL90Q,FL33Y",1.9150901,-0.7022550900777181,6,2B2X_HL_A
"2B2X_VH50T,EH64K,QL28S,YL52N,TH33V",1.4782437,-0.2473304748535156,5,2B2X_HL_A
"2B2X_VH50T,EH64K,QL28S,YL52N,TH33N",3.7720232,-0.225941801071167,5,2B2X_HL_A
"2B2X_VH50T,EH64K,QL28S,YL52N,SH35A",2.6170702,-0.5221014022827148,5,2B2X_HL_A
"2B2X_VH50T,EH64K,QL28S,YL52N,FH99W",1.043681,-0.7608578205108641,5,2B2X_HL_A
"2B2X_VH50T,EH64K,QL28S,YL52N,FH99Y",1.7986879,-0.7248071193695068,5,2B2X_HL_A
"2B2X_VH50T,EH64K,QL28S,YL52N,GH100L",3.7720232,-0.26036972999572755,5,2B2X_HL_A
"2B2X_VH50T,EH64K,QL28S,YL52N,GH100F",1.2479825,-0.5314915418624878,5,2B2X_HL_A
"2B2X_VH50T,EH64K,QL28S,YL52N,GH100S",1.6016783,-0.28971247673034667,5,2B2X_HL_A
"2B2X_EH64K,QL28S,YL52N,SH35V",3.7720232,0.6955978870391846,4,2B2X_HL_A
"2B2X_EH64K,QL28S,YL52N,SH35A",3.1204507,-0.14497846364974976,4,2B2X_HL_A
"2B2X_VH50T,EH64K,QL28S,YL52N,SH35A,GH102S",2.6170702,0.4906521638234456,6,2B2X_HL_A
"2B2X_VH50T,EH64K,QL28S,YL52N,SH35V,GH102S",2.4699943,1.0510363976160686,6,2B2X_HL_A
"2B2X_EH64K,QL28S,YL52N,GH102S",2.7118843,1.0050450563430786,4,2B2X_HL_A
"2B2X_VH50T,EH64K,QL28S,YL52N,HL31W",2.2995565,-0.7293745994567872,5,2B2X_HL_A
"2B2X_VH50T,EH64K,QL28S,YL52N,NL30Y,SL91I",1.4782437,0.27882031599680585,6,2B2X_HL_A
"2B2X_VH50T,EH64K,QL28S,YL52N,GH53N",2.2995565,-1.135093355178833,5,2B2X_HL_A
"2B2X_VH50T,EH64K,QL28S,YL52N,GH54Y",1.043681,-0.4413367748260498,5,2B2X_HL_A
"2B2X_VH50T,EH64K,QL28S,YL52N,FH99W",1.043681,-0.7608578205108641,5,2B2X_HL_A
"2B2X_VH50T,EH64K,QL28S,YL52N,FH99Y",1.7986879,-0.7248071193695068,5,2B2X_HL_A
"2B2X_VH50T,EH64K,QL28S,YL52N,TH33E,GH53Q",2.7118843,0.03635966777801513,6,2B2X_HL_A
"2B2X_VH50T,EH64K,QL28S,YL52N,TH33I,SH52T,GH53N,GH54N",2.9521027,-0.11043336987495422,8,2B2X_HL_A
"2B2X_VH50T,EH64K,QL28S,YL52N,TH33I,SH52T,GH53Q,GH54F",2.2995565,0.6848883330821991,8,2B2X_HL_A
"2B2X_EH64K,YL52N",0.34868607,-0.6641185283660888,2,2B2X_HL_A
"2B2X_QL28S,YL52N",1.043681,-0.26867783069610596,2,2B2X_HL_A
"2B2X_VH50T,YL52N",0.186451,-1.1809730529785156,2,2B2X_HL_A
2B2X_EH64K,0.090166345,-0.9968841075897216,1,2B2X_HL_A
2B2X_VH50T,-0.042035498,-2.030593156814575,1,2B2X_HL_A
2B42_HA357A,1.6384584,-0.5193071365356445,1,2B42_A_B
2B42_HA357Q,1.0761156,0.5920133590698242,1,2B42_A_B
2B42_HA357K,2.567788,0.8175930976867676,1,2B42_A_B
2BDN_LH27R,0.65087503,2.3733394145965576,1,2BDN_HL_A
2BDN_LH27K,0.8744038,2.36523699760437,1,2BDN_HL_A
2BDN_NH28D,0.13220184,-0.8371894359588623,1,2BDN_HL_A
2BDN_NH28Q,1.4000883,2.4425368309021,1,2BDN_HL_A
2BDN_DH31E,1.0857165,2.6381983757019043,1,2BDN_HL_A
2BDN_YL30K,0.6750601,3.5187487602233887,1,2BDN_HL_A
2BDN_NL31R,-0.91759753,1.893580675125122,1,2BDN_HL_A
2BDN_NL31K,3.491334,1.6715140342712402,1,2BDN_HL_A
2BDN_SL53D,-0.160645,-0.0316524505615234,1,2BDN_HL_A
2BDN_SL53E,-0.8517017,-0.6784036159515381,1,2BDN_HL_A
2BDN_TL56D,-0.42565602,0.1773664951324463,1,2BDN_HL_A
2BDN_TL56E,-0.689111,-0.1571083068847656,1,2BDN_HL_A
2BNQ_VC9C,0.5019833,2.2289280891418457,1,2BNQ_ABC_DE
2BNR_QA43A,0.08280224,1.5885426998138428,1,2BNR_ABC_DE
2BNR_EA58A,0.0,0.2298133373260498,1,2BNR_ABC_DE
2BNR_DA61A,-0.08978604,0.7106058597564697,1,2BNR_ABC_DE
2BNR_EA63A,0.33471087,3.522796392440796,1,2BNR_ABC_DE
2BNR_TA64A,0.2714708,5.228421211242676,1,2BNR_ABC_DE
2BNR_RA65A,1.8063724,0.5181840658187866,1,2BNR_ABC_DE
2BNR_KA66A,1.6893346,3.499196529388428,1,2BNR_ABC_DE
2BNR_VA67A,0.39280164,1.0073069334030151,1,2BNR_ABC_DE
2BNR_KA68A,0.0055283634,1.609452724456787,1,2BNR_ABC_DE
2BNR_AA69G,1.85521,1.8008654117584229,1,2BNR_ABC_DE
2BNR_HA70A,1.6957166,-0.5602121353149414,1,2BNR_ABC_DE
2BNR_QA72A,-0.096284665,-1.042834758758545,1,2BNR_ABC_DE
2BNR_TA73A,1.2850602,2.509655475616455,1,2BNR_ABC_DE
2BNR_HA74A,0.97532517,0.2825939655303955,1,2BNR_ABC_DE
2BNR_RA75A,0.53088915,-0.3325070142745971,1,2BNR_ABC_DE
2BNR_VA76A,0.6720904,2.6224961280822754,1,2BNR_ABC_DE
2BNR_TA80A,0.53540593,1.710223913192749,1,2BNR_ABC_DE
2BNR_KA146A,0.6243712,2.187720775604248,1,2BNR_ABC_DE
2BNR_AA149G,0.01823073,2.512831687927246,1,2BNR_ABC_DE
2BNR_AA150G,0.7368884,2.598306894302368,1,2BNR_ABC_DE
2BNR_HA151A,0.53315187,1.4813745021820068,1,2BNR_ABC_DE
2BNR_VA152A,0.9033096,0.2893722057342529,1,2BNR_ABC_DE
2BNR_EA154A,0.01823073,-0.1556053161621093,1,2BNR_ABC_DE
2BNR_QA155A,0.23276629,0.5652105808258057,1,2BNR_ABC_DE
2BNR_TA163A,0.45864728,0.9927974939346312,1,2BNR_ABC_DE
2BNR_CC9V,-0.5019833,-1.559852123260498,1,2BNR_ABC_DE
2BTF_FP59A,1.5957407,,1,2BTF_A_P
2BTF_VP60E,0.9787292,,1,2BTF_A_P
2BTF_GP120F,1.7209312,,1,2BTF_A_P
2BTF_KP125A,0.460056,,1,2BTF_A_P
2C0L_NA48A,0.68775064,1.3696250915527344,1,2C0L_A_B
2C0L_QA239R,1.4865077,4.695923328399658,1,2C0L_A_B
2C0L_SA242Y,0.27367947,1.2927842140197754,1,2C0L_A_B
2C5D_GC6S,0.09897152,,1,2C5D_A_C
2C5D_DC61G,-0.5037813,,1,2C5D_A_C
2C5D_VC66A,-0.59932494,,1,2C5D_A_C
2C5D_GC101R,-0.01823073,,1,2C5D_A_C
"2C5D_GC6S,DC61G",-0.5295442,,2,2C5D_A_C
"2C5D_GC6S,VC66A",-0.8469959,,2,2C5D_A_C
"2C5D_GC6S,GC101R",0.03486017,,2,2C5D_A_C
"2C5D_DC61G,GC101R",-0.561089,,2,2C5D_A_C
"2C5D_VC66A,GC101R",-0.6562856,,2,2C5D_A_C
"2C5D_DC61G,VC66A",-1.0403702,,2,2C5D_A_C
"2C5D_DC61G,VC66A,GC101R",-0.8699324,,3,2C5D_A_C
"2C5D_GC6S,VC66A,GC101R",-0.7966971,,3,2C5D_A_C
"2C5D_GC6S,DC61G,GC101R",-0.5519035,,3,2C5D_A_C
"2C5D_GC6S,DC61G,VC66R",-1.2355708,,3,2C5D_A_C
"2C5D_GC6S,DC61G,VC66R,GC101R",-1.4830588,,4,2C5D_A_C
"2C5D_EC33R,TC51R",6.113514,,2,2C5D_A_C
"2C5D_TA26D,TB26D",0.72502816,,2,2C5D_AB_CD
"2C5D_RA32E,RB32E",1.7124065,,2,2C5D_AB_CD
"2C5D_KA34E,KB34E",1.9482203,,2,2C5D_AB_CD
"2C5D_RA32E,KA34E,RB32E,KA34E",3.9603114,,4,2C5D_AB_CD
"2C5D_AA126V,AB126V",0.7588918,,2,2C5D_AB_CD
"2C5D_FA207A,FB207A",0.19934364,,2,2C5D_AB_CD
"2C5D_QC28R,QD28R",0.09132688,,2,2C5D_AB_CD
"2C5D_EC30R,ED30R",0.30263966,,2,2C5D_AB_CD
"2C5D_EC33R,ED33R",1.6548417,,2,2C5D_AB_CD
"2C5D_EC30R,EC33R,ED30R,EC33R",1.8489807,,4,2C5D_AB_CD
"2C5D_TC51R,TD51R",2.3390203,,2,2C5D_AB_CD
"2C5D_QC96R,QD96R",0.30263966,,2,2C5D_AB_CD
"2C5D_LC105E,LD105E",0.24021861,,2,2C5D_AB_CD
"2C5D_KC178E,KD178E",0.7422019,,2,2C5D_AB_CD
"2C5D_TC182E,TD182E",0.7422019,,2,2C5D_AB_CD
"2C5D_FA207A,FB207A",0.54285824,,2,2C5D_AB_CD
"2C5D_FA209A,FB209A",1.0615314,,2,2C5D_AB_CD
"2C5D_WA238F,WB238F",0.9824205,,2,2C5D_AB_CD
"2C5D_LA324A,LB324A",2.0344725,,2,2C5D_AB_CD
"2C5D_YA364A,YB364A",0.9824205,,2,2C5D_AB_CD
"2CCL_AB48S,AB49T",-0.07970309,0.5439722537994385,2,2CCL_A_B
2DSQ_RI20A,0.061131705,3.12762188911438,1,2DSQ_I_G
2DSQ_RI35A,0.6104088,1.0225768089294434,1,2DSQ_I_G
2DSQ_RI40A,-0.087760024,-1.193178415298462,1,2DSQ_I_G
2DSQ_RI41A,0.088868566,1.6353096961975098,1,2DSQ_I_G
2DVW_RB7A,0.69360554,0.936869740486145,1,2DVW_A_B
"2DVW_RB3A,RB7A",2.1533782,2.7687254548072815,2,2DVW_A_B
"2DVW_RB3A,RB4A,RB7A",2.7901468,1.9625746011734009,3,2DVW_A_B
"2DVW_EB21A,EB22A",0.038346004,0.8405040502548218,2,2DVW_A_B
2DVW_KB62E,0.20547402,1.996717929840088,1,2DVW_A_B
2DVW_RA39A,0.91062415,1.2917184829711914,1,2DVW_A_B
2DVW_KA114A,0.03420586,3.5538008213043213,1,2DVW_A_B
"2DVW_DA37A,DA69A",0.19162223,0.051393985748291,2,2DVW_A_B
"2DVW_RA39A,KA114A",2.3625965,2.4227596521377563,2,2DVW_A_B
2DVW_EA180A,0.4381773,0.9070582389831544,1,2DVW_A_B
2E7L_FQ5R,3.0598876,-0.799778938293457,1,2E7L_EQ_AD
2FTL_TI11A,4.092513,,1,2FTL_E_I
2FTL_GI12A,4.3927784,,1,2FTL_E_I
2FTL_PI13A,4.092513,,1,2FTL_E_I
2FTL_KI15A,10.159198,,1,2FTL_E_I
2FTL_RI17A,4.092513,,1,2FTL_E_I
2FTL_II18A,5.021843,,1,2FTL_E_I
2FTL_II19A,4.092513,,1,2FTL_E_I
2FTL_RI20A,4.092513,,1,2FTL_E_I
2FTL_FI33A,4.092513,,1,2FTL_E_I
2FTL_VI34A,4.092513,,1,2FTL_E_I
2FTL_YI35A,4.092513,,1,2FTL_E_I
2FTL_GI36A,4.942732,,1,2FTL_E_I
2FTL_GI37A,4.092513,,1,2FTL_E_I
2FTL_RI39A,4.092513,,1,2FTL_E_I
2FTL_KI46A,4.092513,,1,2FTL_E_I
2FTL_KI15G,12.352226,,1,2FTL_E_I
2FTL_KI15A,10.638931,,1,2FTL_E_I
2FTL_KI15S,7.7239184,,1,2FTL_E_I
2FTL_KI15V,11.756444,,1,2FTL_E_I
2FTL_KI15T,10.597484,,1,2FTL_E_I
2FTL_KI15D,11.502718,,1,2FTL_E_I
2FTL_KI15N,8.033105,,1,2FTL_E_I
2FTL_KI15M,7.6923733,,1,2FTL_E_I
2FTL_KI15I,11.171452,,1,2FTL_E_I
2FTL_KI15L,8.864103,,1,2FTL_E_I
2FTL_KI15E,9.424007,,1,2FTL_E_I
2FTL_KI15Q,9.370644,,1,2FTL_E_I
2FTL_KI15H,8.781781,,1,2FTL_E_I
2FTL_KI15R,-0.5824392,,1,2FTL_E_I
2FTL_KI15F,7.0272107,,1,2FTL_E_I
2FTL_KI15Y,6.85701,,1,2FTL_E_I
2FTL_KI15W,8.664119,,1,2FTL_E_I
2G2U_EB31A,0.65087503,0.8932689428329468,1,2G2U_A_B
2G2U_SB35A,-0.950899,-1.5161378383636477,1,2G2U_A_B
2G2U_FB36A,2.7639508,4.502331256866455,1,2G2U_A_B
2G2U_SB39A,-0.95614195,0.1345787048339843,1,2G2U_A_B
2G2U_HB41A,1.7170486,2.2634992599487305,1,2G2U_A_B
2G2U_GB48A,-0.4265978,-0.8541579246520996,1,2G2U_A_B
2G2U_YB50A,-2.0757222,0.0941405296325683,1,2G2U_A_B
2G2U_YB51A,-0.6287488,1.112773895263672,1,2G2U_A_B
2G2U_YB53A,2.3017445,4.183355331420898,1,2G2U_A_B
2G2U_SB71A,-0.5122073,0.1775534152984619,1,2G2U_A_B
2G2U_EB73A,-1.9794375,3.278158903121948,1,2G2U_A_B
2G2U_KB74A,-0.21733521,3.638949155807495,1,2G2U_A_B
2G2U_WB112A,0.9587346,-0.6558098793029785,1,2G2U_A_B
2G2U_SB113A,-0.6123115,1.5493288040161133,1,2G2U_A_B
2G2U_GB141A,-0.41381058,2.5401577949523926,1,2G2U_A_B
2G2U_FB142A,0.2758273,3.4706718921661377,1,2G2U_A_B
2G2U_YB143A,-1.8472356,2.082873821258545,1,2G2U_A_B
2G2U_RB144A,-0.3423922,1.3007698059082031,1,2G2U_A_B
2G2U_HB148A,1.1189506,1.3282556533813477,1,2G2U_A_B
2G2U_WB150A,1.7852217,0.3722376823425293,1,2G2U_A_B
2G2U_RB160A,0.66979384,1.1871122121810913,1,2G2U_A_B
2G2U_WB162A,0.53121006,0.6575131416320801,1,2G2U_A_B
"2G2U_EB73A,YB50A",-2.452515,1.6861497163772583,2,2G2U_A_B
"2G2U_YB50A,YB143A",-2.0757222,1.0885071754455566,2,2G2U_A_B
"2G2U_EB73A,YB143A",-1.8355035,2.6805163621902466,2,2G2U_A_B
"2G2U_WB112A,YB143A",-0.40960875,0.7135319709777832,2,2G2U_A_B
"2G2U_WB150A,YB143A",0.98912334,1.227555751800537,2,2G2U_A_B
"2G2U_EB73M,FB142W,YB143F",-1.1080924,2.205520232518514,3,2G2U_A_B
"2G2U_EB73M,SB130K,FB142W,YB143F,SB146M",-2.9318337,1.5051195621490479,5,2G2U_A_B
"2G2U_EB73M,SB130K,FB142W,YB143F",-2.0164256,1.4663205742835999,4,2G2U_A_B
"2G2U_EB73M,YB143F",-1.592455,1.9343382120132444,2,2G2U_A_B
2G2U_EB73M,-3.5360348,2.8003649711608887,1,2G2U_A_B
2G2U_SB130K,-1.4694387,-0.7512784004211426,1,2G2U_A_B
"2G2U_EB73M,SB130K",-2.8094246,1.024543285369873,2,2G2U_A_B
"2G2U_EB73M,SB130K,SB146M",-3.5096993,1.2364673614501953,3,2G2U_A_B
2G2U_DA79K,-0.45288712,1.4027130603790283,1,2G2U_A_B
2G2U_DA79A,-1.5434517,0.9158470630645752,1,2G2U_A_B
2G2U_DA79E,-4.384282,-0.0853068828582763,1,2G2U_A_B
2G2U_DA79K,-0.67096007,1.4027130603790283,1,2G2U_A_B
2G2U_EB73M,-2.4665775,2.8003649711608887,1,2G2U_A_B
"2G2U_EB73M,KB74A",0.47307748,3.219657063484192,2,2G2U_A_B
"2G2U_EB73M,FB142A",0.32206604,3.135518431663513,2,2G2U_A_B
"2G2U_EB73M,KB74A,FB142A",1.4830588,3.30332867304484,3,2G2U_A_B
"2G2U_DA79A,EB73M",-2.147248,1.858106017112732,2,2G2U_A_B
"2G2U_DA79A,EB73M,KB74A",-1.5569682,2.451720396677653,3,2G2U_A_B
"2G2U_DA79A,EB73M,FB142A",-0.69175,2.395627975463867,3,2G2U_A_B
"2G2U_DA79A,EB73M,KB74A,FB142A",-0.9873783,2.706458270549774,4,2G2U_A_B
2G2W_KA79D,0.45288712,0.4351553916931152,1,2G2W_A_B
2GOX_RB31A,2.24674,3.1396191120147705,1,2GOX_A_B
2GOX_NB38A,1.5695295,5.304412841796875,1,2GOX_A_B
2GOX_RB31A,1.5196093,3.1396191120147705,1,2GOX_A_B
2GOX_NB38A,1.3337823,5.304412841796875,1,2GOX_A_B
2GYK_AA49D,-5.9181285,-2.1319050788879395,1,2GYK_A_B
2HLE_KA141Q,-0.41065642,2.667836904525757,1,2HLE_A_B
2HLE_LA87R,2.287297,0.6681087017059326,1,2HLE_A_B
2HRK_TB55V,0.62420064,5.439326763153076,1,2HRK_A_B
2HRK_TA108V,0.7210697,0.0634741783142089,1,2HRK_A_B
2HRK_KA140A,0.9535147,2.667997360229492,1,2HRK_A_B
2I26_AN29V,0.030388813,2.271054744720459,1,2I26_N_L
2I26_SN60R,-0.6264406,-2.01659631729126,1,2I26_N_L
2J0T_VD4A,0.0,0.8731632232666016,1,2J0T_A_D
2J0T_VD4I,1.6426257,0.7858238220214844,1,2J0T_A_D
2J0T_VD4K,1.8245233,-1.4565783739089966,1,2J0T_A_D
2J0T_VD4S,0.9824205,0.8239855766296387,1,2J0T_A_D
2J0T_SD68A,2.106373,0.8938853740692139,1,2J0T_A_D
2J0T_SD68E,2.185484,1.9789862632751465,1,2J0T_A_D
2J0T_SD68R,2.836359,4.836040496826172,1,2J0T_A_D
2J0T_SD68Y,2.9783537,4.14595890045166,1,2J0T_A_D
2J0T_TD2L,2.6821537,3.964709758758545,1,2J0T_A_D
"2J0T_TD2L,VD4S",3.470544,2.394347667694092,2,2J0T_A_D
"2J0T_TD2L,VD4S,SD68A",5.286247,1.8941935698191326,3,2J0T_A_D
2J0T_TD2R,5.046028,2.7521777153015137,1,2J0T_A_D
2J0T_TD2S,1.5944324,3.2701315879821777,1,2J0T_A_D
"2J0T_TD2S,VD4A",1.2502,2.0716474056243896,2,2J0T_A_D
"2J0T_TD2S,VD4A,SD68Y",2.147248,2.763084570566813,3,2J0T_A_D
"2J0T_CD1S,FD12Y",4.20053,-0.0590032339096069,2,2J0T_A_D
2J0T_TD2A,4.289029,3.6746420860290527,1,2J0T_A_D
2J0T_MD66A,1.6426257,0.1697194576263427,1,2J0T_A_D
2J0T_VD69I,0.790924,0.4552686214447021,1,2J0T_A_D
2J0T_VD69T,1.2884359,-0.2470149993896484,1,2J0T_A_D
"2J0T_VD69A,AD103V",0.70132697,-1.769598364830017,2,2J0T_A_D
2J0T_CD70S,4.308547,5.502586364746094,1,2J0T_A_D
2J12_SA116A,0.9535147,0.2349331378936767,1,2J12_A_B
2J1K_RC155A,0.051550064,1.2145662307739258,1,2J1K_C_T
2J1K_GC10D,0.1837519,-2.6793031692504883,1,2J1K_C_T
2J1K_RC24A,0.76484615,1.1537069082260132,1,2J1K_C_T
2J8U_AA66K,-0.72839123,3.505691766738892,1,2J8U_ABC_EF
2J8U_AA66K,-1.1528584,3.505691766738892,1,2J8U_ABC_EF
2JCC_AA167W,-0.298805,1.6905275583267212,1,2JCC_ABC_EF
2JEL_FP2Y,0.0,-0.9328887462615968,1,2JEL_LH_P
2JEL_FP2W,2.6203253,1.3493258953094482,1,2JEL_LH_P
2JEL_QP3K,4.092513,0.2638270854949951,1,2JEL_LH_P
2JEL_QP4K,1.3641711,-0.5115238428115845,1,2JEL_LH_P
2JEL_EP5D,0.41065642,-0.4770364761352539,1,2JEL_LH_P
2JEL_EP5Q,0.71329606,0.2542197704315185,1,2JEL_LH_P
2JEL_VP6F,0.0,3.9923481941223145,1,2JEL_LH_P
2JEL_TP7N,0.41065642,3.83667254447937,1,2JEL_LH_P
2JEL_TP7S,0.0,3.425272226333618,1,2JEL_LH_P
2JEL_PP11E,0.0,1.0705108642578125,1,2JEL_LH_P
2JEL_NP12D,0.0,0.5633740425109863,1,2JEL_LH_P
2JEL_RP17G,0.0,0.1326115131378173,1,2JEL_LH_P
2JEL_RP17K,0.0,0.0901088714599609,1,2JEL_LH_P
2JEL_KP24E,0.0,-0.2982115745544433,1,2JEL_LH_P
2JEL_KP27E,0.0,2.591730117797852,1,2JEL_LH_P
2JEL_TP34N,6.8208556,3.412626981735229,1,2JEL_LH_P
2JEL_TP34Q,0.0,3.895065069198608,1,2JEL_LH_P
2JEL_TP36Q,0.41065642,2.3488917350769043,1,2JEL_LH_P
2JEL_NP38T,0.0,3.025362491607666,1,2JEL_LH_P
2JEL_SP41C,1.4963729,5.183008193969727,1,2JEL_LH_P
2JEL_SP43C,0.0,3.480921030044556,1,2JEL_LH_P
2JEL_SP46C,0.0,3.1240551471710205,1,2JEL_LH_P
2JEL_QP57E,-0.41065642,-0.238553762435913,1,2JEL_LH_P
2JEL_TP62N,0.0,1.8894240856170652,1,2JEL_LH_P
2JEL_TP62A,0.0,3.1188745498657227,1,2JEL_LH_P
2JEL_SP64T,4.092513,0.979917049407959,1,2JEL_LH_P
2JEL_EP66K,4.092513,1.9109127521514893,1,2JEL_LH_P
2JEL_EP68A,0.41065642,0.0589501857757568,1,2JEL_LH_P
2JEL_DP69E,0.9535147,4.393793106079102,1,2JEL_LH_P
2JEL_EP70K,4.092513,5.436850547790527,1,2JEL_LH_P
2JEL_EP70A,2.7283423,3.5128798484802246,1,2JEL_LH_P
2JEL_QP71E,2.7283423,1.3457765579223633,1,2JEL_LH_P
2JEL_KP72R,0.0,1.734880447387695,1,2JEL_LH_P
2JEL_KP72E,0.41065642,-0.1906131505966186,1,2JEL_LH_P
2JEL_EP75R,2.7283423,1.857485055923462,1,2JEL_LH_P
2JEL_HP76D,-0.65087503,-0.2525415420532226,1,2JEL_LH_P
2JEL_HP76A,-0.41065642,-2.04885482788086,1,2JEL_LH_P
2JEL_KP79E,0.41065642,1.2732017040252686,1,2JEL_LH_P
2JEL_AP82S,0.0,-1.4587125778198242,1,2JEL_LH_P
2JEL_EP83A,0.0,0.6880452632904053,1,2JEL_LH_P
2JEL_EP85Q,0.0,0.0113656520843505,1,2JEL_LH_P
2JEL_EP85D,0.0,0.5987548828125,1,2JEL_LH_P
2JEL_EP85A,0.0,0.4299204349517822,1,2JEL_LH_P
2JEL_EP85K,0.0,-0.6817326545715332,1,2JEL_LH_P
2KSO_KA10D,0.33154547,-1.406092643737793,1,2KSO_A_B
2KSO_KA49D,1.3409348,0.5945136547088623,1,2KSO_A_B
2KSO_KA49E,1.3409348,0.1203625202178955,1,2KSO_A_B
"2KSO_KA10D,DB25K",0.38742003,0.4132692813873291,2,2KSO_A_B
"2KSO_KA10E,EB27K",0.6432304,0.22380393743515015,2,2KSO_A_B
"2KSO_KA49D,DB36K",0.17610726,1.318664789199829,2,2KSO_A_B
2KSO_RA43E,-0.6623793,-0.4399466514587402,1,2KSO_A_B
"2KSO_RA43E,HB20R",-0.82131284,-1.400914192199707,2,2KSO_A_B
"2KSO_RA43E,HB20E",0.45456183,-1.4335076808929443,2,2KSO_A_B
2KSO_HB20E,-0.15543823,-2.4270687103271484,1,2KSO_A_B
"2NOJ_RB24A,NB31A",0.74867684,3.606944680213928,2,2NOJ_A_B
2NU0_WI13L,-1.865208,-1.7776055335998535,1,2NU0_E_I
2NU1_HI13L,-1.7138757,-1.8678243160247805,1,2NU1_E_I
2NU2_RI13L,-3.3669553,-0.1451598405838012,1,2NU2_E_I
2NU4_KI13L,-3.182076,-1.2916998863220217,1,2NU4_E_I
"2NY7_WG13M,SG92T,WG181S,MG231A,CG14W,CG110V,CG27I,CG226Q",-0.30372572,3.1163990199565887,8,2NY7_HL_G
"2NY7_WG13M,MG231A,CG14W,CG110V,CG27I,CG226Q",0.44924834,3.8127571344375615,6,2NY7_HL_G
"2NY7_KG66C,EG103C,WG13M,MG231A,CG14W,CG110V,CG27I,CG226Q",0.30002972,3.4942980408668514,8,2NY7_HL_G
"2NY7_WG13M,MG231A,CG14W,CG110V",1.1579517,3.561651647090912,4,2NY7_HL_G
"2NY7_KG66C,EG102C,WG13M,MG231A,CG14W,CG110V,CG27I,CG226Q",0.39998132,3.727750957012176,8,2NY7_HL_G
"2NY7_GG229C,WG13M,MG231A,CG14W,CG110V,CG27I,CG226Q",0.21472095,3.6355388505118236,7,2NY7_HL_G
"2NY7_CG27I,CG226Q,MG231A",0.2032833,3.30206044514974,3,2NY7_HL_G
"2NY7_CG27I,CG226Q",0.1998085,4.314968109130859,2,2NY7_HL_G
"2NY7_WG13M,MG231A,CG14W,CG110V,KG66C,EG102C",0.55126196,3.5320119063059487,6,2NY7_HL_G
"2NY7_KG66C,EG102C,CG27I,CG226Q",0.04087496,3.893850266933441,4,2NY7_HL_G
"2NY7_GG229C,MG231A",-0.37896696,1.9242371320724487,2,2NY7_HL_G
2NYY_SA874A,-0.2319818,1.87806236743927,1,2NYY_DC_A
2NYY_KA875A,0.29308376,2.35475754737854,1,2NYY_DC_A
2NYY_QA887A,0.52456826,1.3580653667449951,1,2NYY_DC_A
2NYY_FA889A,0.42238852,1.413360595703125,1,2NYY_DC_A
2NYY_NA890A,0.89685833,3.4394264221191406,1,2NYY_DC_A
2NYY_LA891A,2.6078725,1.6701490879058838,1,2NYY_DC_A
2NYY_EA892A,2.8595953,0.3848676681518554,1,2NYY_DC_A
2NYY_KA895A,-0.14115594,4.431411743164063,1,2NYY_DC_A
2NYY_FA925A,4.0877547,3.272737503051758,1,2NYY_DC_A
2NYY_NA926A,0.10006427,0.475837230682373,1,2NYY_DC_A
2NYY_SA927A,0.0,0.4068858623504638,1,2NYY_DC_A
2NYY_IA928A,-0.009555885,3.916010856628418,1,2NYY_DC_A
2NYY_KA1028A,-0.029142858,1.450554609298706,1,2NYY_DC_A
2NYY_DA1030A,0.009404197,3.028176784515381,1,2NYY_DC_A
2NYY_RA1033A,0.8260336,0.7554309368133545,1,2NYY_DC_A
2NYY_DA1034A,2.5480273,5.541731357574463,1,2NYY_DC_A
2NYY_TA1035A,1.6426257,0.4112458229064941,1,2NYY_DC_A
2NYY_HA1036A,7.3721843,3.885058879852295,1,2NYY_DC_A
2NYY_RA1266A,0.30169097,2.378873825073242,1,2NYY_DC_A
2NYY_MD33Q,-0.06030136,1.4387627840042114,1,2NYY_DC_A
2NYY_KD29R,0.07190048,0.832242488861084,1,2NYY_DC_A
2NYY_YD30D,0.06509061,-3.2240939140319824,1,2NYY_DC_A
2NYY_YD30Q,0.12990403,-0.4691767692565918,1,2NYY_DC_A
2NYY_YD56Q,0.52343184,-0.7438139915466309,1,2NYY_DC_A
2NYY_SC28Q,0.41636226,3.332165241241455,1,2NYY_DC_A
2NYY_DC30Y,0.6457566,3.320463180541992,1,2NYY_DC_A
2NYY_SC31N,-0.35592967,0.5634006261825562,1,2NYY_DC_A
2NYY_HC34R,0.10161182,0.1979146003723144,1,2NYY_DC_A
2NYY_VD36I,-0.21470793,-0.0382874011993408,1,2NYY_DC_A
2NYY_ED5Q,-0.24977449,-1.7458441257476809,1,2NYY_DC_A
"2NYY_VD36I,ED5Q",-0.0493996,-0.8920657634735109,2,2NYY_DC_A
"2NYY_KD29S,YD30D,DD31H,SD60P",0.049968082,-0.7493779063224792,4,2NYY_DC_A
2NZ9_SA874A,-0.12034162,0.8552635908126831,1,2NZ9_DC_A
2NZ9_KA875A,0.5445982,2.02331018447876,1,2NZ9_DC_A
2NZ9_QA887A,0.099975966,1.455702543258667,1,2NZ9_DC_A
2NZ9_FA889A,-0.049968082,2.4196434020996094,1,2NZ9_DC_A
2NZ9_NA890A,2.1756003,3.294227600097656,1,2NZ9_DC_A
2NZ9_LA891A,2.2963977,2.29629898071289,1,2NZ9_DC_A
2NZ9_EA892A,2.7903275,1.447398662567139,1,2NZ9_DC_A
2NZ9_KA895A,-0.30191407,3.6863114833831783,1,2NZ9_DC_A
2NZ9_FA925A,3.3645155,1.559509038925171,1,2NZ9_DC_A
2NZ9_NA926A,-0.15326409,0.0101771354675292,1,2NZ9_DC_A
2NZ9_SA927A,-0.079110935,0.2806234359741211,1,2NZ9_DC_A
2NZ9_IA928A,0.0697808,2.119504451751709,1,2NZ9_DC_A
2NZ9_KA1028A,-0.008777227,1.5360702276229858,1,2NZ9_DC_A
2NZ9_DA1030A,-0.031306632,3.4020094871521,1,2NZ9_DC_A
2NZ9_RA1033A,0.2929775,0.7048225402832031,1,2NZ9_DC_A
2NZ9_DA1034A,2.356466,5.277233600616455,1,2NZ9_DC_A
2NZ9_TA1035A,2.3874667,0.55954909324646,1,2NZ9_DC_A
2NZ9_HA1036A,7.473181,2.8243484497070312,1,2NZ9_DC_A
2NZ9_RA1266A,0.39296997,1.4587647914886477,1,2NZ9_DC_A
"2NZ9_SD29K,DD30Y,HD31D",-0.049968082,2.174838145573934,3,2NZ9_DC_A
2O3B_EB24A,5.474915,2.789581060409546,1,2O3B_A_B
2O3B_EB24D,0.59932494,1.0475716590881348,1,2O3B_A_B
2O3B_EB24Q,5.3983636,1.3997747898101809,1,2O3B_A_B
2O3B_QB74A,3.2329645,1.4516348838806152,1,2O3B_A_B
2O3B_DB75E,5.437875,-0.2071892023086547,1,2O3B_A_B
2O3B_DB75N,5.903258,2.2513444423675537,1,2O3B_A_B
2O3B_WB76A,4.073704,4.387796878814697,1,2O3B_A_B
"2O3B_QB74A,WB76A",5.7556095,2.9197158813476562,2,2O3B_A_B
2OI9_FQ5R,3.1007626,1.3366270065307615,1,2OI9_AQ_BC
2OOB_KA7E,-0.17829986,3.2145512104034424,1,2OOB_A_B
"2OOB_AA6S,KA7E",0.1611608,2.027824580669403,2,2OOB_A_B
2OOB_AA9E,3.1033604,5.309876918792725,1,2OOB_A_B
2OOB_GA13S,0.23536395,-1.758646845817566,1,2OOB_A_B
"2OOB_AA9E,GA13S",3.1033604,1.7756150364875793,2,2OOB_A_B
"2OOB_AA6S,KA7E,AA9E,GA13S",3.1033604,1.9017198085784912,4,2OOB_A_B
"2OOB_IA27E,IA38E",0.2842834,2.0822263956069946,2,2OOB_A_B
"2P5E_TD52P,PD53F,AE49S,IE50V,QE51G,TE52M,LD96T,LD97S,DD98G,TD100S,LE94V",1.9627051,1.9888153292916038,11,2P5E_ABC_DE
"2P5E_TD52Q,PD53S,WD54S,AE49G,IE50A,QE51G",4.409873,2.5141710042953496,6,2P5E_ABC_DE
"2P5E_TD52Q,PD53S,WD54S,AE49G,IE50A,QE51G,TE52I,LD96T,LD97S,DD98G,TD100S,LE94V",7.955882,2.3743509650230408,12,2P5E_ABC_DE
"2P5E_YD32D,TD52Q,PD53S,WD54S,AE49G,IE50A,QE51G,TE52I,LD96T,LD97S,DD98G,TD100S,LE94V",7.7780848,2.4826994309058557,13,2P5E_ABC_DE
2P5E_YD32D,7.607647,3.782881021499634,1,2P5E_ABC_DE
2PCB_EA291Q,-0.056525953,4.157371520996094,1,2PCB_A_B
2PCB_EA32Q,0.60575306,1.366863250732422,1,2PCB_A_B
2PCB_EA35Q,0.6760073,0.9817476272583008,1,2PCB_A_B
2PCB_AA193F,0.73367727,1.1351385116577148,1,2PCB_A_B
2PCB_DA34N,0.82131284,-0.3109710216522217,1,2PCB_A_B
2PCB_EA290N,0.8710086,2.394031524658203,1,2PCB_A_B
2PCC_DA34A,-0.897048,0.0918426513671875,1,2PCC_A_B
2PCC_VA197A,2.1026816,5.081714630126953,1,2PCC_A_B
2PCC_EA290A,6.2025547,0.3631739616394043,1,2PCC_A_B
2PCC_KB92A,0.90187097,3.731551170349121,1,2PCC_A_B
"2PCC_KB92A,DA34A",0.2030121,1.9116969108581543,2,2PCC_A_B
"2PCC_KB92A,VA197A",1.5015024,4.406632900238037,2,2PCC_A_B
2PCC_KB77A,0.30366912,3.12514877319336,1,2PCC_A_B
"2PCC_KB77A,VA197A",2.8009782,4.103431701660156,2,2PCC_A_B
"2PCC_KB77A,EA290A",1.1021774,1.744161367416382,2,2PCC_A_B
2PCC_AB86G,1.9018551,2.0219733715057373,1,2PCC_A_B
"2PCC_AB86G,DA34A",-0.09780183,1.0569080114364624,2,2PCC_A_B
"2PCC_AB86G,VA197A",2.1026816,3.551844000816345,2,2PCC_A_B
"2PYE_QD52T,SD53P,SD54W,GE50A,AE51I,GE52Q",-4.409873,3.0062465667724614,6,2PYE_ABC_DE
"2PYE_QD52P,SD53F,SD54W,GE50S,AE51V,TE53M,LD96T,LD97S,DD98G,TD100S,LE95V",-2.4471679,2.3002648841251028,11,2PYE_ABC_DE
"2PYE_TE53I,LD96T,LD97S,DD98G,TD100S,LE95V",3.5460093,2.1286101837952933,6,2PYE_ABC_DE
"2PYE_YD32D,TE53I,LD96T,LD97S,DD98G,TD100S,LE95V",3.3682115,2.2342568550791055,7,2PYE_ABC_DE
"2PYE_YD32D,QD52T,SD53P,SD54W,GE50A,AE51I,GE52Q",3.1977737,2.986516611916678,7,2PYE_ABC_DE
"2QJ9_RC57K,TC59S,IC61K,PC62A,HC63Q,QC64L,SC67T",-0.72998595,-0.15213469096592494,7,2QJ9_AB_C
"2QJ9_AC43T,MC47L,KC48G,YC49L",-0.46220648,-1.324218511581421,4,2QJ9_AB_C
"2QJ9_AC43T,MC47L,KC48G,YC49L,GC11H,DC15E,AC30T,IC31M",0.42287236,-0.13073961436748505,8,2QJ9_AB_C
"2QJA_TC43A,LC47M,GC48K,LC49Y",0.46220648,1.9486773908138275,4,2QJA_AB_C
"2QJA_RC57K,TC59S,IC61K,PC62A,HC63Q,QC64L,SC67T,TC43A,LC47M,GC48K,LC49Y",-0.26777947,0.6646282239393755,11,2QJA_AB_C
"2QJA_GC11H,DC15E,AC30T,IC31M",0.88507885,1.0418801307678223,4,2QJA_AB_C
"2QJB_HC11G,EC15D,TC30A,MC31I",-0.88507885,0.342035174369812,4,2QJB_AB_C
"2QJB_TC43A,LC47M,GC48K,LC49Y,HC11G,EC15D,TC30A,MC31I",-0.42287236,1.060425192117691,8,2QJB_AB_C
"2QJB_RC57K,TC59S,IC61K,PC62A,HC63Q,QC64L,SC67T,TC43A,LC47M,GC48K,LC49Y,HC11G,EC15D,TC30A,MC31I",-1.1528584,0.7399172782897949,15,2QJB_AB_C
2REX_LA70Y,0.5577501,3.420995712280273,1,2REX_A_B
2REX_YB97F,0.0,0.024820327758789,1,2REX_A_B
2SGP_PI13L,-8.445845,3.123082637786865,1,2SGP_E_I
2SGQ_QI13L,-2.603541,-2.4008452892303467,1,2SGQ_E_I
2SIC_MI67E,0.7960983,0.5294266939163208,1,2SIC_E_I
2SIC_MI67D,0.7515321,1.1586745977401731,1,2SIC_E_I
2SIC_MI67H,0.21785927,2.60208797454834,1,2SIC_E_I
2SIC_MI67K,0.0,2.569364070892334,1,2SIC_E_I
2SIC_MI67R,0.0,1.5413211584091189,1,2SIC_E_I
2SIC_MI67G,0.14522329,1.654863715171814,1,2SIC_E_I
2SIC_MI67A,0.21785927,0.3300329446792602,1,2SIC_E_I
2SIC_MI67L,-0.24021861,1.434771180152893,1,2SIC_E_I
2SIC_MI67V,0.71329606,3.217808723449707,1,2SIC_E_I
2SIC_MI67I,1.6043897,3.943721294403076,1,2SIC_E_I
2UWE_AA163T,0.40431997,2.387153148651123,1,2UWE_ABC_EF
2VIR_SC115L,3.6818569,4.683542728424072,1,2VIR_AB_C
2VIR_TC89I,4.913826,2.292609691619873,1,2VIR_AB_C
2VIS_IC89T,-4.913826,-1.1983418464660645,1,2VIS_AB_C
2VLN_AB75N,-2.335586,0.5875802040100098,1,2VLN_A_B
2VLO_AB95K,-1.9605148,-4.867913722991943,1,2VLO_A_B
2VLP_AB54R,-1.6664472,0.0996241569519043,1,2VLP_A_B
2VLQ_AB86F,-3.880681,-3.639944076538086,1,2VLQ_A_B
2VLR_AE95S,0.035205524,0.9059897661209106,1,2VLR_ABC_DE
2VLR_AE95S,0.0,0.9059897661209106,1,2VLR_ABC_DE
"2VN5_SB42A,TB43F",0.25581035,1.0370815992355347,2,2VN5_A_B
"2VN5_SB42A,TB43F,TA35A",0.30382338,-0.8160471121470133,3,2VN5_A_B
"2VN5_SB42A,TB43F,NA37A",1.1865809,0.8199818929036456,3,2VN5_A_B
"2VN5_SB42A,TB43F,YA39A",1.2559173,1.119561990102132,3,2VN5_A_B
"2VN5_SB42A,TB43F,SA66A",-0.08797912,1.184368371963501,3,2VN5_A_B
"2VN5_SB42A,TB43F,SA75A",0.0,0.46705923477808636,3,2VN5_A_B
"2VN5_SB42A,TB43F,LA77A",3.1507308,2.0860111713409424,3,2VN5_A_B
"2VN5_SB42A,TB43F,LA79A",2.8461518,0.7404011885325114,3,2VN5_A_B
"2VN5_SB42A,TB43F,NA81A",0.59282637,0.5722068945566813,3,2VN5_A_B
"2VN5_SB42A,TB43F,IA83A",0.9193722,1.0439299742380779,3,2VN5_A_B
"2VN5_SB42A,TB43F,MA125G",1.5463411,-0.7760361830393473,3,2VN5_A_B
"2VN5_SB42A,TB43F,KA127G",0.5062001,1.8698288599650068,3,2VN5_A_B
"2VN5_SB42A,TB43F,TA35A,NA37A",1.6314118,-0.515589714050293,4,2VN5_A_B
"2VN5_SB42A,TB43F,TA35A,NA37A,YA39A",3.6477144,-0.15556721687316893,5,2VN5_A_B
"2VN5_SB42A,TB43F,TA35A,NA37A,NA81A",3.0598876,-0.48398027420043943,5,2VN5_A_B
"2VN5_SB42A,TB43F,TA35A,NA37A,YA39A,NA81A",5.046028,-0.18922976652781165,6,2VN5_A_B
"2VN5_SB42A,TB43F,SA66A,SA68A,SA75A",0.1369226,0.6621390461921692,5,2VN5_A_B
"2VN5_SB42A,TB43F,LA77A,LA79A",5.73883,1.601268470287323,4,2VN5_A_B
"2VN5_SB42A,TB43F,MA125G,KA127A",2.3420603,-0.07107245922088623,4,2VN5_A_B
"2VN5_SB42A,TB43F,AB14S,LB15T",0.34823537,1.5468348860740662,4,2VN5_A_B
"2VN5_SB42A,TB43F,AB14Q,LB15Q",0.15086329,2.67921644449234,4,2VN5_A_B
"2VN5_AB14S,LB15T",1.276192,2.0565881729125977,2,2VN5_A_B
"2VN5_SB42Q,TB43Q",0.93912244,-0.8277267813682556,2,2VN5_A_B
"2VN5_SB42A,TB43F,FB17A,LB45A",4.963522,1.6567910313606262,4,2VN5_A_B
2WPT_DA30L,-3.4034023,0.5585434436798096,1,2WPT_A_B
2WPT_NA31V,-0.897048,-1.7450348138809204,1,2WPT_A_B
2WPT_RA35T,-1.038295,1.2880091667175293,1,2WPT_A_B
2WPT_EA36H,0.038235974,2.151465892791748,1,2WPT_A_B
2WPT_RA39E,-0.37242046,1.135157346725464,1,2WPT_A_B
"2WPT_NA31V,RA35T",-2.5882933,-0.22851282358169556,2,2WPT_A_B
"2WPT_DA30L,NA31V,RA35T",-6.3360457,0.0338392655054728,3,2WPT_A_B
"2WPT_NA31V,RA35T,RA39E",-3.2329645,0.22604389985402426,3,2WPT_A_B
"2WPT_NA31V,RA35T,EA36H,RA39E",-2.9989495,0.7073993980884552,4,2WPT_A_B
2WPT_EA27A,1.7339525,0.2074885368347168,1,2WPT_A_B
2WPT_DA30A,-0.13220184,2.445241689682007,1,2WPT_A_B
2WPT_NA31A,-0.37987277,0.5414791107177734,1,2WPT_A_B
2WPT_VA34A,3.8093,1.9683635234832764,1,2WPT_A_B
2WPT_RA35A,-1.110931,0.3193004131317138,1,2WPT_A_B
2WPT_EA38A,4.5031695,2.585620880126953,1,2WPT_A_B
2WPT_RA39A,-0.24021861,2.1694564819335938,1,2WPT_A_B
2WPT_SA47A,2.4257026,0.4646084308624267,1,2WPT_A_B
2WPT_DA48A,5.216466,4.808911323547363,1,2WPT_A_B
2WPT_YA51A,5.216466,2.0643200874328613,1,2WPT_A_B
2WPT_YA52A,5.216466,2.269126415252685,1,2WPT_A_B
2WPT_PA53A,2.9276857,3.240463733673096,1,2WPT_A_B
"2WPT_FB79A,DA30A",-0.13220184,2.5733686685562134,2,2WPT_A_B
"2WPT_FB79A,NA31A",1.3522019,1.6214873790740967,2,2WPT_A_B
"2WPT_FB79A,VA34A",3.112753,2.334929585456848,2,2WPT_A_B
2WPT_RB47A,1.1343427,0.422656774520874,1,2WPT_A_B
2WPT_NB65A,0.91782534,5.042590618133545,1,2WPT_A_B
2WPT_SB67A,-0.8493079,-2.1015782356262207,1,2WPT_A_B
2WPT_NB68A,1.2376387,2.2465696334838867,1,2WPT_A_B
2WPT_SB70A,-0.61164296,-2.3304543495178223,1,2WPT_A_B
2WPT_SB71A,-0.14954314,-0.7094473838806152,1,2WPT_A_B
2WPT_SB77A,-0.09360993,-0.5896909832954407,1,2WPT_A_B
2WPT_FB79A,1.1701808,2.70149564743042,1,2WPT_A_B
2WPT_TB80A,0.52622044,1.0395686626434326,1,2WPT_A_B
2WPT_QB85A,0.90013885,1.2395918369293213,1,2WPT_A_B
2WPT_KB90A,0.49740836,1.4870364665985107,1,2WPT_A_B
2WPT_VB91A,0.11930191,1.4128751754760742,1,2WPT_A_B
2WPT_RB47A,0.6100001,0.422656774520874,1,2WPT_A_B
2WPT_NB65A,0.48480958,5.042590618133545,1,2WPT_A_B
2WPT_SB67A,0.58109426,-2.1015782356262207,1,2WPT_A_B
2WPT_NB68A,1.2655585,2.2465696334838867,1,2WPT_A_B
2WPT_SB70A,-0.30263966,-2.3304543495178223,1,2WPT_A_B
2WPT_SB71A,-0.04087496,-0.7094473838806152,1,2WPT_A_B
2WPT_SB77A,-0.04087496,-0.5896909832954407,1,2WPT_A_B
2WPT_FB79A,0.9455622,2.70149564743042,1,2WPT_A_B
2WPT_TB80A,0.22690453,1.0395686626434326,1,2WPT_A_B
2WPT_QB85A,-0.13220184,1.2395918369293213,1,2WPT_A_B
2WPT_KB90A,0.8012278,1.4870364665985107,1,2WPT_A_B
2WPT_VB91A,0.41065642,1.4128751754760742,1,2WPT_A_B
"2WPT_EA14Q,FA15L,KA17T,KA18T,RA21N,EA23D,GA24T,AA25S,TA26S,DA29E,DA30L,NA31V,RA35T,EA36H,RA39E,LA40M,DA45S,RA54K,DA55E,DA56G,RA57D,EA58D,EA62S,KA66N,EA67T,IA68V,EA70Q",-8.058495,1.3482746327364887,27,2WPT_A_B
"2WPT_EA14Q,FA15L,KA17T,KA18T,RA21N,EA23D,GA24T,AA25S,TA26S",-0.06827136,0.8945256604088677,9,2WPT_A_B
"2WPT_DA29E,DA30L,NA31V,RA35T,EA36H,RA39E,LA40M,DA45S,RA54K,DA55E,DA56G,RA57D,EA58D",-5.2018695,1.9041548050366914,13,2WPT_A_B
"2WPT_DA29E,DA30L,NA31V,RA35T,EA36H,RA39E,LA40M",-6.3544655,1.716936775616237,7,2WPT_A_B
"2WPT_EA23D,GA24T,AA25S,TA26S,DA29E,DA30L,NA31V,RA35T,EA36H,RA39E,LA40M",-6.6354938,1.7499228715896606,11,2WPT_A_B
"2WPT_KA17T,KA18T,RA21N,EA23D,GA24T,AA25S,TA26S,DA29E,DA30L,NA31V,RA35T,EA36H,RA39E,LA40M",-8.267023,1.2148792062486922,14,2WPT_A_B
"2WPT_EA14Q,FA15L,KA17T,KA18T,RA21N,EA23D,GA24T,AA25S,TA26S,DA29E,DA30L,NA31V,RA35T,EA36H,RA39E,LA40M",-8.575867,1.2543305233120918,16,2WPT_A_B
"2WPT_EA14Q,FA15L,KA17T,KA18T,RA21N,EA23D,GA24T,AA25S,TA26S,DA29E,DA30L,NA31V,RA35T,EA36H,RA39E,LA40M,DA45S,RA54K,DA55E,DA56G,RA57D,EA58D",-7.9793835,1.4911247004162183,22,2WPT_A_B
2WPT_DA30A,-1.4202045,2.445241689682007,1,2WPT_A_B
2WPT_FB79A,2.6683247,2.70149564743042,1,2WPT_A_B
"2WPT_DA30A,FB79A",-0.16468582,2.5733686685562134,2,2WPT_A_B
2WPT_NA31A,-0.1385577,0.5414791107177734,1,2WPT_A_B
2WPT_SB77A,-0.08617144,-0.5896909832954407,1,2WPT_A_B
"2WPT_SB77A,NA31A",-0.43725476,-0.0241059362888336,2,2WPT_A_B
3AAA_KA248A,2.4881237,-0.1051688194274902,1,3AAA_AB_C
3AAA_KA248E,3.450042,-1.419638752937317,1,3AAA_AB_C
3AAA_RA252A,3.0476718,0.9145795106887816,1,3AAA_AB_C
3AAA_RA252E,4.0011864,1.6774526834487915,1,3AAA_AB_C
3AAA_RA258A,2.2457852,1.8879332542419436,1,3AAA_AB_C
3AAA_RA258E,3.5635958,1.712533473968506,1,3AAA_AB_C
"3AAA_KA248A,RA258A",4.7972846,0.8913822174072266,2,3AAA_AB_C
3AAA_WC7A,3.3885474,4.34221887588501,1,3AAA_AB_C
3AAA_DC43A,5.1251388,0.8500475883483887,1,3AAA_AB_C
3AAA_EC77A,1.9660553,-0.9156017303466796,1,3AAA_AB_C
3AAA_EC77R,4.092513,0.6543145179748535,1,3AAA_AB_C
3B4V_LC16E,0.82131284,0.7540171146392822,1,3B4V_AB_C
3B4V_LC49E,4.1333885,5.29005241394043,1,3B4V_AB_C
3B4V_FC52E,3.8812006,2.7495059967041016,1,3B4V_AB_C
3B4V_LC53E,4.092513,5.429356098175049,1,3B4V_AB_C
3B4V_LC49A,3.5805726,5.128730773925781,1,3B4V_AB_C
3B4V_FC52A,3.8501751,0.5674886703491211,1,3B4V_AB_C
3B4V_LC53A,3.393158,5.122424125671387,1,3B4V_AB_C
"3BDY_DL28N,PL30A,RL31K,SL32T,YL57F,TL97S,TL98S",-0.97359973,0.5441310576030185,7,3BDY_HL_V
"3BDY_DL28N,PL30A,RL31K,SL32T,YL57F,TL97S,TL98S,KH31S,DH32G,TH55S,NH56E,GH101V,DH103V",-2.7283423,1.152640076783987,13,3BDY_HL_V
"3BDY_DL28N,PL30A,RL31K,SL32T,TL97S,TL98S",-0.9535147,0.538352350393931,6,3BDY_HL_V
"3BDY_DL28N,PL30A,RL31K,SL32T,TL97S,TL98S,KH31S,DH32G,TH55S,NH56E,GH101V,DH103V",-2.6718755,1.2004598081111908,12,3BDY_HL_V
"3BDY_DL28N,PL30A,RL31K,SL32T,TL97S,TL98S,KH31S,DH32G,TH55S,NH56E,GH101V,DH103V,RH51A,RH60A",-2.7283423,1.221290716103145,14,3BDY_HL_V
"3BE1_DL28N,PL30A,RL31K,SL32T,YL57F,TL97S,TL98S",-0.8687343,0.5764529534748623,7,3BE1_HL_A
"3BE1_DL28N,PL30A,RL31K,SL32T,YL57F,TL97S,TL98S,KH30S,DH31G,TH54S,NH55E,GH100V,DH102V",-2.8837805,1.0727960696587195,13,3BE1_HL_A
"3BE1_DL28N,PL30A,RL31K,SL32T,TL97S,TL98S",-0.6750601,0.6007269819577535,6,3BE1_HL_A
"3BE1_DL28N,PL30A,RL31K,SL32T,TL97S,TL98S,KH30S,DH31G,TH54S,NH55E,GH100V,DH102V",-2.7283423,1.12629501024882,12,3BE1_HL_A
"3BE1_DL28N,PL30A,RL31K,SL32T,TL97S,TL98S,KH30S,DH31G,TH54S,NH55E,GH100V,DH102V,YL36A",-3.1389987,1.2503437995910645,13,3BE1_HL_A
"3BE1_DL28N,PL30A,RL31K,SL32T,TL97S,TL98S,KH30S,DH31G,TH54S,NH55E,GH100V,DH102V,YL36A,IL33A",-2.7283423,1.300967812538147,14,3BE1_HL_A
3BK3_LC2A,0.0,0.4177229404449463,1,3BK3_A_C
3BK3_LC2R,0.026335536,0.5610780715942383,1,3BK3_A_C
3BK3_IC3A,1.038654,2.8559489250183105,1,3BK3_A_C
3BK3_IC3R,0.65087503,2.784872055053711,1,3BK3_A_C
3BK3_TC4P,0.48639154,0.5042421817779541,1,3BK3_A_C
3BK3_TC6P,1.7430197,4.353694915771484,1,3BK3_A_C
3BK3_IC19A,0.48639154,4.75911808013916,1,3BK3_A_C
3BK3_IC19R,0.42397052,4.555113315582275,1,3BK3_A_C
3BK3_IC22A,1.3077044,5.361875534057617,1,3BK3_A_C
3BK3_IC22R,2.1215649,5.47276782989502,1,3BK3_A_C
3BK3_IC28A,1.261516,5.383561611175537,1,3BK3_A_C
3BK3_IC28R,1.1755025,5.396719455718994,1,3BK3_A_C
3BK3_AC37R,1.3827282,2.806779146194458,1,3BK3_A_C
3BN9_QB23A,-0.4154928,2.660331010818481,1,3BN9_B_CD
3BN9_IB26A,0.0,2.167454242706299,1,3BN9_B_CD
3BN9_IB45A,0.83558947,4.222846984863281,1,3BN9_B_CD
3BN9_DB46A,0.42257738,1.4743458032608032,1,3BN9_B_CD
3BN9_DB47A,0.31124684,-2.0089364051818848,1,3BN9_B_CD
3BN9_RB48A,-0.045018002,-0.5375370979309082,1,3BN9_B_CD
3BN9_FB50A,-0.045018002,5.288881301879883,1,3BN9_B_CD
3BN9_RB51A,-0.071589805,0.9717463254928588,1,3BN9_B_CD
3BN9_YB52A,0.018960081,3.786631107330322,1,3BN9_B_CD
3BN9_RB82A,-0.15930416,-1.721861481666565,1,3BN9_B_CD
3BN9_FB89A,0.63952816,5.199576377868652,1,3BN9_B_CD
3BN9_NB90A,0.77369064,4.82840633392334,1,3BN9_B_CD
3BN9_DB91A,6.69821,4.03043270111084,1,3BN9_B_CD
3BN9_FB92A,6.69821,1.984191656112671,1,3BN9_B_CD
3BN9_TB93A,1.1325597,5.214281558990479,1,3BN9_B_CD
3BN9_HB138A,0.0851014,-0.4763898849487304,1,3BN9_B_CD
3BN9_QB140A,0.13316439,-3.0081262588500977,1,3BN9_B_CD
3BN9_YB141A,1.0851382,3.1015074253082275,1,3BN9_B_CD
3BN9_TB144A,0.29096535,1.863991618156433,1,3BN9_B_CD
3BN9_LB147A,0.3363427,-0.5920214653015137,1,3BN9_B_CD
3BN9_EB163A,0.37338302,-0.9797799587249756,1,3BN9_B_CD
3BN9_QB168A,-0.03471423,-1.686976194381714,1,3BN9_B_CD
3BN9_QB169A,2.5101082,3.3855929374694824,1,3BN9_B_CD
3BN9_DB214A,0.566465,1.6063227653503418,1,3BN9_B_CD
3BN9_QB218A,0.7060266,1.486797332763672,1,3BN9_B_CD
3BN9_RB219A,-0.09374013,-1.3620240688323977,1,3BN9_B_CD
3BN9_KB221A,0.7853204,3.256707668304444,1,3BN9_B_CD
3BN9_TD28R,0.33305493,-0.5834908485412598,1,3BN9_B_CD
3BN9_SD30G,1.186638,4.21591854095459,1,3BN9_B_CD
3BN9_SD30N,1.1460179,5.566487312316895,1,3BN9_B_CD
3BN9_TD102Q,-0.021546083,-0.6541156768798828,1,3BN9_B_CD
3BN9_TD102R,-0.058321018,-1.4213616847991943,1,3BN9_B_CD
3BN9_YD103S,0.45889112,1.464172124862671,1,3BN9_B_CD
3BN9_PD104H,2.4283416,5.131442070007324,1,3BN9_B_CD
3BN9_QD105V,1.2246509,2.5934290885925293,1,3BN9_B_CD
3BP8_FA115A,0.7089873,-0.3182930946350097,1,3BP8_A_C
3BP8_AC51F,0.61549425,4.540752410888672,1,3BP8_A_C
"3BP8_FA115A,AC51F",-0.7745522,2.111229658126831,2,3BP8_A_C
3BT1_RU135A,-0.28764006,0.2047326564788818,1,3BT1_A_U
3BT1_KU137A,0.6742783,0.5899093151092529,1,3BT1_A_U
3BT1_RU140A,0.36323497,0.715430736541748,1,3BT1_A_U
3BT1_HU141A,0.66162765,2.373429298400879,1,3BT1_A_U
3BT1_RU143A,0.4203425,5.638339042663574,1,3BT1_A_U
3BT1_LU1A,0.34248337,4.375317096710205,1,3BT1_A_U
3BT1_RU2A,0.09499532,1.0904090404510498,1,3BT1_A_U
3BT1_MU4A,0.037430465,1.0284643173217771,1,3BT1_A_U
3BT1_QU5A,0.061131705,0.3265621662139892,1,3BT1_A_U
3BT1_KU7A,0.27360502,0.0077338218688964,1,3BT1_A_U
3BT1_TU8A,0.17684276,-0.363771915435791,1,3BT1_A_U
3BT1_NU9A,0.30520993,3.669059038162232,1,3BT1_A_U
3BT1_GU10A,0.26543313,5.047459125518799,1,3BT1_A_U
3BT1_DU11A,-0.026335536,-0.7299790382385254,1,3BT1_A_U
3BT1_RU13A,0.27360502,0.3980975151062011,1,3BT1_A_U
3BT1_VU14A,0.2816657,3.091337203979492,1,3BT1_A_U
3BT1_EU15A,0.1165414,0.7516827583312988,1,3BT1_A_U
3BT1_EU16A,0.08392113,0.6841199398040771,1,3BT1_A_U
3BT1_AU18S,0.072635986,-0.6291284561157227,1,3BT1_A_U
3BT1_LU19A,0.17684276,-1.2192444801330566,1,3BT1_A_U
3BT1_GU20A,0.0,1.1475225687026978,1,3BT1_A_U
3BT1_QU21A,0.3128546,0.2576613426208496,1,3BT1_A_U
3BT1_DU22A,0.23156951,0.3558111190795898,1,3BT1_A_U
3BT1_LU23A,0.460056,-0.118133544921875,1,3BT1_A_U
3BT1_RU25A,1.0169652,1.0784409046173096,1,3BT1_A_U
3BT1_TU26A,0.1863222,2.2444539070129395,1,3BT1_A_U
3BT1_TU27A,0.91079694,2.509106397628784,1,3BT1_A_U
3BT1_IU28A,0.072635986,2.567739248275757,1,3BT1_A_U
3BT1_VU29A,0.7158664,4.44204044342041,1,3BT1_A_U
3BT1_RU30A,0.460056,2.2124180793762207,1,3BT1_A_U
3BT1_LU31A,0.3128546,2.9966301918029785,1,3BT1_A_U
3BT1_WU32A,-0.013021447,-1.6986265182495115,1,3BT1_A_U
3BT1_EU33A,0.37754995,1.8920741081237795,1,3BT1_A_U
3BT1_EU34A,0.34248337,1.1681127548217771,1,3BT1_A_U
3BT1_GU35A,0.32040185,2.43501615524292,1,3BT1_A_U
3BT1_EU36A,0.09499532,2.595834255218506,1,3BT1_A_U
3BT1_EU37A,0.0493996,1.2452397346496582,1,3BT1_A_U
3BT1_LU38A,0.5218843,0.7850379943847656,1,3BT1_A_U
3BT1_EU39A,0.15741637,2.2148938179016118,1,3BT1_A_U
3BT1_LU40A,0.87071246,3.973619222640991,1,3BT1_A_U
3BT1_VU41A,0.48896185,3.981412649154663,1,3BT1_A_U
3BT1_EU42A,-0.19677335,3.2186896800994877,1,3BT1_A_U
3BT1_KU43A,0.2227923,3.5764718055725098,1,3BT1_A_U
3BT1_SU44A,0.2227923,0.3933355808258056,1,3BT1_A_U
3BT1_TU46A,0.460056,-0.5468736886978149,1,3BT1_A_U
3BT1_HU47A,0.39101532,0.1016180515289306,1,3BT1_A_U
3BT1_SU48A,0.40418148,0.5820431709289551,1,3BT1_A_U
3BT1_EU49A,-0.026335536,0.3158161640167236,1,3BT1_A_U
3BT1_KU50A,0.6422259,-1.2678546905517578,1,3BT1_A_U
3BT1_TU51A,0.71200675,1.3235818147659302,1,3BT1_A_U
3BT1_NU52Q,0.6334487,4.9439568519592285,1,3BT1_A_U
3BT1_RU53A,0.8882246,0.8614689111709595,1,3BT1_A_U
3BT1_TU54A,0.39101532,2.3686671257019043,1,3BT1_A_U
3BT1_LU55A,1.110931,2.655817747116089,1,3BT1_A_U
3BT1_SU56A,0.0493996,0.7156864404678345,1,3BT1_A_U
3BT1_YU57A,1.2005628,4.122972965240479,1,3BT1_A_U
3BT1_RU58A,-0.06817305,2.546938180923462,1,3BT1_A_U
3BT1_TU59A,0.5530732,0.0256223678588867,1,3BT1_A_U
3BT1_GU60A,0.29746535,2.80979323387146,1,3BT1_A_U
3BT1_LU61A,-0.12899071,-0.9985036849975586,1,3BT1_A_U
3BT1_KU62A,0.41706136,1.7691078186035156,1,3BT1_A_U
3BT1_IU63A,0.1165414,2.6459004878997803,1,3BT1_A_U
3BT1_TU64A,0.6593997,3.23183274269104,1,3BT1_A_U
3BT1_SU65A,0.3128546,1.324181079864502,1,3BT1_A_U
3BT1_LU66A,1.3769125,4.5702948570251465,1,3BT1_A_U
3BT1_TU67A,0.1863222,0.5567078590393066,1,3BT1_A_U
3BT1_EU68A,0.0493996,5.515257835388184,1,3BT1_A_U
3BT1_VU69A,0.2227923,1.9919114112854004,1,3BT1_A_U
3BT1_VU70A,0.14745896,4.718973159790039,1,3BT1_A_U
3BT1_GU72A,0.24021861,-0.1600213050842285,1,3BT1_A_U
3BT1_LU73A,0.23156951,-1.103236436843872,1,3BT1_A_U
3BT1_DU74A,0.30520993,1.6201183795928955,1,3BT1_A_U
3BT1_LU75A,0.5165227,3.503251552581787,1,3BT1_A_U
3BT1_QU78A,0.24021861,-0.0254287719726562,1,3BT1_A_U
3BT1_GU79A,0.2227923,5.149843692779541,1,3BT1_A_U
3BT1_NU80A,0.20483783,-0.9534521102905272,1,3BT1_A_U
3BT1_SU81A,0.25714695,0.3999490737915039,1,3BT1_A_U
3BT1_GU82A,0.09499532,1.1162437200546265,1,3BT1_A_U
3BT1_VU83A,0.2816657,-0.7786362171173096,1,3BT1_A_U
3BT1_TU84A,-0.08280224,-0.4873325824737549,1,3BT1_A_U
3BT1_YU85A,0.24874325,-1.2935738563537598,1,3BT1_A_U
3BT1_SU86A,0.24021861,0.7291309833526611,1,3BT1_A_U
3BT1_RU87A,0.24021861,-0.3234231472015381,1,3BT1_A_U
3BT1_SU88A,0.19565234,0.7388055324554443,1,3BT1_A_U
3BT1_RU89A,0.2816657,1.0417630672454834,1,3BT1_A_U
3BT1_YU90A,0.17684276,4.287509918212891,1,3BT1_A_U
3BT1_LU91A,-0.16191317,4.011315822601318,1,3BT1_A_U
3BT1_EU92A,0.20483783,1.9319875240325928,1,3BT1_A_U
3BT1_IU94A,0.1863222,-1.237159252166748,1,3BT1_A_U
3BT1_SU95A,0.87071246,4.909931182861328,1,3BT1_A_U
3BT1_GU97A,-0.6638965,0.1858758926391601,1,3BT1_A_U
3BT1_SU98A,1.1565268,3.5927233695983887,1,3BT1_A_U
3BT1_SU99A,0.29746535,0.3931119441986084,1,3BT1_A_U
3BT1_DU100A,1.6920253,2.6462173461914062,1,3BT1_A_U
3BT1_MU101A,0.41065642,-0.8408193588256836,1,3BT1_A_U
3BT1_SU102A,0.6109193,4.450083255767822,1,3BT1_A_U
3BT1_EU104A,0.8148379,2.4291765689849854,1,3BT1_A_U
3BT1_RU105A,0.40418148,1.6364517211914062,1,3BT1_A_U
3BT1_RU107A,0.26543313,0.6088221073150635,1,3BT1_A_U
3BT1_HU108A,0.41706136,0.5059170722961426,1,3BT1_A_U
3BT1_QU109A,0.08392113,2.189541339874268,1,3BT1_A_U
3BT1_SU110A,0.24874325,0.9076025485992432,1,3BT1_A_U
3BT1_LU111A,1.4646269,5.480503082275391,1,3BT1_A_U
3BT1_QU112A,-0.12899071,0.6790046691894531,1,3BT1_A_U
3BT1_RU114A,0.21388307,0.805107831954956,1,3BT1_A_U
3BT1_SU115A,0.012741394,2.439650058746338,1,3BT1_A_U
3BT1_PU116A,-0.25324005,1.2207164764404297,1,3BT1_A_U
3BT1_EU117A,-0.294115,1.2611329555511477,1,3BT1_A_U
3BT1_EU118A,0.0,3.586758852005005,1,3BT1_A_U
3BT1_QU119A,-0.06817305,0.6364047527313232,1,3BT1_A_U
3BT1_LU121A,0.460056,1.2814078330993652,1,3BT1_A_U
3BT1_DU122A,0.78820634,-0.2516069412231445,1,3BT1_A_U
3BT1_VU123A,0.78820634,3.800046443939209,1,3BT1_A_U
3BT1_VU124A,0.74587035,1.8114855289459229,1,3BT1_A_U
3BT1_TU125A,1.0029143,0.2442975044250488,1,3BT1_A_U
3BT1_HU126A,0.39101532,1.4166102409362793,1,3BT1_A_U
3BT1_WU127A,-0.43699196,1.7588810920715332,1,3BT1_A_U
3BT1_IU128A,-0.3156611,-2.5462021827697754,1,3BT1_A_U
3BT1_QU129A,-0.09780183,-0.7106091976165771,1,3BT1_A_U
3BT1_EU130A,0.037430465,0.0811033248901367,1,3BT1_A_U
3BT1_GU131A,-0.21500409,-0.3518555164337158,1,3BT1_A_U
3BT1_EU132A,-0.16191317,0.5141129493713379,1,3BT1_A_U
3BT1_EU133A,-0.14522329,0.0166022777557373,1,3BT1_A_U
3BT1_GU134A,-0.08280224,3.7615678310394287,1,3BT1_A_U
3BT1_RU135A,0.24874325,0.2047326564788818,1,3BT1_A_U
3BT1_PU136A,0.33521393,2.484180450439453,1,3BT1_A_U
3BT1_KU137A,0.62003416,0.5899093151092529,1,3BT1_A_U
3BT1_DU138A,1.2959981,3.063925743103028,1,3BT1_A_U
3BT1_DU139A,1.04851,2.1782033443450928,1,3BT1_A_U
3BT1_RU140A,0.8049908,0.715430736541748,1,3BT1_A_U
3BT1_HU141A,0.63785356,2.373429298400879,1,3BT1_A_U
3BT1_LU142A,0.72351104,0.9948041439056396,1,3BT1_A_U
3BT1_RU143A,0.9190447,5.638339042663574,1,3BT1_A_U
3BT1_GU144A,1.25098,5.500754833221436,1,3BT1_A_U
3BT1_GU146A,1.4402152,5.072486877441406,1,3BT1_A_U
3BT1_YU147A,-0.11319105,0.1859455108642578,1,3BT1_A_U
3BT1_LU148A,1.6624155,5.308009147644043,1,3BT1_A_U
3BT1_PU149A,0.5969786,2.5055549144744877,1,3BT1_A_U
3BT1_GU150A,0.5165227,0.90743088722229,1,3BT1_A_U
3BT1_PU152A,0.460056,2.1451849937438965,1,3BT1_A_U
3BT1_SU154A,-0.03995572,1.7603026628494265,1,3BT1_A_U
3BT1_NU155A,0.60166204,-1.4014606475830078,1,3BT1_A_U
3BT1_GU156A,-0.23381366,-0.5081667900085449,1,3BT1_A_U
3BT1_FU157A,0.70027465,4.474310398101807,1,3BT1_A_U
3BT1_HU158A,0.20483783,0.6603167057037354,1,3BT1_A_U
3BT1_NU159A,0.3707007,3.167825222015381,1,3BT1_A_U
3BT1_NU160Q,0.39101532,0.2349693775177002,1,3BT1_A_U
3BT1_DU161A,-0.09780183,1.0062291622161863,1,3BT1_A_U
3BT1_TU162A,-0.08280224,0.74528968334198,1,3BT1_A_U
3BT1_FU163A,1.0636741,2.946963310241699,1,3BT1_A_U
3BT1_HU164A,1.028425,1.0817341804504397,1,3BT1_A_U
3BT1_FU165A,0.12702756,1.76165771484375,1,3BT1_A_U
3BT1_LU166A,0.74587035,3.0366854667663574,1,3BT1_A_U
3BT1_KU167A,0.2816657,1.1746315956115725,1,3BT1_A_U
3BT1_NU170Q,0.17684276,0.8797717094421387,1,3BT1_A_U
3BT1_TU171A,0.27360502,0.5068764686584473,1,3BT1_A_U
3BT1_TU172A,0.41065642,-0.2681965827941894,1,3BT1_A_U
3BT1_KU173A,0.69232213,1.4906659126281738,1,3BT1_A_U
3BT1_EU176A,0.025214529,-0.1256411075592041,1,3BT1_A_U
3BT1_GU177A,0.3278542,5.625309467315674,1,3BT1_A_U
3BT1_PU178A,-0.2733251,1.8796889781951904,1,3BT1_A_U
3BT1_IU179A,0.36377135,2.3021535873413086,1,3BT1_A_U
3BT1_LU180A,0.67196095,3.2112784385681152,1,3BT1_A_U
3BT1_EU181A,0.460056,1.359999656677246,1,3BT1_A_U
3BT1_LU182A,0.7310583,4.137176513671875,1,3BT1_A_U
3BT1_EU183A,0.39101532,1.1769567728042605,1,3BT1_A_U
3BT1_NU184A,0.3278542,-0.4838306903839111,1,3BT1_A_U
3BT1_LU185A,0.20483783,3.433024406433105,1,3BT1_A_U
3BT1_PU186A,-0.013021447,2.9123687744140625,1,3BT1_A_U
3BT1_QU187A,-0.17908691,-0.8924949169158936,1,3BT1_A_U
3BT1_NU188A,-0.23381366,5.753690719604492,1,3BT1_A_U
3BT1_GU189A,-0.09780183,5.637322425842285,1,3BT1_A_U
3BT1_RU190A,0.32040185,1.8473987579345703,1,3BT1_A_U
3BT1_QU191A,-0.19677335,2.2602150440216064,1,3BT1_A_U
3BT1_YU193A,-0.06817305,4.716100215911865,1,3BT1_A_U
3BT1_SU194A,-0.2733251,3.346467971801758,1,3BT1_A_U
3BT1_KU196A,0.24874325,0.3444397449493408,1,3BT1_A_U
3BT1_GU197A,0.025214529,5.29686975479126,1,3BT1_A_U
3BT1_NU198Q,0.012741394,-0.0115449428558349,1,3BT1_A_U
3BT1_SU199A,-0.12899071,-0.4750173091888428,1,3BT1_A_U
3BT1_TU200A,-0.23381366,0.6577057838439941,1,3BT1_A_U
3BT1_HU201A,0.012741394,-0.6034977436065674,1,3BT1_A_U
3BT1_GU202A,-0.41065642,5.598235607147217,1,3BT1_A_U
3BT1_SU204A,-0.21500409,1.7534441947937012,1,3BT1_A_U
3BT1_SU205A,-0.21500409,-0.0155105590820312,1,3BT1_A_U
3BT1_EU206A,-0.11319105,-0.1599421501159668,1,3BT1_A_U
3BT1_EU207A,-0.25324005,1.0914392471313477,1,3BT1_A_U
3BT1_TU208A,0.23156951,2.627338409423828,1,3BT1_A_U
3BT1_FU209A,0.19565234,0.8777132034301758,1,3BT1_A_U
3BT1_LU210A,-0.52384746,2.9815683364868164,1,3BT1_A_U
3BT1_IU211A,0.14745896,4.953582763671875,1,3BT1_A_U
3BT1_DU212A,-0.06817305,1.6714218854904177,1,3BT1_A_U
3BT1_RU214A,-0.026335536,4.29369592666626,1,3BT1_A_U
3BT1_GU215A,-0.09780183,4.740199089050293,1,3BT1_A_U
3BT1_PU216A,-0.11319105,0.4176003932952881,1,3BT1_A_U
3BT1_MU217A,1.028425,3.002185821533203,1,3BT1_A_U
3BT1_NU218A,-0.17908691,3.223196506500244,1,3BT1_A_U
3BT1_QU219A,-0.06817305,1.66936993598938,1,3BT1_A_U
3BT1_LU221A,0.26543313,0.8231148719787598,1,3BT1_A_U
3BT1_VU222A,-0.49345866,1.922926902770996,1,3BT1_A_U
3BT1_AU223S,-0.23381366,2.113388538360596,1,3BT1_A_U
3BT1_TU224A,-0.21500409,2.4550251960754395,1,3BT1_A_U
3BT1_GU225A,0.71200675,3.964043378829956,1,3BT1_A_U
3BT1_TU226A,-0.026335536,1.9570941925048828,1,3BT1_A_U
3BT1_HU227A,0.26543313,-0.1915259361267089,1,3BT1_A_U
3BT1_EU228A,0.17684276,-0.1182725429534912,1,3BT1_A_U
3BT1_PU229A,0.0493996,-1.8239238262176516,1,3BT1_A_U
3BT1_KU230A,0.26543313,-0.0271141529083251,1,3BT1_A_U
3BT1_NU231A,0.33521393,-0.192793607711792,1,3BT1_A_U
3BT1_QU232A,0.09499532,-0.1820912361145019,1,3BT1_A_U
3BT1_SU233A,-0.17908691,0.9133806228637696,1,3BT1_A_U
3BT1_YU234A,0.1863222,3.605624914169312,1,3BT1_A_U
3BT1_MU235A,0.0493996,1.9694688320159912,1,3BT1_A_U
3BT1_VU236A,0.15741637,2.168538808822632,1,3BT1_A_U
3BT1_RU237A,0.19565234,4.544004440307617,1,3BT1_A_U
3BT1_GU238A,-0.08280224,5.464526176452637,1,3BT1_A_U
3BT1_AU240S,-0.17908691,2.4747982025146484,1,3BT1_A_U
3BT1_TU241A,0.3496647,5.092123985290527,1,3BT1_A_U
3BT1_AU242S,-0.3156611,-0.053741455078125,1,3BT1_A_U
3BT1_SU243A,-0.06817305,-0.5861893892288208,1,3BT1_A_U
3BT1_MU244A,0.12702756,-0.410686731338501,1,3BT1_A_U
3BT1_QU246A,0.460056,-0.0576422214508056,1,3BT1_A_U
3BT1_HU247A,0.0493996,-0.4796829223632812,1,3BT1_A_U
3BT1_AU248S,0.12702756,-0.6065654754638672,1,3BT1_A_U
3BT1_HU249A,0.2816657,-1.5376689434051514,1,3BT1_A_U
3BT1_LU250A,0.41706136,4.740349292755127,1,3BT1_A_U
3BT1_GU251A,0.17684276,-0.1463205814361572,1,3BT1_A_U
3BT1_DU252A,0.061131705,2.7896294593811035,1,3BT1_A_U
3BT1_AU253S,0.20483783,0.7331914901733398,1,3BT1_A_U
3BT1_FU254A,0.89394885,4.622259616851807,1,3BT1_A_U
3BT1_SU255A,0.21388307,1.098535418510437,1,3BT1_A_U
3BT1_MU256A,0.7385106,2.8732643127441406,1,3BT1_A_U
3BT1_NU257A,-0.23381366,-0.1954927444458007,1,3BT1_A_U
3BT1_HU258A,0.0493996,0.3395318984985351,1,3BT1_A_U
3BT1_IU259A,0.13733132,3.8536884784698486,1,3BT1_A_U
3BT1_DU260A,0.105866306,0.1135215759277343,1,3BT1_A_U
3BT1_VU261A,0.24021861,4.52352237701416,1,3BT1_A_U
3BT1_SU262A,-0.06817305,0.7693045139312744,1,3BT1_A_U
3BT1_TU265A,0.061131705,1.0915794372558594,1,3BT1_A_U
3BT1_KU266A,0.09499532,-0.8744908571243286,1,3BT1_A_U
3BT1_SU267A,-0.14522329,4.744420051574707,1,3BT1_A_U
3BT1_GU268A,-0.294115,3.2774553298950195,1,3BT1_A_U
3BT1_HU271A,0.14745896,-2.1065683364868164,1,3BT1_A_U
3BT1_PU272A,-0.013021447,3.600101947784424,1,3BT1_A_U
3BT1_DU273A,0.0493996,0.189866304397583,1,3BT1_A_U
3BTD_DI13K,-11.502718,,1,3BTD_E_I
3BTE_EI13K,-9.424007,,1,3BTE_E_I
3BTF_FI13K,-7.0272107,-3.476274251937866,1,3BTF_E_I
3BTG_GI13K,-12.352226,,1,3BTG_E_I
3BTH_HI13K,-8.781781,,1,3BTH_E_I
3BTM_MI13K,-7.6923733,,1,3BTM_E_I
3BTQ_QI13K,-9.370644,,1,3BTQ_E_I
3BTT_TI13K,-10.597484,,1,3BTT_E_I
3BTW_WI13K,-8.664119,,1,3BTW_E_I
3BX1_FC84V,0.41065642,4.9707112312316895,1,3BX1_A_C
3BX1_RC85G,0.3555048,1.4351928234100342,1,3BX1_A_C
3BX1_AC86T,1.8372486,3.848742723464966,1,3BX1_A_C
3BX1_YC87I,1.7820247,5.254342079162598,1,3BX1_A_C
3BX1_YC87A,1.2988172,4.78204870223999,1,3BX1_A_C
3BX1_TC88V,2.8385491,4.472360610961914,1,3BX1_A_C
3BX1_TC89A,0.17043781,2.056650400161743,1,3BX1_A_C
3C60_KC40A,1.5944324,4.45736026763916,1,3C60_CD_AB
3C60_DC56A,0.6982965,3.392462730407715,1,3C60_CD_AB
3C60_QC58A,0.9633075,0.4886782169342041,1,3C60_CD_AB
3C60_LC61A,0.94355726,4.885387420654297,1,3C60_CD_AB
3C60_QC62A,0.8687343,-1.7050588130950928,1,3C60_CD_AB
3C60_NC63A,0.9535147,3.566825151443481,1,3C60_CD_AB
3C60_VC66A,1.2502,2.547431468963623,1,3C60_CD_AB
3C60_KC68A,0.56228465,2.6807761192321777,1,3C60_CD_AB
3C60_HC69A,0.35910636,-0.0459332466125488,1,3C60_CD_AB
3C60_VC73A,0.0,2.6393957138061523,1,3C60_CD_AB
3C60_KC76A,0.04742146,1.267428636550903,1,3C60_CD_AB
3C60_FD1A,0.0,-0.3655564785003662,1,3C60_CD_AB
3C60_ED2A,0.04742146,0.7705123424530029,1,3C60_CD_AB
3C60_QD4A,1.1667991,1.006793975830078,1,3C60_CD_AB
3C60_KD5A,1.1528584,-0.3943018913269043,1,3C60_CD_AB
3C60_KD7A,2.1511846,3.326255321502685,1,3C60_CD_AB
3C60_ND9A,0.0,-0.9076638221740724,1,3C60_CD_AB
3C60_KD10A,0.0,-0.4400367736816406,1,3C60_CD_AB
3C60_VD12A,0.0,-2.5949816703796387,1,3C60_CD_AB
3C60_DD13A,0.04742146,0.4069747924804687,1,3C60_CD_AB
3C60_ED69A,0.04742146,0.5976972579956055,1,3C60_CD_AB
3C60_YD70A,0.0,-1.398979902267456,1,3C60_CD_AB
3C60_SD73A,0.0,-0.4710453748703003,1,3C60_CD_AB
3C60_QD74A,0.0,2.192737102508545,1,3C60_CD_AB
3C60_PD75A,0.0,0.9848239421844482,1,3C60_CD_AB
3C60_ED76A,0.0,0.0313754081726074,1,3C60_CD_AB
3C60_ID77A,0.04742146,3.747422218322754,1,3C60_CD_AB
3C60_ED79A,0.04742146,-0.2378758192062378,1,3C60_CD_AB
3C60_RD80A,2.0264554,0.5299893617630005,1,3C60_CD_AB
3C60_RD82A,0.0,2.10315465927124,1,3C60_CD_AB
3C60_DD86A,0.04742146,2.0893232822418213,1,3C60_CD_AB
3C60_TD87A,1.1667991,3.848530769348145,1,3C60_CD_AB
3C60_RD90A,0.04742146,2.7272534370422363,1,3C60_CD_AB
3C60_HD91A,1.0857165,1.0502160787582395,1,3C60_CD_AB
3C60_ED94A,0.0,2.785362720489502,1,3C60_CD_AB
3D3V_EE30A,2.114632,,1,3D3V_ABC_DE
3D3V_YC8A,3.413588,,1,3D3V_ABC_DE
"3D3V_EE30A,YC8A",3.9009266,,2,3D3V_ABC_DE
3D3V_EE30A,3.2307487,,1,3D3V_ABC_DE
3D3V_YC8F,0.9274753,,1,3D3V_ABC_DE
"3D3V_EE30A,YC8F",2.573496,,2,3D3V_ABC_DE
3D3V_LE97A,2.6171665,,1,3D3V_ABC_DE
3D3V_YC8A,3.413588,,1,3D3V_ABC_DE
"3D3V_LE97A,YC8A",4.390339,,2,3D3V_ABC_DE
3D5R_AC38N,-1.5695295,-1.4149198532104492,1,3D5R_A_C
3D5R_AC38N,-1.3337823,-1.4149198532104492,1,3D5R_A_C
3D5S_AC31R,-2.24674,-2.770101547241211,1,3D5S_A_C
3D5S_AC31R,-1.5196093,-2.770101547241211,1,3D5S_A_C
3EG5_HA104F,-2.0854197,-1.903834700584412,1,3EG5_A_B
"3EG5_TB73N,SB74N,HB75N",1.053579,0.7122082710266113,3,3EG5_A_B
"3EG5_TB73N,SB74N,HB75N,HA104F",-1.3274181,0.05819752812385558,4,3EG5_A_B
3EQS_TB1A,0.39184684,-0.2964272499084472,1,3EQS_A_B
3EQS_SB2A,1.263514,3.930661916732788,1,3EQS_A_B
3EQS_FB3A,5.5584974,4.980793952941895,1,3EQS_A_B
3EQS_EB5A,1.1146224,2.1005802154541016,1,3EQS_A_B
3EQS_YB6A,3.1105554,2.252397060394287,1,3EQS_A_B
3EQS_WB7A,6.410199,5.711968421936035,1,3EQS_A_B
3EQS_NB8A,-1.1117365,-0.7089402675628662,1,3EQS_A_B
3EQS_LB9A,-0.17043781,1.3377323150634766,1,3EQS_A_B
3EQS_LB10A,3.3343616,4.918304443359375,1,3EQS_A_B
3EQS_SB11A,0.11720225,0.8311821222305298,1,3EQS_A_B
3EQY_TC1A,0.37473926,0.3398327827453613,1,3EQY_A_C
3EQY_SC2A,0.87140906,3.556607246398926,1,3EQY_A_C
3EQY_FC3A,5.660986,1.487043380737305,1,3EQY_A_C
3EQY_EC5A,1.2231921,1.5262519121170044,1,3EQY_A_C
3EQY_YC6A,2.5873632,2.2852137088775635,1,3EQY_A_C
3EQY_WC7A,6.0464277,5.100649833679199,1,3EQY_A_C
3EQY_NC8A,-0.7492133,-2.3491430282592773,1,3EQY_A_C
3EQY_LC9A,0.033863615,1.0391321182250977,1,3EQY_A_C
3EQY_LC10A,2.3246152,4.9510650634765625,1,3EQY_A_C
3EQY_SC11A,0.15275137,0.9373021125793456,1,3EQY_A_C
3EQY_PC12A,0.2956283,3.988588333129883,1,3EQY_A_C
3F1S_MA33A,1.2389807,0.4526956081390381,1,3F1S_A_B
3F1S_DA36A,2.185484,1.2662012577056885,1,3F1S_A_B
3F1S_DA200A,0.41065642,4.14500093460083,1,3F1S_A_B
3F1S_KA201A,-1.8037333,-0.2268991470336914,1,3F1S_A_B
3F1S_KA201C,-1.8037333,2.0292320251464844,1,3F1S_A_B
3F1S_YA202A,2.9961216,4.372369289398193,1,3F1S_A_B
3F1S_DA255A,3.7609677,0.9296665191650392,1,3F1S_A_B
3F1S_DA200A,0.6982965,4.14500093460083,1,3F1S_A_B
3F1S_KA201A,-2.3559217,-0.2268991470336914,1,3F1S_A_B
3F1S_KA201C,-1.586159,2.0292320251464844,1,3F1S_A_B
3G6D_HH104A,-0.9535147,-1.5733273029327393,1,3G6D_LH_A
3G6D_WH105A,-1.4971784,3.6972522735595694,1,3G6D_LH_A
"3G6D_KH210T,KH215T",-0.13300735,-1.0504623055458069,2,3G6D_LH_A
"3G6D_EL3V,GL76R,TL77V,QL78E,EL80G",0.13987951,1.4380084991455078,5,3G6D_LH_A
"3G6D_TL89S,ML92I,VL93D,TL94K",0.798334,-0.32929110527038574,4,3G6D_LH_A
"3G6D_EL3V,GL76R,TL77V,QL78E,EL80G,TL89S,ML92I,VL93D,TL94K",0.2715726,0.6525420082939996,9,3G6D_LH_A
"3G6D_EL3V,GL76R,TL77V,QL78E,EL80G,FH103A,HH104A,WH105A",4.62235,1.5786931216716764,8,3G6D_LH_A
"3G6D_EL3V,GL76R,TL77V,QL78E,EL80G,DH54N",0.1112279,1.479910413424174,6,3G6D_LH_A
3H9S_AA150P,0.16316837,-1.9793431758880613,1,3H9S_ABC_DE
3HFM_YY20A,4.8782177,4.662813186645508,1,3HFM_HL_Y
3HFM_NL32A,5.109633,3.898418426513672,1,3HFM_HL_Y
3HFM_KY96A,6.9912934,5.6076178550720215,1,3HFM_HL_Y
3HFM_NL31A,5.216466,0.8257448673248291,1,3HFM_HL_Y
"3HFM_NL31A,KY96A",7.4717307,3.2166813611984253,2,3HFM_HL_Y
3HFM_NL31D,1.344086,1.6116228103637695,1,3HFM_HL_Y
3HFM_NL31E,5.7099247,1.7019896507263184,1,3HFM_HL_Y
3HFM_YL50A,4.5596366,-0.2282385826110839,1,3HFM_HL_Y
3HFM_YL50L,4.395153,0.9487380981445312,1,3HFM_HL_Y
3HFM_YL50F,2.3559217,0.3755803108215332,1,3HFM_HL_Y
"3HFM_YL50A,RY21A",6.369324,0.6137380599975586,2,3HFM_HL_Y
"3HFM_YL50F,RY21A",4.3327317,0.9156475067138672,2,3HFM_HL_Y
"3HFM_YL50F,YY20A",6.226447,2.5191967487335205,2,3HFM_HL_Y
"3HFM_YL50A,KY96A",7.733495,2.6896896362304688,2,3HFM_HL_Y
"3HFM_YL50A,KY97A",7.322839,0.8943744897842407,2,3HFM_HL_Y
3HFM_KY97A,6.1699805,2.016987562179565,1,3HFM_HL_Y
3HFM_YH33A,6.037779,-1.610116481781006,1,3HFM_HL_Y
"3HFM_YH33A,KY97A",7.231512,0.20343554019927976,2,3HFM_HL_Y
3HFM_WH98F,3.2470155,0.4753537178039551,1,3HFM_HL_Y
"3HFM_WH98F,YY20A",6.2318087,2.5690834522247314,2,3HFM_HL_Y
3HFM_WH98A,5.513151,0.3233687877655029,1,3HFM_HL_Y
"3HFM_WH98A,KY96A",7.733495,2.965493321418762,2,3HFM_HL_Y
3HFM_DH32A,1.8990768,-0.8039522171020508,1,3HFM_HL_Y
"3HFM_DH32A,KY97A",4.5944967,0.6065176725387573,2,3HFM_HL_Y
"3HFM_DH32N,KY97A",4.893741,0.8140286207199096,2,3HFM_HL_Y
3HFM_DH32N,0.17043781,-0.3889303207397461,1,3HFM_HL_Y
"3HFM_DH32A,KY97M",1.1239525,0.23732078075408936,2,3HFM_HL_Y
"3HFM_DH32N,KY97M",0.30263966,0.4448317289352417,2,3HFM_HL_Y
3HFM_KY97M,1.0935637,1.2785937786102295,1,3HFM_HL_Y
3HFM_RY21A,1.0276679,1.4557147026062012,1,3HFM_HL_Y
3HFM_SH31A,0.17043781,-0.2019636631011963,1,3HFM_HL_Y
3HFM_YH50A,7.322839,0.9673538208007812,1,3HFM_HL_Y
"3HFM_YH50A,RY21A",7.944808,1.2115342617034912,2,3HFM_HL_Y
3HFM_QL53A,0.9535147,1.7593023777008057,1,3HFM_HL_Y
3HFM_YL96A,2.7082572,3.267610788345337,1,3HFM_HL_Y
"3HFM_YL96A,RY21A",5.759324,2.361662745475769,2,3HFM_HL_Y
"3HFM_YL96F,RY21A",4.1838403,1.2045165300369263,2,3HFM_HL_Y
3HFM_YL96F,1.402407,0.9533183574676514,1,3HFM_HL_Y
3HFM_YH53W,0.6948397,0.6965317726135254,1,3HFM_HL_Y
3HFM_YH53F,0.61053324,0.5025644302368164,1,3HFM_HL_Y
3HFM_YH53L,0.79392976,0.4145035743713379,1,3HFM_HL_Y
3HFM_YH53A,3.1981747,-1.16810941696167,1,3HFM_HL_Y
3HFM_YH33W,1.7214643,0.5701923370361328,1,3HFM_HL_Y
3HFM_YH33F,1.0540161,0.1561717987060547,1,3HFM_HL_Y
3HFM_YH33L,1.9747044,-0.7410802841186523,1,3HFM_HL_Y
3HFM_YH50F,1.584133,1.1602230072021484,1,3HFM_HL_Y
3HFM_YH50L,2.8030808,1.7401020526885986,1,3HFM_HL_Y
3HFM_YH58F,0.3572932,0.6328577995300293,1,3HFM_HL_Y
3HFM_YH58L,1.4893616,0.4325194358825683,1,3HFM_HL_Y
3HFM_YH58A,1.6491243,0.8081674575805664,1,3HFM_HL_Y
3HFM_DY101G,0.19934364,2.103792190551758,1,3HFM_HL_Y
3HFM_DY101A,1.2087328,2.455874443054199,1,3HFM_HL_Y
3HFM_DY101N,1.3409348,0.0284383296966552,1,3HFM_HL_Y
3HFM_DY101S,1.7124065,0.6724387407302856,1,3HFM_HL_Y
3HFM_DY101Q,1.9302658,3.4554872512817383,1,3HFM_HL_Y
3HFM_DY101R,2.1230628,3.4200477600097656,1,3HFM_HL_Y
3HFM_DY101E,1.9741712,3.416154384613037,1,3HFM_HL_Y
3HFM_DY101F,2.1704843,3.149280071258545,1,3HFM_HL_Y
3HFM_DY101K,1.9741712,4.1596856117248535,1,3HFM_HL_Y
3HFM_RY21W,1.9741712,2.177537441253662,1,3HFM_HL_Y
3HFM_RY21Q,2.2419508,-0.2863647937774658,1,3HFM_HL_Y
3HFM_RY21E,2.2935007,2.265913486480713,1,3HFM_HL_Y
3HFM_RY21G,2.2702644,1.551948070526123,1,3HFM_HL_Y
3HFM_RY21N,2.1704843,0.0843844413757324,1,3HFM_HL_Y
3HFM_RY21H,2.0150461,1.543541431427002,1,3HFM_HL_Y
3HFM_RY21K,1.6193893,0.4768834114074707,1,3HFM_HL_Y
3HFM_NY19K,0.24021861,2.6938157081604004,1,3HFM_HL_Y
3HFM_NY19Q,-0.042504817,2.932262420654297,1,3HFM_HL_Y
3HFM_NY19D,0.41065642,2.633103847503662,1,3HFM_HL_Y
3HFM_GY102V,0.24021861,3.983397483825684,1,3HFM_HL_Y
3HFM_RY21G,2.5760553,1.551948070526123,1,3HFM_HL_Y
3HFM_RY21A,0.82131284,1.4557147026062012,1,3HFM_HL_Y
3HFM_RY21N,2.4881237,0.0843844413757324,1,3HFM_HL_Y
3HFM_RY21E,2.6155667,2.265913486480713,1,3HFM_HL_Y
3HFM_RY21Q,2.5552654,-0.2863647937774658,1,3HFM_HL_Y
3HFM_RY21H,2.325533,1.543541431427002,1,3HFM_HL_Y
3HFM_RY21M,2.0508084,1.6157686710357666,1,3HFM_HL_Y
3HFM_RY21K,1.9148766,0.4768834114074707,1,3HFM_HL_Y
3HFM_RY21W,2.2935007,2.177537441253662,1,3HFM_HL_Y
3HFM_KY97G,6.4334354,2.6278560161590576,1,3HFM_HL_Y
3HFM_KY97A,5.5580816,2.016987562179565,1,3HFM_HL_Y
3HFM_KY97D,6.771456,2.53668475151062,1,3HFM_HL_Y
3HFM_KY97E,3.6061218,1.581660270690918,1,3HFM_HL_Y
3HFM_KY97M,0.8012278,1.2785937786102295,1,3HFM_HL_Y
3HFM_KY97R,3.0542183,0.0175391435623168,1,3HFM_HL_Y
3HFM_DY101G,0.5186732,2.103792190551758,1,3HFM_HL_Y
3HFM_DY101A,1.534609,2.455874443054199,1,3HFM_HL_Y
3HFM_DY101S,2.0280676,0.6724387407302856,1,3HFM_HL_Y
3HFM_DY101N,1.6426257,0.0284383296966552,1,3HFM_HL_Y
3HFM_DY101E,2.2935007,3.416154384613037,1,3HFM_HL_Y
3HFM_DY101Q,2.2419508,3.4554872512817383,1,3HFM_HL_Y
3HFM_DY101K,2.276811,4.1596856117248535,1,3HFM_HL_Y
3HFM_DY101F,2.4881237,3.149280071258545,1,3HFM_HL_Y
3HFM_DY101R,2.438724,3.4200477600097656,1,3HFM_HL_Y
3HFM_YY20F,-0.5046223,0.5278394818305969,1,3HFM_HL_Y
3HFM_KY96M,6.7799807,4.662070274353027,1,3HFM_HL_Y
3HFM_GY102V,0.55070543,3.983397483825684,1,3HFM_HL_Y
3HFM_HY15A,-0.4455166,0.595043420791626,1,3HFM_HL_Y
3HFM_YY20A,4.2734375,4.662813186645508,1,3HFM_HL_Y
3HFM_RY21A,0.8621878,1.4557147026062012,1,3HFM_HL_Y
3HFM_WY63A,0.31932956,2.984901428222656,1,3HFM_HL_Y
3HFM_RY73A,-0.33154547,1.1682589054107666,1,3HFM_HL_Y
3HFM_LY75A,0.70477146,1.9918270111083984,1,3HFM_HL_Y
3HFM_TY89A,0.0,2.175940752029419,1,3HFM_HL_Y
3HFM_NY93A,0.21131277,0.6071462631225586,1,3HFM_HL_Y
3HFM_KY96A,6.4893103,5.6076178550720215,1,3HFM_HL_Y
3HFM_IY98A,0.0,0.6775548458099365,1,3HFM_HL_Y
3HFM_SY100A,0.26777947,0.5132629871368408,1,3HFM_HL_Y
3HFM_DY101A,0.9535147,2.455874443054199,1,3HFM_HL_Y
3HFM_YY20F,-0.46374732,0.5278394818305969,1,3HFM_HL_Y
3HFM_YY20L,2.185484,3.4065051078796387,1,3HFM_HL_Y
3HFM_KY96R,5.3554,3.234717607498169,1,3HFM_HL_Y
"3HG1_SE50Y,VE51G,GE52P,IE53F",-1.5820304,3.300471901893616,4,3HG1_ABC_DE
"3HG1_SE50W,VE51G,GE52P,IE53F",-1.7748275,3.4066312313079834,4,3HG1_ABC_DE
"3HG1_SE50F,VE51G,GE52P,IE53Y",-2.0265505,3.1342408657073975,4,3HG1_ABC_DE
"3HG1_SE50Y,VE51G,GE52P,IE53Y",-1.7309221,3.3046592473983765,4,3HG1_ABC_DE
"3HG1_SE50Y,VE51G,GE52P,IE53F,TE100M,EE102G,LE103W,FE104Q",-1.4907035,1.445015460252762,8,3HG1_ABC_DE
"3HG1_SE50Y,VE51G,GE52P,IE53F,GE99N,TE100L,EE102G,LE103W",-2.8548746,2.1638860404491425,8,3HG1_ABC_DE
"3HG1_SE50W,VE51G,GE52P,IE53F,TE100M,EE102G,LE103W,FE104Q",-2.2953265,1.4980951249599455,8,3HG1_ABC_DE
"3HG1_SE50W,VE51G,GE52P,IE53F,GE99N,TE100L,EE102G,LE103W",-2.980065,2.2169657051563263,8,3HG1_ABC_DE
3HH2_VC15E,0.68439025,1.7695647478103638,1,3HH2_AB_C
3HH2_FC47E,0.71329606,2.386502265930176,1,3HH2_AB_C
3HH2_IC51E,0.8621878,1.8220486640930176,1,3HH2_AB_C
3HH2_FC52E,0.8165921,4.795997142791748,1,3HH2_AB_C
3HH2_FC47A,1.3253078,1.0903297662734983,1,3HH2_AB_C
3HH2_IC51A,0.71329606,2.067579746246338,1,3HH2_AB_C
3HH2_FC52A,1.2728442,3.648007392883301,1,3HH2_AB_C
"3IDX_WG13M,SG111T,WG200S,MG247A,CG14W,CG129V,CG27I,CG242Q",-1.8647987,1.9603889882564545,8,3IDX_HL_G
"3IDX_WG13M,MG247A,CG14W,CG129V,CG27I,CG242Q",-2.3490398,3.190578818321228,6,3IDX_HL_G
"3IDX_KG85C,EG122C,WG13M,MG247A,CG14W,CG129V,CG27I,CG242Q",-2.293745,3.0902708768844604,8,3IDX_HL_G
"3IDX_WG13M,MG247A,CG14W,CG129V",-0.647829,2.694495141506195,4,3IDX_HL_G
"3IDX_KG85C,EG121C,WG13M,MG247A,CG14W,CG129V,CG27I,CG242Q",-2.1932714,3.22535440325737,8,3IDX_HL_G
"3IDX_TG41C,GG245C,WG13M,MG247A,CG14W,CG129V,CG27I,CG242Q",-2.3321114,3.50838115811348,8,3IDX_HL_G
"3IDX_CG27I,CG242Q,MG247A",-2.1745908,2.602029244105021,3,3IDX_HL_G
"3IDX_CG27I,CG242Q",-2.4661415,4.182746171951294,2,3IDX_HL_G
"3IDX_WG13M,MG247A,CG14W,CG129V,KG85C,EG121C",-0.36182716,2.9062238136927285,6,3IDX_HL_G
"3IDX_KG85C,EG121C,CG27I,CG242Q",-2.378751,3.756213665008545,4,3IDX_HL_G
"3IDX_TG41C,GG245C,MG247A",0.4096376,2.788057247797648,3,3IDX_HL_G
3KBH_DA20A,0.8734072,0.0553586483001709,1,3KBH_A_E
3KBH_YA23A,1.8127912,2.569058895111084,1,3KBH_A_E
3KBH_YA23F,1.615894,0.2987166047096252,1,3KBH_A_E
3KBH_YE17A,0.100018255,3.918146133422852,1,3KBH_A_E
3KBH_SE54A,1.8573337,2.145427227020264,1,3KBH_A_E
3KBH_SE54T,2.4906719,2.30879545211792,1,3KBH_A_E
3KUD_KB30A,1.9539144,3.2184739112854004,1,3KUD_A_B
"3KUD_KB30A,FB6W",2.1677976,2.3622989654541016,2,3KUD_A_B
"3KUD_KB30A,VB33I",2.7589052,1.4787760972976685,2,3KUD_A_B
"3KUD_KB30A,NB16R",0.76658607,0.9312372207641602,2,3KUD_A_B
"3KUD_KB30A,FB6W,NB16R",1.2052376,1.122866153717041,3,3KUD_A_B
"3KUD_KB30A,FB6W,NB16R,VB33I",1.9539144,0.776919186115265,4,3KUD_A_B
"3KUD_KB30A,FB6W,RB12L,NB16R,VB33I",1.9666559,0.38458397388458254,5,3KUD_A_B
"3KUD_KB30A,FB6W,VB14E,NB16R,VB33I",3.9646518,0.9564465522766114,5,3KUD_A_B
"3KUD_KB30A,FB6W,RB12L,VB14E,NB16R,KB29R,VB33I",4.2063103,0.5640005554471698,7,3KUD_A_B
3KUD_NB16R,-0.79807645,-1.35599946975708,1,3KUD_A_B
"3KUD_KB30A,TA35A",3.0406604,3.9300148487091064,2,3KUD_A_B
"3KUD_KB30A,TA35A,NB16R",1.5169225,2.1680100758870444,3,3KUD_A_B
3KUD_TA35A,1.9913449,4.6415557861328125,1,3KUD_A_B
"3KUD_TA35A,NB16R",1.4893616,1.6427781581878662,2,3KUD_A_B
"3KUD_KB30A,YA32C,CA118S",2.897035,1.4964255491892497,3,3KUD_A_B
"3KUD_KB30A,YA32C,CA118S,NB16R",1.6597995,0.7833192944526672,4,3KUD_A_B
"3KUD_YA32C,CA118S",0.91014516,0.6354013681411743,2,3KUD_A_B
"3KUD_YA32C,CA118S,NB16R",-0.035917178,-0.028398911158243802,3,3KUD_A_B
"3L5X_HL91Q,NL92D,EL93L,YL94G",-1.7859313,2.650648772716522,4,3L5X_A_HL
"3L5X_NL92D,EL93W,YL94G",-1.6832762,3.0246551831563315,3,3L5X_A_HL
"3L5X_HL91Q,NL92D,EL93I,YL94G",-1.5510744,2.831527888774872,4,3L5X_A_HL
"3L5X_NL92E,EL93W,YL94G",-1.5510744,3.06429394086202,3,3L5X_A_HL
"3L5X_NL92D,EL93P,YL94G",-1.4706185,3.156746864318848,3,3L5X_A_HL
"3L5X_HL91Q,NL92D,EL93Y,YL94G",-1.4521028,2.720926821231842,4,3L5X_A_HL
"3L5X_NL92S,EL93W,YL94G",-1.2726197,2.7382351557413735,3,3L5X_A_HL
"3L5X_NL92E,EL93S,YL94G",-1.2659253,1.7351110776265461,3,3L5X_A_HL
"3L5X_NL92S,EL93H,YL94G",-1.2462842,2.589914004007975,3,3L5X_A_HL
"3L5X_NL92F,EL93W,YL94G",-1.2335428,2.7049765586853027,3,3L5X_A_HL
"3L5X_NL92D,EL93W,YL94E",-1.1968846,2.1472180684407554,3,3L5X_A_HL
"3L5X_NL92S,EL93Y,YL94G",-0.9646185,2.519564628601074,3,3L5X_A_HL
"3L5X_HL91P,NL92L,EL93D,YL94V",-0.8586067,2.800142765045166,4,3L5X_A_HL
"3L5X_NL92V,EL93W,YL94G",-0.8356278,3.6155074437459302,3,3L5X_A_HL
3L5X_YL94A,-0.82922286,2.913868904113769,1,3L5X_A_HL
"3L5X_NL92L,EL93M,YL94G",-0.82604617,3.1809631983439126,3,3L5X_A_HL
"3L5X_HL91P,NL92L,EL93D,YL94T",-0.8104133,2.758135199546814,4,3L5X_A_HL
"3L5X_NL92D,EL93Y,YL94A",-0.8073356,2.2714147567749023,3,3L5X_A_HL
"3L5X_NL92S,EL93I,YL94G",-0.8073356,2.6670327186584473,3,3L5X_A_HL
"3L5X_EL93H,YL94G",-0.76299185,4.0867226123809814,2,3L5X_A_HL
"3L5X_NL92D,EL93W,YL94S",-0.7164474,2.6020467281341553,3,3L5X_A_HL
"3L5X_NL92L,EL93N,YL94G",-0.6957483,3.123099168141683,3,3L5X_A_HL
"3L5X_NL92L,EL93D,YL94S",-0.68068516,2.335364659627279,3,3L5X_A_HL
"3L5X_HL91P,NL92I,EL93D,YL94A",-0.64695925,2.57062554359436,4,3L5X_A_HL
"3L5X_HL91P,NL92L,EL93D,YL94S",-0.63307303,2.5105658173561096,4,3L5X_A_HL
"3L5X_NL92L,EL93L,YL94G",-0.6262501,3.236177603403727,3,3L5X_A_HL
"3L5X_NL92L,EL93D,YL94S",-0.5539621,2.335364659627279,3,3L5X_A_HL
"3L5X_NL92D,EL93N,YL94S",-0.5342775,2.1765937010447183,3,3L5X_A_HL
"3L5X_NL92D,EL93R,YL94D",-0.5227732,2.3394248485565186,3,3L5X_A_HL
"3L5X_NL92S,EL93V,YL94G",-0.5171038,2.3270468711853027,3,3L5X_A_HL
"3L5X_NL92V,EL93G,YL94G",-0.46320736,3.3525180816650386,3,3L5X_A_HL
"3L5X_HL91P,NL92L,YL94A",-0.44461247,2.659095366795858,3,3L5X_A_HL
"3L5X_NL92D,EL93L,YL94G",-0.42982095,2.712280591328939,3,3L5X_A_HL
"3L5X_EL93F,YL94G",-0.42820004,4.120929718017578,2,3L5X_A_HL
"3L5X_NL92S,EL93W,YL94A",-0.3031637,2.203665256500244,3,3L5X_A_HL
"3L5X_NL92S,EL93S,YL94G",-0.24932429,1.4090522925059001,3,3L5X_A_HL
3LB6_IA10A,3.7231317,,1,3LB6_A_C
3LB6_KA100A,5.8144255,,1,3LB6_A_C
3LB6_KA101A,2.5452716,,1,3LB6_A_C
3LB6_FA103A,5.1173067,,1,3LB6_A_C
3LNZ_AB8N,1.1117365,1.005565881729126,1,3LNZ_A_B
3LZF_DA187E,0.49858814,-0.1808264255523681,1,3LZF_AB_HL
3LZF_DA222G,0.5380996,-1.13675856590271,1,3LZF_AB_HL
"3LZF_DA187E,DA222G",0.12744316,-0.658792495727539,2,3LZF_AB_HL
3M62_EA32A,0.82971656,0.7664520740509033,1,3M62_A_B
3M62_DA46A,2.800001,1.6034231185913086,1,3M62_A_B
3M62_LA50A,2.8292637,1.2371094226837158,1,3M62_A_B
3M62_TA54A,0.016689893,2.3558411598205566,1,3M62_A_B
3M62_EA55A,1.051574,-0.3341438770294189,1,3M62_A_B
3M62_RA98A,0.7886926,2.602938652038574,1,3M62_A_B
3M62_GA102A,1.2648917,5.492821216583252,1,3M62_A_B
3M62_YA103A,4.4772186,5.487845420837402,1,3M62_A_B
3M62_IA110A,1.8539385,2.7055938243865967,1,3M62_A_B
3M62_FB7A,0.9959674,0.1900372505187988,1,3M62_A_B
3M62_KB8A,0.49712712,1.451580047607422,1,3M62_A_B
3M62_IB43A,2.8837805,4.826509475708008,1,3M62_A_B
3M62_SB45A,1.2787393,0.5269808769226074,1,3M62_A_B
3M62_VB48A,1.0904373,3.4195809364318848,1,3M62_A_B
3M62_QB50A,1.0544361,2.9932124614715576,1,3M62_A_B
3M62_QB65A,0.28372085,0.570866584777832,1,3M62_A_B
3M62_VB67A,1.1381687,1.9865024089813232,1,3M62_A_B
3M62_MB69A,0.6811228,3.0928165912628174,1,3M62_A_B
3M63_EA33A,0.6463438,0.4838271141052246,1,3M63_A_B
3M63_DA46A,2.234206,1.3766460418701172,1,3M63_A_B
3M63_LA50A,0.57642084,-0.3750557899475097,1,3M63_A_B
3M63_TA54A,0.31137705,2.8369243144989014,1,3M63_A_B
3M63_EA55A,0.3463516,-0.0864317417144775,1,3M63_A_B
3M63_RA98A,-0.18529274,2.874652147293091,1,3M63_A_B
3M63_GA102A,0.12470666,3.7495076656341553,1,3M63_A_B
3M63_YA103A,3.6505766,5.10614538192749,1,3M63_A_B
3M63_VA106A,1.8389388,2.479050397872925,1,3M63_A_B
3M63_IA110A,1.0890924,2.995887041091919,1,3M63_A_B
3M63_FA113A,1.7915174,4.374340057373047,1,3M63_A_B
"3M63_GB8F,QB9K,SB65Q,HB67V,VB69M",0.18712771,1.1318962812423705,5,3M63_A_B
3MZG_HA33A,0.20430143,-1.159663438796997,1,3MZG_A_B
3MZG_HA33A,0.037430465,-1.159663438796997,1,3MZG_A_B
3MZG_HA33A,0.09897152,-1.159663438796997,1,3MZG_A_B
3MZG_HA33A,0.15346456,-1.159663438796997,1,3MZG_A_B
3MZG_HA33A,0.17804042,-1.159663438796997,1,3MZG_A_B
3MZG_HA33A,0.1668838,-1.159663438796997,1,3MZG_A_B
3MZG_HA46A,0.033863615,0.6378931999206543,1,3MZG_A_B
3MZG_HA46A,0.5680728,0.6378931999206543,1,3MZG_A_B
3MZG_HA46A,0.5623761,0.6378931999206543,1,3MZG_A_B
3MZG_HA46A,0.6047833,0.6378931999206543,1,3MZG_A_B
3MZG_HA46A,0.42363033,0.6378931999206543,1,3MZG_A_B
3MZG_HA46A,0.25973645,0.6378931999206543,1,3MZG_A_B
3MZG_HA84A,-0.062421046,0.2890686988830566,1,3MZG_A_B
3MZG_HA84A,0.0102149425,0.2890686988830566,1,3MZG_A_B
3MZG_HA84A,0.033075675,0.2890686988830566,1,3MZG_A_B
3MZG_HA84A,0.19054352,0.2890686988830566,1,3MZG_A_B
3MZG_HA84A,0.20338982,0.2890686988830566,1,3MZG_A_B
3MZG_HA84A,0.101365276,0.2890686988830566,1,3MZG_A_B
3MZG_HA125A,-0.39687786,0.8033947944641113,1,3MZG_A_B
3MZG_HA125A,-0.46173832,0.8033947944641113,1,3MZG_A_B
3MZG_HA125A,-0.15275137,0.8033947944641113,1,3MZG_A_B
3MZG_HA125A,0.05744243,0.8033947944641113,1,3MZG_A_B
3MZG_HA125A,0.1682476,0.8033947944641113,1,3MZG_A_B
3MZG_HA125A,0.09897152,0.8033947944641113,1,3MZG_A_B
3MZG_HA160A,0.1251905,0.1994111537933349,1,3MZG_A_B
3MZG_HA160A,1.0908461,0.1994111537933349,1,3MZG_A_B
3MZG_HA160A,1.216897,0.1994111537933349,1,3MZG_A_B
3MZG_HA160A,1.2081542,0.1994111537933349,1,3MZG_A_B
3MZG_HA160A,1.0331719,0.1994111537933349,1,3MZG_A_B
3MZG_HA160A,0.86764306,0.1994111537933349,1,3MZG_A_B
3MZG_HA182A,-0.2611351,2.3243985176086426,1,3MZG_A_B
3MZG_HA182A,0.36605144,2.3243985176086426,1,3MZG_A_B
3MZG_HA182A,0.6841716,2.3243985176086426,1,3MZG_A_B
3MZG_HA182A,0.6901731,2.3243985176086426,1,3MZG_A_B
3MZG_HA14A,-0.09132688,-0.921419620513916,1,3MZG_A_B
3MZG_HA14A,-0.14770088,-0.921419620513916,1,3MZG_A_B
3MZG_HA14A,-0.37473926,-0.921419620513916,1,3MZG_A_B
3MZG_HA14A,-0.1987515,-0.921419620513916,1,3MZG_A_B
3MZG_HA14A,-0.16787863,-0.921419620513916,1,3MZG_A_B
3MZG_HA14A,-0.07655175,-0.921419620513916,1,3MZG_A_B
3MZG_HA14A,0.1265324,-0.921419620513916,1,3MZG_A_B
3MZG_HA14A,0.12301635,-0.921419620513916,1,3MZG_A_B
3MZG_HA14A,0.29176867,-0.921419620513916,1,3MZG_A_B
3MZG_HA14A,0.3238009,-0.921419620513916,1,3MZG_A_B
3MZG_HA167A,-0.68627405,-1.2055680751800537,1,3MZG_A_B
3MZG_HA167A,0.734086,-1.2055680751800537,1,3MZG_A_B
3MZG_HA167A,1.6697221,-1.2055680751800537,1,3MZG_A_B
3MZG_HA167A,1.4450119,-1.2055680751800537,1,3MZG_A_B
3MZG_HA167A,1.481518,-1.2055680751800537,1,3MZG_A_B
3MZG_HA167A,1.8215219,-1.2055680751800537,1,3MZG_A_B
3MZG_HA167A,1.6300702,-1.2055680751800537,1,3MZG_A_B
3MZG_HA167A,1.6149025,-1.2055680751800537,1,3MZG_A_B
3MZG_HA167A,1.535409,-1.2055680751800537,1,3MZG_A_B
3MZG_HA17A,-0.8744038,-2.363980531692505,1,3MZG_A_B
3MZG_HA17A,-0.2971027,-2.363980531692505,1,3MZG_A_B
3MZG_HA17A,-0.22198787,-2.363980531692505,1,3MZG_A_B
3MZG_HA17A,0.09047991,-2.363980531692505,1,3MZG_A_B
3MZG_HA17A,0.28704792,-2.363980531692505,1,3MZG_A_B
3MZG_HA17A,0.28069448,-2.363980531692505,1,3MZG_A_B
3MZG_HA17A,0.28546593,-2.363980531692505,1,3MZG_A_B
3MZG_HA17A,0.36323497,-2.363980531692505,1,3MZG_A_B
3MZG_HA17A,0.38309553,-2.363980531692505,1,3MZG_A_B
3MZG_HA17A,0.3238009,-2.363980531692505,1,3MZG_A_B
3MZG_HB188A,-0.44731462,2.446021795272827,1,3MZG_A_B
3MZG_HB188A,1.0568107,2.446021795272827,1,3MZG_A_B
3MZG_HB188A,2.0351312,2.446021795272827,1,3MZG_A_B
3MZG_HB188A,1.9281298,2.446021795272827,1,3MZG_A_B
3MZG_HB188A,2.094157,2.446021795272827,1,3MZG_A_B
3MZG_HB188A,2.442555,2.446021795272827,1,3MZG_A_B
3MZG_HB188A,2.2926395,2.446021795272827,1,3MZG_A_B
3MZG_HB188A,2.3429003,2.446021795272827,1,3MZG_A_B
3MZG_HB188A,2.2499032,2.446021795272827,1,3MZG_A_B
3MZG_HA167A,0.26777947,-1.2055680751800537,1,3MZG_A_B
3MZG_HA167A,0.77655095,-1.2055680751800537,1,3MZG_A_B
3MZG_HA167A,1.0553277,-1.2055680751800537,1,3MZG_A_B
3MZG_HA167A,1.7124065,-1.2055680751800537,1,3MZG_A_B
3MZG_HA167A,2.0376904,-1.2055680751800537,1,3MZG_A_B
3MZG_HA167A,2.2031703,-1.2055680751800537,1,3MZG_A_B
3MZG_HA167A,2.0335617,-1.2055680751800537,1,3MZG_A_B
3MZG_HA167A,2.4553313,-1.2055680751800537,1,3MZG_A_B
3MZG_HA167A,2.2729511,-1.2055680751800537,1,3MZG_A_B
3MZG_HA167A,2.2118194,-1.2055680751800537,1,3MZG_A_B
"3MZG_HA167A,HB188A",-0.23726372,0.6202268600463867,2,3MZG_A_B
"3MZG_HA167A,HB188A",1.3352653,0.6202268600463867,2,3MZG_A_B
"3MZG_HA167A,HB188A",2.8023236,0.6202268600463867,2,3MZG_A_B
"3MZG_HA167A,HB188A",2.929169,0.6202268600463867,2,3MZG_A_B
"3MZG_HA167A,HB188A",3.3302264,0.6202268600463867,2,3MZG_A_B
"3MZG_HA167A,HB188A",3.4945364,0.6202268600463867,2,3MZG_A_B
"3MZG_HA167A,HB188A",3.4681423,0.6202268600463867,2,3MZG_A_B
"3MZG_HA167A,HB188A",3.3926997,0.6202268600463867,2,3MZG_A_B
"3MZG_HA167A,HB188A",3.3738556,0.6202268600463867,2,3MZG_A_B
3MZW_NB18T,-0.14522329,0.8343231678009033,1,3MZW_A_B
3MZW_NB18G,0.072635986,1.582134485244751,1,3MZW_A_B
3MZW_NB18A,0.025214529,1.6880919933319092,1,3MZW_A_B
"3MZW_NB1E,NB18T",0.38432088,0.228068470954895,2,3MZW_A_B
"3MZW_NB1A,NB18T",0.34248337,0.4634338617324829,2,3MZW_A_B
"3MZW_NB18T,AB49S",0.09499532,1.0391401052474976,2,3MZW_A_B
"3MZW_NB18T,AB37S,AB41S,AB49S",-0.11319105,1.012695074081421,4,3MZW_A_B
"3MZW_NB1A,NB18T,AB37S,AB41S,AB49S",0.025214529,0.8286649703979492,5,3MZW_A_B
"3MZW_NB1E,NB18T,AB37S,AB41S,AB49S",0.2816657,0.7345188140869139,5,3MZW_A_B
"3MZW_NB1A,NB18T,AB37S,AB41S,AB49S",-0.08280224,0.8286649703979492,5,3MZW_A_B
"3MZW_NB18T,SB28A",-0.21500409,-0.44451165199279785,2,3MZW_A_B
"3MZW_NB18T,SB28K",-0.21500409,0.36126506328582764,2,3MZW_A_B
"3MZW_NB18T,DB31A",0.7081218,0.1012512445449829,2,3MZW_A_B
"3MZW_NB18T,DB31K",1.2189478,-0.0616844892501831,2,3MZW_A_B
"3MZW_NB18T,DB32E",0.21388307,1.1143120527267456,2,3MZW_A_B
"3MZW_NB18T,EB42A",-0.33802044,0.25955891609191895,2,3MZW_A_B
"3MZW_NB18T,LB46T",-0.17908691,2.0735057592391968,2,3MZW_A_B
"3MZW_NB18T,LB46Y",-0.026335536,2.702794909477234,2,3MZW_A_B
"3MZW_NB18T,NB38E,AB49S",0.13733132,0.21277888615926108,3,3MZW_A_B
"3MZW_NB18T,AB37S,AB41S,LB46T",-0.14522329,1.5298779010772705,4,3MZW_A_B
"3MZW_NB18T,AB37S,AB41S,LB46Y",-0.053896412,1.844522476196289,4,3MZW_A_B
"3MZW_NB1A,NB18T,SB28K,AB37S,AB41S,AB49S",-0.21500409,0.671921968460083,6,3MZW_A_B
"3MZW_NB1A,NB18T,SB28K,DB31A,AB37S,AB41S,AB49S",0.4480869,0.4856730188642229,7,3MZW_A_B
"3MZW_NB1A,NB18T,SB28K,DB32E,AB37S,AB41S,AB49S",-0.67990965,0.7751189640590123,7,3MZW_A_B
"3MZW_NB1A,NB18T,SB28K,AB37S,NB38E,AB41S,AB49S",-0.25324005,0.37022689410618376,7,3MZW_A_B
"3MZW_NB1A,NB18T,SB28K,AB37S,NB38E,AB41S,AB49S",-0.14522329,0.37022689410618376,7,3MZW_A_B
"3MZW_NB1A,NB18T,SB28K,AB37S,AB41S,EB42A,AB49S",-0.3854419,0.5309037821633475,7,3MZW_A_B
"3MZW_NB1A,NB18T,SB28K,AB37S,AB41S,EB42A,AB49S",-0.08280224,0.5309037821633475,7,3MZW_A_B
"3MZW_NB1A,NB18T,SB28K,AB37S,NB38E,AB41S,AB49S",0.5680728,0.37022689410618376,7,3MZW_A_B
"3MZW_NB1A,NB18T,SB28K,AB37S,NB38E,AB41S,AB49S",0.7081218,0.37022689410618376,7,3MZW_A_B
3N06_AA14H,0.09132688,1.416003942489624,1,3N06_A_B
3N06_AA14H,0.14770088,1.416003942489624,1,3N06_A_B
3N06_AA14H,0.37473926,1.416003942489624,1,3N06_A_B
3N06_AA14H,0.1987515,1.416003942489624,1,3N06_A_B
3N06_AA14H,0.16787863,1.416003942489624,1,3N06_A_B
3N06_AA14H,0.07655175,1.416003942489624,1,3N06_A_B
3N06_AA14H,-0.1265324,1.416003942489624,1,3N06_A_B
3N06_AA14H,-0.12301635,1.416003942489624,1,3N06_A_B
3N06_AA14H,-0.29176867,1.416003942489624,1,3N06_A_B
3N06_AA14H,-0.3238009,1.416003942489624,1,3N06_A_B
3N0P_AA17H,0.8744038,4.780778884887695,1,3N0P_A_B
3N0P_AA17H,0.2971027,4.780778884887695,1,3N0P_A_B
3N0P_AA17H,0.22198787,4.780778884887695,1,3N0P_A_B
3N0P_AA17H,-0.09047991,4.780778884887695,1,3N0P_A_B
3N0P_AA17H,-0.28704792,4.780778884887695,1,3N0P_A_B
3N0P_AA17H,-0.28069448,4.780778884887695,1,3N0P_A_B
3N0P_AA17H,-0.28546593,4.780778884887695,1,3N0P_A_B
3N0P_AA17H,-0.36323497,4.780778884887695,1,3N0P_A_B
3N0P_AA17H,-0.38309553,4.780778884887695,1,3N0P_A_B
3N0P_AA17H,-0.3238009,4.780778884887695,1,3N0P_A_B
3N4I_EA79D,4.384282,-0.0614075660705566,1,3N4I_A_B
3N85_WL91F,0.13965416,-2.3918991088867188,1,3N85_A_LH
3N85_WL94Y,-0.038736146,-0.5850186347961426,1,3N85_A_LH
3N85_WH30K,-0.78495467,0.9608287811279296,1,3N85_A_LH
3N85_WH30R,-0.5542155,0.3632116317749023,1,3N85_A_LH
3N85_SH32Y,0.057148077,4.478242874145508,1,3N85_A_LH
3N85_SH32A,-0.13407966,0.2054800391197204,1,3N85_A_LH
3N85_SH50G,0.48788953,1.3266698122024536,1,3N85_A_LH
3N85_SH52Y,-0.78495467,0.7290754318237305,1,3N85_A_LH
3N85_WH100F,-0.015191909,0.601006031036377,1,3N85_A_LH
3N85_WH100F,-0.015191909,0.601006031036377,1,3N85_A_LH
3NCB_AA167H,0.68627405,1.9676899909973145,1,3NCB_A_B
3NCB_AA167H,-0.734086,1.9676899909973145,1,3NCB_A_B
3NCB_AA167H,-1.6697221,1.9676899909973145,1,3NCB_A_B
3NCB_AA167H,-1.4450119,1.9676899909973145,1,3NCB_A_B
3NCB_AA167H,-1.481518,1.9676899909973145,1,3NCB_A_B
3NCB_AA167H,-1.8215219,1.9676899909973145,1,3NCB_A_B
3NCB_AA167H,-1.6300702,1.9676899909973145,1,3NCB_A_B
3NCB_AA167H,-1.6149025,1.9676899909973145,1,3NCB_A_B
3NCB_AA167H,-1.535409,1.9676899909973145,1,3NCB_A_B
3NCB_AA167H,-0.26777947,1.9676899909973145,1,3NCB_A_B
3NCB_AA167H,-0.77655095,1.9676899909973145,1,3NCB_A_B
3NCB_AA167H,-1.0553277,1.9676899909973145,1,3NCB_A_B
3NCB_AA167H,-1.7124065,1.9676899909973145,1,3NCB_A_B
3NCB_AA167H,-2.0376904,1.9676899909973145,1,3NCB_A_B
3NCB_AA167H,-2.2031703,1.9676899909973145,1,3NCB_A_B
3NCB_AA167H,-2.0335617,1.9676899909973145,1,3NCB_A_B
3NCB_AA167H,-2.4553313,1.9676899909973145,1,3NCB_A_B
3NCB_AA167H,-2.2729511,1.9676899909973145,1,3NCB_A_B
3NCB_AA167H,-2.2118194,1.9676899909973145,1,3NCB_A_B
3NCC_AB188H,0.44731462,-2.2952959537506104,1,3NCC_A_B
3NCC_AB188H,-1.0568107,-2.2952959537506104,1,3NCC_A_B
3NCC_AB188H,-2.0351312,-2.2952959537506104,1,3NCC_A_B
3NCC_AB188H,-1.9281298,-2.2952959537506104,1,3NCC_A_B
3NCC_AB188H,-2.094157,-2.2952959537506104,1,3NCC_A_B
3NCC_AB188H,-2.442555,-2.2952959537506104,1,3NCC_A_B
3NCC_AB188H,-2.2926395,-2.2952959537506104,1,3NCC_A_B
3NCC_AB188H,-2.3429003,-2.2952959537506104,1,3NCC_A_B
3NCC_AB188H,-2.2499032,-2.2952959537506104,1,3NCC_A_B
3NGB_TH33Y,0.084231555,5.099665641784668,1,3NGB_HL_G
3NGB_GH55S,0.74337626,1.3590610027313232,1,3NGB_HL_G
3NGB_AH57G,-0.056055423,2.0769317150115967,1,3NGB_HL_G
3NGB_VH58T,0.13793397,-0.5576155185699463,1,3NGB_HL_G
3NGB_PH63K,0.23262739,-0.6720749139785767,1,3NGB_HL_G
3NGB_VH74T,0.1650131,1.3728607892990112,1,3NGB_HL_G
3NGB_YH75S,0.33271983,-1.5052902698516846,1,3NGB_HL_G
3NGB_IH30T,0.073426664,-3.562558889389038,1,3NGB_HL_G
3NGB_KH52N,0.17504837,-0.6379073858261108,1,3NGB_HL_G
3NGB_RH54N,0.046471257,2.085165023803711,1,3NGB_HL_G
3NGB_RH62Q,0.09659315,-0.766972541809082,1,3NGB_HL_G
3NGB_YL26S,0.65156037,-1.6964516639709473,1,3NGB_HL_G
"3NGB_AH57G,VH58T,PH63K,VH74T",1.6741705,0.5550255179405212,4,3NGB_HL_G
"3NGB_TH33Y,GH56S,AH57G,VH58T,PH63K,VH74T,YH75S",1.9390616,1.4489311490740096,7,3NGB_HL_G
"3NGB_IH30T,KH52N,RH54N,GH55S,AH57G,VH58T,RH62Q,PH63K,VH74T,YH75S,YL26S",0.8625306,-0.22771387750452218,11,3NGB_HL_G
"3NGB_CH32S,CH102A",0.2591139,0.5092573165893555,2,3NGB_HL_G
3NGB_IH30A,-0.0026991025,-0.8347375392913818,1,3NGB_HL_G
3NGB_TH33A,0.69580543,4.800949096679688,1,3NGB_HL_G
3NGB_WH47A,1.1828623,2.5217576026916504,1,3NGB_HL_G
3NGB_WH50A,1.2710462,2.9848012924194336,1,3NGB_HL_G
3NGB_KH52A,0.6128784,1.6875698566436768,1,3NGB_HL_G
3NGB_RH54A,-0.2552182,0.7119522094726562,1,3NGB_HL_G
3NGB_GH55A,-1.2561543,0.8297832012176514,1,3NGB_HL_G
3NGB_GH56A,1.2452834,4.757933616638184,1,3NGB_HL_G
3NGB_VH58A,1.3366102,2.755338191986084,1,3NGB_HL_G
3NGB_NH59A,1.738742,3.1172919273376465,1,3NGB_HL_G
3NGB_YH60A,0.53961784,1.620195388793945,1,3NGB_HL_G
3NGB_RH62A,0.97985023,0.436347484588623,1,3NGB_HL_G
3NGB_PH63A,-0.041837517,0.0959324836730957,1,3NGB_HL_G
3NGB_QH65A,-0.3349213,1.9349470138549805,1,3NGB_HL_G
3NGB_MH70A,0.5220299,2.975195407867432,1,3NGB_HL_G
3NGB_RH72A,1.6168255,-2.297156810760498,1,3NGB_HL_G
3NGB_VH74A,1.0704406,0.8177130222320557,1,3NGB_HL_G
3NGB_YH75A,-0.19612087,-1.6895008087158203,1,3NGB_HL_G
3NGB_DH103A,0.05890981,2.422954559326172,1,3NGB_HL_G
3NGB_YH104A,1.4007215,0.3512229919433594,1,3NGB_HL_G
3NGB_NH105A,1.1006083,2.5021588802337646,1,3NGB_HL_G
3NGB_WH106A,4.3908286,-0.2970995903015136,1,3NGB_HL_G
3NGB_VL1A,-0.760942,0.0419948101043701,1,3NGB_HL_G
3NGB_QL25A,-0.22690453,0.5685791969299316,1,3NGB_HL_G
3NGB_YL26A,0.9694561,-0.4304256439208984,1,3NGB_HL_G
3NGB_SL28A,-0.14238751,0.9821779727935792,1,3NGB_HL_G
3NGB_YL87A,1.9902998,2.4205238819122314,1,3NGB_HL_G
3NGB_EL88A,1.2987503,1.2277268171310425,1,3NGB_HL_G
3NGB_FL89A,0.8450669,1.4415221214294434,1,3NGB_HL_G
3NPS_QA23A,0.026335536,2.49657678604126,1,3NPS_A_BC
3NPS_IA26A,0.6418298,2.447948694229126,1,3NPS_A_BC
3NPS_IA45A,-0.3319664,2.823556900024414,1,3NPS_A_BC
3NPS_DA46A,0.34013882,1.585277080535889,1,3NPS_A_BC
3NPS_DA47A,1.0679485,4.378828525543213,1,3NPS_A_BC
3NPS_RA48A,-1.0632169,-1.4090147018432615,1,3NPS_A_BC
3NPS_FA50A,0.21966907,5.523004531860352,1,3NPS_A_BC
3NPS_RA51A,0.13823023,0.8895754814147949,1,3NPS_A_BC
3NPS_YA52A,0.45209214,3.086820363998413,1,3NPS_A_BC
3NPS_RA82A,-0.1516633,-0.735002875328064,1,3NPS_A_BC
3NPS_FA89A,1.572108,5.01106071472168,1,3NPS_A_BC
3NPS_NA90A,0.2535327,4.66955041885376,1,3NPS_A_BC
3NPS_DA91A,1.5077089,-0.3041889667510986,1,3NPS_A_BC
3NPS_FA92A,0.46374732,1.337777614593506,1,3NPS_A_BC
3NPS_TA93A,0.7241365,5.169342994689941,1,3NPS_A_BC
3NPS_HA138A,1.8759315,0.2171907424926757,1,3NPS_A_BC
3NPS_QA140A,0.2958687,-1.63924241065979,1,3NPS_A_BC
3NPS_YA141A,1.7756685,2.841425895690918,1,3NPS_A_BC
3NPS_TA144A,0.17504837,0.6802345514297485,1,3NPS_A_BC
3NPS_LA147A,0.2958687,-1.333178997039795,1,3NPS_A_BC
3NPS_EA163A,0.6156237,-0.3462018966674804,1,3NPS_A_BC
3NPS_QA168A,-0.059250355,-0.2048940658569336,1,3NPS_A_BC
3NPS_QA169A,0.74123937,2.793623447418213,1,3NPS_A_BC
3NPS_DA214A,1.4673998,1.7230463027954102,1,3NPS_A_BC
3NPS_QA218A,-0.040935077,1.1333460807800293,1,3NPS_A_BC
3NPS_RA219A,-0.083939426,-1.436288833618164,1,3NPS_A_BC
3NPS_KA221A,-0.10365678,4.099398612976074,1,3NPS_A_BC
3NVN_RA193E,2.4865458,0.5306305885314941,1,3NVN_B_A
3NVN_RB186S,1.2686275,2.9995040893554688,1,3NVN_B_A
3NVQ_RA157E,1.5458552,4.560490608215332,1,3NVQ_B_A
3NVQ_RA159E,1.5608547,1.4816607236862185,1,3NVQ_B_A
3PWP_GC2L,-0.63418514,-4.316779136657715,1,3PWP_ABC_DE
"3PWP_GC2L,IC9V",-0.38579464,-2.1555315256118774,2,3PWP_ABC_DE
3Q3J_YB100F,0.21131277,0.1579110622406005,1,3Q3J_A_B
3Q8D_RA202A,0.45807788,-0.6430699825286865,1,3Q8D_A_E
3Q8D_RA202E,1.3835975,0.3380699157714844,1,3Q8D_A_E
3Q8D_RA209A,1.3232962,1.2917065620422363,1,3Q8D_A_E
3Q8D_RA209E,3.0309818,1.0424540042877195,1,3Q8D_A_E
3Q8D_FA227A,0.30263966,-1.3249404430389404,1,3Q8D_A_E
3Q8D_FA227D,3.0309818,3.3671905994415283,1,3Q8D_A_E
3Q8D_RA228A,0.35910636,1.3696900606155396,1,3Q8D_A_E
3Q8D_RA228E,1.2067547,0.6545068025588989,1,3Q8D_A_E
3Q8D_RA131A,3.0309818,0.2241287231445312,1,3Q8D_A_E
3Q8D_RA97A,0.45807788,3.7873940467834473,1,3Q8D_A_E
3Q8D_RA12A,0.35910636,0.917384386062622,1,3Q8D_A_E
3QDG_DD26W,-1.5622689,3.758055210113525,1,3QDG_ABC_DE
3QDG_DD26Y,-1.7938383,2.458269596099853,1,3QDG_ABC_DE
3QDG_RD27W,0.59648347,2.3066883087158203,1,3QDG_ABC_DE
3QDG_LE95W,-0.7029923,3.5937790870666504,1,3QDG_ABC_DE
3QDG_FE97W,0.9345039,1.180138111114502,1,3QDG_ABC_DE
3QDG_TE99F,-0.038651876,2.5500283241271973,1,3QDG_ABC_DE
3QDG_GD28I,0.86633086,2.101059436798096,1,3QDG_ABC_DE
3QDG_GD28L,1.3886056,0.6520419120788574,1,3QDG_ABC_DE
3QDG_GD28Y,1.5025767,-1.2010608911514282,1,3QDG_ABC_DE
3QDG_RD27P,0.13840558,-1.0920205116271973,1,3QDG_ABC_DE
3QDG_GD28P,1.0919203,2.406149387359619,1,3QDG_ABC_DE
3QDG_AE52P,-0.06589585,-1.0865590572357178,1,3QDG_ABC_DE
3QDG_GD28N,0.8517017,-1.1908475160598757,1,3QDG_ABC_DE
3QDG_FE97Y,1.39456,0.0738139152526855,1,3QDG_ABC_DE
"3QDG_DD26W,LE95W",-3.3547828,3.675917148590088,2,3QDG_ABC_DE
"3QDG_DD26Y,LE95W",-3.5434513,3.026024341583252,2,3QDG_ABC_DE
3QDJ_DD26W,-2.1718638,3.3493998050689697,1,3QDJ_ABC_DE
3QDJ_DD26Y,-1.3372369,1.6577436923980713,1,3QDJ_ABC_DE
3QDJ_RD27W,0.21679848,2.10401463508606,1,3QDJ_ABC_DE
3QDJ_LE95W,-0.80769265,3.4804229736328125,1,3QDJ_ABC_DE
3QDJ_FE97W,0.38962042,1.2339496612548828,1,3QDJ_ABC_DE
3QDJ_TE99F,-0.27570537,1.1149524450302124,1,3QDJ_ABC_DE
3QDJ_GD28I,-0.10526757,1.2782914638519287,1,3QDJ_ABC_DE
3QDJ_GD28L,0.65545,0.4296700954437256,1,3QDJ_ABC_DE
3QDJ_GD28Y,0.55647844,-2.467888832092285,1,3QDJ_ABC_DE
3QDJ_RD27P,0.03995572,-1.5449867248535156,1,3QDJ_ABC_DE
3QDJ_GD28P,1.22504,1.8190219402313232,1,3QDJ_ABC_DE
3QDJ_AE52P,0.2071649,0.2127313613891601,1,3QDJ_ABC_DE
3QDJ_GD28N,0.41065642,-2.003878593444824,1,3QDJ_ABC_DE
3QDJ_FE97Y,0.77846634,0.2891421318054199,1,3QDJ_ABC_DE
"3QDJ_DD26W,LE95W",-2.53097,3.414911389350891,2,3QDJ_ABC_DE
"3QDJ_DD26Y,LE95W",-1.9139587,2.569083333015442,2,3QDJ_ABC_DE
3QDJ_AC2L,2.2999992,-0.7574574947357178,1,3QDJ_ABC_DE
3QFJ_FC5Y,-0.17043781,0.7135107517242432,1,3QFJ_ABC_DE
3QHY_NB10A,2.2552648,-1.0075325965881348,1,3QHY_A_B
3QHY_DB12A,2.2552648,-1.8475277423858645,1,3QHY_A_B
3QHY_WB13A,2.8636954,3.655080556869507,1,3QHY_A_B
3QHY_TB17A,0.056466706,2.278050184249878,1,3QHY_A_B
3QHY_YB33A,2.9032068,1.0258049964904783,1,3QHY_A_B
3QHY_FB34A,3.9844966,1.671955108642578,1,3QHY_A_B
3QHY_LB51A,0.81635505,5.114826679229736,1,3QHY_A_B
3QHY_NB72A,1.6057048,0.1486475467681884,1,3QHY_A_B
3QHY_YB73A,0.8012278,0.5902068614959717,1,3QHY_A_B
3QHY_DB91A,1.8893908,1.039241075515747,1,3QHY_A_B
3QHY_WB112A,3.7898736,0.5054311752319336,1,3QHY_A_B
3QHY_DB127A,0.38026762,1.873069643974304,1,3QHY_A_B
3QHY_SB129A,-0.08478038,1.2151225805282593,1,3QHY_A_B
3QHY_DB130A,0.9613618,2.8883063793182373,1,3QHY_A_B
3QHY_YB151A,3.4235926,1.4777003526687622,1,3QHY_A_B
3QHY_DB166A,3.498105,3.713939905166626,1,3QHY_A_B
3QHY_YB168A,1.7433984,-0.392148494720459,1,3QHY_A_B
3QHY_FB169A,2.0624676,2.9602746963500977,1,3QHY_A_B
3QHY_IB189A,3.067735,-3.735501766204834,1,3QHY_A_B
3QHY_FB190A,3.0754795,2.3295812606811523,1,3QHY_A_B
3QHY_YB208A,0.24021861,3.196991443634033,1,3QHY_A_B
3QHY_EB228A,3.0129364,0.3833019733428955,1,3QHY_A_B
3QHY_WB229A,5.4324994,3.4011120796203613,1,3QHY_A_B
3QHY_RB246A,0.5349058,0.0095117092132568,1,3QHY_A_B
3QHY_NB264A,2.6958709,0.7097747325897217,1,3QHY_A_B
3QIB_RC89P,-0.11936844,-4.185636043548584,1,3QIB_ABP_CD
3QIB_NC94P,0.78681296,1.5350055694580078,1,3QIB_ABP_CD
3QIB_LD95P,-0.3697238,1.05543851852417,1,3QIB_ABP_CD
3QIB_QA57A,0.2648344,1.188066005706787,1,3QIB_ABP_CD
3QIB_AA61G,0.8922893,1.1595442295074463,1,3QIB_ABP_CD
3QIB_AA64G,0.6100001,1.2562150955200195,1,3QIB_ABP_CD
3QIB_KA67A,0.56609464,-0.3299818038940429,1,3QIB_ABP_CD
3QIB_AA68G,0.8450669,2.257378101348877,1,3QIB_ABP_CD
3QIB_EA75A,0.0,-0.9185134172439576,1,3QIB_ABP_CD
3QIB_EB57A,0.0,1.7298121452331543,1,3QIB_ABP_CD
3QIB_SB61A,0.026335536,-1.726783275604248,1,3QIB_ABP_CD
3QIB_QB62A,1.7639565,3.2120814323425293,1,3QIB_ABP_CD
3QIB_EB64A,1.2128121,0.9048306941986084,1,3QIB_ABP_CD
3QIB_EB67A,1.8214198,-1.1857590675354004,1,3QIB_ABP_CD
3QIB_AB71G,2.204041,4.776132583618164,1,3QIB_ABP_CD
3QIB_DB74A,0.8629055,2.8095545768737797,1,3QIB_ABP_CD
3QIB_TB75A,0.7498466,0.992159366607666,1,3QIB_ABP_CD
3QIB_HB79A,0.051550064,1.548861742019653,1,3QIB_ABP_CD
"3QIB_KA67A,EB64A",1.507048,0.2874244451522827,2,3QIB_ABP_CD
3QIB_YP6A,3.1389987,4.188826560974121,1,3QIB_ABP_CD
3QIB_YP6F,0.10801677,1.116358518600464,1,3QIB_ABP_CD
3QIB_KP8A,3.1389987,2.6283063888549805,1,3QIB_ABP_CD
3QIB_KP8R,2.237034,-2.2942354679107666,1,3QIB_ABP_CD
3QIB_TP11A,3.1389987,4.840167999267578,1,3QIB_ABP_CD
3QIB_TP11S,1.0757226,2.680819511413574,1,3QIB_ABP_CD
3QIB_TP11N,1.2238348,4.123442649841309,1,3QIB_ABP_CD
"3QIB_YP6F,TP11S",1.2169697,1.898589015007019,2,3QIB_ABP_CD
3R9A_AA323W,0.33875594,,1,3R9A_AC_B
3R9A_YA325A,1.01458,,1,3R9A_AC_B
3R9A_YA325W,0.48231503,,1,3R9A_AC_B
3R9A_VA331D,0.0,,1,3R9A_AC_B
3R9A_GA165R,0.048722126,,1,3R9A_AC_B
3RF3_AC8K,1.7292318,4.868929862976074,1,3RF3_A_C
3S9D_SA18A,-0.21131277,-0.3428637981414795,1,3S9D_A_B
3S9D_LA19A,1.0099814,0.5622621774673462,1,3S9D_A_B
3S9D_FA20A,0.5186732,-1.882340431213379,1,3S9D_A_B
3S9D_SA21A,0.0,1.408087968826294,1,3S9D_A_B
3S9D_LA23A,3.6818569,0.1319363117218017,1,3S9D_A_B
3S9D_KA24A,0.49345866,0.2948644161224365,1,3S9D_A_B
3S9D_DA25A,0.38026762,0.7798357009887695,1,3S9D_A_B
3S9D_RA26A,3.6818569,0.6794049739837646,1,3S9D_A_B
3S9D_HA27A,0.41065642,0.7975764274597168,1,3S9D_A_B
3S9D_DA28A,0.24021861,4.338191986083984,1,3S9D_A_B
3S9D_EA34A,0.0,1.5910634994506836,1,3S9D_A_B
3S9D_KA92A,0.10801677,-0.1023941040039062,1,3S9D_A_B
3S9D_RA96A,0.34823537,1.7635470628738403,1,3S9D_A_B
3S9D_LA99A,-0.062421046,-1.1962804794311523,1,3S9D_A_B
3S9D_KA102A,0.27845457,1.5631126165390017,1,3S9D_A_B
3S9D_EA103A,-0.13220184,1.442152500152588,1,3S9D_A_B
3S9D_KA104A,0.7751244,3.455242395401001,1,3S9D_A_B
3S9D_KA105A,0.056466706,2.157877922058105,1,3S9D_A_B
3S9D_TB33A,1.5196093,3.469393253326416,1,3S9D_A_B
3S9D_MB35A,3.6818569,0.8576922416687012,1,3S9D_A_B
3S9D_SB36A,0.46712312,2.008474826812744,1,3S9D_A_B
3S9D_KB37A,0.31437176,1.4340412616729736,1,3S9D_A_B
3S9D_EB39R,0.65087503,2.182805299758911,1,3S9D_A_B
3S9D_EB39A,0.19934364,2.1040914058685303,1,3S9D_A_B
3S9D_KB42A,0.38026762,2.937443494796753,1,3S9D_A_B
3S9D_WB61F,0.72502816,1.4583067893981934,1,3S9D_A_B
3S9D_SB63A,0.31437176,4.518240451812744,1,3S9D_A_B
3S9D_HB65A,0.63079,2.415842056274414,1,3S9D_A_B
3S9D_NB85A,-0.21131277,-0.6737504005432129,1,3S9D_A_B
3S9D_WB87A,0.7422019,3.039466619491577,1,3S9D_A_B
3S9D_DB121R,-0.062421046,2.4199137687683105,1,3S9D_A_B
3S9D_LA8A,1.2793907,3.8628666400909424,1,3S9D_A_B
3S9D_MA9A,0.12424935,-1.714691162109375,1,3S9D_A_B
3S9D_RA15A,0.17043781,1.2882356643676758,1,3S9D_A_B
3S9D_RA16A,0.35910636,2.5453789234161377,1,3S9D_A_B
3S9D_IA17A,-0.13220184,3.3576865196228027,1,3S9D_A_B
3S9D_SA18A,-0.08478038,-0.3428637981414795,1,3S9D_A_B
3S9D_LA19A,1.0241725,0.5622621774673462,1,3S9D_A_B
3S9D_FA20A,0.8998063,-1.882340431213379,1,3S9D_A_B
3S9D_LA23A,3.75601,0.1319363117218017,1,3S9D_A_B
3S9D_LA23V,2.6412787,-0.0202933549880981,1,3S9D_A_B
3S9D_KA24A,0.65087503,0.2948644161224365,1,3S9D_A_B
3S9D_DA25A,0.63079,0.7798357009887695,1,3S9D_A_B
3S9D_RA26K,4.6736073,1.1628668308258057,1,3S9D_A_B
3S9D_RA26A,5.4179215,0.6794049739837646,1,3S9D_A_B
3S9D_RA26Q,6.082001,1.0649805068969729,1,3S9D_A_B
3S9D_HA27A,0.5736419,0.7975764274597168,1,3S9D_A_B
3S9D_DA28A,0.25324005,4.338191986083984,1,3S9D_A_B
3S9D_QA33A,0.019426396,-1.5539255142211914,1,3S9D_A_B
3S9D_RA96A,0.0,1.7635470628738403,1,3S9D_A_B
3S9D_KA102A,0.43008283,1.5631126165390017,1,3S9D_A_B
3S9D_EA103A,-0.21131277,1.442152500152588,1,3S9D_A_B
3S9D_KA104A,1.2793907,3.455242395401001,1,3S9D_A_B
3S9D_KA105A,0.140049,2.157877922058105,1,3S9D_A_B
3S9D_RA115A,2.185484,4.12150764465332,1,3S9D_A_B
3S9D_AA116G,2.0774672,2.637403011322021,1,3S9D_A_B
3S9D_AA116M,1.0582309,2.96511173248291,1,3S9D_A_B
3S9D_MA119A,2.2893722,2.7479488849639893,1,3S9D_A_B
3S9D_RA120A,3.0743792,1.011338233947754,1,3S9D_A_B
3S9D_SA123A,0.9041151,0.8313919305801392,1,3S9D_A_B
3S9D_LA124A,1.3358574,0.8692255020141602,1,3S9D_A_B
3S9D_NA127A,-0.08478038,0.1120853424072265,1,3S9D_A_B
3S9D_QA48A,0.0,-0.4733071327209472,1,3S9D_A_B
3S9D_FA50A,0.17043781,-0.8972682952880859,1,3S9D_A_B
3S9D_NA51A,0.0,-0.7978436946868896,1,3S9D_A_B
3S9D_SA54A,0.0,2.8796634674072266,1,3S9D_A_B
3S9D_TA55A,0.0,5.334972381591797,1,3S9D_A_B
3S9D_KA56A,0.0,-0.3541271686553955,1,3S9D_A_B
3S9D_SA59A,0.17043781,-1.167144536972046,1,3S9D_A_B
3S9D_TA65A,0.17043781,-0.0457334518432617,1,3S9D_A_B
3S9D_LA66A,0.30263966,4.602095603942871,1,3S9D_A_B
3S9D_KA69A,0.0,0.9275624752044678,1,3S9D_A_B
3S9D_YA71A,0.30263966,1.6984050273895264,1,3S9D_A_B
3S9D_TA72A,0.17043781,-0.6940515041351318,1,3S9D_A_B
3S9D_YA75A,0.30263966,-1.5971274375915527,1,3S9D_A_B
3S9D_QA76A,0.17043781,-0.1960117816925048,1,3S9D_A_B
3S9D_NA79A,0.17043781,-0.6389853954315186,1,3S9D_A_B
3S9D_EA82A,0.17043781,0.2926321029663086,1,3S9D_A_B
"3S9D_AA43H,AA44E,AA47Q",-0.017426314,-0.2762759526570638,3,3S9D_A_B
"3S9D_AA43Y,AA44N,AA47S",-0.19081901,-0.06975690523783364,3,3S9D_A_B
"3S9D_AA43H,AA44E,AA47Q",0.0,-0.2762759526570638,3,3S9D_A_B
3S9D_RA5A,0.62187046,1.1963350772857666,1,3S9D_A_B
3S9D_LA8A,1.3641711,3.8628666400909424,1,3S9D_A_B
3S9D_MA9A,0.0,-1.714691162109375,1,3S9D_A_B
3S9D_AA12W,-0.18106504,-0.2859971523284912,1,3S9D_A_B
3S9D_RA15A,0.22013357,1.2882356643676758,1,3S9D_A_B
3S9D_RA16A,0.09638339,2.5453789234161377,1,3S9D_A_B
3S9D_IA17A,-0.08250609,3.3576865196228027,1,3S9D_A_B
3S9D_SA18A,0.0,-0.3428637981414795,1,3S9D_A_B
3S9D_LA19A,0.89546597,0.5622621774673462,1,3S9D_A_B
3S9D_FA20A,0.71329606,-1.882340431213379,1,3S9D_A_B
3S9D_LA23A,3.9376671,0.1319363117218017,1,3S9D_A_B
3S9D_LA23V,2.2329054,-0.0202933549880981,1,3S9D_A_B
3S9D_KA24A,0.71329606,0.2948644161224365,1,3S9D_A_B
3S9D_DA25A,0.925201,0.7798357009887695,1,3S9D_A_B
3S9D_RA26A,6.2779975,0.6794049739837646,1,3S9D_A_B
3S9D_RA26K,4.5031695,1.1628668308258057,1,3S9D_A_B
3S9D_HA27A,0.6389059,0.7975764274597168,1,3S9D_A_B
3S9D_DA28A,0.41065642,4.338191986083984,1,3S9D_A_B
3S9D_RA91K,0.03078365,-0.6246263980865479,1,3S9D_A_B
3S9D_KA92A,-0.07798353,-0.1023941040039062,1,3S9D_A_B
3S9D_RA96A,0.2833712,1.7635470628738403,1,3S9D_A_B
3S9D_KA102A,0.0,1.5631126165390017,1,3S9D_A_B
3S9D_EA103A,-0.16519484,1.442152500152588,1,3S9D_A_B
3S9D_KA104A,0.21190493,3.455242395401001,1,3S9D_A_B
3S9D_KA105A,0.19509666,2.157877922058105,1,3S9D_A_B
3S9D_RA115A,2.0774672,4.12150764465332,1,3S9D_A_B
3S9D_AA116M,1.0872943,2.96511173248291,1,3S9D_A_B
3S9D_AA116G,2.0774672,2.637403011322021,1,3S9D_A_B
3S9D_MA119A,2.0774672,2.7479488849639893,1,3S9D_A_B
3S9D_RA120A,2.7283423,1.011338233947754,1,3S9D_A_B
3S9D_SA123A,1.3641711,0.8313919305801392,1,3S9D_A_B
3S9D_LA124A,1.3641711,0.8692255020141602,1,3S9D_A_B
3S9D_NA127A,0.0,0.1120853424072265,1,3S9D_A_B
3S9D_EB17R,0.0,1.0406601428985596,1,3S9D_A_B
3S9D_YB32A,1.3082966,3.8845536708831783,1,3S9D_A_B
3S9D_TB33A,1.6668108,3.469393253326416,1,3S9D_A_B
3S9D_IB34A,1.7748275,3.6551108360290527,1,3S9D_A_B
3S9D_MB35A,2.3176858,0.8576922416687012,1,3S9D_A_B
3S9D_MB35V,1.8240691,1.1767582893371582,1,3S9D_A_B
3S9D_SB36A,0.54285824,2.008474826812744,1,3S9D_A_B
3S9D_KB37A,0.69402766,1.4340412616729736,1,3S9D_A_B
3S9D_EB39A,0.21190493,2.1040914058685303,1,3S9D_A_B
3S9D_DB40A,0.0,-0.5368266105651855,1,3S9D_A_B
3S9D_KB42A,0.58918494,2.937443494796753,1,3S9D_A_B
3S9D_RB62A,0.17043781,2.6735763549804688,1,3S9D_A_B
3S9D_SB63A,0.2734968,4.518240451812744,1,3S9D_A_B
3S9D_TB64A,0.25581035,1.9400269985198972,1,3S9D_A_B
3S9D_HB65A,0.6389059,2.415842056274414,1,3S9D_A_B
3S9D_EB66A,2.4123886,4.955793380737305,1,3S9D_A_B
3S9D_AB67M,-0.16781053,-1.513967514038086,1,3S9D_A_B
3S9D_VB69A,2.3176858,5.070026397705078,1,3S9D_A_B
3S9D_HB84A,0.043764338,-0.7342128753662109,1,3S9D_A_B
3S9D_NB85A,-0.13220184,-0.6737504005432129,1,3S9D_A_B
3S9D_WB87A,1.0482174,3.039466619491577,1,3S9D_A_B
3S9D_IB90A,1.4963729,3.9887893199920654,1,3S9D_A_B
3S9D_DB91A,1.0482174,5.243679046630859,1,3S9D_A_B
3S9D_DB121R,-0.09861257,2.4199137687683105,1,3S9D_A_B
3S9D_HB166A,0.0,-0.7391805648803711,1,3S9D_A_B
3S9D_RA120A,3.101651,1.011338233947754,1,3S9D_A_B
3S9D_EB66A,2.4010675,4.955793380737305,1,3S9D_A_B
"3S9D_RA120A,EB66A",3.6024737,2.9835658073425293,2,3S9D_A_B
"3S9D_TB33A,LA8A",3.5785608,3.666129946708679,2,3S9D_A_B
"3S9D_TB33A,LA19A",3.394809,2.015827715396881,2,3S9D_A_B
"3S9D_TB33A,FA20A",3.021426,0.7935264110565186,2,3S9D_A_B
"3S9D_TB33A,LA23A",5.96137,1.8006647825241089,2,3S9D_A_B
"3S9D_TB33A,RA115A",4.048243,3.795450448989868,2,3S9D_A_B
"3S9D_TB33A,AA116G",4.351393,3.0533981323242188,2,3S9D_A_B
"3S9D_TB33A,MA119A",4.463985,3.1086710691452026,2,3S9D_A_B
"3S9D_TB33A,RA120A",5.268608,2.240365743637085,2,3S9D_A_B
"3S9D_TB33A,SA123A",3.0632634,2.1503925919532776,2,3S9D_A_B
"3S9D_TB33A,LA124A",3.3123913,2.169309377670288,2,3S9D_A_B
"3S9D_IB34A,RA115A",4.271188,3.8883092403411865,2,3S9D_A_B
"3S9D_IB34A,AA116G",4.4740267,3.146256923675537,2,3S9D_A_B
"3S9D_IB34A,MA119A",4.2350516,3.201529860496521,2,3S9D_A_B
"3S9D_IB34A,RA120A",5.001758,2.3332245349884033,2,3S9D_A_B
"3S9D_IB34A,SA123A",3.0067968,2.243251383304596,2,3S9D_A_B
"3S9D_IB34A,LA124A",3.561387,2.2621681690216064,2,3S9D_A_B
"3S9D_WB87A,RA5A",2.340922,2.117900848388672,2,3S9D_A_B
"3S9D_WB87A,LA8A",3.0765777,3.45116662979126,2,3S9D_A_B
"3S9D_WB87A,MA119A",3.8463404,2.893707752227783,2,3S9D_A_B
"3S9D_WB87A,SA123A",2.7515786,1.935429275035858,2,3S9D_A_B
"3S9D_WB87A,LA124A",2.9443758,1.9543460607528684,2,3S9D_A_B
3S9D_IB90A,1.6426257,3.9887893199920654,1,3S9D_A_B
"3S9D_IB90A,LA8A",3.740474,3.925827980041504,2,3S9D_A_B
"3S9D_IB90A,LA19A",3.0357027,2.275525748729706,2,3S9D_A_B
"3S9D_IB90A,FA20A",2.816274,1.0532244443893433,2,3S9D_A_B
"3S9D_IB90A,LA23A",5.449532,2.0603628158569336,2,3S9D_A_B
"3S9D_IB90A,RA115A",3.52547,4.055148482322693,2,3S9D_A_B
"3S9D_IB90A,MA119A",4.035335,3.3683691024780273,2,3S9D_A_B
"3S9D_IB90A,RA120A",4.90847,2.5000637769699097,2,3S9D_A_B
"3S9D_IB90A,SA123A",3.2568083,2.4100906252861023,2,3S9D_A_B
"3S9D_IB90A,LA124A",3.346746,2.429007411003113,2,3S9D_A_B
"3S9D_DB91A,LA19A",2.9443758,2.902970612049103,2,3S9D_A_B
"3S9D_DB91A,FA20A",2.3848276,1.6806693077087402,2,3S9D_A_B
"3S9D_DB91A,RA115A",3.672301,4.68259334564209,2,3S9D_A_B
"3S9D_DB91A,SA123A",2.6789427,3.0375354886054997,2,3S9D_A_B
"3S9D_DB91A,LA124A",3.021426,3.05645227432251,2,3S9D_A_B
3S9D_TB33A,2.0070937,3.469393253326416,1,3S9D_A_B
3S9D_IB34A,1.9302658,3.6551108360290527,1,3S9D_A_B
3S9D_MB35V,2.9259908,1.1767582893371582,1,3S9D_A_B
3S9D_HB65A,1.2015804,2.415842056274414,1,3S9D_A_B
3S9D_EB66A,2.4335496,4.955793380737305,1,3S9D_A_B
3S9D_WB87A,1.5463411,3.039466619491577,1,3S9D_A_B
3S9D_IB90A,1.7124065,3.9887893199920654,1,3S9D_A_B
3S9D_DB91A,1.6276261,5.243679046630859,1,3S9D_A_B
3S9D_LA8A,1.9656465,3.8628666400909424,1,3S9D_A_B
3S9D_LA19A,1.4916142,0.5622621774673462,1,3S9D_A_B
3S9D_LA23A,3.8640268,0.1319363117218017,1,3S9D_A_B
3S9D_RA115A,2.1795297,4.12150764465332,1,3S9D_A_B
3S9D_AA116G,2.161299,2.637403011322021,1,3S9D_A_B
3S9D_MA119A,2.397389,2.7479488849639893,1,3S9D_A_B
3S9D_RA120A,3.1845944,1.011338233947754,1,3S9D_A_B
3S9D_SA123A,1.0997674,0.8313919305801392,1,3S9D_A_B
3S9D_LA124A,1.6426257,0.8692255020141602,1,3S9D_A_B
"3S9D_MB35V,LA8A",4.4274344,2.5198124647140503,2,3S9D_A_B
"3S9D_MB35V,LA19A",4.3167186,0.8695102334022522,2,3S9D_A_B
"3S9D_MB35V,LA23A",7.1139393,0.65434730052948,2,3S9D_A_B
"3S9D_MB35V,RA115A",3.7050934,2.6491329669952397,2,3S9D_A_B
"3S9D_MB35V,AA116G",5.3002977,1.90708065032959,2,3S9D_A_B
"3S9D_MB35V,MA119A",5.4566846,1.962353587150574,2,3S9D_A_B
"3S9D_MB35V,RA120A",6.0666847,1.094048261642456,2,3S9D_A_B
"3S9D_MB35V,SA123A",4.080544,1.0040751099586487,2,3S9D_A_B
"3S9D_MB35V,LA124A",4.533203,1.0229918956756592,2,3S9D_A_B
"3S9D_EB66A,LA8A",4.092513,4.4093300104141235,2,3S9D_A_B
"3S9D_EB66A,LA23A",6.05816,2.543864846229553,2,3S9D_A_B
"3S9D_EB66A,RA115A",4.658608,4.538650512695312,2,3S9D_A_B
"3S9D_EB66A,AA116G",5.0412693,3.796598196029663,2,3S9D_A_B
"3S9D_EB66A,MA119A",4.980968,3.851871132850647,2,3S9D_A_B
"3S9D_EB66A,RA120A",3.6324573,2.9835658073425293,2,3S9D_A_B
"3S9D_EB66A,SA123A",3.5437007,2.893592655658722,2,3S9D_A_B
"3S9D_EB66A,LA124A",3.7697885,2.9125094413757324,2,3S9D_A_B
"3S9D_HB65A,RA5A",2.2143898,1.8060885667800903,2,3S9D_A_B
"3S9D_HB65A,LA8A",4.016778,3.1393543481826782,2,3S9D_A_B
"3S9D_HB65A,LA19A",3.0564926,1.4890521168708801,2,3S9D_A_B
"3S9D_HB65A,RA120A",3.8463404,1.713590145111084,2,3S9D_A_B
"3S9D_HB65A,SA123A",1.1356846,1.6236169934272764,2,3S9D_A_B
"3S9D_HB65A,LA124A",2.939418,1.642533779144287,2,3S9D_A_B
"3SE3_YB43A,NB44E,SB47Q",1.8576298,0.972585121790568,3,3SE3_B_A
"3SE3_YB43H,NB44A,SB47Q",1.3835975,0.3266243537267049,3,3SE3_B_A
"3SE3_YB43H,NB44E,SB47A",1.7648702,0.5883874893188477,3,3SE3_B_A
"3SE3_YB43H,NB44E,SB47Q,QB48A",2.432249,1.4612963795661926,4,3SE3_B_A
"3SE3_YB43H,NB44E,SB47Q,FB50A",2.7901704,1.430203139781952,4,3SE3_B_A
"3SE3_YB43H,NB44E,SB47Q,NB51A",3.0309818,0.1399042010307312,4,3SE3_B_A
"3SE3_YB43H,NB44E,SB47Q,SB54A",2.4881237,1.3191051483154297,4,3SE3_B_A
"3SE3_YB43H,NB44E,SB47Q,TB55A",2.8525915,1.9821516871452332,4,3SE3_B_A
"3SE3_YB43H,NB44E,SB47Q,KB56A",2.6343763,0.8624306321144104,4,3SE3_B_A
"3SE3_YB43H,NB44E,SB47Q,DB57A",2.3812907,0.8861131072044373,4,3SE3_B_A
"3SE3_YB43H,NB44E,SB47Q,SB59A",2.716373,0.5836994647979736,4,3SE3_B_A
"3SE3_YB43H,NB44E,SB47Q,TB65A",2.2976007,0.7084460854530334,4,3SE3_B_A
"3SE3_YB43H,NB44E,SB47Q,LB66A",3.3591323,1.659277617931366,4,3SE3_B_A
"3SE3_YB43H,NB44E,SB47Q,KB69A",2.3057168,0.6255005300045013,4,3SE3_B_A
"3SE3_YB43H,NB44E,SB47Q,YB71A",2.9234388,1.3618813157081604,4,3SE3_B_A
"3SE3_YB43H,NB44E,SB47Q,TB72A",2.6832201,0.947247862815857,4,3SE3_B_A
"3SE3_YB43H,NB44E,SB47Q,YB75A",3.1270294,1.3255951404571533,4,3SE3_B_A
"3SE3_YB43H,NB44E,SB47Q,QB76A",2.2893722,0.929277002811432,4,3SE3_B_A
"3SE3_YB43H,NB44E,SB47Q,NB79A",2.7721066,1.0926985144615173,4,3SE3_B_A
"3SE3_YB43H,NB44E,SB47Q,EB82A",2.7000284,0.789166122674942,4,3SE3_B_A
"3SE3_YB43H,NB44E,SB47Q,VB85A",2.4881237,0.44260233640670776,4,3SE3_B_A
"3SE3_YB43H,NB44E,SB47Q",0.19081901,0.9508880774180094,3,3SE3_B_C
"3SE3_YB43A,NB44A,SB47A",0.1733927,-0.014179189999898268,3,3SE3_B_C
"3SE3_YB43H,NB44E,SB47Q",2.4577348,0.9508880774180094,3,3SE3_B_A
"3SE3_YB43M,NB44D,SB47L",0.71329606,1.639734427134196,3,3SE3_B_A
"3SE3_YB43A,NB44A,SB47A",0.76976275,-0.014179189999898268,3,3SE3_B_A
"3SE3_YB43H,NB44E,SB47Q,QB48A",2.5499518,1.4612963795661926,4,3SE3_B_A
"3SE3_YB43H,NB44E,SB47Q,FB50A",2.9122522,1.430203139781952,4,3SE3_B_A
"3SE3_YB43H,NB44E,SB47Q,NB51A",3.158807,0.1399042010307312,4,3SE3_B_A
"3SE3_YB43H,NB44E,SB47Q,SB54A",2.6049612,1.3191051483154297,4,3SE3_B_A
"3SE3_YB43H,NB44E,SB47Q,TB55A",2.968561,1.9821516871452332,4,3SE3_B_A
"3SE3_YB43H,NB44E,SB47Q,KB56A",2.7583754,0.8624306321144104,4,3SE3_B_A
"3SE3_YB43H,NB44E,SB47Q,DB57A",2.4998558,0.8861131072044373,4,3SE3_B_A
"3SE3_YB43H,NB44E,SB47Q,SB59A",2.836359,0.5836994647979736,4,3SE3_B_A
"3SE3_YB43H,NB44E,SB47Q,TB65A",2.4217396,0.7084460854530334,4,3SE3_B_A
"3SE3_YB43H,NB44E,SB47Q,LB66A",3.4752648,1.659277617931366,4,3SE3_B_A
"3SE3_YB43H,NB44E,SB47Q,KB69A",2.4257026,0.6255005300045013,4,3SE3_B_A
"3SE3_YB43H,NB44E,SB47Q,YB71A",3.048264,1.3618813157081604,4,3SE3_B_A
"3SE3_YB43H,NB44E,SB47Q,TB72A",2.8017979,0.947247862815857,4,3SE3_B_A
"3SE3_YB43H,NB44E,SB47Q,QB76A",2.4096894,0.929277002811432,4,3SE3_B_A
"3SE3_YB43H,NB44E,SB47Q,NB79A",2.8856006,1.0926985144615173,4,3SE3_B_A
"3SE3_YB43H,NB44E,SB47Q,EB82A",2.82439,0.789166122674942,4,3SE3_B_A
"3SE3_YB43H,NB44E,SB47Q,IB88A",2.32709,1.235686480998993,4,3SE3_B_A
"3SE3_YB43H,NB44E,SB47Q,LB89A",2.8981872,1.5018453001976013,4,3SE3_B_A
"3SE3_YB43H,NB44E,SB47Q,RB92A",2.836359,1.4773786664009094,4,3SE3_B_A
"3SE3_YB43H,NB44E,SB47Q,RB92K",2.6107695,0.9758334159851074,4,3SE3_B_A
"3SE3_YB43H,NB44E,SB47Q,KB93A",2.6107695,1.1453907191753387,4,3SE3_B_A
"3SE3_YB43H,NB44E,SB47Q,KB103A",2.6815128,1.2067312896251678,4,3SE3_B_A
"3SE3_YB43A,NB44E,SB47Q",1.9775469,0.972585121790568,3,3SE3_B_A
"3SE3_YB43H,NB44A,SB47Q",1.5067095,0.3266243537267049,3,3SE3_B_A
"3SE3_YB43H,NB44E,SB47A",1.8828443,0.5883874893188477,3,3SE3_B_A
"3SE3_YB43A,NB44A,SB47A",0.41065642,-0.014179189999898268,3,3SE3_B_A
3SE3_NA53A,-0.3477616,2.9287405014038086,1,3SE3_B_A
3SE3_YA55A,1.49732,1.4260143041610718,1,3SE3_B_A
3SE3_FA81A,0.41065642,1.8092265129089355,1,3SE3_B_A
3SE3_EA96A,0.71305907,0.2865619659423828,1,3SE3_B_A
3SE3_KA98A,1.49732,0.2333028316497802,1,3SE3_B_A
3SE3_LA116A,0.0,3.156515121459961,1,3SE3_B_A
3SE3_DA117A,0.54285824,-0.6428253650665283,1,3SE3_B_A
3SE3_SA120A,0.54285824,-0.2717971801757812,1,3SE3_B_A
3SE3_NA140T,0.133149,3.5578813552856445,1,3SE3_B_A
3SE3_YA148A,0.41065642,2.1218323707580566,1,3SE3_B_A
3SE3_TA166A,-0.15638691,-1.6459671258926392,1,3SE3_B_A
3SE3_SA167A,-0.23903489,1.4976162910461426,1,3SE3_B_A
3SE3_FA223A,1.49732,2.3217124938964844,1,3SE3_B_A
3SE3_RA226A,0.41065642,2.008127212524414,1,3SE3_B_A
3SE3_NA227A,0.54285824,0.9546403884887696,1,3SE3_B_A
3SE3_NA230A,0.21107575,0.7185153961181641,1,3SE3_B_A
3SE3_FA273A,0.0,-1.2596991062164309,1,3SE3_B_A
3SE4_TC36A,1.3641711,2.760997772216797,1,3SE4_B_C
3SE4_MC38A,1.666218,2.4057302474975586,1,3SE4_B_C
3SE4_MC38V,1.1654196,-0.4030689001083374,1,3SE4_B_C
3SE4_SC39A,0.21190493,1.949956297874451,1,3SE4_B_C
3SE4_HC68A,-0.6102371,0.8459653854370117,1,3SE4_B_C
3SE4_EC69A,1.3641711,4.3214545249938965,1,3SE4_B_C
3SE4_VC72A,1.1654196,4.467687606811523,1,3SE4_B_C
3SE4_IC95A,1.2093251,4.088621139526367,1,3SE4_B_C
3SE4_HC172A,-0.41065642,0.0893135070800781,1,3SE4_B_C
3SE4_YA55A,1.3641711,1.9562907218933103,1,3SE4_B_A
3SE4_LA116A,0.13220184,4.022058010101318,1,3SE4_B_A
3SE4_DA117A,0.13220184,0.2918148040771484,1,3SE4_B_A
3SE4_SA120A,0.0,0.3675310611724853,1,3SE4_B_A
3SE4_NA140T,0.41065642,3.4336109161376958,1,3SE4_B_A
3SE4_YA148A,-0.27845457,1.7103445529937744,1,3SE4_B_A
3SE4_TA166A,-0.54285824,0.275278091430664,1,3SE4_B_A
3SE4_FA223A,1.3641711,1.659493923187256,1,3SE4_B_A
3SE4_RA226A,0.3029358,2.404688835144043,1,3SE4_B_A
3SE4_NA227A,0.0,0.5468640327453613,1,3SE4_B_A
3SE4_NA230A,0.3029358,-0.0690274238586425,1,3SE4_B_A
3SE4_FA273A,0.21086827,-0.7085108757019043,1,3SE4_B_A
3SE4_PB27A,-0.17043781,2.3171491622924805,1,3SE4_B_C
3SE4_PB27L,0.92437184,0.2908034920692444,1,3SE4_B_C
3SE4_LB31A,2.7283423,-0.1792151927947998,1,3SE4_B_C
3SE4_MB130A,0.5728915,0.9780981540679932,1,3SE4_B_C
3SE4_KB134A,1.7748275,-1.160398244857788,1,3SE4_B_C
3SE4_KB134R,-0.9746221,-0.6939818859100342,1,3SE4_B_C
3SE4_PB27A,0.049695753,2.3171491622924805,1,3SE4_B_A
3SE4_PB27L,0.10305898,0.2908034920692444,1,3SE4_B_A
3SE4_LB31A,-0.011969134,-0.1792151927947998,1,3SE4_B_A
3SE4_MB130A,0.024658844,0.9780981540679932,1,3SE4_B_A
3SE4_KB134A,-0.035084628,-1.160398244857788,1,3SE4_B_A
3SE4_KB134R,0.13926895,-0.6939818859100342,1,3SE4_B_A
3SE4_EC69A,1.4014807,4.3214545249938965,1,3SE4_B_C
3SE4_KB134A,1.8023211,-1.160398244857788,1,3SE4_B_C
"3SE4_KB134A,EC69A",1.9022707,1.5805281400680542,2,3SE4_B_C
3SE4_KB134R,-0.898396,-0.6939818859100342,1,3SE4_B_C
"3SE4_KB134R,EC69A",1.4014807,1.8137363195419312,2,3SE4_B_C
3SE8_RH30A,-0.03886324,1.9574778079986568,1,3SE8_HL_G
3SE8_WH47A,1.4514539,4.4558210372924805,1,3SE8_HL_G
3SE8_WH50A,1.3121079,3.235680341720581,1,3SE8_HL_G
3SE8_KH52A,1.0935637,1.8967289924621584,1,3SE8_HL_G
3SE8_LH54A,0.053896412,3.4559993743896484,1,3SE8_HL_G
3SE8_WH55A,0.7488813,0.3065185546875,1,3SE8_HL_G
3SE8_GH56A,0.35136178,3.1199846267700195,1,3SE8_HL_G
3SE8_VH58A,1.2296135,2.729830741882324,1,3SE8_HL_G
3SE8_SH59A,1.1323562,1.3052120208740234,1,3SE8_HL_G
3SE8_YH60A,0.84210277,1.8296442031860352,1,3SE8_HL_G
3SE8_RH62A,1.1867965,-0.0695953369140625,1,3SE8_HL_G
3SE8_QH63A,1.0965259,2.6894540786743164,1,3SE8_HL_G
3SE8_QH65A,0.5409745,2.193019390106201,1,3SE8_HL_G
3SE8_RH72A,2.6019888,-0.0596837997436523,1,3SE8_HL_G
3SE8_QH76A,0.095343515,2.007165908813477,1,3SE8_HL_G
3SE8_PH78A,0.018515632,3.0646960735321045,1,3SE8_HL_G
3SE8_PH81A,-0.0697808,3.59521484375,1,3SE8_HL_G
3SE8_DH110A,-0.38309553,0.6033568382263184,1,3SE8_HL_G
3SE8_YH111A,0.8165921,0.4014735221862793,1,3SE8_HL_G
3SE8_DH114A,-0.24021861,3.6534152030944815,1,3SE8_HL_G
3SE8_FH115A,1.0504572,1.002863883972168,1,3SE8_HL_G
3SE8_EL1A,-0.547579,-2.242660522460937,1,3SE8_HL_G
3SE8_QL27A,-0.21265773,1.7144877910614014,1,3SE8_HL_G
3SE8_NL30A,0.19122773,1.7826688289642334,1,3SE8_HL_G
3SE8_DL49A,0.84210277,0.8504235744476318,1,3SE8_HL_G
3SE8_FL90A,-0.85021865,0.8417329788208008,1,3SE8_HL_G
3SE8_EL91A,1.4891825,3.487811088562012,1,3SE8_HL_G
3SE8_FL92A,0.81895715,-0.5089049339294434,1,3SE8_HL_G
3SE9_LH34A,0.55690914,2.308600664138794,1,3SE9_HL_G
3SE9_WH48A,1.0414464,5.232081413269043,1,3SE9_HL_G
3SE9_WH51A,1.2552056,3.628123998641968,1,3SE9_HL_G
3SE9_VH55A,-0.8454979,-1.4732403755187988,1,3SE9_HL_G
3SE9_TH56A,-0.8454979,4.7630534172058105,1,3SE9_HL_G
3SE9_GH57A,0.44517794,3.180354595184326,1,3SE9_HL_G
3SE9_VH59A,0.9675656,4.547343730926514,1,3SE9_HL_G
3SE9_NH60A,1.49732,4.925319194793701,1,3SE9_HL_G
3SE9_GH62A,0.04559572,2.6871509552001958,1,3SE9_HL_G
3SE9_PH64A,-0.43484148,0.0736503601074218,1,3SE9_HL_G
3SE9_RH67A,1.445942,-0.0710060596466064,1,3SE9_HL_G
3SE9_RH74A,2.636225,-0.4823832511901855,1,3SE9_HL_G
3SE9_RH76A,-0.22848651,2.2730960845947266,1,3SE9_HL_G
3SE9_DH77A,-0.754171,-0.7388803958892822,1,3SE9_HL_G
3SE9_YH104A,0.45625216,0.0499248504638671,1,3SE9_HL_G
3SE9_TH105A,-0.43484148,0.162322998046875,1,3SE9_HL_G
3SE9_GH106A,-0.30263966,3.4267148971557617,1,3SE9_HL_G
3SE9_GH107A,-0.6052793,-0.4884285926818847,1,3SE9_HL_G
3SE9_GH109A,0.18216991,4.635388851165772,1,3SE9_HL_G
3SE9_VL3A,-0.48639154,0.6558234691619873,1,3SE9_HL_G
3SE9_YL28A,1.0997674,-0.7485988140106201,1,3SE9_HL_G
3SE9_GL29A,0.45625216,1.6190160512924194,1,3SE9_HL_G
3SE9_LL89A,0.948756,3.393032550811768,1,3SE9_HL_G
3SE9_EL90A,0.41065642,2.183241844177246,1,3SE9_HL_G
3SE9_FL91A,0.02323639,1.2020940780639648,1,3SE9_HL_G
3SEK_LC11E,2.8872757,1.0784308910369873,1,3SEK_B_C
3SEK_LC44E,4.455748,5.195943832397461,1,3SEK_B_C
3SEK_FC47E,4.455748,2.803953170776367,1,3SEK_B_C
3SEK_LC48E,4.2155294,5.431536674499512,1,3SEK_B_C
3SEK_LC44A,2.6809208,5.506454944610596,1,3SEK_B_C
3SEK_FC47A,2.2293894,3.262542247772217,1,3SEK_B_C
3SEK_LC48A,3.408846,5.167276382446289,1,3SEK_B_C
3SF4_RA202E,2.3651073,0.9833662509918212,1,3SF4_A_D
3SF4_NA264R,1.2257655,2.351930856704712,1,3SF4_A_D
3SF4_WD8A,3.0738285,0.6357579231262207,1,3SF4_A_D
3SF4_ED19R,1.9264557,4.145944118499756,1,3SF4_A_D
3SF4_KD27D,0.41065642,-1.57180655002594,1,3SF4_A_D
3SGB_LI12G,5.0034957,5.014802932739258,1,3SGB_E_I
3SGB_LI12A,2.9891605,5.217923164367676,1,3SGB_E_I
3SGB_LI12S,4.158235,5.344948768615723,1,3SGB_E_I
3SGB_LI12C,-0.013389315,5.973904132843018,1,3SGB_E_I
3SGB_LI12V,3.0342824,5.577200889587402,1,3SGB_E_I
3SGB_LI12T,3.2047203,5.348227024078369,1,3SGB_E_I
3SGB_LI12P,8.445845,5.637796401977539,1,3SGB_E_I
3SGB_LI12I,4.481256,5.7853312492370605,1,3SGB_E_I
3SGB_LI12M,0.43018958,3.7272403240203857,1,3SGB_E_I
3SGB_LI12N,3.399817,5.394740581512451,1,3SGB_E_I
3SGB_LI12D,5.6686587,5.373027324676514,1,3SGB_E_I
3SGB_LI12K,3.182076,4.322346210479736,1,3SGB_E_I
3SGB_LI12Q,2.603541,4.272862911224365,1,3SGB_E_I
3SGB_LI12E,5.982758,5.193997383117676,1,3SGB_E_I
3SGB_LI12H,1.7138757,5.0802202224731445,1,3SGB_E_I
3SGB_LI12F,1.3740182,3.946896553039551,1,3SGB_E_I
3SGB_LI12R,3.3669553,4.462345600128174,1,3SGB_E_I
3SGB_LI12Y,1.6760064,4.3256425857543945,1,3SGB_E_I
3SGB_LI12W,1.865208,5.317963123321533,1,3SGB_E_I
3SGB_AI9G,2.4864664,4.876391887664795,1,3SGB_E_I
3SGB_AI9S,0.9109825,2.726156234741211,1,3SGB_E_I
3SGB_AI9C,0.04153655,5.16215705871582,1,3SGB_E_I
3SGB_AI9V,-0.7847341,4.8799147605896,1,3SGB_E_I
3SGB_AI9T,0.33107248,4.910414218902588,1,3SGB_E_I
3SGB_AI9P,0.55270535,5.201338768005371,1,3SGB_E_I
3SGB_AI9L,0.16878061,5.234901905059815,1,3SGB_E_I
3SGB_AI9I,-0.4531886,5.477583885192871,1,3SGB_E_I
3SGB_AI9M,0.08895801,5.3680925369262695,1,3SGB_E_I
3SGB_AI9N,-0.08912445,3.9201772212982178,1,3SGB_E_I
3SGB_AI9D,0.47637805,4.366109848022461,1,3SGB_E_I
3SGB_AI9K,2.491424,5.0385260581970215,1,3SGB_E_I
3SGB_AI9Q,0.43018958,5.013282775878906,1,3SGB_E_I
3SGB_AI9E,0.6714747,4.674444198608398,1,3SGB_E_I
3SGB_AI9H,-0.4531886,3.895979166030884,1,3SGB_E_I
3SGB_AI9F,-1.1806399,3.401956081390381,1,3SGB_E_I
3SGB_AI9R,2.0356457,5.3015642166137695,1,3SGB_E_I
3SGB_AI9Y,-1.6472776,3.049962520599365,1,3SGB_E_I
3SGB_AI9W,-1.5536677,5.1326212882995605,1,3SGB_E_I
3SGB_TI11G,5.584234,3.012690544128418,1,3SGB_E_I
3SGB_TI11A,3.5919626,2.8639373779296875,1,3SGB_E_I
3SGB_TI11S,2.4662097,2.3179407119750977,1,3SGB_E_I
3SGB_TI11C,2.9262657,4.322258472442627,1,3SGB_E_I
3SGB_TI11V,2.547891,1.058554768562317,1,3SGB_E_I
3SGB_TI11P,3.182076,0.2040189504623413,1,3SGB_E_I
3SGB_TI11L,2.4713392,1.444393277168274,1,3SGB_E_I
3SGB_TI11I,1.7529136,1.767044186592102,1,3SGB_E_I
3SGB_TI11M,2.0356457,2.9162707328796387,1,3SGB_E_I
3SGB_TI11N,3.254416,1.78782856464386,1,3SGB_E_I
3SGB_TI11D,4.956134,2.284930229187012,1,3SGB_E_I
3SGB_TI11K,2.0356457,1.0079270601272583,1,3SGB_E_I
3SGB_TI11Q,2.9403167,2.0528078079223637,1,3SGB_E_I
3SGB_TI11E,4.797141,2.206094264984131,1,3SGB_E_I
3SGB_TI11H,3.507656,1.2244082689285278,1,3SGB_E_I
3SGB_TI11F,3.6393247,1.9798856973648071,1,3SGB_E_I
3SGB_TI11R,1.972751,0.6559284925460815,1,3SGB_E_I
3SGB_TI11Y,3.3669553,1.2271806001663208,1,3SGB_E_I
3SGB_TI11W,3.0342824,3.026615619659424,1,3SGB_E_I
3SGB_EI13G,2.1049528,1.323873519897461,1,3SGB_E_I
3SGB_EI13A,1.0192363,0.4304661750793457,1,3SGB_E_I
3SGB_EI13S,1.9436082,0.6713213920593262,1,3SGB_E_I
3SGB_EI13C,1.1746745,2.4597387313842773,1,3SGB_E_I
3SGB_EI13V,0.12754992,0.1644933223724365,1,3SGB_E_I
3SGB_EI13T,2.143485,0.0223586559295654,1,3SGB_E_I
3SGB_EI13P,2.2751536,0.1737382411956787,1,3SGB_E_I
3SGB_EI13L,0.77931386,0.4430112838745117,1,3SGB_E_I
3SGB_EI13I,-0.62338936,0.3246502876281738,1,3SGB_E_I
3SGB_EI13M,-0.18949658,0.1069617271423339,1,3SGB_E_I
3SGB_EI13N,1.1020385,-0.4341514110565185,1,3SGB_E_I
3SGB_EI13D,0.55270535,-0.1830716133117675,1,3SGB_E_I
3SGB_EI13K,0.16878061,0.4581725597381592,1,3SGB_E_I
3SGB_EI13Q,0.18353121,0.798640251159668,1,3SGB_E_I
3SGB_EI13H,0.5260738,0.7215938568115234,1,3SGB_E_I
3SGB_EI13F,1.9436082,1.0825438499450684,1,3SGB_E_I
3SGB_EI13R,1.2750467,-0.2697920799255371,1,3SGB_E_I
3SGB_EI13Y,0.77931386,0.9144065380096436,1,3SGB_E_I
3SGB_EI13W,1.5477023,1.4578533172607422,1,3SGB_E_I
3SGB_YI14G,2.842396,3.5216405391693115,1,3SGB_E_I
3SGB_YI14A,1.9436082,2.279449701309204,1,3SGB_E_I
3SGB_YI14S,2.0356457,2.0316030979156494,1,3SGB_E_I
3SGB_YI14C,1.6952436,3.94429087638855,1,3SGB_E_I
3SGB_YI14V,4.42169,3.8611910343170166,1,3SGB_E_I
3SGB_YI14T,4.871827,3.443161725997925,1,3SGB_E_I
3SGB_YI14P,6.27634,4.086313247680664,1,3SGB_E_I
3SGB_YI14L,1.5761455,-0.8232795596122742,1,3SGB_E_I
3SGB_YI14I,3.5919626,3.5052249431610107,1,3SGB_E_I
3SGB_YI14M,2.0027843,2.961054563522339,1,3SGB_E_I
3SGB_YI14N,3.158532,2.478600263595581,1,3SGB_E_I
3SGB_YI14D,2.9118733,0.7909369468688965,1,3SGB_E_I
3SGB_YI14K,3.4329698,2.312363862991333,1,3SGB_E_I
3SGB_YI14Q,3.2810476,2.0094969272613525,1,3SGB_E_I
3SGB_YI14E,2.0356457,1.4765675067901611,1,3SGB_E_I
3SGB_YI14H,1.7138757,2.4012625217437744,1,3SGB_E_I
3SGB_YI14F,0.16878061,1.1500263214111328,1,3SGB_E_I
3SGB_YI14R,2.7605486,1.9077661037445068,1,3SGB_E_I
3SGB_YI14W,0.38874248,1.075779676437378,1,3SGB_E_I
3SGB_RI15G,1.1071681,3.618706703186035,1,3SGB_E_I
3SGB_RI15A,0.05375249,2.056239604949951,1,3SGB_E_I
3SGB_RI15S,0.27762654,1.6736282110214231,1,3SGB_E_I
3SGB_RI15C,0.55270535,3.278764247894287,1,3SGB_E_I
3SGB_RI15V,-0.023633696,0.3400777578353882,1,3SGB_E_I
3SGB_RI15T,0.4537338,0.281791090965271,1,3SGB_E_I
3SGB_RI15P,7.684476,3.757744312286377,1,3SGB_E_I
3SGB_RI15L,0.2279567,3.266695499420166,1,3SGB_E_I
3SGB_RI15I,0.24351919,1.4181348085403442,1,3SGB_E_I
3SGB_RI15M,0.12754992,2.4826316833496094,1,3SGB_E_I
3SGB_RI15N,0.33107248,1.4603677988052368,1,3SGB_E_I
3SGB_RI15D,0.6386131,2.670305728912353,1,3SGB_E_I
3SGB_RI15K,-0.277793,-0.4578135013580322,1,3SGB_E_I
3SGB_RI15Q,0.04153655,0.7244328260421753,1,3SGB_E_I
3SGB_RI15E,0.6714747,1.630529284477234,1,3SGB_E_I
3SGB_RI15H,0.4537338,2.001904010772705,1,3SGB_E_I
3SGB_RI15F,0.2279567,3.2180843353271484,1,3SGB_E_I
3SGB_RI15Y,0.2939711,3.060029983520508,1,3SGB_E_I
3SGB_RI15W,0.31183532,3.5293540954589844,1,3SGB_E_I
3SGB_PI8G,0.05375249,1.3896660804748535,1,3SGB_E_I
3SGB_PI8A,-0.18949658,-1.1602987051010132,1,3SGB_E_I
3SGB_PI8S,0.06572162,-0.6514749526977539,1,3SGB_E_I
3SGB_PI8C,-0.32742262,3.349730968475342,1,3SGB_E_I
3SGB_PI8V,-0.31041327,2.295948982238769,1,3SGB_E_I
3SGB_PI8T,-0.10867909,0.3139467239379883,1,3SGB_E_I
3SGB_PI8L,-0.1413744,2.425361633300781,1,3SGB_E_I
3SGB_PI8I,-0.023633696,2.914468288421631,1,3SGB_E_I
3SGB_PI8M,-0.5005508,3.0267863273620605,1,3SGB_E_I
3SGB_PI8N,-0.12480123,1.1652731895446775,1,3SGB_E_I
3SGB_PI8D,-1.0330986,-0.8808046579360962,1,3SGB_E_I
3SGB_PI8K,0.114053845,1.7526679039001465,1,3SGB_E_I
3SGB_PI8Q,-0.31602898,1.315783977508545,1,3SGB_E_I
3SGB_PI8E,-0.62338936,-0.6697043180465698,1,3SGB_E_I
3SGB_PI8H,0.27762654,2.8486056327819824,1,3SGB_E_I
3SGB_PI8F,-0.3449348,2.860769748687744,1,3SGB_E_I
3SGB_PI8R,0.31183532,2.5595264434814453,1,3SGB_E_I
3SGB_PI8Y,-0.40146077,3.129544734954834,1,3SGB_E_I
3SGB_PI8W,-0.5005508,3.158355236053467,1,3SGB_E_I
3SGB_KI7G,-0.725558,5.0669846534729,1,3SGB_E_I
3SGB_KI7A,-2.5721407,3.9386203289031982,1,3SGB_E_I
3SGB_KI7S,-2.587597,4.039917469024658,1,3SGB_E_I
3SGB_KI7C,-0.5848572,5.192525863647461,1,3SGB_E_I
3SGB_KI7V,-0.9551719,2.945975542068481,1,3SGB_E_I
3SGB_KI7T,-1.9490284,3.8087408542633057,1,3SGB_E_I
3SGB_KI7P,0.0,5.120513916015625,1,3SGB_E_I
3SGB_KI7L,-1.8173597,0.93331378698349,1,3SGB_E_I
3SGB_KI7I,-1.344638,1.829197883605957,1,3SGB_E_I
3SGB_KI7M,-1.1662476,3.357290506362915,1,3SGB_E_I
3SGB_KI7N,-0.6595436,4.19373893737793,1,3SGB_E_I
3SGB_KI7D,-0.62338936,4.724893569946289,1,3SGB_E_I
3SGB_KI7Q,-0.62338936,2.0968587398529053,1,3SGB_E_I
3SGB_KI7E,0.032206405,4.205307960510254,1,3SGB_E_I
3SGB_KI7H,-0.40146077,4.225873947143555,1,3SGB_E_I
3SGB_KI7F,-0.725558,4.774698257446289,1,3SGB_E_I
3SGB_KI7R,-0.6926964,1.3205897808074951,1,3SGB_E_I
3SGB_KI7Y,-0.5848572,4.6658935546875,1,3SGB_E_I
3SGB_KI7W,-0.013389315,4.939589500427246,1,3SGB_E_I
3SGB_GI26A,1.2227967,5.455344676971436,1,3SGB_E_I
3SGB_GI26S,1.6076903,5.328917026519775,1,3SGB_E_I
3SGB_GI26C,2.611657,5.431755542755127,1,3SGB_E_I
3SGB_GI26V,2.7283423,5.479391574859619,1,3SGB_E_I
3SGB_GI26T,3.0342824,5.56290340423584,1,3SGB_E_I
3SGB_GI26P,1.0968642,5.0451483726501465,1,3SGB_E_I
3SGB_GI26L,2.6581476,5.428420543670654,1,3SGB_E_I
3SGB_GI26I,4.092513,5.543046951293945,1,3SGB_E_I
3SGB_GI26M,2.7940638,5.64296817779541,1,3SGB_E_I
3SGB_GI26N,2.2751536,5.549687385559082,1,3SGB_E_I
3SGB_GI26D,1.6249894,5.642813682556152,1,3SGB_E_I
3SGB_GI26K,2.5250134,5.60585880279541,1,3SGB_E_I
3SGB_GI26Q,2.9562988,5.581017971038818,1,3SGB_E_I
3SGB_GI26E,1.972751,5.592463493347168,1,3SGB_E_I
3SGB_GI26H,2.7381892,5.49388313293457,1,3SGB_E_I
3SGB_GI26F,3.0223134,5.35422420501709,1,3SGB_E_I
3SGB_GI26R,3.507656,5.58600664138794,1,3SGB_E_I
3SGB_GI26Y,3.0961108,5.358489990234375,1,3SGB_E_I
3SGB_GI26W,3.912062,5.446691989898682,1,3SGB_E_I
3SGB_NI30G,0.31183532,1.2753591537475586,1,3SGB_E_I
3SGB_NI30A,0.33107248,-1.5827510356903076,1,3SGB_E_I
3SGB_NI30S,0.4089992,-0.6386394500732422,1,3SGB_E_I
3SGB_NI30C,0.34970456,1.6066579818725586,1,3SGB_E_I
3SGB_NI30V,-0.24187581,-1.7625269889831543,1,3SGB_E_I
3SGB_NI30T,0.009847074,-0.8742942810058594,1,3SGB_E_I
3SGB_NI30P,0.579437,1.418870449066162,1,3SGB_E_I
3SGB_NI30L,0.7407817,-0.0668220520019531,1,3SGB_E_I
3SGB_NI30I,0.19792347,0.3146800994873047,1,3SGB_E_I
3SGB_NI30M,0.14074539,0.4062747955322265,1,3SGB_E_I
3SGB_NI30D,0.9109825,-1.2089190483093262,1,3SGB_E_I
3SGB_NI30K,0.579437,-1.240800380706787,1,3SGB_E_I
3SGB_NI30Q,0.24351919,-1.876925230026245,1,3SGB_E_I
3SGB_NI30E,0.9627104,-3.259815216064453,1,3SGB_E_I
3SGB_NI30H,-0.12480123,-0.3602585792541504,1,3SGB_E_I
3SGB_NI30F,-0.1413744,0.9529781341552734,1,3SGB_E_I
3SGB_NI30R,0.579437,-1.4472408294677734,1,3SGB_E_I
3SGB_NI30Y,-0.10867909,0.0528111457824707,1,3SGB_E_I
3SGB_NI30W,0.5260738,0.0052857398986816,1,3SGB_E_I
"3SGB_TI11K,LI12R",5.3072824,2.735136330127716,2,3SGB_E_I
"3SGB_TI11R,LI12R",5.5520763,2.5591370463371277,2,3SGB_E_I
"3SGB_AI9R,LI12R",5.1564193,4.881954908370972,2,3SGB_E_I
"3SGB_AI9R,TI11K,LI12R",6.7802353,3.590612292289734,3,3SGB_E_I
"3SGB_AI9R,TI11P,LI12R",8.583058,3.3226429224014282,3,3SGB_E_I
"3SGB_PI8S,AI9R,TI11P,LI12R",8.229696,2.3291134536266327,4,3SGB_E_I
"3SGB_KI7R,AI9R,TI11K,LI12R",5.5931535,3.023106664419174,4,3SGB_E_I
"3SGB_KI7R,PI8F,AI9R,TI11K,LI12R",5.7360306,2.990639281272888,5,3SGB_E_I
"3SGB_AI9R,TI11K,LI12R,RI15L",6.982303,3.509633094072342,4,3SGB_E_I
"3SGB_PI8S,AI9L,TI11K,LI12R",4.9748178,2.513424903154373,4,3SGB_E_I
"3SGB_AI9R,TI11K,LI12R,EI13S",7.1947017,2.860789567232132,4,3SGB_E_I
"3SGB_EI4D,AI9V,TI11P,EI13D,RI15M,NI22S,GI26S,NI39S,SI45R",2.5388455,1.5412221087349787,9,3SGB_E_I
"3SGB_TI11P,LI12K,EI13D,LI17V,SI45N,HI46R",4.833295,1.6677289207776387,6,3SGB_E_I
"3SGB_TI11P,LI12K,EI13D,LI17V,SI45N",4.912169,1.2820773363113402,5,3SGB_E_I
"3SGB_TI11P,LI12K,EI13D,LI17V,GI26S,SI45N",5.0552235,1.9565506180127459,6,3SGB_E_I
"3SGB_EI4G,KI7Q,PI8S,TI11P,LI12Q,EI13D,RI15V,LI17F,GI26S,VI36A,EI37D",4.2332587,1.5219176899303088,11,3SGB_E_I
"3SGB_EI4D,YI5H,AI9V,TI11S,RI15M,NI22S,GI26S,NI30D",4.0110335,2.247799515724182,8,3SGB_E_I
"3SGB_EI4D,AI9V,TI11S,RI15M,NI22S,GI26N,NI30D,SI45G",3.8938313,2.0302271246910095,8,3SGB_E_I
"3SGB_EI4D,AI9V,TI11S,RI15M,NI22S,GI26S,EI37D",3.2047203,2.245908430644444,7,3SGB_E_I
"3SGB_EI4D,AI9V,TI11S,RI15M,NI22S,GI26S,EI37D,TI43I",3.0059688,2.5675755441188812,8,3SGB_E_I
"3SGB_EI4D,AI9V,TI11S,RI15M,NI22S,GI26S,VI36A,EI37D",2.619663,2.254077285528183,8,3SGB_E_I
"3SGB_EI4D,RI15M,KI23Q,GI26S,NI30S,EI37D",1.6952436,1.2058281898498535,6,3SGB_E_I
"3SGB_RI15M,KI23Q,GI26S,EI37D",2.1049528,2.393576204776764,4,3SGB_E_I
"3SGB_EI4D,RI15M,EI37D",0.07745373,0.48089440663655597,3,3SGB_E_I
"3SGB_EI4D,KI7R,AI9D,RI15M,EI37D",-0.2884681,1.4258765697479248,5,3SGB_E_I
"3SGB_EI4D,RI15M,KI28R,EI37D",-0.1413744,0.5134804844856262,4,3SGB_E_I
"3SGB_EI4G,LI12M,RI15M,EI37D",0.9109825,1.648193120956421,4,3SGB_E_I
"3SGB_EI4D,LI12M,RI15M,EI37D",0.47637805,1.2924808859825134,4,3SGB_E_I
"3SGB_EI4D,LI12V,RI15M,GI26D,EI37D",4.0297246,2.5325395584106447,5,3SGB_E_I
"3SGB_EI4D,LI12V,RI15M,EI37D",3.0342824,1.7549710273742676,4,3SGB_E_I
"3SGB_EI4D,TI11R,LI12M,RI15M,EI37D",2.3834074,1.1651704072952271,5,3SGB_E_I
"3SGB_EI4G,LI12M,RI15M,EI37D,KI49E",0.18353121,1.0628229141235352,5,3SGB_E_I
"3SGB_DI1N,EI4G,LI12M,RI15M,EI37D,KI49E",0.019533154,0.9855671326319376,6,3SGB_E_I
"3SGB_EI4D,AI9V,TI11S,YI14D,RI15M,NI22S,GI26S,EI37D",4.871827,2.0640369951725006,8,3SGB_E_I
"3SGB_EI4D,AI9V,TI11S,RI15M,NI22S,GI26S,NI30D,EI37D,TI43N",3.3369222,2.064781003528171,9,3SGB_E_I
"3SGB_EI4D,AI9V,TI11S,RI15M,NI22S,GI26S,NI30D,EI37D",3.3669553,1.8140549957752228,8,3SGB_E_I
"3SGB_EI4D,AI9V,TI11S,RI15M,NI22S,GI26S,NI30D,VI35F,EI37D,TI43S",3.3077793,2.0182044744491576,10,3SGB_E_I
"3SGB_AI9V,TI11S,RI15M,NI22S,KI23Q,GI26S,KI28E,EI37D",4.481256,2.299880713224411,8,3SGB_E_I
"3SGB_EI4D,YI5H,TI11L,LI12Q,YI14Q,RI15K,LI17I,GI26D,NI30S,EI37D",7.4294353,1.5663351476192475,10,3SGB_E_I
"3SGB_EI4D,YI5H,TI11L,LI12Q,YI14Q,RI15K,GI26D,NI30S,EI37D",7.459469,1.7070965899361505,9,3SGB_E_I
3SGB_LI12M,0.47637805,3.7272403240203857,1,3SGB_E_I
"3SGB_LI12M,TI43N,KI49T",0.27762654,2.8923667271931968,3,3SGB_E_I
"3SGB_NI22S,GI26A",1.3301128,3.6036239862442017,2,3SGB_E_I
"3SGB_AI9D,GI26A",1.0810646,4.910727262496948,2,3SGB_E_I
"3SGB_AI9D,GI26A,NI27S",2.1838267,5.04779307047526,3,3SGB_E_I
3SGB_GI26A,1.3641711,5.455344676971436,1,3SGB_E_I
"3SGB_TI11M,LI12S,GI26V",6.9098134,4.580203692118327,3,3SGB_E_I
"3SGB_RI15V,LI17I",0.16878061,0.3197799623012543,2,3SGB_E_I
"3SGB_LI12S,RI15V,LI17I",4.481256,1.9948362310727437,3,3SGB_E_I
3SGB_NI22S,0.009847074,1.7519032955169678,1,3SGB_E_I
"3SGB_LI12M,LI17V,KI23I,EI37K",0.81965566,1.3604076504707336,4,3SGB_E_I
"3SGB_AI9G,LI12M,LI17V,KI23I,EI37K",3.2293792,2.063604497909546,5,3SGB_E_I
"3SGB_LI12M,NI30D,SI45N",1.0968642,1.1734793186187744,3,3SGB_E_I
"3SGB_EI4D,KI7M,LI12M,LI17V",0.07745373,1.612202763557434,4,3SGB_E_I
"3SGB_EI4G,LI12M,YI14S,LI17I,KI23T,GI26S,HI46Y,FI47P,KI49V",3.6910527,1.7953769167264302,9,3SGB_E_I
"3SGB_AI9T,LI12M",0.47637805,4.318827271461487,2,3SGB_E_I
"3SGB_LI12M,TI24S,GI26D",2.3268814,4.533811966578165,3,3SGB_E_I
"3SGB_LI12I,GI26D",5.845427,5.714072465896606,2,3SGB_E_I
"3SGB_AI9D,LI12A,YI14D",5.76852,3.4583233197530103,3,3SGB_E_I
"3SGB_LI12M,SI45N,HI46R,KI49Q",0.2279567,2.342799127101898,4,3SGB_E_I
"3SGB_LI12M,HI46R",0.5010369,3.6616135835647583,2,3SGB_E_I
"3SGB_LI12M,HI46R,KI49E",-0.11668532,2.0148564179738364,3,3SGB_E_I
"3SGB_LI12M,SI45N",0.4537338,2.3646785020828247,2,3SGB_E_I
"3SGB_YI5H,YI14D,TI24I,GI26S,NI30D,VI36L",5.612886,3.130246877670288,6,3SGB_E_I
3SGB_YI14H,1.4057077,2.4012625217437744,1,3SGB_E_I
"3SGB_LI12M,YI14Q",3.7764843,2.868368625640869,2,3SGB_E_I
"3SGB_LI12M,GI26D",2.2751536,4.685027003288269,2,3SGB_E_I
"3SGB_EI4D,TI11L,RI15M,GI26D,NI30S,EI37D,TI43S",3.770815,1.368101681981768,7,3SGB_E_I
"3SGB_AI9G,TI11M,LI12M,YI14R,RI15L,GI26N,NI27D,SI45N,KI49E",8.009047,3.0530980428059893,9,3SGB_E_I
"3SGB_EI4D,RI15M,LI17F,NI22S,GI26S,EI37D",1.6076903,1.860374927520752,6,3SGB_E_I
"3SGB_EI4G,KI7Q,TI11S,RI15V,LI17F,GI26S,NI30D,VI36A,EI37D",3.182076,1.5786423285802205,9,3SGB_E_I
"3SGB_EI4D,TI11S,EI13D,RI15M,NI22S,GI26S,EI37D,GI48E",4.6719503,2.030588537454605,8,3SGB_E_I
"3SGB_EI4D,AI9V,YI14E,RI15M,EI37D",1.7138757,1.5598330974578858,5,3SGB_E_I
"3SGB_EI4D,AI9V,TI11S,RI15M,VI36A,EI37D",1.5049165,1.8252996603647869,6,3SGB_E_I
"3SGB_DI1N,EI4D,AI9V,TI11S,EI13L,RI15M,VI36A,EI37D",2.6392179,1.499262183904648,8,3SGB_E_I
"3SGB_EI4D,AI9V,YI14D,RI15M,KI23I,GI26H,NI30Y,VI36A,EI37H,LI44F",2.3268814,2.2509905338287357,10,3SGB_E_I
"3SGB_EI4D,KI7Q,AI9V,TI11M,LI12G,EI13D,RI15M,NI22S,GI26S,EI37D,SI45N",5.824453,2.2045814340764824,11,3SGB_E_I
"3SGB_YI5H,EI13D,LI17I,NI22S,GI26S,NI30D,VI36M,EI37D",2.3268814,1.793505884706974,8,3SGB_E_I
"3SGB_EI4D,AI9V,EI13D,RI15M,KI23T,GI26S,EI37D,LI42I",1.1970339,1.874278962612152,8,3SGB_E_I
"3SGB_EI4D,AI9V,TI11S,EI13D,RI15M,KI23T,GI26N,NI30I,EI37D,LI42I",4.261294,1.7847622871398925,10,3SGB_E_I
"3SGB_EI4D,KI7R,AI9V,EI13D,RI15M,GI26S,EI37D,LI42I,KI49R",-0.0814798,1.9003150992923312,9,3SGB_E_I
"3SGB_EI4D,AI9V,EI13D,RI15M,GI26S,EI37D,LI42I,KI49R",1.0863781,1.9727807641029358,8,3SGB_E_I
"3SGB_AI9D,LI12A",2.619663,4.792016506195068,2,3SGB_E_I
"3SGB_TI11P,LI12K,GI26D",6.5430627,3.3897262811660767,3,3SGB_E_I
"3SGB_TI11P,LI12K",6.320305,2.263182580471039,2,3SGB_E_I
"3SGB_EI4D,LI12M,RI15M,GI26D,EI37D",1.972751,2.1625474452972413,5,3SGB_E_I
3SGB_GI26V,2.9262657,5.479391574859619,1,3SGB_E_I
3SGB_YI14D,2.8173003,0.7909369468688965,1,3SGB_E_I
3SGB_TI11E,4.460282,2.206094264984131,1,3SGB_E_I
"3SGB_EI4D,LI12F,RI15M,EI37D",0.77931386,1.3473949432373047,4,3SGB_E_I
3SGB_TI11S,2.5388455,2.3179407119750977,1,3SGB_E_I
3SGB_TI11V,1.972751,1.058554768562317,1,3SGB_E_I
3SGB_AI9V,-0.6595436,4.8799147605896,1,3SGB_E_I
"3SGB_AI9V,TI11S",1.6076903,3.5989277362823486,2,3SGB_E_I
3SGB_TI11A,3.2293792,2.8639373779296875,1,3SGB_E_I
3SGB_LI12A,2.9562988,5.217923164367676,1,3SGB_E_I
3SGB_LI12E,6.3676667,5.193997383117676,1,3SGB_E_I
3SGB_LI12Q,2.4864664,4.272862911224365,1,3SGB_E_I
"3SGB_AI9R,LI12R",5.1406555,4.881954908370972,2,3SGB_E_I
"3SGB_AI9R,TI11P,LI12R",8.552795,3.3226429224014282,3,3SGB_E_I
"3SGB_PI8S,AI9R,TI11P,LI12R",8.204559,2.3291134536266327,4,3SGB_E_I
"3SGB_KI7T,PI8E,AI9Y",-3.8579,2.062999685605367,3,3SGB_E_I
"3SGB_KI7T,PI8E,AI9Y,LI12G,RI15M,GI26P,NI30V",1.847206,2.424150722367423,7,3SGB_E_I
"3SGB_KI7S,PI8D,AI9Y",-4.1377077,2.069691777229309,3,3SGB_E_I
"3SGB_KI7S,PI8D,AI9Y,LI12G,EI13I,RI15K",0.09561484,1.8484525084495547,6,3SGB_E_I
3SZK_NC35A,0.1251905,2.104832172393799,1,3SZK_AB_C
3SZK_TC38A,0.9322267,2.803126811981201,1,3SZK_AB_C
3SZK_QC39A,0.76658607,-1.982961654663086,1,3SZK_AB_C
3SZK_YC40A,2.9048476,0.8264024257659912,1,3SZK_AB_C
3SZK_YC41A,2.9823394,3.8064000606536874,1,3SZK_AB_C
3SZK_HC42A,2.5366163,-1.425832748413086,1,3SZK_AB_C
3SZK_FC43A,2.2193475,-3.299410820007324,1,3SZK_AB_C
3SZK_FC44A,2.2009625,1.9387412071228027,1,3SZK_AB_C
3SZK_NC66A,0.20430143,0.865497350692749,1,3SZK_AB_C
3SZK_SC69A,1.5142233,2.7611300945281982,1,3SZK_AB_C
3SZK_TC70A,1.4692765,1.9424434900283811,1,3SZK_AB_C
3SZK_DC120A,0.67366445,0.9424500465393066,1,3SZK_AB_C
3SZK_DC121A,0.6956096,1.8362317085266116,1,3SZK_AB_C
3SZK_GC122A,0.37473926,4.219031810760498,1,3SZK_AB_C
3SZK_EC123A,0.83848655,-0.3418898582458496,1,3SZK_AB_C
3SZK_EC124A,0.6956096,4.403990745544434,1,3SZK_AB_C
3SZK_VC27A,0.096284665,3.3289828300476074,1,3SZK_AB_C
3SZK_DC48A,0.20430143,0.8456535339355469,1,3SZK_AB_C
3SZK_DC51A,0.20430143,1.14031982421875,1,3SZK_AB_C
3SZK_KC56A,0.096284665,0.5631608963012695,1,3SZK_AB_C
3SZK_KC57A,-0.035917178,1.9694504737854004,1,3SZK_AB_C
3TGK_NE170D,-0.17043781,-0.3331866264343261,1,3TGK_E_I
3U82_IB45A,2.5961404,3.839625120162964,1,3U82_A_B
"3U82_TB28A,QB29A,EB90A,NB98A",-1.0106927,0.884880781173706,4,3U82_A_B
3UIG_EA47A,0.64674646,,1,3UIG_A_P
3UIG_KA58A,0.4465736,,1,3UIG_A_P
3UIG_EA61A,1.7585607,,1,3UIG_A_P
3UIG_DA67A,2.0392313,,1,3UIG_A_P
3UIG_EA72A,1.7930583,,1,3UIG_A_P
"3UIH_KA58Y,HA76W",-1.0724025,1.3539097309112549,2,3UIH_A_P
3UII_KA58A,0.04559572,0.9576716423034668,1,3UII_A_P
"3UII_KA58Y,HA76W",0.03452153,1.39868438243866,2,3UII_A_P
3VR6_LG28N,0.3099994,2.6663718223571777,1,3VR6_ABCDEF_GH
3VR6_LG29N,0.6750601,4.380661964416504,1,3VR6_ABCDEF_GH
3VR6_RG134A,0.83049834,2.5899806022644043,1,3VR6_ABCDEF_GH
3VR6_RG135A,0.8992655,0.4215291738510132,1,3VR6_ABCDEF_GH
"3VR6_RG134A,RG135A",1.4000883,1.5057548880577085,2,3VR6_ABCDEF_GH
3VR6_AG138S,-0.34087563,1.720811367034912,1,3VR6_ABCDEF_GH
3VR6_LG139N,0.7095816,2.8605387210845947,1,3VR6_ABCDEF_GH
"3VR6_RA476A,RB481A,RC471A",-0.27845457,0.4669490655263265,3,3VR6_ABCDEF_GH
"3VR6_VD385A,VE385A,VF388A",0.6982965,0.3224178949991862,3,3VR6_ABCDEF_GH
"3VR6_LD386A,LE386A,LF389A",1.1367726,1.19657301902771,3,3VR6_ABCDEF_GH
"3VR6_RA476A,RB481A,RC471A,RG134A,RG135A",1.3179827,0.8824713945388794,5,3VR6_ABCDEF_GH
"3VR6_VD385A,VE385A,VF388A,RG134A,RG135A",1.1313123,0.7957526922225953,5,3VR6_ABCDEF_GH
"3VR6_LA477A,LB482A,LC472A,VA478A,VB483A,VC473A",-0.22198787,1.0421358942985535,6,3VR6_ABCDEF_GH
"3VR6_LA477A,LB482A,LC472A,VA478A,VB483A,VC473A,LD386A,LE386A,LF389A",-0.17043781,1.093614935874939,9,3VR6_ABCDEF_GH
"3VR6_LA477A,LB482A,LC472A,VA478A,VB483A,VC473A,RG134A,RG135A",2.0498004,1.1580406427383423,8,3VR6_ABCDEF_GH
"3VR6_LA477A,LB482A,LC472A,VA478A,VB483A,VC473A,LG139N",-0.079110935,1.3019077266965593,7,3VR6_ABCDEF_GH
"3VR6_RD347E,RE347E,RF350E",0.28764006,1.7679422696431477,3,3VR6_ABCDEF_GH
"3VR6_RD347K,RE347K,RF350K",1.2131597,0.7968821922938029,3,3VR6_ABCDEF_GH
3W2D_YA45F,0.87833744,0.3487195968627929,1,3W2D_A_HL
3W2D_YA45L,2.3658152,-0.942396640777588,1,3W2D_A_HL
3W2D_KA67R,-0.42831185,-0.9408388137817384,1,3W2D_A_HL
3W2D_KA67N,4.6240077,0.50893235206604,1,3W2D_A_HL
3WWN_RA221E,-0.33671388,0.3412661552429199,1,3WWN_A_B
3WWN_RA224E,1.2939427,1.0870733261108398,1,3WWN_A_B
3WWN_KA225E,0.15640123,-0.5247867107391357,1,3WWN_A_B
4B0M_AB127G,0.29772303,1.824427843093872,1,4B0M_A_BM
4B0M_PM98A,0.40573978,4.3396477699279785,1,4B0M_A_BM
4B0M_PM98S,0.7580752,5.39640474319458,1,4B0M_A_BM
4B0M_PM99A,1.9157778,3.3653697967529297,1,4B0M_A_BM
4B0M_PM99S,1.9942853,4.530116558074951,1,4B0M_A_BM
"4B0M_PM98S,PM99A",2.0725505,4.380887269973755,2,4B0M_A_BM
4B0M_YM9G,0.62926847,3.983421802520752,1,4B0M_A_BM
4B0M_YM37A,1.65294,3.682873249053955,1,4B0M_A_BM
"4B0M_YM9G,YM37A",2.2047524,3.8331475257873535,2,4B0M_A_BM
4B0M_LM40A,1.9089847,4.444759368896484,1,4B0M_A_BM
4B0M_MA8A,0.42992485,3.5357916355133057,1,4B0M_A_BM
"4B0M_TA7G,MA8A",0.44165695,2.887677311897278,2,4B0M_A_BM
4BFI_LB29K,2.0774672,0.7875494956970215,1,4BFI_A_B
4BFI_NB43D,2.7283423,5.2367048263549805,1,4BFI_A_B
4BFI_NB43A,2.3176858,5.328704833984375,1,4BFI_A_B
4BFI_LB91A,1.3072104,2.6945347785949707,1,4BFI_A_B
4BFI_NB93K,2.7283423,2.984158754348755,1,4BFI_A_B
4BFI_FB95D,2.7283423,5.850337028503418,1,4BFI_A_B
4BFI_FB95A,2.0774672,5.722736835479736,1,4BFI_A_B
4BFI_KB99E,2.3176858,2.0009398460388184,1,4BFI_A_B
4BFI_QB6K,-0.011969134,0.4135963916778564,1,4BFI_A_B
4BFI_SB17D,0.03078365,2.3661255836486816,1,4BFI_A_B
4BFI_QB26K,-0.21983741,-0.820299506187439,1,4BFI_A_B
4CPA_PI35G,2.5961404,4.365447998046875,1,4CPA_A_I
4CPA_YI36G,0.5019833,3.037358283996582,1,4CPA_A_I
4CPA_YI36F,0.0,0.7656068801879883,1,4CPA_A_I
4CPA_VI37G,3.7347221,1.168203353881836,1,4CPA_A_I
4CPA_VI37A,2.325533,2.1812081336975098,1,4CPA_A_I
4CPA_VI37L,1.2793907,2.038061618804932,1,4CPA_A_I
4CPA_VI37I,0.19934364,-0.8263719081878662,1,4CPA_A_I
4CPA_VI37F,0.0,2.443197727203369,1,4CPA_A_I
4CVW_DA720W,1.2212942,-0.1717009544372558,1,4CVW_A_C
4CVW_DA720R,3.0476718,0.3152835369110107,1,4CVW_A_C
4CVW_RC27A,1.8287239,4.516050815582275,1,4CVW_A_C
4CVW_RC31A,2.0774672,2.1903345584869385,1,4CVW_A_C
4CVW_RC31W,1.4907035,3.138450860977173,1,4CVW_A_C
4CVW_LC34G,2.7283423,3.5196821689605717,1,4CVW_A_C
4CVW_LC34W,0.3355621,2.2300667762756348,1,4CVW_A_C
4CVW_VC35D,4.9208374,4.107262134552002,1,4CVW_A_C
"4CVW_LC34G,VC35D",7.7454643,3.8134721517562866,2,4CVW_A_C
"4E6K_EA81A,EB81A",2.5848122,2.728139877319336,2,4E6K_AB_G
"4E6K_LA68A,LB68A",2.6698973,3.0691275596618652,2,4E6K_AB_G
"4E6K_EA85A,EB85A",3.0725746,3.426632881164551,2,4E6K_AB_G
4E6K_YG2F,0.6969139,0.9954557418823242,1,4E6K_AB_G
4E6K_KG40A,0.5019833,2.256147861480713,1,4E6K_AB_G
4E6K_LG5A,1.9034278,2.783449411392212,1,4E6K_AB_G
4EKD_CA147R,-0.056466706,-1.7278404235839844,1,4EKD_A_B
4FTV_KD66A,-1.5795714,1.770573377609253,1,4FTV_ABC_DE
4FTV_TA163A,0.36111906,0.0120806694030761,1,4FTV_ABC_DE
"4FTV_KD66A,TA163A",-2.130459,0.8913270235061646,2,4FTV_ABC_DE
4FTV_DD93A,1.0142645,3.0721206665039062,1,4FTV_ABC_DE
4FTV_RA65A,3.8267174,-0.0330176353454589,1,4FTV_ABC_DE
"4FTV_DD93A,RA65A",1.4018853,1.5195515155792239,2,4FTV_ABC_DE
4FTV_DD93A,0.77962637,3.0721206665039062,1,4FTV_ABC_DE
4FTV_RA65A,3.1884809,-0.0330176353454589,1,4FTV_ABC_DE
"4FTV_DD93A,RA65A",0.9260521,1.5195515155792239,2,4FTV_ABC_DE
"4FTV_EA63Q,DD93A",-0.004539884,2.151888132095337,2,4FTV_ABC_DE
"4FTV_EA63Q,KA66A",1.3316362,2.0931928157806396,2,4FTV_ABC_DE
"4FTV_EA63Q,DD93A,KA66A",1.855068,2.419502099355062,3,4FTV_ABC_DE
"4FTV_ME98A,SE99G,AE100G,QE101R",3.9603114,1.581389844417572,4,4FTV_ABC_DE
"4FTV_SE99G,AE100G,QE101R",3.651468,2.3087610403696694,3,4FTV_ABC_DE
"4FTV_ME98A,AE100G,QE101R",3.6194358,1.1661251386006672,3,4FTV_ABC_DE
"4FTV_ME98A,QE101E",0.5062001,-0.6662435531616211,2,4FTV_ABC_DE
4FTV_QE101E,0.056466706,-0.7317633628845215,1,4FTV_ABC_DE
4FTV_QE101R,0.41065642,-0.3422145843505859,1,4FTV_ABC_DE
4FZA_FA168E,0.54285824,0.0750012397766113,1,4FZA_A_B
4FZA_YA213A,1.2707835,3.932100296020508,1,4FZA_A_B
4FZA_RA217A,1.0278971,1.0569539070129397,1,4FZA_A_B
4FZA_EB122A,0.42541236,1.141892433166504,1,4FZA_A_B
4G0N_RB6A,1.645757,0.8005943298339844,1,4G0N_A_B
4G0N_NB11A,0.09720734,2.878568649291992,1,4G0N_A_B
4G0N_QB13A,1.645757,2.3957061767578125,1,4G0N_A_B
4G0N_RB14A,1.9372704,0.7122023105621338,1,4G0N_A_B
4G0N_TB15A,1.4525357,0.9073247909545898,1,4G0N_A_B
4G0N_VB16A,0.9681078,4.436640739440918,1,4G0N_A_B
4G0N_KB31A,2.1297555,1.0729782581329346,1,4G0N_A_B
4G0N_VB35A,0.09720734,2.524841785430908,1,4G0N_A_B
4G0N_IA21A,0.87122935,3.095278739929199,1,4G0N_A_B
4G0N_HA27A,-0.29069513,0.8559954166412354,1,4G0N_A_B
4G0N_EA31A,0.48550442,1.6393805742263794,1,4G0N_A_B
4G0N_DA33A,1.0649688,1.284990310668945,1,4G0N_A_B
4G0N_IA36A,1.7429594,2.118105888366699,1,4G0N_A_B
4G0N_EA37A,1.7429594,0.3562462329864502,1,4G0N_A_B
4G0N_DA38A,3.193986,-0.3613858222961426,1,4G0N_A_B
4G0N_SA39A,0.29070067,3.986920356750488,1,4G0N_A_B
4G0N_RA41A,-0.580602,2.3664755821228027,1,4G0N_A_B
4G0N_VA45A,-0.29069513,3.368389129638672,1,4G0N_A_B
"4G0N_TB15A,IA21A",2.1297555,2.0013017654418945,2,4G0N_A_B
"4G0N_VB16A,IA21A",1.5513604,3.7659597396850586,2,4G0N_A_B
"4G0N_VB35A,IA21A",0.29070067,2.8100602626800537,2,4G0N_A_B
"4G0N_VB35A,HA27A",0.19255085,1.690418601036072,2,4G0N_A_B
"4G0N_RB6A,EA31A",2.1297555,1.219987452030182,2,4G0N_A_B
"4G0N_TB15A,EA31A",1.5513604,1.2733526825904844,2,4G0N_A_B
"4G0N_KB31A,EA31A",2.0329933,1.356179416179657,2,4G0N_A_B
"4G0N_RB6A,DA33A",2.516607,1.0427923202514648,2,4G0N_A_B
"4G0N_KB31A,DA33A",2.6137888,1.17898428440094,2,4G0N_A_B
"4G0N_RB6A,IA36A",4.257757,1.459350109100342,2,4G0N_A_B
"4G0N_TB15A,IA36A",3.000671,1.5127153396606445,2,4G0N_A_B
"4G0N_VB16A,IA36A",2.6137888,3.2773733139038086,2,4G0N_A_B
"4G0N_RB6A,EA37A",2.3235662,0.5784202814102173,2,4G0N_A_B
"4G0N_TB15A,EA37A",2.8070836,0.63178551197052,2,4G0N_A_B
"4G0N_VB16A,EA37A",2.7103422,2.396443486213684,2,4G0N_A_B
"4G0N_KB31A,EA37A",3.3875308,0.7146122455596924,2,4G0N_A_B
"4G0N_RB6A,DA38A",4.451485,0.2196042537689209,2,4G0N_A_B
"4G0N_TB15A,DA38A",3.000671,0.27296948432922363,2,4G0N_A_B
"4G0N_QB13A,SA39A",2.0329933,3.1913132667541504,2,4G0N_A_B
"4G0N_RB14A,SA39A",2.2268512,2.349561333656311,2,4G0N_A_B
"4G0N_TB15A,SA39A",1.9372704,2.447122573852539,2,4G0N_A_B
"4G0N_NB11A,RA41A",-0.580602,2.6225221157073975,2,4G0N_A_B
"4G0N_QB13A,RA41A",1.2585136,2.3810908794403076,2,4G0N_A_B
"4G0N_NB11A,VA45A",0.0,3.123478889465332,2,4G0N_A_B
"4G0N_QB13A,VA45A",1.5513604,2.882047653198242,2,4G0N_A_B
"4G0N_RB14A,VA45A",1.7429594,2.040295720100403,2,4G0N_A_B
"4G0N_TB15A,VA45A",1.0649688,2.137856960296631,2,4G0N_A_B
4G0N_FB8W,0.6034536,1.6707611083984375,1,4G0N_A_B
4G0N_VB35I,0.5519035,0.8536721467971802,1,4G0N_A_B
4G0N_NB18R,-0.6982965,-1.8479686975479128,1,4G0N_A_B
"4G0N_FB8W,NB18R",-0.28764006,-0.08860379457473755,2,4G0N_A_B
"4G0N_FB8W,NB18R,VB35I",0.36323497,0.22548818588256836,3,4G0N_A_B
"4G0N_FB8W,RB14L,NB18R,VB35I",0.6034536,0.3800716996192932,4,4G0N_A_B
"4G0N_FB8W,VB16E,NB18R,VB35I",1.818733,0.8285166025161743,4,4G0N_A_B
"4G0N_FB8W,RB14L,VB16E,NB18R,KB31R,VB35I",3.6040466,0.6546468138694763,6,4G0N_A_B
4G0N_AB32K,-1.1089529,1.4239137172698977,1,4G0N_A_B
"4G0N_NB18R,AB32K",-1.2793907,-0.21202749013900754,2,4G0N_A_B
4G0N_TA35A,2.6293707,4.975100994110107,1,4G0N_A_B
"4G0N_TA35A,NB18R",2.0998266,1.5635661482810974,2,4G0N_A_B
"4G0N_TA35A,AB32K",2.578799,3.1995073556900024,2,4G0N_A_B
"4G0N_TA35A,NB18R,AB32K",1.9676247,1.5170153379440308,3,4G0N_A_B
"4G0N_YA32C,CA116S",0.7356554,0.7805542945861816,2,4G0N_A_B
"4G0N_YA32C,CA116S,NB18R",-0.36675102,-0.0956200361251831,3,4G0N_A_B
"4G0N_YA32C,CA116S,AB32K",-0.6418298,0.9950074354807535,3,4G0N_A_B
"4G0N_YA32C,CA116S,NB18R,AB32K",-1.7309221,0.284263402223587,4,4G0N_A_B
4G0N_KB12M,1.3225784,2.6438682079315186,1,4G0N_A_B
4G0N_NB11A,1.5063304,2.878568649291992,1,4G0N_A_B
4G0N_NB11D,1.80897,-0.679236650466919,1,4G0N_A_B
4G0N_VB16A,1.80897,4.436640739440918,1,4G0N_A_B
4G0N_KB12A,1.8322064,1.3600823879241943,1,4G0N_A_B
4G0N_KB12E,1.9169868,0.2477104663848877,1,4G0N_A_B
4G0N_TB15A,2.1572053,0.9073247909545898,1,4G0N_A_B
4G0N_RB14A,2.3276432,0.7122023105621338,1,4G0N_A_B
4G0N_RB6A,2.7382996,0.8005943298339844,1,4G0N_A_B
4G0N_QB13A,2.785721,2.3957061767578125,1,4G0N_A_B
"4G0N_RB6A,NB11D",3.421207,0.0606788396835327,2,4G0N_A_B
4G0N_KB31A,3.5837975,1.0729782581329346,1,4G0N_A_B
4G0N_KB31E,5.0657783,0.6340203285217285,1,4G0N_A_B
"4G0N_KB31A,RB36G",5.358625,2.695597529411316,2,4G0N_A_B
4G0N_RB36L,5.358625,4.706945896148682,1,4G0N_A_B
4G0N_EA31A,1.3881191,1.6393805742263794,1,4G0N_A_B
4G0N_DA33A,0.689111,1.284990310668945,1,4G0N_A_B
4G0N_RA41A,-0.10772061,2.3664755821228027,1,4G0N_A_B
4G0N_RB6A,2.0392313,0.8005943298339844,1,4G0N_A_B
4G0N_NB11A,0.4360252,2.878568649291992,1,4G0N_A_B
4G0N_RB14A,1.4963729,0.7122023105621338,1,4G0N_A_B
4G0N_VB16A,0.689111,4.436640739440918,1,4G0N_A_B
4G0N_KB31A,2.0392313,1.0729782581329346,1,4G0N_A_B
4G0N_VB35A,-0.10772061,2.524841785430908,1,4G0N_A_B
4G0N_TA35S,2.2143898,4.125926971435547,1,4G0N_A_B
4G0N_TA35A,2.9443758,4.975100994110107,1,4G0N_A_B
4G0N_DA38A,2.535545,-0.3613858222961426,1,4G0N_A_B
4G2V_RA198E,2.237034,0.4923732280731201,1,4G2V_A_B
4G2V_NA260R,0.22198787,1.0067071914672852,1,4G2V_A_B
"4G2V_RA198E,NA260R",2.2844555,0.7495402097702026,2,4G2V_A_B
4GNK_KA294A,0.09897152,1.544034481048584,1,4GNK_A_B
"4GNK_DA279A,PA281D",0.12133086,1.6154868602752686,2,4GNK_A_B
4GNK_LB764A,-1.4206378,0.1722760200500488,1,4GNK_A_B
"4GNK_KA294A,LB764A",-1.5528396,0.8581552505493164,2,4GNK_A_B
"4GNK_LB764A,DA279A,PA281D",-1.7232774,1.1344165802001953,3,4GNK_A_B
4GNK_TB540E,-0.18866855,1.6804094314575195,1,4GNK_A_B
"4GU0_LE20A,TE22A,RE26A",0.916397,2.6748851935068765,3,4GU0_A_E
4GXU_DA189E,2.1660576,1.6459912061691284,1,4GXU_ABCDEF_MN
4GXU_DA224G,1.9617561,-4.810214042663574,1,4GXU_ABCDEF_MN
"4GXU_DA189E,DA224G",3.0115554,-1.582111418247223,2,4GXU_ABCDEF_MN
4HFK_RB22A,1.3921323,2.8083646297454834,1,4HFK_A_BD
4HFK_LB45A,2.525464,3.0002007484436035,1,4HFK_A_BD
4HFK_EB46A,1.1885719,3.1770408153533936,1,4HFK_A_BD
4HFK_SB48A,0.20154199,4.471175670623779,1,4HFK_A_BD
4HFK_NB49A,-0.020160992,1.553314208984375,1,4HFK_A_BD
4HFK_LB50A,0.030058358,5.653255939483643,1,4HFK_A_BD
4HFK_EB56A,0.94239897,2.372480869293213,1,4HFK_A_BD
4HFK_TD72A,1.8502102,2.6250476837158203,1,4HFK_A_BD
4HRN_LD17A,2.5983803,5.191576957702637,1,4HRN_A_D
4HRN_SD43A,0.8030821,1.0310297012329102,1,4HRN_A_D
4HRN_VD44A,2.8119245,3.388756513595581,1,4HRN_A_D
4HRN_FD47A,2.4605627,4.3657097816467285,1,4HRN_A_D
4HSA_RA28V,0.58109426,0.6842842102050781,1,4HSA_AB_C
4HSA_WA40V,-0.22242592,1.6273622512817385,1,4HSA_AB_C
4HSA_YA58I,0.11757265,1.9393038749694824,1,4HSA_AB_C
4HSA_HA59S,-0.12264595,-1.385582685470581,1,4HSA_AB_C
4I77_YH100F,0.0,0.4760779142379761,1,4I77_HL_Z
4I77_YH100A,0.0,1.1967066526412964,1,4I77_HL_Z
4I77_YH101F,0.0,0.3652770519256592,1,4I77_HL_Z
4I77_YH101A,0.94154555,4.427502155303955,1,4I77_HL_Z
4I77_YH103F,0.0,1.4632136821746826,1,4I77_HL_Z
4I77_YH103A,1.6923214,3.966104030609131,1,4I77_HL_Z
4I77_DH54A,2.1247063,5.864535808563232,1,4I77_HL_Z
4I77_WH52F,2.0995631,1.3170026540756226,1,4I77_HL_Z
4I77_WH52A,2.1147766,2.183854103088379,1,4I77_HL_Z
4I77_YL32F,0.0,0.9961390495300292,1,4I77_HL_Z
4I77_YL32A,0.0,3.2664008140563965,1,4I77_HL_Z
4I77_NL95A,1.7221993,5.154505252838135,1,4I77_HL_Z
4I77_YH100F,0.0,0.4760779142379761,1,4I77_HL_Z
4I77_YH100A,0.0,1.1967066526412964,1,4I77_HL_Z
4I77_YH101F,0.0,0.3652770519256592,1,4I77_HL_Z
4I77_YH101A,2.2759638,4.427502155303955,1,4I77_HL_Z
4I77_YH103F,0.63079,1.4632136821746826,1,4I77_HL_Z
4I77_YH103A,2.5998316,3.966104030609131,1,4I77_HL_Z
4I77_DH54A,2.9955828,5.864535808563232,1,4I77_HL_Z
4I77_WH52F,2.8213594,1.3170026540756226,1,4I77_HL_Z
4I77_WH52A,2.9105122,2.183854103088379,1,4I77_HL_Z
4I77_YL32F,0.0,0.9961390495300292,1,4I77_HL_Z
4I77_YL32A,1.5677315,3.2664008140563965,1,4I77_HL_Z
4I77_NL95A,0.9991104,5.154505252838135,1,4I77_HL_Z
4J2L_WC17A,2.2305837,-0.3270635604858398,1,4J2L_A_CD
4J2L_LC20S,1.6885003,4.136476039886475,1,4J2L_A_CD
"4J2L_VA23A,SA34D",2.266683,4.61361050605774,2,4J2L_A_CD
"4J2L_VA23A,LA118E",0.4368464,3.4999557733535767,2,4J2L_A_CD
"4J2L_SA34D,LA118E",0.6970077,3.3457998037338257,2,4J2L_A_CD
4J2L_VA23A,0.08989063,4.76776647567749,1,4J2L_A_CD
4J2L_SA34D,-0.9704915,4.459454536437988,1,4J2L_A_CD
4J2L_LA118E,-0.6311248,2.232145071029663,1,4J2L_A_CD
4JEU_RA169A,-0.41065642,0.8903489112854004,1,4JEU_A_B
4JEU_RA37C,0.90960926,2.9048852920532227,1,4JEU_A_B
"4JEU_LB147A,EB148A",1.1937333,3.5026782751083374,2,4JEU_A_B
"4JEU_LB147A,EB148A",1.0099814,3.5026782751083374,2,4JEU_A_B
4JEU_IB215A,3.2417018,5.396832466125488,1,4JEU_A_B
4JEU_RB3A,1.1281693,2.934429168701172,1,4JEU_A_B
4JEU_TB4A,0.18092397,4.757425785064697,1,4JEU_A_B
4JEU_LB7A,1.1089529,4.174520492553711,1,4JEU_A_B
4JFD_AC4G,-6.5182157,-1.1308857202529907,1,4JFD_ABC_DE
"4JFD_AC4G,EC1A",0.80462295,-1.3694795966148379,2,4JFD_ABC_DE
"4JFD_AC4G,GC6A",0.07705023,2.151035964488983,2,4JFD_ABC_DE
"4JFD_AC4G,IC7A",-0.088590376,0.8654009699821472,2,4JFD_ABC_DE
"4JFD_AC4G,LC8A",-0.31932956,-0.3151537775993347,2,4JFD_ABC_DE
"4JFD_AC4G,TC9A",0.016232576,-0.9236258864402772,2,4JFD_ABC_DE
4JFE_AC7I,-6.4296255,-2.208174228668213,1,4JFE_ABC_DE
"4JFE_AC7I,EC1A",0.89321333,-2.0458558797836304,2,4JFE_ABC_DE
"4JFE_AC7I,GC4A",0.088590376,0.2126178741455078,2,4JFE_ABC_DE
"4JFE_AC7I,GC6A",0.16564061,1.3919856548309324,2,4JFE_ABC_DE
"4JFE_AC7I,LC8A",-0.23073918,-0.402327299118042,2,4JFE_ABC_DE
"4JFE_AC7I,TC9A",0.10482295,-1.14467453956604,2,4JFE_ABC_DE
4JFF_EC1A,7.322839,-1.6945955753326416,1,4JFF_ABC_DE
4JFF_GC4A,6.5182157,2.449897766113281,1,4JFF_ABC_DE
4JFF_GC6A,6.5952663,5.384754180908203,1,4JFF_ABC_DE
4JFF_IC7A,6.4296255,3.658183097839356,1,4JFF_ABC_DE
4JFF_LC8A,6.1988864,0.7652175426483154,1,4JFF_ABC_DE
4JFF_TC9A,6.5344486,0.1051099300384521,1,4JFF_ABC_DE
4JGH_WD44A,2.049183,0.8147549629211426,1,4JGH_ABC_D
4JPK_VA30N,0.5948611,1.537653923034668,1,4JPK_HL_A
4JPK_SA41G,2.1526585,3.4002063274383545,1,4JPK_HL_A
4JPK_FA63L,1.1678094,1.9510654211044312,1,4JPK_HL_A
4JPK_RA81T,0.75904274,-0.8524925708770752,1,4JPK_HL_A
4JPK_RA130K,0.23016907,-1.306188464164734,1,4JPK_HL_A
4JPK_FA144I,1.3881388,1.816322922706604,1,4JPK_HL_A
4JPK_TA35S,-0.03210773,1.400349736213684,1,4JPK_HL_A
4JPK_DA141R,3.8590503,0.2312479019165039,1,4JPK_HL_A
"4JPK_DA159N,DA33N",0.6192453,0.8581380844116211,2,4JPK_HL_A
4K71_GA503E,0.7422019,3.6789681911468506,1,4K71_A_BC
"4K71_MA416V,AA418T",1.1963606,2.868010401725769,2,4K71_A_BC
"4K71_GA503R,AA545V",1.6679945,5.122872114181518,2,4K71_A_BC
4K71_AA545V,2.0319188,5.213456630706787,1,4K71_A_BC
"4K71_MA416V,AA418T,GA503R",2.7775838,3.589436133702596,3,4K71_A_BC
"4K71_GA503E,AA545V",2.8493805,4.446212410926819,2,4K71_A_BC
"4K71_MA416V,AA418T,AA545V",2.8541906,3.649825811386108,3,4K71_A_BC
"4K71_MA416V,AA418T,GA503R,AA545V",2.8913276,3.995441257953644,4,4K71_A_BC
"4K71_MA416V,GA503E,AA545V",2.9276857,3.6767279307047525,3,4K71_A_BC
"4K71_AA418T,GA503E,AA545V",3.1290412,4.1635622183481855,3,4K71_A_BC
"4K71_MA416V,AA418T,GA503E,AA545V",3.4591506,3.657111406326294,4,4K71_A_BC
4K71_HA462A,1.051574,4.757619857788086,1,4K71_A_BC
4K71_HA462F,1.0099814,5.59950065612793,1,4K71_A_BC
4K71_HB157A,0.6442554,-0.6320850849151611,1,4K71_A_BC
4K71_HB157F,0.185067,0.5637714862823486,1,4K71_A_BC
"4K71_MA416V,AA418T,GA503E,AA545V",3.8140588,3.657111406326294,4,4K71_A_BC
"4K71_MA416V,AA418T,GA503R",2.3874667,3.589436133702596,3,4K71_A_BC
"4K71_MA416V,AA418T",1.2319692,2.868010401725769,2,4K71_A_BC
4K71_AA545V,1.9898316,5.213456630706787,1,4K71_A_BC
"4K71_MA416V,AA418T,GA503R",1.8028226,3.589436133702596,3,4K71_A_BC
"4K71_MA416V,AA418T",0.8493079,2.868010401725769,2,4K71_A_BC
4K71_AA545V,0.39123002,5.213456630706787,1,4K71_A_BC
4KRL_RB30A,1.7210599,3.1355111598968506,1,4KRL_A_B
4KRL_DB112A,0.6499726,5.604115009307861,1,4KRL_A_B
"4KRL_DA49T,FA51A",1.8532617,1.698129653930664,2,4KRL_A_B
4KRO_RB15A,1.5840086,1.7414157390594482,1,4KRO_A_B
4KRO_DB92A,1.5048976,-0.5023796558380127,1,4KRO_A_B
"4KRO_DA321T,FA323A",0.12702756,0.7769066095352173,2,4KRO_A_B
4KRP_EB105A,1.6067643,1.2744603157043457,1,4KRP_A_B
"4KRP_DA277T,FA279A",0.3584571,1.0391063690185547,2,4KRP_A_B
4L0P_TA11K,0.0,4.16890287399292,1,4L0P_A_B
4L0P_SA20F,0.056466706,3.739405393600464,1,4L0P_A_B
4L0P_EA27K,2.6659212,0.7635536193847656,1,4L0P_A_B
4L0P_NA59S,0.31437176,0.2370491027832031,1,4L0P_A_B
4L0P_TA76Q,1.4721879,5.23356819152832,1,4L0P_A_B
4L0P_TA140N,0.27845457,2.218437910079956,1,4L0P_A_B
"4L3E_YD26D,WE95L",3.5434513,-1.4674713611602783,2,4L3E_ABC_DE
4L3E_RA65A,1.3017501,-0.9274947643280028,1,4L3E_ABC_DE
4L3E_YE48A,2.2283304,2.2634482383728027,1,4L3E_ABC_DE
"4L3E_RA65A,YE48A",3.8093,0.6679767370223999,2,4L3E_ABC_DE
"4L3E_RA65A,YD26A",4.4407487,-0.0632747411727905,2,4L3E_ABC_DE
4L3E_YD26A,2.7848089,0.8009452819824219,1,4L3E_ABC_DE
"4L3E_YD26A,RA65A",4.370968,-0.0632747411727905,2,4L3E_ABC_DE
4L3E_YD50A,0.46799824,2.866886138916016,1,4L3E_ABC_DE
4L3E_QA155A,1.2590374,1.0410711765289309,1,4L3E_ABC_DE
"4L3E_YD50A,QA155A",1.0905137,1.9539786577224727,2,4L3E_ABC_DE
4L3E_ND52A,-0.45974576,2.527576208114624,1,4L3E_ABC_DE
4L3E_EA166A,1.2175184,-0.9281635284423828,1,4L3E_ABC_DE
"4L3E_ND52A,EA166A",1.0916823,0.7997063398361206,2,4L3E_ABC_DE
4LRX_HA56N,0.32587606,3.6583597660064697,1,4LRX_AB_CD
"4MNQ_IE49V,HE50G,PE51A,EE52G,YE53I,AD93S,LD94G,PD95T,GD97K",5.821152,1.3983400265375774,9,4MNQ_ABC_DE
"4MNQ_AD93S,LD94G,PD95T,GD97K",0.92312586,3.095239222049713,4,4MNQ_ABC_DE
"4MNQ_HE50W,PE51E,EE52F,YE53E,AD93S,LD94G,PD95T,GD97K",0.8976401,1.7965218126773834,8,4MNQ_ABC_DE
"4MNQ_IE49V,HE50G,PE51A,EE52G,YE53I",1.5196093,0.04082067012786864,5,4MNQ_ABC_DE
"4MNQ_HE50W,PE51E,EE52F,YE53E",0.25964502,0.4978044033050537,4,4MNQ_ABC_DE
"4MNQ_KC4A,AD93S,LD94G,PD95T,GD97K",3.6324573,2.3287196159362793,5,4MNQ_ABC_DE
"4MNQ_KC4A,IE49V,HE50G,PE51A,EE52G,YE53I",4.2479515,-0.08887590964635213,6,4MNQ_ABC_DE
4MNQ_KC4A,4.9356365,-0.737358808517456,1,4MNQ_ABC_DE
"4MNQ_KC4A,HE50W,PE51E,EE52F,YE53E",4.942732,0.25077176094055176,5,4MNQ_ABC_DE
"4MNQ_LC6A,AD93S,LD94G,PD95T,GD97K",5.1024947,2.5361390590667723,5,4MNQ_ABC_DE
"4MNQ_LC6A,HE50W,PE51E,EE52F,YE53E,AD93S,LD94G,PD95T,GD97K",5.4262958,1.6302125453948972,9,4MNQ_ABC_DE
"4MNQ_LC6A,IE49V,HE50G,PE51A,EE52G,YE53I",4.6698933,0.08397362629572551,6,4MNQ_ABC_DE
4MNQ_LC6A,4.14898,0.2997384071350097,1,4MNQ_ABC_DE
"4MNQ_LC6A,HE50W,PE51E,EE52F,YE53E",4.389199,0.4581912040710449,5,4MNQ_ABC_DE
4MYW_IB48A,2.573214,3.233802795410156,1,4MYW_A_B
"4MYW_TB31A,QB32A,EB93A,NB101A",-0.52981997,1.1661660075187683,4,4MYW_A_B
4N8V_PG10A,-0.21667437,0.9348764419555664,1,4N8V_G_ABC
4N8V_KG38A,0.5880585,-1.184401273727417,1,4N8V_G_ABC
4N8V_YG39F,0.5155515,-0.2197465896606445,1,4N8V_G_ABC
4N8V_YG124A,0.12034162,3.541146278381348,1,4N8V_G_ABC
"4NKQ_LB77A,TB78A,SB79A",0.11002849,1.576369841893514,3,4NKQ_C_AB
"4NKQ_RB80A,NB81A,YB82A",-0.33154547,-0.2676866054534912,3,4NKQ_C_AB
4NKQ_RB80A,0.1199859,0.0649197101593017,1,4NKQ_C_AB
4NKQ_RB80D,-0.077386186,-0.1803510189056396,1,4NKQ_C_AB
4NKQ_NB81A,0.099900864,-0.0884335041046142,1,4NKQ_C_AB
4NKQ_YB82A,-0.3754509,-0.7795460224151611,1,4NKQ_C_AB
4NKQ_YB82F,-0.23420382,-0.0971343517303466,1,4NKQ_C_AB
"4NKQ_DB87A,TB88A,KB89A",0.35358486,0.81345534324646,3,4NKQ_C_AB
4NKQ_DB87A,0.15822187,0.8541913032531738,1,4NKQ_C_AB
4NKQ_DB87R,0.20278814,0.7954814434051514,1,4NKQ_C_AB
4NKQ_TB88A,0.31932956,0.7829513549804688,1,4NKQ_C_AB
4NKQ_KB89A,0.38596734,0.8032233715057373,1,4NKQ_C_AB
4NKQ_KB89D,1.0615314,0.8902695178985596,1,4NKQ_C_AB
"4NKQ_KB90A,IB91A,EB92A",-0.70132697,0.018622318903605134,3,4NKQ_C_AB
4NKQ_KB90A,-0.19934364,0.4392445087432861,1,4NKQ_C_AB
4NKQ_KB90D,-0.19934364,-0.5333168506622314,1,4NKQ_C_AB
4NKQ_IB91A,-0.050451912,0.5248188972473145,1,4NKQ_C_AB
4NKQ_EB92A,-0.35309157,-0.9081964492797852,1,4NKQ_C_AB
"4NKQ_YB119A,QB120A,KB121A,LB122A,SB123A,YB124A",-0.31075555,0.850025991598765,6,4NKQ_C_AB
"4NKQ_YB119A,YB124A",-0.6271738,0.556070327758789,2,4NKQ_C_AB
4NKQ_QB120A,-0.39868727,-0.2095711231231689,1,4NKQ_C_AB
4NKQ_KB121A,-0.5612779,1.419613480567932,1,4NKQ_C_AB
4NKQ_LB122A,0.23617455,0.3948190212249756,1,4NKQ_C_AB
4NKQ_SB123A,0.27542412,2.383153915405273,1,4NKQ_C_AB
4NKQ_DB126A,0.11002849,3.215644836425781,1,4NKQ_C_AB
"4NKQ_DB176A,VB177A,RB178A,IB179A",-0.12023271,2.2187586426734924,4,4NKQ_C_AB
4NKQ_DB176A,0.42262554,2.134389877319336,1,4NKQ_C_AB
4NKQ_DB176E,0.46822128,2.568962574005127,1,4NKQ_C_AB
4NKQ_RB178A,0.36020452,4.108974456787109,1,4NKQ_C_AB
4NKQ_RB178D,-0.2906705,3.2606606483459477,1,4NKQ_C_AB
"4NKQ_RB80D,KB90D",1.3137192,-0.35683393478393555,2,4NKQ_C_AB
4NKQ_DC99K,-0.33154547,0.2098345756530761,1,4NKQ_C_AB
"4NKQ_DC99K,RB80D",0.1764526,0.01474177837371825,2,4NKQ_C_AB
"4NKQ_DC99K,DB87R",0.8152364,0.5026580095291138,2,4NKQ_C_AB
"4NKQ_DC99K,KB90D",-0.5019833,-0.16174113750457764,2,4NKQ_C_AB
"4NKQ_DC99K,RB80D,KB90D",0.53555894,-0.16794443130493164,3,4NKQ_C_AB
4NKQ_RB178M,1.8640348,4.056865692138672,1,4NKQ_C_AB
"4NKQ_DB176A,VB177A",1.9070294,1.2785648107528687,2,4NKQ_C_AB
"4NKQ_DB176Q,VB177Q",1.9580855,1.3894667625427246,2,4NKQ_C_AB
4NKQ_DB176A,1.8037333,2.134389877319336,1,4NKQ_C_AB
4NKQ_DB176N,2.1189344,-0.1566252708435058,1,4NKQ_C_AB
"4NKQ_IB179A,LB180A",0.24021861,1.3870229721069336,2,4NKQ_C_AB
"4NKQ_IB179Q,LB180Q",1.0615314,-0.4797803163528442,2,4NKQ_C_AB
4NKQ_RB156Q,0.33154547,-0.5938432216644287,1,4NKQ_C_AB
4NKQ_RB178M,2.7283423,4.056865692138672,1,4NKQ_C_AB
"4NKQ_DB176A,VB177A",2.246422,1.2785648107528687,2,4NKQ_C_AB
"4NKQ_DB176Q,VB177Q",2.4881237,1.3894667625427246,2,4NKQ_C_AB
4NKQ_DB176A,2.6203253,2.134389877319336,1,4NKQ_C_AB
4NKQ_DB176N,1.7648702,-0.1566252708435058,1,4NKQ_C_AB
"4NKQ_IB179A,LB180A",0.30263966,1.3870229721069336,2,4NKQ_C_AB
"4NKQ_IB179Q,LB180Q",0.65087503,-0.4797803163528442,2,4NKQ_C_AB
4NKQ_RB156Q,0.82131284,-0.5938432216644287,1,4NKQ_C_AB
4NKQ_NC4E,-0.3905714,0.5795741081237793,1,4NKQ_C_AB
4NKQ_IC6G,0.3344568,4.5726470947265625,1,4NKQ_C_AB
4NKQ_EC8R,2.6404104,0.8932918310165405,1,4NKQ_C_AB
4NKQ_RC10D,0.111411914,1.2273938655853271,1,4NKQ_C_AB
4NKQ_RC11D,-0.20550437,-0.0742666721343994,1,4NKQ_C_AB
4NKQ_NC14D,-0.6018842,-0.4844365119934082,1,4NKQ_C_AB
4NKQ_LC15D,-0.23513316,-0.91656231880188,1,4NKQ_C_AB
4NM8_IB18M,0.10801677,0.8123397827148438,1,4NM8_ABCDEF_HL
4NM8_DB19N,0.65087503,-0.5326316356658936,1,4NM8_ABCDEF_HL
4NM8_RB25M,3.3870645,3.2085883617401123,1,4NM8_ABCDEF_HL
4NM8_TB32E,-0.54285824,0.9229565858840942,1,4NM8_ABCDEF_HL
4NM8_TB32I,-0.0493996,2.9959754943847656,1,4NM8_ABCDEF_HL
4NM8_TB32R,1.2015804,1.3693839311599731,1,4NM8_ABCDEF_HL
4NM8_QB34T,2.2935007,0.729254961013794,1,4NM8_ABCDEF_HL
4NM8_QB34R,2.9276857,0.6663942337036133,1,4NM8_ABCDEF_HL
4NM8_LB38Y,-0.6052793,-1.303312063217163,1,4NM8_ABCDEF_HL
4NZW_KA77A,0.076017186,1.7138381004333496,1,4NZW_A_B
4NZW_EB49A,0.325469,1.2039581537246704,1,4NZW_A_B
4NZW_EB124A,0.35717967,0.4466323852539062,1,4NZW_A_B
4O27_YA215A,1.1953111,3.121673107147217,1,4O27_A_B
4O27_KA88A,1.0248733,1.7659368515014648,1,4O27_A_B
4O27_EB42A,0.37147176,2.959977388381958,1,4O27_A_B
4O27_EB122A,0.30169097,1.1698644161224363,1,4O27_A_B
4OFY_QA34A,1.1767564,1.1247975826263428,1,4OFY_A_D
4OFY_MA36A,0.084110565,-0.3802982568740845,1,4OFY_A_D
4OFY_DA38A,0.54885274,4.472738742828369,1,4OFY_A_D
4OFY_FA40A,4.604454,0.9629805088043212,1,4OFY_A_D
4OFY_QA85A,1.7332349,0.3830709457397461,1,4OFY_A_D
4OFY_SA87A,0.14215925,-0.226564347743988,1,4OFY_A_D
4OFY_EA88A,0.28220826,1.090137004852295,1,4OFY_A_D
"4OFY_QA34A,FA40A",4.1407065,1.043889045715332,2,4OFY_A_D
"4OFY_QA34A,MA36A,FA40A,SA87A",4.461577,0.3702288717031479,4,4OFY_A_D
4OFY_QD34A,2.8705015,2.205172300338745,1,4OFY_A_D
4OFY_LD42A,2.5678618,3.313185214996338,1,4OFY_A_D
4OFY_QD86A,4.645329,4.569203853607178,1,4OFY_A_D
4OFY_RD96A,3.421207,1.6227128505706787,1,4OFY_A_D
4OZG_NG29A,-0.07165861,-1.4407947063446045,1,4OZG_ABJ_GH
4OZG_YG31A,1.7440438,2.335713624954224,1,4OZG_ABJ_GH
4OZG_YG33F,1.7440438,1.197216510772705,1,4OZG_ABJ_GH
4OZG_LG50A,1.1861861,4.634260177612305,1,4OZG_ABJ_GH
4OZG_YH46F,-0.64713717,0.615412712097168,1,4OZG_ABJ_GH
4OZG_QH48A,0.8051584,-0.6881449222564697,1,4OZG_ABJ_GH
4OZG_NH50A,-0.11102414,1.3646743297576904,1,4OZG_ABJ_GH
4OZG_FH94A,1.4347845,0.2618117332458496,1,4OZG_ABJ_GH
4OZG_RH95A,1.7440438,-0.4978504180908203,1,4OZG_ABJ_GH
4OZG_FH96A,0.88354635,0.0572409629821777,1,4OZG_ABJ_GH
4OZG_DH98A,1.650078,2.077077865600586,1,4OZG_ABJ_GH
4OZG_YH101F,0.53378993,1.6825428009033203,1,4OZG_ABJ_GH
4P23_KC40A,1.1937333,,1,4P23_CD_AB
4P23_DC56A,0.99175066,,1,4P23_CD_AB
4P23_QC58A,0.9729411,,1,4P23_CD_AB
4P23_LC61A,0.9535147,,1,4P23_CD_AB
4P23_QC62A,1.9109659,,1,4P23_CD_AB
4P23_NC63A,1.5119647,,1,4P23_CD_AB
4P23_VC66A,1.1667991,,1,4P23_CD_AB
4P23_KC68A,0.6829073,,1,4P23_CD_AB
4P23_HC69A,0.6170114,,1,4P23_CD_AB
4P23_VC73A,0.0,,1,4P23_CD_AB
4P23_KC76A,0.17043781,,1,4P23_CD_AB
4P23_FD1A,0.0,,1,4P23_CD_AB
4P23_ED2A,1.1667991,,1,4P23_CD_AB
4P23_QD4A,0.6829073,,1,4P23_CD_AB
4P23_KD5A,2.2306223,,1,4P23_CD_AB
4P23_KD7A,2.5683444,,1,4P23_CD_AB
4P23_ND9A,0.0,,1,4P23_CD_AB
4P23_KD10A,0.09132688,,1,4P23_CD_AB
4P23_VD12A,0.0,,1,4P23_CD_AB
4P23_DD13A,0.17043781,,1,4P23_CD_AB
4P23_ED68A,0.09132688,,1,4P23_CD_AB
4P23_YD69A,0.24021861,,1,4P23_CD_AB
4P23_SD72A,0.0,,1,4P23_CD_AB
4P23_QD73A,0.17043781,,1,4P23_CD_AB
4P23_PD74A,0.09132688,,1,4P23_CD_AB
4P23_ED75A,0.17043781,,1,4P23_CD_AB
4P23_ID76A,0.17043781,,1,4P23_CD_AB
4P23_ED78A,0.17043781,,1,4P23_CD_AB
4P23_RD79A,2.071513,,1,4P23_CD_AB
4P23_RD81A,0.09132688,,1,4P23_CD_AB
4P23_DD85A,0.09132688,,1,4P23_CD_AB
4P23_TD86A,0.0,,1,4P23_CD_AB
4P23_RD89A,0.09132688,,1,4P23_CD_AB
4P23_HD90A,0.17043781,,1,4P23_CD_AB
4P23_ED93A,0.09132688,,1,4P23_CD_AB
4P5T_KC40A,1.1385816,4.620827674865723,1,4P5T_CD_AB
4P5T_DC56A,0.6170114,4.086111545562744,1,4P5T_CD_AB
4P5T_QC58A,0.0,0.5361952781677246,1,4P5T_CD_AB
4P5T_LC61A,1.0099814,2.767333030700684,1,4P5T_CD_AB
4P5T_QC62A,0.0,-0.2838826179504394,1,4P5T_CD_AB
4P5T_NC63A,1.4963729,2.436884880065918,1,4P5T_CD_AB
4P5T_VC66A,0.8687343,3.224751234054565,1,4P5T_CD_AB
4P5T_KC68A,0.99175066,3.284587860107422,1,4P5T_CD_AB
4P5T_HC69A,1.0099814,-0.7608585357666016,1,4P5T_CD_AB
4P5T_VC73A,0.0,4.068880081176758,1,4P5T_CD_AB
4P5T_KC76A,0.35910636,0.819371223449707,1,4P5T_CD_AB
4P5T_FD1A,0.0,-0.3530950546264648,1,4P5T_CD_AB
4P5T_ED2A,1.0615314,2.3086180686950684,1,4P5T_CD_AB
4P5T_QD4A,1.6548417,0.9840855598449708,1,4P5T_CD_AB
4P5T_KD5A,1.9915464,-1.5860466957092283,1,4P5T_CD_AB
4P5T_KD7A,1.5492381,2.6458630561828613,1,4P5T_CD_AB
4P5T_ND9A,0.0,-0.2540721893310547,1,4P5T_CD_AB
4P5T_KD10A,0.24021861,-0.191756010055542,1,4P5T_CD_AB
4P5T_VD12A,0.09132688,3.354283809661865,1,4P5T_CD_AB
4P5T_DD13A,0.0,-0.3834257125854492,1,4P5T_CD_AB
4P5T_ED67A,0.24021861,0.5276085138320923,1,4P5T_CD_AB
4P5T_YD68A,0.17043781,-1.128018856048584,1,4P5T_CD_AB
4P5T_SD71A,0.0,0.3499425053596496,1,4P5T_CD_AB
4P5T_QD72A,0.0,2.858077049255371,1,4P5T_CD_AB
4P5T_PD73A,0.0,1.7108643054962158,1,4P5T_CD_AB
4P5T_ED74A,0.6170114,0.2423334121704101,1,4P5T_CD_AB
4P5T_ID75A,0.09132688,3.712649345397949,1,4P5T_CD_AB
4P5T_ED77A,1.0099814,1.5517781972885132,1,4P5T_CD_AB
4P5T_RD78A,2.0744975,1.636159896850586,1,4P5T_CD_AB
4P5T_RD80A,0.0,3.155541181564331,1,4P5T_CD_AB
4P5T_DD84A,0.0,2.433854579925537,1,4P5T_CD_AB
4P5T_TD85A,0.82131284,4.472580909729004,1,4P5T_CD_AB
4P5T_RD88A,0.0,3.1587061882019043,1,4P5T_CD_AB
4P5T_HD89A,0.7960983,2.7769598960876465,1,4P5T_CD_AB
4P5T_ED92A,0.0,2.020493030548096,1,4P5T_CD_AB
4PWX_FA194A,1.7292318,0.0177769660949707,1,4PWX_AB_CD
4PWX_YA198A,1.7292318,0.5461664199829102,1,4PWX_AB_CD
4PWX_EA201K,1.7292318,1.0153589248657229,1,4PWX_AB_CD
4PWX_QA205A,1.0139576,-0.7589986324310303,1,4PWX_AB_CD
4PWX_EA206A,1.0391722,1.7069014310836792,1,4PWX_AB_CD
4PWX_EA246K,1.7292318,-0.0331224203109741,1,4PWX_AB_CD
4PWX_DA250A,1.1433789,3.063882112503052,1,4PWX_AB_CD
4PWX_RB269A,1.7292318,4.090619087219238,1,4PWX_AB_CD
4PWX_KB65A,0.20247005,0.5701994895935059,1,4PWX_AB_CD
4PWX_KB65D,0.11888775,1.2093853950500488,1,4PWX_AB_CD
4PWX_KB68A,0.44786295,-0.5835423469543457,1,4PWX_AB_CD
4PWX_KB68D,0.2617647,-2.3709309101104736,1,4PWX_AB_CD
4PWX_RB71A,0.35910636,1.6944648027420044,1,4PWX_AB_CD
4PWX_KC1A,0.46811968,0.5405051708221436,1,4PWX_AB_CD
4PWX_KC9A,-0.2740822,-1.8989849090576167,1,4PWX_AB_CD
4PWX_YC15A,0.7546097,1.4747881889343262,1,4PWX_AB_CD
4PWX_YC16A,1.1449693,-2.6029746532440186,1,4PWX_AB_CD
4PWX_EC17A,-0.68473864,-0.4331037998199463,1,4PWX_AB_CD
4PWX_HC19A,-0.34823537,-1.812948942184448,1,4PWX_AB_CD
4PWX_QC20A,-0.17779756,0.793982982635498,1,4PWX_AB_CD
4PWX_RC23A,1.7292318,1.127516508102417,1,4PWX_AB_CD
4PWX_RC28A,1.7292318,2.2753047943115234,1,4PWX_AB_CD
4PWX_RC31A,0.33467188,1.004394769668579,1,4PWX_AB_CD
4PWX_DC60K,0.3709558,1.950189471244812,1,4PWX_AB_CD
4PWX_EC67K,1.1038674,0.9092953205108644,1,4PWX_AB_CD
"4RA0_SC6G,GC61D,AC66V,RC101G",1.4830588,2.521870732307434,4,4RA0_A_C
"4RA0_GC61D,AC66V,RC101G",1.5820304,2.242542584737142,3,4RA0_A_C
"4RA0_SC6G,AC66V,RC101G",0.97927755,2.9466745853424072,3,4RA0_A_C
"4RA0_SC6G,GC61D,AC66V,RC101G",0.88373387,2.521870732307434,4,4RA0_A_C
"4RA0_SC6G,GC61D,AC66V",1.4648281,2.9245644410451255,3,4RA0_A_C
"4RA0_AC66V,RC101G",0.9535147,2.7400842905044556,2,4RA0_A_C
"4RA0_GC61D,AC66V,RC101G",0.636063,2.242542584737142,3,4RA0_A_C
"4RA0_GC61D,AC66V",1.5179191,2.7069190740585327,2,4RA0_A_C
"4RA0_SC6G,AC66V",0.9219699,3.7631170749664307,2,4RA0_A_C
"4RA0_SC6G,GC61D,AC66V",0.8267733,2.9245644410451255,3,4RA0_A_C
"4RA0_SC6G,AC66V,RC101G",0.44268864,2.9466745853424072,3,4RA0_A_C
"4RA0_SC6G,AC66V",0.61312646,3.7631170749664307,2,4RA0_A_C
"4RA0_GC61D,AC66V",0.6863618,2.7069190740585327,2,4RA0_A_C
4RA0_AC66V,0.9311553,4.166378974914551,1,4RA0_A_C
4RA0_RC101G,0.24748805,1.3137896060943604,1,4RA0_A_C
"4RS1_RB47A,EB48A,HB52A",-0.5465883,1.2858465512593586,3,4RS1_A_B
"4RS1_NB116A,SB117A,KB118A,RB119A",-0.046389494,0.13973206281661987,4,4RS1_A_B
"4RS1_LB146A,TB147A,SB148A",-0.2159344,1.8728315035502117,3,4RS1_A_B
4RS1_NB150A,-0.046389494,5.264808654785156,1,4RS1_A_B
4RS1_YB151A,-0.6558536,2.333116054534912,1,4RS1_A_B
4RS1_YB151F,-0.44905767,-0.0785830020904541,1,4RS1_A_B
4RS1_TB172A,0.4807126,-0.2691025733947754,1,4RS1_A_B
4RS1_KB174A,0.871208,2.760791778564453,1,4RS1_A_B
4RS1_IB175A,-0.2759809,3.032763957977295,1,4RS1_A_B
4RS1_EB176A,-0.6945898,2.966970920562744,1,4RS1_A_B
"4RS1_YB201A,YB206A",0.7209312,2.534876227378845,2,4RS1_A_B
4RS1_QB202A,1.3541716,1.2408976554870603,1,4RS1_A_B
4RS1_KB203A,0.2762816,2.66706657409668,1,4RS1_A_B
4RS1_LB204A,0.0722545,3.818176746368408,1,4RS1_A_B
4RS1_SB205A,0.6159898,3.722947835922241,1,4RS1_A_B
4RS1_EA25A,1.5025767,2.077368259429932,1,4RS1_A_B
4RS1_EA25K,2.1401377,0.9915422201156616,1,4RS1_A_B
4RS1_DA28A,2.5922298,5.018359184265137,1,4RS1_A_B
4RS1_DA28K,3.6194358,5.088271617889404,1,4RS1_A_B
4RS1_QA79A,0.46995106,1.9201807975769043,1,4RS1_A_B
4RS1_QA79E,1.212153,2.565932273864746,1,4RS1_A_B
4RS1_DA92A,2.1333666,-0.5983579158782959,1,4RS1_A_B
4RS1_DA92K,3.2598674,-1.2569818496704102,1,4RS1_A_B
4RS1_LA95A,2.3655868,2.234342098236084,1,4RS1_A_B
4RS1_FA99A,3.626325,1.5970149040222168,1,4RS1_A_B
"4RS1_LA95A,FA99A",4.122902,1.9156785011291504,2,4RS1_A_B
"4RS1_EA25K,DA28K",4.122902,3.039906919002533,2,4RS1_A_B
"4RS1_EA25K,DA92K",4.122902,-0.13271981477737424,2,4RS1_A_B
"4RS1_DA28K,DA92K",4.122902,1.915644884109497,2,4RS1_A_B
4RS1_EA88A,0.47655228,0.9632760286331176,1,4RS1_A_B
4RS1_EA88Q,0.9249573,0.6443356275558472,1,4RS1_A_B
4RS1_EA88K,0.33650327,0.5696424245834351,1,4RS1_A_B
4RS1_NA89D,0.2956283,-0.6058688163757324,1,4RS1_A_B
4RS1_NA89A,1.290018,-0.3008909225463867,1,4RS1_A_B
4RS1_NA89K,0.91014516,-1.5078587532043457,1,4RS1_A_B
4RS1_KA91A,-0.11502811,0.2565405368804931,1,4RS1_A_B
4RS1_KA91Q,0.2740822,0.646104097366333,1,4RS1_A_B
4RS1_KA91E,0.1251905,0.1762459278106689,1,4RS1_A_B
4RS1_DA92N,1.430067,-0.6272423267364502,1,4RS1_A_B
4RS1_DA92A,1.7201008,-0.5983579158782959,1,4RS1_A_B
4RS1_DA92R,3.1302214,-1.3764246702194214,1,4RS1_A_B
4RS1_DA92K,3.9774852,-1.2569818496704102,1,4RS1_A_B
4RS1_IA6G,0.85628736,4.095592498779297,1,4RS1_A_B
4RS1_EA8R,0.39442384,1.0084717273712158,1,4RS1_A_B
4RS1_RA10D,0.17839031,2.270204544067383,1,4RS1_A_B
4RS1_RA11D,0.19012241,0.7538745403289795,1,4RS1_A_B
4U6H_NE21A,-0.34823537,1.984141826629639,1,4U6H_AB_E
4U6H_QE25A,0.11888775,0.6690545082092285,1,4U6H_AB_E
"4UYP_SD15I,ID16N",-0.2552182,-0.1510818004608154,2,4UYP_A_D
"4UYP_ID51S,ND52I,SD15I,ID16N",-0.21131277,2.400862812995911,4,4UYP_A_D
"4UYP_RD14N,KD50N,SD15I,ID16N",0.689111,-0.6381083130836487,4,4UYP_A_D
"4UYP_ID51S,ID16N",1.9741712,2.410336494445801,2,4UYP_A_D
"4UYP_ND52I,SD15I",3.837295,2.3913891315460205,2,4UYP_A_D
"4UYP_AD18F,AD54F,SD15I,ID16N",4.6809673,2.460322022438049,4,4UYP_A_D
"4UYP_LD20Y,LD56Y,SD15I,ID16N",0.24021861,1.9443944692611694,4,4UYP_A_D
"4UYP_DD23Q,DD59Q,SD15I,ID16N",4.4727807,0.8207515478134155,4,4UYP_A_D
"4UYQ_SB51I,IB52N",-0.043905415,,2,4UYQ_A_B
"4UYQ_IB15S,NB16I,SB51I,IB52N",0.21131277,,4,4UYQ_A_B
"4UYQ_RB14N,KB50N,SB51I,IB52N",0.90042377,,4,4UYQ_A_B
"4UYQ_IB15S,IB52N",2.185484,,2,4UYQ_A_B
"4UYQ_NB16I,SB51I",4.048608,,2,4UYQ_A_B
"4UYQ_AB18F,AB54F,SB51I,IB52N",4.89228,,4,4UYQ_A_B
"4UYQ_LB20Y,LB56Y,SB51I,IB52N",0.45153138,,4,4UYQ_A_B
"4UYQ_DB23Q,DB59Q,SB51I,IB52N",4.6840935,,4,4UYQ_A_B
4WND_RA201E,2.7958486,-0.3535499572753906,1,4WND_A_B
4WND_NA263R,-0.020789921,2.753185749053955,1,4WND_A_B
"4WND_RA201E,NA263R",3.8573802,1.1998178958892822,2,4WND_A_B
4X4M_KE153A,0.63954675,1.0951166152954102,1,4X4M_AB_E
4X4M_HE154A,0.38309553,-0.8246517181396484,1,4X4M_AB_E
4X4M_RE155A,1.7401713,1.689953088760376,1,4X4M_AB_E
"4X4M_KE153A,HE154A,RE155A",1.7881416,0.6534726619720459,3,4X4M_AB_E
4X4M_KE153E,0.9535147,1.0274462699890137,1,4X4M_AB_E
4X4M_HE154E,1.9851296,-1.3059964179992676,1,4X4M_AB_E
4X4M_RE155E,0.6418298,0.7332284450531006,1,4X4M_AB_E
4Y61_YA246A,-0.07816073,2.869902849197388,1,4Y61_A_B
4Y61_RB86A,-0.19305323,0.8112027645111084,1,4Y61_A_B
"4Y61_FB219A,HB222A",0.28917426,0.117267370223999,2,4Y61_A_B
4YEB_DA133A,1.3676664,1.0764071941375732,1,4YEB_A_B
4YEB_AA114S,0.069391154,-0.2352786064147949,1,4YEB_A_B
4YEB_RB88T,0.27757752,-1.352738857269287,1,4YEB_A_B
4YEB_FB131A,2.4174657,1.2164640426635742,1,4YEB_A_B
4YFD_RA48A,0.2849532,3.847736358642578,1,4YFD_A_B
4YFD_RA169A,0.1594458,2.4796018600463867,1,4YFD_A_B
4YFD_EA259A,1.2165227,0.1525771617889404,1,4YFD_A_B
"4YFD_EA207G,LA208S,RA209S,EA210G",-0.035917178,0.12179702520370482,4,4YFD_A_B
"4YFD_EA207Q,RA209E,EA210Q",0.17261195,0.9157418807347616,3,4YFD_A_B
4YFD_WB4A,1.1326016,4.244534492492676,1,4YFD_A_B
4YFD_DB7A,-0.054726757,1.2037878036499023,1,4YFD_A_B
4YFD_KB71A,1.4750849,1.6682599782943726,1,4YFD_A_B
4YH7_RA48A,1.7339525,3.194558620452881,1,4YH7_A_B
4YH7_RA169A,1.4383242,1.612715721130371,1,4YH7_A_B
4YH7_YA246A,1.0345972,3.5548672676086426,1,4YH7_A_B
"4YH7_EA207G,LA208S,RA209S,EA210G",-0.04087496,0.0558648109436035,4,4YH7_A_B
"4YH7_EA207Q,RA209E,EA210Q",0.038235974,0.36570143699646,3,4YH7_A_B
4YH7_DB7A,1.6426257,0.2776726484298706,1,4YH7_A_B
"4YH7_MB45A,YB47A,PB58A,FB61A",1.7339525,3.4711689949035645,4,4YH7_A_B
4YH7_DB258A,1.5910757,3.445807218551636,1,4YH7_A_B
4ZS6_YA160A,-0.110299826,-0.4400966167449951,1,4ZS6_HL_A
4ZS6_EA156A,3.0400271,0.3617866039276123,1,4ZS6_HL_A
5C6T_YA182A,3.2097912,0.628974437713623,1,5C6T_HL_A
5C6T_NA183A,0.28412402,-0.5268745422363281,1,5C6T_HL_A
5C6T_TA185A,0.33802044,-0.0742015838623046,1,5C6T_HL_A
5C6T_NA186A,0.36323497,1.9077566862106323,1,5C6T_HL_A
5C6T_NA188A,-0.36675102,0.1959798336029052,1,5C6T_HL_A
5C6T_FA192A,1.9980958,4.070046424865723,1,5C6T_HL_A
5C6T_EA194A,1.0911602,1.6614603996276855,1,5C6T_HL_A
"5C6T_NA195A,DA197A",0.5867637,0.6822866201400757,2,5C6T_HL_A
"5C6T_YA182A,NA195A,DA197A",2.9437425,0.6645158926645914,3,5C6T_HL_A
5C6T_FA199A,2.7594142,2.313777446746826,1,5C6T_HL_A
5C6T_FA200A,0.41065642,-0.0504834651947021,1,5C6T_HL_A
5C6T_IA201A,0.8860082,3.041684627532959,1,5C6T_HL_A
5C6T_RH31S,0.3116849,-1.1701600551605225,1,5C6T_HL_A
5C6T_SH32A,-0.8687343,1.0589652061462402,1,5C6T_HL_A
5C6T_NH97A,1.5265794,0.962249517440796,1,5C6T_HL_A
5C6T_YH98A,1.7174487,0.3903865814208984,1,5C6T_HL_A
5C6T_FH99A,1.4606836,1.5057306289672852,1,5C6T_HL_A
5C6T_YH104A,0.36323497,0.2810449600219726,1,5C6T_HL_A
5C6T_YL47A,0.5519035,1.974850296974182,1,5C6T_HL_A
5C6T_RL48A,0.12301635,2.018406391143799,1,5C6T_HL_A
5CXB_EB49D,0.3650607,0.3424656391143799,1,5CXB_A_B
5CXB_TB52Q,0.062421046,4.215338706970215,1,5CXB_A_B
5CXB_RB54A,0.56440437,2.712324619293213,1,5CXB_A_B
5CXB_RB54E,2.680372,1.7312520742416382,1,5CXB_A_B
5CXB_VB56W,0.56440437,3.2126283645629883,1,5CXB_A_B
5CYK_EB52R,-2.680372,-2.64355993270874,1,5CYK_A_B
"5CYK_EB52R,EB47D",-2.3153112,-1.388516426086426,2,5CYK_A_B
"5CYK_EB52R,TB50Q",-2.617951,0.2913951873779297,2,5CYK_A_B
5CYK_EB52A,-2.1159675,1.011577606201172,1,5CYK_A_B
"5CYK_EB52R,VB54W",-2.1159675,-0.17580842971801755,2,5CYK_A_B
5E6P_IB22A,0.27845457,1.637966871261597,1,5E6P_A_B
5E6P_LB24A,0.92932963,0.7889752388000488,1,5E6P_A_B
5E6P_RB42A,0.689111,4.249510765075684,1,5E6P_A_B
5E6P_RB42E,1.7748275,3.5505805015563965,1,5E6P_A_B
5E6P_YA468A,0.36446795,3.0879452228546143,1,5E6P_A_B
5E6P_AA494E,1.1179981,2.371238946914673,1,5E6P_A_B
5E6P_AA495E,1.6043897,4.640401840209961,1,5E6P_A_B
5E9D_GD27E,-0.4793571,-0.6609745025634766,1,5E9D_AB_CDE
5E9D_TD90Q,-0.57393026,-2.1241066455841064,1,5E9D_AB_CDE
5E9D_VE49D,-0.4326832,-1.173750400543213,1,5E9D_AB_CDE
5E9D_AE98Y,-0.8998063,0.6636738777160645,1,5E9D_AB_CDE
5E9D_YD49W,-0.3491009,1.769295573234558,1,5E9D_AB_CDE
5E9D_NE27G,0.27520233,-0.7910133600234985,1,5E9D_AB_CDE
5E9D_SD50G,-0.03564696,0.3661274909973144,1,5E9D_AB_CDE
5E9D_KD96Q,0.18748797,0.3593714237213135,1,5E9D_AB_CDE
"5E9D_GD27E,TD90Q",-1.5506814,-1.3925405740737915,2,5E9D_AB_CDE
"5E9D_GD27E,VE49D",-1.202446,-0.9173624515533446,2,5E9D_AB_CDE
"5E9D_GD27E,AE98Y",-1.3104627,0.0013496875762939,2,5E9D_AB_CDE
"5E9D_TD90Q,AE98Y",-1.2722268,-0.730216383934021,2,5E9D_AB_CDE
"5E9D_GD27E,TD90Q,AE98Y",-2.4752903,-0.7071357568105062,3,5E9D_AB_CDE
"5E9D_GD27R,TD90Q,VE49E,AE98D",-3.1261652,-1.1627134680747986,4,5E9D_AB_CDE
"5E9D_GD27E,TD90Q,VE49D,AE98E",-2.6363978,-1.1695141792297363,4,5E9D_AB_CDE
"5E9D_GD27R,TD90Q,VE49E,AE98V",-2.7594142,-0.5523961186408995,4,5E9D_AB_CDE
5F4E_EA50A,0.288412,1.0379990339279177,1,5F4E_A_B
5F4E_EA50K,0.41565606,1.1238583326339722,1,5F4E_A_B
5F4E_DA51A,0.109688,1.6316466331481934,1,5F4E_A_B
5F4E_QA109A,-0.030917553,-0.0815498828887939,1,5F4E_A_B
5F4E_HA136A,2.0250034,0.6569633483886719,1,5F4E_A_B
5F4E_RA139A,1.4903171,2.140937328338623,1,5F4E_A_B
5F4E_RA139E,2.1438913,1.7726078033447266,1,5F4E_A_B
5F4E_EB26A,1.4491522,0.4705996513366699,1,5F4E_A_B
5F4E_EB26K,2.2867682,0.0386109352111816,1,5F4E_A_B
5F4E_WB43A,1.0731323,4.085526466369629,1,5F4E_A_B
5F4E_LB62A,2.9850647,1.9740394353866575,1,5F4E_A_B
5F4E_KB139A,0.29455143,1.672624588012695,1,5F4E_A_B
5F4E_KB139E,0.48598975,1.4507794380187988,1,5F4E_A_B
5K39_MB108A,-0.47785532,2.6457386016845703,1,5K39_A_B
5K39_MB112A,-0.23312329,-0.577765941619873,1,5K39_A_B
5K39_SB115A,0.45034054,-0.6542239189147949,1,5K39_A_B
5K39_FB142A,2.7175374,-0.6668860912322998,1,5K39_A_B
5K39_IB148A,2.053059,4.863489151000977,1,5K39_A_B
5M2O_IB17A,2.0263622,2.338491439819336,1,5M2O_A_B
5M2O_SB18A,0.047044702,2.552487373352051,1,5M2O_A_B
5M2O_VB21A,2.4438415,2.998676300048828,1,5M2O_A_B
5M2O_QB25A,1.1449113,4.128654479980469,1,5M2O_A_B
5M2O_KB32A,1.0636262,3.0195388793945312,1,5M2O_A_B
5M2O_QB61A,-0.157751,2.066821813583374,1,5M2O_A_B
5M2O_LB65A,0.8506515,5.206187725067139,1,5M2O_A_B
"5M2O_VB21A,QB25A",3.3175988,3.5636653900146484,2,5M2O_A_B
5M2O_NA64A,0.041853413,4.045040607452393,1,5M2O_A_B
5M2O_NA71A,0.15484607,1.1803858280181885,1,5M2O_A_B
5M2O_KA73A,-0.75707597,-0.639411449432373,1,5M2O_A_B
5M2O_LA75A,1.627034,5.284627914428711,1,5M2O_A_B
5M2O_EA80A,0.6998548,1.5443460941314695,1,5M2O_A_B
5M2O_HA117A,0.883034,0.2373037338256836,1,5M2O_A_B
5M2O_NA120A,0.44989702,0.7421765327453613,1,5M2O_A_B
"5M2O_EA80A,HA117A",2.529977,0.8908249139785765,2,5M2O_A_B
"5M2O_NA71A,HA117A",2.2868183,0.708844780921936,2,5M2O_A_B
"5M2O_NA71A,NA120A",2.4594626,0.9612811803817748,2,5M2O_A_B
"5M2O_NA71A,EA80A",1.028942,1.362365961074829,2,5M2O_A_B
"5M2O_EA80A,HA117A",2.529977,0.8908249139785765,2,5M2O_A_B
"5M2O_EA80A,NA120A",1.210967,1.1432613134384155,2,5M2O_A_B
"5M2O_HA117A,NA120A",2.338982,0.4897401332855224,2,5M2O_A_B
"5TAR_TA183A,KA184E",2.7309124,0.9172755479812622,2,5TAR_A_B
5TAR_FB13A,0.23156951,3.7702884674072266,1,5TAR_A_B
5TAR_MB18A,-0.21500409,0.6207036972045898,1,5TAR_A_B
5TAR_WB30A,0.6593997,2.3256306648254395,1,5TAR_A_B
5TAR_EB86A,1.1265228,2.968357563018799,1,5TAR_A_B
5TAR_WB88A,0.38432088,0.8024919033050537,1,5TAR_A_B
5TAR_QB114A,0.15741637,1.5256240367889404,1,5TAR_A_B
5TAR_IB127A,-0.026335536,2.6207737922668457,1,5TAR_A_B
5TAR_FB131A,0.24874325,1.8791007995605469,1,5TAR_A_B
5UFE_GA12D,-1.2214625,1.327333688735962,1,5UFE_A_B
5UFE_GA12D,-1.3788003,1.327333688735962,1,5UFE_A_B
5UFE_GA12C,-0.39637977,3.058834791183472,1,5UFE_A_B
5UFE_GA12V,-0.72792524,2.223493814468384,1,5UFE_A_B
5UFE_QB25R,0.29242265,-0.4496955871582031,1,5UFE_A_B
"5UFE_QB25R,EB33G,DB34G",0.097520106,-0.5478971004486084,3,5UFE_A_B
"5UFE_GA12D,QB25R",-0.9751044,0.4388190507888794,2,5UFE_A_B
5UFE_GA12D,-1.2214625,1.327333688735962,1,5UFE_A_B
"5UFE_GA12D,QB25R,EB33G,DB34G",-0.92253727,-0.07908940315246582,4,5UFE_A_B
5UFQ_DA12G,1.2214625,-0.1796972751617431,1,5UFQ_A_C
5UFQ_DA12G,1.3788003,-0.1796972751617431,1,5UFQ_A_C
5UFQ_DA12C,0.9824205,1.305133819580078,1,5UFQ_A_C
5UFQ_DA12V,0.65087503,-0.7854571342468262,1,5UFQ_A_C
"5UFQ_DA12G,QC25R,KC55G",1.5138851,0.5863296190897623,3,5UFQ_A_C
5UFQ_DA12G,1.2214625,-0.1796972751617431,1,5UFQ_A_C
"5UFQ_QC25R,KC55G",0.24635807,0.9693430662155152,2,5UFQ_A_C
5XCO_DA13C,0.8112426,1.865248203277588,1,5XCO_A_B
5XCO_DA13G,1.1104871,0.4261274337768554,1,5XCO_A_B
5XCO_PB6A,1.079022,5.156337261199951,1,5XCO_A_B
5XCO_LB7A,2.7479832,1.5798625946044922,1,5XCO_A_B
5XCO_YB8A,1.3641711,3.7185757160186768,1,5XCO_A_B
5XCO_IB9A,2.7973828,4.778833389282227,1,5XCO_A_B
5XCO_SB10A,1.2860104,2.264076232910156,1,5XCO_A_B
5XCO_YB11A,1.900335,2.145126819610596,1,5XCO_A_B
5XCO_DB12A,2.7973828,5.140859603881836,1,5XCO_A_B
5XCO_PB13A,0.63513535,2.771172523498535,1,5XCO_A_B
5XCO_VB14A,0.0,2.114412784576416,1,5XCO_A_B
"5XCO_DA13C,PB6A",2.409963,3.5107927322387695,2,5XCO_A_B
"5XCO_DA13C,LB7A",2.7973828,1.72255539894104,2,5XCO_A_B
"5XCO_DA13C,YB8A",2.6189926,2.7919119596481323,2,5XCO_A_B
"5XCO_DA13C,IB9A",2.7973828,3.3220407962799077,2,5XCO_A_B
"5XCO_DA13C,SB10A",2.4643545,2.064662218093872,2,5XCO_A_B
"5XCO_DA13C,YB11A",2.7973828,2.005187511444092,2,5XCO_A_B
"5XCO_DA13C,DB12A",2.7973828,3.503053903579712,2,5XCO_A_B
"5XCO_DA13C,PB13A",1.7475835,2.3182103633880615,2,5XCO_A_B
"5XCO_DA13C,VB14A",0.8599647,1.989830493927002,2,5XCO_A_B
"5XCO_DA13G,PB6A",2.4538684,2.7912323474884033,2,5XCO_A_B
"5XCO_DA13G,LB7A",2.7973828,1.002995014190674,2,5XCO_A_B
"5XCO_DA13G,YB8A",2.7415082,2.072351574897766,2,5XCO_A_B
"5XCO_DA13G,IB9A",2.7973828,2.602480411529541,2,5XCO_A_B
"5XCO_DA13G,SB10A",2.7914286,1.345101833343506,2,5XCO_A_B
"5XCO_DA13G,YB11A",2.7973828,1.2856271266937256,2,5XCO_A_B
"5XCO_DA13G,DB12A",2.7973828,2.7834935188293457,2,5XCO_A_B
"5XCO_DA13G,PB13A",2.1223228,1.598649978637695,2,5XCO_A_B
"5XCO_DA13G,VB14A",1.3228204,1.2702701091766357,2,5XCO_A_B
