pdbcode,complex,mutstr,num_muts,ddG,fold
1CSE,1CSE_E_I,LI38G,1,2.2805772,2
1CSE,1CSE_E_I,LI38S,1,1.1887755,2
1CSE,1CSE_E_I,LI38P,1,6.7654457,2
1CSE,1CSE_E_I,LI38I,1,2.9825015,2
1CSE,1CSE_E_I,LI38D,1,4.411843,2
1CSE,1CSE_E_I,LI38E,1,2.3827457,2
1ACB,1ACB_E_I,LI38G,1,6.1180687,3
1ACB,1ACB_E_I,LI38S,1,5.0208483,3
1ACB,1ACB_E_I,LI38P,1,6.9490676,3
1ACB,1ACB_E_I,LI38I,1,4.2901506,3
1ACB,1ACB_E_I,LI38D,1,6.866746,3
1ACB,1ACB_E_I,LI38E,1,6.646428,3
1SBN,1SBN_E_I,RI38K,1,-0.3099994,1
1SIB,1SIB_E_I,KI46R,1,-0.7315268,2
1TM1,1TM1_E_I,YI42A,1,2.1795297,1
1TM1,1TM1_E_I,YI42G,1,4.6809673,1
1TM1,1TM1_E_I,RI46A,1,3.07986,1
1TM1,1TM1_E_I,RI48A,1,2.9234388,1
1TM1,1TM1_E_I,RI48C,1,3.2358015,1
1TM1,1TM1_E_I,"RI48A,RI46A",2,5.0519233,1
1TM1,1TM1_E_I,TI39D,1,2.0990736,1
1TM1,1TM1_E_I,TI39A,1,2.572396,1
1TM1,1TM1_E_I,EI41A,1,2.9246554,1
1TM1,1TM1_E_I,"TI39A,EI41A",2,3.3903959,1
1TM1,1TM1_E_I,"TI39D,EI41A",2,0.754171,1
1TM1,1TM1_E_I,VI51A,1,0.024861773,1
1Y1K,1Y1K_E_I,AI39T,1,-2.7283423,1
1Y33,1Y33_E_I,PI39T,1,-3.75601,4
1Y34,1Y34_E_I,AI41E,1,-3.0542183,3
1Y3B,1Y3B_E_I,SI41E,1,-2.7477686,1
1Y4A,1Y4A_E_I,"SI40E,RI39M",2,-3.549655,0
1Y3C,1Y3C_E_I,AI43R,1,-1.2561543,3
1Y48,1Y48_E_I,AI46R,1,-3.75601,3
1Y3D,1Y3D_E_I,AI48R,1,-3.0981238,0
1TM1,1TM1_E_I,TI39A,1,2.7283423,1
1TM1,1TM1_E_I,TI39P,1,3.75601,1
1TM1,1TM1_E_I,EI41A,1,3.0542183,1
1TM1,1TM1_E_I,EI41S,1,2.7477686,1
1TM1,1TM1_E_I,"EI41S,MI40R",2,3.549655,1
1TM1,1TM1_E_I,RI43A,1,1.2561543,1
1TM1,1TM1_E_I,RI46A,1,3.75601,1
1TM1,1TM1_E_I,RI48A,1,3.0981238,1
1TM4,1TM4_E_I,GI40M,1,-2.2329054,0
1TM5,1TM5_E_I,AI40M,1,-1.0276679,2
1TM3,1TM3_E_I,KI40M,1,-1.0935637,2
1TM7,1TM7_E_I,YI40M,1,-0.056466706,1
1TMG,1TMG_E_I,FI40M,1,-1.0276679,0
1TO1,1TO1_E_I,AI42Y,1,-2.9815822,2
1TM1,1TM1_E_I,MI40G,1,2.2329054,1
1TM1,1TM1_E_I,MI40A,1,1.0276679,1
1TM1,1TM1_E_I,MI40K,1,1.0935637,1
1TM1,1TM1_E_I,MI40Y,1,0.056466706,1
1TM1,1TM1_E_I,MI40F,1,1.0276679,1
1TM1,1TM1_E_I,YI42A,1,2.9815822,1
2SIC,2SIC_E_I,MI67E,1,0.7960983,0
2SIC,2SIC_E_I,MI67D,1,0.7515321,0
2SIC,2SIC_E_I,MI67H,1,0.21785927,0
2SIC,2SIC_E_I,MI67K,1,0.0,0
2SIC,2SIC_E_I,MI67R,1,0.0,0
2SIC,2SIC_E_I,MI67G,1,0.14522329,0
2SIC,2SIC_E_I,MI67A,1,0.21785927,0
2SIC,2SIC_E_I,MI67L,1,-0.24021861,0
2SIC,2SIC_E_I,MI67V,1,0.71329606,0
2SIC,2SIC_E_I,MI67I,1,1.6043897,0
1IAR,1IAR_A_B,IA5A,1,1.171374,0
1IAR,1IAR_A_B,IA5R,1,0.7960983,0
1IAR,1IAR_A_B,TA6A,1,-0.10364441,0
1IAR,1IAR_A_B,TA6D,1,1.3927286,0
1IAR,1IAR_A_B,QA8A,1,-0.022359332,0
1IAR,1IAR_A_B,QA8R,1,0.038921285,0
1IAR,1IAR_A_B,EA9Q,1,3.1128292,0
1IAR,1IAR_A_B,IA11A,1,0.06896754,0
1IAR,1IAR_A_B,KA12S,1,-0.014812071,0
1IAR,1IAR_A_B,KA12E,1,0.13947128,0
1IAR,1IAR_A_B,TA13A,1,0.97857684,0
1IAR,1IAR_A_B,TA13D,1,-0.21867253,0
1IAR,1IAR_A_B,NA15A,1,-0.033863615,0
1IAR,1IAR_A_B,NA15D,1,-0.07806697,0
1IAR,1IAR_A_B,SA16A,1,-0.18275535,0
1IAR,1IAR_A_B,SA16D,1,-0.10364441,0
1IAR,1IAR_A_B,EA19A,1,-0.3199568,0
1IAR,1IAR_A_B,EA19R,1,-0.116859496,0
1IAR,1IAR_A_B,RA53Q,1,0.83576363,0
1IAR,1IAR_A_B,KA77A,1,0.15374792,0
1IAR,1IAR_A_B,KA77E,1,0.6118258,0
1IAR,1IAR_A_B,QA78A,1,0.12484209,0
1IAR,1IAR_A_B,QA78E,1,0.2450748,0
1IAR,1IAR_A_B,RA81A,1,0.47962397,0
1IAR,1IAR_A_B,RA81E,1,1.4617344,0
1IAR,1IAR_A_B,FA82A,1,-0.086470686,0
1IAR,1IAR_A_B,FA82D,1,-0.5806068,0
1IAR,1IAR_A_B,KA84A,1,0.34497565,0
1IAR,1IAR_A_B,KA84D,1,1.8800951,0
1IAR,1IAR_A_B,RA85A,1,0.426889,0
1IAR,1IAR_A_B,RA85E,1,1.2246095,0
1IAR,1IAR_A_B,RA88Q,1,2.8289993,0
1IAR,1IAR_A_B,RA88A,1,3.7547178,0
1IAR,1IAR_A_B,NA89A,1,1.558794,0
1IAR,1IAR_A_B,WA91A,1,0.72952867,0
1IAR,1IAR_A_B,WA91D,1,1.3066063,0
1BRS,1BRS_A_D,KA25A,1,5.3809495,2
1BRS,1BRS_A_D,RA57A,1,5.245372,2
1BRS,1BRS_A_D,RA81Q,1,5.4200263,2
1BRS,1BRS_A_D,RA85A,1,5.564701,2
1BRS,1BRS_A_D,HA100A,1,6.1457953,2
1BRS,1BRS_A_D,YD29F,1,-0.13220184,2
1BRS,1BRS_A_D,YD29A,1,3.470544,2
1BRS,1BRS_A_D,DD35A,1,4.5031695,2
1BRS,1BRS_A_D,WD38F,1,1.6426257,2
1BRS,1BRS_A_D,DD39A,1,7.650989,2
1BRS,1BRS_A_D,TD42A,1,1.8576298,2
1BRS,1BRS_A_D,WD44F,1,0.056466706,2
1BRS,1BRS_A_D,ED74A,1,1.3641711,2
1BRS,1BRS_A_D,ED78A,1,0.54285824,2
1BRS,1BRS_A_D,"KA25A,YD29A",2,8.624589,2
1BRS,1BRS_A_D,"KA25A,DD35A",2,9.549198,2
1BRS,1BRS_A_D,"KA25A,WD38F",2,5.1131697,2
1BRS,1BRS_A_D,"KA25A,DD39A",2,8.278044,2
1BRS,1BRS_A_D,"KA25A,TD42A",2,5.723925,2
1BRS,1BRS_A_D,"KA25A,ED74A",2,6.6960135,2
1BRS,1BRS_A_D,"KA25A,ED78A",2,5.513151,2
1BRS,1BRS_A_D,"RA57A,YD29A",2,8.122605,2
1BRS,1BRS_A_D,"RA57A,DD35A",2,6.334464,2
1BRS,1BRS_A_D,"RA57A,WD38F",2,6.2779975,2
1BRS,1BRS_A_D,"RA57A,TD42A",2,6.8208556,2
1BRS,1BRS_A_D,"RA57A,ED74A",2,4.970293,2
1BRS,1BRS_A_D,"RA57A,ED78A",2,5.201466,2
1BRS,1BRS_A_D,"RA81Q,YD29A",2,8.293043,2
1BRS,1BRS_A_D,"RA81Q,DD35A",2,9.605664,2
1BRS,1BRS_A_D,"RA81Q,WD38F",2,6.7584343,2
1BRS,1BRS_A_D,"RA81Q,DD39A",2,6.439105,2
1BRS,1BRS_A_D,"RA81Q,TD42A",2,6.1075597,2
1BRS,1BRS_A_D,"RA81Q,ED74A",2,6.7210755,2
1BRS,1BRS_A_D,"RA81Q,ED78A",2,5.764045,2
1BRS,1BRS_A_D,"RA85A,YD29A",2,8.052825,2
1BRS,1BRS_A_D,"RA85A,WD38F",2,7.040989,2
1BRS,1BRS_A_D,"RA85A,DD39A",2,7.1853237,2
1BRS,1BRS_A_D,"RA85A,TD42A",2,7.0201993,2
1BRS,1BRS_A_D,"RA85A,ED74A",2,6.8664513,2
1BRS,1BRS_A_D,"RA85A,ED78A",2,6.126986,2
1BRS,1BRS_A_D,"HA100A,YD29A",2,6.306903,2
1BRS,1BRS_A_D,"HA100A,YD29F",2,5.5497017,2
1BRS,1BRS_A_D,"HA100A,WD38F",2,7.6421685,2
1BRS,1BRS_A_D,"HA100A,DD39A",2,8.99134,2
1BRS,1BRS_A_D,"HA100A,TD42A",2,8.135627,2
1BRS,1BRS_A_D,"HA100A,ED74A",2,7.5630574,2
1BRS,1BRS_A_D,"HA100A,ED78A",2,6.7451205,2
1BRS,1BRS_A_D,"RA57A,DD39A",2,11.361335,2
1BRS,1BRS_A_D,EA71Q,1,1.4521028,2
1BRS,1BRS_A_D,"EA71Q,DD39A",2,7.207327,2
1BRS,1BRS_A_D,"EA71Q,ED74A",2,3.527011,2
1BRS,1BRS_A_D,EA71W,1,1.6572549,2
1BRS,1BRS_A_D,"EA71W,DD39A",2,6.6652393,2
1BRS,1BRS_A_D,"EA71W,DD35A",2,5.712495,2
1BRS,1BRS_A_D,"EA71W,ED74A",2,3.549655,2
1BRS,1BRS_A_D,EA71Y,1,2.4137335,2
1BRS,1BRS_A_D,EA71F,1,2.2351797,2
1BRS,1BRS_A_D,"EA71F,DD39A",2,7.4717307,2
1BRS,1BRS_A_D,"EA71F,DD35A",2,6.410199,2
1BRS,1BRS_A_D,EA71C,1,2.5287616,2
1BRS,1BRS_A_D,EA71S,1,3.010488,2
1BRS,1BRS_A_D,EA71A,1,2.347719,2
1BRS,1BRS_A_D,"EA71A,DD39A",2,7.1853237,2
1BRS,1BRS_A_D,"EA71A,DD35A",2,6.4402323,2
1BRS,1BRS_A_D,RA57K,1,2.4881237,2
1BRS,1BRS_A_D,RA57A,1,4.6353717,2
1BRS,1BRS_A_D,HA100Q,1,4.550591,2
1BRS,1BRS_A_D,HA100D,1,4.550591,2
1BRS,1BRS_A_D,HA100G,1,6.8208556,2
1BRS,1BRS_A_D,HA100A,1,6.9121823,2
1BRS,1BRS_A_D,HA100L,1,7.666353,2
1BRS,1BRS_A_D,"HA100Q,RA57K",2,6.9121823,2
1BRS,1BRS_A_D,"HA100Q,RA57A",2,9.308979,2
1B2U,1B2U_A_D,AA27K,1,-5.046028,0
1B2U,1B2U_A_D,AD36D,1,-4.1682487,0
1B2U,1B2U_A_D,"AA27K,AD36D",2,-9.549198,0
1B2S,1B2S_A_D,AA27K,1,-3.8662953,2
1B2S,1B2S_A_D,AD43T,1,-0.34297577,2
1B2S,1B2S_A_D,"AA27K,AD43T",2,-5.723925,2
1B3S,1B3S_A_D,AA102H,1,-5.6819034,3
1B3S,1B3S_A_D,FD30Y,1,0.59609383,3
1B3S,1B3S_A_D,"AA102H,FD30Y",2,-5.5497017,3
1BRS,1BRS_A_D,DD35A,1,4.069636,2
1BRS,1BRS_A_D,DD39A,1,5.9351234,2
1BRS,1BRS_A_D,ED74A,1,0.8235527,2
1BRS,1BRS_A_D,ED78A,1,0.41065642,2
1X1W,1X1W_A_D,AD81E,1,-0.41065642,0
1X1X,1X1X_A_D,AD76E,1,-0.8235527,2
1BRS,1BRS_A_D,KA25A,1,5.409263,2
1BRS,1BRS_A_D,WA33F,1,1.4080765,2
1BRS,1BRS_A_D,DA52A,1,-0.88881934,2
1BRS,1BRS_A_D,NA56A,1,3.0663626,2
1BRS,1BRS_A_D,RA57A,1,5.1836734,2
1BRS,1BRS_A_D,EA58A,1,-0.32587606,2
1BRS,1BRS_A_D,EA71A,1,1.8978438,2
1BRS,1BRS_A_D,RA85A,1,5.9521213,2
1BRS,1BRS_A_D,HA100A,1,6.2547607,2
1BRS,1BRS_A_D,KA25A,1,4.58795,2
1BRS,1BRS_A_D,WA33F,1,1.1124482,2
1BRS,1BRS_A_D,DA52A,1,-0.16740736,2
1BRS,1BRS_A_D,NA56A,1,3.1157622,2
1BRS,1BRS_A_D,RA57A,1,4.8905897,2
1BRS,1BRS_A_D,EA58A,1,0.5148632,2
1BRS,1BRS_A_D,EA71A,1,2.8131225,2
1BRS,1BRS_A_D,HA100A,1,6.0763707,2
1SBB,1SBB_A_B,LB20T,1,-0.09132688,2
1SBB,1SBB_A_B,VB26Y,1,-1.455498,2
1SBB,1SBB_A_B,YB91V,1,0.079110935,2
1JCK,1JCK_A_B,TB20A,1,1.6548417,2
1JCK,1JCK_A_B,YB26A,1,1.7748275,2
1JCK,1JCK_A_B,NB60A,1,1.6426257,2
1JCK,1JCK_A_B,YB90A,1,2.5961404,2
1JCK,1JCK_A_B,VB91A,1,2.2329054,2
1JCK,1JCK_A_B,KB103A,1,0.6766379,2
1JCK,1JCK_A_B,FB176A,1,2.1339338,2
1SBB,1SBB_A_B,LB20T,1,-0.10801677,2
1SBB,1SBB_A_B,VB26Y,1,-0.90609324,2
1SBB,1SBB_A_B,YB91V,1,0.09132688,2
1SBB,1SBB_A_B,"LB20T,VB26Y,YB91V",3,0.13220184,2
1JCK,1JCK_A_B,TB20A,1,1.3232962,2
1JCK,1JCK_A_B,NB23A,1,2.0774672,2
1JCK,1JCK_A_B,YB26A,1,1.7478932,2
1JCK,1JCK_A_B,NB60A,1,1.0159358,2
1JCK,1JCK_A_B,YB90A,1,2.0774672,2
1JCK,1JCK_A_B,VB91A,1,1.9302658,2
1JCK,1JCK_A_B,GB102A,1,0.013021447,2
1JCK,1JCK_A_B,KB103A,1,0.12956285,2
1JCK,1JCK_A_B,FB176A,1,1.787849,2
1JCK,1JCK_A_B,QB210A,1,2.0774672,2
1GCQ,1GCQ_AB_C,PC5A,1,0.7678361,4
1GCQ,1GCQ_AB_C,AC42G,1,1.353496,4
1GCQ,1GCQ_AB_C,WC47Y,1,2.147248,4
1GCQ,1GCQ_AB_C,PC67A,1,1.3164557,4
1GCQ,1GCQ_AB_C,PC18A,1,0.120808184,4
1GCQ,1GCQ_AB_C,PC19A,1,0.08525039,4
1GCQ,1GCQ_AB_C,GC21V,1,-0.025214529,4
1E96,1E96_A_B,NA26H,1,1.1045262,0
1E96,1E96_A_B,IA33N,1,2.0430412,0
1E96,1E96_A_B,DA38N,1,2.2019746,0
1E96,1E96_A_B,MA45T,1,0.3660155,0
1E96,1E96_A_B,KA132E,1,-0.1898642,0
1E96,1E96_A_B,LA134R,1,-0.12744316,0
1AK4,1AK4_A_D,PD85A,1,1.0857165,1
1AK4,1AK4_A_D,VD86A,1,0.99175066,1
1AK4,1AK4_A_D,HD87A,1,1.0099814,1
1AK4,1AK4_A_D,HD87Q,1,0.9729411,1
1AK4,1AK4_A_D,HD87R,1,1.6457033,1
1AK4,1AK4_A_D,AD88V,1,0.76976275,1
1AK4,1AK4_A_D,AD88G,1,2.654847,1
1AK4,1AK4_A_D,GD89A,1,2.0774672,1
1AK4,1AK4_A_D,GD89V,1,3.0309818,1
1AK4,1AK4_A_D,PD90A,1,2.1730108,1
1AK4,1AK4_A_D,PD90V,1,3.0309818,1
1AK4,1AK4_A_D,ID91A,1,0.24021861,1
1AK4,1AK4_A_D,ID91V,1,0.0,1
1AK4,1AK4_A_D,AD92G,1,0.58109426,1
1AK4,1AK4_A_D,AD92V,1,0.35910636,1
1AK4,1AK4_A_D,PD93A,1,0.6829073,1
1AK4,1AK4_A_D,"LD83T,VD86P,HD87A,AD88M,ID91L,AD92P,MD96I",7,0.7422019,1
1M9E,1M9E_A_D,AD76H,1,-1.0099814,3
2B42,2B42_A_B,HA357A,1,1.6384584,1
2B42,2B42_A_B,HA357Q,1,1.0761156,1
2B42,2B42_A_B,HA357K,1,2.567788,1
2I26,2I26_N_L,AN29V,1,0.030388813,1
2I26,2I26_N_L,SN60R,1,-0.6264406,1
2HLE,2HLE_A_B,KA141Q,1,-0.41065642,2
2HLE,2HLE_A_B,LA87R,1,2.287297,2
3BT1,3BT1_A_U,RU135A,1,-0.28764006,1
3BT1,3BT1_A_U,KU137A,1,0.6742783,1
3BT1,3BT1_A_U,RU140A,1,0.36323497,1
3BT1,3BT1_A_U,HU141A,1,0.66162765,1
3BT1,3BT1_A_U,RU143A,1,0.4203425,1
1AHW,1AHW_AB_C,"TC110A,KC111A",2,0.63914293,2
1AHW,1AHW_AB_C,"KC138A,DC139A",2,1.1820012,2
1AHW,1AHW_AB_C,"IC141Q,TC143I,YC145T",3,3.9774852,2
1AHW,1AHW_AB_C,YC145A,1,3.8070474,2
1AHW,1AHW_AB_C,YC146A,1,-1.8898556,2
1AHW,1AHW_AB_C,"KC154A,KC155A",2,-1.3303075,2
1AHW,1AHW_AB_C,TC156A,1,-0.074153155,2
1AHW,1AHW_AB_C,"KC158A,NC160A,NC162A",3,4.0748267,2
1AHW,1AHW_AB_C,TC159A,1,1.106266,2
1AHW,1AHW_AB_C,LC165A,1,0.9873783,2
1AHW,1AHW_AB_C,DC167A,1,-0.48480958,2
1AHW,1AHW_AB_C,"SC184A,RC185A",2,4.01836,2
1AHW,1AHW_AB_C,TC186A,1,1.3464847,2
1AHW,1AHW_AB_C,VC187A,1,-0.31437176,2
1AHW,1AHW_AB_C,NC188A,1,1.0787052,2
1AHW,1AHW_AB_C,"RC189A,KC190A",2,4.01836,2
1UUZ,1UUZ_A_D,HA62Q,1,1.5196093,0
1UUZ,1UUZ_A_D,HA62N,1,1.5196093,0
1UUZ,1UUZ_A_D,HA62D,1,3.3792171,0
1UUZ,1UUZ_A_D,HA62A,1,1.7748275,0
1UUZ,1UUZ_A_D,CA64A,1,0.65087503,0
1DVF,1DVF_AB_CD,HA30A,1,1.6501209,0
1DVF,1DVF_AB_CD,YA32A,1,2.0312786,0
1DVF,1DVF_AB_CD,YA49A,1,1.6294519,0
1DVF,1DVF_AB_CD,YA50A,1,0.68808156,0
1DVF,1DVF_AB_CD,WA92A,1,0.34087563,0
1DVF,1DVF_AB_CD,SA93A,1,1.1629593,0
1DVF,1DVF_AB_CD,TB30A,1,0.907919,0
1DVF,1DVF_AB_CD,YB32A,1,1.8322908,0
1DVF,1DVF_AB_CD,WB52A,1,4.1348495,0
1DVF,1DVF_AB_CD,DB54A,1,4.283173,0
1DVF,1DVF_AB_CD,NB56A,1,1.1629593,0
1DVF,1DVF_AB_CD,DB58A,1,1.6007212,0
1DVF,1DVF_AB_CD,EB98A,1,4.188524,0
1DVF,1DVF_AB_CD,RB99A,1,1.8754846,0
1DVF,1DVF_AB_CD,DB100A,1,2.7907631,0
1DVF,1DVF_AB_CD,YB101F,1,2.0132148,0
1DVF,1DVF_AB_CD,EB98A,1,4.188524,0
1DVF,1DVF_AB_CD,DB54A,1,4.283173,0
1DVF,1DVF_AB_CD,DB58A,1,1.6007212,0
1DVF,1DVF_AB_CD,YA49A,1,1.7292318,0
1DVF,1DVF_AB_CD,YA32A,1,2.0312786,0
1DVF,1DVF_AB_CD,NB56A,1,1.1629593,0
1DVF,1DVF_AB_CD,WB52A,1,4.1348495,0
1DVF,1DVF_AB_CD,DB100A,1,2.7907631,0
1DVF,1DVF_AB_CD,YD102A,1,4.741557,0
1DVF,1DVF_AB_CD,YC49A,1,1.8614336,0
1DVF,1DVF_AB_CD,QD104A,1,1.6294519,0
1DVF,1DVF_AB_CD,ND55A,1,1.8614336,0
1DVF,1DVF_AB_CD,RD106A,1,4.092513,0
1DVF,1DVF_AB_CD,KD30A,1,1.0039666,0
1DVF,1DVF_AB_CD,HD33A,1,1.8614336,0
1DVF,1DVF_AB_CD,DD52A,1,1.6830434,0
1DVF,1DVF_AB_CD,ID101A,1,2.6827464,0
1DVF,1DVF_AB_CD,"EB98A,YD102A",2,4.6353717,0
1DVF,1DVF_AB_CD,"DB54A,YC49A",2,4.4948835,0
1DVF,1DVF_AB_CD,"DB58A,QD104A",2,1.4648281,0
1DVF,1DVF_AB_CD,"YA49A,ND55A",2,2.0312786,0
1DVF,1DVF_AB_CD,"YA32A,RD106A",2,4.652671,0
1DVF,1DVF_AB_CD,"NB56A,QD104A",2,1.4875302,0
1DVF,1DVF_AB_CD,"WB52A,QD104A",2,4.164727,0
1DVF,1DVF_AB_CD,"DB100A,HD33A",2,4.1499767,0
1DVF,1DVF_AB_CD,"DB100A,DD52A",2,4.3216577,0
1DVF,1DVF_AB_CD,"YA49A,HD33A",2,2.6262205,0
1DVF,1DVF_AB_CD,"DB100A,ND55A",2,4.092513,0
1DVF,1DVF_AB_CD,"NB56A,ND55A",2,2.3021233,0
1DVF,1DVF_AB_CD,"NB56A,HD33A",2,2.5271306,0
1VFB,1VFB_AB_C,HA30A,1,0.84526086,0
1VFB,1VFB_AB_C,YA32A,1,1.3399861,0
1VFB,1VFB_AB_C,YA49A,1,0.7978987,0
1VFB,1VFB_AB_C,YA50A,1,0.3880122,0
1VFB,1VFB_AB_C,WA92A,1,2.7283423,0
1VFB,1VFB_AB_C,SA93A,1,0.3432776,0
1VFB,1VFB_AB_C,TB30A,1,-0.05587455,0
1VFB,1VFB_AB_C,YB32A,1,0.46035218,0
1VFB,1VFB_AB_C,WB52A,1,0.36446795,0
1VFB,1VFB_AB_C,DB54A,1,0.6389059,0
1VFB,1VFB_AB_C,NB56A,1,0.17779756,0
1VFB,1VFB_AB_C,DB58A,1,-0.20709603,0
1VFB,1VFB_AB_C,EB98A,1,1.157075,0
1VFB,1VFB_AB_C,RB99A,1,-0.09977996,0
1VFB,1VFB_AB_C,DB100A,1,3.0716197,0
1VFB,1VFB_AB_C,YB101F,1,0.9535147,0
1VFB,1VFB_AB_C,SB28N,1,0.1440119,0
1VFB,1VFB_AB_C,SB28Q,1,0.07811606,0
1VFB,1VFB_AB_C,SB28D,1,0.0,0
1VFB,1VFB_AB_C,SB28E,1,-0.10405386,0
1VFB,1VFB_AB_C,GB31A,1,0.30660257,0
1VFB,1VFB_AB_C,GB31E,1,-0.5099895,0
1VFB,1VFB_AB_C,GB31W,1,0.003962904,0
1VFB,1VFB_AB_C,YB32E,1,1.9030398,0
1VFB,1VFB_AB_C,DB58N,1,-0.12823893,0
1VFB,1VFB_AB_C,DB58E,1,0.07811606,0
1VFB,1VFB_AB_C,RB99Y,1,1.2359321,0
1VFB,1VFB_AB_C,RB99W,1,0.70528984,0
1VFB,1VFB_AB_C,NA31W,1,0.17440072,0
1VFB,1VFB_AB_C,YA32W,1,5.631085,0
1VFB,1VFB_AB_C,LA46D,1,5.631085,0
1VFB,1VFB_AB_C,LA46E,1,5.631085,0
1VFB,1VFB_AB_C,YA50R,1,0.8447021,0
1VFB,1VFB_AB_C,YA50K,1,1.7163694,0
1VFB,1VFB_AB_C,TA52F,1,0.47108603,0
1VFB,1VFB_AB_C,TA53R,1,1.6465886,0
1EFN,1EFN_A_B,"TA13H,EA14H",2,0.9839035,2
1EFN,1EFN_A_B,TA13H,1,1.2435485,2
1EFN,1EFN_A_B,IA12A,1,1.4510267,2
2GOX,2GOX_A_B,RB31A,1,2.24674,0
2GOX,2GOX_A_B,NB38A,1,1.5695295,0
3D5S,3D5S_A_C,AC31R,1,-2.24674,4
3D5R,3D5R_A_C,AC38N,1,-1.5695295,4
2GOX,2GOX_A_B,RB31A,1,1.5196093,0
2GOX,2GOX_A_B,NB38A,1,1.3337823,0
3D5S,3D5S_A_C,AC31R,1,-1.5196093,4
3D5R,3D5R_A_C,AC38N,1,-1.3337823,4
2NOJ,2NOJ_A_B,"RB24A,NB31A",2,0.74867684,4
3BP8,3BP8_A_C,FA115A,1,0.7089873,1
3BP8,3BP8_A_C,AC51F,1,0.61549425,1
3BP8,3BP8_A_C,"FA115A,AC51F",2,-0.7745522,1
2VIS,2VIS_AB_C,IC89T,1,-4.913826,1
2VIR,2VIR_AB_C,SC115L,1,3.6818569,4
2VIR,2VIR_AB_C,TC89I,1,4.913826,4
2HRK,2HRK_A_B,TB55V,1,0.62420064,2
2HRK,2HRK_A_B,TA108V,1,0.7210697,2
2HRK,2HRK_A_B,KA140A,1,0.9535147,2
2WPT,2WPT_A_B,DA30L,1,-3.4034023,0
2WPT,2WPT_A_B,NA31V,1,-0.897048,0
2WPT,2WPT_A_B,RA35T,1,-1.038295,0
2WPT,2WPT_A_B,EA36H,1,0.038235974,0
2WPT,2WPT_A_B,RA39E,1,-0.37242046,0
2WPT,2WPT_A_B,"NA31V,RA35T",2,-2.5882933,0
2WPT,2WPT_A_B,"DA30L,NA31V,RA35T",3,-6.3360457,0
2WPT,2WPT_A_B,"NA31V,RA35T,RA39E",3,-3.2329645,0
2WPT,2WPT_A_B,"NA31V,RA35T,EA36H,RA39E",4,-2.9989495,0
2WPT,2WPT_A_B,EA27A,1,1.7339525,0
2WPT,2WPT_A_B,DA30A,1,-0.13220184,0
2WPT,2WPT_A_B,NA31A,1,-0.37987277,0
2WPT,2WPT_A_B,VA34A,1,3.8093,0
2WPT,2WPT_A_B,RA35A,1,-1.110931,0
2WPT,2WPT_A_B,EA38A,1,4.5031695,0
2WPT,2WPT_A_B,RA39A,1,-0.24021861,0
2WPT,2WPT_A_B,SA47A,1,2.4257026,0
2WPT,2WPT_A_B,DA48A,1,5.216466,0
2WPT,2WPT_A_B,YA51A,1,5.216466,0
2WPT,2WPT_A_B,YA52A,1,5.216466,0
2WPT,2WPT_A_B,PA53A,1,2.9276857,0
2WPT,2WPT_A_B,"FB79A,DA30A",2,-0.13220184,0
2WPT,2WPT_A_B,"FB79A,NA31A",2,1.3522019,0
2WPT,2WPT_A_B,"FB79A,VA34A",2,3.112753,0
2WPT,2WPT_A_B,RB47A,1,1.1343427,0
2WPT,2WPT_A_B,NB65A,1,0.91782534,0
2WPT,2WPT_A_B,SB67A,1,-0.8493079,0
2WPT,2WPT_A_B,NB68A,1,1.2376387,0
2WPT,2WPT_A_B,SB70A,1,-0.61164296,0
2WPT,2WPT_A_B,SB71A,1,-0.14954314,0
2WPT,2WPT_A_B,SB77A,1,-0.09360993,0
2WPT,2WPT_A_B,FB79A,1,1.1701808,0
2WPT,2WPT_A_B,TB80A,1,0.52622044,0
2WPT,2WPT_A_B,QB85A,1,0.90013885,0
2WPT,2WPT_A_B,KB90A,1,0.49740836,0
2WPT,2WPT_A_B,VB91A,1,0.11930191,0
2WPT,2WPT_A_B,RB47A,1,0.6100001,0
2WPT,2WPT_A_B,NB65A,1,0.48480958,0
2WPT,2WPT_A_B,SB67A,1,0.58109426,0
2WPT,2WPT_A_B,NB68A,1,1.2655585,0
2WPT,2WPT_A_B,SB70A,1,-0.30263966,0
2WPT,2WPT_A_B,SB71A,1,-0.04087496,0
2WPT,2WPT_A_B,SB77A,1,-0.04087496,0
2WPT,2WPT_A_B,FB79A,1,0.9455622,0
2WPT,2WPT_A_B,TB80A,1,0.22690453,0
2WPT,2WPT_A_B,QB85A,1,-0.13220184,0
2WPT,2WPT_A_B,KB90A,1,0.8012278,0
2WPT,2WPT_A_B,VB91A,1,0.41065642,0
2VLP,2VLP_A_B,AB54R,1,-1.6664472,2
2VLN,2VLN_A_B,AB75N,1,-2.335586,4
2VLQ,2VLQ_A_B,AB86F,1,-3.880681,2
2VLO,2VLO_A_B,AB95K,1,-1.9605148,0
1EMV,1EMV_A_B,"QA15E,LA16F,TA18K,TA19K,NA22R,DA24E,TA25G,SA26A,SA27T,EA30D,LA31D,VA32N,TA36R,HA37E,EA40R,MA41L,SA46D,KA55R,EA56D,GA57D,DA58R,DA59E,SA63E,NA67K,TA68E,VA69I,QA71E",27,8.058495,1
2WPT,2WPT_A_B,"EA14Q,FA15L,KA17T,KA18T,RA21N,EA23D,GA24T,AA25S,TA26S,DA29E,DA30L,NA31V,RA35T,EA36H,RA39E,LA40M,DA45S,RA54K,DA55E,DA56G,RA57D,EA58D,EA62S,KA66N,EA67T,IA68V,EA70Q",27,-8.058495,0
1EMV,1EMV_A_B,"EA30D,LA31D,VA32N,TA36R,HA37E,EA40R,MA41L,SA46D,KA55R,EA56D,GA57D,DA58R,DA59E,SA63E,NA67K,TA68E,VA69I,QA71E",18,7.990223,1
2WPT,2WPT_A_B,"EA14Q,FA15L,KA17T,KA18T,RA21N,EA23D,GA24T,AA25S,TA26S",9,-0.06827136,0
1EMV,1EMV_A_B,"QA15E,LA16F,TA18K,TA19K,NA22R,DA24E,TA25G,SA26A,SA27T,SA63E,NA67K,TA68E,VA69I,QA71E",14,2.8566248,1
2WPT,2WPT_A_B,"DA29E,DA30L,NA31V,RA35T,EA36H,RA39E,LA40M,DA45S,RA54K,DA55E,DA56G,RA57D,EA58D",13,-5.2018695,0
1EMV,1EMV_A_B,"QA15E,LA16F,TA18K,TA19K,NA22R,DA24E,TA25G,SA26A,SA27T,SA46D,KA55R,EA56D,GA57D,DA58R,DA59E,SA63E,NA67K,TA68E,VA69I,QA71E",20,1.7040286,1
2WPT,2WPT_A_B,"DA29E,DA30L,NA31V,RA35T,EA36H,RA39E,LA40M",7,-6.3544655,0
1EMV,1EMV_A_B,"QA15E,LA16F,TA18K,TA19K,NA22R,SA46D,KA55R,EA56D,GA57D,DA58R,DA59E,SA63E,NA67K,TA68E,VA69I,QA71E",16,1.4230006,1
2WPT,2WPT_A_B,"EA23D,GA24T,AA25S,TA26S,DA29E,DA30L,NA31V,RA35T,EA36H,RA39E,LA40M",11,-6.6354938,0
1EMV,1EMV_A_B,"QA15E,LA16F,SA46D,KA55R,EA56D,GA57D,DA58R,DA59E,SA63E,NA67K,TA68E,VA69I,QA71E",13,-0.20852913,1
2WPT,2WPT_A_B,"KA17T,KA18T,RA21N,EA23D,GA24T,AA25S,TA26S,DA29E,DA30L,NA31V,RA35T,EA36H,RA39E,LA40M",14,-8.267023,0
1EMV,1EMV_A_B,"SA46D,KA55R,EA56D,GA57D,DA58R,DA59E,SA63E,NA67K,TA68E,VA69I,QA71E",11,-0.51737255,1
2WPT,2WPT_A_B,"EA14Q,FA15L,KA17T,KA18T,RA21N,EA23D,GA24T,AA25S,TA26S,DA29E,DA30L,NA31V,RA35T,EA36H,RA39E,LA40M",16,-8.575867,0
1EMV,1EMV_A_B,"SA63E,NA67K,TA68E,VA69I,QA71E",5,0.079110935,1
2WPT,2WPT_A_B,"EA14Q,FA15L,KA17T,KA18T,RA21N,EA23D,GA24T,AA25S,TA26S,DA29E,DA30L,NA31V,RA35T,EA36H,RA39E,LA40M,DA45S,RA54K,DA55E,DA56G,RA57D,EA58D",22,-7.9793835,0
1EMV,1EMV_A_B,RB54A,1,1.6664472,1
1EMV,1EMV_A_B,NB72A,1,1.1651908,1
1EMV,1EMV_A_B,SB74A,1,-0.24112797,1
1EMV,1EMV_A_B,NB75A,1,2.335586,1
1EMV,1EMV_A_B,SB77A,1,-0.2329935,1
1EMV,1EMV_A_B,SB78A,1,-0.5401385,1
1EMV,1EMV_A_B,SB84A,1,-0.109472424,1
1EMV,1EMV_A_B,FB86A,1,3.880681,1
1EMV,1EMV_A_B,TB87A,1,0.15850577,1
1EMV,1EMV_A_B,QB92A,1,-0.27772808,1
1EMV,1EMV_A_B,KB97A,1,1.9605148,1
1EMV,1EMV_A_B,VB98A,1,1.0893401,1
1EMV,1EMV_A_B,"FB86A,LA31A",2,6.679958,1
1EMV,1EMV_A_B,"FB86A,VA32A",2,4.665833,1
1EMV,1EMV_A_B,"FB86A,VA35A",2,4.068404,1
1EMV,1EMV_A_B,"FB86A,YA52A",2,8.723507,1
1EMV,1EMV_A_B,"FB86A,YA53A",2,8.263228,1
1EMV,1EMV_A_B,CA21A,1,0.9219699,1
1EMV,1EMV_A_B,NA22A,1,0.13947128,1
1EMV,1EMV_A_B,DA24A,1,0.33674702,1
1EMV,1EMV_A_B,TA25A,1,0.7284602,1
1EMV,1EMV_A_B,SA26A,1,0.17317432,1
1EMV,1EMV_A_B,SA27A,1,0.9564332,1
1EMV,1EMV_A_B,EA28A,1,1.4166348,1
1EMV,1EMV_A_B,EA29A,1,0.30701202,1
1EMV,1EMV_A_B,EA30A,1,0.22038573,1
1EMV,1EMV_A_B,LA31A,1,3.4192789,1
1EMV,1EMV_A_B,VA32A,1,2.5794504,1
1EMV,1EMV_A_B,KA33A,1,0.1919839,1
1EMV,1EMV_A_B,LA34A,1,0.9071285,1
1EMV,1EMV_A_B,VA35A,1,1.6646124,1
1EMV,1EMV_A_B,TA36A,1,0.8999665,1
1EMV,1EMV_A_B,EA39A,1,2.0840137,1
1EMV,1EMV_A_B,EA40A,1,0.6581445,1
1EMV,1EMV_A_B,TA42A,1,0.30482987,1
1EMV,1EMV_A_B,EA43A,1,0.21277381,1
1EMV,1EMV_A_B,HA44A,1,0.83218384,1
1EMV,1EMV_A_B,PA45A,1,0.43746877,1
1EMV,1EMV_A_B,SA46A,1,0.0072694407,1
1EMV,1EMV_A_B,GA47A,1,1.4860435,1
1EMV,1EMV_A_B,SA48A,1,2.1882205,1
1EMV,1EMV_A_B,DA49A,1,5.9181285,1
1EMV,1EMV_A_B,LA50A,1,0.6013164,1
1EMV,1EMV_A_B,IA51A,1,0.8481252,1
1EMV,1EMV_A_B,YA52A,1,4.8368015,1
1EMV,1EMV_A_B,YA53A,1,4.6368327,1
1EMV,1EMV_A_B,PA54A,1,1.2428403,1
1EMV,1EMV_A_B,DA58A,1,0.51131344,1
1EMV,1EMV_A_B,SA61A,1,0.8704198,1
1EMV,1EMV_A_B,VA66A,1,1.856675,1
1EMV,1EMV_A_B,NA67A,1,0.27799726,1
1FR2,1FR2_A_B,AA39E,1,-2.0840137,2
2GYK,2GYK_A_B,AA49D,1,-5.9181285,3
1KIQ,1KIQ_AB_C,FB101Y,1,-2.496076,4
1KIP,1KIP_AB_C,AB32Y,1,-0.80095166,0
1KIR,1KIR_AB_C,SA50Y,1,-1.3877153,2
2B0Z,2B0Z_A_B,IB87F,1,-2.5289986,3
2B10,2B10_A_B,SB87F,1,-1.1648275,4
2B11,2B11_A_B,WB87F,1,-0.754171,3
2B12,2B12_A_B,YB87F,1,-1.5754839,0
2PCC,2PCC_A_B,DA34A,1,-0.897048,3
2PCC,2PCC_A_B,VA197A,1,2.1026816,3
2PCC,2PCC_A_B,EA290A,1,6.2025547,3
2PCC,2PCC_A_B,KB92A,1,0.90187097,3
2PCC,2PCC_A_B,"KB92A,DA34A",2,0.2030121,3
2PCC,2PCC_A_B,"KB92A,VA197A",2,1.5015024,3
2PCC,2PCC_A_B,KB77A,1,0.30366912,3
2PCC,2PCC_A_B,"KB77A,VA197A",2,2.8009782,3
2PCC,2PCC_A_B,"KB77A,EA290A",2,1.1021774,3
2PCC,2PCC_A_B,AB86G,1,1.9018551,3
2PCC,2PCC_A_B,"AB86G,DA34A",2,-0.09780183,3
2PCC,2PCC_A_B,"AB86G,VA197A",2,2.1026816,3
2PCB,2PCB_A_B,EA291Q,1,-0.056525953,0
2PCB,2PCB_A_B,EA32Q,1,0.60575306,0
2PCB,2PCB_A_B,EA35Q,1,0.6760073,0
2PCB,2PCB_A_B,AA193F,1,0.73367727,0
2PCB,2PCB_A_B,DA34N,1,0.82131284,0
2PCB,2PCB_A_B,EA290N,1,0.8710086,0
2JEL,2JEL_LH_P,FP2Y,1,0.0,0
2JEL,2JEL_LH_P,FP2W,1,2.6203253,0
2JEL,2JEL_LH_P,QP3K,1,4.092513,0
2JEL,2JEL_LH_P,QP4K,1,1.3641711,0
2JEL,2JEL_LH_P,EP5D,1,0.41065642,0
2JEL,2JEL_LH_P,EP5Q,1,0.71329606,0
2JEL,2JEL_LH_P,VP6F,1,0.0,0
2JEL,2JEL_LH_P,TP7N,1,0.41065642,0
2JEL,2JEL_LH_P,TP7S,1,0.0,0
2JEL,2JEL_LH_P,PP11E,1,0.0,0
2JEL,2JEL_LH_P,NP12D,1,0.0,0
2JEL,2JEL_LH_P,RP17G,1,0.0,0
2JEL,2JEL_LH_P,RP17K,1,0.0,0
2JEL,2JEL_LH_P,KP24E,1,0.0,0
2JEL,2JEL_LH_P,KP27E,1,0.0,0
2JEL,2JEL_LH_P,TP34N,1,6.8208556,0
2JEL,2JEL_LH_P,TP34Q,1,0.0,0
2JEL,2JEL_LH_P,TP36Q,1,0.41065642,0
2JEL,2JEL_LH_P,NP38T,1,0.0,0
2JEL,2JEL_LH_P,SP41C,1,1.4963729,0
2JEL,2JEL_LH_P,SP43C,1,0.0,0
2JEL,2JEL_LH_P,SP46C,1,0.0,0
2JEL,2JEL_LH_P,QP57E,1,-0.41065642,0
2JEL,2JEL_LH_P,TP62N,1,0.0,0
2JEL,2JEL_LH_P,TP62A,1,0.0,0
2JEL,2JEL_LH_P,SP64T,1,4.092513,0
2JEL,2JEL_LH_P,EP66K,1,4.092513,0
2JEL,2JEL_LH_P,EP68A,1,0.41065642,0
2JEL,2JEL_LH_P,DP69E,1,0.9535147,0
2JEL,2JEL_LH_P,EP70K,1,4.092513,0
2JEL,2JEL_LH_P,EP70A,1,2.7283423,0
2JEL,2JEL_LH_P,QP71E,1,2.7283423,0
2JEL,2JEL_LH_P,KP72R,1,0.0,0
2JEL,2JEL_LH_P,KP72E,1,0.41065642,0
2JEL,2JEL_LH_P,EP75R,1,2.7283423,0
2JEL,2JEL_LH_P,HP76D,1,-0.65087503,0
2JEL,2JEL_LH_P,HP76A,1,-0.41065642,0
2JEL,2JEL_LH_P,KP79E,1,0.41065642,0
2JEL,2JEL_LH_P,AP82S,1,0.0,0
2JEL,2JEL_LH_P,EP83A,1,0.0,0
2JEL,2JEL_LH_P,EP85Q,1,0.0,0
2JEL,2JEL_LH_P,EP85D,1,0.0,0
2JEL,2JEL_LH_P,EP85A,1,0.0,0
2JEL,2JEL_LH_P,EP85K,1,0.0,0
2OOB,2OOB_A_B,KA7E,1,-0.17829986,1
2OOB,2OOB_A_B,"AA6S,KA7E",2,0.1611608,1
2OOB,2OOB_A_B,AA9E,1,3.1033604,1
2OOB,2OOB_A_B,GA13S,1,0.23536395,1
2OOB,2OOB_A_B,"AA9E,GA13S",2,3.1033604,1
2OOB,2OOB_A_B,"AA6S,KA7E,AA9E,GA13S",4,3.1033604,1
2OOB,2OOB_A_B,"IA27E,IA38E",2,0.2842834,1
2O3B,2O3B_A_B,EB24A,1,5.474915,2
2O3B,2O3B_A_B,EB24D,1,0.59932494,2
2O3B,2O3B_A_B,EB24Q,1,5.3983636,2
2O3B,2O3B_A_B,QB74A,1,3.2329645,2
2O3B,2O3B_A_B,DB75E,1,5.437875,2
2O3B,2O3B_A_B,DB75N,1,5.903258,2
2O3B,2O3B_A_B,WB76A,1,4.073704,2
2O3B,2O3B_A_B,"QB74A,WB76A",2,5.7556095,2
2J0T,2J0T_A_D,VD4A,1,0.0,2
2J0T,2J0T_A_D,VD4I,1,1.6426257,2
2J0T,2J0T_A_D,VD4K,1,1.8245233,2
2J0T,2J0T_A_D,VD4S,1,0.9824205,2
2J0T,2J0T_A_D,SD68A,1,2.106373,2
2J0T,2J0T_A_D,SD68E,1,2.185484,2
2J0T,2J0T_A_D,SD68R,1,2.836359,2
2J0T,2J0T_A_D,SD68Y,1,2.9783537,2
2J0T,2J0T_A_D,TD2L,1,2.6821537,2
2J0T,2J0T_A_D,"TD2L,VD4S",2,3.470544,2
2J0T,2J0T_A_D,"TD2L,VD4S,SD68A",3,5.286247,2
2J0T,2J0T_A_D,TD2R,1,5.046028,2
2J0T,2J0T_A_D,TD2S,1,1.5944324,2
2J0T,2J0T_A_D,"TD2S,VD4A",2,1.2502,2
2J0T,2J0T_A_D,"TD2S,VD4A,SD68Y",3,2.147248,2
2J0T,2J0T_A_D,"CD1S,FD12Y",2,4.20053,2
2J0T,2J0T_A_D,TD2A,1,4.289029,2
2J0T,2J0T_A_D,MD66A,1,1.6426257,2
2J0T,2J0T_A_D,VD69I,1,0.790924,2
2J0T,2J0T_A_D,VD69T,1,1.2884359,2
2J0T,2J0T_A_D,"VD69A,AD103V",2,0.70132697,2
2J0T,2J0T_A_D,CD70S,1,4.308547,2
2C0L,2C0L_A_B,NA48A,1,0.68775064,1
2C0L,2C0L_A_B,QA239R,1,1.4865077,1
2C0L,2C0L_A_B,SA242Y,1,0.27367947,1
2BTF,2BTF_A_P,FP59A,1,1.5957407,1
2BTF,2BTF_A_P,VP60E,1,0.9787292,1
2BTF,2BTF_A_P,GP120F,1,1.7209312,1
2BTF,2BTF_A_P,KP125A,1,0.460056,1
2AJF,2AJF_A_E,KE22R,1,-0.007359747,3
2AJF,2AJF_A_E,FE38S,1,-0.082253926,3
2AJF,2AJF_A_E,NE151K,1,2.012603,3
2AJF,2AJF_A_E,TE159S,1,1.8239344,3
2A9K,2A9K_A_B,GB55D,1,2.3176858,3
2A9K,2A9K_A_B,EB65A,1,3.0309818,3
4CPA,4CPA_A_I,PI35G,1,2.5961404,2
4CPA,4CPA_A_I,YI36G,1,0.5019833,2
4CPA,4CPA_A_I,YI36F,1,0.0,2
4CPA,4CPA_A_I,VI37G,1,3.7347221,2
4CPA,4CPA_A_I,VI37A,1,2.325533,2
4CPA,4CPA_A_I,VI37L,1,1.2793907,2
4CPA,4CPA_A_I,VI37I,1,0.19934364,2
4CPA,4CPA_A_I,VI37F,1,0.0,2
2ABZ,2ABZ_B_E,"AE14C,AE38C",2,-0.5535334,0
1XD3,1XD3_A_B,KB6A,1,1.344086,2
1XD3,1XD3_A_B,KB27A,1,-0.062421046,2
1XD3,1XD3_A_B,RB42L,1,-0.8621878,2
1XD3,1XD3_A_B,RB54L,1,0.8687343,2
1XD3,1XD3_A_B,HB68N,1,0.0,2
1XD3,1XD3_A_B,RB72L,1,1.3017501,2
1XD3,1XD3_A_B,RB74L,1,2.3777323,2
1XD3,1XD3_A_B,EB24A,1,-0.24021861,2
1XD3,1XD3_A_B,DB39A,1,-0.41065642,2
1XD3,1XD3_A_B,EB51A,1,1.534609,2
1XD3,1XD3_A_B,DB52A,1,-0.24021861,2
1XD3,1XD3_A_B,DB58A,1,-0.24021861,2
1XD3,1XD3_A_B,KB6R,1,0.30263966,2
1XD3,1XD3_A_B,LB8A,1,2.6767921,2
1XD3,1XD3_A_B,KB11R,1,1.402407,2
1XD3,1XD3_A_B,KB27R,1,0.26598144,2
1XD3,1XD3_A_B,KB33R,1,0.0,2
1XD3,1XD3_A_B,IB44A,1,0.26598144,2
1S1Q,1S1Q_A_B,VA41A,1,0.6707527,1
1S1Q,1S1Q_A_B,FA42A,1,0.19934364,1
1S1Q,1S1Q_A_B,NA43A,1,1.2319692,1
1S1Q,1S1Q_A_B,DA44A,1,0.96552116,1
1S1Q,1S1Q_A_B,WA73A,1,0.2807825,1
1S1Q,1S1Q_A_B,FA86A,1,0.77525043,1
1NCA,1NCA_N_LH,NH31Q,1,0.0,1
1NCA,1NCA_N_LH,EH100D,1,0.41065642,1
1NCA,1NCA_N_LH,DH101K,1,0.7144798,1
1NCA,1NCA_N_LH,NH102Q,1,0.54285824,1
1N8O,1N8O_ABC_E,ME80L,1,-0.062421046,3
1N8O,1N8O_ABC_E,ME80K,1,1.4597148,3
1N8O,1N8O_ABC_E,ME80R,1,1.3491715,3
1MQ8,1MQ8_A_B,"CB32L,CB170F",2,3.6818569,1
1MQ8,1MQ8_A_B,"CB32L,CB170F,KB158C,KB165C",4,-1.7748275,1
1MQ8,1MQ8_A_B,"CB32L,CB170F,EB155C,EB172C",4,-1.2561543,1
1MQ8,1MQ8_A_B,"CB32L,CB170F,KB31C,TB171C",4,2.968561,1
1MQ8,1MQ8_A_B,"CB32L,CB170F,LB160C,KB165C",4,3.7200928,1
1MQ8,1MQ8_A_B,"CB32L,KB31C",2,0.6100001,1
1MQ8,1MQ8_A_B,"CB170F,TB171C",2,0.6766379,1
1MAH,1MAH_A_F,FA285L,1,1.1491671,2
1MAH,1MAH_A_F,FA287I,1,1.9018551,2
1MAH,1MAH_A_F,FA287Y,1,0.7310583,2
1MAH,1MAH_A_F,FA328G,1,0.7310583,2
1MAH,1MAH_A_F,YA327A,1,0.35676003,2
1MAH,1MAH_A_F,DA71N,1,1.7348719,2
1MAH,1MAH_A_F,YA121Q,1,2.772983,2
1MAH,1MAH_A_F,YA69N,1,4.8160243,2
1MAH,1MAH_A_F,WA276R,1,8.13113,2
1MAH,1MAH_A_F,"YA69N,YA121Q",2,6.132774,2
1MAH,1MAH_A_F,"YA121Q,WA276R",2,8.959455,2
1MAH,1MAH_A_F,"YA69N,WA276R",2,10.734282,2
1MAH,1MAH_A_F,"YA69N,YA121Q,WA276R",3,10.92611,2
1LFD,1LFD_A_B,RA7A,1,1.5992154,4
1LFD,1LFD_A_B,SA9K,1,0.8984887,4
1LFD,1LFD_A_B,LA10K,1,-0.5018116,4
1LFD,1LFD_A_B,NA14K,1,0.39763498,4
1LFD,1LFD_A_B,MA17K,1,-0.40145507,4
1LFD,1LFD_A_B,KA19A,1,1.4974024,4
1LFD,1LFD_A_B,KA35A,1,0.29746535,4
1LFD,1LFD_A_B,DA38A,1,-0.6010017,4
1LFD,1LFD_A_B,DA38K,1,-0.90175,4
1LFD,1LFD_A_B,KA39A,1,1.800042,4
1LFD,1LFD_A_B,NA41K,1,-0.10145895,4
1LFD,1LFD_A_B,LA42K,1,0.0,4
1LFD,1LFD_A_B,DA43A,1,-0.40145507,4
1LFD,1LFD_A_B,EA44A,1,-0.40145507,4
1LFD,1LFD_A_B,EA44K,1,-0.10145895,4
1LFD,1LFD_A_B,DA45K,1,-0.5018116,4
1LFD,1LFD_A_B,NA79K,1,-0.40145507,4
1LFD,1LFD_A_B,YA80K,1,0.19934364,4
1LFD,1LFD_A_B,DA81K,1,-0.90175,4
1LFD,1LFD_A_B,"MA17K,DA45K",2,-0.20182166,4
1LFD,1LFD_A_B,"MA17K,DA81K",2,-0.40145507,4
1LFD,1LFD_A_B,"MA17K,DA38K,DA45K",3,-1.8022412,4
1LFD,1LFD_A_B,"MA17K,DA38K,DA45K,DA81K",4,-0.90175,4
1LFD,1LFD_A_B,"DA38K,DA43K,EA44K",3,-1.2028182,4
1LFD,1LFD_A_B,"DA45K,DA81K",2,-0.70139563,4
1LFD,1LFD_A_B,RA7A,1,1.1360438,4
1LFD,1LFD_A_B,SA9K,1,-0.117870666,4
1LFD,1LFD_A_B,LA10K,1,-0.0154695995,4
1LFD,1LFD_A_B,NA14K,1,0.4029721,4
1LFD,1LFD_A_B,MA17K,1,-0.9208399,4
1LFD,1LFD_A_B,KA19A,1,1.3263422,4
1LFD,1LFD_A_B,KA35A,1,0.2582642,4
1LFD,1LFD_A_B,DA38A,1,-0.5790618,4
1LFD,1LFD_A_B,DA38K,1,-1.0864805,4
1LFD,1LFD_A_B,KA39A,1,1.1793077,4
1LFD,1LFD_A_B,NA41K,1,-1.1683279,4
1LFD,1LFD_A_B,LA42K,1,-0.5710011,4
1LFD,1LFD_A_B,DA43A,1,-0.2796774,4
1LFD,1LFD_A_B,EA44A,1,-0.24635807,4
1LFD,1LFD_A_B,EA44K,1,-0.28459403,4
1LFD,1LFD_A_B,DA45K,1,-0.9065632,4
1LFD,1LFD_A_B,NA79K,1,-0.5630486,4
1LFD,1LFD_A_B,YA80K,1,0.07719918,4
1LFD,1LFD_A_B,DA81K,1,-1.1467818,4
1LFD,1LFD_A_B,"MA17K,DA45K",2,-1.0494401,4
1LFD,1LFD_A_B,"MA17K,DA81K",2,-0.9065632,4
1LFD,1LFD_A_B,"MA17K,DA38K,DA45K",3,-1.9596909,4
1LFD,1LFD_A_B,"MA17K,DA38K,DA45K,DA81K",4,-1.7567819,4
1LFD,1LFD_A_B,"DA38K,DA43K,EA44K",3,-1.5574383,4
1LFD,1LFD_A_B,"DA45K,DA81K",2,-0.60392356,4
1KTZ,1KTZ_A_B,VA62I,1,0.24291772,4
1KTZ,1KTZ_A_B,RA13K,1,1.1516978,4
1KTZ,1KTZ_A_B,RA64K,1,2.201497,4
1KTZ,1KTZ_A_B,RA13A,1,1.4815814,4
1KTZ,1KTZ_A_B,RA64A,1,2.8844044,4
1KTZ,1KTZ_A_B,LB3A,1,1.8249238,4
1KTZ,1KTZ_A_B,FB6A,1,2.980065,4
1KTZ,1KTZ_A_B,DB8A,1,1.5216165,4
1KTZ,1KTZ_A_B,DB8N,1,2.0003443,4
1KTZ,1KTZ_A_B,SB25A,1,0.32654586,4
1KTZ,1KTZ_A_B,IB26A,1,1.896481,4
1KTZ,1KTZ_A_B,TB27A,1,1.5135467,4
1KTZ,1KTZ_A_B,SB28A,1,0.21651737,4
1KTZ,1KTZ_A_B,SB28L,1,4.0377865,4
1KTZ,1KTZ_A_B,IB29A,1,1.3702387,4
1KTZ,1KTZ_A_B,EB31A,1,1.2165227,4
1KTZ,1KTZ_A_B,VB53A,1,0.41499674,4
1KTZ,1KTZ_A_B,DB94A,1,0.81474215,4
1KTZ,1KTZ_A_B,EB95A,1,1.4942782,4
1KTZ,1KTZ_A_B,EB95Q,1,1.6271791,4
1KTZ,1KTZ_A_B,NB23A,1,0.2849532,4
1KTZ,1KTZ_A_B,VB38A,1,0.6479637,4
1KTZ,1KTZ_A_B,EB51A,1,1.0801141,4
1KTZ,1KTZ_A_B,HB55A,1,0.2956283,4
1KTZ,1KTZ_A_B,FB86A,1,0.9322267,4
1KTZ,1KTZ_A_B,MB88A,1,0.87140906,4
1KTZ,1KTZ_A_B,IB101A,1,0.53936297,4
1REW,1REW_AB_C,"DA19A,DB19A",2,0.66809106,2
1REW,1REW_AB_C,"WA20A,WB20A",2,1.0873132,2
1REW,1REW_AB_C,"DA19A,WA20A,DB19A,WB20A",4,2.0630822,2
1REW,1REW_AB_C,"FA38A,FB38A",2,1.3641711,2
1REW,1REW_AB_C,"PA39A,PB39A",2,1.2945013,2
1REW,1REW_AB_C,"FA38A,PA39A,FB38A,PB39A",4,2.883712,2
1REW,1REW_AB_C,"HA28D,HB28D",2,0.19565234,2
1REW,1REW_AB_C,"SA77A,SB77A",2,0.20326425,2
1REW,1REW_AB_C,"LA89A,LB89A",2,0.23992245,2
1REW,1REW_AB_C,"HA28D,SA77A,HB28D,SB77A",4,0.1833965,2
1REW,1REW_AB_C,"HA28D,LA89A,HB28D,LB89A",4,0.11872623,2
1REW,1REW_AB_C,"AA23D,AB23D",2,0.0,2
1REW,1REW_AB_C,"DA42A,DB42A",2,-0.05195394,2
1REW,1REW_AB_C,"EA98R,EB98R",2,0.26882827,2
1REW,1REW_AB_C,"DA19A,AA23D,DB19A,AB23D",4,0.47617817,2
1REW,1REW_AB_C,"AA23D,DA42A,AB23D,DB42A",4,-0.18391342,2
1REW,1REW_AB_C,"DA42A,EA98R,DB42A,EB98R",4,0.04365158,2
1REW,1REW_AB_C,"WA17F,WB17F",2,0.6724211,2
1REW,1REW_AB_C,"LA40P,LB40P",2,5.3077927,2
1REW,1REW_AB_C,"DA42A,DB42A",2,-0.0697808,2
1REW,1REW_AB_C,"DA42P,DB42P",2,2.3559217,2
1REW,1REW_AB_C,"SA58R,SB58R",2,1.6668108,2
1REW,1REW_AB_C,"YA92A,YB92A",2,1.2152793,2
1REW,1REW_AB_C,QC55A,1,2.6585615,2
1REW,1REW_AB_C,"KC57R,SC59T,KC61I,AC62P,QC63H,LC64Q,TC67D",7,0.72998595,2
2QJ9,2QJ9_AB_C,"RC57K,TC59S,IC61K,PC62A,HC63Q,QC64L,SC67T",7,-0.72998595,4
1REW,1REW_AB_C,"KC57R,SC59T,KC61I,AC62P,QC63H,LC64Q,TC67D,AC43T,MC47L,KC48G,YC49L",11,0.26777947,2
2QJ9,2QJ9_AB_C,"AC43T,MC47L,KC48G,YC49L",4,-0.46220648,4
2QJA,2QJA_AB_C,"TC43A,LC47M,GC48K,LC49Y",4,0.46220648,1
2QJA,2QJA_AB_C,"RC57K,TC59S,IC61K,PC62A,HC63Q,QC64L,SC67T,TC43A,LC47M,GC48K,LC49Y",11,-0.26777947,1
1REW,1REW_AB_C,"KC57R,SC59T,KC61I,AC62P,QC63H,LC64Q,TC67D,AC43T,MC47L,KC48G,YC49L,GC11H,DC15E,AC30T,IC31M",15,1.1528584,2
2QJ9,2QJ9_AB_C,"AC43T,MC47L,KC48G,YC49L,GC11H,DC15E,AC30T,IC31M",8,0.42287236,4
2QJA,2QJA_AB_C,"GC11H,DC15E,AC30T,IC31M",4,0.88507885,1
2QJB,2QJB_AB_C,"HC11G,EC15D,TC30A,MC31I",4,-0.88507885,0
2QJB,2QJB_AB_C,"TC43A,LC47M,GC48K,LC49Y,HC11G,EC15D,TC30A,MC31I",8,-0.42287236,0
2QJB,2QJB_AB_C,"RC57K,TC59S,IC61K,PC62A,HC63Q,QC64L,SC67T,TC43A,LC47M,GC48K,LC49Y,HC11G,EC15D,TC30A,MC31I",15,-1.1528584,0
3BK3,3BK3_A_C,LC2A,1,0.0,2
3BK3,3BK3_A_C,LC2R,1,0.026335536,2
3BK3,3BK3_A_C,IC3A,1,1.038654,2
3BK3,3BK3_A_C,IC3R,1,0.65087503,2
3BK3,3BK3_A_C,TC4P,1,0.48639154,2
3BK3,3BK3_A_C,TC6P,1,1.7430197,2
3BK3,3BK3_A_C,IC19A,1,0.48639154,2
3BK3,3BK3_A_C,IC19R,1,0.42397052,2
3BK3,3BK3_A_C,IC22A,1,1.3077044,2
3BK3,3BK3_A_C,IC22R,1,2.1215649,2
3BK3,3BK3_A_C,IC28A,1,1.261516,2
3BK3,3BK3_A_C,IC28R,1,1.1755025,2
3BK3,3BK3_A_C,AC37R,1,1.3827282,2
1XXM,1XXM_A_C,"AC74K,AC142F,AC143Y,AA79E,AA80Y",5,-2.412727,3
1S0W,1S0W_A_C,AC142F,1,-2.102992,3
1JTG,1JTG_A_B,GA212S,1,-0.26777947,4
1JTG,1JTG_A_B,EA79K,1,4.23539,4
1JTG,1JTG_A_B,DB49A,1,2.561484,4
1JTG,1JTG_A_B,FB142A,1,3.3792171,4
1JTG,1JTG_A_B,"GA212S,DB49A",2,2.6352172,4
1JTG,1JTG_A_B,"GA212S,FB142A",2,3.6818569,4
1JTG,1JTG_A_B,"EA79K,DB49A",2,5.640436,4
1JTG,1JTG_A_B,"EA79K,FB142A",2,4.55472,4
1JTG,1JTG_A_B,DB49A,1,1.814255,4
1JTG,1JTG_A_B,"SA209A,DB49A",2,1.6411058,4
1JTG,1JTG_A_B,"SA105A,DB49A",2,1.3846319,4
1JTG,1JTG_A_B,"SA209A,SA105A,DB49A",3,1.0941569,4
1JTG,1JTG_A_B,"RA217A,DB49A",2,1.1116823,4
1JTG,1JTG_A_B,"KA208A,DB49A",2,1.5540214,4
1JTG,1JTG_A_B,"RA217A,SA209A,DB49A",3,0.40804842,4
1JTG,1JTG_A_B,"RA217A,SA105A,DB49A",3,1.2549387,4
1JTG,1JTG_A_B,"SA209A,KA208A,DB49A",3,1.5348257,4
1JTG,1JTG_A_B,"KA208A,SA105A,DB49A",3,1.3181936,4
1JTG,1JTG_A_B,"RA217A,SA209A,SA105A,DB49A",4,0.8942657,4
1JTG,1JTG_A_B,"SA209A,SA105A,KA208A,DB49A",4,0.6092561,4
1JTG,1JTG_A_B,"RA217A,KA208A,DB49A",3,1.9044213,4
1JTG,1JTG_A_B,"RA217A,SA209A,KA208A,DB49A",4,2.0324264,4
1JTG,1JTG_A_B,"KA208A,SA105A,RA217A,DB49A",4,1.4909704,4
1JTG,1JTG_A_B,"KA208A,SA209A,SA105A,RA217A,DB49A",5,1.7269722,4
1JTG,1JTG_A_B,SA209A,1,1.2390827,4
1JTG,1JTG_A_B,SA105A,1,0.7919731,4
1JTG,1JTG_A_B,"SA209A,SA105A",2,1.1527344,4
1JTG,1JTG_A_B,RA217A,1,1.3393713,4
1JTG,1JTG_A_B,KA208A,1,1.4172373,4
1JTG,1JTG_A_B,"RA217A,SA209A",2,0.7395939,4
1JTG,1JTG_A_B,"RA217A,SA105A",2,1.8496946,4
1JTG,1JTG_A_B,"SA209A,KA208A",2,2.0937233,4
1JTG,1JTG_A_B,"KA208A,SA105A",2,1.9795986,4
1JTG,1JTG_A_B,"RA217A,SA209A,SA105A",3,1.6881089,4
1JTG,1JTG_A_B,"SA209A,SA105A,KA208A",3,1.8496946,4
1JTG,1JTG_A_B,"RA217A,KA208A",2,2.7300746,4
1JTG,1JTG_A_B,"RA217A,SA209A,KA208A",3,2.716957,4
1JTG,1JTG_A_B,"KA208A,SA105A,RA217A",3,2.5094218,4
1JTG,1JTG_A_B,"KA208A,SA209A,SA105A,RA217A",4,2.7885036,4
1JTG,1JTG_A_B,DB49A,1,1.7919657,4
1JTG,1JTG_A_B,KB74A,1,3.559509,4
1JTG,1JTG_A_B,FB142A,1,2.102992,4
1JTG,1JTG_A_B,YB143A,1,0.38202998,4
1JTG,1JTG_A_B,"KB74A,FB142A",2,4.8523703,4
1JTG,1JTG_A_B,"KB74A,YB143A",2,3.0586443,4
1JTG,1JTG_A_B,"FB142A,YB143A",2,2.843151,4
1JTG,1JTG_A_B,"KB74A,FB142A,YB143A",3,3.8954012,4
1JTG,1JTG_A_B,EA79A,1,1.5529525,4
1JTG,1JTG_A_B,"KB74A,EA79A",2,1.5768485,4
1JTG,1JTG_A_B,"FB142A,EA79A",2,2.7478888,4
1JTG,1JTG_A_B,"YB143A,EA79A",2,1.8645554,4
1JTG,1JTG_A_B,"KB74A,FB142A,EA79A",3,3.13024,4
1JTG,1JTG_A_B,"KB74A,YB143A,EA79A",3,1.0506681,4
1JTG,1JTG_A_B,"FB142A,YB143A,EA79A",3,2.8912807,4
1JTG,1JTG_A_B,"KB74A,FB142A,YB143A,EA79A",4,2.3889828,4
1JTG,1JTG_A_B,YA80A,1,-0.16837136,4
1JTG,1JTG_A_B,"KB74A,YA80A",2,3.3223364,4
1JTG,1JTG_A_B,"FB142A,YA80A",2,0.6943663,4
1JTG,1JTG_A_B,"YB143A,YA80A",2,1.0754433,4
1JTG,1JTG_A_B,"KB74A,FB142A,YA80A",3,4.779135,4
1JTG,1JTG_A_B,"KB74A,YB143A,YA80A",3,3.3951476,4
1JTG,1JTG_A_B,"FB142A,YB143A,YA80A",3,2.9869044,4
1JTG,1JTG_A_B,"KB74A,FB142A,YB143A,YA80A",4,4.2294164,4
1JTG,1JTG_A_B,"EA79A,YA80A",2,1.02701,4
1JTG,1JTG_A_B,"KB74A,EA79A,YA80A",3,1.3861163,4
1JTG,1JTG_A_B,"FB142A,EA79A,YA80A",3,1.505004,4
1JTG,1JTG_A_B,"YB143A,EA79A,YA80A",3,2.0546777,4
1JTG,1JTG_A_B,"KB74A,FB142A,EA79A,YA80A",4,3.13024,4
1JTG,1JTG_A_B,"KB74A,YB143A,EA79A,YA80A",4,1.7679566,4
1JTG,1JTG_A_B,"FB142A,YB143A,EA79A,YA80A",4,2.843151,4
1JTG,1JTG_A_B,"KB74A,FB142A,YB143A,EA79A,YA80A",5,2.412727,4
1JTG,1JTG_A_B,RA217A,1,1.2657639,4
1JTG,1JTG_A_B,"DB49A,RA217A",2,1.0992237,4
1JTG,1JTG_A_B,"KB74A,RA217A",2,6.6202683,4
1JTG,1JTG_A_B,"FB142A,RA217A",2,3.3951476,4
1JTG,1JTG_A_B,"YB143A,RA217A",2,2.2698503,4
1JTG,1JTG_A_B,"KB74A,FB142A,RA217A",3,5.496316,4
1JTG,1JTG_A_B,"KB74A,YB143A,RA217A",3,4.3731375,4
1JTG,1JTG_A_B,"FB142A,YB143A,RA217A",3,4.5428014,4
1JTG,1JTG_A_B,"KB74A,FB142A,YB143A,RA217A",4,5.2578373,4
1JTG,1JTG_A_B,KA208A,1,1.02701,4
1JTG,1JTG_A_B,"DB49A,KA208A",2,1.6006519,4
1JTG,1JTG_A_B,"KB74A,KA208A",2,6.548087,4
1JTG,1JTG_A_B,"FB142A,KA208A",2,3.3951476,4
1JTG,1JTG_A_B,"YB143A,KA208A",2,2.5566611,4
1JTG,1JTG_A_B,"KB74A,FB142A,KA208A",3,5.830841,4
1JTG,1JTG_A_B,"KB74A,YB143A,KA208A",3,4.876004,4
1JTG,1JTG_A_B,"FB142A,YB143A,KA208A",3,4.6819324,4
1JTG,1JTG_A_B,"KB74A,FB142A,YB143A,KA208A",4,5.472615,4
1JTG,1JTG_A_B,SA105A,1,0.33384764,4
1JTG,1JTG_A_B,"DB49A,SA105A",2,0.35808927,4
1JTG,1JTG_A_B,"KB74A,SA105A",2,3.1786304,4
1JTG,1JTG_A_B,"FB142A,SA105A",2,2.843151,4
1JTG,1JTG_A_B,"YB143A,SA105A",2,1.7919657,4
1JTG,1JTG_A_B,"KB74A,FB142A,SA105A",3,5.161859,4
1JTG,1JTG_A_B,"KB74A,YB143A,SA105A",3,3.7284179,4
1JTG,1JTG_A_B,"FB142A,YB143A,SA105A",3,4.1582785,4
1JTG,1JTG_A_B,"KB74A,FB142A,YB143A,SA105A",4,5.0667753,4
1JTG,1JTG_A_B,QA74A,1,0.42960185,4
1JTG,1JTG_A_B,NA75A,1,-0.45580518,4
1JTG,1JTG_A_B,VA78A,1,1.9107438,4
1JTG,1JTG_A_B,EA79A,1,1.7679566,4
1JTG,1JTG_A_B,PA82A,1,-0.38275692,4
1JTG,1JTG_A_B,EA85A,1,4.0619283,4
1JTG,1JTG_A_B,MA104A,1,0.738821,4
1JTG,1JTG_A_B,EA143A,1,-0.07258199,4
1JTG,1JTG_A_B,VA190A,1,-0.40694198,4
1JTG,1JTG_A_B,FB36A,1,3.2014196,4
1JTG,1JTG_A_B,HB41A,1,3.2497003,4
1JTG,1JTG_A_B,DB49A,1,1.6727427,4
1JTG,1JTG_A_B,YB50A,1,-0.40694198,4
1JTG,1JTG_A_B,YB53A,1,2.0774672,4
1JTG,1JTG_A_B,SB71A,1,0.35808927,4
1JTG,1JTG_A_B,KB74A,1,3.8236682,4
1JTG,1JTG_A_B,WB112A,1,3.0105112,4
1JTG,1JTG_A_B,SB113A,1,-0.16837136,4
1JTG,1JTG_A_B,FB142A,1,2.5082707,4
1JTG,1JTG_A_B,HB148A,1,2.7478888,4
1JTG,1JTG_A_B,WB150A,1,4.253562,4
1JTG,1JTG_A_B,RB160A,1,2.2222042,4
1JTG,1JTG_A_B,WB162A,1,2.3408265,4
1JTG,1JTG_A_B,"QA74A,HB148A",2,3.2014196,4
1JTG,1JTG_A_B,"QA74A,WB150A",2,3.8236682,4
1JTG,1JTG_A_B,"QA74A,RB160A",2,3.7509472,4
1JTG,1JTG_A_B,"NA75A,HB148A",2,2.102992,4
1JTG,1JTG_A_B,"NA75A,WB150A",2,4.3494678,4
1JTG,1JTG_A_B,"NA75A,RB160A",2,1.5768485,4
1JTG,1JTG_A_B,"EA143A,WB162A",2,2.0774672,4
1JTG,1JTG_A_B,"VA78A,WB162A",2,4.2294164,4
1JTG,1JTG_A_B,"MA104A,YB53A",2,3.6092749,4
1JTG,1JTG_A_B,"MA104A,YB50A",2,0.35808927,4
1JTG,1JTG_A_B,"MA104A,FB36A",2,3.6313221,4
1JTG,1JTG_A_B,"PA82A,HB41A",2,2.6529458,4
1JTG,1JTG_A_B,"PA82A,YB50A",2,-0.6471606,4
1JTG,1JTG_A_B,"PA82A,YB53A",2,2.3889828,4
1JTG,1JTG_A_B,"VA190A,YB50A",2,-0.88553065,4
1JTG,1JTG_A_B,"EA85A,SB113A,SB71A",3,5.04229,4
1JTG,1JTG_A_B,"EA85A,SB113A",2,4.565591,4
1JTG,1JTG_A_B,"EA85A,SB71A",2,5.019354,4
1JTG,1JTG_A_B,"SB71A,SB113A",2,0.4560681,4
1JTG,1JTG_A_B,"EA79A,SB113A",2,1.8645554,4
1JTG,1JTG_A_B,"QA74A,WB112A",2,3.5377367,4
1JTG,1JTG_A_B,"QA74A,WB162A",2,2.8912807,4
1JTG,1JTG_A_B,"QA74A,KB74A",2,4.1096516,4
1JTG,1JTG_A_B,"QA74A,FB142A",2,2.8191366,4
1JTG,1JTG_A_B,"QA74A,DB49A",2,2.1983838,4
1JTG,1JTG_A_B,"NA75A,WB112A",2,2.7952178,4
1JTG,1JTG_A_B,"NA75A,WB162A",2,2.102992,4
1JTG,1JTG_A_B,"NA75A,RB160A",2,1.5768485,4
1JTG,1JTG_A_B,"NA75A,KB74A",2,3.511833,4
1JTG,1JTG_A_B,"NA75A,FB142A",2,2.2936041,4
1JTG,1JTG_A_B,"NA75A,DB49A",2,1.5768485,4
1JTG,1JTG_A_B,"VA78A,RB160A",2,4.3494678,4
1JTG,1JTG_A_B,"VA78A,FB142A",2,4.516677,4
1JTG,1JTG_A_B,"EA143A,WB112A",2,2.7952178,4
1JTG,1JTG_A_B,"EA143A,WB150A",2,4.1096516,4
1JTG,1JTG_A_B,"EA143A,RB160A",2,2.3189266,4
1JTG,1JTG_A_B,"EA143A,KB74A",2,4.0619283,4
1JTG,1JTG_A_B,"EA143A,FB142A",2,2.5810452,4
1JTG,1JTG_A_B,"EA143A,DB49A",2,1.505004,4
1JTG,1JTG_A_B,"EA85A,YB50A",2,3.9671037,4
1JTG,1JTG_A_B,"MA104A,SB113A,SB71A",3,1.6727427,4
1JTG,1JTG_A_B,"VA190A,FB142A",2,2.1983838,4
1JTG,1JTG_A_B,"EA79A,SB113A,SB71A",3,2.5810452,4
1JTG,1JTG_A_B,TB32K,1,0.19934364,4
1JTG,1JTG_A_B,VB93K,1,-0.47571647,4
1JTG,1JTG_A_B,TB140K,1,-0.014392254,4
1JTG,1JTG_A_B,NB89K,1,-0.45492652,4
1JTG,1JTG_A_B,DB163A,1,-1.3409348,4
1JTG,1JTG_A_B,DB163K,1,-1.9827645,4
1JTG,1JTG_A_B,"TB140K,QB157K",2,-0.39660552,4
1JTG,1JTG_A_B,"VB165K,DB163K,NB89K",3,-2.393421,4
1JTG,1JTG_A_B,"DB163K,DB135K,VB134K",3,-3.055167,4
1JTG,1JTG_A_B,"VB165K,DB163K,DB135K,NB89K",4,-3.360556,4
1JTG,1JTG_A_B,KA86N,1,0.18092397,4
1JTG,1JTG_A_B,RA214Y,1,-0.14287694,4
1JTG,1JTG_A_B,PA82Q,1,0.46132421,4
1JTG,1JTG_A_B,EA143G,1,-0.17043781,4
1JTG,1JTG_A_B,EA85V,1,-0.6724211,4
1JTG,1JTG_A_B,EA85G,1,-0.91263974,4
1JTG,1JTG_A_B,EA146K,1,-0.6100001,4
1JTG,1JTG_A_B,"EA85G,EA143G",2,-0.6100001,4
1JTG,1JTG_A_B,"EA85V,EA143G",2,-0.7422019,4
1JTG,1JTG_A_B,EA213K,1,-0.41065642,4
1HE8,1HE8_A_B,KA80V,1,0.47535175,0
1HE8,1HE8_A_B,"KA80V,FA78S",2,2.1622477,0
1HE8,1HE8_A_B,"KA80V,RA83A",2,1.8978438,0
1HE8,1HE8_A_B,"KA80V,TA89D",2,2.1622477,0
1HE8,1HE8_A_B,"KA80V,KA91A",2,1.5231047,0
1HE8,1HE8_A_B,"KA80V,KA108A",2,2.1622477,0
1HE8,1HE8_A_B,"KA80V,KA108E",2,2.1622477,0
1HE8,1HE8_A_B,"KA80V,DA95A",2,1.038295,0
1HE8,1HE8_A_B,"KA80V,KA111A",2,1.9676247,0
1HE8,1HE8_A_B,"KA80V,KA112A",2,2.1622477,0
1HE8,1HE8_A_B,"KA80V,KA113A",2,1.675856,0
1HE8,1HE8_A_B,"KA80V,DA117A",2,0.9443292,0
1HE8,1HE8_A_B,"KA80V,EA124K",2,-0.09897152,0
1HE8,1HE8_A_B,"KA80V,EA606A",2,0.45456183,0
1HE8,1HE8_A_B,"KA80V,EA606K",2,-0.45807788,0
1H9D,1H9D_A_B,RB2A,1,1.1621885,4
1H9D,1H9D_A_B,VB3A,1,1.402407,4
1H9D,1H9D_A_B,GB60A,1,2.0774672,4
1H9D,1H9D_A_B,QB66A,1,1.3641711,4
1H9D,1H9D_A_B,LB93A,1,0.94020057,4
1H9D,1H9D_A_B,NB94A,1,2.3043716,4
1GRN,1GRN_A_B,DA38E,1,0.3898665,1
1GL1,1GL1_A_I,LI29V,1,4.259237,1
1GL1,1GL1_A_I,"KI30M,AI31G",2,-0.13220184,1
1GL0,1GL0_E_I,MI28K,1,-0.5578579,0
1GL0,1GL0_E_I,"MI28K,LI27R",2,3.837295,0
1FFW,1FFW_A_B,DA12K,1,0.04742146,1
1FFW,1FFW_A_B,TA86I,1,-0.31932956,1
1FFW,1FFW_A_B,AA89V,1,0.09132688,1
1FFW,1FFW_A_B,EA92K,1,0.82131284,1
1FFW,1FFW_A_B,YA105W,1,0.71329606,1
1FFW,1FFW_A_B,VA107M,1,1.1313123,1
1FFW,1FFW_A_B,FA110V,1,1.2561543,1
1FFW,1FFW_A_B,TA111I,1,0.56228465,1
1FFW,1FFW_A_B,EA116K,1,0.71329606,1
1FFW,1FFW_A_B,EB13A,1,0.7167709,1
1FFW,1FFW_A_B,EB20A,1,0.63914293,1
1FFW,1FFW_A_B,HB23A,1,0.033863615,1
1FFW,1FFW_A_B,DB44A,1,-0.074153155,1
1FFW,1FFW_A_B,DB49A,1,0.096284665,1
1FFW,1FFW_A_B,CB55A,1,0.20430143,1
1FFW,1FFW_A_B,FB56A,1,3.6459398,1
1FFW,1FFW_A_B,IB58A,1,0.42783016,1
1FC2,1FC2_C_D,YC10W,1,0.41065642,2
1FC2,1FC2_C_D,IC12W,1,3.1389987,2
1FC2,1FC2_C_D,FC26W,1,0.0,2
1FC2,1FC2_C_D,LC40W,1,0.0,2
1FC2,1FC2_C_D,LC13D,1,1.4339519,2
1FC2,1FC2_C_D,NC24A,1,0.60570234,2
1FC2,1FC2_C_D,FC26A,1,0.06347805,2
1FC2,1FC2_C_D,IC27A,1,5.2767673,2
1FC2,1FC2_C_D,KC31A,1,1.5266206,2
1FC2,1FC2_C_D,LC13D,1,0.82131284,2
1FC2,1FC2_C_D,NC24A,1,0.58227795,2
1FC2,1FC2_C_D,FC26A,1,-0.036154207,2
1FC2,1FC2_C_D,IC27A,1,2.185484,2
1FC2,1FC2_C_D,KC31A,1,1.2319692,2
1FC2,1FC2_C_D,NC2F,1,-0.10801677,2
1FC2,1FC2_C_D,NC7F,1,0.09132688,2
1FC2,1FC2_C_D,QC28K,1,0.17043781,2
1FC2,1FC2_C_D,NC2Q,1,0.0,2
1FC2,1FC2_C_D,QC28L,1,0.45807788,2
1FC2,1FC2_C_D,FC1M,1,0.91263974,2
1FC2,1FC2_C_D,KC3D,1,1.0615314,2
1FC2,1FC2_C_D,YC10F,1,1.0276679,2
1FC2,1FC2_C_D,NC24F,1,0.8454979,2
1EAW,1EAW_A_B,QA23A,1,-0.51891166,1
1EAW,1EAW_A_B,IA26A,1,-0.8225061,1
1EAW,1EAW_A_B,IA45A,1,-0.19435805,1
1EAW,1EAW_A_B,DA46A,1,-0.17163107,1
1EAW,1EAW_A_B,DA47A,1,1.5027753,1
1EAW,1EAW_A_B,RA48A,1,0.58761454,1
1EAW,1EAW_A_B,FA50A,1,-0.42881265,1
1EAW,1EAW_A_B,RA51A,1,0.23100829,1
1EAW,1EAW_A_B,YA52A,1,-0.07894067,1
1EAW,1EAW_A_B,RA82A,1,-0.14974381,1
1EAW,1EAW_A_B,FA89A,1,0.7285936,1
1EAW,1EAW_A_B,NA90A,1,0.3080979,1
1EAW,1EAW_A_B,DA91A,1,0.65444046,1
1EAW,1EAW_A_B,FA92A,1,0.89202005,1
1EAW,1EAW_A_B,TA93A,1,0.2547412,1
1EAW,1EAW_A_B,HA138A,1,-0.014480199,1
1EAW,1EAW_A_B,QA140A,1,0.30667883,1
1EAW,1EAW_A_B,YA141A,1,0.5021536,1
1EAW,1EAW_A_B,TA144A,1,0.08945068,1
1EAW,1EAW_A_B,LA147A,1,0.5021536,1
1EAW,1EAW_A_B,EA163A,1,0.70368207,1
1EAW,1EAW_A_B,QA168A,1,0.5650851,1
1EAW,1EAW_A_B,QA169A,1,-0.13309656,1
1EAW,1EAW_A_B,DA214A,1,2.2291338,1
1EAW,1EAW_A_B,QA218A,1,0.14423773,1
1EAW,1EAW_A_B,RA219A,1,-0.08855192,1
1EAW,1EAW_A_B,KA221A,1,0.47605014,1
3BN9,3BN9_B_CD,QB23A,1,-0.4154928,3
3BN9,3BN9_B_CD,IB26A,1,0.0,3
3BN9,3BN9_B_CD,IB45A,1,0.83558947,3
3BN9,3BN9_B_CD,DB46A,1,0.42257738,3
3BN9,3BN9_B_CD,DB47A,1,0.31124684,3
3BN9,3BN9_B_CD,RB48A,1,-0.045018002,3
3BN9,3BN9_B_CD,FB50A,1,-0.045018002,3
3BN9,3BN9_B_CD,RB51A,1,-0.071589805,3
3BN9,3BN9_B_CD,YB52A,1,0.018960081,3
3BN9,3BN9_B_CD,RB82A,1,-0.15930416,3
3BN9,3BN9_B_CD,FB89A,1,0.63952816,3
3BN9,3BN9_B_CD,NB90A,1,0.77369064,3
3BN9,3BN9_B_CD,DB91A,1,6.69821,3
3BN9,3BN9_B_CD,FB92A,1,6.69821,3
3BN9,3BN9_B_CD,TB93A,1,1.1325597,3
3BN9,3BN9_B_CD,HB138A,1,0.0851014,3
3BN9,3BN9_B_CD,QB140A,1,0.13316439,3
3BN9,3BN9_B_CD,YB141A,1,1.0851382,3
3BN9,3BN9_B_CD,TB144A,1,0.29096535,3
3BN9,3BN9_B_CD,LB147A,1,0.3363427,3
3BN9,3BN9_B_CD,EB163A,1,0.37338302,3
3BN9,3BN9_B_CD,QB168A,1,-0.03471423,3
3BN9,3BN9_B_CD,QB169A,1,2.5101082,3
3BN9,3BN9_B_CD,DB214A,1,0.566465,3
3BN9,3BN9_B_CD,QB218A,1,0.7060266,3
3BN9,3BN9_B_CD,RB219A,1,-0.09374013,3
3BN9,3BN9_B_CD,KB221A,1,0.7853204,3
3BN9,3BN9_B_CD,TD28R,1,0.33305493,3
3BN9,3BN9_B_CD,SD30G,1,1.186638,3
3BN9,3BN9_B_CD,SD30N,1,1.1460179,3
3BN9,3BN9_B_CD,TD102Q,1,-0.021546083,3
3BN9,3BN9_B_CD,TD102R,1,-0.058321018,3
3BN9,3BN9_B_CD,YD103S,1,0.45889112,3
3BN9,3BN9_B_CD,PD104H,1,2.4283416,3
3BN9,3BN9_B_CD,QD105V,1,1.2246509,3
3NPS,3NPS_A_BC,QA23A,1,0.026335536,2
3NPS,3NPS_A_BC,IA26A,1,0.6418298,2
3NPS,3NPS_A_BC,IA45A,1,-0.3319664,2
3NPS,3NPS_A_BC,DA46A,1,0.34013882,2
3NPS,3NPS_A_BC,DA47A,1,1.0679485,2
3NPS,3NPS_A_BC,RA48A,1,-1.0632169,2
3NPS,3NPS_A_BC,FA50A,1,0.21966907,2
3NPS,3NPS_A_BC,RA51A,1,0.13823023,2
3NPS,3NPS_A_BC,YA52A,1,0.45209214,2
3NPS,3NPS_A_BC,RA82A,1,-0.1516633,2
3NPS,3NPS_A_BC,FA89A,1,1.572108,2
3NPS,3NPS_A_BC,NA90A,1,0.2535327,2
3NPS,3NPS_A_BC,DA91A,1,1.5077089,2
3NPS,3NPS_A_BC,FA92A,1,0.46374732,2
3NPS,3NPS_A_BC,TA93A,1,0.7241365,2
3NPS,3NPS_A_BC,HA138A,1,1.8759315,2
3NPS,3NPS_A_BC,QA140A,1,0.2958687,2
3NPS,3NPS_A_BC,YA141A,1,1.7756685,2
3NPS,3NPS_A_BC,TA144A,1,0.17504837,2
3NPS,3NPS_A_BC,LA147A,1,0.2958687,2
3NPS,3NPS_A_BC,EA163A,1,0.6156237,2
3NPS,3NPS_A_BC,QA168A,1,-0.059250355,2
3NPS,3NPS_A_BC,QA169A,1,0.74123937,2
3NPS,3NPS_A_BC,DA214A,1,1.4673998,2
3NPS,3NPS_A_BC,QA218A,1,-0.040935077,2
3NPS,3NPS_A_BC,RA219A,1,-0.083939426,2
3NPS,3NPS_A_BC,KA221A,1,-0.10365678,2
1DQJ,1DQJ_AB_C,YC20A,1,3.2871795,3
1DQJ,1DQJ_AB_C,RC21A,1,1.1690744,3
1DQJ,1DQJ_AB_C,WC63A,1,1.346872,3
1DQJ,1DQJ_AB_C,KC97A,1,3.5212817,3
1DQJ,1DQJ_AB_C,DC101A,1,1.4530574,3
1DQJ,1DQJ_AB_C,YC20A,1,3.2871795,3
1DQJ,1DQJ_AB_C,RC21A,1,1.2595544,3
1DQJ,1DQJ_AB_C,WC62A,1,0.758418,3
1DQJ,1DQJ_AB_C,WC63A,1,1.346872,3
1DQJ,1DQJ_AB_C,LC75A,1,1.4530574,3
1DQJ,1DQJ_AB_C,TC89A,1,0.84122026,3
1DQJ,1DQJ_AB_C,NC93A,1,0.65016425,3
1DQJ,1DQJ_AB_C,KC96A,1,6.1585765,3
1DQJ,1DQJ_AB_C,KC97A,1,3.5212817,3
1DQJ,1DQJ_AB_C,SC100A,1,0.7759302,3
1DQJ,1DQJ_AB_C,DC101A,1,1.3012763,3
1DQJ,1DQJ_AB_C,NA31A,1,2.0143354,3
1DQJ,1DQJ_AB_C,NA32A,1,4.092513,3
1DQJ,1DQJ_AB_C,YA50A,1,2.6794982,3
1DQJ,1DQJ_AB_C,SA91A,1,1.4325294,3
1DQJ,1DQJ_AB_C,YA96A,1,1.1355592,3
1DQJ,1DQJ_AB_C,DB32A,1,2.0143354,3
1DQJ,1DQJ_AB_C,YB33A,1,5.5269384,3
1DQJ,1DQJ_AB_C,YB50A,1,6.89111,3
1DQJ,1DQJ_AB_C,YB53A,1,1.1808065,3
1DQJ,1DQJ_AB_C,WB98A,1,4.9337335,3
1DQJ,1DQJ_AB_C,"NA32A,KC96A",2,5.804446,3
1DQJ,1DQJ_AB_C,"SA91A,RC21A",2,3.1721516,3
1DQJ,1DQJ_AB_C,"SA91A,YC20A",2,3.574692,3
1DQJ,1DQJ_AB_C,"YA96A,RC21A",2,3.4867601,3
1DQJ,1DQJ_AB_C,"YA96A,SC100A",2,0.91385627,3
1DQJ,1DQJ_AB_C,"DB32A,KC97A",2,1.122886,3
1DQJ,1DQJ_AB_C,"YB53A,WC62A",2,1.2868841,3
1DQJ,1DQJ_AB_C,"YB53A,WC63A",2,2.200217,3
1DQJ,1DQJ_AB_C,"YB53A,LC75A",2,1.2174066,3
1DQJ,1DQJ_AB_C,"YB53A,DC101A",2,2.7283423,3
1DQJ,1DQJ_AB_C,"WB98A,SC100A",2,5.364647,3
1DQJ,1DQJ_AB_C,"WB98A,KC97A",2,6.6630683,3
1DQJ,1DQJ_AB_C,"WB98A,YC20A",2,5.1143866,3
2G2U,2G2U_A_B,EB31A,1,0.65087503,4
2G2U,2G2U_A_B,SB35A,1,-0.950899,4
2G2U,2G2U_A_B,FB36A,1,2.7639508,4
2G2U,2G2U_A_B,SB39A,1,-0.95614195,4
2G2U,2G2U_A_B,HB41A,1,1.7170486,4
2G2U,2G2U_A_B,GB48A,1,-0.4265978,4
2G2U,2G2U_A_B,YB50A,1,-2.0757222,4
2G2U,2G2U_A_B,YB51A,1,-0.6287488,4
2G2U,2G2U_A_B,YB53A,1,2.3017445,4
2G2U,2G2U_A_B,SB71A,1,-0.5122073,4
2G2U,2G2U_A_B,EB73A,1,-1.9794375,4
2G2U,2G2U_A_B,KB74A,1,-0.21733521,4
2G2U,2G2U_A_B,WB112A,1,0.9587346,4
2G2U,2G2U_A_B,SB113A,1,-0.6123115,4
2G2U,2G2U_A_B,GB141A,1,-0.41381058,4
2G2U,2G2U_A_B,FB142A,1,0.2758273,4
2G2U,2G2U_A_B,YB143A,1,-1.8472356,4
2G2U,2G2U_A_B,RB144A,1,-0.3423922,4
2G2U,2G2U_A_B,HB148A,1,1.1189506,4
2G2U,2G2U_A_B,WB150A,1,1.7852217,4
2G2U,2G2U_A_B,RB160A,1,0.66979384,4
2G2U,2G2U_A_B,WB162A,1,0.53121006,4
2G2U,2G2U_A_B,"EB73A,YB50A",2,-2.452515,4
2G2U,2G2U_A_B,"YB50A,YB143A",2,-2.0757222,4
2G2U,2G2U_A_B,"EB73A,YB143A",2,-1.8355035,4
2G2U,2G2U_A_B,"WB112A,YB143A",2,-0.40960875,4
2G2U,2G2U_A_B,"WB150A,YB143A",2,0.98912334,4
2G2U,2G2U_A_B,"EB73M,FB142W,YB143F",3,-1.1080924,4
2G2U,2G2U_A_B,"EB73M,SB130K,FB142W,YB143F,SB146M",5,-2.9318337,4
2G2U,2G2U_A_B,"EB73M,SB130K,FB142W,YB143F",4,-2.0164256,4
2G2U,2G2U_A_B,"EB73M,YB143F",2,-1.592455,4
2G2U,2G2U_A_B,EB73M,1,-3.5360348,4
2G2U,2G2U_A_B,SB130K,1,-1.4694387,4
2G2U,2G2U_A_B,"EB73M,SB130K",2,-2.8094246,4
2G2U,2G2U_A_B,"EB73M,SB130K,SB146M",3,-3.5096993,4
2G2U,2G2U_A_B,DA79K,1,-0.45288712,4
2G2W,2G2W_A_B,KA79D,1,0.45288712,3
1JTG,1JTG_A_B,EA79A,1,1.8279184,4
1JTG,1JTG_A_B,EA79D,1,3.643621,4
1JTG,1JTG_A_B,EA79K,1,2.2385747,4
1JTG,1JTG_A_B,EB73M,1,0.5046223,4
1JTG,1JTG_A_B,"EB73M,KB74A",2,4.294496,4
1JTG,1JTG_A_B,"EB73M,FB142A",2,2.5326898,4
1JTG,1JTG_A_B,"EB73M,KB74A,FB142A",3,4.5562606,4
1JTG,1JTG_A_B,"EA79A,EB73M",2,1.8363222,4
1JTG,1JTG_A_B,"EA79A,EB73M,KB74A",3,2.0956979,4
1JTG,1JTG_A_B,"EA79A,EB73M,FB142A",3,2.8455446,4
1JTG,1JTG_A_B,"EA79A,EB73M,KB74A,FB142A",4,2.5820894,4
2G2U,2G2U_A_B,DA79A,1,-1.5434517,4
2G2U,2G2U_A_B,DA79E,1,-4.384282,4
2G2U,2G2U_A_B,DA79K,1,-0.67096007,4
2G2U,2G2U_A_B,EB73M,1,-2.4665775,4
2G2U,2G2U_A_B,"EB73M,KB74A",2,0.47307748,4
2G2U,2G2U_A_B,"EB73M,FB142A",2,0.32206604,4
2G2U,2G2U_A_B,"EB73M,KB74A,FB142A",3,1.4830588,4
2G2U,2G2U_A_B,"DA79A,EB73M",2,-2.147248,4
2G2U,2G2U_A_B,"DA79A,EB73M,KB74A",3,-1.5569682,4
2G2U,2G2U_A_B,"DA79A,EB73M,FB142A",3,-0.69175,4
2G2U,2G2U_A_B,"DA79A,EB73M,KB74A,FB142A",4,-0.9873783,4
3N4I,3N4I_A_B,EA79D,1,4.384282,0
2FTL,2FTL_E_I,TI11A,1,4.092513,2
2FTL,2FTL_E_I,GI12A,1,4.3927784,2
2FTL,2FTL_E_I,PI13A,1,4.092513,2
2FTL,2FTL_E_I,KI15A,1,10.159198,2
2FTL,2FTL_E_I,RI17A,1,4.092513,2
2FTL,2FTL_E_I,II18A,1,5.021843,2
2FTL,2FTL_E_I,II19A,1,4.092513,2
2FTL,2FTL_E_I,RI20A,1,4.092513,2
2FTL,2FTL_E_I,FI33A,1,4.092513,2
2FTL,2FTL_E_I,VI34A,1,4.092513,2
2FTL,2FTL_E_I,YI35A,1,4.092513,2
2FTL,2FTL_E_I,GI36A,1,4.942732,2
2FTL,2FTL_E_I,GI37A,1,4.092513,2
2FTL,2FTL_E_I,RI39A,1,4.092513,2
2FTL,2FTL_E_I,KI46A,1,4.092513,2
1CBW,1CBW_FGH_I,TI11A,1,0.19993937,3
1CBW,1CBW_FGH_I,GI12A,1,0.60159636,3
1CBW,1CBW_FGH_I,PI13A,1,-0.09973059,3
1CBW,1CBW_FGH_I,KI15A,1,2.0023954,3
1CBW,1CBW_FGH_I,RI17A,1,0.50138694,3
1CBW,1CBW_FGH_I,II19A,1,0.099613056,3
1CBW,1CBW_FGH_I,RI20A,1,0.3009684,3
1CBW,1CBW_FGH_I,VI34A,1,0.0,3
1CBW,1CBW_FGH_I,YI35A,1,0.80115587,3
1CBW,1CBW_FGH_I,GI36A,1,0.90120554,3
1CBW,1CBW_FGH_I,GI37A,1,0.80115587,3
1CBW,1CBW_FGH_I,RI39A,1,0.19993937,3
1CBW,1CBW_FGH_I,KI46A,1,0.099613056,3
1CBW,1CBW_FGH_I,TI11A,1,0.22198787,3
1CBW,1CBW_FGH_I,GI12A,1,0.6857352,3
1CBW,1CBW_FGH_I,PI13A,1,-0.056466706,3
1CBW,1CBW_FGH_I,KI15A,1,2.0150461,3
1CBW,1CBW_FGH_I,RI17A,1,0.5535334,3
1CBW,1CBW_FGH_I,II18A,1,1.4157212,3
1CBW,1CBW_FGH_I,II19A,1,0.14287694,3
1CBW,1CBW_FGH_I,RI20A,1,0.35418972,3
1CBW,1CBW_FGH_I,FI33A,1,0.14287694,3
1CBW,1CBW_FGH_I,VI34A,1,0.051550064,3
1CBW,1CBW_FGH_I,YI35A,1,0.88507885,3
1CBW,1CBW_FGH_I,GI36A,1,0.96418977,3
1CBW,1CBW_FGH_I,GI37A,1,0.82131284,3
1CBW,1CBW_FGH_I,RI39A,1,0.22198787,3
1CBW,1CBW_FGH_I,KI46A,1,0.14287694,3
1CBW,1CBW_FGH_I,KI15G,1,4.1564913,3
1CBW,1CBW_FGH_I,KI15A,1,2.210915,3
1CBW,1CBW_FGH_I,KI15S,1,3.4258387,3
1CBW,1CBW_FGH_I,KI15V,1,2.1575518,3
1CBW,1CBW_FGH_I,KI15T,1,2.107856,3
1CBW,1CBW_FGH_I,KI15D,1,5.2708025,3
1CBW,1CBW_FGH_I,KI15N,1,1.3375993,3
1CBW,1CBW_FGH_I,KI15M,1,-1.441799,3
1CBW,1CBW_FGH_I,KI15I,1,2.9615908,3
1CBW,1CBW_FGH_I,KI15L,1,-1.5974151,3
1CBW,1CBW_FGH_I,KI15E,1,3.9066315,3
1CBW,1CBW_FGH_I,KI15Q,1,0.3088434,3
1CBW,1CBW_FGH_I,KI15H,1,0.10016961,3
1CBW,1CBW_FGH_I,KI15R,1,-0.6204862,3
1CBW,1CBW_FGH_I,KI15F,1,-1.9846573,3
1CBW,1CBW_FGH_I,KI15Y,1,-2.6414866,3
1CBW,1CBW_FGH_I,KI15W,1,-2.4610353,3
2FTL,2FTL_E_I,KI15G,1,12.352226,2
2FTL,2FTL_E_I,KI15A,1,10.638931,2
2FTL,2FTL_E_I,KI15S,1,7.7239184,2
2FTL,2FTL_E_I,KI15V,1,11.756444,2
2FTL,2FTL_E_I,KI15T,1,10.597484,2
2FTL,2FTL_E_I,KI15D,1,11.502718,2
2FTL,2FTL_E_I,KI15N,1,8.033105,2
2FTL,2FTL_E_I,KI15M,1,7.6923733,2
2FTL,2FTL_E_I,KI15I,1,11.171452,2
2FTL,2FTL_E_I,KI15L,1,8.864103,2
2FTL,2FTL_E_I,KI15E,1,9.424007,2
2FTL,2FTL_E_I,KI15Q,1,9.370644,2
2FTL,2FTL_E_I,KI15H,1,8.781781,2
2FTL,2FTL_E_I,KI15R,1,-0.5824392,2
2FTL,2FTL_E_I,KI15F,1,7.0272107,2
2FTL,2FTL_E_I,KI15Y,1,6.85701,2
2FTL,2FTL_E_I,KI15W,1,8.664119,2
1A4Y,1A4Y_A_B,HB8A,1,0.9041151,4
1A4Y,1A4Y_A_B,QB12A,1,0.3002651,4
1A4Y,1A4Y_A_B,NB68A,1,0.117809586,4
1A4Y,1A4Y_A_B,EB108A,1,-0.3227247,4
1A4Y,1A4Y_A_B,YA434A,1,3.262015,4
1A4Y,1A4Y_A_B,DA435A,1,3.4855437,4
1A4Y,1A4Y_A_B,YA437A,1,0.8363124,4
1Z7X,1Z7X_W_X,YW434A,1,5.955931,3
1Z7X,1Z7X_W_X,DW435A,1,3.6624305,3
1Z7X,1Z7X_W_X,YW437A,1,2.6241355,3
1Z7X,1Z7X_W_X,"QW430A,VW432A",2,0.939574,3
1Z7X,1Z7X_W_X,"WW438A,SW439A,EW440A",3,1.9721996,3
1Z7X,1Z7X_W_X,RW457A,1,0.8482471,3
1Z7X,1Z7X_W_X,IW459A,1,0.3374211,3
1A4Y,1A4Y_A_B,"QA430A,VA432A",2,0.072213866,4
1A4Y,1A4Y_A_B,"WA438A,SA439A,EA440A",3,1.7856985,4
1A4Y,1A4Y_A_B,RA457A,1,-0.22398603,4
1A4Y,1A4Y_A_B,IA459A,1,0.67943245,4
1Z7X,1Z7X_W_X,EW206A,1,1.018685,3
1Z7X,1Z7X_W_X,WW261A,1,1.3359538,3
1Z7X,1Z7X_W_X,WW263A,1,2.2124183,3
1Z7X,1Z7X_W_X,EW287A,1,1.3213246,3
1Z7X,1Z7X_W_X,SW289A,1,0.8143835,3
1Z7X,1Z7X_W_X,WW318A,1,0.99347043,3
1Z7X,1Z7X_W_X,KW320A,1,1.3213246,3
1Z7X,1Z7X_W_X,EW344A,1,1.5615432,3
1Z7X,1Z7X_W_X,WW375A,1,1.66956,3
1Z7X,1Z7X_W_X,EW401A,1,1.306325,3
1A4Y,1A4Y_A_B,HB84A,1,0.17043781,4
1A4Y,1A4Y_A_B,WB89A,1,0.24021861,4
1A4Y,1A4Y_A_B,WA261A,1,0.10065702,4
1A4Y,1A4Y_A_B,WA263A,1,1.171374,4
1A4Y,1A4Y_A_B,EA287A,1,0.10065702,4
1A4Y,1A4Y_A_B,SA289A,1,0.042336006,4
1A4Y,1A4Y_A_B,WA318A,1,1.5007453,4
1A4Y,1A4Y_A_B,KA320A,1,-0.3099994,4
1A4Y,1A4Y_A_B,EA344A,1,0.1786097,4
1A4Y,1A4Y_A_B,WA375A,1,1.0353621,4
1A4Y,1A4Y_A_B,EA401A,1,0.88373387,4
1A4Y,1A4Y_A_B,RB5A,1,2.309282,4
1A4Y,1A4Y_A_B,RB32A,1,0.9102508,4
1A4Y,1A4Y_A_B,RB66A,1,0.20290907,4
1A4Y,1A4Y_A_B,RB70A,1,-0.23193243,4
1A4Y,1A4Y_A_B,RB31A,1,0.25052238,4
1A4Y,1A4Y_A_B,RB33A,1,0.32707414,4
1A4Y,1A4Y_A_B,KB40Q,1,4.2524276,4
1A4Y,1A4Y_A_B,HB13A,1,-0.2966853,4
1A4Y,1A4Y_A_B,HB114A,1,0.65682936,4
1A4Y,1A4Y_A_B,YA434F,1,0.5578579,4
1A4Y,1A4Y_A_B,YA437F,1,0.24526079,4
1A4Y,1A4Y_A_B,"YA434A,DA435A",2,6.8208556,4
1A4Y,1A4Y_A_B,"YA434A,YA437A",2,6.6453323,4
1A4Y,1A4Y_A_B,"RB5A,YA434A",2,6.9797893,4
1A4Y,1A4Y_A_B,"RB5A,DA435A",2,6.773434,4
1A4Y,1A4Y_A_B,"RB5A,YA434A,DA435A",3,10.107056,4
1A4Y,1A4Y_A_B,"RB5A,YA434A,YA437A",3,8.531571,4
1A4Y,1A4Y_A_B,KB40G,1,3.2368004,4
1A4Y,1A4Y_A_B,"KB40G,YA434F",2,6.665417,4
1A4Y,1A4Y_A_B,"KB40G,DA435A",2,4.107513,4
1A4Y,1A4Y_A_B,"KB40G,YA437A",2,6.4541044,4
1A4Y,1A4Y_A_B,"KB40G,YA434A,DA435A",3,6.213886,4
1A4Y,1A4Y_A_B,"KB40G,YA434A,YA437A",3,9.123152,4
1Z7X,1Z7X_W_X,YW434F,1,0.120622605,3
1Z7X,1Z7X_W_X,YW437F,1,2.1660576,3
1Z7X,1Z7X_W_X,"YW434A,DW435A",2,7.171211,3
1Z7X,1Z7X_W_X,"YW434A,YW437A",2,7.2409916,3
1A22,1A22_A_B,MA14A,1,0.0,2
1A22,1A22_A_B,HA18A,1,-0.48639154,2
1A22,1A22_A_B,HA21A,1,0.15543823,2
1A22,1A22_A_B,QA22A,1,-0.21983741,2
1A22,1A22_A_B,FA25A,1,-0.44731462,2
1A22,1A22_A_B,DA26A,1,-0.21131277,2
1A22,1A22_A_B,QA29A,1,-0.5890467,2
1A22,1A22_A_B,YA42A,1,0.19934364,2
1A22,1A22_A_B,LA45A,1,1.224517,2
1A22,1A22_A_B,QA46A,1,0.10801677,2
1A22,1A22_A_B,PA48A,1,0.41065642,2
1A22,1A22_A_B,SA51A,1,0.34823537,2
1A22,1A22_A_B,EA56A,1,0.41065642,2
1A22,1A22_A_B,PA61A,1,1.2093251,2
1A22,1A22_A_B,SA62A,1,0.15543823,2
1A22,1A22_A_B,NA63A,1,0.31437176,2
1A22,1A22_A_B,RA64A,1,1.6426257,2
1A22,1A22_A_B,EA65A,1,-0.47307748,2
1A22,1A22_A_B,QA68A,1,0.588454,2
1A22,1A22_A_B,YA153A,1,0.34823537,2
1A22,1A22_A_B,RA156A,1,0.27845457,2
1A22,1A22_A_B,KA157A,1,-0.15484607,2
1A22,1A22_A_B,DA160A,1,0.790924,2
1A22,1A22_A_B,KA161A,1,2.0150461,2
1A22,1A22_A_B,EA163A,1,-0.9246088,2
1A22,1A22_A_B,TA164A,1,1.9070294,2
1A22,1A22_A_B,FA165A,1,0.41065642,2
1A22,1A22_A_B,RA167A,1,2.4257026,2
1A22,1A22_A_B,IA168A,1,0.8063133,2
1A22,1A22_A_B,RA172A,1,0.54285824,2
1A22,1A22_A_B,EA175A,1,-0.011969134,2
1A22,1A22_A_B,RB11A,1,2.1162474,2
1A22,1A22_A_B,EB12A,1,1.6927218,2
1A22,1A22_A_B,RB29A,1,0.6901991,2
1A22,1A22_A_B,RB30A,1,0.5358469,2
1A22,1A22_A_B,TB32A,1,0.11091385,2
1A22,1A22_A_B,QB33A,1,0.0,2
1A22,1A22_A_B,EB34A,1,-0.09423819,2
1A22,1A22_A_B,WB35A,1,0.5143008,2
1A22,1A22_A_B,WB39A,1,-0.017686447,2
1A22,1A22_A_B,SB57A,1,-0.054726757,2
1A22,1A22_A_B,SB61A,1,-0.18216991,2
1A22,1A22_A_B,IB62A,1,1.6078645,2
1A22,1A22_A_B,WB63A,1,4.731656,2
1A22,1A22_A_B,IB64A,1,1.9408929,2
1A22,1A22_A_B,PB65A,1,3.305722,2
1A22,1A22_A_B,EB79A,1,-0.18216991,2
1A22,1A22_A_B,KB80A,1,0.081285074,2
1A22,1A22_A_B,SB83A,1,0.2740822,2
1A22,1A22_A_B,DB85A,1,0.9939248,2
1A22,1A22_A_B,EB86A,1,0.9706884,2
1A22,1A22_A_B,DB119A,1,1.4865336,2
1A22,1A22_A_B,IB120A,1,2.130757,2
1A22,1A22_A_B,QB121A,1,0.017173724,2
1A22,1A22_A_B,KB122A,1,-0.017686447,2
1A22,1A22_A_B,WB124A,1,4.731656,2
1A22,1A22_A_B,VB126A,1,-0.6170114,2
1A22,1A22_A_B,TB150A,1,-0.09423819,2
1A22,1A22_A_B,QB171A,1,0.8910936,2
1A22,1A22_A_B,RB172A,1,0.2740822,2
1A22,1A22_A_B,NB173A,1,0.2956283,2
1A22,1A22_A_B,SB174A,1,0.033863615,2
1A22,1A22_A_B,EB10A,1,0.17908691,2
1A22,1A22_A_B,NB31A,1,0.2740822,2
1A22,1A22_A_B,TB36A,1,0.20430143,2
1A22,1A22_A_B,FB55S,1,0.05009619,2
1A22,1A22_A_B,TB60A,1,1.7616124,2
1A22,1A22_A_B,TB149A,1,0.20430143,2
1A22,1A22_A_B,KB170A,1,0.7853957,2
1A22,1A22_A_B,RB11L,1,0.52157027,2
1A22,1A22_A_B,RB11M,1,1.0003997,2
1A22,1A22_A_B,"NB31A,TB32A,QB33A,EB34A",4,-0.1365742,2
1A22,1A22_A_B,"NB31A,TB32A,QB33A,EB34A,WB35A,WB39A",6,0.16606545,2
1A22,1A22_A_B,"SB57A,SB61A",2,-0.56959,2
1A22,1A22_A_B,"EB79A,KB80A",2,-0.34476057,2
1A22,1A22_A_B,"QB121A,KB122A,VB126A",3,-0.87222964,2
1A22,1A22_A_B,"RB172A,NB173A",2,0.9025979,2
1A22,1A22_A_B,"QB171A,RB172A,NB173A",3,1.103567,2
1A22,1A22_A_B,"SB57A,SB61A,EB79A,KB80A",4,-0.89546597,2
1A22,1A22_A_B,"SB57A,SB61A,EB79A,KB80A,QB121A,KB122A,VB126A",7,-1.4000883,2
1A22,1A22_A_B,FB55S,1,-0.13220184,2
1A22,1A22_A_B,"KB2A,KB5A",2,0.24021861,2
1A22,1A22_A_B,"RB29A,RB30A,EB34A",3,0.9535147,2
1A22,1A22_A_B,"DB78A,EB79A,KB80A",3,0.20982979,2
1A22,1A22_A_B,"DB107A,RB111A,EB113A",3,0.31437176,2
1A22,1A22_A_B,"RB116A,DB119A,KB122A",3,-0.062421046,2
1A22,1A22_A_B,"EB138A,KB140A,KB142A,DB145A",4,0.12023271,2
1A22,1A22_A_B,"KB158A,DB160A,KB161A,EB162A,EB164A",5,1.1202381,2
1A22,1A22_A_B,RB7A,1,0.26912445,2
1A22,1A22_A_B,EB10A,1,1.2319692,2
1A22,1A22_A_B,RB11A,1,0.27845457,2
1A22,1A22_A_B,EB12A,1,0.65087503,2
1A22,1A22_A_B,RB29A,1,0.41801617,2
1A22,1A22_A_B,RB30A,1,0.59932494,2
1A22,1A22_A_B,EB34A,1,-0.079110935,2
1A22,1A22_A_B,EB38A,1,-0.079110935,2
1A22,1A22_A_B,KB40A,1,0.14393395,2
1A22,1A22_A_B,EB41A,1,0.7830769,2
1A22,1A22_A_B,EB50A,1,0.17779756,2
1A22,1A22_A_B,KB69A,1,0.04284652,2
1A22,1A22_A_B,DB85A,1,0.9824205,2
1A22,1A22_A_B,EB86A,1,0.41065642,2
1A22,1A22_A_B,DB91A,1,1.0857165,2
1A22,1A22_A_B,EB128A,1,0.08280224,2
1A22,1A22_A_B,EB130A,1,-0.079110935,2
1A22,1A22_A_B,KB134A,1,0.0,2
1A22,1A22_A_B,EB135A,1,0.19934364,2
1A22,1A22_A_B,KB158A,1,0.24021861,2
1A22,1A22_A_B,DB160A,1,-0.04618847,2
1A22,1A22_A_B,KB161A,1,0.19934364,2
1A22,1A22_A_B,EB162A,1,-0.079110935,2
1A22,1A22_A_B,EB164A,1,-0.062421046,2
1A22,1A22_A_B,RB166A,1,0.056466706,2
1A22,1A22_A_B,RB168A,1,-0.19052285,2
1A22,1A22_A_B,KB170A,1,0.49986362,2
1A22,1A22_A_B,RB172A,1,0.33154547,2
1A22,1A22_A_B,EB179A,1,0.10801677,2
1A22,1A22_A_B,WB35A,1,0.54285824,2
1A22,1A22_A_B,WB39A,1,0.16672337,2
1A22,1A22_A_B,WB63A,1,4.6353717,2
1A22,1A22_A_B,WB63F,1,2.7848089,2
1A22,1A22_A_B,YB54A,1,0.19934364,2
1A22,1A22_A_B,PB9A,1,0.25964502,2
1A22,1A22_A_B,SB15A,1,-0.014999585,2
1A22,1A22_A_B,TB19A,1,0.0697808,2
1A22,1A22_A_B,NB31A,1,-0.44104522,2
1A22,1A22_A_B,TB32A,1,-0.44104522,2
1A22,1A22_A_B,QB33A,1,-0.58109426,2
1A22,1A22_A_B,TB36A,1,-0.2552182,2
1A22,1A22_A_B,QB37A,1,-0.41065642,2
1A22,1A22_A_B,NB56A,1,-0.2552182,2
1A22,1A22_A_B,SB57A,1,-0.3278542,2
1A22,1A22_A_B,SB58A,1,-0.5069411,2
1A22,1A22_A_B,FB59A,1,-0.014999585,2
1A22,1A22_A_B,TB60A,1,1.0857165,2
1A22,1A22_A_B,SB61A,1,0.46712312,2
1A22,1A22_A_B,IB62A,1,0.43246692,2
1A22,1A22_A_B,IB64A,1,0.13220184,2
1A22,1A22_A_B,PB65A,1,2.6268067,2
1A22,1A22_A_B,VB84A,1,1.1421832,2
1A22,1A22_A_B,IB87A,1,0.588454,2
1A22,1A22_A_B,VB88A,1,-0.04618847,2
1A22,1A22_A_B,QB89A,1,-0.030388813,2
1A22,1A22_A_B,"FA25A,YA42A,QA46A",3,0.19052285,2
1A22,1A22_A_B,FA25A,1,-0.43144634,2
1A22,1A22_A_B,"YA42A,QA46A",2,0.2733251,2
1A22,1A22_A_B,"FA25A,YA42A,QA46A",3,0.2058186,2
1A22,1A22_A_B,FA25A,1,-0.39270195,2
1A22,1A22_A_B,"YA42A,QA46A",2,0.30627435,2
1A22,1A22_A_B,RB11A,1,2.1780317,2
1A22,1A22_A_B,EB12A,1,1.7777824,2
1A22,1A22_A_B,NB31A,1,0.17779756,2
1A22,1A22_A_B,TB32A,1,0.07762796,2
1A22,1A22_A_B,QB33A,1,0.0,2
1A22,1A22_A_B,EB34A,1,-0.12265188,2
1A22,1A22_A_B,WB35A,1,0.57737976,2
1A22,1A22_A_B,WB39A,1,0.0,2
1A22,1A22_A_B,SB57A,1,-0.12265188,2
1A22,1A22_A_B,SB61A,1,-0.2224189,2
1A22,1A22_A_B,IB62A,1,1.7777824,2
1A22,1A22_A_B,IB64A,1,1.978388,2
1A22,1A22_A_B,CB67A,1,0.0,2
1A22,1A22_A_B,EB79A,1,-0.2224189,2
1A22,1A22_A_B,KB80A,1,0.07762796,2
1A22,1A22_A_B,CB81A,1,0.0,2
1A22,1A22_A_B,SB83A,1,0.17779756,2
1A22,1A22_A_B,DB85A,1,0.9778893,2
1A22,1A22_A_B,EB86A,1,0.9778893,2
1A22,1A22_A_B,DB119A,1,1.576076,2
1A22,1A22_A_B,IB120A,1,2.1780317,2
1A22,1A22_A_B,QB121A,1,0.0,2
1A22,1A22_A_B,KB122A,1,0.0,2
1A22,1A22_A_B,VB126A,1,-0.7232535,2
1A22,1A22_A_B,TB149A,1,0.17779756,2
1A22,1A22_A_B,TB150A,1,-0.12265188,2
1A22,1A22_A_B,QB171A,1,0.87777954,2
1A22,1A22_A_B,RB172A,1,0.17779756,2
1A22,1A22_A_B,NB173A,1,0.27845457,2
1A22,1A22_A_B,PA2A,1,-0.054726757,2
1A22,1A22_A_B,TA3A,1,-0.054726757,2
1A22,1A22_A_B,IA4A,1,0.41065642,2
1A22,1A22_A_B,PA5A,1,0.43623385,2
1A22,1A22_A_B,LA6A,1,0.63914293,2
1A22,1A22_A_B,SA7A,1,0.3462961,2
1A22,1A22_A_B,RA8A,1,0.20430143,2
1A22,1A22_A_B,LA9A,1,-0.035917178,2
1A22,1A22_A_B,FA10A,1,1.0497993,2
1A22,1A22_A_B,NA12A,1,0.096284665,2
1A22,1A22_A_B,MA14A,1,0.46870512,2
1A22,1A22_A_B,LA15A,1,0.15275137,2
1A22,1A22_A_B,RA16A,1,0.24021861,2
1A22,1A22_A_B,HA18A,1,-0.20635499,2
1A22,1A22_A_B,RA19A,1,0.05009619,2
1A22,1A22_A_B,FA54A,1,0.8793615,2
1A22,1A22_A_B,SA55A,1,0.11091385,2
1A22,1A22_A_B,EA56A,1,0.83848655,2
1A22,1A22_A_B,SA57A,1,0.20430143,2
1A22,1A22_A_B,IA58A,1,1.6597995,2
1A22,1A22_A_B,PA59A,1,0.38392472,2
1A22,1A22_A_B,SA62A,1,0.63914293,2
1A22,1A22_A_B,NA63A,1,0.7062847,2
1A22,1A22_A_B,RA64A,1,1.8012388,2
1A22,1A22_A_B,EA65A,1,-0.31437176,2
1A22,1A22_A_B,EA66A,1,0.43623385,2
1A22,1A22_A_B,QA68A,1,0.9873783,2
1A22,1A22_A_B,QA69A,1,-0.054726757,2
1A22,1A22_A_B,KA70A,1,0.52157027,2
1A22,1A22_A_B,SA71A,1,0.41065642,2
1A22,1A22_A_B,LA73A,1,-0.20635499,2
1A22,1A22_A_B,RA156A,1,-0.15893354,2
1A22,1A22_A_B,KA157A,1,0.05009619,2
1A22,1A22_A_B,DA160A,1,1.1578162,2
1A22,1A22_A_B,KA161A,1,1.543258,2
1A22,1A22_A_B,EA163A,1,-0.89546597,2
1A22,1A22_A_B,TA164S,1,1.690717,2
1A22,1A22_A_B,FA165A,1,1.6382533,2
1A22,1A22_A_B,RA167N,1,1.2699329,2
1A22,1A22_A_B,IA168A,1,0.5897433,2
1A22,1A22_A_B,VA169A,1,0.0,2
1A22,1A22_A_B,QA170A,1,0.2740822,2
1A22,1A22_A_B,CA171A,1,1.0194105,2
1A22,1A22_A_B,RA172A,1,0.43623385,2
1A22,1A22_A_B,SA173A,1,-0.054726757,2
1A22,1A22_A_B,VA174A,1,0.8793615,2
1A22,1A22_A_B,EA175A,1,-0.1365742,2
1A22,1A22_A_B,GA176A,1,0.3462961,2
1A22,1A22_A_B,SA177A,1,-0.20635499,2
1A22,1A22_A_B,FA180A,1,0.1918283,2
1A22,1A22_A_B,IA58L,1,0.31641823,2
1A22,1A22_A_B,RA64K,1,-0.31437176,2
1A22,1A22_A_B,FA165Y,1,1.2699329,2
1A22,1A22_A_B,RA167K,1,0.9535147,2
1A22,1A22_A_B,"NA12H,FA25L",2,0.83848655,2
1A22,1A22_A_B,"DA11A,MA14V,HA18Q,RA19H,FA25A,QA29K,EA33R",7,0.7471597,2
1A22,1A22_A_B,"NA12R,MA14V,LA15V,RA16L,RA19Y,FA25S,DA26E,QA29S,EA30Q,EA33K",10,1.3980347,2
1A22,1A22_A_B,"NA12R,MA14V,LA15V,RA16L,RA19Y",5,1.6805893,2
1A22,1A22_A_B,"QA22N,FA25S,DA26E,QA29S,EA30Q,EA33K",6,-0.09423819,2
1A22,1A22_A_B,"QA46H,NA47D,PA48S,QA49E,LA52F",5,1.1820012,2
1A22,1A22_A_B,"PA48A,TA50A,SA51A,LA52F",4,0.6024847,2
1A22,1A22_A_B,"EA56D,RA64M",2,2.003314,2
1A22,1A22_A_B,"SA57T,TA60A,SA62T,NA63G,RA64K,EA65D,TA67A,KA70R,NA72D,LA73V",10,1.6805893,2
1A22,1A22_A_B,"FA54H,SA55T,EA56S,IA58L,PA59A,SA62E,NA63D,RA64K,EA66Q,TA67A,KA70M,SA71N,NA72Q,LA73K,EA74D",15,2.4967728,2
1A22,1A22_A_B,"EA88G,QA91Y,FA92H,RA94T,SA95E",5,0.1918283,2
1A22,1A22_A_B,"FA97R,AA98G,NA99M,SA100Q,LA101D,VA102A,YA103P,GA104E",8,0.26300803,2
1A22,1A22_A_B,"NA109D,VA110D,DA112H",3,0.3462961,2
1A22,1A22_A_B,"YA111V,LA113I,KA115E,DA116Q,EA118K,EA119R,QA122E,TA123G,GA126L,RA127I,EA129S",11,0.2517229,2
1A22,1A22_A_B,"RA127D,LA128V,EA129H",3,0.31641823,2
1A22,1A22_A_B,"RA156K,DA160H,IA168V,QA170K",4,1.9539144,2
1BP3,1BP3_A_B,"DA11A,MA14V,HA18Q,RA19H,FA25A,QA29K,EA33R",7,3.6053052,4
1BP3,1BP3_A_B,"PA48A,TA50A,SA51A,LA52F",4,0.24617295,4
1BP3,1BP3_A_B,"SA57T,TA60A,SA62T,NA63G,RA64K,EA65D,TA67A,KA70R,NA72D,LA73V",10,2.2994552,4
1BP3,1BP3_A_B,"QA46H,NA47D,PA48S,QA49E,LA52F",5,0.24617295,4
1BP3,1BP3_A_B,"EA56D,RA64M",2,0.4455166,4
1BP3,1BP3_A_B,"NA12R,MA14V,LA15V,RA16L,RA19Y",5,0.38309553,4
1BP3,1BP3_A_B,"QA22N,FA25S,DA26E,QA29S,EA30Q,EA33K",6,1.610344,4
1BP3,1BP3_A_B,"FA54H,SA55T,EA56S,IA58L,PA59A,SA62E,NA63D,RA64K,EA66Q,TA67A,KA70M,SA71N,NA72Q,LA73K,EA74D",15,0.35418972,4
1BP3,1BP3_A_B,"EA88G,QA91Y,FA92H,RA94T,SA95E",5,0.20951474,4
1BP3,1BP3_A_B,"FA97R,AA98G,NA99M,SA100Q,LA101D,VA102A,YA103P,GA104E",8,0.38309553,4
1BP3,1BP3_A_B,"YA111V,LA113I,KA115E,DA116Q,EA118K,EA119R,RA120L,QA122E,TA123G,GA126L,RA127I,EA129S",12,-0.39296997,4
1BP3,1BP3_A_B,FA10A,1,0.0,4
1BP3,1BP3_A_B,NA12A,1,-0.2966853,4
1BP3,1BP3_A_B,LA15A,1,0.0,4
1BP3,1BP3_A_B,RA16A,1,0.0,4
1BP3,1BP3_A_B,HA18A,1,2.912094,4
1BP3,1BP3_A_B,RA19A,1,0.0,4
1BP3,1BP3_A_B,HA21A,1,2.6718755,4
1BP3,1BP3_A_B,FA25A,1,1.150288,4
1BP3,1BP3_A_B,DA26E,1,0.38309553,4
1BP3,1BP3_A_B,FA54A,1,0.20951474,4
1BP3,1BP3_A_B,SA55A,1,0.24617295,4
1BP3,1BP3_A_B,EA56A,1,-0.11888775,4
1BP3,1BP3_A_B,SA57A,1,0.03486017,4
1BP3,1BP3_A_B,IA58A,1,1.7291241,4
1BP3,1BP3_A_B,PA59A,1,0.15681763,4
1BP3,1BP3_A_B,SA62A,1,1.4157212,4
1BP3,1BP3_A_B,NA63A,1,0.85617304,4
1BP3,1BP3_A_B,RA64A,1,0.35418972,4
1BP3,1BP3_A_B,EA65A,1,0.54643804,4
1BP3,1BP3_A_B,EA66A,1,0.06778264,4
1BP3,1BP3_A_B,QA68A,1,0.11397111,4
1BP3,1BP3_A_B,QA69A,1,-0.21388307,4
1BP3,1BP3_A_B,KA70A,1,0.24617295,4
1BP3,1BP3_A_B,SA71A,1,0.61383474,4
1BP3,1BP3_A_B,LA73A,1,0.35418972,4
1BP3,1BP3_A_B,YA156A,1,0.20951474,4
1BP3,1BP3_A_B,YA160A,1,0.4455166,4
1BP3,1BP3_A_B,RA163A,1,3.9280298,4
1BP3,1BP3_A_B,KA164A,1,1.7281536,4
1BP3,1BP3_A_B,DA167A,1,0.06778264,4
1BP3,1BP3_A_B,KA168A,1,3.1905487,4
1BP3,1BP3_A_B,EA170A,1,3.4931884,4
1BP3,1BP3_A_B,TA171S,1,0.4942387,4
1BP3,1BP3_A_B,FA172A,1,1.9106091,4
1BP3,1BP3_A_B,RA174A,1,1.150288,4
1BP3,1BP3_A_B,IA175A,1,0.35418972,4
1BP3,1BP3_A_B,IA175M,1,-0.16448347,4
1BP3,1BP3_A_B,VA176A,1,-0.2966853,4
1BP3,1BP3_A_B,QA177A,1,0.0,4
1BP3,1BP3_A_B,RA179A,1,0.56747407,4
1BP3,1BP3_A_B,SA180A,1,-0.11888775,4
1BP3,1BP3_A_B,VA181A,1,0.28069448,4
1BP3,1BP3_A_B,EA182A,1,0.0,4
1BP3,1BP3_A_B,GA183A,1,0.0,4
1BP3,1BP3_A_B,SA184A,1,-0.2966853,4
1BP3,1BP3_A_B,HA18A,1,0.1866704,4
1BP3,1BP3_A_B,HA21A,1,-0.17779756,4
1BP3,1BP3_A_B,IA58A,1,1.7856985,4
1BP3,1BP3_A_B,RA163A,1,2.1218426,4
1BP3,1BP3_A_B,KA168A,1,2.0223155,4
1BP3,1BP3_A_B,EA170A,1,0.17043781,4
1BP3,1BP3_A_B,FA172A,1,1.9452653,4
1BP3,1BP3_A_B,"KA164A,EA170A",2,5.4079623,4
1BP3,1BP3_A_B,"RA64A,DA167A",2,0.3786242,4
1BP3,1BP3_A_B,"KA168A,FA172A",2,5.3548713,4
1A22,1A22_A_B,"KA157A,EA163A",2,-0.76976275,2
1A22,1A22_A_B,"RA64A,DA160A",2,3.3227506,2
1A22,1A22_A_B,"KA161A,FA165A",2,3.7808285,2
3MZG,3MZG_A_B,HA33A,1,0.20430143,3
3MZG,3MZG_A_B,HA33A,1,0.037430465,3
3MZG,3MZG_A_B,HA33A,1,0.09897152,3
3MZG,3MZG_A_B,HA33A,1,0.15346456,3
3MZG,3MZG_A_B,HA33A,1,0.17804042,3
3MZG,3MZG_A_B,HA33A,1,0.1668838,3
3MZG,3MZG_A_B,HA46A,1,0.033863615,3
3MZG,3MZG_A_B,HA46A,1,0.5680728,3
3MZG,3MZG_A_B,HA46A,1,0.5623761,3
3MZG,3MZG_A_B,HA46A,1,0.6047833,3
3MZG,3MZG_A_B,HA46A,1,0.42363033,3
3MZG,3MZG_A_B,HA46A,1,0.25973645,3
3MZG,3MZG_A_B,HA84A,1,-0.062421046,3
3MZG,3MZG_A_B,HA84A,1,0.0102149425,3
3MZG,3MZG_A_B,HA84A,1,0.033075675,3
3MZG,3MZG_A_B,HA84A,1,0.19054352,3
3MZG,3MZG_A_B,HA84A,1,0.20338982,3
3MZG,3MZG_A_B,HA84A,1,0.101365276,3
3MZG,3MZG_A_B,HA125A,1,-0.39687786,3
3MZG,3MZG_A_B,HA125A,1,-0.46173832,3
3MZG,3MZG_A_B,HA125A,1,-0.15275137,3
3MZG,3MZG_A_B,HA125A,1,0.05744243,3
3MZG,3MZG_A_B,HA125A,1,0.1682476,3
3MZG,3MZG_A_B,HA125A,1,0.09897152,3
3MZG,3MZG_A_B,HA160A,1,0.1251905,3
3MZG,3MZG_A_B,HA160A,1,1.0908461,3
3MZG,3MZG_A_B,HA160A,1,1.216897,3
3MZG,3MZG_A_B,HA160A,1,1.2081542,3
3MZG,3MZG_A_B,HA160A,1,1.0331719,3
3MZG,3MZG_A_B,HA160A,1,0.86764306,3
3MZG,3MZG_A_B,HA182A,1,-0.2611351,3
3MZG,3MZG_A_B,HA182A,1,0.36605144,3
3MZG,3MZG_A_B,HA182A,1,0.6841716,3
3MZG,3MZG_A_B,HA182A,1,0.6901731,3
3MZG,3MZG_A_B,HA14A,1,-0.09132688,3
3MZG,3MZG_A_B,HA14A,1,-0.14770088,3
3MZG,3MZG_A_B,HA14A,1,-0.37473926,3
3MZG,3MZG_A_B,HA14A,1,-0.1987515,3
3MZG,3MZG_A_B,HA14A,1,-0.16787863,3
3MZG,3MZG_A_B,HA14A,1,-0.07655175,3
3MZG,3MZG_A_B,HA14A,1,0.1265324,3
3MZG,3MZG_A_B,HA14A,1,0.12301635,3
3MZG,3MZG_A_B,HA14A,1,0.29176867,3
3MZG,3MZG_A_B,HA14A,1,0.3238009,3
3MZG,3MZG_A_B,HA167A,1,-0.68627405,3
3MZG,3MZG_A_B,HA167A,1,0.734086,3
3MZG,3MZG_A_B,HA167A,1,1.6697221,3
3MZG,3MZG_A_B,HA167A,1,1.4450119,3
3MZG,3MZG_A_B,HA167A,1,1.481518,3
3MZG,3MZG_A_B,HA167A,1,1.8215219,3
3MZG,3MZG_A_B,HA167A,1,1.6300702,3
3MZG,3MZG_A_B,HA167A,1,1.6149025,3
3MZG,3MZG_A_B,HA167A,1,1.535409,3
3MZG,3MZG_A_B,HA17A,1,-0.8744038,3
3MZG,3MZG_A_B,HA17A,1,-0.2971027,3
3MZG,3MZG_A_B,HA17A,1,-0.22198787,3
3MZG,3MZG_A_B,HA17A,1,0.09047991,3
3MZG,3MZG_A_B,HA17A,1,0.28704792,3
3MZG,3MZG_A_B,HA17A,1,0.28069448,3
3MZG,3MZG_A_B,HA17A,1,0.28546593,3
3MZG,3MZG_A_B,HA17A,1,0.36323497,3
3MZG,3MZG_A_B,HA17A,1,0.38309553,3
3MZG,3MZG_A_B,HA17A,1,0.3238009,3
3MZG,3MZG_A_B,HB188A,1,-0.44731462,3
3MZG,3MZG_A_B,HB188A,1,1.0568107,3
3MZG,3MZG_A_B,HB188A,1,2.0351312,3
3MZG,3MZG_A_B,HB188A,1,1.9281298,3
3MZG,3MZG_A_B,HB188A,1,2.094157,3
3MZG,3MZG_A_B,HB188A,1,2.442555,3
3MZG,3MZG_A_B,HB188A,1,2.2926395,3
3MZG,3MZG_A_B,HB188A,1,2.3429003,3
3MZG,3MZG_A_B,HB188A,1,2.2499032,3
3MZG,3MZG_A_B,HA167A,1,0.26777947,3
3MZG,3MZG_A_B,HA167A,1,0.77655095,3
3MZG,3MZG_A_B,HA167A,1,1.0553277,3
3MZG,3MZG_A_B,HA167A,1,1.7124065,3
3MZG,3MZG_A_B,HA167A,1,2.0376904,3
3MZG,3MZG_A_B,HA167A,1,2.2031703,3
3MZG,3MZG_A_B,HA167A,1,2.0335617,3
3MZG,3MZG_A_B,HA167A,1,2.4553313,3
3MZG,3MZG_A_B,HA167A,1,2.2729511,3
3MZG,3MZG_A_B,HA167A,1,2.2118194,3
3MZG,3MZG_A_B,"HA167A,HB188A",2,-0.23726372,3
3MZG,3MZG_A_B,"HA167A,HB188A",2,1.3352653,3
3MZG,3MZG_A_B,"HA167A,HB188A",2,2.8023236,3
3MZG,3MZG_A_B,"HA167A,HB188A",2,2.929169,3
3MZG,3MZG_A_B,"HA167A,HB188A",2,3.3302264,3
3MZG,3MZG_A_B,"HA167A,HB188A",2,3.4945364,3
3MZG,3MZG_A_B,"HA167A,HB188A",2,3.4681423,3
3MZG,3MZG_A_B,"HA167A,HB188A",2,3.3926997,3
3MZG,3MZG_A_B,"HA167A,HB188A",2,3.3738556,3
3N06,3N06_A_B,AA14H,1,0.09132688,3
3N06,3N06_A_B,AA14H,1,0.14770088,3
3N06,3N06_A_B,AA14H,1,0.37473926,3
3N06,3N06_A_B,AA14H,1,0.1987515,3
3N06,3N06_A_B,AA14H,1,0.16787863,3
3N06,3N06_A_B,AA14H,1,0.07655175,3
3N06,3N06_A_B,AA14H,1,-0.1265324,3
3N06,3N06_A_B,AA14H,1,-0.12301635,3
3N06,3N06_A_B,AA14H,1,-0.29176867,3
3N06,3N06_A_B,AA14H,1,-0.3238009,3
3N0P,3N0P_A_B,AA17H,1,0.8744038,1
3N0P,3N0P_A_B,AA17H,1,0.2971027,1
3N0P,3N0P_A_B,AA17H,1,0.22198787,1
3N0P,3N0P_A_B,AA17H,1,-0.09047991,1
3N0P,3N0P_A_B,AA17H,1,-0.28704792,1
3N0P,3N0P_A_B,AA17H,1,-0.28069448,1
3N0P,3N0P_A_B,AA17H,1,-0.28546593,1
3N0P,3N0P_A_B,AA17H,1,-0.36323497,1
3N0P,3N0P_A_B,AA17H,1,-0.38309553,1
3N0P,3N0P_A_B,AA17H,1,-0.3238009,1
3NCB,3NCB_A_B,AA167H,1,0.68627405,2
3NCB,3NCB_A_B,AA167H,1,-0.734086,2
3NCB,3NCB_A_B,AA167H,1,-1.6697221,2
3NCB,3NCB_A_B,AA167H,1,-1.4450119,2
3NCB,3NCB_A_B,AA167H,1,-1.481518,2
3NCB,3NCB_A_B,AA167H,1,-1.8215219,2
3NCB,3NCB_A_B,AA167H,1,-1.6300702,2
3NCB,3NCB_A_B,AA167H,1,-1.6149025,2
3NCB,3NCB_A_B,AA167H,1,-1.535409,2
3NCB,3NCB_A_B,AA167H,1,-0.26777947,2
3NCB,3NCB_A_B,AA167H,1,-0.77655095,2
3NCB,3NCB_A_B,AA167H,1,-1.0553277,2
3NCB,3NCB_A_B,AA167H,1,-1.7124065,2
3NCB,3NCB_A_B,AA167H,1,-2.0376904,2
3NCB,3NCB_A_B,AA167H,1,-2.2031703,2
3NCB,3NCB_A_B,AA167H,1,-2.0335617,2
3NCB,3NCB_A_B,AA167H,1,-2.4553313,2
3NCB,3NCB_A_B,AA167H,1,-2.2729511,2
3NCB,3NCB_A_B,AA167H,1,-2.2118194,2
3NCC,3NCC_A_B,AB188H,1,0.44731462,3
3NCC,3NCC_A_B,AB188H,1,-1.0568107,3
3NCC,3NCC_A_B,AB188H,1,-2.0351312,3
3NCC,3NCC_A_B,AB188H,1,-1.9281298,3
3NCC,3NCC_A_B,AB188H,1,-2.094157,3
3NCC,3NCC_A_B,AB188H,1,-2.442555,3
3NCC,3NCC_A_B,AB188H,1,-2.2926395,3
3NCC,3NCC_A_B,AB188H,1,-2.3429003,3
3NCC,3NCC_A_B,AB188H,1,-2.2499032,3
1F47,1F47_A_B,DA4A,1,0.69150615,0
1F47,1F47_A_B,YA5A,1,0.86936694,0
1F47,1F47_A_B,LA6A,1,0.92543113,0
1F47,1F47_A_B,DA7A,1,1.7336587,0
1F47,1F47_A_B,IA8A,1,2.5162454,0
1F47,1F47_A_B,PA9A,1,-0.057564855,0
1F47,1F47_A_B,FA11A,1,2.4454827,0
1F47,1F47_A_B,LA12A,1,2.2953265,0
1F47,1F47_A_B,KA14A,1,-0.042640842,0
1F47,1F47_A_B,QA15A,1,-0.04559572,0
1F47,1F47_A_B,DA7S,1,2.0648613,0
1F47,1F47_A_B,DA7G,1,1.1393417,0
1FCC,1FCC_A_C,TC25A,1,0.24021861,0
1FCC,1FCC_A_C,EC27A,1,4.938011,0
1FCC,1FCC_A_C,KC28A,1,1.2561543,0
1FCC,1FCC_A_C,KC31A,1,3.4775555,0
1FCC,1FCC_A_C,NC35A,1,2.3651073,0
1FCC,1FCC_A_C,DC40A,1,0.27225083,0
1FCC,1FCC_A_C,EC42A,1,0.3854419,0
1FCC,1FCC_A_C,WC43A,1,3.7731838,0
1FCC,1FCC_A_C,"TC44A,YC45A",2,1.9544508,0
1GC1,1GC1_G_C,KC1A,1,0.062421046,2
1GC1,1GC1_G_C,KC2A,1,-0.016689893,2
1GC1,1GC1_G_C,KC7A,1,0.9978901,2
1GC1,1GC1_G_C,KC8A,1,0.10526757,2
1GC1,1GC1_G_C,DC10A,1,0.0,2
1GC1,1GC1_G_C,TC11A,1,0.0,2
1GC1,1GC1_G_C,TC15A,1,0.32206604,2
1GC1,1GC1_G_C,TC17A,1,-0.12810181,2
1GC1,1GC1_G_C,SC19A,1,0.0,2
1GC1,1GC1_G_C,QC20A,1,-0.016689893,2
1GC1,1GC1_G_C,KC21A,1,-0.12810181,2
1GC1,1GC1_G_C,KC22A,1,0.24021861,2
1GC1,1GC1_G_C,SC23A,1,0.29268223,2
1GC1,1GC1_G_C,QC25A,1,0.032032233,2
1GC1,1GC1_G_C,HC27A,1,0.28255463,2
1GC1,1GC1_G_C,KC29A,1,0.5362386,2
1GC1,1GC1_G_C,NC30A,1,0.17043781,2
1GC1,1GC1_G_C,SC31A,1,0.10526757,2
1GC1,1GC1_G_C,NC32A,1,0.18265375,2
1GC1,1GC1_G_C,QC33A,1,0.10526757,2
1GC1,1GC1_G_C,KC35A,1,0.32206604,2
1GC1,1GC1_G_C,NC39A,1,0.46562514,2
1GC1,1GC1_G_C,QC40A,1,-0.41065642,2
1GC1,1GC1_G_C,SC42A,1,0.0,2
1GC1,1GC1_G_C,LC44A,1,1.0560203,2
1GC1,1GC1_G_C,TC45A,1,-0.14889173,2
1GC1,1GC1_G_C,KC46A,1,1.431019,2
1GC1,1GC1_G_C,SC49A,1,0.6111744,2
1GC1,1GC1_G_C,KC50A,1,0.04742146,2
1GC1,1GC1_G_C,LC51A,1,1.2340229,2
1GC1,1GC1_G_C,NC52A,1,0.70833826,2
1GC1,1GC1_G_C,DC53A,1,0.30263966,2
1GC1,1GC1_G_C,DC56A,1,-0.0697808,2
1GC1,1GC1_G_C,RC58A,1,0.13220184,2
1GC1,1GC1_G_C,RC59A,1,1.1759138,2
1GC1,1GC1_G_C,SC60A,1,-0.088590376,2
1GC1,1GC1_G_C,DC63A,1,-0.31932956,2
1GC1,1GC1_G_C,QC64A,1,0.44268864,2
1GC1,1GC1_G_C,NC66A,1,-0.033863615,2
1GC1,1GC1_G_C,KC72A,1,-0.016689893,2
1GC1,1GC1_G_C,NC73A,1,-0.10801677,2
1GC1,1GC1_G_C,KC75A,1,0.15796468,2
1GC1,1GC1_G_C,EC77A,1,0.56228465,2
1GC1,1GC1_G_C,YC82A,1,1.2906759,2
1GC1,1GC1_G_C,EC85A,1,1.3232962,2
1GC1,1GC1_G_C,VC86A,1,-0.0697808,2
1GC1,1GC1_G_C,EC87A,1,0.21785927,2
1GC1,1GC1_G_C,DC88A,1,-0.0697808,2
1GC1,1GC1_G_C,QC89A,1,0.17043781,2
1GC1,1GC1_G_C,KC90A,1,0.04742146,2
1GC1,1GC1_G_C,EC91A,1,-0.12810181,2
1GC1,1GC1_G_C,EC92A,1,0.016232576,2
1GC1,1GC1_G_C,QC94A,1,-0.10801677,2
1GC1,1GC1_G_C,QC89L,1,-0.31092584,2
1GC1,1GC1_G_C,"QC40A,DC63A",2,-0.4992468,2
1GC1,1GC1_G_C,"QC40A,DC63A,QC89L",3,-0.8482471,2
1JRH,1JRH_LH_I,TI4V,1,-0.025577439,4
1JRH,1JRH_LH_I,"TI9L,EI11K",2,-0.025577439,4
1JRH,1JRH_LH_I,"MI15L,II18V",2,-0.2137017,4
1JRH,1JRH_LH_I,"II25N,PI27S,VI29T,VI31I",4,0.1437703,4
1JRH,1JRH_LH_I,EI35Q,1,0.099613056,4
1JRH,1JRH_LH_I,"AI49S,II51T,HI55D",3,0.070707224,4
1JRH,1JRH_LH_I,"SI61Y,DI62E,HI63Q,VI64I,GI65M,DI66Y,SI68D,NI69V,LI71A",9,2.9601572,4
1JRH,1JRH_LH_I,"VI73A,RI78K",2,-0.2137017,4
1JRH,1JRH_LH_I,"AI85D,KI88R,EI90K",3,-0.047769245,4
1JRH,1JRH_LH_I,"AI93L,VI94M",2,0.63394666,4
1JRH,1JRH_LH_I,EL27A,1,0.54285824,4
1JRH,1JRH_LH_I,DL28A,1,0.43484148,4
1JRH,1JRH_LH_I,YL30A,1,1.1089529,4
1JRH,1JRH_LH_I,YL91A,1,0.58109426,4
1JRH,1JRH_LH_I,WL92A,1,2.819669,4
1JRH,1JRH_LH_I,SL93A,1,-0.65087503,4
1JRH,1JRH_LH_I,TL94A,1,0.3854419,4
1JRH,1JRH_LH_I,WL95A,1,1.6668108,4
1JRH,1JRH_LH_I,YH32A,1,1.4339519,4
1JRH,1JRH_LH_I,WH54A,1,2.6874673,4
1JRH,1JRH_LH_I,WH55A,1,2.422402,4
1JRH,1JRH_LH_I,DH56A,1,1.8869443,4
1JRH,1JRH_LH_I,DH57A,1,1.6668108,4
1JRH,1JRH_LH_I,DH58A,1,1.8554794,4
1JRH,1JRH_LH_I,YH60A,1,1.2561543,4
1JRH,1JRH_LH_I,RH100A,1,0.54285824,4
1JRH,1JRH_LH_I,FH103A,1,0.0,4
1JRH,1JRH_LH_I,YH104A,1,1.0615314,4
1JRH,1JRH_LH_I,HH107A,1,1.6985312,4
1JRH,1JRH_LH_I,"EI45P,II47R",2,-3.4416382,4
1JRH,1JRH_LH_I,"SI44G,EI45G,II47R",3,-3.3792171,4
1JRH,1JRH_LH_I,"EI45P,II47L",2,-3.4583282,4
1JRH,1JRH_LH_I,"SI44G,EI45P,II47K",3,-3.8861582,4
1JRH,1JRH_LH_I,EI45P,1,-3.7898736,4
1JRH,1JRH_LH_I,KI37A,1,3.5787568,4
1JRH,1JRH_LH_I,KI37M,1,3.2938035,4
1JRH,1JRH_LH_I,NI38A,1,-0.2931167,4
1JRH,1JRH_LH_I,NI38Q,1,0.36357772,4
1JRH,1JRH_LH_I,YI39A,1,3.4007633,4
1JRH,1JRH_LH_I,YI39F,1,0.79070747,4
1JRH,1JRH_LH_I,GI40A,1,4.5273547,4
1JRH,1JRH_LH_I,VI41A,1,1.8835297,4
1JRH,1JRH_LH_I,KI42A,1,2.9847934,4
1JRH,1JRH_LH_I,KI42M,1,4.913826,4
1JRH,1JRH_LH_I,NI43A,1,3.893992,4
1JRH,1JRH_LH_I,SI44A,1,0.29768187,4
1JRH,1JRH_LH_I,EI45A,1,-0.43501294,4
1JRH,1JRH_LH_I,WI46F,1,-0.65707874,4
1JRH,1JRH_LH_I,WI46Y,1,0.016232576,4
1JRH,1JRH_LH_I,NI69A,1,-0.39924708,4
1JRH,1JRH_LH_I,WI72A,1,4.5293264,4
1JRH,1JRH_LH_I,WI72F,1,1.1089529,4
1JRH,1JRH_LH_I,WI72Y,1,1.1355636,4
1JRH,1JRH_LH_I,RI74A,1,-0.24642235,4
1JRH,1JRH_LH_I,KI88A,1,-0.042640842,4
1JRH,1JRH_LH_I,KI37A,1,3.8522947,4
1JRH,1JRH_LH_I,NI38A,1,0.63418514,4
1JRH,1JRH_LH_I,NI38Q,1,0.70584375,4
1JRH,1JRH_LH_I,YI39A,1,3.6566424,4
1JRH,1JRH_LH_I,YI39F,1,1.0276679,4
1JRH,1JRH_LH_I,GI40A,1,4.377107,4
1JRH,1JRH_LH_I,VI41A,1,1.476288,4
1JRH,1JRH_LH_I,KI42A,1,3.7898736,4
1JRH,1JRH_LH_I,NI43A,1,4.7095246,4
1JRH,1JRH_LH_I,SI44A,1,0.45807788,4
1JRH,1JRH_LH_I,EI45A,1,-0.6970635,4
1JRH,1JRH_LH_I,WI46F,1,0.15162824,4
1JRH,1JRH_LH_I,WI46Y,1,0.58109426,4
1JRH,1JRH_LH_I,NI69A,1,0.0,4
1JRH,1JRH_LH_I,WI72A,1,4.3327317,4
1JRH,1JRH_LH_I,WI72F,1,1.0974486,4
1JRH,1JRH_LH_I,WI72Y,1,1.2411548,4
1JRH,1JRH_LH_I,RI74A,1,1.0320082,4
1JRH,1JRH_LH_I,KI88A,1,0.6671076,4
1DAN,1DAN_HL_UT,"WT40R,ST42G",2,1.4816071,2
1DAN,1DAN_HL_UT,WT40A,1,1.5000076,2
1DAN,1DAN_HL_UT,ST42A,1,-0.1265324,2
1DAN,1DAN_HL_UT,VT28A,1,-0.18582705,2
1DAN,1DAN_HL_UT,YT46A,1,-0.1265324,2
1DAN,1DAN_HL_UT,FT71A,1,1.1054369,2
1DAN,1DAN_HL_UT,YT73A,1,0.62763864,2
1DAN,1DAN_HL_UT,PU2A,1,-0.18582705,2
1DAN,1DAN_HL_UT,YU4A,1,0.3116849,2
1DAN,1DAN_HL_UT,VT31A,1,-0.1265324,2
1DAN,1DAN_HL_UT,QT32A,1,0.72903574,2
1DAN,1DAN_HL_UT,IT33A,1,-0.1265324,2
1DAN,1DAN_HL_UT,GT38A,1,0.064695336,2
1DAN,1DAN_HL_UT,KT43A,1,0.9207224,2
1DAN,1DAN_HL_UT,"CT44S,CT52S",2,-0.32587606,2
1DAN,1DAN_HL_UT,TT55A,1,2.2240758,2
1DAN,1DAN_HL_UT,"TT55A,FU50A",2,4.325087,2
1DAN,1DAN_HL_UT,"TT55A,KT15A",2,3.0546563,2
1DAN,1DAN_HL_UT,DT39A,1,1.3799108,2
1DAN,1DAN_HL_UT,"DT39A,WT40A",2,1.5072107,2
1DAN,1DAN_HL_UT,"DT39A,FU50A",2,3.1733053,2
1DAN,1DAN_HL_UT,"DT39A,KT15A",2,3.9962287,2
1DAN,1DAN_HL_UT,"DT39A,DT53A",2,3.857964,2
1DAN,1DAN_HL_UT,"DT39A,TT55A",2,4.159248,2
1DAN,1DAN_HL_UT,"DT39A,KT15A,FU50A",3,5.735139,2
1DAN,1DAN_HL_UT,RH125A,1,0.74902487,2
1DAN,1DAN_HL_UT,MH154A,1,0.74448496,2
1DAN,1DAN_HL_UT,KH189A,1,-0.1866704,2
1DAN,1DAN_HL_UT,LH135A,1,0.015799657,2
1DAN,1DAN_HL_UT,KT15A,1,2.4386024,2
1DAN,1DAN_HL_UT,DT39A,1,2.145008,2
1DAN,1DAN_HL_UT,WT40A,1,2.371096,2
1DAN,1DAN_HL_UT,KT41A,1,0.89480805,2
1DAN,1DAN_HL_UT,QU20A,1,1.3054645,2
1DAN,1DAN_HL_UT,RU45A,1,0.98613495,2
1DAN,1DAN_HL_UT,FU50A,1,2.2154534,2
1DAN,1DAN_HL_UT,VU113A,1,1.5698682,2
1DAN,1DAN_HL_UT,ST11A,1,-0.12980671,2
1DAN,1DAN_HL_UT,LT54A,1,0.0,2
1DAN,1DAN_HL_UT,DT56A,1,0.24204434,2
1DAN,1DAN_HL_UT,ET57A,1,0.0,2
1DAN,1DAN_HL_UT,IT58A,1,0.0,2
1DAN,1DAN_HL_UT,VT59A,1,0.0,2
1DAN,1DAN_HL_UT,QT64A,1,0.0,2
1DAN,1DAN_HL_UT,LT67A,1,-0.05983624,2
1DAN,1DAN_HL_UT,EU15A,1,-0.05983624,2
1DAN,1DAN_HL_UT,TU16A,1,-0.05983624,2
1DAN,1DAN_HL_UT,NU17A,1,0.0,2
1DAN,1DAN_HL_UT,RU41A,1,0.0,2
1DAN,1DAN_HL_UT,TU42A,1,0.0,2
1DAN,1DAN_HL_UT,RU46A,1,-0.05983624,2
1DAN,1DAN_HL_UT,NU48A,1,0.0,2
1DAN,1DAN_HL_UT,VU56A,1,0.19953953,2
1DAN,1DAN_HL_UT,FU57A,1,-0.05983624,2
1DAN,1DAN_HL_UT,YU67A,1,0.0,2
1DAN,1DAN_HL_UT,VU85A,1,0.10984251,2
1DAN,1DAN_HL_UT,RU102A,1,0.46060434,2
1DAN,1DAN_HL_UT,TU103A,1,0.10984251,2
1DAN,1DAN_HL_UT,VU104A,1,0.10984251,2
1DAN,1DAN_HL_UT,NU105A,1,0.0,2
1NMB,1NMB_N_LH,DH57N,1,2.9549508,0
1NMB,1NMB_N_LH,DH57E,1,2.9549508,0
1NMB,1NMB_N_LH,YH103A,1,2.1415784,0
1NMB,1NMB_N_LH,YH105F,1,1.4200456,0
1NMB,1NMB_N_LH,YL32F,1,0.46653098,0
1NMB,1NMB_N_LH,TL93F,1,-0.023913864,0
1NMB,1NMB_N_LH,TL93W,1,0.18427251,0
1NMB,1NMB_N_LH,LL94V,1,0.90042377,0
1VFB,1VFB_AB_C,DC18A,1,0.3402829,0
1VFB,1VFB_AB_C,NC19A,1,0.39626417,0
1VFB,1VFB_AB_C,YC23A,1,0.41065642,0
1VFB,1VFB_AB_C,SC24A,1,0.8513461,0
1VFB,1VFB_AB_C,KC116A,1,0.71376985,0
1VFB,1VFB_AB_C,TC118A,1,0.7654383,0
1VFB,1VFB_AB_C,DC119A,1,0.9535147,0
1VFB,1VFB_AB_C,VC120A,1,0.9173605,0
1VFB,1VFB_AB_C,QC121A,1,2.8782864,0
1VFB,1VFB_AB_C,IC124A,1,1.2319692,0
1VFB,1VFB_AB_C,RC125A,1,1.8377223,0
1VFB,1VFB_AB_C,LC129A,1,0.17162153,0
1VFB,1VFB_AB_C,YA32A,1,1.7176495,0
1VFB,1VFB_AB_C,YA50A,1,0.52456826,0
1VFB,1VFB_AB_C,WA92A,1,3.3500743,0
1VFB,1VFB_AB_C,YB32A,1,1.1237155,0
1VFB,1VFB_AB_C,WB52A,1,0.9173605,0
1VFB,1VFB_AB_C,DB54A,1,0.99204683,0
1VFB,1VFB_AB_C,DB100A,1,2.941075,0
1VFB,1VFB_AB_C,YB101F,1,1.5867511,0
1VFB,1VFB_AB_C,"YA32A,QC121A",2,1.5867511,0
1VFB,1VFB_AB_C,"YA32A,IC124A",2,2.9070168,0
1VFB,1VFB_AB_C,"YA50A,DC18A",2,1.2664908,0
1VFB,1VFB_AB_C,"YA50A,DC119A",2,1.2319692,0
1VFB,1VFB_AB_C,"WA92A,QC121A",2,3.520512,0
1VFB,1VFB_AB_C,"WA92A,IC124A",2,3.8520577,0
1VFB,1VFB_AB_C,"WA92A,RC125A",2,3.394809,0
1VFB,1VFB_AB_C,"WA92A,LC129A",2,3.3088436,0
1VFB,1VFB_AB_C,"YB32A,KC116A",2,1.5867511,0
1VFB,1VFB_AB_C,"WB52A,DC119A",2,2.2483788,0
1VFB,1VFB_AB_C,"DB54A,TC118A",2,1.2552056,0
1VFB,1VFB_AB_C,"DB100A,SC24A",2,3.3712647,0
1VFB,1VFB_AB_C,"YB101F,DC119A",2,2.7377465,0
1VFB,1VFB_AB_C,"YB101F,VC120A",2,2.5396144,0
3HFM,3HFM_HL_Y,YY20A,1,4.8782177,2
3HFM,3HFM_HL_Y,NL32A,1,5.109633,2
3HFM,3HFM_HL_Y,KY96A,1,6.9912934,2
3HFM,3HFM_HL_Y,NL31A,1,5.216466,2
3HFM,3HFM_HL_Y,"NL31A,KY96A",2,7.4717307,2
3HFM,3HFM_HL_Y,NL31D,1,1.344086,2
3HFM,3HFM_HL_Y,NL31E,1,5.7099247,2
3HFM,3HFM_HL_Y,YL50A,1,4.5596366,2
3HFM,3HFM_HL_Y,YL50L,1,4.395153,2
3HFM,3HFM_HL_Y,YL50F,1,2.3559217,2
3HFM,3HFM_HL_Y,"YL50A,RY21A",2,6.369324,2
3HFM,3HFM_HL_Y,"YL50F,RY21A",2,4.3327317,2
3HFM,3HFM_HL_Y,"YL50F,YY20A",2,6.226447,2
3HFM,3HFM_HL_Y,"YL50A,KY96A",2,7.733495,2
3HFM,3HFM_HL_Y,"YL50A,KY97A",2,7.322839,2
3HFM,3HFM_HL_Y,KY97A,1,6.1699805,2
3HFM,3HFM_HL_Y,YH33A,1,6.037779,2
3HFM,3HFM_HL_Y,"YH33A,KY97A",2,7.231512,2
3HFM,3HFM_HL_Y,WH98F,1,3.2470155,2
3HFM,3HFM_HL_Y,"WH98F,YY20A",2,6.2318087,2
3HFM,3HFM_HL_Y,WH98A,1,5.513151,2
3HFM,3HFM_HL_Y,"WH98A,KY96A",2,7.733495,2
3HFM,3HFM_HL_Y,DH32A,1,1.8990768,2
3HFM,3HFM_HL_Y,"DH32A,KY97A",2,4.5944967,2
3HFM,3HFM_HL_Y,"DH32N,KY97A",2,4.893741,2
3HFM,3HFM_HL_Y,DH32N,1,0.17043781,2
3HFM,3HFM_HL_Y,"DH32A,KY97M",2,1.1239525,2
3HFM,3HFM_HL_Y,"DH32N,KY97M",2,0.30263966,2
3HFM,3HFM_HL_Y,KY97M,1,1.0935637,2
3HFM,3HFM_HL_Y,RY21A,1,1.0276679,2
3HFM,3HFM_HL_Y,SH31A,1,0.17043781,2
3HFM,3HFM_HL_Y,YH50A,1,7.322839,2
3HFM,3HFM_HL_Y,"YH50A,RY21A",2,7.944808,2
3HFM,3HFM_HL_Y,QL53A,1,0.9535147,2
3HFM,3HFM_HL_Y,YL96A,1,2.7082572,2
3HFM,3HFM_HL_Y,"YL96A,RY21A",2,5.759324,2
3HFM,3HFM_HL_Y,"YL96F,RY21A",2,4.1838403,2
3HFM,3HFM_HL_Y,YL96F,1,1.402407,2
3HFM,3HFM_HL_Y,YH53W,1,0.6948397,2
3HFM,3HFM_HL_Y,YH53F,1,0.61053324,2
3HFM,3HFM_HL_Y,YH53L,1,0.79392976,2
3HFM,3HFM_HL_Y,YH53A,1,3.1981747,2
3HFM,3HFM_HL_Y,YH33W,1,1.7214643,2
3HFM,3HFM_HL_Y,YH33F,1,1.0540161,2
3HFM,3HFM_HL_Y,YH33L,1,1.9747044,2
3HFM,3HFM_HL_Y,YH50F,1,1.584133,2
3HFM,3HFM_HL_Y,YH50L,1,2.8030808,2
3HFM,3HFM_HL_Y,YH58F,1,0.3572932,2
3HFM,3HFM_HL_Y,YH58L,1,1.4893616,2
3HFM,3HFM_HL_Y,YH58A,1,1.6491243,2
3HFM,3HFM_HL_Y,DY101G,1,0.19934364,2
3HFM,3HFM_HL_Y,DY101A,1,1.2087328,2
3HFM,3HFM_HL_Y,DY101N,1,1.3409348,2
3HFM,3HFM_HL_Y,DY101S,1,1.7124065,2
3HFM,3HFM_HL_Y,DY101Q,1,1.9302658,2
3HFM,3HFM_HL_Y,DY101R,1,2.1230628,2
3HFM,3HFM_HL_Y,DY101E,1,1.9741712,2
3HFM,3HFM_HL_Y,DY101F,1,2.1704843,2
3HFM,3HFM_HL_Y,DY101K,1,1.9741712,2
3HFM,3HFM_HL_Y,RY21W,1,1.9741712,2
3HFM,3HFM_HL_Y,RY21Q,1,2.2419508,2
3HFM,3HFM_HL_Y,RY21E,1,2.2935007,2
3HFM,3HFM_HL_Y,RY21G,1,2.2702644,2
3HFM,3HFM_HL_Y,RY21N,1,2.1704843,2
3HFM,3HFM_HL_Y,RY21H,1,2.0150461,2
3HFM,3HFM_HL_Y,RY21K,1,1.6193893,2
3HFM,3HFM_HL_Y,NY19K,1,0.24021861,2
3HFM,3HFM_HL_Y,NY19Q,1,-0.042504817,2
3HFM,3HFM_HL_Y,NY19D,1,0.41065642,2
3HFM,3HFM_HL_Y,GY102V,1,0.24021861,2
3HFM,3HFM_HL_Y,RY21G,1,2.5760553,2
3HFM,3HFM_HL_Y,RY21A,1,0.82131284,2
3HFM,3HFM_HL_Y,RY21N,1,2.4881237,2
3HFM,3HFM_HL_Y,RY21E,1,2.6155667,2
3HFM,3HFM_HL_Y,RY21Q,1,2.5552654,2
3HFM,3HFM_HL_Y,RY21H,1,2.325533,2
3HFM,3HFM_HL_Y,RY21M,1,2.0508084,2
3HFM,3HFM_HL_Y,RY21K,1,1.9148766,2
3HFM,3HFM_HL_Y,RY21W,1,2.2935007,2
3HFM,3HFM_HL_Y,KY97G,1,6.4334354,2
3HFM,3HFM_HL_Y,KY97A,1,5.5580816,2
3HFM,3HFM_HL_Y,KY97D,1,6.771456,2
3HFM,3HFM_HL_Y,KY97E,1,3.6061218,2
3HFM,3HFM_HL_Y,KY97M,1,0.8012278,2
3HFM,3HFM_HL_Y,KY97R,1,3.0542183,2
3HFM,3HFM_HL_Y,DY101G,1,0.5186732,2
3HFM,3HFM_HL_Y,DY101A,1,1.534609,2
3HFM,3HFM_HL_Y,DY101S,1,2.0280676,2
3HFM,3HFM_HL_Y,DY101N,1,1.6426257,2
3HFM,3HFM_HL_Y,DY101E,1,2.2935007,2
3HFM,3HFM_HL_Y,DY101Q,1,2.2419508,2
3HFM,3HFM_HL_Y,DY101K,1,2.276811,2
3HFM,3HFM_HL_Y,DY101F,1,2.4881237,2
3HFM,3HFM_HL_Y,DY101R,1,2.438724,2
3HFM,3HFM_HL_Y,YY20F,1,-0.5046223,2
3HFM,3HFM_HL_Y,KY96M,1,6.7799807,2
3HFM,3HFM_HL_Y,GY102V,1,0.55070543,2
3HFM,3HFM_HL_Y,HY15A,1,-0.4455166,2
3HFM,3HFM_HL_Y,YY20A,1,4.2734375,2
3HFM,3HFM_HL_Y,RY21A,1,0.8621878,2
3HFM,3HFM_HL_Y,WY63A,1,0.31932956,2
3HFM,3HFM_HL_Y,RY73A,1,-0.33154547,2
3HFM,3HFM_HL_Y,LY75A,1,0.70477146,2
3HFM,3HFM_HL_Y,TY89A,1,0.0,2
3HFM,3HFM_HL_Y,NY93A,1,0.21131277,2
3HFM,3HFM_HL_Y,KY96A,1,6.4893103,2
3HFM,3HFM_HL_Y,IY98A,1,0.0,2
3HFM,3HFM_HL_Y,SY100A,1,0.26777947,2
3HFM,3HFM_HL_Y,DY101A,1,0.9535147,2
3HFM,3HFM_HL_Y,YY20F,1,-0.46374732,2
3HFM,3HFM_HL_Y,YY20L,1,2.185484,2
3HFM,3HFM_HL_Y,KY96R,1,5.3554,2
1CHO,1CHO_EFG_I,LI15G,1,6.0853734,1
1CHO,1CHO_EFG_I,LI15A,1,4.76622,1
1CHO,1CHO_EFG_I,LI15S,1,4.9868517,1
1CHO,1CHO_EFG_I,LI15C,1,2.6424344,1
1CHO,1CHO_EFG_I,LI15V,1,4.2735558,1
1CHO,1CHO_EFG_I,LI15T,1,4.4848685,1
1CHO,1CHO_EFG_I,LI15P,1,8.801906,1
1CHO,1CHO_EFG_I,LI15I,1,4.4790316,1
1CHO,1CHO_EFG_I,LI15M,1,0.3806232,1
1CHO,1CHO_EFG_I,LI15N,1,3.357031,1
1CHO,1CHO_EFG_I,LI15D,1,7.2014785,1
1CHO,1CHO_EFG_I,LI15K,1,4.4731364,1
1CHO,1CHO_EFG_I,LI15Q,1,2.9533494,1
1CHO,1CHO_EFG_I,LI15E,1,6.6586204,1
1CHO,1CHO_EFG_I,LI15H,1,3.0007117,1
1CHO,1CHO_EFG_I,LI15F,1,-1.5017474,1
1CHO,1CHO_EFG_I,LI15R,1,4.0066056,1
1CHO,1CHO_EFG_I,LI15Y,1,-2.225073,1
1CHO,1CHO_EFG_I,LI15W,1,-1.6909488,1
1PPF,1PPF_E_I,LI18G,1,3.3328986,1
1PPF,1PPF_E_I,LI18A,1,1.0710874,1
1PPF,1PPF_E_I,LI18S,1,3.0920286,1
1PPF,1PPF_E_I,LI18C,1,-0.08952337,1
1PPF,1PPF_E_I,LI18V,1,-0.49266446,1
1PPF,1PPF_E_I,LI18T,1,0.9154713,1
1PPF,1PPF_E_I,LI18P,1,6.1471486,1
1PPF,1PPF_E_I,LI18I,1,-0.73288304,1
1PPF,1PPF_E_I,LI18M,1,1.2575976,1
1PPF,1PPF_E_I,LI18N,1,5.225429,1
1PPF,1PPF_E_I,LI18D,1,7.613488,1
1PPF,1PPF_E_I,LI18K,1,5.736492,1
1PPF,1PPF_E_I,LI18Q,1,3.306267,1
1PPF,1PPF_E_I,LI18E,1,7.0562377,1
1PPF,1PPF_E_I,LI18H,1,6.471246,1
1PPF,1PPF_E_I,LI18F,1,5.1694956,1
1PPF,1PPF_E_I,LI18R,1,7.1845417,1
1PPF,1PPF_E_I,LI18Y,1,6.6357884,1
1PPF,1PPF_E_I,LI18W,1,7.5441813,1
1R0R,1R0R_E_I,LI13G,1,2.3528912,0
1R0R,1R0R_E_I,LI13A,1,0.31460878,0
1R0R,1R0R_E_I,LI13S,1,1.5712368,0
1R0R,1R0R_E_I,LI13C,1,-1.3463069,0
1R0R,1R0R_E_I,LI13V,1,2.156578,0
1R0R,1R0R_E_I,LI13T,1,0.15976271,0
1R0R,1R0R_E_I,LI13P,1,7.687727,0
1R0R,1R0R_E_I,LI13I,1,3.2540267,0
1R0R,1R0R_E_I,LI13M,1,-0.51625997,0
1R0R,1R0R_E_I,LI13N,1,1.5003896,0
1R0R,1R0R_E_I,LI13D,1,4.539324,0
1R0R,1R0R_E_I,LI13K,1,3.3453536,0
1R0R,1R0R_E_I,LI13Q,1,0.5696492,0
1R0R,1R0R_E_I,LI13E,1,2.177368,0
1R0R,1R0R_E_I,LI13H,1,0.5696492,0
1R0R,1R0R_E_I,LI13F,1,0.6170114,0
1R0R,1R0R_E_I,LI13R,1,2.935408,0
1R0R,1R0R_E_I,LI13Y,1,0.44681063,0
1R0R,1R0R_E_I,LI13W,1,1.5239338,0
3SGB,3SGB_E_I,LI12G,1,5.0034957,0
3SGB,3SGB_E_I,LI12A,1,2.9891605,0
3SGB,3SGB_E_I,LI12S,1,4.158235,0
3SGB,3SGB_E_I,LI12C,1,-0.013389315,0
3SGB,3SGB_E_I,LI12V,1,3.0342824,0
3SGB,3SGB_E_I,LI12T,1,3.2047203,0
3SGB,3SGB_E_I,LI12P,1,8.445845,0
3SGB,3SGB_E_I,LI12I,1,4.481256,0
3SGB,3SGB_E_I,LI12M,1,0.43018958,0
3SGB,3SGB_E_I,LI12N,1,3.399817,0
3SGB,3SGB_E_I,LI12D,1,5.6686587,0
3SGB,3SGB_E_I,LI12K,1,3.182076,0
3SGB,3SGB_E_I,LI12Q,1,2.603541,0
3SGB,3SGB_E_I,LI12E,1,5.982758,0
3SGB,3SGB_E_I,LI12H,1,1.7138757,0
3SGB,3SGB_E_I,LI12F,1,1.3740182,0
3SGB,3SGB_E_I,LI12R,1,3.3669553,0
3SGB,3SGB_E_I,LI12Y,1,1.6760064,0
3SGB,3SGB_E_I,LI12W,1,1.865208,0
1CHO,1CHO_EFG_I,AI12G,1,0.066014394,1
1CHO,1CHO_EFG_I,AI12S,1,0.066014394,1
1CHO,1CHO_EFG_I,AI12C,1,-0.3267778,1
1CHO,1CHO_EFG_I,AI12V,1,0.9535147,1
1CHO,1CHO_EFG_I,AI12T,1,0.96907717,1
1CHO,1CHO_EFG_I,AI12P,1,3.1089654,1
1CHO,1CHO_EFG_I,AI12L,1,0.14070073,1
1CHO,1CHO_EFG_I,AI12I,1,0.6553633,1
1CHO,1CHO_EFG_I,AI12M,1,0.14070073,1
1CHO,1CHO_EFG_I,AI12N,1,-0.28890854,1
1CHO,1CHO_EFG_I,AI12D,1,0.0,1
1CHO,1CHO_EFG_I,AI12K,1,2.4987283,1
1CHO,1CHO_EFG_I,AI12Q,1,0.44245148,1
1CHO,1CHO_EFG_I,AI12E,1,0.22500719,1
1CHO,1CHO_EFG_I,AI12H,1,-0.3267778,1
1CHO,1CHO_EFG_I,AI12F,1,-0.73548216,1
1CHO,1CHO_EFG_I,AI12R,1,0.4685549,1
1CHO,1CHO_EFG_I,AI12Y,1,-0.87553114,1
1CHO,1CHO_EFG_I,AI12W,1,-1.9253305,1
1PPF,1PPF_E_I,AI15G,1,1.1382291,1
1PPF,1PPF_E_I,AI15S,1,0.75647855,1
1PPF,1PPF_E_I,AI15C,1,-0.67370695,1
1PPF,1PPF_E_I,AI15V,1,0.20805256,1
1PPF,1PPF_E_I,AI15T,1,0.9628335,1
1PPF,1PPF_E_I,AI15P,1,1.9954592,1
1PPF,1PPF_E_I,AI15L,1,0.017792689,1
1PPF,1PPF_E_I,AI15I,1,0.32947758,1
1PPF,1PPF_E_I,AI15M,1,-0.40133756,1
1PPF,1PPF_E_I,AI15N,1,0.9154713,1
1PPF,1PPF_E_I,AI15D,1,1.1382291,1
1PPF,1PPF_E_I,AI15K,1,1.127554,1
1PPF,1PPF_E_I,AI15Q,1,0.24977449,1
1PPF,1PPF_E_I,AI15E,1,0.105603516,1
1PPF,1PPF_E_I,AI15H,1,0.5528879,1
1PPF,1PPF_E_I,AI15F,1,-0.07295021,1
1PPF,1PPF_E_I,AI15R,1,-0.26417795,1
1PPF,1PPF_E_I,AI15Y,1,-0.185067,1
1PPF,1PPF_E_I,AI15W,1,-0.64084536,1
1R0R,1R0R_E_I,AI10G,1,1.1117365,0
1R0R,1R0R_E_I,AI10S,1,1.7416747,0
1R0R,1R0R_E_I,AI10C,1,-0.48346767,0
1R0R,1R0R_E_I,AI10V,1,-0.9535147,0
1R0R,1R0R_E_I,AI10T,1,1.2681235,0
1R0R,1R0R_E_I,AI10P,1,3.3453536,0
1R0R,1R0R_E_I,AI10L,1,-1.7550112,0
1R0R,1R0R_E_I,AI10I,1,-1.7995166,0
1R0R,1R0R_E_I,AI10M,1,-1.739622,0
1R0R,1R0R_E_I,AI10N,1,2.0894363,0
1R0R,1R0R_E_I,AI10D,1,5.228435,0
1R0R,1R0R_E_I,AI10K,1,3.0729842,0
1R0R,1R0R_E_I,AI10Q,1,1.8109818,0
1R0R,1R0R_E_I,AI10E,1,4.577856,0
1R0R,1R0R_E_I,AI10H,1,1.7748275,0
1R0R,1R0R_E_I,AI10F,1,-2.2429996,0
1R0R,1R0R_E_I,AI10R,1,5.530482,0
1R0R,1R0R_E_I,AI10Y,1,-0.83848655,0
1R0R,1R0R_E_I,AI10W,1,0.20706579,0
3SGB,3SGB_E_I,AI9G,1,2.4864664,0
3SGB,3SGB_E_I,AI9S,1,0.9109825,0
3SGB,3SGB_E_I,AI9C,1,0.04153655,0
3SGB,3SGB_E_I,AI9V,1,-0.7847341,0
3SGB,3SGB_E_I,AI9T,1,0.33107248,0
3SGB,3SGB_E_I,AI9P,1,0.55270535,0
3SGB,3SGB_E_I,AI9L,1,0.16878061,0
3SGB,3SGB_E_I,AI9I,1,-0.4531886,0
3SGB,3SGB_E_I,AI9M,1,0.08895801,0
3SGB,3SGB_E_I,AI9N,1,-0.08912445,0
3SGB,3SGB_E_I,AI9D,1,0.47637805,0
3SGB,3SGB_E_I,AI9K,1,2.491424,0
3SGB,3SGB_E_I,AI9Q,1,0.43018958,0
3SGB,3SGB_E_I,AI9E,1,0.6714747,0
3SGB,3SGB_E_I,AI9H,1,-0.4531886,0
3SGB,3SGB_E_I,AI9F,1,-1.1806399,0
3SGB,3SGB_E_I,AI9R,1,2.0356457,0
3SGB,3SGB_E_I,AI9Y,1,-1.6472776,0
3SGB,3SGB_E_I,AI9W,1,-1.5536677,0
1CHO,1CHO_EFG_I,TI14G,1,5.2944493,1
1CHO,1CHO_EFG_I,TI14A,1,4.158528,1
1CHO,1CHO_EFG_I,TI14S,1,2.3505473,1
1CHO,1CHO_EFG_I,TI14C,1,3.329099,1
1CHO,1CHO_EFG_I,TI14V,1,3.5814502,1
1CHO,1CHO_EFG_I,TI14P,1,4.233214,1
1CHO,1CHO_EFG_I,TI14L,1,4.4166107,1
1CHO,1CHO_EFG_I,TI14I,1,3.6518238,1
1CHO,1CHO_EFG_I,TI14M,1,3.954937,1
1CHO,1CHO_EFG_I,TI14N,1,4.3175206,1
1CHO,1CHO_EFG_I,TI14D,1,6.8208556,1
1CHO,1CHO_EFG_I,TI14K,1,4.092513,1
1CHO,1CHO_EFG_I,TI14Q,1,3.6818569,1
1CHO,1CHO_EFG_I,TI14E,1,6.4257617,1
1CHO,1CHO_EFG_I,TI14H,1,3.6518238,1
1CHO,1CHO_EFG_I,TI14F,1,4.233214,1
1CHO,1CHO_EFG_I,TI14R,1,3.8840897,1
1CHO,1CHO_EFG_I,TI14Y,1,4.4731364,1
1CHO,1CHO_EFG_I,TI14W,1,4.158528,1
1PPF,1PPF_E_I,TI17G,1,3.599849,1
1PPF,1PPF_E_I,TI17A,1,3.4848208,1
1PPF,1PPF_E_I,TI17S,1,1.5049802,1
1PPF,1PPF_E_I,TI17C,1,2.0874968,1
1PPF,1PPF_E_I,TI17V,1,1.4817438,1
1PPF,1PPF_E_I,TI17P,1,3.0741644,1
1PPF,1PPF_E_I,TI17L,1,2.2796423,1
1PPF,1PPF_E_I,TI17I,1,1.4817438,1
1PPF,1PPF_E_I,TI17M,1,2.5024002,1
1PPF,1PPF_E_I,TI17N,1,2.6987135,1
1PPF,1PPF_E_I,TI17D,1,4.9236784,1
1PPF,1PPF_E_I,TI17K,1,3.3887732,1
1PPF,1PPF_E_I,TI17Q,1,1.9687275,1
1PPF,1PPF_E_I,TI17E,1,3.0410116,1
1PPF,1PPF_E_I,TI17H,1,1.6936487,1
1PPF,1PPF_E_I,TI17F,1,1.7099932,1
1PPF,1PPF_E_I,TI17R,1,3.451668,1
1PPF,1PPF_E_I,TI17Y,1,2.4808543,1
1PPF,1PPF_E_I,TI17W,1,2.195336,1
1R0R,1R0R_E_I,TI12G,1,3.1389987,0
1R0R,1R0R_E_I,TI12A,1,1.1732311,0
1R0R,1R0R_E_I,TI12S,1,0.8897487,0
1R0R,1R0R_E_I,TI12C,1,0.81319696,0
1R0R,1R0R_E_I,TI12V,1,0.93717015,0
1R0R,1R0R_E_I,TI12P,1,4.9499803,0
1R0R,1R0R_E_I,TI12L,1,0.66873926,0
1R0R,1R0R_E_I,TI12I,1,0.25873423,0
1R0R,1R0R_E_I,TI12M,1,1.3310183,0
1R0R,1R0R_E_I,TI12N,1,0.017864227,0
1R0R,1R0R_E_I,TI12D,1,2.888105,0
1R0R,1R0R_E_I,TI12K,1,1.9338204,0
1R0R,1R0R_E_I,TI12Q,1,2.2216382,0
1R0R,1R0R_E_I,TI12E,1,3.213685,0
1R0R,1R0R_E_I,TI12H,1,0.52568454,0
1R0R,1R0R_E_I,TI12F,1,-0.066014394,0
1R0R,1R0R_E_I,TI12R,1,3.3453536,0
1R0R,1R0R_E_I,TI12Y,1,-0.87882835,0
1R0R,1R0R_E_I,TI12W,1,2.935408,0
3SGB,3SGB_E_I,TI11G,1,5.584234,0
3SGB,3SGB_E_I,TI11A,1,3.5919626,0
3SGB,3SGB_E_I,TI11S,1,2.4662097,0
3SGB,3SGB_E_I,TI11C,1,2.9262657,0
3SGB,3SGB_E_I,TI11V,1,2.547891,0
3SGB,3SGB_E_I,TI11P,1,3.182076,0
3SGB,3SGB_E_I,TI11L,1,2.4713392,0
3SGB,3SGB_E_I,TI11I,1,1.7529136,0
3SGB,3SGB_E_I,TI11M,1,2.0356457,0
3SGB,3SGB_E_I,TI11N,1,3.254416,0
3SGB,3SGB_E_I,TI11D,1,4.956134,0
3SGB,3SGB_E_I,TI11K,1,2.0356457,0
3SGB,3SGB_E_I,TI11Q,1,2.9403167,0
3SGB,3SGB_E_I,TI11E,1,4.797141,0
3SGB,3SGB_E_I,TI11H,1,3.507656,0
3SGB,3SGB_E_I,TI11F,1,3.6393247,0
3SGB,3SGB_E_I,TI11R,1,1.972751,0
3SGB,3SGB_E_I,TI11Y,1,3.3669553,0
3SGB,3SGB_E_I,TI11W,1,3.0342824,0
1CHO,1CHO_EFG_I,EI16G,1,3.622681,1
1CHO,1CHO_EFG_I,EI16A,1,2.3332484,1
1CHO,1CHO_EFG_I,EI16S,1,2.7943566,1
1CHO,1CHO_EFG_I,EI16C,1,2.7283423,1
1CHO,1CHO_EFG_I,EI16V,1,2.4394336,1
1CHO,1CHO_EFG_I,EI16T,1,2.9093847,1
1CHO,1CHO_EFG_I,EI16P,1,2.590766,1
1CHO,1CHO_EFG_I,EI16L,1,2.8690429,1
1CHO,1CHO_EFG_I,EI16I,1,2.6424344,1
1CHO,1CHO_EFG_I,EI16M,1,2.698309,1
1CHO,1CHO_EFG_I,EI16N,1,2.3332484,1
1CHO,1CHO_EFG_I,EI16D,1,0.8817595,1
1CHO,1CHO_EFG_I,EI16K,1,3.5946455,1
1CHO,1CHO_EFG_I,EI16Q,1,1.3341379,1
1CHO,1CHO_EFG_I,EI16H,1,2.089729,1
1CHO,1CHO_EFG_I,EI16F,1,3.622681,1
1CHO,1CHO_EFG_I,EI16R,1,3.6818569,1
1CHO,1CHO_EFG_I,EI16Y,1,2.669166,1
1CHO,1CHO_EFG_I,EI16W,1,3.1600215,1
1PPF,1PPF_E_I,EI19G,1,2.1206496,1
1PPF,1PPF_E_I,EI19A,1,1.2032892,1
1PPF,1PPF_E_I,EI19S,1,1.8462117,1
1PPF,1PPF_E_I,EI19C,1,1.4026328,1
1PPF,1PPF_E_I,EI19V,1,1.1590191,1
1PPF,1PPF_E_I,EI19T,1,1.5049802,1
1PPF,1PPF_E_I,EI19P,1,3.2103827,1
1PPF,1PPF_E_I,EI19L,1,1.0710874,1
1PPF,1PPF_E_I,EI19I,1,0.7233257,1
1PPF,1PPF_E_I,EI19M,1,1.1487153,1
1PPF,1PPF_E_I,EI19N,1,1.2126933,1
1PPF,1PPF_E_I,EI19D,1,0.57792485,1
1PPF,1PPF_E_I,EI19K,1,2.1206496,1
1PPF,1PPF_E_I,EI19Q,1,0.6604309,1
1PPF,1PPF_E_I,EI19H,1,0.69046414,1
1PPF,1PPF_E_I,EI19F,1,1.3641711,1
1PPF,1PPF_E_I,EI19R,1,1.4817438,1
1PPF,1PPF_E_I,EI19Y,1,1.2488849,1
1PPF,1PPF_E_I,EI19W,1,1.530076,1
1R0R,1R0R_E_I,EI14G,1,2.7119977,0
1R0R,1R0R_E_I,EI14A,1,2.0894363,0
1R0R,1R0R_E_I,EI14S,1,3.1751528,0
1R0R,1R0R_E_I,EI14C,1,2.3715823,0
1R0R,1R0R_E_I,EI14V,1,0.09477138,0
1R0R,1R0R_E_I,EI14T,1,4.252276,0
1R0R,1R0R_E_I,EI14P,1,3.764484,0
1R0R,1R0R_E_I,EI14L,1,0.5696492,0
1R0R,1R0R_E_I,EI14I,1,0.7369973,0
1R0R,1R0R_E_I,EI14M,1,1.5712368,0
1R0R,1R0R_E_I,EI14N,1,2.1183422,0
1R0R,1R0R_E_I,EI14D,1,0.25873423,0
1R0R,1R0R_E_I,EI14K,1,2.7119977,0
1R0R,1R0R_E_I,EI14Q,1,1.2821743,0
1R0R,1R0R_E_I,EI14H,1,1.7088131,0
1R0R,1R0R_E_I,EI14F,1,3.6180909,0
1R0R,1R0R_E_I,EI14R,1,2.0894363,0
1R0R,1R0R_E_I,EI14Y,1,1.8898556,0
1R0R,1R0R_E_I,EI14W,1,1.8495139,0
3SGB,3SGB_E_I,EI13G,1,2.1049528,0
3SGB,3SGB_E_I,EI13A,1,1.0192363,0
3SGB,3SGB_E_I,EI13S,1,1.9436082,0
3SGB,3SGB_E_I,EI13C,1,1.1746745,0
3SGB,3SGB_E_I,EI13V,1,0.12754992,0
3SGB,3SGB_E_I,EI13T,1,2.143485,0
3SGB,3SGB_E_I,EI13P,1,2.2751536,0
3SGB,3SGB_E_I,EI13L,1,0.77931386,0
3SGB,3SGB_E_I,EI13I,1,-0.62338936,0
3SGB,3SGB_E_I,EI13M,1,-0.18949658,0
3SGB,3SGB_E_I,EI13N,1,1.1020385,0
3SGB,3SGB_E_I,EI13D,1,0.55270535,0
3SGB,3SGB_E_I,EI13K,1,0.16878061,0
3SGB,3SGB_E_I,EI13Q,1,0.18353121,0
3SGB,3SGB_E_I,EI13H,1,0.5260738,0
3SGB,3SGB_E_I,EI13F,1,1.9436082,0
3SGB,3SGB_E_I,EI13R,1,1.2750467,0
3SGB,3SGB_E_I,EI13Y,1,0.77931386,0
3SGB,3SGB_E_I,EI13W,1,1.5477023,0
1CHO,1CHO_EFG_I,YI17G,1,3.1761072,1
1CHO,1CHO_EFG_I,YI17A,1,2.543463,1
1CHO,1CHO_EFG_I,YI17S,1,2.8690429,1
1CHO,1CHO_EFG_I,YI17C,1,2.543463,1
1CHO,1CHO_EFG_I,YI17V,1,3.4637473,1
1CHO,1CHO_EFG_I,YI17T,1,3.3040621,1
1CHO,1CHO_EFG_I,YI17P,1,8.56565,1
1CHO,1CHO_EFG_I,YI17L,1,0.6844466,1
1CHO,1CHO_EFG_I,YI17I,1,2.1092622,1
1CHO,1CHO_EFG_I,YI17M,1,1.2265949,1
1CHO,1CHO_EFG_I,YI17N,1,3.0007117,1
1CHO,1CHO_EFG_I,YI17D,1,6.296296,1
1CHO,1CHO_EFG_I,YI17K,1,3.1654322,1
1CHO,1CHO_EFG_I,YI17Q,1,3.154561,1
1CHO,1CHO_EFG_I,YI17E,1,5.0159945,1
1CHO,1CHO_EFG_I,YI17H,1,1.5891783,1
1CHO,1CHO_EFG_I,YI17F,1,0.1810425,1
1CHO,1CHO_EFG_I,YI17R,1,2.9093847,1
1CHO,1CHO_EFG_I,YI17W,1,0.3923553,1
1PPF,1PPF_E_I,YI20G,1,4.1859007,1
1PPF,1PPF_E_I,YI20A,1,3.2103827,1
1PPF,1PPF_E_I,YI20S,1,3.6438136,1
1PPF,1PPF_E_I,YI20C,1,3.451668,1
1PPF,1PPF_E_I,YI20V,1,4.1859007,1
1PPF,1PPF_E_I,YI20T,1,5.055347,1
1PPF,1PPF_E_I,YI20P,1,5.3671613,1
1PPF,1PPF_E_I,YI20L,1,1.3749107,1
1PPF,1PPF_E_I,YI20I,1,3.9316313,1
1PPF,1PPF_E_I,YI20M,1,2.8123996,1
1PPF,1PPF_E_I,YI20N,1,3.6438136,1
1PPF,1PPF_E_I,YI20D,1,6.419518,1
1PPF,1PPF_E_I,YI20K,1,4.494069,1
1PPF,1PPF_E_I,YI20Q,1,4.6970696,1
1PPF,1PPF_E_I,YI20E,1,6.419518,1
1PPF,1PPF_E_I,YI20H,1,2.3787324,1
1PPF,1PPF_E_I,YI20F,1,0.4820406,1
1PPF,1PPF_E_I,YI20R,1,4.372321,1
1PPF,1PPF_E_I,YI20W,1,0.23538224,1
1R0R,1R0R_E_I,YI15G,1,6.4020834,0
1R0R,1R0R_E_I,YI15A,1,5.474549,0
1R0R,1R0R_E_I,YI15S,1,5.1627135,0
1R0R,1R0R_E_I,YI15C,1,3.2540267,0
1R0R,1R0R_E_I,YI15V,1,3.5100741,0
1R0R,1R0R_E_I,YI15T,1,5.474549,0
1R0R,1R0R_E_I,YI15P,1,6.654434,0
1R0R,1R0R_E_I,YI15L,1,2.5751164,0
1R0R,1R0R_E_I,YI15I,1,2.8645606,0
1R0R,1R0R_E_I,YI15M,1,3.1389987,0
1R0R,1R0R_E_I,YI15N,1,5.616447,0
1R0R,1R0R_E_I,YI15D,1,5.771293,0
1R0R,1R0R_E_I,YI15K,1,5.512418,0
1R0R,1R0R_E_I,YI15Q,1,4.5031695,0
1R0R,1R0R_E_I,YI15E,1,4.618198,0
1R0R,1R0R_E_I,YI15H,1,3.4711196,0
1R0R,1R0R_E_I,YI15F,1,0.6170114,0
1R0R,1R0R_E_I,YI15R,1,4.470017,0
1R0R,1R0R_E_I,YI15W,1,-0.36416575,0
3SGB,3SGB_E_I,YI14G,1,2.842396,0
3SGB,3SGB_E_I,YI14A,1,1.9436082,0
3SGB,3SGB_E_I,YI14S,1,2.0356457,0
3SGB,3SGB_E_I,YI14C,1,1.6952436,0
3SGB,3SGB_E_I,YI14V,1,4.42169,0
3SGB,3SGB_E_I,YI14T,1,4.871827,0
3SGB,3SGB_E_I,YI14P,1,6.27634,0
3SGB,3SGB_E_I,YI14L,1,1.5761455,0
3SGB,3SGB_E_I,YI14I,1,3.5919626,0
3SGB,3SGB_E_I,YI14M,1,2.0027843,0
3SGB,3SGB_E_I,YI14N,1,3.158532,0
3SGB,3SGB_E_I,YI14D,1,2.9118733,0
3SGB,3SGB_E_I,YI14K,1,3.4329698,0
3SGB,3SGB_E_I,YI14Q,1,3.2810476,0
3SGB,3SGB_E_I,YI14E,1,2.0356457,0
3SGB,3SGB_E_I,YI14H,1,1.7138757,0
3SGB,3SGB_E_I,YI14F,1,0.16878061,0
3SGB,3SGB_E_I,YI14R,1,2.7605486,0
3SGB,3SGB_E_I,YI14W,1,0.38874248,0
1CHO,1CHO_EFG_I,RI18G,1,3.4861066,1
1CHO,1CHO_EFG_I,RI18A,1,3.1917677,1
1CHO,1CHO_EFG_I,RI18S,1,3.1865933,1
1CHO,1CHO_EFG_I,RI18C,1,3.5196218,1
1CHO,1CHO_EFG_I,RI18V,1,2.0660954,1
1CHO,1CHO_EFG_I,RI18T,1,2.669166,1
1CHO,1CHO_EFG_I,RI18P,1,7.2894106,1
1CHO,1CHO_EFG_I,RI18L,1,2.8305109,1
1CHO,1CHO_EFG_I,RI18I,1,2.1092622,1
1CHO,1CHO_EFG_I,RI18M,1,2.615803,1
1CHO,1CHO_EFG_I,RI18N,1,3.5196218,1
1CHO,1CHO_EFG_I,RI18D,1,3.7830768,1
1CHO,1CHO_EFG_I,RI18K,1,0.6627691,1
1CHO,1CHO_EFG_I,RI18Q,1,2.4784715,1
1CHO,1CHO_EFG_I,RI18E,1,3.5196218,1
1CHO,1CHO_EFG_I,RI18H,1,2.7943566,1
1CHO,1CHO_EFG_I,RI18F,1,2.9533494,1
1CHO,1CHO_EFG_I,RI18Y,1,3.0007117,1
1CHO,1CHO_EFG_I,RI18W,1,2.4394336,1
1PPF,1PPF_E_I,RI21G,1,0.57792485,1
1PPF,1PPF_E_I,RI21A,1,0.20805256,1
1PPF,1PPF_E_I,RI21S,1,0.41961956,1
1PPF,1PPF_E_I,RI21C,1,-0.08117884,1
1PPF,1PPF_E_I,RI21V,1,-0.34960973,1
1PPF,1PPF_E_I,RI21T,1,-0.018343631,1
1PPF,1PPF_E_I,RI21P,1,6.7055693,1
1PPF,1PPF_E_I,RI21L,1,-0.85858625,1
1PPF,1PPF_E_I,RI21I,1,-0.8112832,1
1PPF,1PPF_E_I,RI21M,1,-0.75961477,1
1PPF,1PPF_E_I,RI21N,1,0.32947758,1
1PPF,1PPF_E_I,RI21D,1,0.20805256,1
1PPF,1PPF_E_I,RI21K,1,0.6045564,1
1PPF,1PPF_E_I,RI21Q,1,-0.018343631,1
1PPF,1PPF_E_I,RI21E,1,0.46085024,1
1PPF,1PPF_E_I,RI21H,1,-0.49266446,1
1PPF,1PPF_E_I,RI21F,1,-0.9812476,1
1PPF,1PPF_E_I,RI21Y,1,0.22063163,1
1PPF,1PPF_E_I,RI21W,1,-0.53300625,1
1R0R,1R0R_E_I,RI16G,1,2.0894363,0
1R0R,1R0R_E_I,RI16A,1,-0.09604763,0
1R0R,1R0R_E_I,RI16S,1,-0.01634454,0
1R0R,1R0R_E_I,RI16C,1,0.11502811,0
1R0R,1R0R_E_I,RI16V,1,0.11502811,0
1R0R,1R0R_E_I,RI16T,1,0.344642,0
1R0R,1R0R_E_I,RI16P,1,7.390505,0
1R0R,1R0R_E_I,RI16L,1,0.2321027,0
1R0R,1R0R_E_I,RI16I,1,0.20706579,0
1R0R,1R0R_E_I,RI16M,1,0.44681063,0
1R0R,1R0R_E_I,RI16N,1,-0.050451912,0
1R0R,1R0R_E_I,RI16D,1,-0.17991725,0
1R0R,1R0R_E_I,RI16K,1,-0.09604763,0
1R0R,1R0R_E_I,RI16Q,1,0.18240695,0
1R0R,1R0R_E_I,RI16E,1,0.344642,0
1R0R,1R0R_E_I,RI16H,1,0.52568454,0
1R0R,1R0R_E_I,RI16F,1,0.44681063,0
1R0R,1R0R_E_I,RI16Y,1,0.82332456,0
1R0R,1R0R_E_I,RI16W,1,0.94539875,0
3SGB,3SGB_E_I,RI15G,1,1.1071681,0
3SGB,3SGB_E_I,RI15A,1,0.05375249,0
3SGB,3SGB_E_I,RI15S,1,0.27762654,0
3SGB,3SGB_E_I,RI15C,1,0.55270535,0
3SGB,3SGB_E_I,RI15V,1,-0.023633696,0
3SGB,3SGB_E_I,RI15T,1,0.4537338,0
3SGB,3SGB_E_I,RI15P,1,7.684476,0
3SGB,3SGB_E_I,RI15L,1,0.2279567,0
3SGB,3SGB_E_I,RI15I,1,0.24351919,0
3SGB,3SGB_E_I,RI15M,1,0.12754992,0
3SGB,3SGB_E_I,RI15N,1,0.33107248,0
3SGB,3SGB_E_I,RI15D,1,0.6386131,0
3SGB,3SGB_E_I,RI15K,1,-0.277793,0
3SGB,3SGB_E_I,RI15Q,1,0.04153655,0
3SGB,3SGB_E_I,RI15E,1,0.6714747,0
3SGB,3SGB_E_I,RI15H,1,0.4537338,0
3SGB,3SGB_E_I,RI15F,1,0.2279567,0
3SGB,3SGB_E_I,RI15Y,1,0.2939711,0
3SGB,3SGB_E_I,RI15W,1,0.31183532,0
1CHO,1CHO_EFG_I,PI11G,1,0.63643354,1
1CHO,1CHO_EFG_I,PI11A,1,0.3806232,1
1CHO,1CHO_EFG_I,PI11S,1,-0.44068965,1
1CHO,1CHO_EFG_I,PI11C,1,-0.9835479,1
1CHO,1CHO_EFG_I,PI11V,1,-0.5496551,1
1CHO,1CHO_EFG_I,PI11T,1,-0.5496551,1
1CHO,1CHO_EFG_I,PI11L,1,-0.52455926,1
1CHO,1CHO_EFG_I,PI11I,1,-0.5110632,1
1CHO,1CHO_EFG_I,PI11M,1,-0.8281097,1
1CHO,1CHO_EFG_I,PI11N,1,-0.7799875,1
1CHO,1CHO_EFG_I,PI11D,1,-0.8513461,1
1CHO,1CHO_EFG_I,PI11K,1,0.38651827,1
1CHO,1CHO_EFG_I,PI11Q,1,-0.72773755,1
1CHO,1CHO_EFG_I,PI11E,1,-0.72009295,1
1CHO,1CHO_EFG_I,PI11H,1,-0.11253932,1
1CHO,1CHO_EFG_I,PI11F,1,-0.30754066,1
1CHO,1CHO_EFG_I,PI11R,1,0.39813536,1
1CHO,1CHO_EFG_I,PI11Y,1,-0.39509395,1
1CHO,1CHO_EFG_I,PI11W,1,-0.20842354,1
1PPF,1PPF_E_I,PI14G,1,0.09338758,1
1PPF,1PPF_E_I,PI14A,1,-0.12412894,1
1PPF,1PPF_E_I,PI14S,1,-0.5715383,1
1PPF,1PPF_E_I,PI14C,1,-2.0050166,1
1PPF,1PPF_E_I,PI14V,1,-1.525053,1
1PPF,1PPF_E_I,PI14T,1,-0.26417795,1
1PPF,1PPF_E_I,PI14L,1,-2.9233665,1
1PPF,1PPF_E_I,PI14I,1,-1.6513598,1
1PPF,1PPF_E_I,PI14M,1,-1.5744526,1
1PPF,1PPF_E_I,PI14N,1,-0.64084536,1
1PPF,1PPF_E_I,PI14D,1,-0.49266446,1
1PPF,1PPF_E_I,PI14K,1,-0.44869977,1
1PPF,1PPF_E_I,PI14Q,1,-0.8112832,1
1PPF,1PPF_E_I,PI14E,1,-1.4290054,1
1PPF,1PPF_E_I,PI14H,1,-1.7655087,1
1PPF,1PPF_E_I,PI14F,1,-1.8568356,1
1PPF,1PPF_E_I,PI14R,1,-0.13764554,1
1PPF,1PPF_E_I,PI14Y,1,-0.9626155,1
1PPF,1PPF_E_I,PI14W,1,-2.0050166,1
1R0R,1R0R_E_I,PI9G,1,-0.34582213,0
1R0R,1R0R_E_I,PI9A,1,-0.6389059,0
1R0R,1R0R_E_I,PI9S,1,0.13621847,0
1R0R,1R0R_E_I,PI9C,1,-0.9866675,0
1R0R,1R0R_E_I,PI9V,1,1.3310183,0
1R0R,1R0R_E_I,PI9T,1,1.19775,0
1R0R,1R0R_E_I,PI9L,1,1.1842538,0
1R0R,1R0R_E_I,PI9I,1,1.7416747,0
1R0R,1R0R_E_I,PI9M,1,-0.033152815,0
1R0R,1R0R_E_I,PI9N,1,-0.9173605,0
1R0R,1R0R_E_I,PI9D,1,-2.5212765,0
1R0R,1R0R_E_I,PI9K,1,0.344642,0
1R0R,1R0R_E_I,PI9Q,1,-1.414623,0
1R0R,1R0R_E_I,PI9E,1,-2.2429996,0
1R0R,1R0R_E_I,PI9H,1,-0.21651737,0
1R0R,1R0R_E_I,PI9F,1,1.3820354,0
1R0R,1R0R_E_I,PI9R,1,1.1024064,0
1R0R,1R0R_E_I,PI9Y,1,0.85746706,0
1R0R,1R0R_E_I,PI9W,1,0.48534274,0
3SGB,3SGB_E_I,PI8G,1,0.05375249,0
3SGB,3SGB_E_I,PI8A,1,-0.18949658,0
3SGB,3SGB_E_I,PI8S,1,0.06572162,0
3SGB,3SGB_E_I,PI8C,1,-0.32742262,0
3SGB,3SGB_E_I,PI8V,1,-0.31041327,0
3SGB,3SGB_E_I,PI8T,1,-0.10867909,0
3SGB,3SGB_E_I,PI8L,1,-0.1413744,0
3SGB,3SGB_E_I,PI8I,1,-0.023633696,0
3SGB,3SGB_E_I,PI8M,1,-0.5005508,0
3SGB,3SGB_E_I,PI8N,1,-0.12480123,0
3SGB,3SGB_E_I,PI8D,1,-1.0330986,0
3SGB,3SGB_E_I,PI8K,1,0.114053845,0
3SGB,3SGB_E_I,PI8Q,1,-0.31602898,0
3SGB,3SGB_E_I,PI8E,1,-0.62338936,0
3SGB,3SGB_E_I,PI8H,1,0.27762654,0
3SGB,3SGB_E_I,PI8F,1,-0.3449348,0
3SGB,3SGB_E_I,PI8R,1,0.31183532,0
3SGB,3SGB_E_I,PI8Y,1,-0.40146077,0
3SGB,3SGB_E_I,PI8W,1,-0.5005508,0
1CHO,1CHO_EFG_I,KI10G,1,1.8224223,1
1CHO,1CHO_EFG_I,KI10A,1,0.1810425,1
1CHO,1CHO_EFG_I,KI10S,1,-0.42663875,1
1CHO,1CHO_EFG_I,KI10C,1,0.50326914,1
1CHO,1CHO_EFG_I,KI10V,1,1.201936,1
1CHO,1CHO_EFG_I,KI10T,1,0.3806232,1
1CHO,1CHO_EFG_I,KI10P,1,2.0763397,1
1CHO,1CHO_EFG_I,KI10L,1,0.3806232,1
1CHO,1CHO_EFG_I,KI10I,1,1.5452136,1
1CHO,1CHO_EFG_I,KI10M,1,0.4262189,1
1CHO,1CHO_EFG_I,KI10N,1,-0.36098656,1
1CHO,1CHO_EFG_I,KI10D,1,-0.5110632,1
1CHO,1CHO_EFG_I,KI10Q,1,-0.5728915,1
1CHO,1CHO_EFG_I,KI10E,1,0.1810425,1
1CHO,1CHO_EFG_I,KI10H,1,0.14070073,1
1CHO,1CHO_EFG_I,KI10F,1,1.0933266,1
1CHO,1CHO_EFG_I,KI10R,1,-0.37779483,1
1CHO,1CHO_EFG_I,KI10Y,1,1.0752625,1
1CHO,1CHO_EFG_I,KI10W,1,1.0195291,1
1PPF,1PPF_E_I,KI13G,1,1.2488849,1
1PPF,1PPF_E_I,KI13A,1,0.75647855,1
1PPF,1PPF_E_I,KI13S,1,0.46085024,1
1PPF,1PPF_E_I,KI13C,1,0.9628335,1
1PPF,1PPF_E_I,KI13V,1,0.8715067,1
1PPF,1PPF_E_I,KI13T,1,0.16590488,1
1PPF,1PPF_E_I,KI13P,1,1.266184,1
1PPF,1PPF_E_I,KI13L,1,0.4015556,1
1PPF,1PPF_E_I,KI13I,1,0.63128805,1
1PPF,1PPF_E_I,KI13M,1,0.20805256,1
1PPF,1PPF_E_I,KI13N,1,0.6604309,1
1PPF,1PPF_E_I,KI13D,1,0.63128805,1
1PPF,1PPF_E_I,KI13Q,1,0.24977449,1
1PPF,1PPF_E_I,KI13E,1,1.1329156,1
1PPF,1PPF_E_I,KI13H,1,1.0145614,1
1PPF,1PPF_E_I,KI13F,1,0.9628335,1
1PPF,1PPF_E_I,KI13R,1,-0.64084536,1
1PPF,1PPF_E_I,KI13Y,1,0.50558484,1
1PPF,1PPF_E_I,KI13W,1,0.8311649,1
1R0R,1R0R_E_I,KI8G,1,-0.83848655,0
1R0R,1R0R_E_I,KI8A,1,-0.6100001,0
1R0R,1R0R_E_I,KI8S,1,-0.3073604,0
1R0R,1R0R_E_I,KI8C,1,-0.6156695,0
1R0R,1R0R_E_I,KI8V,1,0.41065642,0
1R0R,1R0R_E_I,KI8T,1,0.8897487,0
1R0R,1R0R_E_I,KI8P,1,1.3478266,0
1R0R,1R0R_E_I,KI8L,1,-0.32802942,0
1R0R,1R0R_E_I,KI8I,1,1.1239525,0
1R0R,1R0R_E_I,KI8M,1,-0.5612779,0
1R0R,1R0R_E_I,KI8N,1,-0.3908401,0
1R0R,1R0R_E_I,KI8D,1,-0.5933102,0
1R0R,1R0R_E_I,KI8Q,1,-0.53088915,0
1R0R,1R0R_E_I,KI8E,1,-0.11043989,0
1R0R,1R0R_E_I,KI8H,1,-0.5933102,0
1R0R,1R0R_E_I,KI8F,1,-0.79452187,0
1R0R,1R0R_E_I,KI8R,1,0.13621847,0
1R0R,1R0R_E_I,KI8Y,1,-0.6954318,0
1R0R,1R0R_E_I,KI8W,1,-1.1054369,0
3SGB,3SGB_E_I,KI7G,1,-0.725558,0
3SGB,3SGB_E_I,KI7A,1,-2.5721407,0
3SGB,3SGB_E_I,KI7S,1,-2.587597,0
3SGB,3SGB_E_I,KI7C,1,-0.5848572,0
3SGB,3SGB_E_I,KI7V,1,-0.9551719,0
3SGB,3SGB_E_I,KI7T,1,-1.9490284,0
3SGB,3SGB_E_I,KI7P,1,0.0,0
3SGB,3SGB_E_I,KI7L,1,-1.8173597,0
3SGB,3SGB_E_I,KI7I,1,-1.344638,0
3SGB,3SGB_E_I,KI7M,1,-1.1662476,0
3SGB,3SGB_E_I,KI7N,1,-0.6595436,0
3SGB,3SGB_E_I,KI7D,1,-0.62338936,0
3SGB,3SGB_E_I,KI7Q,1,-0.62338936,0
3SGB,3SGB_E_I,KI7E,1,0.032206405,0
3SGB,3SGB_E_I,KI7H,1,-0.40146077,0
3SGB,3SGB_E_I,KI7F,1,-0.725558,0
3SGB,3SGB_E_I,KI7R,1,-0.6926964,0
3SGB,3SGB_E_I,KI7Y,1,-0.5848572,0
3SGB,3SGB_E_I,KI7W,1,-0.013389315,0
1CHO,1CHO_EFG_I,GI29A,1,-1.0918018,1
1CHO,1CHO_EFG_I,GI29S,1,-0.13757624,1
1CHO,1CHO_EFG_I,GI29C,1,2.543463,1
1CHO,1CHO_EFG_I,GI29V,1,0.70192426,1
1CHO,1CHO_EFG_I,GI29T,1,2.0763397,1
1CHO,1CHO_EFG_I,GI29P,1,0.32409725,1
1CHO,1CHO_EFG_I,GI29L,1,1.7506894,1
1CHO,1CHO_EFG_I,GI29I,1,2.3673556,1
1CHO,1CHO_EFG_I,GI29M,1,1.6365405,1
1CHO,1CHO_EFG_I,GI29N,1,0.9535147,1
1CHO,1CHO_EFG_I,GI29D,1,3.1089654,1
1CHO,1CHO_EFG_I,GI29K,1,1.5891783,1
1CHO,1CHO_EFG_I,GI29Q,1,2.3837001,1
1CHO,1CHO_EFG_I,GI29E,1,2.615803,1
1CHO,1CHO_EFG_I,GI29H,1,-0.9835479,1
1CHO,1CHO_EFG_I,GI29F,1,0.102168605,1
1CHO,1CHO_EFG_I,GI29R,1,1.7447942,1
1CHO,1CHO_EFG_I,GI29Y,1,-0.9835479,1
1CHO,1CHO_EFG_I,GI29W,1,1.0566305,1
1PPF,1PPF_E_I,GI32A,1,0.23538224,1
1PPF,1PPF_E_I,GI32S,1,0.9154713,1
1PPF,1PPF_E_I,GI32C,1,1.1791041,1
1PPF,1PPF_E_I,GI32V,1,2.553068,1
1PPF,1PPF_E_I,GI32T,1,2.8123996,1
1PPF,1PPF_E_I,GI32P,1,0.2638254,1
1PPF,1PPF_E_I,GI32L,1,3.1298978,1
1PPF,1PPF_E_I,GI32I,1,4.372321,1
1PPF,1PPF_E_I,GI32M,1,2.195336,1
1PPF,1PPF_E_I,GI32N,1,1.6139456,1
1PPF,1PPF_E_I,GI32D,1,2.4970868,1
1PPF,1PPF_E_I,GI32K,1,3.306267,1
1PPF,1PPF_E_I,GI32Q,1,2.7997265,1
1PPF,1PPF_E_I,GI32E,1,1.4575586,1
1PPF,1PPF_E_I,GI32H,1,1.5049802,1
1PPF,1PPF_E_I,GI32F,1,1.4817438,1
1PPF,1PPF_E_I,GI32R,1,4.848992,1
1PPF,1PPF_E_I,GI32Y,1,1.2032892,1
1PPF,1PPF_E_I,GI32W,1,1.6439788,1
1R0R,1R0R_E_I,GI27A,1,1.2981567,0
1R0R,1R0R_E_I,GI27S,1,0.91177547,0
1R0R,1R0R_E_I,GI27C,1,1.4199046,0
1R0R,1R0R_E_I,GI27V,1,1.9338204,0
1R0R,1R0R_E_I,GI27T,1,1.6787798,0
1R0R,1R0R_E_I,GI27P,1,1.0800471,0
1R0R,1R0R_E_I,GI27L,1,2.4107375,0
1R0R,1R0R_E_I,GI27I,1,1.9811826,0
1R0R,1R0R_E_I,GI27M,1,2.156578,0
1R0R,1R0R_E_I,GI27N,1,1.2821743,0
1R0R,1R0R_E_I,GI27D,1,2.888105,0
1R0R,1R0R_E_I,GI27K,1,2.935408,0
1R0R,1R0R_E_I,GI27Q,1,2.0329103,0
1R0R,1R0R_E_I,GI27E,1,1.9811826,0
1R0R,1R0R_E_I,GI27H,1,2.1924953,0
1R0R,1R0R_E_I,GI27F,1,0.11502811,0
1R0R,1R0R_E_I,GI27R,1,3.4711196,0
1R0R,1R0R_E_I,GI27Y,1,0.48534274,0
1R0R,1R0R_E_I,GI27W,1,1.4012725,0
3SGB,3SGB_E_I,GI26A,1,1.2227967,0
3SGB,3SGB_E_I,GI26S,1,1.6076903,0
3SGB,3SGB_E_I,GI26C,1,2.611657,0
3SGB,3SGB_E_I,GI26V,1,2.7283423,0
3SGB,3SGB_E_I,GI26T,1,3.0342824,0
3SGB,3SGB_E_I,GI26P,1,1.0968642,0
3SGB,3SGB_E_I,GI26L,1,2.6581476,0
3SGB,3SGB_E_I,GI26I,1,4.092513,0
3SGB,3SGB_E_I,GI26M,1,2.7940638,0
3SGB,3SGB_E_I,GI26N,1,2.2751536,0
3SGB,3SGB_E_I,GI26D,1,1.6249894,0
3SGB,3SGB_E_I,GI26K,1,2.5250134,0
3SGB,3SGB_E_I,GI26Q,1,2.9562988,0
3SGB,3SGB_E_I,GI26E,1,1.972751,0
3SGB,3SGB_E_I,GI26H,1,2.7381892,0
3SGB,3SGB_E_I,GI26F,1,3.0223134,0
3SGB,3SGB_E_I,GI26R,1,3.507656,0
3SGB,3SGB_E_I,GI26Y,1,3.0961108,0
3SGB,3SGB_E_I,GI26W,1,3.912062,0
1CHO,1CHO_EFG_I,NI33G,1,-1.3942044,1
1CHO,1CHO_EFG_I,NI33A,1,-1.3641711,1
1CHO,1CHO_EFG_I,NI33S,1,-1.4767104,1
1CHO,1CHO_EFG_I,NI33C,1,-0.11253932,1
1CHO,1CHO_EFG_I,NI33V,1,0.032861583,1
1CHO,1CHO_EFG_I,NI33T,1,-1.2981567,1
1CHO,1CHO_EFG_I,NI33P,1,-1.8340036,1
1CHO,1CHO_EFG_I,NI33L,1,0.61687887,1
1CHO,1CHO_EFG_I,NI33I,1,-0.030033236,1
1CHO,1CHO_EFG_I,NI33M,1,-0.20842354,1
1CHO,1CHO_EFG_I,NI33D,1,-1.0400739,1
1CHO,1CHO_EFG_I,NI33K,1,2.3332484,1
1CHO,1CHO_EFG_I,NI33Q,1,-0.1848793,1
1CHO,1CHO_EFG_I,NI33E,1,2.3332484,1
1CHO,1CHO_EFG_I,NI33H,1,-0.73548216,1
1CHO,1CHO_EFG_I,NI33F,1,2.3673556,1
1CHO,1CHO_EFG_I,NI33R,1,1.5891783,1
1CHO,1CHO_EFG_I,NI33Y,1,2.566107,1
1CHO,1CHO_EFG_I,NI33W,1,2.178687,1
1PPF,1PPF_E_I,NI36G,1,-0.5715383,1
1PPF,1PPF_E_I,NI36A,1,-1.6455227,1
1PPF,1PPF_E_I,NI36S,1,-1.3463784,1
1PPF,1PPF_E_I,NI36C,1,0.6045564,1
1PPF,1PPF_E_I,NI36V,1,0.34582213,1
1PPF,1PPF_E_I,NI36T,1,0.5528879,1
1PPF,1PPF_E_I,NI36P,1,-2.9595976,1
1PPF,1PPF_E_I,NI36L,1,2.6471634,1
1PPF,1PPF_E_I,NI36I,1,0.8715067,1
1PPF,1PPF_E_I,NI36M,1,1.0710874,1
1PPF,1PPF_E_I,NI36D,1,-3.077952,1
1PPF,1PPF_E_I,NI36K,1,2.6217687,1
1PPF,1PPF_E_I,NI36Q,1,0.38292348,1
1PPF,1PPF_E_I,NI36E,1,-1.0183489,1
1PPF,1PPF_E_I,NI36H,1,-0.53300625,1
1PPF,1PPF_E_I,NI36F,1,1.8462117,1
1PPF,1PPF_E_I,NI36R,1,1.869756,1
1PPF,1PPF_E_I,NI36Y,1,1.6768404,1
1PPF,1PPF_E_I,NI36W,1,1.7219623,1
1R0R,1R0R_E_I,NI31G,1,0.28546593,0
1R0R,1R0R_E_I,NI31A,1,-0.033152815,0
1R0R,1R0R_E_I,NI31S,1,0.48534274,0
1R0R,1R0R_E_I,NI31C,1,0.5696492,0
1R0R,1R0R_E_I,NI31V,1,0.66873926,0
1R0R,1R0R_E_I,NI31T,1,0.5696492,0
1R0R,1R0R_E_I,NI31P,1,1.4791992,0
1R0R,1R0R_E_I,NI31L,1,1.546578,0
1R0R,1R0R_E_I,NI31I,1,0.31460878,0
1R0R,1R0R_E_I,NI31M,1,0.31460878,0
1R0R,1R0R_E_I,NI31D,1,0.5696492,0
1R0R,1R0R_E_I,NI31K,1,1.1476537,0
1R0R,1R0R_E_I,NI31Q,1,-0.27443793,0
1R0R,1R0R_E_I,NI31E,1,-0.20501308,0
1R0R,1R0R_E_I,NI31H,1,0.28546593,0
1R0R,1R0R_E_I,NI31F,1,-0.17991725,0
1R0R,1R0R_E_I,NI31R,1,1.4589425,0
1R0R,1R0R_E_I,NI31Y,1,0.18240695,0
1R0R,1R0R_E_I,NI31W,1,0.055733472,0
3SGB,3SGB_E_I,NI30G,1,0.31183532,0
3SGB,3SGB_E_I,NI30A,1,0.33107248,0
3SGB,3SGB_E_I,NI30S,1,0.4089992,0
3SGB,3SGB_E_I,NI30C,1,0.34970456,0
3SGB,3SGB_E_I,NI30V,1,-0.24187581,0
3SGB,3SGB_E_I,NI30T,1,0.009847074,0
3SGB,3SGB_E_I,NI30P,1,0.579437,0
3SGB,3SGB_E_I,NI30L,1,0.7407817,0
3SGB,3SGB_E_I,NI30I,1,0.19792347,0
3SGB,3SGB_E_I,NI30M,1,0.14074539,0
3SGB,3SGB_E_I,NI30D,1,0.9109825,0
3SGB,3SGB_E_I,NI30K,1,0.579437,0
3SGB,3SGB_E_I,NI30Q,1,0.24351919,0
3SGB,3SGB_E_I,NI30E,1,0.9627104,0
3SGB,3SGB_E_I,NI30H,1,-0.12480123,0
3SGB,3SGB_E_I,NI30F,1,-0.1413744,0
3SGB,3SGB_E_I,NI30R,1,0.579437,0
3SGB,3SGB_E_I,NI30Y,1,-0.10867909,0
3SGB,3SGB_E_I,NI30W,1,0.5260738,0
1CHO,1CHO_EFG_I,"TI14K,LI15R",2,7.4721394,1
1CHO,1CHO_EFG_I,"TI14R,LI15R",2,7.226585,1
1CHO,1CHO_EFG_I,"AI12R,LI15R",2,4.9771667,1
1CHO,1CHO_EFG_I,"AI12R,TI14K,LI15R",3,7.9873977,1
1CHO,1CHO_EFG_I,"AI12R,TI14P,LI15R",3,8.92,1
1CHO,1CHO_EFG_I,"PI11S,AI12R,TI14P,LI15R",4,8.483975,1
1CHO,1CHO_EFG_I,"KI10R,AI12R,TI14K,LI15R",4,8.02713,1
1CHO,1CHO_EFG_I,"KI10R,PI11F,AI12R,TI14K,LI15R",5,8.097978,1
1CHO,1CHO_EFG_I,"PI11S,AI12L,TI14K,LI15R",4,7.297601,1
1CHO,1CHO_EFG_I,"AI12R,TI14K,LI15R,EI16S",4,8.392895,1
1PPF,1PPF_E_I,"AI15R,LI18R",2,7.3277965,1
1R0R,1R0R_E_I,"TI12K,LI13R",2,5.259515,0
1R0R,1R0R_E_I,"TI12R,LI13R",2,6.5064836,0
1R0R,1R0R_E_I,"AI10R,LI13R",2,7.752178,0
1R0R,1R0R_E_I,"AI10R,TI12K,LI13R",3,9.3144,0
1R0R,1R0R_E_I,"PI9S,AI10L,TI12K,LI13R",4,4.892764,0
3SGB,3SGB_E_I,"TI11K,LI12R",2,5.3072824,0
3SGB,3SGB_E_I,"TI11R,LI12R",2,5.5520763,0
3SGB,3SGB_E_I,"AI9R,LI12R",2,5.1564193,0
3SGB,3SGB_E_I,"AI9R,TI11K,LI12R",3,6.7802353,0
3SGB,3SGB_E_I,"AI9R,TI11P,LI12R",3,8.583058,0
3SGB,3SGB_E_I,"PI8S,AI9R,TI11P,LI12R",4,8.229696,0
3SGB,3SGB_E_I,"KI7R,AI9R,TI11K,LI12R",4,5.5931535,0
3SGB,3SGB_E_I,"KI7R,PI8F,AI9R,TI11K,LI12R",5,5.7360306,0
3SGB,3SGB_E_I,"AI9R,TI11K,LI12R,RI15L",4,6.982303,0
3SGB,3SGB_E_I,"PI8S,AI9L,TI11K,LI12R",4,4.9748178,0
3SGB,3SGB_E_I,"AI9R,TI11K,LI12R,EI13S",4,7.1947017,0
1DAN,1DAN_HL_UT,EU114A,1,-0.004828486,2
1DAN,1DAN_HL_UT,VU113A,1,-0.18866855,2
1DAN,1DAN_HL_UT,TU109A,1,0.13527155,2
1DAN,1DAN_HL_UT,"KU107A,DU110A",2,0.042667557,2
1DAN,1DAN_HL_UT,"NU105A,RU106A",2,0.39998132,2
1DAN,1DAN_HL_UT,"TU103A,VU104A",2,-0.14902915,2
1DAN,1DAN_HL_UT,SU101A,1,-0.0028923668,2
1DAN,1DAN_HL_UT,"SU101A,RU102A",2,0.6385656,2
1DAN,1DAN_HL_UT,YU91A,1,-0.32986477,2
1DAN,1DAN_HL_UT,"EU89A,NU90A",2,-0.09357528,2
1DAN,1DAN_HL_UT,KU87A,1,0.017063797,2
1DAN,1DAN_HL_UT,LU82A,1,0.07995189,2
1DAN,1DAN_HL_UT,"NU79A,EU80A",2,-0.024545847,2
1DAN,1DAN_HL_UT,TU78A,1,-0.025549153,2
1DAN,1DAN_HL_UT,KU75A,1,0.116610095,2
1DAN,1DAN_HL_UT,TU73A,1,0.21198563,2
1DAN,1DAN_HL_UT,"KU71A,KU72A",2,-0.23973791,2
1DAN,1DAN_HL_UT,GU70R,1,-0.16279316,2
1DAN,1DAN_HL_UT,SU69A,1,0.022644233,2
1DAN,1DAN_HL_UT,WU68F,1,0.12289612,2
1DAN,1DAN_HL_UT,YU66L,1,0.15484607,2
1DAN,1DAN_HL_UT,IU62A,1,0.17879412,2
1DAN,1DAN_HL_UT,"KU59A,DU60A",2,-0.10151255,2
1DAN,1DAN_HL_UT,DU55A,1,-0.0106751,2
1DAN,1DAN_HL_UT,RU54A,1,-0.0028923668,2
1DAN,1DAN_HL_UT,FU50A,1,1.2817534,2
1DAN,1DAN_HL_UT,TU49A,1,-0.015591742,2
1DAN,1DAN_HL_UT,"RU46A,NU47A,NU48A",3,0.20658125,2
1DAN,1DAN_HL_UT,RU45A,1,0.51931405,2
1DAN,1DAN_HL_UT,LU43A,1,-0.027560875,2
1DAN,1DAN_HL_UT,"EU40A,RU41F",2,-0.021546083,2
1DAN,1DAN_HL_UT,DU39A,1,-0.02655416,2
1DAN,1DAN_HL_UT,EU38A,1,0.08580538,2
1DAN,1DAN_HL_UT,KU32A,1,-0.12360851,2
1DAN,1DAN_HL_UT,"QU24A,EU27A",2,0.03364985,2
1DAN,1DAN_HL_UT,"NU17A,QU20A",2,0.4144911,2
1DAN,1DAN_HL_UT,"LU14A,EU15A",2,-0.46290636,2
1DAN,1DAN_HL_UT,EU9A,1,-0.1755896,2
1DAN,1DAN_HL_UT,YU4A,1,1.0241498,2
1DAN,1DAN_HL_UT,KT63A,1,-0.07038221,2
1DAN,1DAN_HL_UT,"KT63A,QT64A",2,-0.20611459,2
1DAN,1DAN_HL_UT,"KT60A,DT61A",2,-0.5042317,2
1DAN,1DAN_HL_UT,"DT56A,ET57A",2,0.3045601,2
1DAN,1DAN_HL_UT,DT53E,1,1.3802997,2
1DAN,1DAN_HL_UT,DT53A,1,1.989497,2
1DAN,1DAN_HL_UT,"DT49A,ET51A",2,0.43330064,2
1DAN,1DAN_HL_UT,TT47A,1,0.4048575,2
1DAN,1DAN_HL_UT,FT45A,1,0.4379112,2
1DAN,1DAN_HL_UT,KT43A,1,0.4144911,2
1DAN,1DAN_HL_UT,ST42A,1,0.043561824,2
1DAN,1DAN_HL_UT,KT41A,1,0.23182406,2
1DAN,1DAN_HL_UT,"KT41A,KT43A",2,1.1358544,2
1DAN,1DAN_HL_UT,WT40F,1,1.2705958,2
1DAN,1DAN_HL_UT,DT39A,1,0.7350139,2
1DAN,1DAN_HL_UT,ST37A,1,-0.0693001,2
1DAN,1DAN_HL_UT,KT36A,1,0.32156944,2
1DAN,1DAN_HL_UT,"KT36A,DT39A",2,1.5714306,2
1DAN,1DAN_HL_UT,QT32A,1,0.5466929,2
1DAN,1DAN_HL_UT,KT23A,1,0.116610095,2
1DAN,1DAN_HL_UT,ET21A,1,0.10140793,2
1DAN,1DAN_HL_UT,WT20F,1,0.61519825,2
1DAN,1DAN_HL_UT,ET19A,1,0.6578864,2
1DAN,1DAN_HL_UT,IT17A,1,0.6450761,2
1DAN,1DAN_HL_UT,TT16A,1,-0.15900752,2
1DAN,1DAN_HL_UT,KT15R,1,1.6857406,2
1DAN,1DAN_HL_UT,KT15A,1,2.5879083,2
1DAN,1DAN_HL_UT,NT13A,1,0.18021487,2
1DAN,1DAN_HL_UT,TT12A,1,0.12054667,2
1DAN,1DAN_HL_UT,KT10A,1,-0.39734232,2
1DAN,1DAN_HL_UT,WT9F,1,0.69175,2
1SMF,1SMF_E_I,EI8A,1,1.0128093,3
1SMF,1SMF_E_I,SI4A,1,1.8999716,3
1SMF,1SMF_E_I,TI2A,1,2.0460517,3
1SMF,1SMF_E_I,II5A,1,3.511419,3
1SMF,1SMF_E_I,KI3A,1,5.689056,3
1FY8,1FY8_E_I,DE168N,1,0.17043781,4
1FY8,1FY8_E_I,QE128K,1,1.171374,4
3TGK,3TGK_E_I,NE170D,1,-0.17043781,4
1F5R,1F5R_A_I,KA129Q,1,-1.171374,2
3BTD,3BTD_E_I,DI13K,1,-11.502718,4
3BTE,3BTE_E_I,EI13K,1,-9.424007,4
3BTF,3BTF_E_I,FI13K,1,-7.0272107,3
3BTG,3BTG_E_I,GI13K,1,-12.352226,3
3BTH,3BTH_E_I,HI13K,1,-8.781781,3
3BTM,3BTM_E_I,MI13K,1,-7.6923733,0
3BTQ,3BTQ_E_I,QI13K,1,-9.370644,0
3BTW,3BTW_E_I,WI13K,1,-8.664119,3
3BTT,3BTT_E_I,TI13K,1,-10.597484,0
2SGP,2SGP_E_I,PI13L,1,-8.445845,4
1CSO,1CSO_E_I,II13L,1,-4.481256,0
1CT0,1CT0_E_I,SI13L,1,-4.158235,1
1CT2,1CT2_E_I,TI13L,1,-3.2047203,2
1CT4,1CT4_E_I,VI13L,1,-3.0342824,1
2SGQ,2SGQ_E_I,QI13L,1,-2.603541,3
1SGD,1SGD_E_I,DI13L,1,-5.6686587,0
1SGE,1SGE_E_I,EI13L,1,-5.982758,1
1SGN,1SGN_E_I,NI13L,1,-3.399817,0
1SGP,1SGP_E_I,AI13L,1,-2.9891605,2
1SGQ,1SGQ_E_I,GI13L,1,-5.0034957,0
1SGY,1SGY_E_I,YI13L,1,-1.6760064,2
2NU0,2NU0_E_I,WI13L,1,-1.865208,2
2NU1,2NU1_E_I,HI13L,1,-1.7138757,0
2NU2,2NU2_E_I,RI13L,1,-3.3669553,2
2NU4,2NU4_E_I,KI13L,1,-3.182076,3
2J12,2J12_A_B,SA116A,1,0.9535147,3
2J1K,2J1K_C_T,RC155A,1,0.051550064,4
2J1K,2J1K_C_T,GC10D,1,0.1837519,4
2J1K,2J1K_C_T,RC24A,1,0.76484615,4
1KAC,1KAC_A_B,PA15S,1,-0.7933806,1
1KAC,1KAC_A_B,SA87Y,1,-1.2527592,1
1P69,1P69_A_B,SA15P,1,0.7933806,3
1P6A,1P6A_A_B,YA87S,1,1.2527592,0
1CHO,1CHO_EFG_I,"EI7D,AI12V,TI14P,EI16D,RI18M,NI25S,GI29S,NI42S,SI48R",9,7.3336806,1
1CHO,1CHO_EFG_I,"TI14P,LI15K,EI16D,LI20V,SI48N,HI49R",6,7.001898,1
1CHO,1CHO_EFG_I,"TI14P,LI15K,EI16D,LI20V,SI48N",5,7.144953,1
1CHO,1CHO_EFG_I,"TI14P,LI15K,EI16D,LI20V,GI29S,SI48N",6,7.52278,1
1CHO,1CHO_EFG_I,"EI7G,KI10Q,PI11S,TI14P,LI15Q,EI16D,RI18V,LI20F,GI29S,VI39A,EI40D",11,7.505302,1
1CHO,1CHO_EFG_I,"EI7D,YI8H,AI12V,TI14S,RI18M,NI25S,GI29S,NI33D",8,4.871824,1
1CHO,1CHO_EFG_I,"EI7D,AI12V,TI14S,RI18M,NI25S,GI29N,NI33D,SI48G",8,4.364883,1
1CHO,1CHO_EFG_I,"EI7D,AI12V,TI14S,RI18M,NI25S,GI29S,EI40D",7,5.4566846,1
1CHO,1CHO_EFG_I,"VI3I,EI7D,AI12V,TI14S,RI18M,NI25S,GI29S,EI40D,TI46I",9,5.426651,1
1CHO,1CHO_EFG_I,"EI7D,AI12V,TI14S,RI18M,NI25S,GI29S,VI39A,EI40D",8,4.9868517,1
1CHO,1CHO_EFG_I,"EI7D,RI18M,KI26Q,GI29S,NI33S,EI40D",6,1.3049951,1
1CHO,1CHO_EFG_I,"RI18M,KI26Q,GI29S,EI40D",4,3.0007117,1
1CHO,1CHO_EFG_I,"EI7D,RI18M,EI40D",3,2.543463,1
1CHO,1CHO_EFG_I,"EI7D,KI10R,AI12D,RI18M,EI40D",5,2.4208016,1
1CHO,1CHO_EFG_I,"EI7D,RI18M,KI31R,EI40D",4,2.4574976,1
1CHO,1CHO_EFG_I,"EI7G,LI15M,RI18M,EI40D",4,2.698309,1
1CHO,1CHO_EFG_I,"EI7D,LI15M,RI18M,EI40D",4,2.7283423,1
1CHO,1CHO_EFG_I,"EI7D,LI15V,RI18M,GI29D,EI40D",5,9.519164,1
1CHO,1CHO_EFG_I,"EI7D,LI15V,RI18M,EI40D",4,6.612432,1
1CHO,1CHO_EFG_I,"EI7D,TI14R,LI15M,RI18M,EI40D",5,6.531947,1
1CHO,1CHO_EFG_I,"EI7G,LI15M,RI18M,EI40D,KI52E",5,1.891047,1
1CHO,1CHO_EFG_I,"DI4N,EI7G,LI15M,RI18M,EI40D,KI52E",6,1.9137491,1
1CHO,1CHO_EFG_I,"EI7D,AI12V,TI14S,RI18M,NI25S,GI29S,NI33D,EI40D,TI46N",9,4.2735558,1
1CHO,1CHO_EFG_I,"EI7D,AI12V,TI14S,RI18M,NI25S,GI29S,NI33D,EI40D",8,4.4166107,1
1CHO,1CHO_EFG_I,"EI7D,AI12V,TI14S,RI18M,NI25S,GI29S,NI33D,VI38F,EI40D,TI46S",10,4.233214,1
1CHO,1CHO_EFG_I,"AI12V,TI14S,RI18M,NI25S,KI26Q,GI29S,KI31E,EI40D",8,6.6359763,1
1CHO,1CHO_EFG_I,"EI7D,YI8H,TI14L,LI15Q,YI17Q,RI18K,LI20I,GI29D,NI33S,EI40D",10,11.0540695,1
1CHO,1CHO_EFG_I,"EI7D,YI8H,TI14L,LI15Q,YI17Q,RI18K,GI29D,NI33S,EI40D",9,11.138376,1
1CHO,1CHO_EFG_I,LI15M,1,0.32409725,1
1CHO,1CHO_EFG_I,"LI15M,TI46N,KI52T",3,0.6553633,1
1CHO,1CHO_EFG_I,"NI25S,GI29A",2,-0.86090195,1
1CHO,1CHO_EFG_I,"AI12D,GI29A",2,-0.86573833,1
1CHO,1CHO_EFG_I,"AI12D,GI29A,NI30S",3,-0.030033236,1
1CHO,1CHO_EFG_I,GI29A,1,-0.771643,1
1CHO,1CHO_EFG_I,"TI14M,LI15S,GI29V",3,8.988038,1
1CHO,1CHO_EFG_I,"RI18V,LI20I",2,2.167183,1
1CHO,1CHO_EFG_I,"LI15S,RI18V,LI20I",3,7.224715,1
1CHO,1CHO_EFG_I,NI25S,1,0.0,1
1CHO,1CHO_EFG_I,"LI15M,LI20V,KI26I,EI40K",4,1.0373933,1
1CHO,1CHO_EFG_I,"AI12G,LI15M,LI20V,KI26I,EI40K",5,1.1143005,1
1CHO,1CHO_EFG_I,"LI15M,NI33D,SI48N",3,-0.4824116,1
1CHO,1CHO_EFG_I,"EI7D,KI10M,LI15M,LI20V",4,0.5268759,1
1CHO,1CHO_EFG_I,"EI7G,LI15M,YI17S,LI20I,KI26T,GI29S,HI49Y,FI50P,KI52V",9,2.7943566,1
1CHO,1CHO_EFG_I,"AI12T,LI15M",2,0.92348146,1
1CHO,1CHO_EFG_I,"LI15M,TI27S,GI29D",3,3.5814502,1
1CHO,1CHO_EFG_I,"AI12D,LI15A,YI17D",3,10.913369,1
1CHO,1CHO_EFG_I,"LI15M,SI48N,HI49R,KI52Q",4,0.27236938,1
1CHO,1CHO_EFG_I,"LI15M,HI49R",2,0.14070073,1
1CHO,1CHO_EFG_I,"LI15M,HI49R,KI52E",3,-0.44068965,1
1CHO,1CHO_EFG_I,"LI15M,SI48N",2,0.3806232,1
1CHO,1CHO_EFG_I,"YI8H,YI17D,TI27I,GI29S,NI33D,VI39L",6,6.88687,1
1CHO,1CHO_EFG_I,YI17H,1,1.4301856,1
1CHO,1CHO_EFG_I,"LI15M,YI17Q",2,3.5196218,1
1CHO,1CHO_EFG_I,"LI15M,GI29D",2,3.4198418,1
1CHO,1CHO_EFG_I,"LI15M,YI17H,KI26Q,GI29D",4,4.233214,1
1CHO,1CHO_EFG_I,"EI7D,TI14L,RI18M,GI29D,NI33S,EI40D,TI46S",7,9.22242,1
1CHO,1CHO_EFG_I,"AI12G,TI14M,LI15M,YI17R,RI18L,GI29N,NI30D,SI48N,KI52E",9,9.2045555,1
1CHO,1CHO_EFG_I,"EI7D,RI18M,LI20F,NI25S,GI29S,EI40D",6,2.669166,1
1CHO,1CHO_EFG_I,"EI7G,KI10Q,TI14S,RI18V,LI20F,GI29S,NI33D,VI39A,EI40D",9,1.6365405,1
1CHO,1CHO_EFG_I,"EI7D,TI14S,EI16D,RI18M,NI25S,GI29S,EI40D,GI51E",8,7.660467,1
1CHO,1CHO_EFG_I,"EI7D,AI12V,YI17E,RI18M,EI40D",5,7.82404,1
1CHO,1CHO_EFG_I,"EI7D,AI12V,TI14S,RI18M,VI39A,EI40D",6,5.248261,1
1CHO,1CHO_EFG_I,"DI4N,EI7D,AI12V,TI14S,EI16L,RI18M,VI39A,EI40D",8,6.459869,1
1CHO,1CHO_EFG_I,"YI8H,EI16D,LI20I,NI25S,GI29S,NI33D,VI39M,EI40D",8,0.14070073,1
1CHO,1CHO_EFG_I,"EI7D,AI12V,EI16D,RI18M,KI26T,GI29S,EI40D,LI45I",8,5.6816916,1
1CHO,1CHO_EFG_I,"EI7D,AI12V,TI14S,EI16D,RI18M,KI26T,GI29N,NI33I,EI40D,LI45I",10,7.612135,1
1CHO,1CHO_EFG_I,"EI7D,KI10R,AI12V,EI16D,RI18M,GI29S,EI40D,LI45I,KI52R",9,5.0300455,1
1CHO,1CHO_EFG_I,"EI7D,AI12V,EI16D,RI18M,GI29S,EI40D,LI45I,KI52R",8,5.522699,1
1CHO,1CHO_EFG_I,"AI12D,LI15A",2,4.8279185,1
1CHO,1CHO_EFG_I,"TI14P,LI15K,GI29D",3,9.929821,1
1CHO,1CHO_EFG_I,"TI14P,LI15K",2,8.366069,1
1CHO,1CHO_EFG_I,"EI7D,LI15M,RI18M,GI29D,EI40D",5,5.637727,1
1CHO,1CHO_EFG_I,GI29V,1,0.5925281,1
1CHO,1CHO_EFG_I,YI17D,1,6.1120477,1
1CHO,1CHO_EFG_I,TI14E,1,4.895525,1
1CHO,1CHO_EFG_I,"EI7D,LI15F,RI18M,EI40D",4,1.0373933,1
1CHO,1CHO_EFG_I,TI14S,1,2.3505473,1
1CHO,1CHO_EFG_I,TI14V,1,3.273449,1
1CHO,1CHO_EFG_I,AI12V,1,0.92348146,1
1CHO,1CHO_EFG_I,"AI12V,TI14S",2,3.6101017,1
1CHO,1CHO_EFG_I,TI14A,1,4.3175206,1
1CHO,1CHO_EFG_I,LI15K,1,4.2735558,1
1CHO,1CHO_EFG_I,LI15A,1,4.932125,1
1CHO,1CHO_EFG_I,LI15E,1,6.8537173,1
1CHO,1CHO_EFG_I,LI15Q,1,3.5569313,1
1CHO,1CHO_EFG_I,"TI14K,LI15R",2,7.3336806,1
1CHO,1CHO_EFG_I,"TI14R,LI15R",2,7.2014785,1
1CHO,1CHO_EFG_I,"AI12R,LI15R",2,4.907029,1
1CHO,1CHO_EFG_I,"AI12R,TI14K,LI15R",3,7.955413,1
1CHO,1CHO_EFG_I,"AI12R,TI14P,LI15R",3,8.8869505,1
1CHO,1CHO_EFG_I,"PI11S,AI12R,TI14P,LI15R",4,8.457396,1
1R0R,1R0R_E_I,"EI5D,AI10V,TI12P,EI14D,RI16M,NI23S,GI27S,NI40S,SI46R",9,4.9404244,0
1R0R,1R0R_E_I,"TI12P,LI13K,EI14D,LI18V,SI46N",5,7.5461206,0
1R0R,1R0R_E_I,"TI12P,LI13K,EI14D,LI18V,GI27S,SI46N",6,7.678323,0
1R0R,1R0R_E_I,"EI5G,KI8Q,PI9S,TI12P,LI13Q,EI14D,RI16V,LI18F,GI27S,VI37A,EI38D",11,3.571417,0
1R0R,1R0R_E_I,"EI5D,YI6H,AI10V,TI12S,RI16M,NI23S,GI27S,NI31D",8,0.344642,0
1R0R,1R0R_E_I,"AI10V,TI12S,LI13P,RI16M,NI23S,GI27N,NI31D,NI34S,SI46G",9,9.231593,0
1R0R,1R0R_E_I,"EI5D,AI10V,TI12S,RI16M,NI23S,GI27N,NI31D,SI46G",8,0.48534274,0
1R0R,1R0R_E_I,"EI5D,AI10V,TI12S,RI16M,NI23S,GI27S,EI38D",7,0.20706579,0
1R0R,1R0R_E_I,"VI1I,EI5D,AI10V,TI12S,RI16M,NI23S,GI27S,EI38D,TI44I",9,0.28546593,0
1R0R,1R0R_E_I,"EI5D,AI10V,TI12S,RI16M,NI23S,GI27S,VI37A,EI38D",8,-0.050451912,0
1R0R,1R0R_E_I,"EI5D,RI16M,KI24Q,GI27S,NI31S,EI38D",6,0.66873926,0
1R0R,1R0R_E_I,"RI16M,KI24Q,GI27S,EI38D",4,1.1117365,0
1R0R,1R0R_E_I,"EI5D,RI16M,EI38D",3,0.41065642,0
1R0R,1R0R_E_I,"EI5D,KI8R,AI10D,RI16M,EI38D",5,5.771293,0
1R0R,1R0R_E_I,"EI5D,RI16M,KI29R,EI38D",4,-0.08199673,0
1R0R,1R0R_E_I,"EI5G,LI13M,RI16M,EI38D",4,-0.24021861,0
1R0R,1R0R_E_I,"EI5D,LI13M,RI16M,EI38D",4,-0.24021861,0
1R0R,1R0R_E_I,"EI5D,LI13V,RI16M,GI27D,EI38D",5,4.6621623,0
1R0R,1R0R_E_I,"EI5D,LI13V,RI16M,EI38D",4,2.3825202,0
1R0R,1R0R_E_I,"EI5D,TI12R,LI13M,RI16M,EI38D",5,3.3970814,0
1R0R,1R0R_E_I,"EI5G,LI13M,RI16M,EI38D,KI50E",5,-0.6954318,0
1R0R,1R0R_E_I,"DI2N,EI5G,LI13M,RI16M,EI38D,KI50E",6,-1.0495623,0
1R0R,1R0R_E_I,"EI5D,AI10V,TI12S,YI15D,RI16M,NI23S,GI27S,EI38D",8,5.331494,0
1R0R,1R0R_E_I,"EI5D,AI10V,TI12S,RI16M,NI23S,GI27S,NI31D,EI38D,TI44N",9,0.073797435,0
1R0R,1R0R_E_I,"EI5D,AI10V,TI12S,RI16M,NI23S,GI27S,NI31D,EI38D",8,0.11502811,0
1R0R,1R0R_E_I,"EI5D,AI10V,TI12S,RI16M,NI23S,GI27S,NI31D,VI36F,EI38D,TI44S",10,0.037101373,0
1R0R,1R0R_E_I,"AI10V,TI12S,RI16M,NI23S,KI24Q,GI27S,KI29E,EI38D",8,1.4012725,0
1R0R,1R0R_E_I,LI13M,1,-0.51625997,0
1R0R,1R0R_E_I,"LI13M,TI44N,KI50T",3,-0.83848655,0
1R0R,1R0R_E_I,"NI23S,GI27A",2,1.2537313,0
1R0R,1R0R_E_I,"AI10D,GI27A",2,5.903495,0
1R0R,1R0R_E_I,"AI10D,GI27A,NI28S",3,5.834188,0
1R0R,1R0R_E_I,GI27A,1,1.3310183,0
1R0R,1R0R_E_I,"TI12M,LI13S,GI27V",3,3.0138083,0
1R0R,1R0R_E_I,"RI16V,LI18I",2,-0.01634454,0
1R0R,1R0R_E_I,"LI13S,RI16V,LI18I",3,1.8898556,0
1R0R,1R0R_E_I,NI23S,1,-0.066014394,0
1R0R,1R0R_E_I,"LI13M,LI18V,KI24I,EI38K",4,-0.83848655,0
1R0R,1R0R_E_I,"AI10G,LI13M,LI18V,KI24I,EI38K",5,1.0361416,0
1R0R,1R0R_E_I,"LI13M,NI31D,SI46N",3,-0.3073604,0
1R0R,1R0R_E_I,"EI5D,KI8M,LI13M,LI18V",4,-1.7550112,0
1R0R,1R0R_E_I,"EI5G,LI13M,YI15S,LI18I,KI24T,GI27S,HI47Y,FI48P,KI50V",9,3.3453536,0
1R0R,1R0R_E_I,"AI10T,LI13M",2,0.25873423,0
1R0R,1R0R_E_I,"LI13M,TI25S,GI27D",3,2.145903,0
1R0R,1R0R_E_I,"LI13I,GI27D",2,5.3034587,0
1R0R,1R0R_E_I,"AI10D,LI13A,YI15D",3,8.944814,0
1R0R,1R0R_E_I,"LI13M,SI46N,HI47R,KI50Q",4,-0.6389059,0
1R0R,1R0R_E_I,"LI13M,HI47R",2,-0.31760478,0
1R0R,1R0R_E_I,"LI13M,HI47R,KI50E",3,-0.9173605,0
1R0R,1R0R_E_I,"LI13M,SI46N",2,-0.49729985,0
1R0R,1R0R_E_I,YI15H,1,3.042951,0
1R0R,1R0R_E_I,"LI13M,YI15Q",2,3.6401176,0
1R0R,1R0R_E_I,"LI13M,GI27D",2,2.3932598,0
1R0R,1R0R_E_I,"EI5D,TI12L,RI16M,GI27D,NI31S,EI38D,TI44S",7,3.8180754,0
1R0R,1R0R_E_I,"EI5D,RI16M,LI18F,NI23S,GI27S,EI38D",6,1.2981567,0
1R0R,1R0R_E_I,"EI5G,KI8Q,TI12S,RI16V,LI18F,GI27S,NI31D,VI37A,EI38D",9,0.0,0
1R0R,1R0R_E_I,"EI5D,TI12S,EI14D,RI16M,NI23S,GI27S,EI38D,GI49E",8,1.2981567,0
1R0R,1R0R_E_I,"EI5D,AI10V,YI15E,RI16M,EI38D",5,2.8645606,0
1R0R,1R0R_E_I,"EI5D,AI10V,TI12S,RI16M,VI37A,EI38D",6,-1.1571053,0
1R0R,1R0R_E_I,"DI2N,EI5D,AI10V,TI12S,EI14L,RI16M,VI37A,EI38D",8,-0.9173605,0
1R0R,1R0R_E_I,"EI5D,AI10V,YI15D,RI16M,KI24I,GI27H,NI31Y,VI37A,EI38H,LI45F",10,5.688787,0
1R0R,1R0R_E_I,"EI5D,KI8Q,AI10V,TI12M,LI13G,EI14D,RI16M,NI23S,GI27S,EI38D,SI46N",11,3.105846,0
1R0R,1R0R_E_I,"YI6H,EI14D,LI18I,NI23S,GI27S,NI31D,VI37M,EI38D",8,0.7817319,0
1R0R,1R0R_E_I,"EI5D,AI10V,EI14D,RI16M,KI24T,GI27S,EI38D,LI43I",8,-0.17991725,0
1R0R,1R0R_E_I,"EI5D,AI10V,TI12S,EI14D,RI16M,KI24T,GI27N,NI31I,EI38D,LI43I",10,1.7748275,0
1R0R,1R0R_E_I,"EI5D,KI8R,AI10V,EI14D,RI16M,GI27S,EI38D,LI43I,KI50R",9,-0.41065642,0
1R0R,1R0R_E_I,"EI5D,AI10V,EI14D,RI16M,GI27S,EI38D,LI43I,KI50R",8,-0.24021861,0
1R0R,1R0R_E_I,"AI10D,LI13A",2,5.530482,0
1R0R,1R0R_E_I,"EI5D,LI13M,RI16M,GI27D,EI38D",5,2.0329103,0
1R0R,1R0R_E_I,GI27V,1,1.9811826,0
1R0R,1R0R_E_I,YI15D,1,5.474549,0
1R0R,1R0R_E_I,TI12E,1,2.8231137,0
1R0R,1R0R_E_I,"EI5D,LI13F,RI16M,EI38D",4,1.1359216,0
1R0R,1R0R_E_I,TI12S,1,0.8283242,0
1R0R,1R0R_E_I,TI12V,1,1.0800471,0
1R0R,1R0R_E_I,AI10V,1,-0.9866675,0
1R0R,1R0R_E_I,"AI10V,TI12S",2,0.09477138,0
1R0R,1R0R_E_I,TI12A,1,0.7870935,0
1R0R,1R0R_E_I,LI13K,1,2.8433704,0
1R0R,1R0R_E_I,LI13A,1,0.52568454,0
1R0R,1R0R_E_I,LI13E,1,2.1239579,0
1R0R,1R0R_E_I,LI13Q,1,0.6170114,0
1R0R,1R0R_E_I,"TI12R,LI13R",2,6.485773,0
1R0R,1R0R_E_I,"AI10R,LI13R",2,7.7239184,0
1R0R,1R0R_E_I,"AI10R,TI12K,LI13R",3,9.287433,0
3SGB,3SGB_E_I,"EI4D,AI9V,TI11P,EI13D,RI15M,NI22S,GI26S,NI39S,SI45R",9,2.5388455,0
3SGB,3SGB_E_I,"TI11P,LI12K,EI13D,LI17V,SI45N,HI46R",6,4.833295,0
3SGB,3SGB_E_I,"TI11P,LI12K,EI13D,LI17V,SI45N",5,4.912169,0
3SGB,3SGB_E_I,"TI11P,LI12K,EI13D,LI17V,GI26S,SI45N",6,5.0552235,0
3SGB,3SGB_E_I,"EI4G,KI7Q,PI8S,TI11P,LI12Q,EI13D,RI15V,LI17F,GI26S,VI36A,EI37D",11,4.2332587,0
3SGB,3SGB_E_I,"EI4D,YI5H,AI9V,TI11S,RI15M,NI22S,GI26S,NI30D",8,4.0110335,0
3SGB,3SGB_E_I,"EI4D,AI9V,TI11S,RI15M,NI22S,GI26N,NI30D,SI45G",8,3.8938313,0
3SGB,3SGB_E_I,"EI4D,AI9V,TI11S,RI15M,NI22S,GI26S,EI37D",7,3.2047203,0
3SGB,3SGB_E_I,"EI4D,AI9V,TI11S,RI15M,NI22S,GI26S,EI37D,TI43I",8,3.0059688,0
3SGB,3SGB_E_I,"EI4D,AI9V,TI11S,RI15M,NI22S,GI26S,VI36A,EI37D",8,2.619663,0
3SGB,3SGB_E_I,"EI4D,RI15M,KI23Q,GI26S,NI30S,EI37D",6,1.6952436,0
3SGB,3SGB_E_I,"RI15M,KI23Q,GI26S,EI37D",4,2.1049528,0
3SGB,3SGB_E_I,"EI4D,RI15M,EI37D",3,0.07745373,0
3SGB,3SGB_E_I,"EI4D,KI7R,AI9D,RI15M,EI37D",5,-0.2884681,0
3SGB,3SGB_E_I,"EI4D,RI15M,KI28R,EI37D",4,-0.1413744,0
3SGB,3SGB_E_I,"EI4G,LI12M,RI15M,EI37D",4,0.9109825,0
3SGB,3SGB_E_I,"EI4D,LI12M,RI15M,EI37D",4,0.47637805,0
3SGB,3SGB_E_I,"EI4D,LI12V,RI15M,GI26D,EI37D",5,4.0297246,0
3SGB,3SGB_E_I,"EI4D,LI12V,RI15M,EI37D",4,3.0342824,0
3SGB,3SGB_E_I,"EI4D,TI11R,LI12M,RI15M,EI37D",5,2.3834074,0
3SGB,3SGB_E_I,"EI4G,LI12M,RI15M,EI37D,KI49E",5,0.18353121,0
3SGB,3SGB_E_I,"DI1N,EI4G,LI12M,RI15M,EI37D,KI49E",6,0.019533154,0
3SGB,3SGB_E_I,"EI4D,AI9V,TI11S,YI14D,RI15M,NI22S,GI26S,EI37D",8,4.871827,0
3SGB,3SGB_E_I,"EI4D,AI9V,TI11S,RI15M,NI22S,GI26S,NI30D,EI37D,TI43N",9,3.3369222,0
3SGB,3SGB_E_I,"EI4D,AI9V,TI11S,RI15M,NI22S,GI26S,NI30D,EI37D",8,3.3669553,0
3SGB,3SGB_E_I,"EI4D,AI9V,TI11S,RI15M,NI22S,GI26S,NI30D,VI35F,EI37D,TI43S",10,3.3077793,0
3SGB,3SGB_E_I,"AI9V,TI11S,RI15M,NI22S,KI23Q,GI26S,KI28E,EI37D",8,4.481256,0
3SGB,3SGB_E_I,"EI4D,YI5H,TI11L,LI12Q,YI14Q,RI15K,LI17I,GI26D,NI30S,EI37D",10,7.4294353,0
3SGB,3SGB_E_I,"EI4D,YI5H,TI11L,LI12Q,YI14Q,RI15K,GI26D,NI30S,EI37D",9,7.459469,0
3SGB,3SGB_E_I,LI12M,1,0.47637805,0
3SGB,3SGB_E_I,"LI12M,TI43N,KI49T",3,0.27762654,0
3SGB,3SGB_E_I,"NI22S,GI26A",2,1.3301128,0
3SGB,3SGB_E_I,"AI9D,GI26A",2,1.0810646,0
3SGB,3SGB_E_I,"AI9D,GI26A,NI27S",3,2.1838267,0
3SGB,3SGB_E_I,GI26A,1,1.3641711,0
3SGB,3SGB_E_I,"TI11M,LI12S,GI26V",3,6.9098134,0
3SGB,3SGB_E_I,"RI15V,LI17I",2,0.16878061,0
3SGB,3SGB_E_I,"LI12S,RI15V,LI17I",3,4.481256,0
3SGB,3SGB_E_I,NI22S,1,0.009847074,0
3SGB,3SGB_E_I,"LI12M,LI17V,KI23I,EI37K",4,0.81965566,0
3SGB,3SGB_E_I,"AI9G,LI12M,LI17V,KI23I,EI37K",5,3.2293792,0
3SGB,3SGB_E_I,"LI12M,NI30D,SI45N",3,1.0968642,0
3SGB,3SGB_E_I,"EI4D,KI7M,LI12M,LI17V",4,0.07745373,0
3SGB,3SGB_E_I,"EI4G,LI12M,YI14S,LI17I,KI23T,GI26S,HI46Y,FI47P,KI49V",9,3.6910527,0
3SGB,3SGB_E_I,"AI9T,LI12M",2,0.47637805,0
3SGB,3SGB_E_I,"LI12M,TI24S,GI26D",3,2.3268814,0
3SGB,3SGB_E_I,"LI12I,GI26D",2,5.845427,0
3SGB,3SGB_E_I,"AI9D,LI12A,YI14D",3,5.76852,0
3SGB,3SGB_E_I,"LI12M,SI45N,HI46R,KI49Q",4,0.2279567,0
3SGB,3SGB_E_I,"LI12M,HI46R",2,0.5010369,0
3SGB,3SGB_E_I,"LI12M,HI46R,KI49E",3,-0.11668532,0
3SGB,3SGB_E_I,"LI12M,SI45N",2,0.4537338,0
3SGB,3SGB_E_I,"YI5H,YI14D,TI24I,GI26S,NI30D,VI36L",6,5.612886,0
3SGB,3SGB_E_I,YI14H,1,1.4057077,0
3SGB,3SGB_E_I,"LI12M,YI14Q",2,3.7764843,0
3SGB,3SGB_E_I,"LI12M,GI26D",2,2.2751536,0
3SGB,3SGB_E_I,"EI4D,TI11L,RI15M,GI26D,NI30S,EI37D,TI43S",7,3.770815,0
3SGB,3SGB_E_I,"AI9G,TI11M,LI12M,YI14R,RI15L,GI26N,NI27D,SI45N,KI49E",9,8.009047,0
3SGB,3SGB_E_I,"EI4D,RI15M,LI17F,NI22S,GI26S,EI37D",6,1.6076903,0
3SGB,3SGB_E_I,"EI4G,KI7Q,TI11S,RI15V,LI17F,GI26S,NI30D,VI36A,EI37D",9,3.182076,0
3SGB,3SGB_E_I,"EI4D,TI11S,EI13D,RI15M,NI22S,GI26S,EI37D,GI48E",8,4.6719503,0
3SGB,3SGB_E_I,"EI4D,AI9V,YI14E,RI15M,EI37D",5,1.7138757,0
3SGB,3SGB_E_I,"EI4D,AI9V,TI11S,RI15M,VI36A,EI37D",6,1.5049165,0
3SGB,3SGB_E_I,"DI1N,EI4D,AI9V,TI11S,EI13L,RI15M,VI36A,EI37D",8,2.6392179,0
3SGB,3SGB_E_I,"EI4D,AI9V,YI14D,RI15M,KI23I,GI26H,NI30Y,VI36A,EI37H,LI44F",10,2.3268814,0
3SGB,3SGB_E_I,"EI4D,KI7Q,AI9V,TI11M,LI12G,EI13D,RI15M,NI22S,GI26S,EI37D,SI45N",11,5.824453,0
3SGB,3SGB_E_I,"YI5H,EI13D,LI17I,NI22S,GI26S,NI30D,VI36M,EI37D",8,2.3268814,0
3SGB,3SGB_E_I,"EI4D,AI9V,EI13D,RI15M,KI23T,GI26S,EI37D,LI42I",8,1.1970339,0
3SGB,3SGB_E_I,"EI4D,AI9V,TI11S,EI13D,RI15M,KI23T,GI26N,NI30I,EI37D,LI42I",10,4.261294,0
3SGB,3SGB_E_I,"EI4D,KI7R,AI9V,EI13D,RI15M,GI26S,EI37D,LI42I,KI49R",9,-0.0814798,0
3SGB,3SGB_E_I,"EI4D,AI9V,EI13D,RI15M,GI26S,EI37D,LI42I,KI49R",8,1.0863781,0
3SGB,3SGB_E_I,"AI9D,LI12A",2,2.619663,0
3SGB,3SGB_E_I,"TI11P,LI12K,GI26D",3,6.5430627,0
3SGB,3SGB_E_I,"TI11P,LI12K",2,6.320305,0
3SGB,3SGB_E_I,"EI4D,LI12M,RI15M,GI26D,EI37D",5,1.972751,0
3SGB,3SGB_E_I,GI26V,1,2.9262657,0
3SGB,3SGB_E_I,YI14D,1,2.8173003,0
3SGB,3SGB_E_I,TI11E,1,4.460282,0
3SGB,3SGB_E_I,"EI4D,LI12F,RI15M,EI37D",4,0.77931386,0
3SGB,3SGB_E_I,TI11S,1,2.5388455,0
3SGB,3SGB_E_I,TI11V,1,1.972751,0
3SGB,3SGB_E_I,AI9V,1,-0.6595436,0
3SGB,3SGB_E_I,"AI9V,TI11S",2,1.6076903,0
3SGB,3SGB_E_I,TI11A,1,3.2293792,0
3SGB,3SGB_E_I,LI12A,1,2.9562988,0
3SGB,3SGB_E_I,LI12E,1,6.3676667,0
3SGB,3SGB_E_I,LI12Q,1,2.4864664,0
3SGB,3SGB_E_I,"AI9R,LI12R",2,5.1406555,0
3SGB,3SGB_E_I,"AI9R,TI11P,LI12R",3,8.552795,0
3SGB,3SGB_E_I,"PI8S,AI9R,TI11P,LI12R",4,8.204559,0
1PPF,1PPF_E_I,"EI10D,AI15V,TI17P,EI19D,RI21M,NI28S,GI32S,NI45S,SI51R",9,3.3328986,1
1PPF,1PPF_E_I,"EI10G,KI13Q,PI14S,TI17P,LI18Q,EI19D,RI21V,LI23F,GI32S,VI42A,EI43D",11,6.0346093,1
1PPF,1PPF_E_I,"EI10D,YI11H,AI15V,TI17S,RI21M,NI28S,GI32S,NI36D",8,0.29537022,1
1PPF,1PPF_E_I,"AI15V,TI17S,LI18P,RI21M,NI28S,GI32N,NI36D,NI39S,SI51G",9,7.3737435,1
1PPF,1PPF_E_I,"EI10D,AI15V,TI17S,RI21M,NI28S,GI32N,NI36D,SI51G",8,1.0145614,1
1PPF,1PPF_E_I,"EI10D,AI15V,TI17S,RI21M,NI28S,GI32S,EI43D",7,2.0874968,1
1PPF,1PPF_E_I,"VI6I,EI10D,AI15V,TI17S,RI21M,NI28S,GI32S,EI43D,TI49I",9,1.9687275,1
1PPF,1PPF_E_I,"EI10D,AI15V,TI17S,RI21M,NI28S,GI32S,VI42A,EI43D",8,1.6139456,1
1PPF,1PPF_E_I,"EI10D,RI21M,KI29Q,GI32S,NI36S,EI43D",6,-0.44869977,1
1PPF,1PPF_E_I,"RI21M,KI29Q,GI32S,EI43D",4,0.071384184,1
1PPF,1PPF_E_I,"EI10D,RI21M,EI43D",3,-0.75961477,1
1PPF,1PPF_E_I,"EI10D,KI13R,AI15D,RI21M,EI43D",5,0.12930475,1
1PPF,1PPF_E_I,"EI10D,LI18M,RI21M,EI43D",4,0.8311649,1
1PPF,1PPF_E_I,"EI10D,LI18V,RI21M,GI32D,EI43D",5,1.4026328,1
1PPF,1PPF_E_I,"EI10D,LI18V,RI21M,EI43D",4,0.038461715,1
1PPF,1PPF_E_I,"EI10D,TI17R,LI18M,RI21M,EI43D",5,4.6207423,1
1PPF,1PPF_E_I,"EI10G,LI18M,RI21M,EI43D,KI55E",5,-0.010937885,1
1PPF,1PPF_E_I,"DI7N,EI10G,LI18M,RI21M,EI43D,KI55E",6,0.038461715,1
1PPF,1PPF_E_I,"EI10D,AI15V,TI17S,YI20D,RI21M,NI28S,GI32S,EI43D",8,7.4812865,1
1PPF,1PPF_E_I,"EI10D,AI15V,TI17S,RI21M,NI28S,GI32S,NI36D,EI43D",8,-0.029628772,1
1PPF,1PPF_E_I,"AI15V,TI17S,RI21M,NI28S,KI29Q,GI32S,KI34E,EI43D",8,1.9420959,1
1PPF,1PPF_E_I,LI18M,1,1.2265255,1
1PPF,1PPF_E_I,"AI15D,GI32A",2,1.1590191,1
1PPF,1PPF_E_I,GI32A,1,0.27980772,1
1PPF,1PPF_E_I,"RI21V,LI23I",2,-0.29308376,1
1PPF,1PPF_E_I,"LI18M,LI23V,KI29I,EI43K",4,1.3923885,1
1PPF,1PPF_E_I,"AI15G,LI18M,LI23V,KI29I,EI43K",5,2.2796423,1
1PPF,1PPF_E_I,"LI18M,NI36D,SI51N",3,-0.85858625,1
1PPF,1PPF_E_I,"EI10D,KI13M,LI18M,LI23V",4,1.6279964,1
1PPF,1PPF_E_I,"EI10G,LI18M,YI20S,LI23I,KI29T,GI32S,HI52Y,FI53P,KI55V",9,5.622589,1
1PPF,1PPF_E_I,"AI15T,LI18M",2,-1.4927714,1
1PPF,1PPF_E_I,"LI18M,TI30S,GI32D",3,4.176571,1
1PPF,1PPF_E_I,"LI18I,GI32D",2,2.5231903,1
1PPF,1PPF_E_I,"AI15D,LI18A,YI20D",3,8.737914,1
1PPF,1PPF_E_I,"LI18M,HI52R",2,1.4817438,1
1PPF,1PPF_E_I,"LI18M,SI51N",2,1.2575976,1
1PPF,1PPF_E_I,YI20H,1,2.4527707,1
1PPF,1PPF_E_I,"LI18M,YI20Q",2,5.8396077,1
1PPF,1PPF_E_I,"LI18M,GI32D",2,3.9859397,1
1PPF,1PPF_E_I,"EI10D,TI17L,RI21M,GI32D,NI36S,EI43D,TI49S",7,4.372321,1
1PPF,1PPF_E_I,"EI10D,RI21M,LI23F,NI28S,GI32S,EI43D",6,0.46085024,1
1PPF,1PPF_E_I,"EI10G,KI13Q,TI17S,RI21V,LI23F,GI32S,NI36D,VI42A,EI43D",9,0.50558484,1
1PPF,1PPF_E_I,"EI10D,TI17S,EI19D,RI21M,NI28S,GI32S,EI43D,GI54E",8,3.2812302,1
1PPF,1PPF_E_I,"EI10D,AI15V,YI20E,RI21M,EI43D",5,6.527772,1
1PPF,1PPF_E_I,"EI10D,AI15V,TI17S,RI21M,VI42A,EI43D",6,1.2265255,1
1PPF,1PPF_E_I,"DI7N,EI10D,AI15V,TI17S,EI19L,RI21M,VI42A,EI43D",8,1.4026328,1
1PPF,1PPF_E_I,"EI10D,AI15V,YI20D,RI21M,KI29I,GI32H,NI36Y,VI42A,EI43H,LI50F",10,4.9236784,1
1PPF,1PPF_E_I,"YI11H,EI19D,LI23I,NI28S,GI32S,NI36D,VI42M,EI43D",8,0.32947758,1
1PPF,1PPF_E_I,"EI10D,AI15V,EI19D,RI21M,KI29T,GI32S,EI43D,LI48I",8,1.9170591,1
1PPF,1PPF_E_I,"EI10D,AI15V,TI17S,EI19D,RI21M,KI29T,GI32N,NI36I,EI43D,LI48I",10,4.5980983,1
1PPF,1PPF_E_I,"EI10D,KI13R,AI15V,EI19D,RI21M,GI32S,EI43D,LI48I,KI55R",9,2.3270047,1
1PPF,1PPF_E_I,"EI10D,AI15V,EI19D,RI21M,GI32S,EI43D,LI48I,KI55R",8,2.4863145,1
1PPF,1PPF_E_I,GI32V,1,2.543275,1
1PPF,1PPF_E_I,TI17E,1,3.0741644,1
1PPF,1PPF_E_I,"EI10D,LI18F,RI21M,EI43D",4,4.5533633,1
1PPF,1PPF_E_I,TI17S,1,1.5567676,1
1PPF,1PPF_E_I,TI17V,1,1.5435721,1
1PPF,1PPF_E_I,AI15V,1,0.19259642,1
1PPF,1PPF_E_I,"AI15V,TI17S",2,1.7657267,1
1PPF,1PPF_E_I,TI17A,1,2.894247,1
1PPF,1PPF_E_I,LI18K,1,5.649281,1
1PPF,1PPF_E_I,LI18A,1,0.9628335,1
1PPF,1PPF_E_I,LI18E,1,7.07063,1
1PPF,1PPF_E_I,LI18Q,1,3.3887732,1
5F4E,5F4E_A_B,EA50A,1,0.288412,4
5F4E,5F4E_A_B,EA50K,1,0.41565606,4
5F4E,5F4E_A_B,DA51A,1,0.109688,4
5F4E,5F4E_A_B,QA109A,1,-0.030917553,4
5F4E,5F4E_A_B,HA136A,1,2.0250034,4
5F4E,5F4E_A_B,RA139A,1,1.4903171,4
5F4E,5F4E_A_B,RA139E,1,2.1438913,4
5F4E,5F4E_A_B,EB26A,1,1.4491522,4
5F4E,5F4E_A_B,EB26K,1,2.2867682,4
5F4E,5F4E_A_B,WB43A,1,1.0731323,4
5F4E,5F4E_A_B,LB62A,1,2.9850647,4
5F4E,5F4E_A_B,KB139A,1,0.29455143,4
5F4E,5F4E_A_B,KB139E,1,0.48598975,4
3SF4,3SF4_A_D,RA202E,1,2.3651073,4
3SF4,3SF4_A_D,NA264R,1,1.2257655,4
3SF4,3SF4_A_D,WD8A,1,3.0738285,4
3SF4,3SF4_A_D,ED19R,1,1.9264557,4
3SF4,3SF4_A_D,KD27D,1,0.41065642,4
4G2V,4G2V_A_B,RA198E,1,2.237034,4
4G2V,4G2V_A_B,NA260R,1,0.22198787,4
4G2V,4G2V_A_B,"RA198E,NA260R",2,2.2844555,4
4WND,4WND_A_B,RA201E,1,2.7958486,4
4WND,4WND_A_B,NA263R,1,-0.020789921,4
4WND,4WND_A_B,"RA201E,NA263R",2,3.8573802,4
2VLR,2VLR_ABC_DE,AE95S,1,0.035205524,4
1OGA,1OGA_ABC_DE,DE28A,1,1.5732008,4
1OGA,1OGA_ABC_DE,DE28S,1,2.1622477,4
1OGA,1OGA_ABC_DE,QE48A,1,2.1622477,4
1OGA,1OGA_ABC_DE,QE48E,1,2.1622477,4
1OGA,1OGA_ABC_DE,IE49A,1,2.1622477,4
1OGA,1OGA_ABC_DE,IE49G,1,2.1622477,4
1OGA,1OGA_ABC_DE,IE49N,1,2.1622477,4
1OGA,1OGA_ABC_DE,IE49V,1,0.20096903,4
1OGA,1OGA_ABC_DE,IE49L,1,1.4185627,4
1OGA,1OGA_ABC_DE,NE51A,1,1.129622,4
1OGA,1OGA_ABC_DE,NE51D,1,0.4954368,4
1OGA,1OGA_ABC_DE,DE52A,1,0.13220184,4
1OGA,1OGA_ABC_DE,QE54A,1,0.4954368,4
1OGA,1OGA_ABC_DE,QE54E,1,0.0,4
1OGA,1OGA_ABC_DE,RE94A,1,2.1622477,4
1OGA,1OGA_ABC_DE,RE94H,1,2.1622477,4
1OGA,1OGA_ABC_DE,SE95A,1,-0.035205524,4
1OGA,1OGA_ABC_DE,YE97A,1,0.23257396,4
1OGA,1OGA_ABC_DE,YE97F,1,0.4954368,4
1OGA,1OGA_ABC_DE,SD29A,1,0.62763864,4
1OGA,1OGA_ABC_DE,SD30A,1,1.038295,4
1OGA,1OGA_ABC_DE,QD32A,1,0.975874,4
2VLR,2VLR_ABC_DE,AE95S,1,0.0,4
1OGA,1OGA_ABC_DE,IE49V,1,0.2004732,4
1OGA,1OGA_ABC_DE,NE51A,1,1.100897,4
1OGA,1OGA_ABC_DE,DE52A,1,0.100621685,4
1OGA,1OGA_ABC_DE,QE54A,1,0.50068974,4
1OGA,1OGA_ABC_DE,QE54E,1,0.0,4
1OGA,1OGA_ABC_DE,SE95A,1,0.0,4
1OGA,1OGA_ABC_DE,YE97A,1,0.2004732,4
1OGA,1OGA_ABC_DE,YE97F,1,0.50068974,4
1OGA,1OGA_ABC_DE,SD30A,1,1.0012839,4
1OGA,1OGA_ABC_DE,QD32A,1,1.0012839,4
2P5E,2P5E_ABC_DE,"TD52P,PD53F,AE49S,IE50V,QE51G,TE52M,LD96T,LD97S,DD98G,TD100S,LE94V",11,1.9627051,4
2P5E,2P5E_ABC_DE,"TD52Q,PD53S,WD54S,AE49G,IE50A,QE51G",6,4.409873,4
2P5E,2P5E_ABC_DE,"TD52Q,PD53S,WD54S,AE49G,IE50A,QE51G,TE52I,LD96T,LD97S,DD98G,TD100S,LE94V",12,7.955882,4
2P5E,2P5E_ABC_DE,"YD32D,TD52Q,PD53S,WD54S,AE49G,IE50A,QE51G,TE52I,LD96T,LD97S,DD98G,TD100S,LE94V",13,7.7780848,4
2P5E,2P5E_ABC_DE,YD32D,1,7.607647,4
2PYE,2PYE_ABC_DE,"QD52T,SD53P,SD54W,GE50A,AE51I,GE52Q",6,-4.409873,3
2PYE,2PYE_ABC_DE,"QD52P,SD53F,SD54W,GE50S,AE51V,TE53M,LD96T,LD97S,DD98G,TD100S,LE95V",11,-2.4471679,3
2PYE,2PYE_ABC_DE,"TE53I,LD96T,LD97S,DD98G,TD100S,LE95V",6,3.5460093,3
2PYE,2PYE_ABC_DE,"YD32D,TE53I,LD96T,LD97S,DD98G,TD100S,LE95V",7,3.3682115,3
2PYE,2PYE_ABC_DE,"YD32D,QD52T,SD53P,SD54W,GE50A,AE51I,GE52Q",7,3.1977737,3
3QDG,3QDG_ABC_DE,DD26W,1,-1.5622689,2
3QDG,3QDG_ABC_DE,DD26Y,1,-1.7938383,2
3QDG,3QDG_ABC_DE,RD27W,1,0.59648347,2
3QDG,3QDG_ABC_DE,LE95W,1,-0.7029923,2
3QDG,3QDG_ABC_DE,FE97W,1,0.9345039,2
3QDG,3QDG_ABC_DE,TE99F,1,-0.038651876,2
3QDG,3QDG_ABC_DE,GD28I,1,0.86633086,2
3QDG,3QDG_ABC_DE,GD28L,1,1.3886056,2
3QDG,3QDG_ABC_DE,GD28Y,1,1.5025767,2
3QDG,3QDG_ABC_DE,RD27P,1,0.13840558,2
3QDG,3QDG_ABC_DE,GD28P,1,1.0919203,2
3QDG,3QDG_ABC_DE,AE52P,1,-0.06589585,2
3QDG,3QDG_ABC_DE,GD28N,1,0.8517017,2
3QDG,3QDG_ABC_DE,FE97Y,1,1.39456,2
3QDG,3QDG_ABC_DE,"DD26W,LE95W",2,-3.3547828,2
3QDG,3QDG_ABC_DE,"DD26Y,LE95W",2,-3.5434513,2
3QDJ,3QDJ_ABC_DE,DD26W,1,-2.1718638,4
3QDJ,3QDJ_ABC_DE,DD26Y,1,-1.3372369,4
3QDJ,3QDJ_ABC_DE,RD27W,1,0.21679848,4
3QDJ,3QDJ_ABC_DE,LE95W,1,-0.80769265,4
3QDJ,3QDJ_ABC_DE,FE97W,1,0.38962042,4
3QDJ,3QDJ_ABC_DE,TE99F,1,-0.27570537,4
3QDJ,3QDJ_ABC_DE,GD28I,1,-0.10526757,4
3QDJ,3QDJ_ABC_DE,GD28L,1,0.65545,4
3QDJ,3QDJ_ABC_DE,GD28Y,1,0.55647844,4
3QDJ,3QDJ_ABC_DE,RD27P,1,0.03995572,4
3QDJ,3QDJ_ABC_DE,GD28P,1,1.22504,4
3QDJ,3QDJ_ABC_DE,AE52P,1,0.2071649,4
3QDJ,3QDJ_ABC_DE,GD28N,1,0.41065642,4
3QDJ,3QDJ_ABC_DE,FE97Y,1,0.77846634,4
3QDJ,3QDJ_ABC_DE,"DD26W,LE95W",2,-2.53097,4
3QDJ,3QDJ_ABC_DE,"DD26Y,LE95W",2,-1.9139587,4
4L3E,4L3E_ABC_DE,"YD26D,WE95L",2,3.5434513,3
4L3E,4L3E_ABC_DE,RA65A,1,1.3017501,3
4L3E,4L3E_ABC_DE,YE48A,1,2.2283304,3
4L3E,4L3E_ABC_DE,"RA65A,YE48A",2,3.8093,3
4L3E,4L3E_ABC_DE,"RA65A,YD26A",2,4.4407487,3
4L3E,4L3E_ABC_DE,YD26A,1,2.7848089,3
4L3E,4L3E_ABC_DE,"YD26A,RA65A",2,4.370968,3
4L3E,4L3E_ABC_DE,YD50A,1,0.46799824,3
4L3E,4L3E_ABC_DE,QA155A,1,1.2590374,3
4L3E,4L3E_ABC_DE,"YD50A,QA155A",2,1.0905137,3
4L3E,4L3E_ABC_DE,ND52A,1,-0.45974576,3
4L3E,4L3E_ABC_DE,EA166A,1,1.2175184,3
4L3E,4L3E_ABC_DE,"ND52A,EA166A",2,1.0916823,3
1BD2,1BD2_ABC_DE,EE28A,1,2.8351388,1
1BD2,1BD2_ABC_DE,YC8A,1,2.7603745,1
1BD2,1BD2_ABC_DE,"EE28A,YC8A",2,3.9666772,1
1BD2,1BD2_ABC_DE,ED93A,1,1.3156908,1
1BD2,1BD2_ABC_DE,RA65A,1,2.499233,1
1BD2,1BD2_ABC_DE,"ED93A,RA65A",2,3.1152542,1
1BD2,1BD2_ABC_DE,DD30N,1,1.9193299,1
1BD2,1BD2_ABC_DE,YC5A,1,3.407531,1
1BD2,1BD2_ABC_DE,"DD30N,YC5A",2,1.4770018,1
1BD2,1BD2_ABC_DE,DD30N,1,1.9555098,1
1BD2,1BD2_ABC_DE,YC5F,1,0.7336107,1
1BD2,1BD2_ABC_DE,"DD30N,YC5F",2,2.4997206,1
1BD2,1BD2_ABC_DE,YE99A,1,0.21707301,1
1BD2,1BD2_ABC_DE,YC5F,1,0.55632365,1
1BD2,1BD2_ABC_DE,"YE99A,YC5F",2,0.89486486,1
1BD2,1BD2_ABC_DE,YE99A,1,0.23576406,1
1BD2,1BD2_ABC_DE,YC5A,1,3.2765021,1
1BD2,1BD2_ABC_DE,"YE99A,YC5A",2,2.6869917,1
1AO7,1AO7_ABC_DE,DD26A,1,0.9790004,4
1AO7,1AO7_ABC_DE,EA58A,1,-0.71984255,4
1AO7,1AO7_ABC_DE,"DD26A,EA58A",2,0.7495961,4
1AO7,1AO7_ABC_DE,RD27A,1,0.54651165,4
1AO7,1AO7_ABC_DE,RD27A,1,0.43441045,4
1AO7,1AO7_ABC_DE,RA170A,1,-0.26356274,4
1AO7,1AO7_ABC_DE,"RD27A,RA170A",2,1.1865082,4
1AO7,1AO7_ABC_DE,QD30L,1,1.8337009,4
1AO7,1AO7_ABC_DE,LC1A,1,0.70101106,4
1AO7,1AO7_ABC_DE,"QD30L,LC1A",2,2.762697,4
1AO7,1AO7_ABC_DE,QD30L,1,1.5372131,4
1AO7,1AO7_ABC_DE,LC1A,1,1.4165905,4
1AO7,1AO7_ABC_DE,"QD30L,LC1A",2,3.0241568,4
1AO7,1AO7_ABC_DE,QD30V,1,-0.16672337,4
1AO7,1AO7_ABC_DE,LC1A,1,0.6994991,4
1AO7,1AO7_ABC_DE,"QD30V,LC1A",2,0.7237116,4
1AO7,1AO7_ABC_DE,QD30V,1,-0.01751217,4
1AO7,1AO7_ABC_DE,YA159A,1,3.2453353,4
1AO7,1AO7_ABC_DE,"QD30V,YA159A",2,3.330276,4
1AO7,1AO7_ABC_DE,"EA63Q,QD30V",2,-0.006822939,4
1AO7,1AO7_ABC_DE,"EA63Q,KA66A",2,1.3316362,4
1AO7,1AO7_ABC_DE,"EA63Q,QD30V,KA66A",3,1.855068,4
1AO7,1AO7_ABC_DE,SD31A,1,1.023031,4
1AO7,1AO7_ABC_DE,YC5A,1,1.5328218,4
1AO7,1AO7_ABC_DE,"SD31A,YC5A",2,1.7094913,4
1AO7,1AO7_ABC_DE,SD31A,1,0.98274976,4
1AO7,1AO7_ABC_DE,YC5F,1,-0.12532611,4
1AO7,1AO7_ABC_DE,"SD31A,YC5F",2,-0.04054573,4
1AO7,1AO7_ABC_DE,YD50A,1,0.49844626,4
1AO7,1AO7_ABC_DE,QA155A,1,0.4116841,4
1AO7,1AO7_ABC_DE,"YD50A,QA155A",2,0.27613577,4
1AO7,1AO7_ABC_DE,YD50A,1,0.48383236,4
1AO7,1AO7_ABC_DE,QA155A,1,-0.10445237,4
1AO7,1AO7_ABC_DE,"YD50A,QA155A",2,-0.1121168,4
1AO7,1AO7_ABC_DE,ND52A,1,0.3549194,4
1AO7,1AO7_ABC_DE,EA166A,1,3.8667204,4
1AO7,1AO7_ABC_DE,"ND52A,EA166A",2,3.1431563,4
1AO7,1AO7_ABC_DE,KD66A,1,1.2921896,4
1AO7,1AO7_ABC_DE,TA163A,1,0.48929647,4
1AO7,1AO7_ABC_DE,"KD66A,TA163A",2,0.97810125,4
4FTV,4FTV_ABC_DE,KD66A,1,-1.5795714,0
4FTV,4FTV_ABC_DE,TA163A,1,0.36111906,0
4FTV,4FTV_ABC_DE,"KD66A,TA163A",2,-2.130459,0
1AO7,1AO7_ABC_DE,KD66A,1,1.1308818,4
1AO7,1AO7_ABC_DE,EA166A,1,2.6047895,4
1AO7,1AO7_ABC_DE,"KD66A,EA166A",2,3.0337634,4
1AO7,1AO7_ABC_DE,TD91A,1,0.9576147,4
1AO7,1AO7_ABC_DE,YC5A,1,1.7602497,4
1AO7,1AO7_ABC_DE,"TD91A,YC5A",2,3.0309818,4
1AO7,1AO7_ABC_DE,TD92A,1,1.9466558,4
1AO7,1AO7_ABC_DE,RA65A,1,3.229689,4
1AO7,1AO7_ABC_DE,"TD92A,RA65A",2,2.4234712,4
4FTV,4FTV_ABC_DE,DD93A,1,1.0142645,0
4FTV,4FTV_ABC_DE,RA65A,1,3.8267174,0
4FTV,4FTV_ABC_DE,"DD93A,RA65A",2,1.4018853,0
4FTV,4FTV_ABC_DE,DD93A,1,0.77962637,0
4FTV,4FTV_ABC_DE,RA65A,1,3.1884809,0
4FTV,4FTV_ABC_DE,"DD93A,RA65A",2,0.9260521,0
1AO7,1AO7_ABC_DE,DD93N,1,2.4595213,4
1AO7,1AO7_ABC_DE,RA65A,1,3.1078424,4
1AO7,1AO7_ABC_DE,"DD93N,RA65A",2,3.08435,4
4FTV,4FTV_ABC_DE,"EA63Q,DD93A",2,-0.004539884,0
4FTV,4FTV_ABC_DE,"EA63Q,KA66A",2,1.3316362,0
4FTV,4FTV_ABC_DE,"EA63Q,DD93A,KA66A",3,1.855068,0
1AO7,1AO7_ABC_DE,SD94A,1,-0.4751896,4
1AO7,1AO7_ABC_DE,YC5A,1,1.6338642,4
1AO7,1AO7_ABC_DE,"SD94A,YC5A",2,1.8610119,4
1AO7,1AO7_ABC_DE,WD95A,1,2.2244706,4
1AO7,1AO7_ABC_DE,AA69G,1,1.1818315,4
1AO7,1AO7_ABC_DE,"WD95A,AA69G",2,2.9054587,4
1AO7,1AO7_ABC_DE,EE28A,1,2.022149,4
1AO7,1AO7_ABC_DE,YC8A,1,3.1675332,4
1AO7,1AO7_ABC_DE,"EE28A,YC8A",2,3.4254382,4
3D3V,3D3V_ABC_DE,EE30A,1,2.114632,0
3D3V,3D3V_ABC_DE,YC8A,1,3.413588,0
3D3V,3D3V_ABC_DE,"EE30A,YC8A",2,3.9009266,0
3D3V,3D3V_ABC_DE,EE30A,1,3.2307487,0
3D3V,3D3V_ABC_DE,YC8F,1,0.9274753,0
3D3V,3D3V_ABC_DE,"EE30A,YC8F",2,2.573496,0
1AO7,1AO7_ABC_DE,RE92A,1,0.45314956,4
1AO7,1AO7_ABC_DE,YC5A,1,1.634981,4
1AO7,1AO7_ABC_DE,"RE92A,YC5A",2,2.0190833,4
1AO7,1AO7_ABC_DE,RE92A,1,0.20430143,4
1AO7,1AO7_ABC_DE,YC5A,1,1.2211077,4
1AO7,1AO7_ABC_DE,"RE92A,YC5A",2,1.046304,4
1AO7,1AO7_ABC_DE,RE92A,1,0.48315758,4
1AO7,1AO7_ABC_DE,YC5A,1,1.5620104,4
1AO7,1AO7_ABC_DE,"RE92A,YC5A",2,1.7197614,4
1AO7,1AO7_ABC_DE,RE92A,1,0.41935632,4
1AO7,1AO7_ABC_DE,YC5F,1,0.16956076,4
1AO7,1AO7_ABC_DE,"RE92A,YC5F",2,0.60598004,4
3D3V,3D3V_ABC_DE,LE97A,1,2.6171665,0
3D3V,3D3V_ABC_DE,YC8A,1,3.413588,0
3D3V,3D3V_ABC_DE,"LE97A,YC8A",2,4.390339,0
1AO7,1AO7_ABC_DE,PE100A,1,1.1492965,4
1AO7,1AO7_ABC_DE,YC5A,1,1.7461805,4
1AO7,1AO7_ABC_DE,"PE100A,YC5A",2,2.406046,4
1AO7,1AO7_ABC_DE,PE100A,1,1.1249167,4
1AO7,1AO7_ABC_DE,YC5A,1,1.3831615,4
1AO7,1AO7_ABC_DE,"PE100A,YC5A",2,1.9248974,4
1AO7,1AO7_ABC_DE,PE100A,1,1.19775,4
1AO7,1AO7_ABC_DE,YC5A,1,1.6319506,4
1AO7,1AO7_ABC_DE,"PE100A,YC5A",2,2.4474645,4
1AO7,1AO7_ABC_DE,PE100A,1,1.1590191,4
1AO7,1AO7_ABC_DE,QA155A,1,0.42088902,4
1AO7,1AO7_ABC_DE,"PE100A,QA155A",2,0.93036085,4
1AO7,1AO7_ABC_DE,DD93A,1,0.77962637,4
1AO7,1AO7_ABC_DE,QA72A,1,0.3566617,4
1AO7,1AO7_ABC_DE,"DD93A,QA72A",2,1.060843,4
1AO7,1AO7_ABC_DE,RE99A,1,0.064695336,4
1AO7,1AO7_ABC_DE,YC5A,1,1.7450925,4
1AO7,1AO7_ABC_DE,"RE99A,YC5A",2,1.8859434,4
5E9D,5E9D_AB_CDE,GD27E,1,-0.4793571,0
5E9D,5E9D_AB_CDE,TD90Q,1,-0.57393026,0
5E9D,5E9D_AB_CDE,VE49D,1,-0.4326832,0
5E9D,5E9D_AB_CDE,AE98Y,1,-0.8998063,0
5E9D,5E9D_AB_CDE,YD49W,1,-0.3491009,0
5E9D,5E9D_AB_CDE,NE27G,1,0.27520233,0
5E9D,5E9D_AB_CDE,SD50G,1,-0.03564696,0
5E9D,5E9D_AB_CDE,KD96Q,1,0.18748797,0
5E9D,5E9D_AB_CDE,"GD27E,TD90Q",2,-1.5506814,0
5E9D,5E9D_AB_CDE,"GD27E,VE49D",2,-1.202446,0
5E9D,5E9D_AB_CDE,"GD27E,AE98Y",2,-1.3104627,0
5E9D,5E9D_AB_CDE,"TD90Q,AE98Y",2,-1.2722268,0
5E9D,5E9D_AB_CDE,"GD27E,TD90Q,AE98Y",3,-2.4752903,0
5E9D,5E9D_AB_CDE,"GD27R,TD90Q,VE49E,AE98D",4,-3.1261652,0
5E9D,5E9D_AB_CDE,"GD27E,TD90Q,VE49D,AE98E",4,-2.6363978,0
5E9D,5E9D_AB_CDE,"GD27R,TD90Q,VE49E,AE98V",4,-2.7594142,0
1AO7,1AO7_ABC_DE,AE96M,1,-0.3088434,4
1AO7,1AO7_ABC_DE,GE97S,1,-0.34087563,4
1AO7,1AO7_ABC_DE,"GE97S,GE98A,RE99E",3,-3.4541113,4
1AO7,1AO7_ABC_DE,"AE96M,GE97S,GE98A,RE99E",4,-3.9038448,4
1AO7,1AO7_ABC_DE,"AE96M,GE97S,GE98A",3,-3.549655,4
1AO7,1AO7_ABC_DE,"AE96M,GE97S,GE98A,RE99Q",4,-3.9603114,4
4FTV,4FTV_ABC_DE,"ME98A,SE99G,AE100G,QE101R",4,3.9603114,0
4FTV,4FTV_ABC_DE,"SE99G,AE100G,QE101R",3,3.651468,0
4FTV,4FTV_ABC_DE,"ME98A,AE100G,QE101R",3,3.6194358,0
4FTV,4FTV_ABC_DE,"ME98A,QE101E",2,0.5062001,0
4FTV,4FTV_ABC_DE,QE101E,1,0.056466706,0
4FTV,4FTV_ABC_DE,QE101R,1,0.41065642,0
1AO7,1AO7_ABC_DE,YC5F,1,0.17043781,4
3QFJ,3QFJ_ABC_DE,FC5Y,1,-0.17043781,1
4JFF,4JFF_ABC_DE,EC1A,1,7.322839,4
4JFF,4JFF_ABC_DE,GC4A,1,6.5182157,4
4JFF,4JFF_ABC_DE,GC6A,1,6.5952663,4
4JFF,4JFF_ABC_DE,IC7A,1,6.4296255,4
4JFF,4JFF_ABC_DE,LC8A,1,6.1988864,4
4JFF,4JFF_ABC_DE,TC9A,1,6.5344486,4
4JFD,4JFD_ABC_DE,AC4G,1,-6.5182157,4
4JFD,4JFD_ABC_DE,"AC4G,EC1A",2,0.80462295,4
4JFD,4JFD_ABC_DE,"AC4G,GC6A",2,0.07705023,4
4JFD,4JFD_ABC_DE,"AC4G,IC7A",2,-0.088590376,4
4JFD,4JFD_ABC_DE,"AC4G,LC8A",2,-0.31932956,4
4JFD,4JFD_ABC_DE,"AC4G,TC9A",2,0.016232576,4
4JFE,4JFE_ABC_DE,AC7I,1,-6.4296255,2
4JFE,4JFE_ABC_DE,"AC7I,EC1A",2,0.89321333,2
4JFE,4JFE_ABC_DE,"AC7I,GC4A",2,0.088590376,2
4JFE,4JFE_ABC_DE,"AC7I,GC6A",2,0.16564061,2
4JFE,4JFE_ABC_DE,"AC7I,LC8A",2,-0.23073918,2
4JFE,4JFE_ABC_DE,"AC7I,TC9A",2,0.10482295,2
3QDJ,3QDJ_ABC_DE,AC2L,1,2.2999992,4
3PWP,3PWP_ABC_DE,GC2L,1,-0.63418514,1
3PWP,3PWP_ABC_DE,"GC2L,IC9V",2,-0.38579464,1
1AO7,1AO7_ABC_DE,AA150P,1,1.0039666,4
3H9S,3H9S_ABC_DE,AA150P,1,0.16316837,0
2OI9,2OI9_AQ_BC,FQ5R,1,3.1007626,0
2E7L,2E7L_EQ_AD,FQ5R,1,3.0598876,4
1BD2,1BD2_ABC_DE,YC5F,1,0.9302432,1
1BD2,1BD2_ABC_DE,YC5W,1,1.9285754,1
1BD2,1BD2_ABC_DE,YE99A,1,0.47109932,1
1AO7,1AO7_ABC_DE,YC5F,1,0.13273294,4
1AO7,1AO7_ABC_DE,YC5A,1,1.5963655,4
1AO7,1AO7_ABC_DE,YC5W,1,0.88902366,4
1AO7,1AO7_ABC_DE,SD31A,1,0.5326757,4
1LP9,1LP9_ABC_EF,TA163A,1,-0.40431997,1
1LP9,1LP9_ABC_EF,WA167A,1,0.298805,1
1LP9,1LP9_ABC_EF,KA66A,1,0.72839123,1
2UWE,2UWE_ABC_EF,AA163T,1,0.40431997,1
2JCC,2JCC_ABC_EF,AA167W,1,-0.298805,4
2J8U,2J8U_ABC_EF,AA66K,1,-0.72839123,1
1LP9,1LP9_ABC_EF,KA66A,1,1.1528584,1
2J8U,2J8U_ABC_EF,AA66K,1,-1.1528584,1
1AO7,1AO7_ABC_DE,"EA63Q,KA66A",2,0.9291082,4
1AO7,1AO7_ABC_DE,KA66A,1,2.9348536,4
1BD2,1BD2_ABC_DE,"EA63Q,KA66A",2,1.9614979,1
1AO7,1AO7_ABC_DE,VC7R,1,1.2254227,4
1QSE,1QSE_ABC_DE,RC7V,1,-1.2254227,2
1MI5,1MI5_ABC_DE,SD23A,1,0.10006427,0
1MI5,1MI5_ABC_DE,TD24A,1,0.26040897,0
1MI5,1MI5_ABC_DE,SD26A,1,-0.039184656,0
1MI5,1MI5_ABC_DE,TD28A,1,0.5875756,0
1MI5,1MI5_ABC_DE,DD29A,1,1.2319692,0
1MI5,1MI5_ABC_DE,YD30A,1,0.4496325,0
1MI5,1MI5_ABC_DE,HD32A,1,1.2319692,0
1MI5,1MI5_ABC_DE,HD47A,1,1.1172796,0
1MI5,1MI5_ABC_DE,LD49A,1,1.2319692,0
1MI5,1MI5_ABC_DE,TD50A,1,-0.5584658,0
1MI5,1MI5_ABC_DE,SD51A,1,0.48201498,0
1MI5,1MI5_ABC_DE,ND52A,1,-0.019268429,0
1MI5,1MI5_ABC_DE,PD89A,1,1.2319692,0
1MI5,1MI5_ABC_DE,LD90A,1,1.2319692,0
1MI5,1MI5_ABC_DE,AD91G,1,0.6083049,0
1MI5,1MI5_ABC_DE,GD92A,1,0.76413476,0
1MI5,1MI5_ABC_DE,GD93A,1,1.2319692,0
1MI5,1MI5_ABC_DE,TD94A,1,0.94299465,0
1MI5,1MI5_ABC_DE,SD95A,1,0.8272079,0
1MI5,1MI5_ABC_DE,YD96A,1,1.2319692,0
1MI5,1MI5_ABC_DE,GD97A,1,1.2319692,0
1MI5,1MI5_ABC_DE,KD98A,1,1.2319692,0
1MI5,1MI5_ABC_DE,SE25A,1,0.032281633,0
1MI5,1MI5_ABC_DE,GE26A,1,-0.28936067,0
1MI5,1MI5_ABC_DE,VE28A,1,0.29308376,0
1MI5,1MI5_ABC_DE,SE29A,1,1.0638965,0
1MI5,1MI5_ABC_DE,QE48A,1,-0.07037354,0
1MI5,1MI5_ABC_DE,NE49A,1,-0.43286994,0
1MI5,1MI5_ABC_DE,EE50A,1,0.81893826,0
1MI5,1MI5_ABC_DE,SE92A,1,0.30169097,0
1MI5,1MI5_ABC_DE,SE93A,1,-0.61189896,0
1MI5,1MI5_ABC_DE,LE94A,1,0.11586393,0
1MI5,1MI5_ABC_DE,GE95A,1,1.2319692,0
1MI5,1MI5_ABC_DE,QE96A,1,1.2319692,0
1MI5,1MI5_ABC_DE,AE97G,1,1.2319692,0
1MI5,1MI5_ABC_DE,YE98A,1,1.2319692,0
1MI5,1MI5_ABC_DE,EE99A,1,0.119748875,0
1MI5,1MI5_ABC_DE,QE100A,1,1.2319692,0
1MI5,1MI5_ABC_DE,YE101A,1,0.26040897,0
2AK4,2AK4_ABC_DE,TD30A,1,-0.12668328,4
2AK4,2AK4_ABC_DE,YD32A,1,0.09897152,4
2AK4,2AK4_ABC_DE,ND51A,1,1.4039891,4
2AK4,2AK4_ABC_DE,SD94A,1,1.4039891,4
2AK4,2AK4_ABC_DE,YD97A,1,1.4039891,4
2AK4,2AK4_ABC_DE,ND98A,1,1.4039891,4
2AK4,2AK4_ABC_DE,NE26A,1,0.2087728,4
2AK4,2AK4_ABC_DE,NE28A,1,0.8228948,4
2AK4,2AK4_ABC_DE,SE29G,1,1.4039891,4
2AK4,2AK4_ABC_DE,SE49A,1,-0.31437176,4
2AK4,2AK4_ABC_DE,NE63A,1,-0.04268813,4
2AK4,2AK4_ABC_DE,LE94A,1,0.83848655,4
2AK4,2AK4_ABC_DE,EE97A,1,0.048638746,4
2AK4,2AK4_ABC_DE,QA65A,1,-0.25790507,4
2AK4,2AK4_ABC_DE,TA69A,1,-0.34193262,4
2AK4,2AK4_ABC_DE,QA72A,1,0.2391616,4
2AK4,2AK4_ABC_DE,RA151A,1,1.3673309,4
2AK4,2AK4_ABC_DE,EA154A,1,0.23491462,4
2AK4,2AK4_ABC_DE,QA155A,1,0.92959356,4
2AK4,2AK4_ABC_DE,RA157A,1,1.4039891,4
2AK4,2AK4_ABC_DE,AA158G,1,0.8735885,4
2AK4,2AK4_ABC_DE,EA161A,1,0.46510357,4
2AK4,2AK4_ABC_DE,LA163A,1,0.1403824,4
2AK4,2AK4_ABC_DE,PC4A,1,1.0963917,4
2AK4,2AK4_ABC_DE,LC5A,1,1.4039891,4
2AK4,2AK4_ABC_DE,PC6A,1,1.4039891,4
2AK4,2AK4_ABC_DE,QC7A,1,1.4039891,4
2AK4,2AK4_ABC_DE,QC9A,1,0.06589585,4
2AK4,2AK4_ABC_DE,LC10A,1,0.5136355,4
1AO7,1AO7_ABC_DE,RA65A,1,2.6809208,4
1AO7,1AO7_ABC_DE,KA66A,1,1.7908841,4
1AO7,1AO7_ABC_DE,AA69G,1,1.3958606,4
1AO7,1AO7_ABC_DE,TA163A,1,0.72617596,4
1AO7,1AO7_ABC_DE,EA166A,1,0.8771874,4
1AO7,1AO7_ABC_DE,WA167A,1,1.2002082,4
2BNR,2BNR_ABC_DE,QA43A,1,0.08280224,2
2BNR,2BNR_ABC_DE,EA58A,1,0.0,2
2BNR,2BNR_ABC_DE,DA61A,1,-0.08978604,2
2BNR,2BNR_ABC_DE,EA63A,1,0.33471087,2
2BNR,2BNR_ABC_DE,TA64A,1,0.2714708,2
2BNR,2BNR_ABC_DE,RA65A,1,1.8063724,2
2BNR,2BNR_ABC_DE,KA66A,1,1.6893346,2
2BNR,2BNR_ABC_DE,VA67A,1,0.39280164,2
2BNR,2BNR_ABC_DE,KA68A,1,0.0055283634,2
2BNR,2BNR_ABC_DE,AA69G,1,1.85521,2
2BNR,2BNR_ABC_DE,HA70A,1,1.6957166,2
2BNR,2BNR_ABC_DE,QA72A,1,-0.096284665,2
2BNR,2BNR_ABC_DE,TA73A,1,1.2850602,2
2BNR,2BNR_ABC_DE,HA74A,1,0.97532517,2
2BNR,2BNR_ABC_DE,RA75A,1,0.53088915,2
2BNR,2BNR_ABC_DE,VA76A,1,0.6720904,2
2BNR,2BNR_ABC_DE,TA80A,1,0.53540593,2
2BNR,2BNR_ABC_DE,KA146A,1,0.6243712,2
2BNR,2BNR_ABC_DE,AA149G,1,0.01823073,2
2BNR,2BNR_ABC_DE,AA150G,1,0.7368884,2
2BNR,2BNR_ABC_DE,HA151A,1,0.53315187,2
2BNR,2BNR_ABC_DE,VA152A,1,0.9033096,2
2BNR,2BNR_ABC_DE,EA154A,1,0.01823073,2
2BNR,2BNR_ABC_DE,QA155A,1,0.23276629,2
2BNR,2BNR_ABC_DE,TA163A,1,0.45864728,2
1AO7,1AO7_ABC_DE,QA43A,1,0.02890583,4
1AO7,1AO7_ABC_DE,EA55A,1,0.8556438,4
1AO7,1AO7_ABC_DE,EA58A,1,-0.2552182,4
1AO7,1AO7_ABC_DE,DA61A,1,0.3795585,4
1AO7,1AO7_ABC_DE,EA63A,1,0.15853737,4
1AO7,1AO7_ABC_DE,TA64A,1,-0.07604123,4
1AO7,1AO7_ABC_DE,RA65A,1,3.155595,4
1AO7,1AO7_ABC_DE,KA66A,1,3.155595,4
1AO7,1AO7_ABC_DE,VA67A,1,-0.5582032,4
1AO7,1AO7_ABC_DE,KA68A,1,0.19354472,4
1AO7,1AO7_ABC_DE,AA69G,1,1.5227085,4
1AO7,1AO7_ABC_DE,HA70A,1,3.155595,4
1AO7,1AO7_ABC_DE,QA72A,1,0.01725066,4
1AO7,1AO7_ABC_DE,TA73A,1,0.76669466,4
1AO7,1AO7_ABC_DE,HA74A,1,1.6043897,4
1AO7,1AO7_ABC_DE,RA75A,1,0.53472376,4
1AO7,1AO7_ABC_DE,VA76A,1,0.59687173,4
1AO7,1AO7_ABC_DE,TA80A,1,0.07573514,4
1AO7,1AO7_ABC_DE,KA146A,1,0.46220648,4
1AO7,1AO7_ABC_DE,AA149G,1,-0.15449645,4
1AO7,1AO7_ABC_DE,AA150G,1,0.061949592,4
1AO7,1AO7_ABC_DE,HA151A,1,-0.30263966,4
1AO7,1AO7_ABC_DE,VA152A,1,-0.19424897,4
1AO7,1AO7_ABC_DE,EA154A,1,0.36154947,4
1AO7,1AO7_ABC_DE,QA155A,1,0.1983811,4
1AO7,1AO7_ABC_DE,AA158G,1,0.31199083,4
1AO7,1AO7_ABC_DE,TA163A,1,0.5292381,4
1AO7,1AO7_ABC_DE,EA166A,1,1.4516383,4
1AO7,1AO7_ABC_DE,WA167A,1,1.4261206,4
1AO7,1AO7_ABC_DE,RA170A,1,0.110256664,4
1OGA,1OGA_ABC_DE,QA43A,1,-0.023952235,4
1OGA,1OGA_ABC_DE,EA58A,1,0.1126562,4
1OGA,1OGA_ABC_DE,DA61A,1,0.118175976,4
1OGA,1OGA_ABC_DE,EA63A,1,-0.01816087,4
1OGA,1OGA_ABC_DE,TA64A,1,0.18642865,4
1OGA,1OGA_ABC_DE,RA65A,1,-0.36547485,4
1OGA,1OGA_ABC_DE,KA66A,1,-0.023952235,4
1OGA,1OGA_ABC_DE,VA67A,1,-0.13922982,4
1OGA,1OGA_ABC_DE,KA68A,1,0.24835986,4
1OGA,1OGA_ABC_DE,AA69G,1,0.42719105,4
1OGA,1OGA_ABC_DE,HA70A,1,0.5177409,4
1OGA,1OGA_ABC_DE,QA72A,1,-0.4595702,4
1OGA,1OGA_ABC_DE,TA73A,1,0.84861964,4
1OGA,1OGA_ABC_DE,HA74A,1,0.60438436,4
1OGA,1OGA_ABC_DE,RA75A,1,0.7110562,4
1OGA,1OGA_ABC_DE,VA76A,1,0.87216383,4
1OGA,1OGA_ABC_DE,TA80A,1,0.19533786,4
1OGA,1OGA_ABC_DE,KA146A,1,1.931125,4
1OGA,1OGA_ABC_DE,AA149G,1,0.12273683,4
1OGA,1OGA_ABC_DE,AA150G,1,0.44854298,4
1OGA,1OGA_ABC_DE,HA151A,1,0.0,4
1OGA,1OGA_ABC_DE,VA152A,1,1.393609,4
1OGA,1OGA_ABC_DE,EA154A,1,0.6123906,4
1OGA,1OGA_ABC_DE,QA155A,1,0.4890683,4
1OGA,1OGA_ABC_DE,AA158G,1,0.13264881,4
1OGA,1OGA_ABC_DE,TA163A,1,0.321561,4
2BNR,2BNR_ABC_DE,CC9V,1,-0.5019833,2
2BNQ,2BNQ_ABC_DE,VC9C,1,0.5019833,1
3HG1,3HG1_ABC_DE,"SE50Y,VE51G,GE52P,IE53F",4,-1.5820304,2
3HG1,3HG1_ABC_DE,"SE50W,VE51G,GE52P,IE53F",4,-1.7748275,2
3HG1,3HG1_ABC_DE,"SE50F,VE51G,GE52P,IE53Y",4,-2.0265505,2
3HG1,3HG1_ABC_DE,"SE50Y,VE51G,GE52P,IE53Y",4,-1.7309221,2
3HG1,3HG1_ABC_DE,"SE50Y,VE51G,GE52P,IE53F,TE100M,EE102G,LE103W,FE104Q",8,-1.4907035,2
3HG1,3HG1_ABC_DE,"SE50Y,VE51G,GE52P,IE53F,GE99N,TE100L,EE102G,LE103W",8,-2.8548746,2
3HG1,3HG1_ABC_DE,"SE50W,VE51G,GE52P,IE53F,TE100M,EE102G,LE103W,FE104Q",8,-2.2953265,2
3HG1,3HG1_ABC_DE,"SE50W,VE51G,GE52P,IE53F,GE99N,TE100L,EE102G,LE103W",8,-2.980065,2
4MNQ,4MNQ_ABC_DE,"IE49V,HE50G,PE51A,EE52G,YE53I,AD93S,LD94G,PD95T,GD97K",9,5.821152,4
4MNQ,4MNQ_ABC_DE,"AD93S,LD94G,PD95T,GD97K",4,0.92312586,4
4MNQ,4MNQ_ABC_DE,"HE50W,PE51E,EE52F,YE53E,AD93S,LD94G,PD95T,GD97K",8,0.8976401,4
4MNQ,4MNQ_ABC_DE,"IE49V,HE50G,PE51A,EE52G,YE53I",5,1.5196093,4
4MNQ,4MNQ_ABC_DE,"HE50W,PE51E,EE52F,YE53E",4,0.25964502,4
4MNQ,4MNQ_ABC_DE,"KC4A,AD93S,LD94G,PD95T,GD97K",5,3.6324573,4
4MNQ,4MNQ_ABC_DE,"KC4A,IE49V,HE50G,PE51A,EE52G,YE53I",6,4.2479515,4
4MNQ,4MNQ_ABC_DE,KC4A,1,4.9356365,4
4MNQ,4MNQ_ABC_DE,"KC4A,HE50W,PE51E,EE52F,YE53E",5,4.942732,4
4MNQ,4MNQ_ABC_DE,"LC6A,AD93S,LD94G,PD95T,GD97K",5,5.1024947,4
4MNQ,4MNQ_ABC_DE,"LC6A,HE50W,PE51E,EE52F,YE53E,AD93S,LD94G,PD95T,GD97K",9,5.4262958,4
4MNQ,4MNQ_ABC_DE,"LC6A,IE49V,HE50G,PE51A,EE52G,YE53I",6,4.6698933,4
4MNQ,4MNQ_ABC_DE,LC6A,1,4.14898,4
4MNQ,4MNQ_ABC_DE,"LC6A,HE50W,PE51E,EE52F,YE53E",5,4.389199,4
1AO7,1AO7_ABC_DE,DD26M,1,0.21131277,4
1AO7,1AO7_ABC_DE,DD26V,1,1.3641711,4
1AO7,1AO7_ABC_DE,DD26W,1,-1.0804503,4
1AO7,1AO7_ABC_DE,RD27F,1,-0.19934364,4
1AO7,1AO7_ABC_DE,GD28A,1,0.54285824,4
1AO7,1AO7_ABC_DE,GD28I,1,-0.27958414,4
1AO7,1AO7_ABC_DE,GD28L,1,-0.46684107,4
1AO7,1AO7_ABC_DE,GD28M,1,-0.5186732,4
1AO7,1AO7_ABC_DE,GD28R,1,2.3176858,4
1AO7,1AO7_ABC_DE,GD28T,1,-0.75923043,4
1AO7,1AO7_ABC_DE,GD28V,1,0.54285824,4
1AO7,1AO7_ABC_DE,SD29A,1,0.30263966,4
1AO7,1AO7_ABC_DE,QD30N,1,0.71329606,4
1AO7,1AO7_ABC_DE,QD30E,1,0.41065642,4
1AO7,1AO7_ABC_DE,SD51M,1,-0.37773395,4
1AO7,1AO7_ABC_DE,KD66H,1,0.9535147,4
1AO7,1AO7_ABC_DE,SD94A,1,0.0,4
1AO7,1AO7_ABC_DE,SD94N,1,1.9070294,4
1AO7,1AO7_ABC_DE,SD94T,1,-0.49348688,4
1AO7,1AO7_ABC_DE,SD94Y,1,2.3176858,4
1AO7,1AO7_ABC_DE,IE52R,1,1.3641711,4
1AO7,1AO7_ABC_DE,AE96M,1,-0.3121191,4
1AO7,1AO7_ABC_DE,AE96K,1,0.061574083,4
1AO7,1AO7_ABC_DE,GE97S,1,-0.3121191,4
1AO7,1AO7_ABC_DE,GE98A,1,-1.09103,4
1AO7,1AO7_ABC_DE,RE99Q,1,0.41065642,4
1AO7,1AO7_ABC_DE,"DD26W,RD27F,SD51M,SD94T",4,-2.7171636,4
1AO7,1AO7_ABC_DE,"DD26W,RD27F,GD28T,SD51M,SD94T",5,-1.2850602,4
1AO7,1AO7_ABC_DE,"DD26W,RD27F,SD51M,SD94T,VC7R",5,-1.3930769,4
1AO7,1AO7_ABC_DE,"GD28I,SD94A",2,-0.38309553,4
1AO7,1AO7_ABC_DE,"GD28I,SD94T",2,-0.89961827,4
1AO7,1AO7_ABC_DE,"GD28L,SD94A",2,-0.5086029,4
1AO7,1AO7_ABC_DE,"GD28L,SD94T",2,-1.028609,4
1AO7,1AO7_ABC_DE,"GD28M,SD94A",2,-0.80462295,4
1AO7,1AO7_ABC_DE,"GD28M,SD94T",2,-1.7472667,4
1AO7,1AO7_ABC_DE,"GD28M,SD51M,SD94T",3,-2.1264582,4
1AO7,1AO7_ABC_DE,"GD28T,SD51M,SD94T",3,-1.6043897,4
1AO7,1AO7_ABC_DE,"RD27F,GD28M,SD51M,SD94T",4,-1.8037333,4
1AO7,1AO7_ABC_DE,"RD27F,GD28T,SD51M,SD94T",4,-1.6043897,4
1AO7,1AO7_ABC_DE,"DD26W,GD28M,SD51M,SD94T",4,-1.0787052,4
1AO7,1AO7_ABC_DE,"DD26W,GD28T,SD51M,SD94T",4,-1.2376387,4
1AO7,1AO7_ABC_DE,"GE98A,RE99Q",2,-1.5635147,4
1AO7,1AO7_ABC_DE,"AE96M,GE97S",2,-1.0448415,4
1AO7,1AO7_ABC_DE,"AE96M,GE97S,GE98A",3,-3.5440392,4
1AO7,1AO7_ABC_DE,"AE96M,GE97S,GE98A,RE99Q",4,-3.9220755,4
1AO7,1AO7_ABC_DE,"GD28T,AE96M,GE97S,GE98A",4,-3.8617742,4
1AO7,1AO7_ABC_DE,"GD28T,AE96M,GE97S,GE98A,RE99Q",5,-3.965981,4
1AO7,1AO7_ABC_DE,"DD26W,AE96M,GE97S,GE98A,RE99Q",5,-4.038617,4
1AO7,1AO7_ABC_DE,"DD26W,RD27F,SD51M,AE96M,GE97S,GE98A,RE99Q",7,-3.7107627,4
1AO7,1AO7_ABC_DE,"DD26W,RD27F,SD51M,SD94T,AE96M,GE97S,GE98A,RE99Q",8,-3.4511178,4
1AO7,1AO7_ABC_DE,RD27P,1,0.30800125,4
1AO7,1AO7_ABC_DE,KD97P,1,-0.26777947,4
1AO7,1AO7_ABC_DE,AE50P,1,-0.3255171,4
1AO7,1AO7_ABC_DE,GE98P,1,0.44973335,4
1AO7,1AO7_ABC_DE,RE99P,1,-1.9416856,4
1AO7,1AO7_ABC_DE,"KD97P,AE50P,RE99P",3,-1.6319506,4
1AO7,1AO7_ABC_DE,"KD97P,RE99P",2,-1.2212942,4
1AO7,1AO7_ABC_DE,"DD26W,RD27F,GD28T,SD51M,SD94T",5,-2.7447245,4
1AO7,1AO7_ABC_DE,"DD26W,RD27F,GD28T,SD51M,SD94T,RE99P",6,-3.3738556,4
1AO7,1AO7_ABC_DE,"DD26W,RD27F,GD28T,SD51M,SD94T,KD97P,AE50P,RE99P",8,-4.6220574,4
1YY9,1YY9_CD_A,LD29P,1,0.030840894,1
1YY9,1YY9_CD_A,WD52P,1,1.4789331,1
1YY9,1YY9_CD_A,SD53P,1,0.8179112,1
1YY9,1YY9_CD_A,GD54P,1,0.26819047,1
1YY9,1YY9_CD_A,AD98P,1,1.0376917,1
1YY9,1YY9_CD_A,YD101P,1,1.652159,1
1YY9,1YY9_CD_A,AC25P,1,0.072288,1
1YY9,1YY9_CD_A,SC26P,1,-0.009114826,1
1YY9,1YY9_CD_A,SC28P,1,-0.22239916,1
1YY9,1YY9_CD_A,SC54P,1,-0.018372076,1
1YY9,1YY9_CD_A,TC96P,1,4.0049434,1
3BX1,3BX1_A_C,FC84V,1,0.41065642,3
3BX1,3BX1_A_C,RC85G,1,0.3555048,3
3BX1,3BX1_A_C,AC86T,1,1.8372486,3
3BX1,3BX1_A_C,YC87I,1,1.7820247,3
3BX1,3BX1_A_C,YC87A,1,1.2988172,3
3BX1,3BX1_A_C,TC88V,1,2.8385491,3
3BX1,3BX1_A_C,TC89A,1,0.17043781,3
1QAB,1QAB_ABCD_E,"VA30M,VB21M,VC21M,VD21M",4,-0.27507877,1
1QAB,1QAB_ABCD_E,"LA55P,LB46P,LC46P,LD46P",4,0.37579626,1
1QAB,1QAB_ABCD_E,"LA58H,LB49H,LC49H,LD49H",4,-0.07190048,1
1QAB,1QAB_ABCD_E,"TA60A,TB51A,TC51A,TD51A",4,0.12195746,1
1QAB,1QAB_ABCD_E,"SA85A,SB76A,SC76A,SD76A",4,0.91505295,1
1QAB,1QAB_ABCD_E,"DA99A,DB90A,DC90A,DD90A",4,1.7057868,1
1QAB,1QAB_ABCD_E,"SA100E,SB91E,SC91E,SD91E",4,1.6644362,1
1QAB,1QAB_ABCD_E,"YA114H,YB105H,YC105H,YD105H",4,0.689111,1
1QAB,1QAB_ABCD_E,"YA114F,YB105F,YC105F,YD105F",4,-0.39396653,1
3SZK,3SZK_AB_C,NC35A,1,0.1251905,3
3SZK,3SZK_AB_C,TC38A,1,0.9322267,3
3SZK,3SZK_AB_C,QC39A,1,0.76658607,3
3SZK,3SZK_AB_C,YC40A,1,2.9048476,3
3SZK,3SZK_AB_C,YC41A,1,2.9823394,3
3SZK,3SZK_AB_C,HC42A,1,2.5366163,3
3SZK,3SZK_AB_C,FC43A,1,2.2193475,3
3SZK,3SZK_AB_C,FC44A,1,2.2009625,3
3SZK,3SZK_AB_C,NC66A,1,0.20430143,3
3SZK,3SZK_AB_C,SC69A,1,1.5142233,3
3SZK,3SZK_AB_C,TC70A,1,1.4692765,3
3SZK,3SZK_AB_C,DC120A,1,0.67366445,3
3SZK,3SZK_AB_C,DC121A,1,0.6956096,3
3SZK,3SZK_AB_C,GC122A,1,0.37473926,3
3SZK,3SZK_AB_C,EC123A,1,0.83848655,3
3SZK,3SZK_AB_C,EC124A,1,0.6956096,3
3SZK,3SZK_AB_C,VC27A,1,0.096284665,3
3SZK,3SZK_AB_C,DC48A,1,0.20430143,3
3SZK,3SZK_AB_C,DC51A,1,0.20430143,3
3SZK,3SZK_AB_C,KC56A,1,0.096284665,3
3SZK,3SZK_AB_C,KC57A,1,-0.035917178,3
4GXU,4GXU_ABCDEF_MN,DA189E,1,2.1660576,1
4GXU,4GXU_ABCDEF_MN,DA224G,1,1.9617561,1
4GXU,4GXU_ABCDEF_MN,"DA189E,DA224G",2,3.0115554,1
3LZF,3LZF_AB_HL,DA187E,1,0.49858814,2
3LZF,3LZF_AB_HL,DA222G,1,0.5380996,2
3LZF,3LZF_AB_HL,"DA187E,DA222G",2,0.12744316,2
1FSS,1FSS_A_B,TB8V,1,0.36920932,3
1FSS,1FSS_A_B,TB9I,1,-0.23226611,3
1FSS,1FSS_A_B,TB9N,1,1.1990469,3
1FSS,1FSS_A_B,"TB8V,TB9I",2,0.4418453,3
1FSS,1FSS_A_B,"TB8V,TB9N",2,0.28640708,3
1FSS,1FSS_A_B,RB11K,1,0.3153129,3
1FSS,1FSS_A_B,AB12S,1,0.32464305,3
1FSS,1FSS_A_B,RB27F,1,2.4362824,3
1FSS,1FSS_A_B,RB27M,1,2.6641393,3
1FSS,1FSS_A_B,RB27Y,1,2.629225,3
1FSS,1FSS_A_B,HB29K,1,-0.6196861,3
1FSS,1FSS_A_B,HB29R,1,-1.4884205,3
1FSS,1FSS_A_B,KB32R,1,1.0825053,3
1FSS,1FSS_A_B,MB33F,1,0.9372821,3
1FSS,1FSS_A_B,MB33L,1,0.96304494,3
1FSS,1FSS_A_B,MB33Q,1,1.5725946,3
1FSS,1FSS_A_B,MB33Y,1,1.39536,3
1FSS,1FSS_A_B,VB34T,1,1.5859588,3
1FSS,1FSS_A_B,LB35W,1,1.4518267,3
1FSS,1FSS_A_B,NB47F,1,0.49276206,3
1FSS,1FSS_A_B,NB47W,1,0.11596926,3
1FSS,1FSS_A_B,NB47R,1,-0.5349058,3
1B41,1B41_A_B,TB8V,1,1.1364256,0
1B41,1B41_A_B,TB9I,1,0.02468907,0
1B41,1B41_A_B,TB9N,1,3.6109722,0
1B41,1B41_A_B,"TB8V,TB9I",2,0.3946864,0
1B41,1B41_A_B,"TB8V,TB9N",2,2.4277997,0
1B41,1B41_A_B,RB11K,1,0.6251122,0
1B41,1B41_A_B,AB12S,1,0.7069596,0
1B41,1B41_A_B,RB27F,1,2.108171,0
1B41,1B41_A_B,RB27M,1,1.4836316,0
1B41,1B41_A_B,RB27Y,1,2.396639,0
1B41,1B41_A_B,HB29K,1,-0.88795066,0
1B41,1B41_A_B,HB29R,1,-0.4093972,0
1B41,1B41_A_B,KB32R,1,0.3914401,0
1B41,1B41_A_B,MB33F,1,0.7788601,0
1B41,1B41_A_B,MB33L,1,1.8114858,0
1B41,1B41_A_B,MB33Q,1,1.5959259,0
1B41,1B41_A_B,MB33Y,1,0.7069596,0
1B41,1B41_A_B,VB34T,1,1.2143784,0
1B41,1B41_A_B,LB35W,1,1.3045447,0
1B41,1B41_A_B,NB47F,1,-0.1417321,0
1B41,1B41_A_B,NB47W,1,0.036658205,0
1B41,1B41_A_B,NB47R,1,-0.030388813,0
1FSS,1FSS_A_B,"TB8V,TB9N,RB11K,HB29R,KB32R",5,0.80188644,3
1FSS,1FSS_A_B,TB8V,1,-0.5380996,3
1FSS,1FSS_A_B,TB9N,1,1.3038697,3
1FSS,1FSS_A_B,"TB8V,TB9N",2,0.429466,3
1FSS,1FSS_A_B,RB11K,1,0.31773478,3
1FSS,1FSS_A_B,HB29R,1,-1.0577215,3
1FSS,1FSS_A_B,KB32R,1,1.1873283,3
1FSS,1FSS_A_B,"TB8V,TB9N,RB11K,HB29R",4,-0.39184684,3
4HRN,4HRN_A_D,LD17A,1,2.5983803,3
4HRN,4HRN_A_D,SD43A,1,0.8030821,3
4HRN,4HRN_A_D,VD44A,1,2.8119245,3
4HRN,4HRN_A_D,FD47A,1,2.4605627,3
1N8Z,1N8Z_AB_C,LC509A,1,-0.023055516,1
1N8Z,1N8Z_AB_C,SC535A,1,0.030840894,1
1N8Z,1N8Z_AB_C,VC536A,1,0.008976717,1
1N8Z,1N8Z_AB_C,FC539A,1,0.035118546,1
3R9A,3R9A_AC_B,AA323W,1,0.33875594,4
3R9A,3R9A_AC_B,YA325A,1,1.01458,4
3R9A,3R9A_AC_B,YA325W,1,0.48231503,4
3R9A,3R9A_AC_B,VA331D,1,0.0,4
3R9A,3R9A_AC_B,GA165R,1,0.048722126,4
3G6D,3G6D_LH_A,HH104A,1,-0.9535147,3
3G6D,3G6D_LH_A,WH105A,1,-1.4971784,3
3G6D,3G6D_LH_A,"KH210T,KH215T",2,-0.13300735,3
3G6D,3G6D_LH_A,"EL3V,GL76R,TL77V,QL78E,EL80G",5,0.13987951,3
3G6D,3G6D_LH_A,"TL89S,ML92I,VL93D,TL94K",4,0.798334,3
3G6D,3G6D_LH_A,"EL3V,GL76R,TL77V,QL78E,EL80G,TL89S,ML92I,VL93D,TL94K",9,0.2715726,3
3G6D,3G6D_LH_A,"EL3V,GL76R,TL77V,QL78E,EL80G,FH103A,HH104A,WH105A",8,4.62235,3
3G6D,3G6D_LH_A,"EL3V,GL76R,TL77V,QL78E,EL80G,DH54N",6,0.1112279,3
3Q8D,3Q8D_A_E,RA202A,1,0.45807788,2
3Q8D,3Q8D_A_E,RA202E,1,1.3835975,2
3Q8D,3Q8D_A_E,RA209A,1,1.3232962,2
3Q8D,3Q8D_A_E,RA209E,1,3.0309818,2
3Q8D,3Q8D_A_E,FA227A,1,0.30263966,2
3Q8D,3Q8D_A_E,FA227D,1,3.0309818,2
3Q8D,3Q8D_A_E,RA228A,1,0.35910636,2
3Q8D,3Q8D_A_E,RA228E,1,1.2067547,2
3Q8D,3Q8D_A_E,RA131A,1,3.0309818,2
3Q8D,3Q8D_A_E,RA97A,1,0.45807788,2
3Q8D,3Q8D_A_E,RA12A,1,0.35910636,2
1XGU,1XGU_AB_C,FB33L,1,1.8626039,3
1XGU,1XGU_AB_C,FB33I,1,1.801261,3
1XGU,1XGU_AB_C,FB33V,1,2.9093847,3
1XGU,1XGU_AB_C,FB33A,1,4.06248,3
1XGP,1XGP_AB_C,AB33F,1,-4.06248,4
1XGP,1XGP_AB_C,AB33L,1,-2.1998763,4
1XGP,1XGP_AB_C,AB33I,1,-2.261219,4
1XGP,1XGP_AB_C,AB33V,1,-1.1530954,4
1XGQ,1XGQ_AB_C,VB33F,1,-2.9093847,3
1XGQ,1XGQ_AB_C,VB33L,1,-1.0467808,3
1XGQ,1XGQ_AB_C,VB33I,1,-1.1081238,3
1XGQ,1XGQ_AB_C,VB33A,1,1.1530954,3
1XGR,1XGR_AB_C,IB33F,1,-1.801261,0
1XGR,1XGR_AB_C,IB33L,1,0.06134288,0
1XGR,1XGR_AB_C,IB33V,1,1.1081238,0
1XGR,1XGR_AB_C,IB33A,1,2.261219,0
1XGT,1XGT_AB_C,LB33F,1,-1.8626039,0
1XGT,1XGT_AB_C,LB33I,1,-0.06134288,0
1XGT,1XGT_AB_C,LB33V,1,1.0467808,0
1XGT,1XGT_AB_C,LB33A,1,2.1998763,0
3RF3,3RF3_A_C,AC8K,1,1.7292318,3
3AAA,3AAA_AB_C,KA248A,1,2.4881237,1
3AAA,3AAA_AB_C,KA248E,1,3.450042,1
3AAA,3AAA_AB_C,RA252A,1,3.0476718,1
3AAA,3AAA_AB_C,RA252E,1,4.0011864,1
3AAA,3AAA_AB_C,RA258A,1,2.2457852,1
3AAA,3AAA_AB_C,RA258E,1,3.5635958,1
3AAA,3AAA_AB_C,"KA248A,RA258A",2,4.7972846,1
3AAA,3AAA_AB_C,WC7A,1,3.3885474,1
3AAA,3AAA_AB_C,DC43A,1,5.1251388,1
3AAA,3AAA_AB_C,EC77A,1,1.9660553,1
3AAA,3AAA_AB_C,EC77R,1,4.092513,1
3BT1,3BT1_A_U,LU1A,1,0.34248337,1
3BT1,3BT1_A_U,RU2A,1,0.09499532,1
3BT1,3BT1_A_U,MU4A,1,0.037430465,1
3BT1,3BT1_A_U,QU5A,1,0.061131705,1
3BT1,3BT1_A_U,KU7A,1,0.27360502,1
3BT1,3BT1_A_U,TU8A,1,0.17684276,1
3BT1,3BT1_A_U,NU9A,1,0.30520993,1
3BT1,3BT1_A_U,GU10A,1,0.26543313,1
3BT1,3BT1_A_U,DU11A,1,-0.026335536,1
3BT1,3BT1_A_U,RU13A,1,0.27360502,1
3BT1,3BT1_A_U,VU14A,1,0.2816657,1
3BT1,3BT1_A_U,EU15A,1,0.1165414,1
3BT1,3BT1_A_U,EU16A,1,0.08392113,1
3BT1,3BT1_A_U,AU18S,1,0.072635986,1
3BT1,3BT1_A_U,LU19A,1,0.17684276,1
3BT1,3BT1_A_U,GU20A,1,0.0,1
3BT1,3BT1_A_U,QU21A,1,0.3128546,1
3BT1,3BT1_A_U,DU22A,1,0.23156951,1
3BT1,3BT1_A_U,LU23A,1,0.460056,1
3BT1,3BT1_A_U,RU25A,1,1.0169652,1
3BT1,3BT1_A_U,TU26A,1,0.1863222,1
3BT1,3BT1_A_U,TU27A,1,0.91079694,1
3BT1,3BT1_A_U,IU28A,1,0.072635986,1
3BT1,3BT1_A_U,VU29A,1,0.7158664,1
3BT1,3BT1_A_U,RU30A,1,0.460056,1
3BT1,3BT1_A_U,LU31A,1,0.3128546,1
3BT1,3BT1_A_U,WU32A,1,-0.013021447,1
3BT1,3BT1_A_U,EU33A,1,0.37754995,1
3BT1,3BT1_A_U,EU34A,1,0.34248337,1
3BT1,3BT1_A_U,GU35A,1,0.32040185,1
3BT1,3BT1_A_U,EU36A,1,0.09499532,1
3BT1,3BT1_A_U,EU37A,1,0.0493996,1
3BT1,3BT1_A_U,LU38A,1,0.5218843,1
3BT1,3BT1_A_U,EU39A,1,0.15741637,1
3BT1,3BT1_A_U,LU40A,1,0.87071246,1
3BT1,3BT1_A_U,VU41A,1,0.48896185,1
3BT1,3BT1_A_U,EU42A,1,-0.19677335,1
3BT1,3BT1_A_U,KU43A,1,0.2227923,1
3BT1,3BT1_A_U,SU44A,1,0.2227923,1
3BT1,3BT1_A_U,TU46A,1,0.460056,1
3BT1,3BT1_A_U,HU47A,1,0.39101532,1
3BT1,3BT1_A_U,SU48A,1,0.40418148,1
3BT1,3BT1_A_U,EU49A,1,-0.026335536,1
3BT1,3BT1_A_U,KU50A,1,0.6422259,1
3BT1,3BT1_A_U,TU51A,1,0.71200675,1
3BT1,3BT1_A_U,NU52Q,1,0.6334487,1
3BT1,3BT1_A_U,RU53A,1,0.8882246,1
3BT1,3BT1_A_U,TU54A,1,0.39101532,1
3BT1,3BT1_A_U,LU55A,1,1.110931,1
3BT1,3BT1_A_U,SU56A,1,0.0493996,1
3BT1,3BT1_A_U,YU57A,1,1.2005628,1
3BT1,3BT1_A_U,RU58A,1,-0.06817305,1
3BT1,3BT1_A_U,TU59A,1,0.5530732,1
3BT1,3BT1_A_U,GU60A,1,0.29746535,1
3BT1,3BT1_A_U,LU61A,1,-0.12899071,1
3BT1,3BT1_A_U,KU62A,1,0.41706136,1
3BT1,3BT1_A_U,IU63A,1,0.1165414,1
3BT1,3BT1_A_U,TU64A,1,0.6593997,1
3BT1,3BT1_A_U,SU65A,1,0.3128546,1
3BT1,3BT1_A_U,LU66A,1,1.3769125,1
3BT1,3BT1_A_U,TU67A,1,0.1863222,1
3BT1,3BT1_A_U,EU68A,1,0.0493996,1
3BT1,3BT1_A_U,VU69A,1,0.2227923,1
3BT1,3BT1_A_U,VU70A,1,0.14745896,1
3BT1,3BT1_A_U,GU72A,1,0.24021861,1
3BT1,3BT1_A_U,LU73A,1,0.23156951,1
3BT1,3BT1_A_U,DU74A,1,0.30520993,1
3BT1,3BT1_A_U,LU75A,1,0.5165227,1
3BT1,3BT1_A_U,QU78A,1,0.24021861,1
3BT1,3BT1_A_U,GU79A,1,0.2227923,1
3BT1,3BT1_A_U,NU80A,1,0.20483783,1
3BT1,3BT1_A_U,SU81A,1,0.25714695,1
3BT1,3BT1_A_U,GU82A,1,0.09499532,1
3BT1,3BT1_A_U,VU83A,1,0.2816657,1
3BT1,3BT1_A_U,TU84A,1,-0.08280224,1
3BT1,3BT1_A_U,YU85A,1,0.24874325,1
3BT1,3BT1_A_U,SU86A,1,0.24021861,1
3BT1,3BT1_A_U,RU87A,1,0.24021861,1
3BT1,3BT1_A_U,SU88A,1,0.19565234,1
3BT1,3BT1_A_U,RU89A,1,0.2816657,1
3BT1,3BT1_A_U,YU90A,1,0.17684276,1
3BT1,3BT1_A_U,LU91A,1,-0.16191317,1
3BT1,3BT1_A_U,EU92A,1,0.20483783,1
3BT1,3BT1_A_U,IU94A,1,0.1863222,1
3BT1,3BT1_A_U,SU95A,1,0.87071246,1
3BT1,3BT1_A_U,GU97A,1,-0.6638965,1
3BT1,3BT1_A_U,SU98A,1,1.1565268,1
3BT1,3BT1_A_U,SU99A,1,0.29746535,1
3BT1,3BT1_A_U,DU100A,1,1.6920253,1
3BT1,3BT1_A_U,MU101A,1,0.41065642,1
3BT1,3BT1_A_U,SU102A,1,0.6109193,1
3BT1,3BT1_A_U,EU104A,1,0.8148379,1
3BT1,3BT1_A_U,RU105A,1,0.40418148,1
3BT1,3BT1_A_U,RU107A,1,0.26543313,1
3BT1,3BT1_A_U,HU108A,1,0.41706136,1
3BT1,3BT1_A_U,QU109A,1,0.08392113,1
3BT1,3BT1_A_U,SU110A,1,0.24874325,1
3BT1,3BT1_A_U,LU111A,1,1.4646269,1
3BT1,3BT1_A_U,QU112A,1,-0.12899071,1
3BT1,3BT1_A_U,RU114A,1,0.21388307,1
3BT1,3BT1_A_U,SU115A,1,0.012741394,1
3BT1,3BT1_A_U,PU116A,1,-0.25324005,1
3BT1,3BT1_A_U,EU117A,1,-0.294115,1
3BT1,3BT1_A_U,EU118A,1,0.0,1
3BT1,3BT1_A_U,QU119A,1,-0.06817305,1
3BT1,3BT1_A_U,LU121A,1,0.460056,1
3BT1,3BT1_A_U,DU122A,1,0.78820634,1
3BT1,3BT1_A_U,VU123A,1,0.78820634,1
3BT1,3BT1_A_U,VU124A,1,0.74587035,1
3BT1,3BT1_A_U,TU125A,1,1.0029143,1
3BT1,3BT1_A_U,HU126A,1,0.39101532,1
3BT1,3BT1_A_U,WU127A,1,-0.43699196,1
3BT1,3BT1_A_U,IU128A,1,-0.3156611,1
3BT1,3BT1_A_U,QU129A,1,-0.09780183,1
3BT1,3BT1_A_U,EU130A,1,0.037430465,1
3BT1,3BT1_A_U,GU131A,1,-0.21500409,1
3BT1,3BT1_A_U,EU132A,1,-0.16191317,1
3BT1,3BT1_A_U,EU133A,1,-0.14522329,1
3BT1,3BT1_A_U,GU134A,1,-0.08280224,1
3BT1,3BT1_A_U,RU135A,1,0.24874325,1
3BT1,3BT1_A_U,PU136A,1,0.33521393,1
3BT1,3BT1_A_U,KU137A,1,0.62003416,1
3BT1,3BT1_A_U,DU138A,1,1.2959981,1
3BT1,3BT1_A_U,DU139A,1,1.04851,1
3BT1,3BT1_A_U,RU140A,1,0.8049908,1
3BT1,3BT1_A_U,HU141A,1,0.63785356,1
3BT1,3BT1_A_U,LU142A,1,0.72351104,1
3BT1,3BT1_A_U,RU143A,1,0.9190447,1
3BT1,3BT1_A_U,GU144A,1,1.25098,1
3BT1,3BT1_A_U,GU146A,1,1.4402152,1
3BT1,3BT1_A_U,YU147A,1,-0.11319105,1
3BT1,3BT1_A_U,LU148A,1,1.6624155,1
3BT1,3BT1_A_U,PU149A,1,0.5969786,1
3BT1,3BT1_A_U,GU150A,1,0.5165227,1
3BT1,3BT1_A_U,PU152A,1,0.460056,1
3BT1,3BT1_A_U,SU154A,1,-0.03995572,1
3BT1,3BT1_A_U,NU155A,1,0.60166204,1
3BT1,3BT1_A_U,GU156A,1,-0.23381366,1
3BT1,3BT1_A_U,FU157A,1,0.70027465,1
3BT1,3BT1_A_U,HU158A,1,0.20483783,1
3BT1,3BT1_A_U,NU159A,1,0.3707007,1
3BT1,3BT1_A_U,NU160Q,1,0.39101532,1
3BT1,3BT1_A_U,DU161A,1,-0.09780183,1
3BT1,3BT1_A_U,TU162A,1,-0.08280224,1
3BT1,3BT1_A_U,FU163A,1,1.0636741,1
3BT1,3BT1_A_U,HU164A,1,1.028425,1
3BT1,3BT1_A_U,FU165A,1,0.12702756,1
3BT1,3BT1_A_U,LU166A,1,0.74587035,1
3BT1,3BT1_A_U,KU167A,1,0.2816657,1
3BT1,3BT1_A_U,NU170Q,1,0.17684276,1
3BT1,3BT1_A_U,TU171A,1,0.27360502,1
3BT1,3BT1_A_U,TU172A,1,0.41065642,1
3BT1,3BT1_A_U,KU173A,1,0.69232213,1
3BT1,3BT1_A_U,EU176A,1,0.025214529,1
3BT1,3BT1_A_U,GU177A,1,0.3278542,1
3BT1,3BT1_A_U,PU178A,1,-0.2733251,1
3BT1,3BT1_A_U,IU179A,1,0.36377135,1
3BT1,3BT1_A_U,LU180A,1,0.67196095,1
3BT1,3BT1_A_U,EU181A,1,0.460056,1
3BT1,3BT1_A_U,LU182A,1,0.7310583,1
3BT1,3BT1_A_U,EU183A,1,0.39101532,1
3BT1,3BT1_A_U,NU184A,1,0.3278542,1
3BT1,3BT1_A_U,LU185A,1,0.20483783,1
3BT1,3BT1_A_U,PU186A,1,-0.013021447,1
3BT1,3BT1_A_U,QU187A,1,-0.17908691,1
3BT1,3BT1_A_U,NU188A,1,-0.23381366,1
3BT1,3BT1_A_U,GU189A,1,-0.09780183,1
3BT1,3BT1_A_U,RU190A,1,0.32040185,1
3BT1,3BT1_A_U,QU191A,1,-0.19677335,1
3BT1,3BT1_A_U,YU193A,1,-0.06817305,1
3BT1,3BT1_A_U,SU194A,1,-0.2733251,1
3BT1,3BT1_A_U,KU196A,1,0.24874325,1
3BT1,3BT1_A_U,GU197A,1,0.025214529,1
3BT1,3BT1_A_U,NU198Q,1,0.012741394,1
3BT1,3BT1_A_U,SU199A,1,-0.12899071,1
3BT1,3BT1_A_U,TU200A,1,-0.23381366,1
3BT1,3BT1_A_U,HU201A,1,0.012741394,1
3BT1,3BT1_A_U,GU202A,1,-0.41065642,1
3BT1,3BT1_A_U,SU204A,1,-0.21500409,1
3BT1,3BT1_A_U,SU205A,1,-0.21500409,1
3BT1,3BT1_A_U,EU206A,1,-0.11319105,1
3BT1,3BT1_A_U,EU207A,1,-0.25324005,1
3BT1,3BT1_A_U,TU208A,1,0.23156951,1
3BT1,3BT1_A_U,FU209A,1,0.19565234,1
3BT1,3BT1_A_U,LU210A,1,-0.52384746,1
3BT1,3BT1_A_U,IU211A,1,0.14745896,1
3BT1,3BT1_A_U,DU212A,1,-0.06817305,1
3BT1,3BT1_A_U,RU214A,1,-0.026335536,1
3BT1,3BT1_A_U,GU215A,1,-0.09780183,1
3BT1,3BT1_A_U,PU216A,1,-0.11319105,1
3BT1,3BT1_A_U,MU217A,1,1.028425,1
3BT1,3BT1_A_U,NU218A,1,-0.17908691,1
3BT1,3BT1_A_U,QU219A,1,-0.06817305,1
3BT1,3BT1_A_U,LU221A,1,0.26543313,1
3BT1,3BT1_A_U,VU222A,1,-0.49345866,1
3BT1,3BT1_A_U,AU223S,1,-0.23381366,1
3BT1,3BT1_A_U,TU224A,1,-0.21500409,1
3BT1,3BT1_A_U,GU225A,1,0.71200675,1
3BT1,3BT1_A_U,TU226A,1,-0.026335536,1
3BT1,3BT1_A_U,HU227A,1,0.26543313,1
3BT1,3BT1_A_U,EU228A,1,0.17684276,1
3BT1,3BT1_A_U,PU229A,1,0.0493996,1
3BT1,3BT1_A_U,KU230A,1,0.26543313,1
3BT1,3BT1_A_U,NU231A,1,0.33521393,1
3BT1,3BT1_A_U,QU232A,1,0.09499532,1
3BT1,3BT1_A_U,SU233A,1,-0.17908691,1
3BT1,3BT1_A_U,YU234A,1,0.1863222,1
3BT1,3BT1_A_U,MU235A,1,0.0493996,1
3BT1,3BT1_A_U,VU236A,1,0.15741637,1
3BT1,3BT1_A_U,RU237A,1,0.19565234,1
3BT1,3BT1_A_U,GU238A,1,-0.08280224,1
3BT1,3BT1_A_U,AU240S,1,-0.17908691,1
3BT1,3BT1_A_U,TU241A,1,0.3496647,1
3BT1,3BT1_A_U,AU242S,1,-0.3156611,1
3BT1,3BT1_A_U,SU243A,1,-0.06817305,1
3BT1,3BT1_A_U,MU244A,1,0.12702756,1
3BT1,3BT1_A_U,QU246A,1,0.460056,1
3BT1,3BT1_A_U,HU247A,1,0.0493996,1
3BT1,3BT1_A_U,AU248S,1,0.12702756,1
3BT1,3BT1_A_U,HU249A,1,0.2816657,1
3BT1,3BT1_A_U,LU250A,1,0.41706136,1
3BT1,3BT1_A_U,GU251A,1,0.17684276,1
3BT1,3BT1_A_U,DU252A,1,0.061131705,1
3BT1,3BT1_A_U,AU253S,1,0.20483783,1
3BT1,3BT1_A_U,FU254A,1,0.89394885,1
3BT1,3BT1_A_U,SU255A,1,0.21388307,1
3BT1,3BT1_A_U,MU256A,1,0.7385106,1
3BT1,3BT1_A_U,NU257A,1,-0.23381366,1
3BT1,3BT1_A_U,HU258A,1,0.0493996,1
3BT1,3BT1_A_U,IU259A,1,0.13733132,1
3BT1,3BT1_A_U,DU260A,1,0.105866306,1
3BT1,3BT1_A_U,VU261A,1,0.24021861,1
3BT1,3BT1_A_U,SU262A,1,-0.06817305,1
3BT1,3BT1_A_U,TU265A,1,0.061131705,1
3BT1,3BT1_A_U,KU266A,1,0.09499532,1
3BT1,3BT1_A_U,SU267A,1,-0.14522329,1
3BT1,3BT1_A_U,GU268A,1,-0.294115,1
3BT1,3BT1_A_U,HU271A,1,0.14745896,1
3BT1,3BT1_A_U,PU272A,1,-0.013021447,1
3BT1,3BT1_A_U,DU273A,1,0.0493996,1
3LB6,3LB6_A_C,IA10A,1,3.7231317,4
3LB6,3LB6_A_C,KA100A,1,5.8144255,4
3LB6,3LB6_A_C,KA101A,1,2.5452716,4
3LB6,3LB6_A_C,FA103A,1,5.1173067,4
4K71,4K71_A_BC,GA503E,1,0.7422019,4
4K71,4K71_A_BC,"MA416V,AA418T",2,1.1963606,4
4K71,4K71_A_BC,"GA503R,AA545V",2,1.6679945,4
4K71,4K71_A_BC,AA545V,1,2.0319188,4
4K71,4K71_A_BC,"MA416V,AA418T,GA503R",3,2.7775838,4
4K71,4K71_A_BC,"GA503E,AA545V",2,2.8493805,4
4K71,4K71_A_BC,"MA416V,AA418T,AA545V",3,2.8541906,4
4K71,4K71_A_BC,"MA416V,AA418T,GA503R,AA545V",4,2.8913276,4
4K71,4K71_A_BC,"MA416V,GA503E,AA545V",3,2.9276857,4
4K71,4K71_A_BC,"AA418T,GA503E,AA545V",3,3.1290412,4
4K71,4K71_A_BC,"MA416V,AA418T,GA503E,AA545V",4,3.4591506,4
4K71,4K71_A_BC,HA462A,1,1.051574,4
4K71,4K71_A_BC,HA462F,1,1.0099814,4
4K71,4K71_A_BC,HB157A,1,0.6442554,4
4K71,4K71_A_BC,HB157F,1,0.185067,4
4K71,4K71_A_BC,"MA416V,AA418T,GA503E,AA545V",4,3.8140588,4
4K71,4K71_A_BC,"MA416V,AA418T,GA503R",3,2.3874667,4
4K71,4K71_A_BC,"MA416V,AA418T",2,1.2319692,4
4K71,4K71_A_BC,AA545V,1,1.9898316,4
4K71,4K71_A_BC,"MA416V,AA418T,GA503R",3,1.8028226,4
4K71,4K71_A_BC,"MA416V,AA418T",2,0.8493079,4
4K71,4K71_A_BC,AA545V,1,0.39123002,4
3UIG,3UIG_A_P,EA47A,1,0.64674646,3
3UIG,3UIG_A_P,KA58A,1,0.4465736,3
3UIG,3UIG_A_P,EA61A,1,1.7585607,3
3UIG,3UIG_A_P,DA67A,1,2.0392313,3
3UIG,3UIG_A_P,EA72A,1,1.7930583,3
3UII,3UII_A_P,KA58A,1,0.04559572,1
3UII,3UII_A_P,"KA58Y,HA76W",2,0.03452153,1
3UIH,3UIH_A_P,"KA58Y,HA76W",2,-1.0724025,1
3N85,3N85_A_LH,WL91F,1,0.13965416,3
3N85,3N85_A_LH,WL94Y,1,-0.038736146,3
3N85,3N85_A_LH,WH30K,1,-0.78495467,3
3N85,3N85_A_LH,WH30R,1,-0.5542155,3
3N85,3N85_A_LH,SH32Y,1,0.057148077,3
3N85,3N85_A_LH,SH32A,1,-0.13407966,3
3N85,3N85_A_LH,SH50G,1,0.48788953,3
3N85,3N85_A_LH,SH52Y,1,-0.78495467,3
3N85,3N85_A_LH,WH100F,1,-0.015191909,3
3N85,3N85_A_LH,WH100F,1,-0.015191909,3
4N8V,4N8V_G_ABC,PG10A,1,-0.21667437,4
4N8V,4N8V_G_ABC,KG38A,1,0.5880585,4
4N8V,4N8V_G_ABC,YG39F,1,0.5155515,4
4N8V,4N8V_G_ABC,YG124A,1,0.12034162,4
4CVW,4CVW_A_C,DA720W,1,1.2212942,3
4CVW,4CVW_A_C,DA720R,1,3.0476718,3
4CVW,4CVW_A_C,RC27A,1,1.8287239,3
4CVW,4CVW_A_C,RC31A,1,2.0774672,3
4CVW,4CVW_A_C,RC31W,1,1.4907035,3
4CVW,4CVW_A_C,LC34G,1,2.7283423,3
4CVW,4CVW_A_C,LC34W,1,0.3355621,3
4CVW,4CVW_A_C,VC35D,1,4.9208374,3
4CVW,4CVW_A_C,"LC34G,VC35D",2,7.7454643,3
4B0M,4B0M_A_BM,AB127G,1,0.29772303,0
4B0M,4B0M_A_BM,PM98A,1,0.40573978,0
4B0M,4B0M_A_BM,PM98S,1,0.7580752,0
4B0M,4B0M_A_BM,PM99A,1,1.9157778,0
4B0M,4B0M_A_BM,PM99S,1,1.9942853,0
4B0M,4B0M_A_BM,"PM98S,PM99A",2,2.0725505,0
4B0M,4B0M_A_BM,YM9G,1,0.62926847,0
4B0M,4B0M_A_BM,YM37A,1,1.65294,0
4B0M,4B0M_A_BM,"YM9G,YM37A",2,2.2047524,0
4B0M,4B0M_A_BM,LM40A,1,1.9089847,0
4B0M,4B0M_A_BM,MA8A,1,0.42992485,0
4B0M,4B0M_A_BM,"TA7G,MA8A",2,0.44165695,0
3M62,3M62_A_B,EA32A,1,0.82971656,3
3M62,3M62_A_B,DA46A,1,2.800001,3
3M62,3M62_A_B,LA50A,1,2.8292637,3
3M62,3M62_A_B,TA54A,1,0.016689893,3
3M62,3M62_A_B,EA55A,1,1.051574,3
3M62,3M62_A_B,RA98A,1,0.7886926,3
3M62,3M62_A_B,GA102A,1,1.2648917,3
3M62,3M62_A_B,YA103A,1,4.4772186,3
3M62,3M62_A_B,IA110A,1,1.8539385,3
3M62,3M62_A_B,FB7A,1,0.9959674,3
3M62,3M62_A_B,KB8A,1,0.49712712,3
3M62,3M62_A_B,IB43A,1,2.8837805,3
3M62,3M62_A_B,SB45A,1,1.2787393,3
3M62,3M62_A_B,VB48A,1,1.0904373,3
3M62,3M62_A_B,QB50A,1,1.0544361,3
3M62,3M62_A_B,QB65A,1,0.28372085,3
3M62,3M62_A_B,VB67A,1,1.1381687,3
3M62,3M62_A_B,MB69A,1,0.6811228,3
3M63,3M63_A_B,EA33A,1,0.6463438,4
3M63,3M63_A_B,DA46A,1,2.234206,4
3M63,3M63_A_B,LA50A,1,0.57642084,4
3M63,3M63_A_B,TA54A,1,0.31137705,4
3M63,3M63_A_B,EA55A,1,0.3463516,4
3M63,3M63_A_B,RA98A,1,-0.18529274,4
3M63,3M63_A_B,GA102A,1,0.12470666,4
3M63,3M63_A_B,YA103A,1,3.6505766,4
3M63,3M63_A_B,VA106A,1,1.8389388,4
3M63,3M63_A_B,IA110A,1,1.0890924,4
3M63,3M63_A_B,FA113A,1,1.7915174,4
3M63,3M63_A_B,"GB8F,QB9K,SB65Q,HB67V,VB69M",5,0.18712771,4
3SEK,3SEK_B_C,LC11E,1,2.8872757,1
3SEK,3SEK_B_C,LC44E,1,4.455748,1
3SEK,3SEK_B_C,FC47E,1,4.455748,1
3SEK,3SEK_B_C,LC48E,1,4.2155294,1
3SEK,3SEK_B_C,LC44A,1,2.6809208,1
3SEK,3SEK_B_C,FC47A,1,2.2293894,1
3SEK,3SEK_B_C,LC48A,1,3.408846,1
3HH2,3HH2_AB_C,VC15E,1,0.68439025,4
3HH2,3HH2_AB_C,FC47E,1,0.71329606,4
3HH2,3HH2_AB_C,IC51E,1,0.8621878,4
3HH2,3HH2_AB_C,FC52E,1,0.8165921,4
3HH2,3HH2_AB_C,FC47A,1,1.3253078,4
3HH2,3HH2_AB_C,IC51A,1,0.71329606,4
3HH2,3HH2_AB_C,FC52A,1,1.2728442,4
3B4V,3B4V_AB_C,LC16E,1,0.82131284,3
3B4V,3B4V_AB_C,LC49E,1,4.1333885,3
3B4V,3B4V_AB_C,FC52E,1,3.8812006,3
3B4V,3B4V_AB_C,LC53E,1,4.092513,3
3B4V,3B4V_AB_C,LC49A,1,3.5805726,3
3B4V,3B4V_AB_C,FC52A,1,3.8501751,3
3B4V,3B4V_AB_C,LC53A,1,3.393158,3
2B0U,2B0U_AB_C,VC15E,1,0.0,3
2B0U,2B0U_AB_C,FC47E,1,0.41065642,3
2B0U,2B0U_AB_C,IC51E,1,0.24021861,3
2B0U,2B0U_AB_C,FC52E,1,0.0,3
2B0U,2B0U_AB_C,FC47A,1,0.54285824,3
2B0U,2B0U_AB_C,IC51A,1,0.0,3
2B0U,2B0U_AB_C,FC52A,1,0.0,3
4HFK,4HFK_A_BD,RB22A,1,1.3921323,2
4HFK,4HFK_A_BD,LB45A,1,2.525464,2
4HFK,4HFK_A_BD,EB46A,1,1.1885719,2
4HFK,4HFK_A_BD,SB48A,1,0.20154199,2
4HFK,4HFK_A_BD,NB49A,1,-0.020160992,2
4HFK,4HFK_A_BD,LB50A,1,0.030058358,2
4HFK,4HFK_A_BD,EB56A,1,0.94239897,2
4HFK,4HFK_A_BD,TD72A,1,1.8502102,2
3KBH,3KBH_A_E,DA20A,1,0.8734072,2
3KBH,3KBH_A_E,YA23A,1,1.8127912,2
3KBH,3KBH_A_E,YA23F,1,1.615894,2
3KBH,3KBH_A_E,YE17A,1,0.100018255,2
3KBH,3KBH_A_E,SE54A,1,1.8573337,2
3KBH,3KBH_A_E,SE54T,1,2.4906719,2
2AJF,2AJF_A_E,DA20A,1,0.585403,3
2AJF,2AJF_A_E,YA23A,1,1.452401,3
2AJF,2AJF_A_E,YA23F,1,1.3977944,3
4I77,4I77_HL_Z,YH100F,1,0.0,3
4I77,4I77_HL_Z,YH100A,1,0.0,3
4I77,4I77_HL_Z,YH101F,1,0.0,3
4I77,4I77_HL_Z,YH101A,1,0.94154555,3
4I77,4I77_HL_Z,YH103F,1,0.0,3
4I77,4I77_HL_Z,YH103A,1,1.6923214,3
4I77,4I77_HL_Z,DH54A,1,2.1247063,3
4I77,4I77_HL_Z,WH52F,1,2.0995631,3
4I77,4I77_HL_Z,WH52A,1,2.1147766,3
4I77,4I77_HL_Z,YL32F,1,0.0,3
4I77,4I77_HL_Z,YL32A,1,0.0,3
4I77,4I77_HL_Z,NL95A,1,1.7221993,3
4I77,4I77_HL_Z,YH100F,1,0.0,3
4I77,4I77_HL_Z,YH100A,1,0.0,3
4I77,4I77_HL_Z,YH101F,1,0.0,3
4I77,4I77_HL_Z,YH101A,1,2.2759638,3
4I77,4I77_HL_Z,YH103F,1,0.63079,3
4I77,4I77_HL_Z,YH103A,1,2.5998316,3
4I77,4I77_HL_Z,DH54A,1,2.9955828,3
4I77,4I77_HL_Z,WH52F,1,2.8213594,3
4I77,4I77_HL_Z,WH52A,1,2.9105122,3
4I77,4I77_HL_Z,YL32F,1,0.0,3
4I77,4I77_HL_Z,YL32A,1,1.5677315,3
4I77,4I77_HL_Z,NL95A,1,0.9991104,3
2AW2,2AW2_A_B,PB16A,1,2.5755908,2
2AW2,2AW2_A_B,YB22A,1,1.8850842,2
2AW2,2AW2_A_B,VB35A,1,1.0963917,2
3L5X,3L5X_A_HL,"HL91Q,NL92D,EL93L,YL94G",4,-1.7859313,1
3L5X,3L5X_A_HL,"NL92D,EL93W,YL94G",3,-1.6832762,1
3L5X,3L5X_A_HL,"HL91Q,NL92D,EL93I,YL94G",4,-1.5510744,1
3L5X,3L5X_A_HL,"NL92E,EL93W,YL94G",3,-1.5510744,1
3L5X,3L5X_A_HL,"NL92D,EL93P,YL94G",3,-1.4706185,1
3L5X,3L5X_A_HL,"HL91Q,NL92D,EL93Y,YL94G",4,-1.4521028,1
3L5X,3L5X_A_HL,"NL92S,EL93W,YL94G",3,-1.2726197,1
3L5X,3L5X_A_HL,"NL92E,EL93S,YL94G",3,-1.2659253,1
3L5X,3L5X_A_HL,"NL92S,EL93H,YL94G",3,-1.2462842,1
3L5X,3L5X_A_HL,"NL92F,EL93W,YL94G",3,-1.2335428,1
3L5X,3L5X_A_HL,"NL92D,EL93W,YL94E",3,-1.1968846,1
3L5X,3L5X_A_HL,"NL92S,EL93Y,YL94G",3,-0.9646185,1
3L5X,3L5X_A_HL,"HL91P,NL92L,EL93D,YL94V",4,-0.8586067,1
3L5X,3L5X_A_HL,"NL92V,EL93W,YL94G",3,-0.8356278,1
3L5X,3L5X_A_HL,YL94A,1,-0.82922286,1
3L5X,3L5X_A_HL,"NL92L,EL93M,YL94G",3,-0.82604617,1
3L5X,3L5X_A_HL,"HL91P,NL92L,EL93D,YL94T",4,-0.8104133,1
3L5X,3L5X_A_HL,"NL92D,EL93Y,YL94A",3,-0.8073356,1
3L5X,3L5X_A_HL,"NL92S,EL93I,YL94G",3,-0.8073356,1
3L5X,3L5X_A_HL,"EL93H,YL94G",2,-0.76299185,1
3L5X,3L5X_A_HL,"NL92D,EL93W,YL94S",3,-0.7164474,1
3L5X,3L5X_A_HL,"NL92L,EL93N,YL94G",3,-0.6957483,1
3L5X,3L5X_A_HL,"NL92L,EL93D,YL94S",3,-0.68068516,1
3L5X,3L5X_A_HL,"HL91P,NL92I,EL93D,YL94A",4,-0.64695925,1
3L5X,3L5X_A_HL,"HL91P,NL92L,EL93D,YL94S",4,-0.63307303,1
3L5X,3L5X_A_HL,"NL92L,EL93L,YL94G",3,-0.6262501,1
3L5X,3L5X_A_HL,"NL92L,EL93D,YL94S",3,-0.5539621,1
3L5X,3L5X_A_HL,"NL92D,EL93N,YL94S",3,-0.5342775,1
3L5X,3L5X_A_HL,"NL92D,EL93R,YL94D",3,-0.5227732,1
3L5X,3L5X_A_HL,"NL92S,EL93V,YL94G",3,-0.5171038,1
3L5X,3L5X_A_HL,"NL92V,EL93G,YL94G",3,-0.46320736,1
3L5X,3L5X_A_HL,"HL91P,NL92L,YL94A",3,-0.44461247,1
3L5X,3L5X_A_HL,"NL92D,EL93L,YL94G",3,-0.42982095,1
3L5X,3L5X_A_HL,"EL93F,YL94G",2,-0.42820004,1
3L5X,3L5X_A_HL,"NL92S,EL93W,YL94A",3,-0.3031637,1
3L5X,3L5X_A_HL,"NL92S,EL93S,YL94G",3,-0.24932429,1
4UYP,4UYP_A_D,"SD15I,ID16N",2,-0.2552182,1
4UYP,4UYP_A_D,"ID51S,ND52I,SD15I,ID16N",4,-0.21131277,1
4UYP,4UYP_A_D,"RD14N,KD50N,SD15I,ID16N",4,0.689111,1
4UYP,4UYP_A_D,"ID51S,ID16N",2,1.9741712,1
4UYP,4UYP_A_D,"ND52I,SD15I",2,3.837295,1
4UYP,4UYP_A_D,"AD18F,AD54F,SD15I,ID16N",4,4.6809673,1
4UYP,4UYP_A_D,"LD20Y,LD56Y,SD15I,ID16N",4,0.24021861,1
4UYP,4UYP_A_D,"DD23Q,DD59Q,SD15I,ID16N",4,4.4727807,1
4UYQ,4UYQ_A_B,"SB51I,IB52N",2,-0.043905415,1
4UYQ,4UYQ_A_B,"IB15S,NB16I,SB51I,IB52N",4,0.21131277,1
4UYQ,4UYQ_A_B,"RB14N,KB50N,SB51I,IB52N",4,0.90042377,1
4UYQ,4UYQ_A_B,"IB15S,IB52N",2,2.185484,1
4UYQ,4UYQ_A_B,"NB16I,SB51I",2,4.048608,1
4UYQ,4UYQ_A_B,"AB18F,AB54F,SB51I,IB52N",4,4.89228,1
4UYQ,4UYQ_A_B,"LB20Y,LB56Y,SB51I,IB52N",4,0.45153138,1
4UYQ,4UYQ_A_B,"DB23Q,DB59Q,SB51I,IB52N",4,4.6840935,1
1CHO,1CHO_EFG_I,"KI10T,PI11E,AI12Y",3,-0.94222957,1
1CHO,1CHO_EFG_I,"KI10T,PI11E,AI12Y,LI15G,RI18M,GI29P,NI33V",7,5.884189,1
1CHO,1CHO_EFG_I,"KI10S,PI11D,AI12Y",3,-1.033277,1
1CHO,1CHO_EFG_I,"KI10S,PI11D,AI12Y,LI15G,EI16I,RI18K",6,7.270104,1
1PPF,1PPF_E_I,"KI13T,PI14E,AI15Y",3,-0.75599116,1
1PPF,1PPF_E_I,"KI13T,PI14E,AI15Y,LI18G,RI21M,GI32P,NI36V",7,1.7693503,1
1PPF,1PPF_E_I,"KI13S,PI14D,AI15Y",3,-0.124976724,1
1PPF,1PPF_E_I,"KI13S,PI14D,AI15Y,LI18G,EI19I,RI21K",6,4.0313025,1
1R0R,1R0R_E_I,"KI8T,PI9E,AI10Y",3,-0.8727519,0
1R0R,1R0R_E_I,"KI8T,PI9E,AI10Y,LI13G,RI16M,GI27P,NI31V",7,2.4168139,0
1R0R,1R0R_E_I,"KI8S,PI9D,AI10Y",3,-1.9298587,0
1R0R,1R0R_E_I,"KI8S,PI9D,AI10Y,LI13G,EI14I,RI16K",6,0.7984835,0
3SGB,3SGB_E_I,"KI7T,PI8E,AI9Y",3,-3.8579,0
3SGB,3SGB_E_I,"KI7T,PI8E,AI9Y,LI12G,RI15M,GI26P,NI30V",7,1.847206,0
3SGB,3SGB_E_I,"KI7S,PI8D,AI9Y",3,-4.1377077,0
3SGB,3SGB_E_I,"KI7S,PI8D,AI9Y,LI12G,EI13I,RI15K",6,0.09561484,0
4JPK,4JPK_HL_A,VA30N,1,0.5948611,3
4JPK,4JPK_HL_A,SA41G,1,2.1526585,3
4JPK,4JPK_HL_A,FA63L,1,1.1678094,3
4JPK,4JPK_HL_A,RA81T,1,0.75904274,3
4JPK,4JPK_HL_A,RA130K,1,0.23016907,3
4JPK,4JPK_HL_A,FA144I,1,1.3881388,3
4JPK,4JPK_HL_A,TA35S,1,-0.03210773,3
4JPK,4JPK_HL_A,DA141R,1,3.8590503,3
4JPK,4JPK_HL_A,"DA159N,DA33N",2,0.6192453,3
2VN5,2VN5_A_B,"SB42A,TB43F",2,0.25581035,1
2VN5,2VN5_A_B,"SB42A,TB43F,TA35A",3,0.30382338,1
2VN5,2VN5_A_B,"SB42A,TB43F,NA37A",3,1.1865809,1
2VN5,2VN5_A_B,"SB42A,TB43F,YA39A",3,1.2559173,1
2VN5,2VN5_A_B,"SB42A,TB43F,SA66A",3,-0.08797912,1
2VN5,2VN5_A_B,"SB42A,TB43F,SA75A",3,0.0,1
2VN5,2VN5_A_B,"SB42A,TB43F,LA77A",3,3.1507308,1
2VN5,2VN5_A_B,"SB42A,TB43F,LA79A",3,2.8461518,1
2VN5,2VN5_A_B,"SB42A,TB43F,NA81A",3,0.59282637,1
2VN5,2VN5_A_B,"SB42A,TB43F,IA83A",3,0.9193722,1
2VN5,2VN5_A_B,"SB42A,TB43F,MA125G",3,1.5463411,1
2VN5,2VN5_A_B,"SB42A,TB43F,KA127G",3,0.5062001,1
2VN5,2VN5_A_B,"SB42A,TB43F,TA35A,NA37A",4,1.6314118,1
2VN5,2VN5_A_B,"SB42A,TB43F,TA35A,NA37A,YA39A",5,3.6477144,1
2VN5,2VN5_A_B,"SB42A,TB43F,TA35A,NA37A,NA81A",5,3.0598876,1
2VN5,2VN5_A_B,"SB42A,TB43F,TA35A,NA37A,YA39A,NA81A",6,5.046028,1
2VN5,2VN5_A_B,"SB42A,TB43F,SA66A,SA68A,SA75A",5,0.1369226,1
2VN5,2VN5_A_B,"SB42A,TB43F,LA77A,LA79A",4,5.73883,1
2VN5,2VN5_A_B,"SB42A,TB43F,MA125G,KA127A",4,2.3420603,1
2VN5,2VN5_A_B,"SB42A,TB43F,AB14S,LB15T",4,0.34823537,1
2VN5,2VN5_A_B,"SB42A,TB43F,AB14Q,LB15Q",4,0.15086329,1
2VN5,2VN5_A_B,"AB14S,LB15T",2,1.276192,1
2VN5,2VN5_A_B,"SB42Q,TB43Q",2,0.93912244,1
2VN5,2VN5_A_B,"SB42A,TB43F,FB17A,LB45A",4,4.963522,1
4FZA,4FZA_A_B,FA168E,1,0.54285824,4
4FZA,4FZA_A_B,YA213A,1,1.2707835,4
4FZA,4FZA_A_B,RA217A,1,1.0278971,4
4FZA,4FZA_A_B,EB122A,1,0.42541236,4
1BJ1,1BJ1_HL_VW,YH27A,1,2.2435327,2
1BJ1,1BJ1_HL_VW,YH54A,1,1.328254,2
1BJ1,1BJ1_HL_VW,TH59A,1,0.8510479,2
1BJ1,1BJ1_HL_VW,YH99A,1,4.4407487,2
1BJ1,1BJ1_HL_VW,HH107A,1,0.7900062,2
1BJ1,1BJ1_HL_VW,"ML4L,TH28D,NH31H,HH101Y,SH105T",5,-1.7956175,2
1BJ1,1BJ1_HL_VW,"ML4L,TH28D,NH31H,HH101Y,SH105T",5,-1.4631426,2
1CZ8,1CZ8_HL_VW,"LL4M,DH28T,HH31N,YH101H,TH105S",5,1.7956175,2
1CZ8,1CZ8_HL_VW,"LL4M,DH28T,HH31N,YH101H,TH105S",5,2.8273137,2
1BJ1,1BJ1_HL_VW,"HH101Y,YH103R,SH105T",3,-1.1736482,2
1BJ1,1BJ1_HL_VW,"HH101Y,SH105T",2,-1.344086,2
1BJ1,1BJ1_HL_VW,"HH101Y,YH103I,GH104A,SH105K",4,-0.43144634,2
1BJ1,1BJ1_HL_VW,"HH101Y,YH103W,SH105T",3,-1.0414464,2
1BJ1,1BJ1_HL_VW,"HH101Y,YH103R,GH104N,SH105T",4,-0.76299185,2
1BJ1,1BJ1_HL_VW,YH54W,1,-0.13733132,2
1BJ1,1BJ1_HL_VW,"TH28D,NH31H",2,-0.693211,2
1BJ1,1BJ1_HL_VW,"LH72V,TH74V",2,0.67096007,2
1BJ1,1BJ1_HL_VW,"LH72I,TH74K",2,0.07655175,2
1BJ1,1BJ1_HL_VW,"TH28D,NH31H,YH54W,HH101Y,SH105T",5,-1.2040371,2
1BJ1,1BJ1_HL_VW,"TH28D,NH31H,HH101Y,SH105T",4,-1.7547425,2
1BJ1,1BJ1_HL_VW,TH28D,1,-0.22013357,2
1BJ1,1BJ1_HL_VW,NH31H,1,-0.76299185,2
1BJ1,1BJ1_HL_VW,HH101Y,1,-1.5843047,2
1BJ1,1BJ1_HL_VW,SH105T,1,-0.3905714,2
1BJ1,1BJ1_HL_VW,"HH101Y,YH103R,GH104D,SH105N",4,-0.9958507,2
1CZ8,1CZ8_HL_VW,"LL4M,DH28T,HH31N,YH103R",4,0.6219692,2
1CZ8,1CZ8_HL_VW,"LL4M,DH28T,HH31N",3,0.45153138,2
1CZ8,1CZ8_HL_VW,"LL4M,DH28T,HH31N,TH105K,YH103I,GH104A",6,1.3641711,2
1CZ8,1CZ8_HL_VW,"LL4M,DH28T,HH31N,YH103W",4,0.754171,2
1CZ8,1CZ8_HL_VW,"LL4M,DH28T,HH31N,YH103R,GH104N",5,1.0326257,2
1CZ8,1CZ8_HL_VW,"LL4M,DH28T,HH31N,YH101H,TH105S,YH54W",6,1.6582861,2
1CZ8,1CZ8_HL_VW,"LL4M,YH101H,TH105S",3,1.1024064,2
1CZ8,1CZ8_HL_VW,"LL4M,DH28T,HH31N,YH101H,TH105S,LH72V,TH74V",7,2.4665775,2
1CZ8,1CZ8_HL_VW,"LL4M,DH28T,HH31N,YH101H,TH105S,LH72I,TH74K",7,1.8721693,2
1CZ8,1CZ8_HL_VW,"LL4M,YH54W",2,0.5915804,2
1CZ8,1CZ8_HL_VW,LL4M,1,0.04087496,2
1CZ8,1CZ8_HL_VW,"LL4M,HH31N,YH101H,TH105S",4,1.5754839,2
1CZ8,1CZ8_HL_VW,"LL4M,DH28T,YH101H,TH105S",4,1.0326257,2
1CZ8,1CZ8_HL_VW,"LL4M,DH28T,HH31N,TH105S",4,0.21131277,2
1CZ8,1CZ8_HL_VW,"LL4M,DH28T,HH31N,YH101H",4,1.4050461,2
1CZ8,1CZ8_HL_VW,"LL4M,DH28T,HH31N,TH105N,YH103R,GH104D",6,0.7997668,2
1MHP,1MHP_HL_A,SL27Q,1,-0.5400962,0
1MHP,1MHP_HL_A,"TH50V,SL27Q,NL51Y",3,-1.023988,0
1MHP,1MHP_HL_A,LL48K,1,0.9249573,0
1MHP,1MHP_HL_A,TH50V,1,-0.26331562,0
1MHP,1MHP_HL_A,LH60D,1,-0.122694746,0
1MHP,1MHP_HL_A,KH64E,1,-0.15529884,0
1MHP,1MHP_HL_A,KH64Q,1,-0.15529884,0
1MHP,1MHP_HL_A,KH64D,1,-0.122694746,0
1MHP,1MHP_HL_A,KH64N,1,-0.07257538,0
1MHP,1MHP_HL_A,SL27Q,1,-0.66641104,0
1MHP,1MHP_HL_A,NL51Y,1,-0.10329601,0
1MHP,1MHP_HL_A,GH100M,1,0.10217976,0
1MHP,1MHP_HL_A,SL23R,1,-0.06708605,0
1MHP,1MHP_HL_A,NL51E,1,-0.17744917,0
1MHP,1MHP_HL_A,FH99W,1,0.0,0
1MHP,1MHP_HL_A,GH100F,1,0.5740829,0
1MHP,1MHP_HL_A,GH54Y,1,0.0,0
1MHP,1MHP_HL_A,FH99W,1,0.0,0
1MHP,1MHP_HL_A,"TH50V,KH64E",2,-0.36120108,0
1MHP,1MHP_HL_A,"LH60D,KH64Q",2,0.043008592,0
1MHP,1MHP_HL_A,"LH60D,KH64E",2,-0.14186399,0
1MHP,1MHP_HL_A,"TH50V,SL27Q,NL51Y",3,-1.2007446,0
1MHP,1MHP_HL_A,"KH64E,SL27Q,NL51Y",3,-0.9535147,0
1MHP,1MHP_HL_A,"TH50V,KH64E,SL27Q,NL51E",4,-1.2678864,0
1MHP,1MHP_HL_A,"TH50V,KH64E,SL27Q,NL51Y",4,-1.043681,0
1MHP,1MHP_HL_A,NL29V,1,1.0497993,0
1MHP,1MHP_HL_A,HL30R,1,1.124301,0
1MHP,1MHP_HL_A,HL30K,1,1.164688,0
1MHP,1MHP_HL_A,LL48K,1,0.79821587,0
1MHP,1MHP_HL_A,NL51R,1,0.8452191,0
1MHP,1MHP_HL_A,NL51K,1,0.65780437,0
1MHP,1MHP_HL_A,RH31Q,1,1.3079134,0
1MHP,1MHP_HL_A,SH35Q,1,2.7283423,0
1MHP,1MHP_HL_A,TH50V,1,0.0,0
1MHP,1MHP_HL_A,YH59E,1,0.5442506,0
1MHP,1MHP_HL_A,LH60D,1,0.0,0
1MHP,1MHP_HL_A,KH64E,1,0.0,0
1MHP,1MHP_HL_A,KH64Q,1,0.0,0
1MHP,1MHP_HL_A,KH64D,1,-0.22034271,0
1MHP,1MHP_HL_A,KH64N,1,0.0,0
1MHP,1MHP_HL_A,SL27Q,1,-0.85723,0
1MHP,1MHP_HL_A,NL29Y,1,1.9084218,0
1MHP,1MHP_HL_A,NL29W,1,1.5733892,0
1MHP,1MHP_HL_A,NL51Y,1,0.0,0
1MHP,1MHP_HL_A,SL90T,1,2.3176858,0
1MHP,1MHP_HL_A,SL90R,1,2.7283423,0
1MHP,1MHP_HL_A,GL91Q,1,1.5733892,0
1MHP,1MHP_HL_A,GL91S,1,0.51283616,0
1MHP,1MHP_HL_A,"SL90R,NL29E",2,2.7283423,0
1MHP,1MHP_HL_A,SH52M,1,2.0767698,0
1MHP,1MHP_HL_A,GH53S,1,0.6758959,0
1MHP,1MHP_HL_A,GH53A,1,0.51283616,0
1MHP,1MHP_HL_A,GH54I,1,1.3641711,0
1MHP,1MHP_HL_A,GH54T,1,1.164688,0
1MHP,1MHP_HL_A,YH58Q,1,2.0767698,0
1MHP,1MHP_HL_A,YH58E,1,2.0767698,0
1MHP,1MHP_HL_A,YH58W,1,0.82131284,0
1MHP,1MHP_HL_A,GH100M,1,0.10217976,0
1MHP,1MHP_HL_A,SL23R,1,-0.36377135,0
1MHP,1MHP_HL_A,LL48F,1,0.7125987,0
1MHP,1MHP_HL_A,LL48W,1,1.9084218,0
1MHP,1MHP_HL_A,NL51D,1,0.50098675,0
1MHP,1MHP_HL_A,NL51E,1,0.0,0
1MHP,1MHP_HL_A,WL89Q,1,2.0767698,0
1MHP,1MHP_HL_A,SL90Q,1,1.7748275,0
1MHP,1MHP_HL_A,"WL89Q,FL32Y",2,0.87140906,0
1MHP,1MHP_HL_A,TH33V,1,0.43456262,0
1MHP,1MHP_HL_A,TH33N,1,2.7283423,0
1MHP,1MHP_HL_A,SH35A,1,1.5733892,0
1MHP,1MHP_HL_A,FH99W,1,0.0,0
1MHP,1MHP_HL_A,FH99Y,1,0.75500685,0
1MHP,1MHP_HL_A,GH100L,1,2.7283423,0
1MHP,1MHP_HL_A,GH100F,1,0.20430143,0
1MHP,1MHP_HL_A,GH100S,1,0.5579972,0
1MHP,1MHP_HL_A,"TH50V,SH35V",2,2.7283423,0
1MHP,1MHP_HL_A,"TH50V,SH35A",2,2.0767698,0
1MHP,1MHP_HL_A,"SH35A,GH102S",2,1.5733892,0
1MHP,1MHP_HL_A,"SH35V,GH102S",2,1.4263133,0
1MHP,1MHP_HL_A,"TH50V,GH102S",2,1.6682031,0
1MHP,1MHP_HL_A,HL30W,1,1.2558755,0
1MHP,1MHP_HL_A,"NL29Y,SL90I",2,0.43456262,0
1MHP,1MHP_HL_A,GH53N,1,1.2558755,0
1MHP,1MHP_HL_A,GH54Y,1,0.0,0
1MHP,1MHP_HL_A,FH99W,1,0.0,0
1MHP,1MHP_HL_A,FH99Y,1,0.75500685,0
1MHP,1MHP_HL_A,"TH33E,GH53Q",2,1.6682031,0
1MHP,1MHP_HL_A,"TH33I,SH52T,GH53N,GH54N",4,1.9084218,0
1MHP,1MHP_HL_A,"TH33I,SH52T,GH53Q,GH54F",4,1.2558755,0
1MHP,1MHP_HL_A,"TH50V,SL27Q",2,-0.6949949,0
1MHP,1MHP_HL_A,"TH50V,KH64E",2,0.0,0
1MHP,1MHP_HL_A,"KH64E,SL27Q",2,-0.85723,0
1MHP,1MHP_HL_A,"TH50V,SL27Q,NL51Y",3,-0.9535147,0
1MHP,1MHP_HL_A,"KH64E,SL27Q,NL51Y",3,-1.0857165,0
1MHP,1MHP_HL_A,"TH50V,KH64E,SL27Q,NL51Y",4,-1.1262804,0
2B2X,2B2X_HL_A,"VH50T,EH64K,QL28S,YL52N",4,1.043681,0
2B2X,2B2X_HL_A,"VH50T,EH64K,QL28S,YL52N,LL49K",5,1.9686383,0
2B2X,2B2X_HL_A,"EH64K,QL28S,YL52N",3,0.7803654,0
2B2X,2B2X_HL_A,"VH50T,EH64K,QL28S,YL52N,LH60D",5,0.9209863,0
2B2X,2B2X_HL_A,"VH50T,QL28S,YL52N",3,0.8883822,0
2B2X,2B2X_HL_A,"VH50T,EH64Q,QL28S,YL52N",4,0.8883822,0
2B2X,2B2X_HL_A,"VH50T,EH64D,QL28S,YL52N",4,0.9209863,0
2B2X,2B2X_HL_A,"VH50T,EH64N,QL28S,YL52N",4,0.97110564,0
2B2X,2B2X_HL_A,"VH50T,EH64K,YL52N",3,0.37727,0
2B2X,2B2X_HL_A,"VH50T,EH64K,QL28S",3,0.94038504,0
2B2X,2B2X_HL_A,"VH50T,EH64K,QL28S,YL52N,GH100M",5,1.1458608,0
2B2X,2B2X_HL_A,"VH50T,EH64K,QL28S,YL52N,SL24R",5,0.976595,0
2B2X,2B2X_HL_A,"VH50T,EH64K,QL28S,YL52E",4,0.86623186,0
2B2X,2B2X_HL_A,"VH50T,EH64K,QL28S,YL52N,FH99W",5,1.043681,0
2B2X,2B2X_HL_A,"VH50T,EH64K,QL28S,YL52N,GH100F",5,1.6177639,0
2B2X,2B2X_HL_A,"VH50T,EH64K,QL28S,YL52N,GH54Y",5,1.043681,0
2B2X,2B2X_HL_A,"VH50T,EH64K,QL28S,YL52N,FH99W",5,1.043681,0
2B2X,2B2X_HL_A,"QL28S,YL52N",2,0.68248,0
2B2X,2B2X_HL_A,"VH50T,EH64Q,QL28S,YL52N,LH60D",5,1.0866896,0
2B2X,2B2X_HL_A,"VH50T,QL28S,YL52N,LH60D",4,0.901817,0
2B2X,2B2X_HL_A,EH64K,1,-0.15706362,0
2B2X,2B2X_HL_A,VH50T,1,0.090166345,0
2B2X,2B2X_HL_A,YL52E,1,-0.22420542,0
2B2X,2B2X_HL_A,"VH50T,EH64K,QL28S,YL52N,NL30V",5,2.0934803,0
2B2X,2B2X_HL_A,"VH50T,EH64K,QL28S,YL52N,HL31R",5,2.1679819,0
2B2X,2B2X_HL_A,"VH50T,EH64K,QL28S,YL52N,HL31K",5,2.208369,0
2B2X,2B2X_HL_A,"VH50T,EH64K,QL28S,YL52N,LL49K",5,1.8418969,0
2B2X,2B2X_HL_A,"VH50T,EH64K,QL28S,YL52R",4,1.8889,0
2B2X,2B2X_HL_A,"VH50T,EH64K,QL28S,YL52K",4,1.7014854,0
2B2X,2B2X_HL_A,"VH50T,EH64K,QL28S,YL52N,RH31Q",5,2.3515944,0
2B2X,2B2X_HL_A,"VH50T,EH64K,QL28S,YL52N,SH35Q",5,3.7720232,0
2B2X,2B2X_HL_A,"EH64K,QL28S,YL52N",3,1.043681,0
2B2X,2B2X_HL_A,"VH50T,EH64K,QL28S,YL52N,YH59E",5,1.5879316,0
2B2X,2B2X_HL_A,"VH50T,EH64K,QL28S,YL52N,LH60D",5,1.043681,0
2B2X,2B2X_HL_A,"VH50T,QL28S,YL52N",3,1.043681,0
2B2X,2B2X_HL_A,"VH50T,EH64Q,QL28S,YL52N",4,1.043681,0
2B2X,2B2X_HL_A,"VH50T,EH64D,QL28S,YL52N",4,0.8233383,0
2B2X,2B2X_HL_A,"VH50T,EH64N,QL28S,YL52N",4,1.043681,0
2B2X,2B2X_HL_A,"VH50T,EH64K,YL52N",3,0.186451,0
2B2X,2B2X_HL_A,"VH50T,EH64K,QL28S,YL52N,NL30Y",5,2.9521027,0
2B2X,2B2X_HL_A,"VH50T,EH64K,QL28S,YL52N,NL30W",5,2.6170702,0
2B2X,2B2X_HL_A,"VH50T,EH64K,QL28S",3,1.043681,0
2B2X,2B2X_HL_A,"VH50T,EH64K,QL28S,YL52N,SL91T",5,3.3613667,0
2B2X,2B2X_HL_A,"VH50T,EH64K,QL28S,YL52N,SL91R",5,3.7720232,0
2B2X,2B2X_HL_A,"VH50T,EH64K,QL28S,YL52N,GL92Q",5,2.6170702,0
2B2X,2B2X_HL_A,"VH50T,EH64K,QL28S,YL52N,GL92S",5,1.5565172,0
2B2X,2B2X_HL_A,"VH50T,EH64K,QL28S,YL52N,SL91R,NL30E",6,3.7720232,0
2B2X,2B2X_HL_A,"VH50T,EH64K,QL28S,YL52N,SH52M",5,3.1204507,0
2B2X,2B2X_HL_A,"VH50T,EH64K,QL28S,YL52N,GH53S",5,1.719577,0
2B2X,2B2X_HL_A,"VH50T,EH64K,QL28S,YL52N,GH53A",5,1.5565172,0
2B2X,2B2X_HL_A,"VH50T,EH64K,QL28S,YL52N,GH54I",5,2.4078522,0
2B2X,2B2X_HL_A,"VH50T,EH64K,QL28S,YL52N,GH54T",5,2.208369,0
2B2X,2B2X_HL_A,"VH50T,EH64K,QL28S,YL52N,YH58Q",5,3.1204507,0
2B2X,2B2X_HL_A,"VH50T,EH64K,QL28S,YL52N,YH58E",5,3.1204507,0
2B2X,2B2X_HL_A,"VH50T,EH64K,QL28S,YL52N,YH58W",5,1.8649939,0
2B2X,2B2X_HL_A,"VH50T,EH64K,QL28S,YL52N,GH100M",5,1.1458608,0
2B2X,2B2X_HL_A,"VH50T,EH64K,QL28S,YL52N,SL24R",5,0.67990965,0
2B2X,2B2X_HL_A,"VH50T,EH64K,QL28S,YL52N,LL49F",5,1.7562797,0
2B2X,2B2X_HL_A,"VH50T,EH64K,QL28S,YL52N,LL49W",5,2.9521027,0
2B2X,2B2X_HL_A,"VH50T,EH64K,QL28S,YL52D",4,1.5446677,0
2B2X,2B2X_HL_A,"VH50T,EH64K,QL28S,YL52E",4,1.043681,0
2B2X,2B2X_HL_A,"VH50T,EH64K,QL28S,YL52N,WL90Q",5,3.1204507,0
2B2X,2B2X_HL_A,"VH50T,EH64K,QL28S,YL52N,SL91Q",5,2.8185086,0
2B2X,2B2X_HL_A,"VH50T,EH64K,QL28S,YL52N,WL90Q,FL33Y",6,1.9150901,0
2B2X,2B2X_HL_A,"VH50T,EH64K,QL28S,YL52N,TH33V",5,1.4782437,0
2B2X,2B2X_HL_A,"VH50T,EH64K,QL28S,YL52N,TH33N",5,3.7720232,0
2B2X,2B2X_HL_A,"VH50T,EH64K,QL28S,YL52N,SH35A",5,2.6170702,0
2B2X,2B2X_HL_A,"VH50T,EH64K,QL28S,YL52N,FH99W",5,1.043681,0
2B2X,2B2X_HL_A,"VH50T,EH64K,QL28S,YL52N,FH99Y",5,1.7986879,0
2B2X,2B2X_HL_A,"VH50T,EH64K,QL28S,YL52N,GH100L",5,3.7720232,0
2B2X,2B2X_HL_A,"VH50T,EH64K,QL28S,YL52N,GH100F",5,1.2479825,0
2B2X,2B2X_HL_A,"VH50T,EH64K,QL28S,YL52N,GH100S",5,1.6016783,0
2B2X,2B2X_HL_A,"EH64K,QL28S,YL52N,SH35V",4,3.7720232,0
2B2X,2B2X_HL_A,"EH64K,QL28S,YL52N,SH35A",4,3.1204507,0
2B2X,2B2X_HL_A,"VH50T,EH64K,QL28S,YL52N,SH35A,GH102S",6,2.6170702,0
2B2X,2B2X_HL_A,"VH50T,EH64K,QL28S,YL52N,SH35V,GH102S",6,2.4699943,0
2B2X,2B2X_HL_A,"EH64K,QL28S,YL52N,GH102S",4,2.7118843,0
2B2X,2B2X_HL_A,"VH50T,EH64K,QL28S,YL52N,HL31W",5,2.2995565,0
2B2X,2B2X_HL_A,"VH50T,EH64K,QL28S,YL52N,NL30Y,SL91I",6,1.4782437,0
2B2X,2B2X_HL_A,"VH50T,EH64K,QL28S,YL52N,GH53N",5,2.2995565,0
2B2X,2B2X_HL_A,"VH50T,EH64K,QL28S,YL52N,GH54Y",5,1.043681,0
2B2X,2B2X_HL_A,"VH50T,EH64K,QL28S,YL52N,FH99W",5,1.043681,0
2B2X,2B2X_HL_A,"VH50T,EH64K,QL28S,YL52N,FH99Y",5,1.7986879,0
2B2X,2B2X_HL_A,"VH50T,EH64K,QL28S,YL52N,TH33E,GH53Q",6,2.7118843,0
2B2X,2B2X_HL_A,"VH50T,EH64K,QL28S,YL52N,TH33I,SH52T,GH53N,GH54N",8,2.9521027,0
2B2X,2B2X_HL_A,"VH50T,EH64K,QL28S,YL52N,TH33I,SH52T,GH53Q,GH54F",8,2.2995565,0
2B2X,2B2X_HL_A,"EH64K,YL52N",2,0.34868607,0
2B2X,2B2X_HL_A,"QL28S,YL52N",2,1.043681,0
2B2X,2B2X_HL_A,"VH50T,YL52N",2,0.186451,0
2B2X,2B2X_HL_A,EH64K,1,0.090166345,0
2B2X,2B2X_HL_A,VH50T,1,-0.042035498,0
1MLC,1MLC_AB_E,NA32G,1,-0.87777954,3
1MLC,1MLC_AB_E,NA92A,1,-1.2539145,3
1MLC,1MLC_AB_E,TB28D,1,-0.15101142,3
1MLC,1MLC_AB_E,TB31A,1,0.44720688,3
1MLC,1MLC_AB_E,TB31V,1,0.5264761,3
1MLC,1MLC_AB_E,SB57A,1,-0.3791914,3
1MLC,1MLC_AB_E,SB57V,1,-0.49440196,3
1MLC,1MLC_AB_E,TB58D,1,-0.559933,3
1MLC,1MLC_AB_E,KB65D,1,0.01855706,3
1MLC,1MLC_AB_E,NA32Y,1,0.0,3
1MLC,1MLC_AB_E,TB31W,1,0.13220184,3
1MLC,1MLC_AB_E,"NA32G,NA92A",2,-0.6869605,3
1MLC,1MLC_AB_E,"SB57V,TB58D",2,-0.98817086,3
1MLC,1MLC_AB_E,"NA32G,NA92A,SB57V,TB58D",4,-1.7357506,3
1MLC,1MLC_AB_E,"NA92A,SB57V,TB58D",3,-2.3952599,3
1MLC,1MLC_AB_E,"NA92A,TB28D,SB57V,TB58D",4,-2.7405863,3
1MLC,1MLC_AB_E,"NA92A,TB28D,SB57V,TB58D",4,-2.5825202,3
1MLC,1MLC_AB_E,"NA92A,TB28D,SB57V,TB58D",4,-1.6668108,3
1MLC,1MLC_AB_E,"NA92A,TB28D,SB57V,TB58D,NA32L",5,-2.5854652,3
1MLC,1MLC_AB_E,"NA92A,TB28D,SB57V,TB58D,SB30G",5,-2.3595233,3
1MLC,1MLC_AB_E,"NA92A,TB28D,SB57V,TB58D,YB59E",5,-1.4668263,3
1MLC,1MLC_AB_E,"NA92A,TB28D,SB57V,TB58D,SA91N",5,1.8505627,3
1MLC,1MLC_AB_E,"NA92A,TB28D,SB57V,TB58D,SA91N,SA93A",6,-1.6111606,3
1MLC,1MLC_AB_E,"NA92A,TB28D,SB57V,TB58D,RB98M,DB100Q",6,-0.41065642,3
1MLC,1MLC_AB_E,"NA92A,TB28D,SB57V,TB58D,YB32R,RB98S",6,1.8505627,3
1MLC,1MLC_AB_E,"NA92A,TB28D,SB57V,TB58D,EB35S,GB99D",6,-2.9552467,3
1MLC,1MLC_AB_E,"NA92A,TB28D,SB57V,TB58D,YB32W,RB98V,DB100Q",7,0.36154947,3
1MLC,1MLC_AB_E,"NA92A,TB28D,SB57V,TB58D,EB35S",5,1.9070294,3
1MLC,1MLC_AB_E,"NA92A,TB28D,SB57V,TB58D,GB99D",5,-0.20366813,3
1YY9,1YY9_CD_A,SC26D,1,-0.19934364,1
1YY9,1YY9_CD_A,TC31E,1,-0.519157,1
1YY9,1YY9_CD_A,NC93A,1,-0.7422019,1
1YY9,1YY9_CD_A,ND56A,1,-0.057071555,1
1YY9,1YY9_CD_A,TD61E,1,-0.057071555,1
1YY9,1YY9_CD_A,"TC31E,NC93A",2,-0.8188996,1
1YY9,1YY9_CD_A,"SC26D,TC31E,NC93A",3,-1.3335406,1
1YY9,1YY9_CD_A,"SC26D,TC31E,NC93A,ND56A,TD61E",5,-0.65208536,1
1N8Z,1N8Z_AB_C,NA30S,1,0.06411135,1
1N8Z,1N8Z_AB_C,HA91F,1,0.03292247,1
1N8Z,1N8Z_AB_C,"NA30S,HA91F,YA92W",3,-0.07190048,1
1N8Z,1N8Z_AB_C,TA94S,1,0.30937213,1
1N8Z,1N8Z_AB_C,DB102W,1,-0.6857352,1
1N8Z,1N8Z_AB_C,YB105F,1,0.82131284,1
1N8Z,1N8Z_AB_C,YB109V,1,0.22304489,1
1N8Z,1N8Z_AB_C,"NA30S,HA91F,YA92W,TA94S,DB102W,YB105F,YB109V",7,0.048722126,1
3BDY,3BDY_HL_V,"DL28N,PL30A,RL31K,SL32T,YL57F,TL97S,TL98S",7,-0.97359973,2
3BDY,3BDY_HL_V,"DL28N,PL30A,RL31K,SL32T,YL57F,TL97S,TL98S,KH31S,DH32G,TH55S,NH56E,GH101V,DH103V",13,-2.7283423,2
3BE1,3BE1_HL_A,"DL28N,PL30A,RL31K,SL32T,YL57F,TL97S,TL98S",7,-0.8687343,0
3BE1,3BE1_HL_A,"DL28N,PL30A,RL31K,SL32T,YL57F,TL97S,TL98S,KH30S,DH31G,TH54S,NH55E,GH100V,DH102V",13,-2.8837805,0
3BDY,3BDY_HL_V,"DL28N,PL30A,RL31K,SL32T,TL97S,TL98S",6,-0.9535147,2
3BDY,3BDY_HL_V,"DL28N,PL30A,RL31K,SL32T,TL97S,TL98S,KH31S,DH32G,TH55S,NH56E,GH101V,DH103V",12,-2.6718755,2
3BDY,3BDY_HL_V,"DL28N,PL30A,RL31K,SL32T,TL97S,TL98S,KH31S,DH32G,TH55S,NH56E,GH101V,DH103V,RH51A,RH60A",14,-2.7283423,2
3BE1,3BE1_HL_A,"DL28N,PL30A,RL31K,SL32T,TL97S,TL98S",6,-0.6750601,0
3BE1,3BE1_HL_A,"DL28N,PL30A,RL31K,SL32T,TL97S,TL98S,KH30S,DH31G,TH54S,NH55E,GH100V,DH102V",12,-2.7283423,0
3BE1,3BE1_HL_A,"DL28N,PL30A,RL31K,SL32T,TL97S,TL98S,KH30S,DH31G,TH54S,NH55E,GH100V,DH102V,YL36A",13,-3.1389987,0
3BE1,3BE1_HL_A,"DL28N,PL30A,RL31K,SL32T,TL97S,TL98S,KH30S,DH31G,TH54S,NH55E,GH100V,DH102V,YL36A,IL33A",14,-2.7283423,0
1N8Z,1N8Z_AB_C,RB50A,1,2.9276857,1
1N8Z,1N8Z_AB_C,RB59A,1,1.7748275,1
2NY7,2NY7_HL_G,"WG13M,SG92T,WG181S,MG231A,CG14W,CG110V,CG27I,CG226Q",8,-0.30372572,2
2NY7,2NY7_HL_G,"WG13M,MG231A,CG14W,CG110V,CG27I,CG226Q",6,0.44924834,2
2NY7,2NY7_HL_G,"KG66C,EG103C,WG13M,MG231A,CG14W,CG110V,CG27I,CG226Q",8,0.30002972,2
2NY7,2NY7_HL_G,"WG13M,MG231A,CG14W,CG110V",4,1.1579517,2
2NY7,2NY7_HL_G,"KG66C,EG102C,WG13M,MG231A,CG14W,CG110V,CG27I,CG226Q",8,0.39998132,2
2NY7,2NY7_HL_G,"GG229C,WG13M,MG231A,CG14W,CG110V,CG27I,CG226Q",7,0.21472095,2
2NY7,2NY7_HL_G,"CG27I,CG226Q,MG231A",3,0.2032833,2
2NY7,2NY7_HL_G,"CG27I,CG226Q",2,0.1998085,2
2NY7,2NY7_HL_G,"WG13M,MG231A,CG14W,CG110V,KG66C,EG102C",6,0.55126196,2
2NY7,2NY7_HL_G,"KG66C,EG102C,CG27I,CG226Q",4,0.04087496,2
2NY7,2NY7_HL_G,"GG229C,MG231A",2,-0.37896696,2
3IDX,3IDX_HL_G,"WG13M,SG111T,WG200S,MG247A,CG14W,CG129V,CG27I,CG242Q",8,-1.8647987,1
3IDX,3IDX_HL_G,"WG13M,MG247A,CG14W,CG129V,CG27I,CG242Q",6,-2.3490398,1
3IDX,3IDX_HL_G,"KG85C,EG122C,WG13M,MG247A,CG14W,CG129V,CG27I,CG242Q",8,-2.293745,1
3IDX,3IDX_HL_G,"WG13M,MG247A,CG14W,CG129V",4,-0.647829,1
3IDX,3IDX_HL_G,"KG85C,EG121C,WG13M,MG247A,CG14W,CG129V,CG27I,CG242Q",8,-2.1932714,1
3IDX,3IDX_HL_G,"TG41C,GG245C,WG13M,MG247A,CG14W,CG129V,CG27I,CG242Q",8,-2.3321114,1
3IDX,3IDX_HL_G,"CG27I,CG242Q,MG247A",3,-2.1745908,1
3IDX,3IDX_HL_G,"CG27I,CG242Q",2,-2.4661415,1
3IDX,3IDX_HL_G,"WG13M,MG247A,CG14W,CG129V,KG85C,EG121C",6,-0.36182716,1
3IDX,3IDX_HL_G,"KG85C,EG121C,CG27I,CG242Q",4,-2.378751,1
3IDX,3IDX_HL_G,"TG41C,GG245C,MG247A",3,0.4096376,1
2NYY,2NYY_DC_A,SA874A,1,-0.2319818,3
2NYY,2NYY_DC_A,KA875A,1,0.29308376,3
2NYY,2NYY_DC_A,QA887A,1,0.52456826,3
2NYY,2NYY_DC_A,FA889A,1,0.42238852,3
2NYY,2NYY_DC_A,NA890A,1,0.89685833,3
2NYY,2NYY_DC_A,LA891A,1,2.6078725,3
2NYY,2NYY_DC_A,EA892A,1,2.8595953,3
2NYY,2NYY_DC_A,KA895A,1,-0.14115594,3
2NYY,2NYY_DC_A,FA925A,1,4.0877547,3
2NYY,2NYY_DC_A,NA926A,1,0.10006427,3
2NYY,2NYY_DC_A,SA927A,1,0.0,3
2NYY,2NYY_DC_A,IA928A,1,-0.009555885,3
2NYY,2NYY_DC_A,KA1028A,1,-0.029142858,3
2NYY,2NYY_DC_A,DA1030A,1,0.009404197,3
2NYY,2NYY_DC_A,RA1033A,1,0.8260336,3
2NYY,2NYY_DC_A,DA1034A,1,2.5480273,3
2NYY,2NYY_DC_A,TA1035A,1,1.6426257,3
2NYY,2NYY_DC_A,HA1036A,1,7.3721843,3
2NYY,2NYY_DC_A,RA1266A,1,0.30169097,3
2NZ9,2NZ9_DC_A,SA874A,1,-0.12034162,2
2NZ9,2NZ9_DC_A,KA875A,1,0.5445982,2
2NZ9,2NZ9_DC_A,QA887A,1,0.099975966,2
2NZ9,2NZ9_DC_A,FA889A,1,-0.049968082,2
2NZ9,2NZ9_DC_A,NA890A,1,2.1756003,2
2NZ9,2NZ9_DC_A,LA891A,1,2.2963977,2
2NZ9,2NZ9_DC_A,EA892A,1,2.7903275,2
2NZ9,2NZ9_DC_A,KA895A,1,-0.30191407,2
2NZ9,2NZ9_DC_A,FA925A,1,3.3645155,2
2NZ9,2NZ9_DC_A,NA926A,1,-0.15326409,2
2NZ9,2NZ9_DC_A,SA927A,1,-0.079110935,2
2NZ9,2NZ9_DC_A,IA928A,1,0.0697808,2
2NZ9,2NZ9_DC_A,KA1028A,1,-0.008777227,2
2NZ9,2NZ9_DC_A,DA1030A,1,-0.031306632,2
2NZ9,2NZ9_DC_A,RA1033A,1,0.2929775,2
2NZ9,2NZ9_DC_A,DA1034A,1,2.356466,2
2NZ9,2NZ9_DC_A,TA1035A,1,2.3874667,2
2NZ9,2NZ9_DC_A,HA1036A,1,7.473181,2
2NZ9,2NZ9_DC_A,RA1266A,1,0.39296997,2
2NYY,2NYY_DC_A,MD33Q,1,-0.06030136,3
2NYY,2NYY_DC_A,KD29R,1,0.07190048,3
2NYY,2NYY_DC_A,YD30D,1,0.06509061,3
2NYY,2NYY_DC_A,YD30Q,1,0.12990403,3
2NYY,2NYY_DC_A,YD56Q,1,0.52343184,3
2NYY,2NYY_DC_A,SC28Q,1,0.41636226,3
2NYY,2NYY_DC_A,DC30Y,1,0.6457566,3
2NYY,2NYY_DC_A,SC31N,1,-0.35592967,3
2NYY,2NYY_DC_A,HC34R,1,0.10161182,3
2NYY,2NYY_DC_A,VD36I,1,-0.21470793,3
2NYY,2NYY_DC_A,ED5Q,1,-0.24977449,3
2NYY,2NYY_DC_A,"VD36I,ED5Q",2,-0.0493996,3
2NYY,2NYY_DC_A,"KD29S,YD30D,DD31H,SD60P",4,0.049968082,3
2NZ9,2NZ9_DC_A,"SD29K,DD30Y,HD31D",3,-0.049968082,2
3MZW,3MZW_A_B,NB18T,1,-0.14522329,4
3MZW,3MZW_A_B,NB18G,1,0.072635986,4
3MZW,3MZW_A_B,NB18A,1,0.025214529,4
3MZW,3MZW_A_B,"NB1E,NB18T",2,0.38432088,4
3MZW,3MZW_A_B,"NB1A,NB18T",2,0.34248337,4
3MZW,3MZW_A_B,"NB18T,AB49S",2,0.09499532,4
3MZW,3MZW_A_B,"NB18T,AB37S,AB41S,AB49S",4,-0.11319105,4
3MZW,3MZW_A_B,"NB1A,NB18T,AB37S,AB41S,AB49S",5,0.025214529,4
3MZW,3MZW_A_B,"NB1E,NB18T,AB37S,AB41S,AB49S",5,0.2816657,4
3MZW,3MZW_A_B,"NB1A,NB18T,AB37S,AB41S,AB49S",5,-0.08280224,4
3MZW,3MZW_A_B,"NB18T,SB28A",2,-0.21500409,4
3MZW,3MZW_A_B,"NB18T,SB28K",2,-0.21500409,4
3MZW,3MZW_A_B,"NB18T,DB31A",2,0.7081218,4
3MZW,3MZW_A_B,"NB18T,DB31K",2,1.2189478,4
3MZW,3MZW_A_B,"NB18T,DB32E",2,0.21388307,4
3MZW,3MZW_A_B,"NB18T,EB42A",2,-0.33802044,4
3MZW,3MZW_A_B,"NB18T,LB46T",2,-0.17908691,4
3MZW,3MZW_A_B,"NB18T,LB46Y",2,-0.026335536,4
3MZW,3MZW_A_B,"NB18T,NB38E,AB49S",3,0.13733132,4
3MZW,3MZW_A_B,"NB18T,AB37S,AB41S,LB46T",4,-0.14522329,4
3MZW,3MZW_A_B,"NB18T,AB37S,AB41S,LB46Y",4,-0.053896412,4
3MZW,3MZW_A_B,"NB1A,NB18T,SB28K,AB37S,AB41S,AB49S",6,-0.21500409,4
3MZW,3MZW_A_B,"NB1A,NB18T,SB28K,DB31A,AB37S,AB41S,AB49S",7,0.4480869,4
3MZW,3MZW_A_B,"NB1A,NB18T,SB28K,DB32E,AB37S,AB41S,AB49S",7,-0.67990965,4
3MZW,3MZW_A_B,"NB1A,NB18T,SB28K,AB37S,NB38E,AB41S,AB49S",7,-0.25324005,4
3MZW,3MZW_A_B,"NB1A,NB18T,SB28K,AB37S,NB38E,AB41S,AB49S",7,-0.14522329,4
3MZW,3MZW_A_B,"NB1A,NB18T,SB28K,AB37S,AB41S,EB42A,AB49S",7,-0.3854419,4
3MZW,3MZW_A_B,"NB1A,NB18T,SB28K,AB37S,AB41S,EB42A,AB49S",7,-0.08280224,4
3MZW,3MZW_A_B,"NB1A,NB18T,SB28K,AB37S,NB38E,AB41S,AB49S",7,0.5680728,4
3MZW,3MZW_A_B,"NB1A,NB18T,SB28K,AB37S,NB38E,AB41S,AB49S",7,0.7081218,4
3NGB,3NGB_HL_G,TH33Y,1,0.084231555,2
3NGB,3NGB_HL_G,GH55S,1,0.74337626,2
3NGB,3NGB_HL_G,AH57G,1,-0.056055423,2
3NGB,3NGB_HL_G,VH58T,1,0.13793397,2
3NGB,3NGB_HL_G,PH63K,1,0.23262739,2
3NGB,3NGB_HL_G,VH74T,1,0.1650131,2
3NGB,3NGB_HL_G,YH75S,1,0.33271983,2
3NGB,3NGB_HL_G,IH30T,1,0.073426664,2
3NGB,3NGB_HL_G,KH52N,1,0.17504837,2
3NGB,3NGB_HL_G,RH54N,1,0.046471257,2
3NGB,3NGB_HL_G,RH62Q,1,0.09659315,2
3NGB,3NGB_HL_G,YL26S,1,0.65156037,2
3NGB,3NGB_HL_G,"AH57G,VH58T,PH63K,VH74T",4,1.6741705,2
3NGB,3NGB_HL_G,"TH33Y,GH56S,AH57G,VH58T,PH63K,VH74T,YH75S",7,1.9390616,2
3NGB,3NGB_HL_G,"IH30T,KH52N,RH54N,GH55S,AH57G,VH58T,RH62Q,PH63K,VH74T,YH75S,YL26S",11,0.8625306,2
3NGB,3NGB_HL_G,"CH32S,CH102A",2,0.2591139,2
3S9D,3S9D_A_B,SA18A,1,-0.21131277,4
3S9D,3S9D_A_B,LA19A,1,1.0099814,4
3S9D,3S9D_A_B,FA20A,1,0.5186732,4
3S9D,3S9D_A_B,SA21A,1,0.0,4
3S9D,3S9D_A_B,LA23A,1,3.6818569,4
3S9D,3S9D_A_B,KA24A,1,0.49345866,4
3S9D,3S9D_A_B,DA25A,1,0.38026762,4
3S9D,3S9D_A_B,RA26A,1,3.6818569,4
3S9D,3S9D_A_B,HA27A,1,0.41065642,4
3S9D,3S9D_A_B,DA28A,1,0.24021861,4
3S9D,3S9D_A_B,EA34A,1,0.0,4
3S9D,3S9D_A_B,KA92A,1,0.10801677,4
3S9D,3S9D_A_B,RA96A,1,0.34823537,4
3S9D,3S9D_A_B,LA99A,1,-0.062421046,4
3S9D,3S9D_A_B,KA102A,1,0.27845457,4
3S9D,3S9D_A_B,EA103A,1,-0.13220184,4
3S9D,3S9D_A_B,KA104A,1,0.7751244,4
3S9D,3S9D_A_B,KA105A,1,0.056466706,4
3S9D,3S9D_A_B,TB33A,1,1.5196093,4
3S9D,3S9D_A_B,MB35A,1,3.6818569,4
3S9D,3S9D_A_B,SB36A,1,0.46712312,4
3S9D,3S9D_A_B,KB37A,1,0.31437176,4
3S9D,3S9D_A_B,EB39R,1,0.65087503,4
3S9D,3S9D_A_B,EB39A,1,0.19934364,4
3S9D,3S9D_A_B,KB42A,1,0.38026762,4
3S9D,3S9D_A_B,WB61F,1,0.72502816,4
3S9D,3S9D_A_B,SB63A,1,0.31437176,4
3S9D,3S9D_A_B,HB65A,1,0.63079,4
3S9D,3S9D_A_B,NB85A,1,-0.21131277,4
3S9D,3S9D_A_B,WB87A,1,0.7422019,4
3S9D,3S9D_A_B,DB121R,1,-0.062421046,4
3S9D,3S9D_A_B,LA8A,1,1.2793907,4
3S9D,3S9D_A_B,MA9A,1,0.12424935,4
3S9D,3S9D_A_B,RA15A,1,0.17043781,4
3S9D,3S9D_A_B,RA16A,1,0.35910636,4
3S9D,3S9D_A_B,IA17A,1,-0.13220184,4
3S9D,3S9D_A_B,SA18A,1,-0.08478038,4
3S9D,3S9D_A_B,LA19A,1,1.0241725,4
3S9D,3S9D_A_B,FA20A,1,0.8998063,4
3S9D,3S9D_A_B,LA23A,1,3.75601,4
3S9D,3S9D_A_B,LA23V,1,2.6412787,4
3S9D,3S9D_A_B,KA24A,1,0.65087503,4
3S9D,3S9D_A_B,DA25A,1,0.63079,4
3S9D,3S9D_A_B,RA26K,1,4.6736073,4
3S9D,3S9D_A_B,RA26A,1,5.4179215,4
3S9D,3S9D_A_B,RA26Q,1,6.082001,4
3S9D,3S9D_A_B,HA27A,1,0.5736419,4
3S9D,3S9D_A_B,DA28A,1,0.25324005,4
3S9D,3S9D_A_B,QA33A,1,0.019426396,4
3S9D,3S9D_A_B,RA96A,1,0.0,4
3S9D,3S9D_A_B,KA102A,1,0.43008283,4
3S9D,3S9D_A_B,EA103A,1,-0.21131277,4
3S9D,3S9D_A_B,KA104A,1,1.2793907,4
3S9D,3S9D_A_B,KA105A,1,0.140049,4
3S9D,3S9D_A_B,RA115A,1,2.185484,4
3S9D,3S9D_A_B,AA116G,1,2.0774672,4
3S9D,3S9D_A_B,AA116M,1,1.0582309,4
3S9D,3S9D_A_B,MA119A,1,2.2893722,4
3S9D,3S9D_A_B,RA120A,1,3.0743792,4
3S9D,3S9D_A_B,SA123A,1,0.9041151,4
3S9D,3S9D_A_B,LA124A,1,1.3358574,4
3S9D,3S9D_A_B,NA127A,1,-0.08478038,4
3SE3,3SE3_B_A,"YB43A,NB44E,SB47Q",3,1.8576298,3
3SE3,3SE3_B_A,"YB43H,NB44A,SB47Q",3,1.3835975,3
3SE3,3SE3_B_A,"YB43H,NB44E,SB47A",3,1.7648702,3
3SE3,3SE3_B_A,"YB43H,NB44E,SB47Q,QB48A",4,2.432249,3
3SE3,3SE3_B_A,"YB43H,NB44E,SB47Q,FB50A",4,2.7901704,3
3SE3,3SE3_B_A,"YB43H,NB44E,SB47Q,NB51A",4,3.0309818,3
3SE3,3SE3_B_A,"YB43H,NB44E,SB47Q,SB54A",4,2.4881237,3
3SE3,3SE3_B_A,"YB43H,NB44E,SB47Q,TB55A",4,2.8525915,3
3SE3,3SE3_B_A,"YB43H,NB44E,SB47Q,KB56A",4,2.6343763,3
3SE3,3SE3_B_A,"YB43H,NB44E,SB47Q,DB57A",4,2.3812907,3
3SE3,3SE3_B_A,"YB43H,NB44E,SB47Q,SB59A",4,2.716373,3
3SE3,3SE3_B_A,"YB43H,NB44E,SB47Q,TB65A",4,2.2976007,3
3SE3,3SE3_B_A,"YB43H,NB44E,SB47Q,LB66A",4,3.3591323,3
3SE3,3SE3_B_A,"YB43H,NB44E,SB47Q,KB69A",4,2.3057168,3
3SE3,3SE3_B_A,"YB43H,NB44E,SB47Q,YB71A",4,2.9234388,3
3SE3,3SE3_B_A,"YB43H,NB44E,SB47Q,TB72A",4,2.6832201,3
3SE3,3SE3_B_A,"YB43H,NB44E,SB47Q,YB75A",4,3.1270294,3
3SE3,3SE3_B_A,"YB43H,NB44E,SB47Q,QB76A",4,2.2893722,3
3SE3,3SE3_B_A,"YB43H,NB44E,SB47Q,NB79A",4,2.7721066,3
3SE3,3SE3_B_A,"YB43H,NB44E,SB47Q,EB82A",4,2.7000284,3
3SE3,3SE3_B_A,"YB43H,NB44E,SB47Q,VB85A",4,2.4881237,3
3S9D,3S9D_A_B,QA48A,1,0.0,4
3S9D,3S9D_A_B,FA50A,1,0.17043781,4
3S9D,3S9D_A_B,NA51A,1,0.0,4
3S9D,3S9D_A_B,SA54A,1,0.0,4
3S9D,3S9D_A_B,TA55A,1,0.0,4
3S9D,3S9D_A_B,KA56A,1,0.0,4
3S9D,3S9D_A_B,SA59A,1,0.17043781,4
3S9D,3S9D_A_B,TA65A,1,0.17043781,4
3S9D,3S9D_A_B,LA66A,1,0.30263966,4
3S9D,3S9D_A_B,KA69A,1,0.0,4
3S9D,3S9D_A_B,YA71A,1,0.30263966,4
3S9D,3S9D_A_B,TA72A,1,0.17043781,4
3S9D,3S9D_A_B,YA75A,1,0.30263966,4
3S9D,3S9D_A_B,QA76A,1,0.17043781,4
3S9D,3S9D_A_B,NA79A,1,0.17043781,4
3S9D,3S9D_A_B,EA82A,1,0.17043781,4
3SE3,3SE3_B_C,"YB43H,NB44E,SB47Q",3,0.19081901,4
3S9D,3S9D_A_B,"AA43H,AA44E,AA47Q",3,-0.017426314,4
3SE3,3SE3_B_C,"YB43A,NB44A,SB47A",3,0.1733927,4
3S9D,3S9D_A_B,"AA43Y,AA44N,AA47S",3,-0.19081901,4
3SE3,3SE3_B_A,"YB43H,NB44E,SB47Q",3,2.4577348,3
3SE3,3SE3_B_A,"YB43M,NB44D,SB47L",3,0.71329606,3
3SE3,3SE3_B_A,"YB43A,NB44A,SB47A",3,0.76976275,3
3S9D,3S9D_A_B,"AA43H,AA44E,AA47Q",3,0.0,4
3S9D,3S9D_A_B,RA5A,1,0.62187046,4
3S9D,3S9D_A_B,LA8A,1,1.3641711,4
3S9D,3S9D_A_B,MA9A,1,0.0,4
3S9D,3S9D_A_B,AA12W,1,-0.18106504,4
3S9D,3S9D_A_B,RA15A,1,0.22013357,4
3S9D,3S9D_A_B,RA16A,1,0.09638339,4
3S9D,3S9D_A_B,IA17A,1,-0.08250609,4
3S9D,3S9D_A_B,SA18A,1,0.0,4
3S9D,3S9D_A_B,LA19A,1,0.89546597,4
3S9D,3S9D_A_B,FA20A,1,0.71329606,4
3S9D,3S9D_A_B,LA23A,1,3.9376671,4
3S9D,3S9D_A_B,LA23V,1,2.2329054,4
3S9D,3S9D_A_B,KA24A,1,0.71329606,4
3S9D,3S9D_A_B,DA25A,1,0.925201,4
3S9D,3S9D_A_B,RA26A,1,6.2779975,4
3S9D,3S9D_A_B,RA26K,1,4.5031695,4
3S9D,3S9D_A_B,HA27A,1,0.6389059,4
3S9D,3S9D_A_B,DA28A,1,0.41065642,4
3S9D,3S9D_A_B,RA91K,1,0.03078365,4
3S9D,3S9D_A_B,KA92A,1,-0.07798353,4
3S9D,3S9D_A_B,RA96A,1,0.2833712,4
3S9D,3S9D_A_B,KA102A,1,0.0,4
3S9D,3S9D_A_B,EA103A,1,-0.16519484,4
3S9D,3S9D_A_B,KA104A,1,0.21190493,4
3S9D,3S9D_A_B,KA105A,1,0.19509666,4
3S9D,3S9D_A_B,RA115A,1,2.0774672,4
3S9D,3S9D_A_B,AA116M,1,1.0872943,4
3S9D,3S9D_A_B,AA116G,1,2.0774672,4
3S9D,3S9D_A_B,MA119A,1,2.0774672,4
3S9D,3S9D_A_B,RA120A,1,2.7283423,4
3S9D,3S9D_A_B,SA123A,1,1.3641711,4
3S9D,3S9D_A_B,LA124A,1,1.3641711,4
3S9D,3S9D_A_B,NA127A,1,0.0,4
3SE3,3SE3_B_A,"YB43H,NB44E,SB47Q,QB48A",4,2.5499518,3
3SE3,3SE3_B_A,"YB43H,NB44E,SB47Q,FB50A",4,2.9122522,3
3SE3,3SE3_B_A,"YB43H,NB44E,SB47Q,NB51A",4,3.158807,3
3SE3,3SE3_B_A,"YB43H,NB44E,SB47Q,SB54A",4,2.6049612,3
3SE3,3SE3_B_A,"YB43H,NB44E,SB47Q,TB55A",4,2.968561,3
3SE3,3SE3_B_A,"YB43H,NB44E,SB47Q,KB56A",4,2.7583754,3
3SE3,3SE3_B_A,"YB43H,NB44E,SB47Q,DB57A",4,2.4998558,3
3SE3,3SE3_B_A,"YB43H,NB44E,SB47Q,SB59A",4,2.836359,3
3SE3,3SE3_B_A,"YB43H,NB44E,SB47Q,TB65A",4,2.4217396,3
3SE3,3SE3_B_A,"YB43H,NB44E,SB47Q,LB66A",4,3.4752648,3
3SE3,3SE3_B_A,"YB43H,NB44E,SB47Q,KB69A",4,2.4257026,3
3SE3,3SE3_B_A,"YB43H,NB44E,SB47Q,YB71A",4,3.048264,3
3SE3,3SE3_B_A,"YB43H,NB44E,SB47Q,TB72A",4,2.8017979,3
3SE3,3SE3_B_A,"YB43H,NB44E,SB47Q,QB76A",4,2.4096894,3
3SE3,3SE3_B_A,"YB43H,NB44E,SB47Q,NB79A",4,2.8856006,3
3SE3,3SE3_B_A,"YB43H,NB44E,SB47Q,EB82A",4,2.82439,3
3SE3,3SE3_B_A,"YB43H,NB44E,SB47Q,IB88A",4,2.32709,3
3SE3,3SE3_B_A,"YB43H,NB44E,SB47Q,LB89A",4,2.8981872,3
3SE3,3SE3_B_A,"YB43H,NB44E,SB47Q,RB92A",4,2.836359,3
3SE3,3SE3_B_A,"YB43H,NB44E,SB47Q,RB92K",4,2.6107695,3
3SE3,3SE3_B_A,"YB43H,NB44E,SB47Q,KB93A",4,2.6107695,3
3SE3,3SE3_B_A,"YB43H,NB44E,SB47Q,KB103A",4,2.6815128,3
3SE3,3SE3_B_A,"YB43A,NB44E,SB47Q",3,1.9775469,3
3SE3,3SE3_B_A,"YB43H,NB44A,SB47Q",3,1.5067095,3
3SE3,3SE3_B_A,"YB43H,NB44E,SB47A",3,1.8828443,3
3SE3,3SE3_B_A,"YB43A,NB44A,SB47A",3,0.41065642,3
3S9D,3S9D_A_B,EB17R,1,0.0,4
3S9D,3S9D_A_B,YB32A,1,1.3082966,4
3S9D,3S9D_A_B,TB33A,1,1.6668108,4
3S9D,3S9D_A_B,IB34A,1,1.7748275,4
3S9D,3S9D_A_B,MB35A,1,2.3176858,4
3S9D,3S9D_A_B,MB35V,1,1.8240691,4
3S9D,3S9D_A_B,SB36A,1,0.54285824,4
3S9D,3S9D_A_B,KB37A,1,0.69402766,4
3S9D,3S9D_A_B,EB39A,1,0.21190493,4
3S9D,3S9D_A_B,DB40A,1,0.0,4
3S9D,3S9D_A_B,KB42A,1,0.58918494,4
3S9D,3S9D_A_B,RB62A,1,0.17043781,4
3S9D,3S9D_A_B,SB63A,1,0.2734968,4
3S9D,3S9D_A_B,TB64A,1,0.25581035,4
3S9D,3S9D_A_B,HB65A,1,0.6389059,4
3S9D,3S9D_A_B,EB66A,1,2.4123886,4
3S9D,3S9D_A_B,AB67M,1,-0.16781053,4
3S9D,3S9D_A_B,VB69A,1,2.3176858,4
3S9D,3S9D_A_B,HB84A,1,0.043764338,4
3S9D,3S9D_A_B,NB85A,1,-0.13220184,4
3S9D,3S9D_A_B,WB87A,1,1.0482174,4
3S9D,3S9D_A_B,IB90A,1,1.4963729,4
3S9D,3S9D_A_B,DB91A,1,1.0482174,4
3S9D,3S9D_A_B,DB121R,1,-0.09861257,4
3S9D,3S9D_A_B,HB166A,1,0.0,4
3SE4,3SE4_B_C,TC36A,1,1.3641711,0
3SE4,3SE4_B_C,MC38A,1,1.666218,0
3SE4,3SE4_B_C,MC38V,1,1.1654196,0
3SE4,3SE4_B_C,SC39A,1,0.21190493,0
3SE4,3SE4_B_C,HC68A,1,-0.6102371,0
3SE4,3SE4_B_C,EC69A,1,1.3641711,0
3SE4,3SE4_B_C,VC72A,1,1.1654196,0
3SE4,3SE4_B_C,IC95A,1,1.2093251,0
3SE4,3SE4_B_C,HC172A,1,-0.41065642,0
3SE3,3SE3_B_A,NA53A,1,-0.3477616,3
3SE3,3SE3_B_A,YA55A,1,1.49732,3
3SE3,3SE3_B_A,FA81A,1,0.41065642,3
3SE3,3SE3_B_A,EA96A,1,0.71305907,3
3SE3,3SE3_B_A,KA98A,1,1.49732,3
3SE3,3SE3_B_A,LA116A,1,0.0,3
3SE3,3SE3_B_A,DA117A,1,0.54285824,3
3SE3,3SE3_B_A,SA120A,1,0.54285824,3
3SE3,3SE3_B_A,NA140T,1,0.133149,3
3SE3,3SE3_B_A,YA148A,1,0.41065642,3
3SE3,3SE3_B_A,TA166A,1,-0.15638691,3
3SE3,3SE3_B_A,SA167A,1,-0.23903489,3
3SE3,3SE3_B_A,FA223A,1,1.49732,3
3SE3,3SE3_B_A,RA226A,1,0.41065642,3
3SE3,3SE3_B_A,NA227A,1,0.54285824,3
3SE3,3SE3_B_A,NA230A,1,0.21107575,3
3SE3,3SE3_B_A,FA273A,1,0.0,3
3SE4,3SE4_B_A,YA55A,1,1.3641711,0
3SE4,3SE4_B_A,LA116A,1,0.13220184,0
3SE4,3SE4_B_A,DA117A,1,0.13220184,0
3SE4,3SE4_B_A,SA120A,1,0.0,0
3SE4,3SE4_B_A,NA140T,1,0.41065642,0
3SE4,3SE4_B_A,YA148A,1,-0.27845457,0
3SE4,3SE4_B_A,TA166A,1,-0.54285824,0
3SE4,3SE4_B_A,FA223A,1,1.3641711,0
3SE4,3SE4_B_A,RA226A,1,0.3029358,0
3SE4,3SE4_B_A,NA227A,1,0.0,0
3SE4,3SE4_B_A,NA230A,1,0.3029358,0
3SE4,3SE4_B_A,FA273A,1,0.21086827,0
3SE4,3SE4_B_C,PB27A,1,-0.17043781,0
3SE4,3SE4_B_C,PB27L,1,0.92437184,0
3SE4,3SE4_B_C,LB31A,1,2.7283423,0
3SE4,3SE4_B_C,MB130A,1,0.5728915,0
3SE4,3SE4_B_C,KB134A,1,1.7748275,0
3SE4,3SE4_B_C,KB134R,1,-0.9746221,0
3SE4,3SE4_B_A,PB27A,1,0.049695753,0
3SE4,3SE4_B_A,PB27L,1,0.10305898,0
3SE4,3SE4_B_A,LB31A,1,-0.011969134,0
3SE4,3SE4_B_A,MB130A,1,0.024658844,0
3SE4,3SE4_B_A,KB134A,1,-0.035084628,0
3SE4,3SE4_B_A,KB134R,1,0.13926895,0
3S9D,3S9D_A_B,RA120A,1,3.101651,4
3S9D,3S9D_A_B,EB66A,1,2.4010675,4
3S9D,3S9D_A_B,"RA120A,EB66A",2,3.6024737,4
3SE4,3SE4_B_C,EC69A,1,1.4014807,0
3SE4,3SE4_B_C,KB134A,1,1.8023211,0
3SE4,3SE4_B_C,"KB134A,EC69A",2,1.9022707,0
3SE4,3SE4_B_C,KB134R,1,-0.898396,0
3SE4,3SE4_B_C,"KB134R,EC69A",2,1.4014807,0
3S9D,3S9D_A_B,"TB33A,LA8A",2,3.5785608,4
3S9D,3S9D_A_B,"TB33A,LA19A",2,3.394809,4
3S9D,3S9D_A_B,"TB33A,FA20A",2,3.021426,4
3S9D,3S9D_A_B,"TB33A,LA23A",2,5.96137,4
3S9D,3S9D_A_B,"TB33A,RA115A",2,4.048243,4
3S9D,3S9D_A_B,"TB33A,AA116G",2,4.351393,4
3S9D,3S9D_A_B,"TB33A,MA119A",2,4.463985,4
3S9D,3S9D_A_B,"TB33A,RA120A",2,5.268608,4
3S9D,3S9D_A_B,"TB33A,SA123A",2,3.0632634,4
3S9D,3S9D_A_B,"TB33A,LA124A",2,3.3123913,4
3S9D,3S9D_A_B,"IB34A,RA115A",2,4.271188,4
3S9D,3S9D_A_B,"IB34A,AA116G",2,4.4740267,4
3S9D,3S9D_A_B,"IB34A,MA119A",2,4.2350516,4
3S9D,3S9D_A_B,"IB34A,RA120A",2,5.001758,4
3S9D,3S9D_A_B,"IB34A,SA123A",2,3.0067968,4
3S9D,3S9D_A_B,"IB34A,LA124A",2,3.561387,4
3S9D,3S9D_A_B,"WB87A,RA5A",2,2.340922,4
3S9D,3S9D_A_B,"WB87A,LA8A",2,3.0765777,4
3S9D,3S9D_A_B,"WB87A,MA119A",2,3.8463404,4
3S9D,3S9D_A_B,"WB87A,SA123A",2,2.7515786,4
3S9D,3S9D_A_B,"WB87A,LA124A",2,2.9443758,4
3S9D,3S9D_A_B,IB90A,1,1.6426257,4
3S9D,3S9D_A_B,"IB90A,LA8A",2,3.740474,4
3S9D,3S9D_A_B,"IB90A,LA19A",2,3.0357027,4
3S9D,3S9D_A_B,"IB90A,FA20A",2,2.816274,4
3S9D,3S9D_A_B,"IB90A,LA23A",2,5.449532,4
3S9D,3S9D_A_B,"IB90A,RA115A",2,3.52547,4
3S9D,3S9D_A_B,"IB90A,MA119A",2,4.035335,4
3S9D,3S9D_A_B,"IB90A,RA120A",2,4.90847,4
3S9D,3S9D_A_B,"IB90A,SA123A",2,3.2568083,4
3S9D,3S9D_A_B,"IB90A,LA124A",2,3.346746,4
3S9D,3S9D_A_B,"DB91A,LA19A",2,2.9443758,4
3S9D,3S9D_A_B,"DB91A,FA20A",2,2.3848276,4
3S9D,3S9D_A_B,"DB91A,RA115A",2,3.672301,4
3S9D,3S9D_A_B,"DB91A,SA123A",2,2.6789427,4
3S9D,3S9D_A_B,"DB91A,LA124A",2,3.021426,4
3S9D,3S9D_A_B,TB33A,1,2.0070937,4
3S9D,3S9D_A_B,IB34A,1,1.9302658,4
3S9D,3S9D_A_B,MB35V,1,2.9259908,4
3S9D,3S9D_A_B,HB65A,1,1.2015804,4
3S9D,3S9D_A_B,EB66A,1,2.4335496,4
3S9D,3S9D_A_B,WB87A,1,1.5463411,4
3S9D,3S9D_A_B,IB90A,1,1.7124065,4
3S9D,3S9D_A_B,DB91A,1,1.6276261,4
3S9D,3S9D_A_B,LA8A,1,1.9656465,4
3S9D,3S9D_A_B,LA19A,1,1.4916142,4
3S9D,3S9D_A_B,LA23A,1,3.8640268,4
3S9D,3S9D_A_B,RA115A,1,2.1795297,4
3S9D,3S9D_A_B,AA116G,1,2.161299,4
3S9D,3S9D_A_B,MA119A,1,2.397389,4
3S9D,3S9D_A_B,RA120A,1,3.1845944,4
3S9D,3S9D_A_B,SA123A,1,1.0997674,4
3S9D,3S9D_A_B,LA124A,1,1.6426257,4
3S9D,3S9D_A_B,"MB35V,LA8A",2,4.4274344,4
3S9D,3S9D_A_B,"MB35V,LA19A",2,4.3167186,4
3S9D,3S9D_A_B,"MB35V,LA23A",2,7.1139393,4
3S9D,3S9D_A_B,"MB35V,RA115A",2,3.7050934,4
3S9D,3S9D_A_B,"MB35V,AA116G",2,5.3002977,4
3S9D,3S9D_A_B,"MB35V,MA119A",2,5.4566846,4
3S9D,3S9D_A_B,"MB35V,RA120A",2,6.0666847,4
3S9D,3S9D_A_B,"MB35V,SA123A",2,4.080544,4
3S9D,3S9D_A_B,"MB35V,LA124A",2,4.533203,4
3S9D,3S9D_A_B,"EB66A,LA8A",2,4.092513,4
3S9D,3S9D_A_B,"EB66A,LA23A",2,6.05816,4
3S9D,3S9D_A_B,"EB66A,RA115A",2,4.658608,4
3S9D,3S9D_A_B,"EB66A,AA116G",2,5.0412693,4
3S9D,3S9D_A_B,"EB66A,MA119A",2,4.980968,4
3S9D,3S9D_A_B,"EB66A,RA120A",2,3.6324573,4
3S9D,3S9D_A_B,"EB66A,SA123A",2,3.5437007,4
3S9D,3S9D_A_B,"EB66A,LA124A",2,3.7697885,4
3S9D,3S9D_A_B,"HB65A,RA5A",2,2.2143898,4
3S9D,3S9D_A_B,"HB65A,LA8A",2,4.016778,4
3S9D,3S9D_A_B,"HB65A,LA19A",2,3.0564926,4
3S9D,3S9D_A_B,"HB65A,RA120A",2,3.8463404,4
3S9D,3S9D_A_B,"HB65A,SA123A",2,1.1356846,4
3S9D,3S9D_A_B,"HB65A,LA124A",2,2.939418,4
1E50,1E50_A_B,DA8A,1,-0.4022527,2
1E50,1E50_A_B,NA11A,1,0.6784359,2
1E50,1E50_A_B,MA48A,1,1.3202657,2
1E50,1E50_A_B,NA51A,1,2.432714,2
1E50,1E50_A_B,YA55A,1,0.94499004,2
1E50,1E50_A_B,SA56A,1,0.97837645,2
1E50,1E50_A_B,TA91A,1,1.5130628,2
1E50,1E50_A_B,VA101A,1,-0.043905415,2
1E50,1E50_A_B,TA103A,1,2.185484,2
1E50,1E50_A_B,RB32A,1,1.7748275,2
1E50,1E50_A_B,VB57A,1,0.0,2
1E50,1E50_A_B,NB62A,1,0.90960926,2
1E50,1E50_A_B,SB64A,1,0.11502811,2
1E50,1E50_A_B,DA8A,1,-0.23009098,2
1E50,1E50_A_B,NA51A,1,1.4079144,2
1E50,1E50_A_B,"DA52A,EA53A",2,0.39104083,2
1E50,1E50_A_B,YA55A,1,0.88373387,2
1E50,1E50_A_B,RA84A,1,-0.19122773,2
1E50,1E50_A_B,KA86M,1,0.3200857,2
1E50,1E50_A_B,TA91A,1,1.043868,2
1E50,1E50_A_B,NB62A,1,1.0200076,2
1E50,1E50_A_B,NB99A,1,1.4079144,2
1JTG,1JTG_A_B,EB31A,1,0.82131284,4
1JTG,1JTG_A_B,SB35A,1,0.0,4
1JTG,1JTG_A_B,FB36A,1,2.5961404,4
1JTG,1JTG_A_B,SB39A,1,-0.30263966,4
1JTG,1JTG_A_B,HB41A,1,2.4998558,4
1JTG,1JTG_A_B,GB48A,1,0.19934364,4
1JTG,1JTG_A_B,DB49A,1,2.185484,4
1JTG,1JTG_A_B,YB50A,1,-2.261219,4
1JTG,1JTG_A_B,YB51A,1,0.0,4
1JTG,1JTG_A_B,YB53A,1,2.2143898,4
1JTG,1JTG_A_B,SB71A,1,-0.54285824,4
1JTG,1JTG_A_B,EB73A,1,-0.13220184,4
1JTG,1JTG_A_B,KB74A,1,2.6789427,4
1JTG,1JTG_A_B,WB112A,1,1.9302658,4
1JTG,1JTG_A_B,SB113A,1,-0.897048,4
1JTG,1JTG_A_B,GB141A,1,0.7588918,4
1JTG,1JTG_A_B,FB142A,1,2.053282,4
1JTG,1JTG_A_B,YB143A,1,0.10801677,4
1JTG,1JTG_A_B,RB144A,1,0.10801677,4
1JTG,1JTG_A_B,HB148A,1,2.2143898,4
1JTG,1JTG_A_B,WB150A,1,3.5002553,4
1JTG,1JTG_A_B,RB160A,1,1.8312942,4
1JTG,1JTG_A_B,WB162A,1,2.185484,4
1JTG,1JTG_A_B,"EB73A,YB50A",2,-1.4963729,4
1C4Z,1C4Z_ABC_D,SD1A,1,0.56609464,1
1C4Z,1C4Z_ABC_D,RD2A,1,0.5186732,1
1C4Z,1C4Z_ABC_D,RD2E,1,1.2884359,1
1C4Z,1C4Z_ABC_D,RD3A,1,0.46712312,1
1C4Z,1C4Z_ABC_D,RD3E,1,1.1857808,1
1C4Z,1C4Z_ABC_D,KD6A,1,0.6100001,1
1C4Z,1C4Z_ABC_D,KD6E,1,1.5549902,1
1C4Z,1C4Z_ABC_D,ND28A,1,-0.17839031,1
1C4Z,1C4Z_ABC_D,LD30A,1,-0.34351462,1
1C4Z,1C4Z_ABC_D,RD49A,1,-0.011969134,1
1C4Z,1C4Z_ABC_D,AD56G,1,0.56609464,1
1C4Z,1C4Z_ABC_D,ED57A,1,0.08793173,1
1C4Z,1C4Z_ABC_D,ED57R,1,0.0671418,1
1C4Z,1C4Z_ABC_D,PD59A,1,1.4097668,1
1C4Z,1C4Z_ABC_D,FD60A,1,3.0141566,1
1C4Z,1C4Z_ABC_D,KD61A,1,0.29308376,1
1C4Z,1C4Z_ABC_D,KD61E,1,0.72502816,1
1C4Z,1C4Z_ABC_D,ED90A,1,-0.43484148,1
1C4Z,1C4Z_ABC_D,ED90R,1,-1.0029143,1
1C4Z,1C4Z_ABC_D,WD92A,1,0.82131284,1
1C4Z,1C4Z_ABC_D,KD93A,1,1.1356846,1
1C4Z,1C4Z_ABC_D,KD93E,1,1.1695483,1
1C4Z,1C4Z_ABC_D,PD94A,1,0.85021865,1
1C4Z,1C4Z_ABC_D,AD95G,1,0.41065642,1
1C4Z,1C4Z_ABC_D,KD97A,1,1.3017501,1
1C4Z,1C4Z_ABC_D,KD97E,1,1.4206378,1
1C4Z,1C4Z_ABC_D,VA138A,1,0.56609464,1
1C4Z,1C4Z_ABC_D,LA139A,1,1.2169697,1
1C4Z,1C4Z_ABC_D,QA141A,1,-0.38742003,1
1C4Z,1C4Z_ABC_D,SA142A,1,0.41065642,1
1C4Z,1C4Z_ABC_D,LA143A,1,0.9991104,1
1C4Z,1C4Z_ABC_D,DA145A,1,-0.38742003,1
1C4Z,1C4Z_ABC_D,DA145K,1,0.20774736,1
1C4Z,1C4Z_ABC_D,LA146A,1,1.9741712,1
1C4Z,1C4Z_ABC_D,YA149A,1,1.2884359,1
1C4Z,1C4Z_ABC_D,DA156A,1,0.5186732,1
1C4Z,1C4Z_ABC_D,DA156R,1,1.3759032,1
1C4Z,1C4Z_ABC_D,MA157A,1,1.9302658,1
1C4Z,1C4Z_ABC_D,MA158A,1,0.7588918,1
1C4Z,1C4Z_ABC_D,IA159A,1,0.41065642,1
1C4Z,1C4Z_ABC_D,TA160A,1,0.56609464,1
1C4Z,1C4Z_ABC_D,IA163A,1,-0.08935532,1
1C4Z,1C4Z_ABC_D,SA164A,1,-0.41065642,1
1C4Z,1C4Z_ABC_D,TA166A,1,-0.13220184,1
1C4Z,1C4Z_ABC_D,MA174A,1,-0.5732471,1
1C4Z,1C4Z_ABC_D,FA194A,1,1.5964372,1
1C4Z,1C4Z_ABC_D,YA198L,1,0.82131284,1
1C4Z,1C4Z_ABC_D,"SA243P,NA245P",2,-0.07573514,1
1C4Z,1C4Z_ABC_D,CA324A,1,0.10801677,1
3VR6,3VR6_ABCDEF_GH,LG28N,1,0.3099994,3
3VR6,3VR6_ABCDEF_GH,LG29N,1,0.6750601,3
3VR6,3VR6_ABCDEF_GH,RG134A,1,0.83049834,3
3VR6,3VR6_ABCDEF_GH,RG135A,1,0.8992655,3
3VR6,3VR6_ABCDEF_GH,"RG134A,RG135A",2,1.4000883,3
3VR6,3VR6_ABCDEF_GH,AG138S,1,-0.34087563,3
3VR6,3VR6_ABCDEF_GH,LG139N,1,0.7095816,3
3VR6,3VR6_ABCDEF_GH,"RA476A,RB481A,RC471A",3,-0.27845457,3
3VR6,3VR6_ABCDEF_GH,"VD385A,VE385A,VF388A",3,0.6982965,3
3VR6,3VR6_ABCDEF_GH,"LD386A,LE386A,LF389A",3,1.1367726,3
3VR6,3VR6_ABCDEF_GH,"RA476A,RB481A,RC471A,RG134A,RG135A",5,1.3179827,3
3VR6,3VR6_ABCDEF_GH,"VD385A,VE385A,VF388A,RG134A,RG135A",5,1.1313123,3
3VR6,3VR6_ABCDEF_GH,"LA477A,LB482A,LC472A,VA478A,VB483A,VC473A",6,-0.22198787,3
3VR6,3VR6_ABCDEF_GH,"LA477A,LB482A,LC472A,VA478A,VB483A,VC473A,LD386A,LE386A,LF389A",9,-0.17043781,3
3VR6,3VR6_ABCDEF_GH,"LA477A,LB482A,LC472A,VA478A,VB483A,VC473A,RG134A,RG135A",8,2.0498004,3
3VR6,3VR6_ABCDEF_GH,"LA477A,LB482A,LC472A,VA478A,VB483A,VC473A,LG139N",7,-0.079110935,3
3VR6,3VR6_ABCDEF_GH,"RD347E,RE347E,RF350E",3,0.28764006,3
3VR6,3VR6_ABCDEF_GH,"RD347K,RE347K,RF350K",3,1.2131597,3
2BDN,2BDN_HL_A,LH27R,1,0.65087503,0
2BDN,2BDN_HL_A,LH27K,1,0.8744038,0
2BDN,2BDN_HL_A,NH28D,1,0.13220184,0
2BDN,2BDN_HL_A,NH28Q,1,1.4000883,0
2BDN,2BDN_HL_A,DH31E,1,1.0857165,0
2BDN,2BDN_HL_A,YL30K,1,0.6750601,0
2BDN,2BDN_HL_A,NL31R,1,-0.91759753,0
2BDN,2BDN_HL_A,NL31K,1,3.491334,0
2BDN,2BDN_HL_A,SL53D,1,-0.160645,0
2BDN,2BDN_HL_A,SL53E,1,-0.8517017,0
2BDN,2BDN_HL_A,TL56D,1,-0.42565602,0
2BDN,2BDN_HL_A,TL56E,1,-0.689111,0
1JTG,1JTG_A_B,QA74A,1,0.58940727,4
1JTG,1JTG_A_B,NA75A,1,-1.4773622,4
1JTG,1JTG_A_B,LA77A,1,0.87071246,4
1JTG,1JTG_A_B,EA79A,1,2.7824626,4
1JTG,1JTG_A_B,YA80A,1,-0.09477138,4
1JTG,1JTG_A_B,PA82A,1,0.23677412,4
1JTG,1JTG_A_B,EA85A,1,-1.3147715,4
1JTG,1JTG_A_B,KA86A,1,-0.8585194,4
1JTG,1JTG_A_B,MA104A,1,1.5096183,4
1JTG,1JTG_A_B,VA190A,1,-0.582814,4
1JTG,1JTG_A_B,MA244A,1,-0.051081907,4
1JTD,1JTD_A_B,QA73A,1,0.5186732,3
1JTD,1JTD_A_B,NA74A,1,0.8012278,3
1JTD,1JTD_A_B,LA76A,1,1.7339525,3
1JTD,1JTD_A_B,EA78A,1,0.84073925,3
1JTD,1JTD_A_B,YA79A,1,2.25086,3
1JTD,1JTD_A_B,PA81A,1,1.7339525,3
1JTD,1JTD_A_B,EA84A,1,0.038235974,3
1JTD,1JTD_A_B,KA85A,1,2.144609,3
1JTD,1JTD_A_B,MA103A,1,2.5226452,3
1JTD,1JTD_A_B,VA190A,1,0.038235974,3
1JTD,1JTD_A_B,MA244A,1,0.27845457,3
2DVW,2DVW_A_B,RB7A,1,0.69360554,0
2DVW,2DVW_A_B,"RB3A,RB7A",2,2.1533782,0
2DVW,2DVW_A_B,"RB3A,RB4A,RB7A",3,2.7901468,0
2DVW,2DVW_A_B,"EB21A,EB22A",2,0.038346004,0
2DVW,2DVW_A_B,KB62E,1,0.20547402,0
2DVW,2DVW_A_B,RA39A,1,0.91062415,0
2DVW,2DVW_A_B,KA114A,1,0.03420586,0
2DVW,2DVW_A_B,"DA37A,DA69A",2,0.19162223,0
2DVW,2DVW_A_B,"RA39A,KA114A",2,2.3625965,0
2DVW,2DVW_A_B,EA180A,1,0.4381773,0
3WWN,3WWN_A_B,RA221E,1,-0.33671388,4
3WWN,3WWN_A_B,RA224E,1,1.2939427,4
3WWN,3WWN_A_B,KA225E,1,0.15640123,4
3F1S,3F1S_A_B,MA33A,1,1.2389807,1
3F1S,3F1S_A_B,DA36A,1,2.185484,1
3F1S,3F1S_A_B,DA200A,1,0.41065642,1
3F1S,3F1S_A_B,KA201A,1,-1.8037333,1
3F1S,3F1S_A_B,KA201C,1,-1.8037333,1
3F1S,3F1S_A_B,YA202A,1,2.9961216,1
3F1S,3F1S_A_B,DA255A,1,3.7609677,1
3F1S,3F1S_A_B,DA200A,1,0.6982965,1
3F1S,3F1S_A_B,KA201A,1,-2.3559217,1
3F1S,3F1S_A_B,KA201C,1,-1.586159,1
1KNE,1KNE_A_P,TP2K,1,-0.31437176,1
1KNE,1KNE_A_P,TP2I,1,0.2740822,1
1KNE,1KNE_A_P,TP2F,1,0.096284665,1
1KNE,1KNE_A_P,TP2L,1,0.20430143,1
1KNE,1KNE_A_P,AA3F,1,-0.11502811,1
1KNE,1KNE_A_P,"AA3F,TP2K",2,-0.035917178,1
1KNE,1KNE_A_P,"AA3F,TP2I",2,0.5897433,1
1KNE,1KNE_A_P,"AA3F,TP2F",2,0.8036264,1
1KNE,1KNE_A_P,"AA3F,TP2L",2,0.39296997,1
1KNE,1KNE_A_P,AA3K,1,0.89495325,1
1KNE,1KNE_A_P,"AA3K,TP2K",2,1.5997248,1
1KNE,1KNE_A_P,"AA3K,TP2I",2,1.3980347,1
1KNE,1KNE_A_P,"AA3K,TP2F",2,1.4692765,1
1KNE,1KNE_A_P,"AA3K,TP2L",2,1.8344539,1
1KNE,1KNE_A_P,AA3L,1,0.0,1
1KNE,1KNE_A_P,"AA3L,TP2K",2,-0.15893354,1
1KNE,1KNE_A_P,"AA3L,TP2I",2,0.06589585,1
1KNE,1KNE_A_P,"AA3L,TP2F",2,0.2517229,1
1KNE,1KNE_A_P,"AA3L,TP2L",2,0.2517229,1
1KNE,1KNE_A_P,AA3T,1,-0.37679282,1
1KNE,1KNE_A_P,"AA3T,TP2K",2,-0.31437176,1
1KNE,1KNE_A_P,"AA3T,TP2I",2,0.6024847,1
1KNE,1KNE_A_P,"AA3T,TP2F",2,0.7853957,1
1KNE,1KNE_A_P,"AA3T,TP2L",2,0.5634078,1
1KNE,1KNE_A_P,DA40F,1,-0.6170114,1
1KNE,1KNE_A_P,"DA40F,TP2K",2,-0.20635499,1
1KNE,1KNE_A_P,"DA40F,TP2I",2,0.20430143,1
1KNE,1KNE_A_P,"DA40F,TP2F",2,-0.15893354,1
1KNE,1KNE_A_P,"DA40F,TP2L",2,0.2956283,1
1KNE,1KNE_A_P,DA40I,1,0.4607526,1
1KNE,1KNE_A_P,"DA40I,TP2K",2,0.5897433,1
1KNE,1KNE_A_P,"DA40I,TP2I",2,0.61495787,1
1KNE,1KNE_A_P,"DA40I,TP2F",2,1.0953951,1
1KNE,1KNE_A_P,"DA40I,TP2L",2,0.5767219,1
1KNE,1KNE_A_P,DA40K,1,-0.37679282,1
1KNE,1KNE_A_P,"DA40K,TP2K",2,0.33650327,1
1KNE,1KNE_A_P,"DA40K,TP2I",2,0.0,1
1KNE,1KNE_A_P,"DA40K,TP2F",2,-0.035917178,1
1KNE,1KNE_A_P,"DA40K,TP2L",2,-0.31437176,1
1KNE,1KNE_A_P,DA40T,1,0.4919415,1
1KNE,1KNE_A_P,"DA40T,TP2K",2,0.7270746,1
1KNE,1KNE_A_P,"DA40T,TP2I",2,0.8872087,1
1KNE,1KNE_A_P,"DA40T,TP2F",2,1.2406183,1
1KNE,1KNE_A_P,"DA40T,TP2L",2,0.2517229,1
1KNE,1KNE_A_P,KA24A,1,-1.2678864,1
1KNE,1KNE_A_P,"KA24A,AA3K",2,-0.25790507,1
4E6K,4E6K_AB_G,"EA81A,EB81A",2,2.5848122,4
4E6K,4E6K_AB_G,"LA68A,LB68A",2,2.6698973,4
4E6K,4E6K_AB_G,"EA85A,EB85A",2,3.0725746,4
4E6K,4E6K_AB_G,YG2F,1,0.6969139,4
4E6K,4E6K_AB_G,KG40A,1,0.5019833,4
4E6K,4E6K_AB_G,LG5A,1,1.9034278,4
2DSQ,2DSQ_I_G,RI20A,1,0.061131705,0
2DSQ,2DSQ_I_G,RI35A,1,0.6104088,0
2DSQ,2DSQ_I_G,RI40A,1,-0.087760024,0
2DSQ,2DSQ_I_G,RI41A,1,0.088868566,0
1WQJ,1WQJ_I_B,RI20A,1,0.67955303,3
1WQJ,1WQJ_I_B,"RI35A,RI36A",2,1.0285114,3
1WQJ,1WQJ_I_B,RI49A,1,0.26824522,3
1WQJ,1WQJ_I_B,RI54A,1,0.059441056,3
1WQJ,1WQJ_I_B,RI55A,1,0.40239912,3
3W2D,3W2D_A_HL,YA45F,1,0.87833744,3
3W2D,3W2D_A_HL,YA45L,1,2.3658152,3
3W2D,3W2D_A_HL,KA67R,1,-0.42831185,3
3W2D,3W2D_A_HL,KA67N,1,4.6240077,3
4BFI,4BFI_A_B,LB29K,1,2.0774672,0
4BFI,4BFI_A_B,NB43D,1,2.7283423,0
4BFI,4BFI_A_B,NB43A,1,2.3176858,0
4BFI,4BFI_A_B,LB91A,1,1.3072104,0
4BFI,4BFI_A_B,NB93K,1,2.7283423,0
4BFI,4BFI_A_B,FB95D,1,2.7283423,0
4BFI,4BFI_A_B,FB95A,1,2.0774672,0
4BFI,4BFI_A_B,KB99E,1,2.3176858,0
4BFI,4BFI_A_B,QB6K,1,-0.011969134,0
4BFI,4BFI_A_B,SB17D,1,0.03078365,0
4BFI,4BFI_A_B,QB26K,1,-0.21983741,0
4EKD,4EKD_A_B,CA147R,1,-0.056466706,2
4GNK,4GNK_A_B,KA294A,1,0.09897152,3
4GNK,4GNK_A_B,"DA279A,PA281D",2,0.12133086,3
4GNK,4GNK_A_B,LB764A,1,-1.4206378,3
4GNK,4GNK_A_B,"KA294A,LB764A",2,-1.5528396,3
4GNK,4GNK_A_B,"LB764A,DA279A,PA281D",3,-1.7232774,3
4GNK,4GNK_A_B,TB540E,1,-0.18866855,3
4GU0,4GU0_A_E,"LE20A,TE22A,RE26A",3,0.916397,1
4HSA,4HSA_AB_C,RA28V,1,0.58109426,1
4HSA,4HSA_AB_C,WA40V,1,-0.22242592,1
4HSA,4HSA_AB_C,YA58I,1,0.11757265,1
4HSA,4HSA_AB_C,HA59S,1,-0.12264595,1
4J2L,4J2L_A_CD,WC17A,1,2.2305837,4
4J2L,4J2L_A_CD,LC20S,1,1.6885003,4
4J2L,4J2L_A_CD,"VA23A,SA34D",2,2.266683,4
4J2L,4J2L_A_CD,"VA23A,LA118E",2,0.4368464,4
4J2L,4J2L_A_CD,"SA34D,LA118E",2,0.6970077,4
4J2L,4J2L_A_CD,VA23A,1,0.08989063,4
4J2L,4J2L_A_CD,SA34D,1,-0.9704915,4
4J2L,4J2L_A_CD,LA118E,1,-0.6311248,4
4JEU,4JEU_A_B,RA169A,1,-0.41065642,0
4JEU,4JEU_A_B,RA37C,1,0.90960926,0
4JEU,4JEU_A_B,"LB147A,EB148A",2,1.1937333,0
4JEU,4JEU_A_B,"LB147A,EB148A",2,1.0099814,0
4JEU,4JEU_A_B,IB215A,1,3.2417018,0
4JEU,4JEU_A_B,RB3A,1,1.1281693,0
4JEU,4JEU_A_B,TB4A,1,0.18092397,0
4JEU,4JEU_A_B,LB7A,1,1.1089529,0
4JGH,4JGH_ABC_D,WD44A,1,2.049183,2
4KRL,4KRL_A_B,RB30A,1,1.7210599,1
4KRL,4KRL_A_B,DB112A,1,0.6499726,1
4KRL,4KRL_A_B,"DA49T,FA51A",2,1.8532617,1
4KRO,4KRO_A_B,RB15A,1,1.5840086,2
4KRO,4KRO_A_B,DB92A,1,1.5048976,2
4KRO,4KRO_A_B,"DA321T,FA323A",2,0.12702756,2
4KRP,4KRP_A_B,EB105A,1,1.6067643,2
4KRP,4KRP_A_B,"DA277T,FA279A",2,0.3584571,2
4LRX,4LRX_AB_CD,HA56N,1,0.32587606,0
4MYW,4MYW_A_B,IB48A,1,2.573214,2
4MYW,4MYW_A_B,"TB31A,QB32A,EB93A,NB101A",4,-0.52981997,2
3U82,3U82_A_B,IB45A,1,2.5961404,0
3U82,3U82_A_B,"TB28A,QB29A,EB90A,NB98A",4,-1.0106927,0
4NM8,4NM8_ABCDEF_HL,IB18M,1,0.10801677,1
4NM8,4NM8_ABCDEF_HL,DB19N,1,0.65087503,1
4NM8,4NM8_ABCDEF_HL,RB25M,1,3.3870645,1
4NM8,4NM8_ABCDEF_HL,TB32E,1,-0.54285824,1
4NM8,4NM8_ABCDEF_HL,TB32I,1,-0.0493996,1
4NM8,4NM8_ABCDEF_HL,TB32R,1,1.2015804,1
4NM8,4NM8_ABCDEF_HL,QB34T,1,2.2935007,1
4NM8,4NM8_ABCDEF_HL,QB34R,1,2.9276857,1
4NM8,4NM8_ABCDEF_HL,LB38Y,1,-0.6052793,1
4NZW,4NZW_A_B,KA77A,1,0.076017186,1
4NZW,4NZW_A_B,EB49A,1,0.325469,1
4NZW,4NZW_A_B,EB124A,1,0.35717967,1
4O27,4O27_A_B,YA215A,1,1.1953111,3
4O27,4O27_A_B,KA88A,1,1.0248733,3
4O27,4O27_A_B,EB42A,1,0.37147176,3
4O27,4O27_A_B,EB122A,1,0.30169097,3
4OFY,4OFY_A_D,QA34A,1,1.1767564,4
4OFY,4OFY_A_D,MA36A,1,0.084110565,4
4OFY,4OFY_A_D,DA38A,1,0.54885274,4
4OFY,4OFY_A_D,FA40A,1,4.604454,4
4OFY,4OFY_A_D,QA85A,1,1.7332349,4
4OFY,4OFY_A_D,SA87A,1,0.14215925,4
4OFY,4OFY_A_D,EA88A,1,0.28220826,4
4OFY,4OFY_A_D,"QA34A,FA40A",2,4.1407065,4
4OFY,4OFY_A_D,"QA34A,MA36A,FA40A,SA87A",4,4.461577,4
4OFY,4OFY_A_D,QD34A,1,2.8705015,4
4OFY,4OFY_A_D,LD42A,1,2.5678618,4
4OFY,4OFY_A_D,QD86A,1,4.645329,4
4OFY,4OFY_A_D,RD96A,1,3.421207,4
4OZG,4OZG_ABJ_GH,NG29A,1,-0.07165861,1
4OZG,4OZG_ABJ_GH,YG31A,1,1.7440438,1
4OZG,4OZG_ABJ_GH,YG33F,1,1.7440438,1
4OZG,4OZG_ABJ_GH,LG50A,1,1.1861861,1
4OZG,4OZG_ABJ_GH,YH46F,1,-0.64713717,1
4OZG,4OZG_ABJ_GH,QH48A,1,0.8051584,1
4OZG,4OZG_ABJ_GH,NH50A,1,-0.11102414,1
4OZG,4OZG_ABJ_GH,FH94A,1,1.4347845,1
4OZG,4OZG_ABJ_GH,RH95A,1,1.7440438,1
4OZG,4OZG_ABJ_GH,FH96A,1,0.88354635,1
4OZG,4OZG_ABJ_GH,DH98A,1,1.650078,1
4OZG,4OZG_ABJ_GH,YH101F,1,0.53378993,1
4P5T,4P5T_CD_AB,KC40A,1,1.1385816,4
4P5T,4P5T_CD_AB,DC56A,1,0.6170114,4
4P5T,4P5T_CD_AB,QC58A,1,0.0,4
4P5T,4P5T_CD_AB,LC61A,1,1.0099814,4
4P5T,4P5T_CD_AB,QC62A,1,0.0,4
4P5T,4P5T_CD_AB,NC63A,1,1.4963729,4
4P5T,4P5T_CD_AB,VC66A,1,0.8687343,4
4P5T,4P5T_CD_AB,KC68A,1,0.99175066,4
4P5T,4P5T_CD_AB,HC69A,1,1.0099814,4
4P5T,4P5T_CD_AB,VC73A,1,0.0,4
4P5T,4P5T_CD_AB,KC76A,1,0.35910636,4
4P5T,4P5T_CD_AB,FD1A,1,0.0,4
4P5T,4P5T_CD_AB,ED2A,1,1.0615314,4
4P5T,4P5T_CD_AB,QD4A,1,1.6548417,4
4P5T,4P5T_CD_AB,KD5A,1,1.9915464,4
4P5T,4P5T_CD_AB,KD7A,1,1.5492381,4
4P5T,4P5T_CD_AB,ND9A,1,0.0,4
4P5T,4P5T_CD_AB,KD10A,1,0.24021861,4
4P5T,4P5T_CD_AB,VD12A,1,0.09132688,4
4P5T,4P5T_CD_AB,DD13A,1,0.0,4
4P5T,4P5T_CD_AB,ED67A,1,0.24021861,4
4P5T,4P5T_CD_AB,YD68A,1,0.17043781,4
4P5T,4P5T_CD_AB,SD71A,1,0.0,4
4P5T,4P5T_CD_AB,QD72A,1,0.0,4
4P5T,4P5T_CD_AB,PD73A,1,0.0,4
4P5T,4P5T_CD_AB,ED74A,1,0.6170114,4
4P5T,4P5T_CD_AB,ID75A,1,0.09132688,4
4P5T,4P5T_CD_AB,ED77A,1,1.0099814,4
4P5T,4P5T_CD_AB,RD78A,1,2.0744975,4
4P5T,4P5T_CD_AB,RD80A,1,0.0,4
4P5T,4P5T_CD_AB,DD84A,1,0.0,4
4P5T,4P5T_CD_AB,TD85A,1,0.82131284,4
4P5T,4P5T_CD_AB,RD88A,1,0.0,4
4P5T,4P5T_CD_AB,HD89A,1,0.7960983,4
4P5T,4P5T_CD_AB,ED92A,1,0.0,4
4P23,4P23_CD_AB,KC40A,1,1.1937333,0
4P23,4P23_CD_AB,DC56A,1,0.99175066,0
4P23,4P23_CD_AB,QC58A,1,0.9729411,0
4P23,4P23_CD_AB,LC61A,1,0.9535147,0
4P23,4P23_CD_AB,QC62A,1,1.9109659,0
4P23,4P23_CD_AB,NC63A,1,1.5119647,0
4P23,4P23_CD_AB,VC66A,1,1.1667991,0
4P23,4P23_CD_AB,KC68A,1,0.6829073,0
4P23,4P23_CD_AB,HC69A,1,0.6170114,0
4P23,4P23_CD_AB,VC73A,1,0.0,0
4P23,4P23_CD_AB,KC76A,1,0.17043781,0
4P23,4P23_CD_AB,FD1A,1,0.0,0
4P23,4P23_CD_AB,ED2A,1,1.1667991,0
4P23,4P23_CD_AB,QD4A,1,0.6829073,0
4P23,4P23_CD_AB,KD5A,1,2.2306223,0
4P23,4P23_CD_AB,KD7A,1,2.5683444,0
4P23,4P23_CD_AB,ND9A,1,0.0,0
4P23,4P23_CD_AB,KD10A,1,0.09132688,0
4P23,4P23_CD_AB,VD12A,1,0.0,0
4P23,4P23_CD_AB,DD13A,1,0.17043781,0
4P23,4P23_CD_AB,ED68A,1,0.09132688,0
4P23,4P23_CD_AB,YD69A,1,0.24021861,0
4P23,4P23_CD_AB,SD72A,1,0.0,0
4P23,4P23_CD_AB,QD73A,1,0.17043781,0
4P23,4P23_CD_AB,PD74A,1,0.09132688,0
4P23,4P23_CD_AB,ED75A,1,0.17043781,0
4P23,4P23_CD_AB,ID76A,1,0.17043781,0
4P23,4P23_CD_AB,ED78A,1,0.17043781,0
4P23,4P23_CD_AB,RD79A,1,2.071513,0
4P23,4P23_CD_AB,RD81A,1,0.09132688,0
4P23,4P23_CD_AB,DD85A,1,0.09132688,0
4P23,4P23_CD_AB,TD86A,1,0.0,0
4P23,4P23_CD_AB,RD89A,1,0.09132688,0
4P23,4P23_CD_AB,HD90A,1,0.17043781,0
4P23,4P23_CD_AB,ED93A,1,0.09132688,0
3C60,3C60_CD_AB,KC40A,1,1.5944324,1
3C60,3C60_CD_AB,DC56A,1,0.6982965,1
3C60,3C60_CD_AB,QC58A,1,0.9633075,1
3C60,3C60_CD_AB,LC61A,1,0.94355726,1
3C60,3C60_CD_AB,QC62A,1,0.8687343,1
3C60,3C60_CD_AB,NC63A,1,0.9535147,1
3C60,3C60_CD_AB,VC66A,1,1.2502,1
3C60,3C60_CD_AB,KC68A,1,0.56228465,1
3C60,3C60_CD_AB,HC69A,1,0.35910636,1
3C60,3C60_CD_AB,VC73A,1,0.0,1
3C60,3C60_CD_AB,KC76A,1,0.04742146,1
3C60,3C60_CD_AB,FD1A,1,0.0,1
3C60,3C60_CD_AB,ED2A,1,0.04742146,1
3C60,3C60_CD_AB,QD4A,1,1.1667991,1
3C60,3C60_CD_AB,KD5A,1,1.1528584,1
3C60,3C60_CD_AB,KD7A,1,2.1511846,1
3C60,3C60_CD_AB,ND9A,1,0.0,1
3C60,3C60_CD_AB,KD10A,1,0.0,1
3C60,3C60_CD_AB,VD12A,1,0.0,1
3C60,3C60_CD_AB,DD13A,1,0.04742146,1
3C60,3C60_CD_AB,ED69A,1,0.04742146,1
3C60,3C60_CD_AB,YD70A,1,0.0,1
3C60,3C60_CD_AB,SD73A,1,0.0,1
3C60,3C60_CD_AB,QD74A,1,0.0,1
3C60,3C60_CD_AB,PD75A,1,0.0,1
3C60,3C60_CD_AB,ED76A,1,0.0,1
3C60,3C60_CD_AB,ID77A,1,0.04742146,1
3C60,3C60_CD_AB,ED79A,1,0.04742146,1
3C60,3C60_CD_AB,RD80A,1,2.0264554,1
3C60,3C60_CD_AB,RD82A,1,0.0,1
3C60,3C60_CD_AB,DD86A,1,0.04742146,1
3C60,3C60_CD_AB,TD87A,1,1.1667991,1
3C60,3C60_CD_AB,RD90A,1,0.04742146,1
3C60,3C60_CD_AB,HD91A,1,1.0857165,1
3C60,3C60_CD_AB,ED94A,1,0.0,1
4PWX,4PWX_AB_CD,FA194A,1,1.7292318,4
4PWX,4PWX_AB_CD,YA198A,1,1.7292318,4
4PWX,4PWX_AB_CD,EA201K,1,1.7292318,4
4PWX,4PWX_AB_CD,QA205A,1,1.0139576,4
4PWX,4PWX_AB_CD,EA206A,1,1.0391722,4
4PWX,4PWX_AB_CD,EA246K,1,1.7292318,4
4PWX,4PWX_AB_CD,DA250A,1,1.1433789,4
4PWX,4PWX_AB_CD,RB269A,1,1.7292318,4
4PWX,4PWX_AB_CD,KB65A,1,0.20247005,4
4PWX,4PWX_AB_CD,KB65D,1,0.11888775,4
4PWX,4PWX_AB_CD,KB68A,1,0.44786295,4
4PWX,4PWX_AB_CD,KB68D,1,0.2617647,4
4PWX,4PWX_AB_CD,RB71A,1,0.35910636,4
4PWX,4PWX_AB_CD,KC1A,1,0.46811968,4
4PWX,4PWX_AB_CD,KC9A,1,-0.2740822,4
4PWX,4PWX_AB_CD,YC15A,1,0.7546097,4
4PWX,4PWX_AB_CD,YC16A,1,1.1449693,4
4PWX,4PWX_AB_CD,EC17A,1,-0.68473864,4
4PWX,4PWX_AB_CD,HC19A,1,-0.34823537,4
4PWX,4PWX_AB_CD,QC20A,1,-0.17779756,4
4PWX,4PWX_AB_CD,RC23A,1,1.7292318,4
4PWX,4PWX_AB_CD,RC28A,1,1.7292318,4
4PWX,4PWX_AB_CD,RC31A,1,0.33467188,4
4PWX,4PWX_AB_CD,DC60K,1,0.3709558,4
4PWX,4PWX_AB_CD,EC67K,1,1.1038674,4
2C5D,2C5D_A_C,GC6S,1,0.09897152,1
2C5D,2C5D_A_C,DC61G,1,-0.5037813,1
2C5D,2C5D_A_C,VC66A,1,-0.59932494,1
2C5D,2C5D_A_C,GC101R,1,-0.01823073,1
2C5D,2C5D_A_C,"GC6S,DC61G",2,-0.5295442,1
2C5D,2C5D_A_C,"GC6S,VC66A",2,-0.8469959,1
2C5D,2C5D_A_C,"GC6S,GC101R",2,0.03486017,1
2C5D,2C5D_A_C,"DC61G,GC101R",2,-0.561089,1
2C5D,2C5D_A_C,"VC66A,GC101R",2,-0.6562856,1
2C5D,2C5D_A_C,"DC61G,VC66A",2,-1.0403702,1
2C5D,2C5D_A_C,"DC61G,VC66A,GC101R",3,-0.8699324,1
2C5D,2C5D_A_C,"GC6S,VC66A,GC101R",3,-0.7966971,1
2C5D,2C5D_A_C,"GC6S,DC61G,GC101R",3,-0.5519035,1
2C5D,2C5D_A_C,"GC6S,DC61G,VC66R",3,-1.2355708,1
2C5D,2C5D_A_C,"GC6S,DC61G,VC66R,GC101R",4,-1.4830588,1
2C5D,2C5D_A_C,"EC33R,TC51R",2,6.113514,1
4RA0,4RA0_A_C,"SC6G,GC61D,AC66V,RC101G",4,1.4830588,2
4RA0,4RA0_A_C,"GC61D,AC66V,RC101G",3,1.5820304,2
4RA0,4RA0_A_C,"SC6G,AC66V,RC101G",3,0.97927755,2
4RA0,4RA0_A_C,"SC6G,GC61D,AC66V,RC101G",4,0.88373387,2
4RA0,4RA0_A_C,"SC6G,GC61D,AC66V",3,1.4648281,2
4RA0,4RA0_A_C,"AC66V,RC101G",2,0.9535147,2
4RA0,4RA0_A_C,"GC61D,AC66V,RC101G",3,0.636063,2
4RA0,4RA0_A_C,"GC61D,AC66V",2,1.5179191,2
4RA0,4RA0_A_C,"SC6G,AC66V",2,0.9219699,2
4RA0,4RA0_A_C,"SC6G,GC61D,AC66V",3,0.8267733,2
4RA0,4RA0_A_C,"SC6G,AC66V,RC101G",3,0.44268864,2
4RA0,4RA0_A_C,"SC6G,AC66V",2,0.61312646,2
4RA0,4RA0_A_C,"GC61D,AC66V",2,0.6863618,2
4RA0,4RA0_A_C,AC66V,1,0.9311553,2
4RA0,4RA0_A_C,RC101G,1,0.24748805,2
2C5D,2C5D_AB_CD,"TA26D,TB26D",2,0.72502816,3
2C5D,2C5D_AB_CD,"RA32E,RB32E",2,1.7124065,3
2C5D,2C5D_AB_CD,"KA34E,KB34E",2,1.9482203,3
2C5D,2C5D_AB_CD,"RA32E,KA34E,RB32E,KA34E",4,3.9603114,3
2C5D,2C5D_AB_CD,"AA126V,AB126V",2,0.7588918,3
2C5D,2C5D_AB_CD,"FA207A,FB207A",2,0.19934364,3
2C5D,2C5D_AB_CD,"QC28R,QD28R",2,0.09132688,3
2C5D,2C5D_AB_CD,"EC30R,ED30R",2,0.30263966,3
2C5D,2C5D_AB_CD,"EC33R,ED33R",2,1.6548417,3
2C5D,2C5D_AB_CD,"EC30R,EC33R,ED30R,EC33R",4,1.8489807,3
2C5D,2C5D_AB_CD,"TC51R,TD51R",2,2.3390203,3
2C5D,2C5D_AB_CD,"QC96R,QD96R",2,0.30263966,3
2C5D,2C5D_AB_CD,"LC105E,LD105E",2,0.24021861,3
2C5D,2C5D_AB_CD,"KC178E,KD178E",2,0.7422019,3
2C5D,2C5D_AB_CD,"TC182E,TD182E",2,0.7422019,3
2C5D,2C5D_AB_CD,"FA207A,FB207A",2,0.54285824,3
2C5D,2C5D_AB_CD,"FA209A,FB209A",2,1.0615314,3
2C5D,2C5D_AB_CD,"WA238F,WB238F",2,0.9824205,3
2C5D,2C5D_AB_CD,"LA324A,LB324A",2,2.0344725,3
2C5D,2C5D_AB_CD,"YA364A,YB364A",2,0.9824205,3
4U6H,4U6H_AB_E,NE21A,1,-0.34823537,4
4U6H,4U6H_AB_E,QE25A,1,0.11888775,4
4X4M,4X4M_AB_E,KE153A,1,0.63954675,2
4X4M,4X4M_AB_E,HE154A,1,0.38309553,2
4X4M,4X4M_AB_E,RE155A,1,1.7401713,2
4X4M,4X4M_AB_E,"KE153A,HE154A,RE155A",3,1.7881416,2
4X4M,4X4M_AB_E,KE153E,1,0.9535147,2
4X4M,4X4M_AB_E,HE154E,1,1.9851296,2
4X4M,4X4M_AB_E,RE155E,1,0.6418298,2
4Y61,4Y61_A_B,YA246A,1,-0.07816073,3
4Y61,4Y61_A_B,RB86A,1,-0.19305323,3
4Y61,4Y61_A_B,"FB219A,HB222A",2,0.28917426,3
4YEB,4YEB_A_B,DA133A,1,1.3676664,3
4YEB,4YEB_A_B,AA114S,1,0.069391154,3
4YEB,4YEB_A_B,RB88T,1,0.27757752,3
4YEB,4YEB_A_B,FB131A,1,2.4174657,3
4YFD,4YFD_A_B,RA48A,1,0.2849532,3
4YFD,4YFD_A_B,RA169A,1,0.1594458,3
4YFD,4YFD_A_B,EA259A,1,1.2165227,3
4YFD,4YFD_A_B,"EA207G,LA208S,RA209S,EA210G",4,-0.035917178,3
4YFD,4YFD_A_B,"EA207Q,RA209E,EA210Q",3,0.17261195,3
4YFD,4YFD_A_B,WB4A,1,1.1326016,3
4YFD,4YFD_A_B,DB7A,1,-0.054726757,3
4YFD,4YFD_A_B,KB71A,1,1.4750849,3
4YH7,4YH7_A_B,RA48A,1,1.7339525,4
4YH7,4YH7_A_B,RA169A,1,1.4383242,4
4YH7,4YH7_A_B,YA246A,1,1.0345972,4
4YH7,4YH7_A_B,"EA207G,LA208S,RA209S,EA210G",4,-0.04087496,4
4YH7,4YH7_A_B,"EA207Q,RA209E,EA210Q",3,0.038235974,4
4YH7,4YH7_A_B,DB7A,1,1.6426257,4
4YH7,4YH7_A_B,"MB45A,YB47A,PB58A,FB61A",4,1.7339525,4
4YH7,4YH7_A_B,DB258A,1,1.5910757,4
4ZS6,4ZS6_HL_A,YA160A,1,-0.110299826,3
4ZS6,4ZS6_HL_A,EA156A,1,3.0400271,3
5C6T,5C6T_HL_A,YA182A,1,3.2097912,4
5C6T,5C6T_HL_A,NA183A,1,0.28412402,4
5C6T,5C6T_HL_A,TA185A,1,0.33802044,4
5C6T,5C6T_HL_A,NA186A,1,0.36323497,4
5C6T,5C6T_HL_A,NA188A,1,-0.36675102,4
5C6T,5C6T_HL_A,FA192A,1,1.9980958,4
5C6T,5C6T_HL_A,EA194A,1,1.0911602,4
5C6T,5C6T_HL_A,"NA195A,DA197A",2,0.5867637,4
5C6T,5C6T_HL_A,"YA182A,NA195A,DA197A",3,2.9437425,4
5C6T,5C6T_HL_A,FA199A,1,2.7594142,4
5C6T,5C6T_HL_A,FA200A,1,0.41065642,4
5C6T,5C6T_HL_A,IA201A,1,0.8860082,4
5C6T,5C6T_HL_A,RH31S,1,0.3116849,4
5C6T,5C6T_HL_A,SH32A,1,-0.8687343,4
5C6T,5C6T_HL_A,NH97A,1,1.5265794,4
5C6T,5C6T_HL_A,YH98A,1,1.7174487,4
5C6T,5C6T_HL_A,FH99A,1,1.4606836,4
5C6T,5C6T_HL_A,YH104A,1,0.36323497,4
5C6T,5C6T_HL_A,YL47A,1,0.5519035,4
5C6T,5C6T_HL_A,RL48A,1,0.12301635,4
5CXB,5CXB_A_B,EB49D,1,0.3650607,4
5CXB,5CXB_A_B,TB52Q,1,0.062421046,4
5CXB,5CXB_A_B,RB54A,1,0.56440437,4
5CXB,5CXB_A_B,RB54E,1,2.680372,4
5CXB,5CXB_A_B,VB56W,1,0.56440437,4
5CYK,5CYK_A_B,EB52R,1,-2.680372,0
5CYK,5CYK_A_B,"EB52R,EB47D",2,-2.3153112,0
5CYK,5CYK_A_B,"EB52R,TB50Q",2,-2.617951,0
5CYK,5CYK_A_B,EB52A,1,-2.1159675,0
5CYK,5CYK_A_B,"EB52R,VB54W",2,-2.1159675,0
4RS1,4RS1_A_B,"RB47A,EB48A,HB52A",3,-0.5465883,2
4RS1,4RS1_A_B,"NB116A,SB117A,KB118A,RB119A",4,-0.046389494,2
4RS1,4RS1_A_B,"LB146A,TB147A,SB148A",3,-0.2159344,2
4RS1,4RS1_A_B,NB150A,1,-0.046389494,2
4RS1,4RS1_A_B,YB151A,1,-0.6558536,2
4RS1,4RS1_A_B,YB151F,1,-0.44905767,2
4RS1,4RS1_A_B,TB172A,1,0.4807126,2
4RS1,4RS1_A_B,KB174A,1,0.871208,2
4RS1,4RS1_A_B,IB175A,1,-0.2759809,2
4RS1,4RS1_A_B,EB176A,1,-0.6945898,2
4RS1,4RS1_A_B,"YB201A,YB206A",2,0.7209312,2
4RS1,4RS1_A_B,QB202A,1,1.3541716,2
4RS1,4RS1_A_B,KB203A,1,0.2762816,2
4RS1,4RS1_A_B,LB204A,1,0.0722545,2
4RS1,4RS1_A_B,SB205A,1,0.6159898,2
4RS1,4RS1_A_B,EA25A,1,1.5025767,2
4RS1,4RS1_A_B,EA25K,1,2.1401377,2
4RS1,4RS1_A_B,DA28A,1,2.5922298,2
4RS1,4RS1_A_B,DA28K,1,3.6194358,2
4RS1,4RS1_A_B,QA79A,1,0.46995106,2
4RS1,4RS1_A_B,QA79E,1,1.212153,2
4RS1,4RS1_A_B,DA92A,1,2.1333666,2
4RS1,4RS1_A_B,DA92K,1,3.2598674,2
4RS1,4RS1_A_B,LA95A,1,2.3655868,2
4RS1,4RS1_A_B,FA99A,1,3.626325,2
4RS1,4RS1_A_B,"LA95A,FA99A",2,4.122902,2
4RS1,4RS1_A_B,"EA25K,DA28K",2,4.122902,2
4RS1,4RS1_A_B,"EA25K,DA92K",2,4.122902,2
4RS1,4RS1_A_B,"DA28K,DA92K",2,4.122902,2
4NKQ,4NKQ_C_AB,"LB77A,TB78A,SB79A",3,0.11002849,1
4NKQ,4NKQ_C_AB,"RB80A,NB81A,YB82A",3,-0.33154547,1
4NKQ,4NKQ_C_AB,RB80A,1,0.1199859,1
4NKQ,4NKQ_C_AB,RB80D,1,-0.077386186,1
4NKQ,4NKQ_C_AB,NB81A,1,0.099900864,1
4NKQ,4NKQ_C_AB,YB82A,1,-0.3754509,1
4NKQ,4NKQ_C_AB,YB82F,1,-0.23420382,1
4NKQ,4NKQ_C_AB,"DB87A,TB88A,KB89A",3,0.35358486,1
4NKQ,4NKQ_C_AB,DB87A,1,0.15822187,1
4NKQ,4NKQ_C_AB,DB87R,1,0.20278814,1
4NKQ,4NKQ_C_AB,TB88A,1,0.31932956,1
4NKQ,4NKQ_C_AB,KB89A,1,0.38596734,1
4NKQ,4NKQ_C_AB,KB89D,1,1.0615314,1
4NKQ,4NKQ_C_AB,"KB90A,IB91A,EB92A",3,-0.70132697,1
4NKQ,4NKQ_C_AB,KB90A,1,-0.19934364,1
4NKQ,4NKQ_C_AB,KB90D,1,-0.19934364,1
4NKQ,4NKQ_C_AB,IB91A,1,-0.050451912,1
4NKQ,4NKQ_C_AB,EB92A,1,-0.35309157,1
4NKQ,4NKQ_C_AB,"YB119A,QB120A,KB121A,LB122A,SB123A,YB124A",6,-0.31075555,1
4NKQ,4NKQ_C_AB,"YB119A,YB124A",2,-0.6271738,1
4NKQ,4NKQ_C_AB,QB120A,1,-0.39868727,1
4NKQ,4NKQ_C_AB,KB121A,1,-0.5612779,1
4NKQ,4NKQ_C_AB,LB122A,1,0.23617455,1
4NKQ,4NKQ_C_AB,SB123A,1,0.27542412,1
4NKQ,4NKQ_C_AB,DB126A,1,0.11002849,1
4NKQ,4NKQ_C_AB,"DB176A,VB177A,RB178A,IB179A",4,-0.12023271,1
4NKQ,4NKQ_C_AB,DB176A,1,0.42262554,1
4NKQ,4NKQ_C_AB,DB176E,1,0.46822128,1
4NKQ,4NKQ_C_AB,RB178A,1,0.36020452,1
4NKQ,4NKQ_C_AB,RB178D,1,-0.2906705,1
4NKQ,4NKQ_C_AB,"RB80D,KB90D",2,1.3137192,1
4NKQ,4NKQ_C_AB,DC99K,1,-0.33154547,1
4NKQ,4NKQ_C_AB,"DC99K,RB80D",2,0.1764526,1
4NKQ,4NKQ_C_AB,"DC99K,DB87R",2,0.8152364,1
4NKQ,4NKQ_C_AB,"DC99K,KB90D",2,-0.5019833,1
4NKQ,4NKQ_C_AB,"DC99K,RB80D,KB90D",3,0.53555894,1
4RS1,4RS1_A_B,EA88A,1,0.47655228,2
4RS1,4RS1_A_B,EA88Q,1,0.9249573,2
4RS1,4RS1_A_B,EA88K,1,0.33650327,2
4RS1,4RS1_A_B,NA89D,1,0.2956283,2
4RS1,4RS1_A_B,NA89A,1,1.290018,2
4RS1,4RS1_A_B,NA89K,1,0.91014516,2
4RS1,4RS1_A_B,KA91A,1,-0.11502811,2
4RS1,4RS1_A_B,KA91Q,1,0.2740822,2
4RS1,4RS1_A_B,KA91E,1,0.1251905,2
4RS1,4RS1_A_B,DA92N,1,1.430067,2
4RS1,4RS1_A_B,DA92A,1,1.7201008,2
4RS1,4RS1_A_B,DA92R,1,3.1302214,2
4RS1,4RS1_A_B,DA92K,1,3.9774852,2
4NKQ,4NKQ_C_AB,RB178M,1,1.8640348,1
4NKQ,4NKQ_C_AB,"DB176A,VB177A",2,1.9070294,1
4NKQ,4NKQ_C_AB,"DB176Q,VB177Q",2,1.9580855,1
4NKQ,4NKQ_C_AB,DB176A,1,1.8037333,1
4NKQ,4NKQ_C_AB,DB176N,1,2.1189344,1
4NKQ,4NKQ_C_AB,"IB179A,LB180A",2,0.24021861,1
4NKQ,4NKQ_C_AB,"IB179Q,LB180Q",2,1.0615314,1
4NKQ,4NKQ_C_AB,RB156Q,1,0.33154547,1
4NKQ,4NKQ_C_AB,RB178M,1,2.7283423,1
4NKQ,4NKQ_C_AB,"DB176A,VB177A",2,2.246422,1
4NKQ,4NKQ_C_AB,"DB176Q,VB177Q",2,2.4881237,1
4NKQ,4NKQ_C_AB,DB176A,1,2.6203253,1
4NKQ,4NKQ_C_AB,DB176N,1,1.7648702,1
4NKQ,4NKQ_C_AB,"IB179A,LB180A",2,0.30263966,1
4NKQ,4NKQ_C_AB,"IB179Q,LB180Q",2,0.65087503,1
4NKQ,4NKQ_C_AB,RB156Q,1,0.82131284,1
4RS1,4RS1_A_B,IA6G,1,0.85628736,2
4RS1,4RS1_A_B,EA8R,1,0.39442384,2
4RS1,4RS1_A_B,RA10D,1,0.17839031,2
4RS1,4RS1_A_B,RA11D,1,0.19012241,2
4NKQ,4NKQ_C_AB,NC4E,1,-0.3905714,1
4NKQ,4NKQ_C_AB,IC6G,1,0.3344568,1
4NKQ,4NKQ_C_AB,EC8R,1,2.6404104,1
4NKQ,4NKQ_C_AB,RC10D,1,0.111411914,1
4NKQ,4NKQ_C_AB,RC11D,1,-0.20550437,1
4NKQ,4NKQ_C_AB,NC14D,1,-0.6018842,1
4NKQ,4NKQ_C_AB,LC15D,1,-0.23513316,1
5E6P,5E6P_A_B,IB22A,1,0.27845457,1
5E6P,5E6P_A_B,LB24A,1,0.92932963,1
5E6P,5E6P_A_B,RB42A,1,0.689111,1
5E6P,5E6P_A_B,RB42E,1,1.7748275,1
5E6P,5E6P_A_B,YA468A,1,0.36446795,1
5E6P,5E6P_A_B,AA494E,1,1.1179981,1
5E6P,5E6P_A_B,AA495E,1,1.6043897,1
1U7F,1U7F_B_AC,RB65A,1,1.737952,1
1U7F,1U7F_B_AC,DB140A,1,2.673813,1
2REX,2REX_A_B,LA70Y,1,0.5577501,2
2REX,2REX_A_B,YB97F,1,0.0,2
3Q3J,3Q3J_A_B,YB100F,1,0.21131277,1
3NVQ,3NVQ_B_A,RA157E,1,1.5458552,3
3NVQ,3NVQ_B_A,RA159E,1,1.5608547,3
3NVN,3NVN_B_A,RA193E,1,2.4865458,4
3NVN,3NVN_B_A,RB186S,1,1.2686275,4
1JTG,1JTG_A_B,FB36A,1,3.8311043,4
1JTG,1JTG_A_B,FB36A,1,3.5908856,4
1JTG,1JTG_A_B,FB36A,1,3.0436552,4
1JTG,1JTG_A_B,HB41A,1,3.4651825,4
1JTG,1JTG_A_B,HB41A,1,3.6500618,4
1JTG,1JTG_A_B,HB41A,1,4.162887,4
1JTG,1JTG_A_B,DB49A,1,3.2394054,4
1JTG,1JTG_A_B,DB49A,1,3.0652013,4
1JTG,1JTG_A_B,DB49A,1,2.9027696,4
1JTG,1JTG_A_B,YB53A,1,3.2093723,4
1JTG,1JTG_A_B,YB53A,1,3.8311043,4
1JTG,1JTG_A_B,YB53A,1,3.400191,4
1JTG,1JTG_A_B,KB74A,1,3.974159,4
1JTG,1JTG_A_B,KB74A,1,4.092513,4
1JTG,1JTG_A_B,KB74A,1,3.7522304,4
1JTG,1JTG_A_B,WB112A,1,3.4204478,4
1JTG,1JTG_A_B,WB112A,1,3.2093723,4
1JTG,1JTG_A_B,WB112A,1,2.9299688,4
1JTG,1JTG_A_B,FB142A,1,3.2394054,4
1JTG,1JTG_A_B,FB142A,1,3.4651825,4
1JTG,1JTG_A_B,FB142A,1,3.2394054,4
1JTG,1JTG_A_B,HB148A,1,2.4501011,4
1JTG,1JTG_A_B,HB148A,1,3.6200285,4
1JTG,1JTG_A_B,HB148A,1,3.8750691,4
1JTG,1JTG_A_B,WB150A,1,4.9841995,4
1JTG,1JTG_A_B,WB150A,1,4.573543,4
1JTG,1JTG_A_B,WB150A,1,4.9841995,4
1JTG,1JTG_A_B,RB160A,1,3.5908856,4
1JTG,1JTG_A_B,RB160A,1,3.254968,4
1JTG,1JTG_A_B,RB160A,1,3.30542,4
1JTG,1JTG_A_B,SB39A,1,0.351783,4
1JTG,1JTG_A_B,GB48A,1,1.3023428,4
1JTG,1JTG_A_B,GB48A,1,1.9412487,4
1JTG,1JTG_A_B,YB50A,1,-2.0774672,4
1JTG,1JTG_A_B,YB50A,1,-2.119869,4
1JTG,1JTG_A_B,YB51A,1,1.1420861,4
1JTG,1JTG_A_B,YB51A,1,1.0624204,4
1JTG,1JTG_A_B,YB51A,1,1.0388641,4
1JTG,1JTG_A_B,SB71A,1,0.59101826,4
1JTG,1JTG_A_B,EB73A,1,0.98571545,4
1JTG,1JTG_A_B,SB113A,1,-0.4991435,4
1JTG,1JTG_A_B,GB141A,1,1.8707118,4
1JTG,1JTG_A_B,YB143A,1,0.8916864,4
1JTG,1JTG_A_B,YB143A,1,1.5581532,4
1JTG,1JTG_A_B,RB144A,1,1.1825987,4
1LFD,1LFD_A_B,IA5A,1,1.0004743,4
1LFD,1LFD_A_B,RA7A,1,2.2015543,4
1LFD,1LFD_A_B,NA14A,1,1.0004743,4
1LFD,1LFD_A_B,NA16A,1,0.30178165,4
1LFD,1LFD_A_B,YA18F,1,1.0004743,4
1LFD,1LFD_A_B,KA19A,1,1.7991841,4
1LFD,1LFD_A_B,SA20A,1,0.80081373,4
1LFD,1LFD_A_B,KA35A,1,0.30178165,4
1LFD,1LFD_A_B,DA38A,1,-0.29922,4
1LFD,1LFD_A_B,KA39A,1,2.4014938,4
1LFD,1LFD_A_B,HA40A,1,1.0004743,4
1LFD,1LFD_A_B,EA44A,1,-0.099673435,4
1LFD,1LFD_A_B,QB25A,1,0.9006381,4
1LFD,1LFD_A_B,DB33A,1,1.1007847,4
1LFD,1LFD_A_B,SB39A,1,-0.5999684,4
1LFD,1LFD_A_B,YB40F,1,2.3011672,4
1LFD,1LFD_A_B,RB41A,1,0.9006381,4
1LFD,1LFD_A_B,IA5A,1,1.8241292,4
1LFD,1LFD_A_B,RA7A,1,2.3048167,4
1LFD,1LFD_A_B,NA14A,1,0.8626772,4
1LFD,1LFD_A_B,NA16A,1,0.6701435,4
1LFD,1LFD_A_B,YA18F,1,1.6315053,4
1LFD,1LFD_A_B,YA18A,1,3.458532,4
1LFD,1LFD_A_B,KA19A,1,3.0743976,4
1LFD,1LFD_A_B,SA20A,1,1.0549668,4
1LFD,1LFD_A_B,KA35A,1,0.5743233,4
1LFD,1LFD_A_B,DA38A,1,-0.29052365,4
1LFD,1LFD_A_B,KA39A,1,3.0743976,4
1LFD,1LFD_A_B,HA40A,1,1.9196249,4
1LFD,1LFD_A_B,EA44A,1,0.19088997,4
1LFD,1LFD_A_B,VB29A,1,0.47771078,4
1LFD,1LFD_A_B,EB37A,1,1.1507562,4
1LFD,1LFD_A_B,DB38A,1,3.746721,4
1LFD,1LFD_A_B,SB39A,1,-0.8671045,4
1LFD,1LFD_A_B,YB40F,1,1.9196249,4
1LFD,1LFD_A_B,YB40A,1,3.5545313,4
1LFD,1LFD_A_B,RB41A,1,0.76619107,4
1LFD,1LFD_A_B,EB62A,1,0.19088997,4
1LFD,1LFD_A_B,EB63A,1,0.28575388,4
4G0N,4G0N_A_B,RB6A,1,1.645757,4
4G0N,4G0N_A_B,NB11A,1,0.09720734,4
4G0N,4G0N_A_B,QB13A,1,1.645757,4
4G0N,4G0N_A_B,RB14A,1,1.9372704,4
4G0N,4G0N_A_B,TB15A,1,1.4525357,4
4G0N,4G0N_A_B,VB16A,1,0.9681078,4
4G0N,4G0N_A_B,KB31A,1,2.1297555,4
4G0N,4G0N_A_B,VB35A,1,0.09720734,4
4G0N,4G0N_A_B,IA21A,1,0.87122935,4
4G0N,4G0N_A_B,HA27A,1,-0.29069513,4
4G0N,4G0N_A_B,EA31A,1,0.48550442,4
4G0N,4G0N_A_B,DA33A,1,1.0649688,4
4G0N,4G0N_A_B,IA36A,1,1.7429594,4
4G0N,4G0N_A_B,EA37A,1,1.7429594,4
4G0N,4G0N_A_B,DA38A,1,3.193986,4
4G0N,4G0N_A_B,SA39A,1,0.29070067,4
4G0N,4G0N_A_B,RA41A,1,-0.580602,4
4G0N,4G0N_A_B,VA45A,1,-0.29069513,4
1GUA,1GUA_A_B,RB4A,1,1.0008436,4
1GUA,1GUA_A_B,NB9A,1,-0.3999384,4
1GUA,1GUA_A_B,KB10A,1,-0.3999384,4
1GUA,1GUA_A_B,QB11A,1,0.10035651,4
1GUA,1GUA_A_B,TB13A,1,0.70115525,4
1GUA,1GUA_A_B,VB14A,1,0.10035651,4
1GUA,1GUA_A_B,KB29A,1,1.999214,4
1GUA,1GUA_A_B,KB32A,1,0.79927695,4
1GUA,1GUA_A_B,VB33A,1,0.20002995,4
1GUA,1GUA_A_B,EA37A,1,1.3008146,4
1GUA,1GUA_A_B,SA39A,1,1.4003003,4
1LFD,1LFD_A_B,"NA16A,QB25A",2,0.30178165,4
1LFD,1LFD_A_B,"KA19A,QB25A",2,2.5012662,4
1LFD,1LFD_A_B,"DA38A,DB33A",2,0.2003227,4
1LFD,1LFD_A_B,"HA40A,DB33A",2,2.2015543,4
1LFD,1LFD_A_B,"NA16A,SB39A",2,0.0,4
1LFD,1LFD_A_B,"YA18F,SB39A",2,0.80081373,4
1LFD,1LFD_A_B,"KA35A,SB39A",2,-0.099673435,4
1LFD,1LFD_A_B,"HA40A,SB39A",2,0.5011253,4
1LFD,1LFD_A_B,"NA16A,YB40F",2,2.3011672,4
1LFD,1LFD_A_B,"YA18F,YB40F",2,2.6016874,4
1LFD,1LFD_A_B,"SA20A,YB40F",2,1.7991841,4
1LFD,1LFD_A_B,"NA14A,RB41A",2,1.6006627,4
1LFD,1LFD_A_B,"NA16A,RB41A",2,1.4007436,4
1LFD,1LFD_A_B,"YA18F,RB41A",2,1.7991841,4
1LFD,1LFD_A_B,"HA40A,VB29A",2,1.9196249,4
1LFD,1LFD_A_B,"RA7A,EB37A",2,2.016676,4
1LFD,1LFD_A_B,"NA14A,EB37A",2,1.9196249,4
1LFD,1LFD_A_B,"YA18F,EB37A",2,1.2470759,4
1LFD,1LFD_A_B,"YA18A,EB37A",2,3.458532,4
1LFD,1LFD_A_B,"SA20A,EB37A",2,2.2082965,4
1LFD,1LFD_A_B,"YA18A,DB38A",2,4.7080827,4
1LFD,1LFD_A_B,"SA20A,DB38A",2,3.1699991,4
1LFD,1LFD_A_B,"KA39A,DB38A",2,5.8624244,4
1LFD,1LFD_A_B,"YA18A,SB39A",2,3.9384933,4
1LFD,1LFD_A_B,"NA14A,RB41A",2,1.437748,4
1LFD,1LFD_A_B,"NA16A,RB41A",2,0.76619107,4
1LFD,1LFD_A_B,"KA35A,EB63A",2,0.28575388,4
4G0N,4G0N_A_B,"TB15A,IA21A",2,2.1297555,4
4G0N,4G0N_A_B,"VB16A,IA21A",2,1.5513604,4
4G0N,4G0N_A_B,"VB35A,IA21A",2,0.29070067,4
4G0N,4G0N_A_B,"VB35A,HA27A",2,0.19255085,4
4G0N,4G0N_A_B,"RB6A,EA31A",2,2.1297555,4
4G0N,4G0N_A_B,"TB15A,EA31A",2,1.5513604,4
4G0N,4G0N_A_B,"KB31A,EA31A",2,2.0329933,4
4G0N,4G0N_A_B,"RB6A,DA33A",2,2.516607,4
4G0N,4G0N_A_B,"KB31A,DA33A",2,2.6137888,4
4G0N,4G0N_A_B,"RB6A,IA36A",2,4.257757,4
4G0N,4G0N_A_B,"TB15A,IA36A",2,3.000671,4
4G0N,4G0N_A_B,"VB16A,IA36A",2,2.6137888,4
4G0N,4G0N_A_B,"RB6A,EA37A",2,2.3235662,4
4G0N,4G0N_A_B,"TB15A,EA37A",2,2.8070836,4
4G0N,4G0N_A_B,"VB16A,EA37A",2,2.7103422,4
4G0N,4G0N_A_B,"KB31A,EA37A",2,3.3875308,4
4G0N,4G0N_A_B,"RB6A,DA38A",2,4.451485,4
4G0N,4G0N_A_B,"TB15A,DA38A",2,3.000671,4
4G0N,4G0N_A_B,"QB13A,SA39A",2,2.0329933,4
4G0N,4G0N_A_B,"RB14A,SA39A",2,2.2268512,4
4G0N,4G0N_A_B,"TB15A,SA39A",2,1.9372704,4
4G0N,4G0N_A_B,"NB11A,RA41A",2,-0.580602,4
4G0N,4G0N_A_B,"QB13A,RA41A",2,1.2585136,4
4G0N,4G0N_A_B,"NB11A,VA45A",2,0.0,4
4G0N,4G0N_A_B,"QB13A,VA45A",2,1.5513604,4
4G0N,4G0N_A_B,"RB14A,VA45A",2,1.7429594,4
4G0N,4G0N_A_B,"TB15A,VA45A",2,1.0649688,4
1GUA,1GUA_A_B,"RB4A,EA37A",2,1.3008146,4
1GUA,1GUA_A_B,"VB14A,EA37A",2,1.7006744,4
1K8R,1K8R_A_B,QB11A,1,1.7981402,1
1K8R,1K8R_A_B,RB13A,1,2.8009782,1
1K8R,1K8R_A_B,KB23A,1,0.5867637,1
1K8R,1K8R_A_B,KB31A,1,2.7283423,1
1K8R,1K8R_A_B,RB76A,1,0.7152742,1
1K8R,1K8R_A_B,RB77A,1,1.436807,1
1K8R,1K8R_A_B,EA31K,1,0.17093296,1
1K8R,1K8R_A_B,"DA30K,EA31K",2,0.40966487,1
1K8R,1K8R_A_B,DA33A,1,1.535104,1
1K8R,1K8R_A_B,EA37A,1,0.3058015,1
1K8R,1K8R_A_B,DA38A,1,1.7121863,1
1K8R,1K8R_A_B,DA38E,1,3.4376621,1
1K8R,1K8R_A_B,DA38N,1,1.8962318,1
1K8R,1K8R_A_B,SA39A,1,0.7152742,1
1K8R,1K8R_A_B,YA40C,1,3.4376621,1
1K8R,1K8R_A_B,YA40F,1,1.4919976,1
1K8R,1K8R_A_B,RA41A,1,1.1796982,1
1K8R,1K8R_A_B,DA57A,1,1.1796982,1
1K8R,1K8R_A_B,EA62A,1,0.40966487,1
1K8R,1K8R_A_B,EA63A,1,0.40966487,1
4G0N,4G0N_A_B,FB8W,1,0.6034536,4
4G0N,4G0N_A_B,VB35I,1,0.5519035,4
4G0N,4G0N_A_B,NB18R,1,-0.6982965,4
4G0N,4G0N_A_B,"FB8W,NB18R",2,-0.28764006,4
4G0N,4G0N_A_B,"FB8W,NB18R,VB35I",3,0.36323497,4
4G0N,4G0N_A_B,"FB8W,RB14L,NB18R,VB35I",4,0.6034536,4
4G0N,4G0N_A_B,"FB8W,VB16E,NB18R,VB35I",4,1.818733,4
4G0N,4G0N_A_B,"FB8W,RB14L,VB16E,NB18R,KB31R,VB35I",6,3.6040466,4
4G0N,4G0N_A_B,AB32K,1,-1.1089529,4
4G0N,4G0N_A_B,"NB18R,AB32K",2,-1.2793907,4
3KUD,3KUD_A_B,KB30A,1,1.9539144,1
3KUD,3KUD_A_B,"KB30A,FB6W",2,2.1677976,1
3KUD,3KUD_A_B,"KB30A,VB33I",2,2.7589052,1
3KUD,3KUD_A_B,"KB30A,NB16R",2,0.76658607,1
3KUD,3KUD_A_B,"KB30A,FB6W,NB16R",3,1.2052376,1
3KUD,3KUD_A_B,"KB30A,FB6W,NB16R,VB33I",4,1.9539144,1
3KUD,3KUD_A_B,"KB30A,FB6W,RB12L,NB16R,VB33I",5,1.9666559,1
3KUD,3KUD_A_B,"KB30A,FB6W,VB14E,NB16R,VB33I",5,3.9646518,1
3KUD,3KUD_A_B,"KB30A,FB6W,RB12L,VB14E,NB16R,KB29R,VB33I",7,4.2063103,1
3KUD,3KUD_A_B,NB16R,1,-0.79807645,1
4G0N,4G0N_A_B,TA35A,1,2.6293707,4
4G0N,4G0N_A_B,"TA35A,NB18R",2,2.0998266,4
4G0N,4G0N_A_B,"TA35A,AB32K",2,2.578799,4
4G0N,4G0N_A_B,"TA35A,NB18R,AB32K",3,1.9676247,4
4G0N,4G0N_A_B,"YA32C,CA116S",2,0.7356554,4
4G0N,4G0N_A_B,"YA32C,CA116S,NB18R",3,-0.36675102,4
4G0N,4G0N_A_B,"YA32C,CA116S,AB32K",3,-0.6418298,4
4G0N,4G0N_A_B,"YA32C,CA116S,NB18R,AB32K",4,-1.7309221,4
3KUD,3KUD_A_B,"KB30A,TA35A",2,3.0406604,1
3KUD,3KUD_A_B,"KB30A,TA35A,NB16R",3,1.5169225,1
3KUD,3KUD_A_B,TA35A,1,1.9913449,1
3KUD,3KUD_A_B,"TA35A,NB16R",2,1.4893616,1
3KUD,3KUD_A_B,"KB30A,YA32C,CA118S",3,2.897035,1
3KUD,3KUD_A_B,"KB30A,YA32C,CA118S,NB16R",4,1.6597995,1
3KUD,3KUD_A_B,"YA32C,CA118S",2,0.91014516,1
3KUD,3KUD_A_B,"YA32C,CA118S,NB16R",3,-0.035917178,1
1GUA,1GUA_A_B,DA30E,1,0.24021861,4
1GUA,1GUA_A_B,"DA30E,EA31K",2,2.0150461,4
1C1Y,1C1Y_A_B,KA31E,1,-1.7748275,0
1C1Y,1C1Y_A_B,"KA31E,EA30D",2,-2.0150461,0
1C1Y,1C1Y_A_B,KB11M,1,0.71329606,0
1C1Y,1C1Y_A_B,NB10A,1,0.5019833,0
1C1Y,1C1Y_A_B,NB10D,1,1.476288,0
1C1Y,1C1Y_A_B,VB15A,1,1.1239525,0
1C1Y,1C1Y_A_B,KB11A,1,1.1089529,0
1C1Y,1C1Y_A_B,KB11E,1,0.8910936,0
1C1Y,1C1Y_A_B,TB14A,1,1.455498,0
1C1Y,1C1Y_A_B,RB13A,1,1.455498,0
1C1Y,1C1Y_A_B,RB5A,1,1.9070294,0
1C1Y,1C1Y_A_B,QB12A,1,1.5808899,0
1C1Y,1C1Y_A_B,"RB5A,NB10D",2,2.7525272,0
1C1Y,1C1Y_A_B,KB30A,1,1.312621,0
1C1Y,1C1Y_A_B,KB30E,1,2.2329054,0
1C1Y,1C1Y_A_B,"KB30A,RB35G",2,2.6203253,0
1C1Y,1C1Y_A_B,RB35L,1,2.6203253,0
4G0N,4G0N_A_B,KB12M,1,1.3225784,4
4G0N,4G0N_A_B,NB11A,1,1.5063304,4
4G0N,4G0N_A_B,NB11D,1,1.80897,4
4G0N,4G0N_A_B,VB16A,1,1.80897,4
4G0N,4G0N_A_B,KB12A,1,1.8322064,4
4G0N,4G0N_A_B,KB12E,1,1.9169868,4
4G0N,4G0N_A_B,TB15A,1,2.1572053,4
4G0N,4G0N_A_B,RB14A,1,2.3276432,4
4G0N,4G0N_A_B,RB6A,1,2.7382996,4
4G0N,4G0N_A_B,QB13A,1,2.785721,4
4G0N,4G0N_A_B,"RB6A,NB11D",2,3.421207,4
4G0N,4G0N_A_B,KB31A,1,3.5837975,4
4G0N,4G0N_A_B,KB31E,1,5.0657783,4
4G0N,4G0N_A_B,"KB31A,RB36G",2,5.358625,4
4G0N,4G0N_A_B,RB36L,1,5.358625,4
4G0N,4G0N_A_B,EA31A,1,1.3881191,4
4G0N,4G0N_A_B,DA33A,1,0.689111,4
4G0N,4G0N_A_B,RA41A,1,-0.10772061,4
4G0N,4G0N_A_B,RB6A,1,2.0392313,4
4G0N,4G0N_A_B,NB11A,1,0.4360252,4
4G0N,4G0N_A_B,RB14A,1,1.4963729,4
4G0N,4G0N_A_B,VB16A,1,0.689111,4
4G0N,4G0N_A_B,KB31A,1,2.0392313,4
4G0N,4G0N_A_B,VB35A,1,-0.10772061,4
4G0N,4G0N_A_B,TA35S,1,2.2143898,4
4G0N,4G0N_A_B,TA35A,1,2.9443758,4
4G0N,4G0N_A_B,DA38A,1,2.535545,4
1C1Y,1C1Y_A_B,DA38A,1,2.6203253,0
1LFD,1LFD_A_B,DB38A,1,2.7283423,4
1LFD,1LFD_A_B,YB32W,1,-0.21131277,4
1FFW,1FFW_A_B,AA102V,1,1.3641711,1
1FFW,1FFW_A_B,YA50C,1,0.12541981,1
3EQS,3EQS_A_B,TB1A,1,0.39184684,0
3EQS,3EQS_A_B,SB2A,1,1.263514,0
3EQS,3EQS_A_B,FB3A,1,5.5584974,0
3EQS,3EQS_A_B,EB5A,1,1.1146224,0
3EQS,3EQS_A_B,YB6A,1,3.1105554,0
3EQS,3EQS_A_B,WB7A,1,6.410199,0
3EQS,3EQS_A_B,NB8A,1,-1.1117365,0
3EQS,3EQS_A_B,LB9A,1,-0.17043781,0
3EQS,3EQS_A_B,LB10A,1,3.3343616,0
3EQS,3EQS_A_B,SB11A,1,0.11720225,0
3LNZ,3LNZ_A_B,AB8N,1,1.1117365,0
3EQY,3EQY_A_C,TC1A,1,0.37473926,3
3EQY,3EQY_A_C,SC2A,1,0.87140906,3
3EQY,3EQY_A_C,FC3A,1,5.660986,3
3EQY,3EQY_A_C,EC5A,1,1.2231921,3
3EQY,3EQY_A_C,YC6A,1,2.5873632,3
3EQY,3EQY_A_C,WC7A,1,6.0464277,3
3EQY,3EQY_A_C,NC8A,1,-0.7492133,3
3EQY,3EQY_A_C,LC9A,1,0.033863615,3
3EQY,3EQY_A_C,LC10A,1,2.3246152,3
3EQY,3EQY_A_C,SC11A,1,0.15275137,3
3EQY,3EQY_A_C,PC12A,1,0.2956283,3
3NGB,3NGB_HL_G,IH30A,1,-0.0026991025,2
3NGB,3NGB_HL_G,TH33A,1,0.69580543,2
3NGB,3NGB_HL_G,WH47A,1,1.1828623,2
3NGB,3NGB_HL_G,WH50A,1,1.2710462,2
3NGB,3NGB_HL_G,KH52A,1,0.6128784,2
3NGB,3NGB_HL_G,RH54A,1,-0.2552182,2
3NGB,3NGB_HL_G,GH55A,1,-1.2561543,2
3NGB,3NGB_HL_G,GH56A,1,1.2452834,2
3NGB,3NGB_HL_G,VH58A,1,1.3366102,2
3NGB,3NGB_HL_G,NH59A,1,1.738742,2
3NGB,3NGB_HL_G,YH60A,1,0.53961784,2
3NGB,3NGB_HL_G,RH62A,1,0.97985023,2
3NGB,3NGB_HL_G,PH63A,1,-0.041837517,2
3NGB,3NGB_HL_G,QH65A,1,-0.3349213,2
3NGB,3NGB_HL_G,MH70A,1,0.5220299,2
3NGB,3NGB_HL_G,RH72A,1,1.6168255,2
3NGB,3NGB_HL_G,VH74A,1,1.0704406,2
3NGB,3NGB_HL_G,YH75A,1,-0.19612087,2
3NGB,3NGB_HL_G,DH103A,1,0.05890981,2
3NGB,3NGB_HL_G,YH104A,1,1.4007215,2
3NGB,3NGB_HL_G,NH105A,1,1.1006083,2
3NGB,3NGB_HL_G,WH106A,1,4.3908286,2
3NGB,3NGB_HL_G,VL1A,1,-0.760942,2
3NGB,3NGB_HL_G,QL25A,1,-0.22690453,2
3NGB,3NGB_HL_G,YL26A,1,0.9694561,2
3NGB,3NGB_HL_G,SL28A,1,-0.14238751,2
3NGB,3NGB_HL_G,YL87A,1,1.9902998,2
3NGB,3NGB_HL_G,EL88A,1,1.2987503,2
3NGB,3NGB_HL_G,FL89A,1,0.8450669,2
3SE8,3SE8_HL_G,RH30A,1,-0.03886324,4
3SE8,3SE8_HL_G,WH47A,1,1.4514539,4
3SE8,3SE8_HL_G,WH50A,1,1.3121079,4
3SE8,3SE8_HL_G,KH52A,1,1.0935637,4
3SE8,3SE8_HL_G,LH54A,1,0.053896412,4
3SE8,3SE8_HL_G,WH55A,1,0.7488813,4
3SE8,3SE8_HL_G,GH56A,1,0.35136178,4
3SE8,3SE8_HL_G,VH58A,1,1.2296135,4
3SE8,3SE8_HL_G,SH59A,1,1.1323562,4
3SE8,3SE8_HL_G,YH60A,1,0.84210277,4
3SE8,3SE8_HL_G,RH62A,1,1.1867965,4
3SE8,3SE8_HL_G,QH63A,1,1.0965259,4
3SE8,3SE8_HL_G,QH65A,1,0.5409745,4
3SE8,3SE8_HL_G,RH72A,1,2.6019888,4
3SE8,3SE8_HL_G,QH76A,1,0.095343515,4
3SE8,3SE8_HL_G,PH78A,1,0.018515632,4
3SE8,3SE8_HL_G,PH81A,1,-0.0697808,4
3SE8,3SE8_HL_G,DH110A,1,-0.38309553,4
3SE8,3SE8_HL_G,YH111A,1,0.8165921,4
3SE8,3SE8_HL_G,DH114A,1,-0.24021861,4
3SE8,3SE8_HL_G,FH115A,1,1.0504572,4
3SE8,3SE8_HL_G,EL1A,1,-0.547579,4
3SE8,3SE8_HL_G,QL27A,1,-0.21265773,4
3SE8,3SE8_HL_G,NL30A,1,0.19122773,4
3SE8,3SE8_HL_G,DL49A,1,0.84210277,4
3SE8,3SE8_HL_G,FL90A,1,-0.85021865,4
3SE8,3SE8_HL_G,EL91A,1,1.4891825,4
3SE8,3SE8_HL_G,FL92A,1,0.81895715,4
3SE9,3SE9_HL_G,LH34A,1,0.55690914,1
3SE9,3SE9_HL_G,WH48A,1,1.0414464,1
3SE9,3SE9_HL_G,WH51A,1,1.2552056,1
3SE9,3SE9_HL_G,VH55A,1,-0.8454979,1
3SE9,3SE9_HL_G,TH56A,1,-0.8454979,1
3SE9,3SE9_HL_G,GH57A,1,0.44517794,1
3SE9,3SE9_HL_G,VH59A,1,0.9675656,1
3SE9,3SE9_HL_G,NH60A,1,1.49732,1
3SE9,3SE9_HL_G,GH62A,1,0.04559572,1
3SE9,3SE9_HL_G,PH64A,1,-0.43484148,1
3SE9,3SE9_HL_G,RH67A,1,1.445942,1
3SE9,3SE9_HL_G,RH74A,1,2.636225,1
3SE9,3SE9_HL_G,RH76A,1,-0.22848651,1
3SE9,3SE9_HL_G,DH77A,1,-0.754171,1
3SE9,3SE9_HL_G,YH104A,1,0.45625216,1
3SE9,3SE9_HL_G,TH105A,1,-0.43484148,1
3SE9,3SE9_HL_G,GH106A,1,-0.30263966,1
3SE9,3SE9_HL_G,GH107A,1,-0.6052793,1
3SE9,3SE9_HL_G,GH109A,1,0.18216991,1
3SE9,3SE9_HL_G,VL3A,1,-0.48639154,1
3SE9,3SE9_HL_G,YL28A,1,1.0997674,1
3SE9,3SE9_HL_G,GL29A,1,0.45625216,1
3SE9,3SE9_HL_G,LL89A,1,0.948756,1
3SE9,3SE9_HL_G,EL90A,1,0.41065642,1
3SE9,3SE9_HL_G,FL91A,1,0.02323639,1
1JTD,1JTD_A_B,NB12A,1,1.3017501,3
1JTD,1JTD_A_B,DB14A,1,1.508105,3
1JTD,1JTD_A_B,WB15A,1,1.3930769,3
1JTD,1JTD_A_B,TB19A,1,0.29518732,3
1JTD,1JTD_A_B,YB35A,1,3.1518188,3
1JTD,1JTD_A_B,FB36A,1,2.5512848,3
1JTD,1JTD_A_B,LB53A,1,0.6671076,3
1JTD,1JTD_A_B,NB74A,1,1.2099658,3
1JTD,1JTD_A_B,YB75A,1,0.48043722,3
1JTD,1JTD_A_B,DB93A,1,1.9898316,3
1JTD,1JTD_A_B,WB114A,1,3.2562008,3
1JTD,1JTD_A_B,DB129A,1,0.96087444,3
1JTD,1JTD_A_B,SB131A,1,0.15162824,3
1JTD,1JTD_A_B,DB132A,1,-0.549062,3
1JTD,1JTD_A_B,YB153A,1,3.3001063,3
1JTD,1JTD_A_B,DB168A,1,-1.0615314,3
1JTD,1JTD_A_B,YB170A,1,2.027262,3
1JTD,1JTD_A_B,FB171A,1,2.2007148,3
1JTD,1JTD_A_B,IB191A,1,2.8903894,3
1JTD,1JTD_A_B,FB192A,1,3.9618523,3
1JTD,1JTD_A_B,YB210A,1,0.82439053,3
1JTD,1JTD_A_B,EB230A,1,1.8500687,3
1JTD,1JTD_A_B,WB231A,1,5.8117375,3
1JTD,1JTD_A_B,RB248A,1,0.8883444,3
1JTD,1JTD_A_B,NB266A,1,2.6700213,3
3QHY,3QHY_A_B,NB10A,1,2.2552648,2
3QHY,3QHY_A_B,DB12A,1,2.2552648,2
3QHY,3QHY_A_B,WB13A,1,2.8636954,2
3QHY,3QHY_A_B,TB17A,1,0.056466706,2
3QHY,3QHY_A_B,YB33A,1,2.9032068,2
3QHY,3QHY_A_B,FB34A,1,3.9844966,2
3QHY,3QHY_A_B,LB51A,1,0.81635505,2
3QHY,3QHY_A_B,NB72A,1,1.6057048,2
3QHY,3QHY_A_B,YB73A,1,0.8012278,2
3QHY,3QHY_A_B,DB91A,1,1.8893908,2
3QHY,3QHY_A_B,WB112A,1,3.7898736,2
3QHY,3QHY_A_B,DB127A,1,0.38026762,2
3QHY,3QHY_A_B,SB129A,1,-0.08478038,2
3QHY,3QHY_A_B,DB130A,1,0.9613618,2
3QHY,3QHY_A_B,YB151A,1,3.4235926,2
3QHY,3QHY_A_B,DB166A,1,3.498105,2
3QHY,3QHY_A_B,YB168A,1,1.7433984,2
3QHY,3QHY_A_B,FB169A,1,2.0624676,2
3QHY,3QHY_A_B,IB189A,1,3.067735,2
3QHY,3QHY_A_B,FB190A,1,3.0754795,2
3QHY,3QHY_A_B,YB208A,1,0.24021861,2
3QHY,3QHY_A_B,EB228A,1,3.0129364,2
3QHY,3QHY_A_B,WB229A,1,5.4324994,2
3QHY,3QHY_A_B,RB246A,1,0.5349058,2
3QHY,3QHY_A_B,NB264A,1,2.6958709,2
1OHZ,1OHZ_A_B,"SB11A,TB12A",2,0.07970309,0
1OHZ,1OHZ_A_B,"SB45A,TB46A",2,0.07970309,0
1OHZ,1OHZ_A_B,"SB11A,TB12A,SB45A,TB46A",4,0.0,0
1OHZ,1OHZ_A_B,"SB11Q,SB45Q",2,2.185484,0
1OHZ,1OHZ_A_B,"SB11L,TB12L,SB45Q",3,3.0067968,0
2CCL,2CCL_A_B,"AB48S,AB49T",2,-0.07970309,1
5K39,5K39_A_B,MB108A,1,-0.47785532,3
5K39,5K39_A_B,MB112A,1,-0.23312329,3
5K39,5K39_A_B,SB115A,1,0.45034054,3
5K39,5K39_A_B,FB142A,1,2.7175374,3
5K39,5K39_A_B,IB148A,1,2.053059,3
5M2O,5M2O_A_B,IB17A,1,2.0263622,2
5M2O,5M2O_A_B,SB18A,1,0.047044702,2
5M2O,5M2O_A_B,VB21A,1,2.4438415,2
5M2O,5M2O_A_B,QB25A,1,1.1449113,2
5M2O,5M2O_A_B,KB32A,1,1.0636262,2
5M2O,5M2O_A_B,QB61A,1,-0.157751,2
5M2O,5M2O_A_B,LB65A,1,0.8506515,2
5M2O,5M2O_A_B,"VB21A,QB25A",2,3.3175988,2
5M2O,5M2O_A_B,NA64A,1,0.041853413,2
5M2O,5M2O_A_B,NA71A,1,0.15484607,2
5M2O,5M2O_A_B,KA73A,1,-0.75707597,2
5M2O,5M2O_A_B,LA75A,1,1.627034,2
5M2O,5M2O_A_B,EA80A,1,0.6998548,2
5M2O,5M2O_A_B,HA117A,1,0.883034,2
5M2O,5M2O_A_B,NA120A,1,0.44989702,2
5M2O,5M2O_A_B,"EA80A,HA117A",2,2.529977,2
5M2O,5M2O_A_B,"NA71A,HA117A",2,2.2868183,2
5M2O,5M2O_A_B,"NA71A,NA120A",2,2.4594626,2
5M2O,5M2O_A_B,"NA71A,EA80A",2,1.028942,2
5M2O,5M2O_A_B,"EA80A,HA117A",2,2.529977,2
5M2O,5M2O_A_B,"EA80A,NA120A",2,1.210967,2
5M2O,5M2O_A_B,"HA117A,NA120A",2,2.338982,2
1YCS,1YCS_A_B,RA177H,1,-0.11888775,2
1YCS,1YCS_A_B,"MA37L,VA107A,NA143Y,NA172D",4,-0.13897279,2
1YCS,1YCS_A_B,"MA37L,VA107A,NA143Y,NA172D,VA47A",5,0.14287694,2
1YCS,1YCS_A_B,"MA37L,VA107A,NA143Y,NA172D,RA153S,HA72R",6,0.50962794,2
1YCS,1YCS_A_B,"MA37L,VA107A,NA143Y,NA172D,FA174L",5,-0.18866855,2
1YCS,1YCS_A_B,"MA37L,VA107A,NA143Y,NA172D,RA186W",5,0.051550064,2
3EG5,3EG5_A_B,HA104F,1,-2.0854197,4
3EG5,3EG5_A_B,"TB73N,SB74N,HB75N",3,1.053579,4
3EG5,3EG5_A_B,"TB73N,SB74N,HB75N,HA104F",4,-1.3274181,4
5XCO,5XCO_A_B,DA13C,1,0.8112426,0
5XCO,5XCO_A_B,DA13G,1,1.1104871,0
5XCO,5XCO_A_B,PB6A,1,1.079022,0
5XCO,5XCO_A_B,LB7A,1,2.7479832,0
5XCO,5XCO_A_B,YB8A,1,1.3641711,0
5XCO,5XCO_A_B,IB9A,1,2.7973828,0
5XCO,5XCO_A_B,SB10A,1,1.2860104,0
5XCO,5XCO_A_B,YB11A,1,1.900335,0
5XCO,5XCO_A_B,DB12A,1,2.7973828,0
5XCO,5XCO_A_B,PB13A,1,0.63513535,0
5XCO,5XCO_A_B,VB14A,1,0.0,0
5XCO,5XCO_A_B,"DA13C,PB6A",2,2.409963,0
5XCO,5XCO_A_B,"DA13C,LB7A",2,2.7973828,0
5XCO,5XCO_A_B,"DA13C,YB8A",2,2.6189926,0
5XCO,5XCO_A_B,"DA13C,IB9A",2,2.7973828,0
5XCO,5XCO_A_B,"DA13C,SB10A",2,2.4643545,0
5XCO,5XCO_A_B,"DA13C,YB11A",2,2.7973828,0
5XCO,5XCO_A_B,"DA13C,DB12A",2,2.7973828,0
5XCO,5XCO_A_B,"DA13C,PB13A",2,1.7475835,0
5XCO,5XCO_A_B,"DA13C,VB14A",2,0.8599647,0
5XCO,5XCO_A_B,"DA13G,PB6A",2,2.4538684,0
5XCO,5XCO_A_B,"DA13G,LB7A",2,2.7973828,0
5XCO,5XCO_A_B,"DA13G,YB8A",2,2.7415082,0
5XCO,5XCO_A_B,"DA13G,IB9A",2,2.7973828,0
5XCO,5XCO_A_B,"DA13G,SB10A",2,2.7914286,0
5XCO,5XCO_A_B,"DA13G,YB11A",2,2.7973828,0
5XCO,5XCO_A_B,"DA13G,DB12A",2,2.7973828,0
5XCO,5XCO_A_B,"DA13G,PB13A",2,2.1223228,0
5XCO,5XCO_A_B,"DA13G,VB14A",2,1.3228204,0
5UFE,5UFE_A_B,GA12D,1,-1.2214625,0
5UFE,5UFE_A_B,GA12D,1,-1.3788003,0
5UFE,5UFE_A_B,GA12C,1,-0.39637977,0
5UFE,5UFE_A_B,GA12V,1,-0.72792524,0
5UFQ,5UFQ_A_C,DA12G,1,1.2214625,0
5UFQ,5UFQ_A_C,DA12G,1,1.3788003,0
5UFQ,5UFQ_A_C,DA12C,1,0.9824205,0
5UFQ,5UFQ_A_C,DA12V,1,0.65087503,0
5UFE,5UFE_A_B,QB25R,1,0.29242265,0
5UFE,5UFE_A_B,"QB25R,EB33G,DB34G",3,0.097520106,0
5UFE,5UFE_A_B,"GA12D,QB25R",2,-0.9751044,0
5UFE,5UFE_A_B,GA12D,1,-1.2214625,0
5UFE,5UFE_A_B,"GA12D,QB25R,EB33G,DB34G",4,-0.92253727,0
5UFQ,5UFQ_A_C,"DA12G,QC25R,KC55G",3,1.5138851,0
5UFQ,5UFQ_A_C,DA12G,1,1.2214625,0
5UFQ,5UFQ_A_C,"QC25R,KC55G",2,0.24635807,0
5TAR,5TAR_A_B,"TA183A,KA184E",2,2.7309124,4
5TAR,5TAR_A_B,FB13A,1,0.23156951,4
5TAR,5TAR_A_B,MB18A,1,-0.21500409,4
5TAR,5TAR_A_B,WB30A,1,0.6593997,4
5TAR,5TAR_A_B,EB86A,1,1.1265228,4
5TAR,5TAR_A_B,WB88A,1,0.38432088,4
5TAR,5TAR_A_B,QB114A,1,0.15741637,4
5TAR,5TAR_A_B,IB127A,1,-0.026335536,4
5TAR,5TAR_A_B,FB131A,1,0.24874325,4
4L0P,4L0P_A_B,TA11K,1,0.0,3
4L0P,4L0P_A_B,SA20F,1,0.056466706,3
4L0P,4L0P_A_B,EA27K,1,2.6659212,3
4L0P,4L0P_A_B,NA59S,1,0.31437176,3
4L0P,4L0P_A_B,TA76Q,1,1.4721879,3
4L0P,4L0P_A_B,TA140N,1,0.27845457,3
2KSO,2KSO_A_B,KA10D,1,0.33154547,2
2KSO,2KSO_A_B,KA49D,1,1.3409348,2
2KSO,2KSO_A_B,KA49E,1,1.3409348,2
2KSO,2KSO_A_B,"KA10D,DB25K",2,0.38742003,2
2KSO,2KSO_A_B,"KA10E,EB27K",2,0.6432304,2
2KSO,2KSO_A_B,"KA49D,DB36K",2,0.17610726,2
2KSO,2KSO_A_B,RA43E,1,-0.6623793,2
2KSO,2KSO_A_B,"RA43E,HB20R",2,-0.82131284,2
2KSO,2KSO_A_B,"RA43E,HB20E",2,0.45456183,2
2KSO,2KSO_A_B,HB20E,1,-0.15543823,2
1YQV,1YQV_HL_Y,RY45K,1,2.0010803,4
1YQV,1YQV_HL_Y,RY45K,1,2.0021381,4
1YQV,1YQV_HL_Y,RY45K,1,1.6343396,4
1YQV,1YQV_HL_Y,"RY68K,TY40S,IY55V,SY91T,QY121H",5,0.1061558,4
1YQV,1YQV_HL_Y,"RY68K,TY40S,IY55V,SY91T,QY121H",5,0.0,4
1YQV,1YQV_HL_Y,"RY68K,TY40S,IY55V,SY91T,QY121H",5,0.0,4
1YQV,1YQV_HL_Y,"RY68K,TY40S,IY55V,SY91T",4,5.3730054,4
1YQV,1YQV_HL_Y,"RY68K,TY40S,IY55V,SY91T",4,5.104349,4
1YQV,1YQV_HL_Y,"RY68K,TY40S,IY55V,SY91T",4,5.0972853,4
2WPT,2WPT_A_B,DA30A,1,-1.4202045,0
2WPT,2WPT_A_B,FB79A,1,2.6683247,0
2WPT,2WPT_A_B,"DA30A,FB79A",2,-0.16468582,0
2WPT,2WPT_A_B,NA31A,1,-0.1385577,0
2WPT,2WPT_A_B,SB77A,1,-0.08617144,0
2WPT,2WPT_A_B,"SB77A,NA31A",2,-0.43725476,0
3QIB,3QIB_ABP_CD,RC89P,1,-0.11936844,3
3QIB,3QIB_ABP_CD,NC94P,1,0.78681296,3
3QIB,3QIB_ABP_CD,LD95P,1,-0.3697238,3
3QIB,3QIB_ABP_CD,QA57A,1,0.2648344,3
3QIB,3QIB_ABP_CD,AA61G,1,0.8922893,3
3QIB,3QIB_ABP_CD,AA64G,1,0.6100001,3
3QIB,3QIB_ABP_CD,KA67A,1,0.56609464,3
3QIB,3QIB_ABP_CD,AA68G,1,0.8450669,3
3QIB,3QIB_ABP_CD,EA75A,1,0.0,3
3QIB,3QIB_ABP_CD,EB57A,1,0.0,3
3QIB,3QIB_ABP_CD,SB61A,1,0.026335536,3
3QIB,3QIB_ABP_CD,QB62A,1,1.7639565,3
3QIB,3QIB_ABP_CD,EB64A,1,1.2128121,3
3QIB,3QIB_ABP_CD,EB67A,1,1.8214198,3
3QIB,3QIB_ABP_CD,AB71G,1,2.204041,3
3QIB,3QIB_ABP_CD,DB74A,1,0.8629055,3
3QIB,3QIB_ABP_CD,TB75A,1,0.7498466,3
3QIB,3QIB_ABP_CD,HB79A,1,0.051550064,3
3QIB,3QIB_ABP_CD,"KA67A,EB64A",2,1.507048,3
3QIB,3QIB_ABP_CD,YP6A,1,3.1389987,3
3QIB,3QIB_ABP_CD,YP6F,1,0.10801677,3
3QIB,3QIB_ABP_CD,KP8A,1,3.1389987,3
3QIB,3QIB_ABP_CD,KP8R,1,2.237034,3
3QIB,3QIB_ABP_CD,TP11A,1,3.1389987,3
3QIB,3QIB_ABP_CD,TP11S,1,1.0757226,3
3QIB,3QIB_ABP_CD,TP11N,1,1.2238348,3
3QIB,3QIB_ABP_CD,"YP6F,TP11S",2,1.2169697,3
