key,ddG,ddG_pred,num_muts,complex
1A22_MA14A,0.0,3.349721670150757,1,1A22_A_B
1A22_HA18A,-0.48639154,-1.435244083404541,1,1A22_A_B
1A22_HA21A,0.15543823,2.00591778755188,1,1A22_A_B
1A22_QA22A,-0.21983741,0.15907669067382812,1,1A22_A_B
1A22_FA25A,-0.44731462,-1.5474433898925781,1,1A22_A_B
1A22_DA26A,-0.21131277,2.9534735679626465,1,1A22_A_B
1A22_QA29A,-0.5890467,0.3999764919281006,1,1A22_A_B
1A22_YA42A,0.19934364,-2.9399867057800293,1,1A22_A_B
1A22_LA45A,1.224517,4.1779327392578125,1,1A22_A_B
1A22_QA46A,0.10801677,1.7403240203857422,1,1A22_A_B
1A22_PA48A,0.41065642,8.057090759277344,1,1A22_A_B
1A22_SA51A,0.34823537,3.557277202606201,1,1A22_A_B
1A22_EA56A,0.41065642,2.751763343811035,1,1A22_A_B
1A22_PA61A,1.2093251,7.021771430969238,1,1A22_A_B
1A22_SA62A,0.15543823,2.037385940551758,1,1A22_A_B
1A22_NA63A,0.31437176,7.150400161743164,1,1A22_A_B
1A22_RA64A,1.6426257,1.9327027797698975,1,1A22_A_B
1A22_EA65A,-0.47307748,0.5209476947784424,1,1A22_A_B
1A22_QA68A,0.588454,3.8568243980407715,1,1A22_A_B
1A22_YA153A,0.34823537,2.7623209953308105,1,1A22_A_B
1A22_RA156A,0.27845457,3.4411778450012207,1,1A22_A_B
1A22_KA157A,-0.15484607,4.4354681968688965,1,1A22_A_B
1A22_DA160A,0.790924,-0.9825419187545776,1,1A22_A_B
1A22_KA161A,2.0150461,2.170424699783325,1,1A22_A_B
1A22_EA163A,-0.9246088,-0.26160359382629395,1,1A22_A_B
1A22_TA164A,1.9070294,5.423686504364014,1,1A22_A_B
1A22_FA165A,0.41065642,6.540202617645264,1,1A22_A_B
1A22_RA167A,2.4257026,4.669022560119629,1,1A22_A_B
1A22_IA168A,0.8063133,8.315808296203613,1,1A22_A_B
1A22_RA172A,0.54285824,5.289463520050049,1,1A22_A_B
1A22_EA175A,-0.011969134,0.7689958810806274,1,1A22_A_B
1A22_RB11A,2.1162474,-0.7205948829650879,1,1A22_A_B
1A22_EB12A,1.6927218,2.2164788246154785,1,1A22_A_B
1A22_RB29A,0.6901991,1.255279302597046,1,1A22_A_B
1A22_RB30A,0.5358469,6.7553277015686035,1,1A22_A_B
1A22_TB32A,0.11091385,-1.5673832893371582,1,1A22_A_B
1A22_QB33A,0.0,-1.1361489295959473,1,1A22_A_B
1A22_EB34A,-0.09423819,1.1318023204803467,1,1A22_A_B
1A22_WB35A,0.5143008,11.458728790283203,1,1A22_A_B
1A22_WB39A,-0.017686447,6.769914150238037,1,1A22_A_B
1A22_SB57A,-0.054726757,0.02084827423095703,1,1A22_A_B
1A22_SB61A,-0.18216991,-0.025631427764892578,1,1A22_A_B
1A22_IB62A,1.6078645,1.738321304321289,1,1A22_A_B
1A22_WB63A,4.731656,1.8523173332214355,1,1A22_A_B
1A22_IB64A,1.9408929,7.208915710449219,1,1A22_A_B
1A22_PB65A,3.305722,8.426962852478027,1,1A22_A_B
1A22_EB79A,-0.18216991,3.1768574714660645,1,1A22_A_B
1A22_KB80A,0.081285074,3.2881178855895996,1,1A22_A_B
1A22_SB83A,0.2740822,1.6164119243621826,1,1A22_A_B
1A22_DB85A,0.9939248,4.2663092613220215,1,1A22_A_B
1A22_EB86A,0.9706884,4.547638416290283,1,1A22_A_B
1A22_DB119A,1.4865336,3.770807981491089,1,1A22_A_B
1A22_IB120A,2.130757,6.437310218811035,1,1A22_A_B
1A22_QB121A,0.017173724,0.31278371810913086,1,1A22_A_B
1A22_KB122A,-0.017686447,1.6987667083740234,1,1A22_A_B
1A22_WB124A,4.731656,8.805893898010254,1,1A22_A_B
1A22_VB126A,-0.6170114,-1.3670363426208496,1,1A22_A_B
1A22_TB150A,-0.09423819,3.487095832824707,1,1A22_A_B
1A22_QB171A,0.8910936,3.528884172439575,1,1A22_A_B
1A22_RB172A,0.2740822,3.909353256225586,1,1A22_A_B
1A22_NB173A,0.2956283,4.834865570068359,1,1A22_A_B
1A22_SB174A,0.033863615,-0.6995859146118164,1,1A22_A_B
1A22_EB10A,0.17908691,1.1105995178222656,1,1A22_A_B
1A22_NB31A,0.2740822,2.3945770263671875,1,1A22_A_B
1A22_TB36A,0.20430143,2.631736993789673,1,1A22_A_B
1A22_FB55S,0.05009619,11.7121000289917,1,1A22_A_B
1A22_TB60A,1.7616124,4.83971643447876,1,1A22_A_B
1A22_TB149A,0.20430143,3.8499388694763184,1,1A22_A_B
1A22_KB170A,0.7853957,4.698014259338379,1,1A22_A_B
1A22_RB11L,0.52157027,-0.8642175197601318,1,1A22_A_B
1A22_RB11M,1.0003997,1.1017827987670898,1,1A22_A_B
"1A22_NB31A,TB32A,QB33A,EB34A",-0.1365742,-0.23600244522094727,4,1A22_A_B
"1A22_NB31A,TB32A,QB33A,EB34A,WB35A,WB39A",0.16606545,2.823978920777639,6,1A22_A_B
"1A22_SB57A,SB61A",-0.56959,-0.12496161460876465,2,1A22_A_B
"1A22_EB79A,KB80A",-0.34476057,3.241962432861328,2,1A22_A_B
"1A22_QB121A,KB122A,VB126A",-0.87222964,0.13304360707600912,3,1A22_A_B
"1A22_RB172A,NB173A",0.9025979,4.175041913986206,2,1A22_A_B
"1A22_QB171A,RB172A,NB173A",1.103567,4.1665793259938555,3,1A22_A_B
"1A22_SB57A,SB61A,EB79A,KB80A",-0.89546597,1.518373966217041,4,1A22_A_B
"1A22_SB57A,SB61A,EB79A,KB80A,QB121A,KB122A,VB126A",-1.4000883,0.8427262306213379,7,1A22_A_B
1A22_FB55S,-0.13220184,11.712108612060547,1,1A22_A_B
"1A22_KB2A,KB5A",0.24021861,0.8266861438751221,2,1A22_A_B
"1A22_RB29A,RB30A,EB34A",0.9535147,3.0299264589945474,3,1A22_A_B
"1A22_DB78A,EB79A,KB80A",0.20982979,3.1359658241271973,3,1A22_A_B
"1A22_DB107A,RB111A,EB113A",0.31437176,2.992088874181112,3,1A22_A_B
"1A22_RB116A,DB119A,KB122A",-0.062421046,2.17494535446167,3,1A22_A_B
"1A22_EB138A,KB140A,KB142A,DB145A",0.12023271,1.6854809522628784,4,1A22_A_B
"1A22_KB158A,DB160A,KB161A,EB162A,EB164A",1.1202381,3.5314978837966917,5,1A22_A_B
1A22_RB7A,0.26912445,3.250838279724121,1,1A22_A_B
1A22_EB10A,1.2319692,1.1105966567993164,1,1A22_A_B
1A22_RB11A,0.27845457,-0.7205986976623535,1,1A22_A_B
1A22_EB12A,0.65087503,2.216479778289795,1,1A22_A_B
1A22_RB29A,0.41801617,1.2552783489227295,1,1A22_A_B
1A22_RB30A,0.59932494,6.755322456359863,1,1A22_A_B
1A22_EB34A,-0.079110935,1.1318023204803467,1,1A22_A_B
1A22_EB38A,-0.079110935,0.9267125129699707,1,1A22_A_B
1A22_KB40A,0.14393395,1.1824543476104736,1,1A22_A_B
1A22_EB41A,0.7830769,1.4153432846069336,1,1A22_A_B
1A22_EB50A,0.17779756,0.41443192958831787,1,1A22_A_B
1A22_KB69A,0.04284652,2.8810102939605713,1,1A22_A_B
1A22_DB85A,0.9824205,4.266308784484863,1,1A22_A_B
1A22_EB86A,0.41065642,4.547643184661865,1,1A22_A_B
1A22_DB91A,1.0857165,1.9450273513793945,1,1A22_A_B
1A22_EB128A,0.08280224,7.852281093597412,1,1A22_A_B
1A22_EB130A,-0.079110935,5.24026346206665,1,1A22_A_B
1A22_KB134A,0.0,3.19338321685791,1,1A22_A_B
1A22_EB135A,0.19934364,0.6271710395812988,1,1A22_A_B
1A22_KB158A,0.24021861,2.073376178741455,1,1A22_A_B
1A22_DB160A,-0.04618847,2.181854724884033,1,1A22_A_B
1A22_KB161A,0.19934364,5.700176239013672,1,1A22_A_B
1A22_EB162A,-0.079110935,1.9544641971588135,1,1A22_A_B
1A22_EB164A,-0.062421046,6.013678073883057,1,1A22_A_B
1A22_RB166A,0.056466706,5.769075393676758,1,1A22_A_B
1A22_RB168A,-0.19052285,8.445816993713379,1,1A22_A_B
1A22_KB170A,0.49986362,4.698019027709961,1,1A22_A_B
1A22_RB172A,0.33154547,3.9093523025512695,1,1A22_A_B
1A22_EB179A,0.10801677,0.002481818199157715,1,1A22_A_B
1A22_WB35A,0.54285824,11.458732604980469,1,1A22_A_B
1A22_WB39A,0.16672337,6.769914150238037,1,1A22_A_B
1A22_WB63A,4.6353717,1.8523235321044922,1,1A22_A_B
1A22_WB63F,2.7848089,-0.1622474193572998,1,1A22_A_B
1A22_YB54A,0.19934364,5.825787544250488,1,1A22_A_B
1A22_PB9A,0.25964502,4.624264717102051,1,1A22_A_B
1A22_SB15A,-0.014999585,1.1650171279907227,1,1A22_A_B
1A22_TB19A,0.0697808,0.8860912322998047,1,1A22_A_B
1A22_NB31A,-0.44104522,2.394577980041504,1,1A22_A_B
1A22_TB32A,-0.44104522,-1.5673842430114746,1,1A22_A_B
1A22_QB33A,-0.58109426,-1.1361489295959473,1,1A22_A_B
1A22_TB36A,-0.2552182,2.6317367553710938,1,1A22_A_B
1A22_QB37A,-0.41065642,2.111853837966919,1,1A22_A_B
1A22_NB56A,-0.2552182,5.591007709503174,1,1A22_A_B
1A22_SB57A,-0.3278542,0.02084827423095703,1,1A22_A_B
1A22_SB58A,-0.5069411,0.9191020727157593,1,1A22_A_B
1A22_FB59A,-0.014999585,4.309415817260742,1,1A22_A_B
1A22_TB60A,1.0857165,4.839715480804443,1,1A22_A_B
1A22_SB61A,0.46712312,-0.025635242462158203,1,1A22_A_B
1A22_IB62A,0.43246692,1.7383193969726562,1,1A22_A_B
1A22_IB64A,0.13220184,7.208916664123535,1,1A22_A_B
1A22_PB65A,2.6268067,8.426961898803711,1,1A22_A_B
1A22_VB84A,1.1421832,3.2648568153381348,1,1A22_A_B
1A22_IB87A,0.588454,9.507891654968262,1,1A22_A_B
1A22_VB88A,-0.04618847,4.63920783996582,1,1A22_A_B
1A22_QB89A,-0.030388813,2.6015994548797607,1,1A22_A_B
"1A22_FA25A,YA42A,QA46A",0.19052285,-0.9720513025919596,3,1A22_A_B
1A22_FA25A,-0.43144634,-1.5474419593811035,1,1A22_A_B
"1A22_YA42A,QA46A",0.2733251,-0.622307300567627,2,1A22_A_B
"1A22_FA25A,YA42A,QA46A",0.2058186,-0.9720508257548014,3,1A22_A_B
1A22_FA25A,-0.39270195,-1.5474433898925781,1,1A22_A_B
"1A22_YA42A,QA46A",0.30627435,-0.6223058700561523,2,1A22_A_B
1A22_RB11A,2.1780317,-0.7205972671508789,1,1A22_A_B
1A22_EB12A,1.7777824,2.216479778289795,1,1A22_A_B
1A22_NB31A,0.17779756,2.394578456878662,1,1A22_A_B
1A22_TB32A,0.07762796,-1.5673828125,1,1A22_A_B
1A22_QB33A,0.0,-1.136148452758789,1,1A22_A_B
1A22_EB34A,-0.12265188,1.1318018436431885,1,1A22_A_B
1A22_WB35A,0.57737976,11.458725929260254,1,1A22_A_B
1A22_WB39A,0.0,6.7699151039123535,1,1A22_A_B
1A22_SB57A,-0.12265188,0.02084803581237793,1,1A22_A_B
1A22_SB61A,-0.2224189,-0.02563190460205078,1,1A22_A_B
1A22_IB62A,1.7777824,1.7383208274841309,1,1A22_A_B
1A22_IB64A,1.978388,7.208912372589111,1,1A22_A_B
1A22_CB67A,0.0,-0.32825279235839844,1,1A22_A_B
1A22_EB79A,-0.2224189,3.1768555641174316,1,1A22_A_B
1A22_KB80A,0.07762796,3.288115978240967,1,1A22_A_B
1A22_CB81A,0.0,4.477116107940674,1,1A22_A_B
1A22_SB83A,0.17779756,1.6164121627807617,1,1A22_A_B
1A22_DB85A,0.9778893,4.266304969787598,1,1A22_A_B
1A22_EB86A,0.9778893,4.547639846801758,1,1A22_A_B
1A22_DB119A,1.576076,3.7708022594451904,1,1A22_A_B
1A22_IB120A,2.1780317,6.437311172485352,1,1A22_A_B
1A22_QB121A,0.0,0.31278395652770996,1,1A22_A_B
1A22_KB122A,0.0,1.6987638473510742,1,1A22_A_B
1A22_VB126A,-0.7232535,-1.367034912109375,1,1A22_A_B
1A22_TB149A,0.17779756,3.8499374389648438,1,1A22_A_B
1A22_TB150A,-0.12265188,3.4870948791503906,1,1A22_A_B
1A22_QB171A,0.87777954,3.528881311416626,1,1A22_A_B
1A22_RB172A,0.17779756,3.909343719482422,1,1A22_A_B
1A22_NB173A,0.27845457,4.834864139556885,1,1A22_A_B
1A22_PA2A,-0.054726757,1.207321286201477,1,1A22_A_B
1A22_TA3A,-0.054726757,-0.5329275131225586,1,1A22_A_B
1A22_IA4A,0.41065642,-0.7733554840087891,1,1A22_A_B
1A22_PA5A,0.43623385,5.1398797035217285,1,1A22_A_B
1A22_LA6A,0.63914293,5.536887168884277,1,1A22_A_B
1A22_SA7A,0.3462961,1.2331984043121338,1,1A22_A_B
1A22_RA8A,0.20430143,-0.794774055480957,1,1A22_A_B
1A22_LA9A,-0.035917178,4.003569602966309,1,1A22_A_B
1A22_FA10A,1.0497993,6.4849348068237305,1,1A22_A_B
1A22_NA12A,0.096284665,4.952059268951416,1,1A22_A_B
1A22_MA14A,0.46870512,3.3497183322906494,1,1A22_A_B
1A22_LA15A,0.15275137,-1.0408403873443604,1,1A22_A_B
1A22_RA16A,0.24021861,0.022444725036621094,1,1A22_A_B
1A22_HA18A,-0.20635499,-1.4352436065673828,1,1A22_A_B
1A22_RA19A,0.05009619,1.1626238822937012,1,1A22_A_B
1A22_FA54A,0.8793615,5.66136360168457,1,1A22_A_B
1A22_SA55A,0.11091385,2.1641108989715576,1,1A22_A_B
1A22_EA56A,0.83848655,2.751763343811035,1,1A22_A_B
1A22_SA57A,0.20430143,1.2563586235046387,1,1A22_A_B
1A22_IA58A,1.6597995,14.426417350769043,1,1A22_A_B
1A22_PA59A,0.38392472,6.114944934844971,1,1A22_A_B
1A22_SA62A,0.63914293,2.037386417388916,1,1A22_A_B
1A22_NA63A,0.7062847,7.150400161743164,1,1A22_A_B
1A22_RA64A,1.8012388,1.9327034950256348,1,1A22_A_B
1A22_EA65A,-0.31437176,0.5209481716156006,1,1A22_A_B
1A22_EA66A,0.43623385,3.009838581085205,1,1A22_A_B
1A22_QA68A,0.9873783,3.8568310737609863,1,1A22_A_B
1A22_QA69A,-0.054726757,-0.8029251098632812,1,1A22_A_B
1A22_KA70A,0.52157027,3.579728126525879,1,1A22_A_B
1A22_SA71A,0.41065642,7.576654434204102,1,1A22_A_B
1A22_LA73A,-0.20635499,2.956456184387207,1,1A22_A_B
1A22_RA156A,-0.15893354,3.441171169281006,1,1A22_A_B
1A22_KA157A,0.05009619,4.435469627380371,1,1A22_A_B
1A22_DA160A,1.1578162,-0.9825443029403687,1,1A22_A_B
1A22_KA161A,1.543258,2.1704227924346924,1,1A22_A_B
1A22_EA163A,-0.89546597,-0.26160454750061035,1,1A22_A_B
1A22_TA164S,1.690717,2.450376510620117,1,1A22_A_B
1A22_FA165A,1.6382533,6.540207862854004,1,1A22_A_B
1A22_RA167N,1.2699329,2.60432767868042,1,1A22_A_B
1A22_IA168A,0.5897433,8.315808296203613,1,1A22_A_B
1A22_VA169A,0.0,5.060258865356445,1,1A22_A_B
1A22_QA170A,0.2740822,-0.31789112091064453,1,1A22_A_B
1A22_CA171A,1.0194105,7.907580375671387,1,1A22_A_B
1A22_RA172A,0.43623385,5.289467811584473,1,1A22_A_B
1A22_SA173A,-0.054726757,0.04934561252593994,1,1A22_A_B
1A22_VA174A,0.8793615,5.077118396759033,1,1A22_A_B
1A22_EA175A,-0.1365742,0.7689951658248901,1,1A22_A_B
1A22_GA176A,0.3462961,6.240272045135498,1,1A22_A_B
1A22_SA177A,-0.20635499,1.2218292951583862,1,1A22_A_B
1A22_FA180A,0.1918283,-0.3046698570251465,1,1A22_A_B
1A22_IA58L,0.31641823,5.423335552215576,1,1A22_A_B
1A22_RA64K,-0.31437176,0.400088906288147,1,1A22_A_B
1A22_FA165Y,1.2699329,0.5020501017570496,1,1A22_A_B
1A22_RA167K,0.9535147,4.190842628479004,1,1A22_A_B
"1A22_NA12H,FA25L",0.83848655,1.680657148361206,2,1A22_A_B
"1A22_DA11A,MA14V,HA18Q,RA19H,FA25A,QA29K,EA33R",0.7471597,0.3457357542855399,7,1A22_A_B
"1A22_NA12R,MA14V,LA15V,RA16L,RA19Y,FA25S,DA26E,QA29S,EA30Q,EA33K",1.3980347,0.15464797019958496,10,1A22_A_B
"1A22_NA12R,MA14V,LA15V,RA16L,RA19Y",1.6805893,0.5080197811126709,5,1A22_A_B
"1A22_QA22N,FA25S,DA26E,QA29S,EA30Q,EA33K",-0.09423819,-0.1739045778910319,6,1A22_A_B
"1A22_QA46H,NA47D,PA48S,QA49E,LA52F",1.1820012,1.732452404499054,5,1A22_A_B
"1A22_PA48A,TA50A,SA51A,LA52F",0.6024847,3.2388495206832886,4,1A22_A_B
"1A22_EA56D,RA64M",2.003314,1.150502473115921,2,1A22_A_B
"1A22_SA57T,TA60A,SA62T,NA63G,RA64K,EA65D,TA67A,KA70R,NA72D,LA73V",1.6805893,0.7440699875354767,10,1A22_A_B
"1A22_FA54H,SA55T,EA56S,IA58L,PA59A,SA62E,NA63D,RA64K,EA66Q,TA67A,KA70M,SA71N,NA72Q,LA73K,EA74D",2.4967728,2.3400676528612774,15,1A22_A_B
"1A22_EA88G,QA91Y,FA92H,RA94T,SA95E",0.1918283,1.2134184837341309,5,1A22_A_B
"1A22_FA97R,AA98G,NA99M,SA100Q,LA101D,VA102A,YA103P,GA104E",0.26300803,2.9108106791973114,8,1A22_A_B
"1A22_NA109D,VA110D,DA112H",0.3462961,3.3562854131062827,3,1A22_A_B
"1A22_YA111V,LA113I,KA115E,DA116Q,EA118K,EA119R,QA122E,TA123G,GA126L,RA127I,EA129S",0.2517229,2.203360839323564,11,1A22_A_B
"1A22_RA127D,LA128V,EA129H",0.31641823,1.9194019238154094,3,1A22_A_B
"1A22_RA156K,DA160H,IA168V,QA170K",1.9539144,-0.20561516284942627,4,1A22_A_B
"1A22_KA157A,EA163A",-0.76976275,2.0762279629707336,2,1A22_A_B
"1A22_RA64A,DA160A",3.3227506,0.46932077407836914,2,1A22_A_B
"1A22_KA161A,FA165A",3.7808285,4.42259156703949,2,1A22_A_B
1A4Y_HB8A,0.9041151,0.6211440563201904,1,1A4Y_A_B
1A4Y_QB12A,0.3002651,1.7818230390548706,1,1A4Y_A_B
1A4Y_NB68A,0.117809586,2.7908544540405273,1,1A4Y_A_B
1A4Y_EB108A,-0.3227247,4.77946662902832,1,1A4Y_A_B
1A4Y_YA434A,3.262015,3.2386345863342285,1,1A4Y_A_B
1A4Y_DA435A,3.4855437,2.0617358684539795,1,1A4Y_A_B
1A4Y_YA437A,0.8363124,5.813181400299072,1,1A4Y_A_B
"1A4Y_QA430A,VA432A",0.072213866,2.186181902885437,2,1A4Y_A_B
"1A4Y_WA438A,SA439A,EA440A",1.7856985,2.5394988457361856,3,1A4Y_A_B
1A4Y_RA457A,-0.22398603,2.0025124549865723,1,1A4Y_A_B
1A4Y_IA459A,0.67943245,5.210911273956299,1,1A4Y_A_B
1A4Y_HB84A,0.17043781,0.024323225021362305,1,1A4Y_A_B
1A4Y_WB89A,0.24021861,0.14619874954223633,1,1A4Y_A_B
1A4Y_WA261A,0.10065702,0.32686567306518555,1,1A4Y_A_B
1A4Y_WA263A,1.171374,1.2450027465820312,1,1A4Y_A_B
1A4Y_EA287A,0.10065702,5.838107109069824,1,1A4Y_A_B
1A4Y_SA289A,0.042336006,1.0777796506881714,1,1A4Y_A_B
1A4Y_WA318A,1.5007453,3.4200503826141357,1,1A4Y_A_B
1A4Y_KA320A,-0.3099994,4.249495983123779,1,1A4Y_A_B
1A4Y_EA344A,0.1786097,5.322747707366943,1,1A4Y_A_B
1A4Y_WA375A,1.0353621,7.23687219619751,1,1A4Y_A_B
1A4Y_EA401A,0.88373387,2.617357015609741,1,1A4Y_A_B
1A4Y_RB5A,2.309282,1.3915214538574219,1,1A4Y_A_B
1A4Y_RB32A,0.9102508,-0.06739413738250732,1,1A4Y_A_B
1A4Y_RB66A,0.20290907,0.5690677165985107,1,1A4Y_A_B
1A4Y_RB70A,-0.23193243,5.293439865112305,1,1A4Y_A_B
1A4Y_RB31A,0.25052238,-0.36272597312927246,1,1A4Y_A_B
1A4Y_RB33A,0.32707414,4.277995586395264,1,1A4Y_A_B
1A4Y_KB40Q,4.2524276,1.0784387588500977,1,1A4Y_A_B
1A4Y_HB13A,-0.2966853,13.398399353027344,1,1A4Y_A_B
1A4Y_HB114A,0.65682936,8.920371055603027,1,1A4Y_A_B
1A4Y_YA434F,0.5578579,1.5555663108825684,1,1A4Y_A_B
1A4Y_YA437F,0.24526079,0.8832698464393616,1,1A4Y_A_B
"1A4Y_YA434A,DA435A",6.8208556,2.7518688440322876,2,1A4Y_A_B
"1A4Y_YA434A,YA437A",6.6453323,4.578127384185791,2,1A4Y_A_B
"1A4Y_RB5A,YA434A",6.9797893,2.315074920654297,2,1A4Y_A_B
"1A4Y_RB5A,DA435A",6.773434,1.7266258001327515,2,1A4Y_A_B
"1A4Y_RB5A,YA434A,DA435A",10.107056,2.2984198729197183,3,1A4Y_A_B
"1A4Y_RB5A,YA434A,YA437A",8.531571,3.5159228642781577,3,1A4Y_A_B
1A4Y_KB40G,3.2368004,7.800729751586914,1,1A4Y_A_B
"1A4Y_KB40G,YA434F",6.665417,4.67814826965332,2,1A4Y_A_B
"1A4Y_KB40G,DA435A",4.107513,4.931228995323181,2,1A4Y_A_B
"1A4Y_KB40G,YA437A",6.4541044,6.80695915222168,2,1A4Y_A_B
"1A4Y_KB40G,YA434A,DA435A",6.213886,4.43482502301534,3,1A4Y_A_B
"1A4Y_KB40G,YA434A,YA437A",9.123152,5.652329921722412,3,1A4Y_A_B
1ACB_LI38G,6.1180687,12.912874221801758,1,1ACB_E_I
1ACB_LI38S,5.0208483,9.979705810546875,1,1ACB_E_I
1ACB_LI38P,6.9490676,13.143503189086914,1,1ACB_E_I
1ACB_LI38I,4.2901506,5.450177192687988,1,1ACB_E_I
1ACB_LI38D,6.866746,11.158203125,1,1ACB_E_I
1ACB_LI38E,6.646428,8.724666595458984,1,1ACB_E_I
"1AHW_TC110A,KC111A",0.63914293,1.3254488706588745,2,1AHW_AB_C
"1AHW_KC138A,DC139A",1.1820012,3.520025372505188,2,1AHW_AB_C
"1AHW_IC141Q,TC143I,YC145T",3.9774852,0.38756489753723145,3,1AHW_AB_C
1AHW_YC145A,3.8070474,2.648355007171631,1,1AHW_AB_C
1AHW_YC146A,-1.8898556,6.586569309234619,1,1AHW_AB_C
"1AHW_KC154A,KC155A",-1.3303075,2.0761672258377075,2,1AHW_AB_C
1AHW_TC156A,-0.074153155,0.31865453720092773,1,1AHW_AB_C
"1AHW_KC158A,NC160A,NC162A",4.0748267,3.80263622601827,3,1AHW_AB_C
1AHW_TC159A,1.106266,2.6494216918945312,1,1AHW_AB_C
1AHW_LC165A,0.9873783,2.3844008445739746,1,1AHW_AB_C
1AHW_DC167A,-0.48480958,1.6521263122558594,1,1AHW_AB_C
"1AHW_SC184A,RC185A",4.01836,4.725111722946167,2,1AHW_AB_C
1AHW_TC186A,1.3464847,2.5653343200683594,1,1AHW_AB_C
1AHW_VC187A,-0.31437176,-0.9003853797912598,1,1AHW_AB_C
1AHW_NC188A,1.0787052,2.672523260116577,1,1AHW_AB_C
"1AHW_RC189A,KC190A",4.01836,5.319709420204163,2,1AHW_AB_C
1AK4_PD85A,1.0857165,12.723784446716309,1,1AK4_A_D
1AK4_VD86A,0.99175066,2.5996313095092773,1,1AK4_A_D
1AK4_HD87A,1.0099814,-5.4025139808654785,1,1AK4_A_D
1AK4_HD87Q,0.9729411,-3.0777902603149414,1,1AK4_A_D
1AK4_HD87R,1.6457033,-4.485147476196289,1,1AK4_A_D
1AK4_AD88V,0.76976275,7.567354679107666,1,1AK4_A_D
1AK4_AD88G,2.654847,3.9441144466400146,1,1AK4_A_D
1AK4_GD89A,2.0774672,14.778407096862793,1,1AK4_A_D
1AK4_GD89V,3.0309818,21.975984573364258,1,1AK4_A_D
1AK4_PD90A,2.1730108,12.794296264648438,1,1AK4_A_D
1AK4_PD90V,3.0309818,13.328290939331055,1,1AK4_A_D
1AK4_ID91A,0.24021861,5.679706573486328,1,1AK4_A_D
1AK4_ID91V,0.0,-1.038980484008789,1,1AK4_A_D
1AK4_AD92G,0.58109426,9.34126091003418,1,1AK4_A_D
1AK4_AD92V,0.35910636,2.302076816558838,1,1AK4_A_D
1AK4_PD93A,0.6829073,12.38011646270752,1,1AK4_A_D
"1AK4_LD83T,VD86P,HD87A,AD88M,ID91L,AD92P,MD96I",0.7422019,2.998288665499006,7,1AK4_A_D
1AO7_DD26A,0.9790004,4.324492931365967,1,1AO7_ABC_DE
1AO7_EA58A,-0.71984255,0.1632399559020996,1,1AO7_ABC_DE
"1AO7_DD26A,EA58A",0.7495961,2.2438665628433228,2,1AO7_ABC_DE
1AO7_RD27A,0.54651165,-0.2875535488128662,1,1AO7_ABC_DE
1AO7_RD27A,0.43441045,-0.2875540256500244,1,1AO7_ABC_DE
1AO7_RA170A,-0.26356274,0.9674453735351562,1,1AO7_ABC_DE
"1AO7_RD27A,RA170A",1.1865082,0.3399449586868286,2,1AO7_ABC_DE
1AO7_QD30L,1.8337009,3.447254180908203,1,1AO7_ABC_DE
1AO7_LC1A,0.70101106,-0.28521013259887695,1,1AO7_ABC_DE
"1AO7_QD30L,LC1A",2.762697,1.581021785736084,2,1AO7_ABC_DE
1AO7_QD30L,1.5372131,3.4472525119781494,1,1AO7_ABC_DE
1AO7_LC1A,1.4165905,-0.2852132320404053,1,1AO7_ABC_DE
"1AO7_QD30L,LC1A",3.0241568,1.5810211896896362,2,1AO7_ABC_DE
1AO7_QD30V,-0.16672337,6.559889793395996,1,1AO7_ABC_DE
1AO7_LC1A,0.6994991,-0.28521060943603516,1,1AO7_ABC_DE
"1AO7_QD30V,LC1A",0.7237116,3.137339949607849,2,1AO7_ABC_DE
1AO7_QD30V,-0.01751217,6.5598931312561035,1,1AO7_ABC_DE
1AO7_YA159A,3.2453353,8.270193099975586,1,1AO7_ABC_DE
"1AO7_QD30V,YA159A",3.330276,7.415042877197266,2,1AO7_ABC_DE
"1AO7_EA63Q,QD30V",-0.006822939,3.0096817016601562,2,1AO7_ABC_DE
"1AO7_EA63Q,KA66A",1.3316362,1.1341187059879303,2,1AO7_ABC_DE
"1AO7_EA63Q,QD30V,KA66A",1.855068,2.9427109559377036,3,1AO7_ABC_DE
1AO7_SD31A,1.023031,0.15339398384094238,1,1AO7_ABC_DE
1AO7_YC5A,1.5328218,-0.005019426345825195,1,1AO7_ABC_DE
"1AO7_SD31A,YC5A",1.7094913,0.07418382167816162,2,1AO7_ABC_DE
1AO7_SD31A,0.98274976,0.15339350700378418,1,1AO7_ABC_DE
1AO7_YC5F,-0.12532611,0.8078787326812744,1,1AO7_ABC_DE
"1AO7_SD31A,YC5F",-0.04054573,0.48063528537750244,2,1AO7_ABC_DE
1AO7_YD50A,0.49844626,-1.029405117034912,1,1AO7_ABC_DE
1AO7_QA155A,0.4116841,-0.7735191583633423,1,1AO7_ABC_DE
"1AO7_YD50A,QA155A",0.27613577,-0.9014629125595093,2,1AO7_ABC_DE
1AO7_YD50A,0.48383236,-1.029405117034912,1,1AO7_ABC_DE
1AO7_QA155A,-0.10445237,-0.7735168933868408,1,1AO7_ABC_DE
"1AO7_YD50A,QA155A",-0.1121168,-0.9014623761177063,2,1AO7_ABC_DE
1AO7_ND52A,0.3549194,3.959355354309082,1,1AO7_ABC_DE
1AO7_EA166A,3.8667204,1.8351719379425049,1,1AO7_ABC_DE
"1AO7_ND52A,EA166A",3.1431563,2.897264838218689,2,1AO7_ABC_DE
1AO7_KD66A,1.2921896,1.5641226768493652,1,1AO7_ABC_DE
1AO7_TA163A,0.48929647,0.08369946479797363,1,1AO7_ABC_DE
"1AO7_KD66A,TA163A",0.97810125,0.8239122629165649,2,1AO7_ABC_DE
1AO7_KD66A,1.1308818,1.5641255378723145,1,1AO7_ABC_DE
1AO7_EA166A,2.6047895,1.8351705074310303,1,1AO7_ABC_DE
"1AO7_KD66A,EA166A",3.0337634,1.699647068977356,2,1AO7_ABC_DE
1AO7_TD91A,0.9576147,-0.002251863479614258,1,1AO7_ABC_DE
1AO7_YC5A,1.7602497,-0.0050203800201416016,1,1AO7_ABC_DE
"1AO7_TD91A,YC5A",3.0309818,-0.0036340951919555664,2,1AO7_ABC_DE
1AO7_TD92A,1.9466558,2.355504035949707,1,1AO7_ABC_DE
1AO7_RA65A,3.229689,4.542762756347656,1,1AO7_ABC_DE
"1AO7_TD92A,RA65A",2.4234712,3.449129819869995,2,1AO7_ABC_DE
1AO7_DD93N,2.4595213,3.2121193408966064,1,1AO7_ABC_DE
1AO7_RA65A,3.1078424,4.542759895324707,1,1AO7_ABC_DE
"1AO7_DD93N,RA65A",3.08435,3.877437472343445,2,1AO7_ABC_DE
1AO7_SD94A,-0.4751896,-0.26025140285491943,1,1AO7_ABC_DE
1AO7_YC5A,1.6338642,-0.005017757415771484,1,1AO7_ABC_DE
"1AO7_SD94A,YC5A",1.8610119,-0.1326313018798828,2,1AO7_ABC_DE
1AO7_WD95A,2.2244706,3.7119007110595703,1,1AO7_ABC_DE
1AO7_AA69G,1.1818315,4.944039344787598,1,1AO7_ABC_DE
"1AO7_WD95A,AA69G",2.9054587,4.327965259552002,2,1AO7_ABC_DE
1AO7_EE28A,2.022149,-1.2056305408477783,1,1AO7_ABC_DE
1AO7_YC8A,3.1675332,2.019599199295044,1,1AO7_ABC_DE
"1AO7_EE28A,YC8A",3.4254382,0.4069838523864746,2,1AO7_ABC_DE
1AO7_RE92A,0.45314956,1.4399189949035645,1,1AO7_ABC_DE
1AO7_YC5A,1.634981,-0.005022764205932617,1,1AO7_ABC_DE
"1AO7_RE92A,YC5A",2.0190833,0.717445969581604,2,1AO7_ABC_DE
1AO7_RE92A,0.20430143,1.439913034439087,1,1AO7_ABC_DE
1AO7_YC5A,1.2211077,-0.005013942718505859,1,1AO7_ABC_DE
"1AO7_RE92A,YC5A",1.046304,0.7174496650695801,2,1AO7_ABC_DE
1AO7_RE92A,0.48315758,1.4399166107177734,1,1AO7_ABC_DE
1AO7_YC5A,1.5620104,-0.0050199031829833984,1,1AO7_ABC_DE
"1AO7_RE92A,YC5A",1.7197614,0.7174504995346069,2,1AO7_ABC_DE
1AO7_RE92A,0.41935632,1.4399194717407227,1,1AO7_ABC_DE
1AO7_YC5F,0.16956076,0.807880163192749,1,1AO7_ABC_DE
"1AO7_RE92A,YC5F",0.60598004,1.1238971948623657,2,1AO7_ABC_DE
1AO7_PE100A,1.1492965,5.6772918701171875,1,1AO7_ABC_DE
1AO7_YC5A,1.7461805,-0.005020618438720703,1,1AO7_ABC_DE
"1AO7_PE100A,YC5A",2.406046,2.8361400365829468,2,1AO7_ABC_DE
1AO7_PE100A,1.1249167,5.677297592163086,1,1AO7_ABC_DE
1AO7_YC5A,1.3831615,-0.005018472671508789,1,1AO7_ABC_DE
"1AO7_PE100A,YC5A",1.9248974,2.8361432552337646,2,1AO7_ABC_DE
1AO7_PE100A,1.19775,5.6772966384887695,1,1AO7_ABC_DE
1AO7_YC5A,1.6319506,-0.005015850067138672,1,1AO7_ABC_DE
"1AO7_PE100A,YC5A",2.4474645,2.8361387252807617,2,1AO7_ABC_DE
1AO7_PE100A,1.1590191,5.677306652069092,1,1AO7_ABC_DE
1AO7_QA155A,0.42088902,-0.7735192775726318,1,1AO7_ABC_DE
"1AO7_PE100A,QA155A",0.93036085,2.4518874883651733,2,1AO7_ABC_DE
1AO7_DD93A,0.77962637,4.091566562652588,1,1AO7_ABC_DE
1AO7_QA72A,0.3566617,-0.8531092405319214,1,1AO7_ABC_DE
"1AO7_DD93A,QA72A",1.060843,1.6192299723625183,2,1AO7_ABC_DE
1AO7_RE99A,0.064695336,0.7157330513000488,1,1AO7_ABC_DE
1AO7_YC5A,1.7450925,-0.005023479461669922,1,1AO7_ABC_DE
"1AO7_RE99A,YC5A",1.8859434,0.3553575277328491,2,1AO7_ABC_DE
1AO7_AE96M,-0.3088434,1.0327856540679932,1,1AO7_ABC_DE
1AO7_GE97S,-0.34087563,5.192331314086914,1,1AO7_ABC_DE
"1AO7_GE97S,GE98A,RE99E",-3.4541113,2.6838042736053467,3,1AO7_ABC_DE
"1AO7_AE96M,GE97S,GE98A,RE99E",-3.9038448,2.3701910972595215,4,1AO7_ABC_DE
"1AO7_AE96M,GE97S,GE98A",-3.549655,3.58035945892334,3,1AO7_ABC_DE
"1AO7_AE96M,GE97S,GE98A,RE99Q",-3.9603114,2.660741925239563,4,1AO7_ABC_DE
1AO7_YC5F,0.17043781,0.8078765869140625,1,1AO7_ABC_DE
1AO7_AA150P,1.0039666,14.067849159240723,1,1AO7_ABC_DE
1AO7_YC5F,0.13273294,0.8078811168670654,1,1AO7_ABC_DE
1AO7_YC5A,1.5963655,-0.005017280578613281,1,1AO7_ABC_DE
1AO7_YC5W,0.88902366,-2.2519264221191406,1,1AO7_ABC_DE
1AO7_SD31A,0.5326757,0.1533968448638916,1,1AO7_ABC_DE
"1AO7_EA63Q,KA66A",0.9291082,1.1341197490692139,2,1AO7_ABC_DE
1AO7_KA66A,2.9348536,3.0954978466033936,1,1AO7_ABC_DE
1AO7_VC7R,1.2254227,8.407430648803711,1,1AO7_ABC_DE
1AO7_RA65A,2.6809208,4.542759418487549,1,1AO7_ABC_DE
1AO7_KA66A,1.7908841,3.095494031906128,1,1AO7_ABC_DE
1AO7_AA69G,1.3958606,4.944036483764648,1,1AO7_ABC_DE
1AO7_TA163A,0.72617596,0.08369994163513184,1,1AO7_ABC_DE
1AO7_EA166A,0.8771874,1.835174322128296,1,1AO7_ABC_DE
1AO7_WA167A,1.2002082,3.92130970954895,1,1AO7_ABC_DE
1AO7_QA43A,0.02890583,1.7356408834457397,1,1AO7_ABC_DE
1AO7_EA55A,0.8556438,3.062798261642456,1,1AO7_ABC_DE
1AO7_EA58A,-0.2552182,0.16324067115783691,1,1AO7_ABC_DE
1AO7_DA61A,0.3795585,-1.3870759010314941,1,1AO7_ABC_DE
1AO7_EA63A,0.15853737,1.009127140045166,1,1AO7_ABC_DE
1AO7_TA64A,-0.07604123,7.743692398071289,1,1AO7_ABC_DE
1AO7_RA65A,3.155595,4.542763710021973,1,1AO7_ABC_DE
1AO7_KA66A,3.155595,3.0955004692077637,1,1AO7_ABC_DE
1AO7_VA67A,-0.5582032,2.8346266746520996,1,1AO7_ABC_DE
1AO7_KA68A,0.19354472,4.718257904052734,1,1AO7_ABC_DE
1AO7_AA69G,1.5227085,4.944038391113281,1,1AO7_ABC_DE
1AO7_HA70A,3.155595,2.332392692565918,1,1AO7_ABC_DE
1AO7_QA72A,0.01725066,-0.8531101942062378,1,1AO7_ABC_DE
1AO7_TA73A,0.76669466,0.3548460006713867,1,1AO7_ABC_DE
1AO7_HA74A,1.6043897,0.5623247623443604,1,1AO7_ABC_DE
1AO7_RA75A,0.53472376,2.071988821029663,1,1AO7_ABC_DE
1AO7_VA76A,0.59687173,-0.9475843906402588,1,1AO7_ABC_DE
1AO7_TA80A,0.07573514,1.4962067604064941,1,1AO7_ABC_DE
1AO7_KA146A,0.46220648,1.4815897941589355,1,1AO7_ABC_DE
1AO7_AA149G,-0.15449645,4.739772796630859,1,1AO7_ABC_DE
1AO7_AA150G,0.061949592,7.676052093505859,1,1AO7_ABC_DE
1AO7_HA151A,-0.30263966,1.0712041854858398,1,1AO7_ABC_DE
1AO7_VA152A,-0.19424897,6.017428874969482,1,1AO7_ABC_DE
1AO7_EA154A,0.36154947,2.9408986568450928,1,1AO7_ABC_DE
1AO7_QA155A,0.1983811,-0.7735165357589722,1,1AO7_ABC_DE
1AO7_AA158G,0.31199083,5.8711090087890625,1,1AO7_ABC_DE
1AO7_TA163A,0.5292381,0.08369708061218262,1,1AO7_ABC_DE
1AO7_EA166A,1.4516383,1.8351709842681885,1,1AO7_ABC_DE
1AO7_WA167A,1.4261206,3.921302080154419,1,1AO7_ABC_DE
1AO7_RA170A,0.110256664,0.967444896697998,1,1AO7_ABC_DE
1AO7_DD26M,0.21131277,7.514951705932617,1,1AO7_ABC_DE
1AO7_DD26V,1.3641711,5.80922794342041,1,1AO7_ABC_DE
1AO7_DD26W,-1.0804503,6.560455799102783,1,1AO7_ABC_DE
1AO7_RD27F,-0.19934364,2.3047091960906982,1,1AO7_ABC_DE
1AO7_GD28A,0.54285824,0.7185893058776855,1,1AO7_ABC_DE
1AO7_GD28I,-0.27958414,2.2735562324523926,1,1AO7_ABC_DE
1AO7_GD28L,-0.46684107,-4.1394219398498535,1,1AO7_ABC_DE
1AO7_GD28M,-0.5186732,-1.007704257965088,1,1AO7_ABC_DE
1AO7_GD28R,2.3176858,-1.242851972579956,1,1AO7_ABC_DE
1AO7_GD28T,-0.75923043,-0.23591375350952148,1,1AO7_ABC_DE
1AO7_GD28V,0.54285824,2.8924474716186523,1,1AO7_ABC_DE
1AO7_SD29A,0.30263966,-1.3009965419769287,1,1AO7_ABC_DE
1AO7_QD30N,0.71329606,6.432777404785156,1,1AO7_ABC_DE
1AO7_QD30E,0.41065642,3.502626657485962,1,1AO7_ABC_DE
1AO7_SD51M,-0.37773395,3.7318835258483887,1,1AO7_ABC_DE
1AO7_KD66H,0.9535147,0.16239619255065918,1,1AO7_ABC_DE
1AO7_SD94A,0.0,-0.26025092601776123,1,1AO7_ABC_DE
1AO7_SD94N,1.9070294,0.6466608047485352,1,1AO7_ABC_DE
1AO7_SD94T,-0.49348688,1.028895378112793,1,1AO7_ABC_DE
1AO7_SD94Y,2.3176858,2.70505428314209,1,1AO7_ABC_DE
1AO7_IE52R,1.3641711,0.277451753616333,1,1AO7_ABC_DE
1AO7_AE96M,-0.3121191,1.0327837467193604,1,1AO7_ABC_DE
1AO7_AE96K,0.061574083,-0.01339578628540039,1,1AO7_ABC_DE
1AO7_GE97S,-0.3121191,5.1923322677612305,1,1AO7_ABC_DE
1AO7_GE98A,-1.09103,4.040038585662842,1,1AO7_ABC_DE
1AO7_RE99Q,0.41065642,0.1826181411743164,1,1AO7_ABC_DE
"1AO7_DD26W,RD27F,SD51M,SD94T",-2.7171636,3.5145166516304016,4,1AO7_ABC_DE
"1AO7_DD26W,RD27F,GD28T,SD51M,SD94T",-1.2850602,2.9266708850860597,5,1AO7_ABC_DE
"1AO7_DD26W,RD27F,SD51M,SD94T,VC7R",-1.3930769,4.493096876144409,5,1AO7_ABC_DE
"1AO7_GD28I,SD94A",-0.38309553,1.0166991353034973,2,1AO7_ABC_DE
"1AO7_GD28I,SD94T",-0.89961827,1.6558517217636108,2,1AO7_ABC_DE
"1AO7_GD28L,SD94A",-0.5086029,-2.1960777044296265,2,1AO7_ABC_DE
"1AO7_GD28L,SD94T",-1.028609,-1.5568305253982544,2,1AO7_ABC_DE
"1AO7_GD28M,SD94A",-0.80462295,-0.6215639114379883,2,1AO7_ABC_DE
"1AO7_GD28M,SD94T",-1.7472667,0.013123750686645508,2,1AO7_ABC_DE
"1AO7_GD28M,SD51M,SD94T",-2.1264582,1.234649658203125,3,1AO7_ABC_DE
"1AO7_GD28T,SD51M,SD94T",-1.6043897,1.500041166941325,3,1AO7_ABC_DE
"1AO7_RD27F,GD28M,SD51M,SD94T",-1.8037333,1.4309045672416687,4,1AO7_ABC_DE
"1AO7_RD27F,GD28T,SD51M,SD94T",-1.6043897,1.5326728224754333,4,1AO7_ABC_DE
"1AO7_DD26W,GD28M,SD51M,SD94T",-1.0787052,2.6125212907791138,4,1AO7_ABC_DE
"1AO7_DD26W,GD28T,SD51M,SD94T",-1.2376387,2.9367679953575134,4,1AO7_ABC_DE
"1AO7_GE98A,RE99Q",-1.5635147,2.148860454559326,2,1AO7_ABC_DE
"1AO7_AE96M,GE97S",-1.0448415,3.3041257858276367,2,1AO7_ABC_DE
"1AO7_AE96M,GE97S,GE98A",-3.5440392,3.580357074737549,3,1AO7_ABC_DE
"1AO7_AE96M,GE97S,GE98A,RE99Q",-3.9220755,2.6607431769371033,4,1AO7_ABC_DE
"1AO7_GD28T,AE96M,GE97S,GE98A",-3.8617742,2.6262884736061096,4,1AO7_ABC_DE
"1AO7_GD28T,AE96M,GE97S,GE98A,RE99Q",-3.965981,2.081413221359253,5,1AO7_ABC_DE
"1AO7_DD26W,AE96M,GE97S,GE98A,RE99Q",-4.038617,3.440686082839966,5,1AO7_ABC_DE
"1AO7_DD26W,RD27F,SD51M,AE96M,GE97S,GE98A,RE99Q",-3.7107627,3.3825304167611256,7,1AO7_ABC_DE
"1AO7_DD26W,RD27F,SD51M,SD94T,AE96M,GE97S,GE98A,RE99Q",-3.4511178,3.0876287519931793,8,1AO7_ABC_DE
1AO7_RD27P,0.30800125,2.4813687801361084,1,1AO7_ABC_DE
1AO7_KD97P,-0.26777947,0.5985958576202393,1,1AO7_ABC_DE
1AO7_AE50P,-0.3255171,-0.1836458444595337,1,1AO7_ABC_DE
1AO7_GE98P,0.44973335,11.615615844726562,1,1AO7_ABC_DE
1AO7_RE99P,-1.9416856,5.730258941650391,1,1AO7_ABC_DE
"1AO7_KD97P,AE50P,RE99P",-1.6319506,2.0325547059377036,3,1AO7_ABC_DE
"1AO7_KD97P,RE99P",-1.2212942,3.1644304990768433,2,1AO7_ABC_DE
"1AO7_DD26W,RD27F,GD28T,SD51M,SD94T",-2.7447245,2.9266704082489015,5,1AO7_ABC_DE
"1AO7_DD26W,RD27F,GD28T,SD51M,SD94T,RE99P",-3.3738556,3.3939340909322104,6,1AO7_ABC_DE
"1AO7_DD26W,RD27F,GD28T,SD51M,SD94T,KD97P,AE50P,RE99P",-4.6220574,2.5836193412542343,8,1AO7_ABC_DE
1B2S_AA27K,-3.8662953,-0.7840344905853271,1,1B2S_A_D
1B2S_AD43T,-0.34297577,0.4159059524536133,1,1B2S_A_D
"1B2S_AA27K,AD43T",-5.723925,-0.1840648651123047,2,1B2S_A_D
1B2U_AA27K,-5.046028,-1.9242849349975586,1,1B2U_A_D
1B2U_AD36D,-4.1682487,1.8541886806488037,1,1B2U_A_D
"1B2U_AA27K,AD36D",-9.549198,-0.03505361080169678,2,1B2U_A_D
1B3S_AA102H,-5.6819034,-2.76611328125,1,1B3S_A_D
1B3S_FD30Y,0.59609383,-0.6724820137023926,1,1B3S_A_D
"1B3S_AA102H,FD30Y",-5.5497017,-1.7192964553833008,2,1B3S_A_D
1B41_TB8V,1.1364256,-2.3104896545410156,1,1B41_A_B
1B41_TB9I,0.02468907,2.5984268188476562,1,1B41_A_B
1B41_TB9N,3.6109722,5.252595901489258,1,1B41_A_B
"1B41_TB8V,TB9I",0.3946864,0.2718883752822876,2,1B41_A_B
"1B41_TB8V,TB9N",2.4277997,1.2239538431167603,2,1B41_A_B
1B41_RB11K,0.6251122,0.11632275581359863,1,1B41_A_B
1B41_AB12S,0.7069596,2.867338180541992,1,1B41_A_B
1B41_RB27F,2.108171,3.9063243865966797,1,1B41_A_B
1B41_RB27M,1.4836316,1.1511934995651245,1,1B41_A_B
1B41_RB27Y,2.396639,4.032406806945801,1,1B41_A_B
1B41_HB29K,-0.88795066,0.25580358505249023,1,1B41_A_B
1B41_HB29R,-0.4093972,0.03859877586364746,1,1B41_A_B
1B41_KB32R,0.3914401,-1.279524326324463,1,1B41_A_B
1B41_MB33F,0.7788601,-0.1877453327178955,1,1B41_A_B
1B41_MB33L,1.8114858,0.1918656826019287,1,1B41_A_B
1B41_MB33Q,1.5959259,1.2525005340576172,1,1B41_A_B
1B41_MB33Y,0.7069596,1.5617029666900635,1,1B41_A_B
1B41_VB34T,1.2143784,4.616775989532471,1,1B41_A_B
1B41_LB35W,1.3045447,7.7061614990234375,1,1B41_A_B
1B41_NB47F,-0.1417321,-1.0345340967178345,1,1B41_A_B
1B41_NB47W,0.036658205,-0.27673792839050293,1,1B41_A_B
1B41_NB47R,-0.030388813,-1.177382230758667,1,1B41_A_B
1BD2_EE28A,2.8351388,1.1205930709838867,1,1BD2_ABC_DE
1BD2_YC8A,2.7603745,0.19195890426635742,1,1BD2_ABC_DE
"1BD2_EE28A,YC8A",3.9666772,0.6562764644622803,2,1BD2_ABC_DE
1BD2_ED93A,1.3156908,0.03759968280792236,1,1BD2_ABC_DE
1BD2_RA65A,2.499233,3.012399673461914,1,1BD2_ABC_DE
"1BD2_ED93A,RA65A",3.1152542,1.5250011682510376,2,1BD2_ABC_DE
1BD2_DD30N,1.9193299,1.9461283683776855,1,1BD2_ABC_DE
1BD2_YC5A,3.407531,2.994363784790039,1,1BD2_ABC_DE
"1BD2_DD30N,YC5A",1.4770018,2.4702471494674683,2,1BD2_ABC_DE
1BD2_DD30N,1.9555098,1.9461307525634766,1,1BD2_ABC_DE
1BD2_YC5F,0.7336107,0.6084212064743042,1,1BD2_ABC_DE
"1BD2_DD30N,YC5F",2.4997206,1.2772741913795471,2,1BD2_ABC_DE
1BD2_YE99A,0.21707301,1.4693553447723389,1,1BD2_ABC_DE
1BD2_YC5F,0.55632365,0.6084229946136475,1,1BD2_ABC_DE
"1BD2_YE99A,YC5F",0.89486486,1.0388887524604797,2,1BD2_ABC_DE
1BD2_YE99A,0.23576406,1.4693572521209717,1,1BD2_ABC_DE
1BD2_YC5A,3.2765021,2.994363307952881,1,1BD2_ABC_DE
"1BD2_YE99A,YC5A",2.6869917,2.231859803199768,2,1BD2_ABC_DE
1BD2_YC5F,0.9302432,0.6084200143814087,1,1BD2_ABC_DE
1BD2_YC5W,1.9285754,2.9847469329833984,1,1BD2_ABC_DE
1BD2_YE99A,0.47109932,1.4693572521209717,1,1BD2_ABC_DE
"1BD2_EA63Q,KA66A",1.9614979,0.654291570186615,2,1BD2_ABC_DE
1BJ1_YH27A,2.2435327,8.263495445251465,1,1BJ1_HL_VW
1BJ1_YH54A,1.328254,2.414391040802002,1,1BJ1_HL_VW
1BJ1_TH59A,0.8510479,5.727601528167725,1,1BJ1_HL_VW
1BJ1_YH99A,4.4407487,-1.0721607208251953,1,1BJ1_HL_VW
1BJ1_HH107A,0.7900062,4.09763240814209,1,1BJ1_HL_VW
"1BJ1_ML4L,TH28D,NH31H,HH101Y,SH105T",-1.7956175,-1.4318260669708252,5,1BJ1_HL_VW
"1BJ1_ML4L,TH28D,NH31H,HH101Y,SH105T",-1.4631426,-1.431826686859131,5,1BJ1_HL_VW
"1BJ1_HH101Y,YH103R,SH105T",-1.1736482,-0.5542531808217367,3,1BJ1_HL_VW
"1BJ1_HH101Y,SH105T",-1.344086,-1.089974820613861,2,1BJ1_HL_VW
"1BJ1_HH101Y,YH103I,GH104A,SH105K",-0.43144634,2.15511018037796,4,1BJ1_HL_VW
"1BJ1_HH101Y,YH103W,SH105T",-1.0414464,-0.2511866092681885,3,1BJ1_HL_VW
"1BJ1_HH101Y,YH103R,GH104N,SH105T",-0.76299185,1.0047190189361572,4,1BJ1_HL_VW
1BJ1_YH54W,-0.13733132,2.4529733657836914,1,1BJ1_HL_VW
"1BJ1_TH28D,NH31H",-0.693211,-0.4203760027885437,2,1BJ1_HL_VW
"1BJ1_LH72V,TH74V",0.67096007,2.0160863399505615,2,1BJ1_HL_VW
"1BJ1_LH72I,TH74K",0.07655175,-0.3014400005340576,2,1BJ1_HL_VW
"1BJ1_TH28D,NH31H,YH54W,HH101Y,SH105T",-1.2040371,-0.10994884967803956,5,1BJ1_HL_VW
"1BJ1_TH28D,NH31H,HH101Y,SH105T",-1.7547425,-0.7372671365737915,4,1BJ1_HL_VW
1BJ1_TH28D,-0.22013357,-1.6469841003417969,1,1BJ1_HL_VW
1BJ1_NH31H,-0.76299185,0.12808585166931152,1,1BJ1_HL_VW
1BJ1_HH101Y,-1.5843047,-2.3467836380004883,1,1BJ1_HL_VW
1BJ1_SH105T,-0.3905714,0.1615370512008667,1,1BJ1_HL_VW
"1BJ1_HH101Y,YH103R,GH104D,SH105N",-0.9958507,1.1543796062469482,4,1BJ1_HL_VW
"1BP3_DA11A,MA14V,HA18Q,RA19H,FA25A,QA29K,EA33R",3.6053052,-0.1115551335471017,7,1BP3_A_B
"1BP3_PA48A,TA50A,SA51A,LA52F",0.24617295,0.8843286037445068,4,1BP3_A_B
"1BP3_SA57T,TA60A,SA62T,NA63G,RA64K,EA65D,TA67A,KA70R,NA72D,LA73V",2.2994552,0.19223493337631226,10,1BP3_A_B
"1BP3_QA46H,NA47D,PA48S,QA49E,LA52F",0.24617295,0.6918920040130615,5,1BP3_A_B
"1BP3_EA56D,RA64M",0.4455166,0.9611148238182068,2,1BP3_A_B
"1BP3_NA12R,MA14V,LA15V,RA16L,RA19Y",0.38309553,-0.1681356906890869,5,1BP3_A_B
"1BP3_QA22N,FA25S,DA26E,QA29S,EA30Q,EA33K",1.610344,0.4624617099761963,6,1BP3_A_B
"1BP3_FA54H,SA55T,EA56S,IA58L,PA59A,SA62E,NA63D,RA64K,EA66Q,TA67A,KA70M,SA71N,NA72Q,LA73K,EA74D",0.35418972,0.8027742544809977,15,1BP3_A_B
"1BP3_EA88G,QA91Y,FA92H,RA94T,SA95E",0.20951474,0.8811511993408203,5,1BP3_A_B
"1BP3_FA97R,AA98G,NA99M,SA100Q,LA101D,VA102A,YA103P,GA104E",0.38309553,2.3546451032161713,8,1BP3_A_B
"1BP3_YA111V,LA113I,KA115E,DA116Q,EA118K,EA119R,RA120L,QA122E,TA123G,GA126L,RA127I,EA129S",-0.39296997,0.361857533454895,12,1BP3_A_B
1BP3_FA10A,0.0,3.925044059753418,1,1BP3_A_B
1BP3_NA12A,-0.2966853,0.6506030559539795,1,1BP3_A_B
1BP3_LA15A,0.0,-0.487499475479126,1,1BP3_A_B
1BP3_RA16A,0.0,-1.610584020614624,1,1BP3_A_B
1BP3_HA18A,2.912094,-1.5405950546264648,1,1BP3_A_B
1BP3_RA19A,0.0,0.8769383430480957,1,1BP3_A_B
1BP3_HA21A,2.6718755,-0.17334365844726562,1,1BP3_A_B
1BP3_FA25A,1.150288,-0.675039529800415,1,1BP3_A_B
1BP3_DA26E,0.38309553,1.325953483581543,1,1BP3_A_B
1BP3_FA54A,0.20951474,1.2741553783416748,1,1BP3_A_B
1BP3_SA55A,0.24617295,-0.08737063407897949,1,1BP3_A_B
1BP3_EA56A,-0.11888775,2.744009494781494,1,1BP3_A_B
1BP3_SA57A,0.03486017,-0.4417881965637207,1,1BP3_A_B
1BP3_IA58A,1.7291241,5.321226596832275,1,1BP3_A_B
1BP3_PA59A,0.15681763,0.6668567657470703,1,1BP3_A_B
1BP3_SA62A,1.4157212,1.2948322296142578,1,1BP3_A_B
1BP3_NA63A,0.85617304,1.6036248207092285,1,1BP3_A_B
1BP3_RA64A,0.35418972,0.673814058303833,1,1BP3_A_B
1BP3_EA65A,0.54643804,0.769931435585022,1,1BP3_A_B
1BP3_EA66A,0.06778264,2.206468105316162,1,1BP3_A_B
1BP3_QA68A,0.11397111,0.6976358890533447,1,1BP3_A_B
1BP3_QA69A,-0.21388307,0.2280406951904297,1,1BP3_A_B
1BP3_KA70A,0.24617295,0.43662428855895996,1,1BP3_A_B
1BP3_SA71A,0.61383474,3.947826623916626,1,1BP3_A_B
1BP3_LA73A,0.35418972,0.7006211280822754,1,1BP3_A_B
1BP3_YA156A,0.20951474,-0.2523919343948364,1,1BP3_A_B
1BP3_YA160A,0.4455166,1.893917441368103,1,1BP3_A_B
1BP3_RA163A,3.9280298,4.00128173828125,1,1BP3_A_B
1BP3_KA164A,1.7281536,2.5934433937072754,1,1BP3_A_B
1BP3_DA167A,0.06778264,-0.579312801361084,1,1BP3_A_B
1BP3_KA168A,3.1905487,3.7264013290405273,1,1BP3_A_B
1BP3_EA170A,3.4931884,2.2911510467529297,1,1BP3_A_B
1BP3_TA171S,0.4942387,1.3841147422790527,1,1BP3_A_B
1BP3_FA172A,1.9106091,1.2917571067810059,1,1BP3_A_B
1BP3_RA174A,1.150288,3.283186674118042,1,1BP3_A_B
1BP3_IA175A,0.35418972,4.721043109893799,1,1BP3_A_B
1BP3_IA175M,-0.16448347,3.0338196754455566,1,1BP3_A_B
1BP3_VA176A,-0.2966853,3.043632745742798,1,1BP3_A_B
1BP3_QA177A,0.0,-0.6288235187530518,1,1BP3_A_B
1BP3_RA179A,0.56747407,4.487493515014648,1,1BP3_A_B
1BP3_SA180A,-0.11888775,0.4222066402435303,1,1BP3_A_B
1BP3_VA181A,0.28069448,0.9215202331542969,1,1BP3_A_B
1BP3_EA182A,0.0,0.2790851593017578,1,1BP3_A_B
1BP3_GA183A,0.0,2.1627349853515625,1,1BP3_A_B
1BP3_SA184A,-0.2966853,0.23950839042663574,1,1BP3_A_B
1BP3_HA18A,0.1866704,-1.5405933856964111,1,1BP3_A_B
1BP3_HA21A,-0.17779756,-0.17334222793579102,1,1BP3_A_B
1BP3_IA58A,1.7856985,5.321228981018066,1,1BP3_A_B
1BP3_RA163A,2.1218426,4.001276016235352,1,1BP3_A_B
1BP3_KA168A,2.0223155,3.726402759552002,1,1BP3_A_B
1BP3_EA170A,0.17043781,2.291149139404297,1,1BP3_A_B
1BP3_FA172A,1.9452653,1.2917566299438477,1,1BP3_A_B
"1BP3_KA164A,EA170A",5.4079623,2.4247748851776123,2,1BP3_A_B
"1BP3_RA64A,DA167A",0.3786242,0.042298316955566406,2,1BP3_A_B
"1BP3_KA168A,FA172A",5.3548713,2.5379371643066406,2,1BP3_A_B
1BRS_KA25A,5.3809495,3.3840384483337402,1,1BRS_A_D
1BRS_RA57A,5.245372,5.537818431854248,1,1BRS_A_D
1BRS_RA81Q,5.4200263,5.551025867462158,1,1BRS_A_D
1BRS_RA85A,5.564701,6.122766971588135,1,1BRS_A_D
1BRS_HA100A,6.1457953,-0.5173335075378418,1,1BRS_A_D
1BRS_YD29F,-0.13220184,-0.8301860690116882,1,1BRS_A_D
1BRS_YD29A,3.470544,4.550911903381348,1,1BRS_A_D
1BRS_DD35A,4.5031695,4.275983810424805,1,1BRS_A_D
1BRS_WD38F,1.6426257,2.516160011291504,1,1BRS_A_D
1BRS_DD39A,7.650989,1.2598330974578857,1,1BRS_A_D
1BRS_TD42A,1.8576298,5.435766220092773,1,1BRS_A_D
1BRS_WD44F,0.056466706,3.7361550331115723,1,1BRS_A_D
1BRS_ED74A,1.3641711,2.5824365615844727,1,1BRS_A_D
1BRS_ED78A,0.54285824,-0.886167049407959,1,1BRS_A_D
"1BRS_KA25A,YD29A",8.624589,3.9674742221832275,2,1BRS_A_D
"1BRS_KA25A,DD35A",9.549198,3.830012559890747,2,1BRS_A_D
"1BRS_KA25A,WD38F",5.1131697,2.95009708404541,2,1BRS_A_D
"1BRS_KA25A,DD39A",8.278044,2.3219329118728638,2,1BRS_A_D
"1BRS_KA25A,TD42A",5.723925,4.409902811050415,2,1BRS_A_D
"1BRS_KA25A,ED74A",6.6960135,2.9832375049591064,2,1BRS_A_D
"1BRS_KA25A,ED78A",5.513151,1.2489327192306519,2,1BRS_A_D
"1BRS_RA57A,YD29A",8.122605,5.044363260269165,2,1BRS_A_D
"1BRS_RA57A,DD35A",6.334464,4.906896114349365,2,1BRS_A_D
"1BRS_RA57A,WD38F",6.2779975,4.026987075805664,2,1BRS_A_D
"1BRS_RA57A,TD42A",6.8208556,5.486789226531982,2,1BRS_A_D
"1BRS_RA57A,ED74A",4.970293,4.060123443603516,2,1BRS_A_D
"1BRS_RA57A,ED78A",5.201466,2.3258196115493774,2,1BRS_A_D
"1BRS_RA81Q,YD29A",8.293043,5.050965309143066,2,1BRS_A_D
"1BRS_RA81Q,DD35A",9.605664,4.913500547409058,2,1BRS_A_D
"1BRS_RA81Q,WD38F",6.7584343,4.033588290214539,2,1BRS_A_D
"1BRS_RA81Q,DD39A",6.439105,3.405429244041443,2,1BRS_A_D
"1BRS_RA81Q,TD42A",6.1075597,5.493396759033203,2,1BRS_A_D
"1BRS_RA81Q,ED74A",6.7210755,4.066732406616211,2,1BRS_A_D
"1BRS_RA81Q,ED78A",5.764045,2.3324285745620728,2,1BRS_A_D
"1BRS_RA85A,YD29A",8.052825,5.33683967590332,2,1BRS_A_D
"1BRS_RA85A,WD38F",7.040989,4.319463610649109,2,1BRS_A_D
"1BRS_RA85A,DD39A",7.1853237,3.6912907361984253,2,1BRS_A_D
"1BRS_RA85A,TD42A",7.0201993,5.77926778793335,2,1BRS_A_D
"1BRS_RA85A,ED74A",6.8664513,4.3525965213775635,2,1BRS_A_D
"1BRS_RA85A,ED78A",6.126986,2.6182955503463745,2,1BRS_A_D
"1BRS_HA100A,YD29A",6.306903,2.0167899131774902,2,1BRS_A_D
"1BRS_HA100A,YD29F",5.5497017,-0.6737610101699829,2,1BRS_A_D
"1BRS_HA100A,WD38F",7.6421685,0.9994164705276489,2,1BRS_A_D
"1BRS_HA100A,DD39A",8.99134,0.37124836444854736,2,1BRS_A_D
"1BRS_HA100A,TD42A",8.135627,2.459218740463257,2,1BRS_A_D
"1BRS_HA100A,ED74A",7.5630574,1.0325522422790527,2,1BRS_A_D
"1BRS_HA100A,ED78A",6.7451205,-0.7017485499382019,2,1BRS_A_D
"1BRS_RA57A,DD39A",11.361335,3.3988226652145386,2,1BRS_A_D
1BRS_EA71Q,1.4521028,2.001343250274658,1,1BRS_A_D
"1BRS_EA71Q,DD39A",7.207327,1.6305880546569824,2,1BRS_A_D
"1BRS_EA71Q,ED74A",3.527011,2.2918893098831177,2,1BRS_A_D
1BRS_EA71W,1.6572549,-0.3257144093513489,1,1BRS_A_D
"1BRS_EA71W,DD39A",6.6652393,0.46706146001815796,2,1BRS_A_D
"1BRS_EA71W,DD35A",5.712495,1.9751354455947876,2,1BRS_A_D
"1BRS_EA71W,ED74A",3.549655,1.1283624172210693,2,1BRS_A_D
1BRS_EA71Y,2.4137335,1.40506911277771,1,1BRS_A_D
1BRS_EA71F,2.2351797,2.032686471939087,1,1BRS_A_D
"1BRS_EA71F,DD39A",7.4717307,1.646257758140564,2,1BRS_A_D
"1BRS_EA71F,DD35A",6.410199,3.1543298959732056,2,1BRS_A_D
1BRS_EA71C,2.5287616,3.9250519275665283,1,1BRS_A_D
1BRS_EA71S,3.010488,1.6694459915161133,1,1BRS_A_D
1BRS_EA71A,2.347719,2.8315823078155518,1,1BRS_A_D
"1BRS_EA71A,DD39A",7.1853237,2.0457053184509277,2,1BRS_A_D
"1BRS_EA71A,DD35A",6.4402323,3.553782343864441,2,1BRS_A_D
1BRS_RA57K,2.4881237,3.5667004585266113,1,1BRS_A_D
1BRS_RA57A,4.6353717,5.5378098487854,1,1BRS_A_D
1BRS_HA100Q,4.550591,4.318367004394531,1,1BRS_A_D
1BRS_HA100D,4.550591,-4.736240386962891,1,1BRS_A_D
1BRS_HA100G,6.8208556,2.794574737548828,1,1BRS_A_D
1BRS_HA100A,6.9121823,-0.5173349380493164,1,1BRS_A_D
1BRS_HA100L,7.666353,6.881921768188477,1,1BRS_A_D
"1BRS_HA100Q,RA57K",6.9121823,3.937551259994507,2,1BRS_A_D
"1BRS_HA100Q,RA57A",9.308979,4.8939595222473145,2,1BRS_A_D
1BRS_DD35A,4.069636,4.275982856750488,1,1BRS_A_D
1BRS_DD39A,5.9351234,1.2598330974578857,1,1BRS_A_D
1BRS_ED74A,0.8235527,2.5824365615844727,1,1BRS_A_D
1BRS_ED78A,0.41065642,-0.8861676454544067,1,1BRS_A_D
1BRS_KA25A,5.409263,3.384037971496582,1,1BRS_A_D
1BRS_WA33F,1.4080765,6.985898494720459,1,1BRS_A_D
1BRS_DA52A,-0.88881934,10.010763168334961,1,1BRS_A_D
1BRS_NA56A,3.0663626,11.406845092773438,1,1BRS_A_D
1BRS_RA57A,5.1836734,5.537807464599609,1,1BRS_A_D
1BRS_EA58A,-0.32587606,7.70221471786499,1,1BRS_A_D
1BRS_EA71A,1.8978438,2.8315775394439697,1,1BRS_A_D
1BRS_RA85A,5.9521213,6.122747898101807,1,1BRS_A_D
1BRS_HA100A,6.2547607,-0.5173296928405762,1,1BRS_A_D
1BRS_KA25A,4.58795,3.3840384483337402,1,1BRS_A_D
1BRS_WA33F,1.1124482,6.985897064208984,1,1BRS_A_D
1BRS_DA52A,-0.16740736,10.010767936706543,1,1BRS_A_D
1BRS_NA56A,3.1157622,11.406847953796387,1,1BRS_A_D
1BRS_RA57A,4.8905897,5.537808418273926,1,1BRS_A_D
1BRS_EA58A,0.5148632,7.702213764190674,1,1BRS_A_D
1BRS_EA71A,2.8131225,2.8315794467926025,1,1BRS_A_D
1BRS_HA100A,6.0763707,-0.5173320770263672,1,1BRS_A_D
1C1Y_KA31E,-1.7748275,-1.937089204788208,1,1C1Y_A_B
"1C1Y_KA31E,EA30D",-2.0150461,0.9369462728500366,2,1C1Y_A_B
1C1Y_KB11M,0.71329606,2.5697999000549316,1,1C1Y_A_B
1C1Y_NB10A,0.5019833,1.373656988143921,1,1C1Y_A_B
1C1Y_NB10D,1.476288,-0.2991417646408081,1,1C1Y_A_B
1C1Y_VB15A,1.1239525,6.207216739654541,1,1C1Y_A_B
1C1Y_KB11A,1.1089529,0.6613163948059082,1,1C1Y_A_B
1C1Y_KB11E,0.8910936,-1.1914193630218506,1,1C1Y_A_B
1C1Y_TB14A,1.455498,-0.005564689636230469,1,1C1Y_A_B
1C1Y_RB13A,1.455498,-0.12630367279052734,1,1C1Y_A_B
1C1Y_RB5A,1.9070294,2.4866156578063965,1,1C1Y_A_B
1C1Y_QB12A,1.5808899,5.057292461395264,1,1C1Y_A_B
"1C1Y_RB5A,NB10D",2.7525272,1.050191879272461,2,1C1Y_A_B
1C1Y_KB30A,1.312621,1.0808720588684082,1,1C1Y_A_B
1C1Y_KB30E,2.2329054,-1.0825070142745972,1,1C1Y_A_B
"1C1Y_KB30A,RB35G",2.6203253,7.439957141876221,2,1C1Y_A_B
1C1Y_RB35L,2.6203253,5.778846263885498,1,1C1Y_A_B
1C1Y_DA38A,2.6203253,9.279617309570312,1,1C1Y_A_B
1C4Z_SD1A,0.56609464,0.9095923900604248,1,1C4Z_ABC_D
1C4Z_RD2A,0.5186732,0.3611607551574707,1,1C4Z_ABC_D
1C4Z_RD2E,1.2884359,-0.9252617359161377,1,1C4Z_ABC_D
1C4Z_RD3A,0.46712312,2.1242401599884033,1,1C4Z_ABC_D
1C4Z_RD3E,1.1857808,2.1061289310455322,1,1C4Z_ABC_D
1C4Z_KD6A,0.6100001,0.08456802368164062,1,1C4Z_ABC_D
1C4Z_KD6E,1.5549902,-0.48029375076293945,1,1C4Z_ABC_D
1C4Z_ND28A,-0.17839031,2.383387565612793,1,1C4Z_ABC_D
1C4Z_LD30A,-0.34351462,3.594972610473633,1,1C4Z_ABC_D
1C4Z_RD49A,-0.011969134,0.7184648513793945,1,1C4Z_ABC_D
1C4Z_AD56G,0.56609464,-0.8912745714187622,1,1C4Z_ABC_D
1C4Z_ED57A,0.08793173,4.194561958312988,1,1C4Z_ABC_D
1C4Z_ED57R,0.0671418,4.553012847900391,1,1C4Z_ABC_D
1C4Z_PD59A,1.4097668,7.5741353034973145,1,1C4Z_ABC_D
1C4Z_FD60A,3.0141566,7.24344539642334,1,1C4Z_ABC_D
1C4Z_KD61A,0.29308376,3.681250810623169,1,1C4Z_ABC_D
1C4Z_KD61E,0.72502816,1.716460943222046,1,1C4Z_ABC_D
1C4Z_ED90A,-0.43484148,1.0822745561599731,1,1C4Z_ABC_D
1C4Z_ED90R,-1.0029143,2.5685977935791016,1,1C4Z_ABC_D
1C4Z_WD92A,0.82131284,11.566855430603027,1,1C4Z_ABC_D
1C4Z_KD93A,1.1356846,3.463003635406494,1,1C4Z_ABC_D
1C4Z_KD93E,1.1695483,1.9195430278778076,1,1C4Z_ABC_D
1C4Z_PD94A,0.85021865,5.636343955993652,1,1C4Z_ABC_D
1C4Z_AD95G,0.41065642,2.7676897048950195,1,1C4Z_ABC_D
1C4Z_KD97A,1.3017501,2.3048315048217773,1,1C4Z_ABC_D
1C4Z_KD97E,1.4206378,1.3729349374771118,1,1C4Z_ABC_D
1C4Z_VA138A,0.56609464,3.1390187740325928,1,1C4Z_ABC_D
1C4Z_LA139A,1.2169697,6.563613414764404,1,1C4Z_ABC_D
1C4Z_QA141A,-0.38742003,1.0716984272003174,1,1C4Z_ABC_D
1C4Z_SA142A,0.41065642,0.9807078838348389,1,1C4Z_ABC_D
1C4Z_LA143A,0.9991104,10.571521759033203,1,1C4Z_ABC_D
1C4Z_DA145A,-0.38742003,-0.6131170988082886,1,1C4Z_ABC_D
1C4Z_DA145K,0.20774736,0.8594183921813965,1,1C4Z_ABC_D
1C4Z_LA146A,1.9741712,5.148323059082031,1,1C4Z_ABC_D
1C4Z_YA149A,1.2884359,5.417078018188477,1,1C4Z_ABC_D
1C4Z_DA156A,0.5186732,1.339496374130249,1,1C4Z_ABC_D
1C4Z_DA156R,1.3759032,2.62909197807312,1,1C4Z_ABC_D
1C4Z_MA157A,1.9302658,2.7018284797668457,1,1C4Z_ABC_D
1C4Z_MA158A,0.7588918,-0.37354421615600586,1,1C4Z_ABC_D
1C4Z_IA159A,0.41065642,5.3895158767700195,1,1C4Z_ABC_D
1C4Z_TA160A,0.56609464,4.99241828918457,1,1C4Z_ABC_D
1C4Z_IA163A,-0.08935532,3.8050148487091064,1,1C4Z_ABC_D
1C4Z_SA164A,-0.41065642,-0.8180580139160156,1,1C4Z_ABC_D
1C4Z_TA166A,-0.13220184,1.6013221740722656,1,1C4Z_ABC_D
1C4Z_MA174A,-0.5732471,1.1187894344329834,1,1C4Z_ABC_D
1C4Z_FA194A,1.5964372,7.184623718261719,1,1C4Z_ABC_D
1C4Z_YA198L,0.82131284,0.69292151927948,1,1C4Z_ABC_D
"1C4Z_SA243P,NA245P",-0.07573514,8.73524522781372,2,1C4Z_ABC_D
1C4Z_CA324A,0.10801677,4.20511531829834,1,1C4Z_ABC_D
1CBW_TI11A,0.19993937,0.8824013471603394,1,1CBW_FGH_I
1CBW_GI12A,0.60159636,11.27431583404541,1,1CBW_FGH_I
1CBW_PI13A,-0.09973059,3.590397596359253,1,1CBW_FGH_I
1CBW_KI15A,2.0023954,2.6511921882629395,1,1CBW_FGH_I
1CBW_RI17A,0.50138694,2.5604498386383057,1,1CBW_FGH_I
1CBW_II19A,0.099613056,-0.7010352611541748,1,1CBW_FGH_I
1CBW_RI20A,0.3009684,2.363243818283081,1,1CBW_FGH_I
1CBW_VI34A,0.0,5.455931663513184,1,1CBW_FGH_I
1CBW_YI35A,0.80115587,7.6564836502075195,1,1CBW_FGH_I
1CBW_GI36A,0.90120554,9.964652061462402,1,1CBW_FGH_I
1CBW_GI37A,0.80115587,14.544404983520508,1,1CBW_FGH_I
1CBW_RI39A,0.19993937,3.733276128768921,1,1CBW_FGH_I
1CBW_KI46A,0.099613056,-1.2400248050689697,1,1CBW_FGH_I
1CBW_TI11A,0.22198787,0.8824023008346558,1,1CBW_FGH_I
1CBW_GI12A,0.6857352,11.274324417114258,1,1CBW_FGH_I
1CBW_PI13A,-0.056466706,3.590399980545044,1,1CBW_FGH_I
1CBW_KI15A,2.0150461,2.651189088821411,1,1CBW_FGH_I
1CBW_RI17A,0.5535334,2.560436248779297,1,1CBW_FGH_I
1CBW_II18A,1.4157212,8.057760238647461,1,1CBW_FGH_I
1CBW_II19A,0.14287694,-0.7010343074798584,1,1CBW_FGH_I
1CBW_RI20A,0.35418972,2.363248348236084,1,1CBW_FGH_I
1CBW_FI33A,0.14287694,4.227306842803955,1,1CBW_FGH_I
1CBW_VI34A,0.051550064,5.455936431884766,1,1CBW_FGH_I
1CBW_YI35A,0.88507885,7.656481742858887,1,1CBW_FGH_I
1CBW_GI36A,0.96418977,9.964653015136719,1,1CBW_FGH_I
1CBW_GI37A,0.82131284,14.544403076171875,1,1CBW_FGH_I
1CBW_RI39A,0.22198787,3.7332751750946045,1,1CBW_FGH_I
1CBW_KI46A,0.14287694,-1.240025520324707,1,1CBW_FGH_I
1CBW_KI15G,4.1564913,3.7159833908081055,1,1CBW_FGH_I
1CBW_KI15A,2.210915,2.6511921882629395,1,1CBW_FGH_I
1CBW_KI15S,3.4258387,2.436359405517578,1,1CBW_FGH_I
1CBW_KI15V,2.1575518,3.240513324737549,1,1CBW_FGH_I
1CBW_KI15T,2.107856,1.5199694633483887,1,1CBW_FGH_I
1CBW_KI15D,5.2708025,4.540055274963379,1,1CBW_FGH_I
1CBW_KI15N,1.3375993,3.664839744567871,1,1CBW_FGH_I
1CBW_KI15M,-1.441799,3.6490893363952637,1,1CBW_FGH_I
1CBW_KI15I,2.9615908,3.355771064758301,1,1CBW_FGH_I
1CBW_KI15L,-1.5974151,0.3573564291000366,1,1CBW_FGH_I
1CBW_KI15E,3.9066315,4.536914825439453,1,1CBW_FGH_I
1CBW_KI15Q,0.3088434,3.2265024185180664,1,1CBW_FGH_I
1CBW_KI15H,0.10016961,5.238860607147217,1,1CBW_FGH_I
1CBW_KI15R,-0.6204862,1.604358196258545,1,1CBW_FGH_I
1CBW_KI15F,-1.9846573,3.942335605621338,1,1CBW_FGH_I
1CBW_KI15Y,-2.6414866,3.913198471069336,1,1CBW_FGH_I
1CBW_KI15W,-2.4610353,7.450595855712891,1,1CBW_FGH_I
1CHO_LI15G,6.0853734,11.800322532653809,1,1CHO_EFG_I
1CHO_LI15A,4.76622,8.284453392028809,1,1CHO_EFG_I
1CHO_LI15S,4.9868517,7.161803722381592,1,1CHO_EFG_I
1CHO_LI15C,2.6424344,9.767599105834961,1,1CHO_EFG_I
1CHO_LI15V,4.2735558,4.058258056640625,1,1CHO_EFG_I
1CHO_LI15T,4.4848685,3.9361112117767334,1,1CHO_EFG_I
1CHO_LI15P,8.801906,13.537181854248047,1,1CHO_EFG_I
1CHO_LI15I,4.4790316,3.7844126224517822,1,1CHO_EFG_I
1CHO_LI15M,0.3806232,4.107551097869873,1,1CHO_EFG_I
1CHO_LI15N,3.357031,6.168194770812988,1,1CHO_EFG_I
1CHO_LI15D,7.2014785,7.754573345184326,1,1CHO_EFG_I
1CHO_LI15K,4.4731364,2.8183095455169678,1,1CHO_EFG_I
1CHO_LI15Q,2.9533494,3.7109289169311523,1,1CHO_EFG_I
1CHO_LI15E,6.6586204,5.71135950088501,1,1CHO_EFG_I
1CHO_LI15H,3.0007117,6.343944549560547,1,1CHO_EFG_I
1CHO_LI15F,-1.5017474,5.620415687561035,1,1CHO_EFG_I
1CHO_LI15R,4.0066056,5.682576656341553,1,1CHO_EFG_I
1CHO_LI15Y,-2.225073,5.698295593261719,1,1CHO_EFG_I
1CHO_LI15W,-1.6909488,9.085086822509766,1,1CHO_EFG_I
1CHO_AI12G,0.066014394,4.081182479858398,1,1CHO_EFG_I
1CHO_AI12S,0.066014394,-0.9847795963287354,1,1CHO_EFG_I
1CHO_AI12C,-0.3267778,2.6781764030456543,1,1CHO_EFG_I
1CHO_AI12V,0.9535147,-1.7759349346160889,1,1CHO_EFG_I
1CHO_AI12T,0.96907717,-1.044130802154541,1,1CHO_EFG_I
1CHO_AI12P,3.1089654,9.153175354003906,1,1CHO_EFG_I
1CHO_AI12L,0.14070073,-0.49457311630249023,1,1CHO_EFG_I
1CHO_AI12I,0.6553633,-1.145496129989624,1,1CHO_EFG_I
1CHO_AI12M,0.14070073,-0.7278990745544434,1,1CHO_EFG_I
1CHO_AI12N,-0.28890854,1.3877291679382324,1,1CHO_EFG_I
1CHO_AI12D,0.0,-0.2753291130065918,1,1CHO_EFG_I
1CHO_AI12K,2.4987283,0.1622142791748047,1,1CHO_EFG_I
1CHO_AI12Q,0.44245148,-1.2499699592590332,1,1CHO_EFG_I
1CHO_AI12E,0.22500719,-2.394214630126953,1,1CHO_EFG_I
1CHO_AI12H,-0.3267778,1.8400940895080566,1,1CHO_EFG_I
1CHO_AI12F,-0.73548216,-0.4941446781158447,1,1CHO_EFG_I
1CHO_AI12R,0.4685549,-0.5445475578308105,1,1CHO_EFG_I
1CHO_AI12Y,-0.87553114,-0.5367968082427979,1,1CHO_EFG_I
1CHO_AI12W,-1.9253305,0.31188201904296875,1,1CHO_EFG_I
1CHO_TI14G,5.2944493,1.8799891471862793,1,1CHO_EFG_I
1CHO_TI14A,4.158528,1.7829971313476562,1,1CHO_EFG_I
1CHO_TI14S,2.3505473,1.8002514839172363,1,1CHO_EFG_I
1CHO_TI14C,3.329099,6.1068830490112305,1,1CHO_EFG_I
1CHO_TI14V,3.5814502,0.8068318367004395,1,1CHO_EFG_I
1CHO_TI14P,4.233214,0.407096266746521,1,1CHO_EFG_I
1CHO_TI14L,4.4166107,3.1787095069885254,1,1CHO_EFG_I
1CHO_TI14I,3.6518238,1.7814488410949707,1,1CHO_EFG_I
1CHO_TI14M,3.954937,5.431554794311523,1,1CHO_EFG_I
1CHO_TI14N,4.3175206,1.5054817199707031,1,1CHO_EFG_I
1CHO_TI14D,6.8208556,0.4773139953613281,1,1CHO_EFG_I
1CHO_TI14K,4.092513,3.8044419288635254,1,1CHO_EFG_I
1CHO_TI14Q,3.6818569,2.235718011856079,1,1CHO_EFG_I
1CHO_TI14E,6.4257617,0.6035342216491699,1,1CHO_EFG_I
1CHO_TI14H,3.6518238,2.482943058013916,1,1CHO_EFG_I
1CHO_TI14F,4.233214,3.4295992851257324,1,1CHO_EFG_I
1CHO_TI14R,3.8840897,2.8414835929870605,1,1CHO_EFG_I
1CHO_TI14Y,4.4731364,2.9759740829467773,1,1CHO_EFG_I
1CHO_TI14W,4.158528,5.685194969177246,1,1CHO_EFG_I
1CHO_EI16G,3.622681,4.067161560058594,1,1CHO_EFG_I
1CHO_EI16A,2.3332484,2.136202812194824,1,1CHO_EFG_I
1CHO_EI16S,2.7943566,1.3069851398468018,1,1CHO_EFG_I
1CHO_EI16C,2.7283423,5.1699066162109375,1,1CHO_EFG_I
1CHO_EI16V,2.4394336,1.9315330982208252,1,1CHO_EFG_I
1CHO_EI16T,2.9093847,1.2438268661499023,1,1CHO_EFG_I
1CHO_EI16P,2.590766,5.855626106262207,1,1CHO_EFG_I
1CHO_EI16L,2.8690429,4.228090286254883,1,1CHO_EFG_I
1CHO_EI16I,2.6424344,3.0659992694854736,1,1CHO_EFG_I
1CHO_EI16M,2.698309,4.966672897338867,1,1CHO_EFG_I
1CHO_EI16N,2.3332484,1.804260492324829,1,1CHO_EFG_I
1CHO_EI16D,0.8817595,-0.7411088347434998,1,1CHO_EFG_I
1CHO_EI16K,3.5946455,4.872241020202637,1,1CHO_EFG_I
1CHO_EI16Q,1.3341379,1.3362667560577393,1,1CHO_EFG_I
1CHO_EI16H,2.089729,3.454235315322876,1,1CHO_EFG_I
1CHO_EI16F,3.622681,4.959003448486328,1,1CHO_EFG_I
1CHO_EI16R,3.6818569,5.208105087280273,1,1CHO_EFG_I
1CHO_EI16Y,2.669166,4.315171241760254,1,1CHO_EFG_I
1CHO_EI16W,3.1600215,6.909829139709473,1,1CHO_EFG_I
1CHO_YI17G,3.1761072,12.531654357910156,1,1CHO_EFG_I
1CHO_YI17A,2.543463,7.290238380432129,1,1CHO_EFG_I
1CHO_YI17S,2.8690429,6.940550327301025,1,1CHO_EFG_I
1CHO_YI17C,2.543463,9.242594718933105,1,1CHO_EFG_I
1CHO_YI17V,3.4637473,9.11076545715332,1,1CHO_EFG_I
1CHO_YI17T,3.3040621,9.377787590026855,1,1CHO_EFG_I
1CHO_YI17P,8.56565,17.634796142578125,1,1CHO_EFG_I
1CHO_YI17L,0.6844466,2.752746820449829,1,1CHO_EFG_I
1CHO_YI17I,2.1092622,7.369597434997559,1,1CHO_EFG_I
1CHO_YI17M,1.2265949,7.094968318939209,1,1CHO_EFG_I
1CHO_YI17N,3.0007117,7.334178447723389,1,1CHO_EFG_I
1CHO_YI17D,6.296296,8.310505867004395,1,1CHO_EFG_I
1CHO_YI17K,3.1654322,7.668272018432617,1,1CHO_EFG_I
1CHO_YI17Q,3.154561,8.659627914428711,1,1CHO_EFG_I
1CHO_YI17E,5.0159945,8.334478378295898,1,1CHO_EFG_I
1CHO_YI17H,1.5891783,4.527328968048096,1,1CHO_EFG_I
1CHO_YI17F,0.1810425,1.7904245853424072,1,1CHO_EFG_I
1CHO_YI17R,2.9093847,4.411149501800537,1,1CHO_EFG_I
1CHO_YI17W,0.3923553,3.124500036239624,1,1CHO_EFG_I
1CHO_RI18G,3.4861066,6.701779842376709,1,1CHO_EFG_I
1CHO_RI18A,3.1917677,2.4222021102905273,1,1CHO_EFG_I
1CHO_RI18S,3.1865933,1.3045213222503662,1,1CHO_EFG_I
1CHO_RI18C,3.5196218,5.243558406829834,1,1CHO_EFG_I
1CHO_RI18V,2.0660954,1.4137482643127441,1,1CHO_EFG_I
1CHO_RI18T,2.669166,-1.6469056606292725,1,1CHO_EFG_I
1CHO_RI18P,7.2894106,9.805135726928711,1,1CHO_EFG_I
1CHO_RI18L,2.8305109,1.839935302734375,1,1CHO_EFG_I
1CHO_RI18I,2.1092622,1.859938144683838,1,1CHO_EFG_I
1CHO_RI18M,2.615803,3.7543396949768066,1,1CHO_EFG_I
1CHO_RI18N,3.5196218,1.1310830116271973,1,1CHO_EFG_I
1CHO_RI18D,3.7830768,2.4509592056274414,1,1CHO_EFG_I
1CHO_RI18K,0.6627691,-1.8445713520050049,1,1CHO_EFG_I
1CHO_RI18Q,2.4784715,2.334939956665039,1,1CHO_EFG_I
1CHO_RI18E,3.5196218,3.0475478172302246,1,1CHO_EFG_I
1CHO_RI18H,2.7943566,3.687713623046875,1,1CHO_EFG_I
1CHO_RI18F,2.9533494,3.8168792724609375,1,1CHO_EFG_I
1CHO_RI18Y,3.0007117,4.206288814544678,1,1CHO_EFG_I
1CHO_RI18W,2.4394336,6.076633930206299,1,1CHO_EFG_I
1CHO_PI11G,0.63643354,1.646898627281189,1,1CHO_EFG_I
1CHO_PI11A,0.3806232,1.5481606721878052,1,1CHO_EFG_I
1CHO_PI11S,-0.44068965,0.7280069589614868,1,1CHO_EFG_I
1CHO_PI11C,-0.9835479,6.994144439697266,1,1CHO_EFG_I
1CHO_PI11V,-0.5496551,4.256204605102539,1,1CHO_EFG_I
1CHO_PI11T,-0.5496551,1.9857674837112427,1,1CHO_EFG_I
1CHO_PI11L,-0.52455926,2.883147716522217,1,1CHO_EFG_I
1CHO_PI11I,-0.5110632,4.356986045837402,1,1CHO_EFG_I
1CHO_PI11M,-0.8281097,4.361506938934326,1,1CHO_EFG_I
1CHO_PI11N,-0.7799875,1.3486462831497192,1,1CHO_EFG_I
1CHO_PI11D,-0.8513461,-0.5219199657440186,1,1CHO_EFG_I
1CHO_PI11K,0.38651827,1.3558272123336792,1,1CHO_EFG_I
1CHO_PI11Q,-0.72773755,2.1889705657958984,1,1CHO_EFG_I
1CHO_PI11E,-0.72009295,0.2738363742828369,1,1CHO_EFG_I
1CHO_PI11H,-0.11253932,4.461426734924316,1,1CHO_EFG_I
1CHO_PI11F,-0.30754066,5.374729156494141,1,1CHO_EFG_I
1CHO_PI11R,0.39813536,2.443610668182373,1,1CHO_EFG_I
1CHO_PI11Y,-0.39509395,5.433094024658203,1,1CHO_EFG_I
1CHO_PI11W,-0.20842354,6.279884338378906,1,1CHO_EFG_I
1CHO_KI10G,1.8224223,9.450353622436523,1,1CHO_EFG_I
1CHO_KI10A,0.1810425,5.266567230224609,1,1CHO_EFG_I
1CHO_KI10S,-0.42663875,5.781441688537598,1,1CHO_EFG_I
1CHO_KI10C,0.50326914,7.349671840667725,1,1CHO_EFG_I
1CHO_KI10V,1.201936,0.6473553776741028,1,1CHO_EFG_I
1CHO_KI10T,0.3806232,4.206631660461426,1,1CHO_EFG_I
1CHO_KI10P,2.0763397,13.382879257202148,1,1CHO_EFG_I
1CHO_KI10L,0.3806232,2.3157334327697754,1,1CHO_EFG_I
1CHO_KI10I,1.5452136,2.685051679611206,1,1CHO_EFG_I
1CHO_KI10M,0.4262189,4.15280294418335,1,1CHO_EFG_I
1CHO_KI10N,-0.36098656,5.979050636291504,1,1CHO_EFG_I
1CHO_KI10D,-0.5110632,6.6607842445373535,1,1CHO_EFG_I
1CHO_KI10Q,-0.5728915,1.1408743858337402,1,1CHO_EFG_I
1CHO_KI10E,0.1810425,3.640178918838501,1,1CHO_EFG_I
1CHO_KI10H,0.14070073,4.464582920074463,1,1CHO_EFG_I
1CHO_KI10F,1.0933266,6.75150728225708,1,1CHO_EFG_I
1CHO_KI10R,-0.37779483,1.5122077465057373,1,1CHO_EFG_I
1CHO_KI10Y,1.0752625,7.08983850479126,1,1CHO_EFG_I
1CHO_KI10W,1.0195291,8.21083927154541,1,1CHO_EFG_I
1CHO_GI29A,-1.0918018,-0.8905855417251587,1,1CHO_EFG_I
1CHO_GI29S,-0.13757624,-0.21024155616760254,1,1CHO_EFG_I
1CHO_GI29C,2.543463,4.452078819274902,1,1CHO_EFG_I
1CHO_GI29V,0.70192426,3.972142457962036,1,1CHO_EFG_I
1CHO_GI29T,2.0763397,3.6447904109954834,1,1CHO_EFG_I
1CHO_GI29P,0.32409725,1.7643249034881592,1,1CHO_EFG_I
1CHO_GI29L,1.7506894,4.499148368835449,1,1CHO_EFG_I
1CHO_GI29I,2.3673556,6.654440879821777,1,1CHO_EFG_I
1CHO_GI29M,1.6365405,4.7751359939575195,1,1CHO_EFG_I
1CHO_GI29N,0.9535147,1.1524500846862793,1,1CHO_EFG_I
1CHO_GI29D,3.1089654,1.398606300354004,1,1CHO_EFG_I
1CHO_GI29K,1.5891783,3.707681894302368,1,1CHO_EFG_I
1CHO_GI29Q,2.3837001,4.011142730712891,1,1CHO_EFG_I
1CHO_GI29E,2.615803,3.4106571674346924,1,1CHO_EFG_I
1CHO_GI29H,-0.9835479,2.960866689682007,1,1CHO_EFG_I
1CHO_GI29F,0.102168605,4.054013252258301,1,1CHO_EFG_I
1CHO_GI29R,1.7447942,4.000880241394043,1,1CHO_EFG_I
1CHO_GI29Y,-0.9835479,3.6234352588653564,1,1CHO_EFG_I
1CHO_GI29W,1.0566305,4.150437355041504,1,1CHO_EFG_I
1CHO_NI33G,-1.3942044,3.523040294647217,1,1CHO_EFG_I
1CHO_NI33A,-1.3641711,-1.1630864143371582,1,1CHO_EFG_I
1CHO_NI33S,-1.4767104,-0.02590036392211914,1,1CHO_EFG_I
1CHO_NI33C,-0.11253932,3.981935977935791,1,1CHO_EFG_I
1CHO_NI33V,0.032861583,-1.963636875152588,1,1CHO_EFG_I
1CHO_NI33T,-1.2981567,-0.27201366424560547,1,1CHO_EFG_I
1CHO_NI33P,-1.8340036,7.6284565925598145,1,1CHO_EFG_I
1CHO_NI33L,0.61687887,0.5358476638793945,1,1CHO_EFG_I
1CHO_NI33I,-0.030033236,-0.6005291938781738,1,1CHO_EFG_I
1CHO_NI33M,-0.20842354,1.3661069869995117,1,1CHO_EFG_I
1CHO_NI33D,-1.0400739,-1.9666284322738647,1,1CHO_EFG_I
1CHO_NI33K,2.3332484,0.25978708267211914,1,1CHO_EFG_I
1CHO_NI33Q,-0.1848793,-0.5961465835571289,1,1CHO_EFG_I
1CHO_NI33E,2.3332484,-1.6327579021453857,1,1CHO_EFG_I
1CHO_NI33H,-0.73548216,-1.675441026687622,1,1CHO_EFG_I
1CHO_NI33F,2.3673556,2.489899158477783,1,1CHO_EFG_I
1CHO_NI33R,1.5891783,0.9964795112609863,1,1CHO_EFG_I
1CHO_NI33Y,2.566107,3.2196054458618164,1,1CHO_EFG_I
1CHO_NI33W,2.178687,2.951521396636963,1,1CHO_EFG_I
"1CHO_TI14K,LI15R",7.4721394,5.0485429763793945,2,1CHO_EFG_I
"1CHO_TI14R,LI15R",7.226585,4.380320072174072,2,1CHO_EFG_I
"1CHO_AI12R,LI15R",4.9771667,2.535121440887451,2,1CHO_EFG_I
"1CHO_AI12R,TI14K,LI15R",7.9873977,3.200547456741333,3,1CHO_EFG_I
"1CHO_AI12R,TI14P,LI15R",8.92,1.9886589845021565,3,1CHO_EFG_I
"1CHO_PI11S,AI12R,TI14P,LI15R",8.483975,1.6565609276294708,4,1CHO_EFG_I
"1CHO_KI10R,AI12R,TI14K,LI15R",8.02713,2.794683337211609,4,1CHO_EFG_I
"1CHO_KI10R,PI11F,AI12R,TI14K,LI15R",8.097978,3.1859172344207765,5,1CHO_EFG_I
"1CHO_PI11S,AI12L,TI14K,LI15R",7.297601,2.7797723710536957,4,1CHO_EFG_I
"1CHO_AI12R,TI14K,LI15R,EI16S",8.392895,2.6578946113586426,4,1CHO_EFG_I
"1CHO_EI7D,AI12V,TI14P,EI16D,RI18M,NI25S,GI29S,NI42S,SI48R",7.3336806,0.4880904754002889,9,1CHO_EFG_I
"1CHO_TI14P,LI15K,EI16D,LI20V,SI48N,HI49R",7.001898,1.666340967019399,6,1CHO_EFG_I
"1CHO_TI14P,LI15K,EI16D,LI20V,SI48N",7.144953,1.787062644958496,5,1CHO_EFG_I
"1CHO_TI14P,LI15K,EI16D,LI20V,GI29S,SI48N",7.52278,1.4574756622314453,6,1CHO_EFG_I
"1CHO_EI7G,KI10Q,PI11S,TI14P,LI15Q,EI16D,RI18V,LI20F,GI29S,VI39A,EI40D",7.505302,1.688361715186726,11,1CHO_EFG_I
"1CHO_EI7D,YI8H,AI12V,TI14S,RI18M,NI25S,GI29S,NI33D",4.871824,0.9678517878055573,8,1CHO_EFG_I
"1CHO_EI7D,AI12V,TI14S,RI18M,NI25S,GI29N,NI33D,SI48G",4.364883,1.0444502234458923,8,1CHO_EFG_I
"1CHO_EI7D,AI12V,TI14S,RI18M,NI25S,GI29S,EI40D",5.4566846,1.1235558135168893,7,1CHO_EFG_I
"1CHO_VI3I,EI7D,AI12V,TI14S,RI18M,NI25S,GI29S,EI40D,TI46I",5.426651,1.21301888095008,9,1CHO_EFG_I
"1CHO_EI7D,AI12V,TI14S,RI18M,NI25S,GI29S,VI39A,EI40D",4.9868517,1.631074607372284,8,1CHO_EFG_I
"1CHO_EI7D,RI18M,KI26Q,GI29S,NI33S,EI40D",1.3049951,1.1101198593775432,6,1CHO_EFG_I
"1CHO_RI18M,KI26Q,GI29S,EI40D",3.0007117,1.6480206847190857,4,1CHO_EFG_I
"1CHO_EI7D,RI18M,EI40D",2.543463,2.2204835414886475,3,1CHO_EFG_I
"1CHO_EI7D,KI10R,AI12D,RI18M,EI40D",2.4208016,1.483179998397827,5,1CHO_EFG_I
"1CHO_EI7D,RI18M,KI31R,EI40D",2.4574976,1.7350236177444458,4,1CHO_EFG_I
"1CHO_EI7G,LI15M,RI18M,EI40D",2.698309,2.528472065925598,4,1CHO_EFG_I
"1CHO_EI7D,LI15M,RI18M,EI40D",2.7283423,2.603819966316223,4,1CHO_EFG_I
"1CHO_EI7D,LI15V,RI18M,GI29D,EI40D",9.519164,2.416516971588135,5,1CHO_EFG_I
"1CHO_EI7D,LI15V,RI18M,EI40D",6.612432,2.646914839744568,4,1CHO_EFG_I
"1CHO_EI7D,TI14R,LI15M,RI18M,EI40D",6.531947,2.5959919929504394,5,1CHO_EFG_I
"1CHO_EI7G,LI15M,RI18M,EI40D,KI52E",1.891047,1.4817959785461425,5,1CHO_EFG_I
"1CHO_DI4N,EI7G,LI15M,RI18M,EI40D,KI52E",1.9137491,1.4307346145311992,6,1CHO_EFG_I
"1CHO_EI7D,AI12V,TI14S,RI18M,NI25S,GI29S,NI33D,EI40D,TI46N",4.2735558,1.0291043652428522,9,1CHO_EFG_I
"1CHO_EI7D,AI12V,TI14S,RI18M,NI25S,GI29S,NI33D,EI40D",4.4166107,0.7050652801990509,8,1CHO_EFG_I
"1CHO_EI7D,AI12V,TI14S,RI18M,NI25S,GI29S,NI33D,VI38F,EI40D,TI46S",4.233214,0.5827758431434631,10,1CHO_EFG_I
"1CHO_AI12V,TI14S,RI18M,NI25S,KI26Q,GI29S,KI31E,EI40D",6.6359763,0.8262064158916473,8,1CHO_EFG_I
"1CHO_EI7D,YI8H,TI14L,LI15Q,YI17Q,RI18K,LI20I,GI29D,NI33S,EI40D",11.0540695,2.1410172045230866,10,1CHO_EFG_I
"1CHO_EI7D,YI8H,TI14L,LI15Q,YI17Q,RI18K,GI29D,NI33S,EI40D",11.138376,2.307664977179633,9,1CHO_EFG_I
1CHO_LI15M,0.32409725,4.107549667358398,1,1CHO_EFG_I
"1CHO_LI15M,TI46N,KI52T",0.6553633,2.2381978829701743,3,1CHO_EFG_I
"1CHO_NI25S,GI29A",-0.86090195,0.4264031648635864,2,1CHO_EFG_I
"1CHO_AI12D,GI29A",-0.86573833,-0.5656959414482117,2,1CHO_EFG_I
"1CHO_AI12D,GI29A,NI30S",-0.030033236,3.043708602587382,3,1CHO_EFG_I
1CHO_GI29A,-0.771643,-0.8905839920043945,1,1CHO_EFG_I
"1CHO_TI14M,LI15S,GI29V",8.988038,5.184586922327678,3,1CHO_EFG_I
"1CHO_RI18V,LI20I",2.167183,0.9741741716861725,2,1CHO_EFG_I
"1CHO_LI15S,RI18V,LI20I",7.224715,2.984413802623749,3,1CHO_EFG_I
1CHO_NI25S,0.0,1.7419121265411377,1,1CHO_EFG_I
"1CHO_LI15M,LI20V,KI26I,EI40K",1.0373933,2.0164112746715546,4,1CHO_EFG_I
"1CHO_AI12G,LI15M,LI20V,KI26I,EI40K",1.1143005,2.4255115032196044,5,1CHO_EFG_I
"1CHO_LI15M,NI33D,SI48N",-0.4824116,0.8979626496632894,3,1CHO_EFG_I
"1CHO_EI7D,KI10M,LI15M,LI20V",0.5268759,3.265371024608612,4,1CHO_EFG_I
"1CHO_EI7G,LI15M,YI17S,LI20I,KI26T,GI29S,HI49Y,FI50P,KI52V",2.7943566,1.6975326206949022,9,1CHO_EFG_I
"1CHO_AI12T,LI15M",0.92348146,1.4994878768920898,2,1CHO_EFG_I
"1CHO_LI15M,TI27S,GI29D",3.5814502,3.272510051727295,3,1CHO_EFG_I
"1CHO_AI12D,LI15A,YI17D",10.913369,5.575469017028809,3,1CHO_EFG_I
"1CHO_LI15M,SI48N,HI49R,KI52Q",0.27236938,1.5111263990402222,4,1CHO_EFG_I
"1CHO_LI15M,HI49R",0.14070073,2.5880866050720215,2,1CHO_EFG_I
"1CHO_LI15M,HI49R,KI52E",-0.44068965,0.817997137705485,3,1CHO_EFG_I
"1CHO_LI15M,SI48N",0.3806232,2.367355704307556,2,1CHO_EFG_I
"1CHO_YI8H,YI17D,TI27I,GI29S,NI33D,VI39L",6.88687,3.958659370740255,6,1CHO_EFG_I
1CHO_YI17H,1.4301856,4.527329921722412,1,1CHO_EFG_I
"1CHO_LI15M,YI17Q",3.5196218,6.423261880874634,2,1CHO_EFG_I
"1CHO_LI15M,GI29D",3.4198418,2.7436689138412476,2,1CHO_EFG_I
"1CHO_LI15M,YI17H,KI26Q,GI29D",4.233214,2.7282313108444214,4,1CHO_EFG_I
"1CHO_EI7D,TI14L,RI18M,GI29D,NI33S,EI40D,TI46S",9.22242,1.7330032587051392,7,1CHO_EFG_I
"1CHO_AI12G,TI14M,LI15M,YI17R,RI18L,GI29N,NI30D,SI48N,KI52E",9.2045555,2.8480357593960233,9,1CHO_EFG_I
"1CHO_EI7D,RI18M,LI20F,NI25S,GI29S,EI40D",2.669166,2.146991550922394,6,1CHO_EFG_I
"1CHO_EI7G,KI10Q,TI14S,RI18V,LI20F,GI29S,NI33D,VI39A,EI40D",1.6365405,1.5943845444255405,9,1CHO_EFG_I
"1CHO_EI7D,TI14S,EI16D,RI18M,NI25S,GI29S,EI40D,GI51E",7.660467,2.140821635723114,8,1CHO_EFG_I
"1CHO_EI7D,AI12V,YI17E,RI18M,EI40D",7.82404,2.617952251434326,5,1CHO_EFG_I
"1CHO_EI7D,AI12V,TI14S,RI18M,VI39A,EI40D",5.248261,1.9558057983716328,6,1CHO_EFG_I
"1CHO_DI4N,EI7D,AI12V,TI14S,EI16L,RI18M,VI39A,EI40D",6.459869,2.0587738156318665,8,1CHO_EFG_I
"1CHO_YI8H,EI16D,LI20I,NI25S,GI29S,NI33D,VI39M,EI40D",0.14070073,1.386783555150032,8,1CHO_EFG_I
"1CHO_EI7D,AI12V,EI16D,RI18M,KI26T,GI29S,EI40D,LI45I",5.6816916,0.5316095501184464,8,1CHO_EFG_I
"1CHO_EI7D,AI12V,TI14S,EI16D,RI18M,KI26T,GI29N,NI33I,EI40D,LI45I",7.612135,0.7467309355735778,10,1CHO_EFG_I
"1CHO_EI7D,KI10R,AI12V,EI16D,RI18M,GI29S,EI40D,LI45I,KI52R",5.0300455,0.6537615855534872,9,1CHO_EFG_I
"1CHO_EI7D,AI12V,EI16D,RI18M,GI29S,EI40D,LI45I,KI52R",5.522699,0.5883444994688034,8,1CHO_EFG_I
"1CHO_AI12D,LI15A",4.8279185,4.137234210968018,2,1CHO_EFG_I
"1CHO_TI14P,LI15K,GI29D",9.929821,1.770094871520996,3,1CHO_EFG_I
"1CHO_TI14P,LI15K",8.366069,1.9745639562606812,2,1CHO_EFG_I
"1CHO_EI7D,LI15M,RI18M,GI29D,EI40D",5.637727,2.348111391067505,5,1CHO_EFG_I
1CHO_GI29V,0.5925281,3.97214674949646,1,1CHO_EFG_I
1CHO_YI17D,6.1120477,8.310503005981445,1,1CHO_EFG_I
1CHO_TI14E,4.895525,0.6035366058349609,1,1CHO_EFG_I
"1CHO_EI7D,LI15F,RI18M,EI40D",1.0373933,3.085826277732849,4,1CHO_EFG_I
1CHO_TI14S,2.3505473,1.8002514839172363,1,1CHO_EFG_I
1CHO_TI14V,3.273449,0.806830883026123,1,1CHO_EFG_I
1CHO_AI12V,0.92348146,-1.7759385108947754,1,1CHO_EFG_I
"1CHO_AI12V,TI14S",3.6101017,-0.06256216764450073,2,1CHO_EFG_I
1CHO_TI14A,4.3175206,1.7829980850219727,1,1CHO_EFG_I
1CHO_LI15K,4.2735558,2.818315029144287,1,1CHO_EFG_I
1CHO_LI15A,4.932125,8.284452438354492,1,1CHO_EFG_I
1CHO_LI15E,6.8537173,5.711360931396484,1,1CHO_EFG_I
1CHO_LI15Q,3.5569313,3.7109262943267822,1,1CHO_EFG_I
"1CHO_TI14K,LI15R",7.3336806,5.048541784286499,2,1CHO_EFG_I
"1CHO_TI14R,LI15R",7.2014785,4.380318641662598,2,1CHO_EFG_I
"1CHO_AI12R,LI15R",4.907029,2.535120129585266,2,1CHO_EFG_I
"1CHO_AI12R,TI14K,LI15R",7.955413,3.2005467414855957,3,1CHO_EFG_I
"1CHO_AI12R,TI14P,LI15R",8.8869505,1.9886602560679119,3,1CHO_EFG_I
"1CHO_PI11S,AI12R,TI14P,LI15R",8.457396,1.6565614640712738,4,1CHO_EFG_I
"1CHO_KI10T,PI11E,AI12Y",-0.94222957,1.8356095552444458,3,1CHO_EFG_I
"1CHO_KI10T,PI11E,AI12Y,LI15G,RI18M,GI29P,NI33V",5.884189,2.9698795080184937,7,1CHO_EFG_I
"1CHO_KI10S,PI11D,AI12Y",-1.033277,2.060948689778646,3,1CHO_EFG_I
"1CHO_KI10S,PI11D,AI12Y,LI15G,EI16I,RI18K",7.270104,3.0531829595565796,6,1CHO_EFG_I
1CSE_LI38G,2.2805772,15.800820350646973,1,1CSE_E_I
1CSE_LI38S,1.1887755,11.332111358642578,1,1CSE_E_I
1CSE_LI38P,6.7654457,15.798942565917969,1,1CSE_E_I
1CSE_LI38I,2.9825015,8.829024314880371,1,1CSE_E_I
1CSE_LI38D,4.411843,9.022852897644043,1,1CSE_E_I
1CSE_LI38E,2.3827457,6.9944539070129395,1,1CSE_E_I
1CSO_II13L,-4.481256,1.615210771560669,1,1CSO_E_I
1CT0_SI13L,-4.158235,-2.6493277549743652,1,1CT0_E_I
1CT2_TI13L,-3.2047203,0.56602942943573,1,1CT2_E_I
1CT4_VI13L,-3.0342824,3.16459059715271,1,1CT4_E_I
"1CZ8_LL4M,DH28T,HH31N,YH101H,TH105S",1.7956175,1.415462565422058,5,1CZ8_HL_VW
"1CZ8_LL4M,DH28T,HH31N,YH101H,TH105S",2.8273137,1.4154632806777954,5,1CZ8_HL_VW
"1CZ8_LL4M,DH28T,HH31N,YH103R",0.6219692,1.1439011991024017,4,1CZ8_HL_VW
"1CZ8_LL4M,DH28T,HH31N",0.45153138,1.4810869296391804,3,1CZ8_HL_VW
"1CZ8_LL4M,DH28T,HH31N,TH105K,YH103I,GH104A",1.3641711,1.7302501400311787,6,1CZ8_HL_VW
"1CZ8_LL4M,DH28T,HH31N,YH103W",0.754171,1.3588960468769073,4,1CZ8_HL_VW
"1CZ8_LL4M,DH28T,HH31N,YH103R,GH104N",1.0326257,1.1925486326217651,5,1CZ8_HL_VW
"1CZ8_LL4M,DH28T,HH31N,YH101H,TH105S,YH54W",1.6582861,1.5068966547648113,6,1CZ8_HL_VW
"1CZ8_LL4M,YH101H,TH105S",1.1024064,2.1926159063975015,3,1CZ8_HL_VW
"1CZ8_LL4M,DH28T,HH31N,YH101H,TH105S,LH72V,TH74V",2.4665775,1.0311352014541626,7,1CZ8_HL_VW
"1CZ8_LL4M,DH28T,HH31N,YH101H,TH105S,LH72I,TH74K",1.8721693,0.618557163647243,7,1CZ8_HL_VW
"1CZ8_LL4M,YH54W",0.5915804,2.9354124665260315,2,1CZ8_HL_VW
1CZ8_LL4M,0.04087496,4.016900062561035,1,1CZ8_HL_VW
"1CZ8_LL4M,HH31N,YH101H,TH105S",1.5754839,1.7687934041023254,4,1CZ8_HL_VW
"1CZ8_LL4M,DH28T,YH101H,TH105S",1.0326257,2.1274599730968475,4,1CZ8_HL_VW
"1CZ8_LL4M,DH28T,HH31N,TH105S",0.21131277,1.1575801074504852,4,1CZ8_HL_VW
"1CZ8_LL4M,DH28T,HH31N,YH101H",1.4050461,1.7017973959445953,4,1CZ8_HL_VW
"1CZ8_LL4M,DH28T,HH31N,TH105N,YH103R,GH104D",0.7997668,1.1617220838864644,6,1CZ8_HL_VW
"1DAN_WT40R,ST42G",1.4816071,,2,1DAN_HL_UT
1DAN_WT40A,1.5000076,,1,1DAN_HL_UT
1DAN_ST42A,-0.1265324,,1,1DAN_HL_UT
1DAN_VT28A,-0.18582705,,1,1DAN_HL_UT
1DAN_YT46A,-0.1265324,,1,1DAN_HL_UT
1DAN_FT71A,1.1054369,,1,1DAN_HL_UT
1DAN_YT73A,0.62763864,,1,1DAN_HL_UT
1DAN_PU2A,-0.18582705,,1,1DAN_HL_UT
1DAN_YU4A,0.3116849,,1,1DAN_HL_UT
1DAN_VT31A,-0.1265324,,1,1DAN_HL_UT
1DAN_QT32A,0.72903574,,1,1DAN_HL_UT
1DAN_IT33A,-0.1265324,,1,1DAN_HL_UT
1DAN_GT38A,0.064695336,,1,1DAN_HL_UT
1DAN_KT43A,0.9207224,,1,1DAN_HL_UT
"1DAN_CT44S,CT52S",-0.32587606,,2,1DAN_HL_UT
1DAN_TT55A,2.2240758,,1,1DAN_HL_UT
"1DAN_TT55A,FU50A",4.325087,,2,1DAN_HL_UT
"1DAN_TT55A,KT15A",3.0546563,,2,1DAN_HL_UT
1DAN_DT39A,1.3799108,,1,1DAN_HL_UT
"1DAN_DT39A,WT40A",1.5072107,,2,1DAN_HL_UT
"1DAN_DT39A,FU50A",3.1733053,,2,1DAN_HL_UT
"1DAN_DT39A,KT15A",3.9962287,,2,1DAN_HL_UT
"1DAN_DT39A,DT53A",3.857964,,2,1DAN_HL_UT
"1DAN_DT39A,TT55A",4.159248,,2,1DAN_HL_UT
"1DAN_DT39A,KT15A,FU50A",5.735139,,3,1DAN_HL_UT
1DAN_RH125A,0.74902487,,1,1DAN_HL_UT
1DAN_MH154A,0.74448496,,1,1DAN_HL_UT
1DAN_KH189A,-0.1866704,,1,1DAN_HL_UT
1DAN_LH135A,0.015799657,,1,1DAN_HL_UT
1DAN_KT15A,2.4386024,,1,1DAN_HL_UT
1DAN_DT39A,2.145008,,1,1DAN_HL_UT
1DAN_WT40A,2.371096,,1,1DAN_HL_UT
1DAN_KT41A,0.89480805,,1,1DAN_HL_UT
1DAN_QU20A,1.3054645,,1,1DAN_HL_UT
1DAN_RU45A,0.98613495,,1,1DAN_HL_UT
1DAN_FU50A,2.2154534,,1,1DAN_HL_UT
1DAN_VU113A,1.5698682,,1,1DAN_HL_UT
1DAN_ST11A,-0.12980671,,1,1DAN_HL_UT
1DAN_LT54A,0.0,,1,1DAN_HL_UT
1DAN_DT56A,0.24204434,,1,1DAN_HL_UT
1DAN_ET57A,0.0,,1,1DAN_HL_UT
1DAN_IT58A,0.0,,1,1DAN_HL_UT
1DAN_VT59A,0.0,,1,1DAN_HL_UT
1DAN_QT64A,0.0,,1,1DAN_HL_UT
1DAN_LT67A,-0.05983624,,1,1DAN_HL_UT
1DAN_EU15A,-0.05983624,,1,1DAN_HL_UT
1DAN_TU16A,-0.05983624,,1,1DAN_HL_UT
1DAN_NU17A,0.0,,1,1DAN_HL_UT
1DAN_RU41A,0.0,,1,1DAN_HL_UT
1DAN_TU42A,0.0,,1,1DAN_HL_UT
1DAN_RU46A,-0.05983624,,1,1DAN_HL_UT
1DAN_NU48A,0.0,,1,1DAN_HL_UT
1DAN_VU56A,0.19953953,,1,1DAN_HL_UT
1DAN_FU57A,-0.05983624,,1,1DAN_HL_UT
1DAN_YU67A,0.0,,1,1DAN_HL_UT
1DAN_VU85A,0.10984251,,1,1DAN_HL_UT
1DAN_RU102A,0.46060434,,1,1DAN_HL_UT
1DAN_TU103A,0.10984251,,1,1DAN_HL_UT
1DAN_VU104A,0.10984251,,1,1DAN_HL_UT
1DAN_NU105A,0.0,,1,1DAN_HL_UT
1DAN_EU114A,-0.004828486,,1,1DAN_HL_UT
1DAN_VU113A,-0.18866855,,1,1DAN_HL_UT
1DAN_TU109A,0.13527155,,1,1DAN_HL_UT
"1DAN_KU107A,DU110A",0.042667557,,2,1DAN_HL_UT
"1DAN_NU105A,RU106A",0.39998132,,2,1DAN_HL_UT
"1DAN_TU103A,VU104A",-0.14902915,,2,1DAN_HL_UT
1DAN_SU101A,-0.0028923668,,1,1DAN_HL_UT
"1DAN_SU101A,RU102A",0.6385656,,2,1DAN_HL_UT
1DAN_YU91A,-0.32986477,,1,1DAN_HL_UT
"1DAN_EU89A,NU90A",-0.09357528,,2,1DAN_HL_UT
1DAN_KU87A,0.017063797,,1,1DAN_HL_UT
1DAN_LU82A,0.07995189,,1,1DAN_HL_UT
"1DAN_NU79A,EU80A",-0.024545847,,2,1DAN_HL_UT
1DAN_TU78A,-0.025549153,,1,1DAN_HL_UT
1DAN_KU75A,0.116610095,,1,1DAN_HL_UT
1DAN_TU73A,0.21198563,,1,1DAN_HL_UT
"1DAN_KU71A,KU72A",-0.23973791,,2,1DAN_HL_UT
1DAN_GU70R,-0.16279316,,1,1DAN_HL_UT
1DAN_SU69A,0.022644233,,1,1DAN_HL_UT
1DAN_WU68F,0.12289612,,1,1DAN_HL_UT
1DAN_YU66L,0.15484607,,1,1DAN_HL_UT
1DAN_IU62A,0.17879412,,1,1DAN_HL_UT
"1DAN_KU59A,DU60A",-0.10151255,,2,1DAN_HL_UT
1DAN_DU55A,-0.0106751,,1,1DAN_HL_UT
1DAN_RU54A,-0.0028923668,,1,1DAN_HL_UT
1DAN_FU50A,1.2817534,,1,1DAN_HL_UT
1DAN_TU49A,-0.015591742,,1,1DAN_HL_UT
"1DAN_RU46A,NU47A,NU48A",0.20658125,,3,1DAN_HL_UT
1DAN_RU45A,0.51931405,,1,1DAN_HL_UT
1DAN_LU43A,-0.027560875,,1,1DAN_HL_UT
"1DAN_EU40A,RU41F",-0.021546083,,2,1DAN_HL_UT
1DAN_DU39A,-0.02655416,,1,1DAN_HL_UT
1DAN_EU38A,0.08580538,,1,1DAN_HL_UT
1DAN_KU32A,-0.12360851,,1,1DAN_HL_UT
"1DAN_QU24A,EU27A",0.03364985,,2,1DAN_HL_UT
"1DAN_NU17A,QU20A",0.4144911,,2,1DAN_HL_UT
"1DAN_LU14A,EU15A",-0.46290636,,2,1DAN_HL_UT
1DAN_EU9A,-0.1755896,,1,1DAN_HL_UT
1DAN_YU4A,1.0241498,,1,1DAN_HL_UT
1DAN_KT63A,-0.07038221,,1,1DAN_HL_UT
"1DAN_KT63A,QT64A",-0.20611459,,2,1DAN_HL_UT
"1DAN_KT60A,DT61A",-0.5042317,,2,1DAN_HL_UT
"1DAN_DT56A,ET57A",0.3045601,,2,1DAN_HL_UT
1DAN_DT53E,1.3802997,,1,1DAN_HL_UT
1DAN_DT53A,1.989497,,1,1DAN_HL_UT
"1DAN_DT49A,ET51A",0.43330064,,2,1DAN_HL_UT
1DAN_TT47A,0.4048575,,1,1DAN_HL_UT
1DAN_FT45A,0.4379112,,1,1DAN_HL_UT
1DAN_KT43A,0.4144911,,1,1DAN_HL_UT
1DAN_ST42A,0.043561824,,1,1DAN_HL_UT
1DAN_KT41A,0.23182406,,1,1DAN_HL_UT
"1DAN_KT41A,KT43A",1.1358544,,2,1DAN_HL_UT
1DAN_WT40F,1.2705958,,1,1DAN_HL_UT
1DAN_DT39A,0.7350139,,1,1DAN_HL_UT
1DAN_ST37A,-0.0693001,,1,1DAN_HL_UT
1DAN_KT36A,0.32156944,,1,1DAN_HL_UT
"1DAN_KT36A,DT39A",1.5714306,,2,1DAN_HL_UT
1DAN_QT32A,0.5466929,,1,1DAN_HL_UT
1DAN_KT23A,0.116610095,,1,1DAN_HL_UT
1DAN_ET21A,0.10140793,,1,1DAN_HL_UT
1DAN_WT20F,0.61519825,,1,1DAN_HL_UT
1DAN_ET19A,0.6578864,,1,1DAN_HL_UT
1DAN_IT17A,0.6450761,,1,1DAN_HL_UT
1DAN_TT16A,-0.15900752,,1,1DAN_HL_UT
1DAN_KT15R,1.6857406,,1,1DAN_HL_UT
1DAN_KT15A,2.5879083,,1,1DAN_HL_UT
1DAN_NT13A,0.18021487,,1,1DAN_HL_UT
1DAN_TT12A,0.12054667,,1,1DAN_HL_UT
1DAN_KT10A,-0.39734232,,1,1DAN_HL_UT
1DAN_WT9F,0.69175,,1,1DAN_HL_UT
1DQJ_YC20A,3.2871795,8.768975257873535,1,1DQJ_AB_C
1DQJ_RC21A,1.1690744,3.0251965522766113,1,1DQJ_AB_C
1DQJ_WC63A,1.346872,16.13608741760254,1,1DQJ_AB_C
1DQJ_KC97A,3.5212817,0.13698220252990723,1,1DQJ_AB_C
1DQJ_DC101A,1.4530574,5.8295087814331055,1,1DQJ_AB_C
1DQJ_YC20A,3.2871795,8.768974304199219,1,1DQJ_AB_C
1DQJ_RC21A,1.2595544,3.0251917839050293,1,1DQJ_AB_C
1DQJ_WC62A,0.758418,8.007508277893066,1,1DQJ_AB_C
1DQJ_WC63A,1.346872,16.136093139648438,1,1DQJ_AB_C
1DQJ_LC75A,1.4530574,8.863568305969238,1,1DQJ_AB_C
1DQJ_TC89A,0.84122026,4.136818885803223,1,1DQJ_AB_C
1DQJ_NC93A,0.65016425,0.982917308807373,1,1DQJ_AB_C
1DQJ_KC96A,6.1585765,9.64903450012207,1,1DQJ_AB_C
1DQJ_KC97A,3.5212817,0.1369795799255371,1,1DQJ_AB_C
1DQJ_SC100A,0.7759302,1.4485008716583252,1,1DQJ_AB_C
1DQJ_DC101A,1.3012763,5.8294997215271,1,1DQJ_AB_C
1DQJ_NA31A,2.0143354,0.7723026275634766,1,1DQJ_AB_C
1DQJ_NA32A,4.092513,5.274486541748047,1,1DQJ_AB_C
1DQJ_YA50A,2.6794982,1.3628771305084229,1,1DQJ_AB_C
1DQJ_SA91A,1.4325294,2.3996002674102783,1,1DQJ_AB_C
1DQJ_YA96A,1.1355592,7.778271198272705,1,1DQJ_AB_C
1DQJ_DB32A,2.0143354,1.3460428714752197,1,1DQJ_AB_C
1DQJ_YB33A,5.5269384,-3.3709523677825928,1,1DQJ_AB_C
1DQJ_YB50A,6.89111,4.454831123352051,1,1DQJ_AB_C
1DQJ_YB53A,1.1808065,1.964165210723877,1,1DQJ_AB_C
1DQJ_WB98A,4.9337335,4.452026844024658,1,1DQJ_AB_C
"1DQJ_NA32A,KC96A",5.804446,7.4617555141448975,2,1DQJ_AB_C
"1DQJ_SA91A,RC21A",3.1721516,2.7123979330062866,2,1DQJ_AB_C
"1DQJ_SA91A,YC20A",3.574692,5.584288001060486,2,1DQJ_AB_C
"1DQJ_YA96A,RC21A",3.4867601,5.401731729507446,2,1DQJ_AB_C
"1DQJ_YA96A,SC100A",0.91385627,4.613382518291473,2,1DQJ_AB_C
"1DQJ_DB32A,KC97A",1.122886,0.7415101528167725,2,1DQJ_AB_C
"1DQJ_YB53A,WC62A",1.2868841,4.98583710193634,2,1DQJ_AB_C
"1DQJ_YB53A,WC63A",2.200217,9.050129294395447,2,1DQJ_AB_C
"1DQJ_YB53A,LC75A",1.2174066,5.413868188858032,2,1DQJ_AB_C
"1DQJ_YB53A,DC101A",2.7283423,3.896836757659912,2,1DQJ_AB_C
"1DQJ_WB98A,SC100A",5.364647,2.950262427330017,2,1DQJ_AB_C
"1DQJ_WB98A,KC97A",6.6630683,2.294499635696411,2,1DQJ_AB_C
"1DQJ_WB98A,YC20A",5.1143866,6.610502004623413,2,1DQJ_AB_C
1DVF_HA30A,1.6501209,0.5689888000488281,1,1DVF_AB_CD
1DVF_YA32A,2.0312786,2.7936534881591797,1,1DVF_AB_CD
1DVF_YA49A,1.6294519,6.920620918273926,1,1DVF_AB_CD
1DVF_YA50A,0.68808156,1.3651905059814453,1,1DVF_AB_CD
1DVF_WA92A,0.34087563,0.05684256553649902,1,1DVF_AB_CD
1DVF_SA93A,1.1629593,0.6707756519317627,1,1DVF_AB_CD
1DVF_TB30A,0.907919,2.861525058746338,1,1DVF_AB_CD
1DVF_YB32A,1.8322908,0.7139382362365723,1,1DVF_AB_CD
1DVF_WB52A,4.1348495,0.15377497673034668,1,1DVF_AB_CD
1DVF_DB54A,4.283173,7.823854923248291,1,1DVF_AB_CD
1DVF_NB56A,1.1629593,3.0138254165649414,1,1DVF_AB_CD
1DVF_DB58A,1.6007212,1.5824683904647827,1,1DVF_AB_CD
1DVF_EB98A,4.188524,2.65329647064209,1,1DVF_AB_CD
1DVF_RB99A,1.8754846,1.102973222732544,1,1DVF_AB_CD
1DVF_DB100A,2.7907631,1.2468048334121704,1,1DVF_AB_CD
1DVF_YB101F,2.0132148,0.5278449058532715,1,1DVF_AB_CD
1DVF_EB98A,4.188524,2.6532936096191406,1,1DVF_AB_CD
1DVF_DB54A,4.283173,7.823856353759766,1,1DVF_AB_CD
1DVF_DB58A,1.6007212,1.582471251487732,1,1DVF_AB_CD
1DVF_YA49A,1.7292318,6.92062520980835,1,1DVF_AB_CD
1DVF_YA32A,2.0312786,2.793653964996338,1,1DVF_AB_CD
1DVF_NB56A,1.1629593,3.013823986053467,1,1DVF_AB_CD
1DVF_WB52A,4.1348495,0.15377163887023926,1,1DVF_AB_CD
1DVF_DB100A,2.7907631,1.246803879737854,1,1DVF_AB_CD
1DVF_YD102A,4.741557,0.1974637508392334,1,1DVF_AB_CD
1DVF_YC49A,1.8614336,9.64749526977539,1,1DVF_AB_CD
1DVF_QD104A,1.6294519,0.7840845584869385,1,1DVF_AB_CD
1DVF_ND55A,1.8614336,7.270603656768799,1,1DVF_AB_CD
1DVF_RD106A,4.092513,0.03801250457763672,1,1DVF_AB_CD
1DVF_KD30A,1.0039666,0.09835505485534668,1,1DVF_AB_CD
1DVF_HD33A,1.8614336,-1.4538688659667969,1,1DVF_AB_CD
1DVF_DD52A,1.6830434,-0.6444313526153564,1,1DVF_AB_CD
1DVF_ID101A,2.6827464,4.633370399475098,1,1DVF_AB_CD
"1DVF_EB98A,YD102A",4.6353717,1.4253779649734497,2,1DVF_AB_CD
"1DVF_DB54A,YC49A",4.4948835,8.735677003860474,2,1DVF_AB_CD
"1DVF_DB58A,QD104A",1.4648281,1.1832751631736755,2,1DVF_AB_CD
"1DVF_YA49A,ND55A",2.0312786,7.095612287521362,2,1DVF_AB_CD
"1DVF_YA32A,RD106A",4.652671,1.4158351421356201,2,1DVF_AB_CD
"1DVF_NB56A,QD104A",1.4875302,1.8989566564559937,2,1DVF_AB_CD
"1DVF_WB52A,QD104A",4.164727,0.4689290523529053,2,1DVF_AB_CD
"1DVF_DB100A,HD33A",4.1499767,-0.10353070497512817,2,1DVF_AB_CD
"1DVF_DB100A,DD52A",4.3216577,0.30118733644485474,2,1DVF_AB_CD
"1DVF_YA49A,HD33A",2.6262205,2.7333755493164062,2,1DVF_AB_CD
"1DVF_DB100A,ND55A",4.092513,4.2587040066719055,2,1DVF_AB_CD
"1DVF_NB56A,ND55A",2.3021233,5.14221453666687,2,1DVF_AB_CD
"1DVF_NB56A,HD33A",2.5271306,0.7799782752990723,2,1DVF_AB_CD
1E50_DA8A,-0.4022527,1.4517574310302734,1,1E50_A_B
1E50_NA11A,0.6784359,-2.3642029762268066,1,1E50_A_B
1E50_MA48A,1.3202657,-1.0497080087661743,1,1E50_A_B
1E50_NA51A,2.432714,10.221417427062988,1,1E50_A_B
1E50_YA55A,0.94499004,1.5736591815948486,1,1E50_A_B
1E50_SA56A,0.97837645,0.09102201461791992,1,1E50_A_B
1E50_TA91A,1.5130628,1.5193347930908203,1,1E50_A_B
1E50_VA101A,-0.043905415,9.795906066894531,1,1E50_A_B
1E50_TA103A,2.185484,9.032004356384277,1,1E50_A_B
1E50_RB32A,1.7748275,1.2140278816223145,1,1E50_A_B
1E50_VB57A,0.0,5.012307643890381,1,1E50_A_B
1E50_NB62A,0.90960926,-1.6545672416687012,1,1E50_A_B
1E50_SB64A,0.11502811,1.0892438888549805,1,1E50_A_B
1E50_DA8A,-0.23009098,1.4517598152160645,1,1E50_A_B
1E50_NA51A,1.4079144,10.221419334411621,1,1E50_A_B
"1E50_DA52A,EA53A",0.39104083,-0.9744712114334106,2,1E50_A_B
1E50_YA55A,0.88373387,1.5736589431762695,1,1E50_A_B
1E50_RA84A,-0.19122773,0.9840106964111328,1,1E50_A_B
1E50_KA86M,0.3200857,1.5951571464538574,1,1E50_A_B
1E50_TA91A,1.043868,1.5193352699279785,1,1E50_A_B
1E50_NB62A,1.0200076,-1.654564619064331,1,1E50_A_B
1E50_NB99A,1.4079144,8.6828031539917,1,1E50_A_B
1E96_NA26H,1.1045262,4.581207752227783,1,1E96_A_B
1E96_IA33N,2.0430412,6.336522579193115,1,1E96_A_B
1E96_DA38N,2.2019746,4.963261604309082,1,1E96_A_B
1E96_MA45T,0.3660155,0.44028759002685547,1,1E96_A_B
1E96_KA132E,-0.1898642,0.8066564202308655,1,1E96_A_B
1E96_LA134R,-0.12744316,4.2626848220825195,1,1E96_A_B
1EAW_QA23A,-0.51891166,1.9913686513900757,1,1EAW_A_B
1EAW_IA26A,-0.8225061,4.426711559295654,1,1EAW_A_B
1EAW_IA45A,-0.19435805,2.54160475730896,1,1EAW_A_B
1EAW_DA46A,-0.17163107,6.299468994140625,1,1EAW_A_B
1EAW_DA47A,1.5027753,0.6307973861694336,1,1EAW_A_B
1EAW_RA48A,0.58761454,1.7850422859191895,1,1EAW_A_B
1EAW_FA50A,-0.42881265,5.215243339538574,1,1EAW_A_B
1EAW_RA51A,0.23100829,-1.7630623579025269,1,1EAW_A_B
1EAW_YA52A,-0.07894067,4.265674591064453,1,1EAW_A_B
1EAW_RA82A,-0.14974381,3.5233075618743896,1,1EAW_A_B
1EAW_FA89A,0.7285936,11.04443359375,1,1EAW_A_B
1EAW_NA90A,0.3080979,4.5000224113464355,1,1EAW_A_B
1EAW_DA91A,0.65444046,1.242830753326416,1,1EAW_A_B
1EAW_FA92A,0.89202005,2.1596007347106934,1,1EAW_A_B
1EAW_TA93A,0.2547412,1.8796148300170898,1,1EAW_A_B
1EAW_HA138A,-0.014480199,0.1516556739807129,1,1EAW_A_B
1EAW_QA140A,0.30667883,1.4990166425704956,1,1EAW_A_B
1EAW_YA141A,0.5021536,1.9661402702331543,1,1EAW_A_B
1EAW_TA144A,0.08945068,1.2742973566055298,1,1EAW_A_B
1EAW_LA147A,0.5021536,-1.1853876113891602,1,1EAW_A_B
1EAW_EA163A,0.70368207,1.7176473140716553,1,1EAW_A_B
1EAW_QA168A,0.5650851,0.814206600189209,1,1EAW_A_B
1EAW_QA169A,-0.13309656,0.4459230899810791,1,1EAW_A_B
1EAW_DA214A,2.2291338,0.26746511459350586,1,1EAW_A_B
1EAW_QA218A,0.14423773,1.8224866390228271,1,1EAW_A_B
1EAW_RA219A,-0.08855192,-1.4104596376419067,1,1EAW_A_B
1EAW_KA221A,0.47605014,5.044413089752197,1,1EAW_A_B
"1EFN_TA13H,EA14H",0.9839035,4.13321852684021,2,1EFN_A_B
1EFN_TA13H,1.2435485,7.435418128967285,1,1EFN_A_B
1EFN_IA12A,1.4510267,3.126638412475586,1,1EFN_A_B
"1EMV_QA15E,LA16F,TA18K,TA19K,NA22R,DA24E,TA25G,SA26A,SA27T,EA30D,LA31D,VA32N,TA36R,HA37E,EA40R,MA41L,SA46D,KA55R,EA56D,GA57D,DA58R,DA59E,SA63E,NA67K,TA68E,VA69I,QA71E",8.058495,1.8223728471332126,27,1EMV_A_B
"1EMV_EA30D,LA31D,VA32N,TA36R,HA37E,EA40R,MA41L,SA46D,KA55R,EA56D,GA57D,DA58R,DA59E,SA63E,NA67K,TA68E,VA69I,QA71E",7.990223,1.3138307763470545,18,1EMV_A_B
"1EMV_QA15E,LA16F,TA18K,TA19K,NA22R,DA24E,TA25G,SA26A,SA27T,SA63E,NA67K,TA68E,VA69I,QA71E",2.8566248,2.0204453553472246,14,1EMV_A_B
"1EMV_QA15E,LA16F,TA18K,TA19K,NA22R,DA24E,TA25G,SA26A,SA27T,SA46D,KA55R,EA56D,GA57D,DA58R,DA59E,SA63E,NA67K,TA68E,VA69I,QA71E",1.7040286,2.449837362766266,20,1EMV_A_B
"1EMV_QA15E,LA16F,TA18K,TA19K,NA22R,SA46D,KA55R,EA56D,GA57D,DA58R,DA59E,SA63E,NA67K,TA68E,VA69I,QA71E",1.4230006,1.9189977273344994,16,1EMV_A_B
"1EMV_QA15E,LA16F,SA46D,KA55R,EA56D,GA57D,DA58R,DA59E,SA63E,NA67K,TA68E,VA69I,QA71E",-0.20852913,2.3125218015450697,13,1EMV_A_B
"1EMV_SA46D,KA55R,EA56D,GA57D,DA58R,DA59E,SA63E,NA67K,TA68E,VA69I,QA71E",-0.51737255,2.0030938386917114,11,1EMV_A_B
"1EMV_SA63E,NA67K,TA68E,VA69I,QA71E",0.079110935,0.351421594619751,5,1EMV_A_B
1EMV_RB54A,1.6664472,7.061544418334961,1,1EMV_A_B
1EMV_NB72A,1.1651908,11.04191780090332,1,1EMV_A_B
1EMV_SB74A,-0.24112797,-1.5360264778137207,1,1EMV_A_B
1EMV_NB75A,2.335586,1.923661708831787,1,1EMV_A_B
1EMV_SB77A,-0.2329935,-1.4346920251846313,1,1EMV_A_B
1EMV_SB78A,-0.5401385,-0.8622671365737915,1,1EMV_A_B
1EMV_SB84A,-0.109472424,-1.5935566425323486,1,1EMV_A_B
1EMV_FB86A,3.880681,8.342888832092285,1,1EMV_A_B
1EMV_TB87A,0.15850577,2.8908588886260986,1,1EMV_A_B
1EMV_QB92A,-0.27772808,-3.67311429977417,1,1EMV_A_B
1EMV_KB97A,1.9605148,4.342698574066162,1,1EMV_A_B
1EMV_VB98A,1.0893401,4.773256301879883,1,1EMV_A_B
"1EMV_FB86A,LA31A",6.679958,7.543277263641357,2,1EMV_A_B
"1EMV_FB86A,VA32A",4.665833,5.280683517456055,2,1EMV_A_B
"1EMV_FB86A,VA35A",4.068404,8.929972648620605,2,1EMV_A_B
"1EMV_FB86A,YA52A",8.723507,7.991357326507568,2,1EMV_A_B
"1EMV_FB86A,YA53A",8.263228,7.252234935760498,2,1EMV_A_B
1EMV_CA21A,0.9219699,4.223197937011719,1,1EMV_A_B
1EMV_NA22A,0.13947128,0.23256587982177734,1,1EMV_A_B
1EMV_DA24A,0.33674702,1.682262659072876,1,1EMV_A_B
1EMV_TA25A,0.7284602,4.473448753356934,1,1EMV_A_B
1EMV_SA26A,0.17317432,0.6994500160217285,1,1EMV_A_B
1EMV_SA27A,0.9564332,6.146495342254639,1,1EMV_A_B
1EMV_EA28A,1.4166348,3.3737471103668213,1,1EMV_A_B
1EMV_EA29A,0.30701202,0.9195513725280762,1,1EMV_A_B
1EMV_EA30A,0.22038573,0.4955434203147888,1,1EMV_A_B
1EMV_LA31A,3.4192789,6.743659496307373,1,1EMV_A_B
1EMV_VA32A,2.5794504,2.2184653282165527,1,1EMV_A_B
1EMV_KA33A,0.1919839,-0.21839451789855957,1,1EMV_A_B
1EMV_LA34A,0.9071285,6.351994514465332,1,1EMV_A_B
1EMV_VA35A,1.6646124,9.517046928405762,1,1EMV_A_B
1EMV_TA36A,0.8999665,1.184890627861023,1,1EMV_A_B
1EMV_EA39A,2.0840137,7.054557800292969,1,1EMV_A_B
1EMV_EA40A,0.6581445,0.5235490798950195,1,1EMV_A_B
1EMV_TA42A,0.30482987,9.38766098022461,1,1EMV_A_B
1EMV_EA43A,0.21277381,2.252774953842163,1,1EMV_A_B
1EMV_HA44A,0.83218384,8.741813659667969,1,1EMV_A_B
1EMV_PA45A,0.43746877,7.483129024505615,1,1EMV_A_B
1EMV_SA46A,0.0072694407,-0.07133126258850098,1,1EMV_A_B
1EMV_GA47A,1.4860435,5.198233604431152,1,1EMV_A_B
1EMV_SA48A,2.1882205,1.553581714630127,1,1EMV_A_B
1EMV_DA49A,5.9181285,10.118319511413574,1,1EMV_A_B
1EMV_LA50A,0.6013164,7.574844837188721,1,1EMV_A_B
1EMV_IA51A,0.8481252,9.751877784729004,1,1EMV_A_B
1EMV_YA52A,4.8368015,7.639813423156738,1,1EMV_A_B
1EMV_YA53A,4.6368327,6.161574363708496,1,1EMV_A_B
1EMV_PA54A,1.2428403,5.701342582702637,1,1EMV_A_B
1EMV_DA58A,0.51131344,1.5586309432983398,1,1EMV_A_B
1EMV_SA61A,0.8704198,6.951141834259033,1,1EMV_A_B
1EMV_VA66A,1.856675,11.805720329284668,1,1EMV_A_B
1EMV_NA67A,0.27799726,-0.14495611190795898,1,1EMV_A_B
1F47_DA4A,0.69150615,2.3962159156799316,1,1F47_A_B
1F47_YA5A,0.86936694,8.452218055725098,1,1F47_A_B
1F47_LA6A,0.92543113,7.363511562347412,1,1F47_A_B
1F47_DA7A,1.7336587,2.877291202545166,1,1F47_A_B
1F47_IA8A,2.5162454,11.859739303588867,1,1F47_A_B
1F47_PA9A,-0.057564855,7.572427749633789,1,1F47_A_B
1F47_FA11A,2.4454827,2.3953962326049805,1,1F47_A_B
1F47_LA12A,2.2953265,6.701196670532227,1,1F47_A_B
1F47_KA14A,-0.042640842,-0.397707462310791,1,1F47_A_B
1F47_QA15A,-0.04559572,-1.4497166872024536,1,1F47_A_B
1F47_DA7S,2.0648613,1.7009196281433105,1,1F47_A_B
1F47_DA7G,1.1393417,3.9867758750915527,1,1F47_A_B
1F5R_KA129Q,-1.171374,-3.2413594722747803,1,1F5R_A_I
1FC2_YC10W,0.41065642,2.42800235748291,1,1FC2_C_D
1FC2_IC12W,3.1389987,5.598875999450684,1,1FC2_C_D
1FC2_FC26W,0.0,0.7318000793457031,1,1FC2_C_D
1FC2_LC40W,0.0,3.0463266372680664,1,1FC2_C_D
1FC2_LC13D,1.4339519,0.5252370834350586,1,1FC2_C_D
1FC2_NC24A,0.60570234,0.7602028846740723,1,1FC2_C_D
1FC2_FC26A,0.06347805,-1.3077054023742676,1,1FC2_C_D
1FC2_IC27A,5.2767673,5.009125709533691,1,1FC2_C_D
1FC2_KC31A,1.5266206,4.307111740112305,1,1FC2_C_D
1FC2_LC13D,0.82131284,0.5252435207366943,1,1FC2_C_D
1FC2_NC24A,0.58227795,0.7602033615112305,1,1FC2_C_D
1FC2_FC26A,-0.036154207,-1.3077077865600586,1,1FC2_C_D
1FC2_IC27A,2.185484,5.00912618637085,1,1FC2_C_D
1FC2_KC31A,1.2319692,4.307109832763672,1,1FC2_C_D
1FC2_NC2F,-0.10801677,1.0902819633483887,1,1FC2_C_D
1FC2_NC7F,0.09132688,1.718250036239624,1,1FC2_C_D
1FC2_QC28K,0.17043781,1.0359876155853271,1,1FC2_C_D
1FC2_NC2Q,0.0,-0.03077220916748047,1,1FC2_C_D
1FC2_QC28L,0.45807788,2.6039648056030273,1,1FC2_C_D
1FC2_FC1M,0.91263974,-1.6711865663528442,1,1FC2_C_D
1FC2_KC3D,1.0615314,-0.6797118186950684,1,1FC2_C_D
1FC2_YC10F,1.0276679,1.0620546340942383,1,1FC2_C_D
1FC2_NC24F,0.8454979,2.120300769805908,1,1FC2_C_D
1FCC_TC25A,0.24021861,0.6951284408569336,1,1FCC_A_C
1FCC_EC27A,4.938011,2.021146774291992,1,1FCC_A_C
1FCC_KC28A,1.2561543,-0.16198182106018066,1,1FCC_A_C
1FCC_KC31A,3.4775555,0.2972242832183838,1,1FCC_A_C
1FCC_NC35A,2.3651073,3.9371111392974854,1,1FCC_A_C
1FCC_DC40A,0.27225083,1.8604307174682617,1,1FCC_A_C
1FCC_EC42A,0.3854419,0.7240149974822998,1,1FCC_A_C
1FCC_WC43A,3.7731838,6.279297351837158,1,1FCC_A_C
"1FCC_TC44A,YC45A",1.9544508,4.207826614379883,2,1FCC_A_C
1FFW_DA12K,0.04742146,10.764572143554688,1,1FFW_A_B
1FFW_TA86I,-0.31932956,6.5418877601623535,1,1FFW_A_B
1FFW_AA89V,0.09132688,5.382613182067871,1,1FFW_A_B
1FFW_EA92K,0.82131284,4.153655529022217,1,1FFW_A_B
1FFW_YA105W,0.71329606,5.460050106048584,1,1FFW_A_B
1FFW_VA107M,1.1313123,9.510807037353516,1,1FFW_A_B
1FFW_FA110V,1.2561543,15.685928344726562,1,1FFW_A_B
1FFW_TA111I,0.56228465,8.480696678161621,1,1FFW_A_B
1FFW_EA116K,0.71329606,-2.0170986652374268,1,1FFW_A_B
1FFW_EB13A,0.7167709,7.874629497528076,1,1FFW_A_B
1FFW_EB20A,0.63914293,2.6334450244903564,1,1FFW_A_B
1FFW_HB23A,0.033863615,3.4755983352661133,1,1FFW_A_B
1FFW_DB44A,-0.074153155,6.3369622230529785,1,1FFW_A_B
1FFW_DB49A,0.096284665,4.238766670227051,1,1FFW_A_B
1FFW_CB55A,0.20430143,7.231156349182129,1,1FFW_A_B
1FFW_FB56A,3.6459398,8.278307914733887,1,1FFW_A_B
1FFW_IB58A,0.42783016,11.59269905090332,1,1FFW_A_B
1FFW_AA102V,1.3641711,11.722661972045898,1,1FFW_A_B
1FFW_YA50C,0.12541981,8.539520263671875,1,1FFW_A_B
1FR2_AA39E,-2.0840137,3.42716646194458,1,1FR2_A_B
1FSS_TB8V,0.36920932,-0.8181582689285278,1,1FSS_A_B
1FSS_TB9I,-0.23226611,2.4447181224823,1,1FSS_A_B
1FSS_TB9N,1.1990469,5.822479248046875,1,1FSS_A_B
"1FSS_TB8V,TB9I",0.4418453,0.91207155585289,2,1FSS_A_B
"1FSS_TB8V,TB9N",0.28640708,2.1766164898872375,2,1FSS_A_B
1FSS_RB11K,0.3153129,0.38948631286621094,1,1FSS_A_B
1FSS_AB12S,0.32464305,2.55354642868042,1,1FSS_A_B
1FSS_RB27F,2.4362824,2.3040058612823486,1,1FSS_A_B
1FSS_RB27M,2.6641393,3.881018877029419,1,1FSS_A_B
1FSS_RB27Y,2.629225,2.390812873840332,1,1FSS_A_B
1FSS_HB29K,-0.6196861,0.17458105087280273,1,1FSS_A_B
1FSS_HB29R,-1.4884205,-0.2247476577758789,1,1FSS_A_B
1FSS_KB32R,1.0825053,-0.6652603149414062,1,1FSS_A_B
1FSS_MB33F,0.9372821,1.014409065246582,1,1FSS_A_B
1FSS_MB33L,0.96304494,-2.989809513092041,1,1FSS_A_B
1FSS_MB33Q,1.5725946,1.6500635147094727,1,1FSS_A_B
1FSS_MB33Y,1.39536,3.133758544921875,1,1FSS_A_B
1FSS_VB34T,1.5859588,3.117887496948242,1,1FSS_A_B
1FSS_LB35W,1.4518267,6.418294429779053,1,1FSS_A_B
1FSS_NB47F,0.49276206,-1.1267163753509521,1,1FSS_A_B
1FSS_NB47W,0.11596926,-0.08584117889404297,1,1FSS_A_B
1FSS_NB47R,-0.5349058,-0.719080924987793,1,1FSS_A_B
"1FSS_TB8V,TB9N,RB11K,HB29R,KB32R",0.80188644,0.8250107765197754,5,1FSS_A_B
1FSS_TB8V,-0.5380996,-0.8181588649749756,1,1FSS_A_B
1FSS_TB9N,1.3038697,5.822475910186768,1,1FSS_A_B
"1FSS_TB8V,TB9N",0.429466,2.176615685224533,2,1FSS_A_B
1FSS_RB11K,0.31773478,0.38948559761047363,1,1FSS_A_B
1FSS_HB29R,-1.0577215,-0.2247467041015625,1,1FSS_A_B
1FSS_KB32R,1.1873283,-0.6652605533599854,1,1FSS_A_B
"1FSS_TB8V,TB9N,RB11K,HB29R",-0.39184684,1.1434930264949799,4,1FSS_A_B
1FY8_DE168N,0.17043781,11.453835487365723,1,1FY8_E_I
1FY8_QE128K,1.171374,3.278614044189453,1,1FY8_E_I
1GC1_KC1A,0.062421046,-0.3103978633880615,1,1GC1_G_C
1GC1_KC2A,-0.016689893,1.1805517673492432,1,1GC1_G_C
1GC1_KC7A,0.9978901,2.9489870071411133,1,1GC1_G_C
1GC1_KC8A,0.10526757,1.245246410369873,1,1GC1_G_C
1GC1_DC10A,0.0,0.42746055126190186,1,1GC1_G_C
1GC1_TC11A,0.0,3.467271566390991,1,1GC1_G_C
1GC1_TC15A,0.32206604,0.5784938335418701,1,1GC1_G_C
1GC1_TC17A,-0.12810181,2.3109853267669678,1,1GC1_G_C
1GC1_SC19A,0.0,-0.19964933395385742,1,1GC1_G_C
1GC1_QC20A,-0.016689893,0.6339507102966309,1,1GC1_G_C
1GC1_KC21A,-0.12810181,0.11018848419189453,1,1GC1_G_C
1GC1_KC22A,0.24021861,1.387552261352539,1,1GC1_G_C
1GC1_SC23A,0.29268223,-1.60054612159729,1,1GC1_G_C
1GC1_QC25A,0.032032233,-0.20574951171875,1,1GC1_G_C
1GC1_HC27A,0.28255463,-0.8800655603408813,1,1GC1_G_C
1GC1_KC29A,0.5362386,2.652930736541748,1,1GC1_G_C
1GC1_NC30A,0.17043781,8.975386619567871,1,1GC1_G_C
1GC1_SC31A,0.10526757,0.5653696060180664,1,1GC1_G_C
1GC1_NC32A,0.18265375,-0.20047855377197266,1,1GC1_G_C
1GC1_QC33A,0.10526757,1.5853071212768555,1,1GC1_G_C
1GC1_KC35A,0.32206604,1.823838710784912,1,1GC1_G_C
1GC1_NC39A,0.46562514,5.280297756195068,1,1GC1_G_C
1GC1_QC40A,-0.41065642,-0.04957413673400879,1,1GC1_G_C
1GC1_SC42A,0.0,0.7349849343299866,1,1GC1_G_C
1GC1_LC44A,1.0560203,1.813793659210205,1,1GC1_G_C
1GC1_TC45A,-0.14889173,0.089447021484375,1,1GC1_G_C
1GC1_KC46A,1.431019,3.807969808578491,1,1GC1_G_C
1GC1_SC49A,0.6111744,4.028109073638916,1,1GC1_G_C
1GC1_KC50A,0.04742146,1.5032216310501099,1,1GC1_G_C
1GC1_LC51A,1.2340229,4.636384010314941,1,1GC1_G_C
1GC1_NC52A,0.70833826,0.8495831489562988,1,1GC1_G_C
1GC1_DC53A,0.30263966,1.0500001907348633,1,1GC1_G_C
1GC1_DC56A,-0.0697808,1.9946787357330322,1,1GC1_G_C
1GC1_RC58A,0.13220184,1.6427395343780518,1,1GC1_G_C
1GC1_RC59A,1.1759138,1.8305144309997559,1,1GC1_G_C
1GC1_SC60A,-0.088590376,1.470104455947876,1,1GC1_G_C
1GC1_DC63A,-0.31932956,-0.4806954860687256,1,1GC1_G_C
1GC1_QC64A,0.44268864,-0.7566604614257812,1,1GC1_G_C
1GC1_NC66A,-0.033863615,2.121941566467285,1,1GC1_G_C
1GC1_KC72A,-0.016689893,4.438314914703369,1,1GC1_G_C
1GC1_NC73A,-0.10801677,3.504279136657715,1,1GC1_G_C
1GC1_KC75A,0.15796468,1.3366165161132812,1,1GC1_G_C
1GC1_EC77A,0.56228465,2.279026746749878,1,1GC1_G_C
1GC1_YC82A,1.2906759,16.059049606323242,1,1GC1_G_C
1GC1_EC85A,1.3232962,3.125960111618042,1,1GC1_G_C
1GC1_VC86A,-0.0697808,2.0022311210632324,1,1GC1_G_C
1GC1_EC87A,0.21785927,2.1678197383880615,1,1GC1_G_C
1GC1_DC88A,-0.0697808,3.026775360107422,1,1GC1_G_C
1GC1_QC89A,0.17043781,1.2088031768798828,1,1GC1_G_C
1GC1_KC90A,0.04742146,3.63578724861145,1,1GC1_G_C
1GC1_EC91A,-0.12810181,2.9490959644317627,1,1GC1_G_C
1GC1_EC92A,0.016232576,3.7119596004486084,1,1GC1_G_C
1GC1_QC94A,-0.10801677,0.5079989433288574,1,1GC1_G_C
1GC1_QC89L,-0.31092584,1.515444278717041,1,1GC1_G_C
"1GC1_QC40A,DC63A",-0.4992468,-0.2772787809371948,2,1GC1_G_C
"1GC1_QC40A,DC63A,QC89L",-0.8482471,0.32391055425008136,3,1GC1_G_C
1GCQ_PC5A,0.7678361,3.7817728519439697,1,1GCQ_AB_C
1GCQ_AC42G,1.353496,8.58276081085205,1,1GCQ_AB_C
1GCQ_WC47Y,2.147248,9.868256568908691,1,1GCQ_AB_C
1GCQ_PC67A,1.3164557,9.652914047241211,1,1GCQ_AB_C
1GCQ_PC18A,0.120808184,7.665048599243164,1,1GCQ_AB_C
1GCQ_PC19A,0.08525039,5.4860920906066895,1,1GCQ_AB_C
1GCQ_GC21V,-0.025214529,16.00836944580078,1,1GCQ_AB_C
1GL0_MI28K,-0.5578579,-2.0919570922851562,1,1GL0_E_I
"1GL0_MI28K,LI27R",3.837295,0.8884155750274658,2,1GL0_E_I
1GL1_LI29V,4.259237,5.658740520477295,1,1GL1_A_I
"1GL1_KI30M,AI31G",-0.13220184,4.327710390090942,2,1GL1_A_I
1GRN_DA38E,0.3898665,2.500866651535034,1,1GRN_A_B
1GUA_RB4A,1.0008436,3.2486166954040527,1,1GUA_A_B
1GUA_NB9A,-0.3999384,2.2100231647491455,1,1GUA_A_B
1GUA_KB10A,-0.3999384,0.4884326457977295,1,1GUA_A_B
1GUA_QB11A,0.10035651,6.882056713104248,1,1GUA_A_B
1GUA_TB13A,0.70115525,0.640423059463501,1,1GUA_A_B
1GUA_VB14A,0.10035651,5.319093704223633,1,1GUA_A_B
1GUA_KB29A,1.999214,0.40518879890441895,1,1GUA_A_B
1GUA_KB32A,0.79927695,0.3201754093170166,1,1GUA_A_B
1GUA_VB33A,0.20002995,8.240167617797852,1,1GUA_A_B
1GUA_EA37A,1.3008146,6.114642143249512,1,1GUA_A_B
1GUA_SA39A,1.4003003,3.1793746948242188,1,1GUA_A_B
"1GUA_RB4A,EA37A",1.3008146,4.681631088256836,2,1GUA_A_B
"1GUA_VB14A,EA37A",1.7006744,5.71686315536499,2,1GUA_A_B
1GUA_DA30E,0.24021861,-3.524698495864868,1,1GUA_A_B
"1GUA_DA30E,EA31K",2.0150461,-1.06941157579422,2,1GUA_A_B
1H9D_RB2A,1.1621885,1.0327789783477783,1,1H9D_A_B
1H9D_VB3A,1.402407,2.5073771476745605,1,1H9D_A_B
1H9D_GB60A,2.0774672,10.1922025680542,1,1H9D_A_B
1H9D_QB66A,1.3641711,0.8768489360809326,1,1H9D_A_B
1H9D_LB93A,0.94020057,10.60350227355957,1,1H9D_A_B
1H9D_NB94A,2.3043716,11.247391700744629,1,1H9D_A_B
1HE8_KA80V,0.47535175,0.047553062438964844,1,1HE8_A_B
"1HE8_KA80V,FA78S",2.1622477,0.08220171928405762,2,1HE8_A_B
"1HE8_KA80V,RA83A",1.8978438,1.4843641519546509,2,1HE8_A_B
"1HE8_KA80V,TA89D",2.1622477,3.0984249114990234,2,1HE8_A_B
"1HE8_KA80V,KA91A",1.5231047,0.7212343215942383,2,1HE8_A_B
"1HE8_KA80V,KA108A",2.1622477,0.6729238033294678,2,1HE8_A_B
"1HE8_KA80V,KA108E",2.1622477,0.48453962802886963,2,1HE8_A_B
"1HE8_KA80V,DA95A",1.038295,1.9855138063430786,2,1HE8_A_B
"1HE8_KA80V,KA111A",1.9676247,0.37029170989990234,2,1HE8_A_B
"1HE8_KA80V,KA112A",2.1622477,0.09075343608856201,2,1HE8_A_B
"1HE8_KA80V,KA113A",1.675856,1.419340968132019,2,1HE8_A_B
"1HE8_KA80V,DA117A",0.9443292,0.31854164600372314,2,1HE8_A_B
"1HE8_KA80V,EA124K",-0.09897152,0.537418007850647,2,1HE8_A_B
"1HE8_KA80V,EA606A",0.45456183,0.6269975304603577,2,1HE8_A_B
"1HE8_KA80V,EA606K",-0.45807788,0.5280116200447083,2,1HE8_A_B
1IAR_IA5A,1.171374,2.8763108253479004,1,1IAR_A_B
1IAR_IA5R,0.7960983,-0.3607902526855469,1,1IAR_A_B
1IAR_TA6A,-0.10364441,1.7408695220947266,1,1IAR_A_B
1IAR_TA6D,1.3927286,3.886371612548828,1,1IAR_A_B
1IAR_QA8A,-0.022359332,1.0877256393432617,1,1IAR_A_B
1IAR_QA8R,0.038921285,0.16794323921203613,1,1IAR_A_B
1IAR_EA9Q,3.1128292,2.835362672805786,1,1IAR_A_B
1IAR_IA11A,0.06896754,0.9657113552093506,1,1IAR_A_B
1IAR_KA12S,-0.014812071,-0.33606886863708496,1,1IAR_A_B
1IAR_KA12E,0.13947128,-0.5017130374908447,1,1IAR_A_B
1IAR_TA13A,0.97857684,1.459073543548584,1,1IAR_A_B
1IAR_TA13D,-0.21867253,-1.2874619960784912,1,1IAR_A_B
1IAR_NA15A,-0.033863615,3.3054585456848145,1,1IAR_A_B
1IAR_NA15D,-0.07806697,0.7387065887451172,1,1IAR_A_B
1IAR_SA16A,-0.18275535,0.27805280685424805,1,1IAR_A_B
1IAR_SA16D,-0.10364441,-0.28211724758148193,1,1IAR_A_B
1IAR_EA19A,-0.3199568,-0.7233638763427734,1,1IAR_A_B
1IAR_EA19R,-0.116859496,0.29833054542541504,1,1IAR_A_B
1IAR_RA53Q,0.83576363,1.099279761314392,1,1IAR_A_B
1IAR_KA77A,0.15374792,-0.3812391757965088,1,1IAR_A_B
1IAR_KA77E,0.6118258,-0.8343212604522705,1,1IAR_A_B
1IAR_QA78A,0.12484209,-0.9203997850418091,1,1IAR_A_B
1IAR_QA78E,0.2450748,0.5323114395141602,1,1IAR_A_B
1IAR_RA81A,0.47962397,2.9399118423461914,1,1IAR_A_B
1IAR_RA81E,1.4617344,0.5294046401977539,1,1IAR_A_B
1IAR_FA82A,-0.086470686,0.7085976600646973,1,1IAR_A_B
1IAR_FA82D,-0.5806068,-4.096572399139404,1,1IAR_A_B
1IAR_KA84A,0.34497565,5.5025715827941895,1,1IAR_A_B
1IAR_KA84D,1.8800951,7.79841423034668,1,1IAR_A_B
1IAR_RA85A,0.426889,0.6261396408081055,1,1IAR_A_B
1IAR_RA85E,1.2246095,0.7536163330078125,1,1IAR_A_B
1IAR_RA88Q,2.8289993,6.458240985870361,1,1IAR_A_B
1IAR_RA88A,3.7547178,7.401467323303223,1,1IAR_A_B
1IAR_NA89A,1.558794,6.570963382720947,1,1IAR_A_B
1IAR_WA91A,0.72952867,-0.5591020584106445,1,1IAR_A_B
1IAR_WA91D,1.3066063,0.07955574989318848,1,1IAR_A_B
1JCK_TB20A,1.6548417,0.8388772010803223,1,1JCK_A_B
1JCK_YB26A,1.7748275,2.1100239753723145,1,1JCK_A_B
1JCK_NB60A,1.6426257,2.446901559829712,1,1JCK_A_B
1JCK_YB90A,2.5961404,1.8604750633239746,1,1JCK_A_B
1JCK_VB91A,2.2329054,2.659062385559082,1,1JCK_A_B
1JCK_KB103A,0.6766379,0.10774397850036621,1,1JCK_A_B
1JCK_FB176A,2.1339338,0.834758996963501,1,1JCK_A_B
1JCK_TB20A,1.3232962,0.8388733863830566,1,1JCK_A_B
1JCK_NB23A,2.0774672,7.8694915771484375,1,1JCK_A_B
1JCK_YB26A,1.7478932,2.1100258827209473,1,1JCK_A_B
1JCK_NB60A,1.0159358,2.4469006061553955,1,1JCK_A_B
1JCK_YB90A,2.0774672,1.8604750633239746,1,1JCK_A_B
1JCK_VB91A,1.9302658,2.659060478210449,1,1JCK_A_B
1JCK_GB102A,0.013021447,2.4521288871765137,1,1JCK_A_B
1JCK_KB103A,0.12956285,0.1077418327331543,1,1JCK_A_B
1JCK_FB176A,1.787849,0.8347575664520264,1,1JCK_A_B
1JCK_QB210A,2.0774672,-1.4583193063735962,1,1JCK_A_B
1JRH_TI4V,-0.025577439,-0.07512772083282471,1,1JRH_LH_I
"1JRH_TI9L,EI11K",-0.025577439,1.086350440979004,2,1JRH_LH_I
"1JRH_MI15L,II18V",-0.2137017,-1.2290431261062622,2,1JRH_LH_I
"1JRH_II25N,PI27S,VI29T,VI31I",0.1437703,-0.40266600251197815,4,1JRH_LH_I
1JRH_EI35Q,0.099613056,1.5080628395080566,1,1JRH_LH_I
"1JRH_AI49S,II51T,HI55D",0.070707224,0.7515550851821899,3,1JRH_LH_I
"1JRH_SI61Y,DI62E,HI63Q,VI64I,GI65M,DI66Y,SI68D,NI69V,LI71A",2.9601572,2.523936496840583,9,1JRH_LH_I
"1JRH_VI73A,RI78K",-0.2137017,1.7910071015357971,2,1JRH_LH_I
"1JRH_AI85D,KI88R,EI90K",-0.047769245,-0.3712629477183024,3,1JRH_LH_I
"1JRH_AI93L,VI94M",0.63394666,0.30706799030303955,2,1JRH_LH_I
1JRH_EL27A,0.54285824,3.84218692779541,1,1JRH_LH_I
1JRH_DL28A,0.43484148,3.926225423812866,1,1JRH_LH_I
1JRH_YL30A,1.1089529,0.6072952747344971,1,1JRH_LH_I
1JRH_YL91A,0.58109426,5.4784836769104,1,1JRH_LH_I
1JRH_WL92A,2.819669,0.7801680564880371,1,1JRH_LH_I
1JRH_SL93A,-0.65087503,0.2386188507080078,1,1JRH_LH_I
1JRH_TL94A,0.3854419,1.1255223751068115,1,1JRH_LH_I
1JRH_WL95A,1.6668108,3.484954357147217,1,1JRH_LH_I
1JRH_YH32A,1.4339519,0.7529370784759521,1,1JRH_LH_I
1JRH_WH54A,2.6874673,4.711852073669434,1,1JRH_LH_I
1JRH_WH55A,2.422402,6.247703552246094,1,1JRH_LH_I
1JRH_DH56A,1.8869443,6.078580379486084,1,1JRH_LH_I
1JRH_DH57A,1.6668108,3.66320538520813,1,1JRH_LH_I
1JRH_DH58A,1.8554794,-0.2552971839904785,1,1JRH_LH_I
1JRH_YH60A,1.2561543,2.933675527572632,1,1JRH_LH_I
1JRH_RH100A,0.54285824,6.216213226318359,1,1JRH_LH_I
1JRH_FH103A,0.0,-2.859560489654541,1,1JRH_LH_I
1JRH_YH104A,1.0615314,1.2265584468841553,1,1JRH_LH_I
1JRH_HH107A,1.6985312,4.578441143035889,1,1JRH_LH_I
"1JRH_EI45P,II47R",-3.4416382,0.3159492611885071,2,1JRH_LH_I
"1JRH_SI44G,EI45G,II47R",-3.3792171,1.833703835805257,3,1JRH_LH_I
"1JRH_EI45P,II47L",-3.4583282,0.09977906942367554,2,1JRH_LH_I
"1JRH_SI44G,EI45P,II47K",-3.8861582,1.013891061147054,3,1JRH_LH_I
1JRH_EI45P,-3.7898736,-0.6042201519012451,1,1JRH_LH_I
1JRH_KI37A,3.5787568,1.8951525688171387,1,1JRH_LH_I
1JRH_KI37M,3.2938035,1.7938776016235352,1,1JRH_LH_I
1JRH_NI38A,-0.2931167,0.2245464324951172,1,1JRH_LH_I
1JRH_NI38Q,0.36357772,-1.2824499607086182,1,1JRH_LH_I
1JRH_YI39A,3.4007633,2.8787057399749756,1,1JRH_LH_I
1JRH_YI39F,0.79070747,0.18822824954986572,1,1JRH_LH_I
1JRH_GI40A,4.5273547,8.205750465393066,1,1JRH_LH_I
1JRH_VI41A,1.8835297,3.1874375343322754,1,1JRH_LH_I
1JRH_KI42A,2.9847934,2.7300193309783936,1,1JRH_LH_I
1JRH_KI42M,4.913826,3.2650578022003174,1,1JRH_LH_I
1JRH_NI43A,3.893992,5.215487480163574,1,1JRH_LH_I
1JRH_SI44A,0.29768187,3.0309414863586426,1,1JRH_LH_I
1JRH_EI45A,-0.43501294,-0.09041547775268555,1,1JRH_LH_I
1JRH_WI46F,-0.65707874,6.854898452758789,1,1JRH_LH_I
1JRH_WI46Y,0.016232576,6.648746490478516,1,1JRH_LH_I
1JRH_NI69A,-0.39924708,8.005304336547852,1,1JRH_LH_I
1JRH_WI72A,4.5293264,1.994950294494629,1,1JRH_LH_I
1JRH_WI72F,1.1089529,-2.007335901260376,1,1JRH_LH_I
1JRH_WI72Y,1.1355636,-3.038541793823242,1,1JRH_LH_I
1JRH_RI74A,-0.24642235,13.143487930297852,1,1JRH_LH_I
1JRH_KI88A,-0.042640842,0.9599113464355469,1,1JRH_LH_I
1JRH_KI37A,3.8522947,1.8951563835144043,1,1JRH_LH_I
1JRH_NI38A,0.63418514,0.22454595565795898,1,1JRH_LH_I
1JRH_NI38Q,0.70584375,-1.2824511528015137,1,1JRH_LH_I
1JRH_YI39A,3.6566424,2.878702402114868,1,1JRH_LH_I
1JRH_YI39F,1.0276679,0.18822932243347168,1,1JRH_LH_I
1JRH_GI40A,4.377107,8.205748558044434,1,1JRH_LH_I
1JRH_VI41A,1.476288,3.187437057495117,1,1JRH_LH_I
1JRH_KI42A,3.7898736,2.7300212383270264,1,1JRH_LH_I
1JRH_NI43A,4.7095246,5.2154927253723145,1,1JRH_LH_I
1JRH_SI44A,0.45807788,3.030940532684326,1,1JRH_LH_I
1JRH_EI45A,-0.6970635,-0.09041571617126465,1,1JRH_LH_I
1JRH_WI46F,0.15162824,6.854900360107422,1,1JRH_LH_I
1JRH_WI46Y,0.58109426,6.648746490478516,1,1JRH_LH_I
1JRH_NI69A,0.0,8.0053071975708,1,1JRH_LH_I
1JRH_WI72A,4.3327317,1.9949522018432617,1,1JRH_LH_I
1JRH_WI72F,1.0974486,-2.007338047027588,1,1JRH_LH_I
1JRH_WI72Y,1.2411548,-3.038543462753296,1,1JRH_LH_I
1JRH_RI74A,1.0320082,13.143488883972168,1,1JRH_LH_I
1JRH_KI88A,0.6671076,0.9599142074584961,1,1JRH_LH_I
1JTD_QA73A,0.5186732,1.1945476531982422,1,1JTD_A_B
1JTD_NA74A,0.8012278,1.4578185081481934,1,1JTD_A_B
1JTD_LA76A,1.7339525,11.95802116394043,1,1JTD_A_B
1JTD_EA78A,0.84073925,-0.31095242500305176,1,1JTD_A_B
1JTD_YA79A,2.25086,0.1809837818145752,1,1JTD_A_B
1JTD_PA81A,1.7339525,12.409558296203613,1,1JTD_A_B
1JTD_EA84A,0.038235974,3.5244126319885254,1,1JTD_A_B
1JTD_KA85A,2.144609,-0.002816438674926758,1,1JTD_A_B
1JTD_MA103A,2.5226452,3.0064098834991455,1,1JTD_A_B
1JTD_VA190A,0.038235974,5.526290416717529,1,1JTD_A_B
1JTD_MA244A,0.27845457,-2.0188231468200684,1,1JTD_A_B
1JTD_NB12A,1.3017501,-0.8463089466094971,1,1JTD_A_B
1JTD_DB14A,1.508105,-2.3271002769470215,1,1JTD_A_B
1JTD_WB15A,1.3930769,-0.9704221487045288,1,1JTD_A_B
1JTD_TB19A,0.29518732,4.470917224884033,1,1JTD_A_B
1JTD_YB35A,3.1518188,2.4682986736297607,1,1JTD_A_B
1JTD_FB36A,2.5512848,-1.0351362228393555,1,1JTD_A_B
1JTD_LB53A,0.6671076,-1.5469532012939453,1,1JTD_A_B
1JTD_NB74A,1.2099658,0.2112584114074707,1,1JTD_A_B
1JTD_YB75A,0.48043722,0.1590888500213623,1,1JTD_A_B
1JTD_DB93A,1.9898316,0.9779138565063477,1,1JTD_A_B
1JTD_WB114A,3.2562008,-0.6484489440917969,1,1JTD_A_B
1JTD_DB129A,0.96087444,-0.43637704849243164,1,1JTD_A_B
1JTD_SB131A,0.15162824,1.7740421295166016,1,1JTD_A_B
1JTD_DB132A,-0.549062,-2.1540768146514893,1,1JTD_A_B
1JTD_YB153A,3.3001063,5.346701145172119,1,1JTD_A_B
1JTD_DB168A,-1.0615314,-1.830536127090454,1,1JTD_A_B
1JTD_YB170A,2.027262,1.4251949787139893,1,1JTD_A_B
1JTD_FB171A,2.2007148,2.328871726989746,1,1JTD_A_B
1JTD_IB191A,2.8903894,0.34241819381713867,1,1JTD_A_B
1JTD_FB192A,3.9618523,2.4603805541992188,1,1JTD_A_B
1JTD_YB210A,0.82439053,0.9197702407836914,1,1JTD_A_B
1JTD_EB230A,1.8500687,-1.3022680282592773,1,1JTD_A_B
1JTD_WB231A,5.8117375,4.102653503417969,1,1JTD_A_B
1JTD_RB248A,0.8883444,1.9668848514556885,1,1JTD_A_B
1JTD_NB266A,2.6700213,0.17551612854003906,1,1JTD_A_B
1JTG_GA212S,-0.26777947,10.53761100769043,1,1JTG_A_B
1JTG_EA79K,4.23539,4.471944808959961,1,1JTG_A_B
1JTG_DB49A,2.561484,-1.4574800729751587,1,1JTG_A_B
1JTG_FB142A,3.3792171,6.795212745666504,1,1JTG_A_B
"1JTG_GA212S,DB49A",2.6352172,4.540068864822388,2,1JTG_A_B
"1JTG_GA212S,FB142A",3.6818569,8.666415452957153,2,1JTG_A_B
"1JTG_EA79K,DB49A",5.640436,1.5072330236434937,2,1JTG_A_B
"1JTG_EA79K,FB142A",4.55472,5.633577823638916,2,1JTG_A_B
1JTG_DB49A,1.814255,-1.4574798345565796,1,1JTG_A_B
"1JTG_SA209A,DB49A",1.6411058,0.7253605127334595,2,1JTG_A_B
"1JTG_SA105A,DB49A",1.3846319,2.956132173538208,2,1JTG_A_B
"1JTG_SA209A,SA105A,DB49A",1.0941569,2.952949563662211,3,1JTG_A_B
"1JTG_RA217A,DB49A",1.1116823,2.3700878024101257,2,1JTG_A_B
"1JTG_KA208A,DB49A",1.5540214,4.9899924993515015,2,1JTG_A_B
"1JTG_RA217A,SA209A,DB49A",0.40804842,2.5493659575780234,3,1JTG_A_B
"1JTG_RA217A,SA105A,DB49A",1.2549387,4.033163229624431,3,1JTG_A_B
"1JTG_SA209A,KA208A,DB49A",1.5348257,3.870196262995402,3,1JTG_A_B
"1JTG_KA208A,SA105A,DB49A",1.3181936,5.750771403312683,3,1JTG_A_B
"1JTG_RA217A,SA209A,SA105A,DB49A",0.8942657,3.7623555660247803,4,1JTG_A_B
"1JTG_SA209A,SA105A,KA208A,DB49A",0.6092561,4.71965479850769,4,1JTG_A_B
"1JTG_RA217A,KA208A,DB49A",1.9044213,5.352514664332072,3,1JTG_A_B
"1JTG_RA217A,SA209A,KA208A,DB49A",2.0324264,4.400553524494171,4,1JTG_A_B
"1JTG_KA208A,SA105A,RA217A,DB49A",1.4909704,5.829871416091919,4,1JTG_A_B
"1JTG_KA208A,SA209A,SA105A,RA217A,DB49A",1.7269722,4.9716402053833,5,1JTG_A_B
1JTG_SA209A,1.2390827,2.9082095623016357,1,1JTG_A_B
1JTG_SA105A,0.7919731,7.369740009307861,1,1JTG_A_B
"1JTG_SA209A,SA105A",1.1527344,5.158167481422424,2,1JTG_A_B
1JTG_RA217A,1.3393713,6.197658061981201,1,1JTG_A_B
1JTG_KA208A,1.4172373,11.437467575073242,1,1JTG_A_B
"1JTG_RA217A,SA209A",0.7395939,4.552784085273743,2,1JTG_A_B
"1JTG_RA217A,SA105A",1.8496946,6.778489351272583,2,1JTG_A_B
"1JTG_SA209A,KA208A",2.0937233,6.534041166305542,2,1JTG_A_B
"1JTG_KA208A,SA105A",1.9795986,9.354898691177368,2,1JTG_A_B
"1JTG_RA217A,SA209A,SA105A",1.6881089,5.502298911412557,3,1JTG_A_B
"1JTG_SA209A,SA105A,KA208A",1.8496946,6.778697570164998,3,1JTG_A_B
"1JTG_RA217A,KA208A",2.7300746,8.75751519203186,2,1JTG_A_B
"1JTG_RA217A,SA209A,KA208A",2.716957,6.353224992752075,3,1JTG_A_B
"1JTG_KA208A,SA105A,RA217A",2.5094218,8.258987744649252,3,1JTG_A_B
"1JTG_KA208A,SA209A,SA105A,RA217A",2.7885036,6.578922152519226,4,1JTG_A_B
1JTG_DB49A,1.7919657,-1.4574792385101318,1,1JTG_A_B
1JTG_KB74A,3.559509,2.303363084793091,1,1JTG_A_B
1JTG_FB142A,2.102992,6.79520845413208,1,1JTG_A_B
1JTG_YB143A,0.38202998,-1.4226055145263672,1,1JTG_A_B
"1JTG_KB74A,FB142A",4.8523703,4.564929723739624,2,1JTG_A_B
"1JTG_KB74A,YB143A",3.0586443,0.2950419783592224,2,1JTG_A_B
"1JTG_FB142A,YB143A",2.843151,2.8684659004211426,2,1JTG_A_B
"1JTG_KB74A,FB142A,YB143A",3.8954012,2.556173880894979,3,1JTG_A_B
1JTG_EA79A,1.5529525,1.7892578840255737,1,1JTG_A_B
"1JTG_KB74A,EA79A",1.5768485,2.046308934688568,2,1JTG_A_B
"1JTG_FB142A,EA79A",2.7478888,4.292236268520355,2,1JTG_A_B
"1JTG_YB143A,EA79A",1.8645554,0.18332630395889282,2,1JTG_A_B
"1JTG_KB74A,FB142A,EA79A",3.13024,3.639706254005432,3,1JTG_A_B
"1JTG_KB74A,YB143A,EA79A",1.0506681,0.7931131919225057,3,1JTG_A_B
"1JTG_FB142A,YB143A,EA79A",2.8912807,2.508733073870341,3,1JTG_A_B
"1JTG_KB74A,FB142A,YB143A,EA79A",2.3889828,2.36444291472435,4,1JTG_A_B
1JTG_YA80A,-0.16837136,0.7297637462615967,1,1JTG_A_B
"1JTG_KB74A,YA80A",3.3223364,1.5165648460388184,2,1JTG_A_B
"1JTG_FB142A,YA80A",0.6943663,3.7624868154525757,2,1JTG_A_B
"1JTG_YB143A,YA80A",1.0754433,-0.34641849994659424,2,1JTG_A_B
"1JTG_KB74A,FB142A,YA80A",4.779135,3.2865419387817383,3,1JTG_A_B
"1JTG_KB74A,YB143A,YA80A",3.3951476,0.4399518171946208,3,1JTG_A_B
"1JTG_FB142A,YB143A,YA80A",2.9869044,2.1555680433909097,3,1JTG_A_B
"1JTG_KB74A,FB142A,YB143A,YA80A",4.2294164,2.0995736122131348,4,1JTG_A_B
"1JTG_EA79A,YA80A",1.02701,1.4974080920219421,2,1JTG_A_B
"1JTG_KB74A,EA79A,YA80A",1.3861163,1.7660586436589558,3,1JTG_A_B
"1JTG_FB142A,EA79A,YA80A",1.505004,3.2633432944615683,3,1JTG_A_B
"1JTG_YB143A,EA79A,YA80A",2.0546777,0.5240683952967325,3,1JTG_A_B
"1JTG_KB74A,FB142A,EA79A,YA80A",3.13024,3.0311674177646637,4,1JTG_A_B
"1JTG_KB74A,YB143A,EA79A,YA80A",1.7679566,0.8962245881557465,4,1JTG_A_B
"1JTG_FB142A,YB143A,EA79A,YA80A",2.843151,2.1829359233379364,4,1JTG_A_B
"1JTG_KB74A,FB142A,YB143A,EA79A,YA80A",2.412727,2.1326660394668577,5,1JTG_A_B
1JTG_RA217A,1.2657639,6.197662830352783,1,1JTG_A_B
"1JTG_DB49A,RA217A",1.0992237,2.370089054107666,2,1JTG_A_B
"1JTG_KB74A,RA217A",6.6202683,4.2505128383636475,2,1JTG_A_B
"1JTG_FB142A,RA217A",3.3951476,6.4964375495910645,2,1JTG_A_B
"1JTG_YB143A,RA217A",2.2698503,2.3875298500061035,2,1JTG_A_B
"1JTG_KB74A,FB142A,RA217A",5.496316,5.109174966812134,3,1JTG_A_B
"1JTG_KB74A,YB143A,RA217A",4.3731375,2.262580951054891,3,1JTG_A_B
"1JTG_FB142A,YB143A,RA217A",4.5428014,3.9782018661499023,3,1JTG_A_B
"1JTG_KB74A,FB142A,YB143A,RA217A",5.2578373,3.4665462970733643,4,1JTG_A_B
1JTG_KA208A,1.02701,11.43746280670166,1,1JTG_A_B
"1JTG_DB49A,KA208A",1.6006519,4.989993035793304,2,1JTG_A_B
"1JTG_KB74A,KA208A",6.548087,6.870414137840271,2,1JTG_A_B
"1JTG_FB142A,KA208A",3.3951476,9.116334199905396,2,1JTG_A_B
"1JTG_YB143A,KA208A",2.5566611,5.007427334785461,2,1JTG_A_B
"1JTG_KB74A,FB142A,KA208A",5.830841,6.855777343114217,3,1JTG_A_B
"1JTG_KB74A,YB143A,KA208A",4.876004,4.009184956550598,3,1JTG_A_B
"1JTG_FB142A,YB143A,KA208A",4.6819324,5.724798202514648,3,1JTG_A_B
"1JTG_KB74A,FB142A,YB143A,KA208A",5.472615,4.776496648788452,4,1JTG_A_B
1JTG_SA105A,0.33384764,7.369739532470703,1,1JTG_A_B
"1JTG_DB49A,SA105A",0.35808927,2.956131339073181,2,1JTG_A_B
"1JTG_KB74A,SA105A",3.1786304,4.836549520492554,2,1JTG_A_B
"1JTG_FB142A,SA105A",2.843151,7.082478761672974,2,1JTG_A_B
"1JTG_YB143A,SA105A",1.7919657,2.9735684394836426,2,1JTG_A_B
"1JTG_KB74A,FB142A,SA105A",5.161859,5.499871571858724,3,1JTG_A_B
"1JTG_KB74A,YB143A,SA105A",3.7284179,2.6532760858535767,3,1JTG_A_B
"1JTG_FB142A,YB143A,SA105A",4.1582785,4.368892272313436,3,1JTG_A_B
"1JTG_KB74A,FB142A,YB143A,SA105A",5.0667753,3.759566366672516,4,1JTG_A_B
1JTG_QA74A,0.42960185,-1.178966999053955,1,1JTG_A_B
1JTG_NA75A,-0.45580518,-2.5791854858398438,1,1JTG_A_B
1JTG_VA78A,1.9107438,11.996809959411621,1,1JTG_A_B
1JTG_EA79A,1.7679566,1.7892552614212036,1,1JTG_A_B
1JTG_PA82A,-0.38275692,6.921267032623291,1,1JTG_A_B
1JTG_EA85A,4.0619283,-0.436334490776062,1,1JTG_A_B
1JTG_MA104A,0.738821,1.5064423084259033,1,1JTG_A_B
1JTG_EA143A,-0.07258199,1.769296407699585,1,1JTG_A_B
1JTG_VA190A,-0.40694198,6.014184951782227,1,1JTG_A_B
1JTG_FB36A,3.2014196,10.572122573852539,1,1JTG_A_B
1JTG_HB41A,3.2497003,2.995030403137207,1,1JTG_A_B
1JTG_DB49A,1.6727427,-1.4574800729751587,1,1JTG_A_B
1JTG_YB50A,-0.40694198,3.6668572425842285,1,1JTG_A_B
1JTG_YB53A,2.0774672,6.468184471130371,1,1JTG_A_B
1JTG_SB71A,0.35808927,0.3554248809814453,1,1JTG_A_B
1JTG_KB74A,3.8236682,2.303363084793091,1,1JTG_A_B
1JTG_WB112A,3.0105112,1.4610276222229004,1,1JTG_A_B
1JTG_SB113A,-0.16837136,2.366269826889038,1,1JTG_A_B
1JTG_FB142A,2.5082707,6.795212745666504,1,1JTG_A_B
1JTG_HB148A,2.7478888,3.1387429237365723,1,1JTG_A_B
1JTG_WB150A,4.253562,12.695404052734375,1,1JTG_A_B
1JTG_RB160A,2.2222042,1.204230546951294,1,1JTG_A_B
1JTG_WB162A,2.3408265,1.5523335933685303,1,1JTG_A_B
"1JTG_QA74A,HB148A",3.2014196,0.9798848628997803,2,1JTG_A_B
"1JTG_QA74A,WB150A",3.8236682,5.758217096328735,2,1JTG_A_B
"1JTG_QA74A,RB160A",3.7509472,0.012628912925720215,2,1JTG_A_B
"1JTG_NA75A,HB148A",2.102992,0.2797778844833374,2,1JTG_A_B
"1JTG_NA75A,WB150A",4.3494678,5.058111906051636,2,1JTG_A_B
"1JTG_NA75A,RB160A",1.5768485,-0.687477707862854,2,1JTG_A_B
"1JTG_EA143A,WB162A",2.0774672,1.6608155965805054,2,1JTG_A_B
"1JTG_VA78A,WB162A",4.2294164,6.774571776390076,2,1JTG_A_B
"1JTG_MA104A,YB53A",3.6092749,3.9873119592666626,2,1JTG_A_B
"1JTG_MA104A,YB50A",0.35808927,2.586654543876648,2,1JTG_A_B
"1JTG_MA104A,FB36A",3.6313221,6.0392831563949585,2,1JTG_A_B
"1JTG_PA82A,HB41A",2.6529458,4.958146572113037,2,1JTG_A_B
"1JTG_PA82A,YB50A",-0.6471606,5.294064521789551,2,1JTG_A_B
"1JTG_PA82A,YB53A",2.3889828,6.69472074508667,2,1JTG_A_B
"1JTG_VA190A,YB50A",-0.88553065,4.840522050857544,2,1JTG_A_B
"1JTG_EA85A,SB113A,SB71A",5.04229,0.8065981070200602,3,1JTG_A_B
"1JTG_EA85A,SB113A",4.565591,0.9649685025215149,2,1JTG_A_B
"1JTG_EA85A,SB71A",5.019354,-0.04045480489730835,2,1JTG_A_B
"1JTG_SB71A,SB113A",0.4560681,1.4280637502670288,2,1JTG_A_B
"1JTG_EA79A,SB113A",1.8645554,2.077764928340912,2,1JTG_A_B
"1JTG_QA74A,WB112A",3.5377367,0.14102470874786377,2,1JTG_A_B
"1JTG_QA74A,WB162A",2.8912807,0.18667912483215332,2,1JTG_A_B
"1JTG_QA74A,KB74A",4.1096516,0.5621947050094604,2,1JTG_A_B
"1JTG_QA74A,FB142A",2.8191366,2.8081154823303223,2,1JTG_A_B
"1JTG_QA74A,DB49A",2.1983838,-1.3182278871536255,2,1JTG_A_B
"1JTG_NA75A,WB112A",2.7952178,-0.5590771436691284,2,1JTG_A_B
"1JTG_NA75A,WB162A",2.102992,-0.5134254693984985,2,1JTG_A_B
"1JTG_NA75A,RB160A",1.5768485,-0.687476396560669,2,1JTG_A_B
"1JTG_NA75A,KB74A",3.511833,-0.13791322708129883,2,1JTG_A_B
"1JTG_NA75A,FB142A",2.2936041,2.1080150604248047,2,1JTG_A_B
"1JTG_NA75A,DB49A",1.5768485,-2.018332540988922,2,1JTG_A_B
"1JTG_VA78A,RB160A",4.3494678,6.60052216053009,2,1JTG_A_B
"1JTG_VA78A,FB142A",4.516677,9.396016597747803,2,1JTG_A_B
"1JTG_EA143A,WB112A",2.7952178,1.6151609420776367,2,1JTG_A_B
"1JTG_EA143A,WB150A",4.1096516,7.232350707054138,2,1JTG_A_B
"1JTG_EA143A,RB160A",2.3189266,1.486761212348938,2,1JTG_A_B
"1JTG_EA143A,KB74A",4.0619283,2.0363298654556274,2,1JTG_A_B
"1JTG_EA143A,FB142A",2.5810452,4.282255291938782,2,1JTG_A_B
"1JTG_EA143A,DB49A",1.505004,0.15590816736221313,2,1JTG_A_B
"1JTG_EA85A,YB50A",3.9671037,1.615260362625122,2,1JTG_A_B
"1JTG_MA104A,SB113A,SB71A",1.6727427,1.4541910489400227,3,1JTG_A_B
"1JTG_VA190A,FB142A",2.1983838,6.404697895050049,2,1JTG_A_B
"1JTG_EA79A,SB113A,SB71A",2.5810452,1.5484623511632283,3,1JTG_A_B
1JTG_TB32K,0.19934364,7.7970051765441895,1,1JTG_A_B
1JTG_VB93K,-0.47571647,3.529635429382324,1,1JTG_A_B
1JTG_TB140K,-0.014392254,3.686434507369995,1,1JTG_A_B
1JTG_NB89K,-0.45492652,0.7103004455566406,1,1JTG_A_B
1JTG_DB163A,-1.3409348,-0.07710623741149902,1,1JTG_A_B
1JTG_DB163K,-1.9827645,-0.33067870140075684,1,1JTG_A_B
"1JTG_TB140K,QB157K",-0.39660552,2.5132017731666565,2,1JTG_A_B
"1JTG_VB165K,DB163K,NB89K",-2.393421,0.11002858479817708,3,1JTG_A_B
"1JTG_DB163K,DB135K,VB134K",-3.055167,4.9591064453125e-05,3,1JTG_A_B
"1JTG_VB165K,DB163K,DB135K,NB89K",-3.360556,0.21181607246398926,4,1JTG_A_B
1JTG_KA86N,0.18092397,-3.517134189605713,1,1JTG_A_B
1JTG_RA214Y,-0.14287694,2.7226779460906982,1,1JTG_A_B
1JTG_PA82Q,0.46132421,11.39415454864502,1,1JTG_A_B
1JTG_EA143G,-0.17043781,2.518564462661743,1,1JTG_A_B
1JTG_EA85V,-0.6724211,1.5916246175765991,1,1JTG_A_B
1JTG_EA85G,-0.91263974,6.325333118438721,1,1JTG_A_B
1JTG_EA146K,-0.6100001,2.683971405029297,1,1JTG_A_B
"1JTG_EA85G,EA143G",-0.6100001,4.41905403137207,2,1JTG_A_B
"1JTG_EA85V,EA143G",-0.7422019,2.058742940425873,2,1JTG_A_B
1JTG_EA213K,-0.41065642,-0.15327680110931396,1,1JTG_A_B
1JTG_EA79A,1.8279184,1.7892564535140991,1,1JTG_A_B
1JTG_EA79D,3.643621,4.0241618156433105,1,1JTG_A_B
1JTG_EA79K,2.2385747,4.4719438552856445,1,1JTG_A_B
1JTG_EB73M,0.5046223,5.12701940536499,1,1JTG_A_B
"1JTG_EB73M,KB74A",4.294496,3.5588743686676025,2,1JTG_A_B
"1JTG_EB73M,FB142A",2.5326898,5.980987071990967,2,1JTG_A_B
"1JTG_EB73M,KB74A,FB142A",4.5562606,4.657690445582072,3,1JTG_A_B
"1JTG_EA79A,EB73M",1.8363222,3.458142101764679,2,1JTG_A_B
"1JTG_EA79A,EB73M,KB74A",2.0956979,2.9690033197402954,3,1JTG_A_B
"1JTG_EA79A,EB73M,FB142A",2.8455446,4.583740433057149,3,1JTG_A_B
"1JTG_EA79A,EB73M,KB74A,FB142A",2.5820894,3.940584748983383,4,1JTG_A_B
1JTG_EB31A,0.82131284,1.9091798067092896,1,1JTG_A_B
1JTG_SB35A,0.0,-2.022191047668457,1,1JTG_A_B
1JTG_FB36A,2.5961404,10.572121620178223,1,1JTG_A_B
1JTG_SB39A,-0.30263966,-0.04504472017288208,1,1JTG_A_B
1JTG_HB41A,2.4998558,2.9950246810913086,1,1JTG_A_B
1JTG_GB48A,0.19934364,1.1430432796478271,1,1JTG_A_B
1JTG_DB49A,2.185484,-1.457478642463684,1,1JTG_A_B
1JTG_YB50A,-2.261219,3.6668577194213867,1,1JTG_A_B
1JTG_YB51A,0.0,0.5429749488830566,1,1JTG_A_B
1JTG_YB53A,2.2143898,6.4681782722473145,1,1JTG_A_B
1JTG_SB71A,-0.54285824,0.3554229736328125,1,1JTG_A_B
1JTG_EB73A,-0.13220184,6.006837844848633,1,1JTG_A_B
1JTG_KB74A,2.6789427,2.303360939025879,1,1JTG_A_B
1JTG_WB112A,1.9302658,1.4610276222229004,1,1JTG_A_B
1JTG_SB113A,-0.897048,2.3662731647491455,1,1JTG_A_B
1JTG_GB141A,0.7588918,6.079181671142578,1,1JTG_A_B
1JTG_FB142A,2.053282,6.795210838317871,1,1JTG_A_B
1JTG_YB143A,0.10801677,-1.4226009845733643,1,1JTG_A_B
1JTG_RB144A,0.10801677,-0.03398585319519043,1,1JTG_A_B
1JTG_HB148A,2.2143898,3.138744831085205,1,1JTG_A_B
1JTG_WB150A,3.5002553,12.695413589477539,1,1JTG_A_B
1JTG_RB160A,1.8312942,1.2042291164398193,1,1JTG_A_B
1JTG_WB162A,2.185484,1.55232834815979,1,1JTG_A_B
"1JTG_EB73A,YB50A",-1.4963729,4.754669904708862,2,1JTG_A_B
1JTG_QA74A,0.58940727,-1.1789727210998535,1,1JTG_A_B
1JTG_NA75A,-1.4773622,-2.57918643951416,1,1JTG_A_B
1JTG_LA77A,0.87071246,10.742504119873047,1,1JTG_A_B
1JTG_EA79A,2.7824626,1.7892578840255737,1,1JTG_A_B
1JTG_YA80A,-0.09477138,0.7297632694244385,1,1JTG_A_B
1JTG_PA82A,0.23677412,6.921263694763184,1,1JTG_A_B
1JTG_EA85A,-1.3147715,-0.43633484840393066,1,1JTG_A_B
1JTG_KA86A,-0.8585194,-1.818800926208496,1,1JTG_A_B
1JTG_MA104A,1.5096183,1.5064442157745361,1,1JTG_A_B
1JTG_VA190A,-0.582814,6.014191150665283,1,1JTG_A_B
1JTG_MA244A,-0.051081907,-1.6891318559646606,1,1JTG_A_B
1JTG_FB36A,3.8311043,10.572121620178223,1,1JTG_A_B
1JTG_FB36A,3.5908856,10.57211685180664,1,1JTG_A_B
1JTG_FB36A,3.0436552,10.572125434875488,1,1JTG_A_B
1JTG_HB41A,3.4651825,2.995028495788574,1,1JTG_A_B
1JTG_HB41A,3.6500618,2.995028018951416,1,1JTG_A_B
1JTG_HB41A,4.162887,2.995025157928467,1,1JTG_A_B
1JTG_DB49A,3.2394054,-1.4574778079986572,1,1JTG_A_B
1JTG_DB49A,3.0652013,-1.4574790000915527,1,1JTG_A_B
1JTG_DB49A,2.9027696,-1.45747971534729,1,1JTG_A_B
1JTG_YB53A,3.2093723,6.468174934387207,1,1JTG_A_B
1JTG_YB53A,3.8311043,6.468172550201416,1,1JTG_A_B
1JTG_YB53A,3.400191,6.468175888061523,1,1JTG_A_B
1JTG_KB74A,3.974159,2.3033604621887207,1,1JTG_A_B
1JTG_KB74A,4.092513,2.3033621311187744,1,1JTG_A_B
1JTG_KB74A,3.7522304,2.303361177444458,1,1JTG_A_B
1JTG_WB112A,3.4204478,1.4610257148742676,1,1JTG_A_B
1JTG_WB112A,3.2093723,1.4610328674316406,1,1JTG_A_B
1JTG_WB112A,2.9299688,1.4610295295715332,1,1JTG_A_B
1JTG_FB142A,3.2394054,6.79521369934082,1,1JTG_A_B
1JTG_FB142A,3.4651825,6.795208930969238,1,1JTG_A_B
1JTG_FB142A,3.2394054,6.7952094078063965,1,1JTG_A_B
1JTG_HB148A,2.4501011,3.138747215270996,1,1JTG_A_B
1JTG_HB148A,3.6200285,3.138744354248047,1,1JTG_A_B
1JTG_HB148A,3.8750691,3.138746738433838,1,1JTG_A_B
1JTG_WB150A,4.9841995,12.695403099060059,1,1JTG_A_B
1JTG_WB150A,4.573543,12.695405960083008,1,1JTG_A_B
1JTG_WB150A,4.9841995,12.695405960083008,1,1JTG_A_B
1JTG_RB160A,3.5908856,1.2042317390441895,1,1JTG_A_B
1JTG_RB160A,3.254968,1.2042310237884521,1,1JTG_A_B
1JTG_RB160A,3.30542,1.2042326927185059,1,1JTG_A_B
1JTG_SB39A,0.351783,-0.04504483938217163,1,1JTG_A_B
1JTG_GB48A,1.3023428,1.1430444717407227,1,1JTG_A_B
1JTG_GB48A,1.9412487,1.143046259880066,1,1JTG_A_B
1JTG_YB50A,-2.0774672,3.6668643951416016,1,1JTG_A_B
1JTG_YB50A,-2.119869,3.666858196258545,1,1JTG_A_B
1JTG_YB51A,1.1420861,0.5429773330688477,1,1JTG_A_B
1JTG_YB51A,1.0624204,0.542975902557373,1,1JTG_A_B
1JTG_YB51A,1.0388641,0.542975664138794,1,1JTG_A_B
1JTG_SB71A,0.59101826,0.3554227352142334,1,1JTG_A_B
1JTG_EB73A,0.98571545,6.006836414337158,1,1JTG_A_B
1JTG_SB113A,-0.4991435,2.3662688732147217,1,1JTG_A_B
1JTG_GB141A,1.8707118,6.079181671142578,1,1JTG_A_B
1JTG_YB143A,0.8916864,-1.4226040840148926,1,1JTG_A_B
1JTG_YB143A,1.5581532,-1.4226024150848389,1,1JTG_A_B
1JTG_RB144A,1.1825987,-0.03398633003234863,1,1JTG_A_B
1K8R_QB11A,1.7981402,1.1816043853759766,1,1K8R_A_B
1K8R_RB13A,2.8009782,0.18523097038269043,1,1K8R_A_B
1K8R_KB23A,0.5867637,0.8009675741195679,1,1K8R_A_B
1K8R_KB31A,2.7283423,2.1320018768310547,1,1K8R_A_B
1K8R_RB76A,0.7152742,0.10311770439147949,1,1K8R_A_B
1K8R_RB77A,1.436807,-1.253726601600647,1,1K8R_A_B
1K8R_EA31K,0.17093296,2.8572640419006348,1,1K8R_A_B
"1K8R_DA30K,EA31K",0.40966487,3.2252609729766846,2,1K8R_A_B
1K8R_DA33A,1.535104,4.947845935821533,1,1K8R_A_B
1K8R_EA37A,0.3058015,5.818519115447998,1,1K8R_A_B
1K8R_DA38A,1.7121863,8.040119171142578,1,1K8R_A_B
1K8R_DA38E,3.4376621,3.962174654006958,1,1K8R_A_B
1K8R_DA38N,1.8962318,5.233772277832031,1,1K8R_A_B
1K8R_SA39A,0.7152742,3.848607301712036,1,1K8R_A_B
1K8R_YA40C,3.4376621,12.098512649536133,1,1K8R_A_B
1K8R_YA40F,1.4919976,4.531637191772461,1,1K8R_A_B
1K8R_RA41A,1.1796982,1.925360918045044,1,1K8R_A_B
1K8R_DA57A,1.1796982,14.054304122924805,1,1K8R_A_B
1K8R_EA62A,0.40966487,5.850953102111816,1,1K8R_A_B
1K8R_EA63A,0.40966487,5.007326602935791,1,1K8R_A_B
1KAC_PA15S,-0.7933806,5.562756538391113,1,1KAC_A_B
1KAC_SA87Y,-1.2527592,-0.11718606948852539,1,1KAC_A_B
1KIP_AB32Y,-0.80095166,-3.0518245697021484,1,1KIP_AB_C
1KIQ_FB101Y,-2.496076,-2.241334915161133,1,1KIQ_AB_C
1KIR_SA50Y,-1.3877153,0.8345272541046143,1,1KIR_AB_C
1KNE_TP2K,-0.31437176,,1,1KNE_A_P
1KNE_TP2I,0.2740822,,1,1KNE_A_P
1KNE_TP2F,0.096284665,,1,1KNE_A_P
1KNE_TP2L,0.20430143,,1,1KNE_A_P
1KNE_AA3F,-0.11502811,,1,1KNE_A_P
"1KNE_AA3F,TP2K",-0.035917178,,2,1KNE_A_P
"1KNE_AA3F,TP2I",0.5897433,,2,1KNE_A_P
"1KNE_AA3F,TP2F",0.8036264,,2,1KNE_A_P
"1KNE_AA3F,TP2L",0.39296997,,2,1KNE_A_P
1KNE_AA3K,0.89495325,,1,1KNE_A_P
"1KNE_AA3K,TP2K",1.5997248,,2,1KNE_A_P
"1KNE_AA3K,TP2I",1.3980347,,2,1KNE_A_P
"1KNE_AA3K,TP2F",1.4692765,,2,1KNE_A_P
"1KNE_AA3K,TP2L",1.8344539,,2,1KNE_A_P
1KNE_AA3L,0.0,,1,1KNE_A_P
"1KNE_AA3L,TP2K",-0.15893354,,2,1KNE_A_P
"1KNE_AA3L,TP2I",0.06589585,,2,1KNE_A_P
"1KNE_AA3L,TP2F",0.2517229,,2,1KNE_A_P
"1KNE_AA3L,TP2L",0.2517229,,2,1KNE_A_P
1KNE_AA3T,-0.37679282,,1,1KNE_A_P
"1KNE_AA3T,TP2K",-0.31437176,,2,1KNE_A_P
"1KNE_AA3T,TP2I",0.6024847,,2,1KNE_A_P
"1KNE_AA3T,TP2F",0.7853957,,2,1KNE_A_P
"1KNE_AA3T,TP2L",0.5634078,,2,1KNE_A_P
1KNE_DA40F,-0.6170114,,1,1KNE_A_P
"1KNE_DA40F,TP2K",-0.20635499,,2,1KNE_A_P
"1KNE_DA40F,TP2I",0.20430143,,2,1KNE_A_P
"1KNE_DA40F,TP2F",-0.15893354,,2,1KNE_A_P
"1KNE_DA40F,TP2L",0.2956283,,2,1KNE_A_P
1KNE_DA40I,0.4607526,,1,1KNE_A_P
"1KNE_DA40I,TP2K",0.5897433,,2,1KNE_A_P
"1KNE_DA40I,TP2I",0.61495787,,2,1KNE_A_P
"1KNE_DA40I,TP2F",1.0953951,,2,1KNE_A_P
"1KNE_DA40I,TP2L",0.5767219,,2,1KNE_A_P
1KNE_DA40K,-0.37679282,,1,1KNE_A_P
"1KNE_DA40K,TP2K",0.33650327,,2,1KNE_A_P
"1KNE_DA40K,TP2I",0.0,,2,1KNE_A_P
"1KNE_DA40K,TP2F",-0.035917178,,2,1KNE_A_P
"1KNE_DA40K,TP2L",-0.31437176,,2,1KNE_A_P
1KNE_DA40T,0.4919415,,1,1KNE_A_P
"1KNE_DA40T,TP2K",0.7270746,,2,1KNE_A_P
"1KNE_DA40T,TP2I",0.8872087,,2,1KNE_A_P
"1KNE_DA40T,TP2F",1.2406183,,2,1KNE_A_P
"1KNE_DA40T,TP2L",0.2517229,,2,1KNE_A_P
1KNE_KA24A,-1.2678864,,1,1KNE_A_P
"1KNE_KA24A,AA3K",-0.25790507,,2,1KNE_A_P
1KTZ_VA62I,0.24291772,1.2295503616333008,1,1KTZ_A_B
1KTZ_RA13K,1.1516978,-0.4498535394668579,1,1KTZ_A_B
1KTZ_RA64K,2.201497,0.11495256423950195,1,1KTZ_A_B
1KTZ_RA13A,1.4815814,0.6983325481414795,1,1KTZ_A_B
1KTZ_RA64A,2.8844044,-1.5692203044891357,1,1KTZ_A_B
1KTZ_LB3A,1.8249238,7.485036373138428,1,1KTZ_A_B
1KTZ_FB6A,2.980065,1.0279810428619385,1,1KTZ_A_B
1KTZ_DB8A,1.5216165,1.5067267417907715,1,1KTZ_A_B
1KTZ_DB8N,2.0003443,0.21971416473388672,1,1KTZ_A_B
1KTZ_SB25A,0.32654586,2.706404447555542,1,1KTZ_A_B
1KTZ_IB26A,1.896481,9.788529396057129,1,1KTZ_A_B
1KTZ_TB27A,1.5135467,2.9397950172424316,1,1KTZ_A_B
1KTZ_SB28A,0.21651737,2.4767446517944336,1,1KTZ_A_B
1KTZ_SB28L,4.0377865,14.778420448303223,1,1KTZ_A_B
1KTZ_IB29A,1.3702387,6.724790096282959,1,1KTZ_A_B
1KTZ_EB31A,1.2165227,1.0575952529907227,1,1KTZ_A_B
1KTZ_VB53A,0.41499674,2.8827993869781494,1,1KTZ_A_B
1KTZ_DB94A,0.81474215,3.7461774349212646,1,1KTZ_A_B
1KTZ_EB95A,1.4942782,-1.071378231048584,1,1KTZ_A_B
1KTZ_EB95Q,1.6271791,1.3716919422149658,1,1KTZ_A_B
1KTZ_NB23A,0.2849532,2.697006940841675,1,1KTZ_A_B
1KTZ_VB38A,0.6479637,7.916322231292725,1,1KTZ_A_B
1KTZ_EB51A,1.0801141,4.218302249908447,1,1KTZ_A_B
1KTZ_HB55A,0.2956283,6.173730373382568,1,1KTZ_A_B
1KTZ_FB86A,0.9322267,10.711066246032715,1,1KTZ_A_B
1KTZ_MB88A,0.87140906,6.943690776824951,1,1KTZ_A_B
1KTZ_IB101A,0.53936297,6.944412708282471,1,1KTZ_A_B
1LFD_RA7A,1.5992154,3.9771180152893066,1,1LFD_A_B
1LFD_SA9K,0.8984887,1.9795241355895996,1,1LFD_A_B
1LFD_LA10K,-0.5018116,5.630327224731445,1,1LFD_A_B
1LFD_NA14K,0.39763498,3.8081231117248535,1,1LFD_A_B
1LFD_MA17K,-0.40145507,-0.5701155662536621,1,1LFD_A_B
1LFD_KA19A,1.4974024,4.067126750946045,1,1LFD_A_B
1LFD_KA35A,0.29746535,4.3351898193359375,1,1LFD_A_B
1LFD_DA38A,-0.6010017,-0.8976190090179443,1,1LFD_A_B
1LFD_DA38K,-0.90175,-0.8959188461303711,1,1LFD_A_B
1LFD_KA39A,1.800042,1.8901416063308716,1,1LFD_A_B
1LFD_NA41K,-0.10145895,0.7165477275848389,1,1LFD_A_B
1LFD_LA42K,0.0,6.068029880523682,1,1LFD_A_B
1LFD_DA43A,-0.40145507,1.1625165939331055,1,1LFD_A_B
1LFD_EA44A,-0.40145507,1.1311686038970947,1,1LFD_A_B
1LFD_EA44K,-0.10145895,-0.5463330745697021,1,1LFD_A_B
1LFD_DA45K,-0.5018116,0.5041005611419678,1,1LFD_A_B
1LFD_NA79K,-0.40145507,-0.22503352165222168,1,1LFD_A_B
1LFD_YA80K,0.19934364,-1.3487293720245361,1,1LFD_A_B
1LFD_DA81K,-0.90175,2.5184826850891113,1,1LFD_A_B
"1LFD_MA17K,DA45K",-0.20182166,-0.03922879695892334,2,1LFD_A_B
"1LFD_MA17K,DA81K",-0.40145507,1.0113320350646973,2,1LFD_A_B
"1LFD_MA17K,DA38K,DA45K",-1.8022412,-0.4077170689900716,3,1LFD_A_B
"1LFD_MA17K,DA38K,DA45K,DA81K",-0.90175,0.3270636200904846,4,1LFD_A_B
"1LFD_DA38K,DA43K,EA44K",-1.2028182,-0.7183213233947754,3,1LFD_A_B
"1LFD_DA45K,DA81K",-0.70139563,1.478454828262329,2,1LFD_A_B
1LFD_RA7A,1.1360438,3.9771170616149902,1,1LFD_A_B
1LFD_SA9K,-0.117870666,1.9795219898223877,1,1LFD_A_B
1LFD_LA10K,-0.0154695995,5.630332946777344,1,1LFD_A_B
1LFD_NA14K,0.4029721,3.8081202507019043,1,1LFD_A_B
1LFD_MA17K,-0.9208399,-0.5701150894165039,1,1LFD_A_B
1LFD_KA19A,1.3263422,4.0671305656433105,1,1LFD_A_B
1LFD_KA35A,0.2582642,4.335195541381836,1,1LFD_A_B
1LFD_DA38A,-0.5790618,-0.8976192474365234,1,1LFD_A_B
1LFD_DA38K,-1.0864805,-0.8959195613861084,1,1LFD_A_B
1LFD_KA39A,1.1793077,1.8901487588882446,1,1LFD_A_B
1LFD_NA41K,-1.1683279,0.7165470123291016,1,1LFD_A_B
1LFD_LA42K,-0.5710011,6.0680341720581055,1,1LFD_A_B
1LFD_DA43A,-0.2796774,1.1625185012817383,1,1LFD_A_B
1LFD_EA44A,-0.24635807,1.1311683654785156,1,1LFD_A_B
1LFD_EA44K,-0.28459403,-0.5463340282440186,1,1LFD_A_B
1LFD_DA45K,-0.9065632,0.5041015148162842,1,1LFD_A_B
1LFD_NA79K,-0.5630486,-0.22503376007080078,1,1LFD_A_B
1LFD_YA80K,0.07719918,-1.3487309217453003,1,1LFD_A_B
1LFD_DA81K,-1.1467818,2.5184807777404785,1,1LFD_A_B
"1LFD_MA17K,DA45K",-1.0494401,-0.03922545909881592,2,1LFD_A_B
"1LFD_MA17K,DA81K",-0.9065632,1.0113327503204346,2,1LFD_A_B
"1LFD_MA17K,DA38K,DA45K",-1.9596909,-0.40771762530008954,3,1LFD_A_B
"1LFD_MA17K,DA38K,DA45K,DA81K",-1.7567819,0.327065646648407,4,1LFD_A_B
"1LFD_DA38K,DA43K,EA44K",-1.5574383,-0.7183212041854858,3,1LFD_A_B
"1LFD_DA45K,DA81K",-0.60392356,1.4784554243087769,2,1LFD_A_B
1LFD_IA5A,1.0004743,0.7894482612609863,1,1LFD_A_B
1LFD_RA7A,2.2015543,3.9771170616149902,1,1LFD_A_B
1LFD_NA14A,1.0004743,4.718968868255615,1,1LFD_A_B
1LFD_NA16A,0.30178165,-3.029303550720215,1,1LFD_A_B
1LFD_YA18F,1.0004743,-0.7769312858581543,1,1LFD_A_B
1LFD_KA19A,1.7991841,4.067134380340576,1,1LFD_A_B
1LFD_SA20A,0.80081373,3.169950485229492,1,1LFD_A_B
1LFD_KA35A,0.30178165,4.3351898193359375,1,1LFD_A_B
1LFD_DA38A,-0.29922,-0.8976178169250488,1,1LFD_A_B
1LFD_KA39A,2.4014938,1.890142798423767,1,1LFD_A_B
1LFD_HA40A,1.0004743,8.616007804870605,1,1LFD_A_B
1LFD_EA44A,-0.099673435,1.1311686038970947,1,1LFD_A_B
1LFD_QB25A,0.9006381,6.761866092681885,1,1LFD_A_B
1LFD_DB33A,1.1007847,4.6508002281188965,1,1LFD_A_B
1LFD_SB39A,-0.5999684,-0.36767876148223877,1,1LFD_A_B
1LFD_YB40F,2.3011672,4.784154891967773,1,1LFD_A_B
1LFD_RB41A,0.9006381,2.9588167667388916,1,1LFD_A_B
1LFD_IA5A,1.8241292,0.7894463539123535,1,1LFD_A_B
1LFD_RA7A,2.3048167,3.977113723754883,1,1LFD_A_B
1LFD_NA14A,0.8626772,4.7189717292785645,1,1LFD_A_B
1LFD_NA16A,0.6701435,-3.0293004512786865,1,1LFD_A_B
1LFD_YA18F,1.6315053,-0.7769322395324707,1,1LFD_A_B
1LFD_YA18A,3.458532,6.8363542556762695,1,1LFD_A_B
1LFD_KA19A,3.0743976,4.067119121551514,1,1LFD_A_B
1LFD_SA20A,1.0549668,3.1699562072753906,1,1LFD_A_B
1LFD_KA35A,0.5743233,4.335200309753418,1,1LFD_A_B
1LFD_DA38A,-0.29052365,-0.8976192474365234,1,1LFD_A_B
1LFD_KA39A,3.0743976,1.890149474143982,1,1LFD_A_B
1LFD_HA40A,1.9196249,8.61600399017334,1,1LFD_A_B
1LFD_EA44A,0.19088997,1.1311683654785156,1,1LFD_A_B
1LFD_VB29A,0.47771078,3.3892147541046143,1,1LFD_A_B
1LFD_EB37A,1.1507562,4.149002552032471,1,1LFD_A_B
1LFD_DB38A,3.746721,11.202938079833984,1,1LFD_A_B
1LFD_SB39A,-0.8671045,-0.3676794171333313,1,1LFD_A_B
1LFD_YB40F,1.9196249,4.784156799316406,1,1LFD_A_B
1LFD_YB40A,3.5545313,15.871840476989746,1,1LFD_A_B
1LFD_RB41A,0.76619107,2.958817481994629,1,1LFD_A_B
1LFD_EB62A,0.19088997,4.727120399475098,1,1LFD_A_B
1LFD_EB63A,0.28575388,4.512819290161133,1,1LFD_A_B
"1LFD_NA16A,QB25A",0.30178165,1.86627995967865,2,1LFD_A_B
"1LFD_KA19A,QB25A",2.5012662,5.414497375488281,2,1LFD_A_B
"1LFD_DA38A,DB33A",0.2003227,1.8765957355499268,2,1LFD_A_B
"1LFD_HA40A,DB33A",2.2015543,6.633404493331909,2,1LFD_A_B
"1LFD_NA16A,SB39A",0.0,-1.6984893083572388,2,1LFD_A_B
"1LFD_YA18F,SB39A",0.80081373,-0.5723055601119995,2,1LFD_A_B
"1LFD_KA35A,SB39A",-0.099673435,1.9837555289268494,2,1LFD_A_B
"1LFD_HA40A,SB39A",0.5011253,4.12416273355484,2,1LFD_A_B
"1LFD_NA16A,YB40F",2.3011672,0.8774242401123047,2,1LFD_A_B
"1LFD_YA18F,YB40F",2.6016874,2.0036113262176514,2,1LFD_A_B
"1LFD_SA20A,YB40F",1.7991841,3.977057456970215,2,1LFD_A_B
"1LFD_NA14A,RB41A",1.6006627,3.838893175125122,2,1LFD_A_B
"1LFD_NA16A,RB41A",1.4007436,-0.03524196147918701,2,1LFD_A_B
"1LFD_YA18F,RB41A",1.7991841,1.090943157672882,2,1LFD_A_B
"1LFD_HA40A,VB29A",1.9196249,6.002612948417664,2,1LFD_A_B
"1LFD_RA7A,EB37A",2.016676,4.063062429428101,2,1LFD_A_B
"1LFD_NA14A,EB37A",1.9196249,4.433990478515625,2,1LFD_A_B
"1LFD_YA18F,EB37A",1.2470759,1.6860361695289612,2,1LFD_A_B
"1LFD_YA18A,EB37A",3.458532,5.492681980133057,2,1LFD_A_B
"1LFD_SA20A,EB37A",2.2082965,3.6594783067703247,2,1LFD_A_B
"1LFD_YA18A,DB38A",4.7080827,9.019645690917969,2,1LFD_A_B
"1LFD_SA20A,DB38A",3.1699991,7.186446785926819,2,1LFD_A_B
"1LFD_KA39A,DB38A",5.8624244,6.546540081501007,2,1LFD_A_B
"1LFD_YA18A,SB39A",3.9384933,3.2343405187129974,2,1LFD_A_B
"1LFD_NA14A,RB41A",1.437748,3.8388946056365967,2,1LFD_A_B
"1LFD_NA16A,RB41A",0.76619107,-0.03523969650268555,2,1LFD_A_B
"1LFD_KA35A,EB63A",0.28575388,4.424008369445801,2,1LFD_A_B
1LFD_DB38A,2.7283423,11.202940940856934,1,1LFD_A_B
1LFD_YB32W,-0.21131277,7.528676986694336,1,1LFD_A_B
1LP9_TA163A,-0.40431997,1.1250205039978027,1,1LP9_ABC_EF
1LP9_WA167A,0.298805,5.19835090637207,1,1LP9_ABC_EF
1LP9_KA66A,0.72839123,4.533103942871094,1,1LP9_ABC_EF
1LP9_KA66A,1.1528584,4.53309965133667,1,1LP9_ABC_EF
1M9E_AD76H,-1.0099814,1.6565072536468506,1,1M9E_A_D
1MAH_FA285L,1.1491671,0.6204837560653687,1,1MAH_A_F
1MAH_FA287I,1.9018551,4.026973724365234,1,1MAH_A_F
1MAH_FA287Y,0.7310583,2.2983531951904297,1,1MAH_A_F
1MAH_FA328G,0.7310583,7.267034530639648,1,1MAH_A_F
1MAH_YA327A,0.35676003,0.06254053115844727,1,1MAH_A_F
1MAH_DA71N,1.7348719,1.040644645690918,1,1MAH_A_F
1MAH_YA121Q,2.772983,0.2972736358642578,1,1MAH_A_F
1MAH_YA69N,4.8160243,1.3385601043701172,1,1MAH_A_F
1MAH_WA276R,8.13113,1.6272659301757812,1,1MAH_A_F
"1MAH_YA69N,YA121Q",6.132774,0.8091096878051758,2,1MAH_A_F
"1MAH_YA121Q,WA276R",8.959455,0.9508392810821533,2,1MAH_A_F
"1MAH_YA69N,WA276R",10.734282,1.489819049835205,2,1MAH_A_F
"1MAH_YA69N,YA121Q,WA276R",10.92611,1.0727412700653076,3,1MAH_A_F
1MHP_SL27Q,-0.5400962,2.845330238342285,1,1MHP_HL_A
"1MHP_TH50V,SL27Q,NL51Y",-1.023988,2.8973137537638345,3,1MHP_HL_A
1MHP_LL48K,0.9249573,-0.015034198760986328,1,1MHP_HL_A
1MHP_TH50V,-0.26331562,5.297726154327393,1,1MHP_HL_A
1MHP_LH60D,-0.122694746,1.314103603363037,1,1MHP_HL_A
1MHP_KH64E,-0.15529884,2.179014205932617,1,1MHP_HL_A
1MHP_KH64Q,-0.15529884,1.0068621635437012,1,1MHP_HL_A
1MHP_KH64D,-0.122694746,3.6546385288238525,1,1MHP_HL_A
1MHP_KH64N,-0.07257538,3.0153543949127197,1,1MHP_HL_A
1MHP_SL27Q,-0.66641104,2.8453288078308105,1,1MHP_HL_A
1MHP_NL51Y,-0.10329601,0.5116276741027832,1,1MHP_HL_A
1MHP_GH100M,0.10217976,3.9898838996887207,1,1MHP_HL_A
1MHP_SL23R,-0.06708605,0.38266682624816895,1,1MHP_HL_A
1MHP_NL51E,-0.17744917,0.039577484130859375,1,1MHP_HL_A
1MHP_FH99W,0.0,0.759890079498291,1,1MHP_HL_A
1MHP_GH100F,0.5740829,3.4114627838134766,1,1MHP_HL_A
1MHP_GH54Y,0.0,2.4707119464874268,1,1MHP_HL_A
1MHP_FH99W,0.0,0.7598917484283447,1,1MHP_HL_A
"1MHP_TH50V,KH64E",-0.36120108,3.735552430152893,2,1MHP_HL_A
"1MHP_LH60D,KH64Q",0.043008592,1.2564911842346191,2,1MHP_HL_A
"1MHP_LH60D,KH64E",-0.14186399,1.8108927011489868,2,1MHP_HL_A
"1MHP_TH50V,SL27Q,NL51Y",-1.2007446,2.8973167737325034,3,1MHP_HL_A
"1MHP_KH64E,SL27Q,NL51Y",-0.9535147,1.8577436606089275,3,1MHP_HL_A
"1MHP_TH50V,KH64E,SL27Q,NL51E",-1.2678864,2.574989378452301,4,1MHP_HL_A
"1MHP_TH50V,KH64E,SL27Q,NL51Y",-1.043681,2.7163307666778564,4,1MHP_HL_A
1MHP_NL29V,1.0497993,2.3559844493865967,1,1MHP_HL_A
1MHP_HL30R,1.124301,-0.6799502372741699,1,1MHP_HL_A
1MHP_HL30K,1.164688,-0.18568134307861328,1,1MHP_HL_A
1MHP_LL48K,0.79821587,-0.015035629272460938,1,1MHP_HL_A
1MHP_NL51R,0.8452191,-0.04664421081542969,1,1MHP_HL_A
1MHP_NL51K,0.65780437,-0.4449625015258789,1,1MHP_HL_A
1MHP_RH31Q,1.3079134,-0.518729567527771,1,1MHP_HL_A
1MHP_SH35Q,2.7283423,2.387091636657715,1,1MHP_HL_A
1MHP_TH50V,0.0,5.297729015350342,1,1MHP_HL_A
1MHP_YH59E,0.5442506,5.937126159667969,1,1MHP_HL_A
1MHP_LH60D,0.0,1.314101219177246,1,1MHP_HL_A
1MHP_KH64E,0.0,2.179016351699829,1,1MHP_HL_A
1MHP_KH64Q,0.0,1.0068624019622803,1,1MHP_HL_A
1MHP_KH64D,-0.22034271,3.6546380519866943,1,1MHP_HL_A
1MHP_KH64N,0.0,3.015355348587036,1,1MHP_HL_A
1MHP_SL27Q,-0.85723,2.8453283309936523,1,1MHP_HL_A
1MHP_NL29Y,1.9084218,0.21634626388549805,1,1MHP_HL_A
1MHP_NL29W,1.5733892,1.1417315006256104,1,1MHP_HL_A
1MHP_NL51Y,0.0,0.511624813079834,1,1MHP_HL_A
1MHP_SL90T,2.3176858,-0.09609770774841309,1,1MHP_HL_A
1MHP_SL90R,2.7283423,2.1523051261901855,1,1MHP_HL_A
1MHP_GL91Q,1.5733892,-1.3278379440307617,1,1MHP_HL_A
1MHP_GL91S,0.51283616,-2.5961217880249023,1,1MHP_HL_A
"1MHP_SL90R,NL29E",2.7283423,1.1874972581863403,2,1MHP_HL_A
1MHP_SH52M,2.0767698,13.014331817626953,1,1MHP_HL_A
1MHP_GH53S,0.6758959,3.734266519546509,1,1MHP_HL_A
1MHP_GH53A,0.51283616,1.527134895324707,1,1MHP_HL_A
1MHP_GH54I,1.3641711,5.111569404602051,1,1MHP_HL_A
1MHP_GH54T,1.164688,0.8816511631011963,1,1MHP_HL_A
1MHP_YH58Q,2.0767698,10.078816413879395,1,1MHP_HL_A
1MHP_YH58E,2.0767698,8.89920711517334,1,1MHP_HL_A
1MHP_YH58W,0.82131284,5.122249603271484,1,1MHP_HL_A
1MHP_GH100M,0.10217976,3.989884376525879,1,1MHP_HL_A
1MHP_SL23R,-0.36377135,0.38266634941101074,1,1MHP_HL_A
1MHP_LL48F,0.7125987,-0.914891242980957,1,1MHP_HL_A
1MHP_LL48W,1.9084218,-1.682729721069336,1,1MHP_HL_A
1MHP_NL51D,0.50098675,1.4451746940612793,1,1MHP_HL_A
1MHP_NL51E,0.0,0.03957986831665039,1,1MHP_HL_A
1MHP_WL89Q,2.0767698,-1.5683519840240479,1,1MHP_HL_A
1MHP_SL90Q,1.7748275,0.5012092590332031,1,1MHP_HL_A
"1MHP_WL89Q,FL32Y",0.87140906,-0.7389035224914551,2,1MHP_HL_A
1MHP_TH33V,0.43456262,3.3034865856170654,1,1MHP_HL_A
1MHP_TH33N,2.7283423,1.9222521781921387,1,1MHP_HL_A
1MHP_SH35A,1.5733892,1.981526255607605,1,1MHP_HL_A
1MHP_FH99W,0.0,0.7598893642425537,1,1MHP_HL_A
1MHP_FH99Y,0.75500685,-0.383800745010376,1,1MHP_HL_A
1MHP_GH100L,2.7283423,2.3100452423095703,1,1MHP_HL_A
1MHP_GH100F,0.20430143,3.411458969116211,1,1MHP_HL_A
1MHP_GH100S,0.5579972,2.656130313873291,1,1MHP_HL_A
"1MHP_TH50V,SH35V",2.7283423,6.399431943893433,2,1MHP_HL_A
"1MHP_TH50V,SH35A",2.0767698,3.0014490485191345,2,1MHP_HL_A
"1MHP_SH35A,GH102S",1.5733892,3.9887062907218933,2,1MHP_HL_A
"1MHP_SH35V,GH102S",1.4263133,6.365115404129028,2,1MHP_HL_A
"1MHP_TH50V,GH102S",1.6682031,5.547096014022827,2,1MHP_HL_A
1MHP_HL30W,1.2558755,-0.30788588523864746,1,1MHP_HL_A
"1MHP_NL29Y,SL90I",0.43456262,2.3248989582061768,2,1MHP_HL_A
1MHP_GH53N,1.2558755,4.8533196449279785,1,1MHP_HL_A
1MHP_GH54Y,0.0,2.470712423324585,1,1MHP_HL_A
1MHP_FH99W,0.0,0.7598915100097656,1,1MHP_HL_A
1MHP_FH99Y,0.75500685,-0.38379979133605957,1,1MHP_HL_A
"1MHP_TH33E,GH53Q",1.6682031,5.286223530769348,2,1MHP_HL_A
"1MHP_TH33I,SH52T,GH53N,GH54N",1.9084218,3.3563772439956665,4,1MHP_HL_A
"1MHP_TH33I,SH52T,GH53Q,GH54F",1.2558755,4.301401197910309,4,1MHP_HL_A
"1MHP_TH50V,SL27Q",-0.6949949,4.071527481079102,2,1MHP_HL_A
"1MHP_TH50V,KH64E",0.0,3.7355549335479736,2,1MHP_HL_A
"1MHP_KH64E,SL27Q",-0.85723,2.512171149253845,2,1MHP_HL_A
"1MHP_TH50V,SL27Q,NL51Y",-0.9535147,2.8973156611124673,3,1MHP_HL_A
"1MHP_KH64E,SL27Q,NL51Y",-1.0857165,1.8577431042989094,3,1MHP_HL_A
"1MHP_TH50V,KH64E,SL27Q,NL51Y",-1.1262804,2.716329038143158,4,1MHP_HL_A
1MI5_SD23A,0.10006427,0.23258566856384277,1,1MI5_ABC_DE
1MI5_TD24A,0.26040897,-0.2225039005279541,1,1MI5_ABC_DE
1MI5_SD26A,-0.039184656,1.9852463006973267,1,1MI5_ABC_DE
1MI5_TD28A,0.5875756,4.028383255004883,1,1MI5_ABC_DE
1MI5_DD29A,1.2319692,6.9726386070251465,1,1MI5_ABC_DE
1MI5_YD30A,0.4496325,-0.10799264907836914,1,1MI5_ABC_DE
1MI5_HD32A,1.2319692,0.022903919219970703,1,1MI5_ABC_DE
1MI5_HD47A,1.1172796,0.70891273021698,1,1MI5_ABC_DE
1MI5_LD49A,1.2319692,2.4142637252807617,1,1MI5_ABC_DE
1MI5_TD50A,-0.5584658,1.3863000869750977,1,1MI5_ABC_DE
1MI5_SD51A,0.48201498,0.22519588470458984,1,1MI5_ABC_DE
1MI5_ND52A,-0.019268429,0.5556800365447998,1,1MI5_ABC_DE
1MI5_PD89A,1.2319692,13.74500560760498,1,1MI5_ABC_DE
1MI5_LD90A,1.2319692,0.05631566047668457,1,1MI5_ABC_DE
1MI5_AD91G,0.6083049,2.6519646644592285,1,1MI5_ABC_DE
1MI5_GD92A,0.76413476,8.483906745910645,1,1MI5_ABC_DE
1MI5_GD93A,1.2319692,12.610302925109863,1,1MI5_ABC_DE
1MI5_TD94A,0.94299465,3.5310938358306885,1,1MI5_ABC_DE
1MI5_SD95A,0.8272079,-0.2765568494796753,1,1MI5_ABC_DE
1MI5_YD96A,1.2319692,-0.48412036895751953,1,1MI5_ABC_DE
1MI5_GD97A,1.2319692,11.558902740478516,1,1MI5_ABC_DE
1MI5_KD98A,1.2319692,0.9817004203796387,1,1MI5_ABC_DE
1MI5_SE25A,0.032281633,-0.9748640060424805,1,1MI5_ABC_DE
1MI5_GE26A,-0.28936067,10.576208114624023,1,1MI5_ABC_DE
1MI5_VE28A,0.29308376,0.823617696762085,1,1MI5_ABC_DE
1MI5_SE29A,1.0638965,-0.29341447353363037,1,1MI5_ABC_DE
1MI5_QE48A,-0.07037354,1.1564159393310547,1,1MI5_ABC_DE
1MI5_NE49A,-0.43286994,0.03437304496765137,1,1MI5_ABC_DE
1MI5_EE50A,0.81893826,0.4539823532104492,1,1MI5_ABC_DE
1MI5_SE92A,0.30169097,6.756917476654053,1,1MI5_ABC_DE
1MI5_SE93A,-0.61189896,1.02640700340271,1,1MI5_ABC_DE
1MI5_LE94A,0.11586393,1.4938042163848877,1,1MI5_ABC_DE
1MI5_GE95A,1.2319692,0.5208625793457031,1,1MI5_ABC_DE
1MI5_QE96A,1.2319692,0.42554426193237305,1,1MI5_ABC_DE
1MI5_AE97G,1.2319692,7.87025260925293,1,1MI5_ABC_DE
1MI5_YE98A,1.2319692,0.7683501243591309,1,1MI5_ABC_DE
1MI5_EE99A,0.119748875,2.1142585277557373,1,1MI5_ABC_DE
1MI5_QE100A,1.2319692,2.123404026031494,1,1MI5_ABC_DE
1MI5_YE101A,0.26040897,-0.9141523838043213,1,1MI5_ABC_DE
1MLC_NA32G,-0.87777954,3.7052974700927734,1,1MLC_AB_E
1MLC_NA92A,-1.2539145,3.1667301654815674,1,1MLC_AB_E
1MLC_TB28D,-0.15101142,-4.2299909591674805,1,1MLC_AB_E
1MLC_TB31A,0.44720688,-1.6092801094055176,1,1MLC_AB_E
1MLC_TB31V,0.5264761,1.7556591033935547,1,1MLC_AB_E
1MLC_SB57A,-0.3791914,-0.48206138610839844,1,1MLC_AB_E
1MLC_SB57V,-0.49440196,-3.653275966644287,1,1MLC_AB_E
1MLC_TB58D,-0.559933,5.250492572784424,1,1MLC_AB_E
1MLC_KB65D,0.01855706,2.690788745880127,1,1MLC_AB_E
1MLC_NA32Y,0.0,1.8101634979248047,1,1MLC_AB_E
1MLC_TB31W,0.13220184,-1.26920747756958,1,1MLC_AB_E
"1MLC_NA32G,NA92A",-0.6869605,3.229791283607483,2,1MLC_AB_E
"1MLC_SB57V,TB58D",-0.98817086,0.6502282619476318,2,1MLC_AB_E
"1MLC_NA32G,NA92A,SB57V,TB58D",-1.7357506,1.9400107860565186,4,1MLC_AB_E
"1MLC_NA92A,SB57V,TB58D",-2.3952599,1.4890642960866292,3,1MLC_AB_E
"1MLC_NA92A,TB28D,SB57V,TB58D",-2.7405863,0.04568082094192505,4,1MLC_AB_E
"1MLC_NA92A,TB28D,SB57V,TB58D",-2.5825202,0.0456807017326355,4,1MLC_AB_E
"1MLC_NA92A,TB28D,SB57V,TB58D",-1.6668108,0.04568159580230713,4,1MLC_AB_E
"1MLC_NA92A,TB28D,SB57V,TB58D,NA32L",-2.5854652,-0.3374032735824585,5,1MLC_AB_E
"1MLC_NA92A,TB28D,SB57V,TB58D,SB30G",-2.3595233,0.1518291711807251,5,1MLC_AB_E
"1MLC_NA92A,TB28D,SB57V,TB58D,YB59E",-1.4668263,-0.03748078346252441,5,1MLC_AB_E
"1MLC_NA92A,TB28D,SB57V,TB58D,SA91N",1.8505627,0.8754955768585205,5,1MLC_AB_E
"1MLC_NA92A,TB28D,SB57V,TB58D,SA91N,SA93A",-1.6111606,0.7624504566192627,6,1MLC_AB_E
"1MLC_NA92A,TB28D,SB57V,TB58D,RB98M,DB100Q",-0.41065642,0.10644197463989258,6,1MLC_AB_E
"1MLC_NA92A,TB28D,SB57V,TB58D,YB32R,RB98S",1.8505627,0.4617153803507487,6,1MLC_AB_E
"1MLC_NA92A,TB28D,SB57V,TB58D,EB35S,GB99D",-2.9552467,0.5607208808263143,6,1MLC_AB_E
"1MLC_NA92A,TB28D,SB57V,TB58D,YB32W,RB98V,DB100Q",0.36154947,0.14447871276310512,7,1MLC_AB_E
"1MLC_NA92A,TB28D,SB57V,TB58D,EB35S",1.9070294,0.30684995651245117,5,1MLC_AB_E
"1MLC_NA92A,TB28D,SB57V,TB58D,GB99D",-0.20366813,0.7867801189422607,5,1MLC_AB_E
"1MQ8_CB32L,CB170F",3.6818569,1.736339807510376,2,1MQ8_A_B
"1MQ8_CB32L,CB170F,KB158C,KB165C",-1.7748275,3.004911780357361,4,1MQ8_A_B
"1MQ8_CB32L,CB170F,EB155C,EB172C",-1.2561543,2.100180923938751,4,1MQ8_A_B
"1MQ8_CB32L,CB170F,KB31C,TB171C",2.968561,1.9772453904151917,4,1MQ8_A_B
"1MQ8_CB32L,CB170F,LB160C,KB165C",3.7200928,2.268818974494934,4,1MQ8_A_B
"1MQ8_CB32L,KB31C",0.6100001,0.9963732957839966,2,1MQ8_A_B
"1MQ8_CB170F,TB171C",0.6766379,3.4518649578094482,2,1MQ8_A_B
1N8O_ME80L,-0.062421046,-0.37362194061279297,1,1N8O_ABC_E
1N8O_ME80K,1.4597148,-2.189485788345337,1,1N8O_ABC_E
1N8O_ME80R,1.3491715,-0.08173203468322754,1,1N8O_ABC_E
1N8Z_LC509A,-0.023055516,-1.1402232646942139,1,1N8Z_AB_C
1N8Z_SC535A,0.030840894,0.02645397186279297,1,1N8Z_AB_C
1N8Z_VC536A,0.008976717,-1.6913862228393555,1,1N8Z_AB_C
1N8Z_FC539A,0.035118546,-1.5414214134216309,1,1N8Z_AB_C
1N8Z_NA30S,0.06411135,-2.514465808868408,1,1N8Z_AB_C
1N8Z_HA91F,0.03292247,2.7146530151367188,1,1N8Z_AB_C
"1N8Z_NA30S,HA91F,YA92W",-0.07190048,1.0117132663726807,3,1N8Z_AB_C
1N8Z_TA94S,0.30937213,1.0881743431091309,1,1N8Z_AB_C
1N8Z_DB102W,-0.6857352,1.3760018348693848,1,1N8Z_AB_C
1N8Z_YB105F,0.82131284,0.15914100408554077,1,1N8Z_AB_C
1N8Z_YB109V,0.22304489,1.064879298210144,1,1N8Z_AB_C
"1N8Z_NA30S,HA91F,YA92W,TA94S,DB102W,YB105F,YB109V",0.048722126,0.9620912841388157,7,1N8Z_AB_C
1N8Z_RB50A,2.9276857,2.4102940559387207,1,1N8Z_AB_C
1N8Z_RB59A,1.7748275,-0.8320508003234863,1,1N8Z_AB_C
1NCA_NH31Q,0.0,0.6193634271621704,1,1NCA_N_LH
1NCA_EH100D,0.41065642,3.933368444442749,1,1NCA_N_LH
1NCA_DH101K,0.7144798,11.97499942779541,1,1NCA_N_LH
1NCA_NH102Q,0.54285824,1.1407835483551025,1,1NCA_N_LH
1NMB_DH57N,2.9549508,0.1648845672607422,1,1NMB_N_LH
1NMB_DH57E,2.9549508,-0.20507216453552246,1,1NMB_N_LH
1NMB_YH103A,2.1415784,1.8707958459854126,1,1NMB_N_LH
1NMB_YH105F,1.4200456,0.4503471851348877,1,1NMB_N_LH
1NMB_YL32F,0.46653098,1.6801615953445435,1,1NMB_N_LH
1NMB_TL93F,-0.023913864,4.900676727294922,1,1NMB_N_LH
1NMB_TL93W,0.18427251,5.187530994415283,1,1NMB_N_LH
1NMB_LL94V,0.90042377,2.8374788761138916,1,1NMB_N_LH
1OGA_DE28A,1.5732008,3.148561954498291,1,1OGA_ABC_DE
1OGA_DE28S,2.1622477,2.280345916748047,1,1OGA_ABC_DE
1OGA_QE48A,2.1622477,4.972590923309326,1,1OGA_ABC_DE
1OGA_QE48E,2.1622477,4.670565128326416,1,1OGA_ABC_DE
1OGA_IE49A,2.1622477,9.424295425415039,1,1OGA_ABC_DE
1OGA_IE49G,2.1622477,11.76149845123291,1,1OGA_ABC_DE
1OGA_IE49N,2.1622477,7.725592613220215,1,1OGA_ABC_DE
1OGA_IE49V,0.20096903,0.4768611192703247,1,1OGA_ABC_DE
1OGA_IE49L,1.4185627,8.135190963745117,1,1OGA_ABC_DE
1OGA_NE51A,1.129622,5.6432366371154785,1,1OGA_ABC_DE
1OGA_NE51D,0.4954368,2.0595884323120117,1,1OGA_ABC_DE
1OGA_DE52A,0.13220184,3.1650569438934326,1,1OGA_ABC_DE
1OGA_QE54A,0.4954368,1.175279140472412,1,1OGA_ABC_DE
1OGA_QE54E,0.0,0.5607094764709473,1,1OGA_ABC_DE
1OGA_RE94A,2.1622477,1.7647509574890137,1,1OGA_ABC_DE
1OGA_RE94H,2.1622477,0.5010218620300293,1,1OGA_ABC_DE
1OGA_SE95A,-0.035205524,-1.0540881156921387,1,1OGA_ABC_DE
1OGA_YE97A,0.23257396,0.6315455436706543,1,1OGA_ABC_DE
1OGA_YE97F,0.4954368,-0.1900014877319336,1,1OGA_ABC_DE
1OGA_SD29A,0.62763864,1.37981116771698,1,1OGA_ABC_DE
1OGA_SD30A,1.038295,3.311044931411743,1,1OGA_ABC_DE
1OGA_QD32A,0.975874,1.9314348697662354,1,1OGA_ABC_DE
1OGA_IE49V,0.2004732,0.47685790061950684,1,1OGA_ABC_DE
1OGA_NE51A,1.100897,5.643240451812744,1,1OGA_ABC_DE
1OGA_DE52A,0.100621685,3.1650497913360596,1,1OGA_ABC_DE
1OGA_QE54A,0.50068974,1.1752798557281494,1,1OGA_ABC_DE
1OGA_QE54E,0.0,0.5607094764709473,1,1OGA_ABC_DE
1OGA_SE95A,0.0,-1.0540871620178223,1,1OGA_ABC_DE
1OGA_YE97A,0.2004732,0.6315417289733887,1,1OGA_ABC_DE
1OGA_YE97F,0.50068974,-0.19000577926635742,1,1OGA_ABC_DE
1OGA_SD30A,1.0012839,3.311047315597534,1,1OGA_ABC_DE
1OGA_QD32A,1.0012839,1.9314367771148682,1,1OGA_ABC_DE
1OGA_QA43A,-0.023952235,5.485983848571777,1,1OGA_ABC_DE
1OGA_EA58A,0.1126562,1.639175534248352,1,1OGA_ABC_DE
1OGA_DA61A,0.118175976,-0.3017914295196533,1,1OGA_ABC_DE
1OGA_EA63A,-0.01816087,2.7818336486816406,1,1OGA_ABC_DE
1OGA_TA64A,0.18642865,10.613781929016113,1,1OGA_ABC_DE
1OGA_RA65A,-0.36547485,1.2774388790130615,1,1OGA_ABC_DE
1OGA_KA66A,-0.023952235,1.484692096710205,1,1OGA_ABC_DE
1OGA_VA67A,-0.13922982,7.208381652832031,1,1OGA_ABC_DE
1OGA_KA68A,0.24835986,5.503564357757568,1,1OGA_ABC_DE
1OGA_AA69G,0.42719105,4.529849052429199,1,1OGA_ABC_DE
1OGA_HA70A,0.5177409,3.825779914855957,1,1OGA_ABC_DE
1OGA_QA72A,-0.4595702,4.021601676940918,1,1OGA_ABC_DE
1OGA_TA73A,0.84861964,8.171655654907227,1,1OGA_ABC_DE
1OGA_HA74A,0.60438436,4.783614635467529,1,1OGA_ABC_DE
1OGA_RA75A,0.7110562,1.6428613662719727,1,1OGA_ABC_DE
1OGA_VA76A,0.87216383,4.782639980316162,1,1OGA_ABC_DE
1OGA_TA80A,0.19533786,4.976934432983398,1,1OGA_ABC_DE
1OGA_KA146A,1.931125,2.2065844535827637,1,1OGA_ABC_DE
1OGA_AA149G,0.12273683,8.764457702636719,1,1OGA_ABC_DE
1OGA_AA150G,0.44854298,4.347986698150635,1,1OGA_ABC_DE
1OGA_HA151A,0.0,5.004097938537598,1,1OGA_ABC_DE
1OGA_VA152A,1.393609,5.848419189453125,1,1OGA_ABC_DE
1OGA_EA154A,0.6123906,-2.0727458000183105,1,1OGA_ABC_DE
1OGA_QA155A,0.4890683,2.736013889312744,1,1OGA_ABC_DE
1OGA_AA158G,0.13264881,2.9452476501464844,1,1OGA_ABC_DE
1OGA_TA163A,0.321561,2.8676493167877197,1,1OGA_ABC_DE
"1OHZ_SB11A,TB12A",0.07970309,-0.34882646799087524,2,1OHZ_A_B
"1OHZ_SB45A,TB46A",0.07970309,1.9194027185440063,2,1OHZ_A_B
"1OHZ_SB11A,TB12A,SB45A,TB46A",0.0,0.6087531447410583,4,1OHZ_A_B
"1OHZ_SB11Q,SB45Q",2.185484,4.621104001998901,2,1OHZ_A_B
"1OHZ_SB11L,TB12L,SB45Q",3.0067968,3.9912596940994263,3,1OHZ_A_B
1P69_SA15P,0.7933806,-2.531277656555176,1,1P69_A_B
1P6A_YA87S,1.2527592,-0.842652440071106,1,1P6A_A_B
1PPF_LI18G,3.3328986,11.957754135131836,1,1PPF_E_I
1PPF_LI18A,1.0710874,9.437928199768066,1,1PPF_E_I
1PPF_LI18S,3.0920286,9.994165420532227,1,1PPF_E_I
1PPF_LI18C,-0.08952337,9.642457962036133,1,1PPF_E_I
1PPF_LI18V,-0.49266446,8.906829833984375,1,1PPF_E_I
1PPF_LI18T,0.9154713,6.909792900085449,1,1PPF_E_I
1PPF_LI18P,6.1471486,13.640962600708008,1,1PPF_E_I
1PPF_LI18I,-0.73288304,8.622217178344727,1,1PPF_E_I
1PPF_LI18M,1.2575976,5.575883388519287,1,1PPF_E_I
1PPF_LI18N,5.225429,6.05783748626709,1,1PPF_E_I
1PPF_LI18D,7.613488,10.094245910644531,1,1PPF_E_I
1PPF_LI18K,5.736492,10.539793968200684,1,1PPF_E_I
1PPF_LI18Q,3.306267,8.309856414794922,1,1PPF_E_I
1PPF_LI18E,7.0562377,8.336477279663086,1,1PPF_E_I
1PPF_LI18H,6.471246,12.378376007080078,1,1PPF_E_I
1PPF_LI18F,5.1694956,12.348685264587402,1,1PPF_E_I
1PPF_LI18R,7.1845417,10.343493461608887,1,1PPF_E_I
1PPF_LI18Y,6.6357884,12.58902645111084,1,1PPF_E_I
1PPF_LI18W,7.5441813,13.914701461791992,1,1PPF_E_I
1PPF_AI15G,1.1382291,4.832096099853516,1,1PPF_E_I
1PPF_AI15S,0.75647855,-0.32366693019866943,1,1PPF_E_I
1PPF_AI15C,-0.67370695,3.0201306343078613,1,1PPF_E_I
1PPF_AI15V,0.20805256,2.529107093811035,1,1PPF_E_I
1PPF_AI15T,0.9628335,0.826945424079895,1,1PPF_E_I
1PPF_AI15P,1.9954592,9.141990661621094,1,1PPF_E_I
1PPF_AI15L,0.017792689,4.505034446716309,1,1PPF_E_I
1PPF_AI15I,0.32947758,4.396969795227051,1,1PPF_E_I
1PPF_AI15M,-0.40133756,2.9953465461730957,1,1PPF_E_I
1PPF_AI15N,0.9154713,2.9894533157348633,1,1PPF_E_I
1PPF_AI15D,1.1382291,2.5633811950683594,1,1PPF_E_I
1PPF_AI15K,1.127554,0.6879366636276245,1,1PPF_E_I
1PPF_AI15Q,0.24977449,0.9378994703292847,1,1PPF_E_I
1PPF_AI15E,0.105603516,0.18011176586151123,1,1PPF_E_I
1PPF_AI15H,0.5528879,2.9726462364196777,1,1PPF_E_I
1PPF_AI15F,-0.07295021,0.39946210384368896,1,1PPF_E_I
1PPF_AI15R,-0.26417795,0.24641120433807373,1,1PPF_E_I
1PPF_AI15Y,-0.185067,0.47955358028411865,1,1PPF_E_I
1PPF_AI15W,-0.64084536,1.33641517162323,1,1PPF_E_I
1PPF_TI17G,3.599849,1.3094117641448975,1,1PPF_E_I
1PPF_TI17A,3.4848208,2.6713531017303467,1,1PPF_E_I
1PPF_TI17S,1.5049802,1.9781434535980225,1,1PPF_E_I
1PPF_TI17C,2.0874968,5.858928680419922,1,1PPF_E_I
1PPF_TI17V,1.4817438,1.5135362148284912,1,1PPF_E_I
1PPF_TI17P,3.0741644,1.8534932136535645,1,1PPF_E_I
1PPF_TI17L,2.2796423,2.9423487186431885,1,1PPF_E_I
1PPF_TI17I,1.4817438,3.586446523666382,1,1PPF_E_I
1PPF_TI17M,2.5024002,4.626190185546875,1,1PPF_E_I
1PPF_TI17N,2.6987135,2.776291608810425,1,1PPF_E_I
1PPF_TI17D,4.9236784,2.137817621231079,1,1PPF_E_I
1PPF_TI17K,3.3887732,3.667741060256958,1,1PPF_E_I
1PPF_TI17Q,1.9687275,2.1646368503570557,1,1PPF_E_I
1PPF_TI17E,3.0410116,1.60628342628479,1,1PPF_E_I
1PPF_TI17H,1.6936487,2.7873575687408447,1,1PPF_E_I
1PPF_TI17F,1.7099932,2.195112705230713,1,1PPF_E_I
1PPF_TI17R,3.451668,2.1883695125579834,1,1PPF_E_I
1PPF_TI17Y,2.4808543,1.6254005432128906,1,1PPF_E_I
1PPF_TI17W,2.195336,4.912944793701172,1,1PPF_E_I
1PPF_EI19G,2.1206496,4.856732368469238,1,1PPF_E_I
1PPF_EI19A,1.2032892,2.715315103530884,1,1PPF_E_I
1PPF_EI19S,1.8462117,1.8888895511627197,1,1PPF_E_I
1PPF_EI19C,1.4026328,6.214944839477539,1,1PPF_E_I
1PPF_EI19V,1.1590191,2.3589584827423096,1,1PPF_E_I
1PPF_EI19T,1.5049802,1.4922404289245605,1,1PPF_E_I
1PPF_EI19P,3.2103827,7.505500793457031,1,1PPF_E_I
1PPF_EI19L,1.0710874,5.028281211853027,1,1PPF_E_I
1PPF_EI19I,0.7233257,3.3095104694366455,1,1PPF_E_I
1PPF_EI19M,1.1487153,5.339068412780762,1,1PPF_E_I
1PPF_EI19N,1.2126933,1.2672736644744873,1,1PPF_E_I
1PPF_EI19D,0.57792485,0.2547299861907959,1,1PPF_E_I
1PPF_EI19K,2.1206496,4.537410736083984,1,1PPF_E_I
1PPF_EI19Q,0.6604309,0.4414050579071045,1,1PPF_E_I
1PPF_EI19H,0.69046414,3.2020952701568604,1,1PPF_E_I
1PPF_EI19F,1.3641711,5.771958351135254,1,1PPF_E_I
1PPF_EI19R,1.4817438,4.270259857177734,1,1PPF_E_I
1PPF_EI19Y,1.2488849,4.780173301696777,1,1PPF_E_I
1PPF_EI19W,1.530076,6.658458709716797,1,1PPF_E_I
1PPF_YI20G,4.1859007,10.423126220703125,1,1PPF_E_I
1PPF_YI20A,3.2103827,4.329649925231934,1,1PPF_E_I
1PPF_YI20S,3.6438136,4.55861234664917,1,1PPF_E_I
1PPF_YI20C,3.451668,8.37753963470459,1,1PPF_E_I
1PPF_YI20V,4.1859007,8.97163200378418,1,1PPF_E_I
1PPF_YI20T,5.055347,8.826942443847656,1,1PPF_E_I
1PPF_YI20P,5.3671613,16.121505737304688,1,1PPF_E_I
1PPF_YI20L,1.3749107,2.5025200843811035,1,1PPF_E_I
1PPF_YI20I,3.9316313,8.061140060424805,1,1PPF_E_I
1PPF_YI20M,2.8123996,7.2991108894348145,1,1PPF_E_I
1PPF_YI20N,3.6438136,4.873422622680664,1,1PPF_E_I
1PPF_YI20D,6.419518,6.259223461151123,1,1PPF_E_I
1PPF_YI20K,4.494069,7.127829074859619,1,1PPF_E_I
1PPF_YI20Q,4.6970696,7.688690185546875,1,1PPF_E_I
1PPF_YI20E,6.419518,7.134488105773926,1,1PPF_E_I
1PPF_YI20H,2.3787324,3.4800336360931396,1,1PPF_E_I
1PPF_YI20F,0.4820406,2.2037389278411865,1,1PPF_E_I
1PPF_YI20R,4.372321,4.991031646728516,1,1PPF_E_I
1PPF_YI20W,0.23538224,4.350638389587402,1,1PPF_E_I
1PPF_RI21G,0.57792485,4.765264987945557,1,1PPF_E_I
1PPF_RI21A,0.20805256,1.7672711610794067,1,1PPF_E_I
1PPF_RI21S,0.41961956,1.2469381093978882,1,1PPF_E_I
1PPF_RI21C,-0.08117884,5.564237594604492,1,1PPF_E_I
1PPF_RI21V,-0.34960973,2.706472873687744,1,1PPF_E_I
1PPF_RI21T,-0.018343631,-0.0870966911315918,1,1PPF_E_I
1PPF_RI21P,6.7055693,8.110668182373047,1,1PPF_E_I
1PPF_RI21L,-0.85858625,-0.05685281753540039,1,1PPF_E_I
1PPF_RI21I,-0.8112832,2.0482726097106934,1,1PPF_E_I
1PPF_RI21M,-0.75961477,2.4225316047668457,1,1PPF_E_I
1PPF_RI21N,0.32947758,1.7212365865707397,1,1PPF_E_I
1PPF_RI21D,0.20805256,2.3129491806030273,1,1PPF_E_I
1PPF_RI21K,0.6045564,0.4622896909713745,1,1PPF_E_I
1PPF_RI21Q,-0.018343631,1.8843144178390503,1,1PPF_E_I
1PPF_RI21E,0.46085024,2.6709280014038086,1,1PPF_E_I
1PPF_RI21H,-0.49266446,2.592097759246826,1,1PPF_E_I
1PPF_RI21F,-0.9812476,1.6803349256515503,1,1PPF_E_I
1PPF_RI21Y,0.22063163,3.7967357635498047,1,1PPF_E_I
1PPF_RI21W,-0.53300625,5.462859153747559,1,1PPF_E_I
1PPF_PI14G,0.09338758,4.951436996459961,1,1PPF_E_I
1PPF_PI14A,-0.12412894,1.9680739641189575,1,1PPF_E_I
1PPF_PI14S,-0.5715383,2.408824920654297,1,1PPF_E_I
1PPF_PI14C,-2.0050166,7.122224807739258,1,1PPF_E_I
1PPF_PI14V,-1.525053,4.938626766204834,1,1PPF_E_I
1PPF_PI14T,-0.26417795,3.929501533508301,1,1PPF_E_I
1PPF_PI14L,-2.9233665,3.5265331268310547,1,1PPF_E_I
1PPF_PI14I,-1.6513598,5.647571563720703,1,1PPF_E_I
1PPF_PI14M,-1.5744526,5.5392303466796875,1,1PPF_E_I
1PPF_PI14N,-0.64084536,3.7015233039855957,1,1PPF_E_I
1PPF_PI14D,-0.49266446,1.872238039970398,1,1PPF_E_I
1PPF_PI14K,-0.44869977,2.4912328720092773,1,1PPF_E_I
1PPF_PI14Q,-0.8112832,3.28194522857666,1,1PPF_E_I
1PPF_PI14E,-1.4290054,1.641931176185608,1,1PPF_E_I
1PPF_PI14H,-1.7655087,5.6319403648376465,1,1PPF_E_I
1PPF_PI14F,-1.8568356,5.827098846435547,1,1PPF_E_I
1PPF_PI14R,-0.13764554,3.5634589195251465,1,1PPF_E_I
1PPF_PI14Y,-0.9626155,5.791134357452393,1,1PPF_E_I
1PPF_PI14W,-2.0050166,7.038905143737793,1,1PPF_E_I
1PPF_KI13G,1.2488849,9.614355087280273,1,1PPF_E_I
1PPF_KI13A,0.75647855,5.383584976196289,1,1PPF_E_I
1PPF_KI13S,0.46085024,4.513718128204346,1,1PPF_E_I
1PPF_KI13C,0.9628335,7.271519660949707,1,1PPF_E_I
1PPF_KI13V,0.8715067,3.4261789321899414,1,1PPF_E_I
1PPF_KI13T,0.16590488,3.2816948890686035,1,1PPF_E_I
1PPF_KI13P,1.266184,11.293606758117676,1,1PPF_E_I
1PPF_KI13L,0.4015556,2.73752498626709,1,1PPF_E_I
1PPF_KI13I,0.63128805,4.585886001586914,1,1PPF_E_I
1PPF_KI13M,0.20805256,5.356564998626709,1,1PPF_E_I
1PPF_KI13N,0.6604309,5.087190628051758,1,1PPF_E_I
1PPF_KI13D,0.63128805,7.039116859436035,1,1PPF_E_I
1PPF_KI13Q,0.24977449,1.8518396615982056,1,1PPF_E_I
1PPF_KI13E,1.1329156,4.1530375480651855,1,1PPF_E_I
1PPF_KI13H,1.0145614,2.804462432861328,1,1PPF_E_I
1PPF_KI13F,0.9628335,6.06276798248291,1,1PPF_E_I
1PPF_KI13R,-0.64084536,1.2571409940719604,1,1PPF_E_I
1PPF_KI13Y,0.50558484,6.350069046020508,1,1PPF_E_I
1PPF_KI13W,0.8311649,6.853620529174805,1,1PPF_E_I
1PPF_GI32A,0.23538224,9.38472843170166,1,1PPF_E_I
1PPF_GI32S,0.9154713,10.118070602416992,1,1PPF_E_I
1PPF_GI32C,1.1791041,9.660137176513672,1,1PPF_E_I
1PPF_GI32V,2.553068,12.175530433654785,1,1PPF_E_I
1PPF_GI32T,2.8123996,12.20637035369873,1,1PPF_E_I
1PPF_GI32P,0.2638254,11.062972068786621,1,1PPF_E_I
1PPF_GI32L,3.1298978,12.128413200378418,1,1PPF_E_I
1PPF_GI32I,4.372321,13.021678924560547,1,1PPF_E_I
1PPF_GI32M,2.195336,14.222539901733398,1,1PPF_E_I
1PPF_GI32N,1.6139456,11.890155792236328,1,1PPF_E_I
1PPF_GI32D,2.4970868,11.557600975036621,1,1PPF_E_I
1PPF_GI32K,3.306267,13.294909477233887,1,1PPF_E_I
1PPF_GI32Q,2.7997265,12.446231842041016,1,1PPF_E_I
1PPF_GI32E,1.4575586,11.618185997009277,1,1PPF_E_I
1PPF_GI32H,1.5049802,13.737746238708496,1,1PPF_E_I
1PPF_GI32F,1.4817438,13.928289413452148,1,1PPF_E_I
1PPF_GI32R,4.848992,13.249320983886719,1,1PPF_E_I
1PPF_GI32Y,1.2032892,13.795955657958984,1,1PPF_E_I
1PPF_GI32W,1.6439788,14.996788024902344,1,1PPF_E_I
1PPF_NI36G,-0.5715383,1.852757453918457,1,1PPF_E_I
1PPF_NI36A,-1.6455227,-2.131244659423828,1,1PPF_E_I
1PPF_NI36S,-1.3463784,-2.6488122940063477,1,1PPF_E_I
1PPF_NI36C,0.6045564,3.213892936706543,1,1PPF_E_I
1PPF_NI36V,0.34582213,-1.2623772621154785,1,1PPF_E_I
1PPF_NI36T,0.5528879,-2.0761940479278564,1,1PPF_E_I
1PPF_NI36P,-2.9595976,7.955531597137451,1,1PPF_E_I
1PPF_NI36L,2.6471634,-1.4995536804199219,1,1PPF_E_I
1PPF_NI36I,0.8715067,-0.0765235424041748,1,1PPF_E_I
1PPF_NI36M,1.0710874,0.49354982376098633,1,1PPF_E_I
1PPF_NI36D,-3.077952,-1.735051155090332,1,1PPF_E_I
1PPF_NI36K,2.6217687,1.0489253997802734,1,1PPF_E_I
1PPF_NI36Q,0.38292348,0.0408167839050293,1,1PPF_E_I
1PPF_NI36E,-1.0183489,-1.3452348709106445,1,1PPF_E_I
1PPF_NI36H,-0.53300625,-1.472482681274414,1,1PPF_E_I
1PPF_NI36F,1.8462117,-0.334867000579834,1,1PPF_E_I
1PPF_NI36R,1.869756,1.8144030570983887,1,1PPF_E_I
1PPF_NI36Y,1.6768404,0.8879132270812988,1,1PPF_E_I
1PPF_NI36W,1.7219623,3.8570022583007812,1,1PPF_E_I
"1PPF_AI15R,LI18R",7.3277965,5.152438819408417,2,1PPF_E_I
"1PPF_EI10D,AI15V,TI17P,EI19D,RI21M,NI28S,GI32S,NI45S,SI51R",3.3328986,2.27227775255839,9,1PPF_E_I
"1PPF_EI10G,KI13Q,PI14S,TI17P,LI18Q,EI19D,RI21V,LI23F,GI32S,VI42A,EI43D",6.0346093,3.4380663308230313,11,1PPF_E_I
"1PPF_EI10D,YI11H,AI15V,TI17S,RI21M,NI28S,GI32S,NI36D",0.29537022,2.6414132565259933,8,1PPF_E_I
"1PPF_AI15V,TI17S,LI18P,RI21M,NI28S,GI32N,NI36D,NI39S,SI51G",7.3737435,4.951853368017408,9,1PPF_E_I
"1PPF_EI10D,AI15V,TI17S,RI21M,NI28S,GI32N,NI36D,SI51G",1.0145614,2.6056227535009384,8,1PPF_E_I
"1PPF_EI10D,AI15V,TI17S,RI21M,NI28S,GI32S,EI43D",2.0874968,2.7274776867457797,7,1PPF_E_I
"1PPF_VI6I,EI10D,AI15V,TI17S,RI21M,NI28S,GI32S,EI43D,TI49I",1.9687275,2.907884120941162,9,1PPF_E_I
"1PPF_EI10D,AI15V,TI17S,RI21M,NI28S,GI32S,VI42A,EI43D",1.6139456,2.798791527748108,8,1PPF_E_I
"1PPF_EI10D,RI21M,KI29Q,GI32S,NI36S,EI43D",-0.44869977,1.8846394817034404,6,1PPF_E_I
"1PPF_RI21M,KI29Q,GI32S,EI43D",0.071384184,3.662328690290451,4,1PPF_E_I
"1PPF_EI10D,RI21M,EI43D",-0.75961477,1.1703613996505737,3,1PPF_E_I
"1PPF_EI10D,KI13R,AI15D,RI21M,EI43D",0.12930475,1.4396443367004395,5,1PPF_E_I
"1PPF_EI10D,LI18M,RI21M,EI43D",0.8311649,2.2083472311496735,4,1PPF_E_I
"1PPF_EI10D,LI18V,RI21M,GI32D,EI43D",1.4026328,4.775484395027161,5,1PPF_E_I
"1PPF_EI10D,LI18V,RI21M,EI43D",0.038461715,3.0743480026721954,4,1PPF_E_I
"1PPF_EI10D,TI17R,LI18M,RI21M,EI43D",4.6207423,2.2642200231552123,5,1PPF_E_I
"1PPF_EI10G,LI18M,RI21M,EI43D,KI55E",-0.010937885,1.8389066696166991,5,1PPF_E_I
"1PPF_DI7N,EI10G,LI18M,RI21M,EI43D,KI55E",0.038461715,1.9506587187449138,6,1PPF_E_I
"1PPF_EI10D,AI15V,TI17S,YI20D,RI21M,NI28S,GI32S,EI43D",7.4812865,3.200975090265274,8,1PPF_E_I
"1PPF_EI10D,AI15V,TI17S,RI21M,NI28S,GI32S,NI36D,EI43D",-0.029628772,2.128389686346054,8,1PPF_E_I
"1PPF_AI15V,TI17S,RI21M,NI28S,KI29Q,GI32S,KI34E,EI43D",1.9420959,2.598014235496521,8,1PPF_E_I
1PPF_LI18M,1.2265255,5.575883865356445,1,1PPF_E_I
"1PPF_AI15D,GI32A",1.1590191,5.988199710845947,2,1PPF_E_I
1PPF_GI32A,0.27980772,9.384727478027344,1,1PPF_E_I
"1PPF_RI21V,LI23I",-0.29308376,2.548106074333191,2,1PPF_E_I
"1PPF_LI18M,LI23V,KI29I,EI43K",1.3923885,2.3185422122478485,4,1PPF_E_I
"1PPF_AI15G,LI18M,LI23V,KI29I,EI43K",2.2796423,2.82260901927948,5,1PPF_E_I
"1PPF_LI18M,NI36D,SI51N",-0.85858625,1.680878480275472,3,1PPF_E_I
"1PPF_EI10D,KI13M,LI18M,LI23V",1.6279964,3.8007763624191284,4,1PPF_E_I
"1PPF_EI10G,LI18M,YI20S,LI23I,KI29T,GI32S,HI52Y,FI53P,KI55V",5.622589,3.7366059356265597,9,1PPF_E_I
"1PPF_AI15T,LI18M",-1.4927714,3.1452152132987976,2,1PPF_E_I
"1PPF_LI18M,TI30S,GI32D",4.176571,7.754546483357747,3,1PPF_E_I
"1PPF_LI18I,GI32D",2.5231903,10.300610542297363,2,1PPF_E_I
"1PPF_AI15D,LI18A,YI20D",8.737914,6.341638247172038,3,1PPF_E_I
"1PPF_LI18M,HI52R",1.4817438,4.614909291267395,2,1PPF_E_I
"1PPF_LI18M,SI51N",1.2575976,3.419520616531372,2,1PPF_E_I
1PPF_YI20H,2.4527707,3.480036497116089,1,1PPF_E_I
"1PPF_LI18M,YI20Q",5.8396077,6.688173055648804,2,1PPF_E_I
"1PPF_LI18M,GI32D",3.9859397,8.406574726104736,2,1PPF_E_I
"1PPF_EI10D,TI17L,RI21M,GI32D,NI36S,EI43D,TI49S",4.372321,2.2991011994225636,7,1PPF_E_I
"1PPF_EI10D,RI21M,LI23F,NI28S,GI32S,EI43D",0.46085024,3.208695411682129,6,1PPF_E_I
"1PPF_EI10G,KI13Q,TI17S,RI21V,LI23F,GI32S,NI36D,VI42A,EI43D",0.50558484,2.780099868774414,9,1PPF_E_I
"1PPF_EI10D,TI17S,EI19D,RI21M,NI28S,GI32S,EI43D,GI54E",3.2812302,3.6089300364255905,8,1PPF_E_I
"1PPF_EI10D,AI15V,YI20E,RI21M,EI43D",6.527772,2.7581612825393678,5,1PPF_E_I
"1PPF_EI10D,AI15V,TI17S,RI21M,VI42A,EI43D",1.2265255,1.8800025979677837,6,1PPF_E_I
"1PPF_DI7N,EI10D,AI15V,TI17S,EI19L,RI21M,VI42A,EI43D",1.4026328,2.3107206374406815,8,1PPF_E_I
"1PPF_EI10D,AI15V,YI20D,RI21M,KI29I,GI32H,NI36Y,VI42A,EI43H,LI50F",4.9236784,4.416020596027375,10,1PPF_E_I
"1PPF_YI11H,EI19D,LI23I,NI28S,GI32S,NI36D,VI42M,EI43D",0.32947758,2.981349676847458,8,1PPF_E_I
"1PPF_EI10D,AI15V,EI19D,RI21M,KI29T,GI32S,EI43D,LI48I",1.9170591,3.1749920397996902,8,1PPF_E_I
"1PPF_EI10D,AI15V,TI17S,EI19D,RI21M,KI29T,GI32N,NI36I,EI43D,LI48I",4.5980983,2.997207462787628,10,1PPF_E_I
"1PPF_EI10D,KI13R,AI15V,EI19D,RI21M,GI32S,EI43D,LI48I,KI55R",2.3270047,3.0454274945788913,9,1PPF_E_I
"1PPF_EI10D,AI15V,EI19D,RI21M,GI32S,EI43D,LI48I,KI55R",2.4863145,3.3151306807994843,8,1PPF_E_I
1PPF_GI32V,2.543275,12.175525665283203,1,1PPF_E_I
1PPF_TI17E,3.0741644,1.6062843799591064,1,1PPF_E_I
"1PPF_EI10D,LI18F,RI21M,EI43D",4.5533633,3.9867535531520844,4,1PPF_E_I
1PPF_TI17S,1.5567676,1.978144884109497,1,1PPF_E_I
1PPF_TI17V,1.5435721,1.5135340690612793,1,1PPF_E_I
1PPF_AI15V,0.19259642,2.5291128158569336,1,1PPF_E_I
"1PPF_AI15V,TI17S",1.7657267,2.1875699758529663,2,1PPF_E_I
1PPF_TI17A,2.894247,2.671349287033081,1,1PPF_E_I
1PPF_LI18K,5.649281,10.539782524108887,1,1PPF_E_I
1PPF_LI18A,0.9628335,9.437932968139648,1,1PPF_E_I
1PPF_LI18E,7.07063,8.336480140686035,1,1PPF_E_I
1PPF_LI18Q,3.3887732,8.309852600097656,1,1PPF_E_I
"1PPF_KI13T,PI14E,AI15Y",-0.75599116,2.0405046939849854,3,1PPF_E_I
"1PPF_KI13T,PI14E,AI15Y,LI18G,RI21M,GI32P,NI36V",1.7693503,4.103672402245658,7,1PPF_E_I
"1PPF_KI13S,PI14D,AI15Y",-0.124976724,2.396896799405416,3,1PPF_E_I
"1PPF_KI13S,PI14D,AI15Y,LI18G,EI19I,RI21K",4.0313025,3.548382739226023,6,1PPF_E_I
"1QAB_VA30M,VB21M,VC21M,VD21M",-0.27507877,5.726166248321533,4,1QAB_ABCD_E
"1QAB_LA55P,LB46P,LC46P,LD46P",0.37579626,11.85408353805542,4,1QAB_ABCD_E
"1QAB_LA58H,LB49H,LC49H,LD49H",-0.07190048,8.564221501350403,4,1QAB_ABCD_E
"1QAB_TA60A,TB51A,TC51A,TD51A",0.12195746,2.9221363365650177,4,1QAB_ABCD_E
"1QAB_SA85A,SB76A,SC76A,SD76A",0.91505295,0.48765820264816284,4,1QAB_ABCD_E
"1QAB_DA99A,DB90A,DC90A,DD90A",1.7057868,-0.3268846273422241,4,1QAB_ABCD_E
"1QAB_SA100E,SB91E,SC91E,SD91E",1.6644362,0.16986066102981567,4,1QAB_ABCD_E
"1QAB_YA114H,YB105H,YC105H,YD105H",0.689111,0.2891041040420532,4,1QAB_ABCD_E
"1QAB_YA114F,YB105F,YC105F,YD105F",-0.39396653,0.12127488851547241,4,1QAB_ABCD_E
1QSE_RC7V,-1.2254227,0.6384179592132568,1,1QSE_ABC_DE
1R0R_LI13G,2.3528912,12.065890312194824,1,1R0R_E_I
1R0R_LI13A,0.31460878,5.190168380737305,1,1R0R_E_I
1R0R_LI13S,1.5712368,5.373353004455566,1,1R0R_E_I
1R0R_LI13C,-1.3463069,6.675533294677734,1,1R0R_E_I
1R0R_LI13V,2.156578,7.504323959350586,1,1R0R_E_I
1R0R_LI13T,0.15976271,4.31165075302124,1,1R0R_E_I
1R0R_LI13P,7.687727,14.066744804382324,1,1R0R_E_I
1R0R_LI13I,3.2540267,8.315736770629883,1,1R0R_E_I
1R0R_LI13M,-0.51625997,4.008054733276367,1,1R0R_E_I
1R0R_LI13N,1.5003896,4.132641792297363,1,1R0R_E_I
1R0R_LI13D,4.539324,5.1287970542907715,1,1R0R_E_I
1R0R_LI13K,3.3453536,4.480335712432861,1,1R0R_E_I
1R0R_LI13Q,0.5696492,3.6894612312316895,1,1R0R_E_I
1R0R_LI13E,2.177368,2.9667811393737793,1,1R0R_E_I
1R0R_LI13H,0.5696492,6.665106296539307,1,1R0R_E_I
1R0R_LI13F,0.6170114,7.417652130126953,1,1R0R_E_I
1R0R_LI13R,2.935408,5.470245838165283,1,1R0R_E_I
1R0R_LI13Y,0.44681063,7.804596900939941,1,1R0R_E_I
1R0R_LI13W,1.5239338,9.053043365478516,1,1R0R_E_I
1R0R_AI10G,1.1117365,3.8124704360961914,1,1R0R_E_I
1R0R_AI10S,1.7416747,1.1805438995361328,1,1R0R_E_I
1R0R_AI10C,-0.48346767,1.331430435180664,1,1R0R_E_I
1R0R_AI10V,-0.9535147,-5.308940887451172,1,1R0R_E_I
1R0R_AI10T,1.2681235,-0.716916561126709,1,1R0R_E_I
1R0R_AI10P,3.3453536,5.360715866088867,1,1R0R_E_I
1R0R_AI10L,-1.7550112,-5.509861946105957,1,1R0R_E_I
1R0R_AI10I,-1.7995166,-5.160099029541016,1,1R0R_E_I
1R0R_AI10M,-1.739622,-2.0150856971740723,1,1R0R_E_I
1R0R_AI10N,2.0894363,-2.6787209510803223,1,1R0R_E_I
1R0R_AI10D,5.228435,0.765620231628418,1,1R0R_E_I
1R0R_AI10K,3.0729842,1.7070178985595703,1,1R0R_E_I
1R0R_AI10Q,1.8109818,0.058719635009765625,1,1R0R_E_I
1R0R_AI10E,4.577856,0.34264278411865234,1,1R0R_E_I
1R0R_AI10H,1.7748275,0.7260923385620117,1,1R0R_E_I
1R0R_AI10F,-2.2429996,-3.6028530597686768,1,1R0R_E_I
1R0R_AI10R,5.530482,-0.45636987686157227,1,1R0R_E_I
1R0R_AI10Y,-0.83848655,-4.0039472579956055,1,1R0R_E_I
1R0R_AI10W,0.20706579,-1.2805976867675781,1,1R0R_E_I
1R0R_TI12G,3.1389987,6.391421318054199,1,1R0R_E_I
1R0R_TI12A,1.1732311,6.390510559082031,1,1R0R_E_I
1R0R_TI12S,0.8897487,5.357569694519043,1,1R0R_E_I
1R0R_TI12C,0.81319696,7.667108535766602,1,1R0R_E_I
1R0R_TI12V,0.93717015,-0.15984201431274414,1,1R0R_E_I
1R0R_TI12P,4.9499803,8.644607543945312,1,1R0R_E_I
1R0R_TI12L,0.66873926,5.663248062133789,1,1R0R_E_I
1R0R_TI12I,0.25873423,-1.158190131187439,1,1R0R_E_I
1R0R_TI12M,1.3310183,8.05227279663086,1,1R0R_E_I
1R0R_TI12N,0.017864227,5.814906120300293,1,1R0R_E_I
1R0R_TI12D,2.888105,6.6763153076171875,1,1R0R_E_I
1R0R_TI12K,1.9338204,7.086504936218262,1,1R0R_E_I
1R0R_TI12Q,2.2216382,6.375715255737305,1,1R0R_E_I
1R0R_TI12E,3.213685,7.073927879333496,1,1R0R_E_I
1R0R_TI12H,0.52568454,7.052793502807617,1,1R0R_E_I
1R0R_TI12F,-0.066014394,8.723006248474121,1,1R0R_E_I
1R0R_TI12R,3.3453536,7.480960845947266,1,1R0R_E_I
1R0R_TI12Y,-0.87882835,8.807954788208008,1,1R0R_E_I
1R0R_TI12W,2.935408,11.295708656311035,1,1R0R_E_I
1R0R_EI14G,2.7119977,7.04304313659668,1,1R0R_E_I
1R0R_EI14A,2.0894363,2.5889408588409424,1,1R0R_E_I
1R0R_EI14S,3.1751528,3.776563882827759,1,1R0R_E_I
1R0R_EI14C,2.3715823,7.297231674194336,1,1R0R_E_I
1R0R_EI14V,0.09477138,0.8689577579498291,1,1R0R_E_I
1R0R_EI14T,4.252276,2.470752000808716,1,1R0R_E_I
1R0R_EI14P,3.764484,12.370674133300781,1,1R0R_E_I
1R0R_EI14L,0.5696492,1.728924036026001,1,1R0R_E_I
1R0R_EI14I,0.7369973,0.8307174444198608,1,1R0R_E_I
1R0R_EI14M,1.5712368,3.696737051010132,1,1R0R_E_I
1R0R_EI14N,2.1183422,3.339935064315796,1,1R0R_E_I
1R0R_EI14D,0.25873423,2.414743661880493,1,1R0R_E_I
1R0R_EI14K,2.7119977,2.3869731426239014,1,1R0R_E_I
1R0R_EI14Q,1.2821743,0.8593862056732178,1,1R0R_E_I
1R0R_EI14H,1.7088131,5.498551368713379,1,1R0R_E_I
1R0R_EI14F,3.6180909,5.450089454650879,1,1R0R_E_I
1R0R_EI14R,2.0894363,2.501610517501831,1,1R0R_E_I
1R0R_EI14Y,1.8898556,6.009987831115723,1,1R0R_E_I
1R0R_EI14W,1.8495139,4.1790361404418945,1,1R0R_E_I
1R0R_YI15G,6.4020834,14.360544204711914,1,1R0R_E_I
1R0R_YI15A,5.474549,9.367125511169434,1,1R0R_E_I
1R0R_YI15S,5.1627135,8.81645679473877,1,1R0R_E_I
1R0R_YI15C,3.2540267,10.981130599975586,1,1R0R_E_I
1R0R_YI15V,3.5100741,9.105907440185547,1,1R0R_E_I
1R0R_YI15T,5.474549,8.993305206298828,1,1R0R_E_I
1R0R_YI15P,6.654434,16.679296493530273,1,1R0R_E_I
1R0R_YI15L,2.5751164,8.735179901123047,1,1R0R_E_I
1R0R_YI15I,2.8645606,10.264205932617188,1,1R0R_E_I
1R0R_YI15M,3.1389987,8.24300765991211,1,1R0R_E_I
1R0R_YI15N,5.616447,6.741214275360107,1,1R0R_E_I
1R0R_YI15D,5.771293,8.188786506652832,1,1R0R_E_I
1R0R_YI15K,5.512418,8.642733573913574,1,1R0R_E_I
1R0R_YI15Q,4.5031695,9.685222625732422,1,1R0R_E_I
1R0R_YI15E,4.618198,8.302937507629395,1,1R0R_E_I
1R0R_YI15H,3.4711196,5.257598876953125,1,1R0R_E_I
1R0R_YI15F,0.6170114,1.5020787715911865,1,1R0R_E_I
1R0R_YI15R,4.470017,7.013789176940918,1,1R0R_E_I
1R0R_YI15W,-0.36416575,4.215712070465088,1,1R0R_E_I
1R0R_RI16G,2.0894363,2.114859104156494,1,1R0R_E_I
1R0R_RI16A,-0.09604763,-2.5269808769226074,1,1R0R_E_I
1R0R_RI16S,-0.01634454,-2.799809217453003,1,1R0R_E_I
1R0R_RI16C,0.11502811,3.517747402191162,1,1R0R_E_I
1R0R_RI16V,0.11502811,1.169266700744629,1,1R0R_E_I
1R0R_RI16T,0.344642,-0.22421741485595703,1,1R0R_E_I
1R0R_RI16P,7.390505,7.347605228424072,1,1R0R_E_I
1R0R_RI16L,0.2321027,-0.08649015426635742,1,1R0R_E_I
1R0R_RI16I,0.20706579,2.048401355743408,1,1R0R_E_I
1R0R_RI16M,0.44681063,2.4778504371643066,1,1R0R_E_I
1R0R_RI16N,-0.050451912,-2.4451541900634766,1,1R0R_E_I
1R0R_RI16D,-0.17991725,-3.3248672485351562,1,1R0R_E_I
1R0R_RI16K,-0.09604763,-1.6372265815734863,1,1R0R_E_I
1R0R_RI16Q,0.18240695,-0.12030935287475586,1,1R0R_E_I
1R0R_RI16E,0.344642,-1.2598037719726562,1,1R0R_E_I
1R0R_RI16H,0.52568454,0.6369924545288086,1,1R0R_E_I
1R0R_RI16F,0.44681063,1.4611711502075195,1,1R0R_E_I
1R0R_RI16Y,0.82332456,1.404599666595459,1,1R0R_E_I
1R0R_RI16W,0.94539875,3.1246414184570312,1,1R0R_E_I
1R0R_PI9G,-0.34582213,10.38547134399414,1,1R0R_E_I
1R0R_PI9A,-0.6389059,5.285019397735596,1,1R0R_E_I
1R0R_PI9S,0.13621847,4.8700971603393555,1,1R0R_E_I
1R0R_PI9C,-0.9866675,10.745488166809082,1,1R0R_E_I
1R0R_PI9V,1.3310183,6.113808631896973,1,1R0R_E_I
1R0R_PI9T,1.19775,6.372570514678955,1,1R0R_E_I
1R0R_PI9L,1.1842538,8.001713752746582,1,1R0R_E_I
1R0R_PI9I,1.7416747,8.178950309753418,1,1R0R_E_I
1R0R_PI9M,-0.033152815,9.054078102111816,1,1R0R_E_I
1R0R_PI9N,-0.9173605,7.62055778503418,1,1R0R_E_I
1R0R_PI9D,-2.5212765,5.374025821685791,1,1R0R_E_I
1R0R_PI9K,0.344642,6.6915154457092285,1,1R0R_E_I
1R0R_PI9Q,-1.414623,6.0712504386901855,1,1R0R_E_I
1R0R_PI9E,-2.2429996,3.529120922088623,1,1R0R_E_I
1R0R_PI9H,-0.21651737,8.19941520690918,1,1R0R_E_I
1R0R_PI9F,1.3820354,10.006644248962402,1,1R0R_E_I
1R0R_PI9R,1.1024064,7.222967624664307,1,1R0R_E_I
1R0R_PI9Y,0.85746706,9.242919921875,1,1R0R_E_I
1R0R_PI9W,0.48534274,9.965309143066406,1,1R0R_E_I
1R0R_KI8G,-0.83848655,8.835601806640625,1,1R0R_E_I
1R0R_KI8A,-0.6100001,3.5423812866210938,1,1R0R_E_I
1R0R_KI8S,-0.3073604,3.6010313034057617,1,1R0R_E_I
1R0R_KI8C,-0.6156695,6.2351884841918945,1,1R0R_E_I
1R0R_KI8V,0.41065642,6.572612285614014,1,1R0R_E_I
1R0R_KI8T,0.8897487,5.695189952850342,1,1R0R_E_I
1R0R_KI8P,1.3478266,13.64106559753418,1,1R0R_E_I
1R0R_KI8L,-0.32802942,3.09135365486145,1,1R0R_E_I
1R0R_KI8I,1.1239525,8.622291564941406,1,1R0R_E_I
1R0R_KI8M,-0.5612779,3.3478176593780518,1,1R0R_E_I
1R0R_KI8N,-0.3908401,3.6548776626586914,1,1R0R_E_I
1R0R_KI8D,-0.5933102,5.165518283843994,1,1R0R_E_I
1R0R_KI8Q,-0.53088915,1.1969413757324219,1,1R0R_E_I
1R0R_KI8E,-0.11043989,2.9657492637634277,1,1R0R_E_I
1R0R_KI8H,-0.5933102,3.5992836952209473,1,1R0R_E_I
1R0R_KI8F,-0.79452187,6.826292991638184,1,1R0R_E_I
1R0R_KI8R,0.13621847,1.7102782726287842,1,1R0R_E_I
1R0R_KI8Y,-0.6954318,6.714414596557617,1,1R0R_E_I
1R0R_KI8W,-1.1054369,7.966952323913574,1,1R0R_E_I
1R0R_GI27A,1.2981567,-2.909780502319336,1,1R0R_E_I
1R0R_GI27S,0.91177547,-1.1020839214324951,1,1R0R_E_I
1R0R_GI27C,1.4199046,2.55413818359375,1,1R0R_E_I
1R0R_GI27V,1.9338204,-3.282958745956421,1,1R0R_E_I
1R0R_GI27T,1.6787798,-1.829658031463623,1,1R0R_E_I
1R0R_GI27P,1.0800471,1.6315679550170898,1,1R0R_E_I
1R0R_GI27L,2.4107375,0.7238650321960449,1,1R0R_E_I
1R0R_GI27I,1.9811826,-1.1232471466064453,1,1R0R_E_I
1R0R_GI27M,2.156578,0.24852991104125977,1,1R0R_E_I
1R0R_GI27N,1.2821743,-0.1703333854675293,1,1R0R_E_I
1R0R_GI27D,2.888105,-0.24042701721191406,1,1R0R_E_I
1R0R_GI27K,2.935408,-1.5831298828125,1,1R0R_E_I
1R0R_GI27Q,2.0329103,-1.250887393951416,1,1R0R_E_I
1R0R_GI27E,1.9811826,-2.5570664405822754,1,1R0R_E_I
1R0R_GI27H,2.1924953,1.8132100105285645,1,1R0R_E_I
1R0R_GI27F,0.11502811,2.366006851196289,1,1R0R_E_I
1R0R_GI27R,3.4711196,-1.8744728565216064,1,1R0R_E_I
1R0R_GI27Y,0.48534274,1.7121906280517578,1,1R0R_E_I
1R0R_GI27W,1.4012725,2.3321027755737305,1,1R0R_E_I
1R0R_NI31G,0.28546593,-0.3353426456451416,1,1R0R_E_I
1R0R_NI31A,-0.033152815,-1.5074667930603027,1,1R0R_E_I
1R0R_NI31S,0.48534274,-0.2543036937713623,1,1R0R_E_I
1R0R_NI31C,0.5696492,3.3521721363067627,1,1R0R_E_I
1R0R_NI31V,0.66873926,0.7968676090240479,1,1R0R_E_I
1R0R_NI31T,0.5696492,0.07894444465637207,1,1R0R_E_I
1R0R_NI31P,1.4791992,8.978937149047852,1,1R0R_E_I
1R0R_NI31L,1.546578,-0.7989990711212158,1,1R0R_E_I
1R0R_NI31I,0.31460878,1.8276851177215576,1,1R0R_E_I
1R0R_NI31M,0.31460878,0.23822474479675293,1,1R0R_E_I
1R0R_NI31D,0.5696492,-2.022073268890381,1,1R0R_E_I
1R0R_NI31K,1.1476537,0.05436825752258301,1,1R0R_E_I
1R0R_NI31Q,-0.27443793,0.2083432674407959,1,1R0R_E_I
1R0R_NI31E,-0.20501308,-2.5036206245422363,1,1R0R_E_I
1R0R_NI31H,0.28546593,-1.2669451236724854,1,1R0R_E_I
1R0R_NI31F,-0.17991725,-1.8160293102264404,1,1R0R_E_I
1R0R_NI31R,1.4589425,-0.23743319511413574,1,1R0R_E_I
1R0R_NI31Y,0.18240695,-1.9459583759307861,1,1R0R_E_I
1R0R_NI31W,0.055733472,0.569011926651001,1,1R0R_E_I
"1R0R_TI12K,LI13R",5.259515,6.134706020355225,2,1R0R_E_I
"1R0R_TI12R,LI13R",6.5064836,6.897045135498047,2,1R0R_E_I
"1R0R_AI10R,LI13R",7.752178,2.4263904094696045,2,1R0R_E_I
"1R0R_AI10R,TI12K,LI13R",9.3144,3.855022589365641,3,1R0R_E_I
"1R0R_PI9S,AI10L,TI12K,LI13R",4.892764,2.8544974327087402,4,1R0R_E_I
"1R0R_EI5D,AI10V,TI12P,EI14D,RI16M,NI23S,GI27S,NI40S,SI46R",4.9404244,1.121110690964593,9,1R0R_E_I
"1R0R_TI12P,LI13K,EI14D,LI18V,SI46N",7.5461206,4.844465160369873,5,1R0R_E_I
"1R0R_TI12P,LI13K,EI14D,LI18V,GI27S,SI46N",7.678323,3.845769008000692,6,1R0R_E_I
"1R0R_EI5G,KI8Q,PI9S,TI12P,LI13Q,EI14D,RI16V,LI18F,GI27S,VI37A,EI38D",3.571417,2.159596551548351,11,1R0R_E_I
"1R0R_EI5D,YI6H,AI10V,TI12S,RI16M,NI23S,GI27S,NI31D",0.344642,0.5864834487438202,8,1R0R_E_I
"1R0R_AI10V,TI12S,LI13P,RI16M,NI23S,GI27N,NI31D,NI34S,SI46G",9.231593,3.0682129859924316,9,1R0R_E_I
"1R0R_EI5D,AI10V,TI12S,RI16M,NI23S,GI27N,NI31D,SI46G",0.48534274,0.7471053302288055,8,1R0R_E_I
"1R0R_EI5D,AI10V,TI12S,RI16M,NI23S,GI27S,EI38D",0.20706579,0.6051291397639683,7,1R0R_E_I
"1R0R_VI1I,EI5D,AI10V,TI12S,RI16M,NI23S,GI27S,EI38D,TI44I",0.28546593,1.3907052410973444,9,1R0R_E_I
"1R0R_EI5D,AI10V,TI12S,RI16M,NI23S,GI27S,VI37A,EI38D",-0.050451912,0.7045540511608124,8,1R0R_E_I
"1R0R_EI5D,RI16M,KI24Q,GI27S,NI31S,EI38D",0.66873926,0.5232184131940206,6,1R0R_E_I
"1R0R_RI16M,KI24Q,GI27S,EI38D",1.1117365,0.8647283017635345,4,1R0R_E_I
"1R0R_EI5D,RI16M,EI38D",0.41065642,1.2828806241353352,3,1R0R_E_I
"1R0R_EI5D,KI8R,AI10D,RI16M,EI38D",5.771293,1.2931272983551025,5,1R0R_E_I
"1R0R_EI5D,RI16M,KI29R,EI38D",-0.08199673,0.8088188767433167,4,1R0R_E_I
"1R0R_EI5G,LI13M,RI16M,EI38D",-0.24021861,1.623436063528061,4,1R0R_E_I
"1R0R_EI5D,LI13M,RI16M,EI38D",-0.24021861,1.8828224539756775,4,1R0R_E_I
"1R0R_EI5D,LI13V,RI16M,GI27D,EI38D",4.6621623,2.1674304008483887,5,1R0R_E_I
"1R0R_EI5D,LI13V,RI16M,EI38D",2.3825202,2.806388020515442,4,1R0R_E_I
"1R0R_EI5D,TI12R,LI13M,RI16M,EI38D",3.3970814,3.0660056591033937,5,1R0R_E_I
"1R0R_EI5G,LI13M,RI16M,EI38D,KI50E",-0.6954318,0.6491052389144898,5,1R0R_E_I
"1R0R_DI2N,EI5G,LI13M,RI16M,EI38D,KI50E",-1.0495623,1.040418843428294,6,1R0R_E_I
"1R0R_EI5D,AI10V,TI12S,YI15D,RI16M,NI23S,GI27S,EI38D",5.331494,1.445390671491623,8,1R0R_E_I
"1R0R_EI5D,AI10V,TI12S,RI16M,NI23S,GI27S,NI31D,EI38D,TI44N",0.073797435,0.9693393972184923,9,1R0R_E_I
"1R0R_EI5D,AI10V,TI12S,RI16M,NI23S,GI27S,NI31D,EI38D",0.11502811,0.25396203994750977,8,1R0R_E_I
"1R0R_EI5D,AI10V,TI12S,RI16M,NI23S,GI27S,NI31D,VI36F,EI38D,TI44S",0.037101373,1.4712392091751099,10,1R0R_E_I
"1R0R_AI10V,TI12S,RI16M,NI23S,KI24Q,GI27S,KI29E,EI38D",1.4012725,0.6016953140497208,8,1R0R_E_I
1R0R_LI13M,-0.51625997,4.008054256439209,1,1R0R_E_I
"1R0R_LI13M,TI44N,KI50T",-0.83848655,3.7973832289377847,3,1R0R_E_I
"1R0R_NI23S,GI27A",1.2537313,-0.49432051181793213,2,1R0R_E_I
"1R0R_AI10D,GI27A",5.903495,-1.0619237422943115,2,1R0R_E_I
"1R0R_AI10D,GI27A,NI28S",5.834188,3.1197795073191323,3,1R0R_E_I
1R0R_GI27A,1.3310183,-2.909778594970703,1,1R0R_E_I
"1R0R_TI12M,LI13S,GI27V",3.0138083,2.9684645334879556,3,1R0R_E_I
"1R0R_RI16V,LI18I",-0.01634454,3.0390541553497314,2,1R0R_E_I
"1R0R_LI13S,RI16V,LI18I",1.8898556,3.7573159535725913,3,1R0R_E_I
1R0R_NI23S,-0.066014394,1.969489336013794,1,1R0R_E_I
"1R0R_LI13M,LI18V,KI24I,EI38K",-0.83848655,2.824540436267853,4,1R0R_E_I
"1R0R_AI10G,LI13M,LI18V,KI24I,EI38K",1.0361416,3.0203739404678345,5,1R0R_E_I
"1R0R_LI13M,NI31D,SI46N",-0.3073604,1.0187477270762126,3,1R0R_E_I
"1R0R_EI5D,KI8M,LI13M,LI18V",-1.7550112,3.328554689884186,4,1R0R_E_I
"1R0R_EI5G,LI13M,YI15S,LI18I,KI24T,GI27S,HI47Y,FI48P,KI50V",3.3453536,2.8260993427700467,9,1R0R_E_I
"1R0R_AI10T,LI13M",0.25873423,1.6792755126953125,2,1R0R_E_I
"1R0R_LI13M,TI25S,GI27D",2.145903,3.87373940149943,3,1R0R_E_I
"1R0R_LI13I,GI27D",5.3034587,3.9482574462890625,2,1R0R_E_I
"1R0R_AI10D,LI13A,YI15D",8.944814,4.712283134460449,3,1R0R_E_I
"1R0R_LI13M,SI46N,HI47R,KI50Q",-0.6389059,2.7596479654312134,4,1R0R_E_I
"1R0R_LI13M,HI47R",-0.31760478,4.720931768417358,2,1R0R_E_I
"1R0R_LI13M,HI47R,KI50E",-0.9173605,2.073479652404785,3,1R0R_E_I
"1R0R_LI13M,SI46N",-0.49729985,2.5519590377807617,2,1R0R_E_I
1R0R_YI15H,3.042951,5.257597923278809,1,1R0R_E_I
"1R0R_LI13M,YI15Q",3.6401176,6.887115001678467,2,1R0R_E_I
"1R0R_LI13M,GI27D",2.3932598,1.8961045742034912,2,1R0R_E_I
"1R0R_EI5D,TI12L,RI16M,GI27D,NI31S,EI38D,TI44S",3.8180754,1.5644713469914027,7,1R0R_E_I
"1R0R_EI5D,RI16M,LI18F,NI23S,GI27S,EI38D",1.2981567,1.1412094434102376,6,1R0R_E_I
"1R0R_EI5G,KI8Q,TI12S,RI16V,LI18F,GI27S,NI31D,VI37A,EI38D",0.0,0.914091428120931,9,1R0R_E_I
"1R0R_EI5D,TI12S,EI14D,RI16M,NI23S,GI27S,EI38D,GI49E",1.2981567,2.392076760530472,8,1R0R_E_I
"1R0R_EI5D,AI10V,YI15E,RI16M,EI38D",2.8645606,1.3374219417572022,5,1R0R_E_I
"1R0R_EI5D,AI10V,TI12S,RI16M,VI37A,EI38D",-1.1571053,0.8367191950480143,6,1R0R_E_I
"1R0R_DI2N,EI5D,AI10V,TI12S,EI14L,RI16M,VI37A,EI38D",-0.9173605,1.2316510379314423,8,1R0R_E_I
"1R0R_EI5D,AI10V,YI15D,RI16M,KI24I,GI27H,NI31Y,VI37A,EI38H,LI45F",5.688787,2.577519953250885,10,1R0R_E_I
"1R0R_EI5D,KI8Q,AI10V,TI12M,LI13G,EI14D,RI16M,NI23S,GI27S,EI38D,SI46N",3.105846,1.7798253189433704,11,1R0R_E_I
"1R0R_YI6H,EI14D,LI18I,NI23S,GI27S,NI31D,VI37M,EI38D",0.7817319,1.8514265716075897,8,1R0R_E_I
"1R0R_EI5D,AI10V,EI14D,RI16M,KI24T,GI27S,EI38D,LI43I",-0.17991725,0.6878735572099686,8,1R0R_E_I
"1R0R_EI5D,AI10V,TI12S,EI14D,RI16M,KI24T,GI27N,NI31I,EI38D,LI43I",1.7748275,1.4712820172309875,10,1R0R_E_I
"1R0R_EI5D,KI8R,AI10V,EI14D,RI16M,GI27S,EI38D,LI43I,KI50R",-0.41065642,0.7458624574873183,9,1R0R_E_I
"1R0R_EI5D,AI10V,EI14D,RI16M,GI27S,EI38D,LI43I,KI50R",-0.24021861,0.6857683956623077,8,1R0R_E_I
"1R0R_AI10D,LI13A",5.530482,2.87723445892334,2,1R0R_E_I
"1R0R_EI5D,LI13M,RI16M,GI27D,EI38D",2.0329103,1.4574954986572266,5,1R0R_E_I
1R0R_GI27V,1.9811826,-3.2829606533050537,1,1R0R_E_I
1R0R_YI15D,5.474549,8.188786506652832,1,1R0R_E_I
1R0R_TI12E,2.8231137,7.073931694030762,1,1R0R_E_I
"1R0R_EI5D,LI13F,RI16M,EI38D",1.1359216,2.7822632789611816,4,1R0R_E_I
1R0R_TI12S,0.8283242,5.357571601867676,1,1R0R_E_I
1R0R_TI12V,1.0800471,-0.15984117984771729,1,1R0R_E_I
1R0R_AI10V,-0.9866675,-5.308941841125488,1,1R0R_E_I
"1R0R_AI10V,TI12S",0.09477138,-0.019348859786987305,2,1R0R_E_I
1R0R_TI12A,0.7870935,6.390506744384766,1,1R0R_E_I
1R0R_LI13K,2.8433704,4.480334281921387,1,1R0R_E_I
1R0R_LI13A,0.52568454,5.190165996551514,1,1R0R_E_I
1R0R_LI13E,2.1239579,2.9667840003967285,1,1R0R_E_I
1R0R_LI13Q,0.6170114,3.6894571781158447,1,1R0R_E_I
"1R0R_TI12R,LI13R",6.485773,6.897043943405151,2,1R0R_E_I
"1R0R_AI10R,LI13R",7.7239184,2.4263975620269775,2,1R0R_E_I
"1R0R_AI10R,TI12K,LI13R",9.287433,3.8550243377685547,3,1R0R_E_I
"1R0R_KI8T,PI9E,AI10Y",-0.8727519,1.561862866083781,3,1R0R_E_I
"1R0R_KI8T,PI9E,AI10Y,LI13G,RI16M,GI27P,NI31V",2.4168139,2.9184560094560896,7,1R0R_E_I
"1R0R_KI8S,PI9D,AI10Y",-1.9298587,1.3956672350565593,3,1R0R_E_I
"1R0R_KI8S,PI9D,AI10Y,LI13G,EI14I,RI16K",0.7984835,2.4476324717203775,6,1R0R_E_I
"1REW_DA19A,DB19A",0.66809106,4.040151476860046,2,1REW_AB_C
"1REW_WA20A,WB20A",1.0873132,9.366267204284668,2,1REW_AB_C
"1REW_DA19A,WA20A,DB19A,WB20A",2.0630822,5.920929789543152,4,1REW_AB_C
"1REW_FA38A,FB38A",1.3641711,2.8459970951080322,2,1REW_AB_C
"1REW_PA39A,PB39A",1.2945013,9.606728076934814,2,1REW_AB_C
"1REW_FA38A,PA39A,FB38A,PB39A",2.883712,6.228209912776947,4,1REW_AB_C
"1REW_HA28D,HB28D",0.19565234,-1.4261623620986938,2,1REW_AB_C
"1REW_SA77A,SB77A",0.20326425,1.4303037524223328,2,1REW_AB_C
"1REW_LA89A,LB89A",0.23992245,1.8010404109954834,2,1REW_AB_C
"1REW_HA28D,SA77A,HB28D,SB77A",0.1833965,0.0046777427196502686,4,1REW_AB_C
"1REW_HA28D,LA89A,HB28D,LB89A",0.11872623,0.19730976223945618,4,1REW_AB_C
"1REW_AA23D,AB23D",0.0,2.438130497932434,2,1REW_AB_C
"1REW_DA42A,DB42A",-0.05195394,-0.334665447473526,2,1REW_AB_C
"1REW_EA98R,EB98R",0.26882827,1.8034900426864624,2,1REW_AB_C
"1REW_DA19A,AA23D,DB19A,AB23D",0.47617817,3.1463277339935303,4,1REW_AB_C
"1REW_AA23D,DA42A,AB23D,DB42A",-0.18391342,1.0805969685316086,4,1REW_AB_C
"1REW_DA42A,EA98R,DB42A,EB98R",0.04365158,0.7336305230855942,4,1REW_AB_C
"1REW_WA17F,WB17F",0.6724211,5.33267617225647,2,1REW_AB_C
"1REW_LA40P,LB40P",5.3077927,12.59498405456543,2,1REW_AB_C
"1REW_DA42A,DB42A",-0.0697808,-0.3346664607524872,2,1REW_AB_C
"1REW_DA42P,DB42P",2.3559217,6.035338640213013,2,1REW_AB_C
"1REW_SA58R,SB58R",1.6668108,0.6698627471923828,2,1REW_AB_C
"1REW_YA92A,YB92A",1.2152793,4.901077508926392,2,1REW_AB_C
1REW_QC55A,2.6585615,5.757781982421875,1,1REW_AB_C
"1REW_KC57R,SC59T,KC61I,AC62P,QC63H,LC64Q,TC67D",0.72998595,4.485756840024676,7,1REW_AB_C
"1REW_KC57R,SC59T,KC61I,AC62P,QC63H,LC64Q,TC67D,AC43T,MC47L,KC48G,YC49L",0.26777947,2.822528210553256,11,1REW_AB_C
"1REW_KC57R,SC59T,KC61I,AC62P,QC63H,LC64Q,TC67D,AC43T,MC47L,KC48G,YC49L,GC11H,DC15E,AC30T,IC31M",1.1528584,3.0877949794133506,15,1REW_AB_C
1S0W_AC142F,-2.102992,-3.956486940383911,1,1S0W_A_C
1S1Q_VA41A,0.6707527,8.369536399841309,1,1S1Q_A_B
1S1Q_FA42A,0.19934364,5.410809516906738,1,1S1Q_A_B
1S1Q_NA43A,1.2319692,0.9016659259796143,1,1S1Q_A_B
1S1Q_DA44A,0.96552116,8.508198738098145,1,1S1Q_A_B
1S1Q_WA73A,0.2807825,8.692766189575195,1,1S1Q_A_B
1S1Q_FA86A,0.77525043,8.984273910522461,1,1S1Q_A_B
1SBB_LB20T,-0.09132688,1.8661866188049316,1,1SBB_A_B
1SBB_VB26Y,-1.455498,1.9460712671279907,1,1SBB_A_B
1SBB_YB91V,0.079110935,-2.44840669631958,1,1SBB_A_B
1SBB_LB20T,-0.10801677,1.8661878108978271,1,1SBB_A_B
1SBB_VB26Y,-0.90609324,1.946069359779358,1,1SBB_A_B
1SBB_YB91V,0.09132688,-2.4484052658081055,1,1SBB_A_B
"1SBB_LB20T,VB26Y,YB91V",0.13220184,0.4670783281326294,3,1SBB_A_B
1SBN_RI38K,-0.3099994,0.5050969123840332,1,1SBN_E_I
1SGD_DI13L,-5.6686587,-1.2816367149353027,1,1SGD_E_I
1SGE_EI13L,-5.982758,-4.102508068084717,1,1SGE_E_I
1SGN_NI13L,-3.399817,-1.9131660461425781,1,1SGN_E_I
1SGP_AI13L,-2.9891605,-4.513808250427246,1,1SGP_E_I
1SGQ_GI13L,-5.0034957,-8.014220237731934,1,1SGQ_E_I
1SGY_YI13L,-1.6760064,1.0909099578857422,1,1SGY_E_I
1SIB_KI46R,-0.7315268,-2.524357795715332,1,1SIB_E_I
1SMF_EI8A,1.0128093,0.46891069412231445,1,1SMF_E_I
1SMF_SI4A,1.8999716,0.3182942867279053,1,1SMF_E_I
1SMF_TI2A,2.0460517,8.821711540222168,1,1SMF_E_I
1SMF_II5A,3.511419,7.202743053436279,1,1SMF_E_I
1SMF_KI3A,5.689056,-2.491436004638672,1,1SMF_E_I
1TM1_YI42A,2.1795297,3.733921527862549,1,1TM1_E_I
1TM1_YI42G,4.6809673,10.36288070678711,1,1TM1_E_I
1TM1_RI46A,3.07986,1.0624308586120605,1,1TM1_E_I
1TM1_RI48A,2.9234388,-1.2405178546905518,1,1TM1_E_I
1TM1_RI48C,3.2358015,3.4238240718841553,1,1TM1_E_I
"1TM1_RI48A,RI46A",5.0519233,0.25394999980926514,2,1TM1_E_I
1TM1_TI39D,2.0990736,2.976656436920166,1,1TM1_E_I
1TM1_TI39A,2.572396,1.9178956747055054,1,1TM1_E_I
1TM1_EI41A,2.9246554,4.483319282531738,1,1TM1_E_I
"1TM1_TI39A,EI41A",3.3903959,3.5074095129966736,2,1TM1_E_I
"1TM1_TI39D,EI41A",0.754171,2.3793280124664307,2,1TM1_E_I
1TM1_VI51A,0.024861773,8.587377548217773,1,1TM1_E_I
1TM1_TI39A,2.7283423,1.9179004430770874,1,1TM1_E_I
1TM1_TI39P,3.75601,10.131732940673828,1,1TM1_E_I
1TM1_EI41A,3.0542183,4.4833221435546875,1,1TM1_E_I
1TM1_EI41S,2.7477686,3.594836950302124,1,1TM1_E_I
"1TM1_EI41S,MI40R",3.549655,2.2899255752563477,2,1TM1_E_I
1TM1_RI43A,1.2561543,1.0923700332641602,1,1TM1_E_I
1TM1_RI46A,3.75601,1.0624337196350098,1,1TM1_E_I
1TM1_RI48A,3.0981238,-1.2405180931091309,1,1TM1_E_I
1TM1_MI40G,2.2329054,5.811801910400391,1,1TM1_E_I
1TM1_MI40A,1.0276679,1.2750096321105957,1,1TM1_E_I
1TM1_MI40K,1.0935637,2.365954637527466,1,1TM1_E_I
1TM1_MI40Y,0.056466706,6.571982383728027,1,1TM1_E_I
1TM1_MI40F,1.0276679,6.005852699279785,1,1TM1_E_I
1TM1_YI42A,2.9815822,3.733920097351074,1,1TM1_E_I
1TM3_KI40M,-1.0935637,,1,1TM3_E_I
1TM4_GI40M,-2.2329054,,1,1TM4_E_I
1TM5_AI40M,-1.0276679,,1,1TM5_E_I
1TM7_YI40M,-0.056466706,-5.649550437927246,1,1TM7_E_I
1TMG_FI40M,-1.0276679,-4.170918941497803,1,1TMG_E_I
1TO1_AI42Y,-2.9815822,,1,1TO1_E_I
1U7F_RB65A,1.737952,,1,1U7F_B_AC
1U7F_DB140A,2.673813,,1,1U7F_B_AC
1UUZ_HA62Q,1.5196093,-0.34847497940063477,1,1UUZ_A_D
1UUZ_HA62N,1.5196093,-1.9479045867919922,1,1UUZ_A_D
1UUZ_HA62D,3.3792171,-0.8417258262634277,1,1UUZ_A_D
1UUZ_HA62A,1.7748275,-1.0136137008666992,1,1UUZ_A_D
1UUZ_CA64A,0.65087503,6.845582008361816,1,1UUZ_A_D
1VFB_HA30A,0.84526086,1.6011378765106201,1,1VFB_AB_C
1VFB_YA32A,1.3399861,3.321291923522949,1,1VFB_AB_C
1VFB_YA49A,0.7978987,5.030599117279053,1,1VFB_AB_C
1VFB_YA50A,0.3880122,2.482574462890625,1,1VFB_AB_C
1VFB_WA92A,2.7283423,4.6881585121154785,1,1VFB_AB_C
1VFB_SA93A,0.3432776,0.7417478561401367,1,1VFB_AB_C
1VFB_TB30A,-0.05587455,-0.4144904613494873,1,1VFB_AB_C
1VFB_YB32A,0.46035218,5.438897132873535,1,1VFB_AB_C
1VFB_WB52A,0.36446795,2.189525842666626,1,1VFB_AB_C
1VFB_DB54A,0.6389059,7.869176864624023,1,1VFB_AB_C
1VFB_NB56A,0.17779756,0.4910609722137451,1,1VFB_AB_C
1VFB_DB58A,-0.20709603,-1.1045997142791748,1,1VFB_AB_C
1VFB_EB98A,1.157075,5.326992988586426,1,1VFB_AB_C
1VFB_RB99A,-0.09977996,1.7159113883972168,1,1VFB_AB_C
1VFB_DB100A,3.0716197,3.929861068725586,1,1VFB_AB_C
1VFB_YB101F,0.9535147,2.739588499069214,1,1VFB_AB_C
1VFB_SB28N,0.1440119,3.083116054534912,1,1VFB_AB_C
1VFB_SB28Q,0.07811606,3.785402297973633,1,1VFB_AB_C
1VFB_SB28D,0.0,2.0302836894989014,1,1VFB_AB_C
1VFB_SB28E,-0.10405386,2.7440950870513916,1,1VFB_AB_C
1VFB_GB31A,0.30660257,-1.3717756271362305,1,1VFB_AB_C
1VFB_GB31E,-0.5099895,-1.3680877685546875,1,1VFB_AB_C
1VFB_GB31W,0.003962904,3.1278433799743652,1,1VFB_AB_C
1VFB_YB32E,1.9030398,5.655218601226807,1,1VFB_AB_C
1VFB_DB58N,-0.12823893,-0.4251444339752197,1,1VFB_AB_C
1VFB_DB58E,0.07811606,-1.3710410594940186,1,1VFB_AB_C
1VFB_RB99Y,1.2359321,-0.13755559921264648,1,1VFB_AB_C
1VFB_RB99W,0.70528984,1.1539621353149414,1,1VFB_AB_C
1VFB_NA31W,0.17440072,7.782247066497803,1,1VFB_AB_C
1VFB_YA32W,5.631085,3.408234119415283,1,1VFB_AB_C
1VFB_LA46D,5.631085,12.563990592956543,1,1VFB_AB_C
1VFB_LA46E,5.631085,8.370826721191406,1,1VFB_AB_C
1VFB_YA50R,0.8447021,1.6304593086242676,1,1VFB_AB_C
1VFB_YA50K,1.7163694,3.0279293060302734,1,1VFB_AB_C
1VFB_TA52F,0.47108603,7.569064617156982,1,1VFB_AB_C
1VFB_TA53R,1.6465886,1.015672206878662,1,1VFB_AB_C
1VFB_DC18A,0.3402829,5.156706809997559,1,1VFB_AB_C
1VFB_NC19A,0.39626417,5.560833930969238,1,1VFB_AB_C
1VFB_YC23A,0.41065642,9.680880546569824,1,1VFB_AB_C
1VFB_SC24A,0.8513461,-2.1975674629211426,1,1VFB_AB_C
1VFB_KC116A,0.71376985,3.4971237182617188,1,1VFB_AB_C
1VFB_TC118A,0.7654383,6.57744026184082,1,1VFB_AB_C
1VFB_DC119A,0.9535147,2.3874263763427734,1,1VFB_AB_C
1VFB_VC120A,0.9173605,3.030667304992676,1,1VFB_AB_C
1VFB_QC121A,2.8782864,1.1111690998077393,1,1VFB_AB_C
1VFB_IC124A,1.2319692,10.570615768432617,1,1VFB_AB_C
1VFB_RC125A,1.8377223,5.06569242477417,1,1VFB_AB_C
1VFB_LC129A,0.17162153,3.6488449573516846,1,1VFB_AB_C
1VFB_YA32A,1.7176495,3.3212876319885254,1,1VFB_AB_C
1VFB_YA50A,0.52456826,2.4825735092163086,1,1VFB_AB_C
1VFB_WA92A,3.3500743,4.688160419464111,1,1VFB_AB_C
1VFB_YB32A,1.1237155,5.438894271850586,1,1VFB_AB_C
1VFB_WB52A,0.9173605,2.189523935317993,1,1VFB_AB_C
1VFB_DB54A,0.99204683,7.869175910949707,1,1VFB_AB_C
1VFB_DB100A,2.941075,3.929863452911377,1,1VFB_AB_C
1VFB_YB101F,1.5867511,2.7395873069763184,1,1VFB_AB_C
"1VFB_YA32A,QC121A",1.5867511,2.216228723526001,2,1VFB_AB_C
"1VFB_YA32A,IC124A",2.9070168,6.945951700210571,2,1VFB_AB_C
"1VFB_YA50A,DC18A",1.2664908,3.81964111328125,2,1VFB_AB_C
"1VFB_YA50A,DC119A",1.2319692,2.4349993467330933,2,1VFB_AB_C
"1VFB_WA92A,QC121A",3.520512,2.8996639251708984,2,1VFB_AB_C
"1VFB_WA92A,IC124A",3.8520577,7.6293861865997314,2,1VFB_AB_C
"1VFB_WA92A,RC125A",3.394809,4.876922607421875,2,1VFB_AB_C
"1VFB_WA92A,LC129A",3.3088436,4.168505072593689,2,1VFB_AB_C
"1VFB_YB32A,KC116A",1.5867511,4.468013048171997,2,1VFB_AB_C
"1VFB_WB52A,DC119A",2.2483788,2.2884747982025146,2,1VFB_AB_C
"1VFB_DB54A,TC118A",1.2552056,7.223300933837891,2,1VFB_AB_C
"1VFB_DB100A,SC24A",3.3712647,0.8661515712738037,2,1VFB_AB_C
"1VFB_YB101F,DC119A",2.7377465,2.5635052919387817,2,1VFB_AB_C
"1VFB_YB101F,VC120A",2.5396144,2.8851306438446045,2,1VFB_AB_C
1WQJ_RI20A,0.67955303,2.9840173721313477,1,1WQJ_I_B
"1WQJ_RI35A,RI36A",1.0285114,0.011202991008758545,2,1WQJ_I_B
1WQJ_RI49A,0.26824522,0.2706735134124756,1,1WQJ_I_B
1WQJ_RI54A,0.059441056,2.7231054306030273,1,1WQJ_I_B
1WQJ_RI55A,0.40239912,2.9735398292541504,1,1WQJ_I_B
1X1W_AD81E,-0.41065642,2.214690685272217,1,1X1W_A_D
1X1X_AD76E,-0.8235527,0.2962179183959961,1,1X1X_A_D
1XD3_KB6A,1.344086,4.990181922912598,1,1XD3_A_B
1XD3_KB27A,-0.062421046,12.121271133422852,1,1XD3_A_B
1XD3_RB42L,-0.8621878,3.6538572311401367,1,1XD3_A_B
1XD3_RB54L,0.8687343,3.7489163875579834,1,1XD3_A_B
1XD3_HB68N,0.0,1.1511021852493286,1,1XD3_A_B
1XD3_RB72L,1.3017501,-0.9002039432525635,1,1XD3_A_B
1XD3_RB74L,2.3777323,9.232649803161621,1,1XD3_A_B
1XD3_EB24A,-0.24021861,2.7022197246551514,1,1XD3_A_B
1XD3_DB39A,-0.41065642,2.958287239074707,1,1XD3_A_B
1XD3_EB51A,1.534609,5.423245429992676,1,1XD3_A_B
1XD3_DB52A,-0.24021861,7.920483589172363,1,1XD3_A_B
1XD3_DB58A,-0.24021861,6.8011956214904785,1,1XD3_A_B
1XD3_KB6R,0.30263966,-0.655128002166748,1,1XD3_A_B
1XD3_LB8A,2.6767921,13.082820892333984,1,1XD3_A_B
1XD3_KB11R,1.402407,1.6704928874969482,1,1XD3_A_B
1XD3_KB27R,0.26598144,8.12938117980957,1,1XD3_A_B
1XD3_KB33R,0.0,4.163741111755371,1,1XD3_A_B
1XD3_IB44A,0.26598144,8.408939361572266,1,1XD3_A_B
1XGP_AB33F,-4.06248,7.962934494018555,1,1XGP_AB_C
1XGP_AB33L,-2.1998763,9.115772247314453,1,1XGP_AB_C
1XGP_AB33I,-2.261219,11.919656753540039,1,1XGP_AB_C
1XGP_AB33V,-1.1530954,12.517488479614258,1,1XGP_AB_C
1XGQ_VB33F,-2.9093847,-0.8228497505187988,1,1XGQ_AB_C
1XGQ_VB33L,-1.0467808,0.9887356758117676,1,1XGQ_AB_C
1XGQ_VB33I,-1.1081238,-1.0457608699798584,1,1XGQ_AB_C
1XGQ_VB33A,1.1530954,-1.2908787727355957,1,1XGQ_AB_C
1XGR_IB33F,-1.801261,1.1985735893249512,1,1XGR_AB_C
1XGR_IB33L,0.06134288,0.9288580417633057,1,1XGR_AB_C
1XGR_IB33V,1.1081238,1.6233954429626465,1,1XGR_AB_C
1XGR_IB33A,2.261219,-0.32251596450805664,1,1XGR_AB_C
1XGT_LB33F,-1.8626039,-0.5849905014038086,1,1XGT_AB_C
1XGT_LB33I,-0.06134288,2.291475772857666,1,1XGT_AB_C
1XGT_LB33V,1.0467808,4.589460372924805,1,1XGT_AB_C
1XGT_LB33A,2.1998763,-2.8907041549682617,1,1XGT_AB_C
1XGU_FB33L,1.8626039,4.149075508117676,1,1XGU_AB_C
1XGU_FB33I,1.801261,6.546663284301758,1,1XGU_AB_C
1XGU_FB33V,2.9093847,7.400993347167969,1,1XGU_AB_C
1XGU_FB33A,4.06248,-1.1361887454986572,1,1XGU_AB_C
"1XXM_AC74K,AC142F,AC143Y,AA79E,AA80Y",-2.412727,-0.547795295715332,5,1XXM_A_C
1Y1K_AI39T,-2.7283423,-0.1692817211151123,1,1Y1K_E_I
1Y33_PI39T,-3.75601,3.8594956398010254,1,1Y33_E_I
1Y34_AI41E,-3.0542183,-3.9104061126708984,1,1Y34_E_I
1Y3B_SI41E,-2.7477686,,1,1Y3B_E_I
1Y3C_AI43R,-1.2561543,-0.6292738914489746,1,1Y3C_E_I
1Y3D_AI48R,-3.0981238,1.4916160106658936,1,1Y3D_E_I
1Y48_AI46R,-3.75601,,1,1Y48_E_I
"1Y4A_SI40E,RI39M",-3.549655,-1.5307657718658447,2,1Y4A_E_I
1YCS_RA177H,-0.11888775,0.5306296348571777,1,1YCS_A_B
"1YCS_MA37L,VA107A,NA143Y,NA172D",-0.13897279,0.007325410842895508,4,1YCS_A_B
"1YCS_MA37L,VA107A,NA143Y,NA172D,VA47A",0.14287694,1.7980392932891847,5,1YCS_A_B
"1YCS_MA37L,VA107A,NA143Y,NA172D,RA153S,HA72R",0.50962794,0.6450549960136414,6,1YCS_A_B
"1YCS_MA37L,VA107A,NA143Y,NA172D,FA174L",-0.18866855,1.5619209051132201,5,1YCS_A_B
"1YCS_MA37L,VA107A,NA143Y,NA172D,RA186W",0.051550064,1.224755334854126,5,1YCS_A_B
1YQV_RY45K,2.0010803,2.725175380706787,1,1YQV_HL_Y
1YQV_RY45K,2.0021381,2.72517728805542,1,1YQV_HL_Y
1YQV_RY45K,1.6343396,2.725172996520996,1,1YQV_HL_Y
"1YQV_RY68K,TY40S,IY55V,SY91T,QY121H",0.1061558,2.6844887733459473,5,1YQV_HL_Y
"1YQV_RY68K,TY40S,IY55V,SY91T,QY121H",0.0,2.684487009048462,5,1YQV_HL_Y
"1YQV_RY68K,TY40S,IY55V,SY91T,QY121H",0.0,2.6844866275787354,5,1YQV_HL_Y
"1YQV_RY68K,TY40S,IY55V,SY91T",5.3730054,2.8986814618110657,4,1YQV_HL_Y
"1YQV_RY68K,TY40S,IY55V,SY91T",5.104349,2.8986809253692627,4,1YQV_HL_Y
"1YQV_RY68K,TY40S,IY55V,SY91T",5.0972853,2.8986843824386597,4,1YQV_HL_Y
1YY9_LD29P,0.030840894,9.60000991821289,1,1YY9_CD_A
1YY9_WD52P,1.4789331,8.118152618408203,1,1YY9_CD_A
1YY9_SD53P,0.8179112,0.6218764781951904,1,1YY9_CD_A
1YY9_GD54P,0.26819047,6.4350385665893555,1,1YY9_CD_A
1YY9_AD98P,1.0376917,6.382452011108398,1,1YY9_CD_A
1YY9_YD101P,1.652159,2.9150280952453613,1,1YY9_CD_A
1YY9_AC25P,0.072288,11.356189727783203,1,1YY9_CD_A
1YY9_SC26P,-0.009114826,17.808448791503906,1,1YY9_CD_A
1YY9_SC28P,-0.22239916,-1.3429893255233765,1,1YY9_CD_A
1YY9_SC54P,-0.018372076,1.455604076385498,1,1YY9_CD_A
1YY9_TC96P,4.0049434,-4.5979509353637695,1,1YY9_CD_A
1YY9_SC26D,-0.19934364,7.117968559265137,1,1YY9_CD_A
1YY9_TC31E,-0.519157,0.39176416397094727,1,1YY9_CD_A
1YY9_NC93A,-0.7422019,-1.2681511640548706,1,1YY9_CD_A
1YY9_ND56A,-0.057071555,-0.022740602493286133,1,1YY9_CD_A
1YY9_TD61E,-0.057071555,-1.2134170532226562,1,1YY9_CD_A
"1YY9_TC31E,NC93A",-0.8188996,-0.439022958278656,2,1YY9_CD_A
"1YY9_SC26D,TC31E,NC93A",-1.3335406,2.0628403425216675,3,1YY9_CD_A
"1YY9_SC26D,TC31E,NC93A,ND56A,TD61E",-0.65208536,0.9869400501251221,5,1YY9_CD_A
1Z7X_YW434A,5.955931,10.254161834716797,1,1Z7X_W_X
1Z7X_DW435A,3.6624305,3.6739115715026855,1,1Z7X_W_X
1Z7X_YW437A,2.6241355,3.7756476402282715,1,1Z7X_W_X
"1Z7X_QW430A,VW432A",0.939574,5.008134126663208,2,1Z7X_W_X
"1Z7X_WW438A,SW439A,EW440A",1.9721996,5.59008264541626,3,1Z7X_W_X
1Z7X_RW457A,0.8482471,1.6518634557724,1,1Z7X_W_X
1Z7X_IW459A,0.3374211,8.92087459564209,1,1Z7X_W_X
1Z7X_EW206A,1.018685,1.1935827732086182,1,1Z7X_W_X
1Z7X_WW261A,1.3359538,0.6099104881286621,1,1Z7X_W_X
1Z7X_WW263A,2.2124183,-4.53366231918335,1,1Z7X_W_X
1Z7X_EW287A,1.3213246,5.738653182983398,1,1Z7X_W_X
1Z7X_SW289A,0.8143835,6.159859657287598,1,1Z7X_W_X
1Z7X_WW318A,0.99347043,4.5112786293029785,1,1Z7X_W_X
1Z7X_KW320A,1.3213246,-0.659588098526001,1,1Z7X_W_X
1Z7X_EW344A,1.5615432,3.334402322769165,1,1Z7X_W_X
1Z7X_WW375A,1.66956,2.574306011199951,1,1Z7X_W_X
1Z7X_EW401A,1.306325,2.8965017795562744,1,1Z7X_W_X
1Z7X_YW434F,0.120622605,0.5374283790588379,1,1Z7X_W_X
1Z7X_YW437F,2.1660576,1.1532154083251953,1,1Z7X_W_X
"1Z7X_YW434A,DW435A",7.171211,6.744152784347534,2,1Z7X_W_X
"1Z7X_YW434A,YW437A",7.2409916,7.0331199169158936,2,1Z7X_W_X
2A9K_GB55D,2.3176858,8.722076416015625,1,2A9K_A_B
2A9K_EB65A,3.0309818,2.474616765975952,1,2A9K_A_B
"2ABZ_AE14C,AE38C",-0.5535334,2.4591268934309483,2,2ABZ_B_E
2AJF_KE22R,-0.007359747,0.9608278274536133,1,2AJF_A_E
2AJF_FE38S,-0.082253926,-1.4063184261322021,1,2AJF_A_E
2AJF_NE151K,2.012603,-2.0196518898010254,1,2AJF_A_E
2AJF_TE159S,1.8239344,-0.020674943923950195,1,2AJF_A_E
2AJF_DA20A,0.585403,2.589883804321289,1,2AJF_A_E
2AJF_YA23A,1.452401,7.5173492431640625,1,2AJF_A_E
2AJF_YA23F,1.3977944,0.7167905569076538,1,2AJF_A_E
2AK4_TD30A,-0.12668328,3.7784829139709473,1,2AK4_ABC_DE
2AK4_YD32A,0.09897152,6.885408401489258,1,2AK4_ABC_DE
2AK4_ND51A,1.4039891,2.9690608978271484,1,2AK4_ABC_DE
2AK4_SD94A,1.4039891,0.9042693972587585,1,2AK4_ABC_DE
2AK4_YD97A,1.4039891,5.71761417388916,1,2AK4_ABC_DE
2AK4_ND98A,1.4039891,-2.035353422164917,1,2AK4_ABC_DE
2AK4_NE26A,0.2087728,0.8484776020050049,1,2AK4_ABC_DE
2AK4_NE28A,0.8228948,6.173011302947998,1,2AK4_ABC_DE
2AK4_SE29G,1.4039891,6.708477973937988,1,2AK4_ABC_DE
2AK4_SE49A,-0.31437176,-0.24503648281097412,1,2AK4_ABC_DE
2AK4_NE63A,-0.04268813,1.1608412265777588,1,2AK4_ABC_DE
2AK4_LE94A,0.83848655,-1.2927827835083008,1,2AK4_ABC_DE
2AK4_EE97A,0.048638746,3.5609025955200195,1,2AK4_ABC_DE
2AK4_QA65A,-0.25790507,1.11354398727417,1,2AK4_ABC_DE
2AK4_TA69A,-0.34193262,-0.6549588441848755,1,2AK4_ABC_DE
2AK4_QA72A,0.2391616,-1.3116618394851685,1,2AK4_ABC_DE
2AK4_RA151A,1.3673309,3.7205052375793457,1,2AK4_ABC_DE
2AK4_EA154A,0.23491462,0.29358744621276855,1,2AK4_ABC_DE
2AK4_QA155A,0.92959356,2.6403422355651855,1,2AK4_ABC_DE
2AK4_RA157A,1.4039891,3.13204288482666,1,2AK4_ABC_DE
2AK4_AA158G,0.8735885,0.16714882850646973,1,2AK4_ABC_DE
2AK4_EA161A,0.46510357,4.253862380981445,1,2AK4_ABC_DE
2AK4_LA163A,0.1403824,1.248340129852295,1,2AK4_ABC_DE
2AK4_PC4A,1.0963917,3.9856314659118652,1,2AK4_ABC_DE
2AK4_LC5A,1.4039891,8.437880516052246,1,2AK4_ABC_DE
2AK4_PC6A,1.4039891,10.009149551391602,1,2AK4_ABC_DE
2AK4_QC7A,1.4039891,2.6061296463012695,1,2AK4_ABC_DE
2AK4_QC9A,0.06589585,1.8280463218688965,1,2AK4_ABC_DE
2AK4_LC10A,0.5136355,5.342619895935059,1,2AK4_ABC_DE
2AW2_PB16A,2.5755908,7.733863830566406,1,2AW2_A_B
2AW2_YB22A,1.8850842,7.880922317504883,1,2AW2_A_B
2AW2_VB35A,1.0963917,5.532490253448486,1,2AW2_A_B
2B0U_VC15E,0.0,-0.9977822303771973,1,2B0U_AB_C
2B0U_FC47E,0.41065642,4.211150169372559,1,2B0U_AB_C
2B0U_IC51E,0.24021861,5.323798179626465,1,2B0U_AB_C
2B0U_FC52E,0.0,-0.8039425611495972,1,2B0U_AB_C
2B0U_FC47A,0.54285824,4.285604476928711,1,2B0U_AB_C
2B0U_IC51A,0.0,5.9755096435546875,1,2B0U_AB_C
2B0U_FC52A,0.0,3.235170602798462,1,2B0U_AB_C
2B0Z_IB87F,-2.5289986,-2.373842239379883,1,2B0Z_A_B
2B10_SB87F,-1.1648275,-4.459122657775879,1,2B10_A_B
2B11_WB87F,-0.754171,-4.384000301361084,1,2B11_A_B
2B12_YB87F,-1.5754839,-1.0251505374908447,1,2B12_A_B
"2B2X_VH50T,EH64K,QL28S,YL52N",1.043681,-1.21066552400589,4,2B2X_HL_A
"2B2X_VH50T,EH64K,QL28S,YL52N,LL49K",1.9686383,-0.8329374551773071,5,2B2X_HL_A
"2B2X_EH64K,QL28S,YL52N",0.7803654,-0.32670803864796955,3,2B2X_HL_A
"2B2X_VH50T,EH64K,QL28S,YL52N,LH60D",0.9209863,-0.7327407836914063,5,2B2X_HL_A
"2B2X_VH50T,QL28S,YL52N",0.8883822,-1.4730085134506226,3,2B2X_HL_A
"2B2X_VH50T,EH64Q,QL28S,YL52N",0.8883822,-1.057812124490738,4,2B2X_HL_A
"2B2X_VH50T,EH64D,QL28S,YL52N",0.9209863,-0.39893051981925964,4,2B2X_HL_A
"2B2X_VH50T,EH64N,QL28S,YL52N",0.97110564,-0.49880602955818176,4,2B2X_HL_A
"2B2X_VH50T,EH64K,YL52N",0.37727,-1.1373896996180217,3,2B2X_HL_A
"2B2X_VH50T,EH64K,QL28S",0.94038504,-1.9013001918792725,3,2B2X_HL_A
"2B2X_VH50T,EH64K,QL28S,YL52N,GH100M",1.1458608,-0.5239847421646118,5,2B2X_HL_A
"2B2X_VH50T,EH64K,QL28S,YL52N,SL24R",0.976595,-0.9124002695083618,5,2B2X_HL_A
"2B2X_VH50T,EH64K,QL28S,YL52E",0.86623186,-1.1058423519134521,4,2B2X_HL_A
"2B2X_VH50T,EH64K,QL28S,YL52N,FH99W",1.043681,-0.8691181898117065,5,2B2X_HL_A
"2B2X_VH50T,EH64K,QL28S,YL52N,GH100F",1.6177639,-0.5894361734390259,5,2B2X_HL_A
"2B2X_VH50T,EH64K,QL28S,YL52N,GH54Y",1.043681,0.9421589374542236,5,2B2X_HL_A
"2B2X_VH50T,EH64K,QL28S,YL52N,FH99W",1.043681,-0.8691171646118164,5,2B2X_HL_A
"2B2X_QL28S,YL52N",0.68248,-0.2750509977340698,2,2B2X_HL_A
"2B2X_VH50T,EH64Q,QL28S,YL52N,LH60D",1.0866896,-0.5907124280929565,5,2B2X_HL_A
"2B2X_VH50T,QL28S,YL52N,LH60D",0.901817,-0.84532830119133,4,2B2X_HL_A
2B2X_EH64K,-0.15706362,-0.43002140522003174,1,2B2X_HL_A
2B2X_VH50T,0.090166345,-3.868924617767334,1,2B2X_HL_A
2B2X_YL52E,-0.22420542,1.2545570135116577,1,2B2X_HL_A
"2B2X_VH50T,EH64K,QL28S,YL52N,NL30V",2.0934803,-0.15198662281036376,5,2B2X_HL_A
"2B2X_VH50T,EH64K,QL28S,YL52N,HL31R",2.1679819,-1.3767388582229614,5,2B2X_HL_A
"2B2X_VH50T,EH64K,QL28S,YL52N,HL31K",2.208369,-1.1681529760360718,5,2B2X_HL_A
"2B2X_VH50T,EH64K,QL28S,YL52N,LL49K",1.8418969,-0.8329385280609131,5,2B2X_HL_A
"2B2X_VH50T,EH64K,QL28S,YL52R",1.8889,-1.2795754075050354,4,2B2X_HL_A
"2B2X_VH50T,EH64K,QL28S,YL52K",1.7014854,-1.2074665427207947,4,2B2X_HL_A
"2B2X_VH50T,EH64K,QL28S,YL52N,RH31Q",2.3515944,-1.0136465311050415,5,2B2X_HL_A
"2B2X_VH50T,EH64K,QL28S,YL52N,SH35Q",3.7720232,0.11904623508453369,5,2B2X_HL_A
"2B2X_EH64K,QL28S,YL52N",1.043681,-0.3267076015472412,3,2B2X_HL_A
"2B2X_VH50T,EH64K,QL28S,YL52N,YH59E",1.5879316,0.8994985818862915,5,2B2X_HL_A
"2B2X_VH50T,EH64K,QL28S,YL52N,LH60D",1.043681,-0.7327409267425538,5,2B2X_HL_A
"2B2X_VH50T,QL28S,YL52N",1.043681,-1.4730082352956135,3,2B2X_HL_A
"2B2X_VH50T,EH64Q,QL28S,YL52N",1.043681,-1.0578120946884155,4,2B2X_HL_A
"2B2X_VH50T,EH64D,QL28S,YL52N",0.8233383,-0.39893054962158203,4,2B2X_HL_A
"2B2X_VH50T,EH64N,QL28S,YL52N",1.043681,-0.49880698323249817,4,2B2X_HL_A
"2B2X_VH50T,EH64K,YL52N",0.186451,-1.137389898300171,3,2B2X_HL_A
"2B2X_VH50T,EH64K,QL28S,YL52N,NL30Y",2.9521027,0.21237223148345946,5,2B2X_HL_A
"2B2X_VH50T,EH64K,QL28S,YL52N,NL30W",2.6170702,0.4525425910949707,5,2B2X_HL_A
"2B2X_VH50T,EH64K,QL28S",1.043681,-1.9012998739878337,3,2B2X_HL_A
"2B2X_VH50T,EH64K,QL28S,YL52N,SL91T",3.3613667,-0.8045499563217163,5,2B2X_HL_A
"2B2X_VH50T,EH64K,QL28S,YL52N,SL91R",3.7720232,0.030420613288879395,5,2B2X_HL_A
"2B2X_VH50T,EH64K,QL28S,YL52N,GL92Q",2.6170702,-0.8313611268997192,5,2B2X_HL_A
"2B2X_VH50T,EH64K,QL28S,YL52N,GL92S",1.5565172,-1.1051913738250732,5,2B2X_HL_A
"2B2X_VH50T,EH64K,QL28S,YL52N,SL91R,NL30E",3.7720232,0.6938227812449137,6,2B2X_HL_A
"2B2X_VH50T,EH64K,QL28S,YL52N,SH52M",3.1204507,1.9955537796020508,5,2B2X_HL_A
"2B2X_VH50T,EH64K,QL28S,YL52N,GH53S",1.719577,0.17788584232330323,5,2B2X_HL_A
"2B2X_VH50T,EH64K,QL28S,YL52N,GH53A",1.5565172,-0.1827316999435425,5,2B2X_HL_A
"2B2X_VH50T,EH64K,QL28S,YL52N,GH54I",2.4078522,1.2377585649490357,5,2B2X_HL_A
"2B2X_VH50T,EH64K,QL28S,YL52N,GH54T",2.208369,0.34276618957519533,5,2B2X_HL_A
"2B2X_VH50T,EH64K,QL28S,YL52N,YH58Q",3.1204507,-0.43937029838562014,5,2B2X_HL_A
"2B2X_VH50T,EH64K,QL28S,YL52N,YH58E",3.1204507,-0.635300874710083,5,2B2X_HL_A
"2B2X_VH50T,EH64K,QL28S,YL52N,YH58W",1.8649939,-1.1834418535232545,5,2B2X_HL_A
"2B2X_VH50T,EH64K,QL28S,YL52N,GH100M",1.1458608,-0.523985481262207,5,2B2X_HL_A
"2B2X_VH50T,EH64K,QL28S,YL52N,SL24R",0.67990965,-0.912400770187378,5,2B2X_HL_A
"2B2X_VH50T,EH64K,QL28S,YL52N,LL49F",1.7562797,-1.0999629020690918,5,2B2X_HL_A
"2B2X_VH50T,EH64K,QL28S,YL52N,LL49W",2.9521027,-1.1700356721878051,5,2B2X_HL_A
"2B2X_VH50T,EH64K,QL28S,YL52D",1.5446677,-0.806047648191452,4,2B2X_HL_A
"2B2X_VH50T,EH64K,QL28S,YL52E",1.043681,-1.105842500925064,4,2B2X_HL_A
"2B2X_VH50T,EH64K,QL28S,YL52N,WL90Q",3.1204507,-1.4705068588256835,5,2B2X_HL_A
"2B2X_VH50T,EH64K,QL28S,YL52N,SL91Q",2.8185086,-0.5027560472488404,5,2B2X_HL_A
"2B2X_VH50T,EH64K,QL28S,YL52N,WL90Q,FL33Y",1.9150901,-1.3045133550961812,6,2B2X_HL_A
"2B2X_VH50T,EH64K,QL28S,YL52N,TH33V",1.4782437,-0.22966547012329103,5,2B2X_HL_A
"2B2X_VH50T,EH64K,QL28S,YL52N,TH33N",3.7720232,-0.6613229036331176,5,2B2X_HL_A
"2B2X_VH50T,EH64K,QL28S,YL52N,SH35A",2.6170702,-0.3039536714553833,5,2B2X_HL_A
"2B2X_VH50T,EH64K,QL28S,YL52N,FH99W",1.043681,-0.8691167116165162,5,2B2X_HL_A
"2B2X_VH50T,EH64K,QL28S,YL52N,FH99Y",1.7986879,-1.0522391557693482,5,2B2X_HL_A
"2B2X_VH50T,EH64K,QL28S,YL52N,GH100L",3.7720232,-0.8934214830398559,5,2B2X_HL_A
"2B2X_VH50T,EH64K,QL28S,YL52N,GH100F",1.2479825,-0.5894367694854736,5,2B2X_HL_A
"2B2X_VH50T,EH64K,QL28S,YL52N,GH100S",1.6016783,-0.9101754665374756,5,2B2X_HL_A
"2B2X_EH64K,QL28S,YL52N,SH35V",3.7720232,1.9316103756427765,4,2B2X_HL_A
"2B2X_EH64K,QL28S,YL52N,SH35A",3.1204507,0.4848152995109558,4,2B2X_HL_A
"2B2X_VH50T,EH64K,QL28S,YL52N,SH35A,GH102S",2.6170702,0.7568449179331461,6,2B2X_HL_A
"2B2X_VH50T,EH64K,QL28S,YL52N,SH35V,GH102S",2.4699943,1.8002130389213562,6,2B2X_HL_A
"2B2X_EH64K,QL28S,YL52N,GH102S",2.7118843,1.285781741142273,4,2B2X_HL_A
"2B2X_VH50T,EH64K,QL28S,YL52N,HL31W",2.2995565,-1.0730718612670898,5,2B2X_HL_A
"2B2X_VH50T,EH64K,QL28S,YL52N,NL30Y,SL91I",1.4782437,1.1164103746414185,6,2B2X_HL_A
"2B2X_VH50T,EH64K,QL28S,YL52N,GH53N",2.2995565,0.489395809173584,5,2B2X_HL_A
"2B2X_VH50T,EH64K,QL28S,YL52N,GH54Y",1.043681,0.9421586513519287,5,2B2X_HL_A
"2B2X_VH50T,EH64K,QL28S,YL52N,FH99W",1.043681,-0.8691182136535645,5,2B2X_HL_A
"2B2X_VH50T,EH64K,QL28S,YL52N,FH99Y",1.7986879,-1.0522389173507691,5,2B2X_HL_A
"2B2X_VH50T,EH64K,QL28S,YL52N,TH33E,GH53Q",2.7118843,1.176947295665741,6,2B2X_HL_A
"2B2X_VH50T,EH64K,QL28S,YL52N,TH33I,SH52T,GH53N,GH54N",2.9521027,2.230542629957199,8,2B2X_HL_A
"2B2X_VH50T,EH64K,QL28S,YL52N,TH33I,SH52T,GH53Q,GH54F",2.2995565,3.3385064601898193,8,2B2X_HL_A
"2B2X_EH64K,YL52N",0.34868607,0.22518283128738403,2,2B2X_HL_A
"2B2X_QL28S,YL52N",1.043681,-0.27505069971084595,2,2B2X_HL_A
"2B2X_VH50T,YL52N",0.186451,-1.4942682385444641,2,2B2X_HL_A
2B2X_EH64K,0.090166345,-0.4300220012664795,1,2B2X_HL_A
2B2X_VH50T,-0.042035498,-3.8689239025115967,1,2B2X_HL_A
2B42_HA357A,1.6384584,0.15727806091308594,1,2B42_A_B
2B42_HA357Q,1.0761156,2.9675073623657227,1,2B42_A_B
2B42_HA357K,2.567788,3.4759249687194824,1,2B42_A_B
2BDN_LH27R,0.65087503,3.2325234413146973,1,2BDN_HL_A
2BDN_LH27K,0.8744038,3.8558216094970703,1,2BDN_HL_A
2BDN_NH28D,0.13220184,-1.168115496635437,1,2BDN_HL_A
2BDN_NH28Q,1.4000883,1.4391114711761475,1,2BDN_HL_A
2BDN_DH31E,1.0857165,2.8134946823120117,1,2BDN_HL_A
2BDN_YL30K,0.6750601,4.412593841552734,1,2BDN_HL_A
2BDN_NL31R,-0.91759753,2.161496639251709,1,2BDN_HL_A
2BDN_NL31K,3.491334,2.0355637073516846,1,2BDN_HL_A
2BDN_SL53D,-0.160645,0.4251244068145752,1,2BDN_HL_A
2BDN_SL53E,-0.8517017,-0.6178779602050781,1,2BDN_HL_A
2BDN_TL56D,-0.42565602,-0.9736274480819702,1,2BDN_HL_A
2BDN_TL56E,-0.689111,-0.7049860954284668,1,2BDN_HL_A
2BNQ_VC9C,0.5019833,1.0535516738891602,1,2BNQ_ABC_DE
2BNR_QA43A,0.08280224,2.880758047103882,1,2BNR_ABC_DE
2BNR_EA58A,0.0,0.5711376667022705,1,2BNR_ABC_DE
2BNR_DA61A,-0.08978604,-0.8871560096740723,1,2BNR_ABC_DE
2BNR_EA63A,0.33471087,3.145454168319702,1,2BNR_ABC_DE
2BNR_TA64A,0.2714708,10.410797119140625,1,2BNR_ABC_DE
2BNR_RA65A,1.8063724,2.9729654788970947,1,2BNR_ABC_DE
2BNR_KA66A,1.6893346,6.22975492477417,1,2BNR_ABC_DE
2BNR_VA67A,0.39280164,7.1672749519348145,1,2BNR_ABC_DE
2BNR_KA68A,0.0055283634,4.764277935028076,1,2BNR_ABC_DE
2BNR_AA69G,1.85521,5.452997207641602,1,2BNR_ABC_DE
2BNR_HA70A,1.6957166,0.5772051811218262,1,2BNR_ABC_DE
2BNR_QA72A,-0.096284665,1.0288610458374023,1,2BNR_ABC_DE
2BNR_TA73A,1.2850602,4.534958839416504,1,2BNR_ABC_DE
2BNR_HA74A,0.97532517,0.02267169952392578,1,2BNR_ABC_DE
2BNR_RA75A,0.53088915,4.491089344024658,1,2BNR_ABC_DE
2BNR_VA76A,0.6720904,3.4425930976867676,1,2BNR_ABC_DE
2BNR_TA80A,0.53540593,1.273613691329956,1,2BNR_ABC_DE
2BNR_KA146A,0.6243712,3.0907955169677734,1,2BNR_ABC_DE
2BNR_AA149G,0.01823073,7.397629737854004,1,2BNR_ABC_DE
2BNR_AA150G,0.7368884,6.402010917663574,1,2BNR_ABC_DE
2BNR_HA151A,0.53315187,0.9259958267211914,1,2BNR_ABC_DE
2BNR_VA152A,0.9033096,1.6645228862762451,1,2BNR_ABC_DE
2BNR_EA154A,0.01823073,-1.264857530593872,1,2BNR_ABC_DE
2BNR_QA155A,0.23276629,1.1889898777008057,1,2BNR_ABC_DE
2BNR_TA163A,0.45864728,2.7936577796936035,1,2BNR_ABC_DE
2BNR_CC9V,-0.5019833,-0.44346141815185547,1,2BNR_ABC_DE
2BTF_FP59A,1.5957407,,1,2BTF_A_P
2BTF_VP60E,0.9787292,,1,2BTF_A_P
2BTF_GP120F,1.7209312,,1,2BTF_A_P
2BTF_KP125A,0.460056,,1,2BTF_A_P
2C0L_NA48A,0.68775064,3.366663932800293,1,2C0L_A_B
2C0L_QA239R,1.4865077,10.510750770568848,1,2C0L_A_B
2C0L_SA242Y,0.27367947,8.469903945922852,1,2C0L_A_B
2C5D_GC6S,0.09897152,0.33561038970947266,1,2C5D_A_C
2C5D_DC61G,-0.5037813,0.5283775329589844,1,2C5D_A_C
2C5D_VC66A,-0.59932494,-0.013917922973632812,1,2C5D_A_C
2C5D_GC101R,-0.01823073,0.11748862266540527,1,2C5D_A_C
"2C5D_GC6S,DC61G",-0.5295442,0.45244789123535156,2,2C5D_A_C
"2C5D_GC6S,VC66A",-0.8469959,0.16930687427520752,2,2C5D_A_C
"2C5D_GC6S,GC101R",0.03486017,0.23064935207366943,2,2C5D_A_C
"2C5D_DC61G,GC101R",-0.561089,0.315584659576416,2,2C5D_A_C
"2C5D_VC66A,GC101R",-0.6562856,0.047200560569763184,2,2C5D_A_C
"2C5D_DC61G,VC66A",-1.0403702,0.2073289155960083,2,2C5D_A_C
"2C5D_DC61G,VC66A,GC101R",-0.8699324,0.16969704627990723,3,2C5D_A_C
"2C5D_GC6S,VC66A,GC101R",-0.7966971,0.1515026092529297,3,2C5D_A_C
"2C5D_GC6S,DC61G,GC101R",-0.5519035,0.33849302927652997,3,2C5D_A_C
"2C5D_GC6S,DC61G,VC66R",-1.2355708,0.8091434637705485,3,2C5D_A_C
"2C5D_GC6S,DC61G,VC66R,GC101R",-1.4830588,0.6260771751403809,4,2C5D_A_C
"2C5D_EC33R,TC51R",6.113514,2.4299236536026,2,2C5D_A_C
"2C5D_TA26D,TB26D",0.72502816,-0.3566439151763916,2,2C5D_AB_CD
"2C5D_RA32E,RB32E",1.7124065,-0.026015043258666992,2,2C5D_AB_CD
"2C5D_KA34E,KB34E",1.9482203,-0.9908554553985596,2,2C5D_AB_CD
"2C5D_RA32E,KA34E,RB32E,KA34E",3.9603114,-0.6073830127716064,4,2C5D_AB_CD
"2C5D_AA126V,AB126V",0.7588918,3.6953136920928955,2,2C5D_AB_CD
"2C5D_FA207A,FB207A",0.19934364,2.5029648542404175,2,2C5D_AB_CD
"2C5D_QC28R,QD28R",0.09132688,0.7561334371566772,2,2C5D_AB_CD
"2C5D_EC30R,ED30R",0.30263966,-0.4096037745475769,2,2C5D_AB_CD
"2C5D_EC33R,ED33R",1.6548417,0.34945976734161377,2,2C5D_AB_CD
"2C5D_EC30R,EC33R,ED30R,EC33R",1.8489807,-0.025279223918914795,4,2C5D_AB_CD
"2C5D_TC51R,TD51R",2.3390203,4.553327560424805,2,2C5D_AB_CD
"2C5D_QC96R,QD96R",0.30263966,1.204067587852478,2,2C5D_AB_CD
"2C5D_LC105E,LD105E",0.24021861,9.138379573822021,2,2C5D_AB_CD
"2C5D_KC178E,KD178E",0.7422019,2.285173535346985,2,2C5D_AB_CD
"2C5D_TC182E,TD182E",0.7422019,2.3795480728149414,2,2C5D_AB_CD
"2C5D_FA207A,FB207A",0.54285824,2.502966284751892,2,2C5D_AB_CD
"2C5D_FA209A,FB209A",1.0615314,5.894913196563721,2,2C5D_AB_CD
"2C5D_WA238F,WB238F",0.9824205,-2.6241097450256348,2,2C5D_AB_CD
"2C5D_LA324A,LB324A",2.0344725,3.8962161540985107,2,2C5D_AB_CD
"2C5D_YA364A,YB364A",0.9824205,2.8711938858032227,2,2C5D_AB_CD
"2CCL_AB48S,AB49T",-0.07970309,-0.13931483030319214,2,2CCL_A_B
2DSQ_RI20A,0.061131705,4.196182727813721,1,2DSQ_I_G
2DSQ_RI35A,0.6104088,1.6359844207763672,1,2DSQ_I_G
2DSQ_RI40A,-0.087760024,-0.871070146560669,1,2DSQ_I_G
2DSQ_RI41A,0.088868566,2.321629285812378,1,2DSQ_I_G
2DVW_RB7A,0.69360554,0.2969546318054199,1,2DVW_A_B
"2DVW_RB3A,RB7A",2.1533782,2.0943363904953003,2,2DVW_A_B
"2DVW_RB3A,RB4A,RB7A",2.7901468,1.6864921649297078,3,2DVW_A_B
"2DVW_EB21A,EB22A",0.038346004,-0.49537980556488037,2,2DVW_A_B
2DVW_KB62E,0.20547402,0.4028005599975586,1,2DVW_A_B
2DVW_RA39A,0.91062415,2.817648410797119,1,2DVW_A_B
2DVW_KA114A,0.03420586,5.084447860717773,1,2DVW_A_B
"2DVW_DA37A,DA69A",0.19162223,2.806640625,2,2DVW_A_B
"2DVW_RA39A,KA114A",2.3625965,3.9285329580307007,2,2DVW_A_B
2DVW_EA180A,0.4381773,1.9749970436096191,1,2DVW_A_B
2E7L_FQ5R,3.0598876,0.4128894805908203,1,2E7L_EQ_AD
2FTL_TI11A,4.092513,,1,2FTL_E_I
2FTL_GI12A,4.3927784,,1,2FTL_E_I
2FTL_PI13A,4.092513,,1,2FTL_E_I
2FTL_KI15A,10.159198,,1,2FTL_E_I
2FTL_RI17A,4.092513,,1,2FTL_E_I
2FTL_II18A,5.021843,,1,2FTL_E_I
2FTL_II19A,4.092513,,1,2FTL_E_I
2FTL_RI20A,4.092513,,1,2FTL_E_I
2FTL_FI33A,4.092513,,1,2FTL_E_I
2FTL_VI34A,4.092513,,1,2FTL_E_I
2FTL_YI35A,4.092513,,1,2FTL_E_I
2FTL_GI36A,4.942732,,1,2FTL_E_I
2FTL_GI37A,4.092513,,1,2FTL_E_I
2FTL_RI39A,4.092513,,1,2FTL_E_I
2FTL_KI46A,4.092513,,1,2FTL_E_I
2FTL_KI15G,12.352226,,1,2FTL_E_I
2FTL_KI15A,10.638931,,1,2FTL_E_I
2FTL_KI15S,7.7239184,,1,2FTL_E_I
2FTL_KI15V,11.756444,,1,2FTL_E_I
2FTL_KI15T,10.597484,,1,2FTL_E_I
2FTL_KI15D,11.502718,,1,2FTL_E_I
2FTL_KI15N,8.033105,,1,2FTL_E_I
2FTL_KI15M,7.6923733,,1,2FTL_E_I
2FTL_KI15I,11.171452,,1,2FTL_E_I
2FTL_KI15L,8.864103,,1,2FTL_E_I
2FTL_KI15E,9.424007,,1,2FTL_E_I
2FTL_KI15Q,9.370644,,1,2FTL_E_I
2FTL_KI15H,8.781781,,1,2FTL_E_I
2FTL_KI15R,-0.5824392,,1,2FTL_E_I
2FTL_KI15F,7.0272107,,1,2FTL_E_I
2FTL_KI15Y,6.85701,,1,2FTL_E_I
2FTL_KI15W,8.664119,,1,2FTL_E_I
2G2U_EB31A,0.65087503,0.585619330406189,1,2G2U_A_B
2G2U_SB35A,-0.950899,-2.1140942573547363,1,2G2U_A_B
2G2U_FB36A,2.7639508,9.80383586883545,1,2G2U_A_B
2G2U_SB39A,-0.95614195,-0.0359804630279541,1,2G2U_A_B
2G2U_HB41A,1.7170486,1.4496670961380005,1,2G2U_A_B
2G2U_GB48A,-0.4265978,2.047121524810791,1,2G2U_A_B
2G2U_YB50A,-2.0757222,5.001465797424316,1,2G2U_A_B
2G2U_YB51A,-0.6287488,4.061985492706299,1,2G2U_A_B
2G2U_YB53A,2.3017445,7.310054779052734,1,2G2U_A_B
2G2U_SB71A,-0.5122073,-0.6469231843948364,1,2G2U_A_B
2G2U_EB73A,-1.9794375,6.7162933349609375,1,2G2U_A_B
2G2U_KB74A,-0.21733521,4.322923183441162,1,2G2U_A_B
2G2U_WB112A,0.9587346,2.196277618408203,1,2G2U_A_B
2G2U_SB113A,-0.6123115,2.9922101497650146,1,2G2U_A_B
2G2U_GB141A,-0.41381058,-1.6559784412384033,1,2G2U_A_B
2G2U_FB142A,0.2758273,7.258687973022461,1,2G2U_A_B
2G2U_YB143A,-1.8472356,1.1946028470993042,1,2G2U_A_B
2G2U_RB144A,-0.3423922,0.3988380432128906,1,2G2U_A_B
2G2U_HB148A,1.1189506,1.267017126083374,1,2G2U_A_B
2G2U_WB150A,1.7852217,11.584424018859863,1,2G2U_A_B
2G2U_RB160A,0.66979384,0.3326479196548462,1,2G2U_A_B
2G2U_WB162A,0.53121006,-0.14620447158813477,1,2G2U_A_B
"2G2U_EB73A,YB50A",-2.452515,5.760297536849976,2,2G2U_A_B
"2G2U_YB50A,YB143A",-2.0757222,3.06257301568985,2,2G2U_A_B
"2G2U_EB73A,YB143A",-1.8355035,3.939228355884552,2,2G2U_A_B
"2G2U_WB112A,YB143A",-0.40960875,1.6834619641304016,2,2G2U_A_B
"2G2U_WB150A,YB143A",0.98912334,6.4239813685417175,2,2G2U_A_B
"2G2U_EB73M,FB142W,YB143F",-1.1080924,3.5695637464523315,3,2G2U_A_B
"2G2U_EB73M,SB130K,FB142W,YB143F,SB146M",-2.9318337,2.0794660806655885,5,2G2U_A_B
"2G2U_EB73M,SB130K,FB142W,YB143F",-2.0164256,2.4503144323825836,4,2G2U_A_B
"2G2U_EB73M,YB143F",-1.592455,3.9894391894340515,2,2G2U_A_B
2G2U_EB73M,-3.5360348,7.005030632019043,1,2G2U_A_B
2G2U_SB130K,-1.4694387,-1.5193493366241455,1,2G2U_A_B
"2G2U_EB73M,SB130K",-2.8094246,2.817875385284424,2,2G2U_A_B
"2G2U_EB73M,SB130K,SB146M",-3.5096993,2.1171032587687173,3,2G2U_A_B
2G2U_DA79K,-0.45288712,1.1653804779052734,1,2G2U_A_B
2G2U_DA79A,-1.5434517,-2.4936375617980957,1,2G2U_A_B
2G2U_DA79E,-4.384282,-3.2080836296081543,1,2G2U_A_B
2G2U_DA79K,-0.67096007,1.165381908416748,1,2G2U_A_B
2G2U_EB73M,-2.4665775,7.005025386810303,1,2G2U_A_B
"2G2U_EB73M,KB74A",0.47307748,5.470764398574829,2,2G2U_A_B
"2G2U_EB73M,FB142A",0.32206604,7.167981386184692,2,2G2U_A_B
"2G2U_EB73M,KB74A,FB142A",1.4830588,6.032991091410319,3,2G2U_A_B
"2G2U_DA79A,EB73M",-2.147248,2.2556939125061035,2,2G2U_A_B
"2G2U_DA79A,EB73M,KB74A",-1.5569682,2.8159637451171875,3,2G2U_A_B
"2G2U_DA79A,EB73M,FB142A",-0.69175,3.9474430084228516,3,2G2U_A_B
"2G2U_DA79A,EB73M,KB74A,FB142A",-0.9873783,3.901333212852478,4,2G2U_A_B
2G2W_KA79D,0.45288712,-0.6155414581298828,1,2G2W_A_B
2GOX_RB31A,2.24674,0.6242773532867432,1,2GOX_A_B
2GOX_NB38A,1.5695295,9.5308837890625,1,2GOX_A_B
2GOX_RB31A,1.5196093,0.6242773532867432,1,2GOX_A_B
2GOX_NB38A,1.3337823,9.530885696411133,1,2GOX_A_B
2GYK_AA49D,-5.9181285,-1.9940345287322998,1,2GYK_A_B
2HLE_KA141Q,-0.41065642,3.7971694469451904,1,2HLE_A_B
2HLE_LA87R,2.287297,-1.7726037502288818,1,2HLE_A_B
2HRK_TB55V,0.62420064,-0.0496525764465332,1,2HRK_A_B
2HRK_TA108V,0.7210697,1.4360265731811523,1,2HRK_A_B
2HRK_KA140A,0.9535147,1.9997817277908325,1,2HRK_A_B
2I26_AN29V,0.030388813,1.6065869331359863,1,2I26_N_L
2I26_SN60R,-0.6264406,0.7722201347351074,1,2I26_N_L
2J0T_VD4A,0.0,3.8524978160858154,1,2J0T_A_D
2J0T_VD4I,1.6426257,0.04623913764953613,1,2J0T_A_D
2J0T_VD4K,1.8245233,2.7141940593719482,1,2J0T_A_D
2J0T_VD4S,0.9824205,2.386301279067993,1,2J0T_A_D
2J0T_SD68A,2.106373,1.3316134214401245,1,2J0T_A_D
2J0T_SD68E,2.185484,1.600549340248108,1,2J0T_A_D
2J0T_SD68R,2.836359,5.102560043334961,1,2J0T_A_D
2J0T_SD68Y,2.9783537,9.697139739990234,1,2J0T_A_D
2J0T_TD2L,2.6821537,3.652149200439453,1,2J0T_A_D
"2J0T_TD2L,VD4S",3.470544,2.8957282304763794,2,2J0T_A_D
"2J0T_TD2L,VD4S,SD68A",5.286247,2.3663467168807983,3,2J0T_A_D
2J0T_TD2R,5.046028,3.5058045387268066,1,2J0T_A_D
2J0T_TD2S,1.5944324,3.019408702850342,1,2J0T_A_D
"2J0T_TD2S,VD4A",1.2502,3.4454336166381836,2,2J0T_A_D
"2J0T_TD2S,VD4A,SD68Y",2.147248,5.536777098973592,3,2J0T_A_D
"2J0T_CD1S,FD12Y",4.20053,-0.4564168453216553,2,2J0T_A_D
2J0T_TD2A,4.289029,4.50840950012207,1,2J0T_A_D
2J0T_MD66A,1.6426257,-0.1995995044708252,1,2J0T_A_D
2J0T_VD69I,0.790924,2.380378484725952,1,2J0T_A_D
2J0T_VD69T,1.2884359,-0.7779637575149536,1,2J0T_A_D
"2J0T_VD69A,AD103V",0.70132697,0.08250248432159424,2,2J0T_A_D
2J0T_CD70S,4.308547,-0.2859954833984375,1,2J0T_A_D
2J12_SA116A,0.9535147,-0.05177426338195801,1,2J12_A_B
2J1K_RC155A,0.051550064,1.4190864562988281,1,2J1K_C_T
2J1K_GC10D,0.1837519,-2.5755462646484375,1,2J1K_C_T
2J1K_RC24A,0.76484615,5.273809432983398,1,2J1K_C_T
2J8U_AA66K,-0.72839123,8.032855033874512,1,2J8U_ABC_EF
2J8U_AA66K,-1.1528584,8.032855987548828,1,2J8U_ABC_EF
2JCC_AA167W,-0.298805,-3.4358246326446533,1,2JCC_ABC_EF
2JEL_FP2Y,0.0,-1.1911168098449707,1,2JEL_LH_P
2JEL_FP2W,2.6203253,-1.4488295316696167,1,2JEL_LH_P
2JEL_QP3K,4.092513,-0.4687366485595703,1,2JEL_LH_P
2JEL_QP4K,1.3641711,0.8161348104476929,1,2JEL_LH_P
2JEL_EP5D,0.41065642,0.7593753337860107,1,2JEL_LH_P
2JEL_EP5Q,0.71329606,0.23160183429718018,1,2JEL_LH_P
2JEL_VP6F,0.0,5.660781383514404,1,2JEL_LH_P
2JEL_TP7N,0.41065642,5.335245132446289,1,2JEL_LH_P
2JEL_TP7S,0.0,3.098026752471924,1,2JEL_LH_P
2JEL_PP11E,0.0,5.839188098907471,1,2JEL_LH_P
2JEL_NP12D,0.0,0.2733187675476074,1,2JEL_LH_P
2JEL_RP17G,0.0,0.7949597835540771,1,2JEL_LH_P
2JEL_RP17K,0.0,-0.023700952529907227,1,2JEL_LH_P
2JEL_KP24E,0.0,-1.4484925270080566,1,2JEL_LH_P
2JEL_KP27E,0.0,0.08237564563751221,1,2JEL_LH_P
2JEL_TP34N,6.8208556,4.784524440765381,1,2JEL_LH_P
2JEL_TP34Q,0.0,6.468621730804443,1,2JEL_LH_P
2JEL_TP36Q,0.41065642,3.6457982063293457,1,2JEL_LH_P
2JEL_NP38T,0.0,4.306936740875244,1,2JEL_LH_P
2JEL_SP41C,1.4963729,8.129996299743652,1,2JEL_LH_P
2JEL_SP43C,0.0,7.003236293792725,1,2JEL_LH_P
2JEL_SP46C,0.0,5.650134563446045,1,2JEL_LH_P
2JEL_QP57E,-0.41065642,-0.7234542369842529,1,2JEL_LH_P
2JEL_TP62N,0.0,2.7841076850891113,1,2JEL_LH_P
2JEL_TP62A,0.0,5.351451396942139,1,2JEL_LH_P
2JEL_SP64T,4.092513,4.33173131942749,1,2JEL_LH_P
2JEL_EP66K,4.092513,0.3629484176635742,1,2JEL_LH_P
2JEL_EP68A,0.41065642,0.6028289794921875,1,2JEL_LH_P
2JEL_DP69E,0.9535147,5.749843597412109,1,2JEL_LH_P
2JEL_EP70K,4.092513,9.220208168029785,1,2JEL_LH_P
2JEL_EP70A,2.7283423,7.777369976043701,1,2JEL_LH_P
2JEL_QP71E,2.7283423,1.2636418342590332,1,2JEL_LH_P
2JEL_KP72R,0.0,1.3520125150680542,1,2JEL_LH_P
2JEL_KP72E,0.41065642,0.708137035369873,1,2JEL_LH_P
2JEL_EP75R,2.7283423,1.786522626876831,1,2JEL_LH_P
2JEL_HP76D,-0.65087503,4.081230640411377,1,2JEL_LH_P
2JEL_HP76A,-0.41065642,-1.7239892482757568,1,2JEL_LH_P
2JEL_KP79E,0.41065642,0.2695279121398926,1,2JEL_LH_P
2JEL_AP82S,0.0,-0.7456073760986328,1,2JEL_LH_P
2JEL_EP83A,0.0,2.7414932250976562,1,2JEL_LH_P
2JEL_EP85Q,0.0,0.886106014251709,1,2JEL_LH_P
2JEL_EP85D,0.0,-0.3247108459472656,1,2JEL_LH_P
2JEL_EP85A,0.0,1.4141974449157715,1,2JEL_LH_P
2JEL_EP85K,0.0,-0.1479625701904297,1,2JEL_LH_P
2KSO_KA10D,0.33154547,-0.3194115161895752,1,2KSO_A_B
2KSO_KA49D,1.3409348,1.4953649044036865,1,2KSO_A_B
2KSO_KA49E,1.3409348,0.2765381336212158,1,2KSO_A_B
"2KSO_KA10D,DB25K",0.38742003,0.5788481831550598,2,2KSO_A_B
"2KSO_KA10E,EB27K",0.6432304,0.3734370470046997,2,2KSO_A_B
"2KSO_KA49D,DB36K",0.17610726,1.294695258140564,2,2KSO_A_B
2KSO_RA43E,-0.6623793,0.5606369972229004,1,2KSO_A_B
"2KSO_RA43E,HB20R",-0.82131284,-1.2213659286499023,2,2KSO_A_B
"2KSO_RA43E,HB20E",0.45456183,-1.1563000679016113,2,2KSO_A_B
2KSO_HB20E,-0.15543823,-2.873236656188965,1,2KSO_A_B
"2NOJ_RB24A,NB31A",0.74867684,4.978509962558746,2,2NOJ_A_B
2NU0_WI13L,-1.865208,1.007556676864624,1,2NU0_E_I
2NU1_HI13L,-1.7138757,-2.5618233680725098,1,2NU1_E_I
2NU2_RI13L,-3.3669553,-1.662723422050476,1,2NU2_E_I
2NU4_KI13L,-3.182076,-3.341370105743408,1,2NU4_E_I
"2NY7_WG13M,SG92T,WG181S,MG231A,CG14W,CG110V,CG27I,CG226Q",-0.30372572,5.13858637213707,8,2NY7_HL_G
"2NY7_WG13M,MG231A,CG14W,CG110V,CG27I,CG226Q",0.44924834,5.911191662152608,6,2NY7_HL_G
"2NY7_KG66C,EG103C,WG13M,MG231A,CG14W,CG110V,CG27I,CG226Q",0.30002972,5.607017487287521,8,2NY7_HL_G
"2NY7_WG13M,MG231A,CG14W,CG110V",1.1579517,4.968733847141266,4,2NY7_HL_G
"2NY7_KG66C,EG102C,WG13M,MG231A,CG14W,CG110V,CG27I,CG226Q",0.39998132,5.514348417520523,8,2NY7_HL_G
"2NY7_GG229C,WG13M,MG231A,CG14W,CG110V,CG27I,CG226Q",0.21472095,6.204365287508283,7,2NY7_HL_G
"2NY7_CG27I,CG226Q,MG231A",0.2032833,5.9786317348480225,3,2NY7_HL_G
"2NY7_CG27I,CG226Q",0.1998085,7.581401109695435,2,2NY7_HL_G
"2NY7_WG13M,MG231A,CG14W,CG110V,KG66C,EG102C",0.55126196,4.7377662261327105,6,2NY7_HL_G
"2NY7_KG66C,EG102C,CG27I,CG226Q",0.04087496,5.912975788116455,4,2NY7_HL_G
"2NY7_GG229C,MG231A",-0.37896696,4.7310484647750854,2,2NY7_HL_G
2NYY_SA874A,-0.2319818,0.4637625217437744,1,2NYY_DC_A
2NYY_KA875A,0.29308376,0.16487646102905273,1,2NYY_DC_A
2NYY_QA887A,0.52456826,-0.7652115821838379,1,2NYY_DC_A
2NYY_FA889A,0.42238852,-0.3734149932861328,1,2NYY_DC_A
2NYY_NA890A,0.89685833,1.0062785148620605,1,2NYY_DC_A
2NYY_LA891A,2.6078725,0.3499116897583008,1,2NYY_DC_A
2NYY_EA892A,2.8595953,0.1891765594482422,1,2NYY_DC_A
2NYY_KA895A,-0.14115594,0.44376087188720703,1,2NYY_DC_A
2NYY_FA925A,4.0877547,-0.11826801300048828,1,2NYY_DC_A
2NYY_NA926A,0.10006427,0.7528724670410156,1,2NYY_DC_A
2NYY_SA927A,0.0,0.44892144203186035,1,2NYY_DC_A
2NYY_IA928A,-0.009555885,0.43354153633117676,1,2NYY_DC_A
2NYY_KA1028A,-0.029142858,0.2784707546234131,1,2NYY_DC_A
2NYY_DA1030A,0.009404197,0.09214663505554199,1,2NYY_DC_A
2NYY_RA1033A,0.8260336,-0.2991969585418701,1,2NYY_DC_A
2NYY_DA1034A,2.5480273,0.5777356624603271,1,2NYY_DC_A
2NYY_TA1035A,1.6426257,-0.04038643836975098,1,2NYY_DC_A
2NYY_HA1036A,7.3721843,-1.3627901077270508,1,2NYY_DC_A
2NYY_RA1266A,0.30169097,-0.3713350296020508,1,2NYY_DC_A
2NYY_MD33Q,-0.06030136,1.255936622619629,1,2NYY_DC_A
2NYY_KD29R,0.07190048,0.3001987934112549,1,2NYY_DC_A
2NYY_YD30D,0.06509061,1.8136756420135498,1,2NYY_DC_A
2NYY_YD30Q,0.12990403,4.008976459503174,1,2NYY_DC_A
2NYY_YD56Q,0.52343184,-2.408942937850952,1,2NYY_DC_A
2NYY_SC28Q,0.41636226,3.1108946800231934,1,2NYY_DC_A
2NYY_DC30Y,0.6457566,2.5852231979370117,1,2NYY_DC_A
2NYY_SC31N,-0.35592967,1.311981201171875,1,2NYY_DC_A
2NYY_HC34R,0.10161182,-0.6198394298553467,1,2NYY_DC_A
2NYY_VD36I,-0.21470793,0.121310293674469,1,2NYY_DC_A
2NYY_ED5Q,-0.24977449,-0.7566366195678711,1,2NYY_DC_A
"2NYY_VD36I,ED5Q",-0.0493996,-0.3170616030693054,2,2NYY_DC_A
"2NYY_KD29S,YD30D,DD31H,SD60P",0.049968082,2.4617369771003723,4,2NYY_DC_A
2NZ9_SA874A,-0.12034162,0.28534841537475586,1,2NZ9_DC_A
2NZ9_KA875A,0.5445982,-0.08571124076843262,1,2NZ9_DC_A
2NZ9_QA887A,0.099975966,-0.45935702323913574,1,2NZ9_DC_A
2NZ9_FA889A,-0.049968082,-0.1825881004333496,1,2NZ9_DC_A
2NZ9_NA890A,2.1756003,1.3214569091796875,1,2NZ9_DC_A
2NZ9_LA891A,2.2963977,0.607623815536499,1,2NZ9_DC_A
2NZ9_EA892A,2.7903275,0.1465916633605957,1,2NZ9_DC_A
2NZ9_KA895A,-0.30191407,0.3409843444824219,1,2NZ9_DC_A
2NZ9_FA925A,3.3645155,-0.16065287590026855,1,2NZ9_DC_A
2NZ9_NA926A,-0.15326409,1.0704402923583984,1,2NZ9_DC_A
2NZ9_SA927A,-0.079110935,0.2498610019683838,1,2NZ9_DC_A
2NZ9_IA928A,0.0697808,0.5926973819732666,1,2NZ9_DC_A
2NZ9_KA1028A,-0.008777227,0.9148542881011963,1,2NZ9_DC_A
2NZ9_DA1030A,-0.031306632,0.45313024520874023,1,2NZ9_DC_A
2NZ9_RA1033A,0.2929775,-0.2802846431732178,1,2NZ9_DC_A
2NZ9_DA1034A,2.356466,0.22033953666687012,1,2NZ9_DC_A
2NZ9_TA1035A,2.3874667,-0.10647940635681152,1,2NZ9_DC_A
2NZ9_HA1036A,7.473181,-1.3959500789642334,1,2NZ9_DC_A
2NZ9_RA1266A,0.39296997,-0.058484554290771484,1,2NZ9_DC_A
"2NZ9_SD29K,DD30Y,HD31D",-0.049968082,1.3133551279703777,3,2NZ9_DC_A
2O3B_EB24A,5.474915,4.118668079376221,1,2O3B_A_B
2O3B_EB24D,0.59932494,1.3316996097564697,1,2O3B_A_B
2O3B_EB24Q,5.3983636,0.9270369410514832,1,2O3B_A_B
2O3B_QB74A,3.2329645,3.511559009552002,1,2O3B_A_B
2O3B_DB75E,5.437875,-0.07580840587615967,1,2O3B_A_B
2O3B_DB75N,5.903258,2.1523966789245605,1,2O3B_A_B
2O3B_WB76A,4.073704,8.747307777404785,1,2O3B_A_B
"2O3B_QB74A,WB76A",5.7556095,6.196149587631226,2,2O3B_A_B
2OI9_FQ5R,3.1007626,5.804052352905273,1,2OI9_AQ_BC
2OOB_KA7E,-0.17829986,5.784300327301025,1,2OOB_A_B
"2OOB_AA6S,KA7E",0.1611608,3.538372755050659,2,2OOB_A_B
2OOB_AA9E,3.1033604,7.80839729309082,1,2OOB_A_B
2OOB_GA13S,0.23536395,0.6420866250991821,1,2OOB_A_B
"2OOB_AA9E,GA13S",3.1033604,4.1496312618255615,2,2OOB_A_B
"2OOB_AA6S,KA7E,AA9E,GA13S",3.1033604,3.953883543610573,4,2OOB_A_B
"2OOB_IA27E,IA38E",0.2842834,6.341368317604065,2,2OOB_A_B
"2P5E_TD52P,PD53F,AE49S,IE50V,QE51G,TE52M,LD96T,LD97S,DD98G,TD100S,LE94V",1.9627051,4.996625970710408,11,2P5E_ABC_DE
"2P5E_TD52Q,PD53S,WD54S,AE49G,IE50A,QE51G",4.409873,4.987114906311035,6,2P5E_ABC_DE
"2P5E_TD52Q,PD53S,WD54S,AE49G,IE50A,QE51G,TE52I,LD96T,LD97S,DD98G,TD100S,LE94V",7.955882,4.646984209616979,12,2P5E_ABC_DE
"2P5E_YD32D,TD52Q,PD53S,WD54S,AE49G,IE50A,QE51G,TE52I,LD96T,LD97S,DD98G,TD100S,LE94V",7.7780848,4.719544603274419,13,2P5E_ABC_DE
2P5E_YD32D,7.607647,6.057656288146973,1,2P5E_ABC_DE
2PCB_EA291Q,-0.056525953,2.4214422702789307,1,2PCB_A_B
2PCB_EA32Q,0.60575306,1.5628137588500977,1,2PCB_A_B
2PCB_EA35Q,0.6760073,0.9608120918273926,1,2PCB_A_B
2PCB_AA193F,0.73367727,2.3614721298217773,1,2PCB_A_B
2PCB_DA34N,0.82131284,-1.0850310325622559,1,2PCB_A_B
2PCB_EA290N,0.8710086,1.902309775352478,1,2PCB_A_B
2PCC_DA34A,-0.897048,-1.0292809009552002,1,2PCC_A_B
2PCC_VA197A,2.1026816,6.191372871398926,1,2PCC_A_B
2PCC_EA290A,6.2025547,1.210253119468689,1,2PCC_A_B
2PCC_KB92A,0.90187097,2.388385772705078,1,2PCC_A_B
"2PCC_KB92A,DA34A",0.2030121,0.6795532703399658,2,2PCC_A_B
"2PCC_KB92A,VA197A",1.5015024,4.289878606796265,2,2PCC_A_B
2PCC_KB77A,0.30366912,2.1640143394470215,1,2PCC_A_B
"2PCC_KB77A,VA197A",2.8009782,4.177693128585815,2,2PCC_A_B
"2PCC_KB77A,EA290A",1.1021774,1.687133014202118,2,2PCC_A_B
2PCC_AB86G,1.9018551,4.044543266296387,1,2PCC_A_B
"2PCC_AB86G,DA34A",-0.09780183,1.5076320171356201,2,2PCC_A_B
"2PCC_AB86G,VA197A",2.1026816,5.117957353591919,2,2PCC_A_B
"2PYE_QD52T,SD53P,SD54W,GE50A,AE51I,GE52Q",-4.409873,6.7763117750485735,6,2PYE_ABC_DE
"2PYE_QD52P,SD53F,SD54W,GE50S,AE51V,TE53M,LD96T,LD97S,DD98G,TD100S,LE95V",-2.4471679,4.264350121671503,11,2PYE_ABC_DE
"2PYE_TE53I,LD96T,LD97S,DD98G,TD100S,LE95V",3.5460093,3.69294011592865,6,2PYE_ABC_DE
"2PYE_YD32D,TE53I,LD96T,LD97S,DD98G,TD100S,LE95V",3.3682115,3.64564916065761,7,2PYE_ABC_DE
"2PYE_YD32D,QD52T,SD53P,SD54W,GE50A,AE51I,GE52Q",3.1977737,6.313058001654489,7,2PYE_ABC_DE
"2QJ9_RC57K,TC59S,IC61K,PC62A,HC63Q,QC64L,SC67T",-0.72998595,0.3797475780759539,7,2QJ9_AB_C
"2QJ9_AC43T,MC47L,KC48G,YC49L",-0.46220648,-0.3083997964859009,4,2QJ9_AB_C
"2QJ9_AC43T,MC47L,KC48G,YC49L,GC11H,DC15E,AC30T,IC31M",0.42287236,0.9296635389328003,8,2QJ9_AB_C
"2QJA_TC43A,LC47M,GC48K,LC49Y",0.46220648,2.5050819516181946,4,2QJA_AB_C
"2QJA_RC57K,TC59S,IC61K,PC62A,HC63Q,QC64L,SC67T,TC43A,LC47M,GC48K,LC49Y",-0.26777947,0.9903109723871405,11,2QJA_AB_C
"2QJA_GC11H,DC15E,AC30T,IC31M",0.88507885,1.459766536951065,4,2QJA_AB_C
"2QJB_HC11G,EC15D,TC30A,MC31I",-0.88507885,1.1502776443958282,4,2QJB_AB_C
"2QJB_TC43A,LC47M,GC48K,LC49Y,HC11G,EC15D,TC30A,MC31I",-0.42287236,2.1315846145153046,8,2QJB_AB_C
"2QJB_RC57K,TC59S,IC61K,PC62A,HC63Q,QC64L,SC67T,TC43A,LC47M,GC48K,LC49Y,HC11G,EC15D,TC30A,MC31I",-1.1528584,1.485374633471171,15,2QJB_AB_C
2REX_LA70Y,0.5577501,7.257560729980469,1,2REX_A_B
2REX_YB97F,0.0,0.71666419506073,1,2REX_A_B
2SGP_PI13L,-8.445845,5.132111549377441,1,2SGP_E_I
2SGQ_QI13L,-2.603541,-1.9033160209655762,1,2SGQ_E_I
2SIC_MI67E,0.7960983,0.584038257598877,1,2SIC_E_I
2SIC_MI67D,0.7515321,0.369596004486084,1,2SIC_E_I
2SIC_MI67H,0.21785927,3.794983386993408,1,2SIC_E_I
2SIC_MI67K,0.0,1.3573899269104004,1,2SIC_E_I
2SIC_MI67R,0.0,1.092484474182129,1,2SIC_E_I
2SIC_MI67G,0.14522329,3.08463716506958,1,2SIC_E_I
2SIC_MI67A,0.21785927,0.1622486114501953,1,2SIC_E_I
2SIC_MI67L,-0.24021861,-6.839722633361816,1,2SIC_E_I
2SIC_MI67V,0.71329606,3.839909076690674,1,2SIC_E_I
2SIC_MI67I,1.6043897,2.552643299102783,1,2SIC_E_I
2UWE_AA163T,0.40431997,8.4962739944458,1,2UWE_ABC_EF
2VIR_SC115L,3.6818569,10.667835235595703,1,2VIR_AB_C
2VIR_TC89I,4.913826,6.0431227684021,1,2VIR_AB_C
2VIS_IC89T,-4.913826,-5.1254143714904785,1,2VIS_AB_C
2VLN_AB75N,-2.335586,8.680119514465332,1,2VLN_A_B
2VLO_AB95K,-1.9605148,-5.516673564910889,1,2VLO_A_B
2VLP_AB54R,-1.6664472,1.3615307807922363,1,2VLP_A_B
2VLQ_AB86F,-3.880681,-3.028907537460327,1,2VLQ_A_B
2VLR_AE95S,0.035205524,1.5989279747009277,1,2VLR_ABC_DE
2VLR_AE95S,0.0,1.5989274978637695,1,2VLR_ABC_DE
"2VN5_SB42A,TB43F",0.25581035,1.5492740869522095,2,2VN5_A_B
"2VN5_SB42A,TB43F,TA35A",0.30382338,0.39231709639231366,3,2VN5_A_B
"2VN5_SB42A,TB43F,NA37A",1.1865809,3.0170991023381553,3,2VN5_A_B
"2VN5_SB42A,TB43F,YA39A",1.2559173,4.918309688568115,3,2VN5_A_B
"2VN5_SB42A,TB43F,SA66A",-0.08797912,1.3327207962671916,3,2VN5_A_B
"2VN5_SB42A,TB43F,SA75A",0.0,1.181242307027181,3,2VN5_A_B
"2VN5_SB42A,TB43F,LA77A",3.1507308,4.69086480140686,3,2VN5_A_B
"2VN5_SB42A,TB43F,LA79A",2.8461518,2.9150121609369912,3,2VN5_A_B
"2VN5_SB42A,TB43F,NA81A",0.59282637,1.875030517578125,3,2VN5_A_B
"2VN5_SB42A,TB43F,IA83A",0.9193722,1.9662517309188843,3,2VN5_A_B
"2VN5_SB42A,TB43F,MA125G",1.5463411,1.70949391523997,3,2VN5_A_B
"2VN5_SB42A,TB43F,KA127G",0.5062001,2.8781913121541343,3,2VN5_A_B
"2VN5_SB42A,TB43F,TA35A,NA37A",1.6314118,1.8786130547523499,4,2VN5_A_B
"2VN5_SB42A,TB43F,TA35A,NA37A,YA39A",3.6477144,3.810818600654602,5,2VN5_A_B
"2VN5_SB42A,TB43F,TA35A,NA37A,NA81A",3.0598876,2.0024099111557008,5,2VN5_A_B
"2VN5_SB42A,TB43F,TA35A,NA37A,YA39A,NA81A",5.046028,3.5857097506523132,6,2VN5_A_B
"2VN5_SB42A,TB43F,SA66A,SA68A,SA75A",0.1369226,1.2170037508010865,5,2VN5_A_B
"2VN5_SB42A,TB43F,LA77A,LA79A",5.73883,4.949025064706802,4,2VN5_A_B
"2VN5_SB42A,TB43F,MA125G,KA127A",2.3420603,1.4096361100673676,4,2VN5_A_B
"2VN5_SB42A,TB43F,AB14S,LB15T",0.34823537,3.0645121037960052,4,2VN5_A_B
"2VN5_SB42A,TB43F,AB14Q,LB15Q",0.15086329,5.197516232728958,4,2VN5_A_B
"2VN5_AB14S,LB15T",1.276192,4.4063332080841064,2,2VN5_A_B
"2VN5_SB42Q,TB43Q",0.93912244,1.4126168489456177,2,2VN5_A_B
"2VN5_SB42A,TB43F,FB17A,LB45A",4.963522,4.894553601741791,4,2VN5_A_B
2WPT_DA30L,-3.4034023,6.679356575012207,1,2WPT_A_B
2WPT_NA31V,-0.897048,-3.3432533740997314,1,2WPT_A_B
2WPT_RA35T,-1.038295,3.642673969268799,1,2WPT_A_B
2WPT_EA36H,0.038235974,4.626723766326904,1,2WPT_A_B
2WPT_RA39E,-0.37242046,5.5885138511657715,1,2WPT_A_B
"2WPT_NA31V,RA35T",-2.5882933,0.20172250270843506,2,2WPT_A_B
"2WPT_DA30L,NA31V,RA35T",-6.3360457,2.2877800464630127,3,2WPT_A_B
"2WPT_NA31V,RA35T,RA39E",-3.2329645,1.9962666829427083,3,2WPT_A_B
"2WPT_NA31V,RA35T,EA36H,RA39E",-2.9989495,1.8577171564102173,4,2WPT_A_B
2WPT_EA27A,1.7339525,1.3941364288330078,1,2WPT_A_B
2WPT_DA30A,-0.13220184,8.888016700744629,1,2WPT_A_B
2WPT_NA31A,-0.37987277,1.2399835586547852,1,2WPT_A_B
2WPT_VA34A,3.8093,4.648118019104004,1,2WPT_A_B
2WPT_RA35A,-1.110931,1.7682523727416992,1,2WPT_A_B
2WPT_EA38A,4.5031695,1.895919919013977,1,2WPT_A_B
2WPT_RA39A,-0.24021861,6.552083492279053,1,2WPT_A_B
2WPT_SA47A,2.4257026,1.0914922952651978,1,2WPT_A_B
2WPT_DA48A,5.216466,8.64925479888916,1,2WPT_A_B
2WPT_YA51A,5.216466,8.501405715942383,1,2WPT_A_B
2WPT_YA52A,5.216466,8.288996696472168,1,2WPT_A_B
2WPT_PA53A,2.9276857,6.564272403717041,1,2WPT_A_B
"2WPT_FB79A,DA30A",-0.13220184,6.296889781951904,2,2WPT_A_B
"2WPT_FB79A,NA31A",1.3522019,2.4728760719299316,2,2WPT_A_B
"2WPT_FB79A,VA34A",3.112753,4.176936626434326,2,2WPT_A_B
2WPT_RB47A,1.1343427,1.749696135520935,1,2WPT_A_B
2WPT_NB65A,0.91782534,10.73206901550293,1,2WPT_A_B
2WPT_SB67A,-0.8493079,-4.706832408905029,1,2WPT_A_B
2WPT_NB68A,1.2376387,-5.617417812347412,1,2WPT_A_B
2WPT_SB70A,-0.61164296,-1.708361029624939,1,2WPT_A_B
2WPT_SB71A,-0.14954314,-1.1433906555175781,1,2WPT_A_B
2WPT_SB77A,-0.09360993,-2.615722417831421,1,2WPT_A_B
2WPT_FB79A,1.1701808,3.7057623863220215,1,2WPT_A_B
2WPT_TB80A,0.52622044,1.1328125,1,2WPT_A_B
2WPT_QB85A,0.90013885,0.022608399391174316,1,2WPT_A_B
2WPT_KB90A,0.49740836,2.92722225189209,1,2WPT_A_B
2WPT_VB91A,0.11930191,-1.2036731243133545,1,2WPT_A_B
2WPT_RB47A,0.6100001,1.7497023344039917,1,2WPT_A_B
2WPT_NB65A,0.48480958,10.73205852508545,1,2WPT_A_B
2WPT_SB67A,0.58109426,-4.706832408905029,1,2WPT_A_B
2WPT_NB68A,1.2655585,-5.6174187660217285,1,2WPT_A_B
2WPT_SB70A,-0.30263966,-1.7083605527877808,1,2WPT_A_B
2WPT_SB71A,-0.04087496,-1.1433815956115723,1,2WPT_A_B
2WPT_SB77A,-0.04087496,-2.6157233715057373,1,2WPT_A_B
2WPT_FB79A,0.9455622,3.705758571624756,1,2WPT_A_B
2WPT_TB80A,0.22690453,1.1328001022338867,1,2WPT_A_B
2WPT_QB85A,-0.13220184,0.0226132869720459,1,2WPT_A_B
2WPT_KB90A,0.8012278,2.9272384643554688,1,2WPT_A_B
2WPT_VB91A,0.41065642,-1.203672170639038,1,2WPT_A_B
"2WPT_EA14Q,FA15L,KA17T,KA18T,RA21N,EA23D,GA24T,AA25S,TA26S,DA29E,DA30L,NA31V,RA35T,EA36H,RA39E,LA40M,DA45S,RA54K,DA55E,DA56G,RA57D,EA58D,EA62S,KA66N,EA67T,IA68V,EA70Q",-8.058495,2.683169075736293,27,2WPT_A_B
"2WPT_EA14Q,FA15L,KA17T,KA18T,RA21N,EA23D,GA24T,AA25S,TA26S",-0.06827136,3.299145950211419,9,2WPT_A_B
"2WPT_DA29E,DA30L,NA31V,RA35T,EA36H,RA39E,LA40M,DA45S,RA54K,DA55E,DA56G,RA57D,EA58D",-5.2018695,3.33410238302671,13,2WPT_A_B
"2WPT_DA29E,DA30L,NA31V,RA35T,EA36H,RA39E,LA40M",-6.3544655,3.763665420668466,7,2WPT_A_B
"2WPT_EA23D,GA24T,AA25S,TA26S,DA29E,DA30L,NA31V,RA35T,EA36H,RA39E,LA40M",-6.6354938,3.8216910037127407,11,2WPT_A_B
"2WPT_KA17T,KA18T,RA21N,EA23D,GA24T,AA25S,TA26S,DA29E,DA30L,NA31V,RA35T,EA36H,RA39E,LA40M",-8.267023,3.2659413048199246,14,2WPT_A_B
"2WPT_EA14Q,FA15L,KA17T,KA18T,RA21N,EA23D,GA24T,AA25S,TA26S,DA29E,DA30L,NA31V,RA35T,EA36H,RA39E,LA40M",-8.575867,3.2135538533329964,16,2WPT_A_B
"2WPT_EA14Q,FA15L,KA17T,KA18T,RA21N,EA23D,GA24T,AA25S,TA26S,DA29E,DA30L,NA31V,RA35T,EA36H,RA39E,LA40M,DA45S,RA54K,DA55E,DA56G,RA57D,EA58D",-7.9793835,3.101882203058763,22,2WPT_A_B
2WPT_DA30A,-1.4202045,8.888017654418945,1,2WPT_A_B
2WPT_FB79A,2.6683247,3.7057595252990723,1,2WPT_A_B
"2WPT_DA30A,FB79A",-0.16468582,6.296891927719116,2,2WPT_A_B
2WPT_NA31A,-0.1385577,1.2399845123291016,1,2WPT_A_B
2WPT_SB77A,-0.08617144,-2.615723133087158,1,2WPT_A_B
"2WPT_SB77A,NA31A",-0.43725476,-0.6878678798675537,2,2WPT_A_B
3AAA_KA248A,2.4881237,-0.11584949493408203,1,3AAA_AB_C
3AAA_KA248E,3.450042,-1.5841288566589355,1,3AAA_AB_C
3AAA_RA252A,3.0476718,2.9566917419433594,1,3AAA_AB_C
3AAA_RA252E,4.0011864,4.79831075668335,1,3AAA_AB_C
3AAA_RA258A,2.2457852,1.7584807872772217,1,3AAA_AB_C
3AAA_RA258E,3.5635958,1.3753836154937744,1,3AAA_AB_C
"3AAA_KA248A,RA258A",4.7972846,0.827878475189209,2,3AAA_AB_C
3AAA_WC7A,3.3885474,4.4473772048950195,1,3AAA_AB_C
3AAA_DC43A,5.1251388,0.20359063148498535,1,3AAA_AB_C
3AAA_EC77A,1.9660553,1.5173594951629639,1,3AAA_AB_C
3AAA_EC77R,4.092513,1.2025048732757568,1,3AAA_AB_C
3B4V_LC16E,0.82131284,-0.23589468002319336,1,3B4V_AB_C
3B4V_LC49E,4.1333885,7.141594409942627,1,3B4V_AB_C
3B4V_FC52E,3.8812006,9.790611267089844,1,3B4V_AB_C
3B4V_LC53E,4.092513,11.301925659179688,1,3B4V_AB_C
3B4V_LC49A,3.5805726,5.804650783538818,1,3B4V_AB_C
3B4V_FC52A,3.8501751,8.67544174194336,1,3B4V_AB_C
3B4V_LC53A,3.393158,7.674682140350342,1,3B4V_AB_C
"3BDY_DL28N,PL30A,RL31K,SL32T,YL57F,TL97S,TL98S",-0.97359973,1.3039414371762956,7,3BDY_HL_V
"3BDY_DL28N,PL30A,RL31K,SL32T,YL57F,TL97S,TL98S,KH31S,DH32G,TH55S,NH56E,GH101V,DH103V",-2.7283423,1.678119943692134,13,3BDY_HL_V
"3BDY_DL28N,PL30A,RL31K,SL32T,TL97S,TL98S",-0.9535147,1.338133951028188,6,3BDY_HL_V
"3BDY_DL28N,PL30A,RL31K,SL32T,TL97S,TL98S,KH31S,DH32G,TH55S,NH56E,GH101V,DH103V",-2.6718755,1.7263974746068318,12,3BDY_HL_V
"3BDY_DL28N,PL30A,RL31K,SL32T,TL97S,TL98S,KH31S,DH32G,TH55S,NH56E,GH101V,DH103V,RH51A,RH60A",-2.7283423,1.735169095652444,14,3BDY_HL_V
"3BE1_DL28N,PL30A,RL31K,SL32T,YL57F,TL97S,TL98S",-0.8687343,1.148595656667437,7,3BE1_HL_A
"3BE1_DL28N,PL30A,RL31K,SL32T,YL57F,TL97S,TL98S,KH30S,DH31G,TH54S,NH55E,GH100V,DH102V",-2.8837805,1.6218896645766039,13,3BE1_HL_A
"3BE1_DL28N,PL30A,RL31K,SL32T,TL97S,TL98S",-0.6750601,1.1582871079444885,6,3BE1_HL_A
"3BE1_DL28N,PL30A,RL31K,SL32T,TL97S,TL98S,KH30S,DH31G,TH54S,NH55E,GH100V,DH102V",-2.7283423,1.666176478068034,12,3BE1_HL_A
"3BE1_DL28N,PL30A,RL31K,SL32T,TL97S,TL98S,KH30S,DH31G,TH54S,NH55E,GH100V,DH102V,YL36A",-3.1389987,1.6835747407032893,13,3BE1_HL_A
"3BE1_DL28N,PL30A,RL31K,SL32T,TL97S,TL98S,KH30S,DH31G,TH54S,NH55E,GH100V,DH102V,YL36A,IL33A",-2.7283423,1.8691965256418501,14,3BE1_HL_A
3BK3_LC2A,0.0,0.0296628475189209,1,3BK3_A_C
3BK3_LC2R,0.026335536,0.8550066947937012,1,3BK3_A_C
3BK3_IC3A,1.038654,1.4265491962432861,1,3BK3_A_C
3BK3_IC3R,0.65087503,1.1657040119171143,1,3BK3_A_C
3BK3_TC4P,0.48639154,-2.094780921936035,1,3BK3_A_C
3BK3_TC6P,1.7430197,7.803135871887207,1,3BK3_A_C
3BK3_IC19A,0.48639154,7.1151652336120605,1,3BK3_A_C
3BK3_IC19R,0.42397052,8.233981132507324,1,3BK3_A_C
3BK3_IC22A,1.3077044,8.911115646362305,1,3BK3_A_C
3BK3_IC22R,2.1215649,11.238845825195312,1,3BK3_A_C
3BK3_IC28A,1.261516,11.185981750488281,1,3BK3_A_C
3BK3_IC28R,1.1755025,7.487607479095459,1,3BK3_A_C
3BK3_AC37R,1.3827282,6.327642917633057,1,3BK3_A_C
3BN9_QB23A,-0.4154928,2.0972213745117188,1,3BN9_B_CD
3BN9_IB26A,0.0,0.5343210697174072,1,3BN9_B_CD
3BN9_IB45A,0.83558947,5.969654083251953,1,3BN9_B_CD
3BN9_DB46A,0.42257738,4.347839832305908,1,3BN9_B_CD
3BN9_DB47A,0.31124684,-2.9374213218688965,1,3BN9_B_CD
3BN9_RB48A,-0.045018002,-1.1102962493896484,1,3BN9_B_CD
3BN9_FB50A,-0.045018002,3.8881278038024902,1,3BN9_B_CD
3BN9_RB51A,-0.071589805,-0.09870362281799316,1,3BN9_B_CD
3BN9_YB52A,0.018960081,3.5986862182617188,1,3BN9_B_CD
3BN9_RB82A,-0.15930416,3.151315212249756,1,3BN9_B_CD
3BN9_FB89A,0.63952816,12.873066902160645,1,3BN9_B_CD
3BN9_NB90A,0.77369064,7.438722133636475,1,3BN9_B_CD
3BN9_DB91A,6.69821,2.9465880393981934,1,3BN9_B_CD
3BN9_FB92A,6.69821,4.1054229736328125,1,3BN9_B_CD
3BN9_TB93A,1.1325597,8.38243293762207,1,3BN9_B_CD
3BN9_HB138A,0.0851014,2.049985408782959,1,3BN9_B_CD
3BN9_QB140A,0.13316439,-1.679546594619751,1,3BN9_B_CD
3BN9_YB141A,1.0851382,7.708484649658203,1,3BN9_B_CD
3BN9_TB144A,0.29096535,3.8056838512420654,1,3BN9_B_CD
3BN9_LB147A,0.3363427,0.4610157012939453,1,3BN9_B_CD
3BN9_EB163A,0.37338302,-1.8589905500411987,1,3BN9_B_CD
3BN9_QB168A,-0.03471423,-3.3743438720703125,1,3BN9_B_CD
3BN9_QB169A,2.5101082,0.6829726696014404,1,3BN9_B_CD
3BN9_DB214A,0.566465,1.2241356372833252,1,3BN9_B_CD
3BN9_QB218A,0.7060266,1.1211824417114258,1,3BN9_B_CD
3BN9_RB219A,-0.09374013,0.6610498428344727,1,3BN9_B_CD
3BN9_KB221A,0.7853204,5.602445602416992,1,3BN9_B_CD
3BN9_TD28R,0.33305493,2.4573795795440674,1,3BN9_B_CD
3BN9_SD30G,1.186638,1.4355896711349487,1,3BN9_B_CD
3BN9_SD30N,1.1460179,5.782727241516113,1,3BN9_B_CD
3BN9_TD102Q,-0.021546083,-1.6777169704437256,1,3BN9_B_CD
3BN9_TD102R,-0.058321018,-1.436288833618164,1,3BN9_B_CD
3BN9_YD103S,0.45889112,3.958590507507324,1,3BN9_B_CD
3BN9_PD104H,2.4283416,11.124094009399414,1,3BN9_B_CD
3BN9_QD105V,1.2246509,4.078197956085205,1,3BN9_B_CD
3BP8_FA115A,0.7089873,5.008230209350586,1,3BP8_A_C
3BP8_AC51F,0.61549425,5.235342025756836,1,3BP8_A_C
"3BP8_FA115A,AC51F",-0.7745522,5.121790647506714,2,3BP8_A_C
3BT1_RU135A,-0.28764006,-0.37433624267578125,1,3BT1_A_U
3BT1_KU137A,0.6742783,0.9632039070129395,1,3BT1_A_U
3BT1_RU140A,0.36323497,1.6241421699523926,1,3BT1_A_U
3BT1_HU141A,0.66162765,4.691872596740723,1,3BT1_A_U
3BT1_RU143A,0.4203425,7.365068435668945,1,3BT1_A_U
3BT1_LU1A,0.34248337,-0.4689300060272217,1,3BT1_A_U
3BT1_RU2A,0.09499532,0.9089961051940918,1,3BT1_A_U
3BT1_MU4A,0.037430465,0.8983683586120605,1,3BT1_A_U
3BT1_QU5A,0.061131705,0.15372943878173828,1,3BT1_A_U
3BT1_KU7A,0.27360502,-0.12572193145751953,1,3BT1_A_U
3BT1_TU8A,0.17684276,-1.4007717370986938,1,3BT1_A_U
3BT1_NU9A,0.30520993,6.2773332595825195,1,3BT1_A_U
3BT1_GU10A,0.26543313,4.83875846862793,1,3BT1_A_U
3BT1_DU11A,-0.026335536,-0.23807621002197266,1,3BT1_A_U
3BT1_RU13A,0.27360502,1.023005485534668,1,3BT1_A_U
3BT1_VU14A,0.2816657,2.851208209991455,1,3BT1_A_U
3BT1_EU15A,0.1165414,1.8157782554626465,1,3BT1_A_U
3BT1_EU16A,0.08392113,1.4736354351043701,1,3BT1_A_U
3BT1_AU18S,0.072635986,0.08576500415802002,1,3BT1_A_U
3BT1_LU19A,0.17684276,-2.0532948970794678,1,3BT1_A_U
3BT1_GU20A,0.0,2.2609715461730957,1,3BT1_A_U
3BT1_QU21A,0.3128546,0.3245260715484619,1,3BT1_A_U
3BT1_DU22A,0.23156951,0.7658517360687256,1,3BT1_A_U
3BT1_LU23A,0.460056,0.040689945220947266,1,3BT1_A_U
3BT1_RU25A,1.0169652,-0.548363208770752,1,3BT1_A_U
3BT1_TU26A,0.1863222,2.9960083961486816,1,3BT1_A_U
3BT1_TU27A,0.91079694,5.85223388671875,1,3BT1_A_U
3BT1_IU28A,0.072635986,2.3445215225219727,1,3BT1_A_U
3BT1_VU29A,0.7158664,6.667656898498535,1,3BT1_A_U
3BT1_RU30A,0.460056,2.95756196975708,1,3BT1_A_U
3BT1_LU31A,0.3128546,3.047070026397705,1,3BT1_A_U
3BT1_WU32A,-0.013021447,-1.78363037109375,1,3BT1_A_U
3BT1_EU33A,0.37754995,2.21071195602417,1,3BT1_A_U
3BT1_EU34A,0.34248337,1.1890438795089722,1,3BT1_A_U
3BT1_GU35A,0.32040185,3.354806423187256,1,3BT1_A_U
3BT1_EU36A,0.09499532,1.8695687055587769,1,3BT1_A_U
3BT1_EU37A,0.0493996,1.2642815113067627,1,3BT1_A_U
3BT1_LU38A,0.5218843,1.863962173461914,1,3BT1_A_U
3BT1_EU39A,0.15741637,3.6285195350646973,1,3BT1_A_U
3BT1_LU40A,0.87071246,6.345022678375244,1,3BT1_A_U
3BT1_VU41A,0.48896185,4.918797492980957,1,3BT1_A_U
3BT1_EU42A,-0.19677335,2.4724783897399902,1,3BT1_A_U
3BT1_KU43A,0.2227923,5.396872520446777,1,3BT1_A_U
3BT1_SU44A,0.2227923,0.6009341478347778,1,3BT1_A_U
3BT1_TU46A,0.460056,-0.017094731330871582,1,3BT1_A_U
3BT1_HU47A,0.39101532,0.7338707447052002,1,3BT1_A_U
3BT1_SU48A,0.40418148,0.6328126192092896,1,3BT1_A_U
3BT1_EU49A,-0.026335536,0.34963226318359375,1,3BT1_A_U
3BT1_KU50A,0.6422259,-0.9180164337158203,1,3BT1_A_U
3BT1_TU51A,0.71200675,1.2679698467254639,1,3BT1_A_U
3BT1_NU52Q,0.6334487,5.138406276702881,1,3BT1_A_U
3BT1_RU53A,0.8882246,1.0442616939544678,1,3BT1_A_U
3BT1_TU54A,0.39101532,2.339029550552368,1,3BT1_A_U
3BT1_LU55A,1.110931,5.797368049621582,1,3BT1_A_U
3BT1_SU56A,0.0493996,0.030518412590026855,1,3BT1_A_U
3BT1_YU57A,1.2005628,5.91392707824707,1,3BT1_A_U
3BT1_RU58A,-0.06817305,2.937756061553955,1,3BT1_A_U
3BT1_TU59A,0.5530732,-0.10437774658203125,1,3BT1_A_U
3BT1_GU60A,0.29746535,5.373727321624756,1,3BT1_A_U
3BT1_LU61A,-0.12899071,-1.2186565399169922,1,3BT1_A_U
3BT1_KU62A,0.41706136,2.387218952178955,1,3BT1_A_U
3BT1_IU63A,0.1165414,2.0400733947753906,1,3BT1_A_U
3BT1_TU64A,0.6593997,2.986182689666748,1,3BT1_A_U
3BT1_SU65A,0.3128546,1.6999354362487793,1,3BT1_A_U
3BT1_LU66A,1.3769125,6.5940141677856445,1,3BT1_A_U
3BT1_TU67A,0.1863222,0.41193604469299316,1,3BT1_A_U
3BT1_EU68A,0.0493996,3.362128257751465,1,3BT1_A_U
3BT1_VU69A,0.2227923,2.06441330909729,1,3BT1_A_U
3BT1_VU70A,0.14745896,4.175393581390381,1,3BT1_A_U
3BT1_GU72A,0.24021861,-0.0340731143951416,1,3BT1_A_U
3BT1_LU73A,0.23156951,-0.8274662494659424,1,3BT1_A_U
3BT1_DU74A,0.30520993,1.0901685953140259,1,3BT1_A_U
3BT1_LU75A,0.5165227,3.719489097595215,1,3BT1_A_U
3BT1_QU78A,0.24021861,1.3835728168487549,1,3BT1_A_U
3BT1_GU79A,0.2227923,3.586343288421631,1,3BT1_A_U
3BT1_NU80A,0.20483783,-1.5515422821044922,1,3BT1_A_U
3BT1_SU81A,0.25714695,-0.38074731826782227,1,3BT1_A_U
3BT1_GU82A,0.09499532,-0.09863781929016113,1,3BT1_A_U
3BT1_VU83A,0.2816657,-0.6466426849365234,1,3BT1_A_U
3BT1_TU84A,-0.08280224,-0.6735584735870361,1,3BT1_A_U
3BT1_YU85A,0.24874325,-1.4551677703857422,1,3BT1_A_U
3BT1_SU86A,0.24021861,0.9866931438446045,1,3BT1_A_U
3BT1_RU87A,0.24021861,-0.07589864730834961,1,3BT1_A_U
3BT1_SU88A,0.19565234,0.42447006702423096,1,3BT1_A_U
3BT1_RU89A,0.2816657,1.5022246837615967,1,3BT1_A_U
3BT1_YU90A,0.17684276,8.016388893127441,1,3BT1_A_U
3BT1_LU91A,-0.16191317,5.100741386413574,1,3BT1_A_U
3BT1_EU92A,0.20483783,0.21526169776916504,1,3BT1_A_U
3BT1_IU94A,0.1863222,-3.3226170539855957,1,3BT1_A_U
3BT1_SU95A,0.87071246,7.385438919067383,1,3BT1_A_U
3BT1_GU97A,-0.6638965,0.12156105041503906,1,3BT1_A_U
3BT1_SU98A,1.1565268,4.259529113769531,1,3BT1_A_U
3BT1_SU99A,0.29746535,-0.6306455135345459,1,3BT1_A_U
3BT1_DU100A,1.6920253,2.4340648651123047,1,3BT1_A_U
3BT1_MU101A,0.41065642,-0.9808855056762695,1,3BT1_A_U
3BT1_SU102A,0.6109193,5.858277320861816,1,3BT1_A_U
3BT1_EU104A,0.8148379,1.9579699039459229,1,3BT1_A_U
3BT1_RU105A,0.40418148,2.1903135776519775,1,3BT1_A_U
3BT1_RU107A,0.26543313,0.7788569927215576,1,3BT1_A_U
3BT1_HU108A,0.41706136,4.97659969329834,1,3BT1_A_U
3BT1_QU109A,0.08392113,1.9897719621658325,1,3BT1_A_U
3BT1_SU110A,0.24874325,0.7570686340332031,1,3BT1_A_U
3BT1_LU111A,1.4646269,9.130417823791504,1,3BT1_A_U
3BT1_QU112A,-0.12899071,1.2498213052749634,1,3BT1_A_U
3BT1_RU114A,0.21388307,0.9320228099822998,1,3BT1_A_U
3BT1_SU115A,0.012741394,0.8446338176727295,1,3BT1_A_U
3BT1_PU116A,-0.25324005,3.5471577644348145,1,3BT1_A_U
3BT1_EU117A,-0.294115,2.6867868900299072,1,3BT1_A_U
3BT1_EU118A,0.0,4.45512056350708,1,3BT1_A_U
3BT1_QU119A,-0.06817305,1.8100852966308594,1,3BT1_A_U
3BT1_LU121A,0.460056,4.380763053894043,1,3BT1_A_U
3BT1_DU122A,0.78820634,1.6285343170166016,1,3BT1_A_U
3BT1_VU123A,0.78820634,5.215272903442383,1,3BT1_A_U
3BT1_VU124A,0.74587035,4.98588228225708,1,3BT1_A_U
3BT1_TU125A,1.0029143,-0.4250619411468506,1,3BT1_A_U
3BT1_HU126A,0.39101532,1.881352186203003,1,3BT1_A_U
3BT1_WU127A,-0.43699196,2.092348098754883,1,3BT1_A_U
3BT1_IU128A,-0.3156611,-3.184504508972168,1,3BT1_A_U
3BT1_QU129A,-0.09780183,-0.3593316078186035,1,3BT1_A_U
3BT1_EU130A,0.037430465,1.3467202186584473,1,3BT1_A_U
3BT1_GU131A,-0.21500409,0.20277118682861328,1,3BT1_A_U
3BT1_EU132A,-0.16191317,0.4554107189178467,1,3BT1_A_U
3BT1_EU133A,-0.14522329,1.009271502494812,1,3BT1_A_U
3BT1_GU134A,-0.08280224,4.755044460296631,1,3BT1_A_U
3BT1_RU135A,0.24874325,-0.37433648109436035,1,3BT1_A_U
3BT1_PU136A,0.33521393,3.339078664779663,1,3BT1_A_U
3BT1_KU137A,0.62003416,0.9632060527801514,1,3BT1_A_U
3BT1_DU138A,1.2959981,5.901505947113037,1,3BT1_A_U
3BT1_DU139A,1.04851,-0.7879384756088257,1,3BT1_A_U
3BT1_RU140A,0.8049908,1.6241416931152344,1,3BT1_A_U
3BT1_HU141A,0.63785356,4.6918745040893555,1,3BT1_A_U
3BT1_LU142A,0.72351104,4.815947532653809,1,3BT1_A_U
3BT1_RU143A,0.9190447,7.365061283111572,1,3BT1_A_U
3BT1_GU144A,1.25098,11.755967140197754,1,3BT1_A_U
3BT1_GU146A,1.4402152,10.491777420043945,1,3BT1_A_U
3BT1_YU147A,-0.11319105,0.7488040924072266,1,3BT1_A_U
3BT1_LU148A,1.6624155,4.066324234008789,1,3BT1_A_U
3BT1_PU149A,0.5969786,3.2023234367370605,1,3BT1_A_U
3BT1_GU150A,0.5165227,3.202197551727295,1,3BT1_A_U
3BT1_PU152A,0.460056,2.9921748638153076,1,3BT1_A_U
3BT1_SU154A,-0.03995572,1.9617255926132202,1,3BT1_A_U
3BT1_NU155A,0.60166204,-1.2567131519317627,1,3BT1_A_U
3BT1_GU156A,-0.23381366,-1.3555076122283936,1,3BT1_A_U
3BT1_FU157A,0.70027465,3.378330707550049,1,3BT1_A_U
3BT1_HU158A,0.20483783,7.930095195770264,1,3BT1_A_U
3BT1_NU159A,0.3707007,3.051388740539551,1,3BT1_A_U
3BT1_NU160Q,0.39101532,-0.31917548179626465,1,3BT1_A_U
3BT1_DU161A,-0.09780183,1.4134244918823242,1,3BT1_A_U
3BT1_TU162A,-0.08280224,0.1013956069946289,1,3BT1_A_U
3BT1_FU163A,1.0636741,2.4082281589508057,1,3BT1_A_U
3BT1_HU164A,1.028425,2.9952659606933594,1,3BT1_A_U
3BT1_FU165A,0.12702756,1.1903271675109863,1,3BT1_A_U
3BT1_LU166A,0.74587035,6.637218952178955,1,3BT1_A_U
3BT1_KU167A,0.2816657,1.5459904670715332,1,3BT1_A_U
3BT1_NU170Q,0.17684276,0.19707489013671875,1,3BT1_A_U
3BT1_TU171A,0.27360502,-0.5752620697021484,1,3BT1_A_U
3BT1_TU172A,0.41065642,0.7498016357421875,1,3BT1_A_U
3BT1_KU173A,0.69232213,2.63107967376709,1,3BT1_A_U
3BT1_EU176A,0.025214529,1.006712555885315,1,3BT1_A_U
3BT1_GU177A,0.3278542,6.865005970001221,1,3BT1_A_U
3BT1_PU178A,-0.2733251,0.5651026964187622,1,3BT1_A_U
3BT1_IU179A,0.36377135,1.7395590543746948,1,3BT1_A_U
3BT1_LU180A,0.67196095,1.2736406326293945,1,3BT1_A_U
3BT1_EU181A,0.460056,1.5765678882598877,1,3BT1_A_U
3BT1_LU182A,0.7310583,5.282371997833252,1,3BT1_A_U
3BT1_EU183A,0.39101532,1.1963597536087036,1,3BT1_A_U
3BT1_NU184A,0.3278542,2.228015422821045,1,3BT1_A_U
3BT1_LU185A,0.20483783,3.1915855407714844,1,3BT1_A_U
3BT1_PU186A,-0.013021447,5.091428279876709,1,3BT1_A_U
3BT1_QU187A,-0.17908691,0.26921987533569336,1,3BT1_A_U
3BT1_NU188A,-0.23381366,9.94909381866455,1,3BT1_A_U
3BT1_GU189A,-0.09780183,10.499054908752441,1,3BT1_A_U
3BT1_RU190A,0.32040185,2.9967570304870605,1,3BT1_A_U
3BT1_QU191A,-0.19677335,2.667417287826538,1,3BT1_A_U
3BT1_YU193A,-0.06817305,4.972768783569336,1,3BT1_A_U
3BT1_SU194A,-0.2733251,5.312540054321289,1,3BT1_A_U
3BT1_KU196A,0.24874325,-0.00969696044921875,1,3BT1_A_U
3BT1_GU197A,0.025214529,8.321942329406738,1,3BT1_A_U
3BT1_NU198Q,0.012741394,-0.953009843826294,1,3BT1_A_U
3BT1_SU199A,-0.12899071,-0.2798728942871094,1,3BT1_A_U
3BT1_TU200A,-0.23381366,1.9703649282455444,1,3BT1_A_U
3BT1_HU201A,0.012741394,-0.6311001777648926,1,3BT1_A_U
3BT1_GU202A,-0.41065642,8.85912799835205,1,3BT1_A_U
3BT1_SU204A,-0.21500409,1.278313398361206,1,3BT1_A_U
3BT1_SU205A,-0.21500409,0.057660818099975586,1,3BT1_A_U
3BT1_EU206A,-0.11319105,2.1631364822387695,1,3BT1_A_U
3BT1_EU207A,-0.25324005,1.604158878326416,1,3BT1_A_U
3BT1_TU208A,0.23156951,2.7320032119750977,1,3BT1_A_U
3BT1_FU209A,0.19565234,3.3608808517456055,1,3BT1_A_U
3BT1_LU210A,-0.52384746,3.171888589859009,1,3BT1_A_U
3BT1_IU211A,0.14745896,9.77244758605957,1,3BT1_A_U
3BT1_DU212A,-0.06817305,1.6633330583572388,1,3BT1_A_U
3BT1_RU214A,-0.026335536,5.993552207946777,1,3BT1_A_U
3BT1_GU215A,-0.09780183,7.605008125305176,1,3BT1_A_U
3BT1_PU216A,-0.11319105,-0.1003730297088623,1,3BT1_A_U
3BT1_MU217A,1.028425,-0.9569975137710571,1,3BT1_A_U
3BT1_NU218A,-0.17908691,2.587752342224121,1,3BT1_A_U
3BT1_QU219A,-0.06817305,4.038810729980469,1,3BT1_A_U
3BT1_LU221A,0.26543313,3.6501011848449707,1,3BT1_A_U
3BT1_VU222A,-0.49345866,0.8368244171142578,1,3BT1_A_U
3BT1_AU223S,-0.23381366,2.9159226417541504,1,3BT1_A_U
3BT1_TU224A,-0.21500409,2.6604256629943848,1,3BT1_A_U
3BT1_GU225A,0.71200675,1.5036036968231201,1,3BT1_A_U
3BT1_TU226A,-0.026335536,3.0473599433898926,1,3BT1_A_U
3BT1_HU227A,0.26543313,0.7235555648803711,1,3BT1_A_U
3BT1_EU228A,0.17684276,0.5774736404418945,1,3BT1_A_U
3BT1_PU229A,0.0493996,0.6826870441436768,1,3BT1_A_U
3BT1_KU230A,0.26543313,0.21440601348876953,1,3BT1_A_U
3BT1_NU231A,0.33521393,0.8238530158996582,1,3BT1_A_U
3BT1_QU232A,0.09499532,-0.07152414321899414,1,3BT1_A_U
3BT1_SU233A,-0.17908691,1.058243751525879,1,3BT1_A_U
3BT1_YU234A,0.1863222,0.8852977752685547,1,3BT1_A_U
3BT1_MU235A,0.0493996,1.907714605331421,1,3BT1_A_U
3BT1_VU236A,0.15741637,3.06461763381958,1,3BT1_A_U
3BT1_RU237A,0.19565234,5.4211249351501465,1,3BT1_A_U
3BT1_GU238A,-0.08280224,11.586950302124023,1,3BT1_A_U
3BT1_AU240S,-0.17908691,2.961449146270752,1,3BT1_A_U
3BT1_TU241A,0.3496647,12.694514274597168,1,3BT1_A_U
3BT1_AU242S,-0.3156611,-0.022799968719482422,1,3BT1_A_U
3BT1_SU243A,-0.06817305,-0.6168830990791321,1,3BT1_A_U
3BT1_MU244A,0.12702756,1.5480222702026367,1,3BT1_A_U
3BT1_QU246A,0.460056,1.405643105506897,1,3BT1_A_U
3BT1_HU247A,0.0493996,-0.5486562252044678,1,3BT1_A_U
3BT1_AU248S,0.12702756,-0.9246608018875122,1,3BT1_A_U
3BT1_HU249A,0.2816657,0.4456474781036377,1,3BT1_A_U
3BT1_LU250A,0.41706136,3.6415863037109375,1,3BT1_A_U
3BT1_GU251A,0.17684276,0.19646120071411133,1,3BT1_A_U
3BT1_DU252A,0.061131705,-0.7195510864257812,1,3BT1_A_U
3BT1_AU253S,0.20483783,0.8798718452453613,1,3BT1_A_U
3BT1_FU254A,0.89394885,7.063743591308594,1,3BT1_A_U
3BT1_SU255A,0.21388307,0.7278211116790771,1,3BT1_A_U
3BT1_MU256A,0.7385106,3.709885597229004,1,3BT1_A_U
3BT1_NU257A,-0.23381366,1.289397954940796,1,3BT1_A_U
3BT1_HU258A,0.0493996,0.9883184432983398,1,3BT1_A_U
3BT1_IU259A,0.13733132,3.9509057998657227,1,3BT1_A_U
3BT1_DU260A,0.105866306,0.13408517837524414,1,3BT1_A_U
3BT1_VU261A,0.24021861,5.424376487731934,1,3BT1_A_U
3BT1_SU262A,-0.06817305,1.2209266424179077,1,3BT1_A_U
3BT1_TU265A,0.061131705,0.8939706087112427,1,3BT1_A_U
3BT1_KU266A,0.09499532,-0.4077174663543701,1,3BT1_A_U
3BT1_SU267A,-0.14522329,4.7636871337890625,1,3BT1_A_U
3BT1_GU268A,-0.294115,2.466960906982422,1,3BT1_A_U
3BT1_HU271A,0.14745896,0.6797515153884888,1,3BT1_A_U
3BT1_PU272A,-0.013021447,5.695693492889404,1,3BT1_A_U
3BT1_DU273A,0.0493996,0.6510598659515381,1,3BT1_A_U
3BTD_DI13K,-11.502718,0.6546862125396729,1,3BTD_E_I
3BTE_EI13K,-9.424007,2.13700008392334,1,3BTE_E_I
3BTF_FI13K,-7.0272107,5.155862331390381,1,3BTF_E_I
3BTG_GI13K,-12.352226,-1.8243885040283203,1,3BTG_E_I
3BTH_HI13K,-8.781781,2.1451945304870605,1,3BTH_E_I
3BTM_MI13K,-7.6923733,-1.4668371677398682,1,3BTM_E_I
3BTQ_QI13K,-9.370644,1.269331455230713,1,3BTQ_E_I
3BTT_TI13K,-10.597484,3.044891834259033,1,3BTT_E_I
3BTW_WI13K,-8.664119,-0.5238180160522461,1,3BTW_E_I
3BX1_FC84V,0.41065642,8.391178131103516,1,3BX1_A_C
3BX1_RC85G,0.3555048,1.2293338775634766,1,3BX1_A_C
3BX1_AC86T,1.8372486,2.9264957904815674,1,3BX1_A_C
3BX1_YC87I,1.7820247,10.495635032653809,1,3BX1_A_C
3BX1_YC87A,1.2988172,9.190903663635254,1,3BX1_A_C
3BX1_TC88V,2.8385491,7.668001174926758,1,3BX1_A_C
3BX1_TC89A,0.17043781,3.719679832458496,1,3BX1_A_C
3C60_KC40A,1.5944324,3.4937267303466797,1,3C60_CD_AB
3C60_DC56A,0.6982965,2.557770013809204,1,3C60_CD_AB
3C60_QC58A,0.9633075,1.895946979522705,1,3C60_CD_AB
3C60_LC61A,0.94355726,9.094563484191895,1,3C60_CD_AB
3C60_QC62A,0.8687343,1.340742588043213,1,3C60_CD_AB
3C60_NC63A,0.9535147,1.081739902496338,1,3C60_CD_AB
3C60_VC66A,1.2502,5.456529140472412,1,3C60_CD_AB
3C60_KC68A,0.56228465,2.6459195613861084,1,3C60_CD_AB
3C60_HC69A,0.35910636,0.7017543315887451,1,3C60_CD_AB
3C60_VC73A,0.0,1.1192374229431152,1,3C60_CD_AB
3C60_KC76A,0.04742146,0.2650719881057739,1,3C60_CD_AB
3C60_FD1A,0.0,-1.060657262802124,1,3C60_CD_AB
3C60_ED2A,0.04742146,1.7986080646514893,1,3C60_CD_AB
3C60_QD4A,1.1667991,1.9127922058105469,1,3C60_CD_AB
3C60_KD5A,1.1528584,-1.54795503616333,1,3C60_CD_AB
3C60_KD7A,2.1511846,2.0423102378845215,1,3C60_CD_AB
3C60_ND9A,0.0,-1.30316162109375,1,3C60_CD_AB
3C60_KD10A,0.0,0.0521700382232666,1,3C60_CD_AB
3C60_VD12A,0.0,1.260955810546875,1,3C60_CD_AB
3C60_DD13A,0.04742146,0.7901777029037476,1,3C60_CD_AB
3C60_ED69A,0.04742146,0.8311004042625427,1,3C60_CD_AB
3C60_YD70A,0.0,-3.6877684593200684,1,3C60_CD_AB
3C60_SD73A,0.0,-0.4873262643814087,1,3C60_CD_AB
3C60_QD74A,0.0,1.3779141902923584,1,3C60_CD_AB
3C60_PD75A,0.0,5.154613494873047,1,3C60_CD_AB
3C60_ED76A,0.0,1.1221482753753662,1,3C60_CD_AB
3C60_ID77A,0.04742146,3.579641103744507,1,3C60_CD_AB
3C60_ED79A,0.04742146,2.4627742767333984,1,3C60_CD_AB
3C60_RD80A,2.0264554,-0.5713059902191162,1,3C60_CD_AB
3C60_RD82A,0.0,2.7940099239349365,1,3C60_CD_AB
3C60_DD86A,0.04742146,2.1400203704833984,1,3C60_CD_AB
3C60_TD87A,1.1667991,4.112663745880127,1,3C60_CD_AB
3C60_RD90A,0.04742146,2.086038112640381,1,3C60_CD_AB
3C60_HD91A,1.0857165,3.8381762504577637,1,3C60_CD_AB
3C60_ED94A,0.0,3.0743932723999023,1,3C60_CD_AB
3D3V_EE30A,2.114632,,1,3D3V_ABC_DE
3D3V_YC8A,3.413588,,1,3D3V_ABC_DE
"3D3V_EE30A,YC8A",3.9009266,,2,3D3V_ABC_DE
3D3V_EE30A,3.2307487,,1,3D3V_ABC_DE
3D3V_YC8F,0.9274753,,1,3D3V_ABC_DE
"3D3V_EE30A,YC8F",2.573496,,2,3D3V_ABC_DE
3D3V_LE97A,2.6171665,,1,3D3V_ABC_DE
3D3V_YC8A,3.413588,,1,3D3V_ABC_DE
"3D3V_LE97A,YC8A",4.390339,,2,3D3V_ABC_DE
3D5R_AC38N,-1.5695295,5.094484806060791,1,3D5R_A_C
3D5R_AC38N,-1.3337823,5.094483375549316,1,3D5R_A_C
3D5S_AC31R,-2.24674,-1.9209582805633545,1,3D5S_A_C
3D5S_AC31R,-1.5196093,-1.9209564924240112,1,3D5S_A_C
3EG5_HA104F,-2.0854197,-0.5605725646018982,1,3EG5_A_B
"3EG5_TB73N,SB74N,HB75N",1.053579,1.2945410410563152,3,3EG5_A_B
"3EG5_TB73N,SB74N,HB75N,HA104F",-1.3274181,0.8307627290487289,4,3EG5_A_B
3EQS_TB1A,0.39184684,-0.2213115692138672,1,3EQS_A_B
3EQS_SB2A,1.263514,7.418344974517822,1,3EQS_A_B
3EQS_FB3A,5.5584974,7.852657318115234,1,3EQS_A_B
3EQS_EB5A,1.1146224,1.0810132026672363,1,3EQS_A_B
3EQS_YB6A,3.1105554,6.011509895324707,1,3EQS_A_B
3EQS_WB7A,6.410199,7.2040486335754395,1,3EQS_A_B
3EQS_NB8A,-1.1117365,2.967055320739746,1,3EQS_A_B
3EQS_LB9A,-0.17043781,0.8476064205169678,1,3EQS_A_B
3EQS_LB10A,3.3343616,6.757385730743408,1,3EQS_A_B
3EQS_SB11A,0.11720225,1.76503324508667,1,3EQS_A_B
3EQY_TC1A,0.37473926,-0.4776078462600708,1,3EQY_A_C
3EQY_SC2A,0.87140906,6.475828647613525,1,3EQY_A_C
3EQY_FC3A,5.660986,6.417018890380859,1,3EQY_A_C
3EQY_EC5A,1.2231921,0.5918108224868774,1,3EQY_A_C
3EQY_YC6A,2.5873632,3.582636833190918,1,3EQY_A_C
3EQY_WC7A,6.0464277,7.966288089752197,1,3EQY_A_C
3EQY_NC8A,-0.7492133,-0.9972490072250366,1,3EQY_A_C
3EQY_LC9A,0.033863615,0.3973565101623535,1,3EQY_A_C
3EQY_LC10A,2.3246152,8.431327819824219,1,3EQY_A_C
3EQY_SC11A,0.15275137,0.9830782413482666,1,3EQY_A_C
3EQY_PC12A,0.2956283,4.658275604248047,1,3EQY_A_C
3F1S_MA33A,1.2389807,2.225374221801758,1,3F1S_A_B
3F1S_DA36A,2.185484,2.4896633625030518,1,3F1S_A_B
3F1S_DA200A,0.41065642,10.81091594696045,1,3F1S_A_B
3F1S_KA201A,-1.8037333,0.08105707168579102,1,3F1S_A_B
3F1S_KA201C,-1.8037333,3.0317389965057373,1,3F1S_A_B
3F1S_YA202A,2.9961216,10.011004447937012,1,3F1S_A_B
3F1S_DA255A,3.7609677,1.647916316986084,1,3F1S_A_B
3F1S_DA200A,0.6982965,10.81091594696045,1,3F1S_A_B
3F1S_KA201A,-2.3559217,0.0810554027557373,1,3F1S_A_B
3F1S_KA201C,-1.586159,3.0317394733428955,1,3F1S_A_B
3G6D_HH104A,-0.9535147,-1.6116394996643066,1,3G6D_LH_A
3G6D_WH105A,-1.4971784,2.9524083137512207,1,3G6D_LH_A
"3G6D_KH210T,KH215T",-0.13300735,-1.6417192816734314,2,3G6D_LH_A
"3G6D_EL3V,GL76R,TL77V,QL78E,EL80G",0.13987951,2.000640606880188,5,3G6D_LH_A
"3G6D_TL89S,ML92I,VL93D,TL94K",0.798334,0.8524158000946045,4,3G6D_LH_A
"3G6D_EL3V,GL76R,TL77V,QL78E,EL80G,TL89S,ML92I,VL93D,TL94K",0.2715726,1.4972393380271063,9,3G6D_LH_A
"3G6D_EL3V,GL76R,TL77V,QL78E,EL80G,FH103A,HH104A,WH105A",4.62235,1.6993348449468613,8,3G6D_LH_A
"3G6D_EL3V,GL76R,TL77V,QL78E,EL80G,DH54N",0.1112279,1.9971659183502197,6,3G6D_LH_A
3H9S_AA150P,0.16316837,-2.412653923034668,1,3H9S_ABC_DE
3HFM_YY20A,4.8782177,4.603888988494873,1,3HFM_HL_Y
3HFM_NL32A,5.109633,1.4510691165924072,1,3HFM_HL_Y
3HFM_KY96A,6.9912934,4.40075159072876,1,3HFM_HL_Y
3HFM_NL31A,5.216466,2.8258395195007324,1,3HFM_HL_Y
"3HFM_NL31A,KY96A",7.4717307,3.613295078277588,2,3HFM_HL_Y
3HFM_NL31D,1.344086,1.2901300191879272,1,3HFM_HL_Y
3HFM_NL31E,5.7099247,2.673374652862549,1,3HFM_HL_Y
3HFM_YL50A,4.5596366,0.8128137588500977,1,3HFM_HL_Y
3HFM_YL50L,4.395153,1.6237907409667969,1,3HFM_HL_Y
3HFM_YL50F,2.3559217,0.9309802055358887,1,3HFM_HL_Y
"3HFM_YL50A,RY21A",6.369324,1.4432919025421143,2,3HFM_HL_Y
"3HFM_YL50F,RY21A",4.3327317,1.5023791790008545,2,3HFM_HL_Y
"3HFM_YL50F,YY20A",6.226447,2.7674368619918823,2,3HFM_HL_Y
"3HFM_YL50A,KY96A",7.733495,2.606783151626587,2,3HFM_HL_Y
"3HFM_YL50A,KY97A",7.322839,-0.12582767009735107,2,3HFM_HL_Y
3HFM_KY97A,6.1699805,-1.0644700527191162,1,3HFM_HL_Y
3HFM_YH33A,6.037779,-1.7520256042480469,1,3HFM_HL_Y
"3HFM_YH33A,KY97A",7.231512,-1.4082497358322144,2,3HFM_HL_Y
3HFM_WH98F,3.2470155,-0.19144272804260254,1,3HFM_HL_Y
"3HFM_WH98F,YY20A",6.2318087,2.2062239050865173,2,3HFM_HL_Y
3HFM_WH98A,5.513151,1.174676537513733,1,3HFM_HL_Y
"3HFM_WH98A,KY96A",7.733495,2.787713587284088,2,3HFM_HL_Y
3HFM_DH32A,1.8990768,-0.13339900970458984,1,3HFM_HL_Y
"3HFM_DH32A,KY97A",4.5944967,-0.5989364385604858,2,3HFM_HL_Y
"3HFM_DH32N,KY97A",4.893741,-0.7120934724807739,2,3HFM_HL_Y
3HFM_DH32N,0.17043781,-0.3597147464752197,1,3HFM_HL_Y
"3HFM_DH32A,KY97M",1.1239525,-0.9563316106796265,2,3HFM_HL_Y
"3HFM_DH32N,KY97M",0.30263966,-1.06948983669281,2,3HFM_HL_Y
3HFM_KY97M,1.0935637,-1.7792644500732422,1,3HFM_HL_Y
3HFM_RY21A,1.0276679,2.0737721920013428,1,3HFM_HL_Y
3HFM_SH31A,0.17043781,0.47173595428466797,1,3HFM_HL_Y
3HFM_YH50A,7.322839,0.650627613067627,1,3HFM_HL_Y
"3HFM_YH50A,RY21A",7.944808,1.3622007369995117,2,3HFM_HL_Y
3HFM_QL53A,0.9535147,1.2885441780090332,1,3HFM_HL_Y
3HFM_YL96A,2.7082572,3.329108953475952,1,3HFM_HL_Y
"3HFM_YL96A,RY21A",5.759324,2.701440215110779,2,3HFM_HL_Y
"3HFM_YL96F,RY21A",4.1838403,1.1877099871635437,2,3HFM_HL_Y
3HFM_YL96F,1.402407,0.3016453981399536,1,3HFM_HL_Y
3HFM_YH53W,0.6948397,1.0766143798828125,1,3HFM_HL_Y
3HFM_YH53F,0.61053324,0.9292168617248535,1,3HFM_HL_Y
3HFM_YH53L,0.79392976,2.553039073944092,1,3HFM_HL_Y
3HFM_YH53A,3.1981747,-0.3075580596923828,1,3HFM_HL_Y
3HFM_YH33W,1.7214643,0.19786453247070312,1,3HFM_HL_Y
3HFM_YH33F,1.0540161,0.4272346496582031,1,3HFM_HL_Y
3HFM_YH33L,1.9747044,-1.1267166137695312,1,3HFM_HL_Y
3HFM_YH50F,1.584133,1.348893642425537,1,3HFM_HL_Y
3HFM_YH50L,2.8030808,3.382956027984619,1,3HFM_HL_Y
3HFM_YH58F,0.3572932,0.5064990520477295,1,3HFM_HL_Y
3HFM_YH58L,1.4893616,1.8420734405517578,1,3HFM_HL_Y
3HFM_YH58A,1.6491243,0.7707779407501221,1,3HFM_HL_Y
3HFM_DY101G,0.19934364,2.278024673461914,1,3HFM_HL_Y
3HFM_DY101A,1.2087328,3.0450594425201416,1,3HFM_HL_Y
3HFM_DY101N,1.3409348,1.438795566558838,1,3HFM_HL_Y
3HFM_DY101S,1.7124065,2.414504289627075,1,3HFM_HL_Y
3HFM_DY101Q,1.9302658,3.3816044330596924,1,3HFM_HL_Y
3HFM_DY101R,2.1230628,4.378349304199219,1,3HFM_HL_Y
3HFM_DY101E,1.9741712,0.9680340886116028,1,3HFM_HL_Y
3HFM_DY101F,2.1704843,4.929127216339111,1,3HFM_HL_Y
3HFM_DY101K,1.9741712,5.310688018798828,1,3HFM_HL_Y
3HFM_RY21W,1.9741712,2.585670232772827,1,3HFM_HL_Y
3HFM_RY21Q,2.2419508,0.827983021736145,1,3HFM_HL_Y
3HFM_RY21E,2.2935007,1.6378862857818604,1,3HFM_HL_Y
3HFM_RY21G,2.2702644,3.9025285243988037,1,3HFM_HL_Y
3HFM_RY21N,2.1704843,1.7184278964996338,1,3HFM_HL_Y
3HFM_RY21H,2.0150461,2.660491704940796,1,3HFM_HL_Y
3HFM_RY21K,1.6193893,2.397080659866333,1,3HFM_HL_Y
3HFM_NY19K,0.24021861,1.8799368143081665,1,3HFM_HL_Y
3HFM_NY19Q,-0.042504817,1.6202470064163208,1,3HFM_HL_Y
3HFM_NY19D,0.41065642,1.2088295221328735,1,3HFM_HL_Y
3HFM_GY102V,0.24021861,4.322413921356201,1,3HFM_HL_Y
3HFM_RY21G,2.5760553,3.9025261402130127,1,3HFM_HL_Y
3HFM_RY21A,0.82131284,2.0737721920013428,1,3HFM_HL_Y
3HFM_RY21N,2.4881237,1.7184274196624756,1,3HFM_HL_Y
3HFM_RY21E,2.6155667,1.6378905773162842,1,3HFM_HL_Y
3HFM_RY21Q,2.5552654,0.8279842138290405,1,3HFM_HL_Y
3HFM_RY21H,2.325533,2.660492181777954,1,3HFM_HL_Y
3HFM_RY21M,2.0508084,2.3738186359405518,1,3HFM_HL_Y
3HFM_RY21K,1.9148766,2.397080421447754,1,3HFM_HL_Y
3HFM_RY21W,2.2935007,2.585670232772827,1,3HFM_HL_Y
3HFM_KY97G,6.4334354,0.33188724517822266,1,3HFM_HL_Y
3HFM_KY97A,5.5580816,-1.0644681453704834,1,3HFM_HL_Y
3HFM_KY97D,6.771456,-0.27419209480285645,1,3HFM_HL_Y
3HFM_KY97E,3.6061218,-1.4652061462402344,1,3HFM_HL_Y
3HFM_KY97M,0.8012278,-1.7792649269104004,1,3HFM_HL_Y
3HFM_KY97R,3.0542183,-0.11801385879516602,1,3HFM_HL_Y
3HFM_DY101G,0.5186732,2.2780189514160156,1,3HFM_HL_Y
3HFM_DY101A,1.534609,3.045060157775879,1,3HFM_HL_Y
3HFM_DY101S,2.0280676,2.41450572013855,1,3HFM_HL_Y
3HFM_DY101N,1.6426257,1.4387967586517334,1,3HFM_HL_Y
3HFM_DY101E,2.2935007,0.9680365920066833,1,3HFM_HL_Y
3HFM_DY101Q,2.2419508,3.381603956222534,1,3HFM_HL_Y
3HFM_DY101K,2.276811,5.310690402984619,1,3HFM_HL_Y
3HFM_DY101F,2.4881237,4.929124355316162,1,3HFM_HL_Y
3HFM_DY101R,2.438724,4.378347396850586,1,3HFM_HL_Y
3HFM_YY20F,-0.5046223,-0.24279338121414185,1,3HFM_HL_Y
3HFM_KY96M,6.7799807,5.019786834716797,1,3HFM_HL_Y
3HFM_GY102V,0.55070543,4.32241678237915,1,3HFM_HL_Y
3HFM_HY15A,-0.4455166,1.4227548837661743,1,3HFM_HL_Y
3HFM_YY20A,4.2734375,4.603888034820557,1,3HFM_HL_Y
3HFM_RY21A,0.8621878,2.073772668838501,1,3HFM_HL_Y
3HFM_WY63A,0.31932956,9.4929780960083,1,3HFM_HL_Y
3HFM_RY73A,-0.33154547,1.379303216934204,1,3HFM_HL_Y
3HFM_LY75A,0.70477146,2.2714710235595703,1,3HFM_HL_Y
3HFM_TY89A,0.0,1.8375011682510376,1,3HFM_HL_Y
3HFM_NY93A,0.21131277,1.0853204727172852,1,3HFM_HL_Y
3HFM_KY96A,6.4893103,4.400761127471924,1,3HFM_HL_Y
3HFM_IY98A,0.0,2.329232692718506,1,3HFM_HL_Y
3HFM_SY100A,0.26777947,0.20583772659301758,1,3HFM_HL_Y
3HFM_DY101A,0.9535147,3.045062303543091,1,3HFM_HL_Y
3HFM_YY20F,-0.46374732,-0.24279266595840454,1,3HFM_HL_Y
3HFM_YY20L,2.185484,2.844423294067383,1,3HFM_HL_Y
3HFM_KY96R,5.3554,2.342556953430176,1,3HFM_HL_Y
"3HG1_SE50Y,VE51G,GE52P,IE53F",-1.5820304,3.4126445055007935,4,3HG1_ABC_DE
"3HG1_SE50W,VE51G,GE52P,IE53F",-1.7748275,3.8689924478530884,4,3HG1_ABC_DE
"3HG1_SE50F,VE51G,GE52P,IE53Y",-2.0265505,2.926153540611267,4,3HG1_ABC_DE
"3HG1_SE50Y,VE51G,GE52P,IE53Y",-1.7309221,3.3498690128326416,4,3HG1_ABC_DE
"3HG1_SE50Y,VE51G,GE52P,IE53F,TE100M,EE102G,LE103W,FE104Q",-1.4907035,1.386368751525879,8,3HG1_ABC_DE
"3HG1_SE50Y,VE51G,GE52P,IE53F,GE99N,TE100L,EE102G,LE103W",-2.8548746,1.8591095209121704,8,3HG1_ABC_DE
"3HG1_SE50W,VE51G,GE52P,IE53F,TE100M,EE102G,LE103W,FE104Q",-2.2953265,1.609467625617981,8,3HG1_ABC_DE
"3HG1_SE50W,VE51G,GE52P,IE53F,GE99N,TE100L,EE102G,LE103W",-2.980065,2.086492568254471,8,3HG1_ABC_DE
3HH2_VC15E,0.68439025,1.5006662607192993,1,3HH2_AB_C
3HH2_FC47E,0.71329606,4.8780670166015625,1,3HH2_AB_C
3HH2_IC51E,0.8621878,6.4660210609436035,1,3HH2_AB_C
3HH2_FC52E,0.8165921,10.028155326843262,1,3HH2_AB_C
3HH2_FC47A,1.3253078,4.644693374633789,1,3HH2_AB_C
3HH2_IC51A,0.71329606,6.198907375335693,1,3HH2_AB_C
3HH2_FC52A,1.2728442,9.251093864440918,1,3HH2_AB_C
"3IDX_WG13M,SG111T,WG200S,MG247A,CG14W,CG129V,CG27I,CG242Q",-1.8647987,1.1158361732959747,8,3IDX_HL_G
"3IDX_WG13M,MG247A,CG14W,CG129V,CG27I,CG242Q",-2.3490398,1.255283236503601,6,3IDX_HL_G
"3IDX_KG85C,EG122C,WG13M,MG247A,CG14W,CG129V,CG27I,CG242Q",-2.293745,2.097487300634384,8,3IDX_HL_G
"3IDX_WG13M,MG247A,CG14W,CG129V",-0.647829,-0.7262271046638489,4,3IDX_HL_G
"3IDX_KG85C,EG121C,WG13M,MG247A,CG14W,CG129V,CG27I,CG242Q",-2.1932714,2.150550425052643,8,3IDX_HL_G
"3IDX_TG41C,GG245C,WG13M,MG247A,CG14W,CG129V,CG27I,CG242Q",-2.3321114,2.914707362651825,8,3IDX_HL_G
"3IDX_CG27I,CG242Q,MG247A",-2.1745908,3.0306405226389566,3,3IDX_HL_G
"3IDX_CG27I,CG242Q",-2.4661415,5.035066246986389,2,3IDX_HL_G
"3IDX_WG13M,MG247A,CG14W,CG129V,KG85C,EG121C",-0.36182716,1.1189059019088745,6,3IDX_HL_G
"3IDX_KG85C,EG121C,CG27I,CG242Q",-2.378751,4.874705016613007,4,3IDX_HL_G
"3IDX_TG41C,GG245C,MG247A",0.4096376,5.004252751668294,3,3IDX_HL_G
3KBH_DA20A,0.8734072,-0.2242279052734375,1,3KBH_A_E
3KBH_YA23A,1.8127912,2.810145854949951,1,3KBH_A_E
3KBH_YA23F,1.615894,0.27795863151550293,1,3KBH_A_E
3KBH_YE17A,0.100018255,1.5698943138122559,1,3KBH_A_E
3KBH_SE54A,1.8573337,1.981605052947998,1,3KBH_A_E
3KBH_SE54T,2.4906719,2.3698792457580566,1,3KBH_A_E
3KUD_KB30A,1.9539144,-3.179826021194458,1,3KUD_A_B
"3KUD_KB30A,FB6W",2.1677976,-1.2043945789337158,2,3KUD_A_B
"3KUD_KB30A,VB33I",2.7589052,-1.5913086533546448,2,3KUD_A_B
"3KUD_KB30A,NB16R",0.76658607,-2.2942315340042114,2,3KUD_A_B
"3KUD_KB30A,FB6W,NB16R",1.2052376,-1.2560011545817058,3,3KUD_A_B
"3KUD_KB30A,FB6W,NB16R,VB33I",1.9539144,-0.9246313273906708,4,3KUD_A_B
"3KUD_KB30A,FB6W,RB12L,NB16R,VB33I",1.9666559,-1.1382479906082152,5,3KUD_A_B
"3KUD_KB30A,FB6W,VB14E,NB16R,VB33I",3.9646518,-0.03753139972686768,5,3KUD_A_B
"3KUD_KB30A,FB6W,RB12L,VB14E,NB16R,KB29R,VB33I",4.2063103,-0.08861032554081508,7,3KUD_A_B
3KUD_NB16R,-0.79807645,-1.350818395614624,1,3KUD_A_B
"3KUD_KB30A,TA35A",3.0406604,2.9397895336151123,2,3KUD_A_B
"3KUD_KB30A,TA35A,NB16R",1.5169225,1.4903140862782795,3,3KUD_A_B
3KUD_TA35A,1.9913449,9.059405326843262,1,3KUD_A_B
"3KUD_TA35A,NB16R",1.4893616,3.8542932271957397,2,3KUD_A_B
"3KUD_KB30A,YA32C,CA118S",2.897035,3.0234816869099936,3,3KUD_A_B
"3KUD_KB30A,YA32C,CA118S,NB16R",1.6597995,1.9154520630836487,4,3KUD_A_B
"3KUD_YA32C,CA118S",0.91014516,6.125136613845825,2,3KUD_A_B
"3KUD_YA32C,CA118S,NB16R",-0.035917178,3.63315216700236,3,3KUD_A_B
"3L5X_HL91Q,NL92D,EL93L,YL94G",-1.7859313,,4,3L5X_A_HL
"3L5X_NL92D,EL93W,YL94G",-1.6832762,,3,3L5X_A_HL
"3L5X_HL91Q,NL92D,EL93I,YL94G",-1.5510744,,4,3L5X_A_HL
"3L5X_NL92E,EL93W,YL94G",-1.5510744,,3,3L5X_A_HL
"3L5X_NL92D,EL93P,YL94G",-1.4706185,,3,3L5X_A_HL
"3L5X_HL91Q,NL92D,EL93Y,YL94G",-1.4521028,,4,3L5X_A_HL
"3L5X_NL92S,EL93W,YL94G",-1.2726197,,3,3L5X_A_HL
"3L5X_NL92E,EL93S,YL94G",-1.2659253,,3,3L5X_A_HL
"3L5X_NL92S,EL93H,YL94G",-1.2462842,,3,3L5X_A_HL
"3L5X_NL92F,EL93W,YL94G",-1.2335428,,3,3L5X_A_HL
"3L5X_NL92D,EL93W,YL94E",-1.1968846,,3,3L5X_A_HL
"3L5X_NL92S,EL93Y,YL94G",-0.9646185,,3,3L5X_A_HL
"3L5X_HL91P,NL92L,EL93D,YL94V",-0.8586067,,4,3L5X_A_HL
"3L5X_NL92V,EL93W,YL94G",-0.8356278,,3,3L5X_A_HL
3L5X_YL94A,-0.82922286,,1,3L5X_A_HL
"3L5X_NL92L,EL93M,YL94G",-0.82604617,,3,3L5X_A_HL
"3L5X_HL91P,NL92L,EL93D,YL94T",-0.8104133,,4,3L5X_A_HL
"3L5X_NL92D,EL93Y,YL94A",-0.8073356,,3,3L5X_A_HL
"3L5X_NL92S,EL93I,YL94G",-0.8073356,,3,3L5X_A_HL
"3L5X_EL93H,YL94G",-0.76299185,,2,3L5X_A_HL
"3L5X_NL92D,EL93W,YL94S",-0.7164474,,3,3L5X_A_HL
"3L5X_NL92L,EL93N,YL94G",-0.6957483,,3,3L5X_A_HL
"3L5X_NL92L,EL93D,YL94S",-0.68068516,,3,3L5X_A_HL
"3L5X_HL91P,NL92I,EL93D,YL94A",-0.64695925,,4,3L5X_A_HL
"3L5X_HL91P,NL92L,EL93D,YL94S",-0.63307303,,4,3L5X_A_HL
"3L5X_NL92L,EL93L,YL94G",-0.6262501,,3,3L5X_A_HL
"3L5X_NL92L,EL93D,YL94S",-0.5539621,,3,3L5X_A_HL
"3L5X_NL92D,EL93N,YL94S",-0.5342775,,3,3L5X_A_HL
"3L5X_NL92D,EL93R,YL94D",-0.5227732,,3,3L5X_A_HL
"3L5X_NL92S,EL93V,YL94G",-0.5171038,,3,3L5X_A_HL
"3L5X_NL92V,EL93G,YL94G",-0.46320736,,3,3L5X_A_HL
"3L5X_HL91P,NL92L,YL94A",-0.44461247,,3,3L5X_A_HL
"3L5X_NL92D,EL93L,YL94G",-0.42982095,,3,3L5X_A_HL
"3L5X_EL93F,YL94G",-0.42820004,,2,3L5X_A_HL
"3L5X_NL92S,EL93W,YL94A",-0.3031637,,3,3L5X_A_HL
"3L5X_NL92S,EL93S,YL94G",-0.24932429,,3,3L5X_A_HL
3LB6_IA10A,3.7231317,,1,3LB6_A_C
3LB6_KA100A,5.8144255,,1,3LB6_A_C
3LB6_KA101A,2.5452716,,1,3LB6_A_C
3LB6_FA103A,5.1173067,,1,3LB6_A_C
3LNZ_AB8N,1.1117365,1.1304407119750977,1,3LNZ_A_B
3LZF_DA187E,0.49858814,-0.1948481798171997,1,3LZF_AB_HL
3LZF_DA222G,0.5380996,0.10200178623199463,1,3LZF_AB_HL
"3LZF_DA187E,DA222G",0.12744316,-0.05122917890548706,2,3LZF_AB_HL
3M62_EA32A,0.82971656,0.5790719985961914,1,3M62_A_B
3M62_DA46A,2.800001,4.848461151123047,1,3M62_A_B
3M62_LA50A,2.8292637,2.5524747371673584,1,3M62_A_B
3M62_TA54A,0.016689893,3.8280744552612305,1,3M62_A_B
3M62_EA55A,1.051574,1.2803826332092285,1,3M62_A_B
3M62_RA98A,0.7886926,5.302228927612305,1,3M62_A_B
3M62_GA102A,1.2648917,8.921915054321289,1,3M62_A_B
3M62_YA103A,4.4772186,13.997020721435547,1,3M62_A_B
3M62_IA110A,1.8539385,4.583824634552002,1,3M62_A_B
3M62_FB7A,0.9959674,-0.7236423492431641,1,3M62_A_B
3M62_KB8A,0.49712712,1.182497501373291,1,3M62_A_B
3M62_IB43A,2.8837805,6.644864559173584,1,3M62_A_B
3M62_SB45A,1.2787393,1.7067365646362305,1,3M62_A_B
3M62_VB48A,1.0904373,4.69793176651001,1,3M62_A_B
3M62_QB50A,1.0544361,2.909907341003418,1,3M62_A_B
3M62_QB65A,0.28372085,1.5607571601867676,1,3M62_A_B
3M62_VB67A,1.1381687,2.0607047080993652,1,3M62_A_B
3M62_MB69A,0.6811228,2.3760812282562256,1,3M62_A_B
3M63_EA33A,0.6463438,0.5854839086532593,1,3M63_A_B
3M63_DA46A,2.234206,3.044767379760742,1,3M63_A_B
3M63_LA50A,0.57642084,1.421891689300537,1,3M63_A_B
3M63_TA54A,0.31137705,3.5536561012268066,1,3M63_A_B
3M63_EA55A,0.3463516,0.4468984603881836,1,3M63_A_B
3M63_RA98A,-0.18529274,5.9262189865112305,1,3M63_A_B
3M63_GA102A,0.12470666,8.04987907409668,1,3M63_A_B
3M63_YA103A,3.6505766,14.67269515991211,1,3M63_A_B
3M63_VA106A,1.8389388,7.119228363037109,1,3M63_A_B
3M63_IA110A,1.0890924,5.062745094299316,1,3M63_A_B
3M63_FA113A,1.7915174,6.3499436378479,1,3M63_A_B
"3M63_GB8F,QB9K,SB65Q,HB67V,VB69M",0.18712771,1.1090898990631104,5,3M63_A_B
3MZG_HA33A,0.20430143,-0.5359182357788086,1,3MZG_A_B
3MZG_HA33A,0.037430465,-0.535916805267334,1,3MZG_A_B
3MZG_HA33A,0.09897152,-0.5359182357788086,1,3MZG_A_B
3MZG_HA33A,0.15346456,-0.5359170436859131,1,3MZG_A_B
3MZG_HA33A,0.17804042,-0.5359172821044922,1,3MZG_A_B
3MZG_HA33A,0.1668838,-0.5359177589416504,1,3MZG_A_B
3MZG_HA46A,0.033863615,7.541596412658691,1,3MZG_A_B
3MZG_HA46A,0.5680728,7.541595458984375,1,3MZG_A_B
3MZG_HA46A,0.5623761,7.541597843170166,1,3MZG_A_B
3MZG_HA46A,0.6047833,7.541595935821533,1,3MZG_A_B
3MZG_HA46A,0.42363033,7.5415940284729,1,3MZG_A_B
3MZG_HA46A,0.25973645,7.541592121124268,1,3MZG_A_B
3MZG_HA84A,-0.062421046,5.9870524406433105,1,3MZG_A_B
3MZG_HA84A,0.0102149425,5.987059116363525,1,3MZG_A_B
3MZG_HA84A,0.033075675,5.987054347991943,1,3MZG_A_B
3MZG_HA84A,0.19054352,5.987054347991943,1,3MZG_A_B
3MZG_HA84A,0.20338982,5.987061023712158,1,3MZG_A_B
3MZG_HA84A,0.101365276,5.98705530166626,1,3MZG_A_B
3MZG_HA125A,-0.39687786,-0.34383106231689453,1,3MZG_A_B
3MZG_HA125A,-0.46173832,-0.3438282012939453,1,3MZG_A_B
3MZG_HA125A,-0.15275137,-0.34383296966552734,1,3MZG_A_B
3MZG_HA125A,0.05744243,-0.34383392333984375,1,3MZG_A_B
3MZG_HA125A,0.1682476,-0.34383106231689453,1,3MZG_A_B
3MZG_HA125A,0.09897152,-0.34383630752563477,1,3MZG_A_B
3MZG_HA160A,0.1251905,2.0045337677001953,1,3MZG_A_B
3MZG_HA160A,1.0908461,2.0045337677001953,1,3MZG_A_B
3MZG_HA160A,1.216897,2.0045342445373535,1,3MZG_A_B
3MZG_HA160A,1.2081542,2.0045323371887207,1,3MZG_A_B
3MZG_HA160A,1.0331719,2.004533290863037,1,3MZG_A_B
3MZG_HA160A,0.86764306,2.0045342445373535,1,3MZG_A_B
3MZG_HA182A,-0.2611351,1.0381600856781006,1,3MZG_A_B
3MZG_HA182A,0.36605144,1.0381593704223633,1,3MZG_A_B
3MZG_HA182A,0.6841716,1.0381581783294678,1,3MZG_A_B
3MZG_HA182A,0.6901731,1.0381596088409424,1,3MZG_A_B
3MZG_HA14A,-0.09132688,-0.6849370002746582,1,3MZG_A_B
3MZG_HA14A,-0.14770088,-0.6849408149719238,1,3MZG_A_B
3MZG_HA14A,-0.37473926,-0.6849422454833984,1,3MZG_A_B
3MZG_HA14A,-0.1987515,-0.6849393844604492,1,3MZG_A_B
3MZG_HA14A,-0.16787863,-0.684941291809082,1,3MZG_A_B
3MZG_HA14A,-0.07655175,-0.6849346160888672,1,3MZG_A_B
3MZG_HA14A,0.1265324,-0.6849417686462402,1,3MZG_A_B
3MZG_HA14A,0.12301635,-0.6849398612976074,1,3MZG_A_B
3MZG_HA14A,0.29176867,-0.6849398612976074,1,3MZG_A_B
3MZG_HA14A,0.3238009,-0.6849360466003418,1,3MZG_A_B
3MZG_HA167A,-0.68627405,0.6290301084518433,1,3MZG_A_B
3MZG_HA167A,0.734086,0.629024863243103,1,3MZG_A_B
3MZG_HA167A,1.6697221,0.6290282011032104,1,3MZG_A_B
3MZG_HA167A,1.4450119,0.629029393196106,1,3MZG_A_B
3MZG_HA167A,1.481518,0.6290196180343628,1,3MZG_A_B
3MZG_HA167A,1.8215219,0.6290253400802612,1,3MZG_A_B
3MZG_HA167A,1.6300702,0.6290258169174194,1,3MZG_A_B
3MZG_HA167A,1.6149025,0.6290258169174194,1,3MZG_A_B
3MZG_HA167A,1.535409,0.6290267705917358,1,3MZG_A_B
3MZG_HA17A,-0.8744038,5.705580234527588,1,3MZG_A_B
3MZG_HA17A,-0.2971027,5.705573558807373,1,3MZG_A_B
3MZG_HA17A,-0.22198787,5.705580234527588,1,3MZG_A_B
3MZG_HA17A,0.09047991,5.7055745124816895,1,3MZG_A_B
3MZG_HA17A,0.28704792,5.705575942993164,1,3MZG_A_B
3MZG_HA17A,0.28069448,5.705575942993164,1,3MZG_A_B
3MZG_HA17A,0.28546593,5.705568313598633,1,3MZG_A_B
3MZG_HA17A,0.36323497,5.705574035644531,1,3MZG_A_B
3MZG_HA17A,0.38309553,5.705573081970215,1,3MZG_A_B
3MZG_HA17A,0.3238009,5.7055792808532715,1,3MZG_A_B
3MZG_HB188A,-0.44731462,1.6108908653259277,1,3MZG_A_B
3MZG_HB188A,1.0568107,1.610884666442871,1,3MZG_A_B
3MZG_HB188A,2.0351312,1.610888957977295,1,3MZG_A_B
3MZG_HB188A,1.9281298,1.6108918190002441,1,3MZG_A_B
3MZG_HB188A,2.094157,1.6108908653259277,1,3MZG_A_B
3MZG_HB188A,2.442555,1.610884189605713,1,3MZG_A_B
3MZG_HB188A,2.2926395,1.6108884811401367,1,3MZG_A_B
3MZG_HB188A,2.3429003,1.610884189605713,1,3MZG_A_B
3MZG_HB188A,2.2499032,1.610888957977295,1,3MZG_A_B
3MZG_HA167A,0.26777947,0.6290239095687866,1,3MZG_A_B
3MZG_HA167A,0.77655095,0.6290239095687866,1,3MZG_A_B
3MZG_HA167A,1.0553277,0.6290260553359985,1,3MZG_A_B
3MZG_HA167A,1.7124065,0.6290231943130493,1,3MZG_A_B
3MZG_HA167A,2.0376904,0.629024863243103,1,3MZG_A_B
3MZG_HA167A,2.2031703,0.6290229558944702,1,3MZG_A_B
3MZG_HA167A,2.0335617,0.6290229558944702,1,3MZG_A_B
3MZG_HA167A,2.4553313,0.6290267705917358,1,3MZG_A_B
3MZG_HA167A,2.2729511,0.6290220022201538,1,3MZG_A_B
3MZG_HA167A,2.2118194,0.6290234327316284,1,3MZG_A_B
"3MZG_HA167A,HB188A",-0.23726372,1.1199586987495422,2,3MZG_A_B
"3MZG_HA167A,HB188A",1.3352653,1.119958221912384,2,3MZG_A_B
"3MZG_HA167A,HB188A",2.8023236,1.1199560761451721,2,3MZG_A_B
"3MZG_HA167A,HB188A",2.929169,1.1199604868888855,2,3MZG_A_B
"3MZG_HA167A,HB188A",3.3302264,1.1199572682380676,2,3MZG_A_B
"3MZG_HA167A,HB188A",3.4945364,1.119956910610199,2,3MZG_A_B
"3MZG_HA167A,HB188A",3.4681423,1.1199557185173035,2,3MZG_A_B
"3MZG_HA167A,HB188A",3.3926997,1.1199564337730408,2,3MZG_A_B
"3MZG_HA167A,HB188A",3.3738556,1.1199564337730408,2,3MZG_A_B
3MZW_NB18T,-0.14522329,5.041543006896973,1,3MZW_A_B
3MZW_NB18G,0.072635986,3.8520328998565674,1,3MZW_A_B
3MZW_NB18A,0.025214529,6.434115886688232,1,3MZW_A_B
"3MZW_NB1E,NB18T",0.38432088,1.759907066822052,2,3MZW_A_B
"3MZW_NB1A,NB18T",0.34248337,2.254298210144043,2,3MZW_A_B
"3MZW_NB18T,AB49S",0.09499532,3.310041666030884,2,3MZW_A_B
"3MZW_NB18T,AB37S,AB41S,AB49S",-0.11319105,2.1566435992717743,4,3MZW_A_B
"3MZW_NB1A,NB18T,AB37S,AB41S,AB49S",0.025214529,1.6033130884170532,5,3MZW_A_B
"3MZW_NB1E,NB18T,AB37S,AB41S,AB49S",0.2816657,1.4170724391937255,5,3MZW_A_B
"3MZW_NB1A,NB18T,AB37S,AB41S,AB49S",-0.08280224,1.6033133268356323,5,3MZW_A_B
"3MZW_NB18T,SB28A",-0.21500409,2.0820353031158447,2,3MZW_A_B
"3MZW_NB18T,SB28K",-0.21500409,2.6606662273406982,2,3MZW_A_B
"3MZW_NB18T,DB31A",0.7081218,2.052850842475891,2,3MZW_A_B
"3MZW_NB18T,DB31K",1.2189478,2.045691967010498,2,3MZW_A_B
"3MZW_NB18T,DB32E",0.21388307,3.21357262134552,2,3MZW_A_B
"3MZW_NB18T,EB42A",-0.33802044,2.815631866455078,2,3MZW_A_B
"3MZW_NB18T,LB46T",-0.17908691,4.549895524978638,2,3MZW_A_B
"3MZW_NB18T,LB46Y",-0.026335536,6.406229257583618,2,3MZW_A_B
"3MZW_NB18T,NB38E,AB49S",0.13733132,1.7918432553609211,3,3MZW_A_B
"3MZW_NB18T,AB37S,AB41S,LB46T",-0.14522329,2.8399257361888885,4,3MZW_A_B
"3MZW_NB18T,AB37S,AB41S,LB46Y",-0.053896412,3.729390949010849,4,3MZW_A_B
"3MZW_NB1A,NB18T,SB28K,AB37S,AB41S,AB49S",-0.21500409,1.3871170083681743,6,3MZW_A_B
"3MZW_NB1A,NB18T,SB28K,DB31A,AB37S,AB41S,AB49S",0.4480869,1.0983102832521712,7,3MZW_A_B
"3MZW_NB1A,NB18T,SB28K,DB32E,AB37S,AB41S,AB49S",-0.67990965,1.4398313420159476,7,3MZW_A_B
"3MZW_NB1A,NB18T,SB28K,AB37S,NB38E,AB41S,AB49S",-0.25324005,1.0311649356569563,7,3MZW_A_B
"3MZW_NB1A,NB18T,SB28K,AB37S,NB38E,AB41S,AB49S",-0.14522329,1.0311646972383772,7,3MZW_A_B
"3MZW_NB1A,NB18T,SB28K,AB37S,AB41S,EB42A,AB49S",-0.3854419,1.3571985960006714,7,3MZW_A_B
"3MZW_NB1A,NB18T,SB28K,AB37S,AB41S,EB42A,AB49S",-0.08280224,1.3571988003594535,7,3MZW_A_B
"3MZW_NB1A,NB18T,SB28K,AB37S,NB38E,AB41S,AB49S",0.5680728,1.0311648675373621,7,3MZW_A_B
"3MZW_NB1A,NB18T,SB28K,AB37S,NB38E,AB41S,AB49S",0.7081218,1.0311651059559412,7,3MZW_A_B
3N06_AA14H,0.09132688,0.7051639556884766,1,3N06_A_B
3N06_AA14H,0.14770088,0.7051620483398438,1,3N06_A_B
3N06_AA14H,0.37473926,0.7051668167114258,1,3N06_A_B
3N06_AA14H,0.1987515,0.7051644325256348,1,3N06_A_B
3N06_AA14H,0.16787863,0.7051634788513184,1,3N06_A_B
3N06_AA14H,0.07655175,0.705164909362793,1,3N06_A_B
3N06_AA14H,-0.1265324,0.705164909362793,1,3N06_A_B
3N06_AA14H,-0.12301635,0.7051634788513184,1,3N06_A_B
3N06_AA14H,-0.29176867,0.705164909362793,1,3N06_A_B
3N06_AA14H,-0.3238009,0.7051620483398438,1,3N06_A_B
3N0P_AA17H,0.8744038,6.4747233390808105,1,3N0P_A_B
3N0P_AA17H,0.2971027,6.474720001220703,1,3N0P_A_B
3N0P_AA17H,0.22198787,6.4747233390808105,1,3N0P_A_B
3N0P_AA17H,-0.09047991,6.4747233390808105,1,3N0P_A_B
3N0P_AA17H,-0.28704792,6.474722385406494,1,3N0P_A_B
3N0P_AA17H,-0.28069448,6.474717617034912,1,3N0P_A_B
3N0P_AA17H,-0.28546593,6.474715232849121,1,3N0P_A_B
3N0P_AA17H,-0.36323497,6.474722385406494,1,3N0P_A_B
3N0P_AA17H,-0.38309553,6.474722385406494,1,3N0P_A_B
3N0P_AA17H,-0.3238009,6.474721431732178,1,3N0P_A_B
3N4I_EA79D,4.384282,2.657376766204834,1,3N4I_A_B
3N85_WL91F,0.13965416,-2.8200523853302,1,3N85_A_LH
3N85_WL94Y,-0.038736146,-0.3654186725616455,1,3N85_A_LH
3N85_WH30K,-0.78495467,2.9930737018585205,1,3N85_A_LH
3N85_WH30R,-0.5542155,1.81276535987854,1,3N85_A_LH
3N85_SH32Y,0.057148077,10.435060501098633,1,3N85_A_LH
3N85_SH32A,-0.13407966,2.901944160461426,1,3N85_A_LH
3N85_SH50G,0.48788953,4.735098361968994,1,3N85_A_LH
3N85_SH52Y,-0.78495467,2.3909263610839844,1,3N85_A_LH
3N85_WH100F,-0.015191909,0.7028616666793823,1,3N85_A_LH
3N85_WH100F,-0.015191909,0.7028616666793823,1,3N85_A_LH
3NCB_AA167H,0.68627405,0.7585961818695068,1,3NCB_A_B
3NCB_AA167H,-0.734086,0.7585968971252441,1,3NCB_A_B
3NCB_AA167H,-1.6697221,0.7585976123809814,1,3NCB_A_B
3NCB_AA167H,-1.4450119,0.7585961818695068,1,3NCB_A_B
3NCB_AA167H,-1.481518,0.7585976123809814,1,3NCB_A_B
3NCB_AA167H,-1.8215219,0.7585973739624023,1,3NCB_A_B
3NCB_AA167H,-1.6300702,0.7585947513580322,1,3NCB_A_B
3NCB_AA167H,-1.6149025,0.7585995197296143,1,3NCB_A_B
3NCB_AA167H,-1.535409,0.758596658706665,1,3NCB_A_B
3NCB_AA167H,-0.26777947,0.7585947513580322,1,3NCB_A_B
3NCB_AA167H,-0.77655095,0.7585952281951904,1,3NCB_A_B
3NCB_AA167H,-1.0553277,0.7585964202880859,1,3NCB_A_B
3NCB_AA167H,-1.7124065,0.7585971355438232,1,3NCB_A_B
3NCB_AA167H,-2.0376904,0.7585961818695068,1,3NCB_A_B
3NCB_AA167H,-2.2031703,0.7585983276367188,1,3NCB_A_B
3NCB_AA167H,-2.0335617,0.7585971355438232,1,3NCB_A_B
3NCB_AA167H,-2.4553313,0.7585952281951904,1,3NCB_A_B
3NCB_AA167H,-2.2729511,0.7585961818695068,1,3NCB_A_B
3NCB_AA167H,-2.2118194,0.7585952281951904,1,3NCB_A_B
3NCC_AB188H,0.44731462,-1.6599664688110352,1,3NCC_A_B
3NCC_AB188H,-1.0568107,-1.6599664688110352,1,3NCC_A_B
3NCC_AB188H,-2.0351312,-1.6599650382995605,1,3NCC_A_B
3NCC_AB188H,-1.9281298,-1.6599678993225098,1,3NCC_A_B
3NCC_AB188H,-2.094157,-1.659968376159668,1,3NCC_A_B
3NCC_AB188H,-2.442555,-1.6599664688110352,1,3NCC_A_B
3NCC_AB188H,-2.2926395,-1.6599676609039307,1,3NCC_A_B
3NCC_AB188H,-2.3429003,-1.6599678993225098,1,3NCC_A_B
3NCC_AB188H,-2.2499032,-1.6599669456481934,1,3NCC_A_B
3NGB_TH33Y,0.084231555,-0.5259885787963867,1,3NGB_HL_G
3NGB_GH55S,0.74337626,7.521461486816406,1,3NGB_HL_G
3NGB_AH57G,-0.056055423,2.7353501319885254,1,3NGB_HL_G
3NGB_VH58T,0.13793397,1.6656713485717773,1,3NGB_HL_G
3NGB_PH63K,0.23262739,7.195049285888672,1,3NGB_HL_G
3NGB_VH74T,0.1650131,2.0765395164489746,1,3NGB_HL_G
3NGB_YH75S,0.33271983,-1.409743309020996,1,3NGB_HL_G
3NGB_IH30T,0.073426664,-2.927084445953369,1,3NGB_HL_G
3NGB_KH52N,0.17504837,0.48166346549987793,1,3NGB_HL_G
3NGB_RH54N,0.046471257,1.1405935287475586,1,3NGB_HL_G
3NGB_RH62Q,0.09659315,0.6881959438323975,1,3NGB_HL_G
3NGB_YL26S,0.65156037,-1.8861346244812012,1,3NGB_HL_G
"3NGB_AH57G,VH58T,PH63K,VH74T",1.6741705,3.374658018350601,4,3NGB_HL_G
"3NGB_TH33Y,GH56S,AH57G,VH58T,PH63K,VH74T,YH75S",1.9390616,3.562276227133615,7,3NGB_HL_G
"3NGB_IH30T,KH52N,RH54N,GH55S,AH57G,VH58T,RH62Q,PH63K,VH74T,YH75S,YL26S",0.8625306,1.411294080994346,11,3NGB_HL_G
"3NGB_CH32S,CH102A",0.2591139,-2.991913318634033,2,3NGB_HL_G
3NGB_IH30A,-0.0026991025,-0.33903932571411133,1,3NGB_HL_G
3NGB_TH33A,0.69580543,-0.38307666778564453,1,3NGB_HL_G
3NGB_WH47A,1.1828623,2.1236391067504883,1,3NGB_HL_G
3NGB_WH50A,1.2710462,5.892323017120361,1,3NGB_HL_G
3NGB_KH52A,0.6128784,0.48580288887023926,1,3NGB_HL_G
3NGB_RH54A,-0.2552182,-0.9472873210906982,1,3NGB_HL_G
3NGB_GH55A,-1.2561543,7.777114391326904,1,3NGB_HL_G
3NGB_GH56A,1.2452834,14.27003288269043,1,3NGB_HL_G
3NGB_VH58A,1.3366102,6.584068298339844,1,3NGB_HL_G
3NGB_NH59A,1.738742,2.646240711212158,1,3NGB_HL_G
3NGB_YH60A,0.53961784,4.189646244049072,1,3NGB_HL_G
3NGB_RH62A,0.97985023,1.5872972011566162,1,3NGB_HL_G
3NGB_PH63A,-0.041837517,8.339136123657227,1,3NGB_HL_G
3NGB_QH65A,-0.3349213,3.498838186264038,1,3NGB_HL_G
3NGB_MH70A,0.5220299,3.6230597496032715,1,3NGB_HL_G
3NGB_RH72A,1.6168255,-5.106151580810547,1,3NGB_HL_G
3NGB_VH74A,1.0704406,1.5927575826644897,1,3NGB_HL_G
3NGB_YH75A,-0.19612087,-2.1568171977996826,1,3NGB_HL_G
3NGB_DH103A,0.05890981,-0.233964204788208,1,3NGB_HL_G
3NGB_YH104A,1.4007215,2.009265422821045,1,3NGB_HL_G
3NGB_NH105A,1.1006083,0.6044521331787109,1,3NGB_HL_G
3NGB_WH106A,4.3908286,6.0751142501831055,1,3NGB_HL_G
3NGB_VL1A,-0.760942,0.08751463890075684,1,3NGB_HL_G
3NGB_QL25A,-0.22690453,0.7522790431976318,1,3NGB_HL_G
3NGB_YL26A,0.9694561,-1.7212443351745605,1,3NGB_HL_G
3NGB_SL28A,-0.14238751,0.323742151260376,1,3NGB_HL_G
3NGB_YL87A,1.9902998,4.719421863555908,1,3NGB_HL_G
3NGB_EL88A,1.2987503,0.6963510513305664,1,3NGB_HL_G
3NGB_FL89A,0.8450669,-0.08400607109069824,1,3NGB_HL_G
3NPS_QA23A,0.026335536,2.349078893661499,1,3NPS_A_BC
3NPS_IA26A,0.6418298,1.0603618621826172,1,3NPS_A_BC
3NPS_IA45A,-0.3319664,5.52175235748291,1,3NPS_A_BC
3NPS_DA46A,0.34013882,5.334632873535156,1,3NPS_A_BC
3NPS_DA47A,1.0679485,6.786150932312012,1,3NPS_A_BC
3NPS_RA48A,-1.0632169,-1.5675721168518066,1,3NPS_A_BC
3NPS_FA50A,0.21966907,7.479264736175537,1,3NPS_A_BC
3NPS_RA51A,0.13823023,-0.7698208093643188,1,3NPS_A_BC
3NPS_YA52A,0.45209214,4.269361972808838,1,3NPS_A_BC
3NPS_RA82A,-0.1516633,2.7589430809020996,1,3NPS_A_BC
3NPS_FA89A,1.572108,14.101469993591309,1,3NPS_A_BC
3NPS_NA90A,0.2535327,7.470987796783447,1,3NPS_A_BC
3NPS_DA91A,1.5077089,1.9881181716918945,1,3NPS_A_BC
3NPS_FA92A,0.46374732,-0.7659854888916016,1,3NPS_A_BC
3NPS_TA93A,0.7241365,7.422171115875244,1,3NPS_A_BC
3NPS_HA138A,1.8759315,3.2897286415100098,1,3NPS_A_BC
3NPS_QA140A,0.2958687,0.2438211441040039,1,3NPS_A_BC
3NPS_YA141A,1.7756685,9.228890419006348,1,3NPS_A_BC
3NPS_TA144A,0.17504837,1.1502621173858643,1,3NPS_A_BC
3NPS_LA147A,0.2958687,-2.359736680984497,1,3NPS_A_BC
3NPS_EA163A,0.6156237,1.1480956077575684,1,3NPS_A_BC
3NPS_QA168A,-0.059250355,-0.25560736656188965,1,3NPS_A_BC
3NPS_QA169A,0.74123937,2.709216594696045,1,3NPS_A_BC
3NPS_DA214A,1.4673998,1.9931799173355103,1,3NPS_A_BC
3NPS_QA218A,-0.040935077,1.1982982158660889,1,3NPS_A_BC
3NPS_RA219A,-0.083939426,0.36246275901794434,1,3NPS_A_BC
3NPS_KA221A,-0.10365678,3.6086440086364746,1,3NPS_A_BC
3NVN_RA193E,2.4865458,0.5198583602905273,1,3NVN_B_A
3NVN_RB186S,1.2686275,1.2860918045043945,1,3NVN_B_A
3NVQ_RA157E,1.5458552,2.9836816787719727,1,3NVQ_B_A
3NVQ_RA159E,1.5608547,-1.9077732563018799,1,3NVQ_B_A
3PWP_GC2L,-0.63418514,-1.0961251258850098,1,3PWP_ABC_DE
"3PWP_GC2L,IC9V",-0.38579464,-0.9014409184455872,2,3PWP_ABC_DE
3Q3J_YB100F,0.21131277,0.5610916018486023,1,3Q3J_A_B
3Q8D_RA202A,0.45807788,1.6620843410491943,1,3Q8D_A_E
3Q8D_RA202E,1.3835975,2.1795947551727295,1,3Q8D_A_E
3Q8D_RA209A,1.3232962,4.715523719787598,1,3Q8D_A_E
3Q8D_RA209E,3.0309818,4.881404876708984,1,3Q8D_A_E
3Q8D_FA227A,0.30263966,0.8799586296081543,1,3Q8D_A_E
3Q8D_FA227D,3.0309818,6.855116844177246,1,3Q8D_A_E
3Q8D_RA228A,0.35910636,0.04494154453277588,1,3Q8D_A_E
3Q8D_RA228E,1.2067547,0.012909889221191406,1,3Q8D_A_E
3Q8D_RA131A,3.0309818,10.166715621948242,1,3Q8D_A_E
3Q8D_RA97A,0.45807788,6.463189125061035,1,3Q8D_A_E
3Q8D_RA12A,0.35910636,2.85606050491333,1,3Q8D_A_E
3QDG_DD26W,-1.5622689,4.800686359405518,1,3QDG_ABC_DE
3QDG_DD26Y,-1.7938383,0.7667969465255737,1,3QDG_ABC_DE
3QDG_RD27W,0.59648347,2.6771225929260254,1,3QDG_ABC_DE
3QDG_LE95W,-0.7029923,2.952794313430786,1,3QDG_ABC_DE
3QDG_FE97W,0.9345039,3.0577139854431152,1,3QDG_ABC_DE
3QDG_TE99F,-0.038651876,7.260343551635742,1,3QDG_ABC_DE
3QDG_GD28I,0.86633086,3.8049635887145996,1,3QDG_ABC_DE
3QDG_GD28L,1.3886056,2.5115818977355957,1,3QDG_ABC_DE
3QDG_GD28Y,1.5025767,-0.4547572135925293,1,3QDG_ABC_DE
3QDG_RD27P,0.13840558,1.6791462898254395,1,3QDG_ABC_DE
3QDG_GD28P,1.0919203,9.665353775024414,1,3QDG_ABC_DE
3QDG_AE52P,-0.06589585,3.5299856662750244,1,3QDG_ABC_DE
3QDG_GD28N,0.8517017,0.34141087532043457,1,3QDG_ABC_DE
3QDG_FE97Y,1.39456,0.22522354125976562,1,3QDG_ABC_DE
"3QDG_DD26W,LE95W",-3.3547828,3.8767420053482056,2,3QDG_ABC_DE
"3QDG_DD26Y,LE95W",-3.5434513,1.8597919344902039,2,3QDG_ABC_DE
3QDJ_DD26W,-2.1718638,1.870917797088623,1,3QDJ_ABC_DE
3QDJ_DD26Y,-1.3372369,-1.550216794013977,1,3QDJ_ABC_DE
3QDJ_RD27W,0.21679848,2.5368752479553223,1,3QDJ_ABC_DE
3QDJ_LE95W,-0.80769265,2.8911280632019043,1,3QDJ_ABC_DE
3QDJ_FE97W,0.38962042,0.27762651443481445,1,3QDJ_ABC_DE
3QDJ_TE99F,-0.27570537,5.008083343505859,1,3QDJ_ABC_DE
3QDJ_GD28I,-0.10526757,5.348908424377441,1,3QDJ_ABC_DE
3QDJ_GD28L,0.65545,4.497016429901123,1,3QDJ_ABC_DE
3QDJ_GD28Y,0.55647844,1.5481318235397339,1,3QDJ_ABC_DE
3QDJ_RD27P,0.03995572,2.6677699089050293,1,3QDJ_ABC_DE
3QDJ_GD28P,1.22504,10.178374290466309,1,3QDJ_ABC_DE
3QDJ_AE52P,0.2071649,4.3918890953063965,1,3QDJ_ABC_DE
3QDJ_GD28N,0.41065642,2.172194480895996,1,3QDJ_ABC_DE
3QDJ_FE97Y,0.77846634,-0.5703639984130859,1,3QDJ_ABC_DE
"3QDJ_DD26W,LE95W",-2.53097,2.3810248374938965,2,3QDJ_ABC_DE
"3QDJ_DD26Y,LE95W",-1.9139587,0.6704557538032532,2,3QDJ_ABC_DE
3QDJ_AC2L,2.2999992,2.074366331100464,1,3QDJ_ABC_DE
3QFJ_FC5Y,-0.17043781,1.385951280593872,1,3QFJ_ABC_DE
3QHY_NB10A,2.2552648,-1.337233543395996,1,3QHY_A_B
3QHY_DB12A,2.2552648,-3.299197196960449,1,3QHY_A_B
3QHY_WB13A,2.8636954,3.9251902103424072,1,3QHY_A_B
3QHY_TB17A,0.056466706,4.096331596374512,1,3QHY_A_B
3QHY_YB33A,2.9032068,2.107900381088257,1,3QHY_A_B
3QHY_FB34A,3.9844966,2.2688820362091064,1,3QHY_A_B
3QHY_LB51A,0.81635505,3.228534698486328,1,3QHY_A_B
3QHY_NB72A,1.6057048,-0.2740490436553955,1,3QHY_A_B
3QHY_YB73A,0.8012278,0.5461905002593994,1,3QHY_A_B
3QHY_DB91A,1.8893908,0.35135841369628906,1,3QHY_A_B
3QHY_WB112A,3.7898736,1.5293331146240234,1,3QHY_A_B
3QHY_DB127A,0.38026762,-1.3273329734802246,1,3QHY_A_B
3QHY_SB129A,-0.08478038,1.1688166856765747,1,3QHY_A_B
3QHY_DB130A,0.9613618,-1.1657381057739258,1,3QHY_A_B
3QHY_YB151A,3.4235926,5.323764801025391,1,3QHY_A_B
3QHY_DB166A,3.498105,-2.67313289642334,1,3QHY_A_B
3QHY_YB168A,1.7433984,0.5183649063110352,1,3QHY_A_B
3QHY_FB169A,2.0624676,3.183488130569458,1,3QHY_A_B
3QHY_IB189A,3.067735,-1.0791797637939453,1,3QHY_A_B
3QHY_FB190A,3.0754795,3.111008644104004,1,3QHY_A_B
3QHY_YB208A,0.24021861,1.005706787109375,1,3QHY_A_B
3QHY_EB228A,3.0129364,-1.641118049621582,1,3QHY_A_B
3QHY_WB229A,5.4324994,3.4274868965148926,1,3QHY_A_B
3QHY_RB246A,0.5349058,1.9466603994369507,1,3QHY_A_B
3QHY_NB264A,2.6958709,0.5319733619689941,1,3QHY_A_B
3QIB_RC89P,-0.11936844,-3.5520589351654053,1,3QIB_ABP_CD
3QIB_NC94P,0.78681296,4.539423942565918,1,3QIB_ABP_CD
3QIB_LD95P,-0.3697238,4.743208885192871,1,3QIB_ABP_CD
3QIB_QA57A,0.2648344,1.0054678916931152,1,3QIB_ABP_CD
3QIB_AA61G,0.8922893,3.0294594764709473,1,3QIB_ABP_CD
3QIB_AA64G,0.6100001,5.816587448120117,1,3QIB_ABP_CD
3QIB_KA67A,0.56609464,0.6947712898254395,1,3QIB_ABP_CD
3QIB_AA68G,0.8450669,4.011815547943115,1,3QIB_ABP_CD
3QIB_EA75A,0.0,0.6940257549285889,1,3QIB_ABP_CD
3QIB_EB57A,0.0,2.497939348220825,1,3QIB_ABP_CD
3QIB_SB61A,0.026335536,1.625192403793335,1,3QIB_ABP_CD
3QIB_QB62A,1.7639565,5.395557880401611,1,3QIB_ABP_CD
3QIB_EB64A,1.2128121,1.5869691371917725,1,3QIB_ABP_CD
3QIB_EB67A,1.8214198,2.416325569152832,1,3QIB_ABP_CD
3QIB_AB71G,2.204041,6.826562404632568,1,3QIB_ABP_CD
3QIB_DB74A,0.8629055,2.2153539657592773,1,3QIB_ABP_CD
3QIB_TB75A,0.7498466,3.4569380283355713,1,3QIB_ABP_CD
3QIB_HB79A,0.051550064,2.5541999340057373,1,3QIB_ABP_CD
"3QIB_KA67A,EB64A",1.507048,1.1408687829971313,2,3QIB_ABP_CD
3QIB_YP6A,3.1389987,5.299424171447754,1,3QIB_ABP_CD
3QIB_YP6F,0.10801677,0.10244864225387573,1,3QIB_ABP_CD
3QIB_KP8A,3.1389987,1.1282751560211182,1,3QIB_ABP_CD
3QIB_KP8R,2.237034,-3.770724296569824,1,3QIB_ABP_CD
3QIB_TP11A,3.1389987,5.981517791748047,1,3QIB_ABP_CD
3QIB_TP11S,1.0757226,1.2590550184249878,1,3QIB_ABP_CD
3QIB_TP11N,1.2238348,3.965090274810791,1,3QIB_ABP_CD
"3QIB_YP6F,TP11S",1.2169697,0.6698487997055054,2,3QIB_ABP_CD
3R9A_AA323W,0.33875594,,1,3R9A_AC_B
3R9A_YA325A,1.01458,,1,3R9A_AC_B
3R9A_YA325W,0.48231503,,1,3R9A_AC_B
3R9A_VA331D,0.0,,1,3R9A_AC_B
3R9A_GA165R,0.048722126,,1,3R9A_AC_B
3RF3_AC8K,1.7292318,9.172496795654297,1,3RF3_A_C
3S9D_SA18A,-0.21131277,4.138997554779053,1,3S9D_A_B
3S9D_LA19A,1.0099814,-0.32068490982055664,1,3S9D_A_B
3S9D_FA20A,0.5186732,0.4856302738189697,1,3S9D_A_B
3S9D_SA21A,0.0,2.3245816230773926,1,3S9D_A_B
3S9D_LA23A,3.6818569,6.207147598266602,1,3S9D_A_B
3S9D_KA24A,0.49345866,0.3015570640563965,1,3S9D_A_B
3S9D_DA25A,0.38026762,2.224959373474121,1,3S9D_A_B
3S9D_RA26A,3.6818569,2.7699103355407715,1,3S9D_A_B
3S9D_HA27A,0.41065642,4.325871467590332,1,3S9D_A_B
3S9D_DA28A,0.24021861,5.3693084716796875,1,3S9D_A_B
3S9D_EA34A,0.0,2.6870627403259277,1,3S9D_A_B
3S9D_KA92A,0.10801677,1.6911015510559082,1,3S9D_A_B
3S9D_RA96A,0.34823537,1.9063470363616943,1,3S9D_A_B
3S9D_LA99A,-0.062421046,-0.045314788818359375,1,3S9D_A_B
3S9D_KA102A,0.27845457,1.488887071609497,1,3S9D_A_B
3S9D_EA103A,-0.13220184,2.693861961364746,1,3S9D_A_B
3S9D_KA104A,0.7751244,1.6717867851257324,1,3S9D_A_B
3S9D_KA105A,0.056466706,2.095465660095215,1,3S9D_A_B
3S9D_TB33A,1.5196093,8.116368293762207,1,3S9D_A_B
3S9D_MB35A,3.6818569,0.30593156814575195,1,3S9D_A_B
3S9D_SB36A,0.46712312,4.60812520980835,1,3S9D_A_B
3S9D_KB37A,0.31437176,3.333189010620117,1,3S9D_A_B
3S9D_EB39R,0.65087503,2.5803050994873047,1,3S9D_A_B
3S9D_EB39A,0.19934364,2.4501633644104004,1,3S9D_A_B
3S9D_KB42A,0.38026762,3.2716217041015625,1,3S9D_A_B
3S9D_WB61F,0.72502816,1.5494304895401,1,3S9D_A_B
3S9D_SB63A,0.31437176,7.015404224395752,1,3S9D_A_B
3S9D_HB65A,0.63079,3.583451986312866,1,3S9D_A_B
3S9D_NB85A,-0.21131277,2.1996684074401855,1,3S9D_A_B
3S9D_WB87A,0.7422019,8.268954277038574,1,3S9D_A_B
3S9D_DB121R,-0.062421046,1.7557096481323242,1,3S9D_A_B
3S9D_LA8A,1.2793907,5.572509765625,1,3S9D_A_B
3S9D_MA9A,0.12424935,-2.3416595458984375,1,3S9D_A_B
3S9D_RA15A,0.17043781,2.494239091873169,1,3S9D_A_B
3S9D_RA16A,0.35910636,3.51239013671875,1,3S9D_A_B
3S9D_IA17A,-0.13220184,2.5077085494995117,1,3S9D_A_B
3S9D_SA18A,-0.08478038,4.138997554779053,1,3S9D_A_B
3S9D_LA19A,1.0241725,-0.3206827640533447,1,3S9D_A_B
3S9D_FA20A,0.8998063,0.4856281280517578,1,3S9D_A_B
3S9D_LA23A,3.75601,6.2071452140808105,1,3S9D_A_B
3S9D_LA23V,2.6412787,2.638817548751831,1,3S9D_A_B
3S9D_KA24A,0.65087503,0.3015577793121338,1,3S9D_A_B
3S9D_DA25A,0.63079,2.2249631881713867,1,3S9D_A_B
3S9D_RA26K,4.6736073,4.6247782707214355,1,3S9D_A_B
3S9D_RA26A,5.4179215,2.7699153423309326,1,3S9D_A_B
3S9D_RA26Q,6.082001,2.7042224407196045,1,3S9D_A_B
3S9D_HA27A,0.5736419,4.325870990753174,1,3S9D_A_B
3S9D_DA28A,0.25324005,5.3693084716796875,1,3S9D_A_B
3S9D_QA33A,0.019426396,-0.728217363357544,1,3S9D_A_B
3S9D_RA96A,0.0,1.9063458442687988,1,3S9D_A_B
3S9D_KA102A,0.43008283,1.4888863563537598,1,3S9D_A_B
3S9D_EA103A,-0.21131277,2.693857192993164,1,3S9D_A_B
3S9D_KA104A,1.2793907,1.671785593032837,1,3S9D_A_B
3S9D_KA105A,0.140049,2.0954651832580566,1,3S9D_A_B
3S9D_RA115A,2.185484,7.062317371368408,1,3S9D_A_B
3S9D_AA116G,2.0774672,2.808065891265869,1,3S9D_A_B
3S9D_AA116M,1.0582309,5.281883716583252,1,3S9D_A_B
3S9D_MA119A,2.2893722,5.357865810394287,1,3S9D_A_B
3S9D_RA120A,3.0743792,5.505697727203369,1,3S9D_A_B
3S9D_SA123A,0.9041151,1.5313200950622559,1,3S9D_A_B
3S9D_LA124A,1.3358574,6.913827896118164,1,3S9D_A_B
3S9D_NA127A,-0.08478038,1.6806797981262207,1,3S9D_A_B
3S9D_QA48A,0.0,1.0981717109680176,1,3S9D_A_B
3S9D_FA50A,0.17043781,2.931774139404297,1,3S9D_A_B
3S9D_NA51A,0.0,-0.8392766714096069,1,3S9D_A_B
3S9D_SA54A,0.0,4.50432014465332,1,3S9D_A_B
3S9D_TA55A,0.0,12.688942909240723,1,3S9D_A_B
3S9D_KA56A,0.0,1.918799877166748,1,3S9D_A_B
3S9D_SA59A,0.17043781,-1.608311414718628,1,3S9D_A_B
3S9D_TA65A,0.17043781,0.6359043121337891,1,3S9D_A_B
3S9D_LA66A,0.30263966,6.722932815551758,1,3S9D_A_B
3S9D_KA69A,0.0,-0.4776782989501953,1,3S9D_A_B
3S9D_YA71A,0.30263966,6.6358561515808105,1,3S9D_A_B
3S9D_TA72A,0.17043781,0.20711088180541992,1,3S9D_A_B
3S9D_YA75A,0.30263966,-0.6230993270874023,1,3S9D_A_B
3S9D_QA76A,0.17043781,0.5178422927856445,1,3S9D_A_B
3S9D_NA79A,0.17043781,1.1200599670410156,1,3S9D_A_B
3S9D_EA82A,0.17043781,0.08006668090820312,1,3S9D_A_B
"3S9D_AA43H,AA44E,AA47Q",-0.017426314,0.8796865145365397,3,3S9D_A_B
"3S9D_AA43Y,AA44N,AA47S",-0.19081901,0.7621305783589681,3,3S9D_A_B
"3S9D_AA43H,AA44E,AA47Q",0.0,0.8796883424123129,3,3S9D_A_B
3S9D_RA5A,0.62187046,2.3891305923461914,1,3S9D_A_B
3S9D_LA8A,1.3641711,5.572509765625,1,3S9D_A_B
3S9D_MA9A,0.0,-2.3416597843170166,1,3S9D_A_B
3S9D_AA12W,-0.18106504,1.656850814819336,1,3S9D_A_B
3S9D_RA15A,0.22013357,2.4942374229431152,1,3S9D_A_B
3S9D_RA16A,0.09638339,3.512387275695801,1,3S9D_A_B
3S9D_IA17A,-0.08250609,2.507709503173828,1,3S9D_A_B
3S9D_SA18A,0.0,4.1389923095703125,1,3S9D_A_B
3S9D_LA19A,0.89546597,-0.32068824768066406,1,3S9D_A_B
3S9D_FA20A,0.71329606,0.4856295585632324,1,3S9D_A_B
3S9D_LA23A,3.9376671,6.2071452140808105,1,3S9D_A_B
3S9D_LA23V,2.2329054,2.6388111114501953,1,3S9D_A_B
3S9D_KA24A,0.71329606,0.3015580177307129,1,3S9D_A_B
3S9D_DA25A,0.925201,2.2249608039855957,1,3S9D_A_B
3S9D_RA26A,6.2779975,2.770495653152466,1,3S9D_A_B
3S9D_RA26K,4.5031695,4.625965595245361,1,3S9D_A_B
3S9D_HA27A,0.6389059,4.325874328613281,1,3S9D_A_B
3S9D_DA28A,0.41065642,5.369307041168213,1,3S9D_A_B
3S9D_RA91K,0.03078365,-0.23253583908081055,1,3S9D_A_B
3S9D_KA92A,-0.07798353,1.6911005973815918,1,3S9D_A_B
3S9D_RA96A,0.2833712,1.9063451290130615,1,3S9D_A_B
3S9D_KA102A,0.0,1.4888861179351807,1,3S9D_A_B
3S9D_EA103A,-0.16519484,2.693859100341797,1,3S9D_A_B
3S9D_KA104A,0.21190493,1.671788215637207,1,3S9D_A_B
3S9D_KA105A,0.19509666,2.095468044281006,1,3S9D_A_B
3S9D_RA115A,2.0774672,7.062314987182617,1,3S9D_A_B
3S9D_AA116M,1.0872943,5.281882286071777,1,3S9D_A_B
3S9D_AA116G,2.0774672,2.808063507080078,1,3S9D_A_B
3S9D_MA119A,2.0774672,5.35786771774292,1,3S9D_A_B
3S9D_RA120A,2.7283423,5.505706310272217,1,3S9D_A_B
3S9D_SA123A,1.3641711,1.531320333480835,1,3S9D_A_B
3S9D_LA124A,1.3641711,6.913827419281006,1,3S9D_A_B
3S9D_NA127A,0.0,1.6806797981262207,1,3S9D_A_B
3S9D_EB17R,0.0,1.9725172519683838,1,3S9D_A_B
3S9D_YB32A,1.3082966,6.472287178039551,1,3S9D_A_B
3S9D_TB33A,1.6668108,8.116373062133789,1,3S9D_A_B
3S9D_IB34A,1.7748275,5.945066452026367,1,3S9D_A_B
3S9D_MB35A,2.3176858,0.30593132972717285,1,3S9D_A_B
3S9D_MB35V,1.8240691,4.2002153396606445,1,3S9D_A_B
3S9D_SB36A,0.54285824,4.608127593994141,1,3S9D_A_B
3S9D_KB37A,0.69402766,3.333188056945801,1,3S9D_A_B
3S9D_EB39A,0.21190493,2.450164318084717,1,3S9D_A_B
3S9D_DB40A,0.0,-0.5120339393615723,1,3S9D_A_B
3S9D_KB42A,0.58918494,3.2716188430786133,1,3S9D_A_B
3S9D_RB62A,0.17043781,4.762838840484619,1,3S9D_A_B
3S9D_SB63A,0.2734968,7.01540470123291,1,3S9D_A_B
3S9D_TB64A,0.25581035,4.270257472991943,1,3S9D_A_B
3S9D_HB65A,0.6389059,3.583451509475708,1,3S9D_A_B
3S9D_EB66A,2.4123886,4.272236347198486,1,3S9D_A_B
3S9D_AB67M,-0.16781053,-1.37330961227417,1,3S9D_A_B
3S9D_VB69A,2.3176858,9.221837043762207,1,3S9D_A_B
3S9D_HB84A,0.043764338,-1.822791576385498,1,3S9D_A_B
3S9D_NB85A,-0.13220184,2.199673652648926,1,3S9D_A_B
3S9D_WB87A,1.0482174,8.26894760131836,1,3S9D_A_B
3S9D_IB90A,1.4963729,4.70135498046875,1,3S9D_A_B
3S9D_DB91A,1.0482174,9.333650588989258,1,3S9D_A_B
3S9D_DB121R,-0.09861257,1.7557103633880615,1,3S9D_A_B
3S9D_HB166A,0.0,0.3580777645111084,1,3S9D_A_B
3S9D_RA120A,3.101651,5.505704879760742,1,3S9D_A_B
3S9D_EB66A,2.4010675,4.2722368240356445,1,3S9D_A_B
"3S9D_RA120A,EB66A",3.6024737,4.888967514038086,2,3S9D_A_B
"3S9D_TB33A,LA8A",3.5785608,6.844438076019287,2,3S9D_A_B
"3S9D_TB33A,LA19A",3.394809,3.897845149040222,2,3S9D_A_B
"3S9D_TB33A,FA20A",3.021426,4.300999999046326,2,3S9D_A_B
"3S9D_TB33A,LA23A",5.96137,7.161758184432983,2,3S9D_A_B
"3S9D_TB33A,RA115A",4.048243,7.589346885681152,2,3S9D_A_B
"3S9D_TB33A,AA116G",4.351393,5.46221923828125,2,3S9D_A_B
"3S9D_TB33A,MA119A",4.463985,6.73711895942688,2,3S9D_A_B
"3S9D_TB33A,RA120A",5.268608,6.811002016067505,2,3S9D_A_B
"3S9D_TB33A,SA123A",3.0632634,4.823845267295837,2,3S9D_A_B
"3S9D_TB33A,LA124A",3.3123913,7.515102386474609,2,3S9D_A_B
"3S9D_IB34A,RA115A",4.271188,6.503692626953125,2,3S9D_A_B
"3S9D_IB34A,AA116G",4.4740267,4.376566410064697,2,3S9D_A_B
"3S9D_IB34A,MA119A",4.2350516,5.651465654373169,2,3S9D_A_B
"3S9D_IB34A,RA120A",5.001758,5.725383520126343,2,3S9D_A_B
"3S9D_IB34A,SA123A",3.0067968,3.738204598426819,2,3S9D_A_B
"3S9D_IB34A,LA124A",3.561387,6.429445028305054,2,3S9D_A_B
"3S9D_WB87A,RA5A",2.340922,5.329042673110962,2,3S9D_A_B
"3S9D_WB87A,LA8A",3.0765777,6.920732021331787,2,3S9D_A_B
"3S9D_WB87A,MA119A",3.8463404,6.813413858413696,2,3S9D_A_B
"3S9D_WB87A,SA123A",2.7515786,4.900131583213806,2,3S9D_A_B
"3S9D_WB87A,LA124A",2.9443758,7.5913896560668945,2,3S9D_A_B
3S9D_IB90A,1.6426257,4.70135498046875,1,3S9D_A_B
"3S9D_IB90A,LA8A",3.740474,5.136930227279663,2,3S9D_A_B
"3S9D_IB90A,LA19A",3.0357027,2.1903345584869385,2,3S9D_A_B
"3S9D_IB90A,FA20A",2.816274,2.593491792678833,2,3S9D_A_B
"3S9D_IB90A,LA23A",5.449532,5.454246282577515,2,3S9D_A_B
"3S9D_IB90A,RA115A",3.52547,5.881835460662842,2,3S9D_A_B
"3S9D_IB90A,MA119A",4.035335,5.029563903808594,2,3S9D_A_B
"3S9D_IB90A,RA120A",4.90847,5.103526592254639,2,3S9D_A_B
"3S9D_IB90A,SA123A",3.2568083,3.116336464881897,2,3S9D_A_B
"3S9D_IB90A,LA124A",3.346746,5.807592391967773,2,3S9D_A_B
"3S9D_DB91A,LA19A",2.9443758,4.506481170654297,2,3S9D_A_B
"3S9D_DB91A,FA20A",2.3848276,4.909641623497009,2,3S9D_A_B
"3S9D_DB91A,RA115A",3.672301,8.197982549667358,2,3S9D_A_B
"3S9D_DB91A,SA123A",2.6789427,5.432485580444336,2,3S9D_A_B
"3S9D_DB91A,LA124A",3.021426,8.123740911483765,2,3S9D_A_B
3S9D_TB33A,2.0070937,8.116376876831055,1,3S9D_A_B
3S9D_IB34A,1.9302658,5.945061683654785,1,3S9D_A_B
3S9D_MB35V,2.9259908,4.200222015380859,1,3S9D_A_B
3S9D_HB65A,1.2015804,3.583449602127075,1,3S9D_A_B
3S9D_EB66A,2.4335496,4.272238254547119,1,3S9D_A_B
3S9D_WB87A,1.5463411,8.268952369689941,1,3S9D_A_B
3S9D_IB90A,1.7124065,4.701355934143066,1,3S9D_A_B
3S9D_DB91A,1.6276261,9.33364486694336,1,3S9D_A_B
3S9D_LA8A,1.9656465,5.572509288787842,1,3S9D_A_B
3S9D_LA19A,1.4916142,-0.32068443298339844,1,3S9D_A_B
3S9D_LA23A,3.8640268,6.2071428298950195,1,3S9D_A_B
3S9D_RA115A,2.1795297,7.062316417694092,1,3S9D_A_B
3S9D_AA116G,2.161299,2.80806827545166,1,3S9D_A_B
3S9D_MA119A,2.397389,5.357861042022705,1,3S9D_A_B
3S9D_RA120A,3.1845944,5.5056986808776855,1,3S9D_A_B
3S9D_SA123A,1.0997674,1.5313458442687988,1,3S9D_A_B
3S9D_LA124A,1.6426257,6.9138360023498535,1,3S9D_A_B
"3S9D_MB35V,LA8A",4.4274344,4.886366128921509,2,3S9D_A_B
"3S9D_MB35V,LA19A",4.3167186,1.939765453338623,2,3S9D_A_B
"3S9D_MB35V,LA23A",7.1139393,5.203688383102417,2,3S9D_A_B
"3S9D_MB35V,RA115A",3.7050934,5.631263017654419,2,3S9D_A_B
"3S9D_MB35V,AA116G",5.3002977,3.5041441917419434,2,3S9D_A_B
"3S9D_MB35V,MA119A",5.4566846,4.779037714004517,2,3S9D_A_B
"3S9D_MB35V,RA120A",6.0666847,4.852954387664795,2,3S9D_A_B
"3S9D_MB35V,SA123A",4.080544,2.865769863128662,2,3S9D_A_B
"3S9D_MB35V,LA124A",4.533203,5.557023048400879,2,3S9D_A_B
"3S9D_EB66A,LA8A",4.092513,4.922378301620483,2,3S9D_A_B
"3S9D_EB66A,LA23A",6.05816,5.239691495895386,2,3S9D_A_B
"3S9D_EB66A,RA115A",4.658608,5.667280197143555,2,3S9D_A_B
"3S9D_EB66A,AA116G",5.0412693,3.540153741836548,2,3S9D_A_B
"3S9D_EB66A,MA119A",4.980968,4.815050363540649,2,3S9D_A_B
"3S9D_EB66A,RA120A",3.6324573,4.888968467712402,2,3S9D_A_B
"3S9D_EB66A,SA123A",3.5437007,2.9017778635025024,2,3S9D_A_B
"3S9D_EB66A,LA124A",3.7697885,5.593032121658325,2,3S9D_A_B
"3S9D_HB65A,RA5A",2.2143898,2.9863213300704956,2,3S9D_A_B
"3S9D_HB65A,LA8A",4.016778,4.577983498573303,2,3S9D_A_B
"3S9D_HB65A,LA19A",3.0564926,1.631381869316101,2,3S9D_A_B
"3S9D_HB65A,RA120A",3.8463404,4.544575810432434,2,3S9D_A_B
"3S9D_HB65A,SA123A",1.1356846,2.557387351989746,2,3S9D_A_B
"3S9D_HB65A,LA124A",2.939418,5.248641133308411,2,3S9D_A_B
"3SE3_YB43A,NB44E,SB47Q",1.8576298,0.7197999954223633,3,3SE3_B_A
"3SE3_YB43H,NB44A,SB47Q",1.3835975,0.403018593788147,3,3SE3_B_A
"3SE3_YB43H,NB44E,SB47A",1.7648702,0.29343406359354657,3,3SE3_B_A
"3SE3_YB43H,NB44E,SB47Q,QB48A",2.432249,2.2076048254966736,4,3SE3_B_A
"3SE3_YB43H,NB44E,SB47Q,FB50A",2.7901704,1.0458099246025085,4,3SE3_B_A
"3SE3_YB43H,NB44E,SB47Q,NB51A",3.0309818,-0.8561379313468933,4,3SE3_B_A
"3SE3_YB43H,NB44E,SB47Q,SB54A",2.4881237,1.0113296508789062,4,3SE3_B_A
"3SE3_YB43H,NB44E,SB47Q,TB55A",2.8525915,2.2261906266212463,4,3SE3_B_A
"3SE3_YB43H,NB44E,SB47Q,KB56A",2.6343763,0.6494413018226624,4,3SE3_B_A
"3SE3_YB43H,NB44E,SB47Q,DB57A",2.3812907,0.35824280977249146,4,3SE3_B_A
"3SE3_YB43H,NB44E,SB47Q,SB59A",2.716373,0.34684526920318604,4,3SE3_B_A
"3SE3_YB43H,NB44E,SB47Q,TB65A",2.2976007,0.4926726818084717,4,3SE3_B_A
"3SE3_YB43H,NB44E,SB47Q,LB66A",3.3591323,1.8429599404335022,4,3SE3_B_A
"3SE3_YB43H,NB44E,SB47Q,KB69A",2.3057168,0.4643121361732483,4,3SE3_B_A
"3SE3_YB43H,NB44E,SB47Q,YB71A",2.9234388,1.2425265312194824,4,3SE3_B_A
"3SE3_YB43H,NB44E,SB47Q,TB72A",2.6832201,1.0055881142616272,4,3SE3_B_A
"3SE3_YB43H,NB44E,SB47Q,YB75A",3.1270294,1.4782694578170776,4,3SE3_B_A
"3SE3_YB43H,NB44E,SB47Q,QB76A",2.2893722,0.7314171195030212,4,3SE3_B_A
"3SE3_YB43H,NB44E,SB47Q,NB79A",2.7721066,0.7397341728210449,4,3SE3_B_A
"3SE3_YB43H,NB44E,SB47Q,EB82A",2.7000284,0.7819044589996338,4,3SE3_B_A
"3SE3_YB43H,NB44E,SB47Q,VB85A",2.4881237,-0.004813015460968018,4,3SE3_B_A
"3SE3_YB43H,NB44E,SB47Q",0.19081901,0.6631270249684652,3,3SE3_B_C
"3SE3_YB43A,NB44A,SB47A",0.1733927,0.38832394282023114,3,3SE3_B_C
"3SE3_YB43H,NB44E,SB47Q",2.4577348,0.6631283760070801,3,3SE3_B_A
"3SE3_YB43M,NB44D,SB47L",0.71329606,1.6857140858968098,3,3SE3_B_A
"3SE3_YB43A,NB44A,SB47A",0.76976275,0.3883233865102132,3,3SE3_B_A
"3SE3_YB43H,NB44E,SB47Q,QB48A",2.5499518,2.20760315656662,4,3SE3_B_A
"3SE3_YB43H,NB44E,SB47Q,FB50A",2.9122522,1.0458102226257324,4,3SE3_B_A
"3SE3_YB43H,NB44E,SB47Q,NB51A",3.158807,-0.8561376929283142,4,3SE3_B_A
"3SE3_YB43H,NB44E,SB47Q,SB54A",2.6049612,1.0113297700881958,4,3SE3_B_A
"3SE3_YB43H,NB44E,SB47Q,TB55A",2.968561,2.2261916995048523,4,3SE3_B_A
"3SE3_YB43H,NB44E,SB47Q,KB56A",2.7583754,0.6494411826133728,4,3SE3_B_A
"3SE3_YB43H,NB44E,SB47Q,DB57A",2.4998558,0.35824400186538696,4,3SE3_B_A
"3SE3_YB43H,NB44E,SB47Q,SB59A",2.836359,0.3468443751335144,4,3SE3_B_A
"3SE3_YB43H,NB44E,SB47Q,TB65A",2.4217396,0.49267303943634033,4,3SE3_B_A
"3SE3_YB43H,NB44E,SB47Q,LB66A",3.4752648,1.8429596424102783,4,3SE3_B_A
"3SE3_YB43H,NB44E,SB47Q,KB69A",2.4257026,0.4643116593360901,4,3SE3_B_A
"3SE3_YB43H,NB44E,SB47Q,YB71A",3.048264,1.242526888847351,4,3SE3_B_A
"3SE3_YB43H,NB44E,SB47Q,TB72A",2.8017979,1.0055866241455078,4,3SE3_B_A
"3SE3_YB43H,NB44E,SB47Q,QB76A",2.4096894,0.7314175367355347,4,3SE3_B_A
"3SE3_YB43H,NB44E,SB47Q,NB79A",2.8856006,0.7397332787513733,4,3SE3_B_A
"3SE3_YB43H,NB44E,SB47Q,EB82A",2.82439,0.7819033265113831,4,3SE3_B_A
"3SE3_YB43H,NB44E,SB47Q,IB88A",2.32709,0.27981698513031006,4,3SE3_B_A
"3SE3_YB43H,NB44E,SB47Q,LB89A",2.8981872,1.2324060201644897,4,3SE3_B_A
"3SE3_YB43H,NB44E,SB47Q,RB92A",2.836359,1.074807584285736,4,3SE3_B_A
"3SE3_YB43H,NB44E,SB47Q,RB92K",2.6107695,0.5441035628318787,4,3SE3_B_A
"3SE3_YB43H,NB44E,SB47Q,KB93A",2.6107695,0.7413968741893768,4,3SE3_B_A
"3SE3_YB43H,NB44E,SB47Q,KB103A",2.6815128,0.8814613223075867,4,3SE3_B_A
"3SE3_YB43A,NB44E,SB47Q",1.9775469,0.7197998364766439,3,3SE3_B_A
"3SE3_YB43H,NB44A,SB47Q",1.5067095,0.4030185143152873,3,3SE3_B_A
"3SE3_YB43H,NB44E,SB47A",1.8828443,0.29343318939208984,3,3SE3_B_A
"3SE3_YB43A,NB44A,SB47A",0.41065642,0.38832398255666095,3,3SE3_B_A
3SE3_NA53A,-0.3477616,1.0737559795379639,1,3SE3_B_A
3SE3_YA55A,1.49732,0.9586935043334961,1,3SE3_B_A
3SE3_FA81A,0.41065642,0.732783317565918,1,3SE3_B_A
3SE3_EA96A,0.71305907,1.5856666564941406,1,3SE3_B_A
3SE3_KA98A,1.49732,1.5979282855987549,1,3SE3_B_A
3SE3_LA116A,0.0,2.763629198074341,1,3SE3_B_A
3SE3_DA117A,0.54285824,-0.8082783222198486,1,3SE3_B_A
3SE3_SA120A,0.54285824,0.10227382183074951,1,3SE3_B_A
3SE3_NA140T,0.133149,5.436426162719727,1,3SE3_B_A
3SE3_YA148A,0.41065642,4.157081604003906,1,3SE3_B_A
3SE3_TA166A,-0.15638691,1.1205347776412964,1,3SE3_B_A
3SE3_SA167A,-0.23903489,1.5331015586853027,1,3SE3_B_A
3SE3_FA223A,1.49732,3.5995895862579346,1,3SE3_B_A
3SE3_RA226A,0.41065642,1.4249629974365234,1,3SE3_B_A
3SE3_NA227A,0.54285824,0.8856520652770996,1,3SE3_B_A
3SE3_NA230A,0.21107575,0.9359610080718994,1,3SE3_B_A
3SE3_FA273A,0.0,-1.090341567993164,1,3SE3_B_A
3SE4_TC36A,1.3641711,3.394303560256958,1,3SE4_B_C
3SE4_MC38A,1.666218,0.8726155757904053,1,3SE4_B_C
3SE4_MC38V,1.1654196,-0.8683551549911499,1,3SE4_B_C
3SE4_SC39A,0.21190493,1.8954484462738037,1,3SE4_B_C
3SE4_HC68A,-0.6102371,0.34282922744750977,1,3SE4_B_C
3SE4_EC69A,1.3641711,2.717273235321045,1,3SE4_B_C
3SE4_VC72A,1.1654196,7.174896240234375,1,3SE4_B_C
3SE4_IC95A,1.2093251,2.547135591506958,1,3SE4_B_C
3SE4_HC172A,-0.41065642,0.30758142471313477,1,3SE4_B_C
3SE4_YA55A,1.3641711,0.8000905513763428,1,3SE4_B_A
3SE4_LA116A,0.13220184,3.332918405532837,1,3SE4_B_A
3SE4_DA117A,0.13220184,-0.8517277240753174,1,3SE4_B_A
3SE4_SA120A,0.0,0.7596323490142822,1,3SE4_B_A
3SE4_NA140T,0.41065642,6.478519439697266,1,3SE4_B_A
3SE4_YA148A,-0.27845457,3.1109585762023926,1,3SE4_B_A
3SE4_TA166A,-0.54285824,3.09671688079834,1,3SE4_B_A
3SE4_FA223A,1.3641711,3.762481689453125,1,3SE4_B_A
3SE4_RA226A,0.3029358,3.1192574501037598,1,3SE4_B_A
3SE4_NA227A,0.0,1.240922451019287,1,3SE4_B_A
3SE4_NA230A,0.3029358,0.6191596984863281,1,3SE4_B_A
3SE4_FA273A,0.21086827,-0.9832937717437744,1,3SE4_B_A
3SE4_PB27A,-0.17043781,3.8372700214385986,1,3SE4_B_C
3SE4_PB27L,0.92437184,0.5141357183456421,1,3SE4_B_C
3SE4_LB31A,2.7283423,3.5474367141723633,1,3SE4_B_C
3SE4_MB130A,0.5728915,1.115461826324463,1,3SE4_B_C
3SE4_KB134A,1.7748275,0.8792562484741211,1,3SE4_B_C
3SE4_KB134R,-0.9746221,-1.429178237915039,1,3SE4_B_C
3SE4_PB27A,0.049695753,3.8372690677642822,1,3SE4_B_A
3SE4_PB27L,0.10305898,0.5141329765319824,1,3SE4_B_A
3SE4_LB31A,-0.011969134,3.5474352836608887,1,3SE4_B_A
3SE4_MB130A,0.024658844,1.1154680252075195,1,3SE4_B_A
3SE4_KB134A,-0.035084628,0.8792552947998047,1,3SE4_B_A
3SE4_KB134R,0.13926895,-1.42917799949646,1,3SE4_B_A
3SE4_EC69A,1.4014807,2.717273712158203,1,3SE4_B_C
3SE4_KB134A,1.8023211,0.8792538642883301,1,3SE4_B_C
"3SE4_KB134A,EC69A",1.9022707,1.7982654571533203,2,3SE4_B_C
3SE4_KB134R,-0.898396,-1.4291772842407227,1,3SE4_B_C
"3SE4_KB134R,EC69A",1.4014807,0.644046425819397,2,3SE4_B_C
3SE8_RH30A,-0.03886324,2.7648093700408936,1,3SE8_HL_G
3SE8_WH47A,1.4514539,7.794750213623047,1,3SE8_HL_G
3SE8_WH50A,1.3121079,2.9798004627227783,1,3SE8_HL_G
3SE8_KH52A,1.0935637,0.09298467636108398,1,3SE8_HL_G
3SE8_LH54A,0.053896412,3.6175568103790283,1,3SE8_HL_G
3SE8_WH55A,0.7488813,5.319975852966309,1,3SE8_HL_G
3SE8_GH56A,0.35136178,7.739052772521973,1,3SE8_HL_G
3SE8_VH58A,1.2296135,8.383524894714355,1,3SE8_HL_G
3SE8_SH59A,1.1323562,2.5949740409851074,1,3SE8_HL_G
3SE8_YH60A,0.84210277,8.31295394897461,1,3SE8_HL_G
3SE8_RH62A,1.1867965,-1.0757468938827515,1,3SE8_HL_G
3SE8_QH63A,1.0965259,3.3133764266967773,1,3SE8_HL_G
3SE8_QH65A,0.5409745,3.2650461196899414,1,3SE8_HL_G
3SE8_RH72A,2.6019888,-1.7735488414764404,1,3SE8_HL_G
3SE8_QH76A,0.095343515,1.8487637042999268,1,3SE8_HL_G
3SE8_PH78A,0.018515632,9.303747177124023,1,3SE8_HL_G
3SE8_PH81A,-0.0697808,5.0890984535217285,1,3SE8_HL_G
3SE8_DH110A,-0.38309553,-1.3691500425338745,1,3SE8_HL_G
3SE8_YH111A,0.8165921,-0.6939117908477783,1,3SE8_HL_G
3SE8_DH114A,-0.24021861,3.0663654804229736,1,3SE8_HL_G
3SE8_FH115A,1.0504572,9.592428207397461,1,3SE8_HL_G
3SE8_EL1A,-0.547579,-0.737368106842041,1,3SE8_HL_G
3SE8_QL27A,-0.21265773,1.801955223083496,1,3SE8_HL_G
3SE8_NL30A,0.19122773,-1.5254817008972168,1,3SE8_HL_G
3SE8_DL49A,0.84210277,1.3437771797180176,1,3SE8_HL_G
3SE8_FL90A,-0.85021865,5.625532150268555,1,3SE8_HL_G
3SE8_EL91A,1.4891825,4.371189594268799,1,3SE8_HL_G
3SE8_FL92A,0.81895715,3.47878360748291,1,3SE8_HL_G
3SE9_LH34A,0.55690914,3.211543560028076,1,3SE9_HL_G
3SE9_WH48A,1.0414464,8.600117683410645,1,3SE9_HL_G
3SE9_WH51A,1.2552056,0.16202640533447266,1,3SE9_HL_G
3SE9_VH55A,-0.8454979,-1.0427327156066895,1,3SE9_HL_G
3SE9_TH56A,-0.8454979,7.736309051513672,1,3SE9_HL_G
3SE9_GH57A,0.44517794,8.641018867492676,1,3SE9_HL_G
3SE9_VH59A,0.9675656,8.604795455932617,1,3SE9_HL_G
3SE9_NH60A,1.49732,7.008761405944824,1,3SE9_HL_G
3SE9_GH62A,0.04559572,5.258786678314209,1,3SE9_HL_G
3SE9_PH64A,-0.43484148,3.66550350189209,1,3SE9_HL_G
3SE9_RH67A,1.445942,-2.6996307373046875,1,3SE9_HL_G
3SE9_RH74A,2.636225,-1.1988615989685059,1,3SE9_HL_G
3SE9_RH76A,-0.22848651,0.12204766273498535,1,3SE9_HL_G
3SE9_DH77A,-0.754171,-0.4202110767364502,1,3SE9_HL_G
3SE9_YH104A,0.45625216,-0.935222864151001,1,3SE9_HL_G
3SE9_TH105A,-0.43484148,1.8341519832611084,1,3SE9_HL_G
3SE9_GH106A,-0.30263966,2.9571452140808105,1,3SE9_HL_G
3SE9_GH107A,-0.6052793,2.9908578395843506,1,3SE9_HL_G
3SE9_GH109A,0.18216991,5.646966934204102,1,3SE9_HL_G
3SE9_VL3A,-0.48639154,1.4112319946289062,1,3SE9_HL_G
3SE9_YL28A,1.0997674,0.5448683500289917,1,3SE9_HL_G
3SE9_GL29A,0.45625216,8.189517974853516,1,3SE9_HL_G
3SE9_LL89A,0.948756,7.1770405769348145,1,3SE9_HL_G
3SE9_EL90A,0.41065642,3.305504560470581,1,3SE9_HL_G
3SE9_FL91A,0.02323639,1.223973035812378,1,3SE9_HL_G
3SEK_LC11E,2.8872757,2.2435033321380615,1,3SEK_B_C
3SEK_LC44E,4.455748,9.432794570922852,1,3SEK_B_C
3SEK_FC47E,4.455748,4.5563063621521,1,3SEK_B_C
3SEK_LC48E,4.2155294,11.083569526672363,1,3SEK_B_C
3SEK_LC44A,2.6809208,8.778200149536133,1,3SEK_B_C
3SEK_FC47A,2.2293894,7.1406683921813965,1,3SEK_B_C
3SEK_LC48A,3.408846,8.83685302734375,1,3SEK_B_C
3SF4_RA202E,2.3651073,2.1000149250030518,1,3SF4_A_D
3SF4_NA264R,1.2257655,8.109565734863281,1,3SF4_A_D
3SF4_WD8A,3.0738285,2.593069076538086,1,3SF4_A_D
3SF4_ED19R,1.9264557,3.895906925201416,1,3SF4_A_D
3SF4_KD27D,0.41065642,3.2576286792755127,1,3SF4_A_D
3SGB_LI12G,5.0034957,12.681994438171387,1,3SGB_E_I
3SGB_LI12A,2.9891605,9.849164962768555,1,3SGB_E_I
3SGB_LI12S,4.158235,9.876564979553223,1,3SGB_E_I
3SGB_LI12C,-0.013389315,11.772928237915039,1,3SGB_E_I
3SGB_LI12V,3.0342824,8.80949878692627,1,3SGB_E_I
3SGB_LI12T,3.2047203,6.465643882751465,1,3SGB_E_I
3SGB_LI12P,8.445845,14.536919593811035,1,3SGB_E_I
3SGB_LI12I,4.481256,8.195531845092773,1,3SGB_E_I
3SGB_LI12M,0.43018958,4.438553333282471,1,3SGB_E_I
3SGB_LI12N,3.399817,7.060654163360596,1,3SGB_E_I
3SGB_LI12D,5.6686587,9.261706352233887,1,3SGB_E_I
3SGB_LI12K,3.182076,7.199007987976074,1,3SGB_E_I
3SGB_LI12Q,2.603541,5.195981979370117,1,3SGB_E_I
3SGB_LI12E,5.982758,7.2490973472595215,1,3SGB_E_I
3SGB_LI12H,1.7138757,6.5413665771484375,1,3SGB_E_I
3SGB_LI12F,1.3740182,5.128914833068848,1,3SGB_E_I
3SGB_LI12R,3.3669553,8.228837013244629,1,3SGB_E_I
3SGB_LI12Y,1.6760064,7.130961894989014,1,3SGB_E_I
3SGB_LI12W,1.865208,8.826043128967285,1,3SGB_E_I
3SGB_AI9G,2.4864664,8.022211074829102,1,3SGB_E_I
3SGB_AI9S,0.9109825,5.074433326721191,1,3SGB_E_I
3SGB_AI9C,0.04153655,9.952193260192871,1,3SGB_E_I
3SGB_AI9V,-0.7847341,10.251115798950195,1,3SGB_E_I
3SGB_AI9T,0.33107248,11.266688346862793,1,3SGB_E_I
3SGB_AI9P,0.55270535,13.722719192504883,1,3SGB_E_I
3SGB_AI9L,0.16878061,11.062281608581543,1,3SGB_E_I
3SGB_AI9I,-0.4531886,12.913651466369629,1,3SGB_E_I
3SGB_AI9M,0.08895801,9.253836631774902,1,3SGB_E_I
3SGB_AI9N,-0.08912445,9.42289924621582,1,3SGB_E_I
3SGB_AI9D,0.47637805,10.050370216369629,1,3SGB_E_I
3SGB_AI9K,2.491424,10.564920425415039,1,3SGB_E_I
3SGB_AI9Q,0.43018958,8.899174690246582,1,3SGB_E_I
3SGB_AI9E,0.6714747,8.863456726074219,1,3SGB_E_I
3SGB_AI9H,-0.4531886,8.96155071258545,1,3SGB_E_I
3SGB_AI9F,-1.1806399,7.874923229217529,1,3SGB_E_I
3SGB_AI9R,2.0356457,10.166227340698242,1,3SGB_E_I
3SGB_AI9Y,-1.6472776,7.890799045562744,1,3SGB_E_I
3SGB_AI9W,-1.5536677,10.579385757446289,1,3SGB_E_I
3SGB_TI11G,5.584234,5.157957553863525,1,3SGB_E_I
3SGB_TI11A,3.5919626,5.467277526855469,1,3SGB_E_I
3SGB_TI11S,2.4662097,5.155911445617676,1,3SGB_E_I
3SGB_TI11C,2.9262657,7.513650894165039,1,3SGB_E_I
3SGB_TI11V,2.547891,1.507643222808838,1,3SGB_E_I
3SGB_TI11P,3.182076,3.301132917404175,1,3SGB_E_I
3SGB_TI11L,2.4713392,3.603116750717163,1,3SGB_E_I
3SGB_TI11I,1.7529136,1.970247745513916,1,3SGB_E_I
3SGB_TI11M,2.0356457,6.950660705566406,1,3SGB_E_I
3SGB_TI11N,3.254416,5.9076032638549805,1,3SGB_E_I
3SGB_TI11D,4.956134,5.952167987823486,1,3SGB_E_I
3SGB_TI11K,2.0356457,5.837089538574219,1,3SGB_E_I
3SGB_TI11Q,2.9403167,5.722790241241455,1,3SGB_E_I
3SGB_TI11E,4.797141,5.041234970092773,1,3SGB_E_I
3SGB_TI11H,3.507656,7.40123176574707,1,3SGB_E_I
3SGB_TI11F,3.6393247,6.853185176849365,1,3SGB_E_I
3SGB_TI11R,1.972751,5.986616611480713,1,3SGB_E_I
3SGB_TI11Y,3.3669553,6.353696823120117,1,3SGB_E_I
3SGB_TI11W,3.0342824,9.506049156188965,1,3SGB_E_I
3SGB_EI13G,2.1049528,-0.41356849670410156,1,3SGB_E_I
3SGB_EI13A,1.0192363,1.072505235671997,1,3SGB_E_I
3SGB_EI13S,1.9436082,0.858870267868042,1,3SGB_E_I
3SGB_EI13C,1.1746745,5.177654266357422,1,3SGB_E_I
3SGB_EI13V,0.12754992,1.2330272197723389,1,3SGB_E_I
3SGB_EI13T,2.143485,0.988940954208374,1,3SGB_E_I
3SGB_EI13P,2.2751536,6.6029462814331055,1,3SGB_E_I
3SGB_EI13L,0.77931386,0.48201942443847656,1,3SGB_E_I
3SGB_EI13I,-0.62338936,0.3614213466644287,1,3SGB_E_I
3SGB_EI13M,-0.18949658,1.1253604888916016,1,3SGB_E_I
3SGB_EI13N,1.1020385,0.8133547306060791,1,3SGB_E_I
3SGB_EI13D,0.55270535,0.2215127944946289,1,3SGB_E_I
3SGB_EI13K,0.16878061,2.8439104557037354,1,3SGB_E_I
3SGB_EI13Q,0.18353121,1.1309292316436768,1,3SGB_E_I
3SGB_EI13H,0.5260738,3.9335134029388428,1,3SGB_E_I
3SGB_EI13F,1.9436082,3.2806527614593506,1,3SGB_E_I
3SGB_EI13R,1.2750467,2.734116792678833,1,3SGB_E_I
3SGB_EI13Y,0.77931386,3.6517131328582764,1,3SGB_E_I
3SGB_EI13W,1.5477023,4.585084915161133,1,3SGB_E_I
3SGB_YI14G,2.842396,11.483034133911133,1,3SGB_E_I
3SGB_YI14A,1.9436082,8.093133926391602,1,3SGB_E_I
3SGB_YI14S,2.0356457,7.429303169250488,1,3SGB_E_I
3SGB_YI14C,1.6952436,9.933116912841797,1,3SGB_E_I
3SGB_YI14V,4.42169,11.221607208251953,1,3SGB_E_I
3SGB_YI14T,4.871827,9.938426971435547,1,3SGB_E_I
3SGB_YI14P,6.27634,17.607995986938477,1,3SGB_E_I
3SGB_YI14L,1.5761455,3.937814474105835,1,3SGB_E_I
3SGB_YI14I,3.5919626,10.065807342529297,1,3SGB_E_I
3SGB_YI14M,2.0027843,7.460459232330322,1,3SGB_E_I
3SGB_YI14N,3.158532,8.02073860168457,1,3SGB_E_I
3SGB_YI14D,2.9118733,8.425312042236328,1,3SGB_E_I
3SGB_YI14K,3.4329698,6.316885948181152,1,3SGB_E_I
3SGB_YI14Q,3.2810476,8.061959266662598,1,3SGB_E_I
3SGB_YI14E,2.0356457,7.596473217010498,1,3SGB_E_I
3SGB_YI14H,1.7138757,5.899311065673828,1,3SGB_E_I
3SGB_YI14F,0.16878061,2.0514276027679443,1,3SGB_E_I
3SGB_YI14R,2.7605486,3.9754722118377686,1,3SGB_E_I
3SGB_YI14W,0.38874248,1.807329535484314,1,3SGB_E_I
3SGB_RI15G,1.1071681,2.9454007148742676,1,3SGB_E_I
3SGB_RI15A,0.05375249,0.6425447463989258,1,3SGB_E_I
3SGB_RI15S,0.27762654,0.33707523345947266,1,3SGB_E_I
3SGB_RI15C,0.55270535,4.554394721984863,1,3SGB_E_I
3SGB_RI15V,-0.023633696,-1.8365384340286255,1,3SGB_E_I
3SGB_RI15T,0.4537338,-1.457466959953308,1,3SGB_E_I
3SGB_RI15P,7.684476,8.571565628051758,1,3SGB_E_I
3SGB_RI15L,0.2279567,1.4288010597229004,1,3SGB_E_I
3SGB_RI15I,0.24351919,-1.612838625907898,1,3SGB_E_I
3SGB_RI15M,0.12754992,1.3110237121582031,1,3SGB_E_I
3SGB_RI15N,0.33107248,0.9678030014038086,1,3SGB_E_I
3SGB_RI15D,0.6386131,1.9505248069763184,1,3SGB_E_I
3SGB_RI15K,-0.277793,-0.14138078689575195,1,3SGB_E_I
3SGB_RI15Q,0.04153655,-0.6031014919281006,1,3SGB_E_I
3SGB_RI15E,0.6714747,0.1192622184753418,1,3SGB_E_I
3SGB_RI15H,0.4537338,2.4425220489501953,1,3SGB_E_I
3SGB_RI15F,0.2279567,3.6003026962280273,1,3SGB_E_I
3SGB_RI15Y,0.2939711,3.2608089447021484,1,3SGB_E_I
3SGB_RI15W,0.31183532,4.688449859619141,1,3SGB_E_I
3SGB_PI8G,0.05375249,0.8056545257568359,1,3SGB_E_I
3SGB_PI8A,-0.18949658,-2.218097686767578,1,3SGB_E_I
3SGB_PI8S,0.06572162,-1.0265960693359375,1,3SGB_E_I
3SGB_PI8C,-0.32742262,6.145753860473633,1,3SGB_E_I
3SGB_PI8V,-0.31041327,2.510009765625,1,3SGB_E_I
3SGB_PI8T,-0.10867909,0.6182794570922852,1,3SGB_E_I
3SGB_PI8L,-0.1413744,1.921121597290039,1,3SGB_E_I
3SGB_PI8I,-0.023633696,3.6197571754455566,1,3SGB_E_I
3SGB_PI8M,-0.5005508,3.9306468963623047,1,3SGB_E_I
3SGB_PI8N,-0.12480123,0.3670389652252197,1,3SGB_E_I
3SGB_PI8D,-1.0330986,-2.078700065612793,1,3SGB_E_I
3SGB_PI8K,0.114053845,-0.49445199966430664,1,3SGB_E_I
3SGB_PI8Q,-0.31602898,0.10495376586914062,1,3SGB_E_I
3SGB_PI8E,-0.62338936,-1.605514645576477,1,3SGB_E_I
3SGB_PI8H,0.27762654,3.0170040130615234,1,3SGB_E_I
3SGB_PI8F,-0.3449348,4.173943519592285,1,3SGB_E_I
3SGB_PI8R,0.31183532,2.4423818588256836,1,3SGB_E_I
3SGB_PI8Y,-0.40146077,4.191995620727539,1,3SGB_E_I
3SGB_PI8W,-0.5005508,4.704102516174316,1,3SGB_E_I
3SGB_KI7G,-0.725558,10.135519981384277,1,3SGB_E_I
3SGB_KI7A,-2.5721407,5.052853584289551,1,3SGB_E_I
3SGB_KI7S,-2.587597,5.806663513183594,1,3SGB_E_I
3SGB_KI7C,-0.5848572,7.954111099243164,1,3SGB_E_I
3SGB_KI7V,-0.9551719,3.7375524044036865,1,3SGB_E_I
3SGB_KI7T,-1.9490284,5.4378204345703125,1,3SGB_E_I
3SGB_KI7P,0.0,10.691115379333496,1,3SGB_E_I
3SGB_KI7L,-1.8173597,2.7665343284606934,1,3SGB_E_I
3SGB_KI7I,-1.344638,5.618206977844238,1,3SGB_E_I
3SGB_KI7M,-1.1662476,3.737004041671753,1,3SGB_E_I
3SGB_KI7N,-0.6595436,7.014854431152344,1,3SGB_E_I
3SGB_KI7D,-0.62338936,9.630002975463867,1,3SGB_E_I
3SGB_KI7Q,-0.62338936,1.5020334720611572,1,3SGB_E_I
3SGB_KI7E,0.032206405,5.061875343322754,1,3SGB_E_I
3SGB_KI7H,-0.40146077,5.786533355712891,1,3SGB_E_I
3SGB_KI7F,-0.725558,8.952142715454102,1,3SGB_E_I
3SGB_KI7R,-0.6926964,-0.3930697441101074,1,3SGB_E_I
3SGB_KI7Y,-0.5848572,8.862443923950195,1,3SGB_E_I
3SGB_KI7W,-0.013389315,8.957765579223633,1,3SGB_E_I
3SGB_GI26A,1.2227967,4.7982869148254395,1,3SGB_E_I
3SGB_GI26S,1.6076903,5.790100574493408,1,3SGB_E_I
3SGB_GI26C,2.611657,3.768054962158203,1,3SGB_E_I
3SGB_GI26V,2.7283423,9.093180656433105,1,3SGB_E_I
3SGB_GI26T,3.0342824,8.641101837158203,1,3SGB_E_I
3SGB_GI26P,1.0968642,7.041930198669434,1,3SGB_E_I
3SGB_GI26L,2.6581476,8.141227722167969,1,3SGB_E_I
3SGB_GI26I,4.092513,10.465303421020508,1,3SGB_E_I
3SGB_GI26M,2.7940638,8.92936897277832,1,3SGB_E_I
3SGB_GI26N,2.2751536,7.601485252380371,1,3SGB_E_I
3SGB_GI26D,1.6249894,6.734346866607666,1,3SGB_E_I
3SGB_GI26K,2.5250134,8.513555526733398,1,3SGB_E_I
3SGB_GI26Q,2.9562988,7.193483352661133,1,3SGB_E_I
3SGB_GI26E,1.972751,6.2957987785339355,1,3SGB_E_I
3SGB_GI26H,2.7381892,8.81408977508545,1,3SGB_E_I
3SGB_GI26F,3.0223134,8.87717056274414,1,3SGB_E_I
3SGB_GI26R,3.507656,7.347128391265869,1,3SGB_E_I
3SGB_GI26Y,3.0961108,7.415590763092041,1,3SGB_E_I
3SGB_GI26W,3.912062,7.718173027038574,1,3SGB_E_I
3SGB_NI30G,0.31183532,1.0575761795043945,1,3SGB_E_I
3SGB_NI30A,0.33107248,-1.2778053283691406,1,3SGB_E_I
3SGB_NI30S,0.4089992,-0.8690190315246582,1,3SGB_E_I
3SGB_NI30C,0.34970456,4.111032485961914,1,3SGB_E_I
3SGB_NI30V,-0.24187581,-3.858995199203491,1,3SGB_E_I
3SGB_NI30T,0.009847074,-2.390328884124756,1,3SGB_E_I
3SGB_NI30P,0.579437,7.306766510009766,1,3SGB_E_I
3SGB_NI30L,0.7407817,-1.0336198806762695,1,3SGB_E_I
3SGB_NI30I,0.19792347,-2.9127416610717773,1,3SGB_E_I
3SGB_NI30M,0.14074539,-0.25211381912231445,1,3SGB_E_I
3SGB_NI30D,0.9109825,-1.4173879623413086,1,3SGB_E_I
3SGB_NI30K,0.579437,-0.47656917572021484,1,3SGB_E_I
3SGB_NI30Q,0.24351919,-2.648862361907959,1,3SGB_E_I
3SGB_NI30E,0.9627104,-4.502283573150635,1,3SGB_E_I
3SGB_NI30H,-0.12480123,-0.7220330238342285,1,3SGB_E_I
3SGB_NI30F,-0.1413744,-0.3256645202636719,1,3SGB_E_I
3SGB_NI30R,0.579437,-0.6459884643554688,1,3SGB_E_I
3SGB_NI30Y,-0.10867909,-0.21315956115722656,1,3SGB_E_I
3SGB_NI30W,0.5260738,1.1952695846557617,1,3SGB_E_I
"3SGB_TI11K,LI12R",5.3072824,7.103630065917969,2,3SGB_E_I
"3SGB_TI11R,LI12R",5.5520763,7.164768218994141,2,3SGB_E_I
"3SGB_AI9R,LI12R",5.1564193,9.281765937805176,2,3SGB_E_I
"3SGB_AI9R,TI11K,LI12R",6.7802353,8.224783261617025,3,3SGB_E_I
"3SGB_AI9R,TI11P,LI12R",8.583058,7.159734567006429,3,3SGB_E_I
"3SGB_PI8S,AI9R,TI11P,LI12R",8.229696,5.194047749042511,4,3SGB_E_I
"3SGB_KI7R,AI9R,TI11K,LI12R",5.5931535,6.079991236329079,4,3SGB_E_I
"3SGB_KI7R,PI8F,AI9R,TI11K,LI12R",5.7360306,5.838176500797272,5,3SGB_E_I
"3SGB_AI9R,TI11K,LI12R,RI15L",6.982303,6.481854200363159,4,3SGB_E_I
"3SGB_PI8S,AI9L,TI11K,LI12R",4.9748178,6.210043430328369,4,3SGB_E_I
"3SGB_AI9R,TI11K,LI12R,EI13S",7.1947017,6.268247485160828,4,3SGB_E_I
"3SGB_EI4D,AI9V,TI11P,EI13D,RI15M,NI22S,GI26S,NI39S,SI45R",2.5388455,2.562689701716105,9,3SGB_E_I
"3SGB_TI11P,LI12K,EI13D,LI17V,SI45N,HI46R",4.833295,3.965371608734131,6,3SGB_E_I
"3SGB_TI11P,LI12K,EI13D,LI17V,SI45N",4.912169,3.6832709312438965,5,3SGB_E_I
"3SGB_TI11P,LI12K,EI13D,LI17V,GI26S,SI45N",5.0552235,3.9957671960194907,6,3SGB_E_I
"3SGB_EI4G,KI7Q,PI8S,TI11P,LI12Q,EI13D,RI15V,LI17F,GI26S,VI36A,EI37D",4.2332587,1.5209995616566052,11,3SGB_E_I
"3SGB_EI4D,YI5H,AI9V,TI11S,RI15M,NI22S,GI26S,NI30D",4.0110335,3.055505082011223,8,3SGB_E_I
"3SGB_EI4D,AI9V,TI11S,RI15M,NI22S,GI26N,NI30D,SI45G",3.8938313,3.1098877042531967,8,3SGB_E_I
"3SGB_EI4D,AI9V,TI11S,RI15M,NI22S,GI26S,EI37D",3.2047203,3.376596587044852,7,3SGB_E_I
"3SGB_EI4D,AI9V,TI11S,RI15M,NI22S,GI26S,EI37D,TI43I",3.0059688,4.130673289299011,8,3SGB_E_I
"3SGB_EI4D,AI9V,TI11S,RI15M,NI22S,GI26S,VI36A,EI37D",2.619663,2.7766716927289963,8,3SGB_E_I
"3SGB_EI4D,RI15M,KI23Q,GI26S,NI30S,EI37D",1.6952436,0.9162625273068746,6,3SGB_E_I
"3SGB_RI15M,KI23Q,GI26S,EI37D",2.1049528,2.2357527017593384,4,3SGB_E_I
"3SGB_EI4D,RI15M,EI37D",0.07745373,0.5388500690460205,3,3SGB_E_I
"3SGB_EI4D,KI7R,AI9D,RI15M,EI37D",-0.2884681,2.202233171463013,5,3SGB_E_I
"3SGB_EI4D,RI15M,KI28R,EI37D",-0.1413744,0.46386831998825073,4,3SGB_E_I
"3SGB_EI4G,LI12M,RI15M,EI37D",0.9109825,1.4817852079868317,4,3SGB_E_I
"3SGB_EI4D,LI12M,RI15M,EI37D",0.47637805,1.454888790845871,4,3SGB_E_I
"3SGB_EI4D,LI12V,RI15M,GI26D,EI37D",4.0297246,3.461657238006592,5,3SGB_E_I
"3SGB_EI4D,LI12V,RI15M,EI37D",3.0342824,2.5794717669487,4,3SGB_E_I
"3SGB_EI4D,TI11R,LI12M,RI15M,EI37D",2.3834074,2.450422668457031,5,3SGB_E_I
"3SGB_EI4G,LI12M,RI15M,EI37D,KI49E",0.18353121,0.8873350143432617,5,3SGB_E_I
"3SGB_DI1N,EI4G,LI12M,RI15M,EI37D,KI49E",0.019533154,1.0322821736335754,6,3SGB_E_I
"3SGB_EI4D,AI9V,TI11S,YI14D,RI15M,NI22S,GI26S,EI37D",4.871827,4.021038576960564,8,3SGB_E_I
"3SGB_EI4D,AI9V,TI11S,RI15M,NI22S,GI26S,NI30D,EI37D,TI43N",3.3369222,2.9375268618265786,9,3SGB_E_I
"3SGB_EI4D,AI9V,TI11S,RI15M,NI22S,GI26S,NI30D,EI37D",3.3669553,2.6130293011665344,8,3SGB_E_I
"3SGB_EI4D,AI9V,TI11S,RI15M,NI22S,GI26S,NI30D,VI35F,EI37D,TI43S",3.3077793,3.236936867237091,10,3SGB_E_I
"3SGB_AI9V,TI11S,RI15M,NI22S,KI23Q,GI26S,KI28E,EI37D",4.481256,3.0699946582317352,8,3SGB_E_I
"3SGB_EI4D,YI5H,TI11L,LI12Q,YI14Q,RI15K,LI17I,GI26D,NI30S,EI37D",7.4294353,3.171836829185486,10,3SGB_E_I
"3SGB_EI4D,YI5H,TI11L,LI12Q,YI14Q,RI15K,GI26D,NI30S,EI37D",7.459469,2.8262026574876575,9,3SGB_E_I
3SGB_LI12M,0.47637805,4.438554763793945,1,3SGB_E_I
"3SGB_LI12M,TI43N,KI49T",0.27762654,3.0835398038228354,3,3SGB_E_I
"3SGB_NI22S,GI26A",1.3301128,3.151939332485199,2,3SGB_E_I
"3SGB_AI9D,GI26A",1.0810646,7.422019720077515,2,3SGB_E_I
"3SGB_AI9D,GI26A,NI27S",2.1838267,8.082646369934082,3,3SGB_E_I
3SGB_GI26A,1.3641711,4.7982940673828125,1,3SGB_E_I
"3SGB_TI11M,LI12S,GI26V",6.9098134,8.18794838587443,3,3SGB_E_I
"3SGB_RI15V,LI17I",0.16878061,2.412628710269928,2,3SGB_E_I
"3SGB_LI12S,RI15V,LI17I",4.481256,4.859229167302449,3,3SGB_E_I
3SGB_NI22S,0.009847074,1.5504785776138306,1,3SGB_E_I
"3SGB_LI12M,LI17V,KI23I,EI37K",0.81965566,2.4368441998958588,4,3SGB_E_I
"3SGB_AI9G,LI12M,LI17V,KI23I,EI37K",3.2293792,3.5519986152648926,5,3SGB_E_I
"3SGB_LI12M,NI30D,SI45N",1.0968642,1.1152559916178386,3,3SGB_E_I
"3SGB_EI4D,KI7M,LI12M,LI17V",0.07745373,3.319807380437851,4,3SGB_E_I
"3SGB_EI4G,LI12M,YI14S,LI17I,KI23T,GI26S,HI46Y,FI47P,KI49V",3.6910527,2.9029914008246527,9,3SGB_E_I
"3SGB_AI9T,LI12M",0.47637805,7.923380374908447,2,3SGB_E_I
"3SGB_LI12M,TI24S,GI26D",2.3268814,6.21133279800415,3,3SGB_E_I
"3SGB_LI12I,GI26D",5.845427,7.863899230957031,2,3SGB_E_I
"3SGB_AI9D,LI12A,YI14D",5.76852,9.65223217010498,3,3SGB_E_I
"3SGB_LI12M,SI45N,HI46R,KI49Q",0.2279567,2.843085289001465,4,3SGB_E_I
"3SGB_LI12M,HI46R",0.5010369,5.043107509613037,2,3SGB_E_I
"3SGB_LI12M,HI46R,KI49E",-0.11668532,2.805714805920919,3,3SGB_E_I
"3SGB_LI12M,SI45N",0.4537338,2.4303172826766968,2,3SGB_E_I
"3SGB_YI5H,YI14D,TI24I,GI26S,NI30D,VI36L",5.612886,4.842007398605347,6,3SGB_E_I
3SGB_YI14H,1.4057077,5.899313926696777,1,3SGB_E_I
"3SGB_LI12M,YI14Q",3.7764843,6.300928115844727,2,3SGB_E_I
"3SGB_LI12M,GI26D",2.2751536,5.541002988815308,2,3SGB_E_I
"3SGB_EI4D,TI11L,RI15M,GI26D,NI30S,EI37D,TI43S",3.770815,1.5564195769173759,7,3SGB_E_I
"3SGB_AI9G,TI11M,LI12M,YI14R,RI15L,GI26N,NI27D,SI45N,KI49E",8.009047,4.062571869956122,9,3SGB_E_I
"3SGB_EI4D,RI15M,LI17F,NI22S,GI26S,EI37D",1.6076903,2.3108800450960794,6,3SGB_E_I
"3SGB_EI4G,KI7Q,TI11S,RI15V,LI17F,GI26S,NI30D,VI36A,EI37D",3.182076,1.2801820437113445,9,3SGB_E_I
"3SGB_EI4D,TI11S,EI13D,RI15M,NI22S,GI26S,EI37D,GI48E",4.6719503,2.833961844444275,8,3SGB_E_I
"3SGB_EI4D,AI9V,YI14E,RI15M,EI37D",1.7138757,3.893795371055603,5,3SGB_E_I
"3SGB_EI4D,AI9V,TI11S,RI15M,VI36A,EI37D",1.5049165,2.5379995306332908,6,3SGB_E_I
"3SGB_DI1N,EI4D,AI9V,TI11S,EI13L,RI15M,VI36A,EI37D",2.6392179,2.14965058863163,8,3SGB_E_I
"3SGB_EI4D,AI9V,YI14D,RI15M,KI23I,GI26H,NI30Y,VI36A,EI37H,LI44F",2.3268814,4.1170819163322445,10,3SGB_E_I
"3SGB_EI4D,KI7Q,AI9V,TI11M,LI12G,EI13D,RI15M,NI22S,GI26S,EI37D,SI45N",5.824453,3.4840534925460815,11,3SGB_E_I
"3SGB_YI5H,EI13D,LI17I,NI22S,GI26S,NI30D,VI36M,EI37D",2.3268814,2.175287500023842,8,3SGB_E_I
"3SGB_EI4D,AI9V,EI13D,RI15M,KI23T,GI26S,EI37D,LI42I",1.1970339,2.9981103241443634,8,3SGB_E_I
"3SGB_EI4D,AI9V,TI11S,EI13D,RI15M,KI23T,GI26N,NI30I,EI37D,LI42I",4.261294,2.792858064174652,10,3SGB_E_I
"3SGB_EI4D,KI7R,AI9V,EI13D,RI15M,GI26S,EI37D,LI42I,KI49R",-0.0814798,2.7201870216263666,9,3SGB_E_I
"3SGB_EI4D,AI9V,EI13D,RI15M,GI26S,EI37D,LI42I,KI49R",1.0863781,3.1321519017219543,8,3SGB_E_I
"3SGB_AI9D,LI12A",2.619663,10.042876243591309,2,3SGB_E_I
"3SGB_TI11P,LI12K,GI26D",6.5430627,5.522755066553752,3,3SGB_E_I
"3SGB_TI11P,LI12K",6.320305,5.033236145973206,2,3SGB_E_I
"3SGB_EI4D,LI12M,RI15M,GI26D,EI37D",1.972751,2.479782962799072,5,3SGB_E_I
3SGB_GI26V,2.9262657,9.093193054199219,1,3SGB_E_I
3SGB_YI14D,2.8173003,8.425310134887695,1,3SGB_E_I
3SGB_TI11E,4.460282,5.04124116897583,1,3SGB_E_I
"3SGB_EI4D,LI12F,RI15M,EI37D",0.77931386,1.6977743208408356,4,3SGB_E_I
3SGB_TI11S,2.5388455,5.155912399291992,1,3SGB_E_I
3SGB_TI11V,1.972751,1.5076415538787842,1,3SGB_E_I
3SGB_AI9V,-0.6595436,10.251120567321777,1,3SGB_E_I
"3SGB_AI9V,TI11S",1.6076903,7.591039657592773,2,3SGB_E_I
3SGB_TI11A,3.2293792,5.467277526855469,1,3SGB_E_I
3SGB_LI12A,2.9562988,9.849164962768555,1,3SGB_E_I
3SGB_LI12E,6.3676667,7.24910306930542,1,3SGB_E_I
3SGB_LI12Q,2.4864664,5.195977687835693,1,3SGB_E_I
"3SGB_AI9R,LI12R",5.1406555,9.281762599945068,2,3SGB_E_I
"3SGB_AI9R,TI11P,LI12R",8.552795,7.1597340901692705,3,3SGB_E_I
"3SGB_PI8S,AI9R,TI11P,LI12R",8.204559,5.19405061006546,4,3SGB_E_I
"3SGB_KI7T,PI8E,AI9Y",-3.8579,4.254760344823201,3,3SGB_E_I
"3SGB_KI7T,PI8E,AI9Y,LI12G,RI15M,GI26P,NI30V",1.847206,4.127527236938477,7,3SGB_E_I
"3SGB_KI7S,PI8D,AI9Y",-4.1377077,3.9793036778767905,3,3SGB_E_I
"3SGB_KI7S,PI8D,AI9Y,LI12G,EI13I,RI15K",0.09561484,4.139887630939484,6,3SGB_E_I
3SZK_NC35A,0.1251905,1.4694750308990479,1,3SZK_AB_C
3SZK_TC38A,0.9322267,5.880838394165039,1,3SZK_AB_C
3SZK_QC39A,0.76658607,-1.8074884414672852,1,3SZK_AB_C
3SZK_YC40A,2.9048476,2.7650856971740723,1,3SZK_AB_C
3SZK_YC41A,2.9823394,4.545557975769043,1,3SZK_AB_C
3SZK_HC42A,2.5366163,-3.2906651496887207,1,3SZK_AB_C
3SZK_FC43A,2.2193475,0.5320289134979248,1,3SZK_AB_C
3SZK_FC44A,2.2009625,8.539785385131836,1,3SZK_AB_C
3SZK_NC66A,0.20430143,1.4162282943725586,1,3SZK_AB_C
3SZK_SC69A,1.5142233,3.100677490234375,1,3SZK_AB_C
3SZK_TC70A,1.4692765,2.6919195652008057,1,3SZK_AB_C
3SZK_DC120A,0.67366445,1.2106921672821045,1,3SZK_AB_C
3SZK_DC121A,0.6956096,1.781661033630371,1,3SZK_AB_C
3SZK_GC122A,0.37473926,4.941793441772461,1,3SZK_AB_C
3SZK_EC123A,0.83848655,0.5810108184814453,1,3SZK_AB_C
3SZK_EC124A,0.6956096,5.507991790771484,1,3SZK_AB_C
3SZK_VC27A,0.096284665,3.4312891960144043,1,3SZK_AB_C
3SZK_DC48A,0.20430143,5.4151716232299805,1,3SZK_AB_C
3SZK_DC51A,0.20430143,2.3782739639282227,1,3SZK_AB_C
3SZK_KC56A,0.096284665,0.7119818925857544,1,3SZK_AB_C
3SZK_KC57A,-0.035917178,2.2828145027160645,1,3SZK_AB_C
3TGK_NE170D,-0.17043781,-9.810482025146484,1,3TGK_E_I
3U82_IB45A,2.5961404,7.4531097412109375,1,3U82_A_B
"3U82_TB28A,QB29A,EB90A,NB98A",-1.0106927,3.539932370185852,4,3U82_A_B
3UIG_EA47A,0.64674646,,1,3UIG_A_P
3UIG_KA58A,0.4465736,,1,3UIG_A_P
3UIG_EA61A,1.7585607,,1,3UIG_A_P
3UIG_DA67A,2.0392313,,1,3UIG_A_P
3UIG_EA72A,1.7930583,,1,3UIG_A_P
"3UIH_KA58Y,HA76W",-1.0724025,4.051613450050354,2,3UIH_A_P
3UII_KA58A,0.04559572,0.26366090774536133,1,3UII_A_P
"3UII_KA58Y,HA76W",0.03452153,2.1406681537628174,2,3UII_A_P
3VR6_LG28N,0.3099994,4.9287109375,1,3VR6_ABCDEF_GH
3VR6_LG29N,0.6750601,7.199981689453125,1,3VR6_ABCDEF_GH
3VR6_RG134A,0.83049834,2.7544264793395996,1,3VR6_ABCDEF_GH
3VR6_RG135A,0.8992655,1.4304015636444092,1,3VR6_ABCDEF_GH
"3VR6_RG134A,RG135A",1.4000883,2.4129693508148193,2,3VR6_ABCDEF_GH
3VR6_AG138S,-0.34087563,2.5445117950439453,1,3VR6_ABCDEF_GH
3VR6_LG139N,0.7095816,1.9031423330307007,1,3VR6_ABCDEF_GH
"3VR6_RA476A,RB481A,RC471A",-0.27845457,0.9927776654561361,3,3VR6_ABCDEF_GH
"3VR6_VD385A,VE385A,VF388A",0.6982965,-1.3347060084342957,3,3VR6_ABCDEF_GH
"3VR6_LD386A,LE386A,LF389A",1.1367726,-3.400660594304403,3,3VR6_ABCDEF_GH
"3VR6_RA476A,RB481A,RC471A,RG134A,RG135A",1.3179827,1.5608530521392823,5,3VR6_ABCDEF_GH
"3VR6_VD385A,VE385A,VF388A,RG134A,RG135A",1.1313123,0.16436318159103394,5,3VR6_ABCDEF_GH
"3VR6_LA477A,LB482A,LC472A,VA478A,VB483A,VC473A",-0.22198787,-1.593291699886322,6,3VR6_ABCDEF_GH
"3VR6_LA477A,LB482A,LC472A,VA478A,VB483A,VC473A,LD386A,LE386A,LF389A",-0.17043781,-2.1957470840877957,9,3VR6_ABCDEF_GH
"3VR6_LA477A,LB482A,LC472A,VA478A,VB483A,VC473A,RG134A,RG135A",2.0498004,-0.5917264223098755,8,3VR6_ABCDEF_GH
"3VR6_LA477A,LB482A,LC472A,VA478A,VB483A,VC473A,LG139N",-0.079110935,-1.0938009875161308,7,3VR6_ABCDEF_GH
"3VR6_RD347E,RE347E,RF350E",0.28764006,1.14750337600708,3,3VR6_ABCDEF_GH
"3VR6_RD347K,RE347K,RF350K",1.2131597,1.9942868153254192,3,3VR6_ABCDEF_GH
3W2D_YA45F,0.87833744,-0.08595657348632812,1,3W2D_A_HL
3W2D_YA45L,2.3658152,-2.3245584964752197,1,3W2D_A_HL
3W2D_KA67R,-0.42831185,-0.2877330780029297,1,3W2D_A_HL
3W2D_KA67N,4.6240077,0.4830920696258545,1,3W2D_A_HL
3WWN_RA221E,-0.33671388,-0.9476661682128906,1,3WWN_A_B
3WWN_RA224E,1.2939427,0.2023320198059082,1,3WWN_A_B
3WWN_KA225E,0.15640123,2.3077847957611084,1,3WWN_A_B
4B0M_AB127G,0.29772303,3.204610586166382,1,4B0M_A_BM
4B0M_PM98A,0.40573978,-4.441584587097168,1,4B0M_A_BM
4B0M_PM98S,0.7580752,-3.473782777786255,1,4B0M_A_BM
4B0M_PM99A,1.9157778,3.566054582595825,1,4B0M_A_BM
4B0M_PM99S,1.9942853,6.108222007751465,1,4B0M_A_BM
"4B0M_PM98S,PM99A",2.0725505,0.1444188356399536,2,4B0M_A_BM
4B0M_YM9G,0.62926847,11.654735565185547,1,4B0M_A_BM
4B0M_YM37A,1.65294,5.708082675933838,1,4B0M_A_BM
"4B0M_YM9G,YM37A",2.2047524,8.626944065093994,2,4B0M_A_BM
4B0M_LM40A,1.9089847,10.676896095275879,1,4B0M_A_BM
4B0M_MA8A,0.42992485,2.2794265747070312,1,4B0M_A_BM
"4B0M_TA7G,MA8A",0.44165695,3.670241594314575,2,4B0M_A_BM
4BFI_LB29K,2.0774672,1.6545703411102295,1,4BFI_A_B
4BFI_NB43D,2.7283423,7.542926788330078,1,4BFI_A_B
4BFI_NB43A,2.3176858,6.896800994873047,1,4BFI_A_B
4BFI_LB91A,1.3072104,4.112126350402832,1,4BFI_A_B
4BFI_NB93K,2.7283423,7.338756561279297,1,4BFI_A_B
4BFI_FB95D,2.7283423,10.0989408493042,1,4BFI_A_B
4BFI_FB95A,2.0774672,7.94549560546875,1,4BFI_A_B
4BFI_KB99E,2.3176858,-0.9413986206054688,1,4BFI_A_B
4BFI_QB6K,-0.011969134,-0.4803283214569092,1,4BFI_A_B
4BFI_SB17D,0.03078365,5.235496520996094,1,4BFI_A_B
4BFI_QB26K,-0.21983741,-0.26888465881347656,1,4BFI_A_B
4CPA_PI35G,2.5961404,0.044801414012908936,1,4CPA_A_I
4CPA_YI36G,0.5019833,1.0912866592407227,1,4CPA_A_I
4CPA_YI36F,0.0,0.05674552917480469,1,4CPA_A_I
4CPA_VI37G,3.7347221,-0.008959293365478516,1,4CPA_A_I
4CPA_VI37A,2.325533,-1.944746494293213,1,4CPA_A_I
4CPA_VI37L,1.2793907,-2.327794075012207,1,4CPA_A_I
4CPA_VI37I,0.19934364,0.31294679641723633,1,4CPA_A_I
4CPA_VI37F,0.0,-1.3229575157165527,1,4CPA_A_I
4CVW_DA720W,1.2212942,1.3892662525177002,1,4CVW_A_C
4CVW_DA720R,3.0476718,0.4701704978942871,1,4CVW_A_C
4CVW_RC27A,1.8287239,3.572119951248169,1,4CVW_A_C
4CVW_RC31A,2.0774672,0.8124439716339111,1,4CVW_A_C
4CVW_RC31W,1.4907035,2.284452438354492,1,4CVW_A_C
4CVW_LC34G,2.7283423,4.807323455810547,1,4CVW_A_C
4CVW_LC34W,0.3355621,2.468939781188965,1,4CVW_A_C
4CVW_VC35D,4.9208374,5.730018138885498,1,4CVW_A_C
"4CVW_LC34G,VC35D",7.7454643,5.121563911437988,2,4CVW_A_C
"4E6K_EA81A,EB81A",2.5848122,4.17092227935791,2,4E6K_AB_G
"4E6K_LA68A,LB68A",2.6698973,1.7425751686096191,2,4E6K_AB_G
"4E6K_EA85A,EB85A",3.0725746,5.21299934387207,2,4E6K_AB_G
4E6K_YG2F,0.6969139,0.67230224609375,1,4E6K_AB_G
4E6K_KG40A,0.5019833,4.009511470794678,1,4E6K_AB_G
4E6K_LG5A,1.9034278,5.351159572601318,1,4E6K_AB_G
4EKD_CA147R,-0.056466706,-7.407720565795898,1,4EKD_A_B
4FTV_KD66A,-1.5795714,-1.0820693969726562,1,4FTV_ABC_DE
4FTV_TA163A,0.36111906,-0.9027538299560547,1,4FTV_ABC_DE
"4FTV_KD66A,TA163A",-2.130459,-0.9924144744873047,2,4FTV_ABC_DE
4FTV_DD93A,1.0142645,1.8223085403442383,1,4FTV_ABC_DE
4FTV_RA65A,3.8267174,2.198498249053955,1,4FTV_ABC_DE
"4FTV_DD93A,RA65A",1.4018853,2.010404348373413,2,4FTV_ABC_DE
4FTV_DD93A,0.77962637,1.8223066329956055,1,4FTV_ABC_DE
4FTV_RA65A,3.1884809,2.198495388031006,1,4FTV_ABC_DE
"4FTV_DD93A,RA65A",0.9260521,2.010401964187622,2,4FTV_ABC_DE
"4FTV_EA63Q,DD93A",-0.004539884,0.5558714866638184,2,4FTV_ABC_DE
"4FTV_EA63Q,KA66A",1.3316362,1.5383568108081818,2,4FTV_ABC_DE
"4FTV_EA63Q,DD93A,KA66A",1.855068,1.6330065528551738,3,4FTV_ABC_DE
"4FTV_ME98A,SE99G,AE100G,QE101R",3.9603114,3.2333597540855408,4,4FTV_ABC_DE
"4FTV_SE99G,AE100G,QE101R",3.651468,4.35231073697408,3,4FTV_ABC_DE
"4FTV_ME98A,AE100G,QE101R",3.6194358,1.8190255959828694,3,4FTV_ABC_DE
"4FTV_ME98A,QE101E",0.5062001,-0.21380889415740967,2,4FTV_ABC_DE
4FTV_QE101E,0.056466706,-0.1433699131011963,1,4FTV_ABC_DE
4FTV_QE101R,0.41065642,-0.32700252532958984,1,4FTV_ABC_DE
4FZA_FA168E,0.54285824,-4.762900352478027,1,4FZA_A_B
4FZA_YA213A,1.2707835,8.313959121704102,1,4FZA_A_B
4FZA_RA217A,1.0278971,2.114445209503174,1,4FZA_A_B
4FZA_EB122A,0.42541236,0.7062668800354004,1,4FZA_A_B
4G0N_RB6A,1.645757,3.3567028045654297,1,4G0N_A_B
4G0N_NB11A,0.09720734,1.5508298873901367,1,4G0N_A_B
4G0N_QB13A,1.645757,2.9790334701538086,1,4G0N_A_B
4G0N_RB14A,1.9372704,-1.1874651908874512,1,4G0N_A_B
4G0N_TB15A,1.4525357,-2.1453263759613037,1,4G0N_A_B
4G0N_VB16A,0.9681078,7.255040645599365,1,4G0N_A_B
4G0N_KB31A,2.1297555,0.4764981269836426,1,4G0N_A_B
4G0N_VB35A,0.09720734,7.46502161026001,1,4G0N_A_B
4G0N_IA21A,0.87122935,11.412500381469727,1,4G0N_A_B
4G0N_HA27A,-0.29069513,2.885577440261841,1,4G0N_A_B
4G0N_EA31A,0.48550442,2.058319568634033,1,4G0N_A_B
4G0N_DA33A,1.0649688,4.495589256286621,1,4G0N_A_B
4G0N_IA36A,1.7429594,7.087338924407959,1,4G0N_A_B
4G0N_EA37A,1.7429594,5.579946517944336,1,4G0N_A_B
4G0N_DA38A,3.193986,8.618520736694336,1,4G0N_A_B
4G0N_SA39A,0.29070067,6.825962543487549,1,4G0N_A_B
4G0N_RA41A,-0.580602,5.14966344833374,1,4G0N_A_B
4G0N_VA45A,-0.29069513,4.958312511444092,1,4G0N_A_B
"4G0N_TB15A,IA21A",2.1297555,4.633591532707214,2,4G0N_A_B
"4G0N_VB16A,IA21A",1.5513604,9.333774328231812,2,4G0N_A_B
"4G0N_VB35A,IA21A",0.29070067,9.438770055770874,2,4G0N_A_B
"4G0N_VB35A,HA27A",0.19255085,5.175298094749451,2,4G0N_A_B
"4G0N_RB6A,EA31A",2.1297555,2.707512140274048,2,4G0N_A_B
"4G0N_TB15A,EA31A",1.5513604,-0.0435030460357666,2,4G0N_A_B
"4G0N_KB31A,EA31A",2.0329933,1.2674107551574707,2,4G0N_A_B
"4G0N_RB6A,DA33A",2.516607,3.9261457920074463,2,4G0N_A_B
"4G0N_KB31A,DA33A",2.6137888,2.4860446453094482,2,4G0N_A_B
"4G0N_RB6A,IA36A",4.257757,5.22201681137085,2,4G0N_A_B
"4G0N_TB15A,IA36A",3.000671,2.4710047245025635,2,4G0N_A_B
"4G0N_VB16A,IA36A",2.6137888,7.171186208724976,2,4G0N_A_B
"4G0N_RB6A,EA37A",2.3235662,4.468322992324829,2,4G0N_A_B
"4G0N_TB15A,EA37A",2.8070836,1.717312216758728,2,4G0N_A_B
"4G0N_VB16A,EA37A",2.7103422,6.417489528656006,2,4G0N_A_B
"4G0N_KB31A,EA37A",3.3875308,3.0282264947891235,2,4G0N_A_B
"4G0N_RB6A,DA38A",4.451485,5.987609386444092,2,4G0N_A_B
"4G0N_TB15A,DA38A",3.000671,3.236596703529358,2,4G0N_A_B
"4G0N_QB13A,SA39A",2.0329933,4.902493476867676,2,4G0N_A_B
"4G0N_RB14A,SA39A",2.2268512,2.819246530532837,2,4G0N_A_B
"4G0N_TB15A,SA39A",1.9372704,2.3403173685073853,2,4G0N_A_B
"4G0N_NB11A,RA41A",-0.580602,3.350247621536255,2,4G0N_A_B
"4G0N_QB13A,RA41A",1.2585136,4.064350843429565,2,4G0N_A_B
"4G0N_NB11A,VA45A",0.0,3.2545697689056396,2,4G0N_A_B
"4G0N_QB13A,VA45A",1.5513604,3.968672037124634,2,4G0N_A_B
"4G0N_RB14A,VA45A",1.7429594,1.885422706604004,2,4G0N_A_B
"4G0N_TB15A,VA45A",1.0649688,1.4064925909042358,2,4G0N_A_B
4G0N_FB8W,0.6034536,2.297905683517456,1,4G0N_A_B
4G0N_VB35I,0.5519035,0.008663415908813477,1,4G0N_A_B
4G0N_NB18R,-0.6982965,-1.0939240455627441,1,4G0N_A_B
"4G0N_FB8W,NB18R",-0.28764006,0.6147161722183228,2,4G0N_A_B
"4G0N_FB8W,NB18R,VB35I",0.36323497,0.43384095033009845,3,4G0N_A_B
"4G0N_FB8W,RB14L,NB18R,VB35I",0.6034536,0.45106083154678345,4,4G0N_A_B
"4G0N_FB8W,VB16E,NB18R,VB35I",1.818733,1.4138229191303253,4,4G0N_A_B
"4G0N_FB8W,RB14L,VB16E,NB18R,KB31R,VB35I",3.6040466,1.038795570532481,6,4G0N_A_B
4G0N_AB32K,-1.1089529,6.777728080749512,1,4G0N_A_B
"4G0N_NB18R,AB32K",-1.2793907,2.9003875255584717,2,4G0N_A_B
4G0N_TA35A,2.6293707,9.203346252441406,1,4G0N_A_B
"4G0N_TA35A,NB18R",2.0998266,4.054712295532227,2,4G0N_A_B
"4G0N_TA35A,AB32K",2.578799,7.990534782409668,2,4G0N_A_B
"4G0N_TA35A,NB18R,AB32K",1.9676247,5.0013747215271,3,4G0N_A_B
"4G0N_YA32C,CA116S",0.7356554,6.028064727783203,2,4G0N_A_B
"4G0N_YA32C,CA116S,NB18R",-0.36675102,3.6540687084198,3,4G0N_A_B
"4G0N_YA32C,CA116S,AB32K",-0.6418298,6.277949571609497,3,4G0N_A_B
"4G0N_YA32C,CA116S,NB18R,AB32K",-1.7309221,4.464224100112915,4,4G0N_A_B
4G0N_KB12M,1.3225784,2.305110216140747,1,4G0N_A_B
4G0N_NB11A,1.5063304,1.5508286952972412,1,4G0N_A_B
4G0N_NB11D,1.80897,-0.47121167182922363,1,4G0N_A_B
4G0N_VB16A,1.80897,7.255041599273682,1,4G0N_A_B
4G0N_KB12A,1.8322064,1.0667831897735596,1,4G0N_A_B
4G0N_KB12E,1.9169868,-1.1137865781784058,1,4G0N_A_B
4G0N_TB15A,2.1572053,-2.14532470703125,1,4G0N_A_B
4G0N_RB14A,2.3276432,-1.1874628067016602,1,4G0N_A_B
4G0N_RB6A,2.7382996,3.3567018508911133,1,4G0N_A_B
4G0N_QB13A,2.785721,2.979030132293701,1,4G0N_A_B
"4G0N_RB6A,NB11D",3.421207,1.4340577125549316,2,4G0N_A_B
4G0N_KB31A,3.5837975,0.4764988422393799,1,4G0N_A_B
4G0N_KB31E,5.0657783,-1.5213017463684082,1,4G0N_A_B
"4G0N_KB31A,RB36G",5.358625,3.908473014831543,2,4G0N_A_B
4G0N_RB36L,5.358625,4.971526622772217,1,4G0N_A_B
4G0N_EA31A,1.3881191,2.058319091796875,1,4G0N_A_B
4G0N_DA33A,0.689111,4.4955925941467285,1,4G0N_A_B
4G0N_RA41A,-0.10772061,5.14966344833374,1,4G0N_A_B
4G0N_RB6A,2.0392313,3.356700897216797,1,4G0N_A_B
4G0N_NB11A,0.4360252,1.5508296489715576,1,4G0N_A_B
4G0N_RB14A,1.4963729,-1.1874637603759766,1,4G0N_A_B
4G0N_VB16A,0.689111,7.255038738250732,1,4G0N_A_B
4G0N_KB31A,2.0392313,0.4764976501464844,1,4G0N_A_B
4G0N_VB35A,-0.10772061,7.465024471282959,1,4G0N_A_B
4G0N_TA35S,2.2143898,6.894223690032959,1,4G0N_A_B
4G0N_TA35A,2.9443758,9.203346252441406,1,4G0N_A_B
4G0N_DA38A,2.535545,8.618522644042969,1,4G0N_A_B
4G2V_RA198E,2.237034,-0.2942471504211426,1,4G2V_A_B
4G2V_NA260R,0.22198787,5.237407207489014,1,4G2V_A_B
"4G2V_RA198E,NA260R",2.2844555,2.495845079421997,2,4G2V_A_B
4GNK_KA294A,0.09897152,2.9232795238494873,1,4GNK_A_B
"4GNK_DA279A,PA281D",0.12133086,3.968522310256958,2,4GNK_A_B
4GNK_LB764A,-1.4206378,0.10515069961547852,1,4GNK_A_B
"4GNK_KA294A,LB764A",-1.5528396,1.5142130851745605,2,4GNK_A_B
"4GNK_LB764A,DA279A,PA281D",-1.7232774,2.680734078089396,3,4GNK_A_B
4GNK_TB540E,-0.18866855,0.6376069784164429,1,4GNK_A_B
"4GU0_LE20A,TE22A,RE26A",0.916397,2.617488463719686,3,4GU0_A_E
4GXU_DA189E,2.1660576,,1,4GXU_ABCDEF_MN
4GXU_DA224G,1.9617561,,1,4GXU_ABCDEF_MN
"4GXU_DA189E,DA224G",3.0115554,,2,4GXU_ABCDEF_MN
4HFK_RB22A,1.3921323,5.727912902832031,1,4HFK_A_BD
4HFK_LB45A,2.525464,10.379551887512207,1,4HFK_A_BD
4HFK_EB46A,1.1885719,8.656449317932129,1,4HFK_A_BD
4HFK_SB48A,0.20154199,7.997494697570801,1,4HFK_A_BD
4HFK_NB49A,-0.020160992,4.455329418182373,1,4HFK_A_BD
4HFK_LB50A,0.030058358,11.086356163024902,1,4HFK_A_BD
4HFK_EB56A,0.94239897,0.04062366485595703,1,4HFK_A_BD
4HFK_TD72A,1.8502102,5.05626916885376,1,4HFK_A_BD
4HRN_LD17A,2.5983803,7.504491329193115,1,4HRN_A_D
4HRN_SD43A,0.8030821,3.287540912628174,1,4HRN_A_D
4HRN_VD44A,2.8119245,4.676639556884766,1,4HRN_A_D
4HRN_FD47A,2.4605627,7.13027286529541,1,4HRN_A_D
4HSA_RA28V,0.58109426,0.7522506713867188,1,4HSA_AB_C
4HSA_WA40V,-0.22242592,6.931013107299805,1,4HSA_AB_C
4HSA_YA58I,0.11757265,1.5497441291809082,1,4HSA_AB_C
4HSA_HA59S,-0.12264595,-2.296833038330078,1,4HSA_AB_C
4I77_YH100F,0.0,0.6905084252357483,1,4I77_HL_Z
4I77_YH100A,0.0,3.331493854522705,1,4I77_HL_Z
4I77_YH101F,0.0,-0.11556786298751831,1,4I77_HL_Z
4I77_YH101A,0.94154555,4.235274791717529,1,4I77_HL_Z
4I77_YH103F,0.0,1.0648086071014404,1,4I77_HL_Z
4I77_YH103A,1.6923214,6.477926731109619,1,4I77_HL_Z
4I77_DH54A,2.1247063,11.57248306274414,1,4I77_HL_Z
4I77_WH52F,2.0995631,3.6794803142547607,1,4I77_HL_Z
4I77_WH52A,2.1147766,3.736891984939575,1,4I77_HL_Z
4I77_YL32F,0.0,1.5499005317687988,1,4I77_HL_Z
4I77_YL32A,0.0,5.623402118682861,1,4I77_HL_Z
4I77_NL95A,1.7221993,3.6956565380096436,1,4I77_HL_Z
4I77_YH100F,0.0,0.6905092597007751,1,4I77_HL_Z
4I77_YH100A,0.0,3.331491231918335,1,4I77_HL_Z
4I77_YH101F,0.0,-0.11556756496429443,1,4I77_HL_Z
4I77_YH101A,2.2759638,4.235276222229004,1,4I77_HL_Z
4I77_YH103F,0.63079,1.0648088455200195,1,4I77_HL_Z
4I77_YH103A,2.5998316,6.4779229164123535,1,4I77_HL_Z
4I77_DH54A,2.9955828,11.572484970092773,1,4I77_HL_Z
4I77_WH52F,2.8213594,3.6794850826263428,1,4I77_HL_Z
4I77_WH52A,2.9105122,3.7368905544281006,1,4I77_HL_Z
4I77_YL32F,0.0,1.549900770187378,1,4I77_HL_Z
4I77_YL32A,1.5677315,5.623407363891602,1,4I77_HL_Z
4I77_NL95A,0.9991104,3.6956584453582764,1,4I77_HL_Z
4J2L_WC17A,2.2305837,2.6696465015411377,1,4J2L_A_CD
4J2L_LC20S,1.6885003,7.9266438484191895,1,4J2L_A_CD
"4J2L_VA23A,SA34D",2.266683,6.255318880081177,2,4J2L_A_CD
"4J2L_VA23A,LA118E",0.4368464,6.289448499679565,2,4J2L_A_CD
"4J2L_SA34D,LA118E",0.6970077,5.317323446273804,2,4J2L_A_CD
4J2L_VA23A,0.08989063,7.210294723510742,1,4J2L_A_CD
4J2L_SA34D,-0.9704915,5.363087177276611,1,4J2L_A_CD
4J2L_LA118E,-0.6311248,5.340211391448975,1,4J2L_A_CD
4JEU_RA169A,-0.41065642,0.829338550567627,1,4JEU_A_B
4JEU_RA37C,0.90960926,4.988992691040039,1,4JEU_A_B
"4JEU_LB147A,EB148A",1.1937333,4.687565088272095,2,4JEU_A_B
"4JEU_LB147A,EB148A",1.0099814,4.687562108039856,2,4JEU_A_B
4JEU_IB215A,3.2417018,8.735828399658203,1,4JEU_A_B
4JEU_RB3A,1.1281693,1.410308837890625,1,4JEU_A_B
4JEU_TB4A,0.18092397,5.611213684082031,1,4JEU_A_B
4JEU_LB7A,1.1089529,6.4367289543151855,1,4JEU_A_B
4JFD_AC4G,-6.5182157,-0.9621734619140625,1,4JFD_ABC_DE
"4JFD_AC4G,EC1A",0.80462295,-1.1551000475883484,2,4JFD_ABC_DE
"4JFD_AC4G,GC6A",0.07705023,3.222903609275818,2,4JFD_ABC_DE
"4JFD_AC4G,IC7A",-0.088590376,1.7318450212478638,2,4JFD_ABC_DE
"4JFD_AC4G,LC8A",-0.31932956,0.2419368028640747,2,4JFD_ABC_DE
"4JFD_AC4G,TC9A",0.016232576,-0.5834481716156006,2,4JFD_ABC_DE
4JFE_AC7I,-6.4296255,-2.1179020404815674,1,4JFE_ABC_DE
"4JFE_AC7I,EC1A",0.89321333,-1.5443742275238037,2,4JFE_ABC_DE
"4JFE_AC7I,GC4A",0.088590376,0.24309611320495605,2,4JFE_ABC_DE
"4JFE_AC7I,GC6A",0.16564061,2.7784247398376465,2,4JFE_ABC_DE
"4JFE_AC7I,LC8A",-0.23073918,-0.08181869983673096,2,4JFE_ABC_DE
"4JFE_AC7I,TC9A",0.10482295,-0.8585048317909241,2,4JFE_ABC_DE
4JFF_EC1A,7.322839,-1.1137104034423828,1,4JFF_ABC_DE
4JFF_GC4A,6.5182157,5.357785224914551,1,4JFF_ABC_DE
4JFF_GC6A,6.5952663,5.200996398925781,1,4JFF_ABC_DE
4JFF_IC7A,6.4296255,4.842105865478516,1,4JFF_ABC_DE
4JFF_LC8A,6.1988864,1.4109208583831787,1,4JFF_ABC_DE
4JFF_TC9A,6.5344486,0.4700014591217041,1,4JFF_ABC_DE
4JGH_WD44A,2.049183,4.205880165100098,1,4JGH_ABC_D
4JPK_VA30N,0.5948611,1.4444019794464111,1,4JPK_HL_A
4JPK_SA41G,2.1526585,7.3492231369018555,1,4JPK_HL_A
4JPK_FA63L,1.1678094,3.7130534648895264,1,4JPK_HL_A
4JPK_RA81T,0.75904274,0.7652785778045654,1,4JPK_HL_A
4JPK_RA130K,0.23016907,-0.649850606918335,1,4JPK_HL_A
4JPK_FA144I,1.3881388,7.422286510467529,1,4JPK_HL_A
4JPK_TA35S,-0.03210773,2.195706844329834,1,4JPK_HL_A
4JPK_DA141R,3.8590503,-0.6564736366271973,1,4JPK_HL_A
"4JPK_DA159N,DA33N",0.6192453,0.6891491413116455,2,4JPK_HL_A
4K71_GA503E,0.7422019,-4.311867713928223,1,4K71_A_BC
"4K71_MA416V,AA418T",1.1963606,5.780435800552368,2,4K71_A_BC
"4K71_GA503R,AA545V",1.6679945,-0.19886600971221924,2,4K71_A_BC
4K71_AA545V,2.0319188,2.427232503890991,1,4K71_A_BC
"4K71_MA416V,AA418T,GA503R",2.7775838,2.9203507900238037,3,4K71_A_BC
"4K71_GA503E,AA545V",2.8493805,-0.9386729001998901,2,4K71_A_BC
"4K71_MA416V,AA418T,AA545V",2.8541906,4.6515293916066485,3,4K71_A_BC
"4K71_MA416V,AA418T,GA503R,AA545V",2.8913276,2.784280478954315,4,4K71_A_BC
"4K71_MA416V,GA503E,AA545V",2.9276857,0.6779658794403076,3,4K71_A_BC
"4K71_AA418T,GA503E,AA545V",3.1290412,1.9348858992258708,3,4K71_A_BC
"4K71_MA416V,AA418T,GA503E,AA545V",3.4591506,2.418875277042389,4,4K71_A_BC
4K71_HA462A,1.051574,5.234878063201904,1,4K71_A_BC
4K71_HA462F,1.0099814,8.12153434753418,1,4K71_A_BC
4K71_HB157A,0.6442554,0.5072906017303467,1,4K71_A_BC
4K71_HB157F,0.185067,2.800158739089966,1,4K71_A_BC
"4K71_MA416V,AA418T,GA503E,AA545V",3.8140588,2.41887229681015,4,4K71_A_BC
"4K71_MA416V,AA418T,GA503R",2.3874667,2.9203437169392905,3,4K71_A_BC
"4K71_MA416V,AA418T",1.2319692,5.780431509017944,2,4K71_A_BC
4K71_AA545V,1.9898316,2.427236795425415,1,4K71_A_BC
"4K71_MA416V,AA418T,GA503R",1.8028226,2.920347531636556,3,4K71_A_BC
"4K71_MA416V,AA418T",0.8493079,5.7804319858551025,2,4K71_A_BC
4K71_AA545V,0.39123002,2.4272353649139404,1,4K71_A_BC
4KRL_RB30A,1.7210599,2.333223581314087,1,4KRL_A_B
4KRL_DB112A,0.6499726,11.317217826843262,1,4KRL_A_B
"4KRL_DA49T,FA51A",1.8532617,1.9689859747886658,2,4KRL_A_B
4KRO_RB15A,1.5840086,0.9021377563476562,1,4KRO_A_B
4KRO_DB92A,1.5048976,2.1054792404174805,1,4KRO_A_B
"4KRO_DA321T,FA323A",0.12702756,1.5790305137634277,2,4KRO_A_B
4KRP_EB105A,1.6067643,2.8671469688415527,1,4KRP_A_B
"4KRP_DA277T,FA279A",0.3584571,-0.14378106594085693,2,4KRP_A_B
4L0P_TA11K,0.0,7.093210220336914,1,4L0P_A_B
4L0P_SA20F,0.056466706,8.748751640319824,1,4L0P_A_B
4L0P_EA27K,2.6659212,-0.08793044090270996,1,4L0P_A_B
4L0P_NA59S,0.31437176,-2.1578330993652344,1,4L0P_A_B
4L0P_TA76Q,1.4721879,6.915407180786133,1,4L0P_A_B
4L0P_TA140N,0.27845457,3.359747886657715,1,4L0P_A_B
"4L3E_YD26D,WE95L",3.5434513,-2.428443670272827,2,4L3E_ABC_DE
4L3E_RA65A,1.3017501,0.7368528842926025,1,4L3E_ABC_DE
4L3E_YE48A,2.2283304,4.887806415557861,1,4L3E_ABC_DE
"4L3E_RA65A,YE48A",3.8093,2.8123321533203125,2,4L3E_ABC_DE
"4L3E_RA65A,YD26A",4.4407487,-1.274712085723877,2,4L3E_ABC_DE
4L3E_YD26A,2.7848089,-3.286276340484619,1,4L3E_ABC_DE
"4L3E_YD26A,RA65A",4.370968,-1.2747130393981934,2,4L3E_ABC_DE
4L3E_YD50A,0.46799824,5.719888687133789,1,4L3E_ABC_DE
4L3E_QA155A,1.2590374,0.9265095591545105,1,4L3E_ABC_DE
"4L3E_YD50A,QA155A",1.0905137,3.3231981694698334,2,4L3E_ABC_DE
4L3E_ND52A,-0.45974576,4.5239410400390625,1,4L3E_ABC_DE
4L3E_EA166A,1.2175184,0.6055824756622314,1,4L3E_ABC_DE
"4L3E_ND52A,EA166A",1.0916823,2.5647648572921753,2,4L3E_ABC_DE
4LRX_HA56N,0.32587606,8.564193725585938,1,4LRX_AB_CD
"4MNQ_IE49V,HE50G,PE51A,EE52G,YE53I,AD93S,LD94G,PD95T,GD97K",5.821152,3.285598317782084,9,4MNQ_ABC_DE
"4MNQ_AD93S,LD94G,PD95T,GD97K",0.92312586,5.470078498125076,4,4MNQ_ABC_DE
"4MNQ_HE50W,PE51E,EE52F,YE53E,AD93S,LD94G,PD95T,GD97K",0.8976401,3.7082891017198563,8,4MNQ_ABC_DE
"4MNQ_IE49V,HE50G,PE51A,EE52G,YE53I",1.5196093,1.538016176223755,5,4MNQ_ABC_DE
"4MNQ_HE50W,PE51E,EE52F,YE53E",0.25964502,1.9464980959892273,4,4MNQ_ABC_DE
"4MNQ_KC4A,AD93S,LD94G,PD95T,GD97K",3.6324573,5.150312924385071,5,4MNQ_ABC_DE
"4MNQ_KC4A,IE49V,HE50G,PE51A,EE52G,YE53I",4.2479515,1.926888108253479,6,4MNQ_ABC_DE
4MNQ_KC4A,4.9356365,3.871260643005371,1,4MNQ_ABC_DE
"4MNQ_KC4A,HE50W,PE51E,EE52F,YE53E",4.942732,2.331448030471802,5,4MNQ_ABC_DE
"4MNQ_LC6A,AD93S,LD94G,PD95T,GD97K",5.1024947,4.5653071165084835,5,4MNQ_ABC_DE
"4MNQ_LC6A,HE50W,PE51E,EE52F,YE53E,AD93S,LD94G,PD95T,GD97K",5.4262958,3.4013923936420016,9,4MNQ_ABC_DE
"4MNQ_LC6A,IE49V,HE50G,PE51A,EE52G,YE53I",4.6698933,1.4393827319145203,6,4MNQ_ABC_DE
4MNQ_LC6A,4.14898,0.9462276697158813,1,4MNQ_ABC_DE
"4MNQ_LC6A,HE50W,PE51E,EE52F,YE53E",4.389199,1.7464432001113892,5,4MNQ_ABC_DE
4MYW_IB48A,2.573214,5.94065523147583,1,4MYW_A_B
"4MYW_TB31A,QB32A,EB93A,NB101A",-0.52981997,0.9674719572067261,4,4MYW_A_B
4N8V_PG10A,-0.21667437,3.1920762062072754,1,4N8V_G_ABC
4N8V_KG38A,0.5880585,-1.8103231191635132,1,4N8V_G_ABC
4N8V_YG39F,0.5155515,0.2387866973876953,1,4N8V_G_ABC
4N8V_YG124A,0.12034162,12.37259292602539,1,4N8V_G_ABC
"4NKQ_LB77A,TB78A,SB79A",0.11002849,0.4116337299346924,3,4NKQ_C_AB
"4NKQ_RB80A,NB81A,YB82A",-0.33154547,0.19507662455240884,3,4NKQ_C_AB
4NKQ_RB80A,0.1199859,1.0453968048095703,1,4NKQ_C_AB
4NKQ_RB80D,-0.077386186,1.0588960647583008,1,4NKQ_C_AB
4NKQ_NB81A,0.099900864,0.740511417388916,1,4NKQ_C_AB
4NKQ_YB82A,-0.3754509,-1.0296940803527832,1,4NKQ_C_AB
4NKQ_YB82F,-0.23420382,-0.30193281173706055,1,4NKQ_C_AB
"4NKQ_DB87A,TB88A,KB89A",0.35358486,0.7419267495473226,3,4NKQ_C_AB
4NKQ_DB87A,0.15822187,2.0900747776031494,1,4NKQ_C_AB
4NKQ_DB87R,0.20278814,1.3334321975708008,1,4NKQ_C_AB
4NKQ_TB88A,0.31932956,0.14049053192138672,1,4NKQ_C_AB
4NKQ_KB89A,0.38596734,0.30263733863830566,1,4NKQ_C_AB
4NKQ_KB89D,1.0615314,-0.8131959438323975,1,4NKQ_C_AB
"4NKQ_KB90A,IB91A,EB92A",-0.70132697,-0.6767305533091227,3,4NKQ_C_AB
4NKQ_KB90A,-0.19934364,-1.2723912000656128,1,4NKQ_C_AB
4NKQ_KB90D,-0.19934364,-0.8426642417907715,1,4NKQ_C_AB
4NKQ_IB91A,-0.050451912,-0.5322661399841309,1,4NKQ_C_AB
4NKQ_EB92A,-0.35309157,0.19934606552124023,1,4NKQ_C_AB
"4NKQ_YB119A,QB120A,KB121A,LB122A,SB123A,YB124A",-0.31075555,0.5046868920326233,6,4NKQ_C_AB
"4NKQ_YB119A,YB124A",-0.6271738,-0.20240771770477295,2,4NKQ_C_AB
4NKQ_QB120A,-0.39868727,0.4635334014892578,1,4NKQ_C_AB
4NKQ_KB121A,-0.5612779,0.5127108097076416,1,4NKQ_C_AB
4NKQ_LB122A,0.23617455,2.345689296722412,1,4NKQ_C_AB
4NKQ_SB123A,0.27542412,1.600698471069336,1,4NKQ_C_AB
4NKQ_DB126A,0.11002849,3.140676498413086,1,4NKQ_C_AB
"4NKQ_DB176A,VB177A,RB178A,IB179A",-0.12023271,1.7117571830749512,4,4NKQ_C_AB
4NKQ_DB176A,0.42262554,3.4549221992492676,1,4NKQ_C_AB
4NKQ_DB176E,0.46822128,3.5366435050964355,1,4NKQ_C_AB
4NKQ_RB178A,0.36020452,3.8578357696533203,1,4NKQ_C_AB
4NKQ_RB178D,-0.2906705,2.6524863243103027,1,4NKQ_C_AB
"4NKQ_RB80D,KB90D",1.3137192,0.32222068309783936,2,4NKQ_C_AB
4NKQ_DC99K,-0.33154547,-0.2011427879333496,1,4NKQ_C_AB
"4NKQ_DC99K,RB80D",0.1764526,0.428877592086792,2,4NKQ_C_AB
"4NKQ_DC99K,DB87R",0.8152364,0.5661436319351196,2,4NKQ_C_AB
"4NKQ_DC99K,KB90D",-0.5019833,-0.5219029188156128,2,4NKQ_C_AB
"4NKQ_DC99K,RB80D,KB90D",0.53555894,0.1477664311726888,3,4NKQ_C_AB
4NKQ_RB178M,1.8640348,3.544281482696533,1,4NKQ_C_AB
"4NKQ_DB176A,VB177A",1.9070294,1.6892445087432861,2,4NKQ_C_AB
"4NKQ_DB176Q,VB177Q",1.9580855,2.6793785095214844,2,4NKQ_C_AB
4NKQ_DB176A,1.8037333,3.454920768737793,1,4NKQ_C_AB
4NKQ_DB176N,2.1189344,0.934329628944397,1,4NKQ_C_AB
"4NKQ_IB179A,LB180A",0.24021861,1.8463623523712158,2,4NKQ_C_AB
"4NKQ_IB179Q,LB180Q",1.0615314,0.30155837535858154,2,4NKQ_C_AB
4NKQ_RB156Q,0.33154547,-1.1805200576782227,1,4NKQ_C_AB
4NKQ_RB178M,2.7283423,3.544280529022217,1,4NKQ_C_AB
"4NKQ_DB176A,VB177A",2.246422,1.6892427206039429,2,4NKQ_C_AB
"4NKQ_DB176Q,VB177Q",2.4881237,2.6793789863586426,2,4NKQ_C_AB
4NKQ_DB176A,2.6203253,3.4549217224121094,1,4NKQ_C_AB
4NKQ_DB176N,1.7648702,0.9343355894088745,1,4NKQ_C_AB
"4NKQ_IB179A,LB180A",0.30263966,1.846362590789795,2,4NKQ_C_AB
"4NKQ_IB179Q,LB180Q",0.65087503,0.30155932903289795,2,4NKQ_C_AB
4NKQ_RB156Q,0.82131284,-1.1805205345153809,1,4NKQ_C_AB
4NKQ_NC4E,-0.3905714,-0.2529184818267822,1,4NKQ_C_AB
4NKQ_IC6G,0.3344568,5.078014373779297,1,4NKQ_C_AB
4NKQ_EC8R,2.6404104,-0.644230842590332,1,4NKQ_C_AB
4NKQ_RC10D,0.111411914,4.309018135070801,1,4NKQ_C_AB
4NKQ_RC11D,-0.20550437,-1.0000557899475098,1,4NKQ_C_AB
4NKQ_NC14D,-0.6018842,-0.646131157875061,1,4NKQ_C_AB
4NKQ_LC15D,-0.23513316,0.3228318691253662,1,4NKQ_C_AB
4NM8_IB18M,0.10801677,-0.19700288772583008,1,4NM8_ABCDEF_HL
4NM8_DB19N,0.65087503,-0.8235161304473877,1,4NM8_ABCDEF_HL
4NM8_RB25M,3.3870645,3.53602933883667,1,4NM8_ABCDEF_HL
4NM8_TB32E,-0.54285824,2.60976243019104,1,4NM8_ABCDEF_HL
4NM8_TB32I,-0.0493996,2.05194354057312,1,4NM8_ABCDEF_HL
4NM8_TB32R,1.2015804,2.5998477935791016,1,4NM8_ABCDEF_HL
4NM8_QB34T,2.2935007,2.154121160507202,1,4NM8_ABCDEF_HL
4NM8_QB34R,2.9276857,-0.9896018505096436,1,4NM8_ABCDEF_HL
4NM8_LB38Y,-0.6052793,-2.8406786918640137,1,4NM8_ABCDEF_HL
4NZW_KA77A,0.076017186,1.7440223693847656,1,4NZW_A_B
4NZW_EB49A,0.325469,2.5210230350494385,1,4NZW_A_B
4NZW_EB124A,0.35717967,0.8012750148773193,1,4NZW_A_B
4O27_YA215A,1.1953111,7.902464389801025,1,4O27_A_B
4O27_KA88A,1.0248733,3.084608316421509,1,4O27_A_B
4O27_EB42A,0.37147176,4.852949142456055,1,4O27_A_B
4O27_EB122A,0.30169097,-0.21739768981933594,1,4O27_A_B
4OFY_QA34A,1.1767564,1.2282991409301758,1,4OFY_A_D
4OFY_MA36A,0.084110565,0.8780500888824463,1,4OFY_A_D
4OFY_DA38A,0.54885274,5.204293251037598,1,4OFY_A_D
4OFY_FA40A,4.604454,3.769357442855835,1,4OFY_A_D
4OFY_QA85A,1.7332349,1.1442413330078125,1,4OFY_A_D
4OFY_SA87A,0.14215925,-0.22971415519714355,1,4OFY_A_D
4OFY_EA88A,0.28220826,1.6386892795562744,1,4OFY_A_D
"4OFY_QA34A,FA40A",4.1407065,2.480438232421875,2,4OFY_A_D
"4OFY_QA34A,MA36A,FA40A,SA87A",4.461577,1.4340946972370148,4,4OFY_A_D
4OFY_QD34A,2.8705015,0.07795047760009766,1,4OFY_A_D
4OFY_LD42A,2.5678618,2.378668785095215,1,4OFY_A_D
4OFY_QD86A,4.645329,3.5158565044403076,1,4OFY_A_D
4OFY_RD96A,3.421207,2.223529815673828,1,4OFY_A_D
4OZG_NG29A,-0.07165861,0.8208386898040771,1,4OZG_ABJ_GH
4OZG_YG31A,1.7440438,5.192872047424316,1,4OZG_ABJ_GH
4OZG_YG33F,1.7440438,0.991213321685791,1,4OZG_ABJ_GH
4OZG_LG50A,1.1861861,6.463576316833496,1,4OZG_ABJ_GH
4OZG_YH46F,-0.64713717,1.5105743408203125,1,4OZG_ABJ_GH
4OZG_QH48A,0.8051584,3.817474842071533,1,4OZG_ABJ_GH
4OZG_NH50A,-0.11102414,-0.12245547771453857,1,4OZG_ABJ_GH
4OZG_FH94A,1.4347845,3.8841657638549805,1,4OZG_ABJ_GH
4OZG_RH95A,1.7440438,2.344031810760498,1,4OZG_ABJ_GH
4OZG_FH96A,0.88354635,1.8570775985717773,1,4OZG_ABJ_GH
4OZG_DH98A,1.650078,2.3755226135253906,1,4OZG_ABJ_GH
4OZG_YH101F,0.53378993,1.2348172664642334,1,4OZG_ABJ_GH
4P23_KC40A,1.1937333,3.2337088584899902,1,4P23_CD_AB
4P23_DC56A,0.99175066,3.8533997535705566,1,4P23_CD_AB
4P23_QC58A,0.9729411,0.44832372665405273,1,4P23_CD_AB
4P23_LC61A,0.9535147,8.48769474029541,1,4P23_CD_AB
4P23_QC62A,1.9109659,3.409698009490967,1,4P23_CD_AB
4P23_NC63A,1.5119647,2.055511951446533,1,4P23_CD_AB
4P23_VC66A,1.1667991,4.8890156745910645,1,4P23_CD_AB
4P23_KC68A,0.6829073,2.125742197036743,1,4P23_CD_AB
4P23_HC69A,0.6170114,3.0486679077148438,1,4P23_CD_AB
4P23_VC73A,0.0,6.92235803604126,1,4P23_CD_AB
4P23_KC76A,0.17043781,0.9651955366134644,1,4P23_CD_AB
4P23_FD1A,0.0,-3.1728856563568115,1,4P23_CD_AB
4P23_ED2A,1.1667991,1.7392973899841309,1,4P23_CD_AB
4P23_QD4A,0.6829073,0.3881716728210449,1,4P23_CD_AB
4P23_KD5A,2.2306223,-3.8761494159698486,1,4P23_CD_AB
4P23_KD7A,2.5683444,4.155736923217773,1,4P23_CD_AB
4P23_ND9A,0.0,0.31374406814575195,1,4P23_CD_AB
4P23_KD10A,0.09132688,1.1026103496551514,1,4P23_CD_AB
4P23_VD12A,0.0,5.513211727142334,1,4P23_CD_AB
4P23_DD13A,0.17043781,1.142338514328003,1,4P23_CD_AB
4P23_ED68A,0.09132688,0.5570839047431946,1,4P23_CD_AB
4P23_YD69A,0.24021861,1.3684240579605103,1,4P23_CD_AB
4P23_SD72A,0.0,3.020311117172241,1,4P23_CD_AB
4P23_QD73A,0.17043781,3.695507526397705,1,4P23_CD_AB
4P23_PD74A,0.09132688,5.171174049377441,1,4P23_CD_AB
4P23_ED75A,0.17043781,2.2470057010650635,1,4P23_CD_AB
4P23_ID76A,0.17043781,6.2757134437561035,1,4P23_CD_AB
4P23_ED78A,0.17043781,4.004229545593262,1,4P23_CD_AB
4P23_RD79A,2.071513,2.475745439529419,1,4P23_CD_AB
4P23_RD81A,0.09132688,7.054035186767578,1,4P23_CD_AB
4P23_DD85A,0.09132688,3.532863140106201,1,4P23_CD_AB
4P23_TD86A,0.0,3.5561914443969727,1,4P23_CD_AB
4P23_RD89A,0.09132688,3.087144136428833,1,4P23_CD_AB
4P23_HD90A,0.17043781,7.016758441925049,1,4P23_CD_AB
4P23_ED93A,0.09132688,4.683108329772949,1,4P23_CD_AB
4P5T_KC40A,1.1385816,2.864874839782715,1,4P5T_CD_AB
4P5T_DC56A,0.6170114,4.245380878448486,1,4P5T_CD_AB
4P5T_QC58A,0.0,0.2979893684387207,1,4P5T_CD_AB
4P5T_LC61A,1.0099814,4.3201751708984375,1,4P5T_CD_AB
4P5T_QC62A,0.0,-1.5823471546173096,1,4P5T_CD_AB
4P5T_NC63A,1.4963729,6.03618049621582,1,4P5T_CD_AB
4P5T_VC66A,0.8687343,5.400732517242432,1,4P5T_CD_AB
4P5T_KC68A,0.99175066,2.087632656097412,1,4P5T_CD_AB
4P5T_HC69A,1.0099814,4.809429168701172,1,4P5T_CD_AB
4P5T_VC73A,0.0,6.402589797973633,1,4P5T_CD_AB
4P5T_KC76A,0.35910636,-0.0169219970703125,1,4P5T_CD_AB
4P5T_FD1A,0.0,-0.23319053649902344,1,4P5T_CD_AB
4P5T_ED2A,1.0615314,2.4594011306762695,1,4P5T_CD_AB
4P5T_QD4A,1.6548417,1.004446029663086,1,4P5T_CD_AB
4P5T_KD5A,1.9915464,-0.4425344467163086,1,4P5T_CD_AB
4P5T_KD7A,1.5492381,2.994222640991211,1,4P5T_CD_AB
4P5T_ND9A,0.0,0.07019305229187012,1,4P5T_CD_AB
4P5T_KD10A,0.24021861,-0.14538848400115967,1,4P5T_CD_AB
4P5T_VD12A,0.09132688,4.938732147216797,1,4P5T_CD_AB
4P5T_DD13A,0.0,1.7058727741241455,1,4P5T_CD_AB
4P5T_ED67A,0.24021861,-0.44425737857818604,1,4P5T_CD_AB
4P5T_YD68A,0.17043781,-1.112648844718933,1,4P5T_CD_AB
4P5T_SD71A,0.0,0.4769694209098816,1,4P5T_CD_AB
4P5T_QD72A,0.0,1.9990341663360596,1,4P5T_CD_AB
4P5T_PD73A,0.0,9.478426933288574,1,4P5T_CD_AB
4P5T_ED74A,0.6170114,1.1619541645050049,1,4P5T_CD_AB
4P5T_ID75A,0.09132688,3.9933135509490967,1,4P5T_CD_AB
4P5T_ED77A,1.0099814,3.9986929893493652,1,4P5T_CD_AB
4P5T_RD78A,2.0744975,2.5197174549102783,1,4P5T_CD_AB
4P5T_RD80A,0.0,7.43159294128418,1,4P5T_CD_AB
4P5T_DD84A,0.0,4.602069854736328,1,4P5T_CD_AB
4P5T_TD85A,0.82131284,4.297178745269775,1,4P5T_CD_AB
4P5T_RD88A,0.0,3.1599647998809814,1,4P5T_CD_AB
4P5T_HD89A,0.7960983,6.21815824508667,1,4P5T_CD_AB
4P5T_ED92A,0.0,2.617318630218506,1,4P5T_CD_AB
4PWX_FA194A,1.7292318,-0.4410860538482666,1,4PWX_AB_CD
4PWX_YA198A,1.7292318,3.275170087814331,1,4PWX_AB_CD
4PWX_EA201K,1.7292318,-0.23409080505371094,1,4PWX_AB_CD
4PWX_QA205A,1.0139576,-0.30267763137817383,1,4PWX_AB_CD
4PWX_EA206A,1.0391722,0.8141369819641113,1,4PWX_AB_CD
4PWX_EA246K,1.7292318,0.1935328245162964,1,4PWX_AB_CD
4PWX_DA250A,1.1433789,3.821866512298584,1,4PWX_AB_CD
4PWX_RB269A,1.7292318,4.665522575378418,1,4PWX_AB_CD
4PWX_KB65A,0.20247005,0.22244834899902344,1,4PWX_AB_CD
4PWX_KB65D,0.11888775,2.744755744934082,1,4PWX_AB_CD
4PWX_KB68A,0.44786295,-1.4579815864562988,1,4PWX_AB_CD
4PWX_KB68D,0.2617647,-1.8057212829589844,1,4PWX_AB_CD
4PWX_RB71A,0.35910636,3.9224791526794434,1,4PWX_AB_CD
4PWX_KC1A,0.46811968,-0.37067461013793945,1,4PWX_AB_CD
4PWX_KC9A,-0.2740822,-1.5883533954620361,1,4PWX_AB_CD
4PWX_YC15A,0.7546097,0.7324752807617188,1,4PWX_AB_CD
4PWX_YC16A,1.1449693,-1.1809905767440796,1,4PWX_AB_CD
4PWX_EC17A,-0.68473864,0.2488420009613037,1,4PWX_AB_CD
4PWX_HC19A,-0.34823537,0.20698881149291992,1,4PWX_AB_CD
4PWX_QC20A,-0.17779756,3.1439061164855957,1,4PWX_AB_CD
4PWX_RC23A,1.7292318,1.3108811378479004,1,4PWX_AB_CD
4PWX_RC28A,1.7292318,0.6542143821716309,1,4PWX_AB_CD
4PWX_RC31A,0.33467188,-0.04668712615966797,1,4PWX_AB_CD
4PWX_DC60K,0.3709558,1.109875202178955,1,4PWX_AB_CD
4PWX_EC67K,1.1038674,0.7181868553161621,1,4PWX_AB_CD
"4RA0_SC6G,GC61D,AC66V,RC101G",1.4830588,3.0217573642730713,4,4RA0_A_C
"4RA0_GC61D,AC66V,RC101G",1.5820304,2.9836058616638184,3,4RA0_A_C
"4RA0_SC6G,AC66V,RC101G",0.97927755,2.8664726416269937,3,4RA0_A_C
"4RA0_SC6G,GC61D,AC66V,RC101G",0.88373387,3.0217596888542175,4,4RA0_A_C
"4RA0_SC6G,GC61D,AC66V",1.4648281,3.785496234893799,3,4RA0_A_C
"4RA0_AC66V,RC101G",0.9535147,2.767681121826172,2,4RA0_A_C
"4RA0_GC61D,AC66V,RC101G",0.636063,2.983609120051066,3,4RA0_A_C
"4RA0_GC61D,AC66V",1.5179191,4.090756893157959,2,4RA0_A_C
"4RA0_SC6G,AC66V",0.9219699,3.940168619155884,2,4RA0_A_C
"4RA0_SC6G,GC61D,AC66V",0.8267733,3.7854971885681152,3,4RA0_A_C
"4RA0_SC6G,AC66V,RC101G",0.44268864,2.866473118464152,3,4RA0_A_C
"4RA0_SC6G,AC66V",0.61312646,3.9401681423187256,2,4RA0_A_C
"4RA0_GC61D,AC66V",0.6863618,4.090758323669434,2,4RA0_A_C
4RA0_AC66V,0.9311553,4.777146339416504,1,4RA0_A_C
4RA0_RC101G,0.24748805,0.7514197826385498,1,4RA0_A_C
"4RS1_RB47A,EB48A,HB52A",-0.5465883,3.3206793467203775,3,4RS1_A_B
"4RS1_NB116A,SB117A,KB118A,RB119A",-0.046389494,2.0794280767440796,4,4RS1_A_B
"4RS1_LB146A,TB147A,SB148A",-0.2159344,3.4886773427327475,3,4RS1_A_B
4RS1_NB150A,-0.046389494,8.348318099975586,1,4RS1_A_B
4RS1_YB151A,-0.6558536,3.9965152740478516,1,4RS1_A_B
4RS1_YB151F,-0.44905767,1.316012978553772,1,4RS1_A_B
4RS1_TB172A,0.4807126,2.756328582763672,1,4RS1_A_B
4RS1_KB174A,0.871208,1.2113354206085205,1,4RS1_A_B
4RS1_IB175A,-0.2759809,10.847810745239258,1,4RS1_A_B
4RS1_EB176A,-0.6945898,9.802541732788086,1,4RS1_A_B
"4RS1_YB201A,YB206A",0.7209312,4.3688095808029175,2,4RS1_A_B
4RS1_QB202A,1.3541716,2.4212558269500732,1,4RS1_A_B
4RS1_KB203A,0.2762816,1.5186069011688232,1,4RS1_A_B
4RS1_LB204A,0.0722545,4.803335189819336,1,4RS1_A_B
4RS1_SB205A,0.6159898,4.637002944946289,1,4RS1_A_B
4RS1_EA25A,1.5025767,1.929858922958374,1,4RS1_A_B
4RS1_EA25K,2.1401377,0.7816321849822998,1,4RS1_A_B
4RS1_DA28A,2.5922298,7.6465044021606445,1,4RS1_A_B
4RS1_DA28K,3.6194358,8.669820785522461,1,4RS1_A_B
4RS1_QA79A,0.46995106,0.6586294174194336,1,4RS1_A_B
4RS1_QA79E,1.212153,1.6725027561187744,1,4RS1_A_B
4RS1_DA92A,2.1333666,2.018799066543579,1,4RS1_A_B
4RS1_DA92K,3.2598674,0.4508669376373291,1,4RS1_A_B
4RS1_LA95A,2.3655868,4.817005634307861,1,4RS1_A_B
4RS1_FA99A,3.626325,1.326188564300537,1,4RS1_A_B
"4RS1_LA95A,FA99A",4.122902,3.094914674758911,2,4RS1_A_B
"4RS1_EA25K,DA28K",4.122902,4.770882964134216,2,4RS1_A_B
"4RS1_EA25K,DA92K",4.122902,0.6235482692718506,2,4RS1_A_B
"4RS1_DA28K,DA92K",4.122902,4.550058960914612,2,4RS1_A_B
4RS1_EA88A,0.47655228,1.402937889099121,1,4RS1_A_B
4RS1_EA88Q,0.9249573,0.41269373893737793,1,4RS1_A_B
4RS1_EA88K,0.33650327,0.36192774772644043,1,4RS1_A_B
4RS1_NA89D,0.2956283,-1.6230807304382324,1,4RS1_A_B
4RS1_NA89A,1.290018,0.8893675804138184,1,4RS1_A_B
4RS1_NA89K,0.91014516,-0.627042293548584,1,4RS1_A_B
4RS1_KA91A,-0.11502811,-0.45741844177246094,1,4RS1_A_B
4RS1_KA91Q,0.2740822,-0.019770383834838867,1,4RS1_A_B
4RS1_KA91E,0.1251905,-0.13814020156860352,1,4RS1_A_B
4RS1_DA92N,1.430067,-0.3983280658721924,1,4RS1_A_B
4RS1_DA92A,1.7201008,2.0187995433807373,1,4RS1_A_B
4RS1_DA92R,3.1302214,-0.29228734970092773,1,4RS1_A_B
4RS1_DA92K,3.9774852,0.4508674144744873,1,4RS1_A_B
4RS1_IA6G,0.85628736,6.376511096954346,1,4RS1_A_B
4RS1_EA8R,0.39442384,0.23690176010131836,1,4RS1_A_B
4RS1_RA10D,0.17839031,4.451371669769287,1,4RS1_A_B
4RS1_RA11D,0.19012241,1.0113797187805176,1,4RS1_A_B
4U6H_NE21A,-0.34823537,3.089463233947754,1,4U6H_AB_E
4U6H_QE25A,0.11888775,0.9318459033966064,1,4U6H_AB_E
"4UYP_SD15I,ID16N",-0.2552182,0.7998719215393066,2,4UYP_A_D
"4UYP_ID51S,ND52I,SD15I,ID16N",-0.21131277,4.094468384981155,4,4UYP_A_D
"4UYP_RD14N,KD50N,SD15I,ID16N",0.689111,0.2460537850856781,4,4UYP_A_D
"4UYP_ID51S,ID16N",1.9741712,3.9964935779571533,2,4UYP_A_D
"4UYP_ND52I,SD15I",3.837295,4.264753997325897,2,4UYP_A_D
"4UYP_AD18F,AD54F,SD15I,ID16N",4.6809673,4.620049923658371,4,4UYP_A_D
"4UYP_LD20Y,LD56Y,SD15I,ID16N",0.24021861,3.6436642706394196,4,4UYP_A_D
"4UYP_DD23Q,DD59Q,SD15I,ID16N",4.4727807,1.223867952823639,4,4UYP_A_D
"4UYQ_SB51I,IB52N",-0.043905415,0.8036590814590454,2,4UYQ_A_B
"4UYQ_IB15S,NB16I,SB51I,IB52N",0.21131277,4.743738830089569,4,4UYQ_A_B
"4UYQ_RB14N,KB50N,SB51I,IB52N",0.90042377,-0.2219996303319931,4,4UYQ_A_B
"4UYQ_IB15S,IB52N",2.185484,5.139793395996094,2,4UYQ_A_B
"4UYQ_NB16I,SB51I",4.048608,4.521325349807739,2,4UYQ_A_B
"4UYQ_AB18F,AB54F,SB51I,IB52N",4.89228,5.540961146354675,4,4UYQ_A_B
"4UYQ_LB20Y,LB56Y,SB51I,IB52N",0.45153138,3.4576425552368164,4,4UYQ_A_B
"4UYQ_DB23Q,DB59Q,SB51I,IB52N",4.6840935,1.4680758193135262,4,4UYQ_A_B
4WND_RA201E,2.7958486,-0.78017258644104,1,4WND_A_B
4WND_NA263R,-0.020789921,8.18656063079834,1,4WND_A_B
"4WND_RA201E,NA263R",3.8573802,3.714493751525879,2,4WND_A_B
4X4M_KE153A,0.63954675,-0.55328369140625,1,4X4M_AB_E
4X4M_HE154A,0.38309553,-1.0028035640716553,1,4X4M_AB_E
4X4M_RE155A,1.7401713,1.5973877906799316,1,4X4M_AB_E
"4X4M_KE153A,HE154A,RE155A",1.7881416,-0.10837117830912273,3,4X4M_AB_E
4X4M_KE153E,0.9535147,-1.229781150817871,1,4X4M_AB_E
4X4M_HE154E,1.9851296,-1.9748992919921875,1,4X4M_AB_E
4X4M_RE155E,0.6418298,0.2767667770385742,1,4X4M_AB_E
4Y61_YA246A,-0.07816073,5.254299640655518,1,4Y61_A_B
4Y61_RB86A,-0.19305323,2.0255179405212402,1,4Y61_A_B
"4Y61_FB219A,HB222A",0.28917426,0.9684045314788818,2,4Y61_A_B
4YEB_DA133A,1.3676664,1.2676739692687988,1,4YEB_A_B
4YEB_AA114S,0.069391154,-0.3317880630493164,1,4YEB_A_B
4YEB_RB88T,0.27757752,0.001494288444519043,1,4YEB_A_B
4YEB_FB131A,2.4174657,1.8602690696716309,1,4YEB_A_B
4YFD_RA48A,0.2849532,1.627326488494873,1,4YFD_A_B
4YFD_RA169A,0.1594458,1.837399959564209,1,4YFD_A_B
4YFD_EA259A,1.2165227,1.106261968612671,1,4YFD_A_B
"4YFD_EA207G,LA208S,RA209S,EA210G",-0.035917178,2.8374388217926025,4,4YFD_A_B
"4YFD_EA207Q,RA209E,EA210Q",0.17261195,0.5808447996775309,3,4YFD_A_B
4YFD_WB4A,1.1326016,4.912139892578125,1,4YFD_A_B
4YFD_DB7A,-0.054726757,2.037169933319092,1,4YFD_A_B
4YFD_KB71A,1.4750849,2.7433133125305176,1,4YFD_A_B
4YH7_RA48A,1.7339525,3.750063419342041,1,4YH7_A_B
4YH7_RA169A,1.4383242,1.651486873626709,1,4YH7_A_B
4YH7_YA246A,1.0345972,3.0549769401550293,1,4YH7_A_B
"4YH7_EA207G,LA208S,RA209S,EA210G",-0.04087496,0.6969722211360931,4,4YH7_A_B
"4YH7_EA207Q,RA209E,EA210Q",0.038235974,0.39460909366607666,3,4YH7_A_B
4YH7_DB7A,1.6426257,1.9181257486343384,1,4YH7_A_B
"4YH7_MB45A,YB47A,PB58A,FB61A",1.7339525,4.340667247772217,4,4YH7_A_B
4YH7_DB258A,1.5910757,1.2252588272094727,1,4YH7_A_B
4ZS6_YA160A,-0.110299826,-0.3760099411010742,1,4ZS6_HL_A
4ZS6_EA156A,3.0400271,1.3990495204925537,1,4ZS6_HL_A
5C6T_YA182A,3.2097912,4.846043586730957,1,5C6T_HL_A
5C6T_NA183A,0.28412402,0.6705737113952637,1,5C6T_HL_A
5C6T_TA185A,0.33802044,2.386146306991577,1,5C6T_HL_A
5C6T_NA186A,0.36323497,5.961432933807373,1,5C6T_HL_A
5C6T_NA188A,-0.36675102,0.8946163654327393,1,5C6T_HL_A
5C6T_FA192A,1.9980958,6.068403244018555,1,5C6T_HL_A
5C6T_EA194A,1.0911602,4.014934062957764,1,5C6T_HL_A
"5C6T_NA195A,DA197A",0.5867637,1.450389325618744,2,5C6T_HL_A
"5C6T_YA182A,NA195A,DA197A",2.9437425,2.575180252393087,3,5C6T_HL_A
5C6T_FA199A,2.7594142,1.8351560831069946,1,5C6T_HL_A
5C6T_FA200A,0.41065642,2.0270299911499023,1,5C6T_HL_A
5C6T_IA201A,0.8860082,1.745420217514038,1,5C6T_HL_A
5C6T_RH31S,0.3116849,-1.0660877227783203,1,5C6T_HL_A
5C6T_SH32A,-0.8687343,0.6157954931259155,1,5C6T_HL_A
5C6T_NH97A,1.5265794,1.4536248445510864,1,5C6T_HL_A
5C6T_YH98A,1.7174487,-0.3979461193084717,1,5C6T_HL_A
5C6T_FH99A,1.4606836,-0.07817745208740234,1,5C6T_HL_A
5C6T_YH104A,0.36323497,0.4036273956298828,1,5C6T_HL_A
5C6T_YL47A,0.5519035,1.4509118795394897,1,5C6T_HL_A
5C6T_RL48A,0.12301635,0.2525210380554199,1,5C6T_HL_A
5CXB_EB49D,0.3650607,-1.2246711254119873,1,5CXB_A_B
5CXB_TB52Q,0.062421046,4.933640956878662,1,5CXB_A_B
5CXB_RB54A,0.56440437,1.4108569622039795,1,5CXB_A_B
5CXB_RB54E,2.680372,0.6165179014205933,1,5CXB_A_B
5CXB_VB56W,0.56440437,5.244200229644775,1,5CXB_A_B
5CYK_EB52R,-2.680372,1.2523021697998047,1,5CYK_A_B
"5CYK_EB52R,EB47D",-2.3153112,0.3214723765850067,2,5CYK_A_B
"5CYK_EB52R,TB50Q",-2.617951,2.500225305557251,2,5CYK_A_B
5CYK_EB52A,-2.1159675,2.266226053237915,1,5CYK_A_B
"5CYK_EB52R,VB54W",-2.1159675,2.337553024291992,2,5CYK_A_B
5E6P_IB22A,0.27845457,0.06329631805419922,1,5E6P_A_B
5E6P_LB24A,0.92932963,2.790694236755371,1,5E6P_A_B
5E6P_RB42A,0.689111,4.071172714233398,1,5E6P_A_B
5E6P_RB42E,1.7748275,1.510399341583252,1,5E6P_A_B
5E6P_YA468A,0.36446795,2.7362046241760254,1,5E6P_A_B
5E6P_AA494E,1.1179981,-0.16356325149536133,1,5E6P_A_B
5E6P_AA495E,1.6043897,6.753044128417969,1,5E6P_A_B
5E9D_GD27E,-0.4793571,4.3215484619140625,1,5E9D_AB_CDE
5E9D_TD90Q,-0.57393026,-0.1742076873779297,1,5E9D_AB_CDE
5E9D_VE49D,-0.4326832,-0.2086782455444336,1,5E9D_AB_CDE
5E9D_AE98Y,-0.8998063,2.3328871726989746,1,5E9D_AB_CDE
5E9D_YD49W,-0.3491009,2.9428863525390625,1,5E9D_AB_CDE
5E9D_NE27G,0.27520233,4.652889251708984,1,5E9D_AB_CDE
5E9D_SD50G,-0.03564696,4.9552202224731445,1,5E9D_AB_CDE
5E9D_KD96Q,0.18748797,-2.2313146591186523,1,5E9D_AB_CDE
"5E9D_GD27E,TD90Q",-1.5506814,2.1183128356933594,2,5E9D_AB_CDE
"5E9D_GD27E,VE49D",-1.202446,2.0564329624176025,2,5E9D_AB_CDE
"5E9D_GD27E,AE98Y",-1.3104627,3.327216625213623,2,5E9D_AB_CDE
"5E9D_TD90Q,AE98Y",-1.2722268,1.079343318939209,2,5E9D_AB_CDE
"5E9D_GD27E,TD90Q,AE98Y",-2.4752903,2.1898396809895835,3,5E9D_AB_CDE
"5E9D_GD27R,TD90Q,VE49E,AE98D",-3.1261652,0.9626381099224091,4,5E9D_AB_CDE
"5E9D_GD27E,TD90Q,VE49D,AE98E",-2.6363978,1.1269935071468353,4,5E9D_AB_CDE
"5E9D_GD27R,TD90Q,VE49E,AE98V",-2.7594142,1.1137199103832245,4,5E9D_AB_CDE
5F4E_EA50A,0.288412,0.7744147777557373,1,5F4E_A_B
5F4E_EA50K,0.41565606,0.7915380001068115,1,5F4E_A_B
5F4E_DA51A,0.109688,1.2226654291152954,1,5F4E_A_B
5F4E_QA109A,-0.030917553,3.9783756732940674,1,5F4E_A_B
5F4E_HA136A,2.0250034,2.4692740440368652,1,5F4E_A_B
5F4E_RA139A,1.4903171,4.705212116241455,1,5F4E_A_B
5F4E_RA139E,2.1438913,4.543013095855713,1,5F4E_A_B
5F4E_EB26A,1.4491522,-0.8946833610534668,1,5F4E_A_B
5F4E_EB26K,2.2867682,0.11456942558288574,1,5F4E_A_B
5F4E_WB43A,1.0731323,5.348084449768066,1,5F4E_A_B
5F4E_LB62A,2.9850647,7.235683917999268,1,5F4E_A_B
5F4E_KB139A,0.29455143,0.920600414276123,1,5F4E_A_B
5F4E_KB139E,0.48598975,0.5536093711853027,1,5F4E_A_B
5K39_MB108A,-0.47785532,2.874424934387207,1,5K39_A_B
5K39_MB112A,-0.23312329,5.032212257385254,1,5K39_A_B
5K39_SB115A,0.45034054,-2.2850027084350586,1,5K39_A_B
5K39_FB142A,2.7175374,2.6920270919799805,1,5K39_A_B
5K39_IB148A,2.053059,7.148907661437988,1,5K39_A_B
5M2O_IB17A,2.0263622,2.3328351974487305,1,5M2O_A_B
5M2O_SB18A,0.047044702,3.8124096393585205,1,5M2O_A_B
5M2O_VB21A,2.4438415,11.389019012451172,1,5M2O_A_B
5M2O_QB25A,1.1449113,10.878579139709473,1,5M2O_A_B
5M2O_KB32A,1.0636262,0.8629524111747742,1,5M2O_A_B
5M2O_QB61A,-0.157751,1.7601133584976196,1,5M2O_A_B
5M2O_LB65A,0.8506515,8.043537139892578,1,5M2O_A_B
"5M2O_VB21A,QB25A",3.3175988,10.222673416137695,2,5M2O_A_B
5M2O_NA64A,0.041853413,6.444094657897949,1,5M2O_A_B
5M2O_NA71A,0.15484607,4.915753364562988,1,5M2O_A_B
5M2O_KA73A,-0.75707597,-0.9516382217407227,1,5M2O_A_B
5M2O_LA75A,1.627034,13.984129905700684,1,5M2O_A_B
5M2O_EA80A,0.6998548,1.5308387279510498,1,5M2O_A_B
5M2O_HA117A,0.883034,0.13839077949523926,1,5M2O_A_B
5M2O_NA120A,0.44989702,-0.764397382736206,1,5M2O_A_B
"5M2O_EA80A,HA117A",2.529977,0.8253920078277588,2,5M2O_A_B
"5M2O_NA71A,HA117A",2.2868183,2.5290781259536743,2,5M2O_A_B
"5M2O_NA71A,NA120A",2.4594626,2.0656869411468506,2,5M2O_A_B
"5M2O_NA71A,EA80A",1.028942,3.2066158056259155,2,5M2O_A_B
"5M2O_EA80A,HA117A",2.529977,0.8253917694091797,2,5M2O_A_B
"5M2O_EA80A,NA120A",1.210967,0.34417402744293213,2,5M2O_A_B
"5M2O_HA117A,NA120A",2.338982,-0.34156620502471924,2,5M2O_A_B
"5TAR_TA183A,KA184E",2.7309124,,2,5TAR_A_B
5TAR_FB13A,0.23156951,,1,5TAR_A_B
5TAR_MB18A,-0.21500409,,1,5TAR_A_B
5TAR_WB30A,0.6593997,,1,5TAR_A_B
5TAR_EB86A,1.1265228,,1,5TAR_A_B
5TAR_WB88A,0.38432088,,1,5TAR_A_B
5TAR_QB114A,0.15741637,,1,5TAR_A_B
5TAR_IB127A,-0.026335536,,1,5TAR_A_B
5TAR_FB131A,0.24874325,,1,5TAR_A_B
5UFE_GA12D,-1.2214625,9.24903678894043,1,5UFE_A_B
5UFE_GA12D,-1.3788003,9.249040603637695,1,5UFE_A_B
5UFE_GA12C,-0.39637977,7.559744358062744,1,5UFE_A_B
5UFE_GA12V,-0.72792524,9.016669273376465,1,5UFE_A_B
5UFE_QB25R,0.29242265,-0.5662615299224854,1,5UFE_A_B
"5UFE_QB25R,EB33G,DB34G",0.097520106,0.6160480181376139,3,5UFE_A_B
"5UFE_GA12D,QB25R",-0.9751044,4.341385006904602,2,5UFE_A_B
5UFE_GA12D,-1.2214625,9.249034881591797,1,5UFE_A_B
"5UFE_GA12D,QB25R,EB33G,DB34G",-0.92253727,2.774295002222061,4,5UFE_A_B
5UFQ_DA12G,1.2214625,-7.297494888305664,1,5UFQ_A_C
5UFQ_DA12G,1.3788003,-7.297494411468506,1,5UFQ_A_C
5UFQ_DA12C,0.9824205,-2.635563850402832,1,5UFQ_A_C
5UFQ_DA12V,0.65087503,-3.7941598892211914,1,5UFQ_A_C
"5UFQ_DA12G,QC25R,KC55G",1.5138851,-2.0405073960622153,3,5UFQ_A_C
5UFQ_DA12G,1.2214625,-7.297496318817139,1,5UFQ_A_C
"5UFQ_QC25R,KC55G",0.24635807,0.587985634803772,2,5UFQ_A_C
5XCO_DA13C,0.8112426,-0.3863654136657715,1,5XCO_A_B
5XCO_DA13G,1.1104871,-7.735703945159912,1,5XCO_A_B
5XCO_PB6A,1.079022,13.584668159484863,1,5XCO_A_B
5XCO_LB7A,2.7479832,5.971217632293701,1,5XCO_A_B
5XCO_YB8A,1.3641711,9.42646598815918,1,5XCO_A_B
5XCO_IB9A,2.7973828,10.6735258102417,1,5XCO_A_B
5XCO_SB10A,1.2860104,6.4981231689453125,1,5XCO_A_B
5XCO_YB11A,1.900335,1.923482894897461,1,5XCO_A_B
5XCO_DB12A,2.7973828,7.631211280822754,1,5XCO_A_B
5XCO_PB13A,0.63513535,6.602670669555664,1,5XCO_A_B
5XCO_VB14A,0.0,3.785835027694702,1,5XCO_A_B
"5XCO_DA13C,PB6A",2.409963,6.599153280258179,2,5XCO_A_B
"5XCO_DA13C,LB7A",2.7973828,2.7924277782440186,2,5XCO_A_B
"5XCO_DA13C,YB8A",2.6189926,4.520049571990967,2,5XCO_A_B
"5XCO_DA13C,IB9A",2.7973828,5.143575191497803,2,5XCO_A_B
"5XCO_DA13C,SB10A",2.4643545,3.0558791160583496,2,5XCO_A_B
"5XCO_DA13C,YB11A",2.7973828,0.7685596942901611,2,5XCO_A_B
"5XCO_DA13C,DB12A",2.7973828,3.6224215030670166,2,5XCO_A_B
"5XCO_DA13C,PB13A",1.7475835,3.1081550121307373,2,5XCO_A_B
"5XCO_DA13C,VB14A",0.8599647,1.6997357606887817,2,5XCO_A_B
"5XCO_DA13G,PB6A",2.4538684,2.924482822418213,2,5XCO_A_B
"5XCO_DA13G,LB7A",2.7973828,-0.8822453022003174,2,5XCO_A_B
"5XCO_DA13G,YB8A",2.7415082,0.8453845977783203,2,5XCO_A_B
"5XCO_DA13G,IB9A",2.7973828,1.4689137935638428,2,5XCO_A_B
"5XCO_DA13G,SB10A",2.7914286,-0.6187889575958252,2,5XCO_A_B
"5XCO_DA13G,YB11A",2.7973828,-2.906111478805542,2,5XCO_A_B
"5XCO_DA13G,DB12A",2.7973828,-0.0522456169128418,2,5XCO_A_B
"5XCO_DA13G,PB13A",2.1223228,-0.5665144920349121,2,5XCO_A_B
"5XCO_DA13G,VB14A",1.3228204,-1.974934458732605,2,5XCO_A_B
