key,pdbcode,mutstr,ddG,ddG_pred,fold
3BTM_MI13K,3BTM,MI13K,-7.692373275756836,-7.437080383300781,0
3LNZ_AB8N,3LNZ,AB8N,1.111736536026001,-0.24549078941345215,0
2B12_YB87F,2B12,YB87F,-1.5754839181900024,-0.780646026134491,0
1DVF_HA30A,1DVF,HA30A,1.6501208543777466,0.4641255736351013,0
1DVF_YA32A,1DVF,YA32A,2.031278610229492,0.9240319132804871,0
1DVF_YA49A,1DVF,YA49A,1.629451870918274,1.9413013458251953,0
1DVF_YA50A,1DVF,YA50A,0.6880815625190735,2.3420040607452393,0
1DVF_WA92A,1DVF,WA92A,0.34087562561035156,1.9604741334915161,0
1DVF_SA93A,1DVF,SA93A,1.162959337234497,-0.0027698688209056854,0
1DVF_TB30A,1DVF,TB30A,0.9079189896583557,0.12952570617198944,0
1DVF_YB32A,1DVF,YB32A,1.832290768623352,1.177315592765808,0
1DVF_WB52A,1DVF,WB52A,4.134849548339844,2.4281485080718994,0
1DVF_DB54A,1DVF,DB54A,4.283173084259033,0.8838776350021362,0
1DVF_NB56A,1DVF,NB56A,1.162959337234497,0.33286523818969727,0
1DVF_DB58A,1DVF,DB58A,1.6007212400436401,1.8130532503128052,0
1DVF_EB98A,1DVF,EB98A,4.188523769378662,1.1038509607315063,0
1DVF_RB99A,1DVF,RB99A,1.875484585762024,1.0676696300506592,0
1DVF_DB100A,1DVF,DB100A,2.7907631397247314,1.0280077457427979,0
1DVF_YB101F,1DVF,YB101F,2.0132148265838623,1.1680713891983032,0
1DVF_EB98A,1DVF,EB98A,4.188523769378662,1.1038509607315063,0
1DVF_DB54A,1DVF,DB54A,4.283173084259033,0.8838776350021362,0
1DVF_DB58A,1DVF,DB58A,1.6007212400436401,1.8130532503128052,0
1DVF_YA49A,1DVF,YA49A,1.729231834411621,1.9413013458251953,0
1DVF_YA32A,1DVF,YA32A,2.031278610229492,0.9240319132804871,0
1DVF_NB56A,1DVF,NB56A,1.162959337234497,0.33286523818969727,0
1DVF_WB52A,1DVF,WB52A,4.134849548339844,2.4281485080718994,0
1DVF_DB100A,1DVF,DB100A,2.7907631397247314,1.0280077457427979,0
1DVF_YD102A,1DVF,YD102A,4.7415571212768555,2.448072671890259,0
1DVF_YC49A,1DVF,YC49A,1.8614336252212524,2.2813735008239746,0
1DVF_QD104A,1DVF,QD104A,1.629451870918274,0.3055683970451355,0
1DVF_ND55A,1DVF,ND55A,1.8614336252212524,0.35807907581329346,0
1DVF_RD106A,1DVF,RD106A,4.092513084411621,1.1411727666854858,0
1DVF_KD30A,1DVF,KD30A,1.0039665699005127,0.16717025637626648,0
1DVF_HD33A,1DVF,HD33A,1.8614336252212524,1.2408674955368042,0
1DVF_DD52A,1DVF,DD52A,1.683043360710144,1.4601669311523438,0
1DVF_ID101A,1DVF,ID101A,2.682746410369873,0.2748089134693146,0
"1DVF_EB98A,YD102A",1DVF,"EB98A,YD102A",4.635371685028076,2.651132822036743,0
"1DVF_DB54A,YC49A",1DVF,"DB54A,YC49A",4.4948835372924805,3.1019937992095947,0
"1DVF_DB58A,QD104A",1DVF,"DB58A,QD104A",1.4648281335830688,1.0071382522583008,0
"1DVF_YA49A,ND55A",1DVF,"YA49A,ND55A",2.031278610229492,2.7529408931732178,0
"1DVF_YA32A,RD106A",1DVF,"YA32A,RD106A",4.652670860290527,3.451643228530884,0
"1DVF_NB56A,QD104A",1DVF,"NB56A,QD104A",1.48753023147583,0.20738272368907928,0
"1DVF_WB52A,QD104A",1DVF,"WB52A,QD104A",4.164727210998535,2.923825979232788,0
"1DVF_DB100A,HD33A",1DVF,"DB100A,HD33A",4.14997673034668,2.491279125213623,0
"1DVF_DB100A,DD52A",1DVF,"DB100A,DD52A",4.321657657623291,2.6900100708007812,0
"1DVF_YA49A,HD33A",1DVF,"YA49A,HD33A",2.626220464706421,3.974776029586792,0
"1DVF_DB100A,ND55A",1DVF,"DB100A,ND55A",4.092513084411621,1.903411626815796,0
"1DVF_NB56A,ND55A",1DVF,"NB56A,ND55A",2.3021233081817627,1.0671292543411255,0
"1DVF_NB56A,HD33A",1DVF,"NB56A,HD33A",2.527130603790283,1.2788063287734985,0
1C1Y_KA31E,1C1Y,KA31E,-1.774827480316162,-0.44832050800323486,0
"1C1Y_KA31E,EA30D",1C1Y,"KA31E,EA30D",-2.0150461196899414,-1.4404503107070923,0
1C1Y_KB11M,1C1Y,KB11M,0.7132960557937622,0.8183773159980774,0
1C1Y_NB10A,1C1Y,NB10A,0.5019832849502563,0.28685981035232544,0
1C1Y_NB10D,1C1Y,NB10D,1.4762879610061646,1.3077088594436646,0
1C1Y_VB15A,1C1Y,VB15A,1.1239525079727173,0.7794246077537537,0
1C1Y_KB11A,1C1Y,KB11A,1.1089528799057007,0.6912081837654114,0
1C1Y_KB11E,1C1Y,KB11E,0.8910936117172241,0.7977870106697083,0
1C1Y_TB14A,1C1Y,TB14A,1.4554979801177979,0.881963312625885,0
1C1Y_RB13A,1C1Y,RB13A,1.4554979801177979,1.5520530939102173,0
1C1Y_RB5A,1C1Y,RB5A,1.907029390335083,1.2614752054214478,0
1C1Y_QB12A,1C1Y,QB12A,1.5808899402618408,0.8070600628852844,0
"1C1Y_RB5A,NB10D",1C1Y,"RB5A,NB10D",2.7525272369384766,2.373908758163452,0
1C1Y_KB30A,1C1Y,KB30A,1.312620997428894,2.3349497318267822,0
1C1Y_KB30E,1C1Y,KB30E,2.232905387878418,4.163730144500732,0
"1C1Y_KB30A,RB35G",1C1Y,"KB30A,RB35G",2.6203253269195557,4.530462741851807,0
1C1Y_RB35L,1C1Y,RB35L,2.6203253269195557,4.616581916809082,0
1C1Y_DA38A,1C1Y,DA38A,2.6203253269195557,2.92168927192688,0
1GL0_MI28K,1GL0,MI28K,-0.557857871055603,1.013066053390503,0
"1GL0_MI28K,LI27R",1GL0,"MI28K,LI27R",3.8372950553894043,3.9914114475250244,0
5E9D_GD27E,5E9D,GD27E,-0.4793570935726166,-0.3185746669769287,0
5E9D_TD90Q,5E9D,TD90Q,-0.5739302635192871,0.6695647835731506,0
5E9D_VE49D,5E9D,VE49D,-0.43268319964408875,-0.2968241274356842,0
5E9D_AE98Y,5E9D,AE98Y,-0.8998063206672668,-0.8581957221031189,0
5E9D_YD49W,5E9D,YD49W,-0.34910088777542114,-0.13845157623291016,0
5E9D_NE27G,5E9D,NE27G,0.27520233392715454,-0.008023736998438835,0
5E9D_SD50G,5E9D,SD50G,-0.0356469601392746,0.527054488658905,0
5E9D_KD96Q,5E9D,KD96Q,0.18748797476291656,-0.6290554404258728,0
"5E9D_GD27E,TD90Q",5E9D,"GD27E,TD90Q",-1.5506813526153564,1.0496975183486938,0
"5E9D_GD27E,VE49D",5E9D,"GD27E,VE49D",-1.2024459838867188,0.6474938988685608,0
"5E9D_GD27E,AE98Y",5E9D,"GD27E,AE98Y",-1.3104627132415771,0.1084880381822586,0
"5E9D_TD90Q,AE98Y",5E9D,"TD90Q,AE98Y",-1.2722268104553223,-0.5492073893547058,0
"5E9D_GD27E,TD90Q,AE98Y",5E9D,"GD27E,TD90Q,AE98Y",-2.475290298461914,0.42048659920692444,0
"5E9D_GD27R,TD90Q,VE49E,AE98D",5E9D,"GD27R,TD90Q,VE49E,AE98D",-3.1261651515960693,0.7130282521247864,0
"5E9D_GD27E,TD90Q,VE49D,AE98E",5E9D,"GD27E,TD90Q,VE49D,AE98E",-2.6363978385925293,0.7923415303230286,0
"5E9D_GD27R,TD90Q,VE49E,AE98V",5E9D,"GD27R,TD90Q,VE49E,AE98V",-2.7594141960144043,0.9581442475318909,0
1XGT_LB33F,1XGT,LB33F,-1.8626039028167725,-1.9193018674850464,0
1XGT_LB33I,1XGT,LB33I,-0.06134288012981415,0.57260662317276,0
1XGT_LB33V,1XGT,LB33V,1.0467808246612549,1.9015473127365112,0
1XGT_LB33A,1XGT,LB33A,2.199876308441162,2.9127373695373535,0
2JEL_FP2Y,2JEL,FP2Y,0.0,-1.231965184211731,0
2JEL_FP2W,2JEL,FP2W,2.6203253269195557,-0.7893732786178589,0
2JEL_QP3K,2JEL,QP3K,4.092513084411621,1.2196117639541626,0
2JEL_QP4K,2JEL,QP4K,1.3641711473464966,-0.06903807818889618,0
2JEL_EP5D,2JEL,EP5D,0.4106564223766327,-0.6560434699058533,0
2JEL_EP5Q,2JEL,EP5Q,0.7132960557937622,-0.3976774215698242,0
2JEL_VP6F,2JEL,VP6F,0.0,0.20733973383903503,0
2JEL_TP7N,2JEL,TP7N,0.4106564223766327,0.10829797387123108,0
2JEL_TP7S,2JEL,TP7S,0.0,0.12306800484657288,0
2JEL_PP11E,2JEL,PP11E,0.0,0.02530965954065323,0
2JEL_NP12D,2JEL,NP12D,0.0,-0.09525005519390106,0
2JEL_RP17G,2JEL,RP17G,0.0,-0.004645157605409622,0
2JEL_RP17K,2JEL,RP17K,0.0,0.19615356624126434,0
2JEL_KP24E,2JEL,KP24E,0.0,-0.034036748111248016,0
2JEL_KP27E,2JEL,KP27E,0.0,0.1500452756881714,0
2JEL_TP34N,2JEL,TP34N,6.820855617523193,0.543708860874176,0
2JEL_TP34Q,2JEL,TP34Q,0.0,0.6434412002563477,0
2JEL_TP36Q,2JEL,TP36Q,0.4106564223766327,0.46438896656036377,0
2JEL_NP38T,2JEL,NP38T,0.0,-0.16823111474514008,0
2JEL_SP41C,2JEL,SP41C,1.496372938156128,-0.5154394507408142,0
2JEL_SP43C,2JEL,SP43C,0.0,-0.3764089345932007,0
2JEL_SP46C,2JEL,SP46C,0.0,0.039710626006126404,0
2JEL_QP57E,2JEL,QP57E,-0.4106564223766327,-0.23039638996124268,0
2JEL_TP62N,2JEL,TP62N,0.0,0.7769311666488647,0
2JEL_TP62A,2JEL,TP62A,0.0,1.2659273147583008,0
2JEL_SP64T,2JEL,SP64T,4.092513084411621,-0.9140017628669739,0
2JEL_EP66K,2JEL,EP66K,4.092513084411621,0.007473208010196686,0
2JEL_EP68A,2JEL,EP68A,0.4106564223766327,0.06304973363876343,0
2JEL_DP69E,2JEL,DP69E,0.9535146951675415,-0.25389522314071655,0
2JEL_EP70K,2JEL,EP70K,4.092513084411621,0.4956775903701782,0
2JEL_EP70A,2JEL,EP70A,2.728342294692993,1.518621563911438,0
2JEL_QP71E,2JEL,QP71E,2.728342294692993,-0.42120781540870667,0
2JEL_KP72R,2JEL,KP72R,0.0,-0.15443535149097443,0
2JEL_KP72E,2JEL,KP72E,0.4106564223766327,-0.06259721517562866,0
2JEL_EP75R,2JEL,EP75R,2.728342294692993,1.113281488418579,0
2JEL_HP76D,2JEL,HP76D,-0.6508750319480896,-0.674970805644989,0
2JEL_HP76A,2JEL,HP76A,-0.4106564223766327,0.04216098412871361,0
2JEL_KP79E,2JEL,KP79E,0.4106564223766327,0.017673354595899582,0
2JEL_AP82S,2JEL,AP82S,0.0,-0.261055052280426,0
2JEL_EP83A,2JEL,EP83A,0.0,0.2651670277118683,0
2JEL_EP85Q,2JEL,EP85Q,0.0,-0.05872168019413948,0
2JEL_EP85D,2JEL,EP85D,0.0,-0.23625239729881287,0
2JEL_EP85A,2JEL,EP85A,0.0,-0.19088351726531982,0
2JEL_EP85K,2JEL,EP85K,0.0,-0.12796877324581146,0
2DVW_RB7A,2DVW,RB7A,0.6936055421829224,0.601646363735199,0
"2DVW_RB3A,RB7A",2DVW,"RB3A,RB7A",2.1533782482147217,2.2969417572021484,0
"2DVW_RB3A,RB4A,RB7A",2DVW,"RB3A,RB4A,RB7A",2.790146827697754,2.5154430866241455,0
"2DVW_EB21A,EB22A",2DVW,"EB21A,EB22A",0.038346003741025925,1.4428058862686157,0
2DVW_KB62E,2DVW,KB62E,0.20547401905059814,0.5822267532348633,0
2DVW_RA39A,2DVW,RA39A,0.9106241464614868,1.8752517700195312,0
2DVW_KA114A,2DVW,KA114A,0.03420586138963699,0.24211397767066956,0
"2DVW_DA37A,DA69A",2DVW,"DA37A,DA69A",0.19162222743034363,0.8180713057518005,0
"2DVW_RA39A,KA114A",2DVW,"RA39A,KA114A",2.3625965118408203,3.1911160945892334,0
2DVW_EA180A,2DVW,EA180A,0.43817728757858276,0.7516067624092102,0
4BFI_LB29K,4BFI,LB29K,2.077467203140259,0.19479024410247803,0
4BFI_NB43D,4BFI,NB43D,2.728342294692993,-0.20021545886993408,0
4BFI_NB43A,4BFI,NB43A,2.317685842514038,0.7569277286529541,0
4BFI_LB91A,4BFI,LB91A,1.3072104454040527,0.6882296204566956,0
4BFI_NB93K,4BFI,NB93K,2.728342294692993,0.5926153063774109,0
4BFI_FB95D,4BFI,FB95D,2.728342294692993,-0.02807561308145523,0
4BFI_FB95A,4BFI,FB95A,2.077467203140259,0.055508244782686234,0
4BFI_KB99E,4BFI,KB99E,2.317685842514038,-0.20171025395393372,0
4BFI_QB6K,4BFI,QB6K,-0.011969134211540222,0.14992795884609222,0
4BFI_SB17D,4BFI,SB17D,0.030783649533987045,-0.20950719714164734,0
4BFI_QB26K,4BFI,QB26K,-0.21983741223812103,-0.33153417706489563,0
1HE8_KA80V,1HE8,KA80V,0.4753517508506775,0.3137953281402588,0
"1HE8_KA80V,FA78S",1HE8,"KA80V,FA78S",2.162247657775879,0.39747732877731323,0
"1HE8_KA80V,RA83A",1HE8,"KA80V,RA83A",1.897843837738037,0.26064902544021606,0
"1HE8_KA80V,TA89D",1HE8,"KA80V,TA89D",2.162247657775879,0.4997352361679077,0
"1HE8_KA80V,KA91A",1HE8,"KA80V,KA91A",1.5231046676635742,0.05146494880318642,0
"1HE8_KA80V,KA108A",1HE8,"KA80V,KA108A",2.162247657775879,1.0211563110351562,0
"1HE8_KA80V,KA108E",1HE8,"KA80V,KA108E",2.162247657775879,0.8061752915382385,0
"1HE8_KA80V,DA95A",1HE8,"KA80V,DA95A",1.038295030593872,0.1049157977104187,0
"1HE8_KA80V,KA111A",1HE8,"KA80V,KA111A",1.9676246643066406,0.19417542219161987,0
"1HE8_KA80V,KA112A",1HE8,"KA80V,KA112A",2.162247657775879,0.5269685387611389,0
"1HE8_KA80V,KA113A",1HE8,"KA80V,KA113A",1.6758559942245483,0.5406728386878967,0
"1HE8_KA80V,DA117A",1HE8,"KA80V,DA117A",0.9443292021751404,0.6090248227119446,0
"1HE8_KA80V,EA124K",1HE8,"KA80V,EA124K",-0.09897152334451675,-0.18963623046875,0
"1HE8_KA80V,EA606A",1HE8,"KA80V,EA606A",0.45456182956695557,0.8227872252464294,0
"1HE8_KA80V,EA606K",1HE8,"KA80V,EA606K",-0.45807787775993347,0.3980081081390381,0
1TMG_FI40M,1TMG,FI40M,-1.0276678800582886,-1.0522197484970093,0
4FTV_KD66A,4FTV,KD66A,-1.5795713663101196,1.1369690895080566,0
4FTV_TA163A,4FTV,TA163A,0.3611190617084503,0.5062253475189209,0
"4FTV_KD66A,TA163A",4FTV,"KD66A,TA163A",-2.1304590702056885,0.829355776309967,0
4FTV_DD93A,4FTV,DD93A,1.014264464378357,1.0461639165878296,0
4FTV_RA65A,4FTV,RA65A,3.8267173767089844,2.4666521549224854,0
"4FTV_DD93A,RA65A",4FTV,"DD93A,RA65A",1.4018852710723877,2.842358112335205,0
4FTV_DD93A,4FTV,DD93A,0.7796263694763184,1.0461639165878296,0
4FTV_RA65A,4FTV,RA65A,3.188480854034424,2.4666521549224854,0
"4FTV_DD93A,RA65A",4FTV,"DD93A,RA65A",0.9260520935058594,2.842358112335205,0
"4FTV_EA63Q,DD93A",4FTV,"EA63Q,DD93A",-0.0045398841612041,0.7190110087394714,0
"4FTV_EA63Q,KA66A",4FTV,"EA63Q,KA66A",1.3316361904144287,1.2049461603164673,0
"4FTV_EA63Q,DD93A,KA66A",4FTV,"EA63Q,DD93A,KA66A",1.8550679683685303,1.9358464479446411,0
"4FTV_ME98A,SE99G,AE100G,QE101R",4FTV,"ME98A,SE99G,AE100G,QE101R",3.9603114128112793,2.9145381450653076,0
"4FTV_SE99G,AE100G,QE101R",4FTV,"SE99G,AE100G,QE101R",3.65146803855896,2.399696111679077,0
"4FTV_ME98A,AE100G,QE101R",4FTV,"ME98A,AE100G,QE101R",3.6194357872009277,2.1956746578216553,0
"4FTV_ME98A,QE101E",4FTV,"ME98A,QE101E",0.5062000751495361,0.7713586091995239,0
4FTV_QE101E,4FTV,QE101E,0.05646670609712601,-0.6876333951950073,0
4FTV_QE101R,4FTV,QE101R,0.4106564223766327,-0.6721928715705872,0
1SGN_NI13L,1SGN,NI13L,-3.3998169898986816,-2.702467679977417,0
"2ABZ_AE14C,AE38C",2ABZ,"AE14C,AE38C",-0.5535333752632141,-1.4972889423370361,0
"1Y4A_SI40E,RI39M",1Y4A,"SI40E,RI39M",-3.549654960632324,-1.9360164403915405,0
2PCB_EA291Q,2PCB,EA291Q,-0.056525953114032745,0.46746891736984253,0
2PCB_EA32Q,2PCB,EA32Q,0.6057530641555786,-0.0036978982388973236,0
2PCB_EA35Q,2PCB,EA35Q,0.6760072708129883,0.23836609721183777,0
2PCB_AA193F,2PCB,AA193F,0.7336772680282593,-1.0675064325332642,0
2PCB_DA34N,2PCB,DA34N,0.8213128447532654,0.1256270557641983,0
2PCB_EA290N,2PCB,EA290N,0.871008574962616,0.7329446077346802,0
1B41_TB8V,1B41,TB8V,1.1364256143569946,0.4420320391654968,0
1B41_TB9I,1B41,TB9I,0.024689070880413055,-0.04209277406334877,0
1B41_TB9N,1B41,TB9N,3.6109721660614014,0.7722211480140686,0
"1B41_TB8V,TB9I",1B41,"TB8V,TB9I",0.39468640089035034,0.5654263496398926,0
"1B41_TB8V,TB9N",1B41,"TB8V,TB9N",2.427799701690674,0.5244426131248474,0
1B41_RB11K,1B41,RB11K,0.6251121759414673,0.6026405692100525,0
1B41_AB12S,1B41,AB12S,0.70695960521698,0.25899389386177063,0
1B41_RB27F,1B41,RB27F,2.108170986175537,1.3815251588821411,0
1B41_RB27M,1B41,RB27M,1.4836316108703613,2.010077714920044,0
1B41_RB27Y,1B41,RB27Y,2.396639108657837,1.4488834142684937,0
1B41_HB29K,1B41,HB29K,-0.8879506587982178,0.18847370147705078,0
1B41_HB29R,1B41,HB29R,-0.4093972146511078,-0.6426417231559753,0
1B41_KB32R,1B41,KB32R,0.39144009351730347,0.41466885805130005,0
1B41_MB33F,1B41,MB33F,0.7788600921630859,0.2848811149597168,0
1B41_MB33L,1B41,MB33L,1.811485767364502,0.65053790807724,0
1B41_MB33Q,1B41,MB33Q,1.5959259271621704,0.714481770992279,0
1B41_MB33Y,1B41,MB33Y,0.70695960521698,0.207826167345047,0
1B41_VB34T,1B41,VB34T,1.2143783569335938,0.6942253708839417,0
1B41_LB35W,1B41,LB35W,1.3045446872711182,0.33947253227233887,0
1B41_NB47F,1B41,NB47F,-0.1417320966720581,0.06768572330474854,0
1B41_NB47W,1B41,NB47W,0.03665820509195328,-0.1990872323513031,0
1B41_NB47R,1B41,NB47R,-0.030388813465833664,-0.22844912111759186,0
2NU1_HI13L,2NU1,HI13L,-1.713875651359558,-2.68662428855896,0
2VLO_AB95K,2VLO,AB95K,-1.960514783859253,-1.4838573932647705,0
1F47_DA4A,1F47,DA4A,0.6915061473846436,0.9468717575073242,0
1F47_YA5A,1F47,YA5A,0.8693669438362122,1.1925729513168335,0
1F47_LA6A,1F47,LA6A,0.9254311323165894,1.3211129903793335,0
1F47_DA7A,1F47,DA7A,1.7336586713790894,0.8033589124679565,0
1F47_IA8A,1F47,IA8A,2.5162453651428223,1.3996658325195312,0
1F47_PA9A,1F47,PA9A,-0.05756485462188721,0.8951683640480042,0
1F47_FA11A,1F47,FA11A,2.4454827308654785,1.3649098873138428,0
1F47_LA12A,1F47,LA12A,2.2953264713287354,1.3695183992385864,0
1F47_KA14A,1F47,KA14A,-0.042640842497348785,0.6735572814941406,0
1F47_QA15A,1F47,QA15A,-0.045595720410346985,1.0256621837615967,0
1F47_DA7S,1F47,DA7S,2.064861297607422,0.16012421250343323,0
1F47_DA7G,1F47,DA7G,1.1393417119979858,-0.18349912762641907,0
2BDN_LH27R,2BDN,LH27R,0.6508750319480896,-0.11443513631820679,0
2BDN_LH27K,2BDN,LH27K,0.8744037747383118,-0.2952098250389099,0
2BDN_NH28D,2BDN,NH28D,0.13220183551311493,-0.046335894614458084,0
2BDN_NH28Q,2BDN,NH28Q,1.4000883102416992,-0.17422395944595337,0
2BDN_DH31E,2BDN,DH31E,1.0857164859771729,0.12896108627319336,0
2BDN_YL30K,2BDN,YL30K,0.6750600934028625,0.32336941361427307,0
2BDN_NL31R,2BDN,NL31R,-0.9175975322723389,0.4113176763057709,0
2BDN_NL31K,2BDN,NL31K,3.4913339614868164,0.07400356233119965,0
2BDN_SL53D,2BDN,SL53D,-0.160644993185997,-0.6488187313079834,0
2BDN_SL53E,2BDN,SL53E,-0.8517016768455505,-0.5853895545005798,0
2BDN_TL56D,2BDN,TL56D,-0.4256560206413269,-0.05144095793366432,0
2BDN_TL56E,2BDN,TL56E,-0.6891109943389893,0.7157080769538879,0
4JEU_RA169A,4JEU,RA169A,-0.4106564223766327,1.0577117204666138,0
4JEU_RA37C,4JEU,RA37C,0.9096092581748962,0.970750629901886,0
"4JEU_LB147A,EB148A",4JEU,"LB147A,EB148A",1.1937333345413208,2.166963815689087,0
"4JEU_LB147A,EB148A",4JEU,"LB147A,EB148A",1.009981393814087,2.166963815689087,0
4JEU_IB215A,4JEU,IB215A,3.24170184135437,0.9271822571754456,0
4JEU_RB3A,4JEU,RB3A,1.128169298171997,0.8310914039611816,0
4JEU_TB4A,4JEU,TB4A,0.1809239685535431,0.8420442342758179,0
4JEU_LB7A,4JEU,LB7A,1.1089528799057007,1.1625094413757324,0
1MI5_SD23A,1MI5,SD23A,0.10006427019834518,0.2560252547264099,0
1MI5_TD24A,1MI5,TD24A,0.2604089677333832,0.4216507375240326,0
1MI5_SD26A,1MI5,SD26A,-0.039184655994176865,0.6484049558639526,0
1MI5_TD28A,1MI5,TD28A,0.5875756144523621,1.1073411703109741,0
1MI5_DD29A,1MI5,DD29A,1.2319692373275757,1.4632514715194702,0
1MI5_YD30A,1MI5,YD30A,0.4496324956417084,0.5954577326774597,0
1MI5_HD32A,1MI5,HD32A,1.2319692373275757,1.0502210855484009,0
1MI5_HD47A,1MI5,HD47A,1.1172796487808228,1.179594874382019,0
1MI5_LD49A,1MI5,LD49A,1.2319692373275757,1.4670571088790894,0
1MI5_TD50A,1MI5,TD50A,-0.5584657788276672,0.24955794215202332,0
1MI5_SD51A,1MI5,SD51A,0.4820149838924408,0.17426607012748718,0
1MI5_ND52A,1MI5,ND52A,-0.019268428906798363,0.33045732975006104,0
1MI5_PD89A,1MI5,PD89A,1.2319692373275757,0.14761129021644592,0
1MI5_LD90A,1MI5,LD90A,1.2319692373275757,0.9291042685508728,0
1MI5_AD91G,1MI5,AD91G,0.6083049178123474,0.07732097804546356,0
1MI5_GD92A,1MI5,GD92A,0.7641347646713257,0.7228723168373108,0
1MI5_GD93A,1MI5,GD93A,1.2319692373275757,0.1231127679347992,0
1MI5_TD94A,1MI5,TD94A,0.9429946541786194,0.10747382044792175,0
1MI5_SD95A,1MI5,SD95A,0.8272079229354858,0.44708049297332764,0
1MI5_YD96A,1MI5,YD96A,1.2319692373275757,1.0075944662094116,0
1MI5_GD97A,1MI5,GD97A,1.2319692373275757,0.306948721408844,0
1MI5_KD98A,1MI5,KD98A,1.2319692373275757,0.24016350507736206,0
1MI5_SE25A,1MI5,SE25A,0.03228163346648216,0.15454408526420593,0
1MI5_GE26A,1MI5,GE26A,-0.2893606722354889,-0.12674060463905334,0
1MI5_VE28A,1MI5,VE28A,0.2930837571620941,1.0118509531021118,0
1MI5_SE29A,1MI5,SE29A,1.0638965368270874,0.43555748462677,0
1MI5_QE48A,1MI5,QE48A,-0.0703735426068306,0.5161653161048889,0
1MI5_NE49A,1MI5,NE49A,-0.43286994099617004,0.19329723715782166,0
1MI5_EE50A,1MI5,EE50A,0.8189382553100586,0.0274190790951252,0
1MI5_SE92A,1MI5,SE92A,0.3016909658908844,0.28968191146850586,0
1MI5_SE93A,1MI5,SE93A,-0.6118989586830139,0.42464643716812134,0
1MI5_LE94A,1MI5,LE94A,0.11586392670869827,0.46274885535240173,0
1MI5_GE95A,1MI5,GE95A,1.2319692373275757,0.3876505196094513,0
1MI5_QE96A,1MI5,QE96A,1.2319692373275757,0.7549015283584595,0
1MI5_AE97G,1MI5,AE97G,1.2319692373275757,0.5964452028274536,0
1MI5_YE98A,1MI5,YE98A,1.2319692373275757,0.2578657567501068,0
1MI5_EE99A,1MI5,EE99A,0.11974887549877167,0.47168970108032227,0
1MI5_QE100A,1MI5,QE100A,1.2319692373275757,0.8740726113319397,0
1MI5_YE101A,1MI5,YE101A,0.2604089677333832,0.2959728538990021,0
"2QJB_HC11G,EC15D,TC30A,MC31I",2QJB,"HC11G,EC15D,TC30A,MC31I",-0.8850788474082947,-0.6282947659492493,0
"2QJB_TC43A,LC47M,GC48K,LC49Y,HC11G,EC15D,TC30A,MC31I",2QJB,"TC43A,LC47M,GC48K,LC49Y,HC11G,EC15D,TC30A,MC31I",-0.4228723645210266,-0.07953481376171112,0
"2QJB_RC57K,TC59S,IC61K,PC62A,HC63Q,QC64L,SC67T,TC43A,LC47M,GC48K,LC49Y,HC11G,EC15D,TC30A,MC31I",2QJB,"RC57K,TC59S,IC61K,PC62A,HC63Q,QC64L,SC67T,TC43A,LC47M,GC48K,LC49Y,HC11G,EC15D,TC30A,MC31I",-1.1528583765029907,-0.2869136929512024,0
4LRX_HA56N,4LRX,HA56N,0.32587605714797974,0.02335132285952568,0
"2B2X_VH50T,EH64K,QL28S,YL52N",2B2X,"VH50T,EH64K,QL28S,YL52N",1.043681025505066,-0.11516806483268738,0
"2B2X_VH50T,EH64K,QL28S,YL52N,LL49K",2B2X,"VH50T,EH64K,QL28S,YL52N,LL49K",1.968638300895691,-0.31843680143356323,0
"2B2X_EH64K,QL28S,YL52N",2B2X,"EH64K,QL28S,YL52N",0.7803654074668884,0.4550010561943054,0
"2B2X_VH50T,EH64K,QL28S,YL52N,LH60D",2B2X,"VH50T,EH64K,QL28S,YL52N,LH60D",0.9209862947463989,0.4521404206752777,0
"2B2X_VH50T,QL28S,YL52N",2B2X,"VH50T,QL28S,YL52N",0.8883821964263916,-0.08926437795162201,0
"2B2X_VH50T,EH64Q,QL28S,YL52N",2B2X,"VH50T,EH64Q,QL28S,YL52N",0.8883821964263916,-0.15879012644290924,0
"2B2X_VH50T,EH64D,QL28S,YL52N",2B2X,"VH50T,EH64D,QL28S,YL52N",0.9209862947463989,0.1478380262851715,0
"2B2X_VH50T,EH64N,QL28S,YL52N",2B2X,"VH50T,EH64N,QL28S,YL52N",0.9711056351661682,-0.09644797444343567,0
"2B2X_VH50T,EH64K,YL52N",2B2X,"VH50T,EH64K,YL52N",0.37727001309394836,0.007325224578380585,0
"2B2X_VH50T,EH64K,QL28S",2B2X,"VH50T,EH64K,QL28S",0.9403850436210632,0.17978928983211517,0
"2B2X_VH50T,EH64K,QL28S,YL52N,GH100M",2B2X,"VH50T,EH64K,QL28S,YL52N,GH100M",1.1458607912063599,0.3124898374080658,0
"2B2X_VH50T,EH64K,QL28S,YL52N,SL24R",2B2X,"VH50T,EH64K,QL28S,YL52N,SL24R",0.9765949845314026,-0.21654415130615234,0
"2B2X_VH50T,EH64K,QL28S,YL52E",2B2X,"VH50T,EH64K,QL28S,YL52E",0.8662318587303162,0.08410152792930603,0
"2B2X_VH50T,EH64K,QL28S,YL52N,FH99W",2B2X,"VH50T,EH64K,QL28S,YL52N,FH99W",1.043681025505066,-0.4607428312301636,0
"2B2X_VH50T,EH64K,QL28S,YL52N,GH100F",2B2X,"VH50T,EH64K,QL28S,YL52N,GH100F",1.617763876914978,0.08668610453605652,0
"2B2X_VH50T,EH64K,QL28S,YL52N,GH54Y",2B2X,"VH50T,EH64K,QL28S,YL52N,GH54Y",1.043681025505066,-0.19029268622398376,0
"2B2X_VH50T,EH64K,QL28S,YL52N,FH99W",2B2X,"VH50T,EH64K,QL28S,YL52N,FH99W",1.043681025505066,-0.4607428312301636,0
"2B2X_QL28S,YL52N",2B2X,"QL28S,YL52N",0.682479977607727,-0.32564088702201843,0
"2B2X_VH50T,EH64Q,QL28S,YL52N,LH60D",2B2X,"VH50T,EH64Q,QL28S,YL52N,LH60D",1.0866895914077759,0.5092755556106567,0
"2B2X_VH50T,QL28S,YL52N,LH60D",2B2X,"VH50T,QL28S,YL52N,LH60D",0.9018170237541199,0.39193910360336304,0
2B2X_EH64K,2B2X,EH64K,-0.15706361830234528,0.06881491094827652,0
2B2X_VH50T,2B2X,VH50T,0.09016634523868561,0.01591625064611435,0
2B2X_YL52E,2B2X,YL52E,-0.22420541942119598,0.043604832142591476,0
"2B2X_VH50T,EH64K,QL28S,YL52N,NL30V",2B2X,"VH50T,EH64K,QL28S,YL52N,NL30V",2.093480348587036,-0.09357436001300812,0
"2B2X_VH50T,EH64K,QL28S,YL52N,HL31R",2B2X,"VH50T,EH64K,QL28S,YL52N,HL31R",2.1679818630218506,0.2522295415401459,0
"2B2X_VH50T,EH64K,QL28S,YL52N,HL31K",2B2X,"VH50T,EH64K,QL28S,YL52N,HL31K",2.208369016647339,0.12835529446601868,0
"2B2X_VH50T,EH64K,QL28S,YL52N,LL49K",2B2X,"VH50T,EH64K,QL28S,YL52N,LL49K",1.841896891593933,-0.31843680143356323,0
"2B2X_VH50T,EH64K,QL28S,YL52R",2B2X,"VH50T,EH64K,QL28S,YL52R",1.8889000415802002,0.33407798409461975,0
"2B2X_VH50T,EH64K,QL28S,YL52K",2B2X,"VH50T,EH64K,QL28S,YL52K",1.7014853954315186,0.025021908804774284,0
"2B2X_VH50T,EH64K,QL28S,YL52N,RH31Q",2B2X,"VH50T,EH64K,QL28S,YL52N,RH31Q",2.3515944480895996,0.5679933428764343,0
"2B2X_VH50T,EH64K,QL28S,YL52N,SH35Q",2B2X,"VH50T,EH64K,QL28S,YL52N,SH35Q",3.7720232009887695,0.37315526604652405,0
"2B2X_EH64K,QL28S,YL52N",2B2X,"EH64K,QL28S,YL52N",1.043681025505066,0.4550010561943054,0
"2B2X_VH50T,EH64K,QL28S,YL52N,YH59E",2B2X,"VH50T,EH64K,QL28S,YL52N,YH59E",1.5879316329956055,-0.08364470303058624,0
"2B2X_VH50T,EH64K,QL28S,YL52N,LH60D",2B2X,"VH50T,EH64K,QL28S,YL52N,LH60D",1.043681025505066,0.4521404206752777,0
"2B2X_VH50T,QL28S,YL52N",2B2X,"VH50T,QL28S,YL52N",1.043681025505066,-0.08926437795162201,0
"2B2X_VH50T,EH64Q,QL28S,YL52N",2B2X,"VH50T,EH64Q,QL28S,YL52N",1.043681025505066,-0.15879012644290924,0
"2B2X_VH50T,EH64D,QL28S,YL52N",2B2X,"VH50T,EH64D,QL28S,YL52N",0.8233383297920227,0.1478380262851715,0
"2B2X_VH50T,EH64N,QL28S,YL52N",2B2X,"VH50T,EH64N,QL28S,YL52N",1.043681025505066,-0.09644797444343567,0
"2B2X_VH50T,EH64K,YL52N",2B2X,"VH50T,EH64K,YL52N",0.1864510029554367,0.007325224578380585,0
"2B2X_VH50T,EH64K,QL28S,YL52N,NL30Y",2B2X,"VH50T,EH64K,QL28S,YL52N,NL30Y",2.9521026611328125,-0.2405065894126892,0
"2B2X_VH50T,EH64K,QL28S,YL52N,NL30W",2B2X,"VH50T,EH64K,QL28S,YL52N,NL30W",2.617070198059082,-0.3333887755870819,0
"2B2X_VH50T,EH64K,QL28S",2B2X,"VH50T,EH64K,QL28S",1.043681025505066,0.17978928983211517,0
"2B2X_VH50T,EH64K,QL28S,YL52N,SL91T",2B2X,"VH50T,EH64K,QL28S,YL52N,SL91T",3.3613667488098145,-0.02543431892991066,0
"2B2X_VH50T,EH64K,QL28S,YL52N,SL91R",2B2X,"VH50T,EH64K,QL28S,YL52N,SL91R",3.7720232009887695,0.3132971525192261,0
"2B2X_VH50T,EH64K,QL28S,YL52N,GL92Q",2B2X,"VH50T,EH64K,QL28S,YL52N,GL92Q",2.617070198059082,0.01899603381752968,0
"2B2X_VH50T,EH64K,QL28S,YL52N,GL92S",2B2X,"VH50T,EH64K,QL28S,YL52N,GL92S",1.556517243385315,-0.5724106431007385,0
"2B2X_VH50T,EH64K,QL28S,YL52N,SL91R,NL30E",2B2X,"VH50T,EH64K,QL28S,YL52N,SL91R,NL30E",3.7720232009887695,0.12919996678829193,0
"2B2X_VH50T,EH64K,QL28S,YL52N,SH52M",2B2X,"VH50T,EH64K,QL28S,YL52N,SH52M",3.120450735092163,-0.108449786901474,0
"2B2X_VH50T,EH64K,QL28S,YL52N,GH53S",2B2X,"VH50T,EH64K,QL28S,YL52N,GH53S",1.7195769548416138,0.13004785776138306,0
"2B2X_VH50T,EH64K,QL28S,YL52N,GH53A",2B2X,"VH50T,EH64K,QL28S,YL52N,GH53A",1.556517243385315,0.21692423522472382,0
"2B2X_VH50T,EH64K,QL28S,YL52N,GH54I",2B2X,"VH50T,EH64K,QL28S,YL52N,GH54I",2.4078521728515625,-0.021466858685016632,0
"2B2X_VH50T,EH64K,QL28S,YL52N,GH54T",2B2X,"VH50T,EH64K,QL28S,YL52N,GH54T",2.208369016647339,0.0004132203757762909,0
"2B2X_VH50T,EH64K,QL28S,YL52N,YH58Q",2B2X,"VH50T,EH64K,QL28S,YL52N,YH58Q",3.120450735092163,0.5276378989219666,0
"2B2X_VH50T,EH64K,QL28S,YL52N,YH58E",2B2X,"VH50T,EH64K,QL28S,YL52N,YH58E",3.120450735092163,0.3079465627670288,0
"2B2X_VH50T,EH64K,QL28S,YL52N,YH58W",2B2X,"VH50T,EH64K,QL28S,YL52N,YH58W",1.864993929862976,-0.15120567381381989,0
"2B2X_VH50T,EH64K,QL28S,YL52N,GH100M",2B2X,"VH50T,EH64K,QL28S,YL52N,GH100M",1.1458607912063599,0.3124898374080658,0
"2B2X_VH50T,EH64K,QL28S,YL52N,SL24R",2B2X,"VH50T,EH64K,QL28S,YL52N,SL24R",0.6799096465110779,-0.21654415130615234,0
"2B2X_VH50T,EH64K,QL28S,YL52N,LL49F",2B2X,"VH50T,EH64K,QL28S,YL52N,LL49F",1.756279706954956,-0.4274939298629761,0
"2B2X_VH50T,EH64K,QL28S,YL52N,LL49W",2B2X,"VH50T,EH64K,QL28S,YL52N,LL49W",2.9521026611328125,-1.2620941400527954,0
"2B2X_VH50T,EH64K,QL28S,YL52D",2B2X,"VH50T,EH64K,QL28S,YL52D",1.5446677207946777,-0.1310756504535675,0
"2B2X_VH50T,EH64K,QL28S,YL52E",2B2X,"VH50T,EH64K,QL28S,YL52E",1.043681025505066,0.08410152792930603,0
"2B2X_VH50T,EH64K,QL28S,YL52N,WL90Q",2B2X,"VH50T,EH64K,QL28S,YL52N,WL90Q",3.120450735092163,1.0494526624679565,0
"2B2X_VH50T,EH64K,QL28S,YL52N,SL91Q",2B2X,"VH50T,EH64K,QL28S,YL52N,SL91Q",2.8185086250305176,0.008375664241611958,0
"2B2X_VH50T,EH64K,QL28S,YL52N,WL90Q,FL33Y",2B2X,"VH50T,EH64K,QL28S,YL52N,WL90Q,FL33Y",1.9150900840759277,0.33250704407691956,0
"2B2X_VH50T,EH64K,QL28S,YL52N,TH33V",2B2X,"VH50T,EH64K,QL28S,YL52N,TH33V",1.4782437086105347,0.11261959373950958,0
"2B2X_VH50T,EH64K,QL28S,YL52N,TH33N",2B2X,"VH50T,EH64K,QL28S,YL52N,TH33N",3.7720232009887695,0.08181862533092499,0
"2B2X_VH50T,EH64K,QL28S,YL52N,SH35A",2B2X,"VH50T,EH64K,QL28S,YL52N,SH35A",2.617070198059082,0.7339553236961365,0
"2B2X_VH50T,EH64K,QL28S,YL52N,FH99W",2B2X,"VH50T,EH64K,QL28S,YL52N,FH99W",1.043681025505066,-0.4607428312301636,0
"2B2X_VH50T,EH64K,QL28S,YL52N,FH99Y",2B2X,"VH50T,EH64K,QL28S,YL52N,FH99Y",1.7986879348754883,-0.39700859785079956,0
"2B2X_VH50T,EH64K,QL28S,YL52N,GH100L",2B2X,"VH50T,EH64K,QL28S,YL52N,GH100L",3.7720232009887695,0.6431131958961487,0
"2B2X_VH50T,EH64K,QL28S,YL52N,GH100F",2B2X,"VH50T,EH64K,QL28S,YL52N,GH100F",1.2479825019836426,0.08668610453605652,0
"2B2X_VH50T,EH64K,QL28S,YL52N,GH100S",2B2X,"VH50T,EH64K,QL28S,YL52N,GH100S",1.6016782522201538,0.6045488715171814,0
"2B2X_EH64K,QL28S,YL52N,SH35V",2B2X,"EH64K,QL28S,YL52N,SH35V",3.7720232009887695,0.7252877950668335,0
"2B2X_EH64K,QL28S,YL52N,SH35A",2B2X,"EH64K,QL28S,YL52N,SH35A",3.120450735092163,1.1586124897003174,0
"2B2X_VH50T,EH64K,QL28S,YL52N,SH35A,GH102S",2B2X,"VH50T,EH64K,QL28S,YL52N,SH35A,GH102S",2.617070198059082,0.4324800372123718,0
"2B2X_VH50T,EH64K,QL28S,YL52N,SH35V,GH102S",2B2X,"VH50T,EH64K,QL28S,YL52N,SH35V,GH102S",2.469994306564331,0.6118409037590027,0
"2B2X_EH64K,QL28S,YL52N,GH102S",2B2X,"EH64K,QL28S,YL52N,GH102S",2.7118842601776123,0.24717435240745544,0
"2B2X_VH50T,EH64K,QL28S,YL52N,HL31W",2B2X,"VH50T,EH64K,QL28S,YL52N,HL31W",2.2995564937591553,-0.32663244009017944,0
"2B2X_VH50T,EH64K,QL28S,YL52N,NL30Y,SL91I",2B2X,"VH50T,EH64K,QL28S,YL52N,NL30Y,SL91I",1.4782437086105347,-0.24718624353408813,0
"2B2X_VH50T,EH64K,QL28S,YL52N,GH53N",2B2X,"VH50T,EH64K,QL28S,YL52N,GH53N",2.2995564937591553,0.27357354760169983,0
"2B2X_VH50T,EH64K,QL28S,YL52N,GH54Y",2B2X,"VH50T,EH64K,QL28S,YL52N,GH54Y",1.043681025505066,-0.19029268622398376,0
"2B2X_VH50T,EH64K,QL28S,YL52N,FH99W",2B2X,"VH50T,EH64K,QL28S,YL52N,FH99W",1.043681025505066,-0.4607428312301636,0
"2B2X_VH50T,EH64K,QL28S,YL52N,FH99Y",2B2X,"VH50T,EH64K,QL28S,YL52N,FH99Y",1.7986879348754883,-0.39700859785079956,0
"2B2X_VH50T,EH64K,QL28S,YL52N,TH33E,GH53Q",2B2X,"VH50T,EH64K,QL28S,YL52N,TH33E,GH53Q",2.7118842601776123,-0.11747682094573975,0
"2B2X_VH50T,EH64K,QL28S,YL52N,TH33I,SH52T,GH53N,GH54N",2B2X,"VH50T,EH64K,QL28S,YL52N,TH33I,SH52T,GH53N,GH54N",2.9521026611328125,0.18338258564472198,0
"2B2X_VH50T,EH64K,QL28S,YL52N,TH33I,SH52T,GH53Q,GH54F",2B2X,"VH50T,EH64K,QL28S,YL52N,TH33I,SH52T,GH53Q,GH54F",2.2995564937591553,0.1754651963710785,0
"2B2X_EH64K,YL52N",2B2X,"EH64K,YL52N",0.3486860692501068,-0.0818382203578949,0
"2B2X_QL28S,YL52N",2B2X,"QL28S,YL52N",1.043681025505066,-0.32564088702201843,0
"2B2X_VH50T,YL52N",2B2X,"VH50T,YL52N",0.1864510029554367,-0.31212106347084045,0
2B2X_EH64K,2B2X,EH64K,0.09016634523868561,0.06881491094827652,0
2B2X_VH50T,2B2X,VH50T,-0.04203549772500992,0.01591625064611435,0
1Y3D_AI48R,1Y3D,AI48R,-3.098123788833618,-2.350369691848755,0
1TM4_GI40M,1TM4,GI40M,-2.232905387878418,-1.2421410083770752,0
1KIP_AB32Y,1KIP,AB32Y,-0.8009516596794128,-0.6089485287666321,0
1UUZ_HA62Q,1UUZ,HA62Q,1.5196093320846558,1.1238921880722046,0
1UUZ_HA62N,1UUZ,HA62N,1.5196093320846558,0.09016977250576019,0
1UUZ_HA62D,1UUZ,HA62D,3.3792171478271484,-0.6740917563438416,0
1UUZ_HA62A,1UUZ,HA62A,1.774827480316162,1.675817847251892,0
1UUZ_CA64A,1UUZ,CA64A,0.6508750319480896,1.0561362504959106,0
2SIC_MI67E,2SIC,MI67E,0.7960982918739319,0.838764488697052,0
2SIC_MI67D,2SIC,MI67D,0.7515320777893066,1.0625457763671875,0
2SIC_MI67H,2SIC,MI67H,0.21785926818847656,-0.3353472948074341,0
2SIC_MI67K,2SIC,MI67K,0.0,0.06942838430404663,0
2SIC_MI67R,2SIC,MI67R,0.0,1.8386714458465576,0
2SIC_MI67G,2SIC,MI67G,0.14522328972816467,2.212061643600464,0
2SIC_MI67A,2SIC,MI67A,0.21785926818847656,1.5089393854141235,0
2SIC_MI67L,2SIC,MI67L,-0.2402186095714569,0.3919312655925751,0
2SIC_MI67V,2SIC,MI67V,0.7132960557937622,1.6036804914474487,0
2SIC_MI67I,2SIC,MI67I,1.6043896675109863,1.5684221982955933,0
3BTQ_QI13K,3BTQ,QI13K,-9.370643615722656,-8.935856819152832,0
4B0M_AB127G,4B0M,AB127G,0.29772302508354187,0.4310610890388489,0
4B0M_PM98A,4B0M,PM98A,0.40573978424072266,0.5310666561126709,0
4B0M_PM98S,4B0M,PM98S,0.7580751776695251,0.3773877024650574,0
4B0M_PM99A,4B0M,PM99A,1.9157778024673462,-0.031109854578971863,0
4B0M_PM99S,4B0M,PM99S,1.9942853450775146,-0.3475397229194641,0
"4B0M_PM98S,PM99A",4B0M,"PM98S,PM99A",2.0725505352020264,0.9116029143333435,0
4B0M_YM9G,4B0M,YM9G,0.6292684674263,1.500099778175354,0
4B0M_YM37A,4B0M,YM37A,1.652940034866333,0.5163705348968506,0
"4B0M_YM9G,YM37A",4B0M,"YM9G,YM37A",2.2047524452209473,1.7537684440612793,0
4B0M_LM40A,4B0M,LM40A,1.908984661102295,0.8347592949867249,0
4B0M_MA8A,4B0M,MA8A,0.4299248456954956,2.3600034713745117,0
"4B0M_TA7G,MA8A",4B0M,"TA7G,MA8A",0.4416569471359253,2.1565606594085693,0
2WPT_DA30L,2WPT,DA30L,-3.403402328491211,-1.8344382047653198,0
2WPT_NA31V,2WPT,NA31V,-0.8970479965209961,-1.1674797534942627,0
2WPT_RA35T,2WPT,RA35T,-1.038295030593872,0.02783888950943947,0
2WPT_EA36H,2WPT,EA36H,0.038235973566770554,0.030487101525068283,0
2WPT_RA39E,2WPT,RA39E,-0.37242045998573303,0.1462308168411255,0
"2WPT_NA31V,RA35T",2WPT,"NA31V,RA35T",-2.5882933139801025,-1.364601731300354,0
"2WPT_DA30L,NA31V,RA35T",2WPT,"DA30L,NA31V,RA35T",-6.336045742034912,-3.9920265674591064,0
"2WPT_NA31V,RA35T,RA39E",2WPT,"NA31V,RA35T,RA39E",-3.232964515686035,-1.853514313697815,0
"2WPT_NA31V,RA35T,EA36H,RA39E",2WPT,"NA31V,RA35T,EA36H,RA39E",-2.9989495277404785,-1.7129358053207397,0
2WPT_EA27A,2WPT,EA27A,1.733952522277832,0.8769775032997131,0
2WPT_DA30A,2WPT,DA30A,-0.13220183551311493,1.2740098237991333,0
2WPT_NA31A,2WPT,NA31A,-0.37987276911735535,0.9483239054679871,0
2WPT_VA34A,2WPT,VA34A,3.809299945831299,1.6324551105499268,0
2WPT_RA35A,2WPT,RA35A,-1.1109310388565063,0.7987651228904724,0
2WPT_EA38A,2WPT,EA38A,4.503169536590576,1.516670823097229,0
2WPT_RA39A,2WPT,RA39A,-0.2402186095714569,0.45184755325317383,0
2WPT_SA47A,2WPT,SA47A,2.4257025718688965,1.7970402240753174,0
2WPT_DA48A,2WPT,DA48A,5.216465950012207,4.133439540863037,0
2WPT_YA51A,2WPT,YA51A,5.216465950012207,3.7594754695892334,0
2WPT_YA52A,2WPT,YA52A,5.216465950012207,3.2451610565185547,0
2WPT_PA53A,2WPT,PA53A,2.9276857376098633,0.8048016428947449,0
"2WPT_FB79A,DA30A",2WPT,"FB79A,DA30A",-0.13220183551311493,3.731309175491333,0
"2WPT_FB79A,NA31A",2WPT,"FB79A,NA31A",1.3522019386291504,3.184405565261841,0
"2WPT_FB79A,VA34A",2WPT,"FB79A,VA34A",3.112752914428711,3.429217576980591,0
2WPT_RB47A,2WPT,RB47A,1.1343426704406738,1.2595175504684448,0
2WPT_NB65A,2WPT,NB65A,0.9178253412246704,1.5094579458236694,0
2WPT_SB67A,2WPT,SB67A,-0.8493078947067261,0.2809717059135437,0
2WPT_NB68A,2WPT,NB68A,1.2376387119293213,1.918782353401184,0
2WPT_SB70A,2WPT,SB70A,-0.6116429567337036,-0.083226278424263,0
2WPT_SB71A,2WPT,SB71A,-0.1495431363582611,-0.15357089042663574,0
2WPT_SB77A,2WPT,SB77A,-0.09360992908477783,-0.03375543653964996,0
2WPT_FB79A,2WPT,FB79A,1.1701807975769043,3.221967935562134,0
2WPT_TB80A,2WPT,TB80A,0.526220440864563,0.1920701265335083,0
2WPT_QB85A,2WPT,QB85A,0.9001388549804688,-0.13838762044906616,0
2WPT_KB90A,2WPT,KB90A,0.49740836024284363,1.0249091386795044,0
2WPT_VB91A,2WPT,VB91A,0.11930190771818161,1.5062938928604126,0
2WPT_RB47A,2WPT,RB47A,0.6100000739097595,1.2595175504684448,0
2WPT_NB65A,2WPT,NB65A,0.4848095774650574,1.5094579458236694,0
2WPT_SB67A,2WPT,SB67A,0.5810942649841309,0.2809717059135437,0
2WPT_NB68A,2WPT,NB68A,1.2655584812164307,1.918782353401184,0
2WPT_SB70A,2WPT,SB70A,-0.3026396632194519,-0.083226278424263,0
2WPT_SB71A,2WPT,SB71A,-0.04087496176362038,-0.15357089042663574,0
2WPT_SB77A,2WPT,SB77A,-0.04087496176362038,-0.03375543653964996,0
2WPT_FB79A,2WPT,FB79A,0.9455621838569641,3.221967935562134,0
2WPT_TB80A,2WPT,TB80A,0.22690452635288239,0.1920701265335083,0
2WPT_QB85A,2WPT,QB85A,-0.13220183551311493,-0.13838762044906616,0
2WPT_KB90A,2WPT,KB90A,0.8012278079986572,1.0249091386795044,0
2WPT_VB91A,2WPT,VB91A,0.4106564223766327,1.5062938928604126,0
"2WPT_EA14Q,FA15L,KA17T,KA18T,RA21N,EA23D,GA24T,AA25S,TA26S,DA29E,DA30L,NA31V,RA35T,EA36H,RA39E,LA40M,DA45S,RA54K,DA55E,DA56G,RA57D,EA58D,EA62S,KA66N,EA67T,IA68V,EA70Q",2WPT,"EA14Q,FA15L,KA17T,KA18T,RA21N,EA23D,GA24T,AA25S,TA26S,DA29E,DA30L,NA31V,RA35T,EA36H,RA39E,LA40M,DA45S,RA54K,DA55E,DA56G,RA57D,EA58D,EA62S,KA66N,EA67T,IA68V,EA70Q",-8.058494567871094,-6.405015468597412,0
"2WPT_EA14Q,FA15L,KA17T,KA18T,RA21N,EA23D,GA24T,AA25S,TA26S",2WPT,"EA14Q,FA15L,KA17T,KA18T,RA21N,EA23D,GA24T,AA25S,TA26S",-0.06827136129140854,-0.5926006436347961,0
"2WPT_DA29E,DA30L,NA31V,RA35T,EA36H,RA39E,LA40M,DA45S,RA54K,DA55E,DA56G,RA57D,EA58D",2WPT,"DA29E,DA30L,NA31V,RA35T,EA36H,RA39E,LA40M,DA45S,RA54K,DA55E,DA56G,RA57D,EA58D",-5.201869487762451,-5.368781566619873,0
"2WPT_DA29E,DA30L,NA31V,RA35T,EA36H,RA39E,LA40M",2WPT,"DA29E,DA30L,NA31V,RA35T,EA36H,RA39E,LA40M",-6.354465484619141,-6.075063705444336,0
"2WPT_EA23D,GA24T,AA25S,TA26S,DA29E,DA30L,NA31V,RA35T,EA36H,RA39E,LA40M",2WPT,"EA23D,GA24T,AA25S,TA26S,DA29E,DA30L,NA31V,RA35T,EA36H,RA39E,LA40M",-6.635493755340576,-6.350338459014893,0
"2WPT_KA17T,KA18T,RA21N,EA23D,GA24T,AA25S,TA26S,DA29E,DA30L,NA31V,RA35T,EA36H,RA39E,LA40M",2WPT,"KA17T,KA18T,RA21N,EA23D,GA24T,AA25S,TA26S,DA29E,DA30L,NA31V,RA35T,EA36H,RA39E,LA40M",-8.267023086547852,-6.4443559646606445,0
"2WPT_EA14Q,FA15L,KA17T,KA18T,RA21N,EA23D,GA24T,AA25S,TA26S,DA29E,DA30L,NA31V,RA35T,EA36H,RA39E,LA40M",2WPT,"EA14Q,FA15L,KA17T,KA18T,RA21N,EA23D,GA24T,AA25S,TA26S,DA29E,DA30L,NA31V,RA35T,EA36H,RA39E,LA40M",-8.57586669921875,-6.291409969329834,0
"2WPT_EA14Q,FA15L,KA17T,KA18T,RA21N,EA23D,GA24T,AA25S,TA26S,DA29E,DA30L,NA31V,RA35T,EA36H,RA39E,LA40M,DA45S,RA54K,DA55E,DA56G,RA57D,EA58D",2WPT,"EA14Q,FA15L,KA17T,KA18T,RA21N,EA23D,GA24T,AA25S,TA26S,DA29E,DA30L,NA31V,RA35T,EA36H,RA39E,LA40M,DA45S,RA54K,DA55E,DA56G,RA57D,EA58D",-7.97938346862793,-6.270547389984131,0
2WPT_DA30A,2WPT,DA30A,-1.420204520225525,1.2740098237991333,0
2WPT_FB79A,2WPT,FB79A,2.6683247089385986,3.221967935562134,0
"2WPT_DA30A,FB79A",2WPT,"DA30A,FB79A",-0.16468581557273865,3.731309175491333,0
2WPT_NA31A,2WPT,NA31A,-0.13855770230293274,0.9483239054679871,0
2WPT_SB77A,2WPT,SB77A,-0.08617144078016281,-0.03375543653964996,0
"2WPT_SB77A,NA31A",2WPT,"SB77A,NA31A",-0.43725475668907166,0.5785514116287231,0
3U82_IB45A,3U82,IB45A,2.5961403846740723,2.361881971359253,0
"3U82_TB28A,QB29A,EB90A,NB98A",3U82,"TB28A,QB29A,EB90A,NB98A",-1.0106927156448364,0.16594645380973816,0
3BTT_TI13K,3BTT,TI13K,-10.59748363494873,-9.295997619628906,0
3D3V_EE30A,3D3V,EE30A,2.1146318912506104,1.5965949296951294,0
3D3V_YC8A,3D3V,YC8A,3.413588047027588,2.9801321029663086,0
"3D3V_EE30A,YC8A",3D3V,"EE30A,YC8A",3.9009265899658203,3.0800130367279053,0
3D3V_EE30A,3D3V,EE30A,3.2307486534118652,1.5965949296951294,0
3D3V_YC8F,3D3V,YC8F,0.9274752736091614,0.5312561392784119,0
"3D3V_EE30A,YC8F",3D3V,"EE30A,YC8F",2.573496103286743,0.5877875685691833,0
3D3V_LE97A,3D3V,LE97A,2.617166519165039,0.2697770297527313,0
3D3V_YC8A,3D3V,YC8A,3.413588047027588,2.9801321029663086,0
"3D3V_LE97A,YC8A",3D3V,"LE97A,YC8A",4.390338897705078,2.7555930614471436,0
5UFE_GA12D,5UFE,GA12D,-1.2214624881744385,-0.21310174465179443,0
5UFE_GA12D,5UFE,GA12D,-1.3788002729415894,-0.21310174465179443,0
5UFE_GA12C,5UFE,GA12C,-0.3963797688484192,-0.1734819859266281,0
5UFE_GA12V,5UFE,GA12V,-0.7279252409934998,0.1214507520198822,0
5UFE_QB25R,5UFE,QB25R,0.29242265224456787,-0.009013708680868149,0
"5UFE_QB25R,EB33G,DB34G",5UFE,"QB25R,EB33G,DB34G",0.09752010554075241,0.05863284319639206,0
"5UFE_GA12D,QB25R",5UFE,"GA12D,QB25R",-0.9751043915748596,0.008407499641180038,0
5UFE_GA12D,5UFE,GA12D,-1.2214624881744385,-0.21310174465179443,0
"5UFE_GA12D,QB25R,EB33G,DB34G",5UFE,"GA12D,QB25R,EB33G,DB34G",-0.9225372672080994,0.15454864501953125,0
1SGD_DI13L,1SGD,DI13L,-5.66865873336792,-6.507967948913574,0
2GOX_RB31A,2GOX,RB31A,2.2467401027679443,2.2106432914733887,0
2GOX_NB38A,2GOX,NB38A,1.5695295333862305,1.6166988611221313,0
2GOX_RB31A,2GOX,RB31A,1.5196093320846558,2.2106432914733887,0
2GOX_NB38A,2GOX,NB38A,1.3337823152542114,1.6166988611221313,0
3SE4_YA55A,3SE4,YA55A,1.3641711473464966,0.9818431735038757,0
3SE4_LA116A,3SE4,LA116A,0.13220183551311493,0.2098575234413147,0
3SE4_DA117A,3SE4,DA117A,0.13220183551311493,0.35605186223983765,0
3SE4_SA120A,3SE4,SA120A,0.0,0.4143666625022888,0
3SE4_NA140T,3SE4,NA140T,0.4106564223766327,0.3357202410697937,0
3SE4_YA148A,3SE4,YA148A,-0.27845457196235657,0.13420376181602478,0
3SE4_TA166A,3SE4,TA166A,-0.5428582429885864,0.7465510368347168,0
3SE4_FA223A,3SE4,FA223A,1.3641711473464966,1.4825021028518677,0
3SE4_RA226A,3SE4,RA226A,0.30293580889701843,0.45664581656455994,0
3SE4_NA227A,3SE4,NA227A,0.0,-0.013175126165151596,0
3SE4_NA230A,3SE4,NA230A,0.30293580889701843,0.47486162185668945,0
3SE4_FA273A,3SE4,FA273A,0.21086826920509338,0.11994007229804993,0
3SE4_PB27A,3SE4,PB27A,0.04969575256109238,0.20981577038764954,0
3SE4_PB27L,3SE4,PB27L,0.10305897891521454,-0.7105528116226196,0
3SE4_LB31A,3SE4,LB31A,-0.011969134211540222,2.59516978263855,0
3SE4_MB130A,3SE4,MB130A,0.024658843874931335,0.6970794200897217,0
3SE4_KB134A,3SE4,KB134A,-0.03508462756872177,0.7578859925270081,0
3SE4_KB134R,3SE4,KB134R,0.13926894962787628,-0.502296507358551,0
1P6A_YA87S,1P6A,YA87S,1.2527592182159424,1.2710398435592651,0
3SGB_LI12G,3SGB,LI12G,5.003495693206787,4.475182056427002,0
3SGB_LI12A,3SGB,LI12A,2.9891605377197266,3.291813850402832,0
3SGB_LI12S,3SGB,LI12S,4.1582350730896,3.907259225845337,0
3SGB_LI12C,3SGB,LI12C,-0.013389315456151962,2.2703680992126465,0
3SGB_LI12V,3SGB,LI12V,3.0342824459075928,2.777169942855835,0
3SGB_LI12T,3SGB,LI12T,3.2047202587127686,3.193079710006714,0
3SGB_LI12P,3SGB,LI12P,8.445844650268555,7.616878032684326,0
3SGB_LI12I,3SGB,LI12I,4.481256008148193,2.752361536026001,0
3SGB_LI12M,3SGB,LI12M,0.4301895797252655,1.5136903524398804,0
3SGB_LI12N,3SGB,LI12N,3.3998169898986816,2.8207461833953857,0
3SGB_LI12D,3SGB,LI12D,5.66865873336792,6.53334379196167,0
3SGB_LI12K,3SGB,LI12K,3.1820759773254395,3.6900994777679443,0
3SGB_LI12Q,3SGB,LI12Q,2.6035408973693848,2.534576177597046,0
3SGB_LI12E,3SGB,LI12E,5.982758045196533,5.886262893676758,0
3SGB_LI12H,3SGB,LI12H,1.713875651359558,2.7080509662628174,0
3SGB_LI12F,3SGB,LI12F,1.3740181922912598,1.4171128273010254,0
3SGB_LI12R,3SGB,LI12R,3.366955280303955,4.362716197967529,0
3SGB_LI12Y,3SGB,LI12Y,1.6760064363479614,1.7644344568252563,0
3SGB_LI12W,3SGB,LI12W,1.8652080297470093,1.6834481954574585,0
3SGB_AI9G,3SGB,AI9G,2.486466407775879,1.3936346769332886,0
3SGB_AI9S,3SGB,AI9S,0.9109824895858765,0.3388988971710205,0
3SGB_AI9C,3SGB,AI9C,0.04153655096888542,-0.22820773720741272,0
3SGB_AI9V,3SGB,AI9V,-0.7847340703010559,0.4543176293373108,0
3SGB_AI9T,3SGB,AI9T,0.33107247948646545,0.12079736590385437,0
3SGB_AI9P,3SGB,AI9P,0.5527053475379944,2.699420213699341,0
3SGB_AI9L,3SGB,AI9L,0.1687806099653244,-0.12747445702552795,0
3SGB_AI9I,3SGB,AI9I,-0.45318859815597534,0.6494280099868774,0
3SGB_AI9M,3SGB,AI9M,0.0889580100774765,-0.12536053359508514,0
3SGB_AI9N,3SGB,AI9N,-0.08912444859743118,0.15639525651931763,0
3SGB_AI9D,3SGB,AI9D,0.47637805342674255,1.6877809762954712,0
3SGB_AI9K,3SGB,AI9K,2.491424083709717,1.8818899393081665,0
3SGB_AI9Q,3SGB,AI9Q,0.4301895797252655,0.5129010677337646,0
3SGB_AI9E,3SGB,AI9E,0.6714746952056885,0.2983851134777069,0
3SGB_AI9H,3SGB,AI9H,-0.45318859815597534,0.1926575005054474,0
3SGB_AI9F,3SGB,AI9F,-1.1806398630142212,-0.36266028881073,0
3SGB_AI9R,3SGB,AI9R,2.0356457233428955,0.8498042821884155,0
3SGB_AI9Y,3SGB,AI9Y,-1.647277593612671,-0.10602885484695435,0
3SGB_AI9W,3SGB,AI9W,-1.553667664527893,-0.8092337250709534,0
3SGB_TI11G,3SGB,TI11G,5.584234237670898,4.355890274047852,0
3SGB_TI11A,3SGB,TI11A,3.5919625759124756,3.6312668323516846,0
3SGB_TI11S,3SGB,TI11S,2.466209650039673,2.944453001022339,0
3SGB_TI11C,3SGB,TI11C,2.9262657165527344,2.5452628135681152,0
3SGB_TI11V,3SGB,TI11V,2.5478909015655518,2.486832857131958,0
3SGB_TI11P,3SGB,TI11P,3.1820759773254395,4.26853084564209,0
3SGB_TI11L,3SGB,TI11L,2.471339225769043,3.2007503509521484,0
3SGB_TI11I,3SGB,TI11I,1.7529135942459106,2.679399013519287,0
3SGB_TI11M,3SGB,TI11M,2.0356457233428955,2.689753293991089,0
3SGB_TI11N,3SGB,TI11N,3.254415988922119,3.257390260696411,0
3SGB_TI11D,3SGB,TI11D,4.956133842468262,5.882693767547607,0
3SGB_TI11K,3SGB,TI11K,2.0356457233428955,3.497143030166626,0
3SGB_TI11Q,3SGB,TI11Q,2.940316677093506,2.887502908706665,0
3SGB_TI11E,3SGB,TI11E,4.797141075134277,4.142857074737549,0
3SGB_TI11H,3SGB,TI11H,3.5076560974121094,2.339540958404541,0
3SGB_TI11F,3SGB,TI11F,3.63932466506958,2.5109639167785645,0
3SGB_TI11R,3SGB,TI11R,1.9727510213851929,3.759428024291992,0
3SGB_TI11Y,3SGB,TI11Y,3.366955280303955,3.2457358837127686,0
3SGB_TI11W,3SGB,TI11W,3.0342824459075928,2.4074037075042725,0
3SGB_EI13G,3SGB,EI13G,2.104952812194824,2.8397367000579834,0
3SGB_EI13A,3SGB,EI13A,1.0192363262176514,1.7345478534698486,0
3SGB_EI13S,3SGB,EI13S,1.9436081647872925,1.7832461595535278,0
3SGB_EI13C,3SGB,EI13C,1.1746745109558105,1.3005684614181519,0
3SGB_EI13V,3SGB,EI13V,0.1275499165058136,1.4464197158813477,0
3SGB_EI13T,3SGB,EI13T,2.1434850692749023,1.8171085119247437,0
3SGB_EI13P,3SGB,EI13P,2.275153636932373,3.0901901721954346,0
3SGB_EI13L,3SGB,EI13L,0.779313862323761,1.6672807931900024,0
3SGB_EI13I,3SGB,EI13I,-0.6233893632888794,1.5164681673049927,0
3SGB_EI13M,3SGB,EI13M,-0.18949657678604126,1.4645417928695679,0
3SGB_EI13N,3SGB,EI13N,1.1020385026931763,1.504837155342102,0
3SGB_EI13D,3SGB,EI13D,0.5527053475379944,0.8013249635696411,0
3SGB_EI13K,3SGB,EI13K,0.1687806099653244,2.4101462364196777,0
3SGB_EI13Q,3SGB,EI13Q,0.18353120982646942,0.8997809290885925,0
3SGB_EI13H,3SGB,EI13H,0.5260738134384155,1.306946039199829,0
3SGB_EI13F,3SGB,EI13F,1.9436081647872925,2.0308303833007812,0
3SGB_EI13R,3SGB,EI13R,1.275046706199646,2.473445177078247,0
3SGB_EI13Y,3SGB,EI13Y,0.779313862323761,1.6809144020080566,0
3SGB_EI13W,3SGB,EI13W,1.5477023124694824,1.6890500783920288,0
3SGB_YI14G,3SGB,YI14G,2.8423960208892822,3.218510627746582,0
3SGB_YI14A,3SGB,YI14A,1.9436081647872925,2.7158737182617188,0
3SGB_YI14S,3SGB,YI14S,2.0356457233428955,2.5633046627044678,0
3SGB_YI14C,3SGB,YI14C,1.6952435970306396,1.958317518234253,0
3SGB_YI14V,3SGB,YI14V,4.421689987182617,2.426206588745117,0
3SGB_YI14T,3SGB,YI14T,4.871827125549316,1.9540287256240845,0
3SGB_YI14P,3SGB,YI14P,6.276340007781982,4.716929912567139,0
3SGB_YI14L,3SGB,YI14L,1.5761455297470093,0.7238948345184326,0
3SGB_YI14I,3SGB,YI14I,3.5919625759124756,1.8525813817977905,0
3SGB_YI14M,3SGB,YI14M,2.002784252166748,1.3816699981689453,0
3SGB_YI14N,3SGB,YI14N,3.158531904220581,2.331895589828491,0
3SGB_YI14D,3SGB,YI14D,2.9118733406066895,5.259012699127197,0
3SGB_YI14K,3SGB,YI14K,3.432969808578491,2.162976026535034,0
3SGB_YI14Q,3SGB,YI14Q,3.2810475826263428,2.625354528427124,0
3SGB_YI14E,3SGB,YI14E,2.0356457233428955,2.7955031394958496,0
3SGB_YI14H,3SGB,YI14H,1.713875651359558,1.1587470769882202,0
3SGB_YI14F,3SGB,YI14F,0.1687806099653244,0.3085177540779114,0
3SGB_YI14R,3SGB,YI14R,2.7605485916137695,2.3435449600219727,0
3SGB_YI14W,3SGB,YI14W,0.38874247670173645,0.4126238226890564,0
3SGB_RI15G,3SGB,RI15G,1.1071680784225464,1.1928774118423462,0
3SGB_RI15A,3SGB,RI15A,0.053752489387989044,0.8167762160301208,0
3SGB_RI15S,3SGB,RI15S,0.27762654423713684,0.61348956823349,0
3SGB_RI15C,3SGB,RI15C,0.5527053475379944,0.6699187755584717,0
3SGB_RI15V,3SGB,RI15V,-0.023633696138858795,0.45174455642700195,0
3SGB_RI15T,3SGB,RI15T,0.45373380184173584,0.5452997088432312,0
3SGB_RI15P,3SGB,RI15P,7.684475898742676,4.273011684417725,0
3SGB_RI15L,3SGB,RI15L,0.22795669734477997,0.6116926074028015,0
3SGB_RI15I,3SGB,RI15I,0.24351918697357178,0.3296307921409607,0
3SGB_RI15M,3SGB,RI15M,0.1275499165058136,0.3691258132457733,0
3SGB_RI15N,3SGB,RI15N,0.33107247948646545,1.0724831819534302,0
3SGB_RI15D,3SGB,RI15D,0.6386131048202515,0.37593507766723633,0
3SGB_RI15K,3SGB,RI15K,-0.2777929902076721,1.1185222864151,0
3SGB_RI15Q,3SGB,RI15Q,0.04153655096888542,0.558899998664856,0
3SGB_RI15E,3SGB,RI15E,0.6714746952056885,0.8967514038085938,0
3SGB_RI15H,3SGB,RI15H,0.45373380184173584,0.400642454624176,0
3SGB_RI15F,3SGB,RI15F,0.22795669734477997,0.475955069065094,0
3SGB_RI15Y,3SGB,RI15Y,0.29397109150886536,0.771079421043396,0
3SGB_RI15W,3SGB,RI15W,0.31183531880378723,0.3434198498725891,0
3SGB_PI8G,3SGB,PI8G,0.053752489387989044,0.5200656056404114,0
3SGB_PI8A,3SGB,PI8A,-0.18949657678604126,-0.04730232432484627,0
3SGB_PI8S,3SGB,PI8S,0.06572162359952927,-0.8308061361312866,0
3SGB_PI8C,3SGB,PI8C,-0.3274226188659668,-1.3398743867874146,0
3SGB_PI8V,3SGB,PI8V,-0.31041327118873596,-0.5837073922157288,0
3SGB_PI8T,3SGB,PI8T,-0.10867909342050552,-0.4956892132759094,0
3SGB_PI8L,3SGB,PI8L,-0.1413743942975998,-1.7535871267318726,0
3SGB_PI8I,3SGB,PI8I,-0.023633696138858795,-0.9974384903907776,0
3SGB_PI8M,3SGB,PI8M,-0.5005508065223694,-1.1517332792282104,0
3SGB_PI8N,3SGB,PI8N,-0.12480123341083527,-0.6856728792190552,0
3SGB_PI8D,3SGB,PI8D,-1.033098578453064,-0.4383591115474701,0
3SGB_PI8K,3SGB,PI8K,0.11405384540557861,0.002305995672941208,0
3SGB_PI8Q,3SGB,PI8Q,-0.31602898240089417,-0.46395790576934814,0
3SGB_PI8E,3SGB,PI8E,-0.6233893632888794,-0.8270249962806702,0
3SGB_PI8H,3SGB,PI8H,0.27762654423713684,-0.9427775740623474,0
3SGB_PI8F,3SGB,PI8F,-0.3449347913265228,-1.1163370609283447,0
3SGB_PI8R,3SGB,PI8R,0.31183531880378723,0.26230373978614807,0
3SGB_PI8Y,3SGB,PI8Y,-0.40146076679229736,-0.611592710018158,0
3SGB_PI8W,3SGB,PI8W,-0.5005508065223694,-1.2925945520401,0
3SGB_KI7G,3SGB,KI7G,-0.7255579829216003,0.901520848274231,0
3SGB_KI7A,3SGB,KI7A,-2.572140693664551,-0.11248531937599182,0
3SGB_KI7S,3SGB,KI7S,-2.587596893310547,-0.34504401683807373,0
3SGB_KI7C,3SGB,KI7C,-0.5848572254180908,0.0778094083070755,0
3SGB_KI7V,3SGB,KI7V,-0.9551718831062317,0.2502637505531311,0
3SGB_KI7T,3SGB,KI7T,-1.9490283727645874,-0.29729655385017395,0
3SGB_KI7P,3SGB,KI7P,0.0,0.9907266497612,0
3SGB_KI7L,3SGB,KI7L,-1.8173596858978271,-0.12464413046836853,0
3SGB_KI7I,3SGB,KI7I,-1.3446379899978638,0.2248286008834839,0
3SGB_KI7M,3SGB,KI7M,-1.1662476062774658,-0.2548677325248718,0
3SGB_KI7N,3SGB,KI7N,-0.6595435738563538,-0.08655574917793274,0
3SGB_KI7D,3SGB,KI7D,-0.6233893632888794,-0.0971943736076355,0
3SGB_KI7Q,3SGB,KI7Q,-0.6233893632888794,-0.27796128392219543,0
3SGB_KI7E,3SGB,KI7E,0.03220640495419502,-0.17650437355041504,0
3SGB_KI7H,3SGB,KI7H,-0.40146076679229736,0.08071903884410858,0
3SGB_KI7F,3SGB,KI7F,-0.7255579829216003,0.38873565196990967,0
3SGB_KI7R,3SGB,KI7R,-0.6926963925361633,-0.31088748574256897,0
3SGB_KI7Y,3SGB,KI7Y,-0.5848572254180908,0.27906665205955505,0
3SGB_KI7W,3SGB,KI7W,-0.013389315456151962,0.0017027780413627625,0
3SGB_GI26A,3SGB,GI26A,1.2227966785430908,0.041679348796606064,0
3SGB_GI26S,3SGB,GI26S,1.6076903343200684,0.21922335028648376,0
3SGB_GI26C,3SGB,GI26C,2.611656904220581,0.7933079600334167,0
3SGB_GI26V,3SGB,GI26V,2.728342294692993,0.9091356992721558,0
3SGB_GI26T,3SGB,GI26T,3.0342824459075928,1.470953345298767,0
3SGB_GI26P,3SGB,GI26P,1.0968642234802246,-0.09697721898555756,0
3SGB_GI26L,3SGB,GI26L,2.6581475734710693,1.6238815784454346,0
3SGB_GI26I,3SGB,GI26I,4.092513084411621,2.0511720180511475,0
3SGB_GI26M,3SGB,GI26M,2.7940638065338135,1.0921059846878052,0
3SGB_GI26N,3SGB,GI26N,2.275153636932373,0.6861208081245422,0
3SGB_GI26D,3SGB,GI26D,1.62498939037323,2.0225749015808105,0
3SGB_GI26K,3SGB,GI26K,2.5250134468078613,1.7669371366500854,0
3SGB_GI26Q,3SGB,GI26Q,2.956298828125,1.5625675916671753,0
3SGB_GI26E,3SGB,GI26E,1.9727510213851929,1.4766209125518799,0
3SGB_GI26H,3SGB,GI26H,2.738189220428467,-0.7048113942146301,0
3SGB_GI26F,3SGB,GI26F,3.022313356399536,-0.4742691218852997,0
3SGB_GI26R,3SGB,GI26R,3.5076560974121094,2.4223387241363525,0
3SGB_GI26Y,3SGB,GI26Y,3.0961108207702637,-0.18714679777622223,0
3SGB_GI26W,3SGB,GI26W,3.912061929702759,0.1466749906539917,0
3SGB_NI30G,3SGB,NI30G,0.31183531880378723,-0.8987154364585876,0
3SGB_NI30A,3SGB,NI30A,0.33107247948646545,-0.4165470600128174,0
3SGB_NI30S,3SGB,NI30S,0.4089992046356201,-1.2040859460830688,0
3SGB_NI30C,3SGB,NI30C,0.3497045636177063,-0.3339740037918091,0
3SGB_NI30V,3SGB,NI30V,-0.2418758124113083,-0.38744664192199707,0
3SGB_NI30T,3SGB,NI30T,0.009847073815762997,-0.21746455132961273,0
3SGB_NI30P,3SGB,NI30P,0.5794370174407959,-2.2708003520965576,0
3SGB_NI30L,3SGB,NI30L,0.7407817244529724,1.4256421327590942,0
3SGB_NI30I,3SGB,NI30I,0.1979234665632248,0.5822501182556152,0
3SGB_NI30M,3SGB,NI30M,0.1407453864812851,0.7487995028495789,0
3SGB_NI30D,3SGB,NI30D,0.9109824895858765,-2.0645735263824463,0
3SGB_NI30K,3SGB,NI30K,0.5794370174407959,1.7897089719772339,0
3SGB_NI30Q,3SGB,NI30Q,0.24351918697357178,-0.013781808316707611,0
3SGB_NI30E,3SGB,NI30E,0.9627103805541992,0.817537248134613,0
3SGB_NI30H,3SGB,NI30H,-0.12480123341083527,-0.890010416507721,0
3SGB_NI30F,3SGB,NI30F,-0.1413743942975998,0.8925630450248718,0
3SGB_NI30R,3SGB,NI30R,0.5794370174407959,1.396835207939148,0
3SGB_NI30Y,3SGB,NI30Y,-0.10867909342050552,0.847990870475769,0
3SGB_NI30W,3SGB,NI30W,0.5260738134384155,0.47220420837402344,0
"3SGB_TI11K,LI12R",3SGB,"TI11K,LI12R",5.307282447814941,6.753872394561768,0
"3SGB_TI11R,LI12R",3SGB,"TI11R,LI12R",5.55207633972168,6.473352432250977,0
"3SGB_AI9R,LI12R",3SGB,"AI9R,LI12R",5.156419277191162,4.959592342376709,0
"3SGB_AI9R,TI11K,LI12R",3SGB,"AI9R,TI11K,LI12R",6.780235290527344,6.774628639221191,0
"3SGB_AI9R,TI11P,LI12R",3SGB,"AI9R,TI11P,LI12R",8.58305835723877,7.021745204925537,0
"3SGB_PI8S,AI9R,TI11P,LI12R",3SGB,"PI8S,AI9R,TI11P,LI12R",8.229696273803711,6.84450101852417,0
"3SGB_KI7R,AI9R,TI11K,LI12R",3SGB,"KI7R,AI9R,TI11K,LI12R",5.593153476715088,6.612471103668213,0
"3SGB_KI7R,PI8F,AI9R,TI11K,LI12R",3SGB,"KI7R,PI8F,AI9R,TI11K,LI12R",5.736030578613281,6.677361488342285,0
"3SGB_AI9R,TI11K,LI12R,RI15L",3SGB,"AI9R,TI11K,LI12R,RI15L",6.982303142547607,6.947877883911133,0
"3SGB_PI8S,AI9L,TI11K,LI12R",3SGB,"PI8S,AI9L,TI11K,LI12R",4.974817752838135,6.173404693603516,0
"3SGB_AI9R,TI11K,LI12R,EI13S",3SGB,"AI9R,TI11K,LI12R,EI13S",7.194701671600342,6.8023295402526855,0
"3SGB_EI4D,AI9V,TI11P,EI13D,RI15M,NI22S,GI26S,NI39S,SI45R",3SGB,"EI4D,AI9V,TI11P,EI13D,RI15M,NI22S,GI26S,NI39S,SI45R",2.5388455390930176,3.9784743785858154,0
"3SGB_TI11P,LI12K,EI13D,LI17V,SI45N,HI46R",3SGB,"TI11P,LI12K,EI13D,LI17V,SI45N,HI46R",4.833294868469238,6.015757083892822,0
"3SGB_TI11P,LI12K,EI13D,LI17V,SI45N",3SGB,"TI11P,LI12K,EI13D,LI17V,SI45N",4.912168979644775,6.088412761688232,0
"3SGB_TI11P,LI12K,EI13D,LI17V,GI26S,SI45N",3SGB,"TI11P,LI12K,EI13D,LI17V,GI26S,SI45N",5.05522346496582,6.066224575042725,0
"3SGB_EI4G,KI7Q,PI8S,TI11P,LI12Q,EI13D,RI15V,LI17F,GI26S,VI36A,EI37D",3SGB,"EI4G,KI7Q,PI8S,TI11P,LI12Q,EI13D,RI15V,LI17F,GI26S,VI36A,EI37D",4.2332587242126465,6.216919422149658,0
"3SGB_EI4D,YI5H,AI9V,TI11S,RI15M,NI22S,GI26S,NI30D",3SGB,"EI4D,YI5H,AI9V,TI11S,RI15M,NI22S,GI26S,NI30D",4.011033535003662,2.159980058670044,0
"3SGB_EI4D,AI9V,TI11S,RI15M,NI22S,GI26N,NI30D,SI45G",3SGB,"EI4D,AI9V,TI11S,RI15M,NI22S,GI26N,NI30D,SI45G",3.893831253051758,2.457164764404297,0
"3SGB_EI4D,AI9V,TI11S,RI15M,NI22S,GI26S,EI37D",3SGB,"EI4D,AI9V,TI11S,RI15M,NI22S,GI26S,EI37D",3.2047202587127686,3.1095869541168213,0
"3SGB_EI4D,AI9V,TI11S,RI15M,NI22S,GI26S,EI37D,TI43I",3SGB,"EI4D,AI9V,TI11S,RI15M,NI22S,GI26S,EI37D,TI43I",3.0059688091278076,2.979504346847534,0
"3SGB_EI4D,AI9V,TI11S,RI15M,NI22S,GI26S,VI36A,EI37D",3SGB,"EI4D,AI9V,TI11S,RI15M,NI22S,GI26S,VI36A,EI37D",2.6196630001068115,2.9410364627838135,0
"3SGB_EI4D,RI15M,KI23Q,GI26S,NI30S,EI37D",3SGB,"EI4D,RI15M,KI23Q,GI26S,NI30S,EI37D",1.6952435970306396,-0.4484700560569763,0
"3SGB_RI15M,KI23Q,GI26S,EI37D",3SGB,"RI15M,KI23Q,GI26S,EI37D",2.104952812194824,0.6765938401222229,0
"3SGB_EI4D,RI15M,EI37D",3SGB,"EI4D,RI15M,EI37D",0.07745373249053955,0.3475673198699951,0
"3SGB_EI4D,KI7R,AI9D,RI15M,EI37D",3SGB,"EI4D,KI7R,AI9D,RI15M,EI37D",-0.2884680926799774,1.676746129989624,0
"3SGB_EI4D,RI15M,KI28R,EI37D",3SGB,"EI4D,RI15M,KI28R,EI37D",-0.1413743942975998,0.2891424596309662,0
"3SGB_EI4G,LI12M,RI15M,EI37D",3SGB,"EI4G,LI12M,RI15M,EI37D",0.9109824895858765,1.7903908491134644,0
"3SGB_EI4D,LI12M,RI15M,EI37D",3SGB,"EI4D,LI12M,RI15M,EI37D",0.47637805342674255,1.870216727256775,0
"3SGB_EI4D,LI12V,RI15M,GI26D,EI37D",3SGB,"EI4D,LI12V,RI15M,GI26D,EI37D",4.029724597930908,4.576422691345215,0
"3SGB_EI4D,LI12V,RI15M,EI37D",3SGB,"EI4D,LI12V,RI15M,EI37D",3.0342824459075928,3.178088903427124,0
"3SGB_EI4D,TI11R,LI12M,RI15M,EI37D",3SGB,"EI4D,TI11R,LI12M,RI15M,EI37D",2.3834073543548584,5.21458625793457,0
"3SGB_EI4G,LI12M,RI15M,EI37D,KI49E",3SGB,"EI4G,LI12M,RI15M,EI37D,KI49E",0.18353120982646942,1.5277265310287476,0
"3SGB_DI1N,EI4G,LI12M,RI15M,EI37D,KI49E",3SGB,"DI1N,EI4G,LI12M,RI15M,EI37D,KI49E",0.019533153623342514,1.5124634504318237,0
"3SGB_EI4D,AI9V,TI11S,YI14D,RI15M,NI22S,GI26S,EI37D",3SGB,"EI4D,AI9V,TI11S,YI14D,RI15M,NI22S,GI26S,EI37D",4.871827125549316,7.0438666343688965,0
"3SGB_EI4D,AI9V,TI11S,RI15M,NI22S,GI26S,NI30D,EI37D,TI43N",3SGB,"EI4D,AI9V,TI11S,RI15M,NI22S,GI26S,NI30D,EI37D,TI43N",3.3369221687316895,2.2747178077697754,0
"3SGB_EI4D,AI9V,TI11S,RI15M,NI22S,GI26S,NI30D,EI37D",3SGB,"EI4D,AI9V,TI11S,RI15M,NI22S,GI26S,NI30D,EI37D",3.366955280303955,1.8318434953689575,0
"3SGB_EI4D,AI9V,TI11S,RI15M,NI22S,GI26S,NI30D,VI35F,EI37D,TI43S",3SGB,"EI4D,AI9V,TI11S,RI15M,NI22S,GI26S,NI30D,VI35F,EI37D,TI43S",3.307779312133789,2.2402446269989014,0
"3SGB_AI9V,TI11S,RI15M,NI22S,KI23Q,GI26S,KI28E,EI37D",3SGB,"AI9V,TI11S,RI15M,NI22S,KI23Q,GI26S,KI28E,EI37D",4.481256008148193,3.319870710372925,0
"3SGB_EI4D,YI5H,TI11L,LI12Q,YI14Q,RI15K,LI17I,GI26D,NI30S,EI37D",3SGB,"EI4D,YI5H,TI11L,LI12Q,YI14Q,RI15K,LI17I,GI26D,NI30S,EI37D",7.4294352531433105,8.978581428527832,0
"3SGB_EI4D,YI5H,TI11L,LI12Q,YI14Q,RI15K,GI26D,NI30S,EI37D",3SGB,"EI4D,YI5H,TI11L,LI12Q,YI14Q,RI15K,GI26D,NI30S,EI37D",7.459468841552734,9.18067455291748,0
3SGB_LI12M,3SGB,LI12M,0.47637805342674255,1.5136903524398804,0
"3SGB_LI12M,TI43N,KI49T",3SGB,"LI12M,TI43N,KI49T",0.27762654423713684,1.434280276298523,0
"3SGB_NI22S,GI26A",3SGB,"NI22S,GI26A",1.3301128149032593,0.06212466582655907,0
"3SGB_AI9D,GI26A",3SGB,"AI9D,GI26A",1.0810645818710327,0.597027063369751,0
"3SGB_AI9D,GI26A,NI27S",3SGB,"AI9D,GI26A,NI27S",2.1838266849517822,1.0198283195495605,0
3SGB_GI26A,3SGB,GI26A,1.3641711473464966,0.041679348796606064,0
"3SGB_TI11M,LI12S,GI26V",3SGB,"TI11M,LI12S,GI26V",6.909813404083252,7.48703670501709,0
"3SGB_RI15V,LI17I",3SGB,"RI15V,LI17I",0.1687806099653244,0.7132178544998169,0
"3SGB_LI12S,RI15V,LI17I",3SGB,"LI12S,RI15V,LI17I",4.481256008148193,4.732868194580078,0
3SGB_NI22S,3SGB,NI22S,0.009847073815762997,-0.15482988953590393,0
"3SGB_LI12M,LI17V,KI23I,EI37K",3SGB,"LI12M,LI17V,KI23I,EI37K",0.8196556568145752,1.8063462972640991,0
"3SGB_AI9G,LI12M,LI17V,KI23I,EI37K",3SGB,"AI9G,LI12M,LI17V,KI23I,EI37K",3.229379177093506,2.5504987239837646,0
"3SGB_LI12M,NI30D,SI45N",3SGB,"LI12M,NI30D,SI45N",1.0968642234802246,0.17299528419971466,0
"3SGB_EI4D,KI7M,LI12M,LI17V",3SGB,"EI4D,KI7M,LI12M,LI17V",0.07745373249053955,1.168702244758606,0
"3SGB_EI4G,LI12M,YI14S,LI17I,KI23T,GI26S,HI46Y,FI47P,KI49V",3SGB,"EI4G,LI12M,YI14S,LI17I,KI23T,GI26S,HI46Y,FI47P,KI49V",3.6910526752471924,2.8820431232452393,0
"3SGB_AI9T,LI12M",3SGB,"AI9T,LI12M",0.47637805342674255,0.4797038435935974,0
"3SGB_LI12M,TI24S,GI26D",3SGB,"LI12M,TI24S,GI26D",2.3268814086914062,2.9085400104522705,0
"3SGB_LI12I,GI26D",3SGB,"LI12I,GI26D",5.8454270362854,3.533684730529785,0
"3SGB_AI9D,LI12A,YI14D",3SGB,"AI9D,LI12A,YI14D",5.768519878387451,6.980515480041504,0
"3SGB_LI12M,SI45N,HI46R,KI49Q",3SGB,"LI12M,SI45N,HI46R,KI49Q",0.22795669734477997,1.1836267709732056,0
"3SGB_LI12M,HI46R",3SGB,"LI12M,HI46R",0.5010368824005127,1.3049355745315552,0
"3SGB_LI12M,HI46R,KI49E",3SGB,"LI12M,HI46R,KI49E",-0.11668532341718674,0.9383561015129089,0
"3SGB_LI12M,SI45N",3SGB,"LI12M,SI45N",0.45373380184173584,1.315312147140503,0
"3SGB_YI5H,YI14D,TI24I,GI26S,NI30D,VI36L",3SGB,"YI5H,YI14D,TI24I,GI26S,NI30D,VI36L",5.61288595199585,4.206918716430664,0
3SGB_YI14H,3SGB,YI14H,1.4057077169418335,1.1587470769882202,0
"3SGB_LI12M,YI14Q",3SGB,"LI12M,YI14Q",3.776484251022339,2.4382777214050293,0
"3SGB_LI12M,GI26D",3SGB,"LI12M,GI26D",2.275153636932373,3.143561601638794,0
"3SGB_EI4D,TI11L,RI15M,GI26D,NI30S,EI37D,TI43S",3SGB,"EI4D,TI11L,RI15M,GI26D,NI30S,EI37D,TI43S",3.770814895629883,5.695438385009766,0
"3SGB_AI9G,TI11M,LI12M,YI14R,RI15L,GI26N,NI27D,SI45N,KI49E",3SGB,"AI9G,TI11M,LI12M,YI14R,RI15L,GI26N,NI27D,SI45N,KI49E",8.00904655456543,6.997444152832031,0
"3SGB_EI4D,RI15M,LI17F,NI22S,GI26S,EI37D",3SGB,"EI4D,RI15M,LI17F,NI22S,GI26S,EI37D",1.6076903343200684,0.10999232530593872,0
"3SGB_EI4G,KI7Q,TI11S,RI15V,LI17F,GI26S,NI30D,VI36A,EI37D",3SGB,"EI4G,KI7Q,TI11S,RI15V,LI17F,GI26S,NI30D,VI36A,EI37D",3.1820759773254395,0.5213722586631775,0
"3SGB_EI4D,TI11S,EI13D,RI15M,NI22S,GI26S,EI37D,GI48E",3SGB,"EI4D,TI11S,EI13D,RI15M,NI22S,GI26S,EI37D,GI48E",4.671950340270996,4.171737194061279,0
"3SGB_EI4D,AI9V,YI14E,RI15M,EI37D",3SGB,"EI4D,AI9V,YI14E,RI15M,EI37D",1.713875651359558,4.945754528045654,0
"3SGB_EI4D,AI9V,TI11S,RI15M,VI36A,EI37D",3SGB,"EI4D,AI9V,TI11S,RI15M,VI36A,EI37D",1.5049165487289429,2.881304979324341,0
"3SGB_DI1N,EI4D,AI9V,TI11S,EI13L,RI15M,VI36A,EI37D",3SGB,"DI1N,EI4D,AI9V,TI11S,EI13L,RI15M,VI36A,EI37D",2.6392178535461426,3.2099015712738037,0
"3SGB_EI4D,AI9V,YI14D,RI15M,KI23I,GI26H,NI30Y,VI36A,EI37H,LI44F",3SGB,"EI4D,AI9V,YI14D,RI15M,KI23I,GI26H,NI30Y,VI36A,EI37H,LI44F",2.3268814086914062,4.617156505584717,0
"3SGB_EI4D,KI7Q,AI9V,TI11M,LI12G,EI13D,RI15M,NI22S,GI26S,EI37D,SI45N",3SGB,"EI4D,KI7Q,AI9V,TI11M,LI12G,EI13D,RI15M,NI22S,GI26S,EI37D,SI45N",5.824452877044678,6.943700790405273,0
"3SGB_YI5H,EI13D,LI17I,NI22S,GI26S,NI30D,VI36M,EI37D",3SGB,"YI5H,EI13D,LI17I,NI22S,GI26S,NI30D,VI36M,EI37D",2.3268814086914062,-0.8488523364067078,0
"3SGB_EI4D,AI9V,EI13D,RI15M,KI23T,GI26S,EI37D,LI42I",3SGB,"EI4D,AI9V,EI13D,RI15M,KI23T,GI26S,EI37D,LI42I",1.1970338821411133,2.3751399517059326,0
"3SGB_EI4D,AI9V,TI11S,EI13D,RI15M,KI23T,GI26N,NI30I,EI37D,LI42I",3SGB,"EI4D,AI9V,TI11S,EI13D,RI15M,KI23T,GI26N,NI30I,EI37D,LI42I",4.261293888092041,4.32714319229126,0
"3SGB_EI4D,KI7R,AI9V,EI13D,RI15M,GI26S,EI37D,LI42I,KI49R",3SGB,"EI4D,KI7R,AI9V,EI13D,RI15M,GI26S,EI37D,LI42I,KI49R",-0.08147980272769928,2.7363717555999756,0
"3SGB_EI4D,AI9V,EI13D,RI15M,GI26S,EI37D,LI42I,KI49R",3SGB,"EI4D,AI9V,EI13D,RI15M,GI26S,EI37D,LI42I,KI49R",1.0863780975341797,2.7609426975250244,0
"3SGB_AI9D,LI12A",3SGB,"AI9D,LI12A",2.6196630001068115,4.708752155303955,0
"3SGB_TI11P,LI12K,GI26D",3SGB,"TI11P,LI12K,GI26D",6.543062686920166,7.76472282409668,0
"3SGB_TI11P,LI12K",3SGB,"TI11P,LI12K",6.320304870605469,6.684831619262695,0
"3SGB_EI4D,LI12M,RI15M,GI26D,EI37D",3SGB,"EI4D,LI12M,RI15M,GI26D,EI37D",1.9727510213851929,3.803500175476074,0
3SGB_GI26V,3SGB,GI26V,2.9262657165527344,0.9091356992721558,0
3SGB_YI14D,3SGB,YI14D,2.817300319671631,5.259012699127197,0
3SGB_TI11E,3SGB,TI11E,4.460281848907471,4.142857074737549,0
"3SGB_EI4D,LI12F,RI15M,EI37D",3SGB,"EI4D,LI12F,RI15M,EI37D",0.779313862323761,1.2833993434906006,0
3SGB_TI11S,3SGB,TI11S,2.5388455390930176,2.944453001022339,0
3SGB_TI11V,3SGB,TI11V,1.9727510213851929,2.486832857131958,0
3SGB_AI9V,3SGB,AI9V,-0.6595435738563538,0.4543176293373108,0
"3SGB_AI9V,TI11S",3SGB,"AI9V,TI11S",1.6076903343200684,3.35351300239563,0
3SGB_TI11A,3SGB,TI11A,3.229379177093506,3.6312668323516846,0
3SGB_LI12A,3SGB,LI12A,2.956298828125,3.291813850402832,0
3SGB_LI12E,3SGB,LI12E,6.367666721343994,5.886262893676758,0
3SGB_LI12Q,3SGB,LI12Q,2.486466407775879,2.534576177597046,0
"3SGB_AI9R,LI12R",3SGB,"AI9R,LI12R",5.140655517578125,4.959592342376709,0
"3SGB_AI9R,TI11P,LI12R",3SGB,"AI9R,TI11P,LI12R",8.55279541015625,7.021745204925537,0
"3SGB_PI8S,AI9R,TI11P,LI12R",3SGB,"PI8S,AI9R,TI11P,LI12R",8.204559326171875,6.84450101852417,0
"3SGB_KI7T,PI8E,AI9Y",3SGB,"KI7T,PI8E,AI9Y",-3.8578999042510986,-0.5224546790122986,0
"3SGB_KI7T,PI8E,AI9Y,LI12G,RI15M,GI26P,NI30V",3SGB,"KI7T,PI8E,AI9Y,LI12G,RI15M,GI26P,NI30V",1.8472059965133667,4.145388126373291,0
"3SGB_KI7S,PI8D,AI9Y",3SGB,"KI7S,PI8D,AI9Y",-4.137707710266113,-0.3861073851585388,0
"3SGB_KI7S,PI8D,AI9Y,LI12G,EI13I,RI15K",3SGB,"KI7S,PI8D,AI9Y,LI12G,EI13I,RI15K",0.09561484307050705,5.51930570602417,0
3N4I_EA79D,3N4I,EA79D,4.384282112121582,3.6761844158172607,0
1SGQ_GI13L,1SGQ,GI13L,-5.003495693206787,-3.8568034172058105,0
1B2U_AA27K,1B2U,AA27K,-5.046028137207031,-4.339951992034912,0
1B2U_AD36D,1B2U,AD36D,-4.168248653411865,-3.578383445739746,0
"1B2U_AA27K,AD36D",1B2U,"AA27K,AD36D",-9.549198150634766,-7.94457483291626,0
5CYK_EB52R,5CYK,EB52R,-2.6803719997406006,-0.7099846005439758,0
"5CYK_EB52R,EB47D",5CYK,"EB52R,EB47D",-2.3153111934661865,1.2245831489562988,0
"5CYK_EB52R,TB50Q",5CYK,"EB52R,TB50Q",-2.617950916290283,-0.07475978136062622,0
5CYK_EB52A,5CYK,EB52A,-2.1159675121307373,-0.41330355405807495,0
"5CYK_EB52R,VB54W",5CYK,"EB52R,VB54W",-2.1159675121307373,0.098697230219841,0
3EQS_TB1A,3EQS,TB1A,0.39184683561325073,0.3513011634349823,0
3EQS_SB2A,3EQS,SB2A,1.2635140419006348,0.8958104252815247,0
3EQS_FB3A,3EQS,FB3A,5.558497428894043,5.372616291046143,0
3EQS_EB5A,3EQS,EB5A,1.1146223545074463,1.0335787534713745,0
3EQS_YB6A,3EQS,YB6A,3.110555410385132,2.3309500217437744,0
3EQS_WB7A,3EQS,WB7A,6.410199165344238,5.845926284790039,0
3EQS_NB8A,3EQS,NB8A,-1.111736536026001,0.596441924571991,0
3EQS_LB9A,3EQS,LB9A,-0.17043781280517578,0.26998430490493774,0
3EQS_LB10A,3EQS,LB10A,3.3343615531921387,2.510552406311035,0
3EQS_SB11A,3EQS,SB11A,0.11720225214958191,0.5480488538742065,0
1XGR_IB33F,1XGR,IB33F,-1.8012609481811523,-2.0589892864227295,0
1XGR_IB33L,1XGR,IB33L,0.06134288012981415,-0.5105994343757629,0
1XGR_IB33V,1XGR,IB33V,1.108123779296875,1.6690630912780762,0
1XGR_IB33A,1XGR,IB33A,2.261219024658203,2.7788403034210205,0
5XCO_DA13C,5XCO,DA13C,0.8112425804138184,0.8248471617698669,0
5XCO_DA13G,5XCO,DA13G,1.1104871034622192,1.1500910520553589,0
5XCO_PB6A,5XCO,PB6A,1.0790220499038696,0.48339447379112244,0
5XCO_LB7A,5XCO,LB7A,2.74798321723938,1.2506989240646362,0
5XCO_YB8A,5XCO,YB8A,1.3641711473464966,0.4521804451942444,0
5XCO_IB9A,5XCO,IB9A,2.7973828315734863,1.260851502418518,0
5XCO_SB10A,5XCO,SB10A,1.2860103845596313,0.11161747574806213,0
5XCO_YB11A,5XCO,YB11A,1.9003349542617798,0.07799036800861359,0
5XCO_DB12A,5XCO,DB12A,2.7973828315734863,1.0523176193237305,0
5XCO_PB13A,5XCO,PB13A,0.6351353526115417,-0.02450402081012726,0
5XCO_VB14A,5XCO,VB14A,0.0,0.1480974704027176,0
"5XCO_DA13C,PB6A",5XCO,"DA13C,PB6A",2.4099628925323486,0.6732184290885925,0
"5XCO_DA13C,LB7A",5XCO,"DA13C,LB7A",2.7973828315734863,1.8487927913665771,0
"5XCO_DA13C,YB8A",5XCO,"DA13C,YB8A",2.618992567062378,1.2429213523864746,0
"5XCO_DA13C,IB9A",5XCO,"DA13C,IB9A",2.7973828315734863,1.8163981437683105,0
"5XCO_DA13C,SB10A",5XCO,"DA13C,SB10A",2.4643545150756836,0.9600861668586731,0
"5XCO_DA13C,YB11A",5XCO,"DA13C,YB11A",2.7973828315734863,1.0398273468017578,0
"5XCO_DA13C,DB12A",5XCO,"DA13C,DB12A",2.7973828315734863,1.320730209350586,0
"5XCO_DA13C,PB13A",5XCO,"DA13C,PB13A",1.7475835084915161,0.8001826405525208,0
"5XCO_DA13C,VB14A",5XCO,"DA13C,VB14A",0.8599647283554077,1.6078723669052124,0
"5XCO_DA13G,PB6A",5XCO,"DA13G,PB6A",2.4538683891296387,0.738873302936554,0
"5XCO_DA13G,LB7A",5XCO,"DA13G,LB7A",2.7973828315734863,1.707721471786499,0
"5XCO_DA13G,YB8A",5XCO,"DA13G,YB8A",2.7415082454681396,1.3974230289459229,0
"5XCO_DA13G,IB9A",5XCO,"DA13G,IB9A",2.7973828315734863,1.7208592891693115,0
"5XCO_DA13G,SB10A",5XCO,"DA13G,SB10A",2.791428565979004,1.0677343606948853,0
"5XCO_DA13G,YB11A",5XCO,"DA13G,YB11A",2.7973828315734863,1.2539905309677124,0
"5XCO_DA13G,DB12A",5XCO,"DA13G,DB12A",2.7973828315734863,1.2870999574661255,0
"5XCO_DA13G,PB13A",5XCO,"DA13G,PB13A",2.1223227977752686,0.9773839712142944,0
"5XCO_DA13G,VB14A",5XCO,"DA13G,VB14A",1.3228204250335693,1.7201133966445923,0
1IAR_IA5A,1IAR,IA5A,1.171373963356018,0.626868724822998,0
1IAR_IA5R,1IAR,IA5R,0.7960982918739319,0.24667495489120483,0
1IAR_TA6A,1IAR,TA6A,-0.10364440828561783,1.30246102809906,0
1IAR_TA6D,1IAR,TA6D,1.392728567123413,-0.695979654788971,0
1IAR_QA8A,1IAR,QA8A,-0.0223593320697546,0.45268481969833374,0
1IAR_QA8R,1IAR,QA8R,0.038921285420656204,-0.040450625121593475,0
1IAR_EA9Q,1IAR,EA9Q,3.1128292083740234,0.550778329372406,0
1IAR_IA11A,1IAR,IA11A,0.0689675435423851,0.14428628981113434,0
1IAR_KA12S,1IAR,KA12S,-0.01481207087635994,0.5482503771781921,0
1IAR_KA12E,1IAR,KA12E,0.13947127759456635,0.38133010268211365,0
1IAR_TA13A,1IAR,TA13A,0.9785768389701843,0.30833595991134644,0
1IAR_TA13D,1IAR,TA13D,-0.21867252886295319,-1.2267006635665894,0
1IAR_NA15A,1IAR,NA15A,-0.033863615244627,0.07020285725593567,0
1IAR_NA15D,1IAR,NA15D,-0.07806696742773056,-0.23844271898269653,0
1IAR_SA16A,1IAR,SA16A,-0.18275535106658936,0.06410989165306091,0
1IAR_SA16D,1IAR,SA16D,-0.10364440828561783,-0.5770018696784973,0
1IAR_EA19A,1IAR,EA19A,-0.31995680928230286,0.27162349224090576,0
1IAR_EA19R,1IAR,EA19R,-0.11685949563980103,0.19392891228199005,0
1IAR_RA53Q,1IAR,RA53Q,0.8357636332511902,0.5049315094947815,0
1IAR_KA77A,1IAR,KA77A,0.15374791622161865,0.2753864526748657,0
1IAR_KA77E,1IAR,KA77E,0.6118258237838745,0.2819438576698303,0
1IAR_QA78A,1IAR,QA78A,0.1248420923948288,-0.2799728810787201,0
1IAR_QA78E,1IAR,QA78E,0.2450747936964035,-0.21175119280815125,0
1IAR_RA81A,1IAR,RA81A,0.4796239733695984,0.8146788477897644,0
1IAR_RA81E,1IAR,RA81E,1.461734414100647,1.325095772743225,0
1IAR_FA82A,1IAR,FA82A,-0.08647068589925766,2.548596143722534,0
1IAR_FA82D,1IAR,FA82D,-0.5806068181991577,-0.21215415000915527,0
1IAR_KA84A,1IAR,KA84A,0.34497565031051636,1.387264370918274,0
1IAR_KA84D,1IAR,KA84D,1.88009512424469,0.9018605351448059,0
1IAR_RA85A,1IAR,RA85A,0.42688900232315063,2.8409714698791504,0
1IAR_RA85E,1IAR,RA85E,1.2246094942092896,2.498035192489624,0
1IAR_RA88Q,1IAR,RA88Q,2.8289992809295654,2.098679542541504,0
1IAR_RA88A,1IAR,RA88A,3.7547178268432617,2.0422627925872803,0
1IAR_NA89A,1IAR,NA89A,1.5587940216064453,1.4885741472244263,0
1IAR_WA91A,1IAR,WA91A,0.7295286655426025,1.7632137537002563,0
1IAR_WA91D,1IAR,WA91D,1.3066062927246094,-0.044140469282865524,0
3H9S_AA150P,3H9S,AA150P,0.16316837072372437,-0.07208245992660522,0
"1OHZ_SB11A,TB12A",1OHZ,"SB11A,TB12A",0.07970309257507324,0.04243633896112442,0
"1OHZ_SB45A,TB46A",1OHZ,"SB45A,TB46A",0.07970309257507324,1.4480289220809937,0
"1OHZ_SB11A,TB12A,SB45A,TB46A",1OHZ,"SB11A,TB12A,SB45A,TB46A",0.0,1.734349012374878,0
"1OHZ_SB11Q,SB45Q",1OHZ,"SB11Q,SB45Q",2.185483932495117,0.004954520612955093,0
"1OHZ_SB11L,TB12L,SB45Q",1OHZ,"SB11L,TB12L,SB45Q",3.0067968368530273,-0.005552202463150024,0
3SE4_TC36A,3SE4,TC36A,1.3641711473464966,1.695862889289856,0
3SE4_MC38A,3SE4,MC38A,1.6662180423736572,2.818706512451172,0
3SE4_MC38V,3SE4,MC38V,1.165419578552246,2.245032548904419,0
3SE4_SC39A,3SE4,SC39A,0.21190492808818817,0.3330673575401306,0
3SE4_HC68A,3SE4,HC68A,-0.6102371215820312,0.5892350077629089,0
3SE4_EC69A,3SE4,EC69A,1.3641711473464966,2.180084466934204,0
3SE4_VC72A,3SE4,VC72A,1.165419578552246,1.2429128885269165,0
3SE4_IC95A,3SE4,IC95A,1.2093250751495361,1.4728773832321167,0
3SE4_HC172A,3SE4,HC172A,-0.4106564223766327,0.5806978344917297,0
3SE4_PB27A,3SE4,PB27A,-0.17043781280517578,0.20981577038764954,0
3SE4_PB27L,3SE4,PB27L,0.9243718385696411,-0.7105528116226196,0
3SE4_LB31A,3SE4,LB31A,2.728342294692993,2.59516978263855,0
3SE4_MB130A,3SE4,MB130A,0.5728914737701416,0.6970794200897217,0
3SE4_KB134A,3SE4,KB134A,1.774827480316162,0.7578859925270081,0
3SE4_KB134R,3SE4,KB134R,-0.9746220707893372,-0.502296507358551,0
3SE4_EC69A,3SE4,EC69A,1.4014806747436523,2.180084466934204,0
3SE4_KB134A,3SE4,KB134A,1.8023210763931274,0.7578859925270081,0
"3SE4_KB134A,EC69A",3SE4,"KB134A,EC69A",1.9022706747055054,2.2846434116363525,0
3SE4_KB134R,3SE4,KB134R,-0.8983960151672363,-0.502296507358551,0
"3SE4_KB134R,EC69A",3SE4,"KB134R,EC69A",1.4014806747436523,1.4733868837356567,0
2DSQ_RI20A,2DSQ,RI20A,0.06113170459866524,0.09585641324520111,0
2DSQ_RI35A,2DSQ,RI35A,0.6104087829589844,0.4812481701374054,0
2DSQ_RI40A,2DSQ,RI40A,-0.08776002377271652,-0.0034492909908294678,0
2DSQ_RI41A,2DSQ,RI41A,0.08886856585741043,0.4760153889656067,0
1E96_NA26H,1E96,NA26H,1.104526162147522,0.10336774587631226,0
1E96_IA33N,1E96,IA33N,2.043041229248047,-0.41725093126296997,0
1E96_DA38N,1E96,DA38N,2.201974630355835,0.894593358039856,0
1E96_MA45T,1E96,MA45T,0.3660154938697815,0.08263872563838959,0
1E96_KA132E,1E96,KA132E,-0.18986420333385468,0.021529007703065872,0
1E96_LA134R,1E96,LA134R,-0.12744316458702087,0.4247264266014099,0
1X1W_AD81E,1X1W,AD81E,-0.4106564223766327,-0.3246539533138275,0
4P23_KC40A,4P23,KC40A,1.1937333345413208,1.25160551071167,0
4P23_DC56A,4P23,DC56A,0.9917506575584412,0.7977160811424255,0
4P23_QC58A,4P23,QC58A,0.9729411005973816,0.33509737253189087,0
4P23_LC61A,4P23,LC61A,0.9535146951675415,0.793571949005127,0
4P23_QC62A,4P23,QC62A,1.910965919494629,0.1501096785068512,0
4P23_NC63A,4P23,NC63A,1.5119646787643433,1.2432785034179688,0
4P23_VC66A,4P23,VC66A,1.1667990684509277,0.8091738820075989,0
4P23_KC68A,4P23,KC68A,0.6829072833061218,0.5965105891227722,0
4P23_HC69A,4P23,HC69A,0.6170114278793335,0.8705158829689026,0
4P23_VC73A,4P23,VC73A,0.0,0.08682489395141602,0
4P23_KC76A,4P23,KC76A,0.17043781280517578,0.12724438309669495,0
4P23_FD1A,4P23,FD1A,0.0,0.014814093708992004,0
4P23_ED2A,4P23,ED2A,1.1667990684509277,0.5780813097953796,0
4P23_QD4A,4P23,QD4A,0.6829072833061218,1.1305373907089233,0
4P23_KD5A,4P23,KD5A,2.2306222915649414,1.290984034538269,0
4P23_KD7A,4P23,KD7A,2.5683443546295166,1.7461925745010376,0
4P23_ND9A,4P23,ND9A,0.0,0.08092077076435089,0
4P23_KD10A,4P23,KD10A,0.09132687747478485,0.35481947660446167,0
4P23_VD12A,4P23,VD12A,0.0,0.38627955317497253,0
4P23_DD13A,4P23,DD13A,0.17043781280517578,0.0338793620467186,0
4P23_ED68A,4P23,ED68A,0.09132687747478485,0.06930817663669586,0
4P23_YD69A,4P23,YD69A,0.2402186095714569,-0.04910329356789589,0
4P23_SD72A,4P23,SD72A,0.0,0.1404547393321991,0
4P23_QD73A,4P23,QD73A,0.17043781280517578,0.11854195594787598,0
4P23_PD74A,4P23,PD74A,0.09132687747478485,-0.0051561929285526276,0
4P23_ED75A,4P23,ED75A,0.17043781280517578,0.3481253981590271,0
4P23_ID76A,4P23,ID76A,0.17043781280517578,0.4915478229522705,0
4P23_ED78A,4P23,ED78A,0.17043781280517578,0.49930375814437866,0
4P23_RD79A,4P23,RD79A,2.0715129375457764,1.3412374258041382,0
4P23_RD81A,4P23,RD81A,0.09132687747478485,-0.10270467400550842,0
4P23_DD85A,4P23,DD85A,0.09132687747478485,0.07784324884414673,0
4P23_TD86A,4P23,TD86A,0.0,0.5405672788619995,0
4P23_RD89A,4P23,RD89A,0.09132687747478485,0.08452190458774567,0
4P23_HD90A,4P23,HD90A,0.17043781280517578,0.7585127949714661,0
4P23_ED93A,4P23,ED93A,0.09132687747478485,-0.08454780280590057,0
"3BE1_DL28N,PL30A,RL31K,SL32T,YL57F,TL97S,TL98S",3BE1,"DL28N,PL30A,RL31K,SL32T,YL57F,TL97S,TL98S",-0.8687343001365662,0.07530887424945831,0
"3BE1_DL28N,PL30A,RL31K,SL32T,YL57F,TL97S,TL98S,KH30S,DH31G,TH54S,NH55E,GH100V,DH102V",3BE1,"DL28N,PL30A,RL31K,SL32T,YL57F,TL97S,TL98S,KH30S,DH31G,TH54S,NH55E,GH100V,DH102V",-2.8837804794311523,-1.046807885169983,0
"3BE1_DL28N,PL30A,RL31K,SL32T,TL97S,TL98S",3BE1,"DL28N,PL30A,RL31K,SL32T,TL97S,TL98S",-0.6750600934028625,-0.08425728976726532,0
"3BE1_DL28N,PL30A,RL31K,SL32T,TL97S,TL98S,KH30S,DH31G,TH54S,NH55E,GH100V,DH102V",3BE1,"DL28N,PL30A,RL31K,SL32T,TL97S,TL98S,KH30S,DH31G,TH54S,NH55E,GH100V,DH102V",-2.728342294692993,-1.2955671548843384,0
"3BE1_DL28N,PL30A,RL31K,SL32T,TL97S,TL98S,KH30S,DH31G,TH54S,NH55E,GH100V,DH102V,YL36A",3BE1,"DL28N,PL30A,RL31K,SL32T,TL97S,TL98S,KH30S,DH31G,TH54S,NH55E,GH100V,DH102V,YL36A",-3.1389987468719482,-0.004732552915811539,0
"3BE1_DL28N,PL30A,RL31K,SL32T,TL97S,TL98S,KH30S,DH31G,TH54S,NH55E,GH100V,DH102V,YL36A,IL33A",3BE1,"DL28N,PL30A,RL31K,SL32T,TL97S,TL98S,KH30S,DH31G,TH54S,NH55E,GH100V,DH102V,YL36A,IL33A",-2.728342294692993,0.39405161142349243,0
1NMB_DH57N,1NMB,DH57N,2.9549508094787598,0.23239243030548096,0
1NMB_DH57E,1NMB,DH57E,2.9549508094787598,0.13328932225704193,0
1NMB_YH103A,1NMB,YH103A,2.141578435897827,0.8188188672065735,0
1NMB_YH105F,1NMB,YH105F,1.4200456142425537,0.6387802362442017,0
1NMB_YL32F,1NMB,YL32F,0.466530978679657,0.5007402300834656,0
1NMB_TL93F,1NMB,TL93F,-0.02391386404633522,-0.6873738169670105,0
1NMB_TL93W,1NMB,TL93W,0.18427251279354095,-0.7862586975097656,0
1NMB_LL94V,1NMB,LL94V,0.9004237651824951,0.2504376769065857,0
5UFQ_DA12G,5UFQ,DA12G,1.2214624881744385,0.5907041430473328,0
5UFQ_DA12G,5UFQ,DA12G,1.3788002729415894,0.5907041430473328,0
5UFQ_DA12C,5UFQ,DA12C,0.9824205040931702,0.30712586641311646,0
5UFQ_DA12V,5UFQ,DA12V,0.6508750319480896,0.6277316212654114,0
"5UFQ_DA12G,QC25R,KC55G",5UFQ,"DA12G,QC25R,KC55G",1.5138851404190063,-0.44357606768608093,0
5UFQ_DA12G,5UFQ,DA12G,1.2214624881744385,0.5907041430473328,0
"5UFQ_QC25R,KC55G",5UFQ,"QC25R,KC55G",0.24635806679725647,-0.637580931186676,0
1R0R_LI13G,1R0R,LI13G,2.352891206741333,3.554145097732544,0
1R0R_LI13A,1R0R,LI13A,0.31460878252983093,1.9576829671859741,0
1R0R_LI13S,1R0R,LI13S,1.5712368488311768,2.668671131134033,0
1R0R_LI13C,1R0R,LI13C,-1.3463069200515747,0.5966514945030212,0
1R0R_LI13V,1R0R,LI13V,2.1565780639648438,2.905669927597046,0
1R0R_LI13T,1R0R,LI13T,0.15976271033287048,3.0478291511535645,0
1R0R_LI13P,1R0R,LI13P,7.687726974487305,6.701050281524658,0
1R0R_LI13I,1R0R,LI13I,3.2540266513824463,3.092682123184204,0
1R0R_LI13M,1R0R,LI13M,-0.5162599682807922,0.5065312385559082,0
1R0R_LI13N,1R0R,LI13N,1.500389575958252,0.9149616360664368,0
1R0R_LI13D,1R0R,LI13D,4.539323806762695,4.901166915893555,0
1R0R_LI13K,1R0R,LI13K,3.345353603363037,3.070528745651245,0
1R0R_LI13Q,1R0R,LI13Q,0.5696492195129395,2.604396104812622,0
1R0R_LI13E,1R0R,LI13E,2.177367925643921,3.8375840187072754,0
1R0R_LI13H,1R0R,LI13H,0.5696492195129395,1.24125075340271,0
1R0R_LI13F,1R0R,LI13F,0.6170114278793335,0.11977088451385498,0
1R0R_LI13R,1R0R,LI13R,2.935408115386963,4.128993511199951,0
1R0R_LI13Y,1R0R,LI13Y,0.44681063294410706,-0.08319024741649628,0
1R0R_LI13W,1R0R,LI13W,1.5239337682724,-0.011035490781068802,0
1R0R_AI10G,1R0R,AI10G,1.111736536026001,0.7913384437561035,0
1R0R_AI10S,1R0R,AI10S,1.7416746616363525,0.2670704424381256,0
1R0R_AI10C,1R0R,AI10C,-0.4834676682949066,-0.4696272015571594,0
1R0R_AI10V,1R0R,AI10V,-0.9535146951675415,1.0330044031143188,0
1R0R_AI10T,1R0R,AI10T,1.2681235074996948,-0.03129715844988823,0
1R0R_AI10P,1R0R,AI10P,3.345353603363037,2.1435956954956055,0
1R0R_AI10L,1R0R,AI10L,-1.7550112009048462,-0.48594993352890015,0
1R0R_AI10I,1R0R,AI10I,-1.7995165586471558,0.5898354649543762,0
1R0R_AI10M,1R0R,AI10M,-1.7396219968795776,-0.23894962668418884,0
1R0R_AI10N,1R0R,AI10N,2.0894362926483154,-0.18998479843139648,0
1R0R_AI10D,1R0R,AI10D,5.228435039520264,0.5357325077056885,0
1R0R_AI10K,1R0R,AI10K,3.072984218597412,1.168483853340149,0
1R0R_AI10Q,1R0R,AI10Q,1.8109817504882812,0.7409931421279907,0
1R0R_AI10E,1R0R,AI10E,4.577856063842773,0.3867129683494568,0
1R0R_AI10H,1R0R,AI10H,1.774827480316162,0.30039870738983154,0
1R0R_AI10F,1R0R,AI10F,-2.24299955368042,-0.3419482111930847,0
1R0R_AI10R,1R0R,AI10R,5.530481815338135,1.1997523307800293,0
1R0R_AI10Y,1R0R,AI10Y,-0.8384865522384644,-0.4715808033943176,0
1R0R_AI10W,1R0R,AI10W,0.20706579089164734,-1.0741554498672485,0
1R0R_TI12G,1R0R,TI12G,3.1389987468719482,3.462146043777466,0
1R0R_TI12A,1R0R,TI12A,1.1732311248779297,3.095776319503784,0
1R0R_TI12S,1R0R,TI12S,0.8897486925125122,2.5098536014556885,0
1R0R_TI12C,1R0R,TI12C,0.8131969571113586,2.179765462875366,0
1R0R_TI12V,1R0R,TI12V,0.937170147895813,2.396022319793701,0
1R0R_TI12P,1R0R,TI12P,4.94998025894165,3.917250156402588,0
1R0R_TI12L,1R0R,TI12L,0.6687392592430115,2.1025941371917725,0
1R0R_TI12I,1R0R,TI12I,0.25873422622680664,2.2000136375427246,0
1R0R_TI12M,1R0R,TI12M,1.331018328666687,2.2599198818206787,0
1R0R_TI12N,1R0R,TI12N,0.017864227294921875,2.914337158203125,0
1R0R_TI12D,1R0R,TI12D,2.8881049156188965,4.582612037658691,0
1R0R_TI12K,1R0R,TI12K,1.933820366859436,3.2543375492095947,0
1R0R_TI12Q,1R0R,TI12Q,2.2216382026672363,2.819957733154297,0
1R0R_TI12E,1R0R,TI12E,3.2136850357055664,3.1448183059692383,0
1R0R_TI12H,1R0R,TI12H,0.5256845355033875,2.5144917964935303,0
1R0R_TI12F,1R0R,TI12F,-0.06601439416408539,2.342236280441284,0
1R0R_TI12R,1R0R,TI12R,3.345353603363037,3.398529291152954,0
1R0R_TI12Y,1R0R,TI12Y,-0.8788283467292786,2.7884929180145264,0
1R0R_TI12W,1R0R,TI12W,2.935408115386963,2.4835758209228516,0
1R0R_EI14G,1R0R,EI14G,2.7119977474212646,2.723783254623413,0
1R0R_EI14A,1R0R,EI14A,2.0894362926483154,2.0900332927703857,0
1R0R_EI14S,1R0R,EI14S,3.1751527786254883,2.708345651626587,0
1R0R_EI14C,1R0R,EI14C,2.371582269668579,1.8875399827957153,0
1R0R_EI14V,1R0R,EI14V,0.0947713777422905,1.4203215837478638,0
1R0R_EI14T,1R0R,EI14T,4.2522759437561035,0.9410738348960876,0
1R0R_EI14P,1R0R,EI14P,3.76448392868042,3.4918277263641357,0
1R0R_EI14L,1R0R,EI14L,0.5696492195129395,1.4562917947769165,0
1R0R_EI14I,1R0R,EI14I,0.7369973063468933,1.8881453275680542,0
1R0R_EI14M,1R0R,EI14M,1.5712368488311768,0.6285035014152527,0
1R0R_EI14N,1R0R,EI14N,2.118342161178589,1.7403322458267212,0
1R0R_EI14D,1R0R,EI14D,0.25873422622680664,1.3316618204116821,0
1R0R_EI14K,1R0R,EI14K,2.7119977474212646,2.0833301544189453,0
1R0R_EI14Q,1R0R,EI14Q,1.2821743488311768,1.1587351560592651,0
1R0R_EI14H,1R0R,EI14H,1.7088130712509155,1.0942684412002563,0
1R0R_EI14F,1R0R,EI14F,3.618090867996216,1.5032145977020264,0
1R0R_EI14R,1R0R,EI14R,2.0894362926483154,2.316110372543335,0
1R0R_EI14Y,1R0R,EI14Y,1.8898556232452393,1.0996516942977905,0
1R0R_EI14W,1R0R,EI14W,1.8495138883590698,0.8274538516998291,0
1R0R_YI15G,1R0R,YI15G,6.402083396911621,3.3305723667144775,0
1R0R_YI15A,1R0R,YI15A,5.474548816680908,2.681108236312866,0
1R0R_YI15S,1R0R,YI15S,5.162713527679443,2.5794732570648193,0
1R0R_YI15C,1R0R,YI15C,3.2540266513824463,1.9745374917984009,0
1R0R_YI15V,1R0R,YI15V,3.5100741386413574,2.7436556816101074,0
1R0R_YI15T,1R0R,YI15T,5.474548816680908,2.7163312435150146,0
1R0R_YI15P,1R0R,YI15P,6.6544342041015625,5.617593288421631,0
1R0R_YI15L,1R0R,YI15L,2.5751163959503174,1.2120290994644165,0
1R0R_YI15I,1R0R,YI15I,2.864560604095459,2.5031840801239014,0
1R0R_YI15M,1R0R,YI15M,3.1389987468719482,1.724193811416626,0
1R0R_YI15N,1R0R,YI15N,5.6164469718933105,2.3679168224334717,0
1R0R_YI15D,1R0R,YI15D,5.7712931632995605,5.394278049468994,0
1R0R_YI15K,1R0R,YI15K,5.512417793273926,2.582092046737671,0
1R0R_YI15Q,1R0R,YI15Q,4.503169536590576,3.149733781814575,0
1R0R_YI15E,1R0R,YI15E,4.618197917938232,3.2595300674438477,0
1R0R_YI15H,1R0R,YI15H,3.4711196422576904,1.443302035331726,0
1R0R_YI15F,1R0R,YI15F,0.6170114278793335,0.11942620575428009,0
1R0R_YI15R,1R0R,YI15R,4.470016956329346,2.6765847206115723,0
1R0R_YI15W,1R0R,YI15W,-0.3641657531261444,0.5892468094825745,0
1R0R_RI16G,1R0R,RI16G,2.0894362926483154,0.8263917565345764,0
1R0R_RI16A,1R0R,RI16A,-0.09604763239622116,0.5423287749290466,0
1R0R_RI16S,1R0R,RI16S,-0.01634453982114792,0.27713826298713684,0
1R0R_RI16C,1R0R,RI16C,0.11502811312675476,0.3936786651611328,0
1R0R_RI16V,1R0R,RI16V,0.11502811312675476,-0.34332484006881714,0
1R0R_RI16T,1R0R,RI16T,0.3446420133113861,0.11743918061256409,0
1R0R_RI16P,1R0R,RI16P,7.390504837036133,4.7340922355651855,0
1R0R_RI16L,1R0R,RI16L,0.23210270702838898,0.36377015709877014,0
1R0R_RI16I,1R0R,RI16I,0.20706579089164734,0.3417854905128479,0
1R0R_RI16M,1R0R,RI16M,0.44681063294410706,0.019085347652435303,0
1R0R_RI16N,1R0R,RI16N,-0.050451911985874176,0.562367856502533,0
1R0R_RI16D,1R0R,RI16D,-0.17991724610328674,0.1565195769071579,0
1R0R_RI16K,1R0R,RI16K,-0.09604763239622116,1.07855224609375,0
1R0R_RI16Q,1R0R,RI16Q,0.182406947016716,0.10670685768127441,0
1R0R_RI16E,1R0R,RI16E,0.3446420133113861,0.6324320435523987,0
1R0R_RI16H,1R0R,RI16H,0.5256845355033875,0.05865861102938652,0
1R0R_RI16F,1R0R,RI16F,0.44681063294410706,0.2622148096561432,0
1R0R_RI16Y,1R0R,RI16Y,0.8233245611190796,0.408390611410141,0
1R0R_RI16W,1R0R,RI16W,0.94539874792099,0.2744784653186798,0
1R0R_PI9G,1R0R,PI9G,-0.34582212567329407,0.26982396841049194,0
1R0R_PI9A,1R0R,PI9A,-0.6389058828353882,0.01512400433421135,0
1R0R_PI9S,1R0R,PI9S,0.13621847331523895,-0.5385743975639343,0
1R0R_PI9C,1R0R,PI9C,-0.9866675138473511,-1.3634344339370728,0
1R0R_PI9V,1R0R,PI9V,1.331018328666687,-0.5922391414642334,0
1R0R_PI9T,1R0R,PI9T,1.1977499723434448,-0.5637068152427673,0
1R0R_PI9L,1R0R,PI9L,1.1842538118362427,-1.697888731956482,0
1R0R_PI9I,1R0R,PI9I,1.7416746616363525,-0.9293033480644226,0
1R0R_PI9M,1R0R,PI9M,-0.03315281495451927,-1.2822765111923218,0
1R0R_PI9N,1R0R,PI9N,-0.9173604846000671,-1.1472941637039185,0
1R0R_PI9D,1R0R,PI9D,-2.5212764739990234,-0.650664210319519,0
1R0R_PI9K,1R0R,PI9K,0.3446420133113861,-0.12665733695030212,0
1R0R_PI9Q,1R0R,PI9Q,-1.4146230220794678,-0.4728912115097046,0
1R0R_PI9E,1R0R,PI9E,-2.24299955368042,-1.1153794527053833,0
1R0R_PI9H,1R0R,PI9H,-0.216517373919487,-0.9442991614341736,0
1R0R_PI9F,1R0R,PI9F,1.3820353746414185,-1.220438838005066,0
1R0R_PI9R,1R0R,PI9R,1.10240638256073,-0.13741588592529297,0
1R0R_PI9Y,1R0R,PI9Y,0.8574670553207397,-0.8361565470695496,0
1R0R_PI9W,1R0R,PI9W,0.48534274101257324,-1.4025081396102905,0
1R0R_KI8G,1R0R,KI8G,-0.8384865522384644,1.0035896301269531,0
1R0R_KI8A,1R0R,KI8A,-0.6100000739097595,0.24598388373851776,0
1R0R_KI8S,1R0R,KI8S,-0.3073604106903076,0.055552370846271515,0
1R0R_KI8C,1R0R,KI8C,-0.6156694889068604,0.21004915237426758,0
1R0R_KI8V,1R0R,KI8V,0.4106564223766327,0.698624312877655,0
1R0R_KI8T,1R0R,KI8T,0.8897486925125122,0.2547529637813568,0
1R0R_KI8P,1R0R,KI8P,1.347826600074768,1.8210879564285278,0
1R0R_KI8L,1R0R,KI8L,-0.32802942395210266,-0.2123170793056488,0
1R0R_KI8I,1R0R,KI8I,1.1239525079727173,0.5842620134353638,0
1R0R_KI8M,1R0R,KI8M,-0.5612779259681702,-0.6334824562072754,0
1R0R_KI8N,1R0R,KI8N,-0.3908401131629944,-0.2092440277338028,0
1R0R_KI8D,1R0R,KI8D,-0.5933101773262024,0.006384056061506271,0
1R0R_KI8Q,1R0R,KI8Q,-0.5308891534805298,-0.029769975692033768,0
1R0R_KI8E,1R0R,KI8E,-0.11043988913297653,-0.20404525101184845,0
1R0R_KI8H,1R0R,KI8H,-0.5933101773262024,-0.07433053851127625,0
1R0R_KI8F,1R0R,KI8F,-0.7945218682289124,0.09958803653717041,0
1R0R_KI8R,1R0R,KI8R,0.13621847331523895,-0.4720713496208191,0
1R0R_KI8Y,1R0R,KI8Y,-0.6954318284988403,0.059183817356824875,0
1R0R_KI8W,1R0R,KI8W,-1.10543692111969,-0.14775939285755157,0
1R0R_GI27A,1R0R,GI27A,1.29815673828125,0.3665478825569153,0
1R0R_GI27S,1R0R,GI27S,0.9117754697799683,0.7596248388290405,0
1R0R_GI27C,1R0R,GI27C,1.4199045896530151,0.4654940962791443,0
1R0R_GI27V,1R0R,GI27V,1.933820366859436,1.5946004390716553,0
1R0R_GI27T,1R0R,GI27T,1.6787798404693604,1.5933254957199097,0
1R0R_GI27P,1R0R,GI27P,1.0800471305847168,0.7752973437309265,0
1R0R_GI27L,1R0R,GI27L,2.4107375144958496,1.7638202905654907,0
1R0R_GI27I,1R0R,GI27I,1.98118257522583,2.0069375038146973,0
1R0R_GI27M,1R0R,GI27M,2.1565780639648438,1.3949249982833862,0
1R0R_GI27N,1R0R,GI27N,1.2821743488311768,1.0591168403625488,0
1R0R_GI27D,1R0R,GI27D,2.8881049156188965,2.5865533351898193,0
1R0R_GI27K,1R0R,GI27K,2.935408115386963,1.9681979417800903,0
1R0R_GI27Q,1R0R,GI27Q,2.0329103469848633,2.126063346862793,0
1R0R_GI27E,1R0R,GI27E,1.98118257522583,1.6161435842514038,0
1R0R_GI27H,1R0R,GI27H,2.192495346069336,-0.3585517406463623,0
1R0R_GI27F,1R0R,GI27F,0.11502811312675476,0.12259328365325928,0
1R0R_GI27R,1R0R,GI27R,3.4711196422576904,2.8957979679107666,0
1R0R_GI27Y,1R0R,GI27Y,0.48534274101257324,0.5299036502838135,0
1R0R_GI27W,1R0R,GI27W,1.4012725353240967,0.6561741232872009,0
1R0R_NI31G,1R0R,NI31G,0.28546592593193054,-0.7237058281898499,0
1R0R_NI31A,1R0R,NI31A,-0.03315281495451927,-0.08721993863582611,0
1R0R_NI31S,1R0R,NI31S,0.48534274101257324,-0.41380491852760315,0
1R0R_NI31C,1R0R,NI31C,0.5696492195129395,-0.20153212547302246,0
1R0R_NI31V,1R0R,NI31V,0.6687392592430115,0.15188035368919373,0
1R0R_NI31T,1R0R,NI31T,0.5696492195129395,-0.03465478494763374,0
1R0R_NI31P,1R0R,NI31P,1.4791991710662842,-1.237465262413025,0
1R0R_NI31L,1R0R,NI31L,1.546578049659729,1.0762664079666138,0
1R0R_NI31I,1R0R,NI31I,0.31460878252983093,0.3011012375354767,0
1R0R_NI31M,1R0R,NI31M,0.31460878252983093,0.14876526594161987,0
1R0R_NI31D,1R0R,NI31D,0.5696492195129395,-1.3881341218948364,0
1R0R_NI31K,1R0R,NI31K,1.1476536989212036,1.6206258535385132,0
1R0R_NI31Q,1R0R,NI31Q,-0.27443793416023254,0.2612166106700897,0
1R0R_NI31E,1R0R,NI31E,-0.20501308143138885,0.343843549489975,0
1R0R_NI31H,1R0R,NI31H,0.28546592593193054,-0.4104427695274353,0
1R0R_NI31F,1R0R,NI31F,-0.17991724610328674,1.2459609508514404,0
1R0R_NI31R,1R0R,NI31R,1.4589425325393677,1.4291828870773315,0
1R0R_NI31Y,1R0R,NI31Y,0.182406947016716,1.1811490058898926,0
1R0R_NI31W,1R0R,NI31W,0.05573347210884094,1.10871160030365,0
"1R0R_TI12K,LI13R",1R0R,"TI12K,LI13R",5.259514808654785,6.478431224822998,0
"1R0R_TI12R,LI13R",1R0R,"TI12R,LI13R",6.506483554840088,6.293831825256348,0
"1R0R_AI10R,LI13R",1R0R,"AI10R,LI13R",7.752178192138672,4.121704578399658,0
"1R0R_AI10R,TI12K,LI13R",1R0R,"AI10R,TI12K,LI13R",9.314399719238281,5.970856189727783,0
"1R0R_PI9S,AI10L,TI12K,LI13R",1R0R,"PI9S,AI10L,TI12K,LI13R",4.892764091491699,4.856746196746826,0
"1R0R_EI5D,AI10V,TI12P,EI14D,RI16M,NI23S,GI27S,NI40S,SI46R",1R0R,"EI5D,AI10V,TI12P,EI14D,RI16M,NI23S,GI27S,NI40S,SI46R",4.94042444229126,4.326959133148193,0
"1R0R_TI12P,LI13K,EI14D,LI18V,SI46N",1R0R,"TI12P,LI13K,EI14D,LI18V,SI46N",7.546120643615723,4.869543552398682,0
"1R0R_TI12P,LI13K,EI14D,LI18V,GI27S,SI46N",1R0R,"TI12P,LI13K,EI14D,LI18V,GI27S,SI46N",7.678322792053223,5.579719066619873,0
"1R0R_EI5G,KI8Q,PI9S,TI12P,LI13Q,EI14D,RI16V,LI18F,GI27S,VI37A,EI38D",1R0R,"EI5G,KI8Q,PI9S,TI12P,LI13Q,EI14D,RI16V,LI18F,GI27S,VI37A,EI38D",3.5714170932769775,5.67091703414917,0
"1R0R_EI5D,YI6H,AI10V,TI12S,RI16M,NI23S,GI27S,NI31D",1R0R,"EI5D,YI6H,AI10V,TI12S,RI16M,NI23S,GI27S,NI31D",0.3446420133113861,2.5269510746002197,0
"1R0R_AI10V,TI12S,LI13P,RI16M,NI23S,GI27N,NI31D,NI34S,SI46G",1R0R,"AI10V,TI12S,LI13P,RI16M,NI23S,GI27N,NI31D,NI34S,SI46G",9.231593132019043,6.750154972076416,0
"1R0R_EI5D,AI10V,TI12S,RI16M,NI23S,GI27N,NI31D,SI46G",1R0R,"EI5D,AI10V,TI12S,RI16M,NI23S,GI27N,NI31D,SI46G",0.48534274101257324,2.5806498527526855,0
"1R0R_EI5D,AI10V,TI12S,RI16M,NI23S,GI27S,EI38D",1R0R,"EI5D,AI10V,TI12S,RI16M,NI23S,GI27S,EI38D",0.20706579089164734,3.1250193119049072,0
"1R0R_VI1I,EI5D,AI10V,TI12S,RI16M,NI23S,GI27S,EI38D,TI44I",1R0R,"VI1I,EI5D,AI10V,TI12S,RI16M,NI23S,GI27S,EI38D,TI44I",0.28546592593193054,2.9433979988098145,0
"1R0R_EI5D,AI10V,TI12S,RI16M,NI23S,GI27S,VI37A,EI38D",1R0R,"EI5D,AI10V,TI12S,RI16M,NI23S,GI27S,VI37A,EI38D",-0.050451911985874176,2.9521126747131348,0
"1R0R_EI5D,RI16M,KI24Q,GI27S,NI31S,EI38D",1R0R,"EI5D,RI16M,KI24Q,GI27S,NI31S,EI38D",0.6687392592430115,0.878102719783783,0
"1R0R_RI16M,KI24Q,GI27S,EI38D",1R0R,"RI16M,KI24Q,GI27S,EI38D",1.111736536026001,0.9138407707214355,0
"1R0R_EI5D,RI16M,EI38D",1R0R,"EI5D,RI16M,EI38D",0.4106564223766327,0.14169181883335114,0
"1R0R_EI5D,KI8R,AI10D,RI16M,EI38D",1R0R,"EI5D,KI8R,AI10D,RI16M,EI38D",5.7712931632995605,0.7725702524185181,0
"1R0R_EI5D,RI16M,KI29R,EI38D",1R0R,"EI5D,RI16M,KI29R,EI38D",-0.08199673146009445,0.2587270438671112,0
"1R0R_EI5G,LI13M,RI16M,EI38D",1R0R,"EI5G,LI13M,RI16M,EI38D",-0.2402186095714569,1.5382001399993896,0
"1R0R_EI5D,LI13M,RI16M,EI38D",1R0R,"EI5D,LI13M,RI16M,EI38D",-0.2402186095714569,1.585692048072815,0
"1R0R_EI5D,LI13V,RI16M,GI27D,EI38D",1R0R,"EI5D,LI13V,RI16M,GI27D,EI38D",4.6621623039245605,5.442586421966553,0
"1R0R_EI5D,LI13V,RI16M,EI38D",1R0R,"EI5D,LI13V,RI16M,EI38D",2.3825201988220215,3.646131753921509,0
"1R0R_EI5D,TI12R,LI13M,RI16M,EI38D",1R0R,"EI5D,TI12R,LI13M,RI16M,EI38D",3.3970813751220703,4.521176815032959,0
"1R0R_EI5G,LI13M,RI16M,EI38D,KI50E",1R0R,"EI5G,LI13M,RI16M,EI38D,KI50E",-0.6954318284988403,1.2250045537948608,0
"1R0R_DI2N,EI5G,LI13M,RI16M,EI38D,KI50E",1R0R,"DI2N,EI5G,LI13M,RI16M,EI38D,KI50E",-1.0495623350143433,1.355242371559143,0
"1R0R_EI5D,AI10V,TI12S,YI15D,RI16M,NI23S,GI27S,EI38D",1R0R,"EI5D,AI10V,TI12S,YI15D,RI16M,NI23S,GI27S,EI38D",5.331493854522705,6.205103397369385,0
"1R0R_EI5D,AI10V,TI12S,RI16M,NI23S,GI27S,NI31D,EI38D,TI44N",1R0R,"EI5D,AI10V,TI12S,RI16M,NI23S,GI27S,NI31D,EI38D,TI44N",0.07379743456840515,2.3669655323028564,0
"1R0R_EI5D,AI10V,TI12S,RI16M,NI23S,GI27S,NI31D,EI38D",1R0R,"EI5D,AI10V,TI12S,RI16M,NI23S,GI27S,NI31D,EI38D",0.11502811312675476,2.22651743888855,0
"1R0R_EI5D,AI10V,TI12S,RI16M,NI23S,GI27S,NI31D,VI36F,EI38D,TI44S",1R0R,"EI5D,AI10V,TI12S,RI16M,NI23S,GI27S,NI31D,VI36F,EI38D,TI44S",0.037101373076438904,2.35742449760437,0
"1R0R_AI10V,TI12S,RI16M,NI23S,KI24Q,GI27S,KI29E,EI38D",1R0R,"AI10V,TI12S,RI16M,NI23S,KI24Q,GI27S,KI29E,EI38D",1.4012725353240967,3.395453691482544,0
1R0R_LI13M,1R0R,LI13M,-0.5162599682807922,0.5065312385559082,0
"1R0R_LI13M,TI44N,KI50T",1R0R,"LI13M,TI44N,KI50T",-0.8384865522384644,1.0317031145095825,0
"1R0R_NI23S,GI27A",1R0R,"NI23S,GI27A",1.2537312507629395,0.46254992485046387,0
"1R0R_AI10D,GI27A",1R0R,"AI10D,GI27A",5.903494834899902,0.3709661364555359,0
"1R0R_AI10D,GI27A,NI28S",1R0R,"AI10D,GI27A,NI28S",5.834187984466553,0.9877147078514099,0
1R0R_GI27A,1R0R,GI27A,1.331018328666687,0.3665478825569153,0
"1R0R_TI12M,LI13S,GI27V",1R0R,"TI12M,LI13S,GI27V",3.013808250427246,6.257318019866943,0
"1R0R_RI16V,LI18I",1R0R,"RI16V,LI18I",-0.01634453982114792,-0.0007088705897331238,0
"1R0R_LI13S,RI16V,LI18I",1R0R,"LI13S,RI16V,LI18I",1.8898556232452393,4.065354347229004,0
1R0R_NI23S,1R0R,NI23S,-0.06601439416408539,0.019101625308394432,0
"1R0R_LI13M,LI18V,KI24I,EI38K",1R0R,"LI13M,LI18V,KI24I,EI38K",-0.8384865522384644,1.4993919134140015,0
"1R0R_AI10G,LI13M,LI18V,KI24I,EI38K",1R0R,"AI10G,LI13M,LI18V,KI24I,EI38K",1.0361416339874268,1.608077049255371,0
"1R0R_LI13M,NI31D,SI46N",1R0R,"LI13M,NI31D,SI46N",-0.3073604106903076,-0.49658405780792236,0
"1R0R_EI5D,KI8M,LI13M,LI18V",1R0R,"EI5D,KI8M,LI13M,LI18V",-1.7550112009048462,0.939629852771759,0
"1R0R_EI5G,LI13M,YI15S,LI18I,KI24T,GI27S,HI47Y,FI48P,KI50V",1R0R,"EI5G,LI13M,YI15S,LI18I,KI24T,GI27S,HI47Y,FI48P,KI50V",3.345353603363037,2.77177357673645,0
"1R0R_AI10T,LI13M",1R0R,"AI10T,LI13M",0.25873422622680664,0.054037485271692276,0
"1R0R_LI13M,TI25S,GI27D",1R0R,"LI13M,TI25S,GI27D",2.1459031105041504,3.694038152694702,0
"1R0R_LI13I,GI27D",1R0R,"LI13I,GI27D",5.3034586906433105,3.785470485687256,0
"1R0R_AI10D,LI13A,YI15D",1R0R,"AI10D,LI13A,YI15D",8.94481372833252,6.734394073486328,0
"1R0R_LI13M,SI46N,HI47R,KI50Q",1R0R,"LI13M,SI46N,HI47R,KI50Q",-0.6389058828353882,0.7476333975791931,0
"1R0R_LI13M,HI47R",1R0R,"LI13M,HI47R",-0.31760478019714355,0.6068188548088074,0
"1R0R_LI13M,HI47R,KI50E",1R0R,"LI13M,HI47R,KI50E",-0.9173604846000671,0.4728985130786896,0
"1R0R_LI13M,SI46N",1R0R,"LI13M,SI46N",-0.49729984998703003,0.6743351817131042,0
1R0R_YI15H,1R0R,YI15H,3.0429511070251465,1.443302035331726,0
"1R0R_LI13M,YI15Q",1R0R,"LI13M,YI15Q",3.640117645263672,2.851759910583496,0
"1R0R_LI13M,GI27D",1R0R,"LI13M,GI27D",2.3932597637176514,3.3346657752990723,0
"1R0R_EI5D,TI12L,RI16M,GI27D,NI31S,EI38D,TI44S",1R0R,"EI5D,TI12L,RI16M,GI27D,NI31S,EI38D,TI44S",3.81807541847229,5.054455757141113,0
"1R0R_EI5D,RI16M,LI18F,NI23S,GI27S,EI38D",1R0R,"EI5D,RI16M,LI18F,NI23S,GI27S,EI38D",1.29815673828125,1.7575572729110718,0
"1R0R_EI5G,KI8Q,TI12S,RI16V,LI18F,GI27S,NI31D,VI37A,EI38D",1R0R,"EI5G,KI8Q,TI12S,RI16V,LI18F,GI27S,NI31D,VI37A,EI38D",0.0,0.8561096787452698,0
"1R0R_EI5D,TI12S,EI14D,RI16M,NI23S,GI27S,EI38D,GI49E",1R0R,"EI5D,TI12S,EI14D,RI16M,NI23S,GI27S,EI38D,GI49E",1.29815673828125,4.137893199920654,0
"1R0R_EI5D,AI10V,YI15E,RI16M,EI38D",1R0R,"EI5D,AI10V,YI15E,RI16M,EI38D",2.864560604095459,4.01084566116333,0
"1R0R_EI5D,AI10V,TI12S,RI16M,VI37A,EI38D",1R0R,"EI5D,AI10V,TI12S,RI16M,VI37A,EI38D",-1.1571053266525269,2.883016586303711,0
"1R0R_DI2N,EI5D,AI10V,TI12S,EI14L,RI16M,VI37A,EI38D",1R0R,"DI2N,EI5D,AI10V,TI12S,EI14L,RI16M,VI37A,EI38D",-0.9173604846000671,2.466299295425415,0
"1R0R_EI5D,AI10V,YI15D,RI16M,KI24I,GI27H,NI31Y,VI37A,EI38H,LI45F",1R0R,"EI5D,AI10V,YI15D,RI16M,KI24I,GI27H,NI31Y,VI37A,EI38H,LI45F",5.68878698348999,4.259507179260254,0
"1R0R_EI5D,KI8Q,AI10V,TI12M,LI13G,EI14D,RI16M,NI23S,GI27S,EI38D,SI46N",1R0R,"EI5D,KI8Q,AI10V,TI12M,LI13G,EI14D,RI16M,NI23S,GI27S,EI38D,SI46N",3.1058459281921387,5.330746173858643,0
"1R0R_YI6H,EI14D,LI18I,NI23S,GI27S,NI31D,VI37M,EI38D",1R0R,"YI6H,EI14D,LI18I,NI23S,GI27S,NI31D,VI37M,EI38D",0.781731903553009,0.28450295329093933,0
"1R0R_EI5D,AI10V,EI14D,RI16M,KI24T,GI27S,EI38D,LI43I",1R0R,"EI5D,AI10V,EI14D,RI16M,KI24T,GI27S,EI38D,LI43I",-0.17991724610328674,2.687739610671997,0
"1R0R_EI5D,AI10V,TI12S,EI14D,RI16M,KI24T,GI27N,NI31I,EI38D,LI43I",1R0R,"EI5D,AI10V,TI12S,EI14D,RI16M,KI24T,GI27N,NI31I,EI38D,LI43I",1.774827480316162,4.0207133293151855,0
"1R0R_EI5D,KI8R,AI10V,EI14D,RI16M,GI27S,EI38D,LI43I,KI50R",1R0R,"EI5D,KI8R,AI10V,EI14D,RI16M,GI27S,EI38D,LI43I,KI50R",-0.4106564223766327,2.884326696395874,0
"1R0R_EI5D,AI10V,EI14D,RI16M,GI27S,EI38D,LI43I,KI50R",1R0R,"EI5D,AI10V,EI14D,RI16M,GI27S,EI38D,LI43I,KI50R",-0.2402186095714569,3.047182083129883,0
"1R0R_AI10D,LI13A",1R0R,"AI10D,LI13A",5.530481815338135,3.187584161758423,0
"1R0R_EI5D,LI13M,RI16M,GI27D,EI38D",1R0R,"EI5D,LI13M,RI16M,GI27D,EI38D",2.0329103469848633,3.8265631198883057,0
1R0R_GI27V,1R0R,GI27V,1.98118257522583,1.5946004390716553,0
1R0R_YI15D,1R0R,YI15D,5.474548816680908,5.394278049468994,0
1R0R_TI12E,1R0R,TI12E,2.8231136798858643,3.1448183059692383,0
"1R0R_EI5D,LI13F,RI16M,EI38D",1R0R,"EI5D,LI13F,RI16M,EI38D",1.135921597480774,0.3428857624530792,0
1R0R_TI12S,1R0R,TI12S,0.8283241987228394,2.5098536014556885,0
1R0R_TI12V,1R0R,TI12V,1.0800471305847168,2.396022319793701,0
1R0R_AI10V,1R0R,AI10V,-0.9866675138473511,1.0330044031143188,0
"1R0R_AI10V,TI12S",1R0R,"AI10V,TI12S",0.0947713777422905,3.2049684524536133,0
1R0R_TI12A,1R0R,TI12A,0.7870935201644897,3.095776319503784,0
1R0R_LI13K,1R0R,LI13K,2.8433704376220703,3.070528745651245,0
1R0R_LI13A,1R0R,LI13A,0.5256845355033875,1.9576829671859741,0
1R0R_LI13E,1R0R,LI13E,2.123957872390747,3.8375840187072754,0
1R0R_LI13Q,1R0R,LI13Q,0.6170114278793335,2.604396104812622,0
"1R0R_TI12R,LI13R",1R0R,"TI12R,LI13R",6.485773086547852,6.293831825256348,0
"1R0R_AI10R,LI13R",1R0R,"AI10R,LI13R",7.723918437957764,4.121704578399658,0
"1R0R_AI10R,TI12K,LI13R",1R0R,"AI10R,TI12K,LI13R",9.287432670593262,5.970856189727783,0
"1R0R_KI8T,PI9E,AI10Y",1R0R,"KI8T,PI9E,AI10Y",-0.8727518916130066,-1.0957566499710083,0
"1R0R_KI8T,PI9E,AI10Y,LI13G,RI16M,GI27P,NI31V",1R0R,"KI8T,PI9E,AI10Y,LI13G,RI16M,GI27P,NI31V",2.416813850402832,2.9503307342529297,0
"1R0R_KI8S,PI9D,AI10Y",1R0R,"KI8S,PI9D,AI10Y",-1.929858684539795,-0.8902447819709778,0
"1R0R_KI8S,PI9D,AI10Y,LI13G,EI14I,RI16K",1R0R,"KI8S,PI9D,AI10Y,LI13G,EI14I,RI16K",0.7984834909439087,4.544562816619873,0
1VFB_HA30A,1VFB,HA30A,0.8452608585357666,0.6000896096229553,0
1VFB_YA32A,1VFB,YA32A,1.3399860858917236,1.3843144178390503,0
1VFB_YA49A,1VFB,YA49A,0.7978987097740173,2.2696902751922607,0
1VFB_YA50A,1VFB,YA50A,0.38801220059394836,1.9733808040618896,0
1VFB_WA92A,1VFB,WA92A,2.728342294692993,1.4766086339950562,0
1VFB_SA93A,1VFB,SA93A,0.34327760338783264,0.011547084897756577,0
1VFB_TB30A,1VFB,TB30A,-0.055874548852443695,0.13048376142978668,0
1VFB_YB32A,1VFB,YB32A,0.46035218238830566,0.8161798119544983,0
1VFB_WB52A,1VFB,WB52A,0.36446794867515564,2.1060025691986084,0
1VFB_DB54A,1VFB,DB54A,0.6389058828353882,1.0446938276290894,0
1VFB_NB56A,1VFB,NB56A,0.17779755592346191,0.45940887928009033,0
1VFB_DB58A,1VFB,DB58A,-0.20709602534770966,0.676689624786377,0
1VFB_EB98A,1VFB,EB98A,1.157075047492981,1.5519518852233887,0
1VFB_RB99A,1VFB,RB99A,-0.09977996349334717,1.062087893486023,0
1VFB_DB100A,1VFB,DB100A,3.071619749069214,1.5283701419830322,0
1VFB_YB101F,1VFB,YB101F,0.9535146951675415,2.1283376216888428,0
1VFB_SB28N,1VFB,SB28N,0.14401189982891083,-0.1294754445552826,0
1VFB_SB28Q,1VFB,SB28Q,0.07811605930328369,-0.09992201626300812,0
1VFB_SB28D,1VFB,SB28D,0.0,-0.42112043499946594,0
1VFB_SB28E,1VFB,SB28E,-0.10405386239290237,0.020556962117552757,0
1VFB_GB31A,1VFB,GB31A,0.3066025674343109,0.48923158645629883,0
1VFB_GB31E,1VFB,GB31E,-0.5099895000457764,0.23278920352458954,0
1VFB_GB31W,1VFB,GB31W,0.003962904214859009,0.053161557763814926,0
1VFB_YB32E,1VFB,YB32E,1.903039813041687,0.7111045718193054,0
1VFB_DB58N,1VFB,DB58N,-0.12823893129825592,0.346915602684021,0
1VFB_DB58E,1VFB,DB58E,0.07811605930328369,-0.5471550822257996,0
1VFB_RB99Y,1VFB,RB99Y,1.2359321117401123,0.1570294201374054,0
1VFB_RB99W,1VFB,RB99W,0.7052898406982422,-1.3048608303070068,0
1VFB_NA31W,1VFB,NA31W,0.1744007170200348,-0.2173444628715515,0
1VFB_YA32W,1VFB,YA32W,5.63108491897583,-0.7475584745407104,0
1VFB_LA46D,1VFB,LA46D,5.63108491897583,-0.054809872061014175,0
1VFB_LA46E,1VFB,LA46E,5.63108491897583,0.7733966708183289,0
1VFB_YA50R,1VFB,YA50R,0.8447021245956421,1.547369122505188,0
1VFB_YA50K,1VFB,YA50K,1.716369390487671,1.3206793069839478,0
1VFB_TA52F,1VFB,TA52F,0.4710860252380371,0.21442429721355438,0
1VFB_TA53R,1VFB,TA53R,1.6465885639190674,1.0275853872299194,0
1VFB_DC18A,1VFB,DC18A,0.3402828872203827,0.9602757692337036,0
1VFB_NC19A,1VFB,NC19A,0.3962641656398773,1.1317555904388428,0
1VFB_YC23A,1VFB,YC23A,0.4106564223766327,1.0321518182754517,0
1VFB_SC24A,1VFB,SC24A,0.8513460755348206,0.2980269193649292,0
1VFB_KC116A,1VFB,KC116A,0.7137698531150818,0.8821086883544922,0
1VFB_TC118A,1VFB,TC118A,0.7654383182525635,0.2715076506137848,0
1VFB_DC119A,1VFB,DC119A,0.9535146951675415,1.6870808601379395,0
1VFB_VC120A,1VFB,VC120A,0.9173604846000671,0.5374091267585754,0
1VFB_QC121A,1VFB,QC121A,2.878286361694336,0.4398684799671173,0
1VFB_IC124A,1VFB,IC124A,1.2319692373275757,0.16486787796020508,0
1VFB_RC125A,1VFB,RC125A,1.8377223014831543,2.2993955612182617,0
1VFB_LC129A,1VFB,LC129A,0.17162153124809265,0.14188484847545624,0
1VFB_YA32A,1VFB,YA32A,1.7176494598388672,1.3843144178390503,0
1VFB_YA50A,1VFB,YA50A,0.5245682597160339,1.9733808040618896,0
1VFB_WA92A,1VFB,WA92A,3.350074291229248,1.4766086339950562,0
1VFB_YB32A,1VFB,YB32A,1.1237155199050903,0.8161798119544983,0
1VFB_WB52A,1VFB,WB52A,0.9173604846000671,2.1060025691986084,0
1VFB_DB54A,1VFB,DB54A,0.9920468330383301,1.0446938276290894,0
1VFB_DB100A,1VFB,DB100A,2.941075086593628,1.5283701419830322,0
1VFB_YB101F,1VFB,YB101F,1.586751103401184,2.1283376216888428,0
"1VFB_YA32A,QC121A",1VFB,"YA32A,QC121A",1.586751103401184,1.8683013916015625,0
"1VFB_YA32A,IC124A",1VFB,"YA32A,IC124A",2.9070167541503906,2.050084352493286,0
"1VFB_YA50A,DC18A",1VFB,"YA50A,DC18A",1.2664908170700073,2.835620641708374,0
"1VFB_YA50A,DC119A",1VFB,"YA50A,DC119A",1.2319692373275757,2.27582049369812,0
"1VFB_WA92A,QC121A",1VFB,"WA92A,QC121A",3.520512104034424,1.4279674291610718,0
"1VFB_WA92A,IC124A",1VFB,"WA92A,IC124A",3.852057695388794,1.6086786985397339,0
"1VFB_WA92A,RC125A",1VFB,"WA92A,RC125A",3.3948090076446533,3.0007638931274414,0
"1VFB_WA92A,LC129A",1VFB,"WA92A,LC129A",3.3088436126708984,2.315342664718628,0
"1VFB_YB32A,KC116A",1VFB,"YB32A,KC116A",1.586751103401184,1.0928152799606323,0
"1VFB_WB52A,DC119A",1VFB,"WB52A,DC119A",2.2483787536621094,3.542917490005493,0
"1VFB_DB54A,TC118A",1VFB,"DB54A,TC118A",1.2552056312561035,0.7286048531532288,0
"1VFB_DB100A,SC24A",1VFB,"DB100A,SC24A",3.371264696121216,1.6724680662155151,0
"1VFB_YB101F,DC119A",1VFB,"YB101F,DC119A",2.737746477127075,2.200352907180786,0
"1VFB_YB101F,VC120A",1VFB,"YB101F,VC120A",2.53961443901062,1.336057186126709,0
1CSO_II13L,1CSO,II13L,-4.481256008148193,-2.4180567264556885,0
1MHP_SL27Q,1MHP,SL27Q,-0.5400962233543396,-0.06584502756595612,0
"1MHP_TH50V,SL27Q,NL51Y",1MHP,"TH50V,SL27Q,NL51Y",-1.0239880084991455,-0.3547862768173218,0
1MHP_LL48K,1MHP,LL48K,0.924957275390625,-0.30658161640167236,0
1MHP_TH50V,1MHP,TH50V,-0.2633156180381775,0.11678142845630646,0
1MHP_LH60D,1MHP,LH60D,-0.12269474565982819,-0.15142890810966492,0
1MHP_KH64E,1MHP,KH64E,-0.1552988439798355,0.15983329713344574,0
1MHP_KH64Q,1MHP,KH64Q,-0.1552988439798355,0.3669201135635376,0
1MHP_KH64D,1MHP,KH64D,-0.12269474565982819,0.18394212424755096,0
1MHP_KH64N,1MHP,KH64N,-0.07257538288831711,0.4482996463775635,0
1MHP_SL27Q,1MHP,SL27Q,-0.6664110422134399,-0.06584502756595612,0
1MHP_NL51Y,1MHP,NL51Y,-0.10329601168632507,0.2153528928756714,0
1MHP_GH100M,1MHP,GH100M,0.10217975825071335,0.3550805449485779,0
1MHP_SL23R,1MHP,SL23R,-0.06708604842424393,0.04331133887171745,0
1MHP_NL51E,1MHP,NL51E,-0.17744916677474976,0.4648222327232361,0
1MHP_FH99W,1MHP,FH99W,0.0,-0.17004135251045227,0
1MHP_GH100F,1MHP,GH100F,0.5740829110145569,-0.04347763583064079,0
1MHP_GH54Y,1MHP,GH54Y,0.0,-0.1751820296049118,0
1MHP_FH99W,1MHP,FH99W,0.0,-0.17004135251045227,0
"1MHP_TH50V,KH64E",1MHP,"TH50V,KH64E",-0.36120107769966125,0.10261516273021698,0
"1MHP_LH60D,KH64Q",1MHP,"LH60D,KH64Q",0.04300859197974205,-0.25219255685806274,0
"1MHP_LH60D,KH64E",1MHP,"LH60D,KH64E",-0.14186398684978485,-0.3366713225841522,0
"1MHP_TH50V,SL27Q,NL51Y",1MHP,"TH50V,SL27Q,NL51Y",-1.20074462890625,-0.3547862768173218,0
"1MHP_KH64E,SL27Q,NL51Y",1MHP,"KH64E,SL27Q,NL51Y",-0.9535146951675415,-0.27951061725616455,0
"1MHP_TH50V,KH64E,SL27Q,NL51E",1MHP,"TH50V,KH64E,SL27Q,NL51E",-1.2678864002227783,0.25060123205184937,0
"1MHP_TH50V,KH64E,SL27Q,NL51Y",1MHP,"TH50V,KH64E,SL27Q,NL51Y",-1.043681025505066,-0.38809847831726074,0
1MHP_NL29V,1MHP,NL29V,1.0497993230819702,0.2704222798347473,0
1MHP_HL30R,1MHP,HL30R,1.1243009567260742,0.23574142158031464,0
1MHP_HL30K,1MHP,HL30K,1.164687991142273,0.7663183212280273,0
1MHP_LL48K,1MHP,LL48K,0.7982158660888672,-0.30658161640167236,0
1MHP_NL51R,1MHP,NL51R,0.845219075679779,0.9717292189598083,0
1MHP_NL51K,1MHP,NL51K,0.6578043699264526,0.6090802550315857,0
1MHP_RH31Q,1MHP,RH31Q,1.3079134225845337,0.22244784235954285,0
1MHP_SH35Q,1MHP,SH35Q,2.728342294692993,-0.38882535696029663,0
1MHP_TH50V,1MHP,TH50V,0.0,0.11678142845630646,0
1MHP_YH59E,1MHP,YH59E,0.5442506074905396,0.9458661675453186,0
1MHP_LH60D,1MHP,LH60D,0.0,-0.15142890810966492,0
1MHP_KH64E,1MHP,KH64E,0.0,0.15983329713344574,0
1MHP_KH64Q,1MHP,KH64Q,0.0,0.3669201135635376,0
1MHP_KH64D,1MHP,KH64D,-0.2203427106142044,0.18394212424755096,0
1MHP_KH64N,1MHP,KH64N,0.0,0.4482996463775635,0
1MHP_SL27Q,1MHP,SL27Q,-0.857230007648468,-0.06584502756595612,0
1MHP_NL29Y,1MHP,NL29Y,1.9084217548370361,-0.4830157160758972,0
1MHP_NL29W,1MHP,NL29W,1.5733891725540161,-0.6305896639823914,0
1MHP_NL51Y,1MHP,NL51Y,0.0,0.2153528928756714,0
1MHP_SL90T,1MHP,SL90T,2.317685842514038,-0.6642268896102905,0
1MHP_SL90R,1MHP,SL90R,2.728342294692993,-0.4657989740371704,0
1MHP_GL91Q,1MHP,GL91Q,1.5733891725540161,0.06084521487355232,0
1MHP_GL91S,1MHP,GL91S,0.5128361582756042,0.29135945439338684,0
"1MHP_SL90R,NL29E",1MHP,"SL90R,NL29E",2.728342294692993,0.35051292181015015,0
1MHP_SH52M,1MHP,SH52M,2.0767698287963867,-0.534806489944458,0
1MHP_GH53S,1MHP,GH53S,0.6758959293365479,0.4563397169113159,0
1MHP_GH53A,1MHP,GH53A,0.5128361582756042,1.1416711807250977,0
1MHP_GH54I,1MHP,GH54I,1.3641711473464966,0.19923517107963562,0
1MHP_GH54T,1MHP,GH54T,1.164687991142273,-0.02230534702539444,0
1MHP_YH58Q,1MHP,YH58Q,2.0767698287963867,1.2259207963943481,0
1MHP_YH58E,1MHP,YH58E,2.0767698287963867,0.7455864548683167,0
1MHP_YH58W,1MHP,YH58W,0.8213128447532654,0.024039562791585922,0
1MHP_GH100M,1MHP,GH100M,0.10217975825071335,0.3550805449485779,0
1MHP_SL23R,1MHP,SL23R,-0.36377134919166565,0.04331133887171745,0
1MHP_LL48F,1MHP,LL48F,0.7125986814498901,-0.6537349820137024,0
1MHP_LL48W,1MHP,LL48W,1.9084217548370361,-1.394171118736267,0
1MHP_NL51D,1MHP,NL51D,0.5009867548942566,-0.1774248629808426,0
1MHP_NL51E,1MHP,NL51E,0.0,0.4648222327232361,0
1MHP_WL89Q,1MHP,WL89Q,2.0767698287963867,0.489565372467041,0
1MHP_SL90Q,1MHP,SL90Q,1.774827480316162,-0.47764039039611816,0
"1MHP_WL89Q,FL32Y",1MHP,"WL89Q,FL32Y",0.8714090585708618,-0.32092899084091187,0
1MHP_TH33V,1MHP,TH33V,0.434562623500824,0.4671066403388977,0
1MHP_TH33N,1MHP,TH33N,2.728342294692993,0.4176669120788574,0
1MHP_SH35A,1MHP,SH35A,1.5733891725540161,0.5020589232444763,0
1MHP_FH99W,1MHP,FH99W,0.0,-0.17004135251045227,0
1MHP_FH99Y,1MHP,FH99Y,0.7550068497657776,0.24072065949440002,0
1MHP_GH100L,1MHP,GH100L,2.728342294692993,-0.038763727992773056,0
1MHP_GH100F,1MHP,GH100F,0.20430143177509308,-0.04347763583064079,0
1MHP_GH100S,1MHP,GH100S,0.5579972267150879,-0.08789420127868652,0
"1MHP_TH50V,SH35V",1MHP,"TH50V,SH35V",2.728342294692993,0.1506349891424179,0
"1MHP_TH50V,SH35A",1MHP,"TH50V,SH35A",2.0767698287963867,0.46876615285873413,0
"1MHP_SH35A,GH102S",1MHP,"SH35A,GH102S",1.5733891725540161,0.3422510623931885,0
"1MHP_SH35V,GH102S",1MHP,"SH35V,GH102S",1.4263132810592651,0.0971912294626236,0
"1MHP_TH50V,GH102S",1MHP,"TH50V,GH102S",1.6682031154632568,0.7096424698829651,0
1MHP_HL30W,1MHP,HL30W,1.2558754682540894,-0.041546475142240524,0
"1MHP_NL29Y,SL90I",1MHP,"NL29Y,SL90I",0.434562623500824,-0.21599727869033813,0
1MHP_GH53N,1MHP,GH53N,1.2558754682540894,0.2958340346813202,0
1MHP_GH54Y,1MHP,GH54Y,0.0,-0.1751820296049118,0
1MHP_FH99W,1MHP,FH99W,0.0,-0.17004135251045227,0
1MHP_FH99Y,1MHP,FH99Y,0.7550068497657776,0.24072065949440002,0
"1MHP_TH33E,GH53Q",1MHP,"TH33E,GH53Q",1.6682031154632568,0.751330554485321,0
"1MHP_TH33I,SH52T,GH53N,GH54N",1MHP,"TH33I,SH52T,GH53N,GH54N",1.9084217548370361,0.4059128165245056,0
"1MHP_TH33I,SH52T,GH53Q,GH54F",1MHP,"TH33I,SH52T,GH53Q,GH54F",1.2558754682540894,0.5802126526832581,0
"1MHP_TH50V,SL27Q",1MHP,"TH50V,SL27Q",-0.6949949264526367,0.5133039355278015,0
"1MHP_TH50V,KH64E",1MHP,"TH50V,KH64E",0.0,0.10261516273021698,0
"1MHP_KH64E,SL27Q",1MHP,"KH64E,SL27Q",-0.857230007648468,0.1858210563659668,0
"1MHP_TH50V,SL27Q,NL51Y",1MHP,"TH50V,SL27Q,NL51Y",-0.9535146951675415,-0.3547862768173218,0
"1MHP_KH64E,SL27Q,NL51Y",1MHP,"KH64E,SL27Q,NL51Y",-1.0857164859771729,-0.27951061725616455,0
"1MHP_TH50V,KH64E,SL27Q,NL51Y",1MHP,"TH50V,KH64E,SL27Q,NL51Y",-1.126280426979065,-0.38809847831726074,0
1FCC_TC25A,1FCC,TC25A,0.2402186095714569,0.7853205800056458,0
1FCC_EC27A,1FCC,EC27A,4.938011169433594,0.9815625548362732,0
1FCC_KC28A,1FCC,KC28A,1.2561542987823486,0.7044015526771545,0
1FCC_KC31A,1FCC,KC31A,3.477555513381958,0.9967494606971741,0
1FCC_NC35A,1FCC,NC35A,2.365107297897339,0.5917060971260071,0
1FCC_DC40A,1FCC,DC40A,0.27225083112716675,0.1614374816417694,0
1FCC_EC42A,1FCC,EC42A,0.3854418992996216,0.2648053467273712,0
1FCC_WC43A,1FCC,WC43A,3.773183822631836,1.6848970651626587,0
"1FCC_TC44A,YC45A",1FCC,"TC44A,YC45A",1.9544508457183838,0.2752409279346466,0
2OI9_FQ5R,2OI9,FQ5R,3.1007626056671143,2.7908263206481934,0
"1QAB_VA30M,VB21M,VC21M,VD21M",1QAB,"VA30M,VB21M,VC21M,VD21M",-0.27507877349853516,-1.857057809829712,1
"1QAB_LA55P,LB46P,LC46P,LD46P",1QAB,"LA55P,LB46P,LC46P,LD46P",0.37579625844955444,2.032038927078247,1
"1QAB_LA58H,LB49H,LC49H,LD49H",1QAB,"LA58H,LB49H,LC49H,LD49H",-0.07190047949552536,1.8298485279083252,1
"1QAB_TA60A,TB51A,TC51A,TD51A",1QAB,"TA60A,TB51A,TC51A,TD51A",0.1219574585556984,0.26428186893463135,1
"1QAB_SA85A,SB76A,SC76A,SD76A",1QAB,"SA85A,SB76A,SC76A,SD76A",0.9150529503822327,0.1344659924507141,1
"1QAB_DA99A,DB90A,DC90A,DD90A",1QAB,"DA99A,DB90A,DC90A,DD90A",1.7057868242263794,-0.30441588163375854,1
"1QAB_SA100E,SB91E,SC91E,SD91E",1QAB,"SA100E,SB91E,SC91E,SD91E",1.6644362211227417,0.7270869612693787,1
"1QAB_YA114H,YB105H,YC105H,YD105H",1QAB,"YA114H,YB105H,YC105H,YD105H",0.6891109943389893,1.4612561464309692,1
"1QAB_YA114F,YB105F,YC105F,YD105F",1QAB,"YA114F,YB105F,YC105F,YD105F",-0.39396652579307556,-0.03867928311228752,1
1Y1K_AI39T,1Y1K,AI39T,-2.728342294692993,-1.7284890413284302,1
2J8U_AA66K,2J8U,AA66K,-0.7283912301063538,-1.0735304355621338,1
2J8U_AA66K,2J8U,AA66K,-1.1528583765029907,-1.0735304355621338,1
"4NKQ_LB77A,TB78A,SB79A",4NKQ,"LB77A,TB78A,SB79A",0.11002849042415619,1.4496686458587646,1
"4NKQ_RB80A,NB81A,YB82A",4NKQ,"RB80A,NB81A,YB82A",-0.33154547214508057,0.4024319648742676,1
4NKQ_RB80A,4NKQ,RB80A,0.1199859008193016,0.3376256823539734,1
4NKQ_RB80D,4NKQ,RB80D,-0.07738618552684784,0.08921647071838379,1
4NKQ_NB81A,4NKQ,NB81A,0.09990086406469345,-0.3505942225456238,1
4NKQ_YB82A,4NKQ,YB82A,-0.37545090913772583,-0.06125684082508087,1
4NKQ_YB82F,4NKQ,YB82F,-0.23420381546020508,0.003016706556081772,1
"4NKQ_DB87A,TB88A,KB89A",4NKQ,"DB87A,TB88A,KB89A",0.3535848557949066,1.0333013534545898,1
4NKQ_DB87A,4NKQ,DB87A,0.15822187066078186,0.7245338559150696,1
4NKQ_DB87R,4NKQ,DB87R,0.20278814435005188,0.4990428686141968,1
4NKQ_TB88A,4NKQ,TB88A,0.31932955980300903,0.7125118970870972,1
4NKQ_KB89A,4NKQ,KB89A,0.38596734404563904,1.5589814186096191,1
4NKQ_KB89D,4NKQ,KB89D,1.0615314245224,2.169766902923584,1
"4NKQ_KB90A,IB91A,EB92A",4NKQ,"KB90A,IB91A,EB92A",-0.7013269662857056,0.6715063452720642,1
4NKQ_KB90A,4NKQ,KB90A,-0.19934363663196564,0.6402001976966858,1
4NKQ_KB90D,4NKQ,KB90D,-0.19934363663196564,0.5889881253242493,1
4NKQ_IB91A,4NKQ,IB91A,-0.050451911985874176,-0.01819760724902153,1
4NKQ_EB92A,4NKQ,EB92A,-0.3530915677547455,0.19263412058353424,1
"4NKQ_YB119A,QB120A,KB121A,LB122A,SB123A,YB124A",4NKQ,"YB119A,QB120A,KB121A,LB122A,SB123A,YB124A",-0.31075555086135864,0.9832145571708679,1
"4NKQ_YB119A,YB124A",4NKQ,"YB119A,YB124A",-0.6271737813949585,0.9697180986404419,1
4NKQ_QB120A,4NKQ,QB120A,-0.3986872732639313,0.4393423795700073,1
4NKQ_KB121A,4NKQ,KB121A,-0.5612779259681702,0.4922584295272827,1
4NKQ_LB122A,4NKQ,LB122A,0.2361745536327362,-0.4098917841911316,1
4NKQ_SB123A,4NKQ,SB123A,0.27542412281036377,-0.28364843130111694,1
4NKQ_DB126A,4NKQ,DB126A,0.11002849042415619,0.6358301639556885,1
"4NKQ_DB176A,VB177A,RB178A,IB179A",4NKQ,"DB176A,VB177A,RB178A,IB179A",-0.1202327087521553,1.36285400390625,1
4NKQ_DB176A,4NKQ,DB176A,0.4226255416870117,0.6785274147987366,1
4NKQ_DB176E,4NKQ,DB176E,0.4682212769985199,0.015862101688981056,1
4NKQ_RB178A,4NKQ,RB178A,0.3602045178413391,1.8581653833389282,1
4NKQ_RB178D,4NKQ,RB178D,-0.2906705141067505,0.33037638664245605,1
"4NKQ_RB80D,KB90D",4NKQ,"RB80D,KB90D",1.3137191534042358,0.4065248370170593,1
4NKQ_DC99K,4NKQ,DC99K,-0.33154547214508057,1.2198572158813477,1
"4NKQ_DC99K,RB80D",4NKQ,"DC99K,RB80D",0.1764526069164276,0.8580161929130554,1
"4NKQ_DC99K,DB87R",4NKQ,"DC99K,DB87R",0.8152363896369934,0.5846831798553467,1
"4NKQ_DC99K,KB90D",4NKQ,"DC99K,KB90D",-0.5019832849502563,1.8515163660049438,1
"4NKQ_DC99K,RB80D,KB90D",4NKQ,"DC99K,RB80D,KB90D",0.5355589389801025,1.17164945602417,1
4NKQ_RB178M,4NKQ,RB178M,1.8640347719192505,0.5537880063056946,1
"4NKQ_DB176A,VB177A",4NKQ,"DB176A,VB177A",1.907029390335083,0.5344746708869934,1
"4NKQ_DB176Q,VB177Q",4NKQ,"DB176Q,VB177Q",1.958085536956787,1.1692150831222534,1
4NKQ_DB176A,4NKQ,DB176A,1.8037333488464355,0.6785274147987366,1
4NKQ_DB176N,4NKQ,DB176N,2.118934392929077,0.37287646532058716,1
"4NKQ_IB179A,LB180A",4NKQ,"IB179A,LB180A",0.2402186095714569,0.7746385931968689,1
"4NKQ_IB179Q,LB180Q",4NKQ,"IB179Q,LB180Q",1.0615314245224,0.46173274517059326,1
4NKQ_RB156Q,4NKQ,RB156Q,0.33154547214508057,-0.09849049150943756,1
4NKQ_RB178M,4NKQ,RB178M,2.728342294692993,0.5537880063056946,1
"4NKQ_DB176A,VB177A",4NKQ,"DB176A,VB177A",2.246422052383423,0.5344746708869934,1
"4NKQ_DB176Q,VB177Q",4NKQ,"DB176Q,VB177Q",2.488123655319214,1.1692150831222534,1
4NKQ_DB176A,4NKQ,DB176A,2.6203253269195557,0.6785274147987366,1
4NKQ_DB176N,4NKQ,DB176N,1.7648701667785645,0.37287646532058716,1
"4NKQ_IB179A,LB180A",4NKQ,"IB179A,LB180A",0.3026396632194519,0.7746385931968689,1
"4NKQ_IB179Q,LB180Q",4NKQ,"IB179Q,LB180Q",0.6508750319480896,0.46173274517059326,1
4NKQ_RB156Q,4NKQ,RB156Q,0.8213128447532654,-0.09849049150943756,1
4NKQ_NC4E,4NKQ,NC4E,-0.39057138562202454,-1.2034846544265747,1
4NKQ_IC6G,4NKQ,IC6G,0.33445680141448975,1.3333532810211182,1
4NKQ_EC8R,4NKQ,EC8R,2.6404104232788086,0.041684865951538086,1
4NKQ_RC10D,4NKQ,RC10D,0.111411914229393,1.1929106712341309,1
4NKQ_RC11D,4NKQ,RC11D,-0.20550437271595,0.3062894344329834,1
4NKQ_NC14D,4NKQ,NC14D,-0.6018841862678528,-0.25489264726638794,1
4NKQ_LC15D,4NKQ,LC15D,-0.23513315618038177,-0.19304005801677704,1
2OOB_KA7E,2OOB,KA7E,-0.17829985916614532,1.1422370672225952,1
"2OOB_AA6S,KA7E",2OOB,"AA6S,KA7E",0.16116079688072205,0.05616673082113266,1
2OOB_AA9E,2OOB,AA9E,3.103360414505005,-0.5849277377128601,1
2OOB_GA13S,2OOB,GA13S,0.2353639453649521,-0.3897882103919983,1
"2OOB_AA9E,GA13S",2OOB,"AA9E,GA13S",3.103360414505005,-0.7870625257492065,1
"2OOB_AA6S,KA7E,AA9E,GA13S",2OOB,"AA6S,KA7E,AA9E,GA13S",3.103360414505005,-0.5005521774291992,1
"2OOB_IA27E,IA38E",2OOB,"IA27E,IA38E",0.2842833995819092,0.3309175372123718,1
1U7F_RB65A,1U7F,RB65A,1.7379519939422607,-0.015359224751591682,1
1U7F_DB140A,1U7F,DB140A,2.6738131046295166,0.21983972191810608,1
3SEK_LC11E,3SEK,LC11E,2.8872756958007812,0.7810782194137573,1
3SEK_LC44E,3SEK,LC44E,4.455748081207275,2.795243501663208,1
3SEK_FC47E,3SEK,FC47E,4.455748081207275,2.9605302810668945,1
3SEK_LC48E,3SEK,LC48E,4.215529441833496,1.5475200414657593,1
3SEK_LC44A,3SEK,LC44A,2.6809208393096924,2.1096279621124268,1
3SEK_FC47A,3SEK,FC47A,2.2293894290924072,1.5071336030960083,1
3SEK_LC48A,3SEK,LC48A,3.408845901489258,1.5571255683898926,1
1AK4_PD85A,1AK4,PD85A,1.0857164859771729,1.013827919960022,1
1AK4_VD86A,1AK4,VD86A,0.9917506575584412,1.4494693279266357,1
1AK4_HD87A,1AK4,HD87A,1.009981393814087,1.287644386291504,1
1AK4_HD87Q,1AK4,HD87Q,0.9729411005973816,1.1473045349121094,1
1AK4_HD87R,1AK4,HD87R,1.6457033157348633,0.30375319719314575,1
1AK4_AD88V,1AK4,AD88V,0.7697627544403076,-1.1080234050750732,1
1AK4_AD88G,1AK4,AD88G,2.6548469066619873,0.18166066706180573,1
1AK4_GD89A,1AK4,GD89A,2.077467203140259,0.026289723813533783,1
1AK4_GD89V,1AK4,GD89V,3.0309817790985107,-1.3840813636779785,1
1AK4_PD90A,1AK4,PD90A,2.17301082611084,0.5241712927818298,1
1AK4_PD90V,1AK4,PD90V,3.0309817790985107,-1.0116407871246338,1
1AK4_ID91A,1AK4,ID91A,0.2402186095714569,1.0989989042282104,1
1AK4_ID91V,1AK4,ID91V,0.0,-0.40929287672042847,1
1AK4_AD92G,1AK4,AD92G,0.5810942649841309,0.36356765031814575,1
1AK4_AD92V,1AK4,AD92V,0.3591063618659973,-0.8044878840446472,1
1AK4_PD93A,1AK4,PD93A,0.6829072833061218,0.24077388644218445,1
"1AK4_LD83T,VD86P,HD87A,AD88M,ID91L,AD92P,MD96I",1AK4,"LD83T,VD86P,HD87A,AD88M,ID91L,AD92P,MD96I",0.7422019243240356,0.8993308544158936,1
3N0P_AA17H,3N0P,AA17H,0.8744037747383118,-0.0685206800699234,1
3N0P_AA17H,3N0P,AA17H,0.297102689743042,-0.0685206800699234,1
3N0P_AA17H,3N0P,AA17H,0.22198787331581116,-0.0685206800699234,1
3N0P_AA17H,3N0P,AA17H,-0.09047991037368774,-0.0685206800699234,1
3N0P_AA17H,3N0P,AA17H,-0.2870479226112366,-0.0685206800699234,1
3N0P_AA17H,3N0P,AA17H,-0.28069448471069336,-0.0685206800699234,1
3N0P_AA17H,3N0P,AA17H,-0.28546592593193054,-0.0685206800699234,1
3N0P_AA17H,3N0P,AA17H,-0.3632349669933319,-0.0685206800699234,1
3N0P_AA17H,3N0P,AA17H,-0.38309553265571594,-0.0685206800699234,1
3N0P_AA17H,3N0P,AA17H,-0.3238008916378021,-0.0685206800699234,1
2B42_HA357A,2B42,HA357A,1.6384583711624146,2.1196765899658203,1
2B42_HA357Q,2B42,HA357Q,1.076115608215332,0.5100449919700623,1
2B42_HA357K,2B42,HA357K,2.5677878856658936,1.5371947288513184,1
4GXU_DA189E,4GXU,DA189E,2.166057586669922,-0.03417927771806717,1
4GXU_DA224G,4GXU,DA224G,1.9617561101913452,0.33662450313568115,1
"4GXU_DA189E,DA224G",4GXU,"DA189E,DA224G",3.0115554332733154,-0.21198920905590057,1
3AAA_KA248A,3AAA,KA248A,2.488123655319214,3.136854887008667,1
3AAA_KA248E,3AAA,KA248E,3.4500420093536377,1.6818188428878784,1
3AAA_RA252A,3AAA,RA252A,3.0476717948913574,2.2963144779205322,1
3AAA_RA252E,3AAA,RA252E,4.001186370849609,1.1934106349945068,1
3AAA_RA258A,3AAA,RA258A,2.2457852363586426,1.453589916229248,1
3AAA_RA258E,3AAA,RA258E,3.563595771789551,0.7156475186347961,1
"3AAA_KA248A,RA258A",3AAA,"KA248A,RA258A",4.7972846031188965,3.932410478591919,1
3AAA_WC7A,3AAA,WC7A,3.388547420501709,1.5852102041244507,1
3AAA_DC43A,3AAA,DC43A,5.125138759613037,0.7798437476158142,1
3AAA_EC77A,3AAA,EC77A,1.9660552740097046,1.7718645334243774,1
3AAA_EC77R,3AAA,EC77R,4.092513084411621,0.04406789690256119,1
3C60_KC40A,3C60,KC40A,1.5944323539733887,0.9854523539543152,1
3C60_DC56A,3C60,DC56A,0.6982964873313904,0.5432966351509094,1
3C60_QC58A,3C60,QC58A,0.9633074998855591,0.45840346813201904,1
3C60_LC61A,3C60,LC61A,0.9435572624206543,1.4584583044052124,1
3C60_QC62A,3C60,QC62A,0.8687343001365662,0.3911982774734497,1
3C60_NC63A,3C60,NC63A,0.9535146951675415,1.1782310009002686,1
3C60_VC66A,3C60,VC66A,1.2502000331878662,1.7955362796783447,1
3C60_KC68A,3C60,KC68A,0.5622846484184265,0.7643647789955139,1
3C60_HC69A,3C60,HC69A,0.3591063618659973,1.3132723569869995,1
3C60_VC73A,3C60,VC73A,0.0,0.08854582905769348,1
3C60_KC76A,3C60,KC76A,0.04742145910859108,0.28669261932373047,1
3C60_FD1A,3C60,FD1A,0.0,0.018289420753717422,1
3C60_ED2A,3C60,ED2A,0.04742145910859108,1.3787208795547485,1
3C60_QD4A,3C60,QD4A,1.1667990684509277,0.6907896995544434,1
3C60_KD5A,3C60,KD5A,1.1528583765029907,1.6730283498764038,1
3C60_KD7A,3C60,KD7A,2.151184558868408,2.5186421871185303,1
3C60_ND9A,3C60,ND9A,0.0,0.2258429378271103,1
3C60_KD10A,3C60,KD10A,0.0,0.6211122274398804,1
3C60_VD12A,3C60,VD12A,0.0,-0.1276027113199234,1
3C60_DD13A,3C60,DD13A,0.04742145910859108,-0.06014499068260193,1
3C60_ED69A,3C60,ED69A,0.04742145910859108,0.18273098766803741,1
3C60_YD70A,3C60,YD70A,0.0,0.23899275064468384,1
3C60_SD73A,3C60,SD73A,0.0,-0.04154665395617485,1
3C60_QD74A,3C60,QD74A,0.0,-0.06064648926258087,1
3C60_PD75A,3C60,PD75A,0.0,0.14423266053199768,1
3C60_ED76A,3C60,ED76A,0.0,-0.28864187002182007,1
3C60_ID77A,3C60,ID77A,0.04742145910859108,0.49476802349090576,1
3C60_ED79A,3C60,ED79A,0.04742145910859108,0.6431469321250916,1
3C60_RD80A,3C60,RD80A,2.0264554023742676,1.7507363557815552,1
3C60_RD82A,3C60,RD82A,0.0,0.23488564789295197,1
3C60_DD86A,3C60,DD86A,0.04742145910859108,-0.10357403010129929,1
3C60_TD87A,3C60,TD87A,1.1667990684509277,0.6486002802848816,1
3C60_RD90A,3C60,RD90A,0.04742145910859108,-0.0245344415307045,1
3C60_HD91A,3C60,HD91A,1.0857164859771729,0.8804814219474792,1
3C60_ED94A,3C60,ED94A,0.0,-0.13443773984909058,1
3PWP_GC2L,3PWP,GC2L,-0.6341851353645325,-0.03796105086803436,1
"3PWP_GC2L,IC9V",3PWP,"GC2L,IC9V",-0.38579463958740234,0.4075455069541931,1
3SE9_LH34A,3SE9,LH34A,0.5569091439247131,1.7310538291931152,1
3SE9_WH48A,3SE9,WH48A,1.0414464473724365,1.73894464969635,1
3SE9_WH51A,3SE9,WH51A,1.2552056312561035,0.3473595976829529,1
3SE9_VH55A,3SE9,VH55A,-0.8454979062080383,0.3996279835700989,1
3SE9_TH56A,3SE9,TH56A,-0.8454979062080383,0.27652817964553833,1
3SE9_GH57A,3SE9,GH57A,0.44517794251441956,0.4663826823234558,1
3SE9_VH59A,3SE9,VH59A,0.9675655961036682,0.9719590544700623,1
3SE9_NH60A,3SE9,NH60A,1.4973200559616089,1.0283517837524414,1
3SE9_GH62A,3SE9,GH62A,0.045595720410346985,0.17259755730628967,1
3SE9_PH64A,3SE9,PH64A,-0.43484148383140564,0.7159671783447266,1
3SE9_RH67A,3SE9,RH67A,1.4459420442581177,1.6327133178710938,1
3SE9_RH74A,3SE9,RH74A,2.6362249851226807,1.2341530323028564,1
3SE9_RH76A,3SE9,RH76A,-0.22848650813102722,1.0496070384979248,1
3SE9_DH77A,3SE9,DH77A,-0.7541710138320923,0.7802262902259827,1
3SE9_YH104A,3SE9,YH104A,0.45625215768814087,0.5795358419418335,1
3SE9_TH105A,3SE9,TH105A,-0.43484148383140564,0.7050246000289917,1
3SE9_GH106A,3SE9,GH106A,-0.3026396632194519,1.0676193237304688,1
3SE9_GH107A,3SE9,GH107A,-0.6052793264389038,0.22635367512702942,1
3SE9_GH109A,3SE9,GH109A,0.18216991424560547,1.235426902770996,1
3SE9_VL3A,3SE9,VL3A,-0.486391544342041,-0.29662567377090454,1
3SE9_YL28A,3SE9,YL28A,1.0997674465179443,0.653596818447113,1
3SE9_GL29A,3SE9,GL29A,0.45625215768814087,0.8323910236358643,1
3SE9_LL89A,3SE9,LL89A,0.9487559795379639,2.0640251636505127,1
3SE9_EL90A,3SE9,EL90A,0.4106564223766327,1.4305624961853027,1
3SE9_FL91A,3SE9,FL91A,0.023236390203237534,0.7805013060569763,1
1FFW_DA12K,1FFW,DA12K,0.04742145910859108,0.6344422101974487,1
1FFW_TA86I,1FFW,TA86I,-0.31932955980300903,-1.6551278829574585,1
1FFW_AA89V,1FFW,AA89V,0.09132687747478485,-0.39511340856552124,1
1FFW_EA92K,1FFW,EA92K,0.8213128447532654,-0.43021929264068604,1
1FFW_YA105W,1FFW,YA105W,0.7132960557937622,-0.9592592716217041,1
1FFW_VA107M,1FFW,VA107M,1.1313122510910034,-0.03061021864414215,1
1FFW_FA110V,1FFW,FA110V,1.2561542987823486,1.0054112672805786,1
1FFW_TA111I,1FFW,TA111I,0.5622846484184265,-0.3185657262802124,1
1FFW_EA116K,1FFW,EA116K,0.7132960557937622,-0.06437234580516815,1
1FFW_EB13A,1FFW,EB13A,0.7167708873748779,1.8751964569091797,1
1FFW_EB20A,1FFW,EB20A,0.6391429305076599,1.4805188179016113,1
1FFW_HB23A,1FFW,HB23A,0.033863615244627,1.4167640209197998,1
1FFW_DB44A,1FFW,DB44A,-0.07415315508842468,0.26308315992355347,1
1FFW_DB49A,1FFW,DB49A,0.0962846651673317,1.6224321126937866,1
1FFW_CB55A,1FFW,CB55A,0.20430143177509308,0.7673426270484924,1
1FFW_FB56A,1FFW,FB56A,3.645939826965332,3.184739351272583,1
1FFW_IB58A,1FFW,IB58A,0.42783015966415405,0.5877137780189514,1
1FFW_AA102V,1FFW,AA102V,1.3641711473464966,-0.025514282286167145,1
1FFW_YA50C,1FFW,YA50C,0.12541981041431427,0.5369414687156677,1
1YY9_LD29P,1YY9,LD29P,0.03084089420735836,0.9957830309867859,1
1YY9_WD52P,1YY9,WD52P,1.4789330959320068,0.844169557094574,1
1YY9_SD53P,1YY9,SD53P,0.8179112076759338,-0.33876651525497437,1
1YY9_GD54P,1YY9,GD54P,0.2681904733181,0.8837307095527649,1
1YY9_AD98P,1YY9,AD98P,1.0376917123794556,-0.6638841032981873,1
1YY9_YD101P,1YY9,YD101P,1.6521589756011963,0.5754934549331665,1
1YY9_AC25P,1YY9,AC25P,0.07228799909353256,-0.03085722029209137,1
1YY9_SC26P,1YY9,SC26P,-0.00911482609808445,-0.10846545547246933,1
1YY9_SC28P,1YY9,SC28P,-0.22239916026592255,-0.113067127764225,1
1YY9_SC54P,1YY9,SC54P,-0.018372075632214546,-0.13577263057231903,1
1YY9_TC96P,1YY9,TC96P,4.004943370819092,-0.10150684416294098,1
1YY9_SC26D,1YY9,SC26D,-0.19934363663196564,-0.194218710064888,1
1YY9_TC31E,1YY9,TC31E,-0.5191569924354553,0.5620337128639221,1
1YY9_NC93A,1YY9,NC93A,-0.7422019243240356,0.6607744097709656,1
1YY9_ND56A,1YY9,ND56A,-0.05707155540585518,1.0622246265411377,1
1YY9_TD61E,1YY9,TD61E,-0.05707155540585518,0.4883077144622803,1
"1YY9_TC31E,NC93A",1YY9,"TC31E,NC93A",-0.8188995718955994,1.5946228504180908,1
"1YY9_SC26D,TC31E,NC93A",1YY9,"SC26D,TC31E,NC93A",-1.3335405588150024,1.6122045516967773,1
"1YY9_SC26D,TC31E,NC93A,ND56A,TD61E",1YY9,"SC26D,TC31E,NC93A,ND56A,TD61E",-0.6520853638648987,0.8432090878486633,1
4NM8_IB18M,4NM8,IB18M,0.10801676660776138,-0.08314241468906403,1
4NM8_DB19N,4NM8,DB19N,0.6508750319480896,-0.040109969675540924,1
4NM8_RB25M,4NM8,RB25M,3.3870644569396973,0.8363044857978821,1
4NM8_TB32E,4NM8,TB32E,-0.5428582429885864,1.052690863609314,1
4NM8_TB32I,4NM8,TB32I,-0.04939959943294525,-0.24545104801654816,1
4NM8_TB32R,4NM8,TB32R,1.2015804052352905,1.064474105834961,1
4NM8_QB34T,4NM8,QB34T,2.2935006618499756,-0.04766246676445007,1
4NM8_QB34R,4NM8,QB34R,2.9276857376098633,-0.38533127307891846,1
4NM8_LB38Y,4NM8,LB38Y,-0.6052793264389038,-0.05370139330625534,1
2C5D_GC6S,2C5D,GC6S,0.09897152334451675,-0.13757909834384918,1
2C5D_DC61G,2C5D,DC61G,-0.5037813186645508,-0.09477901458740234,1
2C5D_VC66A,2C5D,VC66A,-0.5993249416351318,-0.5685149431228638,1
2C5D_GC101R,2C5D,GC101R,-0.018230730667710304,0.31911730766296387,1
"2C5D_GC6S,DC61G",2C5D,"GC6S,DC61G",-0.5295441746711731,-0.5229904651641846,1
"2C5D_GC6S,VC66A",2C5D,"GC6S,VC66A",-0.8469958901405334,-0.6297459006309509,1
"2C5D_GC6S,GC101R",2C5D,"GC6S,GC101R",0.034860171377658844,-0.2679656744003296,1
"2C5D_DC61G,GC101R",2C5D,"DC61G,GC101R",-0.5610889792442322,-0.22433944046497345,1
"2C5D_VC66A,GC101R",2C5D,"VC66A,GC101R",-0.6562855839729309,-0.5893989205360413,1
"2C5D_DC61G,VC66A",2C5D,"DC61G,VC66A",-1.040370225906372,-0.5762621164321899,1
"2C5D_DC61G,VC66A,GC101R",2C5D,"DC61G,VC66A,GC101R",-0.8699324131011963,-0.7250813841819763,1
"2C5D_GC6S,VC66A,GC101R",2C5D,"GC6S,VC66A,GC101R",-0.7966970801353455,-0.6653494238853455,1
"2C5D_GC6S,DC61G,GC101R",2C5D,"GC6S,DC61G,GC101R",-0.551903486251831,-0.1876821368932724,1
"2C5D_GC6S,DC61G,VC66R",2C5D,"GC6S,DC61G,VC66R",-1.2355707883834839,-0.45664966106414795,1
"2C5D_GC6S,DC61G,VC66R,GC101R",2C5D,"GC6S,DC61G,VC66R,GC101R",-1.4830588102340698,-0.1581186056137085,1
"2C5D_EC33R,TC51R",2C5D,"EC33R,TC51R",6.113513946533203,0.6008949279785156,1
"1MQ8_CB32L,CB170F",1MQ8,"CB32L,CB170F",3.681856870651245,0.039154067635536194,1
"1MQ8_CB32L,CB170F,KB158C,KB165C",1MQ8,"CB32L,CB170F,KB158C,KB165C",-1.774827480316162,0.20510250329971313,1
"1MQ8_CB32L,CB170F,EB155C,EB172C",1MQ8,"CB32L,CB170F,EB155C,EB172C",-1.2561542987823486,0.05570312216877937,1
"1MQ8_CB32L,CB170F,KB31C,TB171C",1MQ8,"CB32L,CB170F,KB31C,TB171C",2.9685609340667725,0.062593013048172,1
"1MQ8_CB32L,CB170F,LB160C,KB165C",1MQ8,"CB32L,CB170F,LB160C,KB165C",3.7200927734375,0.2849279046058655,1
"1MQ8_CB32L,KB31C",1MQ8,"CB32L,KB31C",0.6100000739097595,0.5010837912559509,1
"1MQ8_CB170F,TB171C",1MQ8,"CB170F,TB171C",0.6766378879547119,-0.11896853148937225,1
"3UIH_KA58Y,HA76W",3UIH,"KA58Y,HA76W",-1.0724024772644043,-0.7405105829238892,1
1LP9_TA163A,1LP9,TA163A,-0.40431997179985046,0.7316411733627319,1
1LP9_WA167A,1LP9,WA167A,0.29880499839782715,0.7332428693771362,1
1LP9_KA66A,1LP9,KA66A,0.7283912301063538,1.7283120155334473,1
1LP9_KA66A,1LP9,KA66A,1.1528583765029907,1.7283120155334473,1
3BP8_FA115A,3BP8,FA115A,0.708987295627594,2.6125247478485107,1
3BP8_AC51F,3BP8,AC51F,0.6154942512512207,-1.5880300998687744,1
"3BP8_FA115A,AC51F",3BP8,"FA115A,AC51F",-0.7745522260665894,-0.6038929224014282,1
"3L5X_HL91Q,NL92D,EL93L,YL94G",3L5X,"HL91Q,NL92D,EL93L,YL94G",-1.7859313488006592,0.8199649453163147,1
"3L5X_NL92D,EL93W,YL94G",3L5X,"NL92D,EL93W,YL94G",-1.6832761764526367,0.9377694725990295,1
"3L5X_HL91Q,NL92D,EL93I,YL94G",3L5X,"HL91Q,NL92D,EL93I,YL94G",-1.5510743856430054,0.4329864978790283,1
"3L5X_NL92E,EL93W,YL94G",3L5X,"NL92E,EL93W,YL94G",-1.5510743856430054,0.4673883318901062,1
"3L5X_NL92D,EL93P,YL94G",3L5X,"NL92D,EL93P,YL94G",-1.470618486404419,1.0766699314117432,1
"3L5X_HL91Q,NL92D,EL93Y,YL94G",3L5X,"HL91Q,NL92D,EL93Y,YL94G",-1.452102780342102,-0.04681795835494995,1
"3L5X_NL92S,EL93W,YL94G",3L5X,"NL92S,EL93W,YL94G",-1.2726197242736816,0.5678650736808777,1
"3L5X_NL92E,EL93S,YL94G",3L5X,"NL92E,EL93S,YL94G",-1.2659252882003784,0.9635003209114075,1
"3L5X_NL92S,EL93H,YL94G",3L5X,"NL92S,EL93H,YL94G",-1.2462842464447021,0.9345472455024719,1
"3L5X_NL92F,EL93W,YL94G",3L5X,"NL92F,EL93W,YL94G",-1.233542799949646,0.2607436776161194,1
"3L5X_NL92D,EL93W,YL94E",3L5X,"NL92D,EL93W,YL94E",-1.1968846321105957,0.33635401725769043,1
"3L5X_NL92S,EL93Y,YL94G",3L5X,"NL92S,EL93Y,YL94G",-0.9646185040473938,0.7659202218055725,1
"3L5X_HL91P,NL92L,EL93D,YL94V",3L5X,"HL91P,NL92L,EL93D,YL94V",-0.8586066961288452,0.2686206102371216,1
"3L5X_NL92V,EL93W,YL94G",3L5X,"NL92V,EL93W,YL94G",-0.8356277942657471,0.6236435174942017,1
3L5X_YL94A,3L5X,YL94A,-0.8292228579521179,1.2284733057022095,1
"3L5X_NL92L,EL93M,YL94G",3L5X,"NL92L,EL93M,YL94G",-0.8260461688041687,0.7560983896255493,1
"3L5X_HL91P,NL92L,EL93D,YL94T",3L5X,"HL91P,NL92L,EL93D,YL94T",-0.8104133009910583,0.6627063155174255,1
"3L5X_NL92D,EL93Y,YL94A",3L5X,"NL92D,EL93Y,YL94A",-0.807335615158081,1.0521764755249023,1
"3L5X_NL92S,EL93I,YL94G",3L5X,"NL92S,EL93I,YL94G",-0.807335615158081,0.5309556126594543,1
"3L5X_EL93H,YL94G",3L5X,"EL93H,YL94G",-0.7629918456077576,1.0351192951202393,1
"3L5X_NL92D,EL93W,YL94S",3L5X,"NL92D,EL93W,YL94S",-0.7164474129676819,0.042819730937480927,1
"3L5X_NL92L,EL93N,YL94G",3L5X,"NL92L,EL93N,YL94G",-0.6957483291625977,1.0920507907867432,1
"3L5X_NL92L,EL93D,YL94S",3L5X,"NL92L,EL93D,YL94S",-0.6806851625442505,-0.04178062826395035,1
"3L5X_HL91P,NL92I,EL93D,YL94A",3L5X,"HL91P,NL92I,EL93D,YL94A",-0.6469592452049255,0.9705196022987366,1
"3L5X_HL91P,NL92L,EL93D,YL94S",3L5X,"HL91P,NL92L,EL93D,YL94S",-0.6330730319023132,0.3247435688972473,1
"3L5X_NL92L,EL93L,YL94G",3L5X,"NL92L,EL93L,YL94G",-0.6262500882148743,0.7516807913780212,1
"3L5X_NL92L,EL93D,YL94S",3L5X,"NL92L,EL93D,YL94S",-0.5539621114730835,-0.04178062826395035,1
"3L5X_NL92D,EL93N,YL94S",3L5X,"NL92D,EL93N,YL94S",-0.5342774987220764,0.59992516040802,1
"3L5X_NL92D,EL93R,YL94D",3L5X,"NL92D,EL93R,YL94D",-0.5227732062339783,0.5444033741950989,1
"3L5X_NL92S,EL93V,YL94G",3L5X,"NL92S,EL93V,YL94G",-0.5171037912368774,0.7480626106262207,1
"3L5X_NL92V,EL93G,YL94G",3L5X,"NL92V,EL93G,YL94G",-0.4632073640823364,1.2814584970474243,1
"3L5X_HL91P,NL92L,YL94A",3L5X,"HL91P,NL92L,YL94A",-0.4446124732494354,0.08059220016002655,1
"3L5X_NL92D,EL93L,YL94G",3L5X,"NL92D,EL93L,YL94G",-0.4298209547996521,1.1950969696044922,1
"3L5X_EL93F,YL94G",3L5X,"EL93F,YL94G",-0.42820003628730774,0.6976777911186218,1
"3L5X_NL92S,EL93W,YL94A",3L5X,"NL92S,EL93W,YL94A",-0.30316370725631714,0.5303932428359985,1
"3L5X_NL92S,EL93S,YL94G",3L5X,"NL92S,EL93S,YL94G",-0.24932429194450378,1.0446255207061768,1
3BT1_RU135A,3BT1,RU135A,-0.2876400649547577,0.26112788915634155,1
3BT1_KU137A,3BT1,KU137A,0.6742783188819885,0.3846331238746643,1
3BT1_RU140A,3BT1,RU140A,0.3632349669933319,0.29653018712997437,1
3BT1_HU141A,3BT1,HU141A,0.6616276502609253,0.492442786693573,1
3BT1_RU143A,3BT1,RU143A,0.42034250497817993,0.4853605031967163,1
3BT1_LU1A,3BT1,LU1A,0.34248337149620056,0.2893964648246765,1
3BT1_RU2A,3BT1,RU2A,0.09499531984329224,0.41510164737701416,1
3BT1_MU4A,3BT1,MU4A,0.03743046522140503,0.14044521749019623,1
3BT1_QU5A,3BT1,QU5A,0.06113170459866524,-0.19361759722232819,1
3BT1_KU7A,3BT1,KU7A,0.27360501885414124,0.39673012495040894,1
3BT1_TU8A,3BT1,TU8A,0.17684276401996613,0.645895779132843,1
3BT1_NU9A,3BT1,NU9A,0.3052099347114563,-0.10638280212879181,1
3BT1_GU10A,3BT1,GU10A,0.265433132648468,0.7112902402877808,1
3BT1_DU11A,3BT1,DU11A,-0.02633553557097912,0.7036800980567932,1
3BT1_RU13A,3BT1,RU13A,0.27360501885414124,-0.16056212782859802,1
3BT1_VU14A,3BT1,VU14A,0.28166571259498596,-0.11499164998531342,1
3BT1_EU15A,3BT1,EU15A,0.11654140055179596,-0.31105542182922363,1
3BT1_EU16A,3BT1,EU16A,0.08392112702131271,-0.07330641150474548,1
3BT1_AU18S,3BT1,AU18S,0.07263598591089249,-0.0221303291618824,1
3BT1_LU19A,3BT1,LU19A,0.17684276401996613,-0.09976314008235931,1
3BT1_GU20A,3BT1,GU20A,0.0,-0.30444806814193726,1
3BT1_QU21A,3BT1,QU21A,0.3128545880317688,-0.12770245969295502,1
3BT1_DU22A,3BT1,DU22A,0.23156951367855072,0.21458879113197327,1
3BT1_LU23A,3BT1,LU23A,0.46005600690841675,0.2949923276901245,1
3BT1_RU25A,3BT1,RU25A,1.0169651508331299,0.6057335734367371,1
3BT1_TU26A,3BT1,TU26A,0.1863221973180771,0.02999730594456196,1
3BT1_TU27A,3BT1,TU27A,0.9107969403266907,0.5140097737312317,1
3BT1_IU28A,3BT1,IU28A,0.07263598591089249,0.7236993908882141,1
3BT1_VU29A,3BT1,VU29A,0.7158663868904114,-0.06022866815328598,1
3BT1_RU30A,3BT1,RU30A,0.46005600690841675,0.30658984184265137,1
3BT1_LU31A,3BT1,LU31A,0.3128545880317688,0.3584977984428406,1
3BT1_WU32A,3BT1,WU32A,-0.013021446764469147,0.05051935091614723,1
3BT1_EU33A,3BT1,EU33A,0.377549946308136,0.26287537813186646,1
3BT1_EU34A,3BT1,EU34A,0.34248337149620056,-0.20824095606803894,1
3BT1_GU35A,3BT1,GU35A,0.3204018473625183,0.16515620052814484,1
3BT1_EU36A,3BT1,EU36A,0.09499531984329224,-0.14535361528396606,1
3BT1_EU37A,3BT1,EU37A,0.04939959943294525,0.23824511468410492,1
3BT1_LU38A,3BT1,LU38A,0.5218843221664429,1.1849422454833984,1
3BT1_EU39A,3BT1,EU39A,0.15741637349128723,0.573398768901825,1
3BT1_LU40A,3BT1,LU40A,0.8707124590873718,1.8828574419021606,1
3BT1_VU41A,3BT1,VU41A,0.4889618456363678,0.8440872430801392,1
3BT1_EU42A,3BT1,EU42A,-0.19677335023880005,-0.3809657692909241,1
3BT1_KU43A,3BT1,KU43A,0.22279229760169983,0.9158175587654114,1
3BT1_SU44A,3BT1,SU44A,0.22279229760169983,-0.07021960616111755,1
3BT1_TU46A,3BT1,TU46A,0.46005600690841675,-0.23204807937145233,1
3BT1_HU47A,3BT1,HU47A,0.39101532101631165,0.1261981576681137,1
3BT1_SU48A,3BT1,SU48A,0.40418148040771484,-0.06756822764873505,1
3BT1_EU49A,3BT1,EU49A,-0.02633553557097912,0.27719414234161377,1
3BT1_KU50A,3BT1,KU50A,0.6422259211540222,0.6118202805519104,1
3BT1_TU51A,3BT1,TU51A,0.7120067477226257,0.5523461699485779,1
3BT1_NU52Q,3BT1,NU52Q,0.6334487199783325,-0.18296970427036285,1
3BT1_RU53A,3BT1,RU53A,0.8882246017456055,0.121237613260746,1
3BT1_TU54A,3BT1,TU54A,0.39101532101631165,0.4295421838760376,1
3BT1_LU55A,3BT1,LU55A,1.1109310388565063,0.2948176860809326,1
3BT1_SU56A,3BT1,SU56A,0.04939959943294525,-0.1517086625099182,1
3BT1_YU57A,3BT1,YU57A,1.200562834739685,1.0093915462493896,1
3BT1_RU58A,3BT1,RU58A,-0.06817305088043213,0.26649439334869385,1
3BT1_TU59A,3BT1,TU59A,0.5530732274055481,0.8924813866615295,1
3BT1_GU60A,3BT1,GU60A,0.29746535420417786,0.08106257021427155,1
3BT1_LU61A,3BT1,LU61A,-0.12899070978164673,0.23539350926876068,1
3BT1_KU62A,3BT1,KU62A,0.41706135869026184,0.28003770112991333,1
3BT1_IU63A,3BT1,IU63A,0.11654140055179596,0.25584062933921814,1
3BT1_TU64A,3BT1,TU64A,0.659399688243866,0.6232187151908875,1
3BT1_SU65A,3BT1,SU65A,0.3128545880317688,-0.43708401918411255,1
3BT1_LU66A,3BT1,LU66A,1.3769124746322632,0.23683270812034607,1
3BT1_TU67A,3BT1,TU67A,0.1863221973180771,0.3528546094894409,1
3BT1_EU68A,3BT1,EU68A,0.04939959943294525,1.6722278594970703,1
3BT1_VU69A,3BT1,VU69A,0.22279229760169983,0.4027245044708252,1
3BT1_VU70A,3BT1,VU70A,0.14745895564556122,-0.25720280408859253,1
3BT1_GU72A,3BT1,GU72A,0.2402186095714569,-0.47035789489746094,1
3BT1_LU73A,3BT1,LU73A,0.23156951367855072,0.04642876237630844,1
3BT1_DU74A,3BT1,DU74A,0.3052099347114563,0.04595309495925903,1
3BT1_LU75A,3BT1,LU75A,0.5165227055549622,0.4554717540740967,1
3BT1_QU78A,3BT1,QU78A,0.2402186095714569,0.03862203657627106,1
3BT1_GU79A,3BT1,GU79A,0.22279229760169983,-0.0019774362444877625,1
3BT1_NU80A,3BT1,NU80A,0.204837828874588,-0.17170748114585876,1
3BT1_SU81A,3BT1,SU81A,0.257146954536438,-0.07794784754514694,1
3BT1_GU82A,3BT1,GU82A,0.09499531984329224,-0.03310873731970787,1
3BT1_VU83A,3BT1,VU83A,0.28166571259498596,-0.09127147495746613,1
3BT1_TU84A,3BT1,TU84A,-0.08280224353075027,0.24699266254901886,1
3BT1_YU85A,3BT1,YU85A,0.24874325096607208,0.1934182494878769,1
3BT1_SU86A,3BT1,SU86A,0.2402186095714569,0.21654076874256134,1
3BT1_RU87A,3BT1,RU87A,0.2402186095714569,-0.07183990627527237,1
3BT1_SU88A,3BT1,SU88A,0.1956523358821869,-0.07337920367717743,1
3BT1_RU89A,3BT1,RU89A,0.28166571259498596,0.43115234375,1
3BT1_YU90A,3BT1,YU90A,0.17684276401996613,-0.18079717457294464,1
3BT1_LU91A,3BT1,LU91A,-0.1619131714105606,0.09221275895833969,1
3BT1_EU92A,3BT1,EU92A,0.204837828874588,-0.11846190690994263,1
3BT1_IU94A,3BT1,IU94A,0.1863221973180771,-0.06966815888881683,1
3BT1_SU95A,3BT1,SU95A,0.8707124590873718,-0.12725211679935455,1
3BT1_GU97A,3BT1,GU97A,-0.6638965010643005,-0.8516757488250732,1
3BT1_SU98A,3BT1,SU98A,1.156526803970337,0.09048625826835632,1
3BT1_SU99A,3BT1,SU99A,0.29746535420417786,0.33189940452575684,1
3BT1_DU100A,3BT1,DU100A,1.6920253038406372,0.1505855768918991,1
3BT1_MU101A,3BT1,MU101A,0.4106564223766327,0.016939960420131683,1
3BT1_SU102A,3BT1,SU102A,0.6109192967414856,-0.2780984044075012,1
3BT1_EU104A,3BT1,EU104A,0.8148378729820251,-0.02043898031115532,1
3BT1_RU105A,3BT1,RU105A,0.40418148040771484,0.13534918427467346,1
3BT1_RU107A,3BT1,RU107A,0.265433132648468,0.2553175687789917,1
3BT1_HU108A,3BT1,HU108A,0.41706135869026184,-0.07288718223571777,1
3BT1_QU109A,3BT1,QU109A,0.08392112702131271,0.09705564379692078,1
3BT1_SU110A,3BT1,SU110A,0.24874325096607208,-0.09338928759098053,1
3BT1_LU111A,3BT1,LU111A,1.4646269083023071,0.24793612957000732,1
3BT1_QU112A,3BT1,QU112A,-0.12899070978164673,0.46352410316467285,1
3BT1_RU114A,3BT1,RU114A,0.21388307213783264,0.27916932106018066,1
3BT1_SU115A,3BT1,SU115A,0.012741394340991974,0.006011532619595528,1
3BT1_PU116A,3BT1,PU116A,-0.25324004888534546,0.21611595153808594,1
3BT1_EU117A,3BT1,EU117A,-0.29411500692367554,-0.4585999846458435,1
3BT1_EU118A,3BT1,EU118A,0.0,0.34720003604888916,1
3BT1_QU119A,3BT1,QU119A,-0.06817305088043213,0.32809609174728394,1
3BT1_LU121A,3BT1,LU121A,0.46005600690841675,0.2709504961967468,1
3BT1_DU122A,3BT1,DU122A,0.7882063388824463,-0.09701135009527206,1
3BT1_VU123A,3BT1,VU123A,0.7882063388824463,0.6947782635688782,1
3BT1_VU124A,3BT1,VU124A,0.7458703517913818,0.24184127151966095,1
3BT1_TU125A,3BT1,TU125A,1.002914309501648,0.36117303371429443,1
3BT1_HU126A,3BT1,HU126A,0.39101532101631165,0.49692314863204956,1
3BT1_WU127A,3BT1,WU127A,-0.43699195981025696,1.049041509628296,1
3BT1_IU128A,3BT1,IU128A,-0.31566110253334045,0.49356645345687866,1
3BT1_QU129A,3BT1,QU129A,-0.0978018268942833,0.22869262099266052,1
3BT1_EU130A,3BT1,EU130A,0.03743046522140503,0.08969048410654068,1
3BT1_GU131A,3BT1,GU131A,-0.2150040864944458,-0.12281529605388641,1
3BT1_EU132A,3BT1,EU132A,-0.1619131714105606,0.48332029581069946,1
3BT1_EU133A,3BT1,EU133A,-0.14522328972816467,0.3840130567550659,1
3BT1_GU134A,3BT1,GU134A,-0.08280224353075027,0.3004257082939148,1
3BT1_RU135A,3BT1,RU135A,0.24874325096607208,0.26112788915634155,1
3BT1_PU136A,3BT1,PU136A,0.33521392941474915,0.48948127031326294,1
3BT1_KU137A,3BT1,KU137A,0.6200341582298279,0.3846331238746643,1
3BT1_DU138A,3BT1,DU138A,1.2959980964660645,-0.3756565451622009,1
3BT1_DU139A,3BT1,DU139A,1.048509955406189,0.3871481418609619,1
3BT1_RU140A,3BT1,RU140A,0.804990828037262,0.29653018712997437,1
3BT1_HU141A,3BT1,HU141A,0.6378535628318787,0.492442786693573,1
3BT1_LU142A,3BT1,LU142A,0.7235110402107239,1.736459493637085,1
3BT1_RU143A,3BT1,RU143A,0.9190446734428406,0.4853605031967163,1
3BT1_GU144A,3BT1,GU144A,1.250980019569397,-0.20650441944599152,1
3BT1_GU146A,3BT1,GU146A,1.4402152299880981,0.31324315071105957,1
3BT1_YU147A,3BT1,YU147A,-0.11319105327129364,0.22548280656337738,1
3BT1_LU148A,3BT1,LU148A,1.6624155044555664,0.10466746240854263,1
3BT1_PU149A,3BT1,PU149A,0.5969786047935486,0.10483503341674805,1
3BT1_GU150A,3BT1,GU150A,0.5165227055549622,0.8970577716827393,1
3BT1_PU152A,3BT1,PU152A,0.46005600690841675,0.08839430660009384,1
3BT1_SU154A,3BT1,SU154A,-0.03995572030544281,-0.0856957659125328,1
3BT1_NU155A,3BT1,NU155A,0.6016620397567749,0.27867257595062256,1
3BT1_GU156A,3BT1,GU156A,-0.23381365835666656,-0.4697246551513672,1
3BT1_FU157A,3BT1,FU157A,0.700274646282196,0.742636501789093,1
3BT1_HU158A,3BT1,HU158A,0.204837828874588,0.8058510422706604,1
3BT1_NU159A,3BT1,NU159A,0.3707006871700287,0.15542186796665192,1
3BT1_NU160Q,3BT1,NU160Q,0.39101532101631165,-0.0003675296902656555,1
3BT1_DU161A,3BT1,DU161A,-0.0978018268942833,0.24289359152317047,1
3BT1_TU162A,3BT1,TU162A,-0.08280224353075027,0.011166766285896301,1
3BT1_FU163A,3BT1,FU163A,1.0636740922927856,0.059560179710388184,1
3BT1_HU164A,3BT1,HU164A,1.0284249782562256,-0.11924909055233002,1
3BT1_FU165A,3BT1,FU165A,0.12702755630016327,0.7497400641441345,1
3BT1_LU166A,3BT1,LU166A,0.7458703517913818,0.41987258195877075,1
3BT1_KU167A,3BT1,KU167A,0.28166571259498596,0.5841979384422302,1
3BT1_NU170Q,3BT1,NU170Q,0.17684276401996613,-0.35670679807662964,1
3BT1_TU171A,3BT1,TU171A,0.27360501885414124,-0.05068116635084152,1
3BT1_TU172A,3BT1,TU172A,0.4106564223766327,-0.07062177360057831,1
3BT1_KU173A,3BT1,KU173A,0.6923221349716187,0.2158435732126236,1
3BT1_EU176A,3BT1,EU176A,0.025214528664946556,0.019421759992837906,1
3BT1_GU177A,3BT1,GU177A,0.327854186296463,0.19038784503936768,1
3BT1_PU178A,3BT1,PU178A,-0.2733250856399536,-0.08622801303863525,1
3BT1_IU179A,3BT1,IU179A,0.36377134919166565,0.17805956304073334,1
3BT1_LU180A,3BT1,LU180A,0.6719609498977661,0.3608124256134033,1
3BT1_EU181A,3BT1,EU181A,0.46005600690841675,0.216396763920784,1
3BT1_LU182A,3BT1,LU182A,0.7310582995414734,0.7026301026344299,1
3BT1_EU183A,3BT1,EU183A,0.39101532101631165,0.09058353304862976,1
3BT1_NU184A,3BT1,NU184A,0.327854186296463,-0.05491483211517334,1
3BT1_LU185A,3BT1,LU185A,0.204837828874588,1.0319031476974487,1
3BT1_PU186A,3BT1,PU186A,-0.013021446764469147,0.17811594903469086,1
3BT1_QU187A,3BT1,QU187A,-0.17908690869808197,-0.019553780555725098,1
3BT1_NU188A,3BT1,NU188A,-0.23381365835666656,-0.021820999681949615,1
3BT1_GU189A,3BT1,GU189A,-0.0978018268942833,0.07195910811424255,1
3BT1_RU190A,3BT1,RU190A,0.3204018473625183,0.08106906712055206,1
3BT1_QU191A,3BT1,QU191A,-0.19677335023880005,0.07595600187778473,1
3BT1_YU193A,3BT1,YU193A,-0.06817305088043213,0.2335483729839325,1
3BT1_SU194A,3BT1,SU194A,-0.2733250856399536,0.559683620929718,1
3BT1_KU196A,3BT1,KU196A,0.24874325096607208,0.1770160049200058,1
3BT1_GU197A,3BT1,GU197A,0.025214528664946556,0.5085833072662354,1
3BT1_NU198Q,3BT1,NU198Q,0.012741394340991974,-0.25820648670196533,1
3BT1_SU199A,3BT1,SU199A,-0.12899070978164673,0.11193828284740448,1
3BT1_TU200A,3BT1,TU200A,-0.23381365835666656,0.009628769010305405,1
3BT1_HU201A,3BT1,HU201A,0.012741394340991974,0.07216113805770874,1
3BT1_GU202A,3BT1,GU202A,-0.4106564223766327,-0.030266959220170975,1
3BT1_SU204A,3BT1,SU204A,-0.2150040864944458,0.12313954532146454,1
3BT1_SU205A,3BT1,SU205A,-0.2150040864944458,0.0885155126452446,1
3BT1_EU206A,3BT1,EU206A,-0.11319105327129364,0.04082047939300537,1
3BT1_EU207A,3BT1,EU207A,-0.25324004888534546,0.19897964596748352,1
3BT1_TU208A,3BT1,TU208A,0.23156951367855072,0.8646687865257263,1
3BT1_FU209A,3BT1,FU209A,0.1956523358821869,0.27313417196273804,1
3BT1_LU210A,3BT1,LU210A,-0.5238474607467651,0.352226197719574,1
3BT1_IU211A,3BT1,IU211A,0.14745895564556122,0.1309920847415924,1
3BT1_DU212A,3BT1,DU212A,-0.06817305088043213,0.2420593798160553,1
3BT1_RU214A,3BT1,RU214A,-0.02633553557097912,0.5142776370048523,1
3BT1_GU215A,3BT1,GU215A,-0.0978018268942833,0.12418316304683685,1
3BT1_PU216A,3BT1,PU216A,-0.11319105327129364,0.17870451509952545,1
3BT1_MU217A,3BT1,MU217A,1.0284249782562256,0.22010381519794464,1
3BT1_NU218A,3BT1,NU218A,-0.17908690869808197,-0.1906866878271103,1
3BT1_QU219A,3BT1,QU219A,-0.06817305088043213,0.40997642278671265,1
3BT1_LU221A,3BT1,LU221A,0.265433132648468,0.10333378612995148,1
3BT1_VU222A,3BT1,VU222A,-0.49345865845680237,-0.35604381561279297,1
3BT1_AU223S,3BT1,AU223S,-0.23381365835666656,-0.03913356736302376,1
3BT1_TU224A,3BT1,TU224A,-0.2150040864944458,-0.01990317925810814,1
3BT1_GU225A,3BT1,GU225A,0.7120067477226257,0.20317356288433075,1
3BT1_TU226A,3BT1,TU226A,-0.02633553557097912,0.16043783724308014,1
3BT1_HU227A,3BT1,HU227A,0.265433132648468,1.1189491748809814,1
3BT1_EU228A,3BT1,EU228A,0.17684276401996613,1.2684351205825806,1
3BT1_PU229A,3BT1,PU229A,0.04939959943294525,-0.05765938758850098,1
3BT1_KU230A,3BT1,KU230A,0.265433132648468,0.3537599444389343,1
3BT1_NU231A,3BT1,NU231A,0.33521392941474915,0.09381111711263657,1
3BT1_QU232A,3BT1,QU232A,0.09499531984329224,0.37296104431152344,1
3BT1_SU233A,3BT1,SU233A,-0.17908690869808197,-0.05775866657495499,1
3BT1_YU234A,3BT1,YU234A,0.1863221973180771,0.7942202687263489,1
3BT1_MU235A,3BT1,MU235A,0.04939959943294525,0.3576740622520447,1
3BT1_VU236A,3BT1,VU236A,0.15741637349128723,0.35769742727279663,1
3BT1_RU237A,3BT1,RU237A,0.1956523358821869,0.23063528537750244,1
3BT1_GU238A,3BT1,GU238A,-0.08280224353075027,0.27612102031707764,1
3BT1_AU240S,3BT1,AU240S,-0.17908690869808197,-0.8278071284294128,1
3BT1_TU241A,3BT1,TU241A,0.34966468811035156,-0.18712085485458374,1
3BT1_AU242S,3BT1,AU242S,-0.31566110253334045,-0.08645565062761307,1
3BT1_SU243A,3BT1,SU243A,-0.06817305088043213,0.09091819822788239,1
3BT1_MU244A,3BT1,MU244A,0.12702755630016327,0.8023318648338318,1
3BT1_QU246A,3BT1,QU246A,0.46005600690841675,0.12171176820993423,1
3BT1_HU247A,3BT1,HU247A,0.04939959943294525,0.3550882935523987,1
3BT1_AU248S,3BT1,AU248S,0.12702755630016327,-0.28421515226364136,1
3BT1_HU249A,3BT1,HU249A,0.28166571259498596,0.46621090173721313,1
3BT1_LU250A,3BT1,LU250A,0.41706135869026184,-0.03487447276711464,1
3BT1_GU251A,3BT1,GU251A,0.17684276401996613,0.9375949501991272,1
3BT1_DU252A,3BT1,DU252A,0.06113170459866524,1.218227505683899,1
3BT1_AU253S,3BT1,AU253S,0.204837828874588,-1.5547600984573364,1
3BT1_FU254A,3BT1,FU254A,0.8939488530158997,0.3026975393295288,1
3BT1_SU255A,3BT1,SU255A,0.21388307213783264,0.40069741010665894,1
3BT1_MU256A,3BT1,MU256A,0.7385106086730957,0.4586832523345947,1
3BT1_NU257A,3BT1,NU257A,-0.23381365835666656,0.6035262942314148,1
3BT1_HU258A,3BT1,HU258A,0.04939959943294525,0.1736547201871872,1
3BT1_IU259A,3BT1,IU259A,0.13733132183551788,0.3985447287559509,1
3BT1_DU260A,3BT1,DU260A,0.10586630553007126,0.1912086457014084,1
3BT1_VU261A,3BT1,VU261A,0.2402186095714569,-0.06088960915803909,1
3BT1_SU262A,3BT1,SU262A,-0.06817305088043213,-0.043809883296489716,1
3BT1_TU265A,3BT1,TU265A,0.06113170459866524,-0.05284295231103897,1
3BT1_KU266A,3BT1,KU266A,0.09499531984329224,-0.07569827884435654,1
3BT1_SU267A,3BT1,SU267A,-0.14522328972816467,0.32330822944641113,1
3BT1_GU268A,3BT1,GU268A,-0.29411500692367554,0.05046871304512024,1
3BT1_HU271A,3BT1,HU271A,0.14745895564556122,0.15378104150295258,1
3BT1_PU272A,3BT1,PU272A,-0.013021446764469147,0.18395346403121948,1
3BT1_DU273A,3BT1,DU273A,0.04939959943294525,0.13548052310943604,1
1S1Q_VA41A,1S1Q,VA41A,0.6707527041435242,0.5580222606658936,1
1S1Q_FA42A,1S1Q,FA42A,0.19934363663196564,1.629806637763977,1
1S1Q_NA43A,1S1Q,NA43A,1.2319692373275757,1.1820666790008545,1
1S1Q_DA44A,1S1Q,DA44A,0.9655211567878723,1.2689144611358643,1
1S1Q_WA73A,1S1Q,WA73A,0.2807824909687042,2.147111177444458,1
1S1Q_FA86A,1S1Q,FA86A,0.7752504348754883,0.7884505987167358,1
"2VN5_SB42A,TB43F",2VN5,"SB42A,TB43F",0.25581035017967224,0.13332462310791016,1
"2VN5_SB42A,TB43F,TA35A",2VN5,"SB42A,TB43F,TA35A",0.3038233816623688,1.5321158170700073,1
"2VN5_SB42A,TB43F,NA37A",2VN5,"SB42A,TB43F,NA37A",1.1865808963775635,0.8704385757446289,1
"2VN5_SB42A,TB43F,YA39A",2VN5,"SB42A,TB43F,YA39A",1.2559173107147217,2.5682389736175537,1
"2VN5_SB42A,TB43F,SA66A",2VN5,"SB42A,TB43F,SA66A",-0.08797912299633026,1.2016754150390625,1
"2VN5_SB42A,TB43F,SA75A",2VN5,"SB42A,TB43F,SA75A",0.0,0.47760164737701416,1
"2VN5_SB42A,TB43F,LA77A",2VN5,"SB42A,TB43F,LA77A",3.150730848312378,1.8223440647125244,1
"2VN5_SB42A,TB43F,LA79A",2VN5,"SB42A,TB43F,LA79A",2.846151828765869,2.916494607925415,1
"2VN5_SB42A,TB43F,NA81A",2VN5,"SB42A,TB43F,NA81A",0.5928263664245605,1.169337272644043,1
"2VN5_SB42A,TB43F,IA83A",2VN5,"SB42A,TB43F,IA83A",0.9193722009658813,1.8413749933242798,1
"2VN5_SB42A,TB43F,MA125G",2VN5,"SB42A,TB43F,MA125G",1.546341061592102,1.0692987442016602,1
"2VN5_SB42A,TB43F,KA127G",2VN5,"SB42A,TB43F,KA127G",0.5062000751495361,0.9202607274055481,1
"2VN5_SB42A,TB43F,TA35A,NA37A",2VN5,"SB42A,TB43F,TA35A,NA37A",1.6314117908477783,1.292335033416748,1
"2VN5_SB42A,TB43F,TA35A,NA37A,YA39A",2VN5,"SB42A,TB43F,TA35A,NA37A,YA39A",3.647714376449585,1.972579002380371,1
"2VN5_SB42A,TB43F,TA35A,NA37A,NA81A",2VN5,"SB42A,TB43F,TA35A,NA37A,NA81A",3.059887647628784,1.6856777667999268,1
"2VN5_SB42A,TB43F,TA35A,NA37A,YA39A,NA81A",2VN5,"SB42A,TB43F,TA35A,NA37A,YA39A,NA81A",5.046028137207031,2.263056993484497,1
"2VN5_SB42A,TB43F,SA66A,SA68A,SA75A",2VN5,"SB42A,TB43F,SA66A,SA68A,SA75A",0.13692259788513184,1.1545456647872925,1
"2VN5_SB42A,TB43F,LA77A,LA79A",2VN5,"SB42A,TB43F,LA77A,LA79A",5.738830089569092,3.1089818477630615,1
"2VN5_SB42A,TB43F,MA125G,KA127A",2VN5,"SB42A,TB43F,MA125G,KA127A",2.3420603275299072,1.3661218881607056,1
"2VN5_SB42A,TB43F,AB14S,LB15T",2VN5,"SB42A,TB43F,AB14S,LB15T",0.3482353687286377,-0.9887651801109314,1
"2VN5_SB42A,TB43F,AB14Q,LB15Q",2VN5,"SB42A,TB43F,AB14Q,LB15Q",0.15086328983306885,0.3802453279495239,1
"2VN5_AB14S,LB15T",2VN5,"AB14S,LB15T",1.2761919498443604,-0.4941386580467224,1
"2VN5_SB42Q,TB43Q",2VN5,"SB42Q,TB43Q",0.9391224384307861,0.344173789024353,1
"2VN5_SB42A,TB43F,FB17A,LB45A",2VN5,"SB42A,TB43F,FB17A,LB45A",4.963521957397461,4.200441837310791,1
1GL1_LI29V,1GL1,LI29V,4.259236812591553,3.5709381103515625,1
"1GL1_KI30M,AI31G",1GL1,"KI30M,AI31G",-0.13220183551311493,0.11037573218345642,1
"4GU0_LE20A,TE22A,RE26A",4GU0,"LE20A,TE22A,RE26A",0.916396975517273,0.7046186923980713,1
3Q3J_YB100F,3Q3J,YB100F,0.21131277084350586,0.2089100182056427,1
1KNE_TP2K,1KNE,TP2K,-0.3143717646598816,0.3800082206726074,1
1KNE_TP2I,1KNE,TP2I,0.274082213640213,-0.0028784088790416718,1
1KNE_TP2F,1KNE,TP2F,0.0962846651673317,-0.014542380347847939,1
1KNE_TP2L,1KNE,TP2L,0.20430143177509308,1.7272484302520752,1
1KNE_AA3F,1KNE,AA3F,-0.11502811312675476,-0.4787905812263489,1
"1KNE_AA3F,TP2K",1KNE,"AA3F,TP2K",-0.03591717779636383,0.016760574653744698,1
"1KNE_AA3F,TP2I",1KNE,"AA3F,TP2I",0.5897433161735535,-0.608931839466095,1
"1KNE_AA3F,TP2F",1KNE,"AA3F,TP2F",0.8036264181137085,-0.20422886312007904,1
"1KNE_AA3F,TP2L",1KNE,"AA3F,TP2L",0.3929699659347534,0.659878671169281,1
1KNE_AA3K,1KNE,AA3K,0.8949532508850098,0.09419296681880951,1
"1KNE_AA3K,TP2K",1KNE,"AA3K,TP2K",1.5997247695922852,0.25534558296203613,1
"1KNE_AA3K,TP2I",1KNE,"AA3K,TP2I",1.398034691810608,0.020341169089078903,1
"1KNE_AA3K,TP2F",1KNE,"AA3K,TP2F",1.4692765474319458,0.16807182133197784,1
"1KNE_AA3K,TP2L",1KNE,"AA3K,TP2L",1.8344539403915405,1.9126402139663696,1
1KNE_AA3L,1KNE,AA3L,0.0,-0.31133073568344116,1
"1KNE_AA3L,TP2K",1KNE,"AA3L,TP2K",-0.15893353521823883,0.37242281436920166,1
"1KNE_AA3L,TP2I",1KNE,"AA3L,TP2I",0.06589584797620773,-0.03521522507071495,1
"1KNE_AA3L,TP2F",1KNE,"AA3L,TP2F",0.25172290205955505,-0.021077685058116913,1
"1KNE_AA3L,TP2L",1KNE,"AA3L,TP2L",0.25172290205955505,1.9503906965255737,1
1KNE_AA3T,1KNE,AA3T,-0.3767928183078766,-0.69256991147995,1
"1KNE_AA3T,TP2K",1KNE,"AA3T,TP2K",-0.3143717646598816,-0.05564069002866745,1
"1KNE_AA3T,TP2I",1KNE,"AA3T,TP2I",0.6024847030639648,-0.5254926681518555,1
"1KNE_AA3T,TP2F",1KNE,"AA3T,TP2F",0.7853956818580627,-0.29566216468811035,1
"1KNE_AA3T,TP2L",1KNE,"AA3T,TP2L",0.5634077787399292,1.136027455329895,1
1KNE_DA40F,1KNE,DA40F,-0.6170114278793335,-0.3694303631782532,1
"1KNE_DA40F,TP2K",1KNE,"DA40F,TP2K",-0.2063549906015396,-0.12013782560825348,1
"1KNE_DA40F,TP2I",1KNE,"DA40F,TP2I",0.20430143177509308,-0.8317999243736267,1
"1KNE_DA40F,TP2F",1KNE,"DA40F,TP2F",-0.15893353521823883,-0.3590788245201111,1
"1KNE_DA40F,TP2L",1KNE,"DA40F,TP2L",0.29562830924987793,0.15101338922977448,1
1KNE_DA40I,1KNE,DA40I,0.46075260639190674,-0.02259540930390358,1
"1KNE_DA40I,TP2K",1KNE,"DA40I,TP2K",0.5897433161735535,-0.1307956725358963,1
"1KNE_DA40I,TP2I",1KNE,"DA40I,TP2I",0.614957869052887,-0.6386914253234863,1
"1KNE_DA40I,TP2F",1KNE,"DA40I,TP2F",1.0953950881958008,-0.3651106357574463,1
"1KNE_DA40I,TP2L",1KNE,"DA40I,TP2L",0.5767219066619873,1.1470615863800049,1
1KNE_DA40K,1KNE,DA40K,-0.3767928183078766,0.3501743674278259,1
"1KNE_DA40K,TP2K",1KNE,"DA40K,TP2K",0.336503267288208,-0.11775730550289154,1
"1KNE_DA40K,TP2I",1KNE,"DA40K,TP2I",0.0,-0.6502597332000732,1
"1KNE_DA40K,TP2F",1KNE,"DA40K,TP2F",-0.03591717779636383,-0.15056848526000977,1
"1KNE_DA40K,TP2L",1KNE,"DA40K,TP2L",-0.3143717646598816,1.1304348707199097,1
1KNE_DA40T,1KNE,DA40T,0.49194151163101196,-0.17494513094425201,1
"1KNE_DA40T,TP2K",1KNE,"DA40T,TP2K",0.7270746231079102,0.029719479382038116,1
"1KNE_DA40T,TP2I",1KNE,"DA40T,TP2I",0.8872087001800537,-0.7836247682571411,1
"1KNE_DA40T,TP2F",1KNE,"DA40T,TP2F",1.240618348121643,-0.5934523344039917,1
"1KNE_DA40T,TP2L",1KNE,"DA40T,TP2L",0.25172290205955505,0.7680838704109192,1
1KNE_KA24A,1KNE,KA24A,-1.2678864002227783,-0.02405402436852455,1
"1KNE_KA24A,AA3K",1KNE,"KA24A,AA3K",-0.2579050660133362,0.3582155704498291,1
4KRL_RB30A,4KRL,RB30A,1.7210599184036255,0.6595903038978577,1
4KRL_DB112A,4KRL,DB112A,0.6499726176261902,1.6331192255020142,1
"4KRL_DA49T,FA51A",4KRL,"DA49T,FA51A",1.8532617092132568,1.035473346710205,1
1PPF_LI18G,1PPF,LI18G,3.3328986167907715,5.102875232696533,1
1PPF_LI18A,1PPF,LI18A,1.07108736038208,3.1260945796966553,1
1PPF_LI18S,1PPF,LI18S,3.0920286178588867,3.4821598529815674,1
1PPF_LI18C,1PPF,LI18C,-0.08952336758375168,0.6817012429237366,1
1PPF_LI18V,1PPF,LI18V,-0.4926644563674927,3.8030734062194824,1
1PPF_LI18T,1PPF,LI18T,0.9154713153839111,2.547741651535034,1
1PPF_LI18P,1PPF,LI18P,6.147148609161377,7.0539960861206055,1
1PPF_LI18I,1PPF,LI18I,-0.7328830361366272,3.741665840148926,1
1PPF_LI18M,1PPF,LI18M,1.25759756565094,0.24426843225955963,1
1PPF_LI18N,1PPF,LI18N,5.225429058074951,2.6325795650482178,1
1PPF_LI18D,1PPF,LI18D,7.61348819732666,6.1210527420043945,1
1PPF_LI18K,1PPF,LI18K,5.736492156982422,2.2907016277313232,1
1PPF_LI18Q,1PPF,LI18Q,3.306267023086548,3.4569356441497803,1
1PPF_LI18E,1PPF,LI18E,7.056237697601318,5.091955184936523,1
1PPF_LI18H,1PPF,LI18H,6.471245765686035,2.1103899478912354,1
1PPF_LI18F,1PPF,LI18F,5.169495582580566,0.9264581203460693,1
1PPF_LI18R,1PPF,LI18R,7.184541702270508,3.4797909259796143,1
1PPF_LI18Y,1PPF,LI18Y,6.635788440704346,1.1251403093338013,1
1PPF_LI18W,1PPF,LI18W,7.5441813468933105,2.5895140171051025,1
1PPF_AI15G,1PPF,AI15G,1.1382291316986084,1.2789137363433838,1
1PPF_AI15S,1PPF,AI15S,0.7564785480499268,0.3621758818626404,1
1PPF_AI15C,1PPF,AI15C,-0.6737069487571716,-0.15514887869358063,1
1PPF_AI15V,1PPF,AI15V,0.20805256068706512,-0.5461127161979675,1
1PPF_AI15T,1PPF,AI15T,0.9628335237503052,0.646253764629364,1
1PPF_AI15P,1PPF,AI15P,1.9954591989517212,1.402199387550354,1
1PPF_AI15L,1PPF,AI15L,0.01779268868267536,-0.14517176151275635,1
1PPF_AI15I,1PPF,AI15I,0.32947757840156555,-0.8650751709938049,1
1PPF_AI15M,1PPF,AI15M,-0.40133756399154663,-0.575222909450531,1
1PPF_AI15N,1PPF,AI15N,0.9154713153839111,0.06940092146396637,1
1PPF_AI15D,1PPF,AI15D,1.1382291316986084,1.7040951251983643,1
1PPF_AI15K,1PPF,AI15K,1.1275540590286255,1.2120552062988281,1
1PPF_AI15Q,1PPF,AI15Q,0.2497744858264923,0.4484798312187195,1
1PPF_AI15E,1PPF,AI15E,0.10560351610183716,0.5523548126220703,1
1PPF_AI15H,1PPF,AI15H,0.5528879165649414,0.5687249898910522,1
1PPF_AI15F,1PPF,AI15F,-0.07295020669698715,-1.3292176723480225,1
1PPF_AI15R,1PPF,AI15R,-0.26417794823646545,1.5283994674682617,1
1PPF_AI15Y,1PPF,AI15Y,-0.18506699800491333,-1.4262516498565674,1
1PPF_AI15W,1PPF,AI15W,-0.6408453583717346,-1.0488946437835693,1
1PPF_TI17G,1PPF,TI17G,3.599848985671997,3.34761381149292,1
1PPF_TI17A,1PPF,TI17A,3.48482084274292,2.010042428970337,1
1PPF_TI17S,1PPF,TI17S,1.504980206489563,0.2775389552116394,1
1PPF_TI17C,1PPF,TI17C,2.087496757507324,1.1387403011322021,1
1PPF_TI17V,1PPF,TI17V,1.4817438125610352,0.5310966968536377,1
1PPF_TI17P,1PPF,TI17P,3.074164390563965,3.050502061843872,1
1PPF_TI17L,1PPF,TI17L,2.279642343521118,1.784401535987854,1
1PPF_TI17I,1PPF,TI17I,1.4817438125610352,0.08226673305034637,1
1PPF_TI17M,1PPF,TI17M,2.5024001598358154,0.2223929613828659,1
1PPF_TI17N,1PPF,TI17N,2.698713541030884,1.6526025533676147,1
1PPF_TI17D,1PPF,TI17D,4.923678398132324,3.310258626937866,1
1PPF_TI17K,1PPF,TI17K,3.388773202896118,0.7131957411766052,1
1PPF_TI17Q,1PPF,TI17Q,1.968727469444275,2.2374775409698486,1
1PPF_TI17E,1PPF,TI17E,3.0410115718841553,3.3708393573760986,1
1PPF_TI17H,1PPF,TI17H,1.6936486959457397,2.48258900642395,1
1PPF_TI17F,1PPF,TI17F,1.7099932432174683,1.1405736207962036,1
1PPF_TI17R,1PPF,TI17R,3.4516680240631104,1.9209024906158447,1
1PPF_TI17Y,1PPF,TI17Y,2.4808542728424072,0.7506751418113708,1
1PPF_TI17W,1PPF,TI17W,2.195336103439331,2.1385393142700195,1
1PPF_EI19G,1PPF,EI19G,2.120649576187134,1.8195383548736572,1
1PPF_EI19A,1PPF,EI19A,1.2032891511917114,1.2244237661361694,1
1PPF_EI19S,1PPF,EI19S,1.8462116718292236,1.1515824794769287,1
1PPF_EI19C,1PPF,EI19C,1.4026328325271606,1.3305425643920898,1
1PPF_EI19V,1PPF,EI19V,1.159019112586975,1.3031891584396362,1
1PPF_EI19T,1PPF,EI19T,1.504980206489563,1.6469950675964355,1
1PPF_EI19P,1PPF,EI19P,3.2103826999664307,1.4501633644104004,1
1PPF_EI19L,1PPF,EI19L,1.07108736038208,1.2601741552352905,1
1PPF_EI19I,1PPF,EI19I,0.7233257293701172,-0.43033719062805176,1
1PPF_EI19M,1PPF,EI19M,1.1487152576446533,0.5853585004806519,1
1PPF_EI19N,1PPF,EI19N,1.2126933336257935,1.5625293254852295,1
1PPF_EI19D,1PPF,EI19D,0.5779248476028442,0.37151557207107544,1
1PPF_EI19K,1PPF,EI19K,2.120649576187134,0.5532857775688171,1
1PPF_EI19Q,1PPF,EI19Q,0.660430908203125,0.25772184133529663,1
1PPF_EI19H,1PPF,EI19H,0.6904641389846802,1.1634185314178467,1
1PPF_EI19F,1PPF,EI19F,1.3641711473464966,1.2985950708389282,1
1PPF_EI19R,1PPF,EI19R,1.4817438125610352,1.155487060546875,1
1PPF_EI19Y,1PPF,EI19Y,1.248884916305542,0.4889580011367798,1
1PPF_EI19W,1PPF,EI19W,1.530076026916504,1.2956857681274414,1
1PPF_YI20G,1PPF,YI20G,4.185900688171387,3.944502353668213,1
1PPF_YI20A,1PPF,YI20A,3.2103826999664307,3.6355137825012207,1
1PPF_YI20S,1PPF,YI20S,3.6438136100769043,3.4823508262634277,1
1PPF_YI20C,1PPF,YI20C,3.4516680240631104,3.22100567817688,1
1PPF_YI20V,1PPF,YI20V,4.185900688171387,4.402965545654297,1
1PPF_YI20T,1PPF,YI20T,5.055346965789795,4.394954681396484,1
1PPF_YI20P,1PPF,YI20P,5.367161273956299,5.690062522888184,1
1PPF_YI20L,1PPF,YI20L,1.3749107122421265,2.126988410949707,1
1PPF_YI20I,1PPF,YI20I,3.931631326675415,3.045168161392212,1
1PPF_YI20M,1PPF,YI20M,2.8123996257781982,2.7861850261688232,1
1PPF_YI20N,1PPF,YI20N,3.6438136100769043,4.2223310470581055,1
1PPF_YI20D,1PPF,YI20D,6.419517993927002,4.4744439125061035,1
1PPF_YI20K,1PPF,YI20K,4.4940690994262695,3.9370524883270264,1
1PPF_YI20Q,1PPF,YI20Q,4.6970696449279785,4.366201877593994,1
1PPF_YI20E,1PPF,YI20E,6.419517993927002,3.5576252937316895,1
1PPF_YI20H,1PPF,YI20H,2.378732442855835,1.8926072120666504,1
1PPF_YI20F,1PPF,YI20F,0.4820406138896942,0.16487647593021393,1
1PPF_YI20R,1PPF,YI20R,4.372321128845215,2.844611406326294,1
1PPF_YI20W,1PPF,YI20W,0.23538224399089813,0.24412614107131958,1
1PPF_RI21G,1PPF,RI21G,0.5779248476028442,1.6237252950668335,1
1PPF_RI21A,1PPF,RI21A,0.20805256068706512,0.3966124653816223,1
1PPF_RI21S,1PPF,RI21S,0.4196195602416992,-0.16604836285114288,1
1PPF_RI21C,1PPF,RI21C,-0.08117883652448654,0.5874256491661072,1
1PPF_RI21V,1PPF,RI21V,-0.34960973262786865,0.3894510269165039,1
1PPF_RI21T,1PPF,RI21T,-0.01834363117814064,0.6545235514640808,1
1PPF_RI21P,1PPF,RI21P,6.705569267272949,5.937099456787109,1
1PPF_RI21L,1PPF,RI21L,-0.8585862517356873,-0.11216209828853607,1
1PPF_RI21I,1PPF,RI21I,-0.8112831711769104,0.2909810543060303,1
1PPF_RI21M,1PPF,RI21M,-0.7596147656440735,0.39555293321609497,1
1PPF_RI21N,1PPF,RI21N,0.32947757840156555,0.45872581005096436,1
1PPF_RI21D,1PPF,RI21D,0.20805256068706512,0.5476978421211243,1
1PPF_RI21K,1PPF,RI21K,0.6045563817024231,0.147210493683815,1
1PPF_RI21Q,1PPF,RI21Q,-0.01834363117814064,0.3200518488883972,1
1PPF_RI21E,1PPF,RI21E,0.46085023880004883,0.7889003157615662,1
1PPF_RI21H,1PPF,RI21H,-0.4926644563674927,0.862731397151947,1
1PPF_RI21F,1PPF,RI21F,-0.98124760389328,0.1911235898733139,1
1PPF_RI21Y,1PPF,RI21Y,0.22063162922859192,0.4065043330192566,1
1PPF_RI21W,1PPF,RI21W,-0.5330062508583069,0.5595986843109131,1
1PPF_PI14G,1PPF,PI14G,0.09338758140802383,-0.2509639859199524,1
1PPF_PI14A,1PPF,PI14A,-0.12412893772125244,-0.3383426070213318,1
1PPF_PI14S,1PPF,PI14S,-0.5715383291244507,-0.15028683841228485,1
1PPF_PI14C,1PPF,PI14C,-2.005016565322876,-0.5190983414649963,1
1PPF_PI14V,1PPF,PI14V,-1.5250530242919922,0.10609406232833862,1
1PPF_PI14T,1PPF,PI14T,-0.26417794823646545,-0.16154231131076813,1
1PPF_PI14L,1PPF,PI14L,-2.9233665466308594,-0.05889818072319031,1
1PPF_PI14I,1PPF,PI14I,-1.6513597965240479,0.04609284549951553,1
1PPF_PI14M,1PPF,PI14M,-1.5744526386260986,-0.35906141996383667,1
1PPF_PI14N,1PPF,PI14N,-0.6408453583717346,-0.7484691739082336,1
1PPF_PI14D,1PPF,PI14D,-0.4926644563674927,-1.3883190155029297,1
1PPF_PI14K,1PPF,PI14K,-0.4486997723579407,-0.4960150122642517,1
1PPF_PI14Q,1PPF,PI14Q,-0.8112831711769104,-0.3867756724357605,1
1PPF_PI14E,1PPF,PI14E,-1.4290053844451904,-0.9376819729804993,1
1PPF_PI14H,1PPF,PI14H,-1.7655086517333984,0.00538615882396698,1
1PPF_PI14F,1PPF,PI14F,-1.8568356037139893,-0.11029919981956482,1
1PPF_PI14R,1PPF,PI14R,-0.13764554262161255,-0.14244896173477173,1
1PPF_PI14Y,1PPF,PI14Y,-0.9626154899597168,-0.38205045461654663,1
1PPF_PI14W,1PPF,PI14W,-2.005016565322876,-0.3297184705734253,1
1PPF_KI13G,1PPF,KI13G,1.248884916305542,-0.3185393810272217,1
1PPF_KI13A,1PPF,KI13A,0.7564785480499268,-1.1412228345870972,1
1PPF_KI13S,1PPF,KI13S,0.46085023880004883,-1.4007116556167603,1
1PPF_KI13C,1PPF,KI13C,0.9628335237503052,-0.39588993787765503,1
1PPF_KI13V,1PPF,KI13V,0.8715066909790039,0.010216055437922478,1
1PPF_KI13T,1PPF,KI13T,0.16590487957000732,-0.2847004532814026,1
1PPF_KI13P,1PPF,KI13P,1.2661839723587036,0.8522365093231201,1
1PPF_KI13L,1PPF,KI13L,0.401555597782135,-0.6080265641212463,1
1PPF_KI13I,1PPF,KI13I,0.6312880516052246,-0.3488205671310425,1
1PPF_KI13M,1PPF,KI13M,0.20805256068706512,-0.29901325702667236,1
1PPF_KI13N,1PPF,KI13N,0.660430908203125,-0.307220995426178,1
1PPF_KI13D,1PPF,KI13D,0.6312880516052246,-0.1535872370004654,1
1PPF_KI13Q,1PPF,KI13Q,0.2497744858264923,0.27156078815460205,1
1PPF_KI13E,1PPF,KI13E,1.1329156160354614,0.44731390476226807,1
1PPF_KI13H,1PPF,KI13H,1.014561414718628,0.07815378904342651,1
1PPF_KI13F,1PPF,KI13F,0.9628335237503052,-1.1830345392227173,1
1PPF_KI13R,1PPF,KI13R,-0.6408453583717346,0.026374448090791702,1
1PPF_KI13Y,1PPF,KI13Y,0.5055848360061646,-0.5874952673912048,1
1PPF_KI13W,1PPF,KI13W,0.8311648964881897,-0.5337249636650085,1
1PPF_GI32A,1PPF,GI32A,0.23538224399089813,1.1925203800201416,1
1PPF_GI32S,1PPF,GI32S,0.9154713153839111,1.4235177040100098,1
1PPF_GI32C,1PPF,GI32C,1.1791040897369385,1.7123125791549683,1
1PPF_GI32V,1PPF,GI32V,2.553067922592163,2.6741206645965576,1
1PPF_GI32T,1PPF,GI32T,2.8123996257781982,2.159878730773926,1
1PPF_GI32P,1PPF,GI32P,0.263825386762619,0.6670456528663635,1
1PPF_GI32L,1PPF,GI32L,3.1298978328704834,2.0496885776519775,1
1PPF_GI32I,1PPF,GI32I,4.372321128845215,2.6306822299957275,1
1PPF_GI32M,1PPF,GI32M,2.195336103439331,1.9493064880371094,1
1PPF_GI32N,1PPF,GI32N,1.6139456033706665,1.0870492458343506,1
1PPF_GI32D,1PPF,GI32D,2.497086763381958,1.395864486694336,1
1PPF_GI32K,1PPF,GI32K,3.306267023086548,1.6348835229873657,1
1PPF_GI32Q,1PPF,GI32Q,2.7997264862060547,2.4936680793762207,1
1PPF_GI32E,1PPF,GI32E,1.4575586318969727,2.0662715435028076,1
1PPF_GI32H,1PPF,GI32H,1.504980206489563,2.1310698986053467,1
1PPF_GI32F,1PPF,GI32F,1.4817438125610352,1.0006319284439087,1
1PPF_GI32R,1PPF,GI32R,4.848991870880127,2.881146192550659,1
1PPF_GI32Y,1PPF,GI32Y,1.2032891511917114,1.4043731689453125,1
1PPF_GI32W,1PPF,GI32W,1.6439788341522217,2.8318259716033936,1
1PPF_NI36G,1PPF,NI36G,-0.5715383291244507,1.0466407537460327,1
1PPF_NI36A,1PPF,NI36A,-1.6455227136611938,0.43402135372161865,1
1PPF_NI36S,1PPF,NI36S,-1.3463784456253052,0.4368584156036377,1
1PPF_NI36C,1PPF,NI36C,0.6045563817024231,0.5205076336860657,1
1PPF_NI36V,1PPF,NI36V,0.34582212567329407,0.2989625930786133,1
1PPF_NI36T,1PPF,NI36T,0.5528879165649414,0.578978955745697,1
1PPF_NI36P,1PPF,NI36P,-2.959597587585449,1.1425747871398926,1
1PPF_NI36L,1PPF,NI36L,2.6471633911132812,0.9414291977882385,1
1PPF_NI36I,1PPF,NI36I,0.8715066909790039,0.5572243332862854,1
1PPF_NI36M,1PPF,NI36M,1.07108736038208,0.869130551815033,1
1PPF_NI36D,1PPF,NI36D,-3.0779519081115723,0.7904998064041138,1
1PPF_NI36K,1PPF,NI36K,2.6217687129974365,0.24243460595607758,1
1PPF_NI36Q,1PPF,NI36Q,0.3829234838485718,0.4461957812309265,1
1PPF_NI36E,1PPF,NI36E,-1.0183489322662354,0.6375131011009216,1
1PPF_NI36H,1PPF,NI36H,-0.5330062508583069,0.3199416399002075,1
1PPF_NI36F,1PPF,NI36F,1.8462116718292236,0.12721408903598785,1
1PPF_NI36R,1PPF,NI36R,1.8697559833526611,0.5655003786087036,1
1PPF_NI36Y,1PPF,NI36Y,1.6768404245376587,0.09082269668579102,1
1PPF_NI36W,1PPF,NI36W,1.721962332725525,0.6221218109130859,1
"1PPF_AI15R,LI18R",1PPF,"AI15R,LI18R",7.327796459197998,4.619564533233643,1
"1PPF_EI10D,AI15V,TI17P,EI19D,RI21M,NI28S,GI32S,NI45S,SI51R",1PPF,"EI10D,AI15V,TI17P,EI19D,RI21M,NI28S,GI32S,NI45S,SI51R",3.3328986167907715,2.3048901557922363,1
"1PPF_EI10G,KI13Q,PI14S,TI17P,LI18Q,EI19D,RI21V,LI23F,GI32S,VI42A,EI43D",1PPF,"EI10G,KI13Q,PI14S,TI17P,LI18Q,EI19D,RI21V,LI23F,GI32S,VI42A,EI43D",6.034609317779541,4.311793327331543,1
"1PPF_EI10D,YI11H,AI15V,TI17S,RI21M,NI28S,GI32S,NI36D",1PPF,"EI10D,YI11H,AI15V,TI17S,RI21M,NI28S,GI32S,NI36D",0.2953702211380005,2.2221434116363525,1
"1PPF_AI15V,TI17S,LI18P,RI21M,NI28S,GI32N,NI36D,NI39S,SI51G",1PPF,"AI15V,TI17S,LI18P,RI21M,NI28S,GI32N,NI36D,NI39S,SI51G",7.373743534088135,8.253338813781738,1
"1PPF_EI10D,AI15V,TI17S,RI21M,NI28S,GI32N,NI36D,SI51G",1PPF,"EI10D,AI15V,TI17S,RI21M,NI28S,GI32N,NI36D,SI51G",1.014561414718628,2.231602907180786,1
"1PPF_EI10D,AI15V,TI17S,RI21M,NI28S,GI32S,EI43D",1PPF,"EI10D,AI15V,TI17S,RI21M,NI28S,GI32S,EI43D",2.087496757507324,1.7104010581970215,1
"1PPF_VI6I,EI10D,AI15V,TI17S,RI21M,NI28S,GI32S,EI43D,TI49I",1PPF,"VI6I,EI10D,AI15V,TI17S,RI21M,NI28S,GI32S,EI43D,TI49I",1.968727469444275,1.3199403285980225,1
"1PPF_EI10D,AI15V,TI17S,RI21M,NI28S,GI32S,VI42A,EI43D",1PPF,"EI10D,AI15V,TI17S,RI21M,NI28S,GI32S,VI42A,EI43D",1.6139456033706665,1.4783082008361816,1
"1PPF_EI10D,RI21M,KI29Q,GI32S,NI36S,EI43D",1PPF,"EI10D,RI21M,KI29Q,GI32S,NI36S,EI43D",-0.4486997723579407,1.0918625593185425,1
"1PPF_RI21M,KI29Q,GI32S,EI43D",1PPF,"RI21M,KI29Q,GI32S,EI43D",0.07138418406248093,1.1766912937164307,1
"1PPF_EI10D,RI21M,EI43D",1PPF,"EI10D,RI21M,EI43D",-0.7596147656440735,0.5979469418525696,1
"1PPF_EI10D,KI13R,AI15D,RI21M,EI43D",1PPF,"EI10D,KI13R,AI15D,RI21M,EI43D",0.12930475175380707,1.3643360137939453,1
"1PPF_EI10D,LI18M,RI21M,EI43D",1PPF,"EI10D,LI18M,RI21M,EI43D",0.8311648964881897,0.29376739263534546,1
"1PPF_EI10D,LI18V,RI21M,GI32D,EI43D",1PPF,"EI10D,LI18V,RI21M,GI32D,EI43D",1.4026328325271606,4.457507133483887,1
"1PPF_EI10D,LI18V,RI21M,EI43D",1PPF,"EI10D,LI18V,RI21M,EI43D",0.03846171498298645,3.207443952560425,1
"1PPF_EI10D,TI17R,LI18M,RI21M,EI43D",1PPF,"EI10D,TI17R,LI18M,RI21M,EI43D",4.620742321014404,3.422394037246704,1
"1PPF_EI10G,LI18M,RI21M,EI43D,KI55E",1PPF,"EI10G,LI18M,RI21M,EI43D,KI55E",-0.010937885381281376,0.44604188203811646,1
"1PPF_DI7N,EI10G,LI18M,RI21M,EI43D,KI55E",1PPF,"DI7N,EI10G,LI18M,RI21M,EI43D,KI55E",0.03846171498298645,0.20093901455402374,1
"1PPF_EI10D,AI15V,TI17S,YI20D,RI21M,NI28S,GI32S,EI43D",1PPF,"EI10D,AI15V,TI17S,YI20D,RI21M,NI28S,GI32S,EI43D",7.481286525726318,5.048801898956299,1
"1PPF_EI10D,AI15V,TI17S,RI21M,NI28S,GI32S,NI36D,EI43D",1PPF,"EI10D,AI15V,TI17S,RI21M,NI28S,GI32S,NI36D,EI43D",-0.029628772288560867,1.9291051626205444,1
"1PPF_AI15V,TI17S,RI21M,NI28S,KI29Q,GI32S,KI34E,EI43D",1PPF,"AI15V,TI17S,RI21M,NI28S,KI29Q,GI32S,KI34E,EI43D",1.9420958757400513,3.1214940547943115,1
1PPF_LI18M,1PPF,LI18M,1.2265255451202393,0.24426843225955963,1
"1PPF_AI15D,GI32A",1PPF,"AI15D,GI32A",1.159019112586975,2.205782651901245,1
1PPF_GI32A,1PPF,GI32A,0.2798077166080475,1.1925203800201416,1
"1PPF_RI21V,LI23I",1PPF,"RI21V,LI23I",-0.2930837571620941,0.9477133750915527,1
"1PPF_LI18M,LI23V,KI29I,EI43K",1PPF,"LI18M,LI23V,KI29I,EI43K",1.3923884630203247,1.2513536214828491,1
"1PPF_AI15G,LI18M,LI23V,KI29I,EI43K",1PPF,"AI15G,LI18M,LI23V,KI29I,EI43K",2.279642343521118,1.7709321975708008,1
"1PPF_LI18M,NI36D,SI51N",1PPF,"LI18M,NI36D,SI51N",-0.8585862517356873,0.46691399812698364,1
"1PPF_EI10D,KI13M,LI18M,LI23V",1PPF,"EI10D,KI13M,LI18M,LI23V",1.6279964447021484,-0.1261436492204666,1
"1PPF_EI10G,LI18M,YI20S,LI23I,KI29T,GI32S,HI52Y,FI53P,KI55V",1PPF,"EI10G,LI18M,YI20S,LI23I,KI29T,GI32S,HI52Y,FI53P,KI55V",5.622589111328125,3.7760958671569824,1
"1PPF_AI15T,LI18M",1PPF,"AI15T,LI18M",-1.4927713871002197,1.122423768043518,1
"1PPF_LI18M,TI30S,GI32D",1PPF,"LI18M,TI30S,GI32D",4.176570892333984,2.704674005508423,1
"1PPF_LI18I,GI32D",1PPF,"LI18I,GI32D",2.5231902599334717,4.922099590301514,1
"1PPF_AI15D,LI18A,YI20D",1PPF,"AI15D,LI18A,YI20D",8.737914085388184,6.388858318328857,1
"1PPF_LI18M,HI52R",1PPF,"LI18M,HI52R",1.4817438125610352,0.5855473875999451,1
"1PPF_LI18M,SI51N",1PPF,"LI18M,SI51N",1.25759756565094,0.3369569182395935,1
1PPF_YI20H,1PPF,YI20H,2.452770709991455,1.8926072120666504,1
"1PPF_LI18M,YI20Q",1PPF,"LI18M,YI20Q",5.8396077156066895,4.007529258728027,1
"1PPF_LI18M,GI32D",1PPF,"LI18M,GI32D",3.9859397411346436,2.8015453815460205,1
"1PPF_EI10D,TI17L,RI21M,GI32D,NI36S,EI43D,TI49S",1PPF,"EI10D,TI17L,RI21M,GI32D,NI36S,EI43D,TI49S",4.372321128845215,2.8519163131713867,1
"1PPF_EI10D,RI21M,LI23F,NI28S,GI32S,EI43D",1PPF,"EI10D,RI21M,LI23F,NI28S,GI32S,EI43D",0.46085023880004883,1.7016189098358154,1
"1PPF_EI10G,KI13Q,TI17S,RI21V,LI23F,GI32S,NI36D,VI42A,EI43D",1PPF,"EI10G,KI13Q,TI17S,RI21V,LI23F,GI32S,NI36D,VI42A,EI43D",0.5055848360061646,2.329379081726074,1
"1PPF_EI10D,TI17S,EI19D,RI21M,NI28S,GI32S,EI43D,GI54E",1PPF,"EI10D,TI17S,EI19D,RI21M,NI28S,GI32S,EI43D,GI54E",3.2812302112579346,2.234114408493042,1
"1PPF_EI10D,AI15V,YI20E,RI21M,EI43D",1PPF,"EI10D,AI15V,YI20E,RI21M,EI43D",6.527771949768066,2.9147002696990967,1
"1PPF_EI10D,AI15V,TI17S,RI21M,VI42A,EI43D",1PPF,"EI10D,AI15V,TI17S,RI21M,VI42A,EI43D",1.2265255451202393,0.4301007390022278,1
"1PPF_DI7N,EI10D,AI15V,TI17S,EI19L,RI21M,VI42A,EI43D",1PPF,"DI7N,EI10D,AI15V,TI17S,EI19L,RI21M,VI42A,EI43D",1.4026328325271606,0.4064822793006897,1
"1PPF_EI10D,AI15V,YI20D,RI21M,KI29I,GI32H,NI36Y,VI42A,EI43H,LI50F",1PPF,"EI10D,AI15V,YI20D,RI21M,KI29I,GI32H,NI36Y,VI42A,EI43H,LI50F",4.923678398132324,4.435203552246094,1
"1PPF_YI11H,EI19D,LI23I,NI28S,GI32S,NI36D,VI42M,EI43D",1PPF,"YI11H,EI19D,LI23I,NI28S,GI32S,NI36D,VI42M,EI43D",0.32947757840156555,1.7137048244476318,1
"1PPF_EI10D,AI15V,EI19D,RI21M,KI29T,GI32S,EI43D,LI48I",1PPF,"EI10D,AI15V,EI19D,RI21M,KI29T,GI32S,EI43D,LI48I",1.917059063911438,1.053046703338623,1
"1PPF_EI10D,AI15V,TI17S,EI19D,RI21M,KI29T,GI32N,NI36I,EI43D,LI48I",1PPF,"EI10D,AI15V,TI17S,EI19D,RI21M,KI29T,GI32N,NI36I,EI43D,LI48I",4.598098278045654,2.822702169418335,1
"1PPF_EI10D,KI13R,AI15V,EI19D,RI21M,GI32S,EI43D,LI48I,KI55R",1PPF,"EI10D,KI13R,AI15V,EI19D,RI21M,GI32S,EI43D,LI48I,KI55R",2.3270046710968018,0.4303814172744751,1
"1PPF_EI10D,AI15V,EI19D,RI21M,GI32S,EI43D,LI48I,KI55R",1PPF,"EI10D,AI15V,EI19D,RI21M,GI32S,EI43D,LI48I,KI55R",2.486314535140991,0.8487565517425537,1
1PPF_GI32V,1PPF,GI32V,2.5432751178741455,2.6741206645965576,1
1PPF_TI17E,1PPF,TI17E,3.074164390563965,3.3708393573760986,1
"1PPF_EI10D,LI18F,RI21M,EI43D",1PPF,"EI10D,LI18F,RI21M,EI43D",4.55336332321167,1.1490882635116577,1
1PPF_TI17S,1PPF,TI17S,1.5567675828933716,0.2775389552116394,1
1PPF_TI17V,1PPF,TI17V,1.5435720682144165,0.5310966968536377,1
1PPF_AI15V,1PPF,AI15V,0.1925964206457138,-0.5461127161979675,1
"1PPF_AI15V,TI17S",1PPF,"AI15V,TI17S",1.7657266855239868,0.11513641476631165,1
1PPF_TI17A,1PPF,TI17A,2.894247055053711,2.010042428970337,1
1PPF_LI18K,1PPF,LI18K,5.649281024932861,2.2907016277313232,1
1PPF_LI18A,1PPF,LI18A,0.9628335237503052,3.1260945796966553,1
1PPF_LI18E,1PPF,LI18E,7.070630073547363,5.091955184936523,1
1PPF_LI18Q,1PPF,LI18Q,3.388773202896118,3.4569356441497803,1
"1PPF_KI13T,PI14E,AI15Y",1PPF,"KI13T,PI14E,AI15Y",-0.7559911608695984,-2.094491481781006,1
"1PPF_KI13T,PI14E,AI15Y,LI18G,RI21M,GI32P,NI36V",1PPF,"KI13T,PI14E,AI15Y,LI18G,RI21M,GI32P,NI36V",1.769350290298462,3.3475430011749268,1
"1PPF_KI13S,PI14D,AI15Y",1PPF,"KI13S,PI14D,AI15Y",-0.12497672438621521,-2.9054758548736572,1
"1PPF_KI13S,PI14D,AI15Y,LI18G,EI19I,RI21K",1PPF,"KI13S,PI14D,AI15Y,LI18G,EI19I,RI21K",4.031302452087402,1.7582416534423828,1
2VIS_IC89T,2VIS,IC89T,-4.913825988769531,-3.926548480987549,1
1CT0_SI13L,1CT0,SI13L,-4.1582350730896,-4.174826622009277,1
"1EMV_QA15E,LA16F,TA18K,TA19K,NA22R,DA24E,TA25G,SA26A,SA27T,EA30D,LA31D,VA32N,TA36R,HA37E,EA40R,MA41L,SA46D,KA55R,EA56D,GA57D,DA58R,DA59E,SA63E,NA67K,TA68E,VA69I,QA71E",1EMV,"QA15E,LA16F,TA18K,TA19K,NA22R,DA24E,TA25G,SA26A,SA27T,EA30D,LA31D,VA32N,TA36R,HA37E,EA40R,MA41L,SA46D,KA55R,EA56D,GA57D,DA58R,DA59E,SA63E,NA67K,TA68E,VA69I,QA71E",8.058494567871094,7.689855098724365,1
"1EMV_EA30D,LA31D,VA32N,TA36R,HA37E,EA40R,MA41L,SA46D,KA55R,EA56D,GA57D,DA58R,DA59E,SA63E,NA67K,TA68E,VA69I,QA71E",1EMV,"EA30D,LA31D,VA32N,TA36R,HA37E,EA40R,MA41L,SA46D,KA55R,EA56D,GA57D,DA58R,DA59E,SA63E,NA67K,TA68E,VA69I,QA71E",7.990222930908203,5.039589881896973,1
"1EMV_QA15E,LA16F,TA18K,TA19K,NA22R,DA24E,TA25G,SA26A,SA27T,SA63E,NA67K,TA68E,VA69I,QA71E",1EMV,"QA15E,LA16F,TA18K,TA19K,NA22R,DA24E,TA25G,SA26A,SA27T,SA63E,NA67K,TA68E,VA69I,QA71E",2.8566248416900635,1.7955899238586426,1
"1EMV_QA15E,LA16F,TA18K,TA19K,NA22R,DA24E,TA25G,SA26A,SA27T,SA46D,KA55R,EA56D,GA57D,DA58R,DA59E,SA63E,NA67K,TA68E,VA69I,QA71E",1EMV,"QA15E,LA16F,TA18K,TA19K,NA22R,DA24E,TA25G,SA26A,SA27T,SA46D,KA55R,EA56D,GA57D,DA58R,DA59E,SA63E,NA67K,TA68E,VA69I,QA71E",1.704028606414795,1.9619040489196777,1
"1EMV_QA15E,LA16F,TA18K,TA19K,NA22R,SA46D,KA55R,EA56D,GA57D,DA58R,DA59E,SA63E,NA67K,TA68E,VA69I,QA71E",1EMV,"QA15E,LA16F,TA18K,TA19K,NA22R,SA46D,KA55R,EA56D,GA57D,DA58R,DA59E,SA63E,NA67K,TA68E,VA69I,QA71E",1.4230005741119385,0.25503867864608765,1
"1EMV_QA15E,LA16F,SA46D,KA55R,EA56D,GA57D,DA58R,DA59E,SA63E,NA67K,TA68E,VA69I,QA71E",1EMV,"QA15E,LA16F,SA46D,KA55R,EA56D,GA57D,DA58R,DA59E,SA63E,NA67K,TA68E,VA69I,QA71E",-0.20852912962436676,0.3103128671646118,1
"1EMV_SA46D,KA55R,EA56D,GA57D,DA58R,DA59E,SA63E,NA67K,TA68E,VA69I,QA71E",1EMV,"SA46D,KA55R,EA56D,GA57D,DA58R,DA59E,SA63E,NA67K,TA68E,VA69I,QA71E",-0.5173725485801697,-0.08344902098178864,1
"1EMV_SA63E,NA67K,TA68E,VA69I,QA71E",1EMV,"SA63E,NA67K,TA68E,VA69I,QA71E",0.07911093533039093,-0.023784369230270386,1
1EMV_RB54A,1EMV,RB54A,1.6664471626281738,2.6075103282928467,1
1EMV_NB72A,1EMV,NB72A,1.1651908159255981,1.2861464023590088,1
1EMV_SB74A,1EMV,SB74A,-0.24112796783447266,-0.3928976058959961,1
1EMV_NB75A,1EMV,NB75A,2.3355860710144043,2.713322877883911,1
1EMV_SB77A,1EMV,SB77A,-0.2329934984445572,-0.13754519820213318,1
1EMV_SB78A,1EMV,SB78A,-0.5401384830474854,0.2515643537044525,1
1EMV_SB84A,1EMV,SB84A,-0.10947242379188538,0.048788025975227356,1
1EMV_FB86A,1EMV,FB86A,3.880681037902832,2.8964226245880127,1
1EMV_TB87A,1EMV,TB87A,0.15850576758384705,0.6415988802909851,1
1EMV_QB92A,1EMV,QB92A,-0.2777280807495117,0.38706260919570923,1
1EMV_KB97A,1EMV,KB97A,1.960514783859253,1.957223653793335,1
1EMV_VB98A,1EMV,VB98A,1.089340090751648,0.12099853903055191,1
"1EMV_FB86A,LA31A",1EMV,"FB86A,LA31A",6.679957866668701,4.219175815582275,1
"1EMV_FB86A,VA32A",1EMV,"FB86A,VA32A",4.665832996368408,2.9883620738983154,1
"1EMV_FB86A,VA35A",1EMV,"FB86A,VA35A",4.068404197692871,3.2484652996063232,1
"1EMV_FB86A,YA52A",1EMV,"FB86A,YA52A",8.723506927490234,4.847391605377197,1
"1EMV_FB86A,YA53A",1EMV,"FB86A,YA53A",8.263228416442871,4.708983421325684,1
1EMV_CA21A,1EMV,CA21A,0.9219698905944824,2.1879818439483643,1
1EMV_NA22A,1EMV,NA22A,0.13947127759456635,0.16498969495296478,1
1EMV_DA24A,1EMV,DA24A,0.33674702048301697,0.30809760093688965,1
1EMV_TA25A,1EMV,TA25A,0.7284601926803589,1.2388261556625366,1
1EMV_SA26A,1EMV,SA26A,0.17317432165145874,0.2969633936882019,1
1EMV_SA27A,1EMV,SA27A,0.9564331769943237,0.34602153301239014,1
1EMV_EA28A,1EMV,EA28A,1.4166347980499268,2.6224257946014404,1
1EMV_EA29A,1EMV,EA29A,0.30701202154159546,0.5561422109603882,1
1EMV_EA30A,1EMV,EA30A,0.22038573026657104,0.3865855932235718,1
1EMV_LA31A,1EMV,LA31A,3.419278860092163,3.7280423641204834,1
1EMV_VA32A,1EMV,VA32A,2.5794503688812256,1.3957524299621582,1
1EMV_KA33A,1EMV,KA33A,0.1919838935136795,-0.053410544991493225,1
1EMV_LA34A,1EMV,LA34A,0.9071285128593445,1.7454694509506226,1
1EMV_VA35A,1EMV,VA35A,1.6646124124526978,2.967578172683716,1
1EMV_TA36A,1EMV,TA36A,0.8999664783477783,0.14030902087688446,1
1EMV_EA39A,1EMV,EA39A,2.0840137004852295,2.684410810470581,1
1EMV_EA40A,1EMV,EA40A,0.658144474029541,0.5033167004585266,1
1EMV_TA42A,1EMV,TA42A,0.304829865694046,1.8397057056427002,1
1EMV_EA43A,1EMV,EA43A,0.21277381479740143,0.630975604057312,1
1EMV_HA44A,1EMV,HA44A,0.832183837890625,1.9258365631103516,1
1EMV_PA45A,1EMV,PA45A,0.4374687671661377,0.29557162523269653,1
1EMV_SA46A,1EMV,SA46A,0.007269440684467554,0.998234212398529,1
1EMV_GA47A,1EMV,GA47A,1.4860434532165527,0.6266162991523743,1
1EMV_SA48A,1EMV,SA48A,2.188220500946045,2.595719814300537,1
1EMV_DA49A,1EMV,DA49A,5.918128490447998,4.645560264587402,1
1EMV_LA50A,1EMV,LA50A,0.6013163924217224,1.6348462104797363,1
1EMV_IA51A,1EMV,IA51A,0.8481252193450928,2.7020342350006104,1
1EMV_YA52A,1EMV,YA52A,4.836801528930664,3.6828930377960205,1
1EMV_YA53A,1EMV,YA53A,4.6368327140808105,3.9864046573638916,1
1EMV_PA54A,1EMV,PA54A,1.24284029006958,2.382359743118286,1
1EMV_DA58A,1EMV,DA58A,0.5113134384155273,0.1449870765209198,1
1EMV_SA61A,1EMV,SA61A,0.8704198002815247,0.8862047791481018,1
1EMV_VA66A,1EMV,VA66A,1.8566750288009644,1.2859143018722534,1
1EMV_NA67A,1EMV,NA67A,0.2779972553253174,0.0408918634057045,1
"2QJA_TC43A,LC47M,GC48K,LC49Y",2QJA,"TC43A,LC47M,GC48K,LC49Y",0.46220648288726807,0.4074017405509949,1
"2QJA_RC57K,TC59S,IC61K,PC62A,HC63Q,QC64L,SC67T,TC43A,LC47M,GC48K,LC49Y",2QJA,"RC57K,TC59S,IC61K,PC62A,HC63Q,QC64L,SC67T,TC43A,LC47M,GC48K,LC49Y",-0.26777946949005127,-0.8415367007255554,1
"2QJA_GC11H,DC15E,AC30T,IC31M",2QJA,"GC11H,DC15E,AC30T,IC31M",0.8850788474082947,1.3138684034347534,1
1TM7_YI40M,1TM7,YI40M,-0.05646670609712601,-1.9171262979507446,1
1K8R_QB11A,1K8R,QB11A,1.7981401681900024,0.00302036851644516,1
1K8R_RB13A,1K8R,RB13A,2.800978183746338,2.4956564903259277,1
1K8R_KB23A,1K8R,KB23A,0.5867636799812317,0.3355565667152405,1
1K8R_KB31A,1K8R,KB31A,2.728342294692993,2.248793840408325,1
1K8R_RB76A,1K8R,RB76A,0.7152742147445679,0.2879766821861267,1
1K8R_RB77A,1K8R,RB77A,1.4368070363998413,1.0794596672058105,1
1K8R_EA31K,1K8R,EA31K,0.17093296349048615,1.1832541227340698,1
"1K8R_DA30K,EA31K",1K8R,"DA30K,EA31K",0.4096648693084717,1.496370553970337,1
1K8R_DA33A,1K8R,DA33A,1.5351040363311768,0.44255489110946655,1
1K8R_EA37A,1K8R,EA37A,0.30580151081085205,1.0165300369262695,1
1K8R_DA38A,1K8R,DA38A,1.712186336517334,2.113748788833618,1
1K8R_DA38E,1K8R,DA38E,3.437662124633789,0.9504916667938232,1
1K8R_DA38N,1K8R,DA38N,1.896231770515442,1.4565834999084473,1
1K8R_SA39A,1K8R,SA39A,0.7152742147445679,0.11564265191555023,1
1K8R_YA40C,1K8R,YA40C,3.437662124633789,1.2434183359146118,1
1K8R_YA40F,1K8R,YA40F,1.4919975996017456,1.307471513748169,1
1K8R_RA41A,1K8R,RA41A,1.1796982288360596,0.485339879989624,1
1K8R_DA57A,1K8R,DA57A,1.1796982288360596,1.510613203048706,1
1K8R_EA62A,1K8R,EA62A,0.4096648693084717,0.45852506160736084,1
1K8R_EA63A,1K8R,EA63A,0.4096648693084717,0.20823174715042114,1
1NCA_NH31Q,1NCA,NH31Q,0.0,2.03169322013855,1
1NCA_EH100D,1NCA,EH100D,0.4106564223766327,0.710265040397644,1
1NCA_DH101K,1NCA,DH101K,0.7144798040390015,0.19951596856117249,1
1NCA_NH102Q,1NCA,NH102Q,0.5428582429885864,-0.7223997116088867,1
"3IDX_WG13M,SG111T,WG200S,MG247A,CG14W,CG129V,CG27I,CG242Q",3IDX,"WG13M,SG111T,WG200S,MG247A,CG14W,CG129V,CG27I,CG242Q",-1.864798665046692,-0.3353825807571411,1
"3IDX_WG13M,MG247A,CG14W,CG129V,CG27I,CG242Q",3IDX,"WG13M,MG247A,CG14W,CG129V,CG27I,CG242Q",-2.3490397930145264,0.11457283794879913,1
"3IDX_KG85C,EG122C,WG13M,MG247A,CG14W,CG129V,CG27I,CG242Q",3IDX,"KG85C,EG122C,WG13M,MG247A,CG14W,CG129V,CG27I,CG242Q",-2.2937450408935547,0.25571709871292114,1
"3IDX_WG13M,MG247A,CG14W,CG129V",3IDX,"WG13M,MG247A,CG14W,CG129V",-0.647828996181488,-0.12549105286598206,1
"3IDX_KG85C,EG121C,WG13M,MG247A,CG14W,CG129V,CG27I,CG242Q",3IDX,"KG85C,EG121C,WG13M,MG247A,CG14W,CG129V,CG27I,CG242Q",-2.1932713985443115,0.21088625490665436,1
"3IDX_TG41C,GG245C,WG13M,MG247A,CG14W,CG129V,CG27I,CG242Q",3IDX,"TG41C,GG245C,WG13M,MG247A,CG14W,CG129V,CG27I,CG242Q",-2.332111358642578,-0.4895666241645813,1
"3IDX_CG27I,CG242Q,MG247A",3IDX,"CG27I,CG242Q,MG247A",-2.174590826034546,0.07061868906021118,1
"3IDX_CG27I,CG242Q",3IDX,"CG27I,CG242Q",-2.46614146232605,0.00411379337310791,1
"3IDX_WG13M,MG247A,CG14W,CG129V,KG85C,EG121C",3IDX,"WG13M,MG247A,CG14W,CG129V,KG85C,EG121C",-0.36182716488838196,-0.44679421186447144,1
"3IDX_KG85C,EG121C,CG27I,CG242Q",3IDX,"KG85C,EG121C,CG27I,CG242Q",-2.378751039505005,0.01800953596830368,1
"3IDX_TG41C,GG245C,MG247A",3IDX,"TG41C,GG245C,MG247A",0.40963760018348694,0.16458939015865326,1
5E6P_IB22A,5E6P,IB22A,0.27845457196235657,1.8536827564239502,1
5E6P_LB24A,5E6P,LB24A,0.9293296337127686,1.1137044429779053,1
5E6P_RB42A,5E6P,RB42A,0.6891109943389893,0.959963858127594,1
5E6P_RB42E,5E6P,RB42E,1.774827480316162,0.3165225386619568,1
5E6P_YA468A,5E6P,YA468A,0.36446794867515564,2.0308494567871094,1
5E6P_AA494E,5E6P,AA494E,1.1179981231689453,-0.5100482106208801,1
5E6P_AA495E,5E6P,AA495E,1.6043896675109863,-1.678092122077942,1
3F1S_MA33A,3F1S,MA33A,1.2389806509017944,1.537367820739746,1
3F1S_DA36A,3F1S,DA36A,2.185483932495117,0.3102979063987732,1
3F1S_DA200A,3F1S,DA200A,0.4106564223766327,-0.5461379289627075,1
3F1S_KA201A,3F1S,KA201A,-1.8037333488464355,2.9529168605804443,1
3F1S_KA201C,3F1S,KA201C,-1.8037333488464355,1.9917489290237427,1
3F1S_YA202A,3F1S,YA202A,2.996121644973755,2.1097607612609863,1
3F1S_DA255A,3F1S,DA255A,3.76096773147583,0.8245881795883179,1
3F1S_DA200A,3F1S,DA200A,0.6982964873313904,-0.5461379289627075,1
3F1S_KA201A,3F1S,KA201A,-2.355921745300293,2.9529168605804443,1
3F1S_KA201C,3F1S,KA201C,-1.5861589908599854,1.9917489290237427,1
4HSA_RA28V,4HSA,RA28V,0.5810942649841309,0.0846971869468689,1
4HSA_WA40V,4HSA,WA40V,-0.2224259227514267,0.6314643025398254,1
4HSA_YA58I,4HSA,YA58I,0.11757265031337738,1.9386541843414307,1
4HSA_HA59S,4HSA,HA59S,-0.12264595180749893,0.3515310287475586,1
3QFJ_FC5Y,3QFJ,FC5Y,-0.17043781280517578,-0.4986620545387268,1
4OZG_NG29A,4OZG,NG29A,-0.07165861129760742,-0.48699653148651123,1
4OZG_YG31A,4OZG,YG31A,1.7440438270568848,1.5020933151245117,1
4OZG_YG33F,4OZG,YG33F,1.7440438270568848,-0.18817244470119476,1
4OZG_LG50A,4OZG,LG50A,1.1861860752105713,0.3397577404975891,1
4OZG_YH46F,4OZG,YH46F,-0.6471371650695801,0.10079005360603333,1
4OZG_QH48A,4OZG,QH48A,0.8051583766937256,0.21176813542842865,1
4OZG_NH50A,4OZG,NH50A,-0.11102414131164551,-0.000742156058549881,1
4OZG_FH94A,4OZG,FH94A,1.4347845315933228,0.26583749055862427,1
4OZG_RH95A,4OZG,RH95A,1.7440438270568848,1.598456859588623,1
4OZG_FH96A,4OZG,FH96A,0.8835463523864746,1.8261842727661133,1
4OZG_DH98A,4OZG,DH98A,1.6500780582427979,0.30074000358581543,1
4OZG_YH101F,4OZG,YH101F,0.5337899327278137,0.022884570062160492,1
1CHO_LI15G,1CHO,LI15G,6.085373401641846,5.039193153381348,1
1CHO_LI15A,1CHO,LI15A,4.7662200927734375,3.830277681350708,1
1CHO_LI15S,1CHO,LI15S,4.986851692199707,4.1076273918151855,1
1CHO_LI15C,1CHO,LI15C,2.6424343585968018,2.024477005004883,1
1CHO_LI15V,1CHO,LI15V,4.273555755615234,3.0165531635284424,1
1CHO_LI15T,1CHO,LI15T,4.48486852645874,3.208784818649292,1
1CHO_LI15P,1CHO,LI15P,8.801905632019043,7.158369541168213,1
1CHO_LI15I,1CHO,LI15I,4.479031562805176,3.9962685108184814,1
1CHO_LI15M,1CHO,LI15M,0.3806231915950775,0.6101078987121582,1
1CHO_LI15N,1CHO,LI15N,3.3570311069488525,3.665436267852783,1
1CHO_LI15D,1CHO,LI15D,7.201478481292725,6.568581581115723,1
1CHO_LI15K,1CHO,LI15K,4.4731364250183105,2.6771085262298584,1
1CHO_LI15Q,1CHO,LI15Q,2.9533493518829346,2.5040009021759033,1
1CHO_LI15E,1CHO,LI15E,6.658620357513428,5.953185081481934,1
1CHO_LI15H,1CHO,LI15H,3.000711679458618,2.2151291370391846,1
1CHO_LI15F,1CHO,LI15F,-1.5017473697662354,1.3606547117233276,1
1CHO_LI15R,1CHO,LI15R,4.006605625152588,2.789623498916626,1
1CHO_LI15Y,1CHO,LI15Y,-2.2250730991363525,1.058706521987915,1
1CHO_LI15W,1CHO,LI15W,-1.6909488439559937,1.8265870809555054,1
1CHO_AI12G,1CHO,AI12G,0.06601439416408539,1.8134801387786865,1
1CHO_AI12S,1CHO,AI12S,0.06601439416408539,0.3907920718193054,1
1CHO_AI12C,1CHO,AI12C,-0.32677778601646423,-0.002805560827255249,1
1CHO_AI12V,1CHO,AI12V,0.9535146951675415,-0.6750926971435547,1
1CHO_AI12T,1CHO,AI12T,0.9690771698951721,-0.03320050239562988,1
1CHO_AI12P,1CHO,AI12P,3.1089653968811035,1.3104712963104248,1
1CHO_AI12L,1CHO,AI12L,0.14070072770118713,-1.0506891012191772,1
1CHO_AI12I,1CHO,AI12I,0.6553633213043213,-0.7949730753898621,1
1CHO_AI12M,1CHO,AI12M,0.14070072770118713,-0.5380944609642029,1
1CHO_AI12N,1CHO,AI12N,-0.28890854120254517,0.1547781080007553,1
1CHO_AI12D,1CHO,AI12D,0.0,1.229140281677246,1
1CHO_AI12K,1CHO,AI12K,2.4987282752990723,0.4046899080276489,1
1CHO_AI12Q,1CHO,AI12Q,0.44245147705078125,0.5783485770225525,1
1CHO_AI12E,1CHO,AI12E,0.22500719130039215,0.9809728264808655,1
1CHO_AI12H,1CHO,AI12H,-0.32677778601646423,0.30793482065200806,1
1CHO_AI12F,1CHO,AI12F,-0.7354821562767029,-1.8339347839355469,1
1CHO_AI12R,1CHO,AI12R,0.46855491399765015,1.5766212940216064,1
1CHO_AI12Y,1CHO,AI12Y,-0.8755311369895935,-1.9136236906051636,1
1CHO_AI12W,1CHO,AI12W,-1.9253305196762085,-1.41336989402771,1
1CHO_TI14G,1CHO,TI14G,5.294449329376221,3.655019760131836,1
1CHO_TI14A,1CHO,TI14A,4.158527851104736,2.577186346054077,1
1CHO_TI14S,1CHO,TI14S,2.3505473136901855,1.663309097290039,1
1CHO_TI14C,1CHO,TI14C,3.32909893989563,1.8323590755462646,1
1CHO_TI14V,1CHO,TI14V,3.5814502239227295,1.2757660150527954,1
1CHO_TI14P,1CHO,TI14P,4.233213901519775,2.764587163925171,1
1CHO_TI14L,1CHO,TI14L,4.4166107177734375,1.9690669775009155,1
1CHO_TI14I,1CHO,TI14I,3.6518237590789795,0.46054983139038086,1
1CHO_TI14M,1CHO,TI14M,3.954936981201172,1.2831381559371948,1
1CHO_TI14N,1CHO,TI14N,4.317520618438721,1.2361228466033936,1
1CHO_TI14D,1CHO,TI14D,6.820855617523193,2.9343013763427734,1
1CHO_TI14K,1CHO,TI14K,4.092513084411621,1.9018821716308594,1
1CHO_TI14Q,1CHO,TI14Q,3.681856870651245,1.752422571182251,1
1CHO_TI14E,1CHO,TI14E,6.425761699676514,3.8403677940368652,1
1CHO_TI14H,1CHO,TI14H,3.6518237590789795,1.7997015714645386,1
1CHO_TI14F,1CHO,TI14F,4.233213901519775,0.6572347283363342,1
1CHO_TI14R,1CHO,TI14R,3.884089708328247,2.72458553314209,1
1CHO_TI14Y,1CHO,TI14Y,4.4731364250183105,-0.5766691565513611,1
1CHO_TI14W,1CHO,TI14W,4.158527851104736,1.6817903518676758,1
1CHO_EI16G,1CHO,EI16G,3.622680902481079,1.1772499084472656,1
1CHO_EI16A,1CHO,EI16A,2.3332483768463135,1.3226574659347534,1
1CHO_EI16S,1CHO,EI16S,2.79435658454895,0.5726151466369629,1
1CHO_EI16C,1CHO,EI16C,2.728342294692993,0.037884436547756195,1
1CHO_EI16V,1CHO,EI16V,2.4394335746765137,0.15298837423324585,1
1CHO_EI16T,1CHO,EI16T,2.9093847274780273,0.35046708583831787,1
1CHO_EI16P,1CHO,EI16P,2.590765953063965,0.9009595513343811,1
1CHO_EI16L,1CHO,EI16L,2.8690428733825684,0.3540074825286865,1
1CHO_EI16I,1CHO,EI16I,2.6424343585968018,-0.36874598264694214,1
1CHO_EI16M,1CHO,EI16M,2.6983089447021484,0.06390380859375,1
1CHO_EI16N,1CHO,EI16N,2.3332483768463135,0.36253833770751953,1
1CHO_EI16D,1CHO,EI16D,0.881759524345398,0.4290064573287964,1
1CHO_EI16K,1CHO,EI16K,3.5946455001831055,-0.06161026656627655,1
1CHO_EI16Q,1CHO,EI16Q,1.3341379165649414,-0.08360221236944199,1
1CHO_EI16H,1CHO,EI16H,2.089729070663452,0.5436625480651855,1
1CHO_EI16F,1CHO,EI16F,3.622680902481079,-0.42824119329452515,1
1CHO_EI16R,1CHO,EI16R,3.681856870651245,0.41690337657928467,1
1CHO_EI16Y,1CHO,EI16Y,2.669166088104248,-0.5358641743659973,1
1CHO_EI16W,1CHO,EI16W,3.1600215435028076,0.20685259997844696,1
1CHO_YI17G,1CHO,YI17G,3.176107168197632,3.6835687160491943,1
1CHO_YI17A,1CHO,YI17A,2.5434629917144775,3.8172237873077393,1
1CHO_YI17S,1CHO,YI17S,2.8690428733825684,2.9616265296936035,1
1CHO_YI17C,1CHO,YI17C,2.5434629917144775,2.5061683654785156,1
1CHO_YI17V,1CHO,YI17V,3.463747262954712,3.0902276039123535,1
1CHO_YI17T,1CHO,YI17T,3.3040621280670166,3.150270700454712,1
1CHO_YI17P,1CHO,YI17P,8.56564998626709,4.557765483856201,1
1CHO_YI17L,1CHO,YI17L,0.6844465732574463,0.7755968570709229,1
1CHO_YI17I,1CHO,YI17I,2.109262228012085,2.8368399143218994,1
1CHO_YI17M,1CHO,YI17M,1.2265949249267578,2.535937547683716,1
1CHO_YI17N,1CHO,YI17N,3.000711679458618,3.4276721477508545,1
1CHO_YI17D,1CHO,YI17D,6.296296119689941,4.3326287269592285,1
1CHO_YI17K,1CHO,YI17K,3.1654322147369385,3.047811508178711,1
1CHO_YI17Q,1CHO,YI17Q,3.1545610427856445,3.1974546909332275,1
1CHO_YI17E,1CHO,YI17E,5.015994548797607,3.5403997898101807,1
1CHO_YI17H,1CHO,YI17H,1.5891783237457275,2.7143592834472656,1
1CHO_YI17F,1CHO,YI17F,0.18104250729084015,0.5046078562736511,1
1CHO_YI17R,1CHO,YI17R,2.9093847274780273,2.8430941104888916,1
1CHO_YI17W,1CHO,YI17W,0.3923552930355072,0.3069744110107422,1
1CHO_RI18G,1CHO,RI18G,3.4861066341400146,2.011317729949951,1
1CHO_RI18A,1CHO,RI18A,3.191767692565918,0.6981240510940552,1
1CHO_RI18S,1CHO,RI18S,3.1865932941436768,0.060404762625694275,1
1CHO_RI18C,1CHO,RI18C,3.5196218490600586,0.8399085402488708,1
1CHO_RI18V,1CHO,RI18V,2.0660953521728516,0.6382735371589661,1
1CHO_RI18T,1CHO,RI18T,2.669166088104248,0.18336345255374908,1
1CHO_RI18P,1CHO,RI18P,7.289410591125488,5.077762126922607,1
1CHO_RI18L,1CHO,RI18L,2.8305108547210693,-0.6117066144943237,1
1CHO_RI18I,1CHO,RI18I,2.109262228012085,0.20792953670024872,1
1CHO_RI18M,1CHO,RI18M,2.6158030033111572,0.15521728992462158,1
1CHO_RI18N,1CHO,RI18N,3.5196218490600586,0.3898056149482727,1
1CHO_RI18D,1CHO,RI18D,3.783076763153076,0.46045780181884766,1
1CHO_RI18K,1CHO,RI18K,0.662769079208374,-0.11957207322120667,1
1CHO_RI18Q,1CHO,RI18Q,2.478471517562866,0.23298931121826172,1
1CHO_RI18E,1CHO,RI18E,3.5196218490600586,1.2362315654754639,1
1CHO_RI18H,1CHO,RI18H,2.79435658454895,0.45889341831207275,1
1CHO_RI18F,1CHO,RI18F,2.9533493518829346,0.23025132715702057,1
1CHO_RI18Y,1CHO,RI18Y,3.000711679458618,0.17127466201782227,1
1CHO_RI18W,1CHO,RI18W,2.4394335746765137,0.7005860805511475,1
1CHO_PI11G,1CHO,PI11G,0.6364335417747498,0.054070837795734406,1
1CHO_PI11A,1CHO,PI11A,0.3806231915950775,-0.14547176659107208,1
1CHO_PI11S,1CHO,PI11S,-0.44068965315818787,-0.05359846353530884,1
1CHO_PI11C,1CHO,PI11C,-0.9835479259490967,-0.3473377823829651,1
1CHO_PI11V,1CHO,PI11V,-0.5496550798416138,0.13537105917930603,1
1CHO_PI11T,1CHO,PI11T,-0.5496550798416138,-0.09459533542394638,1
1CHO_PI11L,1CHO,PI11L,-0.5245592594146729,-0.21615074574947357,1
1CHO_PI11I,1CHO,PI11I,-0.5110632181167603,0.10921727120876312,1
1CHO_PI11M,1CHO,PI11M,-0.8281096816062927,-0.29778486490249634,1
1CHO_PI11N,1CHO,PI11N,-0.7799875140190125,-0.48839277029037476,1
1CHO_PI11D,1CHO,PI11D,-0.8513460755348206,-0.9543715119361877,1
1CHO_PI11K,1CHO,PI11K,0.386518269777298,-0.1315310150384903,1
1CHO_PI11Q,1CHO,PI11Q,-0.727737545967102,-0.46285247802734375,1
1CHO_PI11E,1CHO,PI11E,-0.7200929522514343,-0.7762433290481567,1
1CHO_PI11H,1CHO,PI11H,-0.11253932118415833,0.0888870432972908,1
1CHO_PI11F,1CHO,PI11F,-0.3075406551361084,-0.18312548100948334,1
1CHO_PI11R,1CHO,PI11R,0.39813536405563354,-0.2942327857017517,1
1CHO_PI11Y,1CHO,PI11Y,-0.3950939476490021,-0.3750010132789612,1
1CHO_PI11W,1CHO,PI11W,-0.20842353999614716,-0.2557373642921448,1
1CHO_KI10G,1CHO,KI10G,1.8224222660064697,-0.13955117762088776,1
1CHO_KI10A,1CHO,KI10A,0.18104250729084015,-0.41848891973495483,1
1CHO_KI10S,1CHO,KI10S,-0.42663875222206116,-0.6386702656745911,1
1CHO_KI10C,1CHO,KI10C,0.5032691359519958,-0.3928070664405823,1
1CHO_KI10V,1CHO,KI10V,1.2019360065460205,0.40986061096191406,1
1CHO_KI10T,1CHO,KI10T,0.3806231915950775,-0.4484648108482361,1
1CHO_KI10P,1CHO,KI10P,2.0763397216796875,1.2086766958236694,1
1CHO_KI10L,1CHO,KI10L,0.3806231915950775,-0.8816580772399902,1
1CHO_KI10I,1CHO,KI10I,1.5452135801315308,0.0645345076918602,1
1CHO_KI10M,1CHO,KI10M,0.4262188971042633,-0.5677137970924377,1
1CHO_KI10N,1CHO,KI10N,-0.3609865605831146,-0.2026473432779312,1
1CHO_KI10D,1CHO,KI10D,-0.5110632181167603,-0.3913775086402893,1
1CHO_KI10Q,1CHO,KI10Q,-0.5728914737701416,0.05300389602780342,1
1CHO_KI10E,1CHO,KI10E,0.18104250729084015,0.3268781304359436,1
1CHO_KI10H,1CHO,KI10H,0.14070072770118713,0.0027901148423552513,1
1CHO_KI10F,1CHO,KI10F,1.0933265686035156,-0.6891988515853882,1
1CHO_KI10R,1CHO,KI10R,-0.3777948319911957,0.09023819863796234,1
1CHO_KI10Y,1CHO,KI10Y,1.0752625465393066,-0.55936199426651,1
1CHO_KI10W,1CHO,KI10W,1.019529104232788,-0.3186150789260864,1
1CHO_GI29A,1CHO,GI29A,-1.0918017625808716,0.526660144329071,1
1CHO_GI29S,1CHO,GI29S,-0.13757623732089996,0.0589991956949234,1
1CHO_GI29C,1CHO,GI29C,2.5434629917144775,0.39127635955810547,1
1CHO_GI29V,1CHO,GI29V,0.7019242644309998,1.5664927959442139,1
1CHO_GI29T,1CHO,GI29T,2.0763397216796875,0.5656858086585999,1
1CHO_GI29P,1CHO,GI29P,0.32409724593162537,0.0004496723413467407,1
1CHO_GI29L,1CHO,GI29L,1.7506893873214722,0.2273213118314743,1
1CHO_GI29I,1CHO,GI29I,2.3673555850982666,1.6362321376800537,1
1CHO_GI29M,1CHO,GI29M,1.6365405321121216,0.4582086205482483,1
1CHO_GI29N,1CHO,GI29N,0.9535146951675415,0.1969442218542099,1
1CHO_GI29D,1CHO,GI29D,3.1089653968811035,0.12758147716522217,1
1CHO_GI29K,1CHO,GI29K,1.5891783237457275,0.5115821361541748,1
1CHO_GI29Q,1CHO,GI29Q,2.383700132369995,1.2825385332107544,1
1CHO_GI29E,1CHO,GI29E,2.6158030033111572,1.2617419958114624,1
1CHO_GI29H,1CHO,GI29H,-0.9835479259490967,1.0304210186004639,1
1CHO_GI29F,1CHO,GI29F,0.10216860473155975,-0.3147510886192322,1
1CHO_GI29R,1CHO,GI29R,1.744794249534607,1.6296627521514893,1
1CHO_GI29Y,1CHO,GI29Y,-0.9835479259490967,0.15275172889232635,1
1CHO_GI29W,1CHO,GI29W,1.0566304922103882,0.9645580649375916,1
1CHO_NI33G,1CHO,NI33G,-1.3942043781280518,0.38124513626098633,1
1CHO_NI33A,1CHO,NI33A,-1.3641711473464966,1.0702571868896484,1
1CHO_NI33S,1CHO,NI33S,-1.4767104387283325,0.2704639434814453,1
1CHO_NI33C,1CHO,NI33C,-0.11253932118415833,0.701140820980072,1
1CHO_NI33V,1CHO,NI33V,0.032861582934856415,-0.013657279312610626,1
1CHO_NI33T,1CHO,NI33T,-1.29815673828125,0.232701376080513,1
1CHO_NI33P,1CHO,NI33P,-1.8340035676956177,0.5050317645072937,1
1CHO_NI33L,1CHO,NI33L,0.616878867149353,0.12008321285247803,1
1CHO_NI33I,1CHO,NI33I,-0.030033236369490623,0.4196709990501404,1
1CHO_NI33M,1CHO,NI33M,-0.20842353999614716,0.29563838243484497,1
1CHO_NI33D,1CHO,NI33D,-1.0400738716125488,0.6169841885566711,1
1CHO_NI33K,1CHO,NI33K,2.3332483768463135,-0.14716488122940063,1
1CHO_NI33Q,1CHO,NI33Q,-0.18487930297851562,0.6407193541526794,1
1CHO_NI33E,1CHO,NI33E,2.3332483768463135,0.85708087682724,1
1CHO_NI33H,1CHO,NI33H,-0.7354821562767029,0.408583402633667,1
1CHO_NI33F,1CHO,NI33F,2.3673555850982666,-1.3956584930419922,1
1CHO_NI33R,1CHO,NI33R,1.5891783237457275,0.6497387290000916,1
1CHO_NI33Y,1CHO,NI33Y,2.5661070346832275,-1.06376051902771,1
1CHO_NI33W,1CHO,NI33W,2.17868709564209,-0.3552722930908203,1
"1CHO_TI14K,LI15R",1CHO,"TI14K,LI15R",7.472139358520508,4.831211090087891,1
"1CHO_TI14R,LI15R",1CHO,"TI14R,LI15R",7.2265849113464355,6.011175155639648,1
"1CHO_AI12R,LI15R",1CHO,"AI12R,LI15R",4.977166652679443,4.385469436645508,1
"1CHO_AI12R,TI14K,LI15R",1CHO,"AI12R,TI14K,LI15R",7.98739767074585,6.078555107116699,1
"1CHO_AI12R,TI14P,LI15R",1CHO,"AI12R,TI14P,LI15R",8.920000076293945,7.473579406738281,1
"1CHO_PI11S,AI12R,TI14P,LI15R",1CHO,"PI11S,AI12R,TI14P,LI15R",8.483975410461426,7.1441545486450195,1
"1CHO_KI10R,AI12R,TI14K,LI15R",1CHO,"KI10R,AI12R,TI14K,LI15R",8.027130126953125,5.71434211730957,1
"1CHO_KI10R,PI11F,AI12R,TI14K,LI15R",1CHO,"KI10R,PI11F,AI12R,TI14K,LI15R",8.097977638244629,5.567573547363281,1
"1CHO_PI11S,AI12L,TI14K,LI15R",1CHO,"PI11S,AI12L,TI14K,LI15R",7.297601222991943,4.779661178588867,1
"1CHO_AI12R,TI14K,LI15R,EI16S",1CHO,"AI12R,TI14K,LI15R,EI16S",8.392894744873047,5.993687629699707,1
"1CHO_EI7D,AI12V,TI14P,EI16D,RI18M,NI25S,GI29S,NI42S,SI48R",1CHO,"EI7D,AI12V,TI14P,EI16D,RI18M,NI25S,GI29S,NI42S,SI48R",7.333680629730225,2.361337184906006,1
"1CHO_TI14P,LI15K,EI16D,LI20V,SI48N,HI49R",1CHO,"TI14P,LI15K,EI16D,LI20V,SI48N,HI49R",7.001897811889648,4.432098388671875,1
"1CHO_TI14P,LI15K,EI16D,LI20V,SI48N",1CHO,"TI14P,LI15K,EI16D,LI20V,SI48N",7.144952774047852,4.445327281951904,1
"1CHO_TI14P,LI15K,EI16D,LI20V,GI29S,SI48N",1CHO,"TI14P,LI15K,EI16D,LI20V,GI29S,SI48N",7.522779941558838,4.199517726898193,1
"1CHO_EI7G,KI10Q,PI11S,TI14P,LI15Q,EI16D,RI18V,LI20F,GI29S,VI39A,EI40D",1CHO,"EI7G,KI10Q,PI11S,TI14P,LI15Q,EI16D,RI18V,LI20F,GI29S,VI39A,EI40D",7.5053019523620605,4.28108549118042,1
"1CHO_EI7D,YI8H,AI12V,TI14S,RI18M,NI25S,GI29S,NI33D",1CHO,"EI7D,YI8H,AI12V,TI14S,RI18M,NI25S,GI29S,NI33D",4.871823787689209,1.4000179767608643,1
"1CHO_EI7D,AI12V,TI14S,RI18M,NI25S,GI29N,NI33D,SI48G",1CHO,"EI7D,AI12V,TI14S,RI18M,NI25S,GI29N,NI33D,SI48G",4.364882946014404,1.6215001344680786,1
"1CHO_EI7D,AI12V,TI14S,RI18M,NI25S,GI29S,EI40D",1CHO,"EI7D,AI12V,TI14S,RI18M,NI25S,GI29S,EI40D",5.456684589385986,1.1727012395858765,1
"1CHO_VI3I,EI7D,AI12V,TI14S,RI18M,NI25S,GI29S,EI40D,TI46I",1CHO,"VI3I,EI7D,AI12V,TI14S,RI18M,NI25S,GI29S,EI40D,TI46I",5.4266510009765625,1.2996495962142944,1
"1CHO_EI7D,AI12V,TI14S,RI18M,NI25S,GI29S,VI39A,EI40D",1CHO,"EI7D,AI12V,TI14S,RI18M,NI25S,GI29S,VI39A,EI40D",4.986851692199707,0.9876927733421326,1
"1CHO_EI7D,RI18M,KI26Q,GI29S,NI33S,EI40D",1CHO,"EI7D,RI18M,KI26Q,GI29S,NI33S,EI40D",1.304995059967041,0.34862881898880005,1
"1CHO_RI18M,KI26Q,GI29S,EI40D",1CHO,"RI18M,KI26Q,GI29S,EI40D",3.000711679458618,-0.1500450223684311,1
"1CHO_EI7D,RI18M,EI40D",1CHO,"EI7D,RI18M,EI40D",2.5434629917144775,0.15866409242153168,1
"1CHO_EI7D,KI10R,AI12D,RI18M,EI40D",1CHO,"EI7D,KI10R,AI12D,RI18M,EI40D",2.4208016395568848,0.9739884734153748,1
"1CHO_EI7D,RI18M,KI31R,EI40D",1CHO,"EI7D,RI18M,KI31R,EI40D",2.4574975967407227,0.08126561343669891,1
"1CHO_EI7G,LI15M,RI18M,EI40D",1CHO,"EI7G,LI15M,RI18M,EI40D",2.6983089447021484,0.2735866904258728,1
"1CHO_EI7D,LI15M,RI18M,EI40D",1CHO,"EI7D,LI15M,RI18M,EI40D",2.728342294692993,0.15741460025310516,1
"1CHO_EI7D,LI15V,RI18M,GI29D,EI40D",1CHO,"EI7D,LI15V,RI18M,GI29D,EI40D",9.519164085388184,3.456958532333374,1
"1CHO_EI7D,LI15V,RI18M,EI40D",1CHO,"EI7D,LI15V,RI18M,EI40D",6.61243200302124,2.555987596511841,1
"1CHO_EI7D,TI14R,LI15M,RI18M,EI40D",1CHO,"EI7D,TI14R,LI15M,RI18M,EI40D",6.531947135925293,3.320521593093872,1
"1CHO_EI7G,LI15M,RI18M,EI40D,KI52E",1CHO,"EI7G,LI15M,RI18M,EI40D,KI52E",1.8910470008850098,0.42818188667297363,1
"1CHO_DI4N,EI7G,LI15M,RI18M,EI40D,KI52E",1CHO,"DI4N,EI7G,LI15M,RI18M,EI40D,KI52E",1.913749098777771,0.28967344760894775,1
"1CHO_EI7D,AI12V,TI14S,RI18M,NI25S,GI29S,NI33D,EI40D,TI46N",1CHO,"EI7D,AI12V,TI14S,RI18M,NI25S,GI29S,NI33D,EI40D,TI46N",4.273555755615234,1.094369649887085,1
"1CHO_EI7D,AI12V,TI14S,RI18M,NI25S,GI29S,NI33D,EI40D",1CHO,"EI7D,AI12V,TI14S,RI18M,NI25S,GI29S,NI33D,EI40D",4.4166107177734375,1.1769583225250244,1
"1CHO_EI7D,AI12V,TI14S,RI18M,NI25S,GI29S,NI33D,VI38F,EI40D,TI46S",1CHO,"EI7D,AI12V,TI14S,RI18M,NI25S,GI29S,NI33D,VI38F,EI40D,TI46S",4.233213901519775,1.1860580444335938,1
"1CHO_AI12V,TI14S,RI18M,NI25S,KI26Q,GI29S,KI31E,EI40D",1CHO,"AI12V,TI14S,RI18M,NI25S,KI26Q,GI29S,KI31E,EI40D",6.635976314544678,2.128544330596924,1
"1CHO_EI7D,YI8H,TI14L,LI15Q,YI17Q,RI18K,LI20I,GI29D,NI33S,EI40D",1CHO,"EI7D,YI8H,TI14L,LI15Q,YI17Q,RI18K,LI20I,GI29D,NI33S,EI40D",11.054069519042969,5.0641937255859375,1
"1CHO_EI7D,YI8H,TI14L,LI15Q,YI17Q,RI18K,GI29D,NI33S,EI40D",1CHO,"EI7D,YI8H,TI14L,LI15Q,YI17Q,RI18K,GI29D,NI33S,EI40D",11.138376235961914,5.19185733795166,1
1CHO_LI15M,1CHO,LI15M,0.32409724593162537,0.6101078987121582,1
"1CHO_LI15M,TI46N,KI52T",1CHO,"LI15M,TI46N,KI52T",0.6553633213043213,0.29618847370147705,1
"1CHO_NI25S,GI29A",1CHO,"NI25S,GI29A",-0.860901951789856,0.5475010275840759,1
"1CHO_AI12D,GI29A",1CHO,"AI12D,GI29A",-0.8657383322715759,1.2597298622131348,1
"1CHO_AI12D,GI29A,NI30S",1CHO,"AI12D,GI29A,NI30S",-0.030033236369490623,2.91510009765625,1
1CHO_GI29A,1CHO,GI29A,-0.7716429829597473,0.526660144329071,1
"1CHO_TI14M,LI15S,GI29V",1CHO,"TI14M,LI15S,GI29V",8.988038063049316,4.966224670410156,1
"1CHO_RI18V,LI20I",1CHO,"RI18V,LI20I",2.1671829223632812,0.46594470739364624,1
"1CHO_LI15S,RI18V,LI20I",1CHO,"LI15S,RI18V,LI20I",7.224715232849121,3.4208197593688965,1
1CHO_NI25S,1CHO,NI25S,0.0,0.03096028044819832,1
"1CHO_LI15M,LI20V,KI26I,EI40K",1CHO,"LI15M,LI20V,KI26I,EI40K",1.03739333152771,0.7124757766723633,1
"1CHO_AI12G,LI15M,LI20V,KI26I,EI40K",1CHO,"AI12G,LI15M,LI20V,KI26I,EI40K",1.1143004894256592,1.4525463581085205,1
"1CHO_LI15M,NI33D,SI48N",1CHO,"LI15M,NI33D,SI48N",-0.48241159319877625,0.8796197175979614,1
"1CHO_EI7D,KI10M,LI15M,LI20V",1CHO,"EI7D,KI10M,LI15M,LI20V",0.526875913143158,-0.1291256546974182,1
"1CHO_EI7G,LI15M,YI17S,LI20I,KI26T,GI29S,HI49Y,FI50P,KI52V",1CHO,"EI7G,LI15M,YI17S,LI20I,KI26T,GI29S,HI49Y,FI50P,KI52V",2.79435658454895,3.0094823837280273,1
"1CHO_AI12T,LI15M",1CHO,"AI12T,LI15M",0.9234814643859863,0.20164528489112854,1
"1CHO_LI15M,TI27S,GI29D",1CHO,"LI15M,TI27S,GI29D",3.5814502239227295,2.3746280670166016,1
"1CHO_AI12D,LI15A,YI17D",1CHO,"AI12D,LI15A,YI17D",10.913369178771973,6.2434186935424805,1
"1CHO_LI15M,SI48N,HI49R,KI52Q",1CHO,"LI15M,SI48N,HI49R,KI52Q",0.272369384765625,0.29937708377838135,1
"1CHO_LI15M,HI49R",1CHO,"LI15M,HI49R",0.14070072770118713,0.3272262215614319,1
"1CHO_LI15M,HI49R,KI52E",1CHO,"LI15M,HI49R,KI52E",-0.44068965315818787,0.11901121586561203,1
"1CHO_LI15M,SI48N",1CHO,"LI15M,SI48N",0.3806231915950775,0.429627001285553,1
"1CHO_YI8H,YI17D,TI27I,GI29S,NI33D,VI39L",1CHO,"YI8H,YI17D,TI27I,GI29S,NI33D,VI39L",6.88686990737915,5.161100387573242,1
1CHO_YI17H,1CHO,YI17H,1.4301855564117432,2.7143592834472656,1
"1CHO_LI15M,YI17Q",1CHO,"LI15M,YI17Q",3.5196218490600586,3.156341314315796,1
"1CHO_LI15M,GI29D",1CHO,"LI15M,GI29D",3.419841766357422,2.3403642177581787,1
"1CHO_LI15M,YI17H,KI26Q,GI29D",1CHO,"LI15M,YI17H,KI26Q,GI29D",4.233213901519775,3.9139811992645264,1
"1CHO_EI7D,TI14L,RI18M,GI29D,NI33S,EI40D,TI46S",1CHO,"EI7D,TI14L,RI18M,GI29D,NI33S,EI40D,TI46S",9.222419738769531,2.3340229988098145,1
"1CHO_AI12G,TI14M,LI15M,YI17R,RI18L,GI29N,NI30D,SI48N,KI52E",1CHO,"AI12G,TI14M,LI15M,YI17R,RI18L,GI29N,NI30D,SI48N,KI52E",9.20455551147461,5.95210075378418,1
"1CHO_EI7D,RI18M,LI20F,NI25S,GI29S,EI40D",1CHO,"EI7D,RI18M,LI20F,NI25S,GI29S,EI40D",2.669166088104248,0.5608652830123901,1
"1CHO_EI7G,KI10Q,TI14S,RI18V,LI20F,GI29S,NI33D,VI39A,EI40D",1CHO,"EI7G,KI10Q,TI14S,RI18V,LI20F,GI29S,NI33D,VI39A,EI40D",1.6365405321121216,2.152646541595459,1
"1CHO_EI7D,TI14S,EI16D,RI18M,NI25S,GI29S,EI40D,GI51E",1CHO,"EI7D,TI14S,EI16D,RI18M,NI25S,GI29S,EI40D,GI51E",7.660467147827148,1.4965133666992188,1
"1CHO_EI7D,AI12V,YI17E,RI18M,EI40D",1CHO,"EI7D,AI12V,YI17E,RI18M,EI40D",7.824039936065674,2.395981550216675,1
"1CHO_EI7D,AI12V,TI14S,RI18M,VI39A,EI40D",1CHO,"EI7D,AI12V,TI14S,RI18M,VI39A,EI40D",5.248260974884033,0.6842920184135437,1
"1CHO_DI4N,EI7D,AI12V,TI14S,EI16L,RI18M,VI39A,EI40D",1CHO,"DI4N,EI7D,AI12V,TI14S,EI16L,RI18M,VI39A,EI40D",6.459868907928467,0.7619579434394836,1
"1CHO_YI8H,EI16D,LI20I,NI25S,GI29S,NI33D,VI39M,EI40D",1CHO,"YI8H,EI16D,LI20I,NI25S,GI29S,NI33D,VI39M,EI40D",0.14070072770118713,0.9212536215782166,1
"1CHO_EI7D,AI12V,EI16D,RI18M,KI26T,GI29S,EI40D,LI45I",1CHO,"EI7D,AI12V,EI16D,RI18M,KI26T,GI29S,EI40D,LI45I",5.681691646575928,0.2567245364189148,1
"1CHO_EI7D,AI12V,TI14S,EI16D,RI18M,KI26T,GI29N,NI33I,EI40D,LI45I",1CHO,"EI7D,AI12V,TI14S,EI16D,RI18M,KI26T,GI29N,NI33I,EI40D,LI45I",7.61213493347168,1.6925522089004517,1
"1CHO_EI7D,KI10R,AI12V,EI16D,RI18M,GI29S,EI40D,LI45I,KI52R",1CHO,"EI7D,KI10R,AI12V,EI16D,RI18M,GI29S,EI40D,LI45I,KI52R",5.030045509338379,0.20113739371299744,1
"1CHO_EI7D,AI12V,EI16D,RI18M,GI29S,EI40D,LI45I,KI52R",1CHO,"EI7D,AI12V,EI16D,RI18M,GI29S,EI40D,LI45I,KI52R",5.522698879241943,0.3104521632194519,1
"1CHO_AI12D,LI15A",1CHO,"AI12D,LI15A",4.827918529510498,4.281625747680664,1
"1CHO_TI14P,LI15K,GI29D",1CHO,"TI14P,LI15K,GI29D",9.929821014404297,5.862297534942627,1
"1CHO_TI14P,LI15K",1CHO,"TI14P,LI15K",8.366068840026855,5.991996765136719,1
"1CHO_EI7D,LI15M,RI18M,GI29D,EI40D",1CHO,"EI7D,LI15M,RI18M,GI29D,EI40D",5.637726783752441,1.358177900314331,1
1CHO_GI29V,1CHO,GI29V,0.5925281047821045,1.5664927959442139,1
1CHO_YI17D,1CHO,YI17D,6.1120476722717285,4.3326287269592285,1
1CHO_TI14E,1CHO,TI14E,4.895524978637695,3.8403677940368652,1
"1CHO_EI7D,LI15F,RI18M,EI40D",1CHO,"EI7D,LI15F,RI18M,EI40D",1.03739333152771,1.0433108806610107,1
1CHO_TI14S,1CHO,TI14S,2.3505473136901855,1.663309097290039,1
1CHO_TI14V,1CHO,TI14V,3.273448944091797,1.2757660150527954,1
1CHO_AI12V,1CHO,AI12V,0.9234814643859863,-0.6750926971435547,1
"1CHO_AI12V,TI14S",1CHO,"AI12V,TI14S",3.6101016998291016,0.9974964261054993,1
1CHO_TI14A,1CHO,TI14A,4.317520618438721,2.577186346054077,1
1CHO_LI15K,1CHO,LI15K,4.273555755615234,2.6771085262298584,1
1CHO_LI15A,1CHO,LI15A,4.932125091552734,3.830277681350708,1
1CHO_LI15E,1CHO,LI15E,6.85371732711792,5.953185081481934,1
1CHO_LI15Q,1CHO,LI15Q,3.556931257247925,2.5040009021759033,1
"1CHO_TI14K,LI15R",1CHO,"TI14K,LI15R",7.333680629730225,4.831211090087891,1
"1CHO_TI14R,LI15R",1CHO,"TI14R,LI15R",7.201478481292725,6.011175155639648,1
"1CHO_AI12R,LI15R",1CHO,"AI12R,LI15R",4.907029151916504,4.385469436645508,1
"1CHO_AI12R,TI14K,LI15R",1CHO,"AI12R,TI14K,LI15R",7.955412864685059,6.078555107116699,1
"1CHO_AI12R,TI14P,LI15R",1CHO,"AI12R,TI14P,LI15R",8.886950492858887,7.473579406738281,1
"1CHO_PI11S,AI12R,TI14P,LI15R",1CHO,"PI11S,AI12R,TI14P,LI15R",8.457395553588867,7.1441545486450195,1
"1CHO_KI10T,PI11E,AI12Y",1CHO,"KI10T,PI11E,AI12Y",-0.9422295689582825,-2.3477582931518555,1
"1CHO_KI10T,PI11E,AI12Y,LI15G,RI18M,GI29P,NI33V",1CHO,"KI10T,PI11E,AI12Y,LI15G,RI18M,GI29P,NI33V",5.884189128875732,2.439553737640381,1
"1CHO_KI10S,PI11D,AI12Y",1CHO,"KI10S,PI11D,AI12Y",-1.0332770347595215,-2.8649885654449463,1
"1CHO_KI10S,PI11D,AI12Y,LI15G,EI16I,RI18K",1CHO,"KI10S,PI11D,AI12Y,LI15G,EI16I,RI18K",7.270103931427002,1.7499104738235474,1
1EAW_QA23A,1EAW,QA23A,-0.5189116597175598,0.2185405045747757,1
1EAW_IA26A,1EAW,IA26A,-0.8225061297416687,0.733542799949646,1
1EAW_IA45A,1EAW,IA45A,-0.19435805082321167,1.029937982559204,1
1EAW_DA46A,1EAW,DA46A,-0.1716310679912567,0.7926201820373535,1
1EAW_DA47A,1EAW,DA47A,1.5027753114700317,0.4749833345413208,1
1EAW_RA48A,1EAW,RA48A,0.5876145362854004,0.5458018183708191,1
1EAW_FA50A,1EAW,FA50A,-0.4288126528263092,0.7384775280952454,1
1EAW_RA51A,1EAW,RA51A,0.23100829124450684,0.5341402888298035,1
1EAW_YA52A,1EAW,YA52A,-0.07894066721200943,0.899081826210022,1
1EAW_RA82A,1EAW,RA82A,-0.14974381029605865,-0.07289684563875198,1
1EAW_FA89A,1EAW,FA89A,0.7285935878753662,0.7800064086914062,1
1EAW_NA90A,1EAW,NA90A,0.3080978989601135,0.6431381702423096,1
1EAW_DA91A,1EAW,DA91A,0.6544404625892639,0.9682613611221313,1
1EAW_FA92A,1EAW,FA92A,0.892020046710968,0.22755979001522064,1
1EAW_TA93A,1EAW,TA93A,0.25474119186401367,0.10730986297130585,1
1EAW_HA138A,1EAW,HA138A,-0.014480198733508587,0.8784145712852478,1
1EAW_QA140A,1EAW,QA140A,0.306678831577301,0.49675649404525757,1
1EAW_YA141A,1EAW,YA141A,0.5021535754203796,1.1445084810256958,1
1EAW_TA144A,1EAW,TA144A,0.08945067971944809,0.029682625085115433,1
1EAW_LA147A,1EAW,LA147A,0.5021535754203796,0.0799381285905838,1
1EAW_EA163A,1EAW,EA163A,0.7036820650100708,0.3568684458732605,1
1EAW_QA168A,1EAW,QA168A,0.5650851130485535,0.06178635358810425,1
1EAW_QA169A,1EAW,QA169A,-0.13309656083583832,0.6890798211097717,1
1EAW_DA214A,1EAW,DA214A,2.2291338443756104,-0.02970598265528679,1
1EAW_QA218A,1EAW,QA218A,0.1442377269268036,0.8298357129096985,1
1EAW_RA219A,1EAW,RA219A,-0.08855192363262177,0.18368889391422272,1
1EAW_KA221A,1EAW,KA221A,0.47605013847351074,-0.09912434965372086,1
1SBN_RI38K,1SBN,RI38K,-0.30999940633773804,-0.10716471076011658,1
1CT4_VI13L,1CT4,VI13L,-3.0342824459075928,-3.027841806411743,1
"4UYQ_SB51I,IB52N",4UYQ,"SB51I,IB52N",-0.04390541464090347,0.20136933028697968,1
"4UYQ_IB15S,NB16I,SB51I,IB52N",4UYQ,"IB15S,NB16I,SB51I,IB52N",0.21131277084350586,1.310396432876587,1
"4UYQ_RB14N,KB50N,SB51I,IB52N",4UYQ,"RB14N,KB50N,SB51I,IB52N",0.9004237651824951,1.0673401355743408,1
"4UYQ_IB15S,IB52N",4UYQ,"IB15S,IB52N",2.185483932495117,1.4278059005737305,1
"4UYQ_NB16I,SB51I",4UYQ,"NB16I,SB51I",4.04860782623291,-0.6914324760437012,1
"4UYQ_AB18F,AB54F,SB51I,IB52N",4UYQ,"AB18F,AB54F,SB51I,IB52N",4.892280101776123,-3.2820236682891846,1
"4UYQ_LB20Y,LB56Y,SB51I,IB52N",4UYQ,"LB20Y,LB56Y,SB51I,IB52N",0.45153138041496277,0.06968154013156891,1
"4UYQ_DB23Q,DB59Q,SB51I,IB52N",4UYQ,"DB23Q,DB59Q,SB51I,IB52N",4.684093475341797,1.4882768392562866,1
1SGE_EI13L,1SGE,EI13L,-5.982758045196533,-5.943939685821533,1
"2CCL_AB48S,AB49T",2CCL,"AB48S,AB49T",-0.07970309257507324,0.07901842147111893,1
2BTF_FP59A,2BTF,FP59A,1.5957406759262085,3.09425687789917,1
2BTF_VP60E,2BTF,VP60E,0.9787291884422302,0.16790996491909027,1
2BTF_GP120F,2BTF,GP120F,1.7209311723709106,-1.8637034893035889,1
2BTF_KP125A,2BTF,KP125A,0.46005600690841675,0.6554263830184937,1
1BD2_EE28A,1BD2,EE28A,2.8351387977600098,1.407832384109497,1
1BD2_YC8A,1BD2,YC8A,2.7603745460510254,3.8949193954467773,1
"1BD2_EE28A,YC8A",1BD2,"EE28A,YC8A",3.966677188873291,3.172973394393921,1
1BD2_ED93A,1BD2,ED93A,1.3156907558441162,1.1800649166107178,1
1BD2_RA65A,1BD2,RA65A,2.4992330074310303,2.3931829929351807,1
"1BD2_ED93A,RA65A",1BD2,"ED93A,RA65A",3.1152541637420654,3.821756362915039,1
1BD2_DD30N,1BD2,DD30N,1.9193298816680908,-0.27237868309020996,1
1BD2_YC5A,1BD2,YC5A,3.4075310230255127,2.2104337215423584,1
"1BD2_DD30N,YC5A",1BD2,"DD30N,YC5A",1.4770017862319946,1.1895792484283447,1
1BD2_DD30N,1BD2,DD30N,1.9555097818374634,-0.27237868309020996,1
1BD2_YC5F,1BD2,YC5F,0.7336106896400452,-0.3021843433380127,1
"1BD2_DD30N,YC5F",1BD2,"DD30N,YC5F",2.499720573425293,-0.9922098517417908,1
1BD2_YE99A,1BD2,YE99A,0.2170730084180832,1.1367261409759521,1
1BD2_YC5F,1BD2,YC5F,0.5563236474990845,-0.3021843433380127,1
"1BD2_YE99A,YC5F",1BD2,"YE99A,YC5F",0.8948648571968079,1.4331456422805786,1
1BD2_YE99A,1BD2,YE99A,0.2357640564441681,1.1367261409759521,1
1BD2_YC5A,1BD2,YC5A,3.2765021324157715,2.2104337215423584,1
"1BD2_YE99A,YC5A",1BD2,"YE99A,YC5A",2.6869916915893555,2.8093483448028564,1
1BD2_YC5F,1BD2,YC5F,0.930243194103241,-0.3021843433380127,1
1BD2_YC5W,1BD2,YC5W,1.9285753965377808,0.1376403421163559,1
1BD2_YE99A,1BD2,YE99A,0.471099317073822,1.1367261409759521,1
"1BD2_EA63Q,KA66A",1BD2,"EA63Q,KA66A",1.9614979028701782,1.5133672952651978,1
1Y3B_SI41E,1Y3B,SI41E,-2.7477686405181885,-2.1169426441192627,1
1N8Z_LC509A,1N8Z,LC509A,-0.023055516183376312,-0.12494038045406342,1
1N8Z_SC535A,1N8Z,SC535A,0.03084089420735836,-0.053878843784332275,1
1N8Z_VC536A,1N8Z,VC536A,0.008976716548204422,-0.18105657398700714,1
1N8Z_FC539A,1N8Z,FC539A,0.03511854633688927,1.0515058040618896,1
1N8Z_NA30S,1N8Z,NA30S,0.06411135196685791,0.15556252002716064,1
1N8Z_HA91F,1N8Z,HA91F,0.032922469079494476,-0.5765431523323059,1
"1N8Z_NA30S,HA91F,YA92W",1N8Z,"NA30S,HA91F,YA92W",-0.07190047949552536,-0.6338345408439636,1
1N8Z_TA94S,1N8Z,TA94S,0.3093721270561218,-0.5960418581962585,1
1N8Z_DB102W,1N8Z,DB102W,-0.6857352256774902,-0.5689799189567566,1
1N8Z_YB105F,1N8Z,YB105F,0.8213128447532654,0.482311487197876,1
1N8Z_YB109V,1N8Z,YB109V,0.22304488718509674,0.26701831817626953,1
"1N8Z_NA30S,HA91F,YA92W,TA94S,DB102W,YB105F,YB109V",1N8Z,"NA30S,HA91F,YA92W,TA94S,DB102W,YB105F,YB109V",0.048722125589847565,-1.446307897567749,1
1N8Z_RB50A,1N8Z,RB50A,2.9276857376098633,2.021359443664551,1
1N8Z_RB59A,1N8Z,RB59A,1.774827480316162,1.0428872108459473,1
2C0L_NA48A,2C0L,NA48A,0.6877506375312805,0.6368233561515808,1
2C0L_QA239R,2C0L,QA239R,1.4865076541900635,-0.9539827704429626,1
2C0L_SA242Y,2C0L,SA242Y,0.2736794650554657,-0.3354564309120178,1
1GRN_DA38E,1GRN,DA38E,0.38986650109291077,0.19690559804439545,1
2BNQ_VC9C,2BNQ,VC9C,0.5019832849502563,0.4226749539375305,1
1TM1_YI42A,1TM1,YI42A,2.1795296669006348,2.9483091831207275,1
1TM1_YI42G,1TM1,YI42G,4.680967330932617,2.262450933456421,1
1TM1_RI46A,1TM1,RI46A,3.079859972000122,4.916147232055664,1
1TM1_RI48A,1TM1,RI48A,2.923438787460327,3.937899351119995,1
1TM1_RI48C,1TM1,RI48C,3.2358014583587646,2.2724356651306152,1
"1TM1_RI48A,RI46A",1TM1,"RI48A,RI46A",5.0519232749938965,4.718228340148926,1
1TM1_TI39D,1TM1,TI39D,2.099073648452759,3.3060367107391357,1
1TM1_TI39A,1TM1,TI39A,2.5723960399627686,1.9225306510925293,1
1TM1_EI41A,1TM1,EI41A,2.9246554374694824,2.991708993911743,1
"1TM1_TI39A,EI41A",1TM1,"TI39A,EI41A",3.3903958797454834,3.0144965648651123,1
"1TM1_TI39D,EI41A",1TM1,"TI39D,EI41A",0.7541710138320923,3.9921796321868896,1
1TM1_VI51A,1TM1,VI51A,0.0248617734760046,0.30700868368148804,1
1TM1_TI39A,1TM1,TI39A,2.728342294692993,1.9225306510925293,1
1TM1_TI39P,1TM1,TI39P,3.756010055541992,4.59818172454834,1
1TM1_EI41A,1TM1,EI41A,3.054218292236328,2.991708993911743,1
1TM1_EI41S,1TM1,EI41S,2.7477686405181885,1.8814916610717773,1
"1TM1_EI41S,MI40R",1TM1,"EI41S,MI40R",3.549654960632324,5.065271377563477,1
1TM1_RI43A,1TM1,RI43A,1.2561542987823486,1.908622145652771,1
1TM1_RI46A,1TM1,RI46A,3.756010055541992,4.916147232055664,1
1TM1_RI48A,1TM1,RI48A,3.098123788833618,3.937899351119995,1
1TM1_MI40G,1TM1,MI40G,2.232905387878418,2.500976800918579,1
1TM1_MI40A,1TM1,MI40A,1.0276678800582886,2.0927839279174805,1
1TM1_MI40K,1TM1,MI40K,1.0935636758804321,2.110382556915283,1
1TM1_MI40Y,1TM1,MI40Y,0.05646670609712601,2.065608263015747,1
1TM1_MI40F,1TM1,MI40F,1.0276678800582886,1.2869336605072021,1
1TM1_YI42A,1TM1,YI42A,2.9815821647644043,2.9483091831207275,1
"4UYP_SD15I,ID16N",4UYP,"SD15I,ID16N",-0.2552182078361511,-0.3381528854370117,1
"4UYP_ID51S,ND52I,SD15I,ID16N",4UYP,"ID51S,ND52I,SD15I,ID16N",-0.21131277084350586,1.1547582149505615,1
"4UYP_RD14N,KD50N,SD15I,ID16N",4UYP,"RD14N,KD50N,SD15I,ID16N",0.6891109943389893,0.47975385189056396,1
"4UYP_ID51S,ID16N",4UYP,"ID51S,ID16N",1.9741711616516113,1.224782943725586,1
"4UYP_ND52I,SD15I",4UYP,"ND52I,SD15I",3.8372950553894043,-0.34149181842803955,1
"4UYP_AD18F,AD54F,SD15I,ID16N",4UYP,"AD18F,AD54F,SD15I,ID16N",4.680967330932617,-2.9693820476531982,1
"4UYP_LD20Y,LD56Y,SD15I,ID16N",4UYP,"LD20Y,LD56Y,SD15I,ID16N",0.2402186095714569,0.10806278884410858,1
"4UYP_DD23Q,DD59Q,SD15I,ID16N",4UYP,"DD23Q,DD59Q,SD15I,ID16N",4.472780704498291,1.4854967594146729,1
1KAC_PA15S,1KAC,PA15S,-0.793380618095398,-0.4985104203224182,1
1KAC_SA87Y,1KAC,SA87Y,-1.2527592182159424,-1.4244349002838135,1
1C4Z_SD1A,1C4Z,SD1A,0.5660946369171143,0.570445716381073,1
1C4Z_RD2A,1C4Z,RD2A,0.5186731815338135,1.2095346450805664,1
1C4Z_RD2E,1C4Z,RD2E,1.288435935974121,1.0892835855484009,1
1C4Z_RD3A,1C4Z,RD3A,0.4671231210231781,1.2719638347625732,1
1C4Z_RD3E,1C4Z,RD3E,1.1857807636260986,1.0035337209701538,1
1C4Z_KD6A,1C4Z,KD6A,0.6100000739097595,0.6145800948143005,1
1C4Z_KD6E,1C4Z,KD6E,1.5549901723861694,0.14104513823986053,1
1C4Z_ND28A,1C4Z,ND28A,-0.17839030921459198,0.5455007553100586,1
1C4Z_LD30A,1C4Z,LD30A,-0.343514621257782,0.803564727306366,1
1C4Z_RD49A,1C4Z,RD49A,-0.011969134211540222,0.21892385184764862,1
1C4Z_AD56G,1C4Z,AD56G,0.5660946369171143,0.5049452185630798,1
1C4Z_ED57A,1C4Z,ED57A,0.08793172985315323,0.7745402455329895,1
1C4Z_ED57R,1C4Z,ED57R,0.06714180111885071,-0.6751306653022766,1
1C4Z_PD59A,1C4Z,PD59A,1.4097667932510376,0.12655465304851532,1
1C4Z_FD60A,1C4Z,FD60A,3.0141565799713135,2.1933176517486572,1
1C4Z_KD61A,1C4Z,KD61A,0.2930837571620941,0.1797056645154953,1
1C4Z_KD61E,1C4Z,KD61E,0.7250281572341919,-0.11828838288784027,1
1C4Z_ED90A,1C4Z,ED90A,-0.43484148383140564,-0.12709356844425201,1
1C4Z_ED90R,1C4Z,ED90R,-1.002914309501648,-0.6934818625450134,1
1C4Z_WD92A,1C4Z,WD92A,0.8213128447532654,2.303093194961548,1
1C4Z_KD93A,1C4Z,KD93A,1.135684609413147,1.7505784034729004,1
1C4Z_KD93E,1C4Z,KD93E,1.1695482730865479,2.0771398544311523,1
1C4Z_PD94A,1C4Z,PD94A,0.850218653678894,0.7454299330711365,1
1C4Z_AD95G,1C4Z,AD95G,0.4106564223766327,0.07500194013118744,1
1C4Z_KD97A,1C4Z,KD97A,1.3017500638961792,1.0104100704193115,1
1C4Z_KD97E,1C4Z,KD97E,1.420637845993042,0.9605649709701538,1
1C4Z_VA138A,1C4Z,VA138A,0.5660946369171143,1.8401262760162354,1
1C4Z_LA139A,1C4Z,LA139A,1.2169697284698486,0.47419655323028564,1
1C4Z_QA141A,1C4Z,QA141A,-0.38742002844810486,0.10369125008583069,1
1C4Z_SA142A,1C4Z,SA142A,0.4106564223766327,0.2564152181148529,1
1C4Z_LA143A,1C4Z,LA143A,0.9991104006767273,1.2956476211547852,1
1C4Z_DA145A,1C4Z,DA145A,-0.38742002844810486,0.2714030146598816,1
1C4Z_DA145K,1C4Z,DA145K,0.20774735510349274,-0.14967253804206848,1
1C4Z_LA146A,1C4Z,LA146A,1.9741711616516113,0.6989408135414124,1
1C4Z_YA149A,1C4Z,YA149A,1.288435935974121,0.8944389224052429,1
1C4Z_DA156A,1C4Z,DA156A,0.5186731815338135,0.9928864240646362,1
1C4Z_DA156R,1C4Z,DA156R,1.3759032487869263,1.0959692001342773,1
1C4Z_MA157A,1C4Z,MA157A,1.9302657842636108,1.1475093364715576,1
1C4Z_MA158A,1C4Z,MA158A,0.7588918209075928,-0.2784591317176819,1
1C4Z_IA159A,1C4Z,IA159A,0.4106564223766327,0.5975951552391052,1
1C4Z_TA160A,1C4Z,TA160A,0.5660946369171143,0.5071524977684021,1
1C4Z_IA163A,1C4Z,IA163A,-0.08935531973838806,0.3715013861656189,1
1C4Z_SA164A,1C4Z,SA164A,-0.4106564223766327,0.10016242414712906,1
1C4Z_TA166A,1C4Z,TA166A,-0.13220183551311493,0.22049802541732788,1
1C4Z_MA174A,1C4Z,MA174A,-0.5732470750808716,0.42208153009414673,1
1C4Z_FA194A,1C4Z,FA194A,1.5964372158050537,0.6008476614952087,1
1C4Z_YA198L,1C4Z,YA198L,0.8213128447532654,1.2678228616714478,1
"1C4Z_SA243P,NA245P",1C4Z,"SA243P,NA245P",-0.07573513686656952,-0.2996206283569336,1
1C4Z_CA324A,1C4Z,CA324A,0.10801676660776138,0.5949423313140869,1
2UWE_AA163T,2UWE,AA163T,0.40431997179985046,-0.4158205986022949,1
3UII_KA58A,3UII,KA58A,0.045595720410346985,0.2364884465932846,1
"3UII_KA58Y,HA76W",3UII,"KA58Y,HA76W",0.03452153131365776,-1.1935911178588867,1
2I26_AN29V,2I26,AN29V,0.030388813465833664,-0.45687538385391235,1
2I26_SN60R,2I26,SN60R,-0.6264405846595764,-0.1649227887392044,1
4NZW_KA77A,4NZW,KA77A,0.07601718604564667,1.5613648891448975,1
4NZW_EB49A,4NZW,EB49A,0.3254689872264862,0.6115222573280334,1
4NZW_EB124A,4NZW,EB124A,0.3571796715259552,0.3031104803085327,1
3KUD_KB30A,3KUD,KB30A,1.9539144039154053,2.214430093765259,1
"3KUD_KB30A,FB6W",3KUD,"KB30A,FB6W",2.167797565460205,2.126659870147705,1
"3KUD_KB30A,VB33I",3KUD,"KB30A,VB33I",2.7589051723480225,2.3234059810638428,1
"3KUD_KB30A,NB16R",3KUD,"KB30A,NB16R",0.7665860652923584,2.4311792850494385,1
"3KUD_KB30A,FB6W,NB16R",3KUD,"KB30A,FB6W,NB16R",1.205237627029419,2.5088441371917725,1
"3KUD_KB30A,FB6W,NB16R,VB33I",3KUD,"KB30A,FB6W,NB16R,VB33I",1.9539144039154053,2.627976179122925,1
"3KUD_KB30A,FB6W,RB12L,NB16R,VB33I",3KUD,"KB30A,FB6W,RB12L,NB16R,VB33I",1.9666558504104614,2.9154436588287354,1
"3KUD_KB30A,FB6W,VB14E,NB16R,VB33I",3KUD,"KB30A,FB6W,VB14E,NB16R,VB33I",3.9646518230438232,2.8281500339508057,1
"3KUD_KB30A,FB6W,RB12L,VB14E,NB16R,KB29R,VB33I",3KUD,"KB30A,FB6W,RB12L,VB14E,NB16R,KB29R,VB33I",4.206310272216797,3.518784761428833,1
3KUD_NB16R,3KUD,NB16R,-0.7980764508247375,-0.3960896134376526,1
"3KUD_KB30A,TA35A",3KUD,"KB30A,TA35A",3.0406603813171387,3.3132164478302,1
"3KUD_KB30A,TA35A,NB16R",3KUD,"KB30A,TA35A,NB16R",1.5169224739074707,3.3974032402038574,1
3KUD_TA35A,3KUD,TA35A,1.991344928741455,2.5320212841033936,1
"3KUD_TA35A,NB16R",3KUD,"TA35A,NB16R",1.4893616437911987,2.191514730453491,1
"3KUD_KB30A,YA32C,CA118S",3KUD,"KB30A,YA32C,CA118S",2.8970348834991455,1.6394860744476318,1
"3KUD_KB30A,YA32C,CA118S,NB16R",3KUD,"KB30A,YA32C,CA118S,NB16R",1.6597994565963745,1.7009471654891968,1
"3KUD_YA32C,CA118S",3KUD,"YA32C,CA118S",0.9101451635360718,1.1080455780029297,1
"3KUD_YA32C,CA118S,NB16R",3KUD,"YA32C,CA118S,NB16R",-0.03591717779636383,-0.23648396134376526,1
2NU0_WI13L,2NU0,WI13L,-1.8652080297470093,-2.2424659729003906,2
4CPA_PI35G,4CPA,PI35G,2.5961403846740723,0.10327234864234924,2
4CPA_YI36G,4CPA,YI36G,0.5019832849502563,1.0256139039993286,2
4CPA_YI36F,4CPA,YI36F,0.0,0.017990335822105408,2
4CPA_VI37G,4CPA,VI37G,3.734722137451172,1.6891310214996338,2
4CPA_VI37A,4CPA,VI37A,2.325532913208008,1.4628032445907593,2
4CPA_VI37L,4CPA,VI37L,1.2793906927108765,0.36236798763275146,2
4CPA_VI37I,4CPA,VI37I,0.19934363663196564,0.043944016098976135,2
4CPA_VI37F,4CPA,VI37F,0.0,0.21137532591819763,2
2VLP_AB54R,2VLP,AB54R,-1.6664471626281738,-0.22578027844429016,2
3HFM_YY20A,3HFM,YY20A,4.878217697143555,2.1434924602508545,2
3HFM_NL32A,3HFM,NL32A,5.109632968902588,2.3900437355041504,2
3HFM_KY96A,3HFM,KY96A,6.991293430328369,3.26581072807312,2
3HFM_NL31A,3HFM,NL31A,5.216465950012207,1.5608417987823486,2
"3HFM_NL31A,KY96A",3HFM,"NL31A,KY96A",7.471730709075928,2.960203170776367,2
3HFM_NL31D,3HFM,NL31D,1.3440860509872437,0.2146841287612915,2
3HFM_NL31E,3HFM,NL31E,5.709924697875977,0.3873525857925415,2
3HFM_YL50A,3HFM,YL50A,4.55963659286499,1.9850430488586426,2
3HFM_YL50L,3HFM,YL50L,4.395153045654297,0.9125746488571167,2
3HFM_YL50F,3HFM,YL50F,2.355921745300293,0.689678430557251,2
"3HFM_YL50A,RY21A",3HFM,"YL50A,RY21A",6.369324207305908,2.291374921798706,2
"3HFM_YL50F,RY21A",3HFM,"YL50F,RY21A",4.3327317237854,1.867647647857666,2
"3HFM_YL50F,YY20A",3HFM,"YL50F,YY20A",6.226447105407715,2.15791392326355,2
"3HFM_YL50A,KY96A",3HFM,"YL50A,KY96A",7.733495235443115,3.432929277420044,2
"3HFM_YL50A,KY97A",3HFM,"YL50A,KY97A",7.32283878326416,3.167907238006592,2
3HFM_KY97A,3HFM,KY97A,6.169980525970459,2.3003106117248535,2
3HFM_YH33A,3HFM,YH33A,6.037778854370117,3.782959461212158,2
"3HFM_YH33A,KY97A",3HFM,"YH33A,KY97A",7.231512069702148,5.386762619018555,2
3HFM_WH98F,3HFM,WH98F,3.2470154762268066,-0.6417332887649536,2
"3HFM_WH98F,YY20A",3HFM,"WH98F,YY20A",6.231808662414551,1.6270705461502075,2
3HFM_WH98A,3HFM,WH98A,5.513151168823242,2.0190138816833496,2
"3HFM_WH98A,KY96A",3HFM,"WH98A,KY96A",7.733495235443115,2.8032898902893066,2
3HFM_DH32A,3HFM,DH32A,1.8990768194198608,1.0658851861953735,2
"3HFM_DH32A,KY97A",3HFM,"DH32A,KY97A",4.594496726989746,0.8284409642219543,2
"3HFM_DH32N,KY97A",3HFM,"DH32N,KY97A",4.893741130828857,1.2720788717269897,2
3HFM_DH32N,3HFM,DH32N,0.17043781280517578,1.4661356210708618,2
"3HFM_DH32A,KY97M",3HFM,"DH32A,KY97M",1.1239525079727173,0.5781906247138977,2
"3HFM_DH32N,KY97M",3HFM,"DH32N,KY97M",0.3026396632194519,0.7958098649978638,2
3HFM_KY97M,3HFM,KY97M,1.0935636758804321,1.0129280090332031,2
3HFM_RY21A,3HFM,RY21A,1.0276678800582886,1.6132662296295166,2
3HFM_SH31A,3HFM,SH31A,0.17043781280517578,0.46880292892456055,2
3HFM_YH50A,3HFM,YH50A,7.32283878326416,3.5994741916656494,2
"3HFM_YH50A,RY21A",3HFM,"YH50A,RY21A",7.944808006286621,4.152176380157471,2
3HFM_QL53A,3HFM,QL53A,0.9535146951675415,0.6368952989578247,2
3HFM_YL96A,3HFM,YL96A,2.7082571983337402,1.1983743906021118,2
"3HFM_YL96A,RY21A",3HFM,"YL96A,RY21A",5.759324073791504,1.994596242904663,2
"3HFM_YL96F,RY21A",3HFM,"YL96F,RY21A",4.183840274810791,1.1331517696380615,2
3HFM_YL96F,3HFM,YL96F,1.4024070501327515,-0.08850400894880295,2
3HFM_YH53W,3HFM,YH53W,0.6948397159576416,-0.4415247440338135,2
3HFM_YH53F,3HFM,YH53F,0.6105332374572754,0.09097166359424591,2
3HFM_YH53L,3HFM,YH53L,0.7939297556877136,0.518446683883667,2
3HFM_YH53A,3HFM,YH53A,3.1981747150421143,0.747397780418396,2
3HFM_YH33W,3HFM,YH33W,1.7214642763137817,1.521364450454712,2
3HFM_YH33F,3HFM,YH33F,1.05401611328125,0.2531076669692993,2
3HFM_YH33L,3HFM,YH33L,1.974704384803772,2.4968018531799316,2
3HFM_YH50F,3HFM,YH50F,1.5841330289840698,0.1811436265707016,2
3HFM_YH50L,3HFM,YH50L,2.8030807971954346,2.3049488067626953,2
3HFM_YH58F,3HFM,YH58F,0.35729318857192993,-0.14380274713039398,2
3HFM_YH58L,3HFM,YH58L,1.4893616437911987,1.076338768005371,2
3HFM_YH58A,3HFM,YH58A,1.649124264717102,1.696692943572998,2
3HFM_DY101G,3HFM,DY101G,0.19934363663196564,0.7011009454727173,2
3HFM_DY101A,3HFM,DY101A,1.2087328433990479,1.8969804048538208,2
3HFM_DY101N,3HFM,DY101N,1.3409347534179688,1.1994585990905762,2
3HFM_DY101S,3HFM,DY101S,1.7124065160751343,1.0771584510803223,2
3HFM_DY101Q,3HFM,DY101Q,1.9302657842636108,0.42319631576538086,2
3HFM_DY101R,3HFM,DY101R,2.1230628490448,1.0365910530090332,2
3HFM_DY101E,3HFM,DY101E,1.9741711616516113,0.5738821625709534,2
3HFM_DY101F,3HFM,DY101F,2.1704843044281006,0.4686281681060791,2
3HFM_DY101K,3HFM,DY101K,1.9741711616516113,0.3931412100791931,2
3HFM_RY21W,3HFM,RY21W,1.9741711616516113,0.5638082027435303,2
3HFM_RY21Q,3HFM,RY21Q,2.241950750350952,1.2837183475494385,2
3HFM_RY21E,3HFM,RY21E,2.2935006618499756,0.997330367565155,2
3HFM_RY21G,3HFM,RY21G,2.2702643871307373,0.8055819869041443,2
3HFM_RY21N,3HFM,RY21N,2.1704843044281006,1.5094633102416992,2
3HFM_RY21H,3HFM,RY21H,2.0150461196899414,0.47086089849472046,2
3HFM_RY21K,3HFM,RY21K,1.619389295578003,0.2521935999393463,2
3HFM_NY19K,3HFM,NY19K,0.2402186095714569,-0.519296407699585,2
3HFM_NY19Q,3HFM,NY19Q,-0.04250481724739075,-0.11883564293384552,2
3HFM_NY19D,3HFM,NY19D,0.4106564223766327,-0.6756879091262817,2
3HFM_GY102V,3HFM,GY102V,0.2402186095714569,0.44181889295578003,2
3HFM_RY21G,3HFM,RY21G,2.5760552883148193,0.8055819869041443,2
3HFM_RY21A,3HFM,RY21A,0.8213128447532654,1.6132662296295166,2
3HFM_RY21N,3HFM,RY21N,2.488123655319214,1.5094633102416992,2
3HFM_RY21E,3HFM,RY21E,2.6155667304992676,0.997330367565155,2
3HFM_RY21Q,3HFM,RY21Q,2.555265426635742,1.2837183475494385,2
3HFM_RY21H,3HFM,RY21H,2.325532913208008,0.47086089849472046,2
3HFM_RY21M,3HFM,RY21M,2.0508084297180176,0.5672590732574463,2
3HFM_RY21K,3HFM,RY21K,1.9148765802383423,0.2521935999393463,2
3HFM_RY21W,3HFM,RY21W,2.2935006618499756,0.5638082027435303,2
3HFM_KY97G,3HFM,KY97G,6.433435440063477,1.2968289852142334,2
3HFM_KY97A,3HFM,KY97A,5.55808162689209,2.3003106117248535,2
3HFM_KY97D,3HFM,KY97D,6.771455764770508,1.1745803356170654,2
3HFM_KY97E,3HFM,KY97E,3.606121778488159,1.327898383140564,2
3HFM_KY97M,3HFM,KY97M,0.8012278079986572,1.0129280090332031,2
3HFM_KY97R,3HFM,KY97R,3.054218292236328,0.50554358959198,2
3HFM_DY101G,3HFM,DY101G,0.5186731815338135,0.7011009454727173,2
3HFM_DY101A,3HFM,DY101A,1.5346089601516724,1.8969804048538208,2
3HFM_DY101S,3HFM,DY101S,2.0280675888061523,1.0771584510803223,2
3HFM_DY101N,3HFM,DY101N,1.6426256895065308,1.1994585990905762,2
3HFM_DY101E,3HFM,DY101E,2.2935006618499756,0.5738821625709534,2
3HFM_DY101Q,3HFM,DY101Q,2.241950750350952,0.42319631576538086,2
3HFM_DY101K,3HFM,DY101K,2.276810884475708,0.3931412100791931,2
3HFM_DY101F,3HFM,DY101F,2.488123655319214,0.4686281681060791,2
3HFM_DY101R,3HFM,DY101R,2.4387240409851074,1.0365910530090332,2
3HFM_YY20F,3HFM,YY20F,-0.5046222805976868,0.2362554669380188,2
3HFM_KY96M,3HFM,KY96M,6.779980659484863,0.817739725112915,2
3HFM_GY102V,3HFM,GY102V,0.5507054328918457,0.44181889295578003,2
3HFM_HY15A,3HFM,HY15A,-0.44551658630371094,1.3019376993179321,2
3HFM_YY20A,3HFM,YY20A,4.2734375,2.1434924602508545,2
3HFM_RY21A,3HFM,RY21A,0.8621878027915955,1.6132662296295166,2
3HFM_WY63A,3HFM,WY63A,0.31932955980300903,0.6320281624794006,2
3HFM_RY73A,3HFM,RY73A,-0.33154547214508057,0.15687303245067596,2
3HFM_LY75A,3HFM,LY75A,0.7047714591026306,0.7010124325752258,2
3HFM_TY89A,3HFM,TY89A,0.0,0.8784297704696655,2
3HFM_NY93A,3HFM,NY93A,0.21131277084350586,0.01813669502735138,2
3HFM_KY96A,3HFM,KY96A,6.489310264587402,3.26581072807312,2
3HFM_IY98A,3HFM,IY98A,0.0,1.2044885158538818,2
3HFM_SY100A,3HFM,SY100A,0.26777946949005127,0.33248692750930786,2
3HFM_DY101A,3HFM,DY101A,0.9535146951675415,1.8969804048538208,2
3HFM_YY20F,3HFM,YY20F,-0.4637473225593567,0.2362554669380188,2
3HFM_YY20L,3HFM,YY20L,2.185483932495117,1.065151333808899,2
3HFM_KY96R,3HFM,KY96R,5.355400085449219,0.5639708042144775,2
"1CZ8_LL4M,DH28T,HH31N,YH101H,TH105S",1CZ8,"LL4M,DH28T,HH31N,YH101H,TH105S",1.7956174612045288,0.17686887085437775,2
"1CZ8_LL4M,DH28T,HH31N,YH101H,TH105S",1CZ8,"LL4M,DH28T,HH31N,YH101H,TH105S",2.8273136615753174,0.17686887085437775,2
"1CZ8_LL4M,DH28T,HH31N,YH103R",1CZ8,"LL4M,DH28T,HH31N,YH103R",0.6219692230224609,0.8571430444717407,2
"1CZ8_LL4M,DH28T,HH31N",1CZ8,"LL4M,DH28T,HH31N",0.45153138041496277,0.7262085676193237,2
"1CZ8_LL4M,DH28T,HH31N,TH105K,YH103I,GH104A",1CZ8,"LL4M,DH28T,HH31N,TH105K,YH103I,GH104A",1.3641711473464966,1.322571039199829,2
"1CZ8_LL4M,DH28T,HH31N,YH103W",1CZ8,"LL4M,DH28T,HH31N,YH103W",0.7541710138320923,0.3166620135307312,2
"1CZ8_LL4M,DH28T,HH31N,YH103R,GH104N",1CZ8,"LL4M,DH28T,HH31N,YH103R,GH104N",1.032625675201416,0.4325191378593445,2
"1CZ8_LL4M,DH28T,HH31N,YH101H,TH105S,YH54W",1CZ8,"LL4M,DH28T,HH31N,YH101H,TH105S,YH54W",1.6582860946655273,0.7530254125595093,2
"1CZ8_LL4M,YH101H,TH105S",1CZ8,"LL4M,YH101H,TH105S",1.10240638256073,0.9570498466491699,2
"1CZ8_LL4M,DH28T,HH31N,YH101H,TH105S,LH72V,TH74V",1CZ8,"LL4M,DH28T,HH31N,YH101H,TH105S,LH72V,TH74V",2.4665775299072266,0.5454375743865967,2
"1CZ8_LL4M,DH28T,HH31N,YH101H,TH105S,LH72I,TH74K",1CZ8,"LL4M,DH28T,HH31N,YH101H,TH105S,LH72I,TH74K",1.8721692562103271,0.4982221722602844,2
"1CZ8_LL4M,YH54W",1CZ8,"LL4M,YH54W",0.5915803909301758,-0.08945305645465851,2
1CZ8_LL4M,1CZ8,LL4M,0.04087496176362038,0.2652525305747986,2
"1CZ8_LL4M,HH31N,YH101H,TH105S",1CZ8,"LL4M,HH31N,YH101H,TH105S",1.5754839181900024,0.2483111023902893,2
"1CZ8_LL4M,DH28T,YH101H,TH105S",1CZ8,"LL4M,DH28T,YH101H,TH105S",1.032625675201416,0.046000607311725616,2
"1CZ8_LL4M,DH28T,HH31N,TH105S",1CZ8,"LL4M,DH28T,HH31N,TH105S",0.21131277084350586,0.7885124683380127,2
"1CZ8_LL4M,DH28T,HH31N,YH101H",1CZ8,"LL4M,DH28T,HH31N,YH101H",1.4050461053848267,-0.2894713282585144,2
"1CZ8_LL4M,DH28T,HH31N,TH105N,YH103R,GH104D",1CZ8,"LL4M,DH28T,HH31N,TH105N,YH103R,GH104D",0.7997667789459229,1.0768609046936035,2
1B2S_AA27K,1B2S,AA27K,-3.866295337677002,-4.5834269523620605,2
1B2S_AD43T,1B2S,AD43T,-0.34297576546669006,-1.1921412944793701,2
"1B2S_AA27K,AD43T",1B2S,"AA27K,AD43T",-5.7239251136779785,-4.387271404266357,2
1X1X_AD76E,1X1X,AD76E,-0.8235527276992798,-0.6946834325790405,2
1BRS_KA25A,1BRS,KA25A,5.3809494972229,5.142722129821777,2
1BRS_RA57A,1BRS,RA57A,5.2453718185424805,1.7887169122695923,2
1BRS_RA81Q,1BRS,RA81Q,5.4200263023376465,-0.4820621609687805,2
1BRS_RA85A,1BRS,RA85A,5.564701080322266,2.0013418197631836,2
1BRS_HA100A,1BRS,HA100A,6.1457953453063965,5.443142414093018,2
1BRS_YD29F,1BRS,YD29F,-0.13220183551311493,-0.2780313491821289,2
1BRS_YD29A,1BRS,YD29A,3.4705440998077393,0.9416289329528809,2
1BRS_DD35A,1BRS,DD35A,4.503169536590576,3.6728527545928955,2
1BRS_WD38F,1BRS,WD38F,1.6426256895065308,-0.33987170457839966,2
1BRS_DD39A,1BRS,DD39A,7.650989055633545,2.4672646522521973,2
1BRS_TD42A,1BRS,TD42A,1.8576297760009766,1.4088618755340576,2
1BRS_WD44F,1BRS,WD44F,0.05646670609712601,0.4064350724220276,2
1BRS_ED74A,1BRS,ED74A,1.3641711473464966,0.6905298829078674,2
1BRS_ED78A,1BRS,ED78A,0.5428582429885864,0.424560546875,2
"1BRS_KA25A,YD29A",1BRS,"KA25A,YD29A",8.624588966369629,5.065134048461914,2
"1BRS_KA25A,DD35A",1BRS,"KA25A,DD35A",9.549198150634766,9.301734924316406,2
"1BRS_KA25A,WD38F",1BRS,"KA25A,WD38F",5.1131696701049805,5.048408031463623,2
"1BRS_KA25A,DD39A",1BRS,"KA25A,DD39A",8.278043746948242,6.6082072257995605,2
"1BRS_KA25A,TD42A",1BRS,"KA25A,TD42A",5.7239251136779785,5.657412052154541,2
"1BRS_KA25A,ED74A",1BRS,"KA25A,ED74A",6.696013450622559,5.184797286987305,2
"1BRS_KA25A,ED78A",1BRS,"KA25A,ED78A",5.513151168823242,4.971677303314209,2
"1BRS_RA57A,YD29A",1BRS,"RA57A,YD29A",8.122605323791504,2.965567111968994,2
"1BRS_RA57A,DD35A",1BRS,"RA57A,DD35A",6.334464073181152,4.274940490722656,2
"1BRS_RA57A,WD38F",1BRS,"RA57A,WD38F",6.2779974937438965,1.0843043327331543,2
"1BRS_RA57A,TD42A",1BRS,"RA57A,TD42A",6.820855617523193,2.2040481567382812,2
"1BRS_RA57A,ED74A",1BRS,"RA57A,ED74A",4.970293045043945,2.077310562133789,2
"1BRS_RA57A,ED78A",1BRS,"RA57A,ED78A",5.201466083526611,1.9134669303894043,2
"1BRS_RA81Q,YD29A",1BRS,"RA81Q,YD29A",8.29304313659668,0.25159603357315063,2
"1BRS_RA81Q,DD35A",1BRS,"RA81Q,DD35A",9.605664253234863,2.387758255004883,2
"1BRS_RA81Q,WD38F",1BRS,"RA81Q,WD38F",6.758434295654297,-0.6819760799407959,2
"1BRS_RA81Q,DD39A",1BRS,"RA81Q,DD39A",6.439105033874512,2.377351760864258,2
"1BRS_RA81Q,TD42A",1BRS,"RA81Q,TD42A",6.107559680938721,1.2482435703277588,2
"1BRS_RA81Q,ED74A",1BRS,"RA81Q,ED74A",6.721075534820557,0.11743961274623871,2
"1BRS_RA81Q,ED78A",1BRS,"RA81Q,ED78A",5.764044761657715,-0.30794864892959595,2
"1BRS_RA85A,YD29A",1BRS,"RA85A,YD29A",8.052824974060059,3.405669689178467,2
"1BRS_RA85A,WD38F",1BRS,"RA85A,WD38F",7.040988922119141,1.5735914707183838,2
"1BRS_RA85A,DD39A",1BRS,"RA85A,DD39A",7.185323715209961,4.097273349761963,2
"1BRS_RA85A,TD42A",1BRS,"RA85A,TD42A",7.020199298858643,2.846221685409546,2
"1BRS_RA85A,ED74A",1BRS,"RA85A,ED74A",6.866451263427734,2.623441219329834,2
"1BRS_RA85A,ED78A",1BRS,"RA85A,ED78A",6.126986026763916,2.765659809112549,2
"1BRS_HA100A,YD29A",1BRS,"HA100A,YD29A",6.306902885437012,5.64834451675415,2
"1BRS_HA100A,YD29F",1BRS,"HA100A,YD29F",5.549701690673828,5.3253560066223145,2
"1BRS_HA100A,WD38F",1BRS,"HA100A,WD38F",7.6421685218811035,2.1417531967163086,2
"1BRS_HA100A,DD39A",1BRS,"HA100A,DD39A",8.991339683532715,3.7308411598205566,2
"1BRS_HA100A,TD42A",1BRS,"HA100A,TD42A",8.135626792907715,3.5619864463806152,2
"1BRS_HA100A,ED74A",1BRS,"HA100A,ED74A",7.5630574226379395,3.8982093334198,2
"1BRS_HA100A,ED78A",1BRS,"HA100A,ED78A",6.745120525360107,4.551635265350342,2
"1BRS_RA57A,DD39A",1BRS,"RA57A,DD39A",11.361334800720215,3.2128818035125732,2
1BRS_EA71Q,1BRS,EA71Q,1.452102780342102,-0.10130473971366882,2
"1BRS_EA71Q,DD39A",1BRS,"EA71Q,DD39A",7.207326889038086,2.549654006958008,2
"1BRS_EA71Q,ED74A",1BRS,"EA71Q,ED74A",3.527010917663574,0.3025662302970886,2
1BRS_EA71W,1BRS,EA71W,1.657254934310913,0.112979955971241,2
"1BRS_EA71W,DD39A",1BRS,"EA71W,DD39A",6.665239334106445,2.468514919281006,2
"1BRS_EA71W,DD35A",1BRS,"EA71W,DD35A",5.712494850158691,1.2513837814331055,2
"1BRS_EA71W,ED74A",1BRS,"EA71W,ED74A",3.549654960632324,0.009492838755249977,2
1BRS_EA71Y,1BRS,EA71Y,2.41373348236084,-0.7865139245986938,2
1BRS_EA71F,1BRS,EA71F,2.2351796627044678,-0.36119234561920166,2
"1BRS_EA71F,DD39A",1BRS,"EA71F,DD39A",7.471730709075928,1.9491288661956787,2
"1BRS_EA71F,DD35A",1BRS,"EA71F,DD35A",6.410199165344238,0.6695953607559204,2
1BRS_EA71C,1BRS,EA71C,2.528761625289917,0.7984117269515991,2
1BRS_EA71S,1BRS,EA71S,3.0104880332946777,0.37048816680908203,2
1BRS_EA71A,1BRS,EA71A,2.3477189540863037,1.365997552871704,2
"1BRS_EA71A,DD39A",1BRS,"EA71A,DD39A",7.185323715209961,3.038891315460205,2
"1BRS_EA71A,DD35A",1BRS,"EA71A,DD35A",6.440232276916504,2.5240724086761475,2
1BRS_RA57K,1BRS,RA57K,2.488123655319214,-1.1304171085357666,2
1BRS_RA57A,1BRS,RA57A,4.635371685028076,1.7887169122695923,2
1BRS_HA100Q,1BRS,HA100Q,4.550590991973877,2.6934704780578613,2
1BRS_HA100D,1BRS,HA100D,4.550590991973877,1.5393402576446533,2
1BRS_HA100G,1BRS,HA100G,6.820855617523193,3.6088991165161133,2
1BRS_HA100A,1BRS,HA100A,6.912182331085205,5.443142414093018,2
1BRS_HA100L,1BRS,HA100L,7.666353225708008,1.7824859619140625,2
"1BRS_HA100Q,RA57K",1BRS,"HA100Q,RA57K",6.912182331085205,1.0874857902526855,2
"1BRS_HA100Q,RA57A",1BRS,"HA100Q,RA57A",9.308979034423828,2.618974208831787,2
1BRS_DD35A,1BRS,DD35A,4.06963586807251,3.6728527545928955,2
1BRS_DD39A,1BRS,DD39A,5.935123443603516,2.4672646522521973,2
1BRS_ED74A,1BRS,ED74A,0.8235527276992798,0.6905298829078674,2
1BRS_ED78A,1BRS,ED78A,0.4106564223766327,0.424560546875,2
1BRS_KA25A,1BRS,KA25A,5.4092631340026855,5.142722129821777,2
1BRS_WA33F,1BRS,WA33F,1.408076524734497,0.03534609451889992,2
1BRS_DA52A,1BRS,DA52A,-0.8888193368911743,1.8967715501785278,2
1BRS_NA56A,1BRS,NA56A,3.0663626194000244,0.5025990605354309,2
1BRS_RA57A,1BRS,RA57A,5.18367338180542,1.7887169122695923,2
1BRS_EA58A,1BRS,EA58A,-0.32587605714797974,1.00381338596344,2
1BRS_EA71A,1BRS,EA71A,1.897843837738037,1.365997552871704,2
1BRS_RA85A,1BRS,RA85A,5.952121257781982,2.0013418197631836,2
1BRS_HA100A,1BRS,HA100A,6.2547607421875,5.443142414093018,2
1BRS_KA25A,1BRS,KA25A,4.587950229644775,5.142722129821777,2
1BRS_WA33F,1BRS,WA33F,1.1124482154846191,0.03534609451889992,2
1BRS_DA52A,1BRS,DA52A,-0.16740736365318298,1.8967715501785278,2
1BRS_NA56A,1BRS,NA56A,3.115762233734131,0.5025990605354309,2
1BRS_RA57A,1BRS,RA57A,4.890589714050293,1.7887169122695923,2
1BRS_EA58A,1BRS,EA58A,0.5148631930351257,1.00381338596344,2
1BRS_EA71A,1BRS,EA71A,2.813122510910034,1.365997552871704,2
1BRS_HA100A,1BRS,HA100A,6.076370716094971,5.443142414093018,2
2BNR_QA43A,2BNR,QA43A,0.08280224353075027,0.4946562647819519,2
2BNR_EA58A,2BNR,EA58A,0.0,-0.14329005777835846,2
2BNR_DA61A,2BNR,DA61A,-0.08978603780269623,-0.049876682460308075,2
2BNR_EA63A,2BNR,EA63A,0.33471086621284485,-0.029099971055984497,2
2BNR_TA64A,2BNR,TA64A,0.2714707851409912,0.22285448014736176,2
2BNR_RA65A,2BNR,RA65A,1.8063724040985107,1.026839017868042,2
2BNR_KA66A,2BNR,KA66A,1.6893346309661865,1.5692102909088135,2
2BNR_VA67A,2BNR,VA67A,0.3928016424179077,0.18516011536121368,2
2BNR_KA68A,2BNR,KA68A,0.005528363399207592,0.23917126655578613,2
2BNR_AA69G,2BNR,AA69G,1.8552099466323853,1.0750079154968262,2
2BNR_HA70A,2BNR,HA70A,1.6957166194915771,2.2920937538146973,2
2BNR_QA72A,2BNR,QA72A,-0.0962846651673317,0.7319462895393372,2
2BNR_TA73A,2BNR,TA73A,1.285060167312622,1.4586039781570435,2
2BNR_HA74A,2BNR,HA74A,0.9753251671791077,1.7089921236038208,2
2BNR_RA75A,2BNR,RA75A,0.5308891534805298,0.7282766103744507,2
2BNR_VA76A,2BNR,VA76A,0.6720904111862183,0.32694143056869507,2
2BNR_TA80A,2BNR,TA80A,0.5354059338569641,0.24645918607711792,2
2BNR_KA146A,2BNR,KA146A,0.6243711709976196,1.031856656074524,2
2BNR_AA149G,2BNR,AA149G,0.018230730667710304,0.30344080924987793,2
2BNR_AA150G,2BNR,AA150G,0.7368884086608887,0.16297639906406403,2
2BNR_HA151A,2BNR,HA151A,0.5331518650054932,0.5753423571586609,2
2BNR_VA152A,2BNR,VA152A,0.9033095836639404,1.191035270690918,2
2BNR_EA154A,2BNR,EA154A,0.018230730667710304,0.19211935997009277,2
2BNR_QA155A,2BNR,QA155A,0.2327662855386734,0.43658214807510376,2
2BNR_TA163A,2BNR,TA163A,0.4586472809314728,-0.11127808690071106,2
2BNR_CC9V,2BNR,CC9V,-0.5019832849502563,-0.1843920797109604,2
1TM5_AI40M,1TM5,AI40M,-1.0276678800582886,-0.9239576458930969,2
3NPS_QA23A,3NPS,QA23A,0.02633553557097912,0.22919128835201263,2
3NPS_IA26A,3NPS,IA26A,0.641829788684845,0.9046196341514587,2
3NPS_IA45A,3NPS,IA45A,-0.3319664001464844,0.7294153571128845,2
3NPS_DA46A,3NPS,DA46A,0.34013882279396057,0.4615997076034546,2
3NPS_DA47A,3NPS,DA47A,1.0679484605789185,1.0860519409179688,2
3NPS_RA48A,3NPS,RA48A,-1.0632169246673584,0.5099800825119019,2
3NPS_FA50A,3NPS,FA50A,0.21966907382011414,-0.035660382360219955,2
3NPS_RA51A,3NPS,RA51A,0.13823023438453674,0.38518184423446655,2
3NPS_YA52A,3NPS,YA52A,0.45209214091300964,-0.2079041302204132,2
3NPS_RA82A,3NPS,RA82A,-0.15166330337524414,-0.020727477967739105,2
3NPS_FA89A,3NPS,FA89A,1.5721080303192139,1.3626890182495117,2
3NPS_NA90A,3NPS,NA90A,0.2535327076911926,0.4462648034095764,2
3NPS_DA91A,3NPS,DA91A,1.5077089071273804,2.9038662910461426,2
3NPS_FA92A,3NPS,FA92A,0.4637473225593567,1.3109898567199707,2
3NPS_TA93A,3NPS,TA93A,0.724136471748352,0.7325646877288818,2
3NPS_HA138A,3NPS,HA138A,1.8759315013885498,1.260190725326538,2
3NPS_QA140A,3NPS,QA140A,0.2958686947822571,0.38144052028656006,2
3NPS_YA141A,3NPS,YA141A,1.7756685018539429,1.9473991394042969,2
3NPS_TA144A,3NPS,TA144A,0.175048366189003,0.36154526472091675,2
3NPS_LA147A,3NPS,LA147A,0.2958686947822571,0.7725318670272827,2
3NPS_EA163A,3NPS,EA163A,0.6156237125396729,0.8061222434043884,2
3NPS_QA168A,3NPS,QA168A,-0.0592503547668457,0.05284714326262474,2
3NPS_QA169A,3NPS,QA169A,0.7412393689155579,0.9179253578186035,2
3NPS_DA214A,3NPS,DA214A,1.4673998355865479,2.278341293334961,2
3NPS_QA218A,3NPS,QA218A,-0.040935076773166656,0.3605680465698242,2
3NPS_RA219A,3NPS,RA219A,-0.08393942564725876,0.0993497297167778,2
3NPS_KA221A,3NPS,KA221A,-0.10365678369998932,0.5939940214157104,2
3LZF_DA187E,3LZF,DA187E,0.4985881447792053,-0.16725735366344452,2
3LZF_DA222G,3LZF,DA222G,0.5380995869636536,-0.012601926922798157,2
"3LZF_DA187E,DA222G",3LZF,"DA187E,DA222G",0.12744316458702087,-0.07932301610708237,2
2J0T_VD4A,2J0T,VD4A,0.0,0.3730551600456238,2
2J0T_VD4I,2J0T,VD4I,1.6426256895065308,-0.07431448996067047,2
2J0T_VD4K,2J0T,VD4K,1.8245233297348022,0.9369493126869202,2
2J0T_VD4S,2J0T,VD4S,0.9824205040931702,0.3602835536003113,2
2J0T_SD68A,2J0T,SD68A,2.1063730716705322,0.15941473841667175,2
2J0T_SD68E,2J0T,SD68E,2.185483932495117,-0.7151539325714111,2
2J0T_SD68R,2J0T,SD68R,2.8363590240478516,-0.8705906271934509,2
2J0T_SD68Y,2J0T,SD68Y,2.97835373878479,-0.4936869740486145,2
2J0T_TD2L,2J0T,TD2L,2.6821537017822266,0.6655086278915405,2
"2J0T_TD2L,VD4S",2J0T,"TD2L,VD4S",3.4705440998077393,0.2952156662940979,2
"2J0T_TD2L,VD4S,SD68A",2J0T,"TD2L,VD4S,SD68A",5.2862467765808105,0.9462204575538635,2
2J0T_TD2R,2J0T,TD2R,5.046028137207031,0.9861795902252197,2
2J0T_TD2S,2J0T,TD2S,1.5944323539733887,1.269372820854187,2
"2J0T_TD2S,VD4A",2J0T,"TD2S,VD4A",1.2502000331878662,1.103022575378418,2
"2J0T_TD2S,VD4A,SD68Y",2J0T,"TD2S,VD4A,SD68Y",2.1472480297088623,0.17177200317382812,2
"2J0T_CD1S,FD12Y",2J0T,"CD1S,FD12Y",4.200530052185059,0.6150975227355957,2
2J0T_TD2A,2J0T,TD2A,4.289029121398926,1.0074043273925781,2
2J0T_MD66A,2J0T,MD66A,1.6426256895065308,0.17832280695438385,2
2J0T_VD69I,2J0T,VD69I,0.7909240126609802,-0.3668098449707031,2
2J0T_VD69T,2J0T,VD69T,1.288435935974121,-0.1746336966753006,2
"2J0T_VD69A,AD103V",2J0T,"VD69A,AD103V",0.7013269662857056,0.16045603156089783,2
2J0T_CD70S,2J0T,CD70S,4.308547019958496,0.5858277678489685,2
1SBB_LB20T,1SBB,LB20T,-0.09132687747478485,0.4792023301124573,2
1SBB_VB26Y,1SBB,VB26Y,-1.4554979801177979,-1.2245142459869385,2
1SBB_YB91V,1SBB,YB91V,0.07911093533039093,0.6607862114906311,2
1SBB_LB20T,1SBB,LB20T,-0.10801676660776138,0.4792023301124573,2
1SBB_VB26Y,1SBB,VB26Y,-0.9060932397842407,-1.2245142459869385,2
1SBB_YB91V,1SBB,YB91V,0.09132687747478485,0.6607862114906311,2
"1SBB_LB20T,VB26Y,YB91V",1SBB,"LB20T,VB26Y,YB91V",0.13220183551311493,0.43091678619384766,2
1XD3_KB6A,1XD3,KB6A,1.3440860509872437,1.3023606538772583,2
1XD3_KB27A,1XD3,KB27A,-0.0624210461974144,2.2077696323394775,2
1XD3_RB42L,1XD3,RB42L,-0.8621878027915955,0.9654219746589661,2
1XD3_RB54L,1XD3,RB54L,0.8687343001365662,0.2067156583070755,2
1XD3_HB68N,1XD3,HB68N,0.0,-0.25953394174575806,2
1XD3_RB72L,1XD3,RB72L,1.3017500638961792,-0.513310432434082,2
1XD3_RB74L,1XD3,RB74L,2.377732276916504,0.12037909030914307,2
1XD3_EB24A,1XD3,EB24A,-0.2402186095714569,0.9098111391067505,2
1XD3_DB39A,1XD3,DB39A,-0.4106564223766327,0.8074119091033936,2
1XD3_EB51A,1XD3,EB51A,1.5346089601516724,0.5985974073410034,2
1XD3_DB52A,1XD3,DB52A,-0.2402186095714569,1.606530785560608,2
1XD3_DB58A,1XD3,DB58A,-0.2402186095714569,0.22556623816490173,2
1XD3_KB6R,1XD3,KB6R,0.3026396632194519,-0.17612527310848236,2
1XD3_LB8A,1XD3,LB8A,2.6767921447753906,2.289198637008667,2
1XD3_KB11R,1XD3,KB11R,1.4024070501327515,0.1573459655046463,2
1XD3_KB27R,1XD3,KB27R,0.26598143577575684,-0.37078016996383667,2
1XD3_KB33R,1XD3,KB33R,0.0,-0.3094785809516907,2
1XD3_IB44A,1XD3,IB44A,0.26598143577575684,1.4741514921188354,2
3NCB_AA167H,3NCB,AA167H,0.6862740516662598,-1.478022575378418,2
3NCB_AA167H,3NCB,AA167H,-0.7340859770774841,-1.478022575378418,2
3NCB_AA167H,3NCB,AA167H,-1.669722080230713,-1.478022575378418,2
3NCB_AA167H,3NCB,AA167H,-1.445011854171753,-1.478022575378418,2
3NCB_AA167H,3NCB,AA167H,-1.481518030166626,-1.478022575378418,2
3NCB_AA167H,3NCB,AA167H,-1.8215218782424927,-1.478022575378418,2
3NCB_AA167H,3NCB,AA167H,-1.6300702095031738,-1.478022575378418,2
3NCB_AA167H,3NCB,AA167H,-1.6149024963378906,-1.478022575378418,2
3NCB_AA167H,3NCB,AA167H,-1.5354089736938477,-1.478022575378418,2
3NCB_AA167H,3NCB,AA167H,-0.26777946949005127,-1.478022575378418,2
3NCB_AA167H,3NCB,AA167H,-0.7765509486198425,-1.478022575378418,2
3NCB_AA167H,3NCB,AA167H,-1.0553276538848877,-1.478022575378418,2
3NCB_AA167H,3NCB,AA167H,-1.7124065160751343,-1.478022575378418,2
3NCB_AA167H,3NCB,AA167H,-2.0376904010772705,-1.478022575378418,2
3NCB_AA167H,3NCB,AA167H,-2.2031702995300293,-1.478022575378418,2
3NCB_AA167H,3NCB,AA167H,-2.0335617065429688,-1.478022575378418,2
3NCB_AA167H,3NCB,AA167H,-2.455331325531006,-1.478022575378418,2
3NCB_AA167H,3NCB,AA167H,-2.272951126098633,-1.478022575378418,2
3NCB_AA167H,3NCB,AA167H,-2.2118194103240967,-1.478022575378418,2
3QHY_NB10A,3QHY,NB10A,2.2552647590637207,1.4436464309692383,2
3QHY_DB12A,3QHY,DB12A,2.2552647590637207,1.4059525728225708,2
3QHY_WB13A,3QHY,WB13A,2.8636953830718994,0.8507794737815857,2
3QHY_TB17A,3QHY,TB17A,0.05646670609712601,0.07580025494098663,2
3QHY_YB33A,3QHY,YB33A,2.9032068252563477,1.7973357439041138,2
3QHY_FB34A,3QHY,FB34A,3.984496593475342,2.2952966690063477,2
3QHY_LB51A,3QHY,LB51A,0.8163550496101379,1.393866777420044,2
3QHY_NB72A,3QHY,NB72A,1.6057047843933105,2.0815200805664062,2
3QHY_YB73A,3QHY,YB73A,0.8012278079986572,0.8244870901107788,2
3QHY_DB91A,3QHY,DB91A,1.8893908262252808,1.9613057374954224,2
3QHY_WB112A,3QHY,WB112A,3.7898736000061035,2.9873242378234863,2
3QHY_DB127A,3QHY,DB127A,0.3802676200866699,1.2964608669281006,2
3QHY_SB129A,3QHY,SB129A,-0.08478038012981415,0.43673866987228394,2
3QHY_DB130A,3QHY,DB130A,0.961361825466156,0.26423048973083496,2
3QHY_YB151A,3QHY,YB151A,3.4235925674438477,2.575000047683716,2
3QHY_DB166A,3QHY,DB166A,3.498105049133301,-0.5350298285484314,2
3QHY_YB168A,3QHY,YB168A,1.7433984279632568,1.417736291885376,2
3QHY_FB169A,3QHY,FB169A,2.062467575073242,1.7137458324432373,2
3QHY_IB189A,3QHY,IB189A,3.067734956741333,2.9348535537719727,2
3QHY_FB190A,3QHY,FB190A,3.075479507446289,3.5290980339050293,2
3QHY_YB208A,3QHY,YB208A,0.2402186095714569,0.46679967641830444,2
3QHY_EB228A,3QHY,EB228A,3.0129363536834717,1.3378347158432007,2
3QHY_WB229A,3QHY,WB229A,5.432499408721924,4.755537509918213,2
3QHY_RB246A,3QHY,RB246A,0.5349057912826538,0.3466308116912842,2
3QHY_NB264A,3QHY,NB264A,2.695870876312256,2.1552224159240723,2
1CSE_LI38G,1CSE,LI38G,2.2805771827697754,2.34419584274292,2
1CSE_LI38S,1CSE,LI38S,1.1887755393981934,1.9685742855072021,2
1CSE_LI38P,1CSE,LI38P,6.765445709228516,5.449409008026123,2
1CSE_LI38I,1CSE,LI38I,2.98250150680542,3.0478012561798096,2
1CSE_LI38D,1CSE,LI38D,4.4118428230285645,2.5890870094299316,2
1CSE_LI38E,1CSE,LI38E,2.3827457427978516,2.0008130073547363,2
4JFE_AC7I,4JFE,AC7I,-6.429625511169434,-5.863741874694824,2
"4JFE_AC7I,EC1A",4JFE,"AC7I,EC1A",0.8932133316993713,-0.04630129411816597,2
"4JFE_AC7I,GC4A",4JFE,"AC7I,GC4A",0.08859037607908249,0.113001748919487,2
"4JFE_AC7I,GC6A",4JFE,"AC7I,GC6A",0.16564060747623444,-0.7895522117614746,2
"4JFE_AC7I,LC8A",4JFE,"AC7I,LC8A",-0.23073917627334595,-0.315363347530365,2
"4JFE_AC7I,TC9A",4JFE,"AC7I,TC9A",0.10482294857501984,-0.35684311389923096,2
5M2O_IB17A,5M2O,IB17A,2.026362180709839,1.3184137344360352,2
5M2O_SB18A,5M2O,SB18A,0.047044701874256134,0.3652837872505188,2
5M2O_VB21A,5M2O,VB21A,2.4438414573669434,1.1991091966629028,2
5M2O_QB25A,5M2O,QB25A,1.144911289215088,0.26468586921691895,2
5M2O_KB32A,5M2O,KB32A,1.0636261701583862,0.10512582957744598,2
5M2O_QB61A,5M2O,QB61A,-0.15775099396705627,0.4367959499359131,2
5M2O_LB65A,5M2O,LB65A,0.8506515026092529,1.6620923280715942,2
"5M2O_VB21A,QB25A",5M2O,"VB21A,QB25A",3.317598819732666,1.3326382637023926,2
5M2O_NA64A,5M2O,NA64A,0.0418534129858017,0.4550076127052307,2
5M2O_NA71A,5M2O,NA71A,0.15484607219696045,1.8554717302322388,2
5M2O_KA73A,5M2O,KA73A,-0.7570759654045105,0.5230557322502136,2
5M2O_LA75A,5M2O,LA75A,1.6270339488983154,1.9838529825210571,2
5M2O_EA80A,5M2O,EA80A,0.6998547911643982,0.1774614006280899,2
5M2O_HA117A,5M2O,HA117A,0.8830339908599854,1.1606413125991821,2
5M2O_NA120A,5M2O,NA120A,0.44989702105522156,1.2481707334518433,2
"5M2O_EA80A,HA117A",5M2O,"EA80A,HA117A",2.5299770832061768,0.7585896253585815,2
"5M2O_NA71A,HA117A",5M2O,"NA71A,HA117A",2.286818265914917,1.7443534135818481,2
"5M2O_NA71A,NA120A",5M2O,"NA71A,NA120A",2.4594626426696777,2.130856513977051,2
"5M2O_NA71A,EA80A",5M2O,"NA71A,EA80A",1.0289419889450073,1.8358043432235718,2
"5M2O_EA80A,HA117A",5M2O,"EA80A,HA117A",2.5299770832061768,0.7585896253585815,2
"5M2O_EA80A,NA120A",5M2O,"EA80A,NA120A",1.210966944694519,1.340195894241333,2
"5M2O_HA117A,NA120A",5M2O,"HA117A,NA120A",2.338982105255127,1.413982629776001,2
2KSO_KA10D,2KSO,KA10D,0.33154547214508057,0.797719419002533,2
2KSO_KA49D,2KSO,KA49D,1.3409347534179688,0.36637163162231445,2
2KSO_KA49E,2KSO,KA49E,1.3409347534179688,0.6912687420845032,2
"2KSO_KA10D,DB25K",2KSO,"KA10D,DB25K",0.38742002844810486,1.4156161546707153,2
"2KSO_KA10E,EB27K",2KSO,"KA10E,EB27K",0.6432303786277771,1.0474884510040283,2
"2KSO_KA49D,DB36K",2KSO,"KA49D,DB36K",0.176107257604599,-0.726353645324707,2
2KSO_RA43E,2KSO,RA43E,-0.6623793244361877,0.27609437704086304,2
"2KSO_RA43E,HB20R",2KSO,"RA43E,HB20R",-0.8213128447532654,0.3261670470237732,2
"2KSO_RA43E,HB20E",2KSO,"RA43E,HB20E",0.45456182956695557,0.8388134837150574,2
2KSO_HB20E,2KSO,HB20E,-0.15543822944164276,0.45541441440582275,2
4KRO_RB15A,4KRO,RB15A,1.5840085744857788,1.2381519079208374,2
4KRO_DB92A,4KRO,DB92A,1.5048975944519043,1.7878754138946533,2
"4KRO_DA321T,FA323A",4KRO,"DA321T,FA323A",0.12702755630016327,0.1572171449661255,2
"1AHW_TC110A,KC111A",1AHW,"TC110A,KC111A",0.6391429305076599,0.7740573883056641,2
"1AHW_KC138A,DC139A",1AHW,"KC138A,DC139A",1.1820012331008911,1.2376631498336792,2
"1AHW_IC141Q,TC143I,YC145T",1AHW,"IC141Q,TC143I,YC145T",3.977485179901123,1.4580938816070557,2
1AHW_YC145A,1AHW,YC145A,3.8070473670959473,2.247774600982666,2
1AHW_YC146A,1AHW,YC146A,-1.8898556232452393,1.7079252004623413,2
"1AHW_KC154A,KC155A",1AHW,"KC154A,KC155A",-1.3303074836730957,2.288072109222412,2
1AHW_TC156A,1AHW,TC156A,-0.07415315508842468,1.181786060333252,2
"1AHW_KC158A,NC160A,NC162A",1AHW,"KC158A,NC160A,NC162A",4.074826717376709,2.1374011039733887,2
1AHW_TC159A,1AHW,TC159A,1.1062660217285156,1.0942591428756714,2
1AHW_LC165A,1AHW,LC165A,0.9873782992362976,0.5900056958198547,2
1AHW_DC167A,1AHW,DC167A,-0.4848095774650574,0.4840952754020691,2
"1AHW_SC184A,RC185A",1AHW,"SC184A,RC185A",4.018360137939453,1.1327266693115234,2
1AHW_TC186A,1AHW,TC186A,1.346484661102295,0.37696218490600586,2
1AHW_VC187A,1AHW,VC187A,-0.3143717646598816,0.2710961699485779,2
1AHW_NC188A,1AHW,NC188A,1.0787051916122437,0.898803174495697,2
"1AHW_RC189A,KC190A",1AHW,"RC189A,KC190A",4.018360137939453,1.6086273193359375,2
"1DAN_WT40R,ST42G",1DAN,"WT40R,ST42G",1.4816070795059204,1.1745645999908447,2
1DAN_WT40A,1DAN,WT40A,1.5000076293945312,1.9343843460083008,2
1DAN_ST42A,1DAN,ST42A,-0.1265324056148529,0.9798204302787781,2
1DAN_VT28A,1DAN,VT28A,-0.18582704663276672,0.2870715260505676,2
1DAN_YT46A,1DAN,YT46A,-0.1265324056148529,0.6307139992713928,2
1DAN_FT71A,1DAN,FT71A,1.10543692111969,1.3989171981811523,2
1DAN_YT73A,1DAN,YT73A,0.6276386380195618,0.7648738622665405,2
1DAN_PU2A,1DAN,PU2A,-0.18582704663276672,-0.5096143484115601,2
1DAN_YU4A,1DAN,YU4A,0.31168490648269653,2.7823734283447266,2
1DAN_VT31A,1DAN,VT31A,-0.1265324056148529,1.053147315979004,2
1DAN_QT32A,1DAN,QT32A,0.7290357351303101,0.6646202206611633,2
1DAN_IT33A,1DAN,IT33A,-0.1265324056148529,1.8916364908218384,2
1DAN_GT38A,1DAN,GT38A,0.0646953359246254,0.7823529243469238,2
1DAN_KT43A,1DAN,KT43A,0.9207224249839783,0.6890033483505249,2
"1DAN_CT44S,CT52S",1DAN,"CT44S,CT52S",-0.32587605714797974,0.9390791654586792,2
1DAN_TT55A,1DAN,TT55A,2.2240757942199707,1.0270735025405884,2
"1DAN_TT55A,FU50A",1DAN,"TT55A,FU50A",4.325087070465088,2.4607796669006348,2
"1DAN_TT55A,KT15A",1DAN,"TT55A,KT15A",3.0546562671661377,2.110919713973999,2
1DAN_DT39A,1DAN,DT39A,1.3799108266830444,0.4676896333694458,2
"1DAN_DT39A,WT40A",1DAN,"DT39A,WT40A",1.5072107315063477,1.8515586853027344,2
"1DAN_DT39A,FU50A",1DAN,"DT39A,FU50A",3.1733052730560303,1.2535288333892822,2
"1DAN_DT39A,KT15A",1DAN,"DT39A,KT15A",3.9962286949157715,1.010218858718872,2
"1DAN_DT39A,DT53A",1DAN,"DT39A,DT53A",3.857964038848877,1.6991459131240845,2
"1DAN_DT39A,TT55A",1DAN,"DT39A,TT55A",4.159247875213623,1.820038914680481,2
"1DAN_DT39A,KT15A,FU50A",1DAN,"DT39A,KT15A,FU50A",5.735138893127441,1.5348187685012817,2
1DAN_RH125A,1DAN,RH125A,0.7490248680114746,1.3094393014907837,2
1DAN_MH154A,1DAN,MH154A,0.7444849610328674,0.5407469272613525,2
1DAN_KH189A,1DAN,KH189A,-0.18667039275169373,0.28114575147628784,2
1DAN_LH135A,1DAN,LH135A,0.01579965651035309,0.6107519865036011,2
1DAN_KT15A,1DAN,KT15A,2.4386024475097656,1.023937463760376,2
1DAN_DT39A,1DAN,DT39A,2.145008087158203,0.4676896333694458,2
1DAN_WT40A,1DAN,WT40A,2.371095895767212,1.9343843460083008,2
1DAN_KT41A,1DAN,KT41A,0.8948080539703369,0.6895082592964172,2
1DAN_QU20A,1DAN,QU20A,1.305464506149292,0.09572534263134003,2
1DAN_RU45A,1DAN,RU45A,0.986134946346283,0.5370227694511414,2
1DAN_FU50A,1DAN,FU50A,2.2154533863067627,0.8737872838973999,2
1DAN_VU113A,1DAN,VU113A,1.5698682069778442,0.5970743894577026,2
1DAN_ST11A,1DAN,ST11A,-0.12980671226978302,0.9828094244003296,2
1DAN_LT54A,1DAN,LT54A,0.0,2.583754301071167,2
1DAN_DT56A,1DAN,DT56A,0.2420443445444107,2.365050792694092,2
1DAN_ET57A,1DAN,ET57A,0.0,0.5322928428649902,2
1DAN_IT58A,1DAN,IT58A,0.0,1.2487611770629883,2
1DAN_VT59A,1DAN,VT59A,0.0,0.7314444780349731,2
1DAN_QT64A,1DAN,QT64A,0.0,0.1726955771446228,2
1DAN_LT67A,1DAN,LT67A,-0.059836238622665405,1.2020511627197266,2
1DAN_EU15A,1DAN,EU15A,-0.059836238622665405,0.26939547061920166,2
1DAN_TU16A,1DAN,TU16A,-0.059836238622665405,0.012449190020561218,2
1DAN_NU17A,1DAN,NU17A,0.0,0.5871882438659668,2
1DAN_RU41A,1DAN,RU41A,0.0,0.9368484020233154,2
1DAN_TU42A,1DAN,TU42A,0.0,1.2889976501464844,2
1DAN_RU46A,1DAN,RU46A,-0.059836238622665405,0.3478856086730957,2
1DAN_NU48A,1DAN,NU48A,0.0,-0.032471708953380585,2
1DAN_VU56A,1DAN,VU56A,0.19953952729701996,0.5834693908691406,2
1DAN_FU57A,1DAN,FU57A,-0.059836238622665405,1.0310100317001343,2
1DAN_YU67A,1DAN,YU67A,0.0,0.9822686910629272,2
1DAN_VU85A,1DAN,VU85A,0.10984250903129578,0.26870352029800415,2
1DAN_RU102A,1DAN,RU102A,0.46060433983802795,0.9201943278312683,2
1DAN_TU103A,1DAN,TU103A,0.10984250903129578,-0.07395721971988678,2
1DAN_VU104A,1DAN,VU104A,0.10984250903129578,0.04540538787841797,2
1DAN_NU105A,1DAN,NU105A,0.0,0.07924441993236542,2
1DAN_EU114A,1DAN,EU114A,-0.004828486125916243,0.5250734090805054,2
1DAN_VU113A,1DAN,VU113A,-0.18866854906082153,0.5970743894577026,2
1DAN_TU109A,1DAN,TU109A,0.13527154922485352,0.028849158436059952,2
"1DAN_KU107A,DU110A",1DAN,"KU107A,DU110A",0.042667556554079056,0.5817968249320984,2
"1DAN_NU105A,RU106A",1DAN,"NU105A,RU106A",0.3999813199043274,0.48396897315979004,2
"1DAN_TU103A,VU104A",1DAN,"TU103A,VU104A",-0.14902915060520172,-0.018762782216072083,2
1DAN_SU101A,1DAN,SU101A,-0.0028923668432980776,-0.2293340563774109,2
"1DAN_SU101A,RU102A",1DAN,"SU101A,RU102A",0.6385655999183655,0.872218668460846,2
1DAN_YU91A,1DAN,YU91A,-0.3298647701740265,0.19913913309574127,2
"1DAN_EU89A,NU90A",1DAN,"EU89A,NU90A",-0.09357527643442154,-0.07947805523872375,2
1DAN_KU87A,1DAN,KU87A,0.017063796520233154,0.054971810430288315,2
1DAN_LU82A,1DAN,LU82A,0.07995188981294632,0.28001105785369873,2
"1DAN_NU79A,EU80A",1DAN,"NU79A,EU80A",-0.02454584650695324,0.6029456257820129,2
1DAN_TU78A,1DAN,TU78A,-0.025549152866005898,0.2936634421348572,2
1DAN_KU75A,1DAN,KU75A,0.1166100949048996,0.48631203174591064,2
1DAN_TU73A,1DAN,TU73A,0.21198563277721405,0.48367875814437866,2
"1DAN_KU71A,KU72A",1DAN,"KU71A,KU72A",-0.23973791301250458,0.5741851925849915,2
1DAN_GU70R,1DAN,GU70R,-0.16279315948486328,-0.10772590339183807,2
1DAN_SU69A,1DAN,SU69A,0.02264423295855522,-0.02649284154176712,2
1DAN_WU68F,1DAN,WU68F,0.12289611995220184,-0.33408278226852417,2
1DAN_YU66L,1DAN,YU66L,0.15484607219696045,1.1451349258422852,2
1DAN_IU62A,1DAN,IU62A,0.17879411578178406,0.5902610421180725,2
"1DAN_KU59A,DU60A",1DAN,"KU59A,DU60A",-0.10151255130767822,0.7171463966369629,2
1DAN_DU55A,1DAN,DU55A,-0.010675099678337574,0.4172282814979553,2
1DAN_RU54A,1DAN,RU54A,-0.0028923668432980776,0.29230964183807373,2
1DAN_FU50A,1DAN,FU50A,1.281753420829773,0.8737872838973999,2
1DAN_TU49A,1DAN,TU49A,-0.015591741539537907,0.36395812034606934,2
"1DAN_RU46A,NU47A,NU48A",1DAN,"RU46A,NU47A,NU48A",0.206581249833107,0.3312050700187683,2
1DAN_RU45A,1DAN,RU45A,0.5193140506744385,0.5370227694511414,2
1DAN_LU43A,1DAN,LU43A,-0.027560874819755554,1.8168601989746094,2
"1DAN_EU40A,RU41F",1DAN,"EU40A,RU41F",-0.021546082571148872,0.9318985939025879,2
1DAN_DU39A,1DAN,DU39A,-0.026554159820079803,0.7505349516868591,2
1DAN_EU38A,1DAN,EU38A,0.08580537885427475,0.52850341796875,2
1DAN_KU32A,1DAN,KU32A,-0.12360850721597672,-0.033326707780361176,2
"1DAN_QU24A,EU27A",1DAN,"QU24A,EU27A",0.03364985063672066,-0.022895239293575287,2
"1DAN_NU17A,QU20A",1DAN,"NU17A,QU20A",0.41449108719825745,0.21735350787639618,2
"1DAN_LU14A,EU15A",1DAN,"LU14A,EU15A",-0.4629063606262207,0.43747854232788086,2
1DAN_EU9A,1DAN,EU9A,-0.17558960616588593,0.9215095639228821,2
1DAN_YU4A,1DAN,YU4A,1.024149775505066,2.7823734283447266,2
1DAN_KT63A,1DAN,KT63A,-0.07038220763206482,-0.014666706323623657,2
"1DAN_KT63A,QT64A",1DAN,"KT63A,QT64A",-0.20611459016799927,0.070559561252594,2
"1DAN_KT60A,DT61A",1DAN,"KT60A,DT61A",-0.5042316913604736,0.6403982043266296,2
"1DAN_DT56A,ET57A",1DAN,"DT56A,ET57A",0.3045600950717926,0.885893702507019,2
1DAN_DT53E,1DAN,DT53E,1.380299687385559,1.1486310958862305,2
1DAN_DT53A,1DAN,DT53A,1.9894969463348389,1.0050221681594849,2
"1DAN_DT49A,ET51A",1DAN,"DT49A,ET51A",0.433300644159317,1.0186021327972412,2
1DAN_TT47A,1DAN,TT47A,0.40485748648643494,0.36849749088287354,2
1DAN_FT45A,1DAN,FT45A,0.4379112124443054,0.6448911428451538,2
1DAN_KT43A,1DAN,KT43A,0.41449108719825745,0.6890033483505249,2
1DAN_ST42A,1DAN,ST42A,0.043561823666095734,0.9798204302787781,2
1DAN_KT41A,1DAN,KT41A,0.23182405531406403,0.6895082592964172,2
"1DAN_KT41A,KT43A",1DAN,"KT41A,KT43A",1.1358543634414673,1.007739543914795,2
1DAN_WT40F,1DAN,WT40F,1.2705957889556885,0.322404682636261,2
1DAN_DT39A,1DAN,DT39A,0.7350139021873474,0.4676896333694458,2
1DAN_ST37A,1DAN,ST37A,-0.0693001002073288,0.5268130898475647,2
1DAN_KT36A,1DAN,KT36A,0.32156944274902344,1.48201584815979,2
"1DAN_KT36A,DT39A",1DAN,"KT36A,DT39A",1.5714305639266968,1.4368681907653809,2
1DAN_QT32A,1DAN,QT32A,0.5466929078102112,0.6646202206611633,2
1DAN_KT23A,1DAN,KT23A,0.1166100949048996,0.313182532787323,2
1DAN_ET21A,1DAN,ET21A,0.10140793025493622,0.6929819583892822,2
1DAN_WT20F,1DAN,WT20F,0.6151982545852661,0.7015477418899536,2
1DAN_ET19A,1DAN,ET19A,0.6578863859176636,0.015857264399528503,2
1DAN_IT17A,1DAN,IT17A,0.6450760960578918,0.45262742042541504,2
1DAN_TT16A,1DAN,TT16A,-0.15900751948356628,1.03793466091156,2
1DAN_KT15R,1DAN,KT15R,1.68574059009552,-0.2758594751358032,2
1DAN_KT15A,1DAN,KT15A,2.5879082679748535,1.023937463760376,2
1DAN_NT13A,1DAN,NT13A,0.18021486699581146,1.1958911418914795,2
1DAN_TT12A,1DAN,TT12A,0.12054666876792908,1.138308048248291,2
1DAN_KT10A,1DAN,KT10A,-0.397342324256897,0.23947526514530182,2
1DAN_WT9F,1DAN,WT9F,0.6917499899864197,0.044560983777046204,2
1CT2_TI13L,1CT2,TI13L,-3.2047202587127686,-3.428814649581909,2
2AW2_PB16A,2AW2,PB16A,2.5755908489227295,-0.25104236602783203,2
2AW2_YB22A,2AW2,YB22A,1.8850841522216797,1.5601540803909302,2
2AW2_VB35A,2AW2,VB35A,1.0963916778564453,0.5027943849563599,2
"1EFN_TA13H,EA14H",1EFN,"TA13H,EA14H",0.9839035272598267,0.11734345555305481,2
1EFN_TA13H,1EFN,TA13H,1.2435485124588013,0.03273888677358627,2
1EFN_IA12A,1EFN,IA12A,1.4510266780853271,0.4239298105239868,2
1FC2_YC10W,1FC2,YC10W,0.4106564223766327,0.7263977527618408,2
1FC2_IC12W,1FC2,IC12W,3.1389987468719482,0.3087503910064697,2
1FC2_FC26W,1FC2,FC26W,0.0,0.2867845892906189,2
1FC2_LC40W,1FC2,LC40W,0.0,0.3034302592277527,2
1FC2_LC13D,1FC2,LC13D,1.4339518547058105,1.5085601806640625,2
1FC2_NC24A,1FC2,NC24A,0.6057023406028748,0.020489417016506195,2
1FC2_FC26A,1FC2,FC26A,0.06347805261611938,0.40403038263320923,2
1FC2_IC27A,1FC2,IC27A,5.276767253875732,0.7653393149375916,2
1FC2_KC31A,1FC2,KC31A,1.526620626449585,0.3943098783493042,2
1FC2_LC13D,1FC2,LC13D,0.8213128447532654,1.5085601806640625,2
1FC2_NC24A,1FC2,NC24A,0.5822779536247253,0.020489417016506195,2
1FC2_FC26A,1FC2,FC26A,-0.03615420684218407,0.40403038263320923,2
1FC2_IC27A,1FC2,IC27A,2.185483932495117,0.7653393149375916,2
1FC2_KC31A,1FC2,KC31A,1.2319692373275757,0.3943098783493042,2
1FC2_NC2F,1FC2,NC2F,-0.10801676660776138,-0.24026979506015778,2
1FC2_NC7F,1FC2,NC7F,0.09132687747478485,0.04461623728275299,2
1FC2_QC28K,1FC2,QC28K,0.17043781280517578,0.1503065973520279,2
1FC2_NC2Q,1FC2,NC2Q,0.0,0.24271449446678162,2
1FC2_QC28L,1FC2,QC28L,0.45807787775993347,0.09760277718305588,2
1FC2_FC1M,1FC2,FC1M,0.9126397371292114,0.19073249399662018,2
1FC2_KC3D,1FC2,KC3D,1.0615314245224,-0.34724539518356323,2
1FC2_YC10F,1FC2,YC10F,1.0276678800582886,1.0282875299453735,2
1FC2_NC24F,1FC2,NC24F,0.8454979062080383,-0.035350121557712555,2
1BJ1_YH27A,1BJ1,YH27A,2.243532657623291,0.8179326057434082,2
1BJ1_YH54A,1BJ1,YH54A,1.328253984451294,1.0920685529708862,2
1BJ1_TH59A,1BJ1,TH59A,0.8510478734970093,0.3553324341773987,2
1BJ1_YH99A,1BJ1,YH99A,4.440748691558838,1.9346623420715332,2
1BJ1_HH107A,1BJ1,HH107A,0.7900062203407288,1.603670597076416,2
"1BJ1_ML4L,TH28D,NH31H,HH101Y,SH105T",1BJ1,"ML4L,TH28D,NH31H,HH101Y,SH105T",-1.7956174612045288,0.15143075585365295,2
"1BJ1_ML4L,TH28D,NH31H,HH101Y,SH105T",1BJ1,"ML4L,TH28D,NH31H,HH101Y,SH105T",-1.4631426334381104,0.15143075585365295,2
"1BJ1_HH101Y,YH103R,SH105T",1BJ1,"HH101Y,YH103R,SH105T",-1.1736482381820679,0.04870622605085373,2
"1BJ1_HH101Y,SH105T",1BJ1,"HH101Y,SH105T",-1.3440860509872437,-0.31118243932724,2
"1BJ1_HH101Y,YH103I,GH104A,SH105K",1BJ1,"HH101Y,YH103I,GH104A,SH105K",-0.4314463436603546,0.4796797037124634,2
"1BJ1_HH101Y,YH103W,SH105T",1BJ1,"HH101Y,YH103W,SH105T",-1.0414464473724365,-0.9226119518280029,2
"1BJ1_HH101Y,YH103R,GH104N,SH105T",1BJ1,"HH101Y,YH103R,GH104N,SH105T",-0.7629918456077576,-0.07503247261047363,2
1BJ1_YH54W,1BJ1,YH54W,-0.13733132183551788,-0.7436381578445435,2
"1BJ1_TH28D,NH31H",1BJ1,"TH28D,NH31H",-0.693211019039154,-0.48725777864456177,2
"1BJ1_LH72V,TH74V",1BJ1,"LH72V,TH74V",0.6709600687026978,0.5121639966964722,2
"1BJ1_LH72I,TH74K",1BJ1,"LH72I,TH74K",0.07655175030231476,0.22779503464698792,2
"1BJ1_TH28D,NH31H,YH54W,HH101Y,SH105T",1BJ1,"TH28D,NH31H,YH54W,HH101Y,SH105T",-1.204037070274353,0.09043630957603455,2
"1BJ1_TH28D,NH31H,HH101Y,SH105T",1BJ1,"TH28D,NH31H,HH101Y,SH105T",-1.7547425031661987,-0.4629337191581726,2
1BJ1_TH28D,1BJ1,TH28D,-0.22013357281684875,-0.2646442651748657,2
1BJ1_NH31H,1BJ1,NH31H,-0.7629918456077576,-0.6205356121063232,2
1BJ1_HH101Y,1BJ1,HH101Y,-1.584304690361023,0.3440903425216675,2
1BJ1_SH105T,1BJ1,SH105T,-0.39057138562202454,-0.9204280376434326,2
"1BJ1_HH101Y,YH103R,GH104D,SH105N",1BJ1,"HH101Y,YH103R,GH104D,SH105N",-0.995850682258606,0.9178652167320251,2
1E50_DA8A,1E50,DA8A,-0.4022527039051056,0.5685505867004395,2
1E50_NA11A,1E50,NA11A,0.6784359216690063,-0.3190792202949524,2
1E50_MA48A,1E50,MA48A,1.3202656507492065,0.9235625267028809,2
1E50_NA51A,1E50,NA51A,2.4327139854431152,0.2565860152244568,2
1E50_YA55A,1E50,YA55A,0.9449900388717651,1.0290749073028564,2
1E50_SA56A,1E50,SA56A,0.9783764481544495,0.45015251636505127,2
1E50_TA91A,1E50,TA91A,1.513062834739685,1.3447728157043457,2
1E50_VA101A,1E50,VA101A,-0.04390541464090347,1.2310471534729004,2
1E50_TA103A,1E50,TA103A,2.185483932495117,0.9664145708084106,2
1E50_RB32A,1E50,RB32A,1.774827480316162,0.7166011333465576,2
1E50_VB57A,1E50,VB57A,0.0,0.7119383811950684,2
1E50_NB62A,1E50,NB62A,0.9096092581748962,0.5665395259857178,2
1E50_SB64A,1E50,SB64A,0.11502811312675476,0.4223616123199463,2
1E50_DA8A,1E50,DA8A,-0.23009097576141357,0.5685505867004395,2
1E50_NA51A,1E50,NA51A,1.407914400100708,0.2565860152244568,2
"1E50_DA52A,EA53A",1E50,"DA52A,EA53A",0.3910408318042755,0.4628831148147583,2
1E50_YA55A,1E50,YA55A,0.883733868598938,1.0290749073028564,2
1E50_RA84A,1E50,RA84A,-0.1912277340888977,0.22404791414737701,2
1E50_KA86M,1E50,KA86M,0.32008570432662964,-0.18213488161563873,2
1E50_TA91A,1E50,TA91A,1.0438679456710815,1.3447728157043457,2
1E50_NB62A,1E50,NB62A,1.020007610321045,0.5665395259857178,2
1E50_NB99A,1E50,NB99A,1.407914400100708,2.3872060775756836,2
4MYW_IB48A,4MYW,IB48A,2.573214054107666,2.6143760681152344,2
"4MYW_TB31A,QB32A,EB93A,NB101A",4MYW,"TB31A,QB32A,EB93A,NB101A",-0.5298199653625488,-0.22819311916828156,2
3KBH_DA20A,3KBH,DA20A,0.8734071850776672,0.4110727310180664,2
3KBH_YA23A,3KBH,YA23A,1.8127912282943726,0.39428412914276123,2
3KBH_YA23F,3KBH,YA23F,1.6158939599990845,1.0537869930267334,2
3KBH_YE17A,3KBH,YE17A,0.10001825541257858,1.546684980392456,2
3KBH_SE54A,3KBH,SE54A,1.8573336601257324,0.44691795110702515,2
3KBH_SE54T,3KBH,SE54T,2.4906718730926514,-0.7088432312011719,2
4KRP_EB105A,4KRP,EB105A,1.606764316558838,0.45810800790786743,2
"4KRP_DA277T,FA279A",4KRP,"DA277T,FA279A",0.358457088470459,0.16794855892658234,2
2O3B_EB24A,2O3B,EB24A,5.474915027618408,-0.15968681871891022,2
2O3B_EB24D,2O3B,EB24D,0.5993249416351318,0.049300387501716614,2
2O3B_EB24Q,2O3B,EB24Q,5.3983635902404785,-0.14809739589691162,2
2O3B_QB74A,2O3B,QB74A,3.232964515686035,1.6194369792938232,2
2O3B_DB75E,2O3B,DB75E,5.437874794006348,-0.22372682392597198,2
2O3B_DB75N,2O3B,DB75N,5.903257846832275,-0.15352123975753784,2
2O3B_WB76A,2O3B,WB76A,4.073703765869141,1.0370397567749023,2
"2O3B_QB74A,WB76A",2O3B,"QB74A,WB76A",5.755609512329102,1.3476859331130981,2
1KIR_SA50Y,1KIR,SA50Y,-1.3877153396606445,-0.1782129853963852,2
3Q8D_RA202A,3Q8D,RA202A,0.45807787775993347,0.4581065773963928,2
3Q8D_RA202E,3Q8D,RA202E,1.383597493171692,0.08745099604129791,2
3Q8D_RA209A,3Q8D,RA209A,1.3232961893081665,0.8512380123138428,2
3Q8D_RA209E,3Q8D,RA209E,3.0309817790985107,0.8570404052734375,2
3Q8D_FA227A,3Q8D,FA227A,0.3026396632194519,0.30290764570236206,2
3Q8D_FA227D,3Q8D,FA227D,3.0309817790985107,-0.1516045778989792,2
3Q8D_RA228A,3Q8D,RA228A,0.3591063618659973,0.5935342311859131,2
3Q8D_RA228E,3Q8D,RA228E,1.2067546844482422,0.3722745180130005,2
3Q8D_RA131A,3Q8D,RA131A,3.0309817790985107,0.2525070309638977,2
3Q8D_RA97A,3Q8D,RA97A,0.45807787775993347,0.9109432101249695,2
3Q8D_RA12A,3Q8D,RA12A,0.3591063618659973,0.24485652148723602,2
1GC1_KC1A,1GC1,KC1A,0.0624210461974144,0.16596581041812897,2
1GC1_KC2A,1GC1,KC2A,-0.01668989285826683,0.25220179557800293,2
1GC1_KC7A,1GC1,KC7A,0.9978901147842407,0.2030532956123352,2
1GC1_KC8A,1GC1,KC8A,0.10526756942272186,-0.12205873429775238,2
1GC1_DC10A,1GC1,DC10A,0.0,-0.1758485734462738,2
1GC1_TC11A,1GC1,TC11A,0.0,0.43913817405700684,2
1GC1_TC15A,1GC1,TC15A,0.3220660388469696,0.20186930894851685,2
1GC1_TC17A,1GC1,TC17A,-0.12810181081295013,0.08353973925113678,2
1GC1_SC19A,1GC1,SC19A,0.0,0.028914734721183777,2
1GC1_QC20A,1GC1,QC20A,-0.01668989285826683,-0.09552772343158722,2
1GC1_KC21A,1GC1,KC21A,-0.12810181081295013,0.38993561267852783,2
1GC1_KC22A,1GC1,KC22A,0.2402186095714569,0.6305980086326599,2
1GC1_SC23A,1GC1,SC23A,0.2926822304725647,0.1004948765039444,2
1GC1_QC25A,1GC1,QC25A,0.032032232731580734,0.5148321986198425,2
1GC1_HC27A,1GC1,HC27A,0.28255462646484375,1.1900584697723389,2
1GC1_KC29A,1GC1,KC29A,0.5362386107444763,1.054223656654358,2
1GC1_NC30A,1GC1,NC30A,0.17043781280517578,0.4153488278388977,2
1GC1_SC31A,1GC1,SC31A,0.10526756942272186,-0.01387614756822586,2
1GC1_NC32A,1GC1,NC32A,0.1826537549495697,0.23455043137073517,2
1GC1_QC33A,1GC1,QC33A,0.10526756942272186,0.2663081884384155,2
1GC1_KC35A,1GC1,KC35A,0.3220660388469696,1.542833924293518,2
1GC1_NC39A,1GC1,NC39A,0.465625137090683,0.4554517865180969,2
1GC1_QC40A,1GC1,QC40A,-0.4106564223766327,0.8026754856109619,2
1GC1_SC42A,1GC1,SC42A,0.0,1.0660332441329956,2
1GC1_LC44A,1GC1,LC44A,1.0560202598571777,0.3907235264778137,2
1GC1_TC45A,1GC1,TC45A,-0.14889173209667206,0.3709409832954407,2
1GC1_KC46A,1GC1,KC46A,1.4310189485549927,1.1231634616851807,2
1GC1_SC49A,1GC1,SC49A,0.6111744046211243,0.3506315350532532,2
1GC1_KC50A,1GC1,KC50A,0.04742145910859108,0.6621473431587219,2
1GC1_LC51A,1GC1,LC51A,1.234022855758667,0.5527677536010742,2
1GC1_NC52A,1GC1,NC52A,0.7083382606506348,0.3797197937965393,2
1GC1_DC53A,1GC1,DC53A,0.3026396632194519,0.356529176235199,2
1GC1_DC56A,1GC1,DC56A,-0.06978079676628113,0.43497925996780396,2
1GC1_RC58A,1GC1,RC58A,0.13220183551311493,1.1075317859649658,2
1GC1_RC59A,1GC1,RC59A,1.1759138107299805,0.7850855588912964,2
1GC1_SC60A,1GC1,SC60A,-0.08859037607908249,0.7574281692504883,2
1GC1_DC63A,1GC1,DC63A,-0.31932955980300903,0.5290157794952393,2
1GC1_QC64A,1GC1,QC64A,0.44268864393234253,0.006425313651561737,2
1GC1_NC66A,1GC1,NC66A,-0.033863615244627,0.11717694252729416,2
1GC1_KC72A,1GC1,KC72A,-0.01668989285826683,0.0400061160326004,2
1GC1_NC73A,1GC1,NC73A,-0.10801676660776138,0.37118005752563477,2
1GC1_KC75A,1GC1,KC75A,0.15796467661857605,0.04018629714846611,2
1GC1_EC77A,1GC1,EC77A,0.5622846484184265,0.6347952485084534,2
1GC1_YC82A,1GC1,YC82A,1.2906758785247803,1.155402660369873,2
1GC1_EC85A,1GC1,EC85A,1.3232961893081665,0.539699375629425,2
1GC1_VC86A,1GC1,VC86A,-0.06978079676628113,-0.14886678755283356,2
1GC1_EC87A,1GC1,EC87A,0.21785926818847656,0.47564929723739624,2
1GC1_DC88A,1GC1,DC88A,-0.06978079676628113,0.38287222385406494,2
1GC1_QC89A,1GC1,QC89A,0.17043781280517578,0.12474469840526581,2
1GC1_KC90A,1GC1,KC90A,0.04742145910859108,0.3092880845069885,2
1GC1_EC91A,1GC1,EC91A,-0.12810181081295013,0.3851754069328308,2
1GC1_EC92A,1GC1,EC92A,0.016232576221227646,0.3880743384361267,2
1GC1_QC94A,1GC1,QC94A,-0.10801676660776138,0.1282854527235031,2
1GC1_QC89L,1GC1,QC89L,-0.31092584133148193,-0.10856174677610397,2
"1GC1_QC40A,DC63A",1GC1,"QC40A,DC63A",-0.4992468059062958,0.7395016551017761,2
"1GC1_QC40A,DC63A,QC89L",1GC1,"QC40A,DC63A,QC89L",-0.8482471108436584,0.8586567640304565,2
4JGH_WD44A,4JGH,WD44A,2.049182891845703,1.3576853275299072,2
1SGP_AI13L,1SGP,AI13L,-2.9891605377197266,-3.0653750896453857,2
4EKD_CA147R,4EKD,CA147R,-0.05646670609712601,-0.43754756450653076,2
"4RS1_RB47A,EB48A,HB52A",4RS1,"RB47A,EB48A,HB52A",-0.5465883016586304,1.4015812873840332,2
"4RS1_NB116A,SB117A,KB118A,RB119A",4RS1,"NB116A,SB117A,KB118A,RB119A",-0.046389494091272354,0.4890907406806946,2
"4RS1_LB146A,TB147A,SB148A",4RS1,"LB146A,TB147A,SB148A",-0.2159343957901001,0.9819137454032898,2
4RS1_NB150A,4RS1,NB150A,-0.046389494091272354,-0.08681468665599823,2
4RS1_YB151A,4RS1,YB151A,-0.6558536291122437,0.7155661582946777,2
4RS1_YB151F,4RS1,YB151F,-0.4490576684474945,0.20172889530658722,2
4RS1_TB172A,4RS1,TB172A,0.4807125926017761,0.781739354133606,2
4RS1_KB174A,4RS1,KB174A,0.8712080121040344,0.5272843837738037,2
4RS1_IB175A,4RS1,IB175A,-0.2759808897972107,0.35652661323547363,2
4RS1_EB176A,4RS1,EB176A,-0.6945897936820984,0.3827568292617798,2
"4RS1_YB201A,YB206A",4RS1,"YB201A,YB206A",0.7209311723709106,0.46071988344192505,2
4RS1_QB202A,4RS1,QB202A,1.354171633720398,0.06575602293014526,2
4RS1_KB203A,4RS1,KB203A,0.27628159523010254,0.5224204063415527,2
4RS1_LB204A,4RS1,LB204A,0.07225450128316879,0.7122411727905273,2
4RS1_SB205A,4RS1,SB205A,0.6159898042678833,0.3487548828125,2
4RS1_EA25A,4RS1,EA25A,1.5025767087936401,-0.44435203075408936,2
4RS1_EA25K,4RS1,EA25K,2.1401376724243164,0.03066810593008995,2
4RS1_DA28A,4RS1,DA28A,2.5922298431396484,0.9245984554290771,2
4RS1_DA28K,4RS1,DA28K,3.6194357872009277,0.8710073828697205,2
4RS1_QA79A,4RS1,QA79A,0.4699510633945465,0.13650356233119965,2
4RS1_QA79E,4RS1,QA79E,1.2121529579162598,0.1891201287508011,2
4RS1_DA92A,4RS1,DA92A,2.133366584777832,1.0862202644348145,2
4RS1_DA92K,4RS1,DA92K,3.2598674297332764,0.6753461956977844,2
4RS1_LA95A,4RS1,LA95A,2.365586757659912,1.4292263984680176,2
4RS1_FA99A,4RS1,FA99A,3.6263248920440674,1.0378508567810059,2
"4RS1_LA95A,FA99A",4RS1,"LA95A,FA99A",4.122901916503906,2.271043300628662,2
"4RS1_EA25K,DA28K",4RS1,"EA25K,DA28K",4.122901916503906,0.46375584602355957,2
"4RS1_EA25K,DA92K",4RS1,"EA25K,DA92K",4.122901916503906,-0.017092958092689514,2
"4RS1_DA28K,DA92K",4RS1,"DA28K,DA92K",4.122901916503906,0.6723010540008545,2
4RS1_EA88A,4RS1,EA88A,0.476552277803421,0.1464797407388687,2
4RS1_EA88Q,4RS1,EA88Q,0.924957275390625,0.5361524224281311,2
4RS1_EA88K,4RS1,EA88K,0.336503267288208,0.6724404096603394,2
4RS1_NA89D,4RS1,NA89D,0.29562830924987793,-0.8212864995002747,2
4RS1_NA89A,4RS1,NA89A,1.2900179624557495,-0.35499894618988037,2
4RS1_NA89K,4RS1,NA89K,0.9101451635360718,-0.23196008801460266,2
4RS1_KA91A,4RS1,KA91A,-0.11502811312675476,0.746462345123291,2
4RS1_KA91Q,4RS1,KA91Q,0.274082213640213,0.28923118114471436,2
4RS1_KA91E,4RS1,KA91E,0.12519049644470215,0.38591498136520386,2
4RS1_DA92N,4RS1,DA92N,1.4300669431686401,0.6693717837333679,2
4RS1_DA92A,4RS1,DA92A,1.7201007604599,1.0862202644348145,2
4RS1_DA92R,4RS1,DA92R,3.130221366882324,0.6800054311752319,2
4RS1_DA92K,4RS1,DA92K,3.977485179901123,0.6753461956977844,2
4RS1_IA6G,4RS1,IA6G,0.8562873601913452,0.0806005448102951,2
4RS1_EA8R,4RS1,EA8R,0.39442384243011475,-0.161875918507576,2
4RS1_RA10D,4RS1,RA10D,0.17839030921459198,0.7886782884597778,2
4RS1_RA11D,4RS1,RA11D,0.19012241065502167,0.2678312659263611,2
1TM3_KI40M,1TM3,KI40M,-1.0935636758804321,-0.979008674621582,2
2HLE_KA141Q,2HLE,KA141Q,-0.4106564223766327,0.10799124836921692,2
2HLE_LA87R,2HLE,LA87R,2.287297010421753,1.3167208433151245,2
2REX_LA70Y,2REX,LA70Y,0.5577501058578491,1.390810489654541,2
2REX_YB97F,2REX,YB97F,0.0,-0.15383225679397583,2
"2NY7_WG13M,SG92T,WG181S,MG231A,CG14W,CG110V,CG27I,CG226Q",2NY7,"WG13M,SG92T,WG181S,MG231A,CG14W,CG110V,CG27I,CG226Q",-0.3037257194519043,0.4001355767250061,2
"2NY7_WG13M,MG231A,CG14W,CG110V,CG27I,CG226Q",2NY7,"WG13M,MG231A,CG14W,CG110V,CG27I,CG226Q",0.449248343706131,0.771172285079956,2
"2NY7_KG66C,EG103C,WG13M,MG231A,CG14W,CG110V,CG27I,CG226Q",2NY7,"KG66C,EG103C,WG13M,MG231A,CG14W,CG110V,CG27I,CG226Q",0.3000297248363495,0.7183479070663452,2
"2NY7_WG13M,MG231A,CG14W,CG110V",2NY7,"WG13M,MG231A,CG14W,CG110V",1.1579517126083374,0.5095120072364807,2
"2NY7_KG66C,EG102C,WG13M,MG231A,CG14W,CG110V,CG27I,CG226Q",2NY7,"KG66C,EG102C,WG13M,MG231A,CG14W,CG110V,CG27I,CG226Q",0.3999813199043274,0.7441797852516174,2
"2NY7_GG229C,WG13M,MG231A,CG14W,CG110V,CG27I,CG226Q",2NY7,"GG229C,WG13M,MG231A,CG14W,CG110V,CG27I,CG226Q",0.2147209495306015,0.22833113372325897,2
"2NY7_CG27I,CG226Q,MG231A",2NY7,"CG27I,CG226Q,MG231A",0.20328329503536224,0.9419244527816772,2
"2NY7_CG27I,CG226Q",2NY7,"CG27I,CG226Q",0.1998084932565689,-0.2736552953720093,2
"2NY7_WG13M,MG231A,CG14W,CG110V,KG66C,EG102C",2NY7,"WG13M,MG231A,CG14W,CG110V,KG66C,EG102C",0.5512619614601135,0.6076566576957703,2
"2NY7_KG66C,EG102C,CG27I,CG226Q",2NY7,"KG66C,EG102C,CG27I,CG226Q",0.04087496176362038,-0.10909973084926605,2
"2NY7_GG229C,MG231A",2NY7,"GG229C,MG231A",-0.37896695733070374,1.2024261951446533,2
1JCK_TB20A,1JCK,TB20A,1.654841661453247,1.2432595491409302,2
1JCK_YB26A,1JCK,YB26A,1.774827480316162,1.6385774612426758,2
1JCK_NB60A,1JCK,NB60A,1.6426256895065308,0.08162358403205872,2
1JCK_YB90A,1JCK,YB90A,2.5961403846740723,1.29925537109375,2
1JCK_VB91A,1JCK,VB91A,2.232905387878418,0.5703500509262085,2
1JCK_KB103A,1JCK,KB103A,0.6766378879547119,0.4325406551361084,2
1JCK_FB176A,1JCK,FB176A,2.1339337825775146,1.3324623107910156,2
1JCK_TB20A,1JCK,TB20A,1.3232961893081665,1.2432595491409302,2
1JCK_NB23A,1JCK,NB23A,2.077467203140259,0.4346480965614319,2
1JCK_YB26A,1JCK,YB26A,1.747893214225769,1.6385774612426758,2
1JCK_NB60A,1JCK,NB60A,1.0159357786178589,0.08162358403205872,2
1JCK_YB90A,1JCK,YB90A,2.077467203140259,1.29925537109375,2
1JCK_VB91A,1JCK,VB91A,1.9302657842636108,0.5703500509262085,2
1JCK_GB102A,1JCK,GB102A,0.013021446764469147,0.1975618153810501,2
1JCK_KB103A,1JCK,KB103A,0.1295628547668457,0.4325406551361084,2
1JCK_FB176A,1JCK,FB176A,1.787848949432373,1.3324623107910156,2
1JCK_QB210A,1JCK,QB210A,2.077467203140259,0.6815029382705688,2
4X4M_KE153A,4X4M,KE153A,0.6395467519760132,1.3453779220581055,2
4X4M_HE154A,4X4M,HE154A,0.38309553265571594,0.15593965351581573,2
4X4M_RE155A,4X4M,RE155A,1.7401713132858276,0.6329605579376221,2
"4X4M_KE153A,HE154A,RE155A",4X4M,"KE153A,HE154A,RE155A",1.7881416082382202,1.8515790700912476,2
4X4M_KE153E,4X4M,KE153E,0.9535146951675415,2.3843894004821777,2
4X4M_HE154E,4X4M,HE154E,1.9851295948028564,1.0346192121505737,2
4X4M_RE155E,4X4M,RE155E,0.641829788684845,1.0214024782180786,2
2NZ9_SA874A,2NZ9,SA874A,-0.12034162133932114,-0.08471295237541199,2
2NZ9_KA875A,2NZ9,KA875A,0.5445982217788696,0.3740310072898865,2
2NZ9_QA887A,2NZ9,QA887A,0.09997596591711044,0.6396869421005249,2
2NZ9_FA889A,2NZ9,FA889A,-0.04996808245778084,0.3483821749687195,2
2NZ9_NA890A,2NZ9,NA890A,2.175600290298462,0.7891738414764404,2
2NZ9_LA891A,2NZ9,LA891A,2.2963976860046387,2.693842887878418,2
2NZ9_EA892A,2NZ9,EA892A,2.790327548980713,2.3072519302368164,2
2NZ9_KA895A,2NZ9,KA895A,-0.3019140660762787,-0.02210438996553421,2
2NZ9_FA925A,2NZ9,FA925A,3.364515542984009,3.599058151245117,2
2NZ9_NA926A,2NZ9,NA926A,-0.1532640904188156,0.07076901197433472,2
2NZ9_SA927A,2NZ9,SA927A,-0.07911093533039093,0.07972058653831482,2
2NZ9_IA928A,2NZ9,IA928A,0.06978079676628113,0.09660595655441284,2
2NZ9_KA1028A,2NZ9,KA1028A,-0.008777227252721786,0.11732356250286102,2
2NZ9_DA1030A,2NZ9,DA1030A,-0.03130663186311722,0.11843441426753998,2
2NZ9_RA1033A,2NZ9,RA1033A,0.292977511882782,0.9242682456970215,2
2NZ9_DA1034A,2NZ9,DA1034A,2.356466054916382,2.3833556175231934,2
2NZ9_TA1035A,2NZ9,TA1035A,2.3874666690826416,1.5730916261672974,2
2NZ9_HA1036A,2NZ9,HA1036A,7.473180770874023,6.8415093421936035,2
2NZ9_RA1266A,2NZ9,RA1266A,0.3929699659347534,0.30007922649383545,2
"2NZ9_SD29K,DD30Y,HD31D",2NZ9,"SD29K,DD30Y,HD31D",-0.04996808245778084,-0.020849861204624176,2
3QDG_DD26W,3QDG,DD26W,-1.562268853187561,-1.9722249507904053,2
3QDG_DD26Y,3QDG,DD26Y,-1.7938382625579834,-1.5081887245178223,2
3QDG_RD27W,3QDG,RD27W,0.5964834690093994,-0.21599245071411133,2
3QDG_LE95W,3QDG,LE95W,-0.70299232006073,-0.9360452890396118,2
3QDG_FE97W,3QDG,FE97W,0.9345039129257202,-0.020594801753759384,2
3QDG_TE99F,3QDG,TE99F,-0.03865187615156174,0.6096439957618713,2
3QDG_GD28I,3QDG,GD28I,0.8663308620452881,-0.2678191065788269,2
3QDG_GD28L,3QDG,GD28L,1.3886055946350098,0.557701587677002,2
3QDG_GD28Y,3QDG,GD28Y,1.5025767087936401,-0.018127508461475372,2
3QDG_RD27P,3QDG,RD27P,0.13840557634830475,-0.1278444230556488,2
3QDG_GD28P,3QDG,GD28P,1.091920256614685,1.4147436618804932,2
3QDG_AE52P,3QDG,AE52P,-0.06589584797620773,-0.1990690678358078,2
3QDG_GD28N,3QDG,GD28N,0.8517016768455505,0.23174375295639038,2
3QDG_FE97Y,3QDG,FE97Y,1.3945599794387817,0.7312242388725281,2
"3QDG_DD26W,LE95W",3QDG,"DD26W,LE95W",-3.354782819747925,-2.7964062690734863,2
"3QDG_DD26Y,LE95W",3QDG,"DD26Y,LE95W",-3.5434513092041016,-2.81710147857666,2
1TO1_AI42Y,1TO1,AI42Y,-2.9815821647644043,-3.1309127807617188,2
"3BDY_DL28N,PL30A,RL31K,SL32T,YL57F,TL97S,TL98S",3BDY,"DL28N,PL30A,RL31K,SL32T,YL57F,TL97S,TL98S",-0.9735997319221497,0.027162820100784302,2
"3BDY_DL28N,PL30A,RL31K,SL32T,YL57F,TL97S,TL98S,KH31S,DH32G,TH55S,NH56E,GH101V,DH103V",3BDY,"DL28N,PL30A,RL31K,SL32T,YL57F,TL97S,TL98S,KH31S,DH32G,TH55S,NH56E,GH101V,DH103V",-2.728342294692993,-0.07759571820497513,2
"3BDY_DL28N,PL30A,RL31K,SL32T,TL97S,TL98S",3BDY,"DL28N,PL30A,RL31K,SL32T,TL97S,TL98S",-0.9535146951675415,-0.2423044890165329,2
"3BDY_DL28N,PL30A,RL31K,SL32T,TL97S,TL98S,KH31S,DH32G,TH55S,NH56E,GH101V,DH103V",3BDY,"DL28N,PL30A,RL31K,SL32T,TL97S,TL98S,KH31S,DH32G,TH55S,NH56E,GH101V,DH103V",-2.671875476837158,-0.4999607801437378,2
"3BDY_DL28N,PL30A,RL31K,SL32T,TL97S,TL98S,KH31S,DH32G,TH55S,NH56E,GH101V,DH103V,RH51A,RH60A",3BDY,"DL28N,PL30A,RL31K,SL32T,TL97S,TL98S,KH31S,DH32G,TH55S,NH56E,GH101V,DH103V,RH51A,RH60A",-2.728342294692993,2.3958778381347656,2
"1REW_DA19A,DB19A",1REW,"DA19A,DB19A",0.6680910587310791,0.07850657403469086,2
"1REW_WA20A,WB20A",1REW,"WA20A,WB20A",1.087313175201416,0.7715671062469482,2
"1REW_DA19A,WA20A,DB19A,WB20A",1REW,"DA19A,WA20A,DB19A,WB20A",2.063082218170166,1.065617561340332,2
"1REW_FA38A,FB38A",1REW,"FA38A,FB38A",1.3641711473464966,3.136934280395508,2
"1REW_PA39A,PB39A",1REW,"PA39A,PB39A",1.2945013046264648,0.050584062933921814,2
"1REW_FA38A,PA39A,FB38A,PB39A",1REW,"FA38A,PA39A,FB38A,PB39A",2.88371205329895,3.0245182514190674,2
"1REW_HA28D,HB28D",1REW,"HA28D,HB28D",0.1956523358821869,-0.09926648437976837,2
"1REW_SA77A,SB77A",1REW,"SA77A,SB77A",0.2032642513513565,0.1244327500462532,2
"1REW_LA89A,LB89A",1REW,"LA89A,LB89A",0.2399224489927292,0.5652734637260437,2
"1REW_HA28D,SA77A,HB28D,SB77A",1REW,"HA28D,SA77A,HB28D,SB77A",0.18339650332927704,-0.26938194036483765,2
"1REW_HA28D,LA89A,HB28D,LB89A",1REW,"HA28D,LA89A,HB28D,LB89A",0.1187262311577797,0.23937422037124634,2
"1REW_AA23D,AB23D",1REW,"AA23D,AB23D",0.0,0.12439481914043427,2
"1REW_DA42A,DB42A",1REW,"DA42A,DB42A",-0.05195394158363342,0.09068723022937775,2
"1REW_EA98R,EB98R",1REW,"EA98R,EB98R",0.26882827281951904,0.06143632531166077,2
"1REW_DA19A,AA23D,DB19A,AB23D",1REW,"DA19A,AA23D,DB19A,AB23D",0.4761781692504883,-0.13870219886302948,2
"1REW_AA23D,DA42A,AB23D,DB42A",1REW,"AA23D,DA42A,AB23D,DB42A",-0.1839134246110916,0.09884974360466003,2
"1REW_DA42A,EA98R,DB42A,EB98R",1REW,"DA42A,EA98R,DB42A,EB98R",0.043651580810546875,0.00629676878452301,2
"1REW_WA17F,WB17F",1REW,"WA17F,WB17F",0.6724210977554321,-0.9587665796279907,2
"1REW_LA40P,LB40P",1REW,"LA40P,LB40P",5.307792663574219,2.8347997665405273,2
"1REW_DA42A,DB42A",1REW,"DA42A,DB42A",-0.06978079676628113,0.09068723022937775,2
"1REW_DA42P,DB42P",1REW,"DA42P,DB42P",2.355921745300293,0.43607741594314575,2
"1REW_SA58R,SB58R",1REW,"SA58R,SB58R",1.6668107509613037,0.8022422790527344,2
"1REW_YA92A,YB92A",1REW,"YA92A,YB92A",1.2152793407440186,1.0926512479782104,2
1REW_QC55A,1REW,QC55A,2.6585614681243896,0.49819570779800415,2
"1REW_KC57R,SC59T,KC61I,AC62P,QC63H,LC64Q,TC67D",1REW,"KC57R,SC59T,KC61I,AC62P,QC63H,LC64Q,TC67D",0.7299859523773193,0.432497501373291,2
"1REW_KC57R,SC59T,KC61I,AC62P,QC63H,LC64Q,TC67D,AC43T,MC47L,KC48G,YC49L",1REW,"KC57R,SC59T,KC61I,AC62P,QC63H,LC64Q,TC67D,AC43T,MC47L,KC48G,YC49L",0.26777946949005127,-0.1933591663837433,2
"1REW_KC57R,SC59T,KC61I,AC62P,QC63H,LC64Q,TC67D,AC43T,MC47L,KC48G,YC49L,GC11H,DC15E,AC30T,IC31M",1REW,"KC57R,SC59T,KC61I,AC62P,QC63H,LC64Q,TC67D,AC43T,MC47L,KC48G,YC49L,GC11H,DC15E,AC30T,IC31M",1.1528583765029907,0.11384230852127075,2
2NU2_RI13L,2NU2,RI13L,-3.366955280303955,-2.850710391998291,2
1A22_MA14A,1A22,MA14A,0.0,0.7488834857940674,2
1A22_HA18A,1A22,HA18A,-0.486391544342041,0.8022052049636841,2
1A22_HA21A,1A22,HA21A,0.15543822944164276,0.6856931447982788,2
1A22_QA22A,1A22,QA22A,-0.21983741223812103,-0.03972871974110603,2
1A22_FA25A,1A22,FA25A,-0.44731462001800537,1.4484996795654297,2
1A22_DA26A,1A22,DA26A,-0.21131277084350586,0.5978934168815613,2
1A22_QA29A,1A22,QA29A,-0.5890467166900635,0.310452938079834,2
1A22_YA42A,1A22,YA42A,0.19934363663196564,1.619333028793335,2
1A22_LA45A,1A22,LA45A,1.2245169878005981,1.9363548755645752,2
1A22_QA46A,1A22,QA46A,0.10801676660776138,0.4522322416305542,2
1A22_PA48A,1A22,PA48A,0.4106564223766327,1.3350179195404053,2
1A22_SA51A,1A22,SA51A,0.3482353687286377,0.5014685988426208,2
1A22_EA56A,1A22,EA56A,0.4106564223766327,0.45295655727386475,2
1A22_PA61A,1A22,PA61A,1.2093250751495361,-0.055695489048957825,2
1A22_SA62A,1A22,SA62A,0.15543822944164276,1.3115071058273315,2
1A22_NA63A,1A22,NA63A,0.3143717646598816,0.647801399230957,2
1A22_RA64A,1A22,RA64A,1.6426256895065308,1.2553503513336182,2
1A22_EA65A,1A22,EA65A,-0.4730774760246277,0.214366614818573,2
1A22_QA68A,1A22,QA68A,0.588454008102417,0.25987350940704346,2
1A22_YA153A,1A22,YA153A,0.3482353687286377,0.6489072442054749,2
1A22_RA156A,1A22,RA156A,0.27845457196235657,1.648237705230713,2
1A22_KA157A,1A22,KA157A,-0.15484607219696045,0.8316158056259155,2
1A22_DA160A,1A22,DA160A,0.7909240126609802,0.7399693131446838,2
1A22_KA161A,1A22,KA161A,2.0150461196899414,2.2417988777160645,2
1A22_EA163A,1A22,EA163A,-0.9246088266372681,1.6613214015960693,2
1A22_TA164A,1A22,TA164A,1.907029390335083,0.9936084151268005,2
1A22_FA165A,1A22,FA165A,0.4106564223766327,2.2581334114074707,2
1A22_RA167A,1A22,RA167A,2.4257025718688965,1.6509771347045898,2
1A22_IA168A,1A22,IA168A,0.8063132762908936,0.7121449112892151,2
1A22_RA172A,1A22,RA172A,0.5428582429885864,0.7503101825714111,2
1A22_EA175A,1A22,EA175A,-0.011969134211540222,-0.03158321604132652,2
1A22_RB11A,1A22,RB11A,2.1162474155426025,1.0015654563903809,2
1A22_EB12A,1A22,EB12A,1.6927218437194824,0.19293105602264404,2
1A22_RB29A,1A22,RB29A,0.690199077129364,0.5412482023239136,2
1A22_RB30A,1A22,RB30A,0.5358468890190125,1.4662246704101562,2
1A22_TB32A,1A22,TB32A,0.11091385036706924,0.20656593143939972,2
1A22_QB33A,1A22,QB33A,0.0,-0.07574266195297241,2
1A22_EB34A,1A22,EB34A,-0.09423819184303284,0.2505810856819153,2
1A22_WB35A,1A22,WB35A,0.5143008232116699,0.7365205883979797,2
1A22_WB39A,1A22,WB39A,-0.017686447128653526,1.6578969955444336,2
1A22_SB57A,1A22,SB57A,-0.05472675710916519,0.21202300488948822,2
1A22_SB61A,1A22,SB61A,-0.18216991424560547,0.014296695590019226,2
1A22_IB62A,1A22,IB62A,1.607864499092102,0.6897434592247009,2
1A22_WB63A,1A22,WB63A,4.731656074523926,2.0518276691436768,2
1A22_IB64A,1A22,IB64A,1.9408929347991943,1.1716299057006836,2
1A22_PB65A,1A22,PB65A,3.3057219982147217,0.07956943660974503,2
1A22_EB79A,1A22,EB79A,-0.18216991424560547,0.5826318264007568,2
1A22_KB80A,1A22,KB80A,0.08128507435321808,1.0149235725402832,2
1A22_SB83A,1A22,SB83A,0.274082213640213,0.2828714847564697,2
1A22_DB85A,1A22,DB85A,0.9939247965812683,0.7020086050033569,2
1A22_EB86A,1A22,EB86A,0.9706884026527405,1.1720199584960938,2
1A22_DB119A,1A22,DB119A,1.4865336418151855,0.26229435205459595,2
1A22_IB120A,1A22,IB120A,2.1307570934295654,0.5252761840820312,2
1A22_QB121A,1A22,QB121A,0.017173724249005318,-0.300855815410614,2
1A22_KB122A,1A22,KB122A,-0.017686447128653526,0.5791659355163574,2
1A22_WB124A,1A22,WB124A,4.731656074523926,0.2459682822227478,2
1A22_VB126A,1A22,VB126A,-0.6170114278793335,0.8993087410926819,2
1A22_TB150A,1A22,TB150A,-0.09423819184303284,0.4391932487487793,2
1A22_QB171A,1A22,QB171A,0.8910936117172241,0.5627492070198059,2
1A22_RB172A,1A22,RB172A,0.274082213640213,1.0145161151885986,2
1A22_NB173A,1A22,NB173A,0.29562830924987793,1.2055046558380127,2
1A22_SB174A,1A22,SB174A,0.033863615244627,0.36849796772003174,2
1A22_EB10A,1A22,EB10A,0.17908690869808197,0.45538824796676636,2
1A22_NB31A,1A22,NB31A,0.274082213640213,0.0734376385807991,2
1A22_TB36A,1A22,TB36A,0.20430143177509308,0.10167551040649414,2
1A22_FB55S,1A22,FB55S,0.050096191465854645,1.186876893043518,2
1A22_TB60A,1A22,TB60A,1.7616124153137207,1.4336202144622803,2
1A22_TB149A,1A22,TB149A,0.20430143177509308,-0.3102601170539856,2
1A22_KB170A,1A22,KB170A,0.7853956818580627,0.29204052686691284,2
1A22_RB11L,1A22,RB11L,0.5215702652931213,0.3326486349105835,2
1A22_RB11M,1A22,RB11M,1.0003997087478638,0.8397014141082764,2
"1A22_NB31A,TB32A,QB33A,EB34A",1A22,"NB31A,TB32A,QB33A,EB34A",-0.13657419383525848,1.2492183446884155,2
"1A22_NB31A,TB32A,QB33A,EB34A,WB35A,WB39A",1A22,"NB31A,TB32A,QB33A,EB34A,WB35A,WB39A",0.16606545448303223,1.743040919303894,2
"1A22_SB57A,SB61A",1A22,"SB57A,SB61A",-0.5695899724960327,0.254184365272522,2
"1A22_EB79A,KB80A",1A22,"EB79A,KB80A",-0.34476056694984436,1.1702351570129395,2
"1A22_QB121A,KB122A,VB126A",1A22,"QB121A,KB122A,VB126A",-0.8722296357154846,1.6281358003616333,2
"1A22_RB172A,NB173A",1A22,"RB172A,NB173A",0.9025979042053223,1.0538374185562134,2
"1A22_QB171A,RB172A,NB173A",1A22,"QB171A,RB172A,NB173A",1.1035670042037964,2.1884841918945312,2
"1A22_SB57A,SB61A,EB79A,KB80A",1A22,"SB57A,SB61A,EB79A,KB80A",-0.8954659700393677,1.1966763734817505,2
"1A22_SB57A,SB61A,EB79A,KB80A,QB121A,KB122A,VB126A",1A22,"SB57A,SB61A,EB79A,KB80A,QB121A,KB122A,VB126A",-1.4000883102416992,0.9392509460449219,2
1A22_FB55S,1A22,FB55S,-0.13220183551311493,1.186876893043518,2
"1A22_KB2A,KB5A",1A22,"KB2A,KB5A",0.2402186095714569,0.7664457559585571,2
"1A22_RB29A,RB30A,EB34A",1A22,"RB29A,RB30A,EB34A",0.9535146951675415,1.2870347499847412,2
"1A22_DB78A,EB79A,KB80A",1A22,"DB78A,EB79A,KB80A",0.20982979238033295,1.1579656600952148,2
"1A22_DB107A,RB111A,EB113A",1A22,"DB107A,RB111A,EB113A",0.3143717646598816,0.3293711543083191,2
"1A22_RB116A,DB119A,KB122A",1A22,"RB116A,DB119A,KB122A",-0.0624210461974144,0.31365811824798584,2
"1A22_EB138A,KB140A,KB142A,DB145A",1A22,"EB138A,KB140A,KB142A,DB145A",0.1202327087521553,0.23863603174686432,2
"1A22_KB158A,DB160A,KB161A,EB162A,EB164A",1A22,"KB158A,DB160A,KB161A,EB162A,EB164A",1.1202380657196045,0.5846870541572571,2
1A22_RB7A,1A22,RB7A,0.26912444829940796,0.6113077402114868,2
1A22_EB10A,1A22,EB10A,1.2319692373275757,0.45538824796676636,2
1A22_RB11A,1A22,RB11A,0.27845457196235657,1.0015654563903809,2
1A22_EB12A,1A22,EB12A,0.6508750319480896,0.19293105602264404,2
1A22_RB29A,1A22,RB29A,0.4180161654949188,0.5412482023239136,2
1A22_RB30A,1A22,RB30A,0.5993249416351318,1.4662246704101562,2
1A22_EB34A,1A22,EB34A,-0.07911093533039093,0.2505810856819153,2
1A22_EB38A,1A22,EB38A,-0.07911093533039093,0.7032105922698975,2
1A22_KB40A,1A22,KB40A,0.1439339518547058,0.00956466794013977,2
1A22_EB41A,1A22,EB41A,0.7830768823623657,0.5270183086395264,2
1A22_EB50A,1A22,EB50A,0.17779755592346191,0.19932140409946442,2
1A22_KB69A,1A22,KB69A,0.042846519500017166,0.6121789216995239,2
1A22_DB85A,1A22,DB85A,0.9824205040931702,0.7020086050033569,2
1A22_EB86A,1A22,EB86A,0.4106564223766327,1.1720199584960938,2
1A22_DB91A,1A22,DB91A,1.0857164859771729,0.29069823026657104,2
1A22_EB128A,1A22,EB128A,0.08280224353075027,0.7144015431404114,2
1A22_EB130A,1A22,EB130A,-0.07911093533039093,0.5759662985801697,2
1A22_KB134A,1A22,KB134A,0.0,0.36159008741378784,2
1A22_EB135A,1A22,EB135A,0.19934363663196564,0.4198964238166809,2
1A22_KB158A,1A22,KB158A,0.2402186095714569,0.2944006323814392,2
1A22_DB160A,1A22,DB160A,-0.04618846997618675,0.0762329027056694,2
1A22_KB161A,1A22,KB161A,0.19934363663196564,0.33510226011276245,2
1A22_EB162A,1A22,EB162A,-0.07911093533039093,-0.01947462558746338,2
1A22_EB164A,1A22,EB164A,-0.0624210461974144,0.11030753701925278,2
1A22_RB166A,1A22,RB166A,0.05646670609712601,-0.05231502652168274,2
1A22_RB168A,1A22,RB168A,-0.19052284955978394,0.27686482667922974,2
1A22_KB170A,1A22,KB170A,0.4998636245727539,0.29204052686691284,2
1A22_RB172A,1A22,RB172A,0.33154547214508057,1.0145161151885986,2
1A22_EB179A,1A22,EB179A,0.10801676660776138,0.5460705757141113,2
1A22_WB35A,1A22,WB35A,0.5428582429885864,0.7365205883979797,2
1A22_WB39A,1A22,WB39A,0.166723370552063,1.6578969955444336,2
1A22_WB63A,1A22,WB63A,4.635371685028076,2.0518276691436768,2
1A22_WB63F,1A22,WB63F,2.784808874130249,-0.12115909159183502,2
1A22_YB54A,1A22,YB54A,0.19934363663196564,-0.25297045707702637,2
1A22_PB9A,1A22,PB9A,0.259645015001297,0.24344883859157562,2
1A22_SB15A,1A22,SB15A,-0.01499958522617817,0.2921052575111389,2
1A22_TB19A,1A22,TB19A,0.06978079676628113,0.0769055187702179,2
1A22_NB31A,1A22,NB31A,-0.44104522466659546,0.0734376385807991,2
1A22_TB32A,1A22,TB32A,-0.44104522466659546,0.20656593143939972,2
1A22_QB33A,1A22,QB33A,-0.5810942649841309,-0.07574266195297241,2
1A22_TB36A,1A22,TB36A,-0.2552182078361511,0.10167551040649414,2
1A22_QB37A,1A22,QB37A,-0.4106564223766327,0.032361507415771484,2
1A22_NB56A,1A22,NB56A,-0.2552182078361511,0.1685442328453064,2
1A22_SB57A,1A22,SB57A,-0.327854186296463,0.21202300488948822,2
1A22_SB58A,1A22,SB58A,-0.5069410800933838,0.2277327924966812,2
1A22_FB59A,1A22,FB59A,-0.01499958522617817,0.41820287704467773,2
1A22_TB60A,1A22,TB60A,1.0857164859771729,1.4336202144622803,2
1A22_SB61A,1A22,SB61A,0.4671231210231781,0.014296695590019226,2
1A22_IB62A,1A22,IB62A,0.43246692419052124,0.6897434592247009,2
1A22_IB64A,1A22,IB64A,0.13220183551311493,1.1716299057006836,2
1A22_PB65A,1A22,PB65A,2.6268067359924316,0.07956943660974503,2
1A22_VB84A,1A22,VB84A,1.1421831846237183,0.7573913931846619,2
1A22_IB87A,1A22,IB87A,0.588454008102417,0.21230477094650269,2
1A22_VB88A,1A22,VB88A,-0.04618846997618675,0.7381723523139954,2
1A22_QB89A,1A22,QB89A,-0.030388813465833664,0.5608768463134766,2
"1A22_FA25A,YA42A,QA46A",1A22,"FA25A,YA42A,QA46A",0.19052284955978394,1.9217625856399536,2
1A22_FA25A,1A22,FA25A,-0.4314463436603546,1.4484996795654297,2
"1A22_YA42A,QA46A",1A22,"YA42A,QA46A",0.2733250856399536,1.681823492050171,2
"1A22_FA25A,YA42A,QA46A",1A22,"FA25A,YA42A,QA46A",0.20581859350204468,1.9217625856399536,2
1A22_FA25A,1A22,FA25A,-0.3927019536495209,1.4484996795654297,2
"1A22_YA42A,QA46A",1A22,"YA42A,QA46A",0.3062743544578552,1.681823492050171,2
1A22_RB11A,1A22,RB11A,2.1780316829681396,1.0015654563903809,2
1A22_EB12A,1A22,EB12A,1.7777824401855469,0.19293105602264404,2
1A22_NB31A,1A22,NB31A,0.17779755592346191,0.0734376385807991,2
1A22_TB32A,1A22,TB32A,0.07762795686721802,0.20656593143939972,2
1A22_QB33A,1A22,QB33A,0.0,-0.07574266195297241,2
1A22_EB34A,1A22,EB34A,-0.12265188246965408,0.2505810856819153,2
1A22_WB35A,1A22,WB35A,0.5773797631263733,0.7365205883979797,2
1A22_WB39A,1A22,WB39A,0.0,1.6578969955444336,2
1A22_SB57A,1A22,SB57A,-0.12265188246965408,0.21202300488948822,2
1A22_SB61A,1A22,SB61A,-0.2224189043045044,0.014296695590019226,2
1A22_IB62A,1A22,IB62A,1.7777824401855469,0.6897434592247009,2
1A22_IB64A,1A22,IB64A,1.9783879518508911,1.1716299057006836,2
1A22_CB67A,1A22,CB67A,0.0,0.3677942752838135,2
1A22_EB79A,1A22,EB79A,-0.2224189043045044,0.5826318264007568,2
1A22_KB80A,1A22,KB80A,0.07762795686721802,1.0149235725402832,2
1A22_CB81A,1A22,CB81A,0.0,1.0560705661773682,2
1A22_SB83A,1A22,SB83A,0.17779755592346191,0.2828714847564697,2
1A22_DB85A,1A22,DB85A,0.9778892993927002,0.7020086050033569,2
1A22_EB86A,1A22,EB86A,0.9778892993927002,1.1720199584960938,2
1A22_DB119A,1A22,DB119A,1.5760760307312012,0.26229435205459595,2
1A22_IB120A,1A22,IB120A,2.1780316829681396,0.5252761840820312,2
1A22_QB121A,1A22,QB121A,0.0,-0.300855815410614,2
1A22_KB122A,1A22,KB122A,0.0,0.5791659355163574,2
1A22_VB126A,1A22,VB126A,-0.7232534885406494,0.8993087410926819,2
1A22_TB149A,1A22,TB149A,0.17779755592346191,-0.3102601170539856,2
1A22_TB150A,1A22,TB150A,-0.12265188246965408,0.4391932487487793,2
1A22_QB171A,1A22,QB171A,0.8777795433998108,0.5627492070198059,2
1A22_RB172A,1A22,RB172A,0.17779755592346191,1.0145161151885986,2
1A22_NB173A,1A22,NB173A,0.27845457196235657,1.2055046558380127,2
1A22_PA2A,1A22,PA2A,-0.05472675710916519,0.0542835108935833,2
1A22_TA3A,1A22,TA3A,-0.05472675710916519,0.08715245127677917,2
1A22_IA4A,1A22,IA4A,0.4106564223766327,0.04006541520357132,2
1A22_PA5A,1A22,PA5A,0.43623384833335876,0.03254295140504837,2
1A22_LA6A,1A22,LA6A,0.6391429305076599,0.11657863855361938,2
1A22_SA7A,1A22,SA7A,0.346296101808548,-0.011564422398805618,2
1A22_RA8A,1A22,RA8A,0.20430143177509308,-0.13079386949539185,2
1A22_LA9A,1A22,LA9A,-0.03591717779636383,0.2543909549713135,2
1A22_FA10A,1A22,FA10A,1.0497993230819702,0.5231516361236572,2
1A22_NA12A,1A22,NA12A,0.0962846651673317,0.012319609522819519,2
1A22_MA14A,1A22,MA14A,0.46870511770248413,0.7488834857940674,2
1A22_LA15A,1A22,LA15A,0.1527513712644577,0.3350401520729065,2
1A22_RA16A,1A22,RA16A,0.2402186095714569,0.055771999061107635,2
1A22_HA18A,1A22,HA18A,-0.2063549906015396,0.8022052049636841,2
1A22_RA19A,1A22,RA19A,0.050096191465854645,0.3409430980682373,2
1A22_FA54A,1A22,FA54A,0.8793615102767944,0.3658674359321594,2
1A22_SA55A,1A22,SA55A,0.11091385036706924,0.2909064292907715,2
1A22_EA56A,1A22,EA56A,0.8384865522384644,0.45295655727386475,2
1A22_SA57A,1A22,SA57A,0.20430143177509308,0.14718316495418549,2
1A22_IA58A,1A22,IA58A,1.6597994565963745,0.8677107095718384,2
1A22_PA59A,1A22,PA59A,0.3839247226715088,0.2566971182823181,2
1A22_SA62A,1A22,SA62A,0.6391429305076599,1.3115071058273315,2
1A22_NA63A,1A22,NA63A,0.7062847018241882,0.647801399230957,2
1A22_RA64A,1A22,RA64A,1.801238775253296,1.2553503513336182,2
1A22_EA65A,1A22,EA65A,-0.3143717646598816,0.214366614818573,2
1A22_EA66A,1A22,EA66A,0.43623384833335876,0.1039862111210823,2
1A22_QA68A,1A22,QA68A,0.9873782992362976,0.25987350940704346,2
1A22_QA69A,1A22,QA69A,-0.05472675710916519,-0.055348850786685944,2
1A22_KA70A,1A22,KA70A,0.5215702652931213,-0.1900104135274887,2
1A22_SA71A,1A22,SA71A,0.4106564223766327,0.3415476083755493,2
1A22_LA73A,1A22,LA73A,-0.2063549906015396,-0.02255978062748909,2
1A22_RA156A,1A22,RA156A,-0.15893353521823883,1.648237705230713,2
1A22_KA157A,1A22,KA157A,0.050096191465854645,0.8316158056259155,2
1A22_DA160A,1A22,DA160A,1.1578161716461182,0.7399693131446838,2
1A22_KA161A,1A22,KA161A,1.5432579517364502,2.2417988777160645,2
1A22_EA163A,1A22,EA163A,-0.8954659700393677,1.6613214015960693,2
1A22_TA164S,1A22,TA164S,1.6907169818878174,0.15822909772396088,2
1A22_FA165A,1A22,FA165A,1.6382533311843872,2.2581334114074707,2
1A22_RA167N,1A22,RA167N,1.2699328660964966,0.757582426071167,2
1A22_IA168A,1A22,IA168A,0.5897433161735535,0.7121449112892151,2
1A22_VA169A,1A22,VA169A,0.0,0.18536625802516937,2
1A22_QA170A,1A22,QA170A,0.274082213640213,0.5514442324638367,2
1A22_CA171A,1A22,CA171A,1.019410490989685,0.09634225070476532,2
1A22_RA172A,1A22,RA172A,0.43623384833335876,0.7503101825714111,2
1A22_SA173A,1A22,SA173A,-0.05472675710916519,-0.1999802440404892,2
1A22_VA174A,1A22,VA174A,0.8793615102767944,0.17767088115215302,2
1A22_EA175A,1A22,EA175A,-0.13657419383525848,-0.03158321604132652,2
1A22_GA176A,1A22,GA176A,0.346296101808548,0.02736307680606842,2
1A22_SA177A,1A22,SA177A,-0.2063549906015396,-0.10505250096321106,2
1A22_FA180A,1A22,FA180A,0.19182829558849335,0.3795679211616516,2
1A22_IA58L,1A22,IA58L,0.31641823053359985,0.2467716485261917,2
1A22_RA64K,1A22,RA64K,-0.3143717646598816,0.24825988709926605,2
1A22_FA165Y,1A22,FA165Y,1.2699328660964966,-0.09130507707595825,2
1A22_RA167K,1A22,RA167K,0.9535146951675415,-1.0685360431671143,2
"1A22_NA12H,FA25L",1A22,"NA12H,FA25L",0.8384865522384644,0.7136654853820801,2
"1A22_DA11A,MA14V,HA18Q,RA19H,FA25A,QA29K,EA33R",1A22,"DA11A,MA14V,HA18Q,RA19H,FA25A,QA29K,EA33R",0.7471597194671631,2.4141623973846436,2
"1A22_NA12R,MA14V,LA15V,RA16L,RA19Y,FA25S,DA26E,QA29S,EA30Q,EA33K",1A22,"NA12R,MA14V,LA15V,RA16L,RA19Y,FA25S,DA26E,QA29S,EA30Q,EA33K",1.398034691810608,2.135969638824463,2
"1A22_NA12R,MA14V,LA15V,RA16L,RA19Y",1A22,"NA12R,MA14V,LA15V,RA16L,RA19Y",1.6805893182754517,0.6024858951568604,2
"1A22_QA22N,FA25S,DA26E,QA29S,EA30Q,EA33K",1A22,"QA22N,FA25S,DA26E,QA29S,EA30Q,EA33K",-0.09423819184303284,0.8929017782211304,2
"1A22_QA46H,NA47D,PA48S,QA49E,LA52F",1A22,"QA46H,NA47D,PA48S,QA49E,LA52F",1.1820012331008911,-0.19994212687015533,2
"1A22_PA48A,TA50A,SA51A,LA52F",1A22,"PA48A,TA50A,SA51A,LA52F",0.6024847030639648,1.424349069595337,2
"1A22_EA56D,RA64M",1A22,"EA56D,RA64M",2.0033140182495117,0.08659763634204865,2
"1A22_SA57T,TA60A,SA62T,NA63G,RA64K,EA65D,TA67A,KA70R,NA72D,LA73V",1A22,"SA57T,TA60A,SA62T,NA63G,RA64K,EA65D,TA67A,KA70R,NA72D,LA73V",1.6805893182754517,1.0327558517456055,2
"1A22_FA54H,SA55T,EA56S,IA58L,PA59A,SA62E,NA63D,RA64K,EA66Q,TA67A,KA70M,SA71N,NA72Q,LA73K,EA74D",1A22,"FA54H,SA55T,EA56S,IA58L,PA59A,SA62E,NA63D,RA64K,EA66Q,TA67A,KA70M,SA71N,NA72Q,LA73K,EA74D",2.4967727661132812,0.6155121326446533,2
"1A22_EA88G,QA91Y,FA92H,RA94T,SA95E",1A22,"EA88G,QA91Y,FA92H,RA94T,SA95E",0.19182829558849335,-0.2444581836462021,2
"1A22_FA97R,AA98G,NA99M,SA100Q,LA101D,VA102A,YA103P,GA104E",1A22,"FA97R,AA98G,NA99M,SA100Q,LA101D,VA102A,YA103P,GA104E",0.2630080282688141,0.14553850889205933,2
"1A22_NA109D,VA110D,DA112H",1A22,"NA109D,VA110D,DA112H",0.346296101808548,0.4872003197669983,2
"1A22_YA111V,LA113I,KA115E,DA116Q,EA118K,EA119R,QA122E,TA123G,GA126L,RA127I,EA129S",1A22,"YA111V,LA113I,KA115E,DA116Q,EA118K,EA119R,QA122E,TA123G,GA126L,RA127I,EA129S",0.25172290205955505,1.067569613456726,2
"1A22_RA127D,LA128V,EA129H",1A22,"RA127D,LA128V,EA129H",0.31641823053359985,0.46331435441970825,2
"1A22_RA156K,DA160H,IA168V,QA170K",1A22,"RA156K,DA160H,IA168V,QA170K",1.9539144039154053,-0.416423499584198,2
"1A22_KA157A,EA163A",1A22,"KA157A,EA163A",-0.7697627544403076,3.6416428089141846,2
"1A22_RA64A,DA160A",1A22,"RA64A,DA160A",3.3227505683898926,1.9257358312606812,2
"1A22_KA161A,FA165A",1A22,"KA161A,FA165A",3.7808284759521484,2.972494125366211,2
4HFK_RB22A,4HFK,RB22A,1.39213228225708,0.5785127282142639,2
4HFK_LB45A,4HFK,LB45A,2.5254640579223633,1.3490116596221924,2
4HFK_EB46A,4HFK,EB46A,1.1885719299316406,1.109278678894043,2
4HFK_SB48A,4HFK,SB48A,0.2015419900417328,0.5822908878326416,2
4HFK_NB49A,4HFK,NB49A,-0.020160991698503494,0.4037482738494873,2
4HFK_LB50A,4HFK,LB50A,0.0300583578646183,0.4443114399909973,2
4HFK_EB56A,4HFK,EB56A,0.9423989653587341,0.3708992004394531,2
4HFK_TD72A,4HFK,TD72A,1.850210189819336,0.39871513843536377,2
"3HG1_SE50Y,VE51G,GE52P,IE53F",3HG1,"SE50Y,VE51G,GE52P,IE53F",-1.5820304155349731,-0.6672245264053345,2
"3HG1_SE50W,VE51G,GE52P,IE53F",3HG1,"SE50W,VE51G,GE52P,IE53F",-1.774827480316162,-0.04007146507501602,2
"3HG1_SE50F,VE51G,GE52P,IE53Y",3HG1,"SE50F,VE51G,GE52P,IE53Y",-2.026550531387329,-0.034015901386737823,2
"3HG1_SE50Y,VE51G,GE52P,IE53Y",3HG1,"SE50Y,VE51G,GE52P,IE53Y",-1.7309221029281616,-0.8237817287445068,2
"3HG1_SE50Y,VE51G,GE52P,IE53F,TE100M,EE102G,LE103W,FE104Q",3HG1,"SE50Y,VE51G,GE52P,IE53F,TE100M,EE102G,LE103W,FE104Q",-1.4907034635543823,-1.127590298652649,2
"3HG1_SE50Y,VE51G,GE52P,IE53F,GE99N,TE100L,EE102G,LE103W",3HG1,"SE50Y,VE51G,GE52P,IE53F,GE99N,TE100L,EE102G,LE103W",-2.854874610900879,-0.6440809965133667,2
"3HG1_SE50W,VE51G,GE52P,IE53F,TE100M,EE102G,LE103W,FE104Q",3HG1,"SE50W,VE51G,GE52P,IE53F,TE100M,EE102G,LE103W,FE104Q",-2.2953264713287354,-0.7485836744308472,2
"3HG1_SE50W,VE51G,GE52P,IE53F,GE99N,TE100L,EE102G,LE103W",3HG1,"SE50W,VE51G,GE52P,IE53F,GE99N,TE100L,EE102G,LE103W",-2.980065107345581,-0.31223684549331665,2
1QSE_RC7V,1QSE,RC7V,-1.225422739982605,0.4950113296508789,2
3NGB_TH33Y,3NGB,TH33Y,0.08423155546188354,-0.17464087903499603,2
3NGB_GH55S,3NGB,GH55S,0.7433762550354004,-1.6161916255950928,2
3NGB_AH57G,3NGB,AH57G,-0.056055422872304916,0.5531166791915894,2
3NGB_VH58T,3NGB,VH58T,0.13793396949768066,0.4901342988014221,2
3NGB_PH63K,3NGB,PH63K,0.23262739181518555,0.4627113342285156,2
3NGB_VH74T,3NGB,VH74T,0.16501310467720032,0.5614232420921326,2
3NGB_YH75S,3NGB,YH75S,0.3327198326587677,0.34662556648254395,2
3NGB_IH30T,3NGB,IH30T,0.07342666387557983,-0.26305991411209106,2
3NGB_KH52N,3NGB,KH52N,0.175048366189003,1.1907639503479004,2
3NGB_RH54N,3NGB,RH54N,0.046471256762742996,1.3334075212478638,2
3NGB_RH62Q,3NGB,RH62Q,0.09659314900636673,1.2570902109146118,2
3NGB_YL26S,3NGB,YL26S,0.651560366153717,0.7417258024215698,2
"3NGB_AH57G,VH58T,PH63K,VH74T",3NGB,"AH57G,VH58T,PH63K,VH74T",1.6741704940795898,0.4854106903076172,2
"3NGB_TH33Y,GH56S,AH57G,VH58T,PH63K,VH74T,YH75S",3NGB,"TH33Y,GH56S,AH57G,VH58T,PH63K,VH74T,YH75S",1.9390616416931152,0.8210489749908447,2
"3NGB_IH30T,KH52N,RH54N,GH55S,AH57G,VH58T,RH62Q,PH63K,VH74T,YH75S,YL26S",3NGB,"IH30T,KH52N,RH54N,GH55S,AH57G,VH58T,RH62Q,PH63K,VH74T,YH75S,YL26S",0.8625305891036987,1.6266493797302246,2
"3NGB_CH32S,CH102A",3NGB,"CH32S,CH102A",0.2591139078140259,-0.12894612550735474,2
3NGB_IH30A,3NGB,IH30A,-0.002699102507904172,0.10401860624551773,2
3NGB_TH33A,3NGB,TH33A,0.6958054304122925,1.9990861415863037,2
3NGB_WH47A,3NGB,WH47A,1.1828622817993164,1.0371595621109009,2
3NGB_WH50A,3NGB,WH50A,1.2710461616516113,1.4199122190475464,2
3NGB_KH52A,3NGB,KH52A,0.6128783822059631,0.9168502688407898,2
3NGB_RH54A,3NGB,RH54A,-0.2552182078361511,0.8811853528022766,2
3NGB_GH55A,3NGB,GH55A,-1.2561542987823486,-0.057689517736434937,2
3NGB_GH56A,3NGB,GH56A,1.2452833652496338,0.10524360835552216,2
3NGB_VH58A,3NGB,VH58A,1.336610198020935,1.0606060028076172,2
3NGB_NH59A,3NGB,NH59A,1.7387419939041138,1.1841790676116943,2
3NGB_YH60A,3NGB,YH60A,0.5396178364753723,0.9576163291931152,2
3NGB_RH62A,3NGB,RH62A,0.9798502326011658,0.996416449546814,2
3NGB_PH63A,3NGB,PH63A,-0.04183751717209816,0.3048565983772278,2
3NGB_QH65A,3NGB,QH65A,-0.33492130041122437,0.48873960971832275,2
3NGB_MH70A,3NGB,MH70A,0.5220298767089844,1.016502022743225,2
3NGB_RH72A,3NGB,RH72A,1.6168254613876343,1.7854326963424683,2
3NGB_VH74A,3NGB,VH74A,1.070440649986267,0.2560778260231018,2
3NGB_YH75A,3NGB,YH75A,-0.19612087309360504,0.38026636838912964,2
3NGB_DH103A,3NGB,DH103A,0.058909811079502106,0.5883787274360657,2
3NGB_YH104A,3NGB,YH104A,1.400721549987793,0.9064605832099915,2
3NGB_NH105A,3NGB,NH105A,1.1006083488464355,-0.22663892805576324,2
3NGB_WH106A,3NGB,WH106A,4.390828609466553,0.6044508218765259,2
3NGB_VL1A,3NGB,VL1A,-0.7609419822692871,0.3113973140716553,2
3NGB_QL25A,3NGB,QL25A,-0.22690452635288239,0.24284051358699799,2
3NGB_YL26A,3NGB,YL26A,0.9694560766220093,0.8284393548965454,2
3NGB_SL28A,3NGB,SL28A,-0.1423875093460083,1.1027002334594727,2
3NGB_YL87A,3NGB,YL87A,1.9902998208999634,-0.14679472148418427,2
3NGB_EL88A,3NGB,EL88A,1.2987502813339233,0.05571894347667694,2
3NGB_FL89A,3NGB,FL89A,0.8450669050216675,0.35576510429382324,2
2VLQ_AB86F,2VLQ,AB86F,-3.880681037902832,-3.2967636585235596,2
2FTL_TI11A,2FTL,TI11A,4.092513084411621,0.5996862649917603,2
2FTL_GI12A,2FTL,GI12A,4.392778396606445,0.0044481754302978516,2
2FTL_PI13A,2FTL,PI13A,4.092513084411621,0.19691511988639832,2
2FTL_KI15A,2FTL,KI15A,10.159197807312012,9.414494514465332,2
2FTL_RI17A,2FTL,RI17A,4.092513084411621,0.5503232479095459,2
2FTL_II18A,2FTL,II18A,5.021842956542969,1.269805908203125,2
2FTL_II19A,2FTL,II19A,4.092513084411621,-0.12629792094230652,2
2FTL_RI20A,2FTL,RI20A,4.092513084411621,0.5715082883834839,2
2FTL_FI33A,2FTL,FI33A,4.092513084411621,0.6524987816810608,2
2FTL_VI34A,2FTL,VI34A,4.092513084411621,0.3946554660797119,2
2FTL_YI35A,2FTL,YI35A,4.092513084411621,1.5860977172851562,2
2FTL_GI36A,2FTL,GI36A,4.942731857299805,0.8757297992706299,2
2FTL_GI37A,2FTL,GI37A,4.092513084411621,1.0729329586029053,2
2FTL_RI39A,2FTL,RI39A,4.092513084411621,0.5224822759628296,2
2FTL_KI46A,2FTL,KI46A,4.092513084411621,0.6348462104797363,2
2FTL_KI15G,2FTL,KI15G,12.352226257324219,10.837545394897461,2
2FTL_KI15A,2FTL,KI15A,10.638931274414062,9.414494514465332,2
2FTL_KI15S,2FTL,KI15S,7.723918437957764,9.781776428222656,2
2FTL_KI15V,2FTL,KI15V,11.756443977355957,8.412439346313477,2
2FTL_KI15T,2FTL,KI15T,10.59748363494873,8.960639953613281,2
2FTL_KI15D,2FTL,KI15D,11.502717971801758,11.047733306884766,2
2FTL_KI15N,2FTL,KI15N,8.03310489654541,8.245061874389648,2
2FTL_KI15M,2FTL,KI15M,7.692373275756836,7.5650763511657715,2
2FTL_KI15I,2FTL,KI15I,11.171451568603516,8.843284606933594,2
2FTL_KI15L,2FTL,KI15L,8.864103317260742,5.517517566680908,2
2FTL_KI15E,2FTL,KI15E,9.424007415771484,9.536483764648438,2
2FTL_KI15Q,2FTL,KI15Q,9.370643615722656,8.55458927154541,2
2FTL_KI15H,2FTL,KI15H,8.781781196594238,8.85517692565918,2
2FTL_KI15R,2FTL,KI15R,-0.5824391841888428,7.66084098815918,2
2FTL_KI15F,2FTL,KI15F,7.027210712432861,6.800282955169678,2
2FTL_KI15Y,2FTL,KI15Y,6.8570098876953125,5.981696128845215,2
2FTL_KI15W,2FTL,KI15W,8.664118766784668,8.199186325073242,2
1FR2_AA39E,1FR2,AA39E,-2.0840137004852295,-1.79462730884552,2
1YCS_RA177H,1YCS,RA177H,-0.1188877522945404,0.5689703822135925,2
"1YCS_MA37L,VA107A,NA143Y,NA172D",1YCS,"MA37L,VA107A,NA143Y,NA172D",-0.13897278904914856,-0.40470147132873535,2
"1YCS_MA37L,VA107A,NA143Y,NA172D,VA47A",1YCS,"MA37L,VA107A,NA143Y,NA172D,VA47A",0.14287693798542023,-0.3552743196487427,2
"1YCS_MA37L,VA107A,NA143Y,NA172D,RA153S,HA72R",1YCS,"MA37L,VA107A,NA143Y,NA172D,RA153S,HA72R",0.5096279382705688,-0.1429034173488617,2
"1YCS_MA37L,VA107A,NA143Y,NA172D,FA174L",1YCS,"MA37L,VA107A,NA143Y,NA172D,FA174L",-0.18866854906082153,-0.32787466049194336,2
"1YCS_MA37L,VA107A,NA143Y,NA172D,RA186W",1YCS,"MA37L,VA107A,NA143Y,NA172D,RA186W",0.051550064235925674,0.06588105857372284,2
1F5R_KA129Q,1F5R,KA129Q,-1.171373963356018,-0.7023817300796509,2
"4RA0_SC6G,GC61D,AC66V,RC101G",4RA0,"SC6G,GC61D,AC66V,RC101G",1.4830588102340698,1.0833557844161987,2
"4RA0_GC61D,AC66V,RC101G",4RA0,"GC61D,AC66V,RC101G",1.5820304155349731,0.924382746219635,2
"4RA0_SC6G,AC66V,RC101G",4RA0,"SC6G,AC66V,RC101G",0.9792775511741638,0.696156919002533,2
"4RA0_SC6G,GC61D,AC66V,RC101G",4RA0,"SC6G,GC61D,AC66V,RC101G",0.883733868598938,1.0833557844161987,2
"4RA0_SC6G,GC61D,AC66V",4RA0,"SC6G,GC61D,AC66V",1.4648281335830688,1.2303614616394043,2
"4RA0_AC66V,RC101G",4RA0,"AC66V,RC101G",0.9535146951675415,0.48510950803756714,2
"4RA0_GC61D,AC66V,RC101G",4RA0,"GC61D,AC66V,RC101G",0.6360629796981812,0.924382746219635,2
"4RA0_GC61D,AC66V",4RA0,"GC61D,AC66V",1.5179190635681152,1.2471444606781006,2
"4RA0_SC6G,AC66V",4RA0,"SC6G,AC66V",0.9219698905944824,0.9091783761978149,2
"4RA0_SC6G,GC61D,AC66V",4RA0,"SC6G,GC61D,AC66V",0.8267732858657837,1.2303614616394043,2
"4RA0_SC6G,AC66V,RC101G",4RA0,"SC6G,AC66V,RC101G",0.44268864393234253,0.696156919002533,2
"4RA0_SC6G,AC66V",4RA0,"SC6G,AC66V",0.6131264567375183,0.9091783761978149,2
"4RA0_GC61D,AC66V",4RA0,"GC61D,AC66V",0.6863617897033691,1.2471444606781006,2
4RA0_AC66V,4RA0,AC66V,0.9311553239822388,0.7631845474243164,2
4RA0_RC101G,4RA0,RC101G,0.24748805165290833,0.2780163884162903,2
1SGY_YI13L,1SGY,YI13L,-1.6760064363479614,-1.7671253681182861,2
1SIB_KI46R,1SIB,KI46R,-0.731526792049408,-1.4088202714920044,2
2HRK_TB55V,2HRK,TB55V,0.6242006421089172,-0.07872779667377472,2
2HRK_TA108V,2HRK,TA108V,0.7210696935653687,0.30851900577545166,2
2HRK_KA140A,2HRK,KA140A,0.9535146951675415,1.6463563442230225,2
1MAH_FA285L,1MAH,FA285L,1.1491670608520508,0.8462587594985962,2
1MAH_FA287I,1MAH,FA287I,1.9018551111221313,0.5701901912689209,2
1MAH_FA287Y,1MAH,FA287Y,0.7310582995414734,-0.19482971727848053,2
1MAH_FA328G,1MAH,FA328G,0.7310582995414734,0.9078341722488403,2
1MAH_YA327A,1MAH,YA327A,0.35676002502441406,1.7823708057403564,2
1MAH_DA71N,1MAH,DA71N,1.7348718643188477,0.5849155783653259,2
1MAH_YA121Q,1MAH,YA121Q,2.7729830741882324,0.8507339954376221,2
1MAH_YA69N,1MAH,YA69N,4.816024303436279,1.4373159408569336,2
1MAH_WA276R,1MAH,WA276R,8.13113021850586,0.5328178405761719,2
"1MAH_YA69N,YA121Q",1MAH,"YA69N,YA121Q",6.1327738761901855,1.5525522232055664,2
"1MAH_YA121Q,WA276R",1MAH,"YA121Q,WA276R",8.959454536437988,0.946702778339386,2
"1MAH_YA69N,WA276R",1MAH,"YA69N,WA276R",10.734281539916992,1.8219304084777832,2
"1MAH_YA69N,YA121Q,WA276R",1MAH,"YA69N,YA121Q,WA276R",10.92611026763916,1.840043544769287,2
3BK3_LC2A,3BK3,LC2A,0.0,0.31470298767089844,2
3BK3_LC2R,3BK3,LC2R,0.02633553557097912,0.05556224659085274,2
3BK3_IC3A,3BK3,IC3A,1.0386539697647095,1.1362407207489014,2
3BK3_IC3R,3BK3,IC3R,0.6508750319480896,0.28761404752731323,2
3BK3_TC4P,3BK3,TC4P,0.486391544342041,0.24670137465000153,2
3BK3_TC6P,3BK3,TC6P,1.743019700050354,0.3498387932777405,2
3BK3_IC19A,3BK3,IC19A,0.486391544342041,0.5933154821395874,2
3BK3_IC19R,3BK3,IC19R,0.4239705204963684,0.5610852241516113,2
3BK3_IC22A,3BK3,IC22A,1.3077044486999512,1.006561279296875,2
3BK3_IC22R,3BK3,IC22R,2.1215648651123047,0.4519766569137573,2
3BK3_IC28A,3BK3,IC28A,1.2615159749984741,0.5174528360366821,2
3BK3_IC28R,3BK3,IC28R,1.1755025386810303,0.6227550506591797,2
3BK3_AC37R,3BK3,AC37R,1.3827282190322876,0.20842298865318298,2
4Y61_YA246A,4Y61,YA246A,-0.07816073298454285,1.284541368484497,3
4Y61_RB86A,4Y61,RB86A,-0.1930532306432724,0.9144828915596008,3
"4Y61_FB219A,HB222A",4Y61,"FB219A,HB222A",0.28917425870895386,1.7682362794876099,3
1ACB_LI38G,1ACB,LI38G,6.118068695068359,5.304717063903809,3
1ACB_LI38S,1ACB,LI38S,5.020848274230957,3.771578788757324,3
1ACB_LI38P,1ACB,LI38P,6.94906759262085,6.727074146270752,3
1ACB_LI38I,1ACB,LI38I,4.2901506423950195,4.416515350341797,3
1ACB_LI38D,1ACB,LI38D,6.866745948791504,6.107381820678711,3
1ACB_LI38E,1ACB,LI38E,6.646428108215332,5.6488237380981445,3
"1XXM_AC74K,AC142F,AC143Y,AA79E,AA80Y",1XXM,"AC74K,AC142F,AC143Y,AA79E,AA80Y",-2.412727117538452,-2.2203454971313477,3
4CVW_DA720W,4CVW,DA720W,1.2212941646575928,-1.1251169443130493,3
4CVW_DA720R,4CVW,DA720R,3.0476717948913574,1.0054423809051514,3
4CVW_RC27A,4CVW,RC27A,1.8287239074707031,0.1894495040178299,3
4CVW_RC31A,4CVW,RC31A,2.077467203140259,1.5178618431091309,3
4CVW_RC31W,4CVW,RC31W,1.4907034635543823,0.8181371688842773,3
4CVW_LC34G,4CVW,LC34G,2.728342294692993,0.8568519353866577,3
4CVW_LC34W,4CVW,LC34W,0.3355621099472046,-0.74961918592453,3
4CVW_VC35D,4CVW,VC35D,4.92083740234375,-0.06816623359918594,3
"4CVW_LC34G,VC35D",4CVW,"LC34G,VC35D",7.745464324951172,0.533708930015564,3
2B0U_VC15E,2B0U,VC15E,0.0,1.6404750347137451,3
2B0U_FC47E,2B0U,FC47E,0.4106564223766327,1.9757047891616821,3
2B0U_IC51E,2B0U,IC51E,0.2402186095714569,0.6848799586296082,3
2B0U_FC52E,2B0U,FC52E,0.0,0.5080875754356384,3
2B0U_FC47A,2B0U,FC47A,0.5428582429885864,2.227865219116211,3
2B0U_IC51A,2B0U,IC51A,0.0,0.811555802822113,3
2B0U_FC52A,2B0U,FC52A,0.0,0.7100070714950562,3
3M62_EA32A,3M62,EA32A,0.8297165632247925,0.4716719686985016,3
3M62_DA46A,3M62,DA46A,2.8000009059906006,1.251731038093567,3
3M62_LA50A,3M62,LA50A,2.829263687133789,0.9201529026031494,3
3M62_TA54A,3M62,TA54A,0.01668989285826683,0.19691960513591766,3
3M62_EA55A,3M62,EA55A,1.0515739917755127,-0.03247646614909172,3
3M62_RA98A,3M62,RA98A,0.7886925935745239,0.19750235974788666,3
3M62_GA102A,3M62,GA102A,1.2648917436599731,0.381796658039093,3
3M62_YA103A,3M62,YA103A,4.4772186279296875,2.639169931411743,3
3M62_IA110A,3M62,IA110A,1.8539384603500366,0.48160451650619507,3
3M62_FB7A,3M62,FB7A,0.9959673881530762,0.5300683975219727,3
3M62_KB8A,3M62,KB8A,0.49712711572647095,0.24703195691108704,3
3M62_IB43A,3M62,IB43A,2.8837804794311523,2.127089023590088,3
3M62_SB45A,3M62,SB45A,1.278739333152771,0.3272530138492584,3
3M62_VB48A,3M62,VB48A,1.0904372930526733,0.4751264452934265,3
3M62_QB50A,3M62,QB50A,1.0544360876083374,0.8288710713386536,3
3M62_QB65A,3M62,QB65A,0.28372085094451904,0.38309383392333984,3
3M62_VB67A,3M62,VB67A,1.1381686925888062,0.42167380452156067,3
3M62_MB69A,3M62,MB69A,0.6811227798461914,0.5860797166824341,3
"3SE3_YB43H,NB44E,SB47Q",3SE3,"YB43H,NB44E,SB47Q",0.19081901013851166,0.7048681974411011,3
"3SE3_YB43A,NB44A,SB47A",3SE3,"YB43A,NB44A,SB47A",0.17339269816875458,0.32414600253105164,3
3NVQ_RA157E,3NVQ,RA157E,1.545855164527893,1.3274052143096924,3
3NVQ_RA159E,3NVQ,RA159E,1.5608546733856201,1.004219889640808,3
2B11_WB87F,2B11,WB87F,-0.7541710138320923,1.1066462993621826,3
1CBW_TI11A,1CBW,TI11A,0.19993937015533447,1.4250850677490234,3
1CBW_GI12A,1CBW,GI12A,0.6015963554382324,2.061098098754883,3
1CBW_PI13A,1CBW,PI13A,-0.09973058849573135,0.7344058752059937,3
1CBW_KI15A,1CBW,KI15A,2.0023953914642334,4.634719371795654,3
1CBW_RI17A,1CBW,RI17A,0.5013869404792786,1.6314359903335571,3
1CBW_II19A,1CBW,II19A,0.09961305558681488,1.8782790899276733,3
1CBW_RI20A,1CBW,RI20A,0.3009684085845947,2.905205726623535,3
1CBW_VI34A,1CBW,VI34A,0.0,1.4611186981201172,3
1CBW_YI35A,1CBW,YI35A,0.8011558651924133,2.2222893238067627,3
1CBW_GI36A,1CBW,GI36A,0.9012055397033691,0.564395010471344,3
1CBW_GI37A,1CBW,GI37A,0.8011558651924133,2.005768299102783,3
1CBW_RI39A,1CBW,RI39A,0.19993937015533447,1.6903836727142334,3
1CBW_KI46A,1CBW,KI46A,0.09961305558681488,2.2194485664367676,3
1CBW_TI11A,1CBW,TI11A,0.22198787331581116,1.4250850677490234,3
1CBW_GI12A,1CBW,GI12A,0.6857352256774902,2.061098098754883,3
1CBW_PI13A,1CBW,PI13A,-0.05646670609712601,0.7344058752059937,3
1CBW_KI15A,1CBW,KI15A,2.0150461196899414,4.634719371795654,3
1CBW_RI17A,1CBW,RI17A,0.5535333752632141,1.6314359903335571,3
1CBW_II18A,1CBW,II18A,1.4157211780548096,2.6520578861236572,3
1CBW_II19A,1CBW,II19A,0.14287693798542023,1.8782790899276733,3
1CBW_RI20A,1CBW,RI20A,0.3541897237300873,2.905205726623535,3
1CBW_FI33A,1CBW,FI33A,0.14287693798542023,1.5627751350402832,3
1CBW_VI34A,1CBW,VI34A,0.051550064235925674,1.4611186981201172,3
1CBW_YI35A,1CBW,YI35A,0.8850788474082947,2.2222893238067627,3
1CBW_GI36A,1CBW,GI36A,0.9641897678375244,0.564395010471344,3
1CBW_GI37A,1CBW,GI37A,0.8213128447532654,2.005768299102783,3
1CBW_RI39A,1CBW,RI39A,0.22198787331581116,1.6903836727142334,3
1CBW_KI46A,1CBW,KI46A,0.14287693798542023,2.2194485664367676,3
1CBW_KI15G,1CBW,KI15G,4.156491279602051,5.553802967071533,3
1CBW_KI15A,1CBW,KI15A,2.2109150886535645,4.634719371795654,3
1CBW_KI15S,1CBW,KI15S,3.4258387088775635,3.4297938346862793,3
1CBW_KI15V,1CBW,KI15V,2.1575517654418945,5.751987457275391,3
1CBW_KI15T,1CBW,KI15T,2.107856035232544,4.684807300567627,3
1CBW_KI15D,1CBW,KI15D,5.2708024978637695,5.594132423400879,3
1CBW_KI15N,1CBW,KI15N,1.337599277496338,3.3997321128845215,3
1CBW_KI15M,1CBW,KI15M,-1.4417990446090698,1.1098496913909912,3
1CBW_KI15I,1CBW,KI15I,2.9615907669067383,5.538542747497559,3
1CBW_KI15L,1CBW,KI15L,-1.5974150896072388,1.3820801973342896,3
1CBW_KI15E,1CBW,KI15E,3.9066314697265625,4.8683600425720215,3
1CBW_KI15Q,1CBW,KI15Q,0.3088434040546417,3.102058172225952,3
1CBW_KI15H,1CBW,KI15H,0.1001696065068245,3.7858264446258545,3
1CBW_KI15R,1CBW,KI15R,-0.6204861998558044,1.5766730308532715,3
1CBW_KI15F,1CBW,KI15F,-1.9846572875976562,-0.8900782465934753,3
1CBW_KI15Y,1CBW,KI15Y,-2.641486644744873,-0.4305794835090637,3
1CBW_KI15W,1CBW,KI15W,-2.4610352516174316,1.2358524799346924,3
5K39_MB108A,5K39,MB108A,-0.4778553247451782,0.31986287236213684,3
5K39_MB112A,5K39,MB112A,-0.2331232875585556,0.5768389701843262,3
5K39_SB115A,5K39,SB115A,0.45034053921699524,0.2952175736427307,3
5K39_FB142A,5K39,FB142A,2.7175374031066895,1.1216306686401367,3
5K39_IB148A,5K39,IB148A,2.0530591011047363,1.131005048751831,3
2NYY_SA874A,2NYY,SA874A,-0.2319817990064621,-0.04315315559506416,3
2NYY_KA875A,2NYY,KA875A,0.2930837571620941,0.7841879725456238,3
2NYY_QA887A,2NYY,QA887A,0.5245682597160339,-0.01619531586766243,3
2NYY_FA889A,2NYY,FA889A,0.4223885238170624,0.16899937391281128,3
2NYY_NA890A,2NYY,NA890A,0.8968583345413208,1.8980157375335693,3
2NYY_LA891A,2NYY,LA891A,2.607872486114502,1.8466246128082275,3
2NYY_EA892A,2NYY,EA892A,2.85959529876709,2.5117545127868652,3
2NYY_KA895A,2NYY,KA895A,-0.14115594327449799,-0.09054682403802872,3
2NYY_FA925A,2NYY,FA925A,4.087754726409912,3.2741732597351074,3
2NYY_NA926A,2NYY,NA926A,0.10006427019834518,0.2550358772277832,3
2NYY_SA927A,2NYY,SA927A,0.0,-0.0374283529818058,3
2NYY_IA928A,2NYY,IA928A,-0.009555884636938572,0.13601499795913696,3
2NYY_KA1028A,2NYY,KA1028A,-0.02914285846054554,0.13808996975421906,3
2NYY_DA1030A,2NYY,DA1030A,0.009404197335243225,0.13131126761436462,3
2NYY_RA1033A,2NYY,RA1033A,0.8260335922241211,0.3314598798751831,3
2NYY_DA1034A,2NYY,DA1034A,2.548027276992798,2.278672218322754,3
2NYY_TA1035A,2NYY,TA1035A,1.6426256895065308,2.557790756225586,3
2NYY_HA1036A,2NYY,HA1036A,7.3721842765808105,6.618383407592773,3
2NYY_RA1266A,2NYY,RA1266A,0.3016909658908844,0.5156476497650146,3
2NYY_MD33Q,2NYY,MD33Q,-0.06030135974287987,-0.019970986992120743,3
2NYY_KD29R,2NYY,KD29R,0.07190047949552536,0.18967728316783905,3
2NYY_YD30D,2NYY,YD30D,0.065090611577034,0.14837786555290222,3
2NYY_YD30Q,2NYY,YD30Q,0.12990403175354004,0.6391846537590027,3
2NYY_YD56Q,2NYY,YD56Q,0.5234318375587463,1.5601751804351807,3
2NYY_SC28Q,2NYY,SC28Q,0.4163622558116913,-0.03327585384249687,3
2NYY_DC30Y,2NYY,DC30Y,0.6457566022872925,-0.1563403308391571,3
2NYY_SC31N,2NYY,SC31N,-0.3559296727180481,0.4771254062652588,3
2NYY_HC34R,2NYY,HC34R,0.10161182284355164,0.35486462712287903,3
2NYY_VD36I,2NYY,VD36I,-0.21470792591571808,-0.43163996934890747,3
2NYY_ED5Q,2NYY,ED5Q,-0.2497744858264923,-0.1550491899251938,3
"2NYY_VD36I,ED5Q",2NYY,"VD36I,ED5Q",-0.04939959943294525,0.05738690868020058,3
"2NYY_KD29S,YD30D,DD31H,SD60P",2NYY,"KD29S,YD30D,DD31H,SD60P",0.04996808245778084,0.23332861065864563,3
"4L3E_YD26D,WE95L",4L3E,"YD26D,WE95L",3.5434513092041016,2.820847988128662,3
4L3E_RA65A,4L3E,RA65A,1.3017500638961792,2.251659870147705,3
4L3E_YE48A,4L3E,YE48A,2.228330373764038,1.3384085893630981,3
"4L3E_RA65A,YE48A",4L3E,"RA65A,YE48A",3.809299945831299,3.524473190307617,3
"4L3E_RA65A,YD26A",4L3E,"RA65A,YD26A",4.440748691558838,3.176729202270508,3
4L3E_YD26A,4L3E,YD26A,2.784808874130249,1.6424875259399414,3
"4L3E_YD26A,RA65A",4L3E,"YD26A,RA65A",4.370967864990234,3.176729202270508,3
4L3E_YD50A,4L3E,YD50A,0.4679982364177704,1.1087077856063843,3
4L3E_QA155A,4L3E,QA155A,1.2590373754501343,0.6187343001365662,3
"4L3E_YD50A,QA155A",4L3E,"YD50A,QA155A",1.0905137062072754,1.5987048149108887,3
4L3E_ND52A,4L3E,ND52A,-0.45974576473236084,0.33374422788619995,3
4L3E_EA166A,4L3E,EA166A,1.2175184488296509,1.6366255283355713,3
"4L3E_ND52A,EA166A",4L3E,"ND52A,EA166A",1.0916823148727417,2.0633246898651123,3
1MLC_NA32G,1MLC,NA32G,-0.8777795433998108,0.977688729763031,3
1MLC_NA92A,1MLC,NA92A,-1.253914475440979,-0.04791196063160896,3
1MLC_TB28D,1MLC,TB28D,-0.1510114222764969,0.22907578945159912,3
1MLC_TB31A,1MLC,TB31A,0.44720688462257385,0.382881760597229,3
1MLC_TB31V,1MLC,TB31V,0.5264760851860046,0.3412590026855469,3
1MLC_SB57A,1MLC,SB57A,-0.37919139862060547,1.1778712272644043,3
1MLC_SB57V,1MLC,SB57V,-0.4944019615650177,0.43205371499061584,3
1MLC_TB58D,1MLC,TB58D,-0.5599330067634583,-0.11790488660335541,3
1MLC_KB65D,1MLC,KB65D,0.01855706050992012,0.05699287727475166,3
1MLC_NA32Y,1MLC,NA32Y,0.0,-0.7232033610343933,3
1MLC_TB31W,1MLC,TB31W,0.13220183551311493,0.1084468886256218,3
"1MLC_NA32G,NA92A",1MLC,"NA32G,NA92A",-0.6869605183601379,0.626518726348877,3
"1MLC_SB57V,TB58D",1MLC,"SB57V,TB58D",-0.988170862197876,0.43370354175567627,3
"1MLC_NA32G,NA92A,SB57V,TB58D",1MLC,"NA32G,NA92A,SB57V,TB58D",-1.7357505559921265,0.3383852541446686,3
"1MLC_NA92A,SB57V,TB58D",1MLC,"NA92A,SB57V,TB58D",-2.3952598571777344,0.44684305787086487,3
"1MLC_NA92A,TB28D,SB57V,TB58D",1MLC,"NA92A,TB28D,SB57V,TB58D",-2.740586280822754,0.9716650247573853,3
"1MLC_NA92A,TB28D,SB57V,TB58D",1MLC,"NA92A,TB28D,SB57V,TB58D",-2.5825202465057373,0.9716650247573853,3
"1MLC_NA92A,TB28D,SB57V,TB58D",1MLC,"NA92A,TB28D,SB57V,TB58D",-1.6668107509613037,0.9716650247573853,3
"1MLC_NA92A,TB28D,SB57V,TB58D,NA32L",1MLC,"NA92A,TB28D,SB57V,TB58D,NA32L",-2.5854651927948,0.2367594838142395,3
"1MLC_NA92A,TB28D,SB57V,TB58D,SB30G",1MLC,"NA92A,TB28D,SB57V,TB58D,SB30G",-2.359523296356201,1.8594944477081299,3
"1MLC_NA92A,TB28D,SB57V,TB58D,YB59E",1MLC,"NA92A,TB28D,SB57V,TB58D,YB59E",-1.466826319694519,2.2849502563476562,3
"1MLC_NA92A,TB28D,SB57V,TB58D,SA91N",1MLC,"NA92A,TB28D,SB57V,TB58D,SA91N",1.8505626916885376,0.9814462661743164,3
"1MLC_NA92A,TB28D,SB57V,TB58D,SA91N,SA93A",1MLC,"NA92A,TB28D,SB57V,TB58D,SA91N,SA93A",-1.6111606359481812,1.1803877353668213,3
"1MLC_NA92A,TB28D,SB57V,TB58D,RB98M,DB100Q",1MLC,"NA92A,TB28D,SB57V,TB58D,RB98M,DB100Q",-0.4106564223766327,0.9275304675102234,3
"1MLC_NA92A,TB28D,SB57V,TB58D,YB32R,RB98S",1MLC,"NA92A,TB28D,SB57V,TB58D,YB32R,RB98S",1.8505626916885376,1.776626706123352,3
"1MLC_NA92A,TB28D,SB57V,TB58D,EB35S,GB99D",1MLC,"NA92A,TB28D,SB57V,TB58D,EB35S,GB99D",-2.955246686935425,-0.10925096273422241,3
"1MLC_NA92A,TB28D,SB57V,TB58D,YB32W,RB98V,DB100Q",1MLC,"NA92A,TB28D,SB57V,TB58D,YB32W,RB98V,DB100Q",0.3615494668483734,1.9070457220077515,3
"1MLC_NA92A,TB28D,SB57V,TB58D,EB35S",1MLC,"NA92A,TB28D,SB57V,TB58D,EB35S",1.907029390335083,0.042481180280447006,3
"1MLC_NA92A,TB28D,SB57V,TB58D,GB99D",1MLC,"NA92A,TB28D,SB57V,TB58D,GB99D",-0.20366813242435455,0.4066551923751831,3
3MZG_HA33A,3MZG,HA33A,0.20430143177509308,0.09395476430654526,3
3MZG_HA33A,3MZG,HA33A,0.03743046522140503,0.09395476430654526,3
3MZG_HA33A,3MZG,HA33A,0.09897152334451675,0.09395476430654526,3
3MZG_HA33A,3MZG,HA33A,0.15346455574035645,0.09395476430654526,3
3MZG_HA33A,3MZG,HA33A,0.17804041504859924,0.09395476430654526,3
3MZG_HA33A,3MZG,HA33A,0.16688379645347595,0.09395476430654526,3
3MZG_HA46A,3MZG,HA46A,0.033863615244627,0.790691077709198,3
3MZG_HA46A,3MZG,HA46A,0.5680727958679199,0.790691077709198,3
3MZG_HA46A,3MZG,HA46A,0.562376081943512,0.790691077709198,3
3MZG_HA46A,3MZG,HA46A,0.604783296585083,0.790691077709198,3
3MZG_HA46A,3MZG,HA46A,0.42363032698631287,0.790691077709198,3
3MZG_HA46A,3MZG,HA46A,0.25973644852638245,0.790691077709198,3
3MZG_HA84A,3MZG,HA84A,-0.0624210461974144,0.13215108215808868,3
3MZG_HA84A,3MZG,HA84A,0.010214942507445812,0.13215108215808868,3
3MZG_HA84A,3MZG,HA84A,0.03307567536830902,0.13215108215808868,3
3MZG_HA84A,3MZG,HA84A,0.1905435174703598,0.13215108215808868,3
3MZG_HA84A,3MZG,HA84A,0.20338982343673706,0.13215108215808868,3
3MZG_HA84A,3MZG,HA84A,0.10136527568101883,0.13215108215808868,3
3MZG_HA125A,3MZG,HA125A,-0.39687785506248474,0.037315502762794495,3
3MZG_HA125A,3MZG,HA125A,-0.46173831820487976,0.037315502762794495,3
3MZG_HA125A,3MZG,HA125A,-0.1527513712644577,0.037315502762794495,3
3MZG_HA125A,3MZG,HA125A,0.05744243040680885,0.037315502762794495,3
3MZG_HA125A,3MZG,HA125A,0.16824759542942047,0.037315502762794495,3
3MZG_HA125A,3MZG,HA125A,0.09897152334451675,0.037315502762794495,3
3MZG_HA160A,3MZG,HA160A,0.12519049644470215,1.1488993167877197,3
3MZG_HA160A,3MZG,HA160A,1.090846061706543,1.1488993167877197,3
3MZG_HA160A,3MZG,HA160A,1.2168970108032227,1.1488993167877197,3
3MZG_HA160A,3MZG,HA160A,1.2081542015075684,1.1488993167877197,3
3MZG_HA160A,3MZG,HA160A,1.0331718921661377,1.1488993167877197,3
3MZG_HA160A,3MZG,HA160A,0.8676430583000183,1.1488993167877197,3
3MZG_HA182A,3MZG,HA182A,-0.2611351013183594,0.0633319765329361,3
3MZG_HA182A,3MZG,HA182A,0.36605143547058105,0.0633319765329361,3
3MZG_HA182A,3MZG,HA182A,0.6841716170310974,0.0633319765329361,3
3MZG_HA182A,3MZG,HA182A,0.6901730895042419,0.0633319765329361,3
3MZG_HA14A,3MZG,HA14A,-0.09132687747478485,0.49307143688201904,3
3MZG_HA14A,3MZG,HA14A,-0.14770087599754333,0.49307143688201904,3
3MZG_HA14A,3MZG,HA14A,-0.37473925948143005,0.49307143688201904,3
3MZG_HA14A,3MZG,HA14A,-0.19875149428844452,0.49307143688201904,3
3MZG_HA14A,3MZG,HA14A,-0.1678786277770996,0.49307143688201904,3
3MZG_HA14A,3MZG,HA14A,-0.07655175030231476,0.49307143688201904,3
3MZG_HA14A,3MZG,HA14A,0.1265324056148529,0.49307143688201904,3
3MZG_HA14A,3MZG,HA14A,0.1230163499712944,0.49307143688201904,3
3MZG_HA14A,3MZG,HA14A,0.2917686700820923,0.49307143688201904,3
3MZG_HA14A,3MZG,HA14A,0.3238008916378021,0.49307143688201904,3
3MZG_HA167A,3MZG,HA167A,-0.6862740516662598,1.5018978118896484,3
3MZG_HA167A,3MZG,HA167A,0.7340859770774841,1.5018978118896484,3
3MZG_HA167A,3MZG,HA167A,1.669722080230713,1.5018978118896484,3
3MZG_HA167A,3MZG,HA167A,1.445011854171753,1.5018978118896484,3
3MZG_HA167A,3MZG,HA167A,1.481518030166626,1.5018978118896484,3
3MZG_HA167A,3MZG,HA167A,1.8215218782424927,1.5018978118896484,3
3MZG_HA167A,3MZG,HA167A,1.6300702095031738,1.5018978118896484,3
3MZG_HA167A,3MZG,HA167A,1.6149024963378906,1.5018978118896484,3
3MZG_HA167A,3MZG,HA167A,1.5354089736938477,1.5018978118896484,3
3MZG_HA17A,3MZG,HA17A,-0.8744037747383118,0.42823344469070435,3
3MZG_HA17A,3MZG,HA17A,-0.297102689743042,0.42823344469070435,3
3MZG_HA17A,3MZG,HA17A,-0.22198787331581116,0.42823344469070435,3
3MZG_HA17A,3MZG,HA17A,0.09047991037368774,0.42823344469070435,3
3MZG_HA17A,3MZG,HA17A,0.2870479226112366,0.42823344469070435,3
3MZG_HA17A,3MZG,HA17A,0.28069448471069336,0.42823344469070435,3
3MZG_HA17A,3MZG,HA17A,0.28546592593193054,0.42823344469070435,3
3MZG_HA17A,3MZG,HA17A,0.3632349669933319,0.42823344469070435,3
3MZG_HA17A,3MZG,HA17A,0.38309553265571594,0.42823344469070435,3
3MZG_HA17A,3MZG,HA17A,0.3238008916378021,0.42823344469070435,3
3MZG_HB188A,3MZG,HB188A,-0.44731462001800537,0.41758018732070923,3
3MZG_HB188A,3MZG,HB188A,1.056810736656189,0.41758018732070923,3
3MZG_HB188A,3MZG,HB188A,2.0351312160491943,0.41758018732070923,3
3MZG_HB188A,3MZG,HB188A,1.92812979221344,0.41758018732070923,3
3MZG_HB188A,3MZG,HB188A,2.0941569805145264,0.41758018732070923,3
3MZG_HB188A,3MZG,HB188A,2.4425549507141113,0.41758018732070923,3
3MZG_HB188A,3MZG,HB188A,2.2926394939422607,0.41758018732070923,3
3MZG_HB188A,3MZG,HB188A,2.342900276184082,0.41758018732070923,3
3MZG_HB188A,3MZG,HB188A,2.2499032020568848,0.41758018732070923,3
3MZG_HA167A,3MZG,HA167A,0.26777946949005127,1.5018978118896484,3
3MZG_HA167A,3MZG,HA167A,0.7765509486198425,1.5018978118896484,3
3MZG_HA167A,3MZG,HA167A,1.0553276538848877,1.5018978118896484,3
3MZG_HA167A,3MZG,HA167A,1.7124065160751343,1.5018978118896484,3
3MZG_HA167A,3MZG,HA167A,2.0376904010772705,1.5018978118896484,3
3MZG_HA167A,3MZG,HA167A,2.2031702995300293,1.5018978118896484,3
3MZG_HA167A,3MZG,HA167A,2.0335617065429688,1.5018978118896484,3
3MZG_HA167A,3MZG,HA167A,2.455331325531006,1.5018978118896484,3
3MZG_HA167A,3MZG,HA167A,2.272951126098633,1.5018978118896484,3
3MZG_HA167A,3MZG,HA167A,2.2118194103240967,1.5018978118896484,3
"3MZG_HA167A,HB188A",3MZG,"HA167A,HB188A",-0.2372637242078781,2.38227915763855,3
"3MZG_HA167A,HB188A",3MZG,"HA167A,HB188A",1.3352652788162231,2.38227915763855,3
"3MZG_HA167A,HB188A",3MZG,"HA167A,HB188A",2.802323579788208,2.38227915763855,3
"3MZG_HA167A,HB188A",3MZG,"HA167A,HB188A",2.929168939590454,2.38227915763855,3
"3MZG_HA167A,HB188A",3MZG,"HA167A,HB188A",3.330226421356201,2.38227915763855,3
"3MZG_HA167A,HB188A",3MZG,"HA167A,HB188A",3.4945363998413086,2.38227915763855,3
"3MZG_HA167A,HB188A",3MZG,"HA167A,HB188A",3.46814227104187,2.38227915763855,3
"3MZG_HA167A,HB188A",3MZG,"HA167A,HB188A",3.392699718475342,2.38227915763855,3
"3MZG_HA167A,HB188A",3MZG,"HA167A,HB188A",3.3738555908203125,2.38227915763855,3
4YEB_DA133A,4YEB,DA133A,1.3676663637161255,1.3180986642837524,3
4YEB_AA114S,4YEB,AA114S,0.0693911537528038,0.22783446311950684,3
4YEB_RB88T,4YEB,RB88T,0.2775775194168091,0.080268494784832,3
4YEB_FB131A,4YEB,FB131A,2.4174656867980957,1.4660439491271973,3
3SZK_NC35A,3SZK,NC35A,0.12519049644470215,0.14499418437480927,3
3SZK_TC38A,3SZK,TC38A,0.9322267174720764,0.5450669527053833,3
3SZK_QC39A,3SZK,QC39A,0.7665860652923584,0.7301845550537109,3
3SZK_YC40A,3SZK,YC40A,2.9048476219177246,1.0349678993225098,3
3SZK_YC41A,3SZK,YC41A,2.982339382171631,1.9607118368148804,3
3SZK_HC42A,3SZK,HC42A,2.536616325378418,0.9990978240966797,3
3SZK_FC43A,3SZK,FC43A,2.2193474769592285,1.1292753219604492,3
3SZK_FC44A,3SZK,FC44A,2.200962543487549,1.6779636144638062,3
3SZK_NC66A,3SZK,NC66A,0.20430143177509308,0.7512854337692261,3
3SZK_SC69A,3SZK,SC69A,1.514223337173462,0.1113915890455246,3
3SZK_TC70A,3SZK,TC70A,1.4692765474319458,0.1819593459367752,3
3SZK_DC120A,3SZK,DC120A,0.6736644506454468,0.6040005683898926,3
3SZK_DC121A,3SZK,DC121A,0.6956096291542053,0.21567383408546448,3
3SZK_GC122A,3SZK,GC122A,0.37473925948143005,0.1713722050189972,3
3SZK_EC123A,3SZK,EC123A,0.8384865522384644,0.2897903323173523,3
3SZK_EC124A,3SZK,EC124A,0.6956096291542053,0.09594345837831497,3
3SZK_VC27A,3SZK,VC27A,0.0962846651673317,0.11245748400688171,3
3SZK_DC48A,3SZK,DC48A,0.20430143177509308,0.2982373833656311,3
3SZK_DC51A,3SZK,DC51A,0.20430143177509308,0.12334467470645905,3
3SZK_KC56A,3SZK,KC56A,0.0962846651673317,0.02387841045856476,3
3SZK_KC57A,3SZK,KC57A,-0.03591717779636383,0.2800934314727783,3
4L0P_TA11K,4L0P,TA11K,0.0,1.072031855583191,3
4L0P_SA20F,4L0P,SA20F,0.05646670609712601,-0.6850133538246155,3
4L0P_EA27K,4L0P,EA27K,2.665921211242676,0.5200819969177246,3
4L0P_NA59S,4L0P,NA59S,0.3143717646598816,0.3041107654571533,3
4L0P_TA76Q,4L0P,TA76Q,1.472187876701355,0.43953365087509155,3
4L0P_TA140N,4L0P,TA140N,0.27845457196235657,0.26663321256637573,3
1XGU_FB33L,1XGU,FB33L,1.8626039028167725,2.1466636657714844,3
1XGU_FB33I,1XGU,FB33I,1.8012609481811523,1.9876865148544312,3
1XGU_FB33V,1XGU,FB33V,2.9093847274780273,2.589712142944336,3
1XGU_FB33A,1XGU,FB33A,4.0624799728393555,3.5320911407470703,3
3G6D_HH104A,3G6D,HH104A,-0.9535146951675415,0.1994936466217041,3
3G6D_WH105A,3G6D,WH105A,-1.4971784353256226,3.1308212280273438,3
"3G6D_KH210T,KH215T",3G6D,"KH210T,KH215T",-0.13300734758377075,0.2791348397731781,3
"3G6D_EL3V,GL76R,TL77V,QL78E,EL80G",3G6D,"EL3V,GL76R,TL77V,QL78E,EL80G",0.139879509806633,-0.21135902404785156,3
"3G6D_TL89S,ML92I,VL93D,TL94K",3G6D,"TL89S,ML92I,VL93D,TL94K",0.798334002494812,0.37754175066947937,3
"3G6D_EL3V,GL76R,TL77V,QL78E,EL80G,TL89S,ML92I,VL93D,TL94K",3G6D,"EL3V,GL76R,TL77V,QL78E,EL80G,TL89S,ML92I,VL93D,TL94K",0.2715725898742676,0.22292692959308624,3
"3G6D_EL3V,GL76R,TL77V,QL78E,EL80G,FH103A,HH104A,WH105A",3G6D,"EL3V,GL76R,TL77V,QL78E,EL80G,FH103A,HH104A,WH105A",4.622350215911865,2.0959651470184326,3
"3G6D_EL3V,GL76R,TL77V,QL78E,EL80G,DH54N",3G6D,"EL3V,GL76R,TL77V,QL78E,EL80G,DH54N",0.11122789978981018,0.8157480359077454,3
3NCC_AB188H,3NCC,AB188H,0.44731462001800537,-0.28287768363952637,3
3NCC_AB188H,3NCC,AB188H,-1.056810736656189,-0.28287768363952637,3
3NCC_AB188H,3NCC,AB188H,-2.0351312160491943,-0.28287768363952637,3
3NCC_AB188H,3NCC,AB188H,-1.92812979221344,-0.28287768363952637,3
3NCC_AB188H,3NCC,AB188H,-2.0941569805145264,-0.28287768363952637,3
3NCC_AB188H,3NCC,AB188H,-2.4425549507141113,-0.28287768363952637,3
3NCC_AB188H,3NCC,AB188H,-2.2926394939422607,-0.28287768363952637,3
3NCC_AB188H,3NCC,AB188H,-2.342900276184082,-0.28287768363952637,3
3NCC_AB188H,3NCC,AB188H,-2.2499032020568848,-0.28287768363952637,3
3BTF_FI13K,3BTF,FI13K,-7.027210712432861,-7.518503665924072,3
3N85_WL91F,3N85,WL91F,0.13965415954589844,1.0207089185714722,3
3N85_WL94Y,3N85,WL94Y,-0.038736145943403244,0.2723572552204132,3
3N85_WH30K,3N85,WH30K,-0.7849546670913696,1.4657503366470337,3
3N85_WH30R,3N85,WH30R,-0.5542154908180237,1.301499366760254,3
3N85_SH32Y,3N85,SH32Y,0.057148076593875885,-0.9473113417625427,3
3N85_SH32A,3N85,SH32A,-0.13407966494560242,1.0532721281051636,3
3N85_SH50G,3N85,SH50G,0.48788952827453613,1.5938342809677124,3
3N85_SH52Y,3N85,SH52Y,-0.7849546670913696,-1.6451425552368164,3
3N85_WH100F,3N85,WH100F,-0.015191908925771713,1.0142122507095337,3
3N85_WH100F,3N85,WH100F,-0.015191908925771713,1.0142122507095337,3
1Y3C_AI43R,1Y3C,AI43R,-1.2561542987823486,-1.4345118999481201,3
2AJF_KE22R,2AJF,KE22R,-0.007359746843576431,-0.1968058943748474,3
2AJF_FE38S,2AJF,FE38S,-0.08225392550230026,0.048399101942777634,3
2AJF_NE151K,2AJF,NE151K,2.0126030445098877,-0.004586485214531422,3
2AJF_TE159S,2AJF,TE159S,1.8239344358444214,1.2432079315185547,3
2AJF_DA20A,2AJF,DA20A,0.5854030251502991,0.8154751062393188,3
2AJF_YA23A,2AJF,YA23A,1.452401041984558,1.7795884609222412,3
2AJF_YA23F,2AJF,YA23F,1.3977943658828735,0.892982006072998,3
4ZS6_YA160A,4ZS6,YA160A,-0.11029982566833496,0.8361703157424927,3
4ZS6_EA156A,4ZS6,EA156A,3.040027141571045,1.1723575592041016,3
1WQJ_RI20A,1WQJ,RI20A,0.6795530319213867,0.26076674461364746,3
"1WQJ_RI35A,RI36A",1WQJ,"RI35A,RI36A",1.02851140499115,-0.24352604150772095,3
1WQJ_RI49A,1WQJ,RI49A,0.26824522018432617,0.1157987043261528,3
1WQJ_RI54A,1WQJ,RI54A,0.05944105610251427,0.005359905771911144,3
1WQJ_RI55A,1WQJ,RI55A,0.40239912271499634,0.3193463087081909,3
2SGQ_QI13L,2SGQ,QI13L,-2.6035408973693848,-2.496917247772217,3
3W2D_YA45F,3W2D,YA45F,0.8783374428749084,1.4219002723693848,3
3W2D_YA45L,3W2D,YA45L,2.3658151626586914,1.9107383489608765,3
3W2D_KA67R,3W2D,KA67R,-0.42831185460090637,-0.7223327159881592,3
3W2D_KA67N,3W2D,KA67N,4.624007701873779,0.5118507742881775,3
3QIB_RC89P,3QIB,RC89P,-0.11936844140291214,0.07223759591579437,3
3QIB_NC94P,3QIB,NC94P,0.786812961101532,0.01621735468506813,3
3QIB_LD95P,3QIB,LD95P,-0.3697237968444824,0.24870961904525757,3
3QIB_QA57A,3QIB,QA57A,0.2648344039916992,0.19484154880046844,3
3QIB_AA61G,3QIB,AA61G,0.8922892808914185,-0.16571983695030212,3
3QIB_AA64G,3QIB,AA64G,0.6100000739097595,0.04710554704070091,3
3QIB_KA67A,3QIB,KA67A,0.5660946369171143,0.19714298844337463,3
3QIB_AA68G,3QIB,AA68G,0.8450669050216675,-0.13474610447883606,3
3QIB_EA75A,3QIB,EA75A,0.0,-0.1385006159543991,3
3QIB_EB57A,3QIB,EB57A,0.0,0.07168698310852051,3
3QIB_SB61A,3QIB,SB61A,0.02633553557097912,-0.13037866353988647,3
3QIB_QB62A,3QIB,QB62A,1.7639565467834473,0.6481791734695435,3
3QIB_EB64A,3QIB,EB64A,1.212812066078186,0.15180788934230804,3
3QIB_EB67A,3QIB,EB67A,1.8214198350906372,0.3158626854419708,3
3QIB_AB71G,3QIB,AB71G,2.204041004180908,0.0740811675786972,3
3QIB_DB74A,3QIB,DB74A,0.8629055023193359,0.4597542881965637,3
3QIB_TB75A,3QIB,TB75A,0.7498465776443481,0.29704466462135315,3
3QIB_HB79A,3QIB,HB79A,0.051550064235925674,0.7185590267181396,3
"3QIB_KA67A,EB64A",3QIB,"KA67A,EB64A",1.5070480108261108,0.4949430227279663,3
3QIB_YP6A,3QIB,YP6A,3.1389987468719482,1.755241870880127,3
3QIB_YP6F,3QIB,YP6F,0.10801676660776138,0.9295884370803833,3
3QIB_KP8A,3QIB,KP8A,3.1389987468719482,0.7263529300689697,3
3QIB_KP8R,3QIB,KP8R,2.2370340824127197,-0.3665257394313812,3
3QIB_TP11A,3QIB,TP11A,3.1389987468719482,1.0503618717193604,3
3QIB_TP11S,3QIB,TP11S,1.075722575187683,1.1932876110076904,3
3QIB_TP11N,3QIB,TP11N,1.223834753036499,1.93303382396698,3
"3QIB_YP6F,TP11S",3QIB,"YP6F,TP11S",1.2169697284698486,0.9321223497390747,3
3BTW_WI13K,3BTW,WI13K,-8.664118766784668,-8.899030685424805,3
3BN9_QB23A,3BN9,QB23A,-0.41549280285835266,0.13387586176395416,3
3BN9_IB26A,3BN9,IB26A,0.0,0.46510565280914307,3
3BN9_IB45A,3BN9,IB45A,0.8355894684791565,0.49357426166534424,3
3BN9_DB46A,3BN9,DB46A,0.4225773811340332,0.36279183626174927,3
3BN9_DB47A,3BN9,DB47A,0.3112468421459198,1.294153094291687,3
3BN9_RB48A,3BN9,RB48A,-0.04501800239086151,0.8081122636795044,3
3BN9_FB50A,3BN9,FB50A,-0.04501800239086151,0.7461912631988525,3
3BN9_RB51A,3BN9,RB51A,-0.07158980518579483,0.5834294557571411,3
3BN9_YB52A,3BN9,YB52A,0.018960081040859222,1.032792329788208,3
3BN9_RB82A,3BN9,RB82A,-0.1593041568994522,-0.09597620368003845,3
3BN9_FB89A,3BN9,FB89A,0.6395281553268433,1.2964555025100708,3
3BN9_NB90A,3BN9,NB90A,0.7736906409263611,0.7068648338317871,3
3BN9_DB91A,3BN9,DB91A,6.698209762573242,1.2653603553771973,3
3BN9_FB92A,3BN9,FB92A,6.698209762573242,1.2516953945159912,3
3BN9_TB93A,3BN9,TB93A,1.1325596570968628,0.6931710243225098,3
3BN9_HB138A,3BN9,HB138A,0.0851014032959938,0.7564622759819031,3
3BN9_QB140A,3BN9,QB140A,0.1331643909215927,0.40658363699913025,3
3BN9_YB141A,3BN9,YB141A,1.085138201713562,0.3959735035896301,3
3BN9_TB144A,3BN9,TB144A,0.29096534848213196,0.14703279733657837,3
3BN9_LB147A,3BN9,LB147A,0.3363426923751831,0.4183599352836609,3
3BN9_EB163A,3BN9,EB163A,0.3733830153942108,0.17880108952522278,3
3BN9_QB168A,3BN9,QB168A,-0.0347142294049263,0.6546828746795654,3
3BN9_QB169A,3BN9,QB169A,2.510108232498169,0.8846333622932434,3
3BN9_DB214A,3BN9,DB214A,0.5664650201797485,1.6083159446716309,3
3BN9_QB218A,3BN9,QB218A,0.7060266137123108,0.10135672241449356,3
3BN9_RB219A,3BN9,RB219A,-0.09374012798070908,0.1734585016965866,3
3BN9_KB221A,3BN9,KB221A,0.7853204011917114,0.044068071991205215,3
3BN9_TD28R,3BN9,TD28R,0.33305492997169495,0.7536433935165405,3
3BN9_SD30G,3BN9,SD30G,1.1866379976272583,0.22211690247058868,3
3BN9_SD30N,3BN9,SD30N,1.1460179090499878,-0.1942724585533142,3
3BN9_TD102Q,3BN9,TD102Q,-0.021546082571148872,0.30230283737182617,3
3BN9_TD102R,3BN9,TD102R,-0.058321017771959305,0.3488626778125763,3
3BN9_YD103S,3BN9,YD103S,0.4588911235332489,1.1772379875183105,3
3BN9_PD104H,3BN9,PD104H,2.4283416271209717,-1.0616297721862793,3
3BN9_QD105V,3BN9,QD105V,1.2246508598327637,-0.35007375478744507,3
2NU4_KI13L,2NU4,KI13L,-3.1820759773254395,-3.029602527618408,3
"2C5D_TA26D,TB26D",2C5D,"TA26D,TB26D",0.7250281572341919,-0.7419838905334473,3
"2C5D_RA32E,RB32E",2C5D,"RA32E,RB32E",1.7124065160751343,0.2776942849159241,3
"2C5D_KA34E,KB34E",2C5D,"KA34E,KB34E",1.9482202529907227,1.0648421049118042,3
"2C5D_RA32E,KA34E,RB32E,KA34E",2C5D,"RA32E,KA34E,RB32E,KA34E",3.9603114128112793,0.9307443499565125,3
"2C5D_AA126V,AB126V",2C5D,"AA126V,AB126V",0.7588918209075928,-0.37615782022476196,3
"2C5D_FA207A,FB207A",2C5D,"FA207A,FB207A",0.19934363663196564,0.8291003704071045,3
"2C5D_QC28R,QD28R",2C5D,"QC28R,QD28R",0.09132687747478485,0.051171522587537766,3
"2C5D_EC30R,ED30R",2C5D,"EC30R,ED30R",0.3026396632194519,-0.26335275173187256,3
"2C5D_EC33R,ED33R",2C5D,"EC33R,ED33R",1.654841661453247,0.22533148527145386,3
"2C5D_EC30R,EC33R,ED30R,EC33R",2C5D,"EC30R,EC33R,ED30R,EC33R",1.8489806652069092,0.3686155080795288,3
"2C5D_TC51R,TD51R",2C5D,"TC51R,TD51R",2.339020252227783,2.1364591121673584,3
"2C5D_QC96R,QD96R",2C5D,"QC96R,QD96R",0.3026396632194519,-0.101400226354599,3
"2C5D_LC105E,LD105E",2C5D,"LC105E,LD105E",0.2402186095714569,1.385333776473999,3
"2C5D_KC178E,KD178E",2C5D,"KC178E,KD178E",0.7422019243240356,1.1402263641357422,3
"2C5D_TC182E,TD182E",2C5D,"TC182E,TD182E",0.7422019243240356,0.08310739696025848,3
"2C5D_FA207A,FB207A",2C5D,"FA207A,FB207A",0.5428582429885864,0.8291003704071045,3
"2C5D_FA209A,FB209A",2C5D,"FA209A,FB209A",1.0615314245224,0.48222866654396057,3
"2C5D_WA238F,WB238F",2C5D,"WA238F,WB238F",0.9824205040931702,0.05915461853146553,3
"2C5D_LA324A,LB324A",2C5D,"LA324A,LB324A",2.0344724655151367,0.7991486191749573,3
"2C5D_YA364A,YB364A",2C5D,"YA364A,YB364A",0.9824205040931702,0.7303447723388672,3
3BX1_FC84V,3BX1,FC84V,0.4106564223766327,1.5788254737854004,3
3BX1_RC85G,3BX1,RC85G,0.3555048108100891,0.3685668706893921,3
3BX1_AC86T,3BX1,AC86T,1.8372485637664795,-2.131133794784546,3
3BX1_YC87I,3BX1,YC87I,1.7820247411727905,1.475388765335083,3
3BX1_YC87A,3BX1,YC87A,1.2988171577453613,2.3951754570007324,3
3BX1_TC88V,3BX1,TC88V,2.8385491371154785,0.5285041332244873,3
3BX1_TC89A,3BX1,TC89A,0.17043781280517578,2.1743972301483154,3
1Y34_AI41E,1Y34,AI41E,-3.054218292236328,-2.909639835357666,3
3EQY_TC1A,3EQY,TC1A,0.37473925948143005,0.31531739234924316,3
3EQY_SC2A,3EQY,SC2A,0.8714090585708618,1.3406981229782104,3
3EQY_FC3A,3EQY,FC3A,5.660985946655273,4.917022228240967,3
3EQY_EC5A,3EQY,EC5A,1.2231920957565308,0.9305926561355591,3
3EQY_YC6A,3EQY,YC6A,2.5873632431030273,1.9507081508636475,3
3EQY_WC7A,3EQY,WC7A,6.0464277267456055,6.1496381759643555,3
3EQY_NC8A,3EQY,NC8A,-0.7492132782936096,-0.14475536346435547,3
3EQY_LC9A,3EQY,LC9A,0.033863615244627,0.1305166482925415,3
3EQY_LC10A,3EQY,LC10A,2.324615240097046,2.556037187576294,3
3EQY_SC11A,3EQY,SC11A,0.1527513712644577,0.046843137592077255,3
3EQY_PC12A,3EQY,PC12A,0.29562830924987793,0.705287754535675,3
3RF3_AC8K,3RF3,AC8K,1.729231834411621,-0.1806798130273819,3
2J12_SA116A,2J12,SA116A,0.9535146951675415,-0.023314666002988815,3
4GNK_KA294A,4GNK,KA294A,0.09897152334451675,0.22299689054489136,3
"4GNK_DA279A,PA281D",4GNK,"DA279A,PA281D",0.1213308572769165,-0.09527244418859482,3
4GNK_LB764A,4GNK,LB764A,-1.420637845993042,0.19795890152454376,3
"4GNK_KA294A,LB764A",4GNK,"KA294A,LB764A",-1.5528396368026733,0.3063942790031433,3
"4GNK_LB764A,DA279A,PA281D",4GNK,"LB764A,DA279A,PA281D",-1.7232774496078491,0.4076322019100189,3
4GNK_TB540E,4GNK,TB540E,-0.18866854906082153,-0.036764901131391525,3
4JPK_VA30N,4JPK,VA30N,0.5948610901832581,-0.18367694318294525,3
4JPK_SA41G,4JPK,SA41G,2.152658462524414,0.42778313159942627,3
4JPK_FA63L,4JPK,FA63L,1.1678093671798706,-0.04489200934767723,3
4JPK_RA81T,4JPK,RA81T,0.7590427398681641,0.7924742698669434,3
4JPK_RA130K,4JPK,RA130K,0.23016907274723053,-0.05002984777092934,3
4JPK_FA144I,4JPK,FA144I,1.388138771057129,1.251031517982483,3
4JPK_TA35S,4JPK,TA35S,-0.03210772946476936,0.19307085871696472,3
4JPK_DA141R,4JPK,DA141R,3.8590502738952637,0.5624275207519531,3
"4JPK_DA159N,DA33N",4JPK,"DA159N,DA33N",0.6192452907562256,-0.0013896794989705086,3
4HRN_LD17A,4HRN,LD17A,2.5983803272247314,1.373594045639038,3
4HRN_SD43A,4HRN,SD43A,0.8030821084976196,1.2452476024627686,3
4HRN_VD44A,4HRN,VD44A,2.811924457550049,0.6698049306869507,3
4HRN_FD47A,4HRN,FD47A,2.4605627059936523,1.6511504650115967,3
3VR6_LG28N,3VR6,LG28N,0.30999940633773804,0.2365107536315918,3
3VR6_LG29N,3VR6,LG29N,0.6750600934028625,0.4160865545272827,3
3VR6_RG134A,3VR6,RG134A,0.8304983377456665,1.2342231273651123,3
3VR6_RG135A,3VR6,RG135A,0.8992655277252197,1.4910402297973633,3
"3VR6_RG134A,RG135A",3VR6,"RG134A,RG135A",1.4000883102416992,2.4421792030334473,3
3VR6_AG138S,3VR6,AG138S,-0.34087562561035156,0.021778061985969543,3
3VR6_LG139N,3VR6,LG139N,0.7095816135406494,0.6150408983230591,3
"3VR6_RA476A,RB481A,RC471A",3VR6,"RA476A,RB481A,RC471A",-0.27845457196235657,1.236785888671875,3
"3VR6_VD385A,VE385A,VF388A",3VR6,"VD385A,VE385A,VF388A",0.6982964873313904,1.025365948677063,3
"3VR6_LD386A,LE386A,LF389A",3VR6,"LD386A,LE386A,LF389A",1.136772632598877,2.956990957260132,3
"3VR6_RA476A,RB481A,RC471A,RG134A,RG135A",3VR6,"RA476A,RB481A,RC471A,RG134A,RG135A",1.3179826736450195,1.808072805404663,3
"3VR6_VD385A,VE385A,VF388A,RG134A,RG135A",3VR6,"VD385A,VE385A,VF388A,RG134A,RG135A",1.1313122510910034,2.287154197692871,3
"3VR6_LA477A,LB482A,LC472A,VA478A,VB483A,VC473A",3VR6,"LA477A,LB482A,LC472A,VA478A,VB483A,VC473A",-0.22198787331581116,2.6152191162109375,3
"3VR6_LA477A,LB482A,LC472A,VA478A,VB483A,VC473A,LD386A,LE386A,LF389A",3VR6,"LA477A,LB482A,LC472A,VA478A,VB483A,VC473A,LD386A,LE386A,LF389A",-0.17043781280517578,3.0061941146850586,3
"3VR6_LA477A,LB482A,LC472A,VA478A,VB483A,VC473A,RG134A,RG135A",3VR6,"LA477A,LB482A,LC472A,VA478A,VB483A,VC473A,RG134A,RG135A",2.049800395965576,3.6074142456054688,3
"3VR6_LA477A,LB482A,LC472A,VA478A,VB483A,VC473A,LG139N",3VR6,"LA477A,LB482A,LC472A,VA478A,VB483A,VC473A,LG139N",-0.07911093533039093,2.4370768070220947,3
"3VR6_RD347E,RE347E,RF350E",3VR6,"RD347E,RE347E,RF350E",0.2876400649547577,2.198746919631958,3
"3VR6_RD347K,RE347K,RF350K",3VR6,"RD347K,RE347K,RF350K",1.2131596803665161,0.3977578282356262,3
1SMF_EI8A,1SMF,EI8A,1.0128092765808105,0.055625755339860916,3
1SMF_SI4A,1SMF,SI4A,1.899971604347229,1.1144869327545166,3
1SMF_TI2A,1SMF,TI2A,2.0460517406463623,3.1501007080078125,3
1SMF_II5A,1SMF,II5A,3.5114190578460693,1.7694686651229858,3
1SMF_KI3A,1SMF,KI3A,5.689055919647217,4.63448429107666,3
3BTG_GI13K,3BTG,GI13K,-12.352226257324219,-2.81080961227417,3
2B0Z_IB87F,2B0Z,IB87F,-2.528998613357544,-0.37416741251945496,3
2PCC_DA34A,2PCC,DA34A,-0.8970479965209961,1.0281710624694824,3
2PCC_VA197A,2PCC,VA197A,2.1026816368103027,-0.23810350894927979,3
2PCC_EA290A,2PCC,EA290A,6.202554702758789,0.4479701519012451,3
2PCC_KB92A,2PCC,KB92A,0.9018709659576416,0.7505834102630615,3
"2PCC_KB92A,DA34A",2PCC,"KB92A,DA34A",0.20301209390163422,2.758518695831299,3
"2PCC_KB92A,VA197A",2PCC,"KB92A,VA197A",1.5015023946762085,0.603492259979248,3
2PCC_KB77A,2PCC,KB77A,0.30366912484169006,0.4597444236278534,3
"2PCC_KB77A,VA197A",2PCC,"KB77A,VA197A",2.800978183746338,0.7652182579040527,3
"2PCC_KB77A,EA290A",2PCC,"KB77A,EA290A",1.102177381515503,1.625971794128418,3
2PCC_AB86G,2PCC,AB86G,1.9018551111221313,-0.5959542989730835,3
"2PCC_AB86G,DA34A",2PCC,"AB86G,DA34A",-0.0978018268942833,-0.11784455925226212,3
"2PCC_AB86G,VA197A",2PCC,"AB86G,VA197A",2.1026816368103027,-0.05752633512020111,3
3N06_AA14H,3N06,AA14H,0.09132687747478485,-0.3337863087654114,3
3N06_AA14H,3N06,AA14H,0.14770087599754333,-0.3337863087654114,3
3N06_AA14H,3N06,AA14H,0.37473925948143005,-0.3337863087654114,3
3N06_AA14H,3N06,AA14H,0.19875149428844452,-0.3337863087654114,3
3N06_AA14H,3N06,AA14H,0.1678786277770996,-0.3337863087654114,3
3N06_AA14H,3N06,AA14H,0.07655175030231476,-0.3337863087654114,3
3N06_AA14H,3N06,AA14H,-0.1265324056148529,-0.3337863087654114,3
3N06_AA14H,3N06,AA14H,-0.1230163499712944,-0.3337863087654114,3
3N06_AA14H,3N06,AA14H,-0.2917686700820923,-0.3337863087654114,3
3N06_AA14H,3N06,AA14H,-0.3238008916378021,-0.3337863087654114,3
4O27_YA215A,4O27,YA215A,1.1953110694885254,0.9598070383071899,3
4O27_KA88A,4O27,KA88A,1.0248732566833496,-0.06417584419250488,3
4O27_EB42A,4O27,EB42A,0.3714717626571655,0.42317405343055725,3
4O27_EB122A,4O27,EB122A,0.3016909658908844,1.20843505859375,3
1N8O_ME80L,1N8O,ME80L,-0.0624210461974144,-0.8104346990585327,3
1N8O_ME80K,1N8O,ME80K,1.4597147703170776,2.3410181999206543,3
1N8O_ME80R,1N8O,ME80R,1.34917151927948,1.8724439144134521,3
1DQJ_YC20A,1DQJ,YC20A,3.287179470062256,3.221059560775757,3
1DQJ_RC21A,1DQJ,RC21A,1.1690744161605835,2.3847601413726807,3
1DQJ_WC63A,1DQJ,WC63A,1.3468719720840454,1.0926525592803955,3
1DQJ_KC97A,1DQJ,KC97A,3.5212817192077637,4.892305374145508,3
1DQJ_DC101A,1DQJ,DC101A,1.4530574083328247,1.0250210762023926,3
1DQJ_YC20A,1DQJ,YC20A,3.287179470062256,3.221059560775757,3
1DQJ_RC21A,1DQJ,RC21A,1.259554386138916,2.3847601413726807,3
1DQJ_WC62A,1DQJ,WC62A,0.7584180235862732,0.7001262903213501,3
1DQJ_WC63A,1DQJ,WC63A,1.3468719720840454,1.0926525592803955,3
1DQJ_LC75A,1DQJ,LC75A,1.4530574083328247,1.1227750778198242,3
1DQJ_TC89A,1DQJ,TC89A,0.8412202596664429,0.26009565591812134,3
1DQJ_NC93A,1DQJ,NC93A,0.6501642465591431,1.9695873260498047,3
1DQJ_KC96A,1DQJ,KC96A,6.158576488494873,6.027698516845703,3
1DQJ_KC97A,1DQJ,KC97A,3.5212817192077637,4.892305374145508,3
1DQJ_SC100A,1DQJ,SC100A,0.7759302258491516,1.41069495677948,3
1DQJ_DC101A,1DQJ,DC101A,1.3012763261795044,1.0250210762023926,3
1DQJ_NA31A,1DQJ,NA31A,2.0143353939056396,2.356091022491455,3
1DQJ_NA32A,1DQJ,NA32A,4.092513084411621,3.126101016998291,3
1DQJ_YA50A,1DQJ,YA50A,2.6794981956481934,1.9631547927856445,3
1DQJ_SA91A,1DQJ,SA91A,1.4325294494628906,0.45423972606658936,3
1DQJ_YA96A,1DQJ,YA96A,1.1355592012405396,3.182015895843506,3
1DQJ_DB32A,1DQJ,DB32A,2.0143353939056396,1.42922842502594,3
1DQJ_YB33A,1DQJ,YB33A,5.526938438415527,3.62178111076355,3
1DQJ_YB50A,1DQJ,YB50A,6.891109943389893,3.6638736724853516,3
1DQJ_YB53A,1DQJ,YB53A,1.1808065176010132,2.422041893005371,3
1DQJ_WB98A,1DQJ,WB98A,4.9337334632873535,3.2911362648010254,3
"1DQJ_NA32A,KC96A",1DQJ,"NA32A,KC96A",5.804446220397949,5.775761127471924,3
"1DQJ_SA91A,RC21A",1DQJ,"SA91A,RC21A",3.172151565551758,2.8037681579589844,3
"1DQJ_SA91A,YC20A",1DQJ,"SA91A,YC20A",3.5746920108795166,3.685032367706299,3
"1DQJ_YA96A,RC21A",1DQJ,"YA96A,RC21A",3.486760139465332,5.457366943359375,3
"1DQJ_YA96A,SC100A",1DQJ,"YA96A,SC100A",0.9138562679290771,3.4707019329071045,3
"1DQJ_DB32A,KC97A",1DQJ,"DB32A,KC97A",1.1228859424591064,4.8758087158203125,3
"1DQJ_YB53A,WC62A",1DQJ,"YB53A,WC62A",1.286884069442749,3.7394728660583496,3
"1DQJ_YB53A,WC63A",1DQJ,"YB53A,WC63A",2.2002170085906982,3.5308406352996826,3
"1DQJ_YB53A,LC75A",1DQJ,"YB53A,LC75A",1.2174066305160522,3.053280830383301,3
"1DQJ_YB53A,DC101A",1DQJ,"YB53A,DC101A",2.728342294692993,2.7778069972991943,3
"1DQJ_WB98A,SC100A",1DQJ,"WB98A,SC100A",5.364646911621094,4.195708751678467,3
"1DQJ_WB98A,KC97A",1DQJ,"WB98A,KC97A",6.6630682945251465,6.375820159912109,3
"1DQJ_WB98A,YC20A",1DQJ,"WB98A,YC20A",5.114386558532715,5.13356876373291,3
2GYK_AA49D,2GYK,AA49D,-5.918128490447998,-5.5989508628845215,3
1Z7X_YW434A,1Z7X,YW434A,5.955931186676025,3.0858426094055176,3
1Z7X_DW435A,1Z7X,DW435A,3.66243052482605,3.5288872718811035,3
1Z7X_YW437A,1Z7X,YW437A,2.6241354942321777,1.3129169940948486,3
"1Z7X_QW430A,VW432A",1Z7X,"QW430A,VW432A",0.9395740032196045,0.13611185550689697,3
"1Z7X_WW438A,SW439A,EW440A",1Z7X,"WW438A,SW439A,EW440A",1.972199559211731,1.1608326435089111,3
1Z7X_RW457A,1Z7X,RW457A,0.8482471108436584,0.2285715639591217,3
1Z7X_IW459A,1Z7X,IW459A,0.33742108941078186,0.6857114434242249,3
1Z7X_EW206A,1Z7X,EW206A,1.018684983253479,0.7684005498886108,3
1Z7X_WW261A,1Z7X,WW261A,1.3359538316726685,0.27971014380455017,3
1Z7X_WW263A,1Z7X,WW263A,2.2124183177948,1.0033624172210693,3
1Z7X_EW287A,1Z7X,EW287A,1.3213245868682861,0.2815719544887543,3
1Z7X_SW289A,1Z7X,SW289A,0.8143835067749023,0.24656733870506287,3
1Z7X_WW318A,1Z7X,WW318A,0.9934704303741455,0.9812755584716797,3
1Z7X_KW320A,1Z7X,KW320A,1.3213245868682861,0.44983118772506714,3
1Z7X_EW344A,1Z7X,EW344A,1.5615432262420654,0.543623149394989,3
1Z7X_WW375A,1Z7X,WW375A,1.6695599555969238,0.9935941696166992,3
1Z7X_EW401A,1Z7X,EW401A,1.3063249588012695,0.9638220071792603,3
1Z7X_YW434F,1Z7X,YW434F,0.12062260508537292,0.6027939915657043,3
1Z7X_YW437F,1Z7X,YW437F,2.166057586669922,0.42301321029663086,3
"1Z7X_YW434A,DW435A",1Z7X,"YW434A,DW435A",7.171210765838623,5.902426719665527,3
"1Z7X_YW434A,YW437A",1Z7X,"YW434A,YW437A",7.240991592407227,5.8372273445129395,3
2A9K_GB55D,2A9K,GB55D,2.317685842514038,-1.5926182270050049,3
2A9K_EB65A,2A9K,EB65A,3.0309817790985107,0.43313977122306824,3
4YFD_RA48A,4YFD,RA48A,0.28495320677757263,0.3149562180042267,3
4YFD_RA169A,4YFD,RA169A,0.15944580733776093,1.3670263290405273,3
4YFD_EA259A,4YFD,EA259A,1.2165226936340332,0.07670027017593384,3
"4YFD_EA207G,LA208S,RA209S,EA210G",4YFD,"EA207G,LA208S,RA209S,EA210G",-0.03591717779636383,0.5702956914901733,3
"4YFD_EA207Q,RA209E,EA210Q",4YFD,"EA207Q,RA209E,EA210Q",0.17261195182800293,0.14658427238464355,3
4YFD_WB4A,4YFD,WB4A,1.1326016187667847,1.7105565071105957,3
4YFD_DB7A,4YFD,DB7A,-0.05472675710916519,1.2693028450012207,3
4YFD_KB71A,4YFD,KB71A,1.475084900856018,1.1444004774093628,3
"2PYE_QD52T,SD53P,SD54W,GE50A,AE51I,GE52Q",2PYE,"QD52T,SD53P,SD54W,GE50A,AE51I,GE52Q",-4.409873008728027,-2.6176018714904785,3
"2PYE_QD52P,SD53F,SD54W,GE50S,AE51V,TE53M,LD96T,LD97S,DD98G,TD100S,LE95V",2PYE,"QD52P,SD53F,SD54W,GE50S,AE51V,TE53M,LD96T,LD97S,DD98G,TD100S,LE95V",-2.4471678733825684,1.6218791007995605,3
"2PYE_TE53I,LD96T,LD97S,DD98G,TD100S,LE95V",2PYE,"TE53I,LD96T,LD97S,DD98G,TD100S,LE95V",3.5460093021392822,3.589622974395752,3
"2PYE_YD32D,TE53I,LD96T,LD97S,DD98G,TD100S,LE95V",2PYE,"YD32D,TE53I,LD96T,LD97S,DD98G,TD100S,LE95V",3.368211507797241,4.748467445373535,3
"2PYE_YD32D,QD52T,SD53P,SD54W,GE50A,AE51I,GE52Q",2PYE,"YD32D,QD52T,SD53P,SD54W,GE50A,AE51I,GE52Q",3.1977736949920654,-0.16408675909042358,3
1P69_SA15P,1P69,SA15P,0.793380618095398,1.0128117799758911,3
1S0W_AC142F,1S0W,AC142F,-2.102992057800293,-2.599587917327881,3
3BTH_HI13K,3BTH,HI13K,-8.781781196594238,-8.954740524291992,3
"3SE3_YB43A,NB44E,SB47Q",3SE3,"YB43A,NB44E,SB47Q",1.8576297760009766,0.5983577966690063,3
"3SE3_YB43H,NB44A,SB47Q",3SE3,"YB43H,NB44A,SB47Q",1.383597493171692,0.5691641569137573,3
"3SE3_YB43H,NB44E,SB47A",3SE3,"YB43H,NB44E,SB47A",1.7648701667785645,0.32256048917770386,3
"3SE3_YB43H,NB44E,SB47Q,QB48A",3SE3,"YB43H,NB44E,SB47Q,QB48A",2.432249069213867,0.12670131027698517,3
"3SE3_YB43H,NB44E,SB47Q,FB50A",3SE3,"YB43H,NB44E,SB47Q,FB50A",2.790170431137085,1.1470305919647217,3
"3SE3_YB43H,NB44E,SB47Q,NB51A",3SE3,"YB43H,NB44E,SB47Q,NB51A",3.0309817790985107,0.9702614545822144,3
"3SE3_YB43H,NB44E,SB47Q,SB54A",3SE3,"YB43H,NB44E,SB47Q,SB54A",2.488123655319214,0.14063118398189545,3
"3SE3_YB43H,NB44E,SB47Q,TB55A",3SE3,"YB43H,NB44E,SB47Q,TB55A",2.8525915145874023,0.7360873222351074,3
"3SE3_YB43H,NB44E,SB47Q,KB56A",3SE3,"YB43H,NB44E,SB47Q,KB56A",2.634376287460327,0.34144043922424316,3
"3SE3_YB43H,NB44E,SB47Q,DB57A",3SE3,"YB43H,NB44E,SB47Q,DB57A",2.3812906742095947,0.2770739793777466,3
"3SE3_YB43H,NB44E,SB47Q,SB59A",3SE3,"YB43H,NB44E,SB47Q,SB59A",2.7163729667663574,0.12083092331886292,3
"3SE3_YB43H,NB44E,SB47Q,TB65A",3SE3,"YB43H,NB44E,SB47Q,TB65A",2.297600746154785,0.262237012386322,3
"3SE3_YB43H,NB44E,SB47Q,LB66A",3SE3,"YB43H,NB44E,SB47Q,LB66A",3.3591322898864746,1.1618995666503906,3
"3SE3_YB43H,NB44E,SB47Q,KB69A",3SE3,"YB43H,NB44E,SB47Q,KB69A",2.3057167530059814,0.6742390394210815,3
"3SE3_YB43H,NB44E,SB47Q,YB71A",3SE3,"YB43H,NB44E,SB47Q,YB71A",2.923438787460327,2.3715643882751465,3
"3SE3_YB43H,NB44E,SB47Q,TB72A",3SE3,"YB43H,NB44E,SB47Q,TB72A",2.683220148086548,0.7073497772216797,3
"3SE3_YB43H,NB44E,SB47Q,YB75A",3SE3,"YB43H,NB44E,SB47Q,YB75A",3.1270294189453125,1.8861068487167358,3
"3SE3_YB43H,NB44E,SB47Q,QB76A",3SE3,"YB43H,NB44E,SB47Q,QB76A",2.289372205734253,0.24527901411056519,3
"3SE3_YB43H,NB44E,SB47Q,NB79A",3SE3,"YB43H,NB44E,SB47Q,NB79A",2.772106647491455,0.8094881772994995,3
"3SE3_YB43H,NB44E,SB47Q,EB82A",3SE3,"YB43H,NB44E,SB47Q,EB82A",2.700028419494629,1.4317872524261475,3
"3SE3_YB43H,NB44E,SB47Q,VB85A",3SE3,"YB43H,NB44E,SB47Q,VB85A",2.488123655319214,0.8697272539138794,3
"3SE3_YB43H,NB44E,SB47Q",3SE3,"YB43H,NB44E,SB47Q",2.4577348232269287,0.7048681974411011,3
"3SE3_YB43M,NB44D,SB47L",3SE3,"YB43M,NB44D,SB47L",0.7132960557937622,-0.9113378524780273,3
"3SE3_YB43A,NB44A,SB47A",3SE3,"YB43A,NB44A,SB47A",0.7697627544403076,0.32414600253105164,3
"3SE3_YB43H,NB44E,SB47Q,QB48A",3SE3,"YB43H,NB44E,SB47Q,QB48A",2.5499517917633057,0.12670131027698517,3
"3SE3_YB43H,NB44E,SB47Q,FB50A",3SE3,"YB43H,NB44E,SB47Q,FB50A",2.912252187728882,1.1470305919647217,3
"3SE3_YB43H,NB44E,SB47Q,NB51A",3SE3,"YB43H,NB44E,SB47Q,NB51A",3.1588070392608643,0.9702614545822144,3
"3SE3_YB43H,NB44E,SB47Q,SB54A",3SE3,"YB43H,NB44E,SB47Q,SB54A",2.6049611568450928,0.14063118398189545,3
"3SE3_YB43H,NB44E,SB47Q,TB55A",3SE3,"YB43H,NB44E,SB47Q,TB55A",2.9685609340667725,0.7360873222351074,3
"3SE3_YB43H,NB44E,SB47Q,KB56A",3SE3,"YB43H,NB44E,SB47Q,KB56A",2.758375406265259,0.34144043922424316,3
"3SE3_YB43H,NB44E,SB47Q,DB57A",3SE3,"YB43H,NB44E,SB47Q,DB57A",2.4998557567596436,0.2770739793777466,3
"3SE3_YB43H,NB44E,SB47Q,SB59A",3SE3,"YB43H,NB44E,SB47Q,SB59A",2.8363590240478516,0.12083092331886292,3
"3SE3_YB43H,NB44E,SB47Q,TB65A",3SE3,"YB43H,NB44E,SB47Q,TB65A",2.4217395782470703,0.262237012386322,3
"3SE3_YB43H,NB44E,SB47Q,LB66A",3SE3,"YB43H,NB44E,SB47Q,LB66A",3.47526478767395,1.1618995666503906,3
"3SE3_YB43H,NB44E,SB47Q,KB69A",3SE3,"YB43H,NB44E,SB47Q,KB69A",2.4257025718688965,0.6742390394210815,3
"3SE3_YB43H,NB44E,SB47Q,YB71A",3SE3,"YB43H,NB44E,SB47Q,YB71A",3.0482640266418457,2.3715643882751465,3
"3SE3_YB43H,NB44E,SB47Q,TB72A",3SE3,"YB43H,NB44E,SB47Q,TB72A",2.801797866821289,0.7073497772216797,3
"3SE3_YB43H,NB44E,SB47Q,QB76A",3SE3,"YB43H,NB44E,SB47Q,QB76A",2.409689426422119,0.24527901411056519,3
"3SE3_YB43H,NB44E,SB47Q,NB79A",3SE3,"YB43H,NB44E,SB47Q,NB79A",2.8856005668640137,0.8094881772994995,3
"3SE3_YB43H,NB44E,SB47Q,EB82A",3SE3,"YB43H,NB44E,SB47Q,EB82A",2.824389934539795,1.4317872524261475,3
"3SE3_YB43H,NB44E,SB47Q,IB88A",3SE3,"YB43H,NB44E,SB47Q,IB88A",2.32709002494812,1.7590997219085693,3
"3SE3_YB43H,NB44E,SB47Q,LB89A",3SE3,"YB43H,NB44E,SB47Q,LB89A",2.8981871604919434,0.9031500220298767,3
"3SE3_YB43H,NB44E,SB47Q,RB92A",3SE3,"YB43H,NB44E,SB47Q,RB92A",2.8363590240478516,0.6429862976074219,3
"3SE3_YB43H,NB44E,SB47Q,RB92K",3SE3,"YB43H,NB44E,SB47Q,RB92K",2.610769510269165,0.7175198793411255,3
"3SE3_YB43H,NB44E,SB47Q,KB93A",3SE3,"YB43H,NB44E,SB47Q,KB93A",2.610769510269165,0.8561757206916809,3
"3SE3_YB43H,NB44E,SB47Q,KB103A",3SE3,"YB43H,NB44E,SB47Q,KB103A",2.6815128326416016,0.8353638052940369,3
"3SE3_YB43A,NB44E,SB47Q",3SE3,"YB43A,NB44E,SB47Q",1.9775469303131104,0.5983577966690063,3
"3SE3_YB43H,NB44A,SB47Q",3SE3,"YB43H,NB44A,SB47Q",1.5067094564437866,0.5691641569137573,3
"3SE3_YB43H,NB44E,SB47A",3SE3,"YB43H,NB44E,SB47A",1.88284432888031,0.32256048917770386,3
"3SE3_YB43A,NB44A,SB47A",3SE3,"YB43A,NB44A,SB47A",0.4106564223766327,0.32414600253105164,3
3SE3_NA53A,3SE3,NA53A,-0.3477616012096405,0.037555668503046036,3
3SE3_YA55A,3SE3,YA55A,1.4973200559616089,2.0115723609924316,3
3SE3_FA81A,3SE3,FA81A,0.4106564223766327,0.9566859006881714,3
3SE3_EA96A,3SE3,EA96A,0.7130590677261353,0.5266599059104919,3
3SE3_KA98A,3SE3,KA98A,1.4973200559616089,0.35733601450920105,3
3SE3_LA116A,3SE3,LA116A,0.0,0.8066738843917847,3
3SE3_DA117A,3SE3,DA117A,0.5428582429885864,0.5742457509040833,3
3SE3_SA120A,3SE3,SA120A,0.5428582429885864,0.3826020359992981,3
3SE3_NA140T,3SE3,NA140T,0.13314899802207947,-0.2680475413799286,3
3SE3_YA148A,3SE3,YA148A,0.4106564223766327,0.1224433183670044,3
3SE3_TA166A,3SE3,TA166A,-0.15638691186904907,1.1264798641204834,3
3SE3_SA167A,3SE3,SA167A,-0.23903489112854004,0.3989225924015045,3
3SE3_FA223A,3SE3,FA223A,1.4973200559616089,0.9849815368652344,3
3SE3_RA226A,3SE3,RA226A,0.4106564223766327,0.999819278717041,3
3SE3_NA227A,3SE3,NA227A,0.5428582429885864,0.49542421102523804,3
3SE3_NA230A,3SE3,NA230A,0.21107575297355652,0.24441185593605042,3
3SE3_FA273A,3SE3,FA273A,0.0,0.3054560720920563,3
2G2W_KA79D,2G2W,KA79D,0.4528871178627014,0.8716423511505127,3
1XGQ_VB33F,1XGQ,VB33F,-2.9093847274780273,-2.5273277759552,3
1XGQ_VB33L,1XGQ,VB33L,-1.0467808246612549,-0.5825697183609009,3
1XGQ_VB33I,1XGQ,VB33I,-1.108123779296875,-1.0084710121154785,3
1XGQ_VB33A,1XGQ,VB33A,1.1530953645706177,1.6580053567886353,3
1M9E_AD76H,1M9E,AD76H,-1.009981393814087,-0.7198812365531921,3
1FSS_TB8V,1FSS,TB8V,0.36920931935310364,1.3145697116851807,3
1FSS_TB9I,1FSS,TB9I,-0.2322661131620407,-0.047502052038908005,3
1FSS_TB9N,1FSS,TB9N,1.1990468502044678,2.682346820831299,3
"1FSS_TB8V,TB9I",1FSS,"TB8V,TB9I",0.4418452978134155,0.37147796154022217,3
"1FSS_TB8V,TB9N",1FSS,"TB8V,TB9N",0.28640708327293396,2.178305149078369,3
1FSS_RB11K,1FSS,RB11K,0.3153128921985626,0.3267705738544464,3
1FSS_AB12S,1FSS,AB12S,0.3246430456638336,0.5104807615280151,3
1FSS_RB27F,1FSS,RB27F,2.4362823963165283,1.1714050769805908,3
1FSS_RB27M,1FSS,RB27M,2.6641392707824707,0.9156443476676941,3
1FSS_RB27Y,1FSS,RB27Y,2.629225015640259,1.3442546129226685,3
1FSS_HB29K,1FSS,HB29K,-0.6196861267089844,-0.4787583351135254,3
1FSS_HB29R,1FSS,HB29R,-1.4884204864501953,-0.11312615871429443,3
1FSS_KB32R,1FSS,KB32R,1.0825053453445435,-0.431988000869751,3
1FSS_MB33F,1FSS,MB33F,0.9372820854187012,-0.1566513031721115,3
1FSS_MB33L,1FSS,MB33L,0.9630449414253235,0.6574862003326416,3
1FSS_MB33Q,1FSS,MB33Q,1.5725946426391602,1.2713656425476074,3
1FSS_MB33Y,1FSS,MB33Y,1.395359992980957,-0.48347926139831543,3
1FSS_VB34T,1FSS,VB34T,1.5859588384628296,-0.1561438888311386,3
1FSS_LB35W,1FSS,LB35W,1.4518266916275024,1.0534303188323975,3
1FSS_NB47F,1FSS,NB47F,0.4927620589733124,-0.1408056616783142,3
1FSS_NB47W,1FSS,NB47W,0.11596926301717758,0.004547704942524433,3
1FSS_NB47R,1FSS,NB47R,-0.5349057912826538,0.08901098370552063,3
"1FSS_TB8V,TB9N,RB11K,HB29R,KB32R",1FSS,"TB8V,TB9N,RB11K,HB29R,KB32R",0.8018864393234253,1.3956718444824219,3
1FSS_TB8V,1FSS,TB8V,-0.5380995869636536,1.3145697116851807,3
1FSS_TB9N,1FSS,TB9N,1.3038697242736816,2.682346820831299,3
"1FSS_TB8V,TB9N",1FSS,"TB8V,TB9N",0.42946600914001465,2.178305149078369,3
1FSS_RB11K,1FSS,RB11K,0.3177347779273987,0.3267705738544464,3
1FSS_HB29R,1FSS,HB29R,-1.057721495628357,-0.11312615871429443,3
1FSS_KB32R,1FSS,KB32R,1.1873283386230469,-0.431988000869751,3
"1FSS_TB8V,TB9N,RB11K,HB29R",1FSS,"TB8V,TB9N,RB11K,HB29R",-0.39184683561325073,1.9212026596069336,3
1B3S_AA102H,1B3S,AA102H,-5.68190336227417,-5.815431594848633,3
1B3S_FD30Y,1B3S,FD30Y,0.5960938334465027,-0.053899239748716354,3
"1B3S_AA102H,FD30Y",1B3S,"AA102H,FD30Y",-5.549701690673828,-5.7115373611450195,3
1Y48_AI46R,1Y48,AI46R,-3.756010055541992,-2.3650407791137695,3
3UIG_EA47A,3UIG,EA47A,0.6467464566230774,0.712449312210083,3
3UIG_KA58A,3UIG,KA58A,0.4465735852718353,-0.14883077144622803,3
3UIG_EA61A,3UIG,EA61A,1.7585606575012207,0.5021660923957825,3
3UIG_DA67A,3UIG,DA67A,2.039231300354004,0.6017491817474365,3
3UIG_EA72A,3UIG,EA72A,1.7930582761764526,0.35715579986572266,3
1JTD_QA73A,1JTD,QA73A,0.5186731815338135,0.6755437850952148,3
1JTD_NA74A,1JTD,NA74A,0.8012278079986572,-0.08462601900100708,3
1JTD_LA76A,1JTD,LA76A,1.733952522277832,2.119940757751465,3
1JTD_EA78A,1JTD,EA78A,0.8407392501831055,0.7523174285888672,3
1JTD_YA79A,1JTD,YA79A,2.2508599758148193,1.0972950458526611,3
1JTD_PA81A,1JTD,PA81A,1.733952522277832,1.0406460762023926,3
1JTD_EA84A,1JTD,EA84A,0.038235973566770554,1.8543508052825928,3
1JTD_KA85A,1JTD,KA85A,2.144608974456787,0.6306701898574829,3
1JTD_MA103A,1JTD,MA103A,2.5226452350616455,1.0046762228012085,3
1JTD_VA190A,1JTD,VA190A,0.038235973566770554,1.3127113580703735,3
1JTD_MA244A,1JTD,MA244A,0.27845457196235657,1.1062835454940796,3
1JTD_NB12A,1JTD,NB12A,1.3017500638961792,1.8481512069702148,3
1JTD_DB14A,1JTD,DB14A,1.5081050395965576,2.272469997406006,3
1JTD_WB15A,1JTD,WB15A,1.3930768966674805,2.510059356689453,3
1JTD_TB19A,1JTD,TB19A,0.2951873242855072,0.23816348612308502,3
1JTD_YB35A,1JTD,YB35A,3.1518187522888184,2.2344906330108643,3
1JTD_FB36A,1JTD,FB36A,2.5512847900390625,2.9854698181152344,3
1JTD_LB53A,1JTD,LB53A,0.6671075820922852,1.071117639541626,3
1JTD_NB74A,1JTD,NB74A,1.2099658250808716,1.7985222339630127,3
1JTD_YB75A,1JTD,YB75A,0.4804372191429138,1.055682897567749,3
1JTD_DB93A,1JTD,DB93A,1.989831566810608,1.5138823986053467,3
1JTD_WB114A,1JTD,WB114A,3.2562007904052734,3.5787124633789062,3
1JTD_DB129A,1JTD,DB129A,0.9608744382858276,0.22023209929466248,3
1JTD_SB131A,1JTD,SB131A,0.15162824094295502,0.09850502014160156,3
1JTD_DB132A,1JTD,DB132A,-0.5490620136260986,0.5187020301818848,3
1JTD_YB153A,1JTD,YB153A,3.3001062870025635,3.30271577835083,3
1JTD_DB168A,1JTD,DB168A,-1.0615314245224,2.7598490715026855,3
1JTD_YB170A,1JTD,YB170A,2.027261972427368,1.5258369445800781,3
1JTD_FB171A,1JTD,FB171A,2.2007148265838623,1.6984822750091553,3
1JTD_IB191A,1JTD,IB191A,2.8903894424438477,3.051514148712158,3
1JTD_FB192A,1JTD,FB192A,3.9618523120880127,3.139061450958252,3
1JTD_YB210A,1JTD,YB210A,0.8243905305862427,0.7614082098007202,3
1JTD_EB230A,1JTD,EB230A,1.8500686883926392,2.331052303314209,3
1JTD_WB231A,1JTD,WB231A,5.811737537384033,4.851065158843994,3
1JTD_RB248A,1JTD,RB248A,0.888344407081604,0.4893573820590973,3
1JTD_NB266A,1JTD,NB266A,2.6700212955474854,2.744899272918701,3
4I77_YH100F,4I77,YH100F,0.0,0.4617537260055542,3
4I77_YH100A,4I77,YH100A,0.0,1.0188405513763428,3
4I77_YH101F,4I77,YH101F,0.0,0.5237966775894165,3
4I77_YH101A,4I77,YH101A,0.9415455460548401,1.4155936241149902,3
4I77_YH103F,4I77,YH103F,0.0,-0.0024823518469929695,3
4I77_YH103A,4I77,YH103A,1.6923214197158813,1.924354910850525,3
4I77_DH54A,4I77,DH54A,2.124706268310547,2.0917744636535645,3
4I77_WH52F,4I77,WH52F,2.0995631217956543,-0.30750495195388794,3
4I77_WH52A,4I77,WH52A,2.114776611328125,1.1542123556137085,3
4I77_YL32F,4I77,YL32F,0.0,0.07470467686653137,3
4I77_YL32A,4I77,YL32A,0.0,0.886942982673645,3
4I77_NL95A,4I77,NL95A,1.7221993207931519,0.7323696613311768,3
4I77_YH100F,4I77,YH100F,0.0,0.4617537260055542,3
4I77_YH100A,4I77,YH100A,0.0,1.0188405513763428,3
4I77_YH101F,4I77,YH101F,0.0,0.5237966775894165,3
4I77_YH101A,4I77,YH101A,2.27596378326416,1.4155936241149902,3
4I77_YH103F,4I77,YH103F,0.6307899951934814,-0.004752648063004017,3
4I77_YH103A,4I77,YH103A,2.5998315811157227,1.926519513130188,3
4I77_DH54A,4I77,DH54A,2.9955828189849854,2.0822253227233887,3
4I77_WH52F,4I77,WH52F,2.821359395980835,-0.31063950061798096,3
4I77_WH52A,4I77,WH52A,2.9105122089385986,1.152956247329712,3
4I77_YL32F,4I77,YL32F,0.0,0.07559400051832199,3
4I77_YL32A,4I77,YL32A,1.567731499671936,0.8874883651733398,3
4I77_NL95A,4I77,NL95A,0.9991104006767273,0.7315492033958435,3
3B4V_LC16E,3B4V,LC16E,0.8213128447532654,1.0532176494598389,3
3B4V_LC49E,3B4V,LC49E,4.133388519287109,3.1973743438720703,3
3B4V_FC52E,3B4V,FC52E,3.8812005519866943,3.2127082347869873,3
3B4V_LC53E,3B4V,LC53E,4.092513084411621,3.7642972469329834,3
3B4V_LC49A,3B4V,LC49A,3.5805726051330566,2.7848739624023438,3
3B4V_FC52A,3B4V,FC52A,3.850175142288208,2.670388698577881,3
3B4V_LC53A,3B4V,LC53A,3.393157958984375,3.404177665710449,3
3M63_EA33A,3M63,EA33A,0.6463438272476196,0.5911495685577393,4
3M63_DA46A,3M63,DA46A,2.234205961227417,2.477691173553467,4
3M63_LA50A,3M63,LA50A,0.5764208436012268,2.2710936069488525,4
3M63_TA54A,3M63,TA54A,0.31137704849243164,0.16347013413906097,4
3M63_EA55A,3M63,EA55A,0.34635159373283386,0.6125878095626831,4
3M63_RA98A,3M63,RA98A,-0.18529273569583893,1.173097848892212,4
3M63_GA102A,3M63,GA102A,0.12470666319131851,1.2092065811157227,4
3M63_YA103A,3M63,YA103A,3.650576591491699,3.266023635864258,4
3M63_VA106A,3M63,VA106A,1.83893883228302,2.288264751434326,4
3M63_IA110A,3M63,IA110A,1.0890923738479614,1.2899718284606934,4
3M63_FA113A,3M63,FA113A,1.7915173768997192,1.3092219829559326,4
"3M63_GB8F,QB9K,SB65Q,HB67V,VB69M",3M63,"GB8F,QB9K,SB65Q,HB67V,VB69M",0.1871277093887329,0.20563431084156036,4
1H9D_RB2A,1H9D,RB2A,1.1621885299682617,0.9704495668411255,4
1H9D_VB3A,1H9D,VB3A,1.4024070501327515,0.2911418378353119,4
1H9D_GB60A,1H9D,GB60A,2.077467203140259,0.059807367622852325,4
1H9D_QB66A,1H9D,QB66A,1.3641711473464966,0.3615707755088806,4
1H9D_LB93A,1H9D,LB93A,0.9402005672454834,1.5319187641143799,4
1H9D_NB94A,1H9D,NB94A,2.3043715953826904,1.3915081024169922,4
1Y33_PI39T,1Y33,PI39T,-3.756010055541992,-3.454707622528076,4
4FZA_FA168E,4FZA,FA168E,0.5428582429885864,2.1164350509643555,4
4FZA_YA213A,4FZA,YA213A,1.270783543586731,0.9448024034500122,4
4FZA_RA217A,4FZA,RA217A,1.0278971195220947,0.827977180480957,4
4FZA_EB122A,4FZA,EB122A,0.4254123568534851,0.335032194852829,4
1JTG_GA212S,1JTG,GA212S,-0.26777946949005127,-0.12332528084516525,4
1JTG_EA79K,1JTG,EA79K,4.2353901863098145,2.4293766021728516,4
1JTG_DB49A,1JTG,DB49A,2.5614840984344482,1.5127058029174805,4
1JTG_FB142A,1JTG,FB142A,3.3792171478271484,2.4135775566101074,4
"1JTG_GA212S,DB49A",1JTG,"GA212S,DB49A",2.6352171897888184,1.2322677373886108,4
"1JTG_GA212S,FB142A",1JTG,"GA212S,FB142A",3.681856870651245,2.141669273376465,4
"1JTG_EA79K,DB49A",1JTG,"EA79K,DB49A",5.640436172485352,2.2764720916748047,4
"1JTG_EA79K,FB142A",1JTG,"EA79K,FB142A",4.554719924926758,2.857088565826416,4
1JTG_DB49A,1JTG,DB49A,1.8142549991607666,1.5127058029174805,4
"1JTG_SA209A,DB49A",1JTG,"SA209A,DB49A",1.6411057710647583,2.132547616958618,4
"1JTG_SA105A,DB49A",1JTG,"SA105A,DB49A",1.384631872177124,2.1161928176879883,4
"1JTG_SA209A,SA105A,DB49A",1JTG,"SA209A,SA105A,DB49A",1.0941568613052368,2.2697572708129883,4
"1JTG_RA217A,DB49A",1JTG,"RA217A,DB49A",1.1116822957992554,1.9638004302978516,4
"1JTG_KA208A,DB49A",1JTG,"KA208A,DB49A",1.5540213584899902,2.3070120811462402,4
"1JTG_RA217A,SA209A,DB49A",1JTG,"RA217A,SA209A,DB49A",0.4080484211444855,1.8330179452896118,4
"1JTG_RA217A,SA105A,DB49A",1JTG,"RA217A,SA105A,DB49A",1.2549387216567993,2.430708885192871,4
"1JTG_SA209A,KA208A,DB49A",1JTG,"SA209A,KA208A,DB49A",1.5348256826400757,2.324324607849121,4
"1JTG_KA208A,SA105A,DB49A",1JTG,"KA208A,SA105A,DB49A",1.3181935548782349,2.218921184539795,4
"1JTG_RA217A,SA209A,SA105A,DB49A",1JTG,"RA217A,SA209A,SA105A,DB49A",0.8942657113075256,1.8744125366210938,4
"1JTG_SA209A,SA105A,KA208A,DB49A",1JTG,"SA209A,SA105A,KA208A,DB49A",0.6092560887336731,2.1919331550598145,4
"1JTG_RA217A,KA208A,DB49A",1JTG,"RA217A,KA208A,DB49A",1.904421329498291,1.9382076263427734,4
"1JTG_RA217A,SA209A,KA208A,DB49A",1JTG,"RA217A,SA209A,KA208A,DB49A",2.032426357269287,2.1791675090789795,4
"1JTG_KA208A,SA105A,RA217A,DB49A",1JTG,"KA208A,SA105A,RA217A,DB49A",1.4909703731536865,2.26399564743042,4
"1JTG_KA208A,SA209A,SA105A,RA217A,DB49A",1JTG,"KA208A,SA209A,SA105A,RA217A,DB49A",1.726972222328186,2.2595434188842773,4
1JTG_SA209A,1JTG,SA209A,1.23908269405365,0.5754864811897278,4
1JTG_SA105A,1JTG,SA105A,0.7919731140136719,0.4812254011631012,4
"1JTG_SA209A,SA105A",1JTG,"SA209A,SA105A",1.152734398841858,0.3523573577404022,4
1JTG_RA217A,1JTG,RA217A,1.3393713235855103,0.79299396276474,4
1JTG_KA208A,1JTG,KA208A,1.4172372817993164,0.2538965344429016,4
"1JTG_RA217A,SA209A",1JTG,"RA217A,SA209A",0.7395939230918884,1.2068406343460083,4
"1JTG_RA217A,SA105A",1JTG,"RA217A,SA105A",1.8496946096420288,1.5581787824630737,4
"1JTG_SA209A,KA208A",1JTG,"SA209A,KA208A",2.0937232971191406,0.5809534788131714,4
"1JTG_KA208A,SA105A",1JTG,"KA208A,SA105A",1.9795986413955688,0.43387988209724426,4
"1JTG_RA217A,SA209A,SA105A",1JTG,"RA217A,SA209A,SA105A",1.6881089210510254,1.7575417757034302,4
"1JTG_SA209A,SA105A,KA208A",1JTG,"SA209A,SA105A,KA208A",1.8496946096420288,0.722965657711029,4
"1JTG_RA217A,KA208A",1JTG,"RA217A,KA208A",2.730074644088745,1.0759228467941284,4
"1JTG_RA217A,SA209A,KA208A",1JTG,"RA217A,SA209A,KA208A",2.7169570922851562,1.3902502059936523,4
"1JTG_KA208A,SA105A,RA217A",1JTG,"KA208A,SA105A,RA217A",2.5094218254089355,1.746158480644226,4
"1JTG_KA208A,SA209A,SA105A,RA217A",1JTG,"KA208A,SA209A,SA105A,RA217A",2.788503646850586,1.7270491123199463,4
1JTG_DB49A,1JTG,DB49A,1.7919657230377197,1.5127058029174805,4
1JTG_KB74A,1JTG,KB74A,3.559509038925171,0.9022982120513916,4
1JTG_FB142A,1JTG,FB142A,2.102992057800293,2.4135775566101074,4
1JTG_YB143A,1JTG,YB143A,0.3820299804210663,1.0598328113555908,4
"1JTG_KB74A,FB142A",1JTG,"KB74A,FB142A",4.852370262145996,2.23270320892334,4
"1JTG_KB74A,YB143A",1JTG,"KB74A,YB143A",3.0586442947387695,1.5505229234695435,4
"1JTG_FB142A,YB143A",1JTG,"FB142A,YB143A",2.843151092529297,2.356938362121582,4
"1JTG_KB74A,FB142A,YB143A",1JTG,"KB74A,FB142A,YB143A",3.8954012393951416,2.568697690963745,4
1JTG_EA79A,1JTG,EA79A,1.552952527999878,2.4333105087280273,4
"1JTG_KB74A,EA79A",1JTG,"KB74A,EA79A",1.5768485069274902,1.520838975906372,4
"1JTG_FB142A,EA79A",1JTG,"FB142A,EA79A",2.7478888034820557,2.623004674911499,4
"1JTG_YB143A,EA79A",1JTG,"YB143A,EA79A",1.8645553588867188,2.726766586303711,4
"1JTG_KB74A,FB142A,EA79A",1JTG,"KB74A,FB142A,EA79A",3.130239963531494,2.7304701805114746,4
"1JTG_KB74A,YB143A,EA79A",1JTG,"KB74A,YB143A,EA79A",1.0506681203842163,2.531268835067749,4
"1JTG_FB142A,YB143A,EA79A",1JTG,"FB142A,YB143A,EA79A",2.8912806510925293,2.9233222007751465,4
"1JTG_KB74A,FB142A,YB143A,EA79A",1JTG,"KB74A,FB142A,YB143A,EA79A",2.3889827728271484,2.8025970458984375,4
1JTG_YA80A,1JTG,YA80A,-0.16837136447429657,1.6539382934570312,4
"1JTG_KB74A,YA80A",1JTG,"KB74A,YA80A",3.322336435317993,1.340029001235962,4
"1JTG_FB142A,YA80A",1JTG,"FB142A,YA80A",0.6943662762641907,2.8044986724853516,4
"1JTG_YB143A,YA80A",1JTG,"YB143A,YA80A",1.0754432678222656,1.8328113555908203,4
"1JTG_KB74A,FB142A,YA80A",1JTG,"KB74A,FB142A,YA80A",4.779135227203369,2.7269811630249023,4
"1JTG_KB74A,YB143A,YA80A",1JTG,"KB74A,YB143A,YA80A",3.3951475620269775,2.2800357341766357,4
"1JTG_FB142A,YB143A,YA80A",1JTG,"FB142A,YB143A,YA80A",2.9869043827056885,2.747131109237671,4
"1JTG_KB74A,FB142A,YB143A,YA80A",1JTG,"KB74A,FB142A,YB143A,YA80A",4.229416370391846,3.2059507369995117,4
"1JTG_EA79A,YA80A",1JTG,"EA79A,YA80A",1.0270099639892578,1.5650222301483154,4
"1JTG_KB74A,EA79A,YA80A",1JTG,"KB74A,EA79A,YA80A",1.3861162662506104,1.5900688171386719,4
"1JTG_FB142A,EA79A,YA80A",1JTG,"FB142A,EA79A,YA80A",1.5050040483474731,2.7546820640563965,4
"1JTG_YB143A,EA79A,YA80A",1JTG,"YB143A,EA79A,YA80A",2.054677724838257,2.6735963821411133,4
"1JTG_KB74A,FB142A,EA79A,YA80A",1JTG,"KB74A,FB142A,EA79A,YA80A",3.130239963531494,2.9328131675720215,4
"1JTG_KB74A,YB143A,EA79A,YA80A",1JTG,"KB74A,YB143A,EA79A,YA80A",1.7679566144943237,2.854379653930664,4
"1JTG_FB142A,YB143A,EA79A,YA80A",1JTG,"FB142A,YB143A,EA79A,YA80A",2.843151092529297,2.685213804244995,4
"1JTG_KB74A,FB142A,YB143A,EA79A,YA80A",1JTG,"KB74A,FB142A,YB143A,EA79A,YA80A",2.412727117538452,3.1295809745788574,4
1JTG_RA217A,1JTG,RA217A,1.2657638788223267,0.79299396276474,4
"1JTG_DB49A,RA217A",1JTG,"DB49A,RA217A",1.0992237329483032,1.9638004302978516,4
"1JTG_KB74A,RA217A",1JTG,"KB74A,RA217A",6.62026834487915,2.338207244873047,4
"1JTG_FB142A,RA217A",1JTG,"FB142A,RA217A",3.3951475620269775,2.8223490715026855,4
"1JTG_YB143A,RA217A",1JTG,"YB143A,RA217A",2.269850254058838,2.3815441131591797,4
"1JTG_KB74A,FB142A,RA217A",1JTG,"KB74A,FB142A,RA217A",5.496315956115723,2.45306658744812,4
"1JTG_KB74A,YB143A,RA217A",1JTG,"KB74A,YB143A,RA217A",4.373137474060059,2.439006805419922,4
"1JTG_FB142A,YB143A,RA217A",1JTG,"FB142A,YB143A,RA217A",4.542801380157471,3.2188668251037598,4
"1JTG_KB74A,FB142A,YB143A,RA217A",1JTG,"KB74A,FB142A,YB143A,RA217A",5.257837295532227,2.816135883331299,4
1JTG_KA208A,1JTG,KA208A,1.0270099639892578,0.2538965344429016,4
"1JTG_DB49A,KA208A",1JTG,"DB49A,KA208A",1.6006518602371216,2.3070120811462402,4
"1JTG_KB74A,KA208A",1JTG,"KB74A,KA208A",6.548087120056152,1.6576087474822998,4
"1JTG_FB142A,KA208A",1JTG,"FB142A,KA208A",3.3951475620269775,1.9787814617156982,4
"1JTG_YB143A,KA208A",1JTG,"YB143A,KA208A",2.5566611289978027,1.765087366104126,4
"1JTG_KB74A,FB142A,KA208A",1JTG,"KB74A,FB142A,KA208A",5.830841064453125,2.719841718673706,4
"1JTG_KB74A,YB143A,KA208A",1JTG,"KB74A,YB143A,KA208A",4.876004219055176,2.4257941246032715,4
"1JTG_FB142A,YB143A,KA208A",1JTG,"FB142A,YB143A,KA208A",4.68193244934082,2.9508635997772217,4
"1JTG_KB74A,FB142A,YB143A,KA208A",1JTG,"KB74A,FB142A,YB143A,KA208A",5.472614765167236,3.0278751850128174,4
1JTG_SA105A,1JTG,SA105A,0.33384764194488525,0.4812254011631012,4
"1JTG_DB49A,SA105A",1JTG,"DB49A,SA105A",0.35808926820755005,2.1161928176879883,4
"1JTG_KB74A,SA105A",1JTG,"KB74A,SA105A",3.1786303520202637,1.2342355251312256,4
"1JTG_FB142A,SA105A",1JTG,"FB142A,SA105A",2.843151092529297,2.823168992996216,4
"1JTG_YB143A,SA105A",1JTG,"YB143A,SA105A",1.7919657230377197,1.1280913352966309,4
"1JTG_KB74A,FB142A,SA105A",1JTG,"KB74A,FB142A,SA105A",5.161859035491943,2.7573821544647217,4
"1JTG_KB74A,YB143A,SA105A",1JTG,"KB74A,YB143A,SA105A",3.7284178733825684,1.5345566272735596,4
"1JTG_FB142A,YB143A,SA105A",1JTG,"FB142A,YB143A,SA105A",4.158278465270996,2.486152410507202,4
"1JTG_KB74A,FB142A,YB143A,SA105A",1JTG,"KB74A,FB142A,YB143A,SA105A",5.066775321960449,2.71596097946167,4
1JTG_QA74A,1JTG,QA74A,0.42960184812545776,0.4983172118663788,4
1JTG_NA75A,1JTG,NA75A,-0.4558051824569702,0.18785734474658966,4
1JTG_VA78A,1JTG,VA78A,1.9107438325881958,1.1590092182159424,4
1JTG_EA79A,1JTG,EA79A,1.7679566144943237,2.4333105087280273,4
1JTG_PA82A,1JTG,PA82A,-0.38275691866874695,1.2123006582260132,4
1JTG_EA85A,1JTG,EA85A,4.0619282722473145,0.14073896408081055,4
1JTG_MA104A,1JTG,MA104A,0.7388210296630859,1.4173625707626343,4
1JTG_EA143A,1JTG,EA143A,-0.07258199155330658,0.28892233967781067,4
1JTG_VA190A,1JTG,VA190A,-0.4069419801235199,1.4090406894683838,4
1JTG_FB36A,1JTG,FB36A,3.2014195919036865,1.096203088760376,4
1JTG_HB41A,1JTG,HB41A,3.2497003078460693,1.4609988927841187,4
1JTG_DB49A,1JTG,DB49A,1.6727427244186401,1.5127058029174805,4
1JTG_YB50A,1JTG,YB50A,-0.4069419801235199,2.0673341751098633,4
1JTG_YB53A,1JTG,YB53A,2.077467203140259,1.0551815032958984,4
1JTG_SB71A,1JTG,SB71A,0.35808926820755005,0.6886801719665527,4
1JTG_KB74A,1JTG,KB74A,3.8236682415008545,0.9022982120513916,4
1JTG_WB112A,1JTG,WB112A,3.0105111598968506,0.918677806854248,4
1JTG_SB113A,1JTG,SB113A,-0.16837136447429657,0.09272924810647964,4
1JTG_FB142A,1JTG,FB142A,2.508270740509033,2.4135775566101074,4
1JTG_HB148A,1JTG,HB148A,2.7478888034820557,1.720275640487671,4
1JTG_WB150A,1JTG,WB150A,4.253561973571777,2.1104140281677246,4
1JTG_RB160A,1JTG,RB160A,2.2222042083740234,0.17470671236515045,4
1JTG_WB162A,1JTG,WB162A,2.3408265113830566,1.8933002948760986,4
"1JTG_QA74A,HB148A",1JTG,"QA74A,HB148A",3.2014195919036865,2.1950719356536865,4
"1JTG_QA74A,WB150A",1JTG,"QA74A,WB150A",3.8236682415008545,1.858128547668457,4
"1JTG_QA74A,RB160A",1JTG,"QA74A,RB160A",3.7509472370147705,0.5691897869110107,4
"1JTG_NA75A,HB148A",1JTG,"NA75A,HB148A",2.102992057800293,1.2230150699615479,4
"1JTG_NA75A,WB150A",1JTG,"NA75A,WB150A",4.349467754364014,1.4774149656295776,4
"1JTG_NA75A,RB160A",1JTG,"NA75A,RB160A",1.5768485069274902,0.616370677947998,4
"1JTG_EA143A,WB162A",1JTG,"EA143A,WB162A",2.077467203140259,2.146564245223999,4
"1JTG_VA78A,WB162A",1JTG,"VA78A,WB162A",4.229416370391846,1.8448491096496582,4
"1JTG_MA104A,YB53A",1JTG,"MA104A,YB53A",3.6092748641967773,2.483961343765259,4
"1JTG_MA104A,YB50A",1JTG,"MA104A,YB50A",0.35808926820755005,2.314445972442627,4
"1JTG_MA104A,FB36A",1JTG,"MA104A,FB36A",3.631322145462036,1.9544603824615479,4
"1JTG_PA82A,HB41A",1JTG,"PA82A,HB41A",2.6529457569122314,1.3203798532485962,4
"1JTG_PA82A,YB50A",1JTG,"PA82A,YB50A",-0.6471605896949768,2.2222228050231934,4
"1JTG_PA82A,YB53A",1JTG,"PA82A,YB53A",2.3889827728271484,1.5993578433990479,4
"1JTG_VA190A,YB50A",1JTG,"VA190A,YB50A",-0.8855306506156921,2.1941347122192383,4
"1JTG_EA85A,SB113A,SB71A",1JTG,"EA85A,SB113A,SB71A",5.042290210723877,-0.0100479107350111,4
"1JTG_EA85A,SB113A",1JTG,"EA85A,SB113A",4.565590858459473,-0.004599487408995628,4
"1JTG_EA85A,SB71A",1JTG,"EA85A,SB71A",5.019353866577148,0.7386671304702759,4
"1JTG_SB71A,SB113A",1JTG,"SB71A,SB113A",0.45606809854507446,0.31212928891181946,4
"1JTG_EA79A,SB113A",1JTG,"EA79A,SB113A",1.8645553588867188,1.9684982299804688,4
"1JTG_QA74A,WB112A",1JTG,"QA74A,WB112A",3.537736654281616,1.5541093349456787,4
"1JTG_QA74A,WB162A",1JTG,"QA74A,WB162A",2.8912806510925293,1.3983372449874878,4
"1JTG_QA74A,KB74A",1JTG,"QA74A,KB74A",4.109651565551758,0.897843599319458,4
"1JTG_QA74A,FB142A",1JTG,"QA74A,FB142A",2.819136619567871,1.313551902770996,4
"1JTG_QA74A,DB49A",1JTG,"QA74A,DB49A",2.1983838081359863,1.7320444583892822,4
"1JTG_NA75A,WB112A",1JTG,"NA75A,WB112A",2.795217752456665,1.2250491380691528,4
"1JTG_NA75A,WB162A",1JTG,"NA75A,WB162A",2.102992057800293,1.382251501083374,4
"1JTG_NA75A,RB160A",1JTG,"NA75A,RB160A",1.5768485069274902,0.616370677947998,4
"1JTG_NA75A,KB74A",1JTG,"NA75A,KB74A",3.5118329524993896,1.1329346895217896,4
"1JTG_NA75A,FB142A",1JTG,"NA75A,FB142A",2.2936041355133057,1.7955007553100586,4
"1JTG_NA75A,DB49A",1JTG,"NA75A,DB49A",1.5768485069274902,1.5311639308929443,4
"1JTG_VA78A,RB160A",1JTG,"VA78A,RB160A",4.349467754364014,0.8172294497489929,4
"1JTG_VA78A,FB142A",1JTG,"VA78A,FB142A",4.516676902770996,2.379426956176758,4
"1JTG_EA143A,WB112A",1JTG,"EA143A,WB112A",2.795217752456665,1.7061858177185059,4
"1JTG_EA143A,WB150A",1JTG,"EA143A,WB150A",4.109651565551758,2.090402126312256,4
"1JTG_EA143A,RB160A",1JTG,"EA143A,RB160A",2.3189265727996826,0.9483288526535034,4
"1JTG_EA143A,KB74A",1JTG,"EA143A,KB74A",4.0619282722473145,1.0536357164382935,4
"1JTG_EA143A,FB142A",1JTG,"EA143A,FB142A",2.581045150756836,2.4215567111968994,4
"1JTG_EA143A,DB49A",1JTG,"EA143A,DB49A",1.5050040483474731,1.70415198802948,4
"1JTG_EA85A,YB50A",1JTG,"EA85A,YB50A",3.9671037197113037,1.4760997295379639,4
"1JTG_MA104A,SB113A,SB71A",1JTG,"MA104A,SB113A,SB71A",1.6727427244186401,1.6218377351760864,4
"1JTG_VA190A,FB142A",1JTG,"VA190A,FB142A",2.1983838081359863,2.4266018867492676,4
"1JTG_EA79A,SB113A,SB71A",1JTG,"EA79A,SB113A,SB71A",2.581045150756836,1.5221965312957764,4
1JTG_TB32K,1JTG,TB32K,0.19934363663196564,0.1642165631055832,4
1JTG_VB93K,1JTG,VB93K,-0.4757164716720581,0.09477660804986954,4
1JTG_TB140K,1JTG,TB140K,-0.014392253942787647,0.2909890413284302,4
1JTG_NB89K,1JTG,NB89K,-0.4549265205860138,0.11165281385183334,4
1JTG_DB163A,1JTG,DB163A,-1.3409347534179688,0.5316169261932373,4
1JTG_DB163K,1JTG,DB163K,-1.982764482498169,0.3310915529727936,4
"1JTG_TB140K,QB157K",1JTG,"TB140K,QB157K",-0.396605521440506,0.2732867896556854,4
"1JTG_VB165K,DB163K,NB89K",1JTG,"VB165K,DB163K,NB89K",-2.393420934677124,1.0168259143829346,4
"1JTG_DB163K,DB135K,VB134K",1JTG,"DB163K,DB135K,VB134K",-3.0551669597625732,0.35595831274986267,4
"1JTG_VB165K,DB163K,DB135K,NB89K",1JTG,"VB165K,DB163K,DB135K,NB89K",-3.36055588722229,0.40255895256996155,4
1JTG_KA86N,1JTG,KA86N,0.1809239685535431,1.2546992301940918,4
1JTG_RA214Y,1JTG,RA214Y,-0.14287693798542023,0.0007914714515209198,4
1JTG_PA82Q,1JTG,PA82Q,0.46132421493530273,0.11084591597318649,4
1JTG_EA143G,1JTG,EA143G,-0.17043781280517578,0.730974018573761,4
1JTG_EA85V,1JTG,EA85V,-0.6724210977554321,-0.6923090219497681,4
1JTG_EA85G,1JTG,EA85G,-0.9126397371292114,0.46564385294914246,4
1JTG_EA146K,1JTG,EA146K,-0.6100000739097595,0.730394721031189,4
"1JTG_EA85G,EA143G",1JTG,"EA85G,EA143G",-0.6100000739097595,1.8676478862762451,4
"1JTG_EA85V,EA143G",1JTG,"EA85V,EA143G",-0.7422019243240356,-0.08492711931467056,4
1JTG_EA213K,1JTG,EA213K,-0.4106564223766327,0.3964076340198517,4
1JTG_EA79A,1JTG,EA79A,1.8279184103012085,2.4333105087280273,4
1JTG_EA79D,1JTG,EA79D,3.6436209678649902,4.400930404663086,4
1JTG_EA79K,1JTG,EA79K,2.238574743270874,2.4293766021728516,4
1JTG_EB73M,1JTG,EB73M,0.5046222805976868,0.2013612985610962,4
"1JTG_EB73M,KB74A",1JTG,"EB73M,KB74A",4.294496059417725,0.5458747148513794,4
"1JTG_EB73M,FB142A",1JTG,"EB73M,FB142A",2.5326898097991943,1.6568883657455444,4
"1JTG_EB73M,KB74A,FB142A",1JTG,"EB73M,KB74A,FB142A",4.556260585784912,1.694282054901123,4
"1JTG_EA79A,EB73M",1JTG,"EA79A,EB73M",1.8363221883773804,1.3326462507247925,4
"1JTG_EA79A,EB73M,KB74A",1JTG,"EA79A,EB73M,KB74A",2.0956978797912598,1.4233946800231934,4
"1JTG_EA79A,EB73M,FB142A",1JTG,"EA79A,EB73M,FB142A",2.8455445766448975,2.7097067832946777,4
"1JTG_EA79A,EB73M,KB74A,FB142A",1JTG,"EA79A,EB73M,KB74A,FB142A",2.582089424133301,2.8078372478485107,4
1JTG_EB31A,1JTG,EB31A,0.8213128447532654,-0.0637875348329544,4
1JTG_SB35A,1JTG,SB35A,0.0,0.3794284164905548,4
1JTG_FB36A,1JTG,FB36A,2.5961403846740723,1.096203088760376,4
1JTG_SB39A,1JTG,SB39A,-0.3026396632194519,0.0893072709441185,4
1JTG_HB41A,1JTG,HB41A,2.4998557567596436,1.4609988927841187,4
1JTG_GB48A,1JTG,GB48A,0.19934363663196564,0.7405621409416199,4
1JTG_DB49A,1JTG,DB49A,2.185483932495117,1.5127058029174805,4
1JTG_YB50A,1JTG,YB50A,-2.261219024658203,2.0673341751098633,4
1JTG_YB51A,1JTG,YB51A,0.0,2.2852864265441895,4
1JTG_YB53A,1JTG,YB53A,2.2143898010253906,1.0551815032958984,4
1JTG_SB71A,1JTG,SB71A,-0.5428582429885864,0.6886801719665527,4
1JTG_EB73A,1JTG,EB73A,-0.13220183551311493,1.554894208908081,4
1JTG_KB74A,1JTG,KB74A,2.6789426803588867,0.9022982120513916,4
1JTG_WB112A,1JTG,WB112A,1.9302657842636108,0.918677806854248,4
1JTG_SB113A,1JTG,SB113A,-0.8970479965209961,0.09272924810647964,4
1JTG_GB141A,1JTG,GB141A,0.7588918209075928,-0.03267267346382141,4
1JTG_FB142A,1JTG,FB142A,2.0532820224761963,2.4135775566101074,4
1JTG_YB143A,1JTG,YB143A,0.10801676660776138,1.0598328113555908,4
1JTG_RB144A,1JTG,RB144A,0.10801676660776138,1.0642809867858887,4
1JTG_HB148A,1JTG,HB148A,2.2143898010253906,1.720275640487671,4
1JTG_WB150A,1JTG,WB150A,3.5002553462982178,2.1104140281677246,4
1JTG_RB160A,1JTG,RB160A,1.8312941789627075,0.17470671236515045,4
1JTG_WB162A,1JTG,WB162A,2.185483932495117,1.8933002948760986,4
"1JTG_EB73A,YB50A",1JTG,"EB73A,YB50A",-1.496372938156128,1.6316218376159668,4
1JTG_QA74A,1JTG,QA74A,0.5894072651863098,0.4983172118663788,4
1JTG_NA75A,1JTG,NA75A,-1.4773621559143066,0.18785734474658966,4
1JTG_LA77A,1JTG,LA77A,0.8707124590873718,1.879328966140747,4
1JTG_EA79A,1JTG,EA79A,2.7824625968933105,2.4333105087280273,4
1JTG_YA80A,1JTG,YA80A,-0.0947713777422905,1.6539382934570312,4
1JTG_PA82A,1JTG,PA82A,0.23677411675453186,1.2123006582260132,4
1JTG_EA85A,1JTG,EA85A,-1.3147715330123901,0.14073896408081055,4
1JTG_KA86A,1JTG,KA86A,-0.8585193753242493,1.6729919910430908,4
1JTG_MA104A,1JTG,MA104A,1.5096182823181152,1.4173625707626343,4
1JTG_VA190A,1JTG,VA190A,-0.5828139781951904,1.4090406894683838,4
1JTG_MA244A,1JTG,MA244A,-0.051081907004117966,0.7635599970817566,4
1JTG_FB36A,1JTG,FB36A,3.831104278564453,1.096203088760376,4
1JTG_FB36A,1JTG,FB36A,3.590885639190674,1.096203088760376,4
1JTG_FB36A,1JTG,FB36A,3.0436551570892334,1.096203088760376,4
1JTG_HB41A,1JTG,HB41A,3.4651825428009033,1.4609988927841187,4
1JTG_HB41A,1JTG,HB41A,3.650061845779419,1.4609988927841187,4
1JTG_HB41A,1JTG,HB41A,4.162887096405029,1.4609988927841187,4
1JTG_DB49A,1JTG,DB49A,3.239405393600464,1.5127058029174805,4
1JTG_DB49A,1JTG,DB49A,3.0652012825012207,1.5127058029174805,4
1JTG_DB49A,1JTG,DB49A,2.9027695655822754,1.5127058029174805,4
1JTG_YB53A,1JTG,YB53A,3.2093722820281982,1.0551815032958984,4
1JTG_YB53A,1JTG,YB53A,3.831104278564453,1.0551815032958984,4
1JTG_YB53A,1JTG,YB53A,3.400191068649292,1.0551815032958984,4
1JTG_KB74A,1JTG,KB74A,3.974159002304077,0.9022982120513916,4
1JTG_KB74A,1JTG,KB74A,4.092513084411621,0.9022982120513916,4
1JTG_KB74A,1JTG,KB74A,3.752230405807495,0.9022982120513916,4
1JTG_WB112A,1JTG,WB112A,3.420447826385498,0.918677806854248,4
1JTG_WB112A,1JTG,WB112A,3.2093722820281982,0.918677806854248,4
1JTG_WB112A,1JTG,WB112A,2.92996883392334,0.918677806854248,4
1JTG_FB142A,1JTG,FB142A,3.239405393600464,2.4135775566101074,4
1JTG_FB142A,1JTG,FB142A,3.4651825428009033,2.4135775566101074,4
1JTG_FB142A,1JTG,FB142A,3.239405393600464,2.4135775566101074,4
1JTG_HB148A,1JTG,HB148A,2.450101137161255,1.720275640487671,4
1JTG_HB148A,1JTG,HB148A,3.620028495788574,1.720275640487671,4
1JTG_HB148A,1JTG,HB148A,3.8750691413879395,1.720275640487671,4
1JTG_WB150A,1JTG,WB150A,4.984199523925781,2.1104140281677246,4
1JTG_WB150A,1JTG,WB150A,4.573543071746826,2.1104140281677246,4
1JTG_WB150A,1JTG,WB150A,4.984199523925781,2.1104140281677246,4
1JTG_RB160A,1JTG,RB160A,3.590885639190674,0.17470671236515045,4
1JTG_RB160A,1JTG,RB160A,3.2549679279327393,0.17470671236515045,4
1JTG_RB160A,1JTG,RB160A,3.305419921875,0.17470671236515045,4
1JTG_SB39A,1JTG,SB39A,0.35178300738334656,0.0893072709441185,4
1JTG_GB48A,1JTG,GB48A,1.3023427724838257,0.7405621409416199,4
1JTG_GB48A,1JTG,GB48A,1.9412486553192139,0.7405621409416199,4
1JTG_YB50A,1JTG,YB50A,-2.077467203140259,2.0673341751098633,4
1JTG_YB50A,1JTG,YB50A,-2.1198689937591553,2.0673341751098633,4
1JTG_YB51A,1JTG,YB51A,1.142086148262024,2.2852864265441895,4
1JTG_YB51A,1JTG,YB51A,1.06242036819458,2.2852864265441895,4
1JTG_YB51A,1JTG,YB51A,1.0388641357421875,2.2852864265441895,4
1JTG_SB71A,1JTG,SB71A,0.5910182595252991,0.6886801719665527,4
1JTG_EB73A,1JTG,EB73A,0.9857154488563538,1.554894208908081,4
1JTG_SB113A,1JTG,SB113A,-0.4991435110569,0.09272924810647964,4
1JTG_GB141A,1JTG,GB141A,1.8707118034362793,-0.03267267346382141,4
1JTG_YB143A,1JTG,YB143A,0.8916863799095154,1.0598328113555908,4
1JTG_YB143A,1JTG,YB143A,1.5581531524658203,1.0598328113555908,4
1JTG_RB144A,1JTG,RB144A,1.1825987100601196,1.0642809867858887,4
3QDJ_DD26W,3QDJ,DD26W,-2.1718637943267822,-1.8137203454971313,4
3QDJ_DD26Y,3QDJ,DD26Y,-1.3372368812561035,-2.1646604537963867,4
3QDJ_RD27W,3QDJ,RD27W,0.21679848432540894,0.427593857049942,4
3QDJ_LE95W,3QDJ,LE95W,-0.8076926469802856,-0.6929264664649963,4
3QDJ_FE97W,3QDJ,FE97W,0.38962042331695557,0.7634718418121338,4
3QDJ_TE99F,3QDJ,TE99F,-0.27570536732673645,-0.19364577531814575,4
3QDJ_GD28I,3QDJ,GD28I,-0.10526756942272186,0.6143114566802979,4
3QDJ_GD28L,3QDJ,GD28L,0.6554499864578247,1.0979030132293701,4
3QDJ_GD28Y,3QDJ,GD28Y,0.5564784407615662,1.1718021631240845,4
3QDJ_RD27P,3QDJ,RD27P,0.03995572030544281,0.08189213275909424,4
3QDJ_GD28P,3QDJ,GD28P,1.2250399589538574,0.8389892578125,4
3QDJ_AE52P,3QDJ,AE52P,0.20716489851474762,0.03247346729040146,4
3QDJ_GD28N,3QDJ,GD28N,0.4106564223766327,0.7709422707557678,4
3QDJ_FE97Y,3QDJ,FE97Y,0.7784663438796997,1.2868807315826416,4
"3QDJ_DD26W,LE95W",3QDJ,"DD26W,LE95W",-2.5309700965881348,-3.2693393230438232,4
"3QDJ_DD26Y,LE95W",3QDJ,"DD26Y,LE95W",-1.9139586687088013,-3.5802080631256104,4
3QDJ_AC2L,3QDJ,AC2L,2.299999237060547,-2.652547836303711,4
"4E6K_EA81A,EB81A",4E6K,"EA81A,EB81A",2.5848121643066406,1.3318822383880615,4
"4E6K_LA68A,LB68A",4E6K,"LA68A,LB68A",2.6698973178863525,1.6964777708053589,4
"4E6K_EA85A,EB85A",4E6K,"EA85A,EB85A",3.0725746154785156,0.8145849704742432,4
4E6K_YG2F,4E6K,YG2F,0.6969138979911804,-0.17929451167583466,4
4E6K_KG40A,4E6K,KG40A,0.5019832849502563,1.0809874534606934,4
4E6K_LG5A,4E6K,LG5A,1.9034278392791748,1.1018917560577393,4
4JFD_AC4G,4JFD,AC4G,-6.518215656280518,-0.23382507264614105,4
"4JFD_AC4G,EC1A",4JFD,"AC4G,EC1A",0.8046229481697083,1.2931697368621826,4
"4JFD_AC4G,GC6A",4JFD,"AC4G,GC6A",0.07705023139715195,0.28832629323005676,4
"4JFD_AC4G,IC7A",4JFD,"AC4G,IC7A",-0.08859037607908249,0.16663993895053864,4
"4JFD_AC4G,LC8A",4JFD,"AC4G,LC8A",-0.31932955980300903,1.8956345319747925,4
"4JFD_AC4G,TC9A",4JFD,"AC4G,TC9A",0.016232576221227646,2.658999443054199,4
4N8V_PG10A,4N8V,PG10A,-0.21667437255382538,0.28128185868263245,4
4N8V_KG38A,4N8V,KG38A,0.5880584716796875,0.9362919330596924,4
4N8V_YG39F,4N8V,YG39F,0.5155515074729919,0.19405652582645416,4
4N8V_YG124A,4N8V,YG124A,0.12034162133932114,1.9588489532470703,4
1A4Y_HB8A,1A4Y,HB8A,0.9041150808334351,1.2016253471374512,4
1A4Y_QB12A,1A4Y,QB12A,0.3002651035785675,0.04044756293296814,4
1A4Y_NB68A,1A4Y,NB68A,0.11780958622694016,0.30061081051826477,4
1A4Y_EB108A,1A4Y,EB108A,-0.32272469997406006,0.15799705684185028,4
1A4Y_YA434A,1A4Y,YA434A,3.2620151042938232,4.6717023849487305,4
1A4Y_DA435A,1A4Y,DA435A,3.485543727874756,2.819472312927246,4
1A4Y_YA437A,1A4Y,YA437A,0.8363124132156372,2.9782936573028564,4
"1A4Y_QA430A,VA432A",1A4Y,"QA430A,VA432A",0.07221386581659317,0.8058199882507324,4
"1A4Y_WA438A,SA439A,EA440A",1A4Y,"WA438A,SA439A,EA440A",1.7856985330581665,1.8383643627166748,4
1A4Y_RA457A,1A4Y,RA457A,-0.22398602962493896,0.9939700365066528,4
1A4Y_IA459A,1A4Y,IA459A,0.6794324517250061,0.4828750789165497,4
1A4Y_HB84A,1A4Y,HB84A,0.17043781280517578,0.6072664856910706,4
1A4Y_WB89A,1A4Y,WB89A,0.2402186095714569,2.1583311557769775,4
1A4Y_WA261A,1A4Y,WA261A,0.10065702348947525,1.8354880809783936,4
1A4Y_WA263A,1A4Y,WA263A,1.171373963356018,2.3399784564971924,4
1A4Y_EA287A,1A4Y,EA287A,0.10065702348947525,0.4715440571308136,4
1A4Y_SA289A,1A4Y,SA289A,0.042336005717515945,0.3837476074695587,4
1A4Y_WA318A,1A4Y,WA318A,1.5007452964782715,1.3419294357299805,4
1A4Y_KA320A,1A4Y,KA320A,-0.30999940633773804,1.8497034311294556,4
1A4Y_EA344A,1A4Y,EA344A,0.178609699010849,1.2418067455291748,4
1A4Y_WA375A,1A4Y,WA375A,1.0353621244430542,2.0780105590820312,4
1A4Y_EA401A,1A4Y,EA401A,0.883733868598938,1.1403956413269043,4
1A4Y_RB5A,1A4Y,RB5A,2.309282064437866,1.2178328037261963,4
1A4Y_RB32A,1A4Y,RB32A,0.9102507829666138,1.3188399076461792,4
1A4Y_RB66A,1A4Y,RB66A,0.20290906727313995,0.175205796957016,4
1A4Y_RB70A,1A4Y,RB70A,-0.23193243145942688,0.20696885883808136,4
1A4Y_RB31A,1A4Y,RB31A,0.2505223751068115,1.1907076835632324,4
1A4Y_RB33A,1A4Y,RB33A,0.3270741403102875,0.19846650958061218,4
1A4Y_KB40Q,1A4Y,KB40Q,4.252427577972412,0.9691426753997803,4
1A4Y_HB13A,1A4Y,HB13A,-0.2966853082180023,1.3707759380340576,4
1A4Y_HB114A,1A4Y,HB114A,0.6568293571472168,2.621324062347412,4
1A4Y_YA434F,1A4Y,YA434F,0.557857871055603,0.4093500077724457,4
1A4Y_YA437F,1A4Y,YA437F,0.2452607899904251,1.536657691001892,4
"1A4Y_YA434A,DA435A",1A4Y,"YA434A,DA435A",6.820855617523193,5.139449596405029,4
"1A4Y_YA434A,YA437A",1A4Y,"YA434A,YA437A",6.645332336425781,6.15520715713501,4
"1A4Y_RB5A,YA434A",1A4Y,"RB5A,YA434A",6.9797892570495605,4.634934425354004,4
"1A4Y_RB5A,DA435A",1A4Y,"RB5A,DA435A",6.773434162139893,2.836759090423584,4
"1A4Y_RB5A,YA434A,DA435A",1A4Y,"RB5A,YA434A,DA435A",10.1070556640625,5.207976818084717,4
"1A4Y_RB5A,YA434A,YA437A",1A4Y,"RB5A,YA434A,YA437A",8.531571388244629,5.857987880706787,4
1A4Y_KB40G,1A4Y,KB40G,3.2368004322052,1.8872122764587402,4
"1A4Y_KB40G,YA434F",1A4Y,"KB40G,YA434F",6.665417194366455,2.8361144065856934,4
"1A4Y_KB40G,DA435A",1A4Y,"KB40G,DA435A",4.107512950897217,3.01468563079834,4
"1A4Y_KB40G,YA437A",1A4Y,"KB40G,YA437A",6.454104423522949,2.976438045501709,4
"1A4Y_KB40G,YA434A,DA435A",1A4Y,"KB40G,YA434A,DA435A",6.21388578414917,5.612585544586182,4
"1A4Y_KB40G,YA434A,YA437A",1A4Y,"KB40G,YA434A,YA437A",9.123151779174805,6.577010631561279,4
3D5R_AC38N,3D5R,AC38N,-1.5695295333862305,-1.3846862316131592,4
3D5R_AC38N,3D5R,AC38N,-1.3337823152542114,-1.3846862316131592,4
"2QJ9_RC57K,TC59S,IC61K,PC62A,HC63Q,QC64L,SC67T",2QJ9,"RC57K,TC59S,IC61K,PC62A,HC63Q,QC64L,SC67T",-0.7299859523773193,-0.7548271417617798,4
"2QJ9_AC43T,MC47L,KC48G,YC49L",2QJ9,"AC43T,MC47L,KC48G,YC49L",-0.46220648288726807,0.47472962737083435,4
"2QJ9_AC43T,MC47L,KC48G,YC49L,GC11H,DC15E,AC30T,IC31M",2QJ9,"AC43T,MC47L,KC48G,YC49L,GC11H,DC15E,AC30T,IC31M",0.4228723645210266,0.7700560092926025,4
4K71_GA503E,4K71,GA503E,0.7422019243240356,-0.24319636821746826,4
"4K71_MA416V,AA418T",4K71,"MA416V,AA418T",1.1963605880737305,0.23318104445934296,4
"4K71_GA503R,AA545V",4K71,"GA503R,AA545V",1.667994499206543,-0.319832444190979,4
4K71_AA545V,4K71,AA545V,2.03191876411438,-0.702355682849884,4
"4K71_MA416V,AA418T,GA503R",4K71,"MA416V,AA418T,GA503R",2.7775838375091553,-0.40243497490882874,4
"4K71_GA503E,AA545V",4K71,"GA503E,AA545V",2.8493804931640625,0.1961921751499176,4
"4K71_MA416V,AA418T,AA545V",4K71,"MA416V,AA418T,AA545V",2.8541905879974365,0.1123858168721199,4
"4K71_MA416V,AA418T,GA503R,AA545V",4K71,"MA416V,AA418T,GA503R,AA545V",2.8913276195526123,-0.7525801658630371,4
"4K71_MA416V,GA503E,AA545V",4K71,"MA416V,GA503E,AA545V",2.9276857376098633,-0.13411842286586761,4
"4K71_AA418T,GA503E,AA545V",4K71,"AA418T,GA503E,AA545V",3.1290411949157715,-0.3155581057071686,4
"4K71_MA416V,AA418T,GA503E,AA545V",4K71,"MA416V,AA418T,GA503E,AA545V",3.459150552749634,-0.18225710093975067,4
4K71_HA462A,4K71,HA462A,1.0515739917755127,1.0108144283294678,4
4K71_HA462F,4K71,HA462F,1.009981393814087,-0.2107728272676468,4
4K71_HB157A,4K71,HB157A,0.6442553997039795,0.43071553111076355,4
4K71_HB157F,4K71,HB157F,0.18506699800491333,-0.47007229924201965,4
"4K71_MA416V,AA418T,GA503E,AA545V",4K71,"MA416V,AA418T,GA503E,AA545V",3.814058780670166,-0.18225710093975067,4
"4K71_MA416V,AA418T,GA503R",4K71,"MA416V,AA418T,GA503R",2.3874666690826416,-0.40243497490882874,4
"4K71_MA416V,AA418T",4K71,"MA416V,AA418T",1.2319692373275757,0.23318104445934296,4
4K71_AA545V,4K71,AA545V,1.989831566810608,-0.702355682849884,4
"4K71_MA416V,AA418T,GA503R",4K71,"MA416V,AA418T,GA503R",1.8028225898742676,-0.40243497490882874,4
"4K71_MA416V,AA418T",4K71,"MA416V,AA418T",0.8493078947067261,0.23318104445934296,4
4K71_AA545V,4K71,AA545V,0.3912300169467926,-0.702355682849884,4
1JRH_TI4V,1JRH,TI4V,-0.02557743899524212,0.04802849888801575,4
"1JRH_TI9L,EI11K",1JRH,"TI9L,EI11K",-0.02557743899524212,0.029051007702946663,4
"1JRH_MI15L,II18V",1JRH,"MI15L,II18V",-0.21370169520378113,0.054496102035045624,4
"1JRH_II25N,PI27S,VI29T,VI31I",1JRH,"II25N,PI27S,VI29T,VI31I",0.14377030730247498,-0.03577751666307449,4
1JRH_EI35Q,1JRH,EI35Q,0.09961305558681488,-0.002893378958106041,4
"1JRH_AI49S,II51T,HI55D",1JRH,"AI49S,II51T,HI55D",0.07070722430944443,-0.0858091190457344,4
"1JRH_SI61Y,DI62E,HI63Q,VI64I,GI65M,DI66Y,SI68D,NI69V,LI71A",1JRH,"SI61Y,DI62E,HI63Q,VI64I,GI65M,DI66Y,SI68D,NI69V,LI71A",2.9601571559906006,0.06920621544122696,4
"1JRH_VI73A,RI78K",1JRH,"VI73A,RI78K",-0.21370169520378113,0.13849888741970062,4
"1JRH_AI85D,KI88R,EI90K",1JRH,"AI85D,KI88R,EI90K",-0.04776924476027489,-0.28455376625061035,4
"1JRH_AI93L,VI94M",1JRH,"AI93L,VI94M",0.6339466571807861,-0.1724613606929779,4
1JRH_EL27A,1JRH,EL27A,0.5428582429885864,0.4901333153247833,4
1JRH_DL28A,1JRH,DL28A,0.43484148383140564,0.9602042436599731,4
1JRH_YL30A,1JRH,YL30A,1.1089528799057007,1.5477955341339111,4
1JRH_YL91A,1JRH,YL91A,0.5810942649841309,2.346733808517456,4
1JRH_WL92A,1JRH,WL92A,2.819669008255005,1.2871448993682861,4
1JRH_SL93A,1JRH,SL93A,-0.6508750319480896,0.6746707558631897,4
1JRH_TL94A,1JRH,TL94A,0.3854418992996216,1.0099382400512695,4
1JRH_WL95A,1JRH,WL95A,1.6668107509613037,1.5762614011764526,4
1JRH_YH32A,1JRH,YH32A,1.4339518547058105,0.11406780034303665,4
1JRH_WH54A,1JRH,WH54A,2.687467336654663,2.1385717391967773,4
1JRH_WH55A,1JRH,WH55A,2.4224019050598145,1.536220908164978,4
1JRH_DH56A,1JRH,DH56A,1.88694429397583,0.6182082891464233,4
1JRH_DH57A,1JRH,DH57A,1.6668107509613037,0.47624993324279785,4
1JRH_DH58A,1JRH,DH58A,1.85547935962677,0.8055221438407898,4
1JRH_YH60A,1JRH,YH60A,1.2561542987823486,2.2488009929656982,4
1JRH_RH100A,1JRH,RH100A,0.5428582429885864,0.9719124436378479,4
1JRH_FH103A,1JRH,FH103A,0.0,0.20189718902111053,4
1JRH_YH104A,1JRH,YH104A,1.0615314245224,0.22363288700580597,4
1JRH_HH107A,1JRH,HH107A,1.698531150817871,1.7232779264450073,4
"1JRH_EI45P,II47R",1JRH,"EI45P,II47R",-3.441638231277466,0.45091262459754944,4
"1JRH_SI44G,EI45G,II47R",1JRH,"SI44G,EI45G,II47R",-3.3792171478271484,0.5625838041305542,4
"1JRH_EI45P,II47L",1JRH,"EI45P,II47L",-3.4583282470703125,0.4891206920146942,4
"1JRH_SI44G,EI45P,II47K",1JRH,"SI44G,EI45P,II47K",-3.8861582279205322,0.38682839274406433,4
1JRH_EI45P,1JRH,EI45P,-3.7898736000061035,0.6603744626045227,4
1JRH_KI37A,1JRH,KI37A,3.578756809234619,0.49240919947624207,4
1JRH_KI37M,1JRH,KI37M,3.2938034534454346,-0.29026299715042114,4
1JRH_NI38A,1JRH,NI38A,-0.2931166887283325,0.747704029083252,4
1JRH_NI38Q,1JRH,NI38Q,0.3635777235031128,0.11084439605474472,4
1JRH_YI39A,1JRH,YI39A,3.4007632732391357,2.2854771614074707,4
1JRH_YI39F,1JRH,YI39F,0.7907074689865112,0.5047082304954529,4
1JRH_GI40A,1JRH,GI40A,4.527354717254639,0.5777735710144043,4
1JRH_VI41A,1JRH,VI41A,1.8835296630859375,-0.014121552929282188,4
1JRH_KI42A,1JRH,KI42A,2.9847934246063232,1.9951887130737305,4
1JRH_KI42M,1JRH,KI42M,4.913825988769531,0.3354998230934143,4
1JRH_NI43A,1JRH,NI43A,3.8939919471740723,2.198873519897461,4
1JRH_SI44A,1JRH,SI44A,0.29768186807632446,1.5008753538131714,4
1JRH_EI45A,1JRH,EI45A,-0.43501293659210205,0.7108745574951172,4
1JRH_WI46F,1JRH,WI46F,-0.657078742980957,0.33729061484336853,4
1JRH_WI46Y,1JRH,WI46Y,0.016232576221227646,-0.2773813307285309,4
1JRH_NI69A,1JRH,NI69A,-0.39924708008766174,0.7789304256439209,4
1JRH_WI72A,1JRH,WI72A,4.529326438903809,0.5096505284309387,4
1JRH_WI72F,1JRH,WI72F,1.1089528799057007,-0.21236947178840637,4
1JRH_WI72Y,1JRH,WI72Y,1.135563611984253,-0.11520247906446457,4
1JRH_RI74A,1JRH,RI74A,-0.24642235040664673,0.14927105605602264,4
1JRH_KI88A,1JRH,KI88A,-0.042640842497348785,0.4175710678100586,4
1JRH_KI37A,1JRH,KI37A,3.852294683456421,0.49240919947624207,4
1JRH_NI38A,1JRH,NI38A,0.6341851353645325,0.747704029083252,4
1JRH_NI38Q,1JRH,NI38Q,0.7058437466621399,0.11084439605474472,4
1JRH_YI39A,1JRH,YI39A,3.656642436981201,2.2854771614074707,4
1JRH_YI39F,1JRH,YI39F,1.0276678800582886,0.5047082304954529,4
1JRH_GI40A,1JRH,GI40A,4.3771071434021,0.5777735710144043,4
1JRH_VI41A,1JRH,VI41A,1.4762879610061646,-0.014121552929282188,4
1JRH_KI42A,1JRH,KI42A,3.7898736000061035,1.9951887130737305,4
1JRH_NI43A,1JRH,NI43A,4.709524631500244,2.198873519897461,4
1JRH_SI44A,1JRH,SI44A,0.45807787775993347,1.5008753538131714,4
1JRH_EI45A,1JRH,EI45A,-0.6970635056495667,0.7108745574951172,4
1JRH_WI46F,1JRH,WI46F,0.15162824094295502,0.33729061484336853,4
1JRH_WI46Y,1JRH,WI46Y,0.5810942649841309,-0.2773813307285309,4
1JRH_NI69A,1JRH,NI69A,0.0,0.7789304256439209,4
1JRH_WI72A,1JRH,WI72A,4.3327317237854,0.5096505284309387,4
1JRH_WI72F,1JRH,WI72F,1.0974485874176025,-0.21236947178840637,4
1JRH_WI72Y,1JRH,WI72Y,1.2411547899246216,-0.11520247906446457,4
1JRH_RI74A,1JRH,RI74A,1.032008171081543,0.14927105605602264,4
1JRH_KI88A,1JRH,KI88A,0.6671075820922852,0.4175710678100586,4
4G2V_RA198E,4G2V,RA198E,2.2370340824127197,0.5816246867179871,4
4G2V_NA260R,4G2V,NA260R,0.22198787331581116,0.5320024490356445,4
"4G2V_RA198E,NA260R",4G2V,"RA198E,NA260R",2.2844555377960205,0.9434068202972412,4
2VLN_AB75N,2VLN,AB75N,-2.3355860710144043,-2.0554122924804688,4
1GCQ_PC5A,1GCQ,PC5A,0.7678360939025879,0.44147777557373047,4
1GCQ_AC42G,1GCQ,AC42G,1.3534959554672241,-0.07473810017108917,4
1GCQ_WC47Y,1GCQ,WC47Y,2.1472480297088623,0.5240889191627502,4
1GCQ_PC67A,1GCQ,PC67A,1.3164557218551636,1.193305253982544,4
1GCQ_PC18A,1GCQ,PC18A,0.1208081841468811,0.38565173745155334,4
1GCQ_PC19A,1GCQ,PC19A,0.08525039255619049,0.28406205773353577,4
1GCQ_GC21V,1GCQ,GC21V,-0.025214528664946556,0.33654704689979553,4
2J1K_RC155A,2J1K,RC155A,0.051550064235925674,0.09718462079763412,4
2J1K_GC10D,2J1K,GC10D,0.1837518960237503,0.35963812470436096,4
2J1K_RC24A,2J1K,RC24A,0.76484614610672,2.080443859100342,4
4P5T_KC40A,4P5T,KC40A,1.13858163356781,1.4699101448059082,4
4P5T_DC56A,4P5T,DC56A,0.6170114278793335,0.9860622882843018,4
4P5T_QC58A,4P5T,QC58A,0.0,1.1705617904663086,4
4P5T_LC61A,4P5T,LC61A,1.009981393814087,0.9705028533935547,4
4P5T_QC62A,4P5T,QC62A,0.0,1.6591615676879883,4
4P5T_NC63A,4P5T,NC63A,1.496372938156128,1.5645875930786133,4
4P5T_VC66A,4P5T,VC66A,0.8687343001365662,1.4723551273345947,4
4P5T_KC68A,4P5T,KC68A,0.9917506575584412,0.7918091416358948,4
4P5T_HC69A,4P5T,HC69A,1.009981393814087,0.543062686920166,4
4P5T_VC73A,4P5T,VC73A,0.0,0.0526919811964035,4
4P5T_KC76A,4P5T,KC76A,0.3591063618659973,0.24577878415584564,4
4P5T_FD1A,4P5T,FD1A,0.0,0.2401229292154312,4
4P5T_ED2A,4P5T,ED2A,1.0615314245224,0.9262338876724243,4
4P5T_QD4A,4P5T,QD4A,1.654841661453247,1.2779203653335571,4
4P5T_KD5A,4P5T,KD5A,1.991546392440796,2.1065478324890137,4
4P5T_KD7A,4P5T,KD7A,1.5492380857467651,2.8416895866394043,4
4P5T_ND9A,4P5T,ND9A,0.0,0.13246063888072968,4
4P5T_KD10A,4P5T,KD10A,0.2402186095714569,0.07110659778118134,4
4P5T_VD12A,4P5T,VD12A,0.09132687747478485,0.14269407093524933,4
4P5T_DD13A,4P5T,DD13A,0.0,0.0775066688656807,4
4P5T_ED67A,4P5T,ED67A,0.2402186095714569,0.06699700653553009,4
4P5T_YD68A,4P5T,YD68A,0.17043781280517578,0.31339213252067566,4
4P5T_SD71A,4P5T,SD71A,0.0,0.0393979549407959,4
4P5T_QD72A,4P5T,QD72A,0.0,0.0388026088476181,4
4P5T_PD73A,4P5T,PD73A,0.0,0.10190172493457794,4
4P5T_ED74A,4P5T,ED74A,0.6170114278793335,0.24539802968502045,4
4P5T_ID75A,4P5T,ID75A,0.09132687747478485,0.2444988340139389,4
4P5T_ED77A,4P5T,ED77A,1.009981393814087,0.1464441567659378,4
4P5T_RD78A,4P5T,RD78A,2.0744974613189697,1.997964859008789,4
4P5T_RD80A,4P5T,RD80A,0.0,0.11510879546403885,4
4P5T_DD84A,4P5T,DD84A,0.0,0.38365328311920166,4
4P5T_TD85A,4P5T,TD85A,0.8213128447532654,0.2523994445800781,4
4P5T_RD88A,4P5T,RD88A,0.0,0.04253736883401871,4
4P5T_HD89A,4P5T,HD89A,0.7960982918739319,0.2508063316345215,4
4P5T_ED92A,4P5T,ED92A,0.0,0.10625255852937698,4
1AO7_DD26A,1AO7,DD26A,0.9790003895759583,0.7034578323364258,4
1AO7_EA58A,1AO7,EA58A,-0.7198425531387329,0.2529938220977783,4
"1AO7_DD26A,EA58A",1AO7,"DD26A,EA58A",0.749596118927002,0.5549329519271851,4
1AO7_RD27A,1AO7,RD27A,0.5465116500854492,1.2049487829208374,4
1AO7_RD27A,1AO7,RD27A,0.4344104528427124,1.2049487829208374,4
1AO7_RA170A,1AO7,RA170A,-0.26356273889541626,0.6838224530220032,4
"1AO7_RD27A,RA170A",1AO7,"RD27A,RA170A",1.1865081787109375,1.139801263809204,4
1AO7_QD30L,1AO7,QD30L,1.8337008953094482,-2.068561553955078,4
1AO7_LC1A,1AO7,LC1A,0.701011061668396,2.2282791137695312,4
"1AO7_QD30L,LC1A",1AO7,"QD30L,LC1A",2.7626969814300537,0.7734893560409546,4
1AO7_QD30L,1AO7,QD30L,1.5372130870819092,-2.068561553955078,4
1AO7_LC1A,1AO7,LC1A,1.4165904521942139,2.2282791137695312,4
"1AO7_QD30L,LC1A",1AO7,"QD30L,LC1A",3.0241568088531494,0.7734893560409546,4
1AO7_QD30V,1AO7,QD30V,-0.166723370552063,-0.20803359150886536,4
1AO7_LC1A,1AO7,LC1A,0.6994990706443787,2.2282791137695312,4
"1AO7_QD30V,LC1A",1AO7,"QD30V,LC1A",0.7237116098403931,1.664038896560669,4
1AO7_QD30V,1AO7,QD30V,-0.01751217059791088,-0.20803359150886536,4
1AO7_YA159A,1AO7,YA159A,3.245335340499878,1.4738837480545044,4
"1AO7_QD30V,YA159A",1AO7,"QD30V,YA159A",3.3302760124206543,0.9878361225128174,4
"1AO7_EA63Q,QD30V",1AO7,"EA63Q,QD30V",-0.006822939030826092,-0.25572332739830017,4
"1AO7_EA63Q,KA66A",1AO7,"EA63Q,KA66A",1.3316361904144287,1.8746410608291626,4
"1AO7_EA63Q,QD30V,KA66A",1AO7,"EA63Q,QD30V,KA66A",1.8550679683685303,0.7525320053100586,4
1AO7_SD31A,1AO7,SD31A,1.0230309963226318,1.0854246616363525,4
1AO7_YC5A,1AO7,YC5A,1.532821774482727,3.046806812286377,4
"1AO7_SD31A,YC5A",1AO7,"SD31A,YC5A",1.70949125289917,2.952335834503174,4
1AO7_SD31A,1AO7,SD31A,0.9827497601509094,1.0854246616363525,4
1AO7_YC5F,1AO7,YC5F,-0.12532611191272736,0.4815431535243988,4
"1AO7_SD31A,YC5F",1AO7,"SD31A,YC5F",-0.04054573178291321,1.1358277797698975,4
1AO7_YD50A,1AO7,YD50A,0.4984462559223175,0.4866897761821747,4
1AO7_QA155A,1AO7,QA155A,0.4116840958595276,0.36049073934555054,4
"1AO7_YD50A,QA155A",1AO7,"YD50A,QA155A",0.27613577246665955,0.608620822429657,4
1AO7_YD50A,1AO7,YD50A,0.48383235931396484,0.4866897761821747,4
1AO7_QA155A,1AO7,QA155A,-0.10445237159729004,0.36049073934555054,4
"1AO7_YD50A,QA155A",1AO7,"YD50A,QA155A",-0.11211679875850677,0.608620822429657,4
1AO7_ND52A,1AO7,ND52A,0.3549194037914276,-0.10715236514806747,4
1AO7_EA166A,1AO7,EA166A,3.86672043800354,1.0036897659301758,4
"1AO7_ND52A,EA166A",1AO7,"ND52A,EA166A",3.1431562900543213,0.7166658639907837,4
1AO7_KD66A,1AO7,KD66A,1.292189598083496,-0.3318862020969391,4
1AO7_TA163A,1AO7,TA163A,0.48929646611213684,0.40931209921836853,4
"1AO7_KD66A,TA163A",1AO7,"KD66A,TA163A",0.9781012535095215,-1.5449298620224,4
1AO7_KD66A,1AO7,KD66A,1.1308817863464355,-0.3318862020969391,4
1AO7_EA166A,1AO7,EA166A,2.6047894954681396,1.0036897659301758,4
"1AO7_KD66A,EA166A",1AO7,"KD66A,EA166A",3.0337634086608887,0.48348310589790344,4
1AO7_TD91A,1AO7,TD91A,0.9576147198677063,1.011948823928833,4
1AO7_YC5A,1AO7,YC5A,1.7602497339248657,3.046806812286377,4
"1AO7_TD91A,YC5A",1AO7,"TD91A,YC5A",3.0309817790985107,2.8404476642608643,4
1AO7_TD92A,1AO7,TD92A,1.9466557502746582,0.9016014933586121,4
1AO7_RA65A,1AO7,RA65A,3.229688882827759,3.2502996921539307,4
"1AO7_TD92A,RA65A",1AO7,"TD92A,RA65A",2.423471212387085,1.7909080982208252,4
1AO7_DD93N,1AO7,DD93N,2.4595212936401367,0.8360843658447266,4
1AO7_RA65A,1AO7,RA65A,3.107842445373535,3.2502996921539307,4
"1AO7_DD93N,RA65A",1AO7,"DD93N,RA65A",3.084350109100342,0.6111045479774475,4
1AO7_SD94A,1AO7,SD94A,-0.47518959641456604,1.5177693367004395,4
1AO7_YC5A,1AO7,YC5A,1.633864164352417,3.046806812286377,4
"1AO7_SD94A,YC5A",1AO7,"SD94A,YC5A",1.8610118627548218,3.2148613929748535,4
1AO7_WD95A,1AO7,WD95A,2.224470615386963,3.202498435974121,4
1AO7_AA69G,1AO7,AA69G,1.1818314790725708,0.045821741223335266,4
"1AO7_WD95A,AA69G",1AO7,"WD95A,AA69G",2.905458688735962,2.224884033203125,4
1AO7_EE28A,1AO7,EE28A,2.022149085998535,2.768488645553589,4
1AO7_YC8A,1AO7,YC8A,3.1675331592559814,3.048065185546875,4
"1AO7_EE28A,YC8A",1AO7,"EE28A,YC8A",3.425438165664673,4.010875225067139,4
1AO7_RE92A,1AO7,RE92A,0.45314955711364746,2.0386619567871094,4
1AO7_YC5A,1AO7,YC5A,1.6349810361862183,3.046806812286377,4
"1AO7_RE92A,YC5A",1AO7,"RE92A,YC5A",2.019083261489868,4.525966644287109,4
1AO7_RE92A,1AO7,RE92A,0.20430143177509308,2.0386619567871094,4
1AO7_YC5A,1AO7,YC5A,1.2211077213287354,3.046806812286377,4
"1AO7_RE92A,YC5A",1AO7,"RE92A,YC5A",1.0463039875030518,4.525966644287109,4
1AO7_RE92A,1AO7,RE92A,0.48315757513046265,2.0386619567871094,4
1AO7_YC5A,1AO7,YC5A,1.562010407447815,3.046806812286377,4
"1AO7_RE92A,YC5A",1AO7,"RE92A,YC5A",1.7197613716125488,4.525966644287109,4
1AO7_RE92A,1AO7,RE92A,0.4193563163280487,2.0386619567871094,4
1AO7_YC5F,1AO7,YC5F,0.1695607602596283,0.4815431535243988,4
"1AO7_RE92A,YC5F",1AO7,"RE92A,YC5F",0.6059800386428833,1.490321397781372,4
1AO7_PE100A,1AO7,PE100A,1.149296522140503,0.7784110307693481,4
1AO7_YC5A,1AO7,YC5A,1.746180534362793,3.046806812286377,4
"1AO7_PE100A,YC5A",1AO7,"PE100A,YC5A",2.406045913696289,3.043842315673828,4
1AO7_PE100A,1AO7,PE100A,1.124916672706604,0.7784110307693481,4
1AO7_YC5A,1AO7,YC5A,1.3831615447998047,3.046806812286377,4
"1AO7_PE100A,YC5A",1AO7,"PE100A,YC5A",1.9248974323272705,3.043842315673828,4
1AO7_PE100A,1AO7,PE100A,1.1977499723434448,0.7784110307693481,4
1AO7_YC5A,1AO7,YC5A,1.6319506168365479,3.046806812286377,4
"1AO7_PE100A,YC5A",1AO7,"PE100A,YC5A",2.4474644660949707,3.043842315673828,4
1AO7_PE100A,1AO7,PE100A,1.159019112586975,0.7784110307693481,4
1AO7_QA155A,1AO7,QA155A,0.4208890199661255,0.36049073934555054,4
"1AO7_PE100A,QA155A",1AO7,"PE100A,QA155A",0.9303608536720276,0.7516250610351562,4
1AO7_DD93A,1AO7,DD93A,0.7796263694763184,1.0838031768798828,4
1AO7_QA72A,1AO7,QA72A,0.35666170716285706,0.1387336701154709,4
"1AO7_DD93A,QA72A",1AO7,"DD93A,QA72A",1.0608429908752441,0.5988653898239136,4
1AO7_RE99A,1AO7,RE99A,0.0646953359246254,0.3747999966144562,4
1AO7_YC5A,1AO7,YC5A,1.745092511177063,3.046806812286377,4
"1AO7_RE99A,YC5A",1AO7,"RE99A,YC5A",1.8859434127807617,3.0740127563476562,4
1AO7_AE96M,1AO7,AE96M,-0.3088434040546417,-0.4092632234096527,4
1AO7_GE97S,1AO7,GE97S,-0.34087562561035156,-1.208012342453003,4
"1AO7_GE97S,GE98A,RE99E",1AO7,"GE97S,GE98A,RE99E",-3.454111337661743,-1.9452126026153564,4
"1AO7_AE96M,GE97S,GE98A,RE99E",1AO7,"AE96M,GE97S,GE98A,RE99E",-3.9038448333740234,-1.73268723487854,4
"1AO7_AE96M,GE97S,GE98A",1AO7,"AE96M,GE97S,GE98A",-3.549654960632324,-1.793567419052124,4
"1AO7_AE96M,GE97S,GE98A,RE99Q",1AO7,"AE96M,GE97S,GE98A,RE99Q",-3.9603114128112793,-2.079083204269409,4
1AO7_YC5F,1AO7,YC5F,0.17043781280517578,0.4815431535243988,4
1AO7_AA150P,1AO7,AA150P,1.0039665699005127,-0.21690478920936584,4
1AO7_YC5F,1AO7,YC5F,0.13273294270038605,0.4815431535243988,4
1AO7_YC5A,1AO7,YC5A,1.5963654518127441,3.046806812286377,4
1AO7_YC5W,1AO7,YC5W,0.8890236616134644,0.31015095114707947,4
1AO7_SD31A,1AO7,SD31A,0.5326756834983826,1.0854246616363525,4
"1AO7_EA63Q,KA66A",1AO7,"EA63Q,KA66A",0.929108202457428,1.8746410608291626,4
1AO7_KA66A,1AO7,KA66A,2.9348535537719727,1.540595293045044,4
1AO7_VC7R,1AO7,VC7R,1.225422739982605,1.9856739044189453,4
1AO7_RA65A,1AO7,RA65A,2.6809208393096924,3.2502996921539307,4
1AO7_KA66A,1AO7,KA66A,1.7908841371536255,1.540595293045044,4
1AO7_AA69G,1AO7,AA69G,1.3958605527877808,0.045821741223335266,4
1AO7_TA163A,1AO7,TA163A,0.7261759638786316,0.40931209921836853,4
1AO7_EA166A,1AO7,EA166A,0.8771873712539673,1.0036897659301758,4
1AO7_WA167A,1AO7,WA167A,1.2002081871032715,0.8756282925605774,4
1AO7_QA43A,1AO7,QA43A,0.028905829414725304,0.10904838889837265,4
1AO7_EA55A,1AO7,EA55A,0.8556438088417053,0.5746005177497864,4
1AO7_EA58A,1AO7,EA58A,-0.2552182078361511,0.2529938220977783,4
1AO7_DA61A,1AO7,DA61A,0.3795585036277771,0.18175019323825836,4
1AO7_EA63A,1AO7,EA63A,0.1585373729467392,0.5862938165664673,4
1AO7_TA64A,1AO7,TA64A,-0.07604122906923294,0.07397245615720749,4
1AO7_RA65A,1AO7,RA65A,3.155595064163208,3.2502996921539307,4
1AO7_KA66A,1AO7,KA66A,3.155595064163208,1.540595293045044,4
1AO7_VA67A,1AO7,VA67A,-0.5582032203674316,0.11117535084486008,4
1AO7_KA68A,1AO7,KA68A,0.19354471564292908,0.15149593353271484,4
1AO7_AA69G,1AO7,AA69G,1.522708535194397,0.045821741223335266,4
1AO7_HA70A,1AO7,HA70A,3.155595064163208,1.4359277486801147,4
1AO7_QA72A,1AO7,QA72A,0.017250660806894302,0.1387336701154709,4
1AO7_TA73A,1AO7,TA73A,0.7666946649551392,0.9807685613632202,4
1AO7_HA74A,1AO7,HA74A,1.6043896675109863,1.0089601278305054,4
1AO7_RA75A,1AO7,RA75A,0.5347237586975098,1.1028318405151367,4
1AO7_VA76A,1AO7,VA76A,0.5968717336654663,0.25934845209121704,4
1AO7_TA80A,1AO7,TA80A,0.07573513686656952,0.3951956331729889,4
1AO7_KA146A,1AO7,KA146A,0.46220648288726807,0.9180428981781006,4
1AO7_AA149G,1AO7,AA149G,-0.1544964462518692,0.21157731115818024,4
1AO7_AA150G,1AO7,AA150G,0.06194959208369255,-0.4551107585430145,4
1AO7_HA151A,1AO7,HA151A,-0.3026396632194519,0.8668794631958008,4
1AO7_VA152A,1AO7,VA152A,-0.1942489743232727,0.5286513566970825,4
1AO7_EA154A,1AO7,EA154A,0.3615494668483734,0.5454054474830627,4
1AO7_QA155A,1AO7,QA155A,0.19838109612464905,0.36049073934555054,4
1AO7_AA158G,1AO7,AA158G,0.3119908273220062,-0.2964608371257782,4
1AO7_TA163A,1AO7,TA163A,0.5292381048202515,0.40931209921836853,4
1AO7_EA166A,1AO7,EA166A,1.4516383409500122,1.0036897659301758,4
1AO7_WA167A,1AO7,WA167A,1.426120638847351,0.8756282925605774,4
1AO7_RA170A,1AO7,RA170A,0.11025666445493698,0.6838224530220032,4
1AO7_DD26M,1AO7,DD26M,0.21131277084350586,-0.3902404308319092,4
1AO7_DD26V,1AO7,DD26V,1.3641711473464966,0.01571630872786045,4
1AO7_DD26W,1AO7,DD26W,-1.0804502964019775,-1.4302115440368652,4
1AO7_RD27F,1AO7,RD27F,-0.19934363663196564,0.5115469694137573,4
1AO7_GD28A,1AO7,GD28A,0.5428582429885864,0.8314529657363892,4
1AO7_GD28I,1AO7,GD28I,-0.279584139585495,0.7293274402618408,4
1AO7_GD28L,1AO7,GD28L,-0.46684107184410095,0.7526758909225464,4
1AO7_GD28M,1AO7,GD28M,-0.5186731815338135,0.6876387000083923,4
1AO7_GD28R,1AO7,GD28R,2.317685842514038,-0.23542959988117218,4
1AO7_GD28T,1AO7,GD28T,-0.7592304348945618,0.787135124206543,4
1AO7_GD28V,1AO7,GD28V,0.5428582429885864,0.9469399452209473,4
1AO7_SD29A,1AO7,SD29A,0.3026396632194519,0.5948663949966431,4
1AO7_QD30N,1AO7,QD30N,0.7132960557937622,-0.16945374011993408,4
1AO7_QD30E,1AO7,QD30E,0.4106564223766327,-1.1403155326843262,4
1AO7_SD51M,1AO7,SD51M,-0.3777339458465576,0.11822018772363663,4
1AO7_KD66H,1AO7,KD66H,0.9535146951675415,-1.0847718715667725,4
1AO7_SD94A,1AO7,SD94A,0.0,1.5177693367004395,4
1AO7_SD94N,1AO7,SD94N,1.907029390335083,-0.0670497938990593,4
1AO7_SD94T,1AO7,SD94T,-0.4934868812561035,-0.37027931213378906,4
1AO7_SD94Y,1AO7,SD94Y,2.317685842514038,-0.7565639019012451,4
1AO7_IE52R,1AO7,IE52R,1.3641711473464966,0.35489028692245483,4
1AO7_AE96M,1AO7,AE96M,-0.31211909651756287,-0.4092632234096527,4
1AO7_AE96K,1AO7,AE96K,0.06157408282160759,-0.3397294580936432,4
1AO7_GE97S,1AO7,GE97S,-0.31211909651756287,-1.208012342453003,4
1AO7_GE98A,1AO7,GE98A,-1.0910300016403198,0.03053920902311802,4
1AO7_RE99Q,1AO7,RE99Q,0.4106564223766327,-0.02628300152719021,4
"1AO7_DD26W,RD27F,SD51M,SD94T",1AO7,"DD26W,RD27F,SD51M,SD94T",-2.717163562774658,-0.8446556925773621,4
"1AO7_DD26W,RD27F,GD28T,SD51M,SD94T",1AO7,"DD26W,RD27F,GD28T,SD51M,SD94T",-1.285060167312622,-0.35821813344955444,4
"1AO7_DD26W,RD27F,SD51M,SD94T,VC7R",1AO7,"DD26W,RD27F,SD51M,SD94T,VC7R",-1.3930768966674805,-0.036481015384197235,4
"1AO7_GD28I,SD94A",1AO7,"GD28I,SD94A",-0.38309553265571594,1.046332597732544,4
"1AO7_GD28I,SD94T",1AO7,"GD28I,SD94T",-0.8996182680130005,-0.32921302318573,4
"1AO7_GD28L,SD94A",1AO7,"GD28L,SD94A",-0.5086029171943665,0.8403992056846619,4
"1AO7_GD28L,SD94T",1AO7,"GD28L,SD94T",-1.028609037399292,-0.5466268658638,4
"1AO7_GD28M,SD94A",1AO7,"GD28M,SD94A",-0.8046229481697083,1.0145663022994995,4
"1AO7_GD28M,SD94T",1AO7,"GD28M,SD94T",-1.7472666501998901,-0.42706939578056335,4
"1AO7_GD28M,SD51M,SD94T",1AO7,"GD28M,SD51M,SD94T",-2.126458168029785,-0.014054061844944954,4
"1AO7_GD28T,SD51M,SD94T",1AO7,"GD28T,SD51M,SD94T",-1.6043896675109863,-0.1564568281173706,4
"1AO7_RD27F,GD28M,SD51M,SD94T",1AO7,"RD27F,GD28M,SD51M,SD94T",-1.8037333488464355,0.043882325291633606,4
"1AO7_RD27F,GD28T,SD51M,SD94T",1AO7,"RD27F,GD28T,SD51M,SD94T",-1.6043896675109863,-0.0977783352136612,4
"1AO7_DD26W,GD28M,SD51M,SD94T",1AO7,"DD26W,GD28M,SD51M,SD94T",-1.0787051916122437,-0.16455692052841187,4
"1AO7_DD26W,GD28T,SD51M,SD94T",1AO7,"DD26W,GD28T,SD51M,SD94T",-1.2376387119293213,-0.48666247725486755,4
"1AO7_GE98A,RE99Q",1AO7,"GE98A,RE99Q",-1.5635147094726562,-1.2924411296844482,4
"1AO7_AE96M,GE97S",1AO7,"AE96M,GE97S",-1.0448415279388428,-0.8768947720527649,4
"1AO7_AE96M,GE97S,GE98A",1AO7,"AE96M,GE97S,GE98A",-3.544039249420166,-1.793567419052124,4
"1AO7_AE96M,GE97S,GE98A,RE99Q",1AO7,"AE96M,GE97S,GE98A,RE99Q",-3.9220755100250244,-2.079083204269409,4
"1AO7_GD28T,AE96M,GE97S,GE98A",1AO7,"GD28T,AE96M,GE97S,GE98A",-3.861774206161499,-0.2820235788822174,4
"1AO7_GD28T,AE96M,GE97S,GE98A,RE99Q",1AO7,"GD28T,AE96M,GE97S,GE98A,RE99Q",-3.9659810066223145,-0.03193143010139465,4
"1AO7_DD26W,AE96M,GE97S,GE98A,RE99Q",1AO7,"DD26W,AE96M,GE97S,GE98A,RE99Q",-4.038617134094238,-1.192945122718811,4
"1AO7_DD26W,RD27F,SD51M,AE96M,GE97S,GE98A,RE99Q",1AO7,"DD26W,RD27F,SD51M,AE96M,GE97S,GE98A,RE99Q",-3.7107627391815186,-0.7378239631652832,4
"1AO7_DD26W,RD27F,SD51M,SD94T,AE96M,GE97S,GE98A,RE99Q",1AO7,"DD26W,RD27F,SD51M,SD94T,AE96M,GE97S,GE98A,RE99Q",-3.451117753982544,-0.3963042199611664,4
1AO7_RD27P,1AO7,RD27P,0.30800125002861023,0.39618542790412903,4
1AO7_KD97P,1AO7,KD97P,-0.26777946949005127,0.9827749729156494,4
1AO7_AE50P,1AO7,AE50P,-0.32551708817481995,0.011972656473517418,4
1AO7_GE98P,1AO7,GE98P,0.44973334670066833,-0.30144062638282776,4
1AO7_RE99P,1AO7,RE99P,-1.9416855573654175,0.29531142115592957,4
"1AO7_KD97P,AE50P,RE99P",1AO7,"KD97P,AE50P,RE99P",-1.6319506168365479,0.4483523964881897,4
"1AO7_KD97P,RE99P",1AO7,"KD97P,RE99P",-1.2212941646575928,0.9431663155555725,4
"1AO7_DD26W,RD27F,GD28T,SD51M,SD94T",1AO7,"DD26W,RD27F,GD28T,SD51M,SD94T",-2.7447245121002197,-0.35821813344955444,4
"1AO7_DD26W,RD27F,GD28T,SD51M,SD94T,RE99P",1AO7,"DD26W,RD27F,GD28T,SD51M,SD94T,RE99P",-3.3738555908203125,-0.31285038590431213,4
"1AO7_DD26W,RD27F,GD28T,SD51M,SD94T,KD97P,AE50P,RE99P",1AO7,"DD26W,RD27F,GD28T,SD51M,SD94T,KD97P,AE50P,RE99P",-4.6220574378967285,0.03559427708387375,4
3BTD_DI13K,3BTD,DI13K,-11.502717971801758,-10.986296653747559,4
5CXB_EB49D,5CXB,EB49D,0.3650606870651245,-1.1014807224273682,4
5CXB_TB52Q,5CXB,TB52Q,0.0624210461974144,-0.7904224395751953,4
5CXB_RB54A,5CXB,RB54A,0.5644043684005737,0.7531141042709351,4
5CXB_RB54E,5CXB,RB54E,2.6803719997406006,2.5641043186187744,4
5CXB_VB56W,5CXB,VB56W,0.5644043684005737,-1.0415587425231934,4
2E7L_FQ5R,2E7L,FQ5R,3.059887647628784,2.904802083969116,4
5F4E_EA50A,5F4E,EA50A,0.2884120047092438,0.46425309777259827,4
5F4E_EA50K,5F4E,EA50K,0.41565605998039246,-0.07871741056442261,4
5F4E_DA51A,5F4E,DA51A,0.10968799889087677,0.20890659093856812,4
5F4E_QA109A,5F4E,QA109A,-0.03091755323112011,-0.295697957277298,4
5F4E_HA136A,5F4E,HA136A,2.025003433227539,0.242655411362648,4
5F4E_RA139A,5F4E,RA139A,1.4903171062469482,0.8122989535331726,4
5F4E_RA139E,5F4E,RA139E,2.1438913345336914,0.7011479735374451,4
5F4E_EB26A,5F4E,EB26A,1.4491522312164307,0.4233700931072235,4
5F4E_EB26K,5F4E,EB26K,2.2867681980133057,0.34599754214286804,4
5F4E_WB43A,5F4E,WB43A,1.0731322765350342,1.1831440925598145,4
5F4E_LB62A,5F4E,LB62A,2.985064744949341,1.1217057704925537,4
5F4E_KB139A,5F4E,KB139A,0.29455143213272095,-0.11568155139684677,4
5F4E_KB139E,5F4E,KB139E,0.4859897494316101,-0.3143284320831299,4
4YH7_RA48A,4YH7,RA48A,1.733952522277832,1.4763739109039307,4
4YH7_RA169A,4YH7,RA169A,1.438324213027954,0.593832790851593,4
4YH7_YA246A,4YH7,YA246A,1.0345971584320068,1.5709878206253052,4
"4YH7_EA207G,LA208S,RA209S,EA210G",4YH7,"EA207G,LA208S,RA209S,EA210G",-0.04087496176362038,0.9875056743621826,4
"4YH7_EA207Q,RA209E,EA210Q",4YH7,"EA207Q,RA209E,EA210Q",0.038235973566770554,0.323380708694458,4
4YH7_DB7A,4YH7,DB7A,1.6426256895065308,0.6770864725112915,4
"4YH7_MB45A,YB47A,PB58A,FB61A",4YH7,"MB45A,YB47A,PB58A,FB61A",1.733952522277832,2.4422500133514404,4
4YH7_DB258A,4YH7,DB258A,1.5910756587982178,1.230036973953247,4
3SF4_RA202E,3SF4,RA202E,2.365107297897339,-0.12204430997371674,4
3SF4_NA264R,3SF4,NA264R,1.2257654666900635,1.2294844388961792,4
3SF4_WD8A,3SF4,WD8A,3.0738284587860107,2.220885753631592,4
3SF4_ED19R,3SF4,ED19R,1.9264557361602783,0.6912088990211487,4
3SF4_KD27D,3SF4,KD27D,0.4106564223766327,1.5442123413085938,4
3LB6_IA10A,3LB6,IA10A,3.7231316566467285,0.3661918342113495,4
3LB6_KA100A,3LB6,KA100A,5.814425468444824,1.2207977771759033,4
3LB6_KA101A,3LB6,KA101A,2.545271635055542,1.7014737129211426,4
3LB6_FA103A,3LB6,FA103A,5.117306709289551,0.7226176261901855,4
1KTZ_VA62I,1KTZ,VA62I,0.2429177165031433,-0.25496402382850647,4
1KTZ_RA13K,1KTZ,RA13K,1.1516977548599243,0.08940597623586655,4
1KTZ_RA64K,1KTZ,RA64K,2.2014970779418945,0.42345336079597473,4
1KTZ_RA13A,1KTZ,RA13A,1.481581449508667,1.1991713047027588,4
1KTZ_RA64A,1KTZ,RA64A,2.884404420852661,1.2472293376922607,4
1KTZ_LB3A,1KTZ,LB3A,1.8249237537384033,0.9003783464431763,4
1KTZ_FB6A,1KTZ,FB6A,2.980065107345581,1.1082053184509277,4
1KTZ_DB8A,1KTZ,DB8A,1.5216164588928223,0.17592301964759827,4
1KTZ_DB8N,1KTZ,DB8N,2.0003442764282227,0.07733093947172165,4
1KTZ_SB25A,1KTZ,SB25A,0.3265458643436432,0.08695472031831741,4
1KTZ_IB26A,1KTZ,IB26A,1.8964810371398926,0.542707085609436,4
1KTZ_TB27A,1KTZ,TB27A,1.5135467052459717,0.9038152694702148,4
1KTZ_SB28A,1KTZ,SB28A,0.216517373919487,0.02642202563583851,4
1KTZ_SB28L,1KTZ,SB28L,4.037786483764648,-0.052230529487133026,4
1KTZ_IB29A,1KTZ,IB29A,1.3702386617660522,0.8242237567901611,4
1KTZ_EB31A,1KTZ,EB31A,1.2165226936340332,0.2021304816007614,4
1KTZ_VB53A,1KTZ,VB53A,0.4149967432022095,-0.016769198700785637,4
1KTZ_DB94A,1KTZ,DB94A,0.8147421479225159,0.776485800743103,4
1KTZ_EB95A,1KTZ,EB95A,1.4942781925201416,0.2576211392879486,4
1KTZ_EB95Q,1KTZ,EB95Q,1.6271791458129883,-0.16479282081127167,4
1KTZ_NB23A,1KTZ,NB23A,0.28495320677757263,0.0013653729110956192,4
1KTZ_VB38A,1KTZ,VB38A,0.6479637026786804,0.3726840913295746,4
1KTZ_EB51A,1KTZ,EB51A,1.0801141262054443,0.2649451494216919,4
1KTZ_HB55A,1KTZ,HB55A,0.29562830924987793,0.28894180059432983,4
1KTZ_FB86A,1KTZ,FB86A,0.9322267174720764,0.4959507882595062,4
1KTZ_MB88A,1KTZ,MB88A,0.8714090585708618,0.16783733665943146,4
1KTZ_IB101A,1KTZ,IB101A,0.5393629670143127,0.04177247732877731,4
2B10_SB87F,2B10,SB87F,-1.1648274660110474,-2.604548931121826,4
1KIQ_FB101Y,1KIQ,FB101Y,-2.4960761070251465,-1.3018580675125122,4
1OGA_DE28A,1OGA,DE28A,1.5732008218765259,1.9509729146957397,4
1OGA_DE28S,1OGA,DE28S,2.162247657775879,0.9396553039550781,4
1OGA_QE48A,1OGA,QE48A,2.162247657775879,1.6782222986221313,4
1OGA_QE48E,1OGA,QE48E,2.162247657775879,-0.0986500009894371,4
1OGA_IE49A,1OGA,IE49A,2.162247657775879,0.9579150080680847,4
1OGA_IE49G,1OGA,IE49G,2.162247657775879,1.8521207571029663,4
1OGA_IE49N,1OGA,IE49N,2.162247657775879,0.416988343000412,4
1OGA_IE49V,1OGA,IE49V,0.20096902549266815,0.37106284499168396,4
1OGA_IE49L,1OGA,IE49L,1.418562650680542,-0.17003577947616577,4
1OGA_NE51A,1OGA,NE51A,1.129621982574463,0.8123137354850769,4
1OGA_NE51D,1OGA,NE51D,0.49543678760528564,-0.05778069794178009,4
1OGA_DE52A,1OGA,DE52A,0.13220183551311493,0.6910747289657593,4
1OGA_QE54A,1OGA,QE54A,0.49543678760528564,0.47078201174736023,4
1OGA_QE54E,1OGA,QE54E,0.0,-1.2612837553024292,4
1OGA_RE94A,1OGA,RE94A,2.162247657775879,1.4710612297058105,4
1OGA_RE94H,1OGA,RE94H,2.162247657775879,-0.9414508938789368,4
1OGA_SE95A,1OGA,SE95A,-0.035205524414777756,0.586654543876648,4
1OGA_YE97A,1OGA,YE97A,0.2325739562511444,1.6302462816238403,4
1OGA_YE97F,1OGA,YE97F,0.49543678760528564,0.3658263385295868,4
1OGA_SD29A,1OGA,SD29A,0.6276386380195618,0.3039928376674652,4
1OGA_SD30A,1OGA,SD30A,1.038295030593872,0.8875041007995605,4
1OGA_QD32A,1OGA,QD32A,0.9758740067481995,0.009357055649161339,4
1OGA_IE49V,1OGA,IE49V,0.20047320425510406,0.37106284499168396,4
1OGA_NE51A,1OGA,NE51A,1.100896954536438,0.8123137354850769,4
1OGA_DE52A,1OGA,DE52A,0.10062168538570404,0.6910747289657593,4
1OGA_QE54A,1OGA,QE54A,0.5006897449493408,0.47078201174736023,4
1OGA_QE54E,1OGA,QE54E,0.0,-1.2612837553024292,4
1OGA_SE95A,1OGA,SE95A,0.0,0.586654543876648,4
1OGA_YE97A,1OGA,YE97A,0.20047320425510406,1.6302462816238403,4
1OGA_YE97F,1OGA,YE97F,0.5006897449493408,0.3658263385295868,4
1OGA_SD30A,1OGA,SD30A,1.001283884048462,0.8875041007995605,4
1OGA_QD32A,1OGA,QD32A,1.001283884048462,0.009357055649161339,4
1OGA_QA43A,1OGA,QA43A,-0.023952234536409378,0.30754828453063965,4
1OGA_EA58A,1OGA,EA58A,0.11265619844198227,0.4662952125072479,4
1OGA_DA61A,1OGA,DA61A,0.11817597597837448,0.1509505659341812,4
1OGA_EA63A,1OGA,EA63A,-0.018160870298743248,0.7042719125747681,4
1OGA_TA64A,1OGA,TA64A,0.18642865121364594,0.33031871914863586,4
1OGA_RA65A,1OGA,RA65A,-0.3654748499393463,1.6887154579162598,4
1OGA_KA66A,1OGA,KA66A,-0.023952234536409378,1.4162918329238892,4
1OGA_VA67A,1OGA,VA67A,-0.13922981917858124,0.29490211606025696,4
1OGA_KA68A,1OGA,KA68A,0.24835985898971558,0.07166937738656998,4
1OGA_AA69G,1OGA,AA69G,0.4271910488605499,0.6345089077949524,4
1OGA_HA70A,1OGA,HA70A,0.5177409052848816,0.6255909204483032,4
1OGA_QA72A,1OGA,QA72A,-0.4595701992511749,0.04349128156900406,4
1OGA_TA73A,1OGA,TA73A,0.8486196398735046,1.1043200492858887,4
1OGA_HA74A,1OGA,HA74A,0.6043843626976013,0.9913288354873657,4
1OGA_RA75A,1OGA,RA75A,0.7110561728477478,0.9359620809555054,4
1OGA_VA76A,1OGA,VA76A,0.8721638321876526,0.43545809388160706,4
1OGA_TA80A,1OGA,TA80A,0.19533786177635193,0.18141086399555206,4
1OGA_KA146A,1OGA,KA146A,1.9311250448226929,0.7024060487747192,4
1OGA_AA149G,1OGA,AA149G,0.12273682653903961,-0.03681418299674988,4
1OGA_AA150G,1OGA,AA150G,0.448542982339859,-0.02823585830628872,4
1OGA_HA151A,1OGA,HA151A,0.0,1.0196118354797363,4
1OGA_VA152A,1OGA,VA152A,1.3936090469360352,1.0596301555633545,4
1OGA_EA154A,1OGA,EA154A,0.6123905777931213,0.161670982837677,4
1OGA_QA155A,1OGA,QA155A,0.48906829953193665,0.29670095443725586,4
1OGA_AA158G,1OGA,AA158G,0.13264881074428558,-0.48829153180122375,4
1OGA_TA163A,1OGA,TA163A,0.3215610086917877,0.3454584777355194,4
2VLR_AE95S,2VLR,AE95S,0.035205524414777756,-0.2129741907119751,4
2VLR_AE95S,2VLR,AE95S,0.0,-0.2129741907119751,4
2G2U_EB31A,2G2U,EB31A,0.6508750319480896,-0.03753142058849335,4
2G2U_SB35A,2G2U,SB35A,-0.9508990049362183,0.41624051332473755,4
2G2U_FB36A,2G2U,FB36A,2.763950824737549,0.9584997892379761,4
2G2U_SB39A,2G2U,SB39A,-0.9561419486999512,0.1365172415971756,4
2G2U_HB41A,2G2U,HB41A,1.7170486450195312,1.2405555248260498,4
2G2U_GB48A,2G2U,GB48A,-0.42659780383110046,0.7511994242668152,4
2G2U_YB50A,2G2U,YB50A,-2.0757222175598145,1.926386833190918,4
2G2U_YB51A,2G2U,YB51A,-0.6287487745285034,2.405618667602539,4
2G2U_YB53A,2G2U,YB53A,2.3017444610595703,0.9293814301490784,4
2G2U_SB71A,2G2U,SB71A,-0.5122073292732239,0.8594224452972412,4
2G2U_EB73A,2G2U,EB73A,-1.9794374704360962,1.661159873008728,4
2G2U_KB74A,2G2U,KB74A,-0.21733520925045013,0.7044287323951721,4
2G2U_WB112A,2G2U,WB112A,0.9587345719337463,0.7207714319229126,4
2G2U_SB113A,2G2U,SB113A,-0.6123114824295044,0.6423876285552979,4
2G2U_GB141A,2G2U,GB141A,-0.4138105809688568,0.23719410598278046,4
2G2U_FB142A,2G2U,FB142A,0.2758272886276245,2.6831092834472656,4
2G2U_YB143A,2G2U,YB143A,-1.8472355604171753,1.450914978981018,4
2G2U_RB144A,2G2U,RB144A,-0.3423922061920166,1.077643632888794,4
2G2U_HB148A,2G2U,HB148A,1.118950605392456,1.9440948963165283,4
2G2U_WB150A,2G2U,WB150A,1.7852216958999634,2.1532821655273438,4
2G2U_RB160A,2G2U,RB160A,0.6697938442230225,0.3120764195919037,4
2G2U_WB162A,2G2U,WB162A,0.5312100648880005,1.7072827816009521,4
"2G2U_EB73A,YB50A",2G2U,"EB73A,YB50A",-2.452514886856079,1.9516470432281494,4
"2G2U_YB50A,YB143A",2G2U,"YB50A,YB143A",-2.0757222175598145,2.312453269958496,4
"2G2U_EB73A,YB143A",2G2U,"EB73A,YB143A",-1.8355034589767456,2.0647761821746826,4
"2G2U_WB112A,YB143A",2G2U,"WB112A,YB143A",-0.40960875153541565,1.1904032230377197,4
"2G2U_WB150A,YB143A",2G2U,"WB150A,YB143A",0.9891233444213867,2.583587646484375,4
"2G2U_EB73M,FB142W,YB143F",2G2U,"EB73M,FB142W,YB143F",-1.1080924272537231,-0.08501803129911423,4
"2G2U_EB73M,SB130K,FB142W,YB143F,SB146M",2G2U,"EB73M,SB130K,FB142W,YB143F,SB146M",-2.9318337440490723,-0.08805182576179504,4
"2G2U_EB73M,SB130K,FB142W,YB143F",2G2U,"EB73M,SB130K,FB142W,YB143F",-2.016425609588623,1.0304789543151855,4
"2G2U_EB73M,YB143F",2G2U,"EB73M,YB143F",-1.5924550294876099,0.18475215137004852,4
2G2U_EB73M,2G2U,EB73M,-3.5360348224639893,0.18736234307289124,4
2G2U_SB130K,2G2U,SB130K,-1.4694386720657349,0.7519059777259827,4
"2G2U_EB73M,SB130K",2G2U,"EB73M,SB130K",-2.809424638748169,1.0185532569885254,4
"2G2U_EB73M,SB130K,SB146M",2G2U,"EB73M,SB130K,SB146M",-3.5096993446350098,0.4193931221961975,4
2G2U_DA79K,2G2U,DA79K,-0.4528871178627014,-1.2981982231140137,4
2G2U_DA79A,2G2U,DA79A,-1.5434516668319702,-1.3881698846817017,4
2G2U_DA79E,2G2U,DA79E,-4.384282112121582,-3.4274344444274902,4
2G2U_DA79K,2G2U,DA79K,-0.6709600687026978,-1.2981982231140137,4
2G2U_EB73M,2G2U,EB73M,-2.4665775299072266,0.18736234307289124,4
"2G2U_EB73M,KB74A",2G2U,"EB73M,KB74A",0.4730774760246277,0.46655455231666565,4
"2G2U_EB73M,FB142A",2G2U,"EB73M,FB142A",0.3220660388469696,1.787686824798584,4
"2G2U_EB73M,KB74A,FB142A",2G2U,"EB73M,KB74A,FB142A",1.4830588102340698,1.7232918739318848,4
"2G2U_DA79A,EB73M",2G2U,"DA79A,EB73M",-2.1472480297088623,-0.5735924243927002,4
"2G2U_DA79A,EB73M,KB74A",2G2U,"DA79A,EB73M,KB74A",-1.5569682121276855,-0.3951210677623749,4
"2G2U_DA79A,EB73M,FB142A",2G2U,"DA79A,EB73M,FB142A",-0.6917499899864197,1.357400894165039,4
"2G2U_DA79A,EB73M,KB74A,FB142A",2G2U,"DA79A,EB73M,KB74A,FB142A",-0.9873782992362976,1.5426063537597656,4
"1BP3_DA11A,MA14V,HA18Q,RA19H,FA25A,QA29K,EA33R",1BP3,"DA11A,MA14V,HA18Q,RA19H,FA25A,QA29K,EA33R",3.6053051948547363,0.6170743703842163,4
"1BP3_PA48A,TA50A,SA51A,LA52F",1BP3,"PA48A,TA50A,SA51A,LA52F",0.2461729496717453,0.7232855558395386,4
"1BP3_SA57T,TA60A,SA62T,NA63G,RA64K,EA65D,TA67A,KA70R,NA72D,LA73V",1BP3,"SA57T,TA60A,SA62T,NA63G,RA64K,EA65D,TA67A,KA70R,NA72D,LA73V",2.299455165863037,1.0471858978271484,4
"1BP3_QA46H,NA47D,PA48S,QA49E,LA52F",1BP3,"QA46H,NA47D,PA48S,QA49E,LA52F",0.2461729496717453,-0.18209467828273773,4
"1BP3_EA56D,RA64M",1BP3,"EA56D,RA64M",0.44551658630371094,0.2641228139400482,4
"1BP3_NA12R,MA14V,LA15V,RA16L,RA19Y",1BP3,"NA12R,MA14V,LA15V,RA16L,RA19Y",0.38309553265571594,1.3397860527038574,4
"1BP3_QA22N,FA25S,DA26E,QA29S,EA30Q,EA33K",1BP3,"QA22N,FA25S,DA26E,QA29S,EA30Q,EA33K",1.6103440523147583,0.3336617052555084,4
"1BP3_FA54H,SA55T,EA56S,IA58L,PA59A,SA62E,NA63D,RA64K,EA66Q,TA67A,KA70M,SA71N,NA72Q,LA73K,EA74D",1BP3,"FA54H,SA55T,EA56S,IA58L,PA59A,SA62E,NA63D,RA64K,EA66Q,TA67A,KA70M,SA71N,NA72Q,LA73K,EA74D",0.3541897237300873,0.3588191270828247,4
"1BP3_EA88G,QA91Y,FA92H,RA94T,SA95E",1BP3,"EA88G,QA91Y,FA92H,RA94T,SA95E",0.20951473712921143,0.14895044267177582,4
"1BP3_FA97R,AA98G,NA99M,SA100Q,LA101D,VA102A,YA103P,GA104E",1BP3,"FA97R,AA98G,NA99M,SA100Q,LA101D,VA102A,YA103P,GA104E",0.38309553265571594,0.3581915497779846,4
"1BP3_YA111V,LA113I,KA115E,DA116Q,EA118K,EA119R,RA120L,QA122E,TA123G,GA126L,RA127I,EA129S",1BP3,"YA111V,LA113I,KA115E,DA116Q,EA118K,EA119R,RA120L,QA122E,TA123G,GA126L,RA127I,EA129S",-0.3929699659347534,0.20113961398601532,4
1BP3_FA10A,1BP3,FA10A,0.0,0.672958254814148,4
1BP3_NA12A,1BP3,NA12A,-0.2966853082180023,0.25645899772644043,4
1BP3_LA15A,1BP3,LA15A,0.0,0.22658738493919373,4
1BP3_RA16A,1BP3,RA16A,0.0,0.3976120352745056,4
1BP3_HA18A,1BP3,HA18A,2.9120941162109375,-0.042715393006801605,4
1BP3_RA19A,1BP3,RA19A,0.0,0.25127148628234863,4
1BP3_HA21A,1BP3,HA21A,2.671875476837158,0.041716136038303375,4
1BP3_FA25A,1BP3,FA25A,1.1502879858016968,-0.027346065267920494,4
1BP3_DA26E,1BP3,DA26E,0.38309553265571594,0.15186187624931335,4
1BP3_FA54A,1BP3,FA54A,0.20951473712921143,0.3360360562801361,4
1BP3_SA55A,1BP3,SA55A,0.2461729496717453,0.22951693832874298,4
1BP3_EA56A,1BP3,EA56A,-0.1188877522945404,0.5792567729949951,4
1BP3_SA57A,1BP3,SA57A,0.034860171377658844,0.10232003778219223,4
1BP3_IA58A,1BP3,IA58A,1.7291240692138672,0.2550857663154602,4
1BP3_PA59A,1BP3,PA59A,0.15681762993335724,-0.09051625430583954,4
1BP3_SA62A,1BP3,SA62A,1.4157211780548096,0.21746410429477692,4
1BP3_NA63A,1BP3,NA63A,0.856173038482666,0.31032052636146545,4
1BP3_RA64A,1BP3,RA64A,0.3541897237300873,1.2133190631866455,4
1BP3_EA65A,1BP3,EA65A,0.5464380383491516,-0.12334524095058441,4
1BP3_EA66A,1BP3,EA66A,0.06778264045715332,0.1513562798500061,4
1BP3_QA68A,1BP3,QA68A,0.11397110670804977,0.33945098519325256,4
1BP3_QA69A,1BP3,QA69A,-0.21388307213783264,0.04470489174127579,4
1BP3_KA70A,1BP3,KA70A,0.2461729496717453,0.1769108772277832,4
1BP3_SA71A,1BP3,SA71A,0.6138347387313843,0.11134199053049088,4
1BP3_LA73A,1BP3,LA73A,0.3541897237300873,-0.1944645196199417,4
1BP3_YA156A,1BP3,YA156A,0.20951473712921143,0.23360686004161835,4
1BP3_YA160A,1BP3,YA160A,0.44551658630371094,0.5930970311164856,4
1BP3_RA163A,1BP3,RA163A,3.928029775619507,0.13922400772571564,4
1BP3_KA164A,1BP3,KA164A,1.7281535863876343,1.0855445861816406,4
1BP3_DA167A,1BP3,DA167A,0.06778264045715332,0.9844493865966797,4
1BP3_KA168A,1BP3,KA168A,3.1905486583709717,1.7254186868667603,4
1BP3_EA170A,1BP3,EA170A,3.4931883811950684,-0.10498373210430145,4
1BP3_TA171S,1BP3,TA171S,0.4942387044429779,0.6326500177383423,4
1BP3_FA172A,1BP3,FA172A,1.9106091260910034,0.9672611951828003,4
1BP3_RA174A,1BP3,RA174A,1.1502879858016968,1.6552314758300781,4
1BP3_IA175A,1BP3,IA175A,0.3541897237300873,0.37415337562561035,4
1BP3_IA175M,1BP3,IA175M,-0.1644834727048874,-0.07455025613307953,4
1BP3_VA176A,1BP3,VA176A,-0.2966853082180023,0.12816041707992554,4
1BP3_QA177A,1BP3,QA177A,0.0,0.01673954166471958,4
1BP3_RA179A,1BP3,RA179A,0.5674740672111511,0.5761568546295166,4
1BP3_SA180A,1BP3,SA180A,-0.1188877522945404,-0.22558622062206268,4
1BP3_VA181A,1BP3,VA181A,0.28069448471069336,0.2247217446565628,4
1BP3_EA182A,1BP3,EA182A,0.0,0.16922809183597565,4
1BP3_GA183A,1BP3,GA183A,0.0,0.20526151359081268,4
1BP3_SA184A,1BP3,SA184A,-0.2966853082180023,0.3241862952709198,4
1BP3_HA18A,1BP3,HA18A,0.18667039275169373,-0.042715393006801605,4
1BP3_HA21A,1BP3,HA21A,-0.17779755592346191,0.041716136038303375,4
1BP3_IA58A,1BP3,IA58A,1.7856985330581665,0.2550857663154602,4
1BP3_RA163A,1BP3,RA163A,2.121842622756958,0.13922400772571564,4
1BP3_KA168A,1BP3,KA168A,2.022315502166748,1.7254186868667603,4
1BP3_EA170A,1BP3,EA170A,0.17043781280517578,-0.10498373210430145,4
1BP3_FA172A,1BP3,FA172A,1.945265293121338,0.9672611951828003,4
"1BP3_KA164A,EA170A",1BP3,"KA164A,EA170A",5.407962322235107,0.049965351819992065,4
"1BP3_RA64A,DA167A",1BP3,"RA64A,DA167A",0.37862420082092285,2.25180721282959,4
"1BP3_KA168A,FA172A",1BP3,"KA168A,FA172A",5.3548712730407715,1.9697774648666382,4
1GUA_RB4A,1GUA,RB4A,1.0008436441421509,1.6576697826385498,4
1GUA_NB9A,1GUA,NB9A,-0.3999384045600891,0.5321492552757263,4
1GUA_KB10A,1GUA,KB10A,-0.3999384045600891,0.9111056327819824,4
1GUA_QB11A,1GUA,QB11A,0.10035651177167892,1.868056297302246,4
1GUA_TB13A,1GUA,TB13A,0.7011552453041077,1.2001943588256836,4
1GUA_VB14A,1GUA,VB14A,0.10035651177167892,1.3023806810379028,4
1GUA_KB29A,1GUA,KB29A,1.9992140531539917,1.2996699810028076,4
1GUA_KB32A,1GUA,KB32A,0.7992769479751587,0.43154722452163696,4
1GUA_VB33A,1GUA,VB33A,0.20002995431423187,1.0590206384658813,4
1GUA_EA37A,1GUA,EA37A,1.3008146286010742,0.43800753355026245,4
1GUA_SA39A,1GUA,SA39A,1.4003002643585205,0.6692454218864441,4
"1GUA_RB4A,EA37A",1GUA,"RB4A,EA37A",1.3008146286010742,1.4998750686645508,4
"1GUA_VB14A,EA37A",1GUA,"VB14A,EA37A",1.7006744146347046,2.428765296936035,4
1GUA_DA30E,1GUA,DA30E,0.2402186095714569,0.18010003864765167,4
"1GUA_DA30E,EA31K",1GUA,"DA30E,EA31K",2.0150461196899414,1.6469444036483765,4
3D5S_AC31R,3D5S,AC31R,-2.2467401027679443,-1.372009515762329,4
3D5S_AC31R,3D5S,AC31R,-1.5196093320846558,-1.372009515762329,4
4G0N_RB6A,4G0N,RB6A,1.6457569599151611,1.807749629020691,4
4G0N_NB11A,4G0N,NB11A,0.09720733761787415,0.8239525556564331,4
4G0N_QB13A,4G0N,QB13A,1.6457569599151611,1.9064794778823853,4
4G0N_RB14A,4G0N,RB14A,1.9372704029083252,1.512423038482666,4
4G0N_TB15A,4G0N,TB15A,1.4525357484817505,1.5590200424194336,4
4G0N_VB16A,4G0N,VB16A,0.9681078195571899,1.3084986209869385,4
4G0N_KB31A,4G0N,KB31A,2.1297554969787598,1.4135756492614746,4
4G0N_VB35A,4G0N,VB35A,0.09720733761787415,0.873350977897644,4
4G0N_IA21A,4G0N,IA21A,0.871229350566864,1.1213752031326294,4
4G0N_HA27A,4G0N,HA27A,-0.2906951308250427,0.3713597059249878,4
4G0N_EA31A,4G0N,EA31A,0.4855044186115265,0.9052103757858276,4
4G0N_DA33A,4G0N,DA33A,1.0649688243865967,0.6499534249305725,4
4G0N_IA36A,4G0N,IA36A,1.7429593801498413,0.07894044369459152,4
4G0N_EA37A,4G0N,EA37A,1.7429593801498413,0.5781751871109009,4
4G0N_DA38A,4G0N,DA38A,3.193985939025879,2.5360517501831055,4
4G0N_SA39A,4G0N,SA39A,0.29070067405700684,0.7910808324813843,4
4G0N_RA41A,4G0N,RA41A,-0.5806019902229309,1.0917370319366455,4
4G0N_VA45A,4G0N,VA45A,-0.2906951308250427,0.1562575101852417,4
"4G0N_TB15A,IA21A",4G0N,"TB15A,IA21A",2.1297554969787598,2.4825801849365234,4
"4G0N_VB16A,IA21A",4G0N,"VB16A,IA21A",1.5513603687286377,2.0588908195495605,4
"4G0N_VB35A,IA21A",4G0N,"VB35A,IA21A",0.29070067405700684,1.6468901634216309,4
"4G0N_VB35A,HA27A",4G0N,"VB35A,HA27A",0.19255085289478302,0.9219504594802856,4
"4G0N_RB6A,EA31A",4G0N,"RB6A,EA31A",2.1297554969787598,2.1575045585632324,4
"4G0N_TB15A,EA31A",4G0N,"TB15A,EA31A",1.5513603687286377,1.927241563796997,4
"4G0N_KB31A,EA31A",4G0N,"KB31A,EA31A",2.0329933166503906,1.3411623239517212,4
"4G0N_RB6A,DA33A",4G0N,"RB6A,DA33A",2.5166070461273193,1.3487943410873413,4
"4G0N_KB31A,DA33A",4G0N,"KB31A,DA33A",2.6137888431549072,1.117502212524414,4
"4G0N_RB6A,IA36A",4G0N,"RB6A,IA36A",4.257757186889648,1.5721211433410645,4
"4G0N_TB15A,IA36A",4G0N,"TB15A,IA36A",3.000670909881592,1.8896719217300415,4
"4G0N_VB16A,IA36A",4G0N,"VB16A,IA36A",2.6137888431549072,1.7164316177368164,4
"4G0N_RB6A,EA37A",4G0N,"RB6A,EA37A",2.323566198348999,1.4254357814788818,4
"4G0N_TB15A,EA37A",4G0N,"TB15A,EA37A",2.8070836067199707,2.2372853755950928,4
"4G0N_VB16A,EA37A",4G0N,"VB16A,EA37A",2.7103421688079834,2.080949306488037,4
"4G0N_KB31A,EA37A",4G0N,"KB31A,EA37A",3.38753080368042,1.4766592979431152,4
"4G0N_RB6A,DA38A",4G0N,"RB6A,DA38A",4.4514851570129395,2.659248113632202,4
"4G0N_TB15A,DA38A",4G0N,"TB15A,DA38A",3.000670909881592,3.078141689300537,4
"4G0N_QB13A,SA39A",4G0N,"QB13A,SA39A",2.0329933166503906,1.7848069667816162,4
"4G0N_RB14A,SA39A",4G0N,"RB14A,SA39A",2.226851224899292,0.8521496057510376,4
"4G0N_TB15A,SA39A",4G0N,"TB15A,SA39A",1.9372704029083252,2.6609816551208496,4
"4G0N_NB11A,RA41A",4G0N,"NB11A,RA41A",-0.5806019902229309,1.4134656190872192,4
"4G0N_QB13A,RA41A",4G0N,"QB13A,RA41A",1.2585135698318481,1.774057388305664,4
"4G0N_NB11A,VA45A",4G0N,"NB11A,VA45A",0.0,0.5190004110336304,4
"4G0N_QB13A,VA45A",4G0N,"QB13A,VA45A",1.5513603687286377,1.8646591901779175,4
"4G0N_RB14A,VA45A",4G0N,"RB14A,VA45A",1.7429593801498413,1.3893311023712158,4
"4G0N_TB15A,VA45A",4G0N,"TB15A,VA45A",1.0649688243865967,2.270578622817993,4
4G0N_FB8W,4G0N,FB8W,0.6034535765647888,0.10234399884939194,4
4G0N_VB35I,4G0N,VB35I,0.551903486251831,0.4254232943058014,4
4G0N_NB18R,4G0N,NB18R,-0.6982964873313904,-0.7310479879379272,4
"4G0N_FB8W,NB18R",4G0N,"FB8W,NB18R",-0.2876400649547577,-0.034799881279468536,4
"4G0N_FB8W,NB18R,VB35I",4G0N,"FB8W,NB18R,VB35I",0.3632349669933319,0.2853473126888275,4
"4G0N_FB8W,RB14L,NB18R,VB35I",4G0N,"FB8W,RB14L,NB18R,VB35I",0.6034535765647888,0.5057003498077393,4
"4G0N_FB8W,VB16E,NB18R,VB35I",4G0N,"FB8W,VB16E,NB18R,VB35I",1.8187329769134521,1.9481889009475708,4
"4G0N_FB8W,RB14L,VB16E,NB18R,KB31R,VB35I",4G0N,"FB8W,RB14L,VB16E,NB18R,KB31R,VB35I",3.604046583175659,2.0694334506988525,4
4G0N_AB32K,4G0N,AB32K,-1.1089528799057007,-1.487318515777588,4
"4G0N_NB18R,AB32K",4G0N,"NB18R,AB32K",-1.2793906927108765,-1.1992380619049072,4
4G0N_TA35A,4G0N,TA35A,2.62937068939209,1.3630931377410889,4
"4G0N_TA35A,NB18R",4G0N,"TA35A,NB18R",2.0998265743255615,1.0429526567459106,4
"4G0N_TA35A,AB32K",4G0N,"TA35A,AB32K",2.57879900932312,-1.010987401008606,4
"4G0N_TA35A,NB18R,AB32K",4G0N,"TA35A,NB18R,AB32K",1.9676246643066406,-0.8074806332588196,4
"4G0N_YA32C,CA116S",4G0N,"YA32C,CA116S",0.7356554269790649,0.684211015701294,4
"4G0N_YA32C,CA116S,NB18R",4G0N,"YA32C,CA116S,NB18R",-0.3667510151863098,-0.09243202954530716,4
"4G0N_YA32C,CA116S,AB32K",4G0N,"YA32C,CA116S,AB32K",-0.641829788684845,-1.3801296949386597,4
"4G0N_YA32C,CA116S,NB18R,AB32K",4G0N,"YA32C,CA116S,NB18R,AB32K",-1.7309221029281616,-1.2444076538085938,4
4G0N_KB12M,4G0N,KB12M,1.3225784301757812,-0.008253363892436028,4
4G0N_NB11A,4G0N,NB11A,1.5063303709030151,0.8239525556564331,4
4G0N_NB11D,4G0N,NB11D,1.8089699745178223,0.9545694589614868,4
4G0N_VB16A,4G0N,VB16A,1.8089699745178223,1.3084986209869385,4
4G0N_KB12A,4G0N,KB12A,1.83220636844635,0.6639928817749023,4
4G0N_KB12E,4G0N,KB12E,1.9169868230819702,0.27618661522865295,4
4G0N_TB15A,4G0N,TB15A,2.15720534324646,1.5590200424194336,4
4G0N_RB14A,4G0N,RB14A,2.3276431560516357,1.512423038482666,4
4G0N_RB6A,4G0N,RB6A,2.738299608230591,1.807749629020691,4
4G0N_QB13A,4G0N,QB13A,2.7857210636138916,1.9064794778823853,4
"4G0N_RB6A,NB11D",4G0N,"RB6A,NB11D",3.4212069511413574,2.4226832389831543,4
4G0N_KB31A,4G0N,KB31A,3.5837974548339844,1.4135756492614746,4
4G0N_KB31E,4G0N,KB31E,5.0657782554626465,1.9317795038223267,4
"4G0N_KB31A,RB36G",4G0N,"KB31A,RB36G",5.3586249351501465,2.6892905235290527,4
4G0N_RB36L,4G0N,RB36L,5.3586249351501465,2.545459508895874,4
4G0N_EA31A,4G0N,EA31A,1.388119101524353,0.9052103757858276,4
4G0N_DA33A,4G0N,DA33A,0.6891109943389893,0.6499534249305725,4
4G0N_RA41A,4G0N,RA41A,-0.10772061347961426,1.0917370319366455,4
4G0N_RB6A,4G0N,RB6A,2.039231300354004,1.807749629020691,4
4G0N_NB11A,4G0N,NB11A,0.4360252022743225,0.8239525556564331,4
4G0N_RB14A,4G0N,RB14A,1.496372938156128,1.512423038482666,4
4G0N_VB16A,4G0N,VB16A,0.6891109943389893,1.3084986209869385,4
4G0N_KB31A,4G0N,KB31A,2.039231300354004,1.4135756492614746,4
4G0N_VB35A,4G0N,VB35A,-0.10772061347961426,0.873350977897644,4
4G0N_TA35S,4G0N,TA35S,2.2143898010253906,0.3587477505207062,4
4G0N_TA35A,4G0N,TA35A,2.94437575340271,1.3630931377410889,4
4G0N_DA38A,4G0N,DA38A,2.5355451107025146,2.5360517501831055,4
3HH2_VC15E,3HH2,VC15E,0.6843902468681335,0.4758768677711487,4
3HH2_FC47E,3HH2,FC47E,0.7132960557937622,1.7219444513320923,4
3HH2_IC51E,3HH2,IC51E,0.8621878027915955,1.2983943223953247,4
3HH2_FC52E,3HH2,FC52E,0.8165920972824097,2.5142874717712402,4
3HH2_FC47A,3HH2,FC47A,1.325307846069336,1.4264484643936157,4
3HH2_IC51A,3HH2,IC51A,0.7132960557937622,1.2472504377365112,4
3HH2_FC52A,3HH2,FC52A,1.2728441953659058,2.2522008419036865,4
3SE8_RH30A,3SE8,RH30A,-0.03886324167251587,1.0315735340118408,4
3SE8_WH47A,3SE8,WH47A,1.4514539241790771,1.0592975616455078,4
3SE8_WH50A,3SE8,WH50A,1.3121079206466675,1.6233177185058594,4
3SE8_KH52A,3SE8,KH52A,1.0935636758804321,0.7085645198822021,4
3SE8_LH54A,3SE8,LH54A,0.05389641225337982,1.1433990001678467,4
3SE8_WH55A,3SE8,WH55A,0.7488812804222107,1.892381191253662,4
3SE8_GH56A,3SE8,GH56A,0.35136178135871887,0.962348222732544,4
3SE8_VH58A,3SE8,VH58A,1.2296135425567627,1.7668039798736572,4
3SE8_SH59A,3SE8,SH59A,1.1323561668395996,0.7174985408782959,4
3SE8_YH60A,3SE8,YH60A,0.8421027660369873,0.8482385873794556,4
3SE8_RH62A,3SE8,RH62A,1.1867965459823608,1.0928184986114502,4
3SE8_QH63A,3SE8,QH63A,1.0965259075164795,0.2703680098056793,4
3SE8_QH65A,3SE8,QH65A,0.540974497795105,0.22417892515659332,4
3SE8_RH72A,3SE8,RH72A,2.6019887924194336,1.9794225692749023,4
3SE8_QH76A,3SE8,QH76A,0.09534351527690887,0.7940784692764282,4
3SE8_PH78A,3SE8,PH78A,0.018515631556510925,0.19576062262058258,4
3SE8_PH81A,3SE8,PH81A,-0.06978079676628113,-0.06866753846406937,4
3SE8_DH110A,3SE8,DH110A,-0.38309553265571594,0.6507444977760315,4
3SE8_YH111A,3SE8,YH111A,0.8165920972824097,0.31384068727493286,4
3SE8_DH114A,3SE8,DH114A,-0.2402186095714569,0.19187670946121216,4
3SE8_FH115A,3SE8,FH115A,1.050457239151001,2.719773769378662,4
3SE8_EL1A,3SE8,EL1A,-0.5475789904594421,0.33391234278678894,4
3SE8_QL27A,3SE8,QL27A,-0.21265773475170135,0.12353133410215378,4
3SE8_NL30A,3SE8,NL30A,0.1912277340888977,1.3355094194412231,4
3SE8_DL49A,3SE8,DL49A,0.8421027660369873,0.18631207942962646,4
3SE8_FL90A,3SE8,FL90A,-0.850218653678894,1.601501226425171,4
3SE8_EL91A,3SE8,EL91A,1.489182472229004,0.5965179800987244,4
3SE8_FL92A,3SE8,FL92A,0.8189571499824524,1.0667130947113037,4
4U6H_NE21A,4U6H,NE21A,-0.3482353687286377,-0.10289681702852249,4
4U6H_QE25A,4U6H,QE25A,0.1188877522945404,0.5506458878517151,4
1YQV_RY45K,1YQV,RY45K,2.001080274581909,0.3716713488101959,4
1YQV_RY45K,1YQV,RY45K,2.002138137817383,0.3716713488101959,4
1YQV_RY45K,1YQV,RY45K,1.6343395709991455,0.3716713488101959,4
"1YQV_RY68K,TY40S,IY55V,SY91T,QY121H",1YQV,"RY68K,TY40S,IY55V,SY91T,QY121H",0.10615579783916473,-0.02932751737535,4
"1YQV_RY68K,TY40S,IY55V,SY91T,QY121H",1YQV,"RY68K,TY40S,IY55V,SY91T,QY121H",0.0,-0.02932751737535,4
"1YQV_RY68K,TY40S,IY55V,SY91T,QY121H",1YQV,"RY68K,TY40S,IY55V,SY91T,QY121H",0.0,-0.02932751737535,4
"1YQV_RY68K,TY40S,IY55V,SY91T",1YQV,"RY68K,TY40S,IY55V,SY91T",5.373005390167236,0.20276592671871185,4
"1YQV_RY68K,TY40S,IY55V,SY91T",1YQV,"RY68K,TY40S,IY55V,SY91T",5.104349136352539,0.20276592671871185,4
"1YQV_RY68K,TY40S,IY55V,SY91T",1YQV,"RY68K,TY40S,IY55V,SY91T",5.097285270690918,0.20276592671871185,4
"4MNQ_IE49V,HE50G,PE51A,EE52G,YE53I,AD93S,LD94G,PD95T,GD97K",4MNQ,"IE49V,HE50G,PE51A,EE52G,YE53I,AD93S,LD94G,PD95T,GD97K",5.821152210235596,0.8203182816505432,4
"4MNQ_AD93S,LD94G,PD95T,GD97K",4MNQ,"AD93S,LD94G,PD95T,GD97K",0.9231258630752563,-0.6423890590667725,4
"4MNQ_HE50W,PE51E,EE52F,YE53E,AD93S,LD94G,PD95T,GD97K",4MNQ,"HE50W,PE51E,EE52F,YE53E,AD93S,LD94G,PD95T,GD97K",0.8976401090621948,0.1805885285139084,4
"4MNQ_IE49V,HE50G,PE51A,EE52G,YE53I",4MNQ,"IE49V,HE50G,PE51A,EE52G,YE53I",1.5196093320846558,2.130383014678955,4
"4MNQ_HE50W,PE51E,EE52F,YE53E",4MNQ,"HE50W,PE51E,EE52F,YE53E",0.259645015001297,1.4640083312988281,4
"4MNQ_KC4A,AD93S,LD94G,PD95T,GD97K",4MNQ,"KC4A,AD93S,LD94G,PD95T,GD97K",3.6324572563171387,0.7877224087715149,4
"4MNQ_KC4A,IE49V,HE50G,PE51A,EE52G,YE53I",4MNQ,"KC4A,IE49V,HE50G,PE51A,EE52G,YE53I",4.247951507568359,2.2524261474609375,4
4MNQ_KC4A,4MNQ,KC4A,4.935636520385742,2.0542478561401367,4
"4MNQ_KC4A,HE50W,PE51E,EE52F,YE53E",4MNQ,"KC4A,HE50W,PE51E,EE52F,YE53E",4.942731857299805,2.661553382873535,4
"4MNQ_LC6A,AD93S,LD94G,PD95T,GD97K",4MNQ,"LC6A,AD93S,LD94G,PD95T,GD97K",5.102494716644287,0.7883818745613098,4
"4MNQ_LC6A,HE50W,PE51E,EE52F,YE53E,AD93S,LD94G,PD95T,GD97K",4MNQ,"LC6A,HE50W,PE51E,EE52F,YE53E,AD93S,LD94G,PD95T,GD97K",5.426295757293701,0.8767346739768982,4
"4MNQ_LC6A,IE49V,HE50G,PE51A,EE52G,YE53I",4MNQ,"LC6A,IE49V,HE50G,PE51A,EE52G,YE53I",4.669893264770508,2.734987258911133,4
4MNQ_LC6A,4MNQ,LC6A,4.148980140686035,2.7429580688476562,4
"4MNQ_LC6A,HE50W,PE51E,EE52F,YE53E",4MNQ,"LC6A,HE50W,PE51E,EE52F,YE53E",4.3891987800598145,2.4466304779052734,4
2VIR_SC115L,2VIR,SC115L,3.681856870651245,0.8385702967643738,4
2VIR_TC89I,2VIR,TC89I,4.913825988769531,4.958450794219971,4
3BTE_EI13K,3BTE,EI13K,-9.424007415771484,-9.253182411193848,4
3TGK_NE170D,3TGK,NE170D,-0.17043781280517578,-0.19655588269233704,4
3EG5_HA104F,3EG5,HA104F,-2.0854196548461914,-0.1270112842321396,4
"3EG5_TB73N,SB74N,HB75N",3EG5,"TB73N,SB74N,HB75N",1.0535789728164673,0.4431646466255188,4
"3EG5_TB73N,SB74N,HB75N,HA104F",3EG5,"TB73N,SB74N,HB75N,HA104F",-1.3274180889129639,-0.44062864780426025,4
2AK4_TD30A,2AK4,TD30A,-0.1266832798719406,0.726486325263977,4
2AK4_YD32A,2AK4,YD32A,0.09897152334451675,2.149562120437622,4
2AK4_ND51A,2AK4,ND51A,1.4039890766143799,0.3008158206939697,4
2AK4_SD94A,2AK4,SD94A,1.4039890766143799,0.5792202949523926,4
2AK4_YD97A,2AK4,YD97A,1.4039890766143799,2.452085256576538,4
2AK4_ND98A,2AK4,ND98A,1.4039890766143799,0.7917572259902954,4
2AK4_NE26A,2AK4,NE26A,0.20877279341220856,0.5776758193969727,4
2AK4_NE28A,2AK4,NE28A,0.822894811630249,1.2144665718078613,4
2AK4_SE29G,2AK4,SE29G,1.4039890766143799,0.33972254395484924,4
2AK4_SE49A,2AK4,SE49A,-0.3143717646598816,0.5847785472869873,4
2AK4_NE63A,2AK4,NE63A,-0.04268813133239746,-0.10916135460138321,4
2AK4_LE94A,2AK4,LE94A,0.8384865522384644,0.829890251159668,4
2AK4_EE97A,2AK4,EE97A,0.04863874614238739,0.502510666847229,4
2AK4_QA65A,2AK4,QA65A,-0.2579050660133362,0.17935475707054138,4
2AK4_TA69A,2AK4,TA69A,-0.34193262457847595,0.16664046049118042,4
2AK4_QA72A,2AK4,QA72A,0.23916159570217133,-0.06644980609416962,4
2AK4_RA151A,2AK4,RA151A,1.3673309087753296,1.972946286201477,4
2AK4_EA154A,2AK4,EA154A,0.2349146157503128,0.3676203787326813,4
2AK4_QA155A,2AK4,QA155A,0.929593563079834,-0.3009985387325287,4
2AK4_RA157A,2AK4,RA157A,1.4039890766143799,0.48336854577064514,4
2AK4_AA158G,2AK4,AA158G,0.873588502407074,-0.4182263910770416,4
2AK4_EA161A,2AK4,EA161A,0.4651035666465759,0.6783071756362915,4
2AK4_LA163A,2AK4,LA163A,0.14038239419460297,0.7633360624313354,4
2AK4_PC4A,2AK4,PC4A,1.0963916778564453,0.44203776121139526,4
2AK4_LC5A,2AK4,LC5A,1.4039890766143799,0.9643528461456299,4
2AK4_PC6A,2AK4,PC6A,1.4039890766143799,0.6111539006233215,4
2AK4_QC7A,2AK4,QC7A,1.4039890766143799,1.0582566261291504,4
2AK4_QC9A,2AK4,QC9A,0.06589584797620773,1.2302346229553223,4
2AK4_LC10A,2AK4,LC10A,0.513635516166687,2.5189366340637207,4
4PWX_FA194A,4PWX,FA194A,1.729231834411621,1.2605657577514648,4
4PWX_YA198A,4PWX,YA198A,1.729231834411621,1.5514646768569946,4
4PWX_EA201K,4PWX,EA201K,1.729231834411621,1.3373903036117554,4
4PWX_QA205A,4PWX,QA205A,1.0139576196670532,0.22033144533634186,4
4PWX_EA206A,4PWX,EA206A,1.0391721725463867,0.3437018096446991,4
4PWX_EA246K,4PWX,EA246K,1.729231834411621,0.4788095951080322,4
4PWX_DA250A,4PWX,DA250A,1.1433788537979126,0.23841647803783417,4
4PWX_RB269A,4PWX,RB269A,1.729231834411621,0.907595157623291,4
4PWX_KB65A,4PWX,KB65A,0.20247004926204681,1.2774085998535156,4
4PWX_KB65D,4PWX,KB65D,0.1188877522945404,1.0031262636184692,4
4PWX_KB68A,4PWX,KB68A,0.4478629529476166,0.6714184880256653,4
4PWX_KB68D,4PWX,KB68D,0.2617647051811218,-0.12132580578327179,4
4PWX_RB71A,4PWX,RB71A,0.3591063618659973,1.4364526271820068,4
4PWX_KC1A,4PWX,KC1A,0.46811968088150024,0.6654887199401855,4
4PWX_KC9A,4PWX,KC9A,-0.274082213640213,1.0621960163116455,4
4PWX_YC15A,4PWX,YC15A,0.7546097040176392,0.3669852614402771,4
4PWX_YC16A,4PWX,YC16A,1.1449693441390991,1.0320565700531006,4
4PWX_EC17A,4PWX,EC17A,-0.6847386360168457,0.3311210572719574,4
4PWX_HC19A,4PWX,HC19A,-0.3482353687286377,0.27760574221611023,4
4PWX_QC20A,4PWX,QC20A,-0.17779755592346191,0.3407377302646637,4
4PWX_RC23A,4PWX,RC23A,1.729231834411621,1.0881378650665283,4
4PWX_RC28A,4PWX,RC28A,1.729231834411621,1.1752839088439941,4
4PWX_RC31A,4PWX,RC31A,0.33467188477516174,0.8848261833190918,4
4PWX_DC60K,4PWX,DC60K,0.37095579504966736,1.4592969417572021,4
4PWX_EC67K,4PWX,EC67K,1.1038674116134644,0.6001123189926147,4
2SGP_PI13L,2SGP,PI13L,-8.445844650268555,-7.297422885894775,4
1FY8_DE168N,1FY8,DE168N,0.17043781280517578,0.13302937150001526,4
1FY8_QE128K,1FY8,QE128K,1.171373963356018,0.9262104630470276,4
"5TAR_TA183A,KA184E",5TAR,"TA183A,KA184E",2.730912446975708,1.264471411705017,4
5TAR_FB13A,5TAR,FB13A,0.23156951367855072,0.40643107891082764,4
5TAR_MB18A,5TAR,MB18A,-0.2150040864944458,-0.020987272262573242,4
5TAR_WB30A,5TAR,WB30A,0.659399688243866,0.2947761118412018,4
5TAR_EB86A,5TAR,EB86A,1.1265227794647217,1.106750726699829,4
5TAR_WB88A,5TAR,WB88A,0.3843208849430084,1.0683038234710693,4
5TAR_QB114A,5TAR,QB114A,0.15741637349128723,0.18567436933517456,4
5TAR_IB127A,5TAR,IB127A,-0.02633553557097912,0.8773341178894043,4
5TAR_FB131A,5TAR,FB131A,0.24874325096607208,0.4060167968273163,4
2JCC_AA167W,2JCC,AA167W,-0.29880499839782715,-0.21143172681331635,4
1LFD_RA7A,1LFD,RA7A,1.5992153882980347,1.8615038394927979,4
1LFD_SA9K,1LFD,SA9K,0.8984887003898621,0.22095365822315216,4
1LFD_LA10K,1LFD,LA10K,-0.5018116235733032,0.4621451497077942,4
1LFD_NA14K,1LFD,NA14K,0.39763498306274414,0.27023592591285706,4
1LFD_MA17K,1LFD,MA17K,-0.4014550745487213,-1.006218433380127,4
1LFD_KA19A,1LFD,KA19A,1.4974024295806885,1.9947316646575928,4
1LFD_KA35A,1LFD,KA35A,0.29746535420417786,0.43732133507728577,4
1LFD_DA38A,1LFD,DA38A,-0.6010016798973083,0.25468698143959045,4
1LFD_DA38K,1LFD,DA38K,-0.9017500281333923,0.13696999847888947,4
1LFD_KA39A,1LFD,KA39A,1.8000420331954956,1.9847712516784668,4
1LFD_NA41K,1LFD,NA41K,-0.10145895183086395,0.06510122120380402,4
1LFD_LA42K,1LFD,LA42K,0.0,0.4271738529205322,4
1LFD_DA43A,1LFD,DA43A,-0.4014550745487213,1.0784885883331299,4
1LFD_EA44A,1LFD,EA44A,-0.4014550745487213,0.03535453975200653,4
1LFD_EA44K,1LFD,EA44K,-0.10145895183086395,0.025417136028409004,4
1LFD_DA45K,1LFD,DA45K,-0.5018116235733032,0.06639501452445984,4
1LFD_NA79K,1LFD,NA79K,-0.4014550745487213,-0.003454478457570076,4
1LFD_YA80K,1LFD,YA80K,0.19934363663196564,0.49544939398765564,4
1LFD_DA81K,1LFD,DA81K,-0.9017500281333923,0.5694714188575745,4
"1LFD_MA17K,DA45K",1LFD,"MA17K,DA45K",-0.20182165503501892,-0.3043423295021057,4
"1LFD_MA17K,DA81K",1LFD,"MA17K,DA81K",-0.4014550745487213,0.7627569437026978,4
"1LFD_MA17K,DA38K,DA45K",1LFD,"MA17K,DA38K,DA45K",-1.8022412061691284,-0.2903048098087311,4
"1LFD_MA17K,DA38K,DA45K,DA81K",1LFD,"MA17K,DA38K,DA45K,DA81K",-0.9017500281333923,0.45773541927337646,4
"1LFD_DA38K,DA43K,EA44K",1LFD,"DA38K,DA43K,EA44K",-1.2028181552886963,0.932744026184082,4
"1LFD_DA45K,DA81K",1LFD,"DA45K,DA81K",-0.7013956308364868,1.048492431640625,4
1LFD_RA7A,1LFD,RA7A,1.1360437870025635,1.8615038394927979,4
1LFD_SA9K,1LFD,SA9K,-0.11787066608667374,0.22095365822315216,4
1LFD_LA10K,1LFD,LA10K,-0.015469599515199661,0.4621451497077942,4
1LFD_NA14K,1LFD,NA14K,0.40297210216522217,0.27023592591285706,4
1LFD_MA17K,1LFD,MA17K,-0.9208399057388306,-1.006218433380127,4
1LFD_KA19A,1LFD,KA19A,1.326342225074768,1.9947316646575928,4
1LFD_KA35A,1LFD,KA35A,0.2582642138004303,0.43732133507728577,4
1LFD_DA38A,1LFD,DA38A,-0.5790618062019348,0.25468698143959045,4
1LFD_DA38K,1LFD,DA38K,-1.0864804983139038,0.13696999847888947,4
1LFD_KA39A,1LFD,KA39A,1.1793076992034912,1.9847712516784668,4
1LFD_NA41K,1LFD,NA41K,-1.1683279275894165,0.06510122120380402,4
1LFD_LA42K,1LFD,LA42K,-0.5710011124610901,0.4271738529205322,4
1LFD_DA43A,1LFD,DA43A,-0.2796773910522461,1.0784885883331299,4
1LFD_EA44A,1LFD,EA44A,-0.24635806679725647,0.03535453975200653,4
1LFD_EA44K,1LFD,EA44K,-0.28459402918815613,0.025417136028409004,4
1LFD_DA45K,1LFD,DA45K,-0.9065632224082947,0.06639501452445984,4
1LFD_NA79K,1LFD,NA79K,-0.5630486011505127,-0.003454478457570076,4
1LFD_YA80K,1LFD,YA80K,0.07719918340444565,0.49544939398765564,4
1LFD_DA81K,1LFD,DA81K,-1.1467818021774292,0.5694714188575745,4
"1LFD_MA17K,DA45K",1LFD,"MA17K,DA45K",-1.0494401454925537,-0.3043423295021057,4
"1LFD_MA17K,DA81K",1LFD,"MA17K,DA81K",-0.9065632224082947,0.7627569437026978,4
"1LFD_MA17K,DA38K,DA45K",1LFD,"MA17K,DA38K,DA45K",-1.9596909284591675,-0.2903048098087311,4
"1LFD_MA17K,DA38K,DA45K,DA81K",1LFD,"MA17K,DA38K,DA45K,DA81K",-1.7567819356918335,0.45773541927337646,4
"1LFD_DA38K,DA43K,EA44K",1LFD,"DA38K,DA43K,EA44K",-1.5574382543563843,0.932744026184082,4
"1LFD_DA45K,DA81K",1LFD,"DA45K,DA81K",-0.6039235591888428,1.048492431640625,4
1LFD_IA5A,1LFD,IA5A,1.0004743337631226,0.35285112261772156,4
1LFD_RA7A,1LFD,RA7A,2.201554298400879,1.8615038394927979,4
1LFD_NA14A,1LFD,NA14A,1.0004743337631226,1.1950145959854126,4
1LFD_NA16A,1LFD,NA16A,0.30178165435791016,1.5268490314483643,4
1LFD_YA18F,1LFD,YA18F,1.0004743337631226,-0.05057497322559357,4
1LFD_KA19A,1LFD,KA19A,1.7991840839385986,1.9947316646575928,4
1LFD_SA20A,1LFD,SA20A,0.8008137345314026,1.2382820844650269,4
1LFD_KA35A,1LFD,KA35A,0.30178165435791016,0.43732133507728577,4
1LFD_DA38A,1LFD,DA38A,-0.2992199957370758,0.25468698143959045,4
1LFD_KA39A,1LFD,KA39A,2.401493787765503,1.9847712516784668,4
1LFD_HA40A,1LFD,HA40A,1.0004743337631226,2.024096965789795,4
1LFD_EA44A,1LFD,EA44A,-0.09967343509197235,0.03535453975200653,4
1LFD_QB25A,1LFD,QB25A,0.9006381034851074,0.6030712127685547,4
1LFD_DB33A,1LFD,DB33A,1.1007846593856812,1.565474271774292,4
1LFD_SB39A,1LFD,SB39A,-0.5999683737754822,0.274696409702301,4
1LFD_YB40F,1LFD,YB40F,2.3011672496795654,0.9184995293617249,4
1LFD_RB41A,1LFD,RB41A,0.9006381034851074,1.2999796867370605,4
1LFD_IA5A,1LFD,IA5A,1.8241292238235474,0.35285112261772156,4
1LFD_RA7A,1LFD,RA7A,2.304816722869873,1.8615038394927979,4
1LFD_NA14A,1LFD,NA14A,0.8626772165298462,1.1950145959854126,4
1LFD_NA16A,1LFD,NA16A,0.6701434850692749,1.5268490314483643,4
1LFD_YA18F,1LFD,YA18F,1.6315052509307861,-0.05057497322559357,4
1LFD_YA18A,1LFD,YA18A,3.4585320949554443,1.165684461593628,4
1LFD_KA19A,1LFD,KA19A,3.074397563934326,1.9947316646575928,4
1LFD_SA20A,1LFD,SA20A,1.0549668073654175,1.2382820844650269,4
1LFD_KA35A,1LFD,KA35A,0.574323296546936,0.43732133507728577,4
1LFD_DA38A,1LFD,DA38A,-0.2905236482620239,0.25468698143959045,4
1LFD_KA39A,1LFD,KA39A,3.074397563934326,1.9847712516784668,4
1LFD_HA40A,1LFD,HA40A,1.919624924659729,2.024096965789795,4
1LFD_EA44A,1LFD,EA44A,0.19088996946811676,0.03535453975200653,4
1LFD_VB29A,1LFD,VB29A,0.4777107834815979,0.700371503829956,4
1LFD_EB37A,1LFD,EB37A,1.1507562398910522,0.38082435727119446,4
1LFD_DB38A,1LFD,DB38A,3.746721029281616,2.910839557647705,4
1LFD_SB39A,1LFD,SB39A,-0.8671044707298279,0.274696409702301,4
1LFD_YB40F,1LFD,YB40F,1.919624924659729,0.9184995293617249,4
1LFD_YB40A,1LFD,YB40A,3.5545313358306885,2.515079975128174,4
1LFD_RB41A,1LFD,RB41A,0.7661910653114319,1.2999796867370605,4
1LFD_EB62A,1LFD,EB62A,0.19088996946811676,0.39396992325782776,4
1LFD_EB63A,1LFD,EB63A,0.28575387597084045,0.322929710149765,4
"1LFD_NA16A,QB25A",1LFD,"NA16A,QB25A",0.30178165435791016,2.0655646324157715,4
"1LFD_KA19A,QB25A",1LFD,"KA19A,QB25A",2.5012662410736084,2.5762698650360107,4
"1LFD_DA38A,DB33A",1LFD,"DA38A,DB33A",0.2003227025270462,1.4474966526031494,4
"1LFD_HA40A,DB33A",1LFD,"HA40A,DB33A",2.201554298400879,2.424877882003784,4
"1LFD_NA16A,SB39A",1LFD,"NA16A,SB39A",0.0,1.2815070152282715,4
"1LFD_YA18F,SB39A",1LFD,"YA18F,SB39A",0.8008137345314026,0.44965121150016785,4
"1LFD_KA35A,SB39A",1LFD,"KA35A,SB39A",-0.09967343509197235,0.23362024128437042,4
"1LFD_HA40A,SB39A",1LFD,"HA40A,SB39A",0.5011252760887146,1.9759702682495117,4
"1LFD_NA16A,YB40F",1LFD,"NA16A,YB40F",2.3011672496795654,1.5465693473815918,4
"1LFD_YA18F,YB40F",1LFD,"YA18F,YB40F",2.601687431335449,1.3257780075073242,4
"1LFD_SA20A,YB40F",1LFD,"SA20A,YB40F",1.7991840839385986,1.9972920417785645,4
"1LFD_NA14A,RB41A",1LFD,"NA14A,RB41A",1.6006627082824707,2.0321507453918457,4
"1LFD_NA16A,RB41A",1LFD,"NA16A,RB41A",1.4007436037063599,1.908676028251648,4
"1LFD_YA18F,RB41A",1LFD,"YA18F,RB41A",1.7991840839385986,1.4054349660873413,4
"1LFD_HA40A,VB29A",1LFD,"HA40A,VB29A",1.919624924659729,2.319549560546875,4
"1LFD_RA7A,EB37A",1LFD,"RA7A,EB37A",2.0166759490966797,1.948543667793274,4
"1LFD_NA14A,EB37A",1LFD,"NA14A,EB37A",1.919624924659729,1.3431123495101929,4
"1LFD_YA18F,EB37A",1LFD,"YA18F,EB37A",1.2470759153366089,0.3674185574054718,4
"1LFD_YA18A,EB37A",1LFD,"YA18A,EB37A",3.4585320949554443,0.8595215082168579,4
"1LFD_SA20A,EB37A",1LFD,"SA20A,EB37A",2.208296537399292,1.6146292686462402,4
"1LFD_YA18A,DB38A",1LFD,"YA18A,DB38A",4.708082675933838,2.674757957458496,4
"1LFD_SA20A,DB38A",1LFD,"SA20A,DB38A",3.169999122619629,3.053187847137451,4
"1LFD_KA39A,DB38A",1LFD,"KA39A,DB38A",5.862424373626709,3.186492443084717,4
"1LFD_YA18A,SB39A",1LFD,"YA18A,SB39A",3.938493251800537,1.3722584247589111,4
"1LFD_NA14A,RB41A",1LFD,"NA14A,RB41A",1.4377479553222656,2.0321507453918457,4
"1LFD_NA16A,RB41A",1LFD,"NA16A,RB41A",0.7661910653114319,1.908676028251648,4
"1LFD_KA35A,EB63A",1LFD,"KA35A,EB63A",0.28575387597084045,0.3430633842945099,4
1LFD_DB38A,1LFD,DB38A,2.728342294692993,2.910839557647705,4
1LFD_YB32W,1LFD,YB32W,-0.21131277084350586,0.24774231016635895,4
4OFY_QA34A,4OFY,QA34A,1.1767563819885254,0.5196223258972168,4
4OFY_MA36A,4OFY,MA36A,0.0841105654835701,0.20553632080554962,4
4OFY_DA38A,4OFY,DA38A,0.5488527417182922,0.809561014175415,4
4OFY_FA40A,4OFY,FA40A,4.604454040527344,1.3760273456573486,4
4OFY_QA85A,4OFY,QA85A,1.7332348823547363,0.08290039747953415,4
4OFY_SA87A,4OFY,SA87A,0.14215925335884094,0.8979950547218323,4
4OFY_EA88A,4OFY,EA88A,0.28220826387405396,0.5133771300315857,4
"4OFY_QA34A,FA40A",4OFY,"QA34A,FA40A",4.140706539154053,1.02675199508667,4
"4OFY_QA34A,MA36A,FA40A,SA87A",4OFY,"QA34A,MA36A,FA40A,SA87A",4.46157693862915,1.3717210292816162,4
4OFY_QD34A,4OFY,QD34A,2.8705015182495117,0.42698103189468384,4
4OFY_LD42A,4OFY,LD42A,2.567861795425415,1.3390930891036987,4
4OFY_QD86A,4OFY,QD86A,4.645328998565674,0.08567120134830475,4
4OFY_RD96A,4OFY,RD96A,3.4212069511413574,0.7073559761047363,4
4JFF_EC1A,4JFF,EC1A,7.32283878326416,1.6796101331710815,4
4JFF_GC4A,4JFF,GC4A,6.518215656280518,0.4329715669155121,4
4JFF_GC6A,4JFF,GC6A,6.595266342163086,0.8257883787155151,4
4JFF_IC7A,4JFF,IC7A,6.429625511169434,6.031239986419678,4
4JFF_LC8A,4JFF,LC8A,6.198886394500732,3.029743194580078,4
4JFF_TC9A,4JFF,TC9A,6.534448623657227,2.623568534851074,4
4J2L_WC17A,4J2L,WC17A,2.230583667755127,1.3832824230194092,4
4J2L_LC20S,4J2L,LC20S,1.6885002851486206,2.451871156692505,4
"4J2L_VA23A,SA34D",4J2L,"VA23A,SA34D",2.2666831016540527,0.3693647086620331,4
"4J2L_VA23A,LA118E",4J2L,"VA23A,LA118E",0.43684640526771545,0.37491485476493835,4
"4J2L_SA34D,LA118E",4J2L,"SA34D,LA118E",0.6970077157020569,0.22235789895057678,4
4J2L_VA23A,4J2L,VA23A,0.08989062905311584,0.4086650311946869,4
4J2L_SA34D,4J2L,SA34D,-0.9704915285110474,-0.18589448928833008,4
4J2L_LA118E,4J2L,LA118E,-0.6311247944831848,0.2561533451080322,4
3R9A_AA323W,3R9A,AA323W,0.33875593543052673,-1.1195486783981323,4
3R9A_YA325A,3R9A,YA325A,1.0145800113677979,2.0093820095062256,4
3R9A_YA325W,3R9A,YA325W,0.4823150336742401,0.8090801239013672,4
3R9A_VA331D,3R9A,VA331D,0.0,-0.016612691804766655,4
3R9A_GA165R,3R9A,GA165R,0.048722125589847565,-0.31355711817741394,4
3MZW_NB18T,3MZW,NB18T,-0.14522328972816467,0.36750608682632446,4
3MZW_NB18G,3MZW,NB18G,0.07263598591089249,0.44836363196372986,4
3MZW_NB18A,3MZW,NB18A,0.025214528664946556,0.7212667465209961,4
"3MZW_NB1E,NB18T",3MZW,"NB1E,NB18T",0.3843208849430084,0.3252947926521301,4
"3MZW_NB1A,NB18T",3MZW,"NB1A,NB18T",0.34248337149620056,0.07558844238519669,4
"3MZW_NB18T,AB49S",3MZW,"NB18T,AB49S",0.09499531984329224,0.216814324259758,4
"3MZW_NB18T,AB37S,AB41S,AB49S",3MZW,"NB18T,AB37S,AB41S,AB49S",-0.11319105327129364,0.20537032186985016,4
"3MZW_NB1A,NB18T,AB37S,AB41S,AB49S",3MZW,"NB1A,NB18T,AB37S,AB41S,AB49S",0.025214528664946556,-0.15818484127521515,4
"3MZW_NB1E,NB18T,AB37S,AB41S,AB49S",3MZW,"NB1E,NB18T,AB37S,AB41S,AB49S",0.28166571259498596,0.2757085859775543,4
"3MZW_NB1A,NB18T,AB37S,AB41S,AB49S",3MZW,"NB1A,NB18T,AB37S,AB41S,AB49S",-0.08280224353075027,-0.15818484127521515,4
"3MZW_NB18T,SB28A",3MZW,"NB18T,SB28A",-0.2150040864944458,-0.1552571952342987,4
"3MZW_NB18T,SB28K",3MZW,"NB18T,SB28K",-0.2150040864944458,-0.1278403252363205,4
"3MZW_NB18T,DB31A",3MZW,"NB18T,DB31A",0.7081217765808105,1.358657956123352,4
"3MZW_NB18T,DB31K",3MZW,"NB18T,DB31K",1.2189477682113647,1.5911837816238403,4
"3MZW_NB18T,DB32E",3MZW,"NB18T,DB32E",0.21388307213783264,1.7562649250030518,4
"3MZW_NB18T,EB42A",3MZW,"NB18T,EB42A",-0.3380204439163208,0.4515393078327179,4
"3MZW_NB18T,LB46T",3MZW,"NB18T,LB46T",-0.17908690869808197,0.5783300399780273,4
"3MZW_NB18T,LB46Y",3MZW,"NB18T,LB46Y",-0.02633553557097912,0.41498926281929016,4
"3MZW_NB18T,NB38E,AB49S",3MZW,"NB18T,NB38E,AB49S",0.13733132183551788,0.0651702955365181,4
"3MZW_NB18T,AB37S,AB41S,LB46T",3MZW,"NB18T,AB37S,AB41S,LB46T",-0.14522328972816467,0.24721591174602509,4
"3MZW_NB18T,AB37S,AB41S,LB46Y",3MZW,"NB18T,AB37S,AB41S,LB46Y",-0.05389641225337982,0.16167587041854858,4
"3MZW_NB1A,NB18T,SB28K,AB37S,AB41S,AB49S",3MZW,"NB1A,NB18T,SB28K,AB37S,AB41S,AB49S",-0.2150040864944458,-0.6236124038696289,4
"3MZW_NB1A,NB18T,SB28K,DB31A,AB37S,AB41S,AB49S",3MZW,"NB1A,NB18T,SB28K,DB31A,AB37S,AB41S,AB49S",0.4480868875980377,0.8124890923500061,4
"3MZW_NB1A,NB18T,SB28K,DB32E,AB37S,AB41S,AB49S",3MZW,"NB1A,NB18T,SB28K,DB32E,AB37S,AB41S,AB49S",-0.6799096465110779,0.35967567563056946,4
"3MZW_NB1A,NB18T,SB28K,AB37S,NB38E,AB41S,AB49S",3MZW,"NB1A,NB18T,SB28K,AB37S,NB38E,AB41S,AB49S",-0.25324004888534546,-0.6954761743545532,4
"3MZW_NB1A,NB18T,SB28K,AB37S,NB38E,AB41S,AB49S",3MZW,"NB1A,NB18T,SB28K,AB37S,NB38E,AB41S,AB49S",-0.14522328972816467,-0.6954761743545532,4
"3MZW_NB1A,NB18T,SB28K,AB37S,AB41S,EB42A,AB49S",3MZW,"NB1A,NB18T,SB28K,AB37S,AB41S,EB42A,AB49S",-0.3854418992996216,-0.2022840678691864,4
"3MZW_NB1A,NB18T,SB28K,AB37S,AB41S,EB42A,AB49S",3MZW,"NB1A,NB18T,SB28K,AB37S,AB41S,EB42A,AB49S",-0.08280224353075027,-0.2022840678691864,4
"3MZW_NB1A,NB18T,SB28K,AB37S,NB38E,AB41S,AB49S",3MZW,"NB1A,NB18T,SB28K,AB37S,NB38E,AB41S,AB49S",0.5680727958679199,-0.6954761743545532,4
"3MZW_NB1A,NB18T,SB28K,AB37S,NB38E,AB41S,AB49S",3MZW,"NB1A,NB18T,SB28K,AB37S,NB38E,AB41S,AB49S",0.7081217765808105,-0.6954761743545532,4
3WWN_RA221E,3WWN,RA221E,-0.33671388030052185,1.1438676118850708,4
3WWN_RA224E,3WWN,RA224E,1.2939426898956299,0.6551464796066284,4
3WWN_KA225E,3WWN,KA225E,0.15640123188495636,1.0242023468017578,4
3S9D_SA18A,3S9D,SA18A,-0.21131277084350586,0.38862597942352295,4
3S9D_LA19A,3S9D,LA19A,1.009981393814087,0.06888497620820999,4
3S9D_FA20A,3S9D,FA20A,0.5186731815338135,2.028578996658325,4
3S9D_SA21A,3S9D,SA21A,0.0,-0.05524980276823044,4
3S9D_LA23A,3S9D,LA23A,3.681856870651245,1.8342435359954834,4
3S9D_KA24A,3S9D,KA24A,0.49345865845680237,0.05065637081861496,4
3S9D_DA25A,3S9D,DA25A,0.3802676200866699,0.18003971874713898,4
3S9D_RA26A,3S9D,RA26A,3.681856870651245,0.8798542022705078,4
3S9D_HA27A,3S9D,HA27A,0.4106564223766327,0.20546571910381317,4
3S9D_DA28A,3S9D,DA28A,0.2402186095714569,0.1656659096479416,4
3S9D_EA34A,3S9D,EA34A,0.0,0.2255634218454361,4
3S9D_KA92A,3S9D,KA92A,0.10801676660776138,0.3321637809276581,4
3S9D_RA96A,3S9D,RA96A,0.3482353687286377,0.21729718148708344,4
3S9D_LA99A,3S9D,LA99A,-0.0624210461974144,0.2353714555501938,4
3S9D_KA102A,3S9D,KA102A,0.27845457196235657,0.12247034162282944,4
3S9D_EA103A,3S9D,EA103A,-0.13220183551311493,0.07229332625865936,4
3S9D_KA104A,3S9D,KA104A,0.7751243710517883,0.15591706335544586,4
3S9D_KA105A,3S9D,KA105A,0.05646670609712601,0.1693577915430069,4
3S9D_TB33A,3S9D,TB33A,1.5196093320846558,1.0755975246429443,4
3S9D_MB35A,3S9D,MB35A,3.681856870651245,1.7938108444213867,4
3S9D_SB36A,3S9D,SB36A,0.4671231210231781,0.6168546676635742,4
3S9D_KB37A,3S9D,KB37A,0.3143717646598816,0.4779554009437561,4
3S9D_EB39R,3S9D,EB39R,0.6508750319480896,0.22186775505542755,4
3S9D_EB39A,3S9D,EB39A,0.19934363663196564,0.4830162227153778,4
3S9D_KB42A,3S9D,KB42A,0.3802676200866699,-0.03071669675409794,4
3S9D_WB61F,3S9D,WB61F,0.7250281572341919,0.5211745500564575,4
3S9D_SB63A,3S9D,SB63A,0.3143717646598816,0.12474279850721359,4
3S9D_HB65A,3S9D,HB65A,0.6307899951934814,0.15211327373981476,4
3S9D_NB85A,3S9D,NB85A,-0.21131277084350586,0.487758606672287,4
3S9D_WB87A,3S9D,WB87A,0.7422019243240356,2.6355667114257812,4
3S9D_DB121R,3S9D,DB121R,-0.0624210461974144,0.465366393327713,4
3S9D_LA8A,3S9D,LA8A,1.2793906927108765,1.089155912399292,4
3S9D_MA9A,3S9D,MA9A,0.12424934655427933,0.48750051856040955,4
3S9D_RA15A,3S9D,RA15A,0.17043781280517578,0.8582574129104614,4
3S9D_RA16A,3S9D,RA16A,0.3591063618659973,0.2636152505874634,4
3S9D_IA17A,3S9D,IA17A,-0.13220183551311493,0.2674027979373932,4
3S9D_SA18A,3S9D,SA18A,-0.08478038012981415,0.38862597942352295,4
3S9D_LA19A,3S9D,LA19A,1.0241725444793701,0.06888497620820999,4
3S9D_FA20A,3S9D,FA20A,0.8998063206672668,2.028578996658325,4
3S9D_LA23A,3S9D,LA23A,3.756010055541992,1.8342435359954834,4
3S9D_LA23V,3S9D,LA23V,2.6412787437438965,1.2868292331695557,4
3S9D_KA24A,3S9D,KA24A,0.6508750319480896,0.05065637081861496,4
3S9D_DA25A,3S9D,DA25A,0.6307899951934814,0.18003971874713898,4
3S9D_RA26K,3S9D,RA26K,4.673607349395752,-0.26749858260154724,4
3S9D_RA26A,3S9D,RA26A,5.417921543121338,0.8798542022705078,4
3S9D_RA26Q,3S9D,RA26Q,6.082001209259033,0.42499515414237976,4
3S9D_HA27A,3S9D,HA27A,0.5736418962478638,0.20546571910381317,4
3S9D_DA28A,3S9D,DA28A,0.25324004888534546,0.1656659096479416,4
3S9D_QA33A,3S9D,QA33A,0.019426396116614342,0.4079606831073761,4
3S9D_RA96A,3S9D,RA96A,0.0,0.21729718148708344,4
3S9D_KA102A,3S9D,KA102A,0.4300828278064728,0.12247034162282944,4
3S9D_EA103A,3S9D,EA103A,-0.21131277084350586,0.07229332625865936,4
3S9D_KA104A,3S9D,KA104A,1.2793906927108765,0.15591706335544586,4
3S9D_KA105A,3S9D,KA105A,0.14004899561405182,0.1693577915430069,4
3S9D_RA115A,3S9D,RA115A,2.185483932495117,0.48983070254325867,4
3S9D_AA116G,3S9D,AA116G,2.077467203140259,-0.4002475440502167,4
3S9D_AA116M,3S9D,AA116M,1.0582308769226074,-0.45838358998298645,4
3S9D_MA119A,3S9D,MA119A,2.289372205734253,0.708676815032959,4
3S9D_RA120A,3S9D,RA120A,3.0743792057037354,1.0725181102752686,4
3S9D_SA123A,3S9D,SA123A,0.9041150808334351,0.2563471496105194,4
3S9D_LA124A,3S9D,LA124A,1.3358573913574219,0.5371884107589722,4
3S9D_NA127A,3S9D,NA127A,-0.08478038012981415,0.1726846694946289,4
3S9D_QA48A,3S9D,QA48A,0.0,0.047968827188014984,4
3S9D_FA50A,3S9D,FA50A,0.17043781280517578,1.5871703624725342,4
3S9D_NA51A,3S9D,NA51A,0.0,0.20385204255580902,4
3S9D_SA54A,3S9D,SA54A,0.0,0.29242706298828125,4
3S9D_TA55A,3S9D,TA55A,0.0,0.08271624892950058,4
3S9D_KA56A,3S9D,KA56A,0.0,0.13012273609638214,4
3S9D_SA59A,3S9D,SA59A,0.17043781280517578,0.11705287545919418,4
3S9D_TA65A,3S9D,TA65A,0.17043781280517578,0.23566390573978424,4
3S9D_LA66A,3S9D,LA66A,0.3026396632194519,0.6145766973495483,4
3S9D_KA69A,3S9D,KA69A,0.0,0.20448537170886993,4
3S9D_YA71A,3S9D,YA71A,0.3026396632194519,0.2767969071865082,4
3S9D_TA72A,3S9D,TA72A,0.17043781280517578,0.22273355722427368,4
3S9D_YA75A,3S9D,YA75A,0.3026396632194519,0.12394379824399948,4
3S9D_QA76A,3S9D,QA76A,0.17043781280517578,-0.1327543705701828,4
3S9D_NA79A,3S9D,NA79A,0.17043781280517578,-0.02128598652780056,4
3S9D_EA82A,3S9D,EA82A,0.17043781280517578,-0.04173073172569275,4
"3S9D_AA43H,AA44E,AA47Q",3S9D,"AA43H,AA44E,AA47Q",-0.01742631383240223,0.016728239133954048,4
"3S9D_AA43Y,AA44N,AA47S",3S9D,"AA43Y,AA44N,AA47S",-0.19081901013851166,-1.0016452074050903,4
"3S9D_AA43H,AA44E,AA47Q",3S9D,"AA43H,AA44E,AA47Q",0.0,0.016728239133954048,4
3S9D_RA5A,3S9D,RA5A,0.6218704581260681,0.1753178983926773,4
3S9D_LA8A,3S9D,LA8A,1.3641711473464966,1.089155912399292,4
3S9D_MA9A,3S9D,MA9A,0.0,0.48750051856040955,4
3S9D_AA12W,3S9D,AA12W,-0.18106503784656525,-0.8327337503433228,4
3S9D_RA15A,3S9D,RA15A,0.22013357281684875,0.8582574129104614,4
3S9D_RA16A,3S9D,RA16A,0.09638339281082153,0.2636152505874634,4
3S9D_IA17A,3S9D,IA17A,-0.08250609040260315,0.2674027979373932,4
3S9D_SA18A,3S9D,SA18A,0.0,0.38862597942352295,4
3S9D_LA19A,3S9D,LA19A,0.8954659700393677,0.06888497620820999,4
3S9D_FA20A,3S9D,FA20A,0.7132960557937622,2.028578996658325,4
3S9D_LA23A,3S9D,LA23A,3.93766713142395,1.8342435359954834,4
3S9D_LA23V,3S9D,LA23V,2.232905387878418,1.2868292331695557,4
3S9D_KA24A,3S9D,KA24A,0.7132960557937622,0.05065637081861496,4
3S9D_DA25A,3S9D,DA25A,0.9252009987831116,0.18003971874713898,4
3S9D_RA26A,3S9D,RA26A,6.2779974937438965,0.8798542022705078,4
3S9D_RA26K,3S9D,RA26K,4.503169536590576,-0.26749858260154724,4
3S9D_HA27A,3S9D,HA27A,0.6389058828353882,0.20546571910381317,4
3S9D_DA28A,3S9D,DA28A,0.4106564223766327,0.1656659096479416,4
3S9D_RA91K,3S9D,RA91K,0.030783649533987045,-0.2071983367204666,4
3S9D_KA92A,3S9D,KA92A,-0.07798352837562561,0.3321637809276581,4
3S9D_RA96A,3S9D,RA96A,0.2833712100982666,0.21729718148708344,4
3S9D_KA102A,3S9D,KA102A,0.0,0.12247034162282944,4
3S9D_EA103A,3S9D,EA103A,-0.16519483923912048,0.07229332625865936,4
3S9D_KA104A,3S9D,KA104A,0.21190492808818817,0.15591706335544586,4
3S9D_KA105A,3S9D,KA105A,0.19509665668010712,0.1693577915430069,4
3S9D_RA115A,3S9D,RA115A,2.077467203140259,0.48983070254325867,4
3S9D_AA116M,3S9D,AA116M,1.087294340133667,-0.45838358998298645,4
3S9D_AA116G,3S9D,AA116G,2.077467203140259,-0.4002475440502167,4
3S9D_MA119A,3S9D,MA119A,2.077467203140259,0.708676815032959,4
3S9D_RA120A,3S9D,RA120A,2.728342294692993,1.0725181102752686,4
3S9D_SA123A,3S9D,SA123A,1.3641711473464966,0.2563471496105194,4
3S9D_LA124A,3S9D,LA124A,1.3641711473464966,0.5371884107589722,4
3S9D_NA127A,3S9D,NA127A,0.0,0.1726846694946289,4
3S9D_EB17R,3S9D,EB17R,0.0,-0.012545207515358925,4
3S9D_YB32A,3S9D,YB32A,1.30829656124115,1.1424643993377686,4
3S9D_TB33A,3S9D,TB33A,1.6668107509613037,1.0755975246429443,4
3S9D_IB34A,3S9D,IB34A,1.774827480316162,0.8050376772880554,4
3S9D_MB35A,3S9D,MB35A,2.317685842514038,1.7938108444213867,4
3S9D_MB35V,3S9D,MB35V,1.8240691423416138,0.9457689523696899,4
3S9D_SB36A,3S9D,SB36A,0.5428582429885864,0.6168546676635742,4
3S9D_KB37A,3S9D,KB37A,0.6940276622772217,0.4779554009437561,4
3S9D_EB39A,3S9D,EB39A,0.21190492808818817,0.4830162227153778,4
3S9D_DB40A,3S9D,DB40A,0.0,0.04955538362264633,4
3S9D_KB42A,3S9D,KB42A,0.5891849398612976,-0.03071669675409794,4
3S9D_RB62A,3S9D,RB62A,0.17043781280517578,0.5970107316970825,4
3S9D_SB63A,3S9D,SB63A,0.2734968066215515,0.12474279850721359,4
3S9D_TB64A,3S9D,TB64A,0.25581035017967224,0.7534229755401611,4
3S9D_HB65A,3S9D,HB65A,0.6389058828353882,0.15211327373981476,4
3S9D_EB66A,3S9D,EB66A,2.412388563156128,1.281906247138977,4
3S9D_AB67M,3S9D,AB67M,-0.16781052947044373,-0.634604811668396,4
3S9D_VB69A,3S9D,VB69A,2.317685842514038,1.0252007246017456,4
3S9D_HB84A,3S9D,HB84A,0.04376433789730072,0.220861554145813,4
3S9D_NB85A,3S9D,NB85A,-0.13220183551311493,0.487758606672287,4
3S9D_WB87A,3S9D,WB87A,1.0482174158096313,2.6355667114257812,4
3S9D_IB90A,3S9D,IB90A,1.496372938156128,0.6330277919769287,4
3S9D_DB91A,3S9D,DB91A,1.0482174158096313,0.7016842365264893,4
3S9D_DB121R,3S9D,DB121R,-0.09861256927251816,0.465366393327713,4
3S9D_HB166A,3S9D,HB166A,0.0,0.39896360039711,4
3S9D_RA120A,3S9D,RA120A,3.1016509532928467,1.0725181102752686,4
3S9D_EB66A,3S9D,EB66A,2.4010674953460693,1.281906247138977,4
"3S9D_RA120A,EB66A",3S9D,"RA120A,EB66A",3.602473735809326,2.2224340438842773,4
"3S9D_TB33A,LA8A",3S9D,"TB33A,LA8A",3.5785608291625977,1.7037513256072998,4
"3S9D_TB33A,LA19A",3S9D,"TB33A,LA19A",3.3948090076446533,1.0949524641036987,4
"3S9D_TB33A,FA20A",3S9D,"TB33A,FA20A",3.02142596244812,2.2008347511291504,4
"3S9D_TB33A,LA23A",3S9D,"TB33A,LA23A",5.96136999130249,2.086986780166626,4
"3S9D_TB33A,RA115A",3S9D,"TB33A,RA115A",4.048243045806885,0.7579855918884277,4
"3S9D_TB33A,AA116G",3S9D,"TB33A,AA116G",4.351393222808838,0.08390940725803375,4
"3S9D_TB33A,MA119A",3S9D,"TB33A,MA119A",4.463984966278076,1.2892262935638428,4
"3S9D_TB33A,RA120A",3S9D,"TB33A,RA120A",5.268608093261719,1.2476102113723755,4
"3S9D_TB33A,SA123A",3S9D,"TB33A,SA123A",3.063263416290283,0.7741223573684692,4
"3S9D_TB33A,LA124A",3S9D,"TB33A,LA124A",3.3123912811279297,1.6528862714767456,4
"3S9D_IB34A,RA115A",3S9D,"IB34A,RA115A",4.271187782287598,0.9040160179138184,4
"3S9D_IB34A,AA116G",3S9D,"IB34A,AA116G",4.474026679992676,0.2962035536766052,4
"3S9D_IB34A,MA119A",3S9D,"IB34A,MA119A",4.23505163192749,0.8778923153877258,4
"3S9D_IB34A,RA120A",3S9D,"IB34A,RA120A",5.001758098602295,0.6201236844062805,4
"3S9D_IB34A,SA123A",3S9D,"IB34A,SA123A",3.0067968368530273,0.9532152414321899,4
"3S9D_IB34A,LA124A",3S9D,"IB34A,LA124A",3.561387062072754,1.5561091899871826,4
"3S9D_WB87A,RA5A",3S9D,"WB87A,RA5A",2.3409221172332764,3.091712236404419,4
"3S9D_WB87A,LA8A",3S9D,"WB87A,LA8A",3.076577663421631,3.465561628341675,4
"3S9D_WB87A,MA119A",3S9D,"WB87A,MA119A",3.8463404178619385,2.3374459743499756,4
"3S9D_WB87A,SA123A",3S9D,"WB87A,SA123A",2.7515785694122314,2.579761505126953,4
"3S9D_WB87A,LA124A",3S9D,"WB87A,LA124A",2.94437575340271,3.4167566299438477,4
3S9D_IB90A,3S9D,IB90A,1.6426256895065308,0.6330277919769287,4
"3S9D_IB90A,LA8A",3S9D,"IB90A,LA8A",3.740473985671997,2.03829288482666,4
"3S9D_IB90A,LA19A",3S9D,"IB90A,LA19A",3.035702705383301,1.8521113395690918,4
"3S9D_IB90A,FA20A",3S9D,"IB90A,FA20A",2.8162739276885986,1.6948864459991455,4
"3S9D_IB90A,LA23A",3S9D,"IB90A,LA23A",5.4495320320129395,1.7529494762420654,4
"3S9D_IB90A,RA115A",3S9D,"IB90A,RA115A",3.525470018386841,1.378847599029541,4
"3S9D_IB90A,MA119A",3S9D,"IB90A,MA119A",4.035335063934326,0.9943581819534302,4
"3S9D_IB90A,RA120A",3S9D,"IB90A,RA120A",4.908470153808594,1.1665410995483398,4
"3S9D_IB90A,SA123A",3S9D,"IB90A,SA123A",3.256808280944824,1.0077838897705078,4
"3S9D_IB90A,LA124A",3S9D,"IB90A,LA124A",3.3467459678649902,1.5895864963531494,4
"3S9D_DB91A,LA19A",3S9D,"DB91A,LA19A",2.94437575340271,1.5602126121520996,4
"3S9D_DB91A,FA20A",3S9D,"DB91A,FA20A",2.3848276138305664,1.962863564491272,4
"3S9D_DB91A,RA115A",3S9D,"DB91A,RA115A",3.6723010540008545,0.8452844619750977,4
"3S9D_DB91A,SA123A",3S9D,"DB91A,SA123A",2.6789426803588867,0.6735419034957886,4
"3S9D_DB91A,LA124A",3S9D,"DB91A,LA124A",3.02142596244812,1.3554123640060425,4
3S9D_TB33A,3S9D,TB33A,2.007093667984009,1.0755975246429443,4
3S9D_IB34A,3S9D,IB34A,1.9302657842636108,0.8050376772880554,4
3S9D_MB35V,3S9D,MB35V,2.9259908199310303,0.9457689523696899,4
3S9D_HB65A,3S9D,HB65A,1.2015804052352905,0.15211327373981476,4
3S9D_EB66A,3S9D,EB66A,2.433549642562866,1.281906247138977,4
3S9D_WB87A,3S9D,WB87A,1.546341061592102,2.6355667114257812,4
3S9D_IB90A,3S9D,IB90A,1.7124065160751343,0.6330277919769287,4
3S9D_DB91A,3S9D,DB91A,1.6276260614395142,0.7016842365264893,4
3S9D_LA8A,3S9D,LA8A,1.965646505355835,1.089155912399292,4
3S9D_LA19A,3S9D,LA19A,1.4916142225265503,0.06888497620820999,4
3S9D_LA23A,3S9D,LA23A,3.8640267848968506,1.8342435359954834,4
3S9D_RA115A,3S9D,RA115A,2.1795296669006348,0.48983070254325867,4
3S9D_AA116G,3S9D,AA116G,2.161298990249634,-0.4002475440502167,4
3S9D_MA119A,3S9D,MA119A,2.3973889350891113,0.708676815032959,4
3S9D_RA120A,3S9D,RA120A,3.1845943927764893,1.0725181102752686,4
3S9D_SA123A,3S9D,SA123A,1.0997674465179443,0.2563471496105194,4
3S9D_LA124A,3S9D,LA124A,1.6426256895065308,0.5371884107589722,4
"3S9D_MB35V,LA8A",3S9D,"MB35V,LA8A",4.42743444442749,1.3552641868591309,4
"3S9D_MB35V,LA19A",3S9D,"MB35V,LA19A",4.316718578338623,1.0101113319396973,4
"3S9D_MB35V,LA23A",3S9D,"MB35V,LA23A",7.11393928527832,0.910680890083313,4
"3S9D_MB35V,RA115A",3S9D,"MB35V,RA115A",3.7050933837890625,1.2630598545074463,4
"3S9D_MB35V,AA116G",3S9D,"MB35V,AA116G",5.300297737121582,0.6975470781326294,4
"3S9D_MB35V,MA119A",3S9D,"MB35V,MA119A",5.456684589385986,1.1354992389678955,4
"3S9D_MB35V,RA120A",3S9D,"MB35V,RA120A",6.066684722900391,1.2255218029022217,4
"3S9D_MB35V,SA123A",3S9D,"MB35V,SA123A",4.0805439949035645,1.0162007808685303,4
"3S9D_MB35V,LA124A",3S9D,"MB35V,LA124A",4.533203125,1.4979138374328613,4
"3S9D_EB66A,LA8A",3S9D,"EB66A,LA8A",4.092513084411621,1.9474546909332275,4
"3S9D_EB66A,LA23A",3S9D,"EB66A,LA23A",6.058159828186035,1.6341207027435303,4
"3S9D_EB66A,RA115A",3S9D,"EB66A,RA115A",4.6586079597473145,1.3439396619796753,4
"3S9D_EB66A,AA116G",3S9D,"EB66A,AA116G",5.041269302368164,0.49705275893211365,4
"3S9D_EB66A,MA119A",3S9D,"EB66A,MA119A",4.980967998504639,1.9933032989501953,4
"3S9D_EB66A,RA120A",3S9D,"EB66A,RA120A",3.6324572563171387,2.2224340438842773,4
"3S9D_EB66A,SA123A",3S9D,"EB66A,SA123A",3.543700695037842,1.9616243839263916,4
"3S9D_EB66A,LA124A",3S9D,"EB66A,LA124A",3.7697885036468506,1.945863962173462,4
"3S9D_HB65A,RA5A",3S9D,"HB65A,RA5A",2.2143898010253906,0.28574347496032715,4
"3S9D_HB65A,LA8A",3S9D,"HB65A,LA8A",4.016777992248535,1.0133670568466187,4
"3S9D_HB65A,LA19A",3S9D,"HB65A,LA19A",3.056492567062378,0.3763516843318939,4
"3S9D_HB65A,RA120A",3S9D,"HB65A,RA120A",3.8463404178619385,0.8834589719772339,4
"3S9D_HB65A,SA123A",3S9D,"HB65A,SA123A",1.135684609413147,0.9286991357803345,4
"3S9D_HB65A,LA124A",3S9D,"HB65A,LA124A",2.939418077468872,0.722752034664154,4
"2P5E_TD52P,PD53F,AE49S,IE50V,QE51G,TE52M,LD96T,LD97S,DD98G,TD100S,LE94V",2P5E,"TD52P,PD53F,AE49S,IE50V,QE51G,TE52M,LD96T,LD97S,DD98G,TD100S,LE94V",1.962705135345459,1.6803791522979736,4
"2P5E_TD52Q,PD53S,WD54S,AE49G,IE50A,QE51G",2P5E,"TD52Q,PD53S,WD54S,AE49G,IE50A,QE51G",4.409873008728027,3.315208911895752,4
"2P5E_TD52Q,PD53S,WD54S,AE49G,IE50A,QE51G,TE52I,LD96T,LD97S,DD98G,TD100S,LE94V",2P5E,"TD52Q,PD53S,WD54S,AE49G,IE50A,QE51G,TE52I,LD96T,LD97S,DD98G,TD100S,LE94V",7.9558820724487305,3.4055328369140625,4
"2P5E_YD32D,TD52Q,PD53S,WD54S,AE49G,IE50A,QE51G,TE52I,LD96T,LD97S,DD98G,TD100S,LE94V",2P5E,"YD32D,TD52Q,PD53S,WD54S,AE49G,IE50A,QE51G,TE52I,LD96T,LD97S,DD98G,TD100S,LE94V",7.778084754943848,3.4244489669799805,4
2P5E_YD32D,2P5E,YD32D,7.607646942138672,1.9278408288955688,4
5C6T_YA182A,5C6T,YA182A,3.2097911834716797,1.5580179691314697,4
5C6T_NA183A,5C6T,NA183A,0.2841240167617798,0.26727429032325745,4
5C6T_TA185A,5C6T,TA185A,0.3380204439163208,0.0036264751106500626,4
5C6T_NA186A,5C6T,NA186A,0.3632349669933319,0.18545518815517426,4
5C6T_NA188A,5C6T,NA188A,-0.3667510151863098,0.826020359992981,4
5C6T_FA192A,5C6T,FA192A,1.9980957508087158,1.501890778541565,4
5C6T_EA194A,5C6T,EA194A,1.0911601781845093,0.6660436987876892,4
"5C6T_NA195A,DA197A",5C6T,"NA195A,DA197A",0.5867636799812317,0.4207870662212372,4
"5C6T_YA182A,NA195A,DA197A",5C6T,"YA182A,NA195A,DA197A",2.943742513656616,1.5466865301132202,4
5C6T_FA199A,5C6T,FA199A,2.7594141960144043,1.042210340499878,4
5C6T_FA200A,5C6T,FA200A,0.4106564223766327,0.991304874420166,4
5C6T_IA201A,5C6T,IA201A,0.8860082030296326,1.4221115112304688,4
5C6T_RH31S,5C6T,RH31S,0.31168490648269653,0.644122302532196,4
5C6T_SH32A,5C6T,SH32A,-0.8687343001365662,-0.07753442227840424,4
5C6T_NH97A,5C6T,NH97A,1.5265793800354004,1.607409954071045,4
5C6T_YH98A,5C6T,YH98A,1.7174487113952637,2.4543848037719727,4
5C6T_FH99A,5C6T,FH99A,1.4606835842132568,1.728169322013855,4
5C6T_YH104A,5C6T,YH104A,0.3632349669933319,1.856073021888733,4
5C6T_YL47A,5C6T,YL47A,0.551903486251831,1.1452112197875977,4
5C6T_RL48A,5C6T,RL48A,0.1230163499712944,0.5686951875686646,4
3NVN_RA193E,3NVN,RA193E,2.4865458011627197,1.2769438028335571,4
3NVN_RB186S,3NVN,RB186S,1.2686275243759155,0.07219474762678146,4
1XGP_AB33F,1XGP,AB33F,-4.0624799728393555,-3.5690269470214844,4
1XGP_AB33L,1XGP,AB33L,-2.199876308441162,-2.3983452320098877,4
1XGP_AB33I,1XGP,AB33I,-2.261219024658203,-2.4013781547546387,4
1XGP_AB33V,1XGP,AB33V,-1.1530953645706177,-1.428802251815796,4
4WND_RA201E,4WND,RA201E,2.7958486080169678,-0.06470929086208344,4
4WND_NA263R,4WND,NA263R,-0.020789921283721924,0.9853823184967041,4
"4WND_RA201E,NA263R",4WND,"RA201E,NA263R",3.8573801517486572,1.2780126333236694,4
"2NOJ_RB24A,NB31A",2NOJ,"RB24A,NB31A",0.7486768364906311,1.956315517425537,4
