complex,mutstr,ddG,ddG_pred,fold,key
1Y4A,"SI40E,RI39M",-3.549654960632324,-2.8261139392852783,0,"1Y4A_SI40E,RI39M"
1Y3D,AI48R,-3.098123788833618,-4.2072858810424805,0,1Y3D_AI48R
1TM4,GI40M,-2.232905387878418,-2.28320050239563,0,1TM4_GI40M
1TMG,FI40M,-1.0276678800582886,-0.4649271070957184,0,1TMG_FI40M
2SIC,MI67E,0.7960982918739319,2.628678798675537,0,2SIC_MI67E
2SIC,MI67D,0.7515320777893066,1.8334730863571167,0,2SIC_MI67D
2SIC,MI67H,0.21785926818847656,-0.2710023522377014,0,2SIC_MI67H
2SIC,MI67K,0.0,0.2684970498085022,0,2SIC_MI67K
2SIC,MI67R,0.0,0.9438601136207581,0,2SIC_MI67R
2SIC,MI67G,0.14522328972816467,1.9747909307479858,0,2SIC_MI67G
2SIC,MI67A,0.21785926818847656,1.2758762836456299,0,2SIC_MI67A
2SIC,MI67L,-0.2402186095714569,-0.5213816165924072,0,2SIC_MI67L
2SIC,MI67V,0.7132960557937622,1.1480860710144043,0,2SIC_MI67V
2SIC,MI67I,1.6043896675109863,1.2324638366699219,0,2SIC_MI67I
1IAR,IA5A,1.171373963356018,0.6524173617362976,0,1IAR_IA5A
1IAR,IA5R,0.7960982918739319,-0.7766536474227905,0,1IAR_IA5R
1IAR,TA6A,-0.10364440828561783,-0.061337415128946304,0,1IAR_TA6A
1IAR,TA6D,1.392728567123413,0.14252762496471405,0,1IAR_TA6D
1IAR,QA8A,-0.0223593320697546,0.4888184666633606,0,1IAR_QA8A
1IAR,QA8R,0.038921285420656204,1.1239171028137207,0,1IAR_QA8R
1IAR,EA9Q,3.1128292083740234,0.27611565589904785,0,1IAR_EA9Q
1IAR,IA11A,0.0689675435423851,0.20442989468574524,0,1IAR_IA11A
1IAR,KA12S,-0.01481207087635994,0.431729793548584,0,1IAR_KA12S
1IAR,KA12E,0.13947127759456635,-0.4487772583961487,0,1IAR_KA12E
1IAR,TA13A,0.9785768389701843,-0.17845505475997925,0,1IAR_TA13A
1IAR,TA13D,-0.21867252886295319,-0.37104925513267517,0,1IAR_TA13D
1IAR,NA15A,-0.033863615244627,-0.14404335618019104,0,1IAR_NA15A
1IAR,NA15D,-0.07806696742773056,-0.17606085538864136,0,1IAR_NA15D
1IAR,SA16A,-0.18275535106658936,-0.08408231288194656,0,1IAR_SA16A
1IAR,SA16D,-0.10364440828561783,0.10819511860609055,0,1IAR_SA16D
1IAR,EA19A,-0.31995680928230286,0.12312059849500656,0,1IAR_EA19A
1IAR,EA19R,-0.11685949563980103,-0.37047743797302246,0,1IAR_EA19R
1IAR,RA53Q,0.8357636332511902,-0.32430896162986755,0,1IAR_RA53Q
1IAR,KA77A,0.15374791622161865,0.041540082544088364,0,1IAR_KA77A
1IAR,KA77E,0.6118258237838745,-0.13848739862442017,0,1IAR_KA77E
1IAR,QA78A,0.1248420923948288,-0.1702732890844345,0,1IAR_QA78A
1IAR,QA78E,0.2450747936964035,-0.27357399463653564,0,1IAR_QA78E
1IAR,RA81A,0.4796239733695984,0.4679684340953827,0,1IAR_RA81A
1IAR,RA81E,1.461734414100647,0.7352083325386047,0,1IAR_RA81E
1IAR,FA82A,-0.08647068589925766,2.0396344661712646,0,1IAR_FA82A
1IAR,FA82D,-0.5806068181991577,0.6178433895111084,0,1IAR_FA82D
1IAR,KA84A,0.34497565031051636,2.580688714981079,0,1IAR_KA84A
1IAR,KA84D,1.88009512424469,2.978654623031616,0,1IAR_KA84D
1IAR,RA85A,0.42688900232315063,0.48863837122917175,0,1IAR_RA85A
1IAR,RA85E,1.2246094942092896,0.9615480303764343,0,1IAR_RA85E
1IAR,RA88Q,2.8289992809295654,2.62731671333313,0,1IAR_RA88Q
1IAR,RA88A,3.7547178268432617,2.9055776596069336,0,1IAR_RA88A
1IAR,NA89A,1.5587940216064453,2.142418146133423,0,1IAR_NA89A
1IAR,WA91A,0.7295286655426025,1.2698736190795898,0,1IAR_WA91A
1IAR,WA91D,1.3066062927246094,0.6603586673736572,0,1IAR_WA91D
1B2U,AA27K,-5.046028137207031,-5.043363571166992,0,1B2U_AA27K
1B2U,AD36D,-4.168248653411865,-3.790703535079956,0,1B2U_AD36D
1B2U,"AA27K,AD36D",-9.549198150634766,-8.557012557983398,0,"1B2U_AA27K,AD36D"
1X1W,AD81E,-0.4106564223766327,-0.4717613160610199,0,1X1W_AD81E
1E96,NA26H,1.104526162147522,-0.035319093614816666,0,1E96_NA26H
1E96,IA33N,2.043041229248047,0.08603765815496445,0,1E96_IA33N
1E96,DA38N,2.201974630355835,0.7322849631309509,0,1E96_DA38N
1E96,MA45T,0.3660154938697815,-0.2146030068397522,0,1E96_MA45T
1E96,KA132E,-0.18986420333385468,0.4837026000022888,0,1E96_KA132E
1E96,LA134R,-0.12744316458702087,-0.2151867151260376,0,1E96_LA134R
1UUZ,HA62Q,1.5196093320846558,0.0022098971530795097,0,1UUZ_HA62Q
1UUZ,HA62N,1.5196093320846558,-0.053330931812524796,0,1UUZ_HA62N
1UUZ,HA62D,3.3792171478271484,-0.30692046880722046,0,1UUZ_HA62D
1UUZ,HA62A,1.774827480316162,1.3790338039398193,0,1UUZ_HA62A
1UUZ,CA64A,0.6508750319480896,0.5493685007095337,0,1UUZ_CA64A
1DVF,HA30A,1.6501208543777466,0.6258711814880371,0,1DVF_HA30A
1DVF,YA32A,2.031278610229492,1.922499179840088,0,1DVF_YA32A
1DVF,YA49A,1.629451870918274,0.4347248077392578,0,1DVF_YA49A
1DVF,YA50A,0.6880815625190735,1.7491769790649414,0,1DVF_YA50A
1DVF,WA92A,0.34087562561035156,1.131888747215271,0,1DVF_WA92A
1DVF,SA93A,1.162959337234497,-0.4721888303756714,0,1DVF_SA93A
1DVF,TB30A,0.9079189896583557,-0.2854398488998413,0,1DVF_TB30A
1DVF,YB32A,1.832290768623352,1.3026647567749023,0,1DVF_YB32A
1DVF,WB52A,4.134849548339844,2.560314416885376,0,1DVF_WB52A
1DVF,DB54A,4.283173084259033,1.7356737852096558,0,1DVF_DB54A
1DVF,NB56A,1.162959337234497,0.676159143447876,0,1DVF_NB56A
1DVF,DB58A,1.6007212400436401,0.09097733348608017,0,1DVF_DB58A
1DVF,EB98A,4.188523769378662,0.6525188088417053,0,1DVF_EB98A
1DVF,RB99A,1.875484585762024,0.7015957236289978,0,1DVF_RB99A
1DVF,DB100A,2.7907633781433105,1.4983322620391846,0,1DVF_DB100A
1DVF,YB101F,2.0132148265838623,1.5370440483093262,0,1DVF_YB101F
1DVF,EB98A,4.188523769378662,0.6255403161048889,0,1DVF_EB98A
1DVF,DB54A,4.283173084259033,1.7696664333343506,0,1DVF_DB54A
1DVF,DB58A,1.6007212400436401,0.06611781567335129,0,1DVF_DB58A
1DVF,YA49A,1.729231834411621,1.3454095125198364,0,1DVF_YA49A
1DVF,YA32A,2.031278610229492,1.8486921787261963,0,1DVF_YA32A
1DVF,NB56A,1.162959337234497,0.4547955393791199,0,1DVF_NB56A
1DVF,WB52A,4.134849548339844,2.600572109222412,0,1DVF_WB52A
1DVF,DB100A,2.7907633781433105,1.8645439147949219,0,1DVF_DB100A
1DVF,YD102A,4.7415571212768555,1.0599079132080078,0,1DVF_YD102A
1DVF,YC49A,1.8614336252212524,2.02195143699646,0,1DVF_YC49A
1DVF,QD104A,1.629451870918274,0.7611066102981567,0,1DVF_QD104A
1DVF,ND55A,1.8614336252212524,0.36278432607650757,0,1DVF_ND55A
1DVF,RD106A,4.092513084411621,1.0081923007965088,0,1DVF_RD106A
1DVF,KD30A,1.0039665699005127,-0.05612403526902199,0,1DVF_KD30A
1DVF,HD33A,1.8614336252212524,0.2569999098777771,0,1DVF_HD33A
1DVF,DD52A,1.683043360710144,0.3611961901187897,0,1DVF_DD52A
1DVF,ID101A,2.682746410369873,0.3622688949108124,0,1DVF_ID101A
1DVF,"EB98A,YD102A",4.635371685028076,1.997826099395752,0,"1DVF_EB98A,YD102A"
1DVF,"DB54A,YC49A",4.4948835372924805,2.2895963191986084,0,"1DVF_DB54A,YC49A"
1DVF,"DB58A,QD104A",1.4648281335830688,1.3881123065948486,0,"1DVF_DB58A,QD104A"
1DVF,"YA49A,ND55A",2.031278610229492,0.998393714427948,0,"1DVF_YA49A,ND55A"
1DVF,"YA32A,RD106A",4.652670860290527,3.9660651683807373,0,"1DVF_YA32A,RD106A"
1DVF,"NB56A,QD104A",1.48753023147583,0.5631758570671082,0,"1DVF_NB56A,QD104A"
1DVF,"WB52A,QD104A",4.164727210998535,3.2754766941070557,0,"1DVF_WB52A,QD104A"
1DVF,"DB100A,HD33A",4.14997673034668,1.6857950687408447,0,"1DVF_DB100A,HD33A"
1DVF,"DB100A,DD52A",4.321657657623291,1.1775559186935425,0,"1DVF_DB100A,DD52A"
1DVF,"YA49A,HD33A",2.626220464706421,1.2836298942565918,0,"1DVF_YA49A,HD33A"
1DVF,"DB100A,ND55A",4.092513084411621,2.2891814708709717,0,"1DVF_DB100A,ND55A"
1DVF,"NB56A,ND55A",2.3021233081817627,0.6714734435081482,0,"1DVF_NB56A,ND55A"
1DVF,"NB56A,HD33A",2.527130603790283,0.38837552070617676,0,"1DVF_NB56A,HD33A"
1VFB,HA30A,0.8452608585357666,-0.11246735602617264,0,1VFB_HA30A
1VFB,YA32A,1.3399860858917236,3.474135637283325,0,1VFB_YA32A
1VFB,YA49A,0.7978987097740173,0.6024962663650513,0,1VFB_YA49A
1VFB,YA50A,0.38801220059394836,1.8189982175827026,0,1VFB_YA50A
1VFB,WA92A,2.728342294692993,1.3003628253936768,0,1VFB_WA92A
1VFB,SA93A,0.34327760338783264,-0.23903939127922058,0,1VFB_SA93A
1VFB,TB30A,-0.055874548852443695,-0.256954550743103,0,1VFB_TB30A
1VFB,YB32A,0.46035218238830566,1.473494052886963,0,1VFB_YB32A
1VFB,WB52A,0.36446794867515564,1.1307013034820557,0,1VFB_WB52A
1VFB,DB54A,0.6389058828353882,2.1677703857421875,0,1VFB_DB54A
1VFB,NB56A,0.17779755592346191,0.37909451127052307,0,1VFB_NB56A
1VFB,DB58A,-0.20709602534770966,1.4481922388076782,0,1VFB_DB58A
1VFB,EB98A,1.157075047492981,0.17363232374191284,0,1VFB_EB98A
1VFB,RB99A,-0.09977996349334717,0.7888496518135071,0,1VFB_RB99A
1VFB,DB100A,3.071619749069214,1.7926137447357178,0,1VFB_DB100A
1VFB,YB101F,0.9535146951675415,1.2556174993515015,0,1VFB_YB101F
1VFB,SB28N,0.14401189982891083,-0.4140589237213135,0,1VFB_SB28N
1VFB,SB28Q,0.07811605930328369,0.041791316121816635,0,1VFB_SB28Q
1VFB,SB28D,0.0,-0.16469714045524597,0,1VFB_SB28D
1VFB,SB28E,-0.10405386239290237,-0.21132509410381317,0,1VFB_SB28E
1VFB,GB31A,0.3066025674343109,-0.1492687463760376,0,1VFB_GB31A
1VFB,GB31E,-0.5099895000457764,-0.6486756205558777,0,1VFB_GB31E
1VFB,GB31W,0.003962904214859009,-2.405042886734009,0,1VFB_GB31W
1VFB,YB32E,1.903039813041687,1.7447659969329834,0,1VFB_YB32E
1VFB,DB58N,-0.12823893129825592,0.8895016312599182,0,1VFB_DB58N
1VFB,DB58E,0.07811605930328369,0.6028901934623718,0,1VFB_DB58E
1VFB,RB99Y,1.2359321117401123,-1.1691399812698364,0,1VFB_RB99Y
1VFB,RB99W,0.7052898406982422,-0.18881377577781677,0,1VFB_RB99W
1VFB,NA31W,0.1744007170200348,-0.7572324275970459,0,1VFB_NA31W
1VFB,YA32W,5.63108491897583,0.381538450717926,0,1VFB_YA32W
1VFB,LA46D,5.63108491897583,-1.3002798557281494,0,1VFB_LA46D
1VFB,LA46E,5.63108491897583,1.3330557346343994,0,1VFB_LA46E
1VFB,YA50R,0.8447021245956421,0.019422736018896103,0,1VFB_YA50R
1VFB,YA50K,1.716369390487671,1.039579153060913,0,1VFB_YA50K
1VFB,TA52F,0.4710860252380371,-0.6193471550941467,0,1VFB_TA52F
1VFB,TA53R,1.6465885639190674,-1.2418125867843628,0,1VFB_TA53R
2GOX,RB31A,2.2467401027679443,0.9065231680870056,0,2GOX_RB31A
2GOX,NB38A,1.5695295333862305,0.890697181224823,0,2GOX_NB38A
2GOX,RB31A,1.5196093320846558,0.9358211159706116,0,2GOX_RB31A
2GOX,NB38A,1.3337823152542114,1.542561650276184,0,2GOX_NB38A
2WPT,DA30L,-3.403402328491211,-0.14647138118743896,0,2WPT_DA30L
2WPT,NA31V,-0.8970479965209961,-0.03996572270989418,0,2WPT_NA31V
2WPT,RA35T,-1.038295030593872,-0.2850379943847656,0,2WPT_RA35T
2WPT,EA36H,0.038235973566770554,-0.37009942531585693,0,2WPT_EA36H
2WPT,RA39E,-0.37242045998573303,0.20253372192382812,0,2WPT_RA39E
2WPT,"NA31V,RA35T",-2.5882933139801025,-2.3451173305511475,0,"2WPT_NA31V,RA35T"
2WPT,"DA30L,NA31V,RA35T",-6.336045742034912,-5.06979513168335,0,"2WPT_DA30L,NA31V,RA35T"
2WPT,"NA31V,RA35T,RA39E",-3.232964515686035,-3.183936834335327,0,"2WPT_NA31V,RA35T,RA39E"
2WPT,"NA31V,RA35T,EA36H,RA39E",-2.9989495277404785,-3.912447690963745,0,"2WPT_NA31V,RA35T,EA36H,RA39E"
2WPT,EA27A,1.733952522277832,1.5423450469970703,0,2WPT_EA27A
2WPT,DA30A,-0.13220183551311493,1.2139010429382324,0,2WPT_DA30A
2WPT,NA31A,-0.37987276911735535,0.5635601282119751,0,2WPT_NA31A
2WPT,VA34A,3.809299945831299,2.1106698513031006,0,2WPT_VA34A
2WPT,RA35A,-1.1109310388565063,-0.1272183060646057,0,2WPT_RA35A
2WPT,EA38A,4.503169536590576,1.7583683729171753,0,2WPT_EA38A
2WPT,RA39A,-0.2402186095714569,0.5001266002655029,0,2WPT_RA39A
2WPT,SA47A,2.4257025718688965,0.12112442404031754,0,2WPT_SA47A
2WPT,DA48A,5.216465950012207,5.062100887298584,0,2WPT_DA48A
2WPT,YA51A,5.216465950012207,3.822953939437866,0,2WPT_YA51A
2WPT,YA52A,5.216465950012207,3.3317317962646484,0,2WPT_YA52A
2WPT,PA53A,2.9276857376098633,0.3233405649662018,0,2WPT_PA53A
2WPT,"FB79A,DA30A",-0.13220183551311493,3.902865171432495,0,"2WPT_FB79A,DA30A"
2WPT,"FB79A,NA31A",1.3522019386291504,3.179651975631714,0,"2WPT_FB79A,NA31A"
2WPT,"FB79A,VA34A",3.112752914428711,4.1641411781311035,0,"2WPT_FB79A,VA34A"
2WPT,RB47A,1.1343426704406738,1.568866491317749,0,2WPT_RB47A
2WPT,NB65A,0.9178253412246704,1.3978495597839355,0,2WPT_NB65A
2WPT,SB67A,-0.8493078947067261,0.43999940156936646,0,2WPT_SB67A
2WPT,NB68A,1.2376387119293213,2.2169125080108643,0,2WPT_NB68A
2WPT,SB70A,-0.6116429567337036,-0.03172016516327858,0,2WPT_SB70A
2WPT,SB71A,-0.1495431363582611,0.18145811557769775,0,2WPT_SB71A
2WPT,SB77A,-0.09360992908477783,0.25493431091308594,0,2WPT_SB77A
2WPT,FB79A,1.1701807975769043,3.192692995071411,0,2WPT_FB79A
2WPT,TB80A,0.526220440864563,0.2303759753704071,0,2WPT_TB80A
2WPT,QB85A,0.9001388549804688,-0.1772947460412979,0,2WPT_QB85A
2WPT,KB90A,0.49740836024284363,1.7275702953338623,0,2WPT_KB90A
2WPT,VB91A,0.11930190771818161,0.8722016215324402,0,2WPT_VB91A
2WPT,RB47A,0.6100000739097595,1.5858430862426758,0,2WPT_RB47A
2WPT,NB65A,0.4848095774650574,1.7165946960449219,0,2WPT_NB65A
2WPT,SB67A,0.5810942649841309,0.4399993419647217,0,2WPT_SB67A
2WPT,NB68A,1.2655584812164307,2.2169125080108643,0,2WPT_NB68A
2WPT,SB70A,-0.3026396632194519,-0.03172016516327858,0,2WPT_SB70A
2WPT,SB71A,-0.040874965488910675,0.18145811557769775,0,2WPT_SB71A
2WPT,SB77A,-0.040874965488910675,0.25493431091308594,0,2WPT_SB77A
2WPT,FB79A,0.9455621838569641,3.192692995071411,0,2WPT_FB79A
2WPT,TB80A,0.22690452635288239,0.17903080582618713,0,2WPT_TB80A
2WPT,QB85A,-0.13220183551311493,-0.1741235852241516,0,2WPT_QB85A
2WPT,KB90A,0.8012278079986572,1.7382200956344604,0,2WPT_KB90A
2WPT,VB91A,0.4106564223766327,0.8838384747505188,0,2WPT_VB91A
2VLO,AB95K,-1.960514783859253,-2.0225086212158203,0,2VLO_AB95K
2WPT,"EA14Q,FA15L,KA17T,KA18T,RA21N,EA23D,GA24T,AA25S,TA26S,DA29E,DA30L,NA31V,RA35T,EA36H,RA39E,LA40M,DA45S,RA54K,DA55E,DA56G,RA57D,EA58D,EA62S,KA66N,EA67T,IA68V,EA70Q",-8.058494567871094,-6.118313789367676,0,"2WPT_EA14Q,FA15L,KA17T,KA18T,RA21N,EA23D,GA24T,AA25S,TA26S,DA29E,DA30L,NA31V,RA35T,EA36H,RA39E,LA40M,DA45S,RA54K,DA55E,DA56G,RA57D,EA58D,EA62S,KA66N,EA67T,IA68V,EA70Q"
2WPT,"EA14Q,FA15L,KA17T,KA18T,RA21N,EA23D,GA24T,AA25S,TA26S",-0.06827136129140854,-2.484431028366089,0,"2WPT_EA14Q,FA15L,KA17T,KA18T,RA21N,EA23D,GA24T,AA25S,TA26S"
2WPT,"DA29E,DA30L,NA31V,RA35T,EA36H,RA39E,LA40M,DA45S,RA54K,DA55E,DA56G,RA57D,EA58D",-5.201869487762451,-6.534421443939209,0,"2WPT_DA29E,DA30L,NA31V,RA35T,EA36H,RA39E,LA40M,DA45S,RA54K,DA55E,DA56G,RA57D,EA58D"
2WPT,"DA29E,DA30L,NA31V,RA35T,EA36H,RA39E,LA40M",-6.354465484619141,-6.700638294219971,0,"2WPT_DA29E,DA30L,NA31V,RA35T,EA36H,RA39E,LA40M"
2WPT,"EA23D,GA24T,AA25S,TA26S,DA29E,DA30L,NA31V,RA35T,EA36H,RA39E,LA40M",-6.635493755340576,-6.2250590324401855,0,"2WPT_EA23D,GA24T,AA25S,TA26S,DA29E,DA30L,NA31V,RA35T,EA36H,RA39E,LA40M"
2WPT,"KA17T,KA18T,RA21N,EA23D,GA24T,AA25S,TA26S,DA29E,DA30L,NA31V,RA35T,EA36H,RA39E,LA40M",-8.267023086547852,-6.192391395568848,0,"2WPT_KA17T,KA18T,RA21N,EA23D,GA24T,AA25S,TA26S,DA29E,DA30L,NA31V,RA35T,EA36H,RA39E,LA40M"
2WPT,"EA14Q,FA15L,KA17T,KA18T,RA21N,EA23D,GA24T,AA25S,TA26S,DA29E,DA30L,NA31V,RA35T,EA36H,RA39E,LA40M",-8.57586669921875,-5.993436336517334,0,"2WPT_EA14Q,FA15L,KA17T,KA18T,RA21N,EA23D,GA24T,AA25S,TA26S,DA29E,DA30L,NA31V,RA35T,EA36H,RA39E,LA40M"
2WPT,"EA14Q,FA15L,KA17T,KA18T,RA21N,EA23D,GA24T,AA25S,TA26S,DA29E,DA30L,NA31V,RA35T,EA36H,RA39E,LA40M,DA45S,RA54K,DA55E,DA56G,RA57D,EA58D",-7.97938346862793,-5.603085041046143,0,"2WPT_EA14Q,FA15L,KA17T,KA18T,RA21N,EA23D,GA24T,AA25S,TA26S,DA29E,DA30L,NA31V,RA35T,EA36H,RA39E,LA40M,DA45S,RA54K,DA55E,DA56G,RA57D,EA58D"
1KIP,AB32Y,-0.8009516596794128,-1.5489585399627686,0,1KIP_AB32Y
2B12,YB87F,-1.5754839181900024,-0.3922981321811676,0,2B12_YB87F
2PCB,EA291Q,-0.056525953114032745,-0.2892274260520935,0,2PCB_EA291Q
2PCB,EA32Q,0.6057530641555786,-0.05212670937180519,0,2PCB_EA32Q
2PCB,EA35Q,0.6760072708129883,0.7006360292434692,0,2PCB_EA35Q
2PCB,AA193F,0.7336772680282593,-1.5450770854949951,0,2PCB_AA193F
2PCB,DA34N,0.8213128447532654,-1.5709869861602783,0,2PCB_DA34N
2PCB,EA290N,0.871008574962616,0.36453187465667725,0,2PCB_EA290N
2JEL,FP2Y,0.0,-0.3675506114959717,0,2JEL_FP2Y
2JEL,FP2W,2.6203253269195557,-1.1684517860412598,0,2JEL_FP2W
2JEL,QP3K,4.092513084411621,0.38754600286483765,0,2JEL_QP3K
2JEL,QP4K,1.3641711473464966,-2.126751661300659,0,2JEL_QP4K
2JEL,EP5D,0.4106564223766327,0.23666195571422577,0,2JEL_EP5D
2JEL,EP5Q,0.7132960557937622,0.8494386672973633,0,2JEL_EP5Q
2JEL,VP6F,0.0,-0.2134239673614502,0,2JEL_VP6F
2JEL,TP7N,0.4106564223766327,0.048997532576322556,0,2JEL_TP7N
2JEL,TP7S,0.0,0.19955980777740479,0,2JEL_TP7S
2JEL,PP11E,0.0,0.01757192239165306,0,2JEL_PP11E
2JEL,NP12D,0.0,0.12653756141662598,0,2JEL_NP12D
2JEL,RP17G,0.0,0.5666261911392212,0,2JEL_RP17G
2JEL,RP17K,0.0,0.3934805393218994,0,2JEL_RP17K
2JEL,KP24E,0.0,0.11128558963537216,0,2JEL_KP24E
2JEL,KP27E,0.0,0.12879759073257446,0,2JEL_KP27E
2JEL,TP34N,6.820855617523193,-0.3079453110694885,0,2JEL_TP34N
2JEL,TP34Q,0.0,-0.04142123833298683,0,2JEL_TP34Q
2JEL,TP36Q,0.4106564223766327,-0.6049301624298096,0,2JEL_TP36Q
2JEL,NP38T,0.0,0.1093207523226738,0,2JEL_NP38T
2JEL,SP41C,1.496372938156128,-0.5253575444221497,0,2JEL_SP41C
2JEL,SP43C,0.0,0.3316124677658081,0,2JEL_SP43C
2JEL,SP46C,0.0,0.14355400204658508,0,2JEL_SP46C
2JEL,QP57E,-0.4106564223766327,-0.13094034790992737,0,2JEL_QP57E
2JEL,TP62N,0.0,-0.01418307889252901,0,2JEL_TP62N
2JEL,TP62A,0.0,0.417354553937912,0,2JEL_TP62A
2JEL,SP64T,4.092513084411621,-0.4950462579727173,0,2JEL_SP64T
2JEL,EP66K,4.092513084411621,-1.1959753036499023,0,2JEL_EP66K
2JEL,EP68A,0.4106564223766327,0.6904768347740173,0,2JEL_EP68A
2JEL,DP69E,0.9535146951675415,1.0697507858276367,0,2JEL_DP69E
2JEL,EP70K,4.092513084411621,0.6604599952697754,0,2JEL_EP70K
2JEL,EP70A,2.728342294692993,0.17072787880897522,0,2JEL_EP70A
2JEL,QP71E,2.728342294692993,-1.338472604751587,0,2JEL_QP71E
2JEL,KP72R,0.0,-0.17178000509738922,0,2JEL_KP72R
2JEL,KP72E,0.4106564223766327,-0.634376585483551,0,2JEL_KP72E
2JEL,EP75R,2.728342294692993,0.8629796504974365,0,2JEL_EP75R
2JEL,HP76D,-0.6508750319480896,-0.07837756723165512,0,2JEL_HP76D
2JEL,HP76A,-0.4106564223766327,0.3495032489299774,0,2JEL_HP76A
2JEL,KP79E,0.4106564223766327,-0.15555733442306519,0,2JEL_KP79E
2JEL,AP82S,0.0,0.12318574637174606,0,2JEL_AP82S
2JEL,EP83A,0.0,0.045892383903265,0,2JEL_EP83A
2JEL,EP85Q,0.0,0.02102985605597496,0,2JEL_EP85Q
2JEL,EP85D,0.0,0.12405341118574142,0,2JEL_EP85D
2JEL,EP85A,0.0,0.13420140743255615,0,2JEL_EP85A
2JEL,EP85K,0.0,-0.28022265434265137,0,2JEL_EP85K
2ABZ,"AE14C,AE38C",-0.5535333752632141,0.02910032495856285,0,"2ABZ_AE14C,AE38C"
2QJB,"HC11G,EC15D,TC30A,MC31I",-0.8850788474082947,-1.0827380418777466,0,"2QJB_HC11G,EC15D,TC30A,MC31I"
2QJB,"TC43A,LC47M,GC48K,LC49Y,HC11G,EC15D,TC30A,MC31I",-0.4228723645210266,-0.9256258606910706,0,"2QJB_TC43A,LC47M,GC48K,LC49Y,HC11G,EC15D,TC30A,MC31I"
2QJB,"RC57K,TC59S,IC61K,PC62A,HC63Q,QC64L,SC67T,TC43A,LC47M,GC48K,LC49Y,HC11G,EC15D,TC30A,MC31I",-1.1528583765029907,-0.7651704549789429,0,"2QJB_RC57K,TC59S,IC61K,PC62A,HC63Q,QC64L,SC67T,TC43A,LC47M,GC48K,LC49Y,HC11G,EC15D,TC30A,MC31I"
1HE8,KA80V,0.4753517508506775,0.2386641800403595,0,1HE8_KA80V
1HE8,"KA80V,FA78S",2.162247657775879,1.2488256692886353,0,"1HE8_KA80V,FA78S"
1HE8,"KA80V,RA83A",1.897843837738037,0.6357093453407288,0,"1HE8_KA80V,RA83A"
1HE8,"KA80V,TA89D",2.162247657775879,0.7280392050743103,0,"1HE8_KA80V,TA89D"
1HE8,"KA80V,KA91A",1.5231046676635742,0.09258497506380081,0,"1HE8_KA80V,KA91A"
1HE8,"KA80V,KA108A",2.162247657775879,0.5975673198699951,0,"1HE8_KA80V,KA108A"
1HE8,"KA80V,KA108E",2.162247657775879,0.6740134358406067,0,"1HE8_KA80V,KA108E"
1HE8,"KA80V,DA95A",1.038295030593872,0.321078896522522,0,"1HE8_KA80V,DA95A"
1HE8,"KA80V,KA111A",1.9676246643066406,0.706417977809906,0,"1HE8_KA80V,KA111A"
1HE8,"KA80V,KA112A",2.162247657775879,0.47856593132019043,0,"1HE8_KA80V,KA112A"
1HE8,"KA80V,KA113A",1.6758559942245483,0.3987889289855957,0,"1HE8_KA80V,KA113A"
1HE8,"KA80V,DA117A",0.9443292021751404,0.7436714172363281,0,"1HE8_KA80V,DA117A"
1HE8,"KA80V,EA124K",-0.09897152334451675,1.1456730365753174,0,"1HE8_KA80V,EA124K"
1HE8,"KA80V,EA606A",0.45456182956695557,0.33751246333122253,0,"1HE8_KA80V,EA606A"
1HE8,"KA80V,EA606K",-0.45807787775993347,0.11813118308782578,0,"1HE8_KA80V,EA606K"
1GL0,MI28K,-0.557857871055603,0.0011831476585939527,0,1GL0_MI28K
1GL0,"MI28K,LI27R",3.8372950553894043,4.840804576873779,0,"1GL0_MI28K,LI27R"
3N4I,EA79D,4.384282112121582,2.0177993774414062,0,3N4I_EA79D
1F47,DA4A,0.6915061473846436,0.25984251499176025,0,1F47_DA4A
1F47,YA5A,0.8693669438362122,1.0635597705841064,0,1F47_YA5A
1F47,LA6A,0.9254311323165894,0.8106498718261719,0,1F47_LA6A
1F47,DA7A,1.7336586713790894,0.4318683445453644,0,1F47_DA7A
1F47,IA8A,2.5162453651428223,1.7394484281539917,0,1F47_IA8A
1F47,PA9A,-0.05756485462188721,0.11756592243909836,0,1F47_PA9A
1F47,FA11A,2.4454827308654785,2.0167529582977295,0,1F47_FA11A
1F47,LA12A,2.2953264713287354,1.436635971069336,0,1F47_LA12A
1F47,KA14A,-0.042640842497348785,-0.01785016432404518,0,1F47_KA14A
1F47,QA15A,-0.045595720410346985,0.23468661308288574,0,1F47_QA15A
1F47,DA7S,2.064861297607422,0.044157203286886215,0,1F47_DA7S
1F47,DA7G,1.1393417119979858,0.6712909936904907,0,1F47_DA7G
1FCC,TC25A,0.2402186095714569,0.021384742110967636,0,1FCC_TC25A
1FCC,EC27A,4.938011169433594,-0.6920089721679688,0,1FCC_EC27A
1FCC,KC28A,1.2561542987823486,0.19297026097774506,0,1FCC_KC28A
1FCC,KC31A,3.477555513381958,-0.14997005462646484,0,1FCC_KC31A
1FCC,NC35A,2.365107297897339,0.6272050142288208,0,1FCC_NC35A
1FCC,DC40A,0.27225083112716675,1.0864336490631104,0,1FCC_DC40A
1FCC,EC42A,0.3854418992996216,0.5628342032432556,0,1FCC_EC42A
1FCC,WC43A,3.773183822631836,2.1921451091766357,0,1FCC_WC43A
1FCC,"TC44A,YC45A",1.9544508457183838,1.265074372291565,0,"1FCC_TC44A,YC45A"
1NMB,DH57N,2.9549508094787598,0.4845365583896637,0,1NMB_DH57N
1NMB,DH57E,2.9549508094787598,0.5059285759925842,0,1NMB_DH57E
1NMB,YH103A,2.141578435897827,1.8053337335586548,0,1NMB_YH103A
1NMB,YH105F,1.4200456142425537,0.5735732316970825,0,1NMB_YH105F
1NMB,YL32F,0.466530978679657,0.1346629559993744,0,1NMB_YL32F
1NMB,TL93F,-0.02391386404633522,-1.1511281728744507,0,1NMB_TL93F
1NMB,TL93W,0.18427251279354095,-1.1192209720611572,0,1NMB_TL93W
1NMB,LL94V,0.9004237651824951,-0.4775164723396301,0,1NMB_LL94V
1VFB,DC18A,0.3402828872203827,0.9439935088157654,0,1VFB_DC18A
1VFB,NC19A,0.3962641656398773,1.396425724029541,0,1VFB_NC19A
1VFB,YC23A,0.4106564223766327,2.0903048515319824,0,1VFB_YC23A
1VFB,SC24A,0.8513460755348206,0.22680938243865967,0,1VFB_SC24A
1VFB,KC116A,0.7137698531150818,0.46719422936439514,0,1VFB_KC116A
1VFB,TC118A,0.7654383182525635,0.3782139718532562,0,1VFB_TC118A
1VFB,DC119A,0.9535146951675415,0.9055332541465759,0,1VFB_DC119A
1VFB,VC120A,0.9173604846000671,-0.23094888031482697,0,1VFB_VC120A
1VFB,QC121A,2.878286361694336,1.182765245437622,0,1VFB_QC121A
1VFB,IC124A,1.2319692373275757,0.2990630269050598,0,1VFB_IC124A
1VFB,RC125A,1.8377223014831543,0.05984288081526756,0,1VFB_RC125A
1VFB,LC129A,0.17162153124809265,0.36863189935684204,0,1VFB_LC129A
1VFB,YA32A,1.7176494598388672,3.5710837841033936,0,1VFB_YA32A
1VFB,YA50A,0.5245682597160339,1.9230453968048096,0,1VFB_YA50A
1VFB,WA92A,3.350074291229248,1.115311622619629,0,1VFB_WA92A
1VFB,YB32A,1.1237155199050903,1.3826146125793457,0,1VFB_YB32A
1VFB,WB52A,0.9173604846000671,1.1227504014968872,0,1VFB_WB52A
1VFB,DB54A,0.9920468330383301,2.1484756469726562,0,1VFB_DB54A
1VFB,DB100A,2.941075086593628,1.7825629711151123,0,1VFB_DB100A
1VFB,YB101F,1.586751103401184,3.0622332096099854,0,1VFB_YB101F
1VFB,"YA32A,QC121A",1.586751103401184,3.5316500663757324,0,"1VFB_YA32A,QC121A"
1VFB,"YA32A,IC124A",2.9070167541503906,4.076943874359131,0,"1VFB_YA32A,IC124A"
1VFB,"YA50A,DC18A",1.2664908170700073,2.30987548828125,0,"1VFB_YA50A,DC18A"
1VFB,"YA50A,DC119A",1.2319692373275757,1.7662217617034912,0,"1VFB_YA50A,DC119A"
1VFB,"WA92A,QC121A",3.520512104034424,1.7588443756103516,0,"1VFB_WA92A,QC121A"
1VFB,"WA92A,IC124A",3.852057695388794,1.1008710861206055,0,"1VFB_WA92A,IC124A"
1VFB,"WA92A,RC125A",3.3948090076446533,1.544418454170227,0,"1VFB_WA92A,RC125A"
1VFB,"WA92A,LC129A",3.3088436126708984,1.250424861907959,0,"1VFB_WA92A,LC129A"
1VFB,"YB32A,KC116A",1.586751103401184,2.7768311500549316,0,"1VFB_YB32A,KC116A"
1VFB,"WB52A,DC119A",2.2483787536621094,1.4892981052398682,0,"1VFB_WB52A,DC119A"
1VFB,"DB54A,TC118A",1.2552056312561035,1.7605185508728027,0,"1VFB_DB54A,TC118A"
1VFB,"DB100A,SC24A",3.371264696121216,2.603696584701538,0,"1VFB_DB100A,SC24A"
1VFB,"YB101F,DC119A",2.737746477127075,2.820664644241333,0,"1VFB_YB101F,DC119A"
1VFB,"YB101F,VC120A",2.53961443901062,1.0151734352111816,0,"1VFB_YB101F,VC120A"
1R0R,LI13G,2.352891206741333,2.4759204387664795,0,1R0R_LI13G
1R0R,LI13A,0.31460878252983093,3.0335536003112793,0,1R0R_LI13A
1R0R,LI13S,1.5712368488311768,2.4248290061950684,0,1R0R_LI13S
1R0R,LI13C,-1.3463069200515747,-0.32765108346939087,0,1R0R_LI13C
1R0R,LI13V,2.1565780639648438,2.484726905822754,0,1R0R_LI13V
1R0R,LI13T,0.15976271033287048,1.6749913692474365,0,1R0R_LI13T
1R0R,LI13P,7.687726974487305,6.501643657684326,0,1R0R_LI13P
1R0R,LI13I,3.2540266513824463,2.5620133876800537,0,1R0R_LI13I
1R0R,LI13M,-0.5162599682807922,0.3213610053062439,0,1R0R_LI13M
1R0R,LI13N,1.500389575958252,1.1911649703979492,0,1R0R_LI13N
1R0R,LI13D,4.539323806762695,4.386693477630615,0,1R0R_LI13D
1R0R,LI13K,3.345353603363037,1.0017884969711304,0,1R0R_LI13K
1R0R,LI13Q,0.5696492195129395,2.4715452194213867,0,1R0R_LI13Q
1R0R,LI13E,2.177367925643921,3.5237858295440674,0,1R0R_LI13E
1R0R,LI13H,0.5696492195129395,1.1864897012710571,0,1R0R_LI13H
1R0R,LI13F,0.6170114278793335,1.059877872467041,0,1R0R_LI13F
1R0R,LI13R,2.935408115386963,1.4662429094314575,0,1R0R_LI13R
1R0R,LI13Y,0.44681063294410706,0.8271667957305908,0,1R0R_LI13Y
1R0R,LI13W,1.5239337682724,0.34571266174316406,0,1R0R_LI13W
3SGB,LI12G,5.003495693206787,4.221451759338379,0,3SGB_LI12G
3SGB,LI12A,2.9891605377197266,3.356632947921753,0,3SGB_LI12A
3SGB,LI12S,4.1582350730896,4.098188877105713,0,3SGB_LI12S
3SGB,LI12C,-0.013389315456151962,4.503607273101807,0,3SGB_LI12C
3SGB,LI12V,3.0342824459075928,3.170553207397461,0,3SGB_LI12V
3SGB,LI12T,3.2047202587127686,3.2190115451812744,0,3SGB_LI12T
3SGB,LI12P,8.445844650268555,8.736762046813965,0,3SGB_LI12P
3SGB,LI12I,4.481256008148193,5.307821273803711,0,3SGB_LI12I
3SGB,LI12M,0.4301895797252655,0.43236637115478516,0,3SGB_LI12M
3SGB,LI12N,3.3998169898986816,3.3153724670410156,0,3SGB_LI12N
3SGB,LI12D,5.66865873336792,5.419088840484619,0,3SGB_LI12D
3SGB,LI12K,3.1820759773254395,3.3729469776153564,0,3SGB_LI12K
3SGB,LI12Q,2.6035408973693848,2.912409543991089,0,3SGB_LI12Q
3SGB,LI12E,5.982758045196533,6.210343837738037,0,3SGB_LI12E
3SGB,LI12H,1.713875651359558,2.7748165130615234,0,3SGB_LI12H
3SGB,LI12F,1.3740181922912598,2.150137186050415,0,3SGB_LI12F
3SGB,LI12R,3.366955280303955,3.375864267349243,0,3SGB_LI12R
3SGB,LI12Y,1.6760064363479614,1.9965131282806396,0,3SGB_LI12Y
3SGB,LI12W,1.8652080297470093,1.6144531965255737,0,3SGB_LI12W
1R0R,AI10G,1.111736536026001,0.5779062509536743,0,1R0R_AI10G
1R0R,AI10S,1.7416746616363525,0.022852178663015366,0,1R0R_AI10S
1R0R,AI10C,-0.4834676682949066,-1.0432186126708984,0,1R0R_AI10C
1R0R,AI10V,-0.9535146951675415,-0.2284853160381317,0,1R0R_AI10V
1R0R,AI10T,1.2681235074996948,-1.0061002969741821,0,1R0R_AI10T
1R0R,AI10P,3.345353603363037,0.8062485456466675,0,1R0R_AI10P
1R0R,AI10L,-1.7550112009048462,-0.8024968504905701,0,1R0R_AI10L
1R0R,AI10I,-1.7995165586471558,-1.25709867477417,0,1R0R_AI10I
1R0R,AI10M,-1.7396219968795776,-1.1422070264816284,0,1R0R_AI10M
1R0R,AI10N,2.0894362926483154,-1.1167912483215332,0,1R0R_AI10N
1R0R,AI10D,5.228435039520264,-0.35063010454177856,0,1R0R_AI10D
1R0R,AI10K,3.072984218597412,-0.2726030945777893,0,1R0R_AI10K
1R0R,AI10Q,1.8109817504882812,-0.3126005232334137,0,1R0R_AI10Q
1R0R,AI10E,4.577856063842773,0.007754559628665447,0,1R0R_AI10E
1R0R,AI10H,1.774827480316162,-1.2541614770889282,0,1R0R_AI10H
1R0R,AI10F,-2.24299955368042,-1.9050142765045166,0,1R0R_AI10F
1R0R,AI10R,5.530481815338135,-0.8793556690216064,0,1R0R_AI10R
1R0R,AI10Y,-0.8384865522384644,-1.899881362915039,0,1R0R_AI10Y
1R0R,AI10W,0.20706579089164734,-1.160584807395935,0,1R0R_AI10W
3SGB,AI9G,2.486466407775879,0.4799121022224426,0,3SGB_AI9G
3SGB,AI9S,0.9109824895858765,0.2614576816558838,0,3SGB_AI9S
3SGB,AI9C,0.04153655096888542,-0.24435767531394958,0,3SGB_AI9C
3SGB,AI9V,-0.7847340703010559,-0.4070136547088623,0,3SGB_AI9V
3SGB,AI9T,0.33107247948646545,-0.2179916799068451,0,3SGB_AI9T
3SGB,AI9P,0.5527053475379944,1.3506214618682861,0,3SGB_AI9P
3SGB,AI9L,0.1687806099653244,-0.42771509289741516,0,3SGB_AI9L
3SGB,AI9I,-0.45318859815597534,-0.1360376477241516,0,3SGB_AI9I
3SGB,AI9M,0.0889580100774765,-0.5284421443939209,0,3SGB_AI9M
3SGB,AI9N,-0.08912444859743118,-0.3323732316493988,0,3SGB_AI9N
3SGB,AI9D,0.47637805342674255,-0.17390772700309753,0,3SGB_AI9D
3SGB,AI9K,2.491424083709717,0.3252865970134735,0,3SGB_AI9K
3SGB,AI9Q,0.4301895797252655,-0.038216594606637955,0,3SGB_AI9Q
3SGB,AI9E,0.6714746952056885,-0.9405136108398438,0,3SGB_AI9E
3SGB,AI9H,-0.45318859815597534,0.15917134284973145,0,3SGB_AI9H
3SGB,AI9F,-1.1806398630142212,-0.7881003618240356,0,3SGB_AI9F
3SGB,AI9R,2.0356457233428955,-0.6919226050376892,0,3SGB_AI9R
3SGB,AI9Y,-1.647277593612671,-0.9794384837150574,0,3SGB_AI9Y
3SGB,AI9W,-1.553667664527893,-1.8857871294021606,0,3SGB_AI9W
1R0R,TI12G,3.1389987468719482,4.076313495635986,0,1R0R_TI12G
1R0R,TI12A,1.1732311248779297,3.1016335487365723,0,1R0R_TI12A
1R0R,TI12S,0.8897486925125122,1.919589877128601,0,1R0R_TI12S
1R0R,TI12C,0.8131969571113586,2.618635892868042,0,1R0R_TI12C
1R0R,TI12V,0.937170147895813,2.9303972721099854,0,1R0R_TI12V
1R0R,TI12P,4.94998025894165,2.970886468887329,0,1R0R_TI12P
1R0R,TI12L,0.6687392592430115,2.8012006282806396,0,1R0R_TI12L
1R0R,TI12I,0.25873422622680664,1.7952818870544434,0,1R0R_TI12I
1R0R,TI12M,1.331018328666687,2.8734352588653564,0,1R0R_TI12M
1R0R,TI12N,0.017864227294921875,2.3234410285949707,0,1R0R_TI12N
1R0R,TI12D,2.8881049156188965,1.8279136419296265,0,1R0R_TI12D
1R0R,TI12K,1.933820366859436,3.5244433879852295,0,1R0R_TI12K
1R0R,TI12Q,2.2216382026672363,2.6482174396514893,0,1R0R_TI12Q
1R0R,TI12E,3.2136850357055664,3.312739133834839,0,1R0R_TI12E
1R0R,TI12H,0.5256845355033875,1.7448359727859497,0,1R0R_TI12H
1R0R,TI12F,-0.06601440161466599,2.5573930740356445,0,1R0R_TI12F
1R0R,TI12R,3.345353603363037,3.5781376361846924,0,1R0R_TI12R
1R0R,TI12Y,-0.8788283467292786,2.6592209339141846,0,1R0R_TI12Y
1R0R,TI12W,2.935408115386963,2.1708736419677734,0,1R0R_TI12W
3SGB,TI11G,5.584234237670898,3.9480173587799072,0,3SGB_TI11G
3SGB,TI11A,3.5919625759124756,3.249093532562256,0,3SGB_TI11A
3SGB,TI11S,2.466209650039673,1.4078257083892822,0,3SGB_TI11S
3SGB,TI11C,2.9262657165527344,1.5944782495498657,0,3SGB_TI11C
3SGB,TI11V,2.5478909015655518,2.0164272785186768,0,3SGB_TI11V
3SGB,TI11P,3.1820759773254395,1.8406096696853638,0,3SGB_TI11P
3SGB,TI11L,2.471339225769043,2.672642946243286,0,3SGB_TI11L
3SGB,TI11I,1.7529135942459106,1.8916893005371094,0,3SGB_TI11I
3SGB,TI11M,2.0356457233428955,1.5180423259735107,0,3SGB_TI11M
3SGB,TI11N,3.254415988922119,2.25761342048645,0,3SGB_TI11N
3SGB,TI11D,4.956133842468262,4.638692378997803,0,3SGB_TI11D
3SGB,TI11K,2.0356457233428955,3.2217671871185303,0,3SGB_TI11K
3SGB,TI11Q,2.940316677093506,2.491692304611206,0,3SGB_TI11Q
3SGB,TI11E,4.797141075134277,3.385446310043335,0,3SGB_TI11E
3SGB,TI11H,3.5076560974121094,1.295576572418213,0,3SGB_TI11H
3SGB,TI11F,3.63932466506958,0.831895112991333,0,3SGB_TI11F
3SGB,TI11R,1.9727510213851929,3.2526652812957764,0,3SGB_TI11R
3SGB,TI11Y,3.366955280303955,2.3227317333221436,0,3SGB_TI11Y
3SGB,TI11W,3.0342824459075928,0.0701756402850151,0,3SGB_TI11W
1R0R,EI14G,2.7119977474212646,1.8234500885009766,0,1R0R_EI14G
1R0R,EI14A,2.0894362926483154,1.2454791069030762,0,1R0R_EI14A
1R0R,EI14S,3.1751527786254883,0.9659585356712341,0,1R0R_EI14S
1R0R,EI14C,2.371582269668579,1.0225234031677246,0,1R0R_EI14C
1R0R,EI14V,0.0947713702917099,0.9810461401939392,0,1R0R_EI14V
1R0R,EI14T,4.2522759437561035,0.8490058183670044,0,1R0R_EI14T
1R0R,EI14P,3.76448392868042,0.7437742352485657,0,1R0R_EI14P
1R0R,EI14L,0.5696492195129395,0.5001301169395447,0,1R0R_EI14L
1R0R,EI14I,0.7369973063468933,0.5698402523994446,0,1R0R_EI14I
1R0R,EI14M,1.5712368488311768,1.0085625648498535,0,1R0R_EI14M
1R0R,EI14N,2.118342161178589,0.4445350170135498,0,1R0R_EI14N
1R0R,EI14D,0.25873422622680664,-0.11535466462373734,0,1R0R_EI14D
1R0R,EI14K,2.7119977474212646,2.1398048400878906,0,1R0R_EI14K
1R0R,EI14Q,1.2821743488311768,0.6026994585990906,0,1R0R_EI14Q
1R0R,EI14H,1.7088130712509155,-2.069467306137085,0,1R0R_EI14H
1R0R,EI14F,3.618090867996216,0.6592933535575867,0,1R0R_EI14F
1R0R,EI14R,2.0894362926483154,1.633103370666504,0,1R0R_EI14R
1R0R,EI14Y,1.8898556232452393,-0.4588099718093872,0,1R0R_EI14Y
1R0R,EI14W,1.8495138883590698,0.48235028982162476,0,1R0R_EI14W
3SGB,EI13G,2.104952812194824,2.8472259044647217,0,3SGB_EI13G
3SGB,EI13A,1.0192363262176514,2.538330078125,0,3SGB_EI13A
3SGB,EI13S,1.9436081647872925,2.2103235721588135,0,3SGB_EI13S
3SGB,EI13C,1.1746745109558105,1.974388837814331,0,3SGB_EI13C
3SGB,EI13V,0.1275499165058136,1.9331603050231934,0,3SGB_EI13V
3SGB,EI13T,2.1434850692749023,2.2110772132873535,0,3SGB_EI13T
3SGB,EI13P,2.275153636932373,0.9764319658279419,0,3SGB_EI13P
3SGB,EI13L,0.779313862323761,2.2537713050842285,0,3SGB_EI13L
3SGB,EI13I,-0.6233893632888794,1.7332806587219238,0,3SGB_EI13I
3SGB,EI13M,-0.18949657678604126,2.0174474716186523,0,3SGB_EI13M
3SGB,EI13N,1.1020385026931763,1.6753357648849487,0,3SGB_EI13N
3SGB,EI13D,0.5527053475379944,0.6863741278648376,0,3SGB_EI13D
3SGB,EI13K,0.1687806099653244,2.4910855293273926,0,3SGB_EI13K
3SGB,EI13Q,0.18353120982646942,1.8319060802459717,0,3SGB_EI13Q
3SGB,EI13H,0.5260738134384155,0.5708043575286865,0,3SGB_EI13H
3SGB,EI13F,1.9436081647872925,1.7349803447723389,0,3SGB_EI13F
3SGB,EI13R,1.275046706199646,3.242060422897339,0,3SGB_EI13R
3SGB,EI13Y,0.779313862323761,2.011762857437134,0,3SGB_EI13Y
3SGB,EI13W,1.5477023124694824,1.7915737628936768,0,3SGB_EI13W
1R0R,YI15G,6.402083396911621,4.342584133148193,0,1R0R_YI15G
1R0R,YI15A,5.474548816680908,3.06022047996521,0,1R0R_YI15A
1R0R,YI15S,5.162713527679443,2.7147676944732666,0,1R0R_YI15S
1R0R,YI15C,3.2540266513824463,2.91180157661438,0,1R0R_YI15C
1R0R,YI15V,3.5100741386413574,2.429598093032837,0,1R0R_YI15V
1R0R,YI15T,5.474548816680908,3.31864070892334,0,1R0R_YI15T
1R0R,YI15P,6.6544342041015625,5.935583591461182,0,1R0R_YI15P
1R0R,YI15L,2.5751163959503174,1.552303671836853,0,1R0R_YI15L
1R0R,YI15I,2.864560604095459,3.3030989170074463,0,1R0R_YI15I
1R0R,YI15M,3.1389987468719482,2.9548943042755127,0,1R0R_YI15M
1R0R,YI15N,5.6164469718933105,2.8317058086395264,0,1R0R_YI15N
1R0R,YI15D,5.7712931632995605,3.219012498855591,0,1R0R_YI15D
1R0R,YI15K,5.512417793273926,3.6610729694366455,0,1R0R_YI15K
1R0R,YI15Q,4.503169536590576,2.358374834060669,0,1R0R_YI15Q
1R0R,YI15E,4.618197917938232,5.008172512054443,0,1R0R_YI15E
1R0R,YI15H,3.4711196422576904,2.091205358505249,0,1R0R_YI15H
1R0R,YI15F,0.6170114278793335,1.4166423082351685,0,1R0R_YI15F
1R0R,YI15R,4.470016956329346,1.9673672914505005,0,1R0R_YI15R
1R0R,YI15W,-0.3641657531261444,1.0622642040252686,0,1R0R_YI15W
3SGB,YI14G,2.8423960208892822,3.4519264698028564,0,3SGB_YI14G
3SGB,YI14A,1.9436081647872925,3.2109944820404053,0,3SGB_YI14A
3SGB,YI14S,2.0356457233428955,2.0615720748901367,0,3SGB_YI14S
3SGB,YI14C,1.6952435970306396,2.209052324295044,0,3SGB_YI14C
3SGB,YI14V,4.421689987182617,2.129657506942749,0,3SGB_YI14V
3SGB,YI14T,4.871827125549316,1.4004042148590088,0,3SGB_YI14T
3SGB,YI14P,6.276340007781982,4.7691240310668945,0,3SGB_YI14P
3SGB,YI14L,1.5761455297470093,0.1676596999168396,0,3SGB_YI14L
3SGB,YI14I,3.5919625759124756,2.0993075370788574,0,3SGB_YI14I
3SGB,YI14M,2.002784252166748,1.1082663536071777,0,3SGB_YI14M
3SGB,YI14N,3.158531904220581,2.0806705951690674,0,3SGB_YI14N
3SGB,YI14D,2.9118733406066895,3.5293171405792236,0,3SGB_YI14D
3SGB,YI14K,3.432969808578491,2.2730181217193604,0,3SGB_YI14K
3SGB,YI14Q,3.2810475826263428,2.901636838912964,0,3SGB_YI14Q
3SGB,YI14E,2.0356457233428955,4.255273818969727,0,3SGB_YI14E
3SGB,YI14H,1.713875651359558,1.2040449380874634,0,3SGB_YI14H
3SGB,YI14F,0.1687806099653244,0.1908295601606369,0,3SGB_YI14F
3SGB,YI14R,2.7605485916137695,1.4984958171844482,0,3SGB_YI14R
3SGB,YI14W,0.38874247670173645,1.3257381916046143,0,3SGB_YI14W
1R0R,RI16G,2.0894362926483154,2.0794708728790283,0,1R0R_RI16G
1R0R,RI16A,-0.09604763239622116,1.999481201171875,0,1R0R_RI16A
1R0R,RI16S,-0.01634453982114792,1.3393568992614746,0,1R0R_RI16S
1R0R,RI16C,0.11502811312675476,1.16568922996521,0,1R0R_RI16C
1R0R,RI16V,0.11502811312675476,1.4554800987243652,0,1R0R_RI16V
1R0R,RI16T,0.3446420133113861,1.0849900245666504,0,1R0R_RI16T
1R0R,RI16P,7.390504837036133,4.8167338371276855,0,1R0R_RI16P
1R0R,RI16L,0.23210270702838898,0.9300238490104675,0,1R0R_RI16L
1R0R,RI16I,0.20706579089164734,0.1041342243552208,0,1R0R_RI16I
1R0R,RI16M,0.44681063294410706,1.2498726844787598,0,1R0R_RI16M
1R0R,RI16N,-0.050451911985874176,0.259269118309021,0,1R0R_RI16N
1R0R,RI16D,-0.17991724610328674,0.5966136455535889,0,1R0R_RI16D
1R0R,RI16K,-0.09604763239622116,-0.15348124504089355,0,1R0R_RI16K
1R0R,RI16Q,0.182406947016716,0.4908316731452942,0,1R0R_RI16Q
1R0R,RI16E,0.3446420133113861,2.206813097000122,0,1R0R_RI16E
1R0R,RI16H,0.5256845355033875,-0.16779476404190063,0,1R0R_RI16H
1R0R,RI16F,0.44681063294410706,0.02392716333270073,0,1R0R_RI16F
1R0R,RI16Y,0.8233245611190796,0.6509231328964233,0,1R0R_RI16Y
1R0R,RI16W,0.94539874792099,0.7515879273414612,0,1R0R_RI16W
3SGB,RI15G,1.1071680784225464,0.7130968570709229,0,3SGB_RI15G
3SGB,RI15A,0.053752489387989044,0.5986500978469849,0,3SGB_RI15A
3SGB,RI15S,0.27762654423713684,0.4438651204109192,0,3SGB_RI15S
3SGB,RI15C,0.5527053475379944,0.3701518774032593,0,3SGB_RI15C
3SGB,RI15V,-0.023633696138858795,-0.015512739308178425,0,3SGB_RI15V
3SGB,RI15T,0.45373380184173584,-0.19342902302742004,0,3SGB_RI15T
3SGB,RI15P,7.684475898742676,3.152766466140747,0,3SGB_RI15P
3SGB,RI15L,0.22795669734477997,-0.7595843076705933,0,3SGB_RI15L
3SGB,RI15I,0.24351918697357178,-0.2648410201072693,0,3SGB_RI15I
3SGB,RI15M,0.1275499165058136,-0.7097366452217102,0,3SGB_RI15M
3SGB,RI15N,0.33107247948646545,-0.04218754544854164,0,3SGB_RI15N
3SGB,RI15D,0.6386131048202515,-0.9826566576957703,0,3SGB_RI15D
3SGB,RI15K,-0.2777929902076721,-0.331007719039917,0,3SGB_RI15K
3SGB,RI15Q,0.04153655096888542,-0.40692049264907837,0,3SGB_RI15Q
3SGB,RI15E,0.6714746952056885,0.4078856110572815,0,3SGB_RI15E
3SGB,RI15H,0.45373380184173584,-0.344723105430603,0,3SGB_RI15H
3SGB,RI15F,0.22795669734477997,-1.2016990184783936,0,3SGB_RI15F
3SGB,RI15Y,0.29397109150886536,0.025640185922384262,0,3SGB_RI15Y
3SGB,RI15W,0.31183531880378723,-1.1413708925247192,0,3SGB_RI15W
1R0R,PI9G,-0.34582212567329407,1.181958556175232,0,1R0R_PI9G
1R0R,PI9A,-0.6389058828353882,0.17021071910858154,0,1R0R_PI9A
1R0R,PI9S,0.13621847331523895,-0.1426774263381958,0,1R0R_PI9S
1R0R,PI9C,-0.9866675138473511,-1.0020684003829956,0,1R0R_PI9C
1R0R,PI9V,1.331018328666687,-0.14690032601356506,0,1R0R_PI9V
1R0R,PI9T,1.1977499723434448,-0.6251561641693115,0,1R0R_PI9T
1R0R,PI9L,1.1842538118362427,-0.4650358259677887,0,1R0R_PI9L
1R0R,PI9I,1.7416746616363525,-0.38661593198776245,0,1R0R_PI9I
1R0R,PI9M,-0.03315281495451927,-0.36407554149627686,0,1R0R_PI9M
1R0R,PI9N,-0.9173604846000671,-0.2906608283519745,0,1R0R_PI9N
1R0R,PI9D,-2.5212764739990234,-1.0476734638214111,0,1R0R_PI9D
1R0R,PI9K,0.3446420133113861,-0.6232984066009521,0,1R0R_PI9K
1R0R,PI9Q,-1.4146230220794678,-0.34989437460899353,0,1R0R_PI9Q
1R0R,PI9E,-2.24299955368042,-0.7092732787132263,0,1R0R_PI9E
1R0R,PI9H,-0.216517373919487,-0.5786731243133545,0,1R0R_PI9H
1R0R,PI9F,1.3820353746414185,-0.5366991758346558,0,1R0R_PI9F
1R0R,PI9R,1.10240638256073,0.5583890080451965,0,1R0R_PI9R
1R0R,PI9Y,0.8574670553207397,-0.945466935634613,0,1R0R_PI9Y
1R0R,PI9W,0.48534274101257324,-1.5425443649291992,0,1R0R_PI9W
3SGB,PI8G,0.053752489387989044,0.448945015668869,0,3SGB_PI8G
3SGB,PI8A,-0.18949657678604126,0.1900307834148407,0,3SGB_PI8A
3SGB,PI8S,0.06572162359952927,-0.24222804605960846,0,3SGB_PI8S
3SGB,PI8C,-0.3274226188659668,-0.6904971599578857,0,3SGB_PI8C
3SGB,PI8V,-0.31041327118873596,-0.39348316192626953,0,3SGB_PI8V
3SGB,PI8T,-0.10867909342050552,-0.36502277851104736,0,3SGB_PI8T
3SGB,PI8L,-0.1413743942975998,-0.9544479846954346,0,3SGB_PI8L
3SGB,PI8I,-0.023633696138858795,-0.2575293779373169,0,3SGB_PI8I
3SGB,PI8M,-0.5005508065223694,-0.7146804928779602,0,3SGB_PI8M
3SGB,PI8N,-0.12480123341083527,-0.4606637954711914,0,3SGB_PI8N
3SGB,PI8D,-1.033098578453064,-0.610280454158783,0,3SGB_PI8D
3SGB,PI8K,0.11405384540557861,0.21926280856132507,0,3SGB_PI8K
3SGB,PI8Q,-0.31602898240089417,-0.30464550852775574,0,3SGB_PI8Q
3SGB,PI8E,-0.6233893632888794,-0.6791952848434448,0,3SGB_PI8E
3SGB,PI8H,0.27762654423713684,-0.48712897300720215,0,3SGB_PI8H
3SGB,PI8F,-0.3449347913265228,-0.8417057394981384,0,3SGB_PI8F
3SGB,PI8R,0.31183531880378723,0.3040716052055359,0,3SGB_PI8R
3SGB,PI8Y,-0.40146076679229736,-1.0662121772766113,0,3SGB_PI8Y
3SGB,PI8W,-0.5005508065223694,-0.6173017024993896,0,3SGB_PI8W
1R0R,KI8G,-0.8384865522384644,2.0469162464141846,0,1R0R_KI8G
1R0R,KI8A,-0.6100000739097595,0.4278658330440521,0,1R0R_KI8A
1R0R,KI8S,-0.3073604106903076,0.19124582409858704,0,1R0R_KI8S
1R0R,KI8C,-0.6156694889068604,0.2462984323501587,0,1R0R_KI8C
1R0R,KI8V,0.4106564223766327,1.3778846263885498,0,1R0R_KI8V
1R0R,KI8T,0.8897486925125122,0.6881011128425598,0,1R0R_KI8T
1R0R,KI8P,1.347826600074768,1.471137523651123,0,1R0R_KI8P
1R0R,KI8L,-0.32802942395210266,0.39918431639671326,0,1R0R_KI8L
1R0R,KI8I,1.1239525079727173,1.9852138757705688,0,1R0R_KI8I
1R0R,KI8M,-0.5612779259681702,0.3193528652191162,0,1R0R_KI8M
1R0R,KI8N,-0.3908401131629944,0.04887401685118675,0,1R0R_KI8N
1R0R,KI8D,-0.5933101773262024,0.32165974378585815,0,1R0R_KI8D
1R0R,KI8Q,-0.5308891534805298,-0.5526605248451233,0,1R0R_KI8Q
1R0R,KI8E,-0.11043988913297653,0.8303912878036499,0,1R0R_KI8E
1R0R,KI8H,-0.5933101773262024,0.1582404375076294,0,1R0R_KI8H
1R0R,KI8F,-0.7945218682289124,1.0366979837417603,0,1R0R_KI8F
1R0R,KI8R,0.13621847331523895,-0.20231589674949646,0,1R0R_KI8R
1R0R,KI8Y,-0.6954318284988403,0.9687824249267578,0,1R0R_KI8Y
1R0R,KI8W,-1.10543692111969,0.028096850961446762,0,1R0R_KI8W
3SGB,KI7G,-0.7255579829216003,1.2772119045257568,0,3SGB_KI7G
3SGB,KI7A,-2.572140693664551,0.5810433030128479,0,3SGB_KI7A
3SGB,KI7S,-2.587596893310547,0.17657917737960815,0,3SGB_KI7S
3SGB,KI7C,-0.5848572254180908,0.38696688413619995,0,3SGB_KI7C
3SGB,KI7V,-0.9551718831062317,0.7626469135284424,0,3SGB_KI7V
3SGB,KI7T,-1.9490283727645874,0.06830441206693649,0,3SGB_KI7T
3SGB,KI7P,0.0,1.175568699836731,0,3SGB_KI7P
3SGB,KI7L,-1.8173596858978271,0.2507990896701813,0,3SGB_KI7L
3SGB,KI7I,-1.3446379899978638,0.5848255157470703,0,3SGB_KI7I
3SGB,KI7M,-1.1662476062774658,0.24261775612831116,0,3SGB_KI7M
3SGB,KI7N,-0.6595435738563538,0.10597091168165207,0,3SGB_KI7N
3SGB,KI7D,-0.6233893632888794,-0.48749884963035583,0,3SGB_KI7D
3SGB,KI7Q,-0.6233893632888794,-0.22433646023273468,0,3SGB_KI7Q
3SGB,KI7E,0.03220640495419502,0.17118249833583832,0,3SGB_KI7E
3SGB,KI7H,-0.40146076679229736,0.1889905035495758,0,3SGB_KI7H
3SGB,KI7F,-0.7255579829216003,0.6420126557350159,0,3SGB_KI7F
3SGB,KI7R,-0.6926963925361633,-0.11853695660829544,0,3SGB_KI7R
3SGB,KI7Y,-0.5848572254180908,0.39012712240219116,0,3SGB_KI7Y
3SGB,KI7W,-0.013389315456151962,0.38441014289855957,0,3SGB_KI7W
1R0R,GI27A,1.29815673828125,0.13511604070663452,0,1R0R_GI27A
1R0R,GI27S,0.9117754697799683,0.31676119565963745,0,1R0R_GI27S
1R0R,GI27C,1.4199045896530151,1.4387123584747314,0,1R0R_GI27C
1R0R,GI27V,1.933820366859436,0.6007001399993896,0,1R0R_GI27V
1R0R,GI27T,1.6787798404693604,1.943729281425476,0,1R0R_GI27T
1R0R,GI27P,1.0800471305847168,-0.10837952047586441,0,1R0R_GI27P
1R0R,GI27L,2.4107375144958496,2.219341516494751,0,1R0R_GI27L
1R0R,GI27I,1.98118257522583,2.171790838241577,0,1R0R_GI27I
1R0R,GI27M,2.1565780639648438,1.8668386936187744,0,1R0R_GI27M
1R0R,GI27N,1.2821743488311768,0.4451860189437866,0,1R0R_GI27N
1R0R,GI27D,2.8881049156188965,2.34173846244812,0,1R0R_GI27D
1R0R,GI27K,2.935408115386963,2.218388795852661,0,1R0R_GI27K
1R0R,GI27Q,2.0329103469848633,1.9100313186645508,0,1R0R_GI27Q
1R0R,GI27E,1.98118257522583,1.586386799812317,0,1R0R_GI27E
1R0R,GI27H,2.192495346069336,0.40083321928977966,0,1R0R_GI27H
1R0R,GI27F,0.11502811312675476,0.9337251782417297,0,1R0R_GI27F
1R0R,GI27R,3.4711196422576904,2.06156325340271,0,1R0R_GI27R
1R0R,GI27Y,0.48534274101257324,-0.3867325484752655,0,1R0R_GI27Y
1R0R,GI27W,1.4012725353240967,0.8547260165214539,0,1R0R_GI27W
3SGB,GI26A,1.2227966785430908,1.0252723693847656,0,3SGB_GI26A
3SGB,GI26S,1.6076903343200684,0.47256213426589966,0,3SGB_GI26S
3SGB,GI26C,2.611656904220581,1.3710951805114746,0,3SGB_GI26C
3SGB,GI26V,2.728342294692993,0.8477709293365479,0,3SGB_GI26V
3SGB,GI26T,3.0342824459075928,1.56908118724823,0,3SGB_GI26T
3SGB,GI26P,1.0968642234802246,0.23034721612930298,0,3SGB_GI26P
3SGB,GI26L,2.6581475734710693,1.699361801147461,0,3SGB_GI26L
3SGB,GI26I,4.092513084411621,1.9373643398284912,0,3SGB_GI26I
3SGB,GI26M,2.7940638065338135,1.5808157920837402,0,3SGB_GI26M
3SGB,GI26N,2.275153636932373,0.21059909462928772,0,3SGB_GI26N
3SGB,GI26D,1.62498939037323,2.154772996902466,0,3SGB_GI26D
3SGB,GI26K,2.5250134468078613,1.6669590473175049,0,3SGB_GI26K
3SGB,GI26Q,2.956298828125,1.995544672012329,0,3SGB_GI26Q
3SGB,GI26E,1.9727510213851929,1.8042272329330444,0,3SGB_GI26E
3SGB,GI26H,2.738189220428467,0.3856821656227112,0,3SGB_GI26H
3SGB,GI26F,3.022313356399536,0.1954563856124878,0,3SGB_GI26F
3SGB,GI26R,3.5076560974121094,1.801908254623413,0,3SGB_GI26R
3SGB,GI26Y,3.0961108207702637,0.10602190345525742,0,3SGB_GI26Y
3SGB,GI26W,3.912061929702759,-0.527545690536499,0,3SGB_GI26W
1R0R,NI31G,0.28546592593193054,-1.4019412994384766,0,1R0R_NI31G
1R0R,NI31A,-0.03315281495451927,-1.1084250211715698,0,1R0R_NI31A
1R0R,NI31S,0.48534274101257324,-0.977242648601532,0,1R0R_NI31S
1R0R,NI31C,0.5696492195129395,-0.05825934186577797,0,1R0R_NI31C
1R0R,NI31V,0.6687392592430115,0.2325838804244995,0,1R0R_NI31V
1R0R,NI31T,0.5696492195129395,0.024566229432821274,0,1R0R_NI31T
1R0R,NI31P,1.4791991710662842,-0.8201026916503906,0,1R0R_NI31P
1R0R,NI31L,1.546578049659729,0.982329249382019,0,1R0R_NI31L
1R0R,NI31I,0.31460878252983093,0.3809354603290558,0,1R0R_NI31I
1R0R,NI31M,0.31460878252983093,0.4958239197731018,0,1R0R_NI31M
1R0R,NI31D,0.5696492195129395,0.7679761052131653,0,1R0R_NI31D
1R0R,NI31K,1.1476536989212036,1.2220313549041748,0,1R0R_NI31K
1R0R,NI31Q,-0.27443793416023254,0.1845477819442749,0,1R0R_NI31Q
1R0R,NI31E,-0.20501308143138885,0.7272754311561584,0,1R0R_NI31E
1R0R,NI31H,0.28546592593193054,-0.5908353328704834,0,1R0R_NI31H
1R0R,NI31F,-0.17991724610328674,0.26734527945518494,0,1R0R_NI31F
1R0R,NI31R,1.4589425325393677,1.2834547758102417,0,1R0R_NI31R
1R0R,NI31Y,0.182406947016716,0.10544534772634506,0,1R0R_NI31Y
1R0R,NI31W,0.05573347210884094,0.057184066623449326,0,1R0R_NI31W
3SGB,NI30G,0.31183531880378723,-0.47127190232276917,0,3SGB_NI30G
3SGB,NI30A,0.33107247948646545,-0.02011961117386818,0,3SGB_NI30A
3SGB,NI30S,0.4089992046356201,-0.1148439422249794,0,3SGB_NI30S
3SGB,NI30C,0.3497045636177063,0.19371715188026428,0,3SGB_NI30C
3SGB,NI30V,-0.2418758124113083,0.7035194039344788,0,3SGB_NI30V
3SGB,NI30T,0.009847073815762997,0.16156631708145142,0,3SGB_NI30T
3SGB,NI30P,0.5794370174407959,-0.03475550189614296,0,3SGB_NI30P
3SGB,NI30L,0.7407817244529724,2.100938081741333,0,3SGB_NI30L
3SGB,NI30I,0.1979234665632248,0.6920362114906311,0,3SGB_NI30I
3SGB,NI30M,0.1407453864812851,0.6488052010536194,0,3SGB_NI30M
3SGB,NI30D,0.9109824895858765,-1.9939312934875488,0,3SGB_NI30D
3SGB,NI30K,0.5794370174407959,1.8278956413269043,0,3SGB_NI30K
3SGB,NI30Q,0.24351918697357178,0.5060881972312927,0,3SGB_NI30Q
3SGB,NI30E,0.9627103805541992,0.7630794644355774,0,3SGB_NI30E
3SGB,NI30H,-0.12480123341083527,-0.6836233735084534,0,3SGB_NI30H
3SGB,NI30F,-0.1413743942975998,1.8060271739959717,0,3SGB_NI30F
3SGB,NI30R,0.5794370174407959,2.091742515563965,0,3SGB_NI30R
3SGB,NI30Y,-0.10867909342050552,1.7404606342315674,0,3SGB_NI30Y
3SGB,NI30W,0.5260738134384155,1.491332769393921,0,3SGB_NI30W
1R0R,"TI12K,LI13R",5.259514808654785,4.796641826629639,0,"1R0R_TI12K,LI13R"
1R0R,"TI12R,LI13R",6.506483554840088,4.994539737701416,0,"1R0R_TI12R,LI13R"
1R0R,"AI10R,LI13R",7.752178192138672,1.558892011642456,0,"1R0R_AI10R,LI13R"
1R0R,"AI10R,TI12K,LI13R",9.314399719238281,4.194519519805908,0,"1R0R_AI10R,TI12K,LI13R"
1R0R,"PI9S,AI10L,TI12K,LI13R",4.892764091491699,4.307770252227783,0,"1R0R_PI9S,AI10L,TI12K,LI13R"
3SGB,"TI11K,LI12R",5.307282447814941,5.760827541351318,0,"3SGB_TI11K,LI12R"
3SGB,"TI11R,LI12R",5.55207633972168,5.8418965339660645,0,"3SGB_TI11R,LI12R"
3SGB,"AI9R,LI12R",5.156419277191162,3.2656140327453613,0,"3SGB_AI9R,LI12R"
3SGB,"AI9R,TI11K,LI12R",6.780235290527344,5.38683557510376,0,"3SGB_AI9R,TI11K,LI12R"
3SGB,"AI9R,TI11P,LI12R",8.58305835723877,6.667466640472412,0,"3SGB_AI9R,TI11P,LI12R"
3SGB,"PI8S,AI9R,TI11P,LI12R",8.229696273803711,5.692600727081299,0,"3SGB_PI8S,AI9R,TI11P,LI12R"
3SGB,"KI7R,AI9R,TI11K,LI12R",5.593153476715088,5.726964950561523,0,"3SGB_KI7R,AI9R,TI11K,LI12R"
3SGB,"KI7R,PI8F,AI9R,TI11K,LI12R",5.736030578613281,5.9180006980896,0,"3SGB_KI7R,PI8F,AI9R,TI11K,LI12R"
3SGB,"AI9R,TI11K,LI12R,RI15L",6.982303142547607,4.9287943840026855,0,"3SGB_AI9R,TI11K,LI12R,RI15L"
3SGB,"PI8S,AI9L,TI11K,LI12R",4.974817752838135,5.391696453094482,0,"3SGB_PI8S,AI9L,TI11K,LI12R"
3SGB,"AI9R,TI11K,LI12R,EI13S",7.194701671600342,5.725912570953369,0,"3SGB_AI9R,TI11K,LI12R,EI13S"
3BTM,MI13K,-7.692373275756836,-8.668647766113281,0,3BTM_MI13K
3BTQ,QI13K,-9.370643615722656,-10.241985321044922,0,3BTQ_QI13K
3BTT,TI13K,-10.59748363494873,-12.07559585571289,0,3BTT_TI13K
1CSO,II13L,-4.481256008148193,-4.404107570648193,0,1CSO_II13L
1SGD,DI13L,-5.66865873336792,-5.223642826080322,0,1SGD_DI13L
1SGN,NI13L,-3.3998169898986816,-3.127337694168091,0,1SGN_NI13L
1SGQ,GI13L,-5.003495693206787,-4.137969493865967,0,1SGQ_GI13L
2NU1,HI13L,-1.713875651359558,-2.696265459060669,0,2NU1_HI13L
1P6A,YA87S,1.2527592182159424,1.6897015571594238,0,1P6A_YA87S
1R0R,"EI5D,AI10V,TI12P,EI14D,RI16M,NI23S,GI27S,NI40S,SI46R",4.94042444229126,3.3009560108184814,0,"1R0R_EI5D,AI10V,TI12P,EI14D,RI16M,NI23S,GI27S,NI40S,SI46R"
1R0R,"TI12P,LI13K,EI14D,LI18V,SI46N",7.546120643615723,3.6122310161590576,0,"1R0R_TI12P,LI13K,EI14D,LI18V,SI46N"
1R0R,"TI12P,LI13K,EI14D,LI18V,GI27S,SI46N",7.678322792053223,3.7213854789733887,0,"1R0R_TI12P,LI13K,EI14D,LI18V,GI27S,SI46N"
1R0R,"EI5G,KI8Q,PI9S,TI12P,LI13Q,EI14D,RI16V,LI18F,GI27S,VI37A,EI38D",3.5714170932769775,4.701304912567139,0,"1R0R_EI5G,KI8Q,PI9S,TI12P,LI13Q,EI14D,RI16V,LI18F,GI27S,VI37A,EI38D"
1R0R,"EI5D,YI6H,AI10V,TI12S,RI16M,NI23S,GI27S,NI31D",0.3446420133113861,3.8850746154785156,0,"1R0R_EI5D,YI6H,AI10V,TI12S,RI16M,NI23S,GI27S,NI31D"
1R0R,"AI10V,TI12S,LI13P,RI16M,NI23S,GI27N,NI31D,NI34S,SI46G",9.231593132019043,7.7572455406188965,0,"1R0R_AI10V,TI12S,LI13P,RI16M,NI23S,GI27N,NI31D,NI34S,SI46G"
1R0R,"EI5D,AI10V,TI12S,RI16M,NI23S,GI27N,NI31D,SI46G",0.48534274101257324,2.929675340652466,0,"1R0R_EI5D,AI10V,TI12S,RI16M,NI23S,GI27N,NI31D,SI46G"
1R0R,"EI5D,AI10V,TI12S,RI16M,NI23S,GI27S,EI38D",0.20706579089164734,2.9789512157440186,0,"1R0R_EI5D,AI10V,TI12S,RI16M,NI23S,GI27S,EI38D"
1R0R,"VI1I,EI5D,AI10V,TI12S,RI16M,NI23S,GI27S,EI38D,TI44I",0.28546592593193054,2.8456294536590576,0,"1R0R_VI1I,EI5D,AI10V,TI12S,RI16M,NI23S,GI27S,EI38D,TI44I"
1R0R,"EI5D,AI10V,TI12S,RI16M,NI23S,GI27S,VI37A,EI38D",-0.050451911985874176,2.6247127056121826,0,"1R0R_EI5D,AI10V,TI12S,RI16M,NI23S,GI27S,VI37A,EI38D"
1R0R,"EI5D,RI16M,KI24Q,GI27S,NI31S,EI38D",0.6687392592430115,0.3384653329849243,0,"1R0R_EI5D,RI16M,KI24Q,GI27S,NI31S,EI38D"
1R0R,"RI16M,KI24Q,GI27S,EI38D",1.111736536026001,1.3794529438018799,0,"1R0R_RI16M,KI24Q,GI27S,EI38D"
1R0R,"EI5D,RI16M,EI38D",0.4106564223766327,0.3761301338672638,0,"1R0R_EI5D,RI16M,EI38D"
1R0R,"EI5D,KI8R,AI10D,RI16M,EI38D",5.7712931632995605,0.014200384728610516,0,"1R0R_EI5D,KI8R,AI10D,RI16M,EI38D"
1R0R,"EI5D,RI16M,KI29R,EI38D",-0.08199673146009445,0.39944568276405334,0,"1R0R_EI5D,RI16M,KI29R,EI38D"
1R0R,"EI5G,LI13M,RI16M,EI38D",-0.2402186095714569,1.309167742729187,0,"1R0R_EI5G,LI13M,RI16M,EI38D"
1R0R,"EI5D,LI13M,RI16M,EI38D",-0.2402186095714569,1.3210439682006836,0,"1R0R_EI5D,LI13M,RI16M,EI38D"
1R0R,"EI5D,LI13V,RI16M,GI27D,EI38D",4.6621623039245605,5.412172317504883,0,"1R0R_EI5D,LI13V,RI16M,GI27D,EI38D"
1R0R,"EI5D,LI13V,RI16M,EI38D",2.3825201988220215,3.123645544052124,0,"1R0R_EI5D,LI13V,RI16M,EI38D"
1R0R,"EI5D,TI12R,LI13M,RI16M,EI38D",3.3970813751220703,5.002425670623779,0,"1R0R_EI5D,TI12R,LI13M,RI16M,EI38D"
1R0R,"EI5G,LI13M,RI16M,EI38D,KI50E",-0.6954318284988403,0.660284698009491,0,"1R0R_EI5G,LI13M,RI16M,EI38D,KI50E"
1R0R,"DI2N,EI5G,LI13M,RI16M,EI38D,KI50E",-1.0495623350143433,0.6451501250267029,0,"1R0R_DI2N,EI5G,LI13M,RI16M,EI38D,KI50E"
1R0R,"EI5D,AI10V,TI12S,YI15D,RI16M,NI23S,GI27S,EI38D",5.331493854522705,6.793131351470947,0,"1R0R_EI5D,AI10V,TI12S,YI15D,RI16M,NI23S,GI27S,EI38D"
1R0R,"EI5D,AI10V,TI12S,RI16M,NI23S,GI27S,NI31D,EI38D,TI44N",0.07379743456840515,3.2624127864837646,0,"1R0R_EI5D,AI10V,TI12S,RI16M,NI23S,GI27S,NI31D,EI38D,TI44N"
1R0R,"EI5D,AI10V,TI12S,RI16M,NI23S,GI27S,NI31D,EI38D",0.11502811312675476,3.256089687347412,0,"1R0R_EI5D,AI10V,TI12S,RI16M,NI23S,GI27S,NI31D,EI38D"
1R0R,"EI5D,AI10V,TI12S,RI16M,NI23S,GI27S,NI31D,VI36F,EI38D,TI44S",0.037101369351148605,2.932804822921753,0,"1R0R_EI5D,AI10V,TI12S,RI16M,NI23S,GI27S,NI31D,VI36F,EI38D,TI44S"
1R0R,"AI10V,TI12S,RI16M,NI23S,KI24Q,GI27S,KI29E,EI38D",1.4012725353240967,3.7098605632781982,0,"1R0R_AI10V,TI12S,RI16M,NI23S,KI24Q,GI27S,KI29E,EI38D"
1R0R,LI13M,-0.5162599682807922,0.4174257516860962,0,1R0R_LI13M
1R0R,"LI13M,TI44N,KI50T",-0.8384865522384644,0.8244557976722717,0,"1R0R_LI13M,TI44N,KI50T"
1R0R,"NI23S,GI27A",1.2537312507629395,-0.008434508927166462,0,"1R0R_NI23S,GI27A"
1R0R,"AI10D,GI27A",5.903494834899902,0.29113703966140747,0,"1R0R_AI10D,GI27A"
1R0R,"AI10D,GI27A,NI28S",5.834187984466553,0.7661601901054382,0,"1R0R_AI10D,GI27A,NI28S"
1R0R,GI27A,1.331018328666687,0.15287873148918152,0,1R0R_GI27A
1R0R,"TI12M,LI13S,GI27V",3.013808250427246,4.421588897705078,0,"1R0R_TI12M,LI13S,GI27V"
1R0R,"RI16V,LI18I",-0.01634453982114792,0.6751198172569275,0,"1R0R_RI16V,LI18I"
1R0R,"LI13S,RI16V,LI18I",1.8898556232452393,2.457597494125366,0,"1R0R_LI13S,RI16V,LI18I"
1R0R,NI23S,-0.06601440161466599,-0.07380975037813187,0,1R0R_NI23S
1R0R,"LI13M,LI18V,KI24I,EI38K",-0.8384865522384644,0.7244054079055786,0,"1R0R_LI13M,LI18V,KI24I,EI38K"
1R0R,"AI10G,LI13M,LI18V,KI24I,EI38K",1.0361416339874268,1.0116978883743286,0,"1R0R_AI10G,LI13M,LI18V,KI24I,EI38K"
1R0R,"LI13M,NI31D,SI46N",-0.3073604106903076,1.3420048952102661,0,"1R0R_LI13M,NI31D,SI46N"
1R0R,"EI5D,KI8M,LI13M,LI18V",-1.7550112009048462,0.7351700067520142,0,"1R0R_EI5D,KI8M,LI13M,LI18V"
1R0R,"EI5G,LI13M,YI15S,LI18I,KI24T,GI27S,HI47Y,FI48P,KI50V",3.345353603363037,3.2379329204559326,0,"1R0R_EI5G,LI13M,YI15S,LI18I,KI24T,GI27S,HI47Y,FI48P,KI50V"
1R0R,"AI10T,LI13M",0.25873422622680664,-0.8499306440353394,0,"1R0R_AI10T,LI13M"
1R0R,"LI13M,TI25S,GI27D",2.1459031105041504,3.2652266025543213,0,"1R0R_LI13M,TI25S,GI27D"
1R0R,"LI13I,GI27D",5.3034586906433105,3.97538161277771,0,"1R0R_LI13I,GI27D"
1R0R,"AI10D,LI13A,YI15D",8.94481372833252,5.2561750411987305,0,"1R0R_AI10D,LI13A,YI15D"
1R0R,"LI13M,SI46N,HI47R,KI50Q",-0.6389058828353882,0.6448717713356018,0,"1R0R_LI13M,SI46N,HI47R,KI50Q"
1R0R,"LI13M,HI47R",-0.31760478019714355,0.3511089086532593,0,"1R0R_LI13M,HI47R"
1R0R,"LI13M,HI47R,KI50E",-0.9173604846000671,0.24020744860172272,0,"1R0R_LI13M,HI47R,KI50E"
1R0R,"LI13M,SI46N",-0.49729984998703003,0.42475149035453796,0,"1R0R_LI13M,SI46N"
1R0R,YI15H,3.0429511070251465,2.725843667984009,0,1R0R_YI15H
1R0R,"LI13M,YI15Q",3.640117645263672,4.292110443115234,0,"1R0R_LI13M,YI15Q"
1R0R,"LI13M,GI27D",2.3932597637176514,2.926265001296997,0,"1R0R_LI13M,GI27D"
1R0R,"EI5D,TI12L,RI16M,GI27D,NI31S,EI38D,TI44S",3.81807541847229,5.508327007293701,0,"1R0R_EI5D,TI12L,RI16M,GI27D,NI31S,EI38D,TI44S"
1R0R,"EI5D,RI16M,LI18F,NI23S,GI27S,EI38D",1.29815673828125,0.9678207635879517,0,"1R0R_EI5D,RI16M,LI18F,NI23S,GI27S,EI38D"
1R0R,"EI5G,KI8Q,TI12S,RI16V,LI18F,GI27S,NI31D,VI37A,EI38D",0.0,1.8568613529205322,0,"1R0R_EI5G,KI8Q,TI12S,RI16V,LI18F,GI27S,NI31D,VI37A,EI38D"
1R0R,"EI5D,TI12S,EI14D,RI16M,NI23S,GI27S,EI38D,GI49E",1.29815673828125,4.651299953460693,0,"1R0R_EI5D,TI12S,EI14D,RI16M,NI23S,GI27S,EI38D,GI49E"
1R0R,"EI5D,AI10V,YI15E,RI16M,EI38D",2.864560604095459,6.582082748413086,0,"1R0R_EI5D,AI10V,YI15E,RI16M,EI38D"
1R0R,"EI5D,AI10V,TI12S,RI16M,VI37A,EI38D",-1.1571053266525269,2.67043137550354,0,"1R0R_EI5D,AI10V,TI12S,RI16M,VI37A,EI38D"
1R0R,"DI2N,EI5D,AI10V,TI12S,EI14L,RI16M,VI37A,EI38D",-0.9173604846000671,2.6652777194976807,0,"1R0R_DI2N,EI5D,AI10V,TI12S,EI14L,RI16M,VI37A,EI38D"
1R0R,"EI5D,AI10V,YI15D,RI16M,KI24I,GI27H,NI31Y,VI37A,EI38H,LI45F",5.68878698348999,4.8251447677612305,0,"1R0R_EI5D,AI10V,YI15D,RI16M,KI24I,GI27H,NI31Y,VI37A,EI38H,LI45F"
1R0R,"EI5D,KI8Q,AI10V,TI12M,LI13G,EI14D,RI16M,NI23S,GI27S,EI38D,SI46N",3.1058459281921387,5.557143688201904,0,"1R0R_EI5D,KI8Q,AI10V,TI12M,LI13G,EI14D,RI16M,NI23S,GI27S,EI38D,SI46N"
1R0R,"YI6H,EI14D,LI18I,NI23S,GI27S,NI31D,VI37M,EI38D",0.781731903553009,0.5641338229179382,0,"1R0R_YI6H,EI14D,LI18I,NI23S,GI27S,NI31D,VI37M,EI38D"
1R0R,"EI5D,AI10V,EI14D,RI16M,KI24T,GI27S,EI38D,LI43I",-0.17991724610328674,1.9963455200195312,0,"1R0R_EI5D,AI10V,EI14D,RI16M,KI24T,GI27S,EI38D,LI43I"
1R0R,"EI5D,AI10V,TI12S,EI14D,RI16M,KI24T,GI27N,NI31I,EI38D,LI43I",1.774827480316162,4.626235008239746,0,"1R0R_EI5D,AI10V,TI12S,EI14D,RI16M,KI24T,GI27N,NI31I,EI38D,LI43I"
1R0R,"EI5D,KI8R,AI10V,EI14D,RI16M,GI27S,EI38D,LI43I,KI50R",-0.4106564223766327,1.5859260559082031,0,"1R0R_EI5D,KI8R,AI10V,EI14D,RI16M,GI27S,EI38D,LI43I,KI50R"
1R0R,"EI5D,AI10V,EI14D,RI16M,GI27S,EI38D,LI43I,KI50R",-0.2402186095714569,1.8824313879013062,0,"1R0R_EI5D,AI10V,EI14D,RI16M,GI27S,EI38D,LI43I,KI50R"
1R0R,"AI10D,LI13A",5.530481815338135,1.4892908334732056,0,"1R0R_AI10D,LI13A"
1R0R,"EI5D,LI13M,RI16M,GI27D,EI38D",2.0329103469848633,4.312996864318848,0,"1R0R_EI5D,LI13M,RI16M,GI27D,EI38D"
1R0R,GI27V,1.98118257522583,0.5828742980957031,0,1R0R_GI27V
1R0R,YI15D,5.474548816680908,3.219012498855591,0,1R0R_YI15D
1R0R,TI12E,2.8231136798858643,3.1592037677764893,0,1R0R_TI12E
1R0R,"EI5D,LI13F,RI16M,EI38D",1.135921597480774,2.0234453678131104,0,"1R0R_EI5D,LI13F,RI16M,EI38D"
1R0R,TI12S,0.8283241987228394,1.919589877128601,0,1R0R_TI12S
1R0R,TI12V,1.0800471305847168,2.9303972721099854,0,1R0R_TI12V
1R0R,AI10V,-0.9866675138473511,-0.2284853160381317,0,1R0R_AI10V
1R0R,"AI10V,TI12S",0.0947713702917099,2.7466180324554443,0,"1R0R_AI10V,TI12S"
1R0R,TI12A,0.7870935201644897,3.2072479724884033,0,1R0R_TI12A
1R0R,LI13K,2.8433704376220703,1.7049013376235962,0,1R0R_LI13K
1R0R,LI13A,0.5256845355033875,3.0769450664520264,0,1R0R_LI13A
1R0R,LI13E,2.123957872390747,4.173858165740967,0,1R0R_LI13E
1R0R,LI13Q,0.6170114278793335,2.942769765853882,0,1R0R_LI13Q
1R0R,"TI12R,LI13R",6.485773086547852,4.705446720123291,0,"1R0R_TI12R,LI13R"
1R0R,"AI10R,LI13R",7.723918437957764,1.558892011642456,0,"1R0R_AI10R,LI13R"
1R0R,"AI10R,TI12K,LI13R",9.287432670593262,4.2565412521362305,0,"1R0R_AI10R,TI12K,LI13R"
3SGB,"EI4D,AI9V,TI11P,EI13D,RI15M,NI22S,GI26S,NI39S,SI45R",2.5388455390930176,2.3909175395965576,0,"3SGB_EI4D,AI9V,TI11P,EI13D,RI15M,NI22S,GI26S,NI39S,SI45R"
3SGB,"TI11P,LI12K,EI13D,LI17V,SI45N,HI46R",4.833294868469238,5.045253276824951,0,"3SGB_TI11P,LI12K,EI13D,LI17V,SI45N,HI46R"
3SGB,"TI11P,LI12K,EI13D,LI17V,SI45N",4.912168979644775,4.9218878746032715,0,"3SGB_TI11P,LI12K,EI13D,LI17V,SI45N"
3SGB,"TI11P,LI12K,EI13D,LI17V,GI26S,SI45N",5.05522346496582,5.27532434463501,0,"3SGB_TI11P,LI12K,EI13D,LI17V,GI26S,SI45N"
3SGB,"EI4G,KI7Q,PI8S,TI11P,LI12Q,EI13D,RI15V,LI17F,GI26S,VI36A,EI37D",4.2332587242126465,5.122573375701904,0,"3SGB_EI4G,KI7Q,PI8S,TI11P,LI12Q,EI13D,RI15V,LI17F,GI26S,VI36A,EI37D"
3SGB,"EI4D,YI5H,AI9V,TI11S,RI15M,NI22S,GI26S,NI30D",4.011033535003662,0.02179550752043724,0,"3SGB_EI4D,YI5H,AI9V,TI11S,RI15M,NI22S,GI26S,NI30D"
3SGB,"EI4D,AI9V,TI11S,RI15M,NI22S,GI26N,NI30D,SI45G",3.893831253051758,0.5955196022987366,0,"3SGB_EI4D,AI9V,TI11S,RI15M,NI22S,GI26N,NI30D,SI45G"
3SGB,"EI4D,AI9V,TI11S,RI15M,NI22S,GI26S,EI37D",3.2047202587127686,1.049106478691101,0,"3SGB_EI4D,AI9V,TI11S,RI15M,NI22S,GI26S,EI37D"
3SGB,"EI4D,AI9V,TI11S,RI15M,NI22S,GI26S,EI37D,TI43I",3.0059688091278076,1.0332591533660889,0,"3SGB_EI4D,AI9V,TI11S,RI15M,NI22S,GI26S,EI37D,TI43I"
3SGB,"EI4D,AI9V,TI11S,RI15M,NI22S,GI26S,VI36A,EI37D",2.6196630001068115,0.7027051448822021,0,"3SGB_EI4D,AI9V,TI11S,RI15M,NI22S,GI26S,VI36A,EI37D"
3SGB,"EI4D,RI15M,KI23Q,GI26S,NI30S,EI37D",1.6952435970306396,-0.14931920170783997,0,"3SGB_EI4D,RI15M,KI23Q,GI26S,NI30S,EI37D"
3SGB,"RI15M,KI23Q,GI26S,EI37D",2.104952812194824,-0.008092467673122883,0,"3SGB_RI15M,KI23Q,GI26S,EI37D"
3SGB,"EI4D,RI15M,EI37D",0.07745373249053955,-0.7345665097236633,0,"3SGB_EI4D,RI15M,EI37D"
3SGB,"EI4D,KI7R,AI9D,RI15M,EI37D",-0.2884680926799774,-0.21711963415145874,0,"3SGB_EI4D,KI7R,AI9D,RI15M,EI37D"
3SGB,"EI4D,RI15M,KI28R,EI37D",-0.1413743942975998,-0.4918392300605774,0,"3SGB_EI4D,RI15M,KI28R,EI37D"
3SGB,"EI4G,LI12M,RI15M,EI37D",0.9109824895858765,0.23954032361507416,0,"3SGB_EI4G,LI12M,RI15M,EI37D"
3SGB,"EI4D,LI12M,RI15M,EI37D",0.47637805342674255,0.6566559076309204,0,"3SGB_EI4D,LI12M,RI15M,EI37D"
3SGB,"EI4D,LI12V,RI15M,GI26D,EI37D",4.029724597930908,4.548464298248291,0,"3SGB_EI4D,LI12V,RI15M,GI26D,EI37D"
3SGB,"EI4D,LI12V,RI15M,EI37D",3.0342824459075928,2.7599802017211914,0,"3SGB_EI4D,LI12V,RI15M,EI37D"
3SGB,"EI4D,TI11R,LI12M,RI15M,EI37D",2.3834073543548584,4.694103717803955,0,"3SGB_EI4D,TI11R,LI12M,RI15M,EI37D"
3SGB,"EI4G,LI12M,RI15M,EI37D,KI49E",0.18353120982646942,0.1489228904247284,0,"3SGB_EI4G,LI12M,RI15M,EI37D,KI49E"
3SGB,"DI1N,EI4G,LI12M,RI15M,EI37D,KI49E",0.019533153623342514,0.19746088981628418,0,"3SGB_DI1N,EI4G,LI12M,RI15M,EI37D,KI49E"
3SGB,"EI4D,AI9V,TI11S,YI14D,RI15M,NI22S,GI26S,EI37D",4.871827125549316,4.969749927520752,0,"3SGB_EI4D,AI9V,TI11S,YI14D,RI15M,NI22S,GI26S,EI37D"
3SGB,"EI4D,AI9V,TI11S,RI15M,NI22S,GI26S,NI30D,EI37D,TI43N",3.3369221687316895,0.07452928274869919,0,"3SGB_EI4D,AI9V,TI11S,RI15M,NI22S,GI26S,NI30D,EI37D,TI43N"
3SGB,"EI4D,AI9V,TI11S,RI15M,NI22S,GI26S,NI30D,EI37D",3.366955280303955,0.1089208647608757,0,"3SGB_EI4D,AI9V,TI11S,RI15M,NI22S,GI26S,NI30D,EI37D"
3SGB,"EI4D,AI9V,TI11S,RI15M,NI22S,GI26S,NI30D,VI35F,EI37D,TI43S",3.307779312133789,0.260775625705719,0,"3SGB_EI4D,AI9V,TI11S,RI15M,NI22S,GI26S,NI30D,VI35F,EI37D,TI43S"
3SGB,"AI9V,TI11S,RI15M,NI22S,KI23Q,GI26S,KI28E,EI37D",4.481256008148193,1.4714652299880981,0,"3SGB_AI9V,TI11S,RI15M,NI22S,KI23Q,GI26S,KI28E,EI37D"
3SGB,"EI4D,YI5H,TI11L,LI12Q,YI14Q,RI15K,LI17I,GI26D,NI30S,EI37D",7.4294352531433105,7.2122883796691895,0,"3SGB_EI4D,YI5H,TI11L,LI12Q,YI14Q,RI15K,LI17I,GI26D,NI30S,EI37D"
3SGB,"EI4D,YI5H,TI11L,LI12Q,YI14Q,RI15K,GI26D,NI30S,EI37D",7.459468841552734,7.3181962966918945,0,"3SGB_EI4D,YI5H,TI11L,LI12Q,YI14Q,RI15K,GI26D,NI30S,EI37D"
3SGB,LI12M,0.47637805342674255,0.4499134421348572,0,3SGB_LI12M
3SGB,"LI12M,TI43N,KI49T",0.27762654423713684,1.1407575607299805,0,"3SGB_LI12M,TI43N,KI49T"
3SGB,"NI22S,GI26A",1.3301128149032593,0.9387257099151611,0,"3SGB_NI22S,GI26A"
3SGB,"AI9D,GI26A",1.0810645818710327,1.1692478656768799,0,"3SGB_AI9D,GI26A"
3SGB,"AI9D,GI26A,NI27S",2.1838266849517822,0.9806621074676514,0,"3SGB_AI9D,GI26A,NI27S"
3SGB,GI26A,1.3641711473464966,1.1316043138504028,0,3SGB_GI26A
3SGB,"TI11M,LI12S,GI26V",6.909813404083252,4.309645175933838,0,"3SGB_TI11M,LI12S,GI26V"
3SGB,"RI15V,LI17I",0.1687806099653244,0.1304420679807663,0,"3SGB_RI15V,LI17I"
3SGB,"LI12S,RI15V,LI17I",4.481256008148193,3.5657899379730225,0,"3SGB_LI12S,RI15V,LI17I"
3SGB,NI22S,0.009847073815762997,0.08879900723695755,0,3SGB_NI22S
3SGB,"LI12M,LI17V,KI23I,EI37K",0.8196556568145752,1.2170175313949585,0,"3SGB_LI12M,LI17V,KI23I,EI37K"
3SGB,"AI9G,LI12M,LI17V,KI23I,EI37K",3.229379177093506,1.460827112197876,0,"3SGB_AI9G,LI12M,LI17V,KI23I,EI37K"
3SGB,"LI12M,NI30D,SI45N",1.0968642234802246,-0.48141229152679443,0,"3SGB_LI12M,NI30D,SI45N"
3SGB,"EI4D,KI7M,LI12M,LI17V",0.07745373249053955,0.9373588562011719,0,"3SGB_EI4D,KI7M,LI12M,LI17V"
3SGB,"EI4G,LI12M,YI14S,LI17I,KI23T,GI26S,HI46Y,FI47P,KI49V",3.6910526752471924,2.596351385116577,0,"3SGB_EI4G,LI12M,YI14S,LI17I,KI23T,GI26S,HI46Y,FI47P,KI49V"
3SGB,"AI9T,LI12M",0.47637805342674255,-0.45353925228118896,0,"3SGB_AI9T,LI12M"
3SGB,"LI12M,TI24S,GI26D",2.3268814086914062,3.765507698059082,0,"3SGB_LI12M,TI24S,GI26D"
3SGB,"LI12I,GI26D",5.8454270362854,5.707820892333984,0,"3SGB_LI12I,GI26D"
3SGB,"AI9D,LI12A,YI14D",5.768519878387451,6.446674346923828,0,"3SGB_AI9D,LI12A,YI14D"
3SGB,"LI12M,SI45N,HI46R,KI49Q",0.22795669734477997,0.8324770331382751,0,"3SGB_LI12M,SI45N,HI46R,KI49Q"
3SGB,"LI12M,HI46R",0.5010368824005127,0.6078055500984192,0,"3SGB_LI12M,HI46R"
3SGB,"LI12M,HI46R,KI49E",-0.11668532341718674,0.5932469367980957,0,"3SGB_LI12M,HI46R,KI49E"
3SGB,"LI12M,SI45N",0.45373380184173584,0.7111297845840454,0,"3SGB_LI12M,SI45N"
3SGB,"YI5H,YI14D,TI24I,GI26S,NI30D,VI36L",5.61288595199585,2.4771783351898193,0,"3SGB_YI5H,YI14D,TI24I,GI26S,NI30D,VI36L"
3SGB,YI14H,1.4057077169418335,1.165283203125,0,3SGB_YI14H
3SGB,"LI12M,YI14Q",3.776484251022339,4.134322643280029,0,"3SGB_LI12M,YI14Q"
3SGB,"LI12M,GI26D",2.275153636932373,3.5818490982055664,0,"3SGB_LI12M,GI26D"
3SGB,"EI4D,TI11L,RI15M,GI26D,NI30S,EI37D,TI43S",3.770814895629883,3.5594124794006348,0,"3SGB_EI4D,TI11L,RI15M,GI26D,NI30S,EI37D,TI43S"
3SGB,"AI9G,TI11M,LI12M,YI14R,RI15L,GI26N,NI27D,SI45N,KI49E",8.00904655456543,6.811722278594971,0,"3SGB_AI9G,TI11M,LI12M,YI14R,RI15L,GI26N,NI27D,SI45N,KI49E"
3SGB,"EI4D,RI15M,LI17F,NI22S,GI26S,EI37D",1.6076903343200684,-0.515087902545929,0,"3SGB_EI4D,RI15M,LI17F,NI22S,GI26S,EI37D"
3SGB,"EI4G,KI7Q,TI11S,RI15V,LI17F,GI26S,NI30D,VI36A,EI37D",3.1820759773254395,0.5029655694961548,0,"3SGB_EI4G,KI7Q,TI11S,RI15V,LI17F,GI26S,NI30D,VI36A,EI37D"
3SGB,"EI4D,TI11S,EI13D,RI15M,NI22S,GI26S,EI37D,GI48E",4.671950340270996,3.2479360103607178,0,"3SGB_EI4D,TI11S,EI13D,RI15M,NI22S,GI26S,EI37D,GI48E"
3SGB,"EI4D,AI9V,YI14E,RI15M,EI37D",1.713875651359558,3.987567186355591,0,"3SGB_EI4D,AI9V,YI14E,RI15M,EI37D"
3SGB,"EI4D,AI9V,TI11S,RI15M,VI36A,EI37D",1.5049165487289429,0.3381822109222412,0,"3SGB_EI4D,AI9V,TI11S,RI15M,VI36A,EI37D"
3SGB,"DI1N,EI4D,AI9V,TI11S,EI13L,RI15M,VI36A,EI37D",2.6392178535461426,1.1638637781143188,0,"3SGB_DI1N,EI4D,AI9V,TI11S,EI13L,RI15M,VI36A,EI37D"
3SGB,"EI4D,AI9V,YI14D,RI15M,KI23I,GI26H,NI30Y,VI36A,EI37H,LI44F",2.3268814086914062,3.4449245929718018,0,"3SGB_EI4D,AI9V,YI14D,RI15M,KI23I,GI26H,NI30Y,VI36A,EI37H,LI44F"
3SGB,"EI4D,KI7Q,AI9V,TI11M,LI12G,EI13D,RI15M,NI22S,GI26S,EI37D,SI45N",5.824452877044678,5.332442760467529,0,"3SGB_EI4D,KI7Q,AI9V,TI11M,LI12G,EI13D,RI15M,NI22S,GI26S,EI37D,SI45N"
3SGB,"YI5H,EI13D,LI17I,NI22S,GI26S,NI30D,VI36M,EI37D",2.3268814086914062,0.6838131546974182,0,"3SGB_YI5H,EI13D,LI17I,NI22S,GI26S,NI30D,VI36M,EI37D"
3SGB,"EI4D,AI9V,EI13D,RI15M,KI23T,GI26S,EI37D,LI42I",1.1970338821411133,1.637035608291626,0,"3SGB_EI4D,AI9V,EI13D,RI15M,KI23T,GI26S,EI37D,LI42I"
3SGB,"EI4D,AI9V,TI11S,EI13D,RI15M,KI23T,GI26N,NI30I,EI37D,LI42I",4.261293888092041,3.9953339099884033,0,"3SGB_EI4D,AI9V,TI11S,EI13D,RI15M,KI23T,GI26N,NI30I,EI37D,LI42I"
3SGB,"EI4D,KI7R,AI9V,EI13D,RI15M,GI26S,EI37D,LI42I,KI49R",-0.08147980272769928,1.7313194274902344,0,"3SGB_EI4D,KI7R,AI9V,EI13D,RI15M,GI26S,EI37D,LI42I,KI49R"
3SGB,"EI4D,AI9V,EI13D,RI15M,GI26S,EI37D,LI42I,KI49R",1.0863780975341797,1.6775037050247192,0,"3SGB_EI4D,AI9V,EI13D,RI15M,GI26S,EI37D,LI42I,KI49R"
3SGB,"AI9D,LI12A",2.6196630001068115,3.5254223346710205,0,"3SGB_AI9D,LI12A"
3SGB,"TI11P,LI12K,GI26D",6.543062686920166,7.386772155761719,0,"3SGB_TI11P,LI12K,GI26D"
3SGB,"TI11P,LI12K",6.320304870605469,5.191713809967041,0,"3SGB_TI11P,LI12K"
3SGB,"EI4D,LI12M,RI15M,GI26D,EI37D",1.9727510213851929,3.3615376949310303,0,"3SGB_EI4D,LI12M,RI15M,GI26D,EI37D"
3SGB,GI26V,2.9262657165527344,1.0101125240325928,0,3SGB_GI26V
3SGB,YI14D,2.817300319671631,3.4617953300476074,0,3SGB_YI14D
3SGB,TI11E,4.460281848907471,3.450935125350952,0,3SGB_TI11E
3SGB,"EI4D,LI12F,RI15M,EI37D",0.779313862323761,1.2448668479919434,0,"3SGB_EI4D,LI12F,RI15M,EI37D"
3SGB,TI11S,2.5388455390930176,1.4304273128509521,0,3SGB_TI11S
3SGB,TI11V,1.9727510213851929,1.9414966106414795,0,3SGB_TI11V
3SGB,AI9V,-0.6595435738563538,-0.4070136547088623,0,3SGB_AI9V
3SGB,"AI9V,TI11S",1.6076903343200684,1.2055881023406982,0,"3SGB_AI9V,TI11S"
3SGB,TI11A,3.229379177093506,3.0258419513702393,0,3SGB_TI11A
3SGB,LI12A,2.956298828125,3.0985233783721924,0,3SGB_LI12A
3SGB,LI12E,6.367666721343994,6.316417217254639,0,3SGB_LI12E
3SGB,LI12Q,2.486466407775879,2.966632843017578,0,3SGB_LI12Q
3SGB,"AI9R,LI12R",5.140655517578125,3.325869560241699,0,"3SGB_AI9R,LI12R"
3SGB,"AI9R,TI11P,LI12R",8.55279541015625,6.785017490386963,0,"3SGB_AI9R,TI11P,LI12R"
3SGB,"PI8S,AI9R,TI11P,LI12R",8.204559326171875,5.692600250244141,0,"3SGB_PI8S,AI9R,TI11P,LI12R"
4FTV,KD66A,-1.5795713663101196,1.2535226345062256,0,4FTV_KD66A
4FTV,TA163A,0.3611190617084503,0.49182096123695374,0,4FTV_TA163A
4FTV,"KD66A,TA163A",-2.1304590702056885,1.3747053146362305,0,"4FTV_KD66A,TA163A"
4FTV,DD93A,1.014264464378357,0.7757719159126282,0,4FTV_DD93A
4FTV,RA65A,3.8267173767089844,3.492448091506958,0,4FTV_RA65A
4FTV,"DD93A,RA65A",1.4018852710723877,2.8893022537231445,0,"4FTV_DD93A,RA65A"
4FTV,DD93A,0.7796263694763184,0.7750999331474304,0,4FTV_DD93A
4FTV,RA65A,3.188480854034424,3.1502044200897217,0,4FTV_RA65A
4FTV,"DD93A,RA65A",0.9260520935058594,2.697209358215332,0,"4FTV_DD93A,RA65A"
4FTV,"EA63Q,DD93A",-0.0045398841612041,0.2792454659938812,0,"4FTV_EA63Q,DD93A"
4FTV,"EA63Q,KA66A",1.3316361904144287,1.2411260604858398,0,"4FTV_EA63Q,KA66A"
4FTV,"EA63Q,DD93A,KA66A",1.8550679683685303,1.1095821857452393,0,"4FTV_EA63Q,DD93A,KA66A"
3D3V,EE30A,2.1146318912506104,1.793326497077942,0,3D3V_EE30A
3D3V,YC8A,3.413588047027588,2.610924005508423,0,3D3V_YC8A
3D3V,"EE30A,YC8A",3.9009265899658203,3.2906131744384766,0,"3D3V_EE30A,YC8A"
3D3V,EE30A,3.2307486534118652,1.7828882932662964,0,3D3V_EE30A
3D3V,YC8F,0.9274752736091614,0.23922717571258545,0,3D3V_YC8F
3D3V,"EE30A,YC8F",2.573496103286743,2.4904558658599854,0,"3D3V_EE30A,YC8F"
3D3V,LE97A,2.617166519165039,2.3270318508148193,0,3D3V_LE97A
3D3V,YC8A,3.413588047027588,2.5595314502716064,0,3D3V_YC8A
3D3V,"LE97A,YC8A",4.390338897705078,4.999598503112793,0,"3D3V_LE97A,YC8A"
5E9D,GD27E,-0.4793570935726166,0.26366645097732544,0,5E9D_GD27E
5E9D,TD90Q,-0.5739302635192871,-0.5049059987068176,0,5E9D_TD90Q
5E9D,VE49D,-0.43268319964408875,0.7762612104415894,0,5E9D_VE49D
5E9D,AE98Y,-0.8998063206672668,-1.349172830581665,0,5E9D_AE98Y
5E9D,YD49W,-0.34910088777542114,-0.31855738162994385,0,5E9D_YD49W
5E9D,NE27G,0.27520233392715454,0.2174275815486908,0,5E9D_NE27G
5E9D,SD50G,-0.0356469601392746,-0.6793420910835266,0,5E9D_SD50G
5E9D,KD96Q,0.18748797476291656,0.18739722669124603,0,5E9D_KD96Q
5E9D,"GD27E,TD90Q",-1.5506813526153564,0.03276526555418968,0,"5E9D_GD27E,TD90Q"
5E9D,"GD27E,VE49D",-1.2024459838867188,0.26122111082077026,0,"5E9D_GD27E,VE49D"
5E9D,"GD27E,AE98Y",-1.3104627132415771,-1.3815293312072754,0,"5E9D_GD27E,AE98Y"
5E9D,"TD90Q,AE98Y",-1.2722268104553223,-1.547774314880371,0,"5E9D_TD90Q,AE98Y"
5E9D,"GD27E,TD90Q,AE98Y",-2.475290298461914,-1.0871121883392334,0,"5E9D_GD27E,TD90Q,AE98Y"
5E9D,"GD27R,TD90Q,VE49E,AE98D",-3.1261651515960693,-0.8687665462493896,0,"5E9D_GD27R,TD90Q,VE49E,AE98D"
5E9D,"GD27E,TD90Q,VE49D,AE98E",-2.6363978385925293,-0.41878563165664673,0,"5E9D_GD27E,TD90Q,VE49D,AE98E"
5E9D,"GD27R,TD90Q,VE49E,AE98V",-2.7594141960144043,-0.5451304316520691,0,"5E9D_GD27R,TD90Q,VE49E,AE98V"
4FTV,"ME98A,SE99G,AE100G,QE101R",3.9603114128112793,4.118235111236572,0,"4FTV_ME98A,SE99G,AE100G,QE101R"
4FTV,"SE99G,AE100G,QE101R",3.65146803855896,3.5375447273254395,0,"4FTV_SE99G,AE100G,QE101R"
4FTV,"ME98A,AE100G,QE101R",3.6194357872009277,2.7763893604278564,0,"4FTV_ME98A,AE100G,QE101R"
4FTV,"ME98A,QE101E",0.5062000751495361,1.151893138885498,0,"4FTV_ME98A,QE101E"
4FTV,QE101E,0.05646670609712601,-0.9778057932853699,0,4FTV_QE101E
4FTV,QE101R,0.4106564223766327,-0.5063323974609375,0,4FTV_QE101R
3H9S,AA150P,0.16316837072372437,0.0937875434756279,0,3H9S_AA150P
2OI9,FQ5R,3.1007626056671143,-0.44977617263793945,0,2OI9_FQ5R
1MI5,SD23A,0.10006427019834518,0.17161665856838226,0,1MI5_SD23A
1MI5,TD24A,0.2604089677333832,0.16931486129760742,0,1MI5_TD24A
1MI5,SD26A,-0.039184655994176865,0.04161437973380089,0,1MI5_SD26A
1MI5,TD28A,0.5875756144523621,0.025164570659399033,0,1MI5_TD28A
1MI5,DD29A,1.2319692373275757,0.9250429272651672,0,1MI5_DD29A
1MI5,YD30A,0.4496324956417084,2.1379120349884033,0,1MI5_YD30A
1MI5,HD32A,1.2319692373275757,0.8380932807922363,0,1MI5_HD32A
1MI5,HD47A,1.1172796487808228,1.7799450159072876,0,1MI5_HD47A
1MI5,LD49A,1.2319692373275757,0.9722997546195984,0,1MI5_LD49A
1MI5,TD50A,-0.5584657788276672,0.9134165644645691,0,1MI5_TD50A
1MI5,SD51A,0.4820149838924408,0.0410880409181118,0,1MI5_SD51A
1MI5,ND52A,-0.019268428906798363,0.4587608575820923,0,1MI5_ND52A
1MI5,PD89A,1.2319692373275757,0.2533881664276123,0,1MI5_PD89A
1MI5,LD90A,1.2319692373275757,0.796564519405365,0,1MI5_LD90A
1MI5,AD91G,0.6083049178123474,-0.64203941822052,0,1MI5_AD91G
1MI5,GD92A,0.7641347646713257,1.5294890403747559,0,1MI5_GD92A
1MI5,GD93A,1.2319692373275757,0.9990818500518799,0,1MI5_GD93A
1MI5,TD94A,0.9429946541786194,0.3929992914199829,0,1MI5_TD94A
1MI5,SD95A,0.8272079229354858,0.7166422009468079,0,1MI5_SD95A
1MI5,YD96A,1.2319692373275757,1.939639925956726,0,1MI5_YD96A
1MI5,GD97A,1.2319692373275757,0.23715190589427948,0,1MI5_GD97A
1MI5,KD98A,1.2319692373275757,-0.20078790187835693,0,1MI5_KD98A
1MI5,SE25A,0.03228163346648216,0.035512086004018784,0,1MI5_SE25A
1MI5,GE26A,-0.2893606722354889,0.26788532733917236,0,1MI5_GE26A
1MI5,VE28A,0.2930837571620941,-0.3952191472053528,0,1MI5_VE28A
1MI5,SE29A,1.0638965368270874,-0.07000900059938431,0,1MI5_SE29A
1MI5,QE48A,-0.0703735426068306,0.5495100021362305,0,1MI5_QE48A
1MI5,NE49A,-0.43286994099617004,0.435676634311676,0,1MI5_NE49A
1MI5,EE50A,0.8189382553100586,0.0625879094004631,0,1MI5_EE50A
1MI5,SE92A,0.3016909658908844,0.1319291591644287,0,1MI5_SE92A
1MI5,SE93A,-0.6118989586830139,0.4162716567516327,0,1MI5_SE93A
1MI5,LE94A,0.11586392670869827,0.32560670375823975,0,1MI5_LE94A
1MI5,GE95A,1.2319692373275757,0.34181201457977295,0,1MI5_GE95A
1MI5,QE96A,1.2319692373275757,0.42265889048576355,0,1MI5_QE96A
1MI5,AE97G,1.2319692373275757,0.2173042595386505,0,1MI5_AE97G
1MI5,YE98A,1.2319692373275757,1.8736088275909424,0,1MI5_YE98A
1MI5,EE99A,0.11974887549877167,2.0999014377593994,0,1MI5_EE99A
1MI5,QE100A,1.2319692373275757,1.0314624309539795,0,1MI5_QE100A
1MI5,YE101A,0.2604089677333832,0.9549555778503418,0,1MI5_YE101A
1B41,TB8V,1.1364256143569946,0.4804568588733673,0,1B41_TB8V
1B41,TB9I,0.024689072743058205,-0.4056459367275238,0,1B41_TB9I
1B41,TB9N,3.6109721660614014,0.8914384245872498,0,1B41_TB9N
1B41,"TB8V,TB9I",0.39468640089035034,0.17225562036037445,0,"1B41_TB8V,TB9I"
1B41,"TB8V,TB9N",2.427799701690674,0.7272656559944153,0,"1B41_TB8V,TB9N"
1B41,RB11K,0.6251121759414673,0.25333371758461,0,1B41_RB11K
1B41,AB12S,0.70695960521698,-0.17837245762348175,0,1B41_AB12S
1B41,RB27F,2.108170986175537,0.5427350997924805,0,1B41_RB27F
1B41,RB27M,1.4836316108703613,0.7373484969139099,0,1B41_RB27M
1B41,RB27Y,2.396639108657837,-0.2277379035949707,0,1B41_RB27Y
1B41,HB29K,-0.8879506587982178,-0.07115108519792557,0,1B41_HB29K
1B41,HB29R,-0.4093972146511078,0.3027220666408539,0,1B41_HB29R
1B41,KB32R,0.39144009351730347,0.7411455512046814,0,1B41_KB32R
1B41,MB33F,0.7788600921630859,-1.2521135807037354,0,1B41_MB33F
1B41,MB33L,1.811485767364502,-0.2504326105117798,0,1B41_MB33L
1B41,MB33Q,1.5959259271621704,1.0728284120559692,0,1B41_MB33Q
1B41,MB33Y,0.70695960521698,0.7137331962585449,0,1B41_MB33Y
1B41,VB34T,1.2143783569335938,-0.07165966182947159,0,1B41_VB34T
1B41,LB35W,1.3045446872711182,-0.18162697553634644,0,1B41_LB35W
1B41,NB47F,-0.1417320966720581,-0.544427216053009,0,1B41_NB47F
1B41,NB47W,0.03665820509195328,-2.118497610092163,0,1B41_NB47W
1B41,NB47R,-0.030388813465833664,1.463834285736084,0,1B41_NB47R
1XGR,IB33F,-1.8012609481811523,-2.2148499488830566,0,1XGR_IB33F
1XGR,IB33L,0.06134288012981415,0.4497169256210327,0,1XGR_IB33L
1XGR,IB33V,1.108123779296875,1.7139496803283691,0,1XGR_IB33V
1XGR,IB33A,2.261219024658203,2.213108539581299,0,1XGR_IB33A
1XGT,LB33F,-1.8626039028167725,-2.4607036113739014,0,1XGT_LB33F
1XGT,LB33I,-0.06134288012981415,-0.4190904498100281,0,1XGT_LB33I
1XGT,LB33V,1.0467808246612549,1.1515450477600098,0,1XGT_LB33V
1XGT,LB33A,2.199876308441162,2.464824914932251,0,1XGT_LB33A
4B0M,AB127G,0.29772302508354187,-0.3946910500526428,0,4B0M_AB127G
4B0M,PM98A,0.40573978424072266,0.8303155303001404,0,4B0M_PM98A
4B0M,PM98S,0.7580751776695251,0.5448200106620789,0,4B0M_PM98S
4B0M,PM99A,1.9157778024673462,0.1906810998916626,0,4B0M_PM99A
4B0M,PM99S,1.9942853450775146,0.5670581459999084,0,4B0M_PM99S
4B0M,"PM98S,PM99A",2.0725505352020264,0.04593386873602867,0,"4B0M_PM98S,PM99A"
4B0M,YM9G,0.6292684674263,3.0283572673797607,0,4B0M_YM9G
4B0M,YM37A,1.652940034866333,0.7245747447013855,0,4B0M_YM37A
4B0M,"YM9G,YM37A",2.2047524452209473,2.1244633197784424,0,"4B0M_YM9G,YM37A"
4B0M,LM40A,1.908984661102295,0.22135412693023682,0,4B0M_LM40A
4B0M,MA8A,0.4299248456954956,1.5836422443389893,0,4B0M_MA8A
4B0M,"TA7G,MA8A",0.4416569471359253,0.6722263097763062,0,"4B0M_TA7G,MA8A"
1R0R,"KI8T,PI9E,AI10Y",-0.8727518916130066,-1.5965683460235596,0,"1R0R_KI8T,PI9E,AI10Y"
1R0R,"KI8T,PI9E,AI10Y,LI13G,RI16M,GI27P,NI31V",2.416813850402832,1.0869301557540894,0,"1R0R_KI8T,PI9E,AI10Y,LI13G,RI16M,GI27P,NI31V"
1R0R,"KI8S,PI9D,AI10Y",-1.929858684539795,-1.5668400526046753,0,"1R0R_KI8S,PI9D,AI10Y"
1R0R,"KI8S,PI9D,AI10Y,LI13G,EI14I,RI16K",0.7984834909439087,2.2493112087249756,0,"1R0R_KI8S,PI9D,AI10Y,LI13G,EI14I,RI16K"
3SGB,"KI7T,PI8E,AI9Y",-3.8578996658325195,-0.5875038504600525,0,"3SGB_KI7T,PI8E,AI9Y"
3SGB,"KI7T,PI8E,AI9Y,LI12G,RI15M,GI26P,NI30V",1.8472059965133667,2.265927314758301,0,"3SGB_KI7T,PI8E,AI9Y,LI12G,RI15M,GI26P,NI30V"
3SGB,"KI7S,PI8D,AI9Y",-4.137707710266113,-0.4939529299736023,0,"3SGB_KI7S,PI8D,AI9Y"
3SGB,"KI7S,PI8D,AI9Y,LI12G,EI13I,RI15K",0.09561484307050705,3.756417751312256,0,"3SGB_KI7S,PI8D,AI9Y,LI12G,EI13I,RI15K"
1MHP,SL27Q,-0.5400962233543396,0.19999054074287415,0,1MHP_SL27Q
1MHP,"TH50V,SL27Q,NL51Y",-1.0239880084991455,-0.5500543117523193,0,"1MHP_TH50V,SL27Q,NL51Y"
1MHP,LL48K,0.924957275390625,-0.0067632244899868965,0,1MHP_LL48K
1MHP,TH50V,-0.2633156180381775,0.2450488656759262,0,1MHP_TH50V
1MHP,LH60D,-0.12269474565982819,-1.4204761981964111,0,1MHP_LH60D
1MHP,KH64E,-0.1552988439798355,0.29978567361831665,0,1MHP_KH64E
1MHP,KH64Q,-0.1552988439798355,-0.03583601489663124,0,1MHP_KH64Q
1MHP,KH64D,-0.12269474565982819,0.3709869682788849,0,1MHP_KH64D
1MHP,KH64N,-0.07257538288831711,-0.08518264442682266,0,1MHP_KH64N
1MHP,SL27Q,-0.6664110422134399,0.23030251264572144,0,1MHP_SL27Q
1MHP,NL51Y,-0.10329601168632507,-1.3749220371246338,0,1MHP_NL51Y
1MHP,GH100M,0.10217975825071335,-0.361745685338974,0,1MHP_GH100M
1MHP,SL23R,-0.06708604842424393,-0.7068160772323608,0,1MHP_SL23R
1MHP,NL51E,-0.17744916677474976,-0.9375435709953308,0,1MHP_NL51E
1MHP,FH99W,0.0,0.08047594875097275,0,1MHP_FH99W
1MHP,GH100F,0.5740829110145569,0.05380221828818321,0,1MHP_GH100F
1MHP,GH54Y,0.0,-3.258960247039795,0,1MHP_GH54Y
1MHP,FH99W,0.0,-0.06463027745485306,0,1MHP_FH99W
1MHP,"TH50V,KH64E",-0.36120107769966125,0.34419795870780945,0,"1MHP_TH50V,KH64E"
1MHP,"LH60D,KH64Q",0.04300859197974205,-0.6157169342041016,0,"1MHP_LH60D,KH64Q"
1MHP,"LH60D,KH64E",-0.14186398684978485,-0.5630934834480286,0,"1MHP_LH60D,KH64E"
1MHP,"TH50V,SL27Q,NL51Y",-1.20074462890625,-0.3608052730560303,0,"1MHP_TH50V,SL27Q,NL51Y"
1MHP,"KH64E,SL27Q,NL51Y",-0.9535146951675415,-0.7541928887367249,0,"1MHP_KH64E,SL27Q,NL51Y"
1MHP,"TH50V,KH64E,SL27Q,NL51E",-1.2678864002227783,-0.006077979691326618,0,"1MHP_TH50V,KH64E,SL27Q,NL51E"
1MHP,"TH50V,KH64E,SL27Q,NL51Y",-1.043681025505066,-0.28373515605926514,0,"1MHP_TH50V,KH64E,SL27Q,NL51Y"
1MHP,NL29V,1.0497993230819702,0.8237466216087341,0,1MHP_NL29V
1MHP,HL30R,1.1243008375167847,2.0596678256988525,0,1MHP_HL30R
1MHP,HL30K,1.164687991142273,2.098698139190674,0,1MHP_HL30K
1MHP,LL48K,0.7982158660888672,-0.19020704925060272,0,1MHP_LL48K
1MHP,NL51R,0.845219075679779,-0.49713945388793945,0,1MHP_NL51R
1MHP,NL51K,0.6578043699264526,0.09607581049203873,0,1MHP_NL51K
1MHP,RH31Q,1.3079134225845337,1.0167561769485474,0,1MHP_RH31Q
1MHP,SH35Q,2.728342294692993,-0.4015392065048218,0,1MHP_SH35Q
1MHP,TH50V,0.0,0.5785577893257141,0,1MHP_TH50V
1MHP,YH59E,0.5442506074905396,0.7808089256286621,0,1MHP_YH59E
1MHP,LH60D,0.0,-1.5698210000991821,0,1MHP_LH60D
1MHP,KH64E,0.0,0.3104778826236725,0,1MHP_KH64E
1MHP,KH64Q,0.0,0.002234037034213543,0,1MHP_KH64Q
1MHP,KH64D,-0.2203427106142044,0.35605189204216003,0,1MHP_KH64D
1MHP,KH64N,0.0,-0.09905553609132767,0,1MHP_KH64N
1MHP,SL27Q,-0.857230007648468,0.2083161324262619,0,1MHP_SL27Q
1MHP,NL29Y,1.9084217548370361,-0.38577908277511597,0,1MHP_NL29Y
1MHP,NL29W,1.5733891725540161,-0.1265871524810791,0,1MHP_NL29W
1MHP,NL51Y,0.0,-1.328551173210144,0,1MHP_NL51Y
1MHP,SL90T,2.317685842514038,0.2942643165588379,0,1MHP_SL90T
1MHP,SL90R,2.728342294692993,0.9712508320808411,0,1MHP_SL90R
1MHP,GL91Q,1.5733891725540161,0.5714445114135742,0,1MHP_GL91Q
1MHP,GL91S,0.5128361582756042,0.792002260684967,0,1MHP_GL91S
1MHP,"SL90R,NL29E",2.728342294692993,1.9183515310287476,0,"1MHP_SL90R,NL29E"
1MHP,SH52M,2.0767698287963867,-0.011103873141109943,0,1MHP_SH52M
1MHP,GH53S,0.6758959293365479,0.13453999161720276,0,1MHP_GH53S
1MHP,GH53A,0.5128361582756042,1.1951422691345215,0,1MHP_GH53A
1MHP,GH54I,1.3641711473464966,-2.375194549560547,0,1MHP_GH54I
1MHP,GH54T,1.164687991142273,-0.7215946316719055,0,1MHP_GH54T
1MHP,YH58Q,2.0767698287963867,-1.7049288749694824,0,1MHP_YH58Q
1MHP,YH58E,2.0767698287963867,-0.06552029401063919,0,1MHP_YH58E
1MHP,YH58W,0.8213128447532654,-2.258988857269287,0,1MHP_YH58W
1MHP,GH100M,0.10217975825071335,-0.1871543526649475,0,1MHP_GH100M
1MHP,SL23R,-0.36377134919166565,-0.6488560438156128,0,1MHP_SL23R
1MHP,LL48F,0.7125986814498901,-0.8416172862052917,0,1MHP_LL48F
1MHP,LL48W,1.9084217548370361,-0.5780011415481567,0,1MHP_LL48W
1MHP,NL51D,0.5009867548942566,-0.23685210943222046,0,1MHP_NL51D
1MHP,NL51E,0.0,-0.9426621794700623,0,1MHP_NL51E
1MHP,WL89Q,2.0767698287963867,2.5339691638946533,0,1MHP_WL89Q
1MHP,SL90Q,1.774827480316162,0.1806662380695343,0,1MHP_SL90Q
1MHP,"WL89Q,FL32Y",0.8714090585708618,-0.06942833214998245,0,"1MHP_WL89Q,FL32Y"
1MHP,TH33V,0.434562623500824,0.7694525122642517,0,1MHP_TH33V
1MHP,TH33N,2.728342294692993,-0.43265730142593384,0,1MHP_TH33N
1MHP,SH35A,1.5733891725540161,0.631647527217865,0,1MHP_SH35A
1MHP,FH99W,0.0,0.08633511513471603,0,1MHP_FH99W
1MHP,FH99Y,0.7550068497657776,-2.2099356651306152,0,1MHP_FH99Y
1MHP,GH100L,2.728342294692993,-0.7359410524368286,0,1MHP_GH100L
1MHP,GH100F,0.20430143177509308,0.121341772377491,0,1MHP_GH100F
1MHP,GH100S,0.5579972267150879,0.848353922367096,0,1MHP_GH100S
1MHP,"TH50V,SH35V",2.728342294692993,0.6548177003860474,0,"1MHP_TH50V,SH35V"
1MHP,"TH50V,SH35A",2.0767698287963867,-0.03479549661278725,0,"1MHP_TH50V,SH35A"
1MHP,"SH35A,GH102S",1.5733891725540161,0.32425054907798767,0,"1MHP_SH35A,GH102S"
1MHP,"SH35V,GH102S",1.4263132810592651,0.4681845009326935,0,"1MHP_SH35V,GH102S"
1MHP,"TH50V,GH102S",1.6682031154632568,0.33410558104515076,0,"1MHP_TH50V,GH102S"
1MHP,HL30W,1.2558754682540894,0.6480289101600647,0,1MHP_HL30W
1MHP,"NL29Y,SL90I",0.434562623500824,0.018811669200658798,0,"1MHP_NL29Y,SL90I"
1MHP,GH53N,1.2558754682540894,0.06560414284467697,0,1MHP_GH53N
1MHP,GH54Y,0.0,-3.2905640602111816,0,1MHP_GH54Y
1MHP,FH99W,0.0,-0.04075190797448158,0,1MHP_FH99W
1MHP,FH99Y,0.7550068497657776,-2.018266201019287,0,1MHP_FH99Y
1MHP,"TH33E,GH53Q",1.6682031154632568,0.6956709027290344,0,"1MHP_TH33E,GH53Q"
1MHP,"TH33I,SH52T,GH53N,GH54N",1.9084217548370361,0.015455092303454876,0,"1MHP_TH33I,SH52T,GH53N,GH54N"
1MHP,"TH33I,SH52T,GH53Q,GH54F",1.2558754682540894,-1.3050936460494995,0,"1MHP_TH33I,SH52T,GH53Q,GH54F"
1MHP,"TH50V,SL27Q",-0.6949949264526367,0.5571799874305725,0,"1MHP_TH50V,SL27Q"
1MHP,"TH50V,KH64E",0.0,0.5905952453613281,0,"1MHP_TH50V,KH64E"
1MHP,"KH64E,SL27Q",-0.857230007648468,0.28998863697052,0,"1MHP_KH64E,SL27Q"
1MHP,"TH50V,SL27Q,NL51Y",-0.9535146951675415,-0.5760895609855652,0,"1MHP_TH50V,SL27Q,NL51Y"
1MHP,"KH64E,SL27Q,NL51Y",-1.0857164859771729,-0.7854108214378357,0,"1MHP_KH64E,SL27Q,NL51Y"
1MHP,"TH50V,KH64E,SL27Q,NL51Y",-1.126280426979065,-0.18388888239860535,0,"1MHP_TH50V,KH64E,SL27Q,NL51Y"
2B2X,"VH50T,EH64K,QL28S,YL52N",1.043681025505066,0.07801734656095505,0,"2B2X_VH50T,EH64K,QL28S,YL52N"
2B2X,"VH50T,EH64K,QL28S,YL52N,LL49K",1.968638300895691,-0.3206116855144501,0,"2B2X_VH50T,EH64K,QL28S,YL52N,LL49K"
2B2X,"EH64K,QL28S,YL52N",0.7803654074668884,0.6161259412765503,0,"2B2X_EH64K,QL28S,YL52N"
2B2X,"VH50T,EH64K,QL28S,YL52N,LH60D",0.9209862947463989,-0.03303477540612221,0,"2B2X_VH50T,EH64K,QL28S,YL52N,LH60D"
2B2X,"VH50T,QL28S,YL52N",0.8883821964263916,0.21726182103157043,0,"2B2X_VH50T,QL28S,YL52N"
2B2X,"VH50T,EH64Q,QL28S,YL52N",0.8883821964263916,0.06359314173460007,0,"2B2X_VH50T,EH64Q,QL28S,YL52N"
2B2X,"VH50T,EH64D,QL28S,YL52N",0.9209862947463989,-0.2131180763244629,0,"2B2X_VH50T,EH64D,QL28S,YL52N"
2B2X,"VH50T,EH64N,QL28S,YL52N",0.9711056351661682,-0.07531238347291946,0,"2B2X_VH50T,EH64N,QL28S,YL52N"
2B2X,"VH50T,EH64K,YL52N",0.37727001309394836,0.08506494015455246,0,"2B2X_VH50T,EH64K,YL52N"
2B2X,"VH50T,EH64K,QL28S",0.9403850436210632,-0.4900428056716919,0,"2B2X_VH50T,EH64K,QL28S"
2B2X,"VH50T,EH64K,QL28S,YL52N,GH100M",1.1458607912063599,-0.8045292496681213,0,"2B2X_VH50T,EH64K,QL28S,YL52N,GH100M"
2B2X,"VH50T,EH64K,QL28S,YL52N,SL24R",0.9765949845314026,-0.11113927513360977,0,"2B2X_VH50T,EH64K,QL28S,YL52N,SL24R"
2B2X,"VH50T,EH64K,QL28S,YL52E",0.8662318587303162,-0.580319881439209,0,"2B2X_VH50T,EH64K,QL28S,YL52E"
2B2X,"VH50T,EH64K,QL28S,YL52N,FH99W",1.043681025505066,-0.2645226716995239,0,"2B2X_VH50T,EH64K,QL28S,YL52N,FH99W"
2B2X,"VH50T,EH64K,QL28S,YL52N,GH100F",1.617763876914978,-0.19925139844417572,0,"2B2X_VH50T,EH64K,QL28S,YL52N,GH100F"
2B2X,"VH50T,EH64K,QL28S,YL52N,GH54Y",1.043681025505066,-2.1502091884613037,0,"2B2X_VH50T,EH64K,QL28S,YL52N,GH54Y"
2B2X,"VH50T,EH64K,QL28S,YL52N,FH99W",1.043681025505066,-0.5360249876976013,0,"2B2X_VH50T,EH64K,QL28S,YL52N,FH99W"
2B2X,"QL28S,YL52N",0.682479977607727,0.900096595287323,0,"2B2X_QL28S,YL52N"
2B2X,"VH50T,EH64Q,QL28S,YL52N,LH60D",1.0866895914077759,0.6213107705116272,0,"2B2X_VH50T,EH64Q,QL28S,YL52N,LH60D"
2B2X,"VH50T,QL28S,YL52N,LH60D",0.9018170237541199,-0.32941439747810364,0,"2B2X_VH50T,QL28S,YL52N,LH60D"
2B2X,EH64K,-0.15706361830234528,-0.3922921121120453,0,2B2X_EH64K
2B2X,VH50T,0.09016634523868561,-0.6501359343528748,0,2B2X_VH50T
2B2X,YL52E,-0.22420541942119598,0.8593210577964783,0,2B2X_YL52E
2B2X,"VH50T,EH64K,QL28S,YL52N,NL30V",2.093480348587036,-0.031697843223810196,0,"2B2X_VH50T,EH64K,QL28S,YL52N,NL30V"
2B2X,"VH50T,EH64K,QL28S,YL52N,HL31R",2.1679818630218506,-0.48768389225006104,0,"2B2X_VH50T,EH64K,QL28S,YL52N,HL31R"
2B2X,"VH50T,EH64K,QL28S,YL52N,HL31K",2.208369016647339,0.09468429535627365,0,"2B2X_VH50T,EH64K,QL28S,YL52N,HL31K"
2B2X,"VH50T,EH64K,QL28S,YL52N,LL49K",1.841896891593933,-0.3995131254196167,0,"2B2X_VH50T,EH64K,QL28S,YL52N,LL49K"
2B2X,"VH50T,EH64K,QL28S,YL52R",1.8889000415802002,-0.09933353215456009,0,"2B2X_VH50T,EH64K,QL28S,YL52R"
2B2X,"VH50T,EH64K,QL28S,YL52K",1.7014853954315186,-0.0657651498913765,0,"2B2X_VH50T,EH64K,QL28S,YL52K"
2B2X,"VH50T,EH64K,QL28S,YL52N,RH31Q",2.3515944480895996,0.4187641143798828,0,"2B2X_VH50T,EH64K,QL28S,YL52N,RH31Q"
2B2X,"VH50T,EH64K,QL28S,YL52N,SH35Q",3.7720232009887695,0.3045271635055542,0,"2B2X_VH50T,EH64K,QL28S,YL52N,SH35Q"
2B2X,"EH64K,QL28S,YL52N",1.043681025505066,0.5859505534172058,0,"2B2X_EH64K,QL28S,YL52N"
2B2X,"VH50T,EH64K,QL28S,YL52N,YH59E",1.5879316329956055,-0.17605379223823547,0,"2B2X_VH50T,EH64K,QL28S,YL52N,YH59E"
2B2X,"VH50T,EH64K,QL28S,YL52N,LH60D",1.043681025505066,-0.0677965059876442,0,"2B2X_VH50T,EH64K,QL28S,YL52N,LH60D"
2B2X,"VH50T,QL28S,YL52N",1.043681025505066,-0.12252721935510635,0,"2B2X_VH50T,QL28S,YL52N"
2B2X,"VH50T,EH64Q,QL28S,YL52N",1.043681025505066,0.39548641443252563,0,"2B2X_VH50T,EH64Q,QL28S,YL52N"
2B2X,"VH50T,EH64D,QL28S,YL52N",0.8233383297920227,0.10530310124158859,0,"2B2X_VH50T,EH64D,QL28S,YL52N"
2B2X,"VH50T,EH64N,QL28S,YL52N",1.043681025505066,0.20414333045482635,0,"2B2X_VH50T,EH64N,QL28S,YL52N"
2B2X,"VH50T,EH64K,YL52N",0.1864510029554367,-0.23547300696372986,0,"2B2X_VH50T,EH64K,YL52N"
2B2X,"VH50T,EH64K,QL28S,YL52N,NL30Y",2.9521026611328125,-0.5731717944145203,0,"2B2X_VH50T,EH64K,QL28S,YL52N,NL30Y"
2B2X,"VH50T,EH64K,QL28S,YL52N,NL30W",2.617070198059082,-0.18761998414993286,0,"2B2X_VH50T,EH64K,QL28S,YL52N,NL30W"
2B2X,"VH50T,EH64K,QL28S",1.043681025505066,-1.0889745950698853,0,"2B2X_VH50T,EH64K,QL28S"
2B2X,"VH50T,EH64K,QL28S,YL52N,SL91T",3.3613667488098145,-0.10272151976823807,0,"2B2X_VH50T,EH64K,QL28S,YL52N,SL91T"
2B2X,"VH50T,EH64K,QL28S,YL52N,SL91R",3.7720232009887695,0.15661555528640747,0,"2B2X_VH50T,EH64K,QL28S,YL52N,SL91R"
2B2X,"VH50T,EH64K,QL28S,YL52N,GL92Q",2.617070198059082,0.31185176968574524,0,"2B2X_VH50T,EH64K,QL28S,YL52N,GL92Q"
2B2X,"VH50T,EH64K,QL28S,YL52N,GL92S",1.556517243385315,-0.21416914463043213,0,"2B2X_VH50T,EH64K,QL28S,YL52N,GL92S"
2B2X,"VH50T,EH64K,QL28S,YL52N,SL91R,NL30E",3.7720232009887695,0.5334140062332153,0,"2B2X_VH50T,EH64K,QL28S,YL52N,SL91R,NL30E"
2B2X,"VH50T,EH64K,QL28S,YL52N,SH52M",3.120450735092163,-0.26619017124176025,0,"2B2X_VH50T,EH64K,QL28S,YL52N,SH52M"
2B2X,"VH50T,EH64K,QL28S,YL52N,GH53S",1.7195769548416138,-0.32215142250061035,0,"2B2X_VH50T,EH64K,QL28S,YL52N,GH53S"
2B2X,"VH50T,EH64K,QL28S,YL52N,GH53A",1.556517243385315,0.7441685199737549,0,"2B2X_VH50T,EH64K,QL28S,YL52N,GH53A"
2B2X,"VH50T,EH64K,QL28S,YL52N,GH54I",2.4078521728515625,-0.27492186427116394,0,"2B2X_VH50T,EH64K,QL28S,YL52N,GH54I"
2B2X,"VH50T,EH64K,QL28S,YL52N,GH54T",2.208369016647339,0.5589736700057983,0,"2B2X_VH50T,EH64K,QL28S,YL52N,GH54T"
2B2X,"VH50T,EH64K,QL28S,YL52N,YH58Q",3.120450735092163,-0.2953076958656311,0,"2B2X_VH50T,EH64K,QL28S,YL52N,YH58Q"
2B2X,"VH50T,EH64K,QL28S,YL52N,YH58E",3.120450735092163,-0.367605984210968,0,"2B2X_VH50T,EH64K,QL28S,YL52N,YH58E"
2B2X,"VH50T,EH64K,QL28S,YL52N,YH58W",1.864993929862976,-0.6726141571998596,0,"2B2X_VH50T,EH64K,QL28S,YL52N,YH58W"
2B2X,"VH50T,EH64K,QL28S,YL52N,GH100M",1.1458607912063599,-0.7167431712150574,0,"2B2X_VH50T,EH64K,QL28S,YL52N,GH100M"
2B2X,"VH50T,EH64K,QL28S,YL52N,SL24R",0.6799096465110779,-0.11183623224496841,0,"2B2X_VH50T,EH64K,QL28S,YL52N,SL24R"
2B2X,"VH50T,EH64K,QL28S,YL52N,LL49F",1.756279706954956,-0.8257535696029663,0,"2B2X_VH50T,EH64K,QL28S,YL52N,LL49F"
2B2X,"VH50T,EH64K,QL28S,YL52N,LL49W",2.9521026611328125,-0.9868897795677185,0,"2B2X_VH50T,EH64K,QL28S,YL52N,LL49W"
2B2X,"VH50T,EH64K,QL28S,YL52D",1.5446677207946777,0.02972322329878807,0,"2B2X_VH50T,EH64K,QL28S,YL52D"
2B2X,"VH50T,EH64K,QL28S,YL52E",1.043681025505066,-0.0987834706902504,0,"2B2X_VH50T,EH64K,QL28S,YL52E"
2B2X,"VH50T,EH64K,QL28S,YL52N,WL90Q",3.120450735092163,0.9705278873443604,0,"2B2X_VH50T,EH64K,QL28S,YL52N,WL90Q"
2B2X,"VH50T,EH64K,QL28S,YL52N,SL91Q",2.8185086250305176,0.07790832966566086,0,"2B2X_VH50T,EH64K,QL28S,YL52N,SL91Q"
2B2X,"VH50T,EH64K,QL28S,YL52N,WL90Q,FL33Y",1.9150900840759277,-0.7487809062004089,0,"2B2X_VH50T,EH64K,QL28S,YL52N,WL90Q,FL33Y"
2B2X,"VH50T,EH64K,QL28S,YL52N,TH33V",1.4782437086105347,0.05073725804686546,0,"2B2X_VH50T,EH64K,QL28S,YL52N,TH33V"
2B2X,"VH50T,EH64K,QL28S,YL52N,TH33N",3.7720232009887695,-0.5309263467788696,0,"2B2X_VH50T,EH64K,QL28S,YL52N,TH33N"
2B2X,"VH50T,EH64K,QL28S,YL52N,SH35A",2.617070198059082,0.6431829333305359,0,"2B2X_VH50T,EH64K,QL28S,YL52N,SH35A"
2B2X,"VH50T,EH64K,QL28S,YL52N,FH99W",1.043681025505066,-0.34344482421875,0,"2B2X_VH50T,EH64K,QL28S,YL52N,FH99W"
2B2X,"VH50T,EH64K,QL28S,YL52N,FH99Y",1.7986879348754883,-0.7666037082672119,0,"2B2X_VH50T,EH64K,QL28S,YL52N,FH99Y"
2B2X,"VH50T,EH64K,QL28S,YL52N,GH100L",3.7720232009887695,-0.8605597019195557,0,"2B2X_VH50T,EH64K,QL28S,YL52N,GH100L"
2B2X,"VH50T,EH64K,QL28S,YL52N,GH100F",1.2479825019836426,-0.5526133179664612,0,"2B2X_VH50T,EH64K,QL28S,YL52N,GH100F"
2B2X,"VH50T,EH64K,QL28S,YL52N,GH100S",1.6016782522201538,0.004150892607867718,0,"2B2X_VH50T,EH64K,QL28S,YL52N,GH100S"
2B2X,"EH64K,QL28S,YL52N,SH35V",3.7720232009887695,1.3031227588653564,0,"2B2X_EH64K,QL28S,YL52N,SH35V"
2B2X,"EH64K,QL28S,YL52N,SH35A",3.120450735092163,0.8003231883049011,0,"2B2X_EH64K,QL28S,YL52N,SH35A"
2B2X,"VH50T,EH64K,QL28S,YL52N,SH35A,GH102S",2.617070198059082,1.1305732727050781,0,"2B2X_VH50T,EH64K,QL28S,YL52N,SH35A,GH102S"
2B2X,"VH50T,EH64K,QL28S,YL52N,SH35V,GH102S",2.469994306564331,0.20870065689086914,0,"2B2X_VH50T,EH64K,QL28S,YL52N,SH35V,GH102S"
2B2X,"EH64K,QL28S,YL52N,GH102S",2.7118842601776123,1.1184991598129272,0,"2B2X_EH64K,QL28S,YL52N,GH102S"
2B2X,"VH50T,EH64K,QL28S,YL52N,HL31W",2.2995564937591553,-0.15074372291564941,0,"2B2X_VH50T,EH64K,QL28S,YL52N,HL31W"
2B2X,"VH50T,EH64K,QL28S,YL52N,NL30Y,SL91I",1.4782437086105347,-0.40952789783477783,0,"2B2X_VH50T,EH64K,QL28S,YL52N,NL30Y,SL91I"
2B2X,"VH50T,EH64K,QL28S,YL52N,GH53N",2.2995564937591553,-0.310861736536026,0,"2B2X_VH50T,EH64K,QL28S,YL52N,GH53N"
2B2X,"VH50T,EH64K,QL28S,YL52N,GH54Y",1.043681025505066,-2.151592493057251,0,"2B2X_VH50T,EH64K,QL28S,YL52N,GH54Y"
2B2X,"VH50T,EH64K,QL28S,YL52N,FH99W",1.043681025505066,-0.5360249876976013,0,"2B2X_VH50T,EH64K,QL28S,YL52N,FH99W"
2B2X,"VH50T,EH64K,QL28S,YL52N,FH99Y",1.7986879348754883,-0.7606589794158936,0,"2B2X_VH50T,EH64K,QL28S,YL52N,FH99Y"
2B2X,"VH50T,EH64K,QL28S,YL52N,TH33E,GH53Q",2.7118842601776123,-0.00910929311066866,0,"2B2X_VH50T,EH64K,QL28S,YL52N,TH33E,GH53Q"
2B2X,"VH50T,EH64K,QL28S,YL52N,TH33I,SH52T,GH53N,GH54N",2.9521026611328125,0.6180146336555481,0,"2B2X_VH50T,EH64K,QL28S,YL52N,TH33I,SH52T,GH53N,GH54N"
2B2X,"VH50T,EH64K,QL28S,YL52N,TH33I,SH52T,GH53Q,GH54F",2.2995564937591553,-0.07159257680177689,0,"2B2X_VH50T,EH64K,QL28S,YL52N,TH33I,SH52T,GH53Q,GH54F"
2B2X,"EH64K,YL52N",0.3486860692501068,0.5727401375770569,0,"2B2X_EH64K,YL52N"
2B2X,"QL28S,YL52N",1.043681025505066,0.898846447467804,0,"2B2X_QL28S,YL52N"
2B2X,"VH50T,YL52N",0.1864510029554367,0.22073118388652802,0,"2B2X_VH50T,YL52N"
2B2X,EH64K,0.09016634523868561,-0.3721916079521179,0,2B2X_EH64K
2B2X,VH50T,-0.04203549772500992,-0.4717026352882385,0,2B2X_VH50T
3BE1,"DL28N,PL30A,RL31K,SL32T,YL57F,TL97S,TL98S",-0.8687343001365662,-0.2818843126296997,0,"3BE1_DL28N,PL30A,RL31K,SL32T,YL57F,TL97S,TL98S"
3BE1,"DL28N,PL30A,RL31K,SL32T,YL57F,TL97S,TL98S,KH30S,DH31G,TH54S,NH55E,GH100V,DH102V",-2.8837804794311523,-0.8543744683265686,0,"3BE1_DL28N,PL30A,RL31K,SL32T,YL57F,TL97S,TL98S,KH30S,DH31G,TH54S,NH55E,GH100V,DH102V"
3BE1,"DL28N,PL30A,RL31K,SL32T,TL97S,TL98S",-0.6750600934028625,-0.13536131381988525,0,"3BE1_DL28N,PL30A,RL31K,SL32T,TL97S,TL98S"
3BE1,"DL28N,PL30A,RL31K,SL32T,TL97S,TL98S,KH30S,DH31G,TH54S,NH55E,GH100V,DH102V",-2.728342294692993,-0.43852439522743225,0,"3BE1_DL28N,PL30A,RL31K,SL32T,TL97S,TL98S,KH30S,DH31G,TH54S,NH55E,GH100V,DH102V"
3BE1,"DL28N,PL30A,RL31K,SL32T,TL97S,TL98S,KH30S,DH31G,TH54S,NH55E,GH100V,DH102V,YL36A",-3.1389987468719482,1.4766011238098145,0,"3BE1_DL28N,PL30A,RL31K,SL32T,TL97S,TL98S,KH30S,DH31G,TH54S,NH55E,GH100V,DH102V,YL36A"
3BE1,"DL28N,PL30A,RL31K,SL32T,TL97S,TL98S,KH30S,DH31G,TH54S,NH55E,GH100V,DH102V,YL36A,IL33A",-2.728342294692993,1.2483330965042114,0,"3BE1_DL28N,PL30A,RL31K,SL32T,TL97S,TL98S,KH30S,DH31G,TH54S,NH55E,GH100V,DH102V,YL36A,IL33A"
3SE4,TC36A,1.3641711473464966,1.0025649070739746,0,3SE4_TC36A
3SE4,MC38A,1.6662180423736572,3.042050361633301,0,3SE4_MC38A
3SE4,MC38V,1.165419578552246,1.8994495868682861,0,3SE4_MC38V
3SE4,SC39A,0.21190492808818817,0.49772223830223083,0,3SE4_SC39A
3SE4,HC68A,-0.6102371215820312,-0.5367080569267273,0,3SE4_HC68A
3SE4,EC69A,1.3641711473464966,0.7159969210624695,0,3SE4_EC69A
3SE4,VC72A,1.165419578552246,2.1519272327423096,0,3SE4_VC72A
3SE4,IC95A,1.2093250751495361,1.8117847442626953,0,3SE4_IC95A
3SE4,HC172A,-0.4106564223766327,0.31308260560035706,0,3SE4_HC172A
3SE4,YA55A,1.3641711473464966,1.0286189317703247,0,3SE4_YA55A
3SE4,LA116A,0.13220183551311493,1.785355567932129,0,3SE4_LA116A
3SE4,DA117A,0.13220183551311493,0.6061916351318359,0,3SE4_DA117A
3SE4,SA120A,0.0,0.41937464475631714,0,3SE4_SA120A
3SE4,NA140T,0.4106564223766327,0.06782423704862595,0,3SE4_NA140T
3SE4,YA148A,-0.27845457196235657,0.45610788464546204,0,3SE4_YA148A
3SE4,TA166A,-0.5428582429885864,0.4825424253940582,0,3SE4_TA166A
3SE4,FA223A,1.3641711473464966,1.7043886184692383,0,3SE4_FA223A
3SE4,RA226A,0.30293580889701843,0.18344110250473022,0,3SE4_RA226A
3SE4,NA227A,0.0,0.10958641022443771,0,3SE4_NA227A
3SE4,NA230A,0.30293580889701843,0.172908753156662,0,3SE4_NA230A
3SE4,FA273A,0.21086826920509338,0.022815879434347153,0,3SE4_FA273A
3SE4,PB27A,-0.17043781280517578,0.5048633217811584,0,3SE4_PB27A
3SE4,PB27L,0.9243718385696411,-3.200591802597046,0,3SE4_PB27L
3SE4,LB31A,2.728342294692993,2.7209312915802,0,3SE4_LB31A
3SE4,MB130A,0.5728914737701416,0.6241994500160217,0,3SE4_MB130A
3SE4,KB134A,1.774827480316162,0.6737303733825684,0,3SE4_KB134A
3SE4,KB134R,-0.9746220707893372,0.01610296592116356,0,3SE4_KB134R
3SE4,PB27A,0.04969575256109238,0.10164424031972885,0,3SE4_PB27A
3SE4,PB27L,0.10305897891521454,-3.123368740081787,0,3SE4_PB27L
3SE4,LB31A,-0.011969134211540222,2.728933811187744,0,3SE4_LB31A
3SE4,MB130A,0.024658843874931335,0.6135645508766174,0,3SE4_MB130A
3SE4,KB134A,-0.03508462756872177,0.13090577721595764,0,3SE4_KB134A
3SE4,KB134R,0.13926894962787628,0.19134412705898285,0,3SE4_KB134R
3SE4,EC69A,1.4014806747436523,1.2846813201904297,0,3SE4_EC69A
3SE4,KB134A,1.8023210763931274,0.6579602360725403,0,3SE4_KB134A
3SE4,"KB134A,EC69A",1.9022706747055054,1.707900047302246,0,"3SE4_KB134A,EC69A"
3SE4,KB134R,-0.8983960151672363,0.19164350628852844,0,3SE4_KB134R
3SE4,"KB134R,EC69A",1.4014806747436523,1.6892987489700317,0,"3SE4_KB134R,EC69A"
2BDN,LH27R,0.6508750319480896,-0.1672661304473877,0,2BDN_LH27R
2BDN,LH27K,0.8744037747383118,-0.5410152077674866,0,2BDN_LH27K
2BDN,NH28D,0.13220183551311493,-0.45270270109176636,0,2BDN_NH28D
2BDN,NH28Q,1.4000883102416992,-0.009256367571651936,0,2BDN_NH28Q
2BDN,DH31E,1.0857164859771729,1.9556941986083984,0,2BDN_DH31E
2BDN,YL30K,0.6750600934028625,0.6838124394416809,0,2BDN_YL30K
2BDN,NL31R,-0.9175975322723389,-0.15775740146636963,0,2BDN_NL31R
2BDN,NL31K,3.4913339614868164,-0.12022779136896133,0,2BDN_NL31K
2BDN,SL53D,-0.160644993185997,-0.8171433210372925,0,2BDN_SL53D
2BDN,SL53E,-0.8517016768455505,-0.9009106159210205,0,2BDN_SL53E
2BDN,TL56D,-0.4256560206413269,0.17710360884666443,0,2BDN_TL56D
2BDN,TL56E,-0.6891109943389893,0.11094766110181808,0,2BDN_TL56E
2DVW,RB7A,0.6936055421829224,0.8795406222343445,0,2DVW_RB7A
2DVW,"RB3A,RB7A",2.1533782482147217,2.073476552963257,0,"2DVW_RB3A,RB7A"
2DVW,"RB3A,RB4A,RB7A",2.790146827697754,2.021204710006714,0,"2DVW_RB3A,RB4A,RB7A"
2DVW,"EB21A,EB22A",0.038346003741025925,0.3198029100894928,0,"2DVW_EB21A,EB22A"
2DVW,KB62E,0.20547401905059814,1.3140596151351929,0,2DVW_KB62E
2DVW,RA39A,0.9106241464614868,0.26774147152900696,0,2DVW_RA39A
2DVW,KA114A,0.03420586138963699,1.8502898216247559,0,2DVW_KA114A
2DVW,"DA37A,DA69A",0.19162222743034363,0.23925426602363586,0,"2DVW_DA37A,DA69A"
2DVW,"RA39A,KA114A",2.3625965118408203,1.9187088012695312,0,"2DVW_RA39A,KA114A"
2DVW,EA180A,0.43817728757858276,1.7913203239440918,0,2DVW_EA180A
2DSQ,RI20A,0.06113170459866524,0.0744335874915123,0,2DSQ_RI20A
2DSQ,RI35A,0.6104087829589844,0.16485576331615448,0,2DSQ_RI35A
2DSQ,RI40A,-0.08776002377271652,0.2473483383655548,0,2DSQ_RI40A
2DSQ,RI41A,0.08886856585741043,0.1859792321920395,0,2DSQ_RI41A
4BFI,LB29K,2.077467203140259,-0.2586766481399536,0,4BFI_LB29K
4BFI,NB43D,2.728342294692993,0.5533743500709534,0,4BFI_NB43D
4BFI,NB43A,2.317685842514038,0.7724694013595581,0,4BFI_NB43A
4BFI,LB91A,1.3072104454040527,1.2129323482513428,0,4BFI_LB91A
4BFI,NB93K,2.728342294692993,0.48364293575286865,0,4BFI_NB93K
4BFI,FB95D,2.728342294692993,1.1900309324264526,0,4BFI_FB95D
4BFI,FB95A,2.077467203140259,1.3474445343017578,0,4BFI_FB95A
4BFI,KB99E,2.317685842514038,0.7564274072647095,0,4BFI_KB99E
4BFI,QB6K,-0.011969134211540222,0.13324421644210815,0,4BFI_QB6K
4BFI,SB17D,0.030783649533987045,-0.47531336545944214,0,4BFI_SB17D
4BFI,QB26K,-0.21983741223812103,0.37218961119651794,0,4BFI_QB26K
4JEU,RA169A,-0.4106564223766327,0.6421850919723511,0,4JEU_RA169A
4JEU,RA37C,0.9096092581748962,-0.3645668029785156,0,4JEU_RA37C
4JEU,"LB147A,EB148A",1.1937333345413208,1.0937347412109375,0,"4JEU_LB147A,EB148A"
4JEU,"LB147A,EB148A",1.009981393814087,1.1106517314910889,0,"4JEU_LB147A,EB148A"
4JEU,IB215A,3.24170184135437,0.7562688589096069,0,4JEU_IB215A
4JEU,RB3A,1.128169298171997,0.7102302312850952,0,4JEU_RB3A
4JEU,TB4A,0.1809239685535431,1.6433918476104736,0,4JEU_TB4A
4JEU,LB7A,1.1089528799057007,0.5668409466743469,0,4JEU_LB7A
4LRX,HA56N,0.32587605714797974,0.15714170038700104,0,4LRX_HA56N
3U82,IB45A,2.5961403846740723,2.5631353855133057,0,3U82_IB45A
3U82,"TB28A,QB29A,EB90A,NB98A",-1.0106927156448364,-0.10905874520540237,0,"3U82_TB28A,QB29A,EB90A,NB98A"
4P23,KC40A,1.1937333345413208,1.1786208152770996,0,4P23_KC40A
4P23,DC56A,0.9917506575584412,0.403006911277771,0,4P23_DC56A
4P23,QC58A,0.9729411005973816,0.22707654535770416,0,4P23_QC58A
4P23,LC61A,0.9535146951675415,1.3749513626098633,0,4P23_LC61A
4P23,QC62A,1.910965919494629,0.43180394172668457,0,4P23_QC62A
4P23,NC63A,1.5119646787643433,0.9359017014503479,0,4P23_NC63A
4P23,VC66A,1.1667990684509277,1.30393648147583,0,4P23_VC66A
4P23,KC68A,0.6829072833061218,0.6268182396888733,0,4P23_KC68A
4P23,HC69A,0.6170114278793335,0.28075936436653137,0,4P23_HC69A
4P23,VC73A,0.0,-0.017581794410943985,0,4P23_VC73A
4P23,KC76A,0.17043781280517578,0.1743166148662567,0,4P23_KC76A
4P23,FD1A,0.0,0.08200927823781967,0,4P23_FD1A
4P23,ED2A,1.1667990684509277,0.4568696618080139,0,4P23_ED2A
4P23,QD4A,0.6829072833061218,1.327788233757019,0,4P23_QD4A
4P23,KD5A,2.2306222915649414,2.059133291244507,0,4P23_KD5A
4P23,KD7A,2.5683443546295166,1.4002363681793213,0,4P23_KD7A
4P23,ND9A,0.0,-0.06615189462900162,0,4P23_ND9A
4P23,KD10A,0.09132687747478485,0.5587592720985413,0,4P23_KD10A
4P23,VD12A,0.0,0.028053101152181625,0,4P23_VD12A
4P23,DD13A,0.17043781280517578,0.0057417405769228935,0,4P23_DD13A
4P23,ED68A,0.09132687747478485,0.11003421992063522,0,4P23_ED68A
4P23,YD69A,0.2402186095714569,0.21537522971630096,0,4P23_YD69A
4P23,SD72A,0.0,-0.08381334692239761,0,4P23_SD72A
4P23,QD73A,0.17043781280517578,0.49311989545822144,0,4P23_QD73A
4P23,PD74A,0.09132687747478485,-0.12905782461166382,0,4P23_PD74A
4P23,ED75A,0.17043781280517578,0.06867959350347519,0,4P23_ED75A
4P23,ID76A,0.17043781280517578,0.1374594122171402,0,4P23_ID76A
4P23,ED78A,0.17043781280517578,0.27343517541885376,0,4P23_ED78A
4P23,RD79A,2.0715129375457764,1.6300121545791626,0,4P23_RD79A
4P23,RD81A,0.09132687747478485,0.0008000388043001294,0,4P23_RD81A
4P23,DD85A,0.09132687747478485,0.08457770198583603,0,4P23_DD85A
4P23,TD86A,0.0,1.0405772924423218,0,4P23_TD86A
4P23,RD89A,0.09132687747478485,-0.02831203117966652,0,4P23_RD89A
4P23,HD90A,0.17043781280517578,0.12597092986106873,0,4P23_HD90A
4P23,ED93A,0.09132687747478485,-0.052949193865060806,0,4P23_ED93A
5CYK,EB52R,-2.6803719997406006,-1.297980546951294,0,5CYK_EB52R
5CYK,"EB52R,EB47D",-2.3153111934661865,-0.09609545022249222,0,"5CYK_EB52R,EB47D"
5CYK,"EB52R,TB50Q",-2.617950916290283,-1.3193570375442505,0,"5CYK_EB52R,TB50Q"
5CYK,EB52A,-2.1159675121307373,0.37086543440818787,0,5CYK_EB52A
5CYK,"EB52R,VB54W",-2.1159675121307373,-1.7277817726135254,0,"5CYK_EB52R,VB54W"
1C1Y,KA31E,-1.774827480316162,-2.0257091522216797,0,1C1Y_KA31E
1C1Y,"KA31E,EA30D",-2.0150461196899414,-2.0069425106048584,0,"1C1Y_KA31E,EA30D"
1C1Y,KB11M,0.7132960557937622,0.2872689962387085,0,1C1Y_KB11M
1C1Y,NB10A,0.5019832849502563,-0.21950159966945648,0,1C1Y_NB10A
1C1Y,NB10D,1.4762879610061646,0.7521272301673889,0,1C1Y_NB10D
1C1Y,VB15A,1.1239525079727173,0.27987077832221985,0,1C1Y_VB15A
1C1Y,KB11A,1.1089528799057007,-0.08251554518938065,0,1C1Y_KB11A
1C1Y,KB11E,0.8910936117172241,0.5529155731201172,0,1C1Y_KB11E
1C1Y,TB14A,1.4554979801177979,0.956511914730072,0,1C1Y_TB14A
1C1Y,RB13A,1.4554979801177979,1.93388032913208,0,1C1Y_RB13A
1C1Y,RB5A,1.907029390335083,1.1353602409362793,0,1C1Y_RB5A
1C1Y,QB12A,1.5808899402618408,0.058990176767110825,0,1C1Y_QB12A
1C1Y,"RB5A,NB10D",2.7525272369384766,1.762003779411316,0,"1C1Y_RB5A,NB10D"
1C1Y,KB30A,1.312620997428894,1.7883527278900146,0,1C1Y_KB30A
1C1Y,KB30E,2.232905387878418,3.7183423042297363,0,1C1Y_KB30E
1C1Y,"KB30A,RB35G",2.6203253269195557,2.8658246994018555,0,"1C1Y_KB30A,RB35G"
1C1Y,RB35L,2.6203253269195557,2.8478586673736572,0,1C1Y_RB35L
1C1Y,DA38A,2.6203253269195557,3.425623893737793,0,1C1Y_DA38A
3EQS,TB1A,0.39184683561325073,0.34222695231437683,0,3EQS_TB1A
3EQS,SB2A,1.2635140419006348,1.4952867031097412,0,3EQS_SB2A
3EQS,FB3A,5.558497428894043,4.1563310623168945,0,3EQS_FB3A
3EQS,EB5A,1.1146223545074463,1.5007314682006836,0,3EQS_EB5A
3EQS,YB6A,3.110555410385132,1.3632341623306274,0,3EQS_YB6A
3EQS,WB7A,6.410199165344238,2.8357350826263428,0,3EQS_WB7A
3EQS,NB8A,-1.111736536026001,0.6586714386940002,0,3EQS_NB8A
3EQS,LB9A,-0.17043781280517578,0.5542323589324951,0,3EQS_LB9A
3EQS,LB10A,3.3343615531921387,2.3061110973358154,0,3EQS_LB10A
3EQS,SB11A,0.11720225214958191,0.07572036236524582,0,3EQS_SB11A
3LNZ,AB8N,1.111736536026001,-1.2572591304779053,0,3LNZ_AB8N
1OHZ,"SB11A,TB12A",0.07970309257507324,0.29074355959892273,0,"1OHZ_SB11A,TB12A"
1OHZ,"SB45A,TB46A",0.07970309257507324,0.7490499019622803,0,"1OHZ_SB45A,TB46A"
1OHZ,"SB11A,TB12A,SB45A,TB46A",0.0,0.6765007972717285,0,"1OHZ_SB11A,TB12A,SB45A,TB46A"
1OHZ,"SB11Q,SB45Q",2.185483932495117,-0.9456210732460022,0,"1OHZ_SB11Q,SB45Q"
1OHZ,"SB11L,TB12L,SB45Q",3.0067968368530273,-0.5644962787628174,0,"1OHZ_SB11L,TB12L,SB45Q"
5XCO,DA13C,0.8112425804138184,0.4565717875957489,0,5XCO_DA13C
5XCO,DA13G,1.1104871034622192,0.645033061504364,0,5XCO_DA13G
5XCO,PB6A,1.0790220499038696,1.4113693237304688,0,5XCO_PB6A
5XCO,LB7A,2.74798321723938,1.0243810415267944,0,5XCO_LB7A
5XCO,YB8A,1.3641711473464966,1.1241271495819092,0,5XCO_YB8A
5XCO,IB9A,2.7973828315734863,0.6743265390396118,0,5XCO_IB9A
5XCO,SB10A,1.2860103845596313,0.13194586336612701,0,5XCO_SB10A
5XCO,YB11A,1.9003349542617798,0.41997578740119934,0,5XCO_YB11A
5XCO,DB12A,2.7973828315734863,0.6429662704467773,0,5XCO_DB12A
5XCO,PB13A,0.6351353526115417,0.3691139817237854,0,5XCO_PB13A
5XCO,VB14A,0.0,-0.46493440866470337,0,5XCO_VB14A
5XCO,"DA13C,PB6A",2.4099628925323486,0.8423891663551331,0,"5XCO_DA13C,PB6A"
5XCO,"DA13C,LB7A",2.7973828315734863,2.27461838722229,0,"5XCO_DA13C,LB7A"
5XCO,"DA13C,YB8A",2.618992567062378,1.24335515499115,0,"5XCO_DA13C,YB8A"
5XCO,"DA13C,IB9A",2.7973828315734863,0.8737362027168274,0,"5XCO_DA13C,IB9A"
5XCO,"DA13C,SB10A",2.4643545150756836,0.465023934841156,0,"5XCO_DA13C,SB10A"
5XCO,"DA13C,YB11A",2.7973828315734863,0.8602904677391052,0,"5XCO_DA13C,YB11A"
5XCO,"DA13C,DB12A",2.7973828315734863,0.9280965328216553,0,"5XCO_DA13C,DB12A"
5XCO,"DA13C,PB13A",1.7475835084915161,0.8010745048522949,0,"5XCO_DA13C,PB13A"
5XCO,"DA13C,VB14A",0.8599647283554077,-0.10339287668466568,0,"5XCO_DA13C,VB14A"
5XCO,"DA13G,PB6A",2.4538683891296387,0.8072469830513,0,"5XCO_DA13G,PB6A"
5XCO,"DA13G,LB7A",2.7973828315734863,2.3471179008483887,0,"5XCO_DA13G,LB7A"
5XCO,"DA13G,YB8A",2.7415082454681396,1.284112572669983,0,"5XCO_DA13G,YB8A"
5XCO,"DA13G,IB9A",2.7973828315734863,0.8510172963142395,0,"5XCO_DA13G,IB9A"
5XCO,"DA13G,SB10A",2.791428565979004,0.4395744800567627,0,"5XCO_DA13G,SB10A"
5XCO,"DA13G,YB11A",2.7973828315734863,1.1008923053741455,0,"5XCO_DA13G,YB11A"
5XCO,"DA13G,DB12A",2.7973828315734863,0.7779271006584167,0,"5XCO_DA13G,DB12A"
5XCO,"DA13G,PB13A",2.1223227977752686,0.7977332472801208,0,"5XCO_DA13G,PB13A"
5XCO,"DA13G,VB14A",1.3228204250335693,0.10374637693166733,0,"5XCO_DA13G,VB14A"
5UFE,GA12D,-1.2214624881744385,-0.39837104082107544,0,5UFE_GA12D
5UFE,GA12D,-1.3788002729415894,-0.39837104082107544,0,5UFE_GA12D
5UFE,GA12C,-0.3963797688484192,0.05109923705458641,0,5UFE_GA12C
5UFE,GA12V,-0.7279252409934998,-0.1286260187625885,0,5UFE_GA12V
5UFQ,DA12G,1.2214624881744385,0.5281403660774231,0,5UFQ_DA12G
5UFQ,DA12G,1.3788002729415894,0.5403775572776794,0,5UFQ_DA12G
5UFQ,DA12C,0.9824205040931702,0.5440593957901001,0,5UFQ_DA12C
5UFQ,DA12V,0.6508750319480896,1.0106768608093262,0,5UFQ_DA12V
5UFE,QB25R,0.29242265224456787,-0.29024994373321533,0,5UFE_QB25R
5UFE,"QB25R,EB33G,DB34G",0.09752010554075241,-0.42619234323501587,0,"5UFE_QB25R,EB33G,DB34G"
5UFE,"GA12D,QB25R",-0.9751043915748596,-0.6695231795310974,0,"5UFE_GA12D,QB25R"
5UFE,GA12D,-1.2214624881744385,-0.39837104082107544,0,5UFE_GA12D
5UFE,"GA12D,QB25R,EB33G,DB34G",-0.9225372672080994,-0.3274373710155487,0,"5UFE_GA12D,QB25R,EB33G,DB34G"
5UFQ,"DA12G,QC25R,KC55G",1.5138851404190063,0.1070878729224205,0,"5UFQ_DA12G,QC25R,KC55G"
5UFQ,DA12G,1.2214624881744385,0.39608854055404663,0,5UFQ_DA12G
5UFQ,"QC25R,KC55G",0.24635806679725647,-0.31006428599357605,0,"5UFQ_QC25R,KC55G"
2WPT,DA30A,-1.420204520225525,1.8467146158218384,0,2WPT_DA30A
2WPT,FB79A,2.6683247089385986,3.1611578464508057,0,2WPT_FB79A
2WPT,"DA30A,FB79A",-0.16468580067157745,3.876122236251831,0,"2WPT_DA30A,FB79A"
2WPT,NA31A,-0.13855770230293274,0.764208972454071,0,2WPT_NA31A
2WPT,SB77A,-0.08617144078016281,0.25608569383621216,0,2WPT_SB77A
2WPT,"SB77A,NA31A",-0.43725475668907166,0.6782864332199097,0,"2WPT_SB77A,NA31A"
