complex,mutstr,ddG,ddG_pred,fold,key
1Y33,PI39T,-3.756010055541992,-4.472143650054932,4,1Y33_PI39T
1GCQ,PC5A,0.7678360939025879,1.5389713048934937,4,1GCQ_PC5A
1GCQ,AC42G,1.3534959554672241,0.35151374340057373,4,1GCQ_AC42G
1GCQ,WC47Y,2.1472480297088623,0.014982379972934723,4,1GCQ_WC47Y
1GCQ,PC67A,1.3164557218551636,1.544874668121338,4,1GCQ_PC67A
1GCQ,PC18A,0.1208081841468811,0.38339462876319885,4,1GCQ_PC18A
1GCQ,PC19A,0.08525039255619049,0.03131384402513504,4,1GCQ_PC19A
1GCQ,GC21V,-0.025214528664946556,0.5237823724746704,4,1GCQ_GC21V
3D5S,AC31R,-2.2467401027679443,-1.8105072975158691,4,3D5S_AC31R
3D5R,AC38N,-1.5695295333862305,-0.9647348523139954,4,3D5R_AC38N
3D5S,AC31R,-1.5196093320846558,-1.963818907737732,4,3D5S_AC31R
3D5R,AC38N,-1.3337823152542114,-0.9647348523139954,4,3D5R_AC38N
2NOJ,"RB24A,NB31A",0.7486768364906311,1.9983021020889282,4,"2NOJ_RB24A,NB31A"
2VIR,SC115L,3.681856870651245,-0.1696459949016571,4,2VIR_SC115L
2VIR,TC89I,4.913825988769531,6.194495677947998,4,2VIR_TC89I
2VLN,AB75N,-2.3355860710144043,-1.4925283193588257,4,2VLN_AB75N
1KIQ,FB101Y,-2.4960761070251465,-2.5974926948547363,4,1KIQ_FB101Y
2B10,SB87F,-1.1648274660110474,-1.6476237773895264,4,2B10_SB87F
1LFD,RA7A,1.5992153882980347,1.71644127368927,4,1LFD_RA7A
1LFD,SA9K,0.8984887003898621,-0.1907755434513092,4,1LFD_SA9K
1LFD,LA10K,-0.5018116235733032,0.16166770458221436,4,1LFD_LA10K
1LFD,NA14K,0.39763498306274414,0.014756657183170319,4,1LFD_NA14K
1LFD,MA17K,-0.4014550745487213,0.30170944333076477,4,1LFD_MA17K
1LFD,KA19A,1.4974024295806885,1.7486056089401245,4,1LFD_KA19A
1LFD,KA35A,0.29746535420417786,0.08150047808885574,4,1LFD_KA35A
1LFD,DA38A,-0.6010016798973083,0.40469199419021606,4,1LFD_DA38A
1LFD,DA38K,-0.9017500281333923,0.33065265417099,4,1LFD_DA38K
1LFD,KA39A,1.8000420331954956,1.5871528387069702,4,1LFD_KA39A
1LFD,NA41K,-0.10145894438028336,0.24920886754989624,4,1LFD_NA41K
1LFD,LA42K,0.0,-0.16930192708969116,4,1LFD_LA42K
1LFD,DA43A,-0.4014550745487213,0.1995471715927124,4,1LFD_DA43A
1LFD,EA44A,-0.4014550745487213,0.07384530454874039,4,1LFD_EA44A
1LFD,EA44K,-0.10145894438028336,-0.30940133333206177,4,1LFD_EA44K
1LFD,DA45K,-0.5018116235733032,0.0034192875027656555,4,1LFD_DA45K
1LFD,NA79K,-0.4014550745487213,-0.14305326342582703,4,1LFD_NA79K
1LFD,YA80K,0.19934363663196564,0.3397771120071411,4,1LFD_YA80K
1LFD,DA81K,-0.9017500281333923,0.7732295989990234,4,1LFD_DA81K
1LFD,"MA17K,DA45K",-0.20182165503501892,0.27621302008628845,4,"1LFD_MA17K,DA45K"
1LFD,"MA17K,DA81K",-0.4014550745487213,1.6558152437210083,4,"1LFD_MA17K,DA81K"
1LFD,"MA17K,DA38K,DA45K",-1.8022412061691284,0.4953232407569885,4,"1LFD_MA17K,DA38K,DA45K"
1LFD,"MA17K,DA38K,DA45K,DA81K",-0.9017500281333923,1.2879670858383179,4,"1LFD_MA17K,DA38K,DA45K,DA81K"
1LFD,"DA38K,DA43K,EA44K",-1.2028181552886963,0.40487363934516907,4,"1LFD_DA38K,DA43K,EA44K"
1LFD,"DA45K,DA81K",-0.7013956308364868,0.8472079634666443,4,"1LFD_DA45K,DA81K"
1LFD,RA7A,1.1360437870025635,1.690208077430725,4,1LFD_RA7A
1LFD,SA9K,-0.11787066608667374,-0.1907755434513092,4,1LFD_SA9K
1LFD,LA10K,-0.015469598583877087,0.1643066108226776,4,1LFD_LA10K
1LFD,NA14K,0.40297210216522217,-0.03162219375371933,4,1LFD_NA14K
1LFD,MA17K,-0.9208399057388306,0.2896745800971985,4,1LFD_MA17K
1LFD,KA19A,1.326342225074768,1.7408498525619507,4,1LFD_KA19A
1LFD,KA35A,0.2582642138004303,0.06588131934404373,4,1LFD_KA35A
1LFD,DA38A,-0.5790618062019348,0.40379536151885986,4,1LFD_DA38A
1LFD,DA38K,-1.0864804983139038,0.31645768880844116,4,1LFD_DA38K
1LFD,KA39A,1.1793076992034912,1.7280234098434448,4,1LFD_KA39A
1LFD,NA41K,-1.1683279275894165,0.27835798263549805,4,1LFD_NA41K
1LFD,LA42K,-0.5710011124610901,-0.16865035891532898,4,1LFD_LA42K
1LFD,DA43A,-0.2796773910522461,0.16736802458763123,4,1LFD_DA43A
1LFD,EA44A,-0.24635806679725647,0.06333891302347183,4,1LFD_EA44A
1LFD,EA44K,-0.28459402918815613,-0.30940133333206177,4,1LFD_EA44K
1LFD,DA45K,-0.9065632224082947,0.0034192875027656555,4,1LFD_DA45K
1LFD,NA79K,-0.5630486011505127,-0.13607868552207947,4,1LFD_NA79K
1LFD,YA80K,0.07719918340444565,0.3508075475692749,4,1LFD_YA80K
1LFD,DA81K,-1.1467818021774292,0.752298891544342,4,1LFD_DA81K
1LFD,"MA17K,DA45K",-1.0494401454925537,0.31592947244644165,4,"1LFD_MA17K,DA45K"
1LFD,"MA17K,DA81K",-0.9065632224082947,1.6856861114501953,4,"1LFD_MA17K,DA81K"
1LFD,"MA17K,DA38K,DA45K",-1.9596909284591675,0.947553813457489,4,"1LFD_MA17K,DA38K,DA45K"
1LFD,"MA17K,DA38K,DA45K,DA81K",-1.7567819356918335,0.7479439973831177,4,"1LFD_MA17K,DA38K,DA45K,DA81K"
1LFD,"DA38K,DA43K,EA44K",-1.5574382543563843,0.3932536244392395,4,"1LFD_DA38K,DA43K,EA44K"
1LFD,"DA45K,DA81K",-0.6039235591888428,0.8472079634666443,4,"1LFD_DA45K,DA81K"
1KTZ,VA62I,0.2429177165031433,0.036133356392383575,4,1KTZ_VA62I
1KTZ,RA13K,1.1516977548599243,0.08458978682756424,4,1KTZ_RA13K
1KTZ,RA64K,2.2014970779418945,-0.07640623301267624,4,1KTZ_RA64K
1KTZ,RA13A,1.481581449508667,1.2630335092544556,4,1KTZ_RA13A
1KTZ,RA64A,2.884404420852661,0.13131877779960632,4,1KTZ_RA64A
1KTZ,LB3A,1.8249237537384033,1.7472248077392578,4,1KTZ_LB3A
1KTZ,FB6A,2.980065107345581,0.5846619606018066,4,1KTZ_FB6A
1KTZ,DB8A,1.5216164588928223,0.5513496994972229,4,1KTZ_DB8A
1KTZ,DB8N,2.0003442764282227,-0.12874293327331543,4,1KTZ_DB8N
1KTZ,SB25A,0.3265458643436432,0.03610406070947647,4,1KTZ_SB25A
1KTZ,IB26A,1.8964810371398926,1.5961804389953613,4,1KTZ_IB26A
1KTZ,TB27A,1.5135467052459717,0.9758942723274231,4,1KTZ_TB27A
1KTZ,SB28A,0.216517373919487,-0.015123657882213593,4,1KTZ_SB28A
1KTZ,SB28L,4.037786483764648,-1.997226595878601,4,1KTZ_SB28L
1KTZ,IB29A,1.3702386617660522,1.3350642919540405,4,1KTZ_IB29A
1KTZ,EB31A,1.2165226936340332,0.23182594776153564,4,1KTZ_EB31A
1KTZ,VB53A,0.4149967432022095,0.17819276452064514,4,1KTZ_VB53A
1KTZ,DB94A,0.8147421479225159,-0.02332942932844162,4,1KTZ_DB94A
1KTZ,EB95A,1.4942781925201416,0.8821263313293457,4,1KTZ_EB95A
1KTZ,EB95Q,1.6271791458129883,0.3298697769641876,4,1KTZ_EB95Q
1KTZ,NB23A,0.28495320677757263,0.2722615599632263,4,1KTZ_NB23A
1KTZ,VB38A,0.6479637026786804,0.8260008692741394,4,1KTZ_VB38A
1KTZ,EB51A,1.0801141262054443,0.26861101388931274,4,1KTZ_EB51A
1KTZ,HB55A,0.29562830924987793,1.4912883043289185,4,1KTZ_HB55A
1KTZ,FB86A,0.9322267174720764,0.5429856181144714,4,1KTZ_FB86A
1KTZ,MB88A,0.8714090585708618,0.3511682450771332,4,1KTZ_MB88A
1KTZ,IB101A,0.5393629670143127,0.4167031943798065,4,1KTZ_IB101A
2QJ9,"RC57K,TC59S,IC61K,PC62A,HC63Q,QC64L,SC67T",-0.7299859523773193,-0.3072938919067383,4,"2QJ9_RC57K,TC59S,IC61K,PC62A,HC63Q,QC64L,SC67T"
2QJ9,"AC43T,MC47L,KC48G,YC49L",-0.46220648288726807,-0.7852621078491211,4,"2QJ9_AC43T,MC47L,KC48G,YC49L"
2QJ9,"AC43T,MC47L,KC48G,YC49L,GC11H,DC15E,AC30T,IC31M",0.4228723645210266,0.8403576016426086,4,"2QJ9_AC43T,MC47L,KC48G,YC49L,GC11H,DC15E,AC30T,IC31M"
1JTG,GA212S,-0.26777946949005127,0.9704452157020569,4,1JTG_GA212S
1JTG,EA79K,4.2353901863098145,0.6887902617454529,4,1JTG_EA79K
1JTG,DB49A,2.5614840984344482,2.73454213142395,4,1JTG_DB49A
1JTG,FB142A,3.3792171478271484,2.743539810180664,4,1JTG_FB142A
1JTG,"GA212S,DB49A",2.6352171897888184,2.362959146499634,4,"1JTG_GA212S,DB49A"
1JTG,"GA212S,FB142A",3.681856870651245,2.6192357540130615,4,"1JTG_GA212S,FB142A"
1JTG,"EA79K,DB49A",5.640436172485352,3.014909029006958,4,"1JTG_EA79K,DB49A"
1JTG,"EA79K,FB142A",4.554719924926758,2.990593671798706,4,"1JTG_EA79K,FB142A"
1JTG,DB49A,1.8142549991607666,2.750260829925537,4,1JTG_DB49A
1JTG,"SA209A,DB49A",1.6411057710647583,1.7703449726104736,4,"1JTG_SA209A,DB49A"
1JTG,"SA105A,DB49A",1.384631872177124,2.4058918952941895,4,"1JTG_SA105A,DB49A"
1JTG,"SA209A,SA105A,DB49A",1.0941568613052368,0.9927764534950256,4,"1JTG_SA209A,SA105A,DB49A"
1JTG,"RA217A,DB49A",1.1116822957992554,2.7970893383026123,4,"1JTG_RA217A,DB49A"
1JTG,"KA208A,DB49A",1.5540213584899902,2.0560269355773926,4,"1JTG_KA208A,DB49A"
1JTG,"RA217A,SA209A,DB49A",0.4080484211444855,1.6934937238693237,4,"1JTG_RA217A,SA209A,DB49A"
1JTG,"RA217A,SA105A,DB49A",1.2549387216567993,2.306835174560547,4,"1JTG_RA217A,SA105A,DB49A"
1JTG,"SA209A,KA208A,DB49A",1.5348256826400757,0.7006375193595886,4,"1JTG_SA209A,KA208A,DB49A"
1JTG,"KA208A,SA105A,DB49A",1.3181935548782349,1.9840565919876099,4,"1JTG_KA208A,SA105A,DB49A"
1JTG,"RA217A,SA209A,SA105A,DB49A",0.8942657113075256,1.5014482736587524,4,"1JTG_RA217A,SA209A,SA105A,DB49A"
1JTG,"SA209A,SA105A,KA208A,DB49A",0.6092560887336731,0.9215925335884094,4,"1JTG_SA209A,SA105A,KA208A,DB49A"
1JTG,"RA217A,KA208A,DB49A",1.904421329498291,2.357725143432617,4,"1JTG_RA217A,KA208A,DB49A"
1JTG,"RA217A,SA209A,KA208A,DB49A",2.032426357269287,0.9964177012443542,4,"1JTG_RA217A,SA209A,KA208A,DB49A"
1JTG,"KA208A,SA105A,RA217A,DB49A",1.4909703731536865,1.4610527753829956,4,"1JTG_KA208A,SA105A,RA217A,DB49A"
1JTG,"KA208A,SA209A,SA105A,RA217A,DB49A",1.726972222328186,1.0684714317321777,4,"1JTG_KA208A,SA209A,SA105A,RA217A,DB49A"
1JTG,SA209A,1.23908269405365,-0.1981249451637268,4,1JTG_SA209A
1JTG,SA105A,0.7919731140136719,0.41756847500801086,4,1JTG_SA105A
1JTG,"SA209A,SA105A",1.152734398841858,0.4002196490764618,4,"1JTG_SA209A,SA105A"
1JTG,RA217A,1.3393713235855103,0.6939463019371033,4,1JTG_RA217A
1JTG,KA208A,1.4172372817993164,0.3597646951675415,4,1JTG_KA208A
1JTG,"RA217A,SA209A",0.7395939230918884,0.048491038382053375,4,"1JTG_RA217A,SA209A"
1JTG,"RA217A,SA105A",1.8496946096420288,0.6368386149406433,4,"1JTG_RA217A,SA105A"
1JTG,"SA209A,KA208A",2.0937232971191406,-0.8785770535469055,4,"1JTG_SA209A,KA208A"
1JTG,"KA208A,SA105A",1.9795986413955688,0.38006025552749634,4,"1JTG_KA208A,SA105A"
1JTG,"RA217A,SA209A,SA105A",1.6881089210510254,0.4423622488975525,4,"1JTG_RA217A,SA209A,SA105A"
1JTG,"SA209A,SA105A,KA208A",1.8496946096420288,0.020383991301059723,4,"1JTG_SA209A,SA105A,KA208A"
1JTG,"RA217A,KA208A",2.730074644088745,1.014765739440918,4,"1JTG_RA217A,KA208A"
1JTG,"RA217A,SA209A,KA208A",2.7169570922851562,-0.5780234932899475,4,"1JTG_RA217A,SA209A,KA208A"
1JTG,"KA208A,SA105A,RA217A",2.5094218254089355,0.36398422718048096,4,"1JTG_KA208A,SA105A,RA217A"
1JTG,"KA208A,SA209A,SA105A,RA217A",2.788503646850586,0.059143103659152985,4,"1JTG_KA208A,SA209A,SA105A,RA217A"
1JTG,DB49A,1.7919657230377197,2.750260829925537,4,1JTG_DB49A
1JTG,KB74A,3.559509038925171,0.468677818775177,4,1JTG_KB74A
1JTG,FB142A,2.102992057800293,2.641415596008301,4,1JTG_FB142A
1JTG,YB143A,0.3820299804210663,1.4092293977737427,4,1JTG_YB143A
1JTG,"KB74A,FB142A",4.852370262145996,2.8093299865722656,4,"1JTG_KB74A,FB142A"
1JTG,"KB74A,YB143A",3.0586442947387695,1.737916111946106,4,"1JTG_KB74A,YB143A"
1JTG,"FB142A,YB143A",2.843151092529297,2.696920394897461,4,"1JTG_FB142A,YB143A"
1JTG,"KB74A,FB142A,YB143A",3.8954012393951416,2.7640981674194336,4,"1JTG_KB74A,FB142A,YB143A"
1JTG,EA79A,1.552952527999878,1.6290283203125,4,1JTG_EA79A
1JTG,"KB74A,EA79A",1.5768485069274902,1.419547200202942,4,"1JTG_KB74A,EA79A"
1JTG,"FB142A,EA79A",2.7478888034820557,2.470102310180664,4,"1JTG_FB142A,EA79A"
1JTG,"YB143A,EA79A",1.8645553588867188,2.626891851425171,4,"1JTG_YB143A,EA79A"
1JTG,"KB74A,FB142A,EA79A",3.130239963531494,2.5403928756713867,4,"1JTG_KB74A,FB142A,EA79A"
1JTG,"KB74A,YB143A,EA79A",1.0506681203842163,2.162550449371338,4,"1JTG_KB74A,YB143A,EA79A"
1JTG,"FB142A,YB143A,EA79A",2.8912806510925293,2.3326494693756104,4,"1JTG_FB142A,YB143A,EA79A"
1JTG,"KB74A,FB142A,YB143A,EA79A",2.3889827728271484,2.285538911819458,4,"1JTG_KB74A,FB142A,YB143A,EA79A"
1JTG,YA80A,-0.16837136447429657,1.6045362949371338,4,1JTG_YA80A
1JTG,"KB74A,YA80A",3.322336435317993,1.7427101135253906,4,"1JTG_KB74A,YA80A"
1JTG,"FB142A,YA80A",0.6943662762641907,3.094304084777832,4,"1JTG_FB142A,YA80A"
1JTG,"YB143A,YA80A",1.0754432678222656,2.3433780670166016,4,"1JTG_YB143A,YA80A"
1JTG,"KB74A,FB142A,YA80A",4.779135227203369,2.8235597610473633,4,"1JTG_KB74A,FB142A,YA80A"
1JTG,"KB74A,YB143A,YA80A",3.3951475620269775,2.348994016647339,4,"1JTG_KB74A,YB143A,YA80A"
1JTG,"FB142A,YB143A,YA80A",2.9869043827056885,2.758608102798462,4,"1JTG_FB142A,YB143A,YA80A"
1JTG,"KB74A,FB142A,YB143A,YA80A",4.229416370391846,2.9009108543395996,4,"1JTG_KB74A,FB142A,YB143A,YA80A"
1JTG,"EA79A,YA80A",1.0270099639892578,2.252309799194336,4,"1JTG_EA79A,YA80A"
1JTG,"KB74A,EA79A,YA80A",1.3861162662506104,2.0629374980926514,4,"1JTG_KB74A,EA79A,YA80A"
1JTG,"FB142A,EA79A,YA80A",1.5050040483474731,2.7952346801757812,4,"1JTG_FB142A,EA79A,YA80A"
1JTG,"YB143A,EA79A,YA80A",2.054677724838257,2.4876530170440674,4,"1JTG_YB143A,EA79A,YA80A"
1JTG,"KB74A,FB142A,EA79A,YA80A",3.130239963531494,2.356595039367676,4,"1JTG_KB74A,FB142A,EA79A,YA80A"
1JTG,"KB74A,YB143A,EA79A,YA80A",1.7679566144943237,2.308927536010742,4,"1JTG_KB74A,YB143A,EA79A,YA80A"
1JTG,"FB142A,YB143A,EA79A,YA80A",2.843151092529297,2.5997238159179688,4,"1JTG_FB142A,YB143A,EA79A,YA80A"
1JTG,"KB74A,FB142A,YB143A,EA79A,YA80A",2.412727117538452,2.5180838108062744,4,"1JTG_KB74A,FB142A,YB143A,EA79A,YA80A"
1JTG,RA217A,1.2657638788223267,0.6823700070381165,4,1JTG_RA217A
1JTG,"DB49A,RA217A",1.0992237329483032,2.311944007873535,4,"1JTG_DB49A,RA217A"
1JTG,"KB74A,RA217A",6.62026834487915,1.1108325719833374,4,"1JTG_KB74A,RA217A"
1JTG,"FB142A,RA217A",3.3951475620269775,3.0722851753234863,4,"1JTG_FB142A,RA217A"
1JTG,"YB143A,RA217A",2.269850254058838,1.924236536026001,4,"1JTG_YB143A,RA217A"
1JTG,"KB74A,FB142A,RA217A",5.496315956115723,3.072812557220459,4,"1JTG_KB74A,FB142A,RA217A"
1JTG,"KB74A,YB143A,RA217A",4.373137474060059,2.51694917678833,4,"1JTG_KB74A,YB143A,RA217A"
1JTG,"FB142A,YB143A,RA217A",4.542801380157471,2.9973487854003906,4,"1JTG_FB142A,YB143A,RA217A"
1JTG,"KB74A,FB142A,YB143A,RA217A",5.257837295532227,3.193856716156006,4,"1JTG_KB74A,FB142A,YB143A,RA217A"
1JTG,KA208A,1.0270099639892578,0.40318578481674194,4,1JTG_KA208A
1JTG,"DB49A,KA208A",1.6006518602371216,2.2146551609039307,4,"1JTG_DB49A,KA208A"
1JTG,"KB74A,KA208A",6.548087120056152,0.8716384768486023,4,"1JTG_KB74A,KA208A"
1JTG,"FB142A,KA208A",3.3951475620269775,2.9366915225982666,4,"1JTG_FB142A,KA208A"
1JTG,"YB143A,KA208A",2.5566611289978027,1.9011430740356445,4,"1JTG_YB143A,KA208A"
1JTG,"KB74A,FB142A,KA208A",5.830841064453125,3.1157398223876953,4,"1JTG_KB74A,FB142A,KA208A"
1JTG,"KB74A,YB143A,KA208A",4.876004219055176,2.229464530944824,4,"1JTG_KB74A,YB143A,KA208A"
1JTG,"FB142A,YB143A,KA208A",4.68193244934082,2.9578776359558105,4,"1JTG_FB142A,YB143A,KA208A"
1JTG,"KB74A,FB142A,YB143A,KA208A",5.472614765167236,2.9118003845214844,4,"1JTG_KB74A,FB142A,YB143A,KA208A"
1JTG,SA105A,0.33384764194488525,0.5921080708503723,4,1JTG_SA105A
1JTG,"DB49A,SA105A",0.35808926820755005,2.5035362243652344,4,"1JTG_DB49A,SA105A"
1JTG,"KB74A,SA105A",3.1786303520202637,0.29204219579696655,4,"1JTG_KB74A,SA105A"
1JTG,"FB142A,SA105A",2.843151092529297,1.8443833589553833,4,"1JTG_FB142A,SA105A"
1JTG,"YB143A,SA105A",1.7919657230377197,1.5707842111587524,4,"1JTG_YB143A,SA105A"
1JTG,"KB74A,FB142A,SA105A",5.161859035491943,1.8312933444976807,4,"1JTG_KB74A,FB142A,SA105A"
1JTG,"KB74A,YB143A,SA105A",3.7284178733825684,1.0940390825271606,4,"1JTG_KB74A,YB143A,SA105A"
1JTG,"FB142A,YB143A,SA105A",4.158278465270996,1.82216215133667,4,"1JTG_FB142A,YB143A,SA105A"
1JTG,"KB74A,FB142A,YB143A,SA105A",5.066775321960449,1.8188356161117554,4,"1JTG_KB74A,FB142A,YB143A,SA105A"
1JTG,QA74A,0.42960184812545776,-0.235769122838974,4,1JTG_QA74A
1JTG,NA75A,-0.4558051824569702,0.35389918088912964,4,1JTG_NA75A
1JTG,VA78A,1.9107438325881958,0.6671374440193176,4,1JTG_VA78A
1JTG,EA79A,1.7679566144943237,1.2717559337615967,4,1JTG_EA79A
1JTG,PA82A,-0.38275691866874695,2.022007942199707,4,1JTG_PA82A
1JTG,EA85A,4.0619282722473145,0.04970038682222366,4,1JTG_EA85A
1JTG,MA104A,0.7388210296630859,3.0422489643096924,4,1JTG_MA104A
1JTG,EA143A,-0.07258199155330658,0.529405951499939,4,1JTG_EA143A
1JTG,VA190A,-0.4069419801235199,0.3891870677471161,4,1JTG_VA190A
1JTG,FB36A,3.2014195919036865,0.9001703858375549,4,1JTG_FB36A
1JTG,HB41A,3.2497003078460693,0.43573713302612305,4,1JTG_HB41A
1JTG,DB49A,1.6727427244186401,2.6852023601531982,4,1JTG_DB49A
1JTG,YB50A,-0.4069419801235199,3.0931193828582764,4,1JTG_YB50A
1JTG,YB53A,2.077467203140259,1.8801703453063965,4,1JTG_YB53A
1JTG,SB71A,0.35808926820755005,0.9630613923072815,4,1JTG_SB71A
1JTG,KB74A,3.8236682415008545,0.37425002455711365,4,1JTG_KB74A
1JTG,WB112A,3.0105111598968506,0.8729613423347473,4,1JTG_WB112A
1JTG,SB113A,-0.16837136447429657,-0.04197143763303757,4,1JTG_SB113A
1JTG,FB142A,2.508270740509033,2.7130417823791504,4,1JTG_FB142A
1JTG,HB148A,2.7478888034820557,1.019071102142334,4,1JTG_HB148A
1JTG,WB150A,4.253561973571777,0.526448130607605,4,1JTG_WB150A
1JTG,RB160A,2.2222042083740234,0.9522551894187927,4,1JTG_RB160A
1JTG,WB162A,2.3408265113830566,1.2494940757751465,4,1JTG_WB162A
1JTG,"QA74A,HB148A",3.2014195919036865,0.23132234811782837,4,"1JTG_QA74A,HB148A"
1JTG,"QA74A,WB150A",3.8236682415008545,0.34061211347579956,4,"1JTG_QA74A,WB150A"
1JTG,"QA74A,RB160A",3.7509472370147705,0.5138821601867676,4,"1JTG_QA74A,RB160A"
1JTG,"NA75A,HB148A",2.102992057800293,0.8220509886741638,4,"1JTG_NA75A,HB148A"
1JTG,"NA75A,WB150A",4.349467754364014,0.8907814025878906,4,"1JTG_NA75A,WB150A"
1JTG,"NA75A,RB160A",1.5768485069274902,0.89061039686203,4,"1JTG_NA75A,RB160A"
1JTG,"EA143A,WB162A",2.077467203140259,1.251688003540039,4,"1JTG_EA143A,WB162A"
1JTG,"VA78A,WB162A",4.229416370391846,1.5024052858352661,4,"1JTG_VA78A,WB162A"
1JTG,"MA104A,YB53A",3.6092748641967773,4.166513919830322,4,"1JTG_MA104A,YB53A"
1JTG,"MA104A,YB50A",0.35808926820755005,4.661421298980713,4,"1JTG_MA104A,YB50A"
1JTG,"MA104A,FB36A",3.631322145462036,3.348789691925049,4,"1JTG_MA104A,FB36A"
1JTG,"PA82A,HB41A",2.6529457569122314,1.6215696334838867,4,"1JTG_PA82A,HB41A"
1JTG,"PA82A,YB50A",-0.6471605896949768,3.317828416824341,4,"1JTG_PA82A,YB50A"
1JTG,"PA82A,YB53A",2.3889827728271484,2.528369903564453,4,"1JTG_PA82A,YB53A"
1JTG,"VA190A,YB50A",-0.8855306506156921,2.8266994953155518,4,"1JTG_VA190A,YB50A"
1JTG,"EA85A,SB113A,SB71A",5.042290210723877,0.21155709028244019,4,"1JTG_EA85A,SB113A,SB71A"
1JTG,"EA85A,SB113A",4.565590858459473,0.16727104783058167,4,"1JTG_EA85A,SB113A"
1JTG,"EA85A,SB71A",5.019353866577148,0.08245161920785904,4,"1JTG_EA85A,SB71A"
1JTG,"SB71A,SB113A",0.45606809854507446,0.7497366070747375,4,"1JTG_SB71A,SB113A"
1JTG,"EA79A,SB113A",1.8645553588867188,1.1187164783477783,4,"1JTG_EA79A,SB113A"
1JTG,"QA74A,WB112A",3.537736654281616,0.2323441505432129,4,"1JTG_QA74A,WB112A"
1JTG,"QA74A,WB162A",2.8912806510925293,0.6331003308296204,4,"1JTG_QA74A,WB162A"
1JTG,"QA74A,KB74A",4.109651565551758,-0.059140853583812714,4,"1JTG_QA74A,KB74A"
1JTG,"QA74A,FB142A",2.819136619567871,2.1817240715026855,4,"1JTG_QA74A,FB142A"
1JTG,"QA74A,DB49A",2.1983838081359863,2.4759654998779297,4,"1JTG_QA74A,DB49A"
1JTG,"NA75A,WB112A",2.795217752456665,0.7874745726585388,4,"1JTG_NA75A,WB112A"
1JTG,"NA75A,WB162A",2.102992057800293,1.202370524406433,4,"1JTG_NA75A,WB162A"
1JTG,"NA75A,RB160A",1.5768485069274902,0.9434073567390442,4,"1JTG_NA75A,RB160A"
1JTG,"NA75A,KB74A",3.5118329524993896,0.5557080507278442,4,"1JTG_NA75A,KB74A"
1JTG,"NA75A,FB142A",2.2936041355133057,2.3765110969543457,4,"1JTG_NA75A,FB142A"
1JTG,"NA75A,DB49A",1.5768485069274902,2.5508780479431152,4,"1JTG_NA75A,DB49A"
1JTG,"VA78A,RB160A",4.349467754364014,0.9240372180938721,4,"1JTG_VA78A,RB160A"
1JTG,"VA78A,FB142A",4.516676902770996,2.8446455001831055,4,"1JTG_VA78A,FB142A"
1JTG,"EA143A,WB112A",2.795217752456665,0.9931017756462097,4,"1JTG_EA143A,WB112A"
1JTG,"EA143A,WB150A",4.109651565551758,0.8221896886825562,4,"1JTG_EA143A,WB150A"
1JTG,"EA143A,RB160A",2.3189265727996826,0.8112255930900574,4,"1JTG_EA143A,RB160A"
1JTG,"EA143A,KB74A",4.0619282722473145,0.6633153557777405,4,"1JTG_EA143A,KB74A"
1JTG,"EA143A,FB142A",2.581045150756836,2.258249282836914,4,"1JTG_EA143A,FB142A"
1JTG,"EA143A,DB49A",1.5050040483474731,2.9164180755615234,4,"1JTG_EA143A,DB49A"
1JTG,"EA85A,YB50A",3.9671037197113037,1.8386279344558716,4,"1JTG_EA85A,YB50A"
1JTG,"MA104A,SB113A,SB71A",1.6727427244186401,3.4414610862731934,4,"1JTG_MA104A,SB113A,SB71A"
1JTG,"VA190A,FB142A",2.1983838081359863,2.7255752086639404,4,"1JTG_VA190A,FB142A"
1JTG,"EA79A,SB113A,SB71A",2.581045150756836,1.3287097215652466,4,"1JTG_EA79A,SB113A,SB71A"
1JTG,TB32K,0.19934363663196564,-0.04428275674581528,4,1JTG_TB32K
1JTG,VB93K,-0.4757164716720581,0.04270333796739578,4,1JTG_VB93K
1JTG,TB140K,-0.014392253942787647,0.13522526621818542,4,1JTG_TB140K
1JTG,NB89K,-0.4549265205860138,0.24155530333518982,4,1JTG_NB89K
1JTG,DB163A,-1.3409347534179688,0.40662550926208496,4,1JTG_DB163A
1JTG,DB163K,-1.982764482498169,0.33715951442718506,4,1JTG_DB163K
1JTG,"TB140K,QB157K",-0.396605521440506,0.126610666513443,4,"1JTG_TB140K,QB157K"
1JTG,"VB165K,DB163K,NB89K",-2.393420934677124,0.5042392611503601,4,"1JTG_VB165K,DB163K,NB89K"
1JTG,"DB163K,DB135K,VB134K",-3.0551669597625732,-0.19525134563446045,4,"1JTG_DB163K,DB135K,VB134K"
1JTG,"VB165K,DB163K,DB135K,NB89K",-3.36055588722229,0.39276763796806335,4,"1JTG_VB165K,DB163K,DB135K,NB89K"
1JTG,KA86N,0.1809239685535431,-1.7857489585876465,4,1JTG_KA86N
1JTG,RA214Y,-0.14287693798542023,-0.22258201241493225,4,1JTG_RA214Y
1JTG,PA82Q,0.46132421493530273,-1.0560122728347778,4,1JTG_PA82Q
1JTG,EA143G,-0.17043781280517578,0.5057525038719177,4,1JTG_EA143G
1JTG,EA85V,-0.6724210977554321,-1.5047543048858643,4,1JTG_EA85V
1JTG,EA85G,-0.9126397371292114,-0.47772035002708435,4,1JTG_EA85G
1JTG,EA146K,-0.6100000739097595,-0.44227302074432373,4,1JTG_EA146K
1JTG,"EA85G,EA143G",-0.6100000739097595,-0.09278547018766403,4,"1JTG_EA85G,EA143G"
1JTG,"EA85V,EA143G",-0.7422019243240356,-1.0623222589492798,4,"1JTG_EA85V,EA143G"
1JTG,EA213K,-0.4106564223766327,0.810266375541687,4,1JTG_EA213K
1H9D,RB2A,1.1621885299682617,0.27168720960617065,4,1H9D_RB2A
1H9D,VB3A,1.4024070501327515,0.49029266834259033,4,1H9D_VB3A
1H9D,GB60A,2.077467203140259,0.9257004261016846,4,1H9D_GB60A
1H9D,QB66A,1.3641711473464966,0.8197137713432312,4,1H9D_QB66A
1H9D,LB93A,0.9402005672454834,0.8304259181022644,4,1H9D_LB93A
1H9D,NB94A,2.3043715953826904,1.0205243825912476,4,1H9D_NB94A
2G2U,EB31A,0.6508750319480896,0.11732495576143265,4,2G2U_EB31A
2G2U,SB35A,-0.9508990049362183,0.11293066293001175,4,2G2U_SB35A
2G2U,FB36A,2.763950824737549,0.8616223335266113,4,2G2U_FB36A
2G2U,SB39A,-0.9561419486999512,0.42541074752807617,4,2G2U_SB39A
2G2U,HB41A,1.7170486450195312,0.24725091457366943,4,2G2U_HB41A
2G2U,GB48A,-0.42659780383110046,0.6804733872413635,4,2G2U_GB48A
2G2U,YB50A,-2.0757222175598145,3.47583270072937,4,2G2U_YB50A
2G2U,YB51A,-0.6287487745285034,1.0771666765213013,4,2G2U_YB51A
2G2U,YB53A,2.3017444610595703,1.413569450378418,4,2G2U_YB53A
2G2U,SB71A,-0.5122073292732239,0.060843296349048615,4,2G2U_SB71A
2G2U,EB73A,-1.9794374704360962,1.403760313987732,4,2G2U_EB73A
2G2U,KB74A,-0.21733520925045013,0.05803234130144119,4,2G2U_KB74A
2G2U,WB112A,0.9587345719337463,0.733821451663971,4,2G2U_WB112A
2G2U,SB113A,-0.6123114824295044,-0.058342330157756805,4,2G2U_SB113A
2G2U,GB141A,-0.4138105511665344,1.2774087190628052,4,2G2U_GB141A
2G2U,FB142A,0.2758272886276245,1.6584720611572266,4,2G2U_FB142A
2G2U,YB143A,-1.8472355604171753,2.3543410301208496,4,2G2U_YB143A
2G2U,RB144A,-0.3423922061920166,0.6545400619506836,4,2G2U_RB144A
2G2U,HB148A,1.118950605392456,1.1940529346466064,4,2G2U_HB148A
2G2U,WB150A,1.7852216958999634,0.22511640191078186,4,2G2U_WB150A
2G2U,RB160A,0.6697938442230225,0.864433765411377,4,2G2U_RB160A
2G2U,WB162A,0.5312100648880005,1.3255329132080078,4,2G2U_WB162A
2G2U,"EB73A,YB50A",-2.452514886856079,2.279003858566284,4,"2G2U_EB73A,YB50A"
2G2U,"YB50A,YB143A",-2.0757222175598145,3.761186122894287,4,"2G2U_YB50A,YB143A"
2G2U,"EB73A,YB143A",-1.8355034589767456,2.7527072429656982,4,"2G2U_EB73A,YB143A"
2G2U,"WB112A,YB143A",-0.40960875153541565,3.0390429496765137,4,"2G2U_WB112A,YB143A"
2G2U,"WB150A,YB143A",0.9891233444213867,2.3681416511535645,4,"2G2U_WB150A,YB143A"
2G2U,"EB73M,FB142W,YB143F",-1.1080924272537231,-0.669640064239502,4,"2G2U_EB73M,FB142W,YB143F"
2G2U,"EB73M,SB130K,FB142W,YB143F,SB146M",-2.9318337440490723,0.3648412227630615,4,"2G2U_EB73M,SB130K,FB142W,YB143F,SB146M"
2G2U,"EB73M,SB130K,FB142W,YB143F",-2.016425609588623,0.08950134366750717,4,"2G2U_EB73M,SB130K,FB142W,YB143F"
2G2U,"EB73M,YB143F",-1.5924550294876099,0.7667319774627686,4,"2G2U_EB73M,YB143F"
2G2U,EB73M,-3.5360348224639893,-2.2046356201171875,4,2G2U_EB73M
2G2U,SB130K,-1.4694386720657349,0.5117797255516052,4,2G2U_SB130K
2G2U,"EB73M,SB130K",-2.809424638748169,-1.0515490770339966,4,"2G2U_EB73M,SB130K"
2G2U,"EB73M,SB130K,SB146M",-3.5096993446350098,-2.055203914642334,4,"2G2U_EB73M,SB130K,SB146M"
2G2U,DA79K,-0.4528871178627014,-1.88064444065094,4,2G2U_DA79K
1JTG,EA79A,1.8279184103012085,1.263798713684082,4,1JTG_EA79A
1JTG,EA79D,3.6436209678649902,0.37027719616889954,4,1JTG_EA79D
1JTG,EA79K,2.238574743270874,1.374598503112793,4,1JTG_EA79K
1JTG,EB73M,0.5046222805976868,-1.0202434062957764,4,1JTG_EB73M
1JTG,"EB73M,KB74A",4.294496059417725,-0.7510696053504944,4,"1JTG_EB73M,KB74A"
1JTG,"EB73M,FB142A",2.5326898097991943,1.1928763389587402,4,"1JTG_EB73M,FB142A"
1JTG,"EB73M,KB74A,FB142A",4.556260585784912,2.0407581329345703,4,"1JTG_EB73M,KB74A,FB142A"
1JTG,"EA79A,EB73M",1.8363221883773804,-0.15226250886917114,4,"1JTG_EA79A,EB73M"
1JTG,"EA79A,EB73M,KB74A",2.0956978797912598,0.033909209072589874,4,"1JTG_EA79A,EB73M,KB74A"
1JTG,"EA79A,EB73M,FB142A",2.8455445766448975,0.6200972199440002,4,"1JTG_EA79A,EB73M,FB142A"
1JTG,"EA79A,EB73M,KB74A,FB142A",2.582089424133301,1.8848499059677124,4,"1JTG_EA79A,EB73M,KB74A,FB142A"
2G2U,DA79A,-1.5434516668319702,-1.1306331157684326,4,2G2U_DA79A
2G2U,DA79E,-4.384282112121582,-2.443614959716797,4,2G2U_DA79E
2G2U,DA79K,-0.6709600687026978,-2.6987504959106445,4,2G2U_DA79K
2G2U,EB73M,-2.4665775299072266,-2.2046360969543457,4,2G2U_EB73M
2G2U,"EB73M,KB74A",0.4730774760246277,-1.6324234008789062,4,"2G2U_EB73M,KB74A"
2G2U,"EB73M,FB142A",0.3220660388469696,0.6497492790222168,4,"2G2U_EB73M,FB142A"
2G2U,"EB73M,KB74A,FB142A",1.4830588102340698,0.8585613965988159,4,"2G2U_EB73M,KB74A,FB142A"
2G2U,"DA79A,EB73M",-2.1472480297088623,-1.005581021308899,4,"2G2U_DA79A,EB73M"
2G2U,"DA79A,EB73M,KB74A",-1.5569682121276855,-3.218311309814453,4,"2G2U_DA79A,EB73M,KB74A"
2G2U,"DA79A,EB73M,FB142A",-0.6917499899864197,-1.5581542253494263,4,"2G2U_DA79A,EB73M,FB142A"
2G2U,"DA79A,EB73M,KB74A,FB142A",-0.9873782992362976,-1.0542479753494263,4,"2G2U_DA79A,EB73M,KB74A,FB142A"
1A4Y,HB8A,0.9041150808334351,0.9032443165779114,4,1A4Y_HB8A
1A4Y,QB12A,0.3002651035785675,-0.003937534987926483,4,1A4Y_QB12A
1A4Y,NB68A,0.11780958622694016,0.3901447653770447,4,1A4Y_NB68A
1A4Y,EB108A,-0.32272469997406006,0.27927350997924805,4,1A4Y_EB108A
1A4Y,YA434A,3.2620151042938232,5.98043966293335,4,1A4Y_YA434A
1A4Y,DA435A,3.485543727874756,1.2489033937454224,4,1A4Y_DA435A
1A4Y,YA437A,0.8363124132156372,2.3075132369995117,4,1A4Y_YA437A
1A4Y,"QA430A,VA432A",0.07221386581659317,0.8330625295639038,4,"1A4Y_QA430A,VA432A"
1A4Y,"WA438A,SA439A,EA440A",1.7856985330581665,1.5326478481292725,4,"1A4Y_WA438A,SA439A,EA440A"
1A4Y,RA457A,-0.22398602962493896,0.5250738859176636,4,1A4Y_RA457A
1A4Y,IA459A,0.6794324517250061,1.4115678071975708,4,1A4Y_IA459A
1A4Y,HB84A,0.17043781280517578,0.5443839430809021,4,1A4Y_HB84A
1A4Y,WB89A,0.2402186095714569,0.054919786751270294,4,1A4Y_WB89A
1A4Y,WA261A,0.10065702348947525,1.7759085893630981,4,1A4Y_WA261A
1A4Y,WA263A,1.171373963356018,2.3828396797180176,4,1A4Y_WA263A
1A4Y,EA287A,0.10065702348947525,1.8972481489181519,4,1A4Y_EA287A
1A4Y,SA289A,0.042336005717515945,1.2141181230545044,4,1A4Y_SA289A
1A4Y,WA318A,1.5007452964782715,2.106743097305298,4,1A4Y_WA318A
1A4Y,KA320A,-0.30999940633773804,1.3885098695755005,4,1A4Y_KA320A
1A4Y,EA344A,0.178609699010849,2.319674015045166,4,1A4Y_EA344A
1A4Y,WA375A,1.0353621244430542,2.886829137802124,4,1A4Y_WA375A
1A4Y,EA401A,0.883733868598938,1.7180343866348267,4,1A4Y_EA401A
1A4Y,RB5A,2.309282064437866,1.2791496515274048,4,1A4Y_RB5A
1A4Y,RB32A,0.9102507829666138,1.1352993249893188,4,1A4Y_RB32A
1A4Y,RB66A,0.20290906727313995,-0.05649366229772568,4,1A4Y_RB66A
1A4Y,RB70A,-0.23193243145942688,0.08720109611749649,4,1A4Y_RB70A
1A4Y,RB31A,0.2505223751068115,1.1807798147201538,4,1A4Y_RB31A
1A4Y,RB33A,0.3270741403102875,0.9655976891517639,4,1A4Y_RB33A
1A4Y,KB40Q,4.252427577972412,-0.25282323360443115,4,1A4Y_KB40Q
1A4Y,HB13A,-0.2966853082180023,0.7848820090293884,4,1A4Y_HB13A
1A4Y,HB114A,0.6568293571472168,0.7199921011924744,4,1A4Y_HB114A
1A4Y,YA434F,0.557857871055603,0.4088718295097351,4,1A4Y_YA434F
1A4Y,YA437F,0.2452607899904251,1.0640579462051392,4,1A4Y_YA437F
1A4Y,"YA434A,DA435A",6.820855617523193,5.45192289352417,4,"1A4Y_YA434A,DA435A"
1A4Y,"YA434A,YA437A",6.645332336425781,5.664506435394287,4,"1A4Y_YA434A,YA437A"
1A4Y,"RB5A,YA434A",6.9797892570495605,5.158385753631592,4,"1A4Y_RB5A,YA434A"
1A4Y,"RB5A,DA435A",6.773434162139893,2.3664636611938477,4,"1A4Y_RB5A,DA435A"
1A4Y,"RB5A,YA434A,DA435A",10.1070556640625,5.755753993988037,4,"1A4Y_RB5A,YA434A,DA435A"
1A4Y,"RB5A,YA434A,YA437A",8.531571388244629,4.986854076385498,4,"1A4Y_RB5A,YA434A,YA437A"
1A4Y,KB40G,3.2368004322052,3.3719260692596436,4,1A4Y_KB40G
1A4Y,"KB40G,YA434F",6.665417194366455,4.42317533493042,4,"1A4Y_KB40G,YA434F"
1A4Y,"KB40G,DA435A",4.107512950897217,2.204118013381958,4,"1A4Y_KB40G,DA435A"
1A4Y,"KB40G,YA437A",6.454104423522949,4.281700611114502,4,"1A4Y_KB40G,YA437A"
1A4Y,"KB40G,YA434A,DA435A",6.21388578414917,5.950463771820068,4,"1A4Y_KB40G,YA434A,DA435A"
1A4Y,"KB40G,YA434A,YA437A",9.123151779174805,5.496260643005371,4,"1A4Y_KB40G,YA434A,YA437A"
1BP3,"DA11A,MA14V,HA18Q,RA19H,FA25A,QA29K,EA33R",3.6053051948547363,1.0850075483322144,4,"1BP3_DA11A,MA14V,HA18Q,RA19H,FA25A,QA29K,EA33R"
1BP3,"PA48A,TA50A,SA51A,LA52F",0.2461729496717453,0.027964569628238678,4,"1BP3_PA48A,TA50A,SA51A,LA52F"
1BP3,"SA57T,TA60A,SA62T,NA63G,RA64K,EA65D,TA67A,KA70R,NA72D,LA73V",2.299455165863037,1.7508002519607544,4,"1BP3_SA57T,TA60A,SA62T,NA63G,RA64K,EA65D,TA67A,KA70R,NA72D,LA73V"
1BP3,"QA46H,NA47D,PA48S,QA49E,LA52F",0.2461729496717453,0.7555962204933167,4,"1BP3_QA46H,NA47D,PA48S,QA49E,LA52F"
1BP3,"EA56D,RA64M",0.44551658630371094,1.6503922939300537,4,"1BP3_EA56D,RA64M"
1BP3,"NA12R,MA14V,LA15V,RA16L,RA19Y",0.38309553265571594,1.282791018486023,4,"1BP3_NA12R,MA14V,LA15V,RA16L,RA19Y"
1BP3,"QA22N,FA25S,DA26E,QA29S,EA30Q,EA33K",1.6103440523147583,0.2478472888469696,4,"1BP3_QA22N,FA25S,DA26E,QA29S,EA30Q,EA33K"
1BP3,"FA54H,SA55T,EA56S,IA58L,PA59A,SA62E,NA63D,RA64K,EA66Q,TA67A,KA70M,SA71N,NA72Q,LA73K,EA74D",0.3541897237300873,1.5386195182800293,4,"1BP3_FA54H,SA55T,EA56S,IA58L,PA59A,SA62E,NA63D,RA64K,EA66Q,TA67A,KA70M,SA71N,NA72Q,LA73K,EA74D"
1BP3,"EA88G,QA91Y,FA92H,RA94T,SA95E",0.20951473712921143,0.23285651206970215,4,"1BP3_EA88G,QA91Y,FA92H,RA94T,SA95E"
1BP3,"FA97R,AA98G,NA99M,SA100Q,LA101D,VA102A,YA103P,GA104E",0.38309553265571594,1.232082724571228,4,"1BP3_FA97R,AA98G,NA99M,SA100Q,LA101D,VA102A,YA103P,GA104E"
1BP3,"YA111V,LA113I,KA115E,DA116Q,EA118K,EA119R,RA120L,QA122E,TA123G,GA126L,RA127I,EA129S",-0.3929699659347534,-0.14610224962234497,4,"1BP3_YA111V,LA113I,KA115E,DA116Q,EA118K,EA119R,RA120L,QA122E,TA123G,GA126L,RA127I,EA129S"
1BP3,FA10A,0.0,0.9026626348495483,4,1BP3_FA10A
1BP3,NA12A,-0.2966853082180023,0.10407233983278275,4,1BP3_NA12A
1BP3,LA15A,0.0,0.5525215864181519,4,1BP3_LA15A
1BP3,RA16A,0.0,0.5319749116897583,4,1BP3_RA16A
1BP3,HA18A,2.9120941162109375,0.06932500749826431,4,1BP3_HA18A
1BP3,RA19A,0.0,0.23705947399139404,4,1BP3_RA19A
1BP3,HA21A,2.671875476837158,0.2244274616241455,4,1BP3_HA21A
1BP3,FA25A,1.1502879858016968,0.5726000070571899,4,1BP3_FA25A
1BP3,DA26E,0.38309553265571594,0.563456118106842,4,1BP3_DA26E
1BP3,FA54A,0.20951473712921143,0.7691550850868225,4,1BP3_FA54A
1BP3,SA55A,0.2461729496717453,0.2072419822216034,4,1BP3_SA55A
1BP3,EA56A,-0.1188877522945404,0.7239564061164856,4,1BP3_EA56A
1BP3,SA57A,0.034860171377658844,0.01961035281419754,4,1BP3_SA57A
1BP3,IA58A,1.7291240692138672,1.60123610496521,4,1BP3_IA58A
1BP3,PA59A,0.15681762993335724,0.5384975671768188,4,1BP3_PA59A
1BP3,SA62A,1.4157211780548096,0.5532743334770203,4,1BP3_SA62A
1BP3,NA63A,0.856173038482666,0.9456422328948975,4,1BP3_NA63A
1BP3,RA64A,0.3541897237300873,1.9354137182235718,4,1BP3_RA64A
1BP3,EA65A,0.5464380383491516,0.028781302273273468,4,1BP3_EA65A
1BP3,EA66A,0.06778264045715332,-0.20188367366790771,4,1BP3_EA66A
1BP3,QA68A,0.11397110670804977,-0.02926649898290634,4,1BP3_QA68A
1BP3,QA69A,-0.21388307213783264,0.5683885812759399,4,1BP3_QA69A
1BP3,KA70A,0.2461729496717453,0.7944983839988708,4,1BP3_KA70A
1BP3,SA71A,0.6138347387313843,0.3922514319419861,4,1BP3_SA71A
1BP3,LA73A,0.3541897237300873,-0.045563988387584686,4,1BP3_LA73A
1BP3,YA156A,0.20951473712921143,0.7675130367279053,4,1BP3_YA156A
1BP3,YA160A,0.44551658630371094,1.5316635370254517,4,1BP3_YA160A
1BP3,RA163A,3.928029775619507,0.7956845760345459,4,1BP3_RA163A
1BP3,KA164A,1.7281535863876343,0.9154421091079712,4,1BP3_KA164A
1BP3,DA167A,0.06778264045715332,1.0278362035751343,4,1BP3_DA167A
1BP3,KA168A,3.1905486583709717,1.8596113920211792,4,1BP3_KA168A
1BP3,EA170A,3.4931883811950684,0.3014116883277893,4,1BP3_EA170A
1BP3,TA171S,0.4942387044429779,1.473760962486267,4,1BP3_TA171S
1BP3,FA172A,1.9106091260910034,1.8280268907546997,4,1BP3_FA172A
1BP3,RA174A,1.1502879858016968,1.4245684146881104,4,1BP3_RA174A
1BP3,IA175A,0.3541897237300873,0.49344009160995483,4,1BP3_IA175A
1BP3,IA175M,-0.1644834727048874,0.024788059294223785,4,1BP3_IA175M
1BP3,VA176A,-0.2966853082180023,0.11595288664102554,4,1BP3_VA176A
1BP3,QA177A,0.0,-0.26572713255882263,4,1BP3_QA177A
1BP3,RA179A,0.5674740672111511,0.05449429899454117,4,1BP3_RA179A
1BP3,SA180A,-0.1188877522945404,0.2644100487232208,4,1BP3_SA180A
1BP3,VA181A,0.28069448471069336,-0.04645269364118576,4,1BP3_VA181A
1BP3,EA182A,0.0,0.38976699113845825,4,1BP3_EA182A
1BP3,GA183A,0.0,0.11368367820978165,4,1BP3_GA183A
1BP3,SA184A,-0.2966853082180023,0.07226137071847916,4,1BP3_SA184A
1BP3,HA18A,0.18667039275169373,0.06932494789361954,4,1BP3_HA18A
1BP3,HA21A,-0.17779755592346191,0.10570377856492996,4,1BP3_HA21A
1BP3,IA58A,1.7856985330581665,1.6012362241744995,4,1BP3_IA58A
1BP3,RA163A,2.121842622756958,0.7962408661842346,4,1BP3_RA163A
1BP3,KA168A,2.022315502166748,2.0123085975646973,4,1BP3_KA168A
1BP3,EA170A,0.17043781280517578,0.33717426657676697,4,1BP3_EA170A
1BP3,FA172A,1.945265293121338,1.8165735006332397,4,1BP3_FA172A
1BP3,"KA164A,EA170A",5.407962322235107,0.8117575645446777,4,"1BP3_KA164A,EA170A"
1BP3,"RA64A,DA167A",0.37862420082092285,2.8884506225585938,4,"1BP3_RA64A,DA167A"
1BP3,"KA168A,FA172A",5.3548712730407715,3.569462776184082,4,"1BP3_KA168A,FA172A"
1JRH,TI4V,-0.02557743899524212,0.09863219410181046,4,1JRH_TI4V
1JRH,"TI9L,EI11K",-0.02557743899524212,-0.17310714721679688,4,"1JRH_TI9L,EI11K"
1JRH,"MI15L,II18V",-0.21370169520378113,0.17483016848564148,4,"1JRH_MI15L,II18V"
1JRH,"II25N,PI27S,VI29T,VI31I",0.14377030730247498,-0.36964818835258484,4,"1JRH_II25N,PI27S,VI29T,VI31I"
1JRH,EI35Q,0.09961305558681488,0.17275673151016235,4,1JRH_EI35Q
1JRH,"AI49S,II51T,HI55D",0.07070722430944443,-0.355332612991333,4,"1JRH_AI49S,II51T,HI55D"
1JRH,"SI61Y,DI62E,HI63Q,VI64I,GI65M,DI66Y,SI68D,NI69V,LI71A",2.9601571559906006,0.1805591583251953,4,"1JRH_SI61Y,DI62E,HI63Q,VI64I,GI65M,DI66Y,SI68D,NI69V,LI71A"
1JRH,"VI73A,RI78K",-0.21370169520378113,0.9614915251731873,4,"1JRH_VI73A,RI78K"
1JRH,"AI85D,KI88R,EI90K",-0.04776924476027489,-0.6565427184104919,4,"1JRH_AI85D,KI88R,EI90K"
1JRH,"AI93L,VI94M",0.6339466571807861,-0.06942018121480942,4,"1JRH_AI93L,VI94M"
1JRH,EL27A,0.5428582429885864,1.9301553964614868,4,1JRH_EL27A
1JRH,DL28A,0.43484148383140564,2.1833603382110596,4,1JRH_DL28A
1JRH,YL30A,1.1089528799057007,2.9858310222625732,4,1JRH_YL30A
1JRH,YL91A,0.5810942649841309,1.1875731945037842,4,1JRH_YL91A
1JRH,WL92A,2.819669008255005,3.8628439903259277,4,1JRH_WL92A
1JRH,SL93A,-0.6508750319480896,-0.022300146520137787,4,1JRH_SL93A
1JRH,TL94A,0.3854418992996216,1.7842334508895874,4,1JRH_TL94A
1JRH,WL95A,1.6668107509613037,3.046644449234009,4,1JRH_WL95A
1JRH,YH32A,1.4339518547058105,0.07748932391405106,4,1JRH_YH32A
1JRH,WH54A,2.687467336654663,1.784011721611023,4,1JRH_WH54A
1JRH,WH55A,2.4224019050598145,0.39083346724510193,4,1JRH_WH55A
1JRH,DH56A,1.88694429397583,1.4844902753829956,4,1JRH_DH56A
1JRH,DH57A,1.6668107509613037,0.6990576386451721,4,1JRH_DH57A
1JRH,DH58A,1.85547935962677,1.3706732988357544,4,1JRH_DH58A
1JRH,YH60A,1.2561542987823486,2.717508316040039,4,1JRH_YH60A
1JRH,RH100A,0.5428582429885864,1.5665339231491089,4,1JRH_RH100A
1JRH,FH103A,0.0,0.8116567730903625,4,1JRH_FH103A
1JRH,YH104A,1.0615314245224,1.5954241752624512,4,1JRH_YH104A
1JRH,HH107A,1.698531150817871,1.4800879955291748,4,1JRH_HH107A
1JRH,"EI45P,II47R",-3.441638231277466,0.2977575361728668,4,"1JRH_EI45P,II47R"
1JRH,"SI44G,EI45G,II47R",-3.3792171478271484,0.7685887217521667,4,"1JRH_SI44G,EI45G,II47R"
1JRH,"EI45P,II47L",-3.4583282470703125,-0.26854583621025085,4,"1JRH_EI45P,II47L"
1JRH,"SI44G,EI45P,II47K",-3.8861582279205322,0.7854541540145874,4,"1JRH_SI44G,EI45P,II47K"
1JRH,EI45P,-3.7898736000061035,0.4344165623188019,4,1JRH_EI45P
1JRH,KI37A,3.578756809234619,1.5757195949554443,4,1JRH_KI37A
1JRH,KI37M,3.2938034534454346,-0.31606799364089966,4,1JRH_KI37M
1JRH,NI38A,-0.2931166887283325,0.7383263111114502,4,1JRH_NI38A
1JRH,NI38Q,0.3635777235031128,0.8136797547340393,4,1JRH_NI38Q
1JRH,YI39A,3.4007632732391357,1.494911551475525,4,1JRH_YI39A
1JRH,YI39F,0.7907074689865112,0.46840041875839233,4,1JRH_YI39F
1JRH,GI40A,4.527354717254639,0.9490604400634766,4,1JRH_GI40A
1JRH,VI41A,1.8835296630859375,0.43910032510757446,4,1JRH_VI41A
1JRH,KI42A,2.9847934246063232,1.1418583393096924,4,1JRH_KI42A
1JRH,KI42M,4.913825988769531,-0.9911664128303528,4,1JRH_KI42M
1JRH,NI43A,3.8939919471740723,1.398849368095398,4,1JRH_NI43A
1JRH,SI44A,0.29768186807632446,-0.05591505020856857,4,1JRH_SI44A
1JRH,EI45A,-0.43501293659210205,0.7015685439109802,4,1JRH_EI45A
1JRH,WI46F,-0.657078742980957,0.9104177355766296,4,1JRH_WI46F
1JRH,WI46Y,0.016232576221227646,0.29150837659835815,4,1JRH_WI46Y
1JRH,NI69A,-0.39924708008766174,0.6822453141212463,4,1JRH_NI69A
1JRH,WI72A,4.529326438903809,1.3466688394546509,4,1JRH_WI72A
1JRH,WI72F,1.1089528799057007,0.8566035628318787,4,1JRH_WI72F
1JRH,WI72Y,1.135563611984253,0.7724097967147827,4,1JRH_WI72Y
1JRH,RI74A,-0.24642235040664673,1.3140850067138672,4,1JRH_RI74A
1JRH,KI88A,-0.042640842497348785,1.3144618272781372,4,1JRH_KI88A
1JRH,KI37A,3.852294683456421,1.7305104732513428,4,1JRH_KI37A
1JRH,NI38A,0.6341851353645325,0.7363426685333252,4,1JRH_NI38A
1JRH,NI38Q,0.7058437466621399,0.8935408592224121,4,1JRH_NI38Q
1JRH,YI39A,3.656642436981201,1.710978388786316,4,1JRH_YI39A
1JRH,YI39F,1.0276678800582886,0.46758854389190674,4,1JRH_YI39F
1JRH,GI40A,4.3771071434021,1.0471830368041992,4,1JRH_GI40A
1JRH,VI41A,1.4762879610061646,0.4921795725822449,4,1JRH_VI41A
1JRH,KI42A,3.7898736000061035,1.0297507047653198,4,1JRH_KI42A
1JRH,NI43A,4.709524631500244,1.1633739471435547,4,1JRH_NI43A
1JRH,SI44A,0.45807787775993347,-0.05619435757398605,4,1JRH_SI44A
1JRH,EI45A,-0.6970635056495667,0.3763682544231415,4,1JRH_EI45A
1JRH,WI46F,0.15162824094295502,0.9073078036308289,4,1JRH_WI46F
1JRH,WI46Y,0.5810942649841309,0.29617753624916077,4,1JRH_WI46Y
1JRH,NI69A,0.0,0.7843379974365234,4,1JRH_NI69A
1JRH,WI72A,4.3327317237854,1.428281307220459,4,1JRH_WI72A
1JRH,WI72F,1.0974485874176025,0.8602029085159302,4,1JRH_WI72F
1JRH,WI72Y,1.2411547899246216,0.769432544708252,4,1JRH_WI72Y
1JRH,RI74A,1.032008171081543,1.3850094079971313,4,1JRH_RI74A
1JRH,KI88A,0.6671075820922852,1.3116689920425415,4,1JRH_KI88A
1FY8,DE168N,0.17043781280517578,0.9780401587486267,4,1FY8_DE168N
1FY8,QE128K,1.171373963356018,1.4392198324203491,4,1FY8_QE128K
3TGK,NE170D,-0.17043781280517578,-0.826374351978302,4,3TGK_NE170D
3BTD,DI13K,-11.502717971801758,-13.059489250183105,4,3BTD_DI13K
3BTE,EI13K,-9.424007415771484,-10.625041961669922,4,3BTE_EI13K
2SGP,PI13L,-8.445844650268555,-8.019126892089844,4,2SGP_PI13L
2J1K,RC155A,0.051550064235925674,-0.506157636642456,4,2J1K_RC155A
2J1K,GC10D,0.1837518960237503,-0.1389860212802887,4,2J1K_GC10D
2J1K,RC24A,0.76484614610672,0.049206413328647614,4,2J1K_RC24A
5F4E,EA50A,0.2884120047092438,-0.05245160311460495,4,5F4E_EA50A
5F4E,EA50K,0.41565605998039246,-0.7731865644454956,4,5F4E_EA50K
5F4E,DA51A,0.10968799889087677,0.13603419065475464,4,5F4E_DA51A
5F4E,QA109A,-0.03091755323112011,0.8380780816078186,4,5F4E_QA109A
5F4E,HA136A,2.025003433227539,0.3780227303504944,4,5F4E_HA136A
5F4E,RA139A,1.4903172254562378,3.016879081726074,4,5F4E_RA139A
5F4E,RA139E,2.1438913345336914,2.8373379707336426,4,5F4E_RA139E
5F4E,EB26A,1.4491522312164307,1.0951939821243286,4,5F4E_EB26A
5F4E,EB26K,2.2867681980133057,1.451126217842102,4,5F4E_EB26K
5F4E,WB43A,1.0731322765350342,1.2282568216323853,4,5F4E_WB43A
5F4E,LB62A,2.985064744949341,1.4410374164581299,4,5F4E_LB62A
5F4E,KB139A,0.29455143213272095,0.006502605974674225,4,5F4E_KB139A
5F4E,KB139E,0.4859897494316101,-0.5097865462303162,4,5F4E_KB139E
3SF4,RA202E,2.365107297897339,-1.4610066413879395,4,3SF4_RA202E
3SF4,NA264R,1.2257654666900635,-1.980089545249939,4,3SF4_NA264R
3SF4,WD8A,3.0738284587860107,1.244587779045105,4,3SF4_WD8A
3SF4,ED19R,1.9264557361602783,0.9851458668708801,4,3SF4_ED19R
3SF4,KD27D,0.4106564223766327,0.5391625165939331,4,3SF4_KD27D
4G2V,RA198E,2.2370340824127197,-0.1733427345752716,4,4G2V_RA198E
4G2V,NA260R,0.22198787331581116,-0.06324120610952377,4,4G2V_NA260R
4G2V,"RA198E,NA260R",2.2844555377960205,-0.37879201769828796,4,"4G2V_RA198E,NA260R"
4WND,RA201E,2.7958486080169678,-0.03565346449613571,4,4WND_RA201E
4WND,NA263R,-0.020789921283721924,0.8419064283370972,4,4WND_NA263R
4WND,"RA201E,NA263R",3.8573801517486572,0.009995318949222565,4,"4WND_RA201E,NA263R"
2VLR,AE95S,0.035205524414777756,0.14141181111335754,4,2VLR_AE95S
1OGA,DE28A,1.5732008218765259,-0.20101529359817505,4,1OGA_DE28A
1OGA,DE28S,2.162247657775879,-1.0424879789352417,4,1OGA_DE28S
1OGA,QE48A,2.162247657775879,0.7244951128959656,4,1OGA_QE48A
1OGA,QE48E,2.162247657775879,-0.47052255272865295,4,1OGA_QE48E
1OGA,IE49A,2.162247657775879,0.5918925404548645,4,1OGA_IE49A
1OGA,IE49G,2.162247657775879,-0.14064693450927734,4,1OGA_IE49G
1OGA,IE49N,2.162247657775879,1.9969350099563599,4,1OGA_IE49N
1OGA,IE49V,0.20096902549266815,-0.0010990127921104431,4,1OGA_IE49V
1OGA,IE49L,1.418562650680542,-0.08813529461622238,4,1OGA_IE49L
1OGA,NE51A,1.129621982574463,0.5859465599060059,4,1OGA_NE51A
1OGA,NE51D,0.49543678760528564,0.06817672401666641,4,1OGA_NE51D
1OGA,DE52A,0.13220183551311493,0.1908629834651947,4,1OGA_DE52A
1OGA,QE54A,0.49543678760528564,1.3371222019195557,4,1OGA_QE54A
1OGA,QE54E,0.0,0.8736578226089478,4,1OGA_QE54E
1OGA,RE94A,2.162247657775879,1.505604863166809,4,1OGA_RE94A
1OGA,RE94H,2.162247657775879,0.2935553789138794,4,1OGA_RE94H
1OGA,SE95A,-0.035205524414777756,0.9059432148933411,4,1OGA_SE95A
1OGA,YE97A,0.2325739562511444,1.1680808067321777,4,1OGA_YE97A
1OGA,YE97F,0.49543678760528564,0.07465974241495132,4,1OGA_YE97F
1OGA,SD29A,0.6276386380195618,-0.05245660990476608,4,1OGA_SD29A
1OGA,SD30A,1.038295030593872,0.5620784759521484,4,1OGA_SD30A
1OGA,QD32A,0.9758740067481995,0.3843810558319092,4,1OGA_QD32A
2VLR,AE95S,0.0,0.07423514872789383,4,2VLR_AE95S
1OGA,IE49V,0.20047320425510406,-0.11871569603681564,4,1OGA_IE49V
1OGA,NE51A,1.100896954536438,0.35770758986473083,4,1OGA_NE51A
1OGA,DE52A,0.10062168538570404,0.18859165906906128,4,1OGA_DE52A
1OGA,QE54A,0.5006897449493408,1.2870322465896606,4,1OGA_QE54A
1OGA,QE54E,0.0,0.8707281351089478,4,1OGA_QE54E
1OGA,SE95A,0.0,0.49065548181533813,4,1OGA_SE95A
1OGA,YE97A,0.20047320425510406,1.5390141010284424,4,1OGA_YE97A
1OGA,YE97F,0.5006897449493408,0.09582888334989548,4,1OGA_YE97F
1OGA,SD30A,1.001283884048462,0.6963762640953064,4,1OGA_SD30A
1OGA,QD32A,1.001283884048462,0.38050293922424316,4,1OGA_QD32A
2P5E,"TD52P,PD53F,AE49S,IE50V,QE51G,TE52M,LD96T,LD97S,DD98G,TD100S,LE94V",1.962705135345459,1.5335763692855835,4,"2P5E_TD52P,PD53F,AE49S,IE50V,QE51G,TE52M,LD96T,LD97S,DD98G,TD100S,LE94V"
2P5E,"TD52Q,PD53S,WD54S,AE49G,IE50A,QE51G",4.409873008728027,3.3118767738342285,4,"2P5E_TD52Q,PD53S,WD54S,AE49G,IE50A,QE51G"
2P5E,"TD52Q,PD53S,WD54S,AE49G,IE50A,QE51G,TE52I,LD96T,LD97S,DD98G,TD100S,LE94V",7.9558820724487305,4.844038486480713,4,"2P5E_TD52Q,PD53S,WD54S,AE49G,IE50A,QE51G,TE52I,LD96T,LD97S,DD98G,TD100S,LE94V"
2P5E,"YD32D,TD52Q,PD53S,WD54S,AE49G,IE50A,QE51G,TE52I,LD96T,LD97S,DD98G,TD100S,LE94V",7.778084754943848,4.7510175704956055,4,"2P5E_YD32D,TD52Q,PD53S,WD54S,AE49G,IE50A,QE51G,TE52I,LD96T,LD97S,DD98G,TD100S,LE94V"
2P5E,YD32D,7.607646942138672,3.472898244857788,4,2P5E_YD32D
3QDJ,DD26W,-2.1718637943267822,-1.799880862236023,4,3QDJ_DD26W
3QDJ,DD26Y,-1.3372368812561035,-2.2243502140045166,4,3QDJ_DD26Y
3QDJ,RD27W,0.21679848432540894,0.6877524852752686,4,3QDJ_RD27W
3QDJ,LE95W,-0.8076926469802856,-0.818569004535675,4,3QDJ_LE95W
3QDJ,FE97W,0.38962042331695557,1.070597529411316,4,3QDJ_FE97W
3QDJ,TE99F,-0.27570536732673645,0.08479280024766922,4,3QDJ_TE99F
3QDJ,GD28I,-0.10526756942272186,1.0482609272003174,4,3QDJ_GD28I
3QDJ,GD28L,0.6554499864578247,1.221605896949768,4,3QDJ_GD28L
3QDJ,GD28Y,0.5564784407615662,1.4865524768829346,4,3QDJ_GD28Y
3QDJ,RD27P,0.03995572030544281,0.0835225060582161,4,3QDJ_RD27P
3QDJ,GD28P,1.2250399589538574,1.113608479499817,4,3QDJ_GD28P
3QDJ,AE52P,0.2071649134159088,-0.24295324087142944,4,3QDJ_AE52P
3QDJ,GD28N,0.4106564223766327,0.8712900876998901,4,3QDJ_GD28N
3QDJ,FE97Y,0.7784663438796997,1.6609772443771362,4,3QDJ_FE97Y
3QDJ,"DD26W,LE95W",-2.5309700965881348,-3.5519022941589355,4,"3QDJ_DD26W,LE95W"
3QDJ,"DD26Y,LE95W",-1.9139586687088013,-4.000602722167969,4,"3QDJ_DD26Y,LE95W"
1AO7,DD26A,0.9790003895759583,1.435268759727478,4,1AO7_DD26A
1AO7,EA58A,-0.7198425531387329,0.5190061330795288,4,1AO7_EA58A
1AO7,"DD26A,EA58A",0.749596118927002,1.0528508424758911,4,"1AO7_DD26A,EA58A"
1AO7,RD27A,0.5465116500854492,2.3060874938964844,4,1AO7_RD27A
1AO7,RD27A,0.4344104528427124,2.2624998092651367,4,1AO7_RD27A
1AO7,RA170A,-0.26356273889541626,0.7397264838218689,4,1AO7_RA170A
1AO7,"RD27A,RA170A",1.1865081787109375,2.243042230606079,4,"1AO7_RD27A,RA170A"
1AO7,QD30L,1.8337008953094482,-0.8226930499076843,4,1AO7_QD30L
1AO7,LC1A,0.701011061668396,1.1672013998031616,4,1AO7_LC1A
1AO7,"QD30L,LC1A",2.7626969814300537,0.5338169932365417,4,"1AO7_QD30L,LC1A"
1AO7,QD30L,1.5372130870819092,-0.17033198475837708,4,1AO7_QD30L
1AO7,LC1A,1.4165904521942139,1.137657642364502,4,1AO7_LC1A
1AO7,"QD30L,LC1A",3.0241568088531494,0.4454665780067444,4,"1AO7_QD30L,LC1A"
1AO7,QD30V,-0.166723370552063,-0.20914891362190247,4,1AO7_QD30V
1AO7,LC1A,0.6994990706443787,1.1811962127685547,4,1AO7_LC1A
1AO7,"QD30V,LC1A",0.7237116098403931,0.6552721261978149,4,"1AO7_QD30V,LC1A"
1AO7,QD30V,-0.01751217059791088,0.1088334396481514,4,1AO7_QD30V
1AO7,YA159A,3.245335340499878,1.3402363061904907,4,1AO7_YA159A
1AO7,"QD30V,YA159A",3.3302760124206543,0.9463595747947693,4,"1AO7_QD30V,YA159A"
1AO7,"EA63Q,QD30V",-0.006822939030826092,-0.787828803062439,4,"1AO7_EA63Q,QD30V"
1AO7,"EA63Q,KA66A",1.3316361904144287,0.9921373724937439,4,"1AO7_EA63Q,KA66A"
1AO7,"EA63Q,QD30V,KA66A",1.8550679683685303,1.0438066720962524,4,"1AO7_EA63Q,QD30V,KA66A"
1AO7,SD31A,1.0230309963226318,0.24994879961013794,4,1AO7_SD31A
1AO7,YC5A,1.532821774482727,3.387770414352417,4,1AO7_YC5A
1AO7,"SD31A,YC5A",1.70949125289917,3.1806650161743164,4,"1AO7_SD31A,YC5A"
1AO7,SD31A,0.9827497601509094,0.297932893037796,4,1AO7_SD31A
1AO7,YC5F,-0.12532611191272736,0.3070002794265747,4,1AO7_YC5F
1AO7,"SD31A,YC5F",-0.04054573178291321,0.7617904543876648,4,"1AO7_SD31A,YC5F"
1AO7,YD50A,0.4984462559223175,0.7972508072853088,4,1AO7_YD50A
1AO7,QA155A,0.4116840958595276,1.5489530563354492,4,1AO7_QA155A
1AO7,"YD50A,QA155A",0.27613577246665955,1.7278200387954712,4,"1AO7_YD50A,QA155A"
1AO7,YD50A,0.48383235931396484,0.8060622215270996,4,1AO7_YD50A
1AO7,QA155A,-0.10445237159729004,2.25980281829834,4,1AO7_QA155A
1AO7,"YD50A,QA155A",-0.11211679875850677,1.636065125465393,4,"1AO7_YD50A,QA155A"
1AO7,ND52A,0.3549194037914276,0.3845953345298767,4,1AO7_ND52A
1AO7,EA166A,3.86672043800354,0.7017068862915039,4,1AO7_EA166A
1AO7,"ND52A,EA166A",3.1431562900543213,1.4748907089233398,4,"1AO7_ND52A,EA166A"
1AO7,KD66A,1.292189598083496,-1.6676949262619019,4,1AO7_KD66A
1AO7,TA163A,0.48929646611213684,0.13862758874893188,4,1AO7_TA163A
1AO7,"KD66A,TA163A",0.9781012535095215,-1.7401515245437622,4,"1AO7_KD66A,TA163A"
1AO7,KD66A,1.1308817863464355,-1.5425916910171509,4,1AO7_KD66A
1AO7,EA166A,2.6047894954681396,0.9383059740066528,4,1AO7_EA166A
1AO7,"KD66A,EA166A",3.0337634086608887,-0.10235442966222763,4,"1AO7_KD66A,EA166A"
1AO7,TD91A,0.9576147198677063,0.7185011506080627,4,1AO7_TD91A
1AO7,YC5A,1.7602497339248657,3.3664283752441406,4,1AO7_YC5A
1AO7,"TD91A,YC5A",3.0309817790985107,3.486644983291626,4,"1AO7_TD91A,YC5A"
1AO7,TD92A,1.9466557502746582,0.5349287390708923,4,1AO7_TD92A
1AO7,RA65A,3.229688882827759,3.997946262359619,4,1AO7_RA65A
1AO7,"TD92A,RA65A",2.423471212387085,3.2423436641693115,4,"1AO7_TD92A,RA65A"
1AO7,DD93N,2.4595212936401367,-0.03237112611532211,4,1AO7_DD93N
1AO7,RA65A,3.107842445373535,3.5118446350097656,4,1AO7_RA65A
1AO7,"DD93N,RA65A",3.084350109100342,1.099755048751831,4,"1AO7_DD93N,RA65A"
1AO7,SD94A,-0.47518959641456604,0.15343189239501953,4,1AO7_SD94A
1AO7,YC5A,1.633864164352417,3.4001669883728027,4,1AO7_YC5A
1AO7,"SD94A,YC5A",1.8610118627548218,2.346508741378784,4,"1AO7_SD94A,YC5A"
1AO7,WD95A,2.224470615386963,2.7271876335144043,4,1AO7_WD95A
1AO7,AA69G,1.1818314790725708,-0.6915566325187683,4,1AO7_AA69G
1AO7,"WD95A,AA69G",2.905458688735962,1.7570805549621582,4,"1AO7_WD95A,AA69G"
1AO7,EE28A,2.022149085998535,2.471980333328247,4,1AO7_EE28A
1AO7,YC8A,3.1675331592559814,2.957737445831299,4,1AO7_YC8A
1AO7,"EE28A,YC8A",3.425438165664673,3.6696701049804688,4,"1AO7_EE28A,YC8A"
1AO7,RE92A,0.45314955711364746,1.199863314628601,4,1AO7_RE92A
1AO7,YC5A,1.6349810361862183,3.36136531829834,4,1AO7_YC5A
1AO7,"RE92A,YC5A",2.019083261489868,3.8816869258880615,4,"1AO7_RE92A,YC5A"
1AO7,RE92A,0.20430143177509308,1.2723039388656616,4,1AO7_RE92A
1AO7,YC5A,1.2211077213287354,3.3362622261047363,4,1AO7_YC5A
1AO7,"RE92A,YC5A",1.0463039875030518,4.105006694793701,4,"1AO7_RE92A,YC5A"
1AO7,RE92A,0.48315757513046265,1.4998548030853271,4,1AO7_RE92A
1AO7,YC5A,1.562010407447815,3.3798866271972656,4,1AO7_YC5A
1AO7,"RE92A,YC5A",1.7197613716125488,3.8676180839538574,4,"1AO7_RE92A,YC5A"
1AO7,RE92A,0.4193563163280487,1.208712100982666,4,1AO7_RE92A
1AO7,YC5F,0.1695607602596283,0.18859601020812988,4,1AO7_YC5F
1AO7,"RE92A,YC5F",0.6059800386428833,1.1438179016113281,4,"1AO7_RE92A,YC5F"
1AO7,PE100A,1.149296522140503,-0.15185678005218506,4,1AO7_PE100A
1AO7,YC5A,1.746180534362793,3.437328815460205,4,1AO7_YC5A
1AO7,"PE100A,YC5A",2.406045913696289,2.480175018310547,4,"1AO7_PE100A,YC5A"
1AO7,PE100A,1.124916672706604,0.12735658884048462,4,1AO7_PE100A
1AO7,YC5A,1.3831615447998047,3.354869842529297,4,1AO7_YC5A
1AO7,"PE100A,YC5A",1.9248974323272705,2.3313164710998535,4,"1AO7_PE100A,YC5A"
1AO7,PE100A,1.1977499723434448,0.004802770912647247,4,1AO7_PE100A
1AO7,YC5A,1.6319506168365479,3.418341875076294,4,1AO7_YC5A
1AO7,"PE100A,YC5A",2.4474644660949707,2.292524576187134,4,"1AO7_PE100A,YC5A"
1AO7,PE100A,1.159019112586975,0.026051171123981476,4,1AO7_PE100A
1AO7,QA155A,0.4208890199661255,1.7801436185836792,4,1AO7_QA155A
1AO7,"PE100A,QA155A",0.9303608536720276,1.0361285209655762,4,"1AO7_PE100A,QA155A"
1AO7,DD93A,0.7796263694763184,0.6923539042472839,4,1AO7_DD93A
1AO7,QA72A,0.35666170716285706,0.025289155542850494,4,1AO7_QA72A
1AO7,"DD93A,QA72A",1.0608429908752441,0.8654568791389465,4,"1AO7_DD93A,QA72A"
1AO7,RE99A,0.0646953359246254,0.029939748346805573,4,1AO7_RE99A
1AO7,YC5A,1.745092511177063,3.407778739929199,4,1AO7_YC5A
1AO7,"RE99A,YC5A",1.8859434127807617,3.236476421356201,4,"1AO7_RE99A,YC5A"
1AO7,AE96M,-0.3088434040546417,-0.8706343173980713,4,1AO7_AE96M
1AO7,GE97S,-0.34087562561035156,-0.4640422761440277,4,1AO7_GE97S
1AO7,"GE97S,GE98A,RE99E",-3.454111337661743,-3.567092180252075,4,"1AO7_GE97S,GE98A,RE99E"
1AO7,"AE96M,GE97S,GE98A,RE99E",-3.9038448333740234,-4.601084232330322,4,"1AO7_AE96M,GE97S,GE98A,RE99E"
1AO7,"AE96M,GE97S,GE98A",-3.549654960632324,-3.189344644546509,4,"1AO7_AE96M,GE97S,GE98A"
1AO7,"AE96M,GE97S,GE98A,RE99Q",-3.9603114128112793,-4.529504299163818,4,"1AO7_AE96M,GE97S,GE98A,RE99Q"
1AO7,YC5F,0.17043781280517578,0.3323054015636444,4,1AO7_YC5F
4JFF,EC1A,7.32283878326416,3.4325928688049316,4,4JFF_EC1A
4JFF,GC4A,6.518215656280518,1.9489341974258423,4,4JFF_GC4A
4JFF,GC6A,6.595266342163086,2.005058765411377,4,4JFF_GC6A
4JFF,IC7A,6.429625511169434,4.744207859039307,4,4JFF_IC7A
4JFF,LC8A,6.198886394500732,2.415574312210083,4,4JFF_LC8A
4JFF,TC9A,6.534448623657227,1.3578490018844604,4,4JFF_TC9A
4JFD,AC4G,-6.518215656280518,-1.5542443990707397,4,4JFD_AC4G
4JFD,"AC4G,EC1A",0.8046229481697083,0.7222215533256531,4,"4JFD_AC4G,EC1A"
4JFD,"AC4G,GC6A",0.07705023139715195,-0.1075337752699852,4,"4JFD_AC4G,GC6A"
4JFD,"AC4G,IC7A",-0.08859036862850189,1.8445502519607544,4,"4JFD_AC4G,IC7A"
4JFD,"AC4G,LC8A",-0.31932955980300903,0.45814019441604614,4,"4JFD_AC4G,LC8A"
4JFD,"AC4G,TC9A",0.016232576221227646,-0.39177870750427246,4,"4JFD_AC4G,TC9A"
3QDJ,AC2L,2.299999237060547,-1.7011862993240356,4,3QDJ_AC2L
1AO7,AA150P,1.0039665699005127,-0.8337624073028564,4,1AO7_AA150P
2E7L,FQ5R,3.059887647628784,1.5348504781723022,4,2E7L_FQ5R
1AO7,YC5F,0.13273294270038605,0.2984217405319214,4,1AO7_YC5F
1AO7,YC5A,1.5963654518127441,3.381803512573242,4,1AO7_YC5A
1AO7,YC5W,0.8890236616134644,0.3203970789909363,4,1AO7_YC5W
1AO7,SD31A,0.5326756834983826,0.25762316584587097,4,1AO7_SD31A
2JCC,AA167W,-0.29880499839782715,-0.09618046134710312,4,2JCC_AA167W
1AO7,"EA63Q,KA66A",0.929108202457428,1.0540757179260254,4,"1AO7_EA63Q,KA66A"
1AO7,KA66A,2.9348535537719727,1.4383121728897095,4,1AO7_KA66A
1AO7,VC7R,1.225422739982605,0.3791976869106293,4,1AO7_VC7R
2AK4,TD30A,-0.1266832798719406,0.5097876787185669,4,2AK4_TD30A
2AK4,YD32A,0.09897152334451675,1.0597623586654663,4,2AK4_YD32A
2AK4,ND51A,1.4039890766143799,0.5649662613868713,4,2AK4_ND51A
2AK4,SD94A,1.4039890766143799,0.7458767890930176,4,2AK4_SD94A
2AK4,YD97A,1.4039890766143799,3.171525478363037,4,2AK4_YD97A
2AK4,ND98A,1.4039890766143799,0.6466026306152344,4,2AK4_ND98A
2AK4,NE26A,0.20877279341220856,1.0641676187515259,4,2AK4_NE26A
2AK4,NE28A,0.822894811630249,1.0831655263900757,4,2AK4_NE28A
2AK4,SE29G,1.4039890766143799,0.8108600378036499,4,2AK4_SE29G
2AK4,SE49A,-0.3143717646598816,1.3270699977874756,4,2AK4_SE49A
2AK4,NE63A,-0.04268813133239746,0.9334793090820312,4,2AK4_NE63A
2AK4,LE94A,0.8384865522384644,2.051668882369995,4,2AK4_LE94A
2AK4,EE97A,0.04863874614238739,0.8386939167976379,4,2AK4_EE97A
2AK4,QA65A,-0.2579050660133362,-0.05634038895368576,4,2AK4_QA65A
2AK4,TA69A,-0.34193262457847595,0.06043339520692825,4,2AK4_TA69A
2AK4,QA72A,0.23916159570217133,0.397869735956192,4,2AK4_QA72A
2AK4,RA151A,1.3673309087753296,0.7361915707588196,4,2AK4_RA151A
2AK4,EA154A,0.2349146157503128,0.3706187605857849,4,2AK4_EA154A
2AK4,QA155A,0.929593563079834,0.6753761768341064,4,2AK4_QA155A
2AK4,RA157A,1.4039890766143799,0.9815199971199036,4,2AK4_RA157A
2AK4,AA158G,0.873588502407074,0.8828473687171936,4,2AK4_AA158G
2AK4,EA161A,0.4651035666465759,0.031400687992572784,4,2AK4_EA161A
2AK4,LA163A,0.14038239419460297,0.9287059903144836,4,2AK4_LA163A
2AK4,PC4A,1.0963916778564453,0.8787888884544373,4,2AK4_PC4A
2AK4,LC5A,1.4039890766143799,1.3373171091079712,4,2AK4_LC5A
2AK4,PC6A,1.4039890766143799,1.0772408246994019,4,2AK4_PC6A
2AK4,QC7A,1.4039890766143799,0.06440836936235428,4,2AK4_QC7A
2AK4,QC9A,0.06589584797620773,0.734815239906311,4,2AK4_QC9A
2AK4,LC10A,0.513635516166687,0.8270257115364075,4,2AK4_LC10A
1AO7,RA65A,2.6809208393096924,3.9997758865356445,4,1AO7_RA65A
1AO7,KA66A,1.7908841371536255,1.3852344751358032,4,1AO7_KA66A
1AO7,AA69G,1.3958605527877808,-0.6967453956604004,4,1AO7_AA69G
1AO7,TA163A,0.7261759638786316,-0.3324737250804901,4,1AO7_TA163A
1AO7,EA166A,0.8771873712539673,0.6047784686088562,4,1AO7_EA166A
1AO7,WA167A,1.2002081871032715,-0.08779757469892502,4,1AO7_WA167A
1AO7,QA43A,0.028905829414725304,-0.06028153747320175,4,1AO7_QA43A
1AO7,EA55A,0.8556438088417053,0.5364099144935608,4,1AO7_EA55A
1AO7,EA58A,-0.2552182078361511,0.5231251120567322,4,1AO7_EA58A
1AO7,DA61A,0.3795585036277771,0.05590683966875076,4,1AO7_DA61A
1AO7,EA63A,0.1585373729467392,0.11117852479219437,4,1AO7_EA63A
1AO7,TA64A,-0.07604122906923294,0.5338300466537476,4,1AO7_TA64A
1AO7,RA65A,3.155595064163208,4.010361194610596,4,1AO7_RA65A
1AO7,KA66A,3.155595064163208,1.4386290311813354,4,1AO7_KA66A
1AO7,VA67A,-0.5582032203674316,0.6087309718132019,4,1AO7_VA67A
1AO7,KA68A,0.19354471564292908,-0.4602310061454773,4,1AO7_KA68A
1AO7,AA69G,1.522708535194397,-0.6785132884979248,4,1AO7_AA69G
1AO7,HA70A,3.155595064163208,1.0075128078460693,4,1AO7_HA70A
1AO7,QA72A,0.017250660806894302,-0.0011035427451133728,4,1AO7_QA72A
1AO7,TA73A,0.7666946649551392,1.9270308017730713,4,1AO7_TA73A
1AO7,HA74A,1.6043896675109863,1.1180723905563354,4,1AO7_HA74A
1AO7,RA75A,0.5347237586975098,0.8459618091583252,4,1AO7_RA75A
1AO7,VA76A,0.5968717336654663,0.6025180816650391,4,1AO7_VA76A
1AO7,TA80A,0.07573513686656952,0.7514433860778809,4,1AO7_TA80A
1AO7,KA146A,0.46220648288726807,0.2832564115524292,4,1AO7_KA146A
1AO7,AA149G,-0.1544964462518692,0.17251050472259521,4,1AO7_AA149G
1AO7,AA150G,0.06194958835840225,-0.8584749698638916,4,1AO7_AA150G
1AO7,HA151A,-0.3026396632194519,0.6313616037368774,4,1AO7_HA151A
1AO7,VA152A,-0.1942489743232727,0.9472612738609314,4,1AO7_VA152A
1AO7,EA154A,0.3615494668483734,0.3459030091762543,4,1AO7_EA154A
1AO7,QA155A,0.19838109612464905,2.2036426067352295,4,1AO7_QA155A
1AO7,AA158G,0.3119908273220062,0.15750718116760254,4,1AO7_AA158G
1AO7,TA163A,0.5292381048202515,-0.3455086648464203,4,1AO7_TA163A
1AO7,EA166A,1.4516383409500122,0.700374186038971,4,1AO7_EA166A
1AO7,WA167A,1.426120638847351,-0.19555863738059998,4,1AO7_WA167A
1AO7,RA170A,0.11025666445493698,0.7454833388328552,4,1AO7_RA170A
1OGA,QA43A,-0.023952234536409378,-0.035820119082927704,4,1OGA_QA43A
1OGA,EA58A,0.11265619844198227,0.0009640529751777649,4,1OGA_EA58A
1OGA,DA61A,0.11817597597837448,-0.16029959917068481,4,1OGA_DA61A
1OGA,EA63A,-0.018160870298743248,-0.14788806438446045,4,1OGA_EA63A
1OGA,TA64A,0.18642865121364594,0.40736111998558044,4,1OGA_TA64A
1OGA,RA65A,-0.3654748499393463,1.486171007156372,4,1OGA_RA65A
1OGA,KA66A,-0.023952234536409378,1.8205372095108032,4,1OGA_KA66A
1OGA,VA67A,-0.13922981917858124,0.1796378195285797,4,1OGA_VA67A
1OGA,KA68A,0.24835985898971558,-0.5106902122497559,4,1OGA_KA68A
1OGA,AA69G,0.4271910488605499,1.0303311347961426,4,1OGA_AA69G
1OGA,HA70A,0.5177409052848816,0.9307286739349365,4,1OGA_HA70A
1OGA,QA72A,-0.4595701992511749,0.3627220392227173,4,1OGA_QA72A
1OGA,TA73A,0.8486196398735046,1.6440553665161133,4,1OGA_TA73A
1OGA,HA74A,0.6043843626976013,0.742085874080658,4,1OGA_HA74A
1OGA,RA75A,0.7110561728477478,0.793786346912384,4,1OGA_RA75A
1OGA,VA76A,0.8721638321876526,1.2511430978775024,4,1OGA_VA76A
1OGA,TA80A,0.19533786177635193,0.37327519059181213,4,1OGA_TA80A
1OGA,KA146A,1.9311250448226929,0.5537014603614807,4,1OGA_KA146A
1OGA,AA149G,0.12273682653903961,0.21324723958969116,4,1OGA_AA149G
1OGA,AA150G,0.448542982339859,-0.6123278141021729,4,1OGA_AA150G
1OGA,HA151A,0.0,1.4459285736083984,4,1OGA_HA151A
1OGA,VA152A,1.3936090469360352,1.1280572414398193,4,1OGA_VA152A
1OGA,EA154A,0.6123905777931213,-0.14235344529151917,4,1OGA_EA154A
1OGA,QA155A,0.48906829953193665,1.0518653392791748,4,1OGA_QA155A
1OGA,AA158G,0.13264881074428558,0.5766470432281494,4,1OGA_AA158G
1OGA,TA163A,0.3215610086917877,0.10301122814416885,4,1OGA_TA163A
4MNQ,"IE49V,HE50G,PE51A,EE52G,YE53I,AD93S,LD94G,PD95T,GD97K",5.821152210235596,-0.5027894377708435,4,"4MNQ_IE49V,HE50G,PE51A,EE52G,YE53I,AD93S,LD94G,PD95T,GD97K"
4MNQ,"AD93S,LD94G,PD95T,GD97K",0.9231258630752563,-1.994443655014038,4,"4MNQ_AD93S,LD94G,PD95T,GD97K"
4MNQ,"HE50W,PE51E,EE52F,YE53E,AD93S,LD94G,PD95T,GD97K",0.8976401090621948,-1.4088630676269531,4,"4MNQ_HE50W,PE51E,EE52F,YE53E,AD93S,LD94G,PD95T,GD97K"
4MNQ,"IE49V,HE50G,PE51A,EE52G,YE53I",1.5196093320846558,0.08708278089761734,4,"4MNQ_IE49V,HE50G,PE51A,EE52G,YE53I"
4MNQ,"HE50W,PE51E,EE52F,YE53E",0.259645015001297,-0.2839282155036926,4,"4MNQ_HE50W,PE51E,EE52F,YE53E"
4MNQ,"KC4A,AD93S,LD94G,PD95T,GD97K",3.6324572563171387,-0.10660388320684433,4,"4MNQ_KC4A,AD93S,LD94G,PD95T,GD97K"
4MNQ,"KC4A,IE49V,HE50G,PE51A,EE52G,YE53I",4.247951507568359,0.17053991556167603,4,"4MNQ_KC4A,IE49V,HE50G,PE51A,EE52G,YE53I"
4MNQ,KC4A,4.935636520385742,-0.607060968875885,4,4MNQ_KC4A
4MNQ,"KC4A,HE50W,PE51E,EE52F,YE53E",4.942731857299805,-0.41660648584365845,4,"4MNQ_KC4A,HE50W,PE51E,EE52F,YE53E"
4MNQ,"LC6A,AD93S,LD94G,PD95T,GD97K",5.102494716644287,0.43838268518447876,4,"4MNQ_LC6A,AD93S,LD94G,PD95T,GD97K"
4MNQ,"LC6A,HE50W,PE51E,EE52F,YE53E,AD93S,LD94G,PD95T,GD97K",5.426295757293701,0.29944679141044617,4,"4MNQ_LC6A,HE50W,PE51E,EE52F,YE53E,AD93S,LD94G,PD95T,GD97K"
4MNQ,"LC6A,IE49V,HE50G,PE51A,EE52G,YE53I",4.669893264770508,1.105259656906128,4,"4MNQ_LC6A,IE49V,HE50G,PE51A,EE52G,YE53I"
4MNQ,LC6A,4.148980140686035,1.4254419803619385,4,4MNQ_LC6A
4MNQ,"LC6A,HE50W,PE51E,EE52F,YE53E",4.3891987800598145,0.7487005591392517,4,"4MNQ_LC6A,HE50W,PE51E,EE52F,YE53E"
1AO7,DD26M,0.21131277084350586,0.3735710084438324,4,1AO7_DD26M
1AO7,DD26V,1.3641711473464966,0.34997013211250305,4,1AO7_DD26V
1AO7,DD26W,-1.0804502964019775,-0.6578080654144287,4,1AO7_DD26W
1AO7,RD27F,-0.19934363663196564,0.2797966003417969,4,1AO7_RD27F
1AO7,GD28A,0.5428582429885864,0.5016731023788452,4,1AO7_GD28A
1AO7,GD28I,-0.279584139585495,-0.08923809975385666,4,1AO7_GD28I
1AO7,GD28L,-0.46684107184410095,0.8160918951034546,4,1AO7_GD28L
1AO7,GD28M,-0.5186731815338135,-0.04770626872777939,4,1AO7_GD28M
1AO7,GD28R,2.317685842514038,-1.963452696800232,4,1AO7_GD28R
1AO7,GD28T,-0.7592304348945618,0.2909834086894989,4,1AO7_GD28T
1AO7,GD28V,0.5428582429885864,0.07373613864183426,4,1AO7_GD28V
1AO7,SD29A,0.3026396632194519,0.2822953760623932,4,1AO7_SD29A
1AO7,QD30N,0.7132960557937622,1.020274043083191,4,1AO7_QD30N
1AO7,QD30E,0.4106564223766327,-0.6689791679382324,4,1AO7_QD30E
1AO7,SD51M,-0.3777339458465576,-0.24691712856292725,4,1AO7_SD51M
1AO7,KD66H,0.9535146951675415,-0.054652564227581024,4,1AO7_KD66H
1AO7,SD94A,0.0,-0.037674300372600555,4,1AO7_SD94A
1AO7,SD94N,1.907029390335083,-0.8197577595710754,4,1AO7_SD94N
1AO7,SD94T,-0.4934868812561035,-0.7198005318641663,4,1AO7_SD94T
1AO7,SD94Y,2.317685842514038,-4.8177971839904785,4,1AO7_SD94Y
1AO7,IE52R,1.3641711473464966,-0.17058172821998596,4,1AO7_IE52R
1AO7,AE96M,-0.31211909651756287,-0.8808771967887878,4,1AO7_AE96M
1AO7,AE96K,0.06157408282160759,-0.547211766242981,4,1AO7_AE96K
1AO7,GE97S,-0.31211909651756287,-0.3067921996116638,4,1AO7_GE97S
1AO7,GE98A,-1.0910300016403198,-1.1058481931686401,4,1AO7_GE98A
1AO7,RE99Q,0.4106564223766327,-1.214041829109192,4,1AO7_RE99Q
1AO7,"DD26W,RD27F,SD51M,SD94T",-2.717163562774658,-1.703713297843933,4,"1AO7_DD26W,RD27F,SD51M,SD94T"
1AO7,"DD26W,RD27F,GD28T,SD51M,SD94T",-1.285060167312622,-1.9224525690078735,4,"1AO7_DD26W,RD27F,GD28T,SD51M,SD94T"
1AO7,"DD26W,RD27F,SD51M,SD94T,VC7R",-1.3930768966674805,-1.486470103263855,4,"1AO7_DD26W,RD27F,SD51M,SD94T,VC7R"
1AO7,"GD28I,SD94A",-0.38309553265571594,-0.12980923056602478,4,"1AO7_GD28I,SD94A"
1AO7,"GD28I,SD94T",-0.8996182680130005,-1.5270271301269531,4,"1AO7_GD28I,SD94T"
1AO7,"GD28L,SD94A",-0.5086029171943665,0.43809783458709717,4,"1AO7_GD28L,SD94A"
1AO7,"GD28L,SD94T",-1.028609037399292,-0.9296471476554871,4,"1AO7_GD28L,SD94T"
1AO7,"GD28M,SD94A",-0.8046229481697083,0.23221495747566223,4,"1AO7_GD28M,SD94A"
1AO7,"GD28M,SD94T",-1.7472666501998901,-1.1655267477035522,4,"1AO7_GD28M,SD94T"
1AO7,"GD28M,SD51M,SD94T",-2.126458168029785,-1.113598346710205,4,"1AO7_GD28M,SD51M,SD94T"
1AO7,"GD28T,SD51M,SD94T",-1.6043896675109863,-0.7013511657714844,4,"1AO7_GD28T,SD51M,SD94T"
1AO7,"RD27F,GD28M,SD51M,SD94T",-1.8037333488464355,-1.842109203338623,4,"1AO7_RD27F,GD28M,SD51M,SD94T"
1AO7,"RD27F,GD28T,SD51M,SD94T",-1.6043896675109863,-1.0098730325698853,4,"1AO7_RD27F,GD28T,SD51M,SD94T"
1AO7,"DD26W,GD28M,SD51M,SD94T",-1.0787051916122437,-2.188056468963623,4,"1AO7_DD26W,GD28M,SD51M,SD94T"
1AO7,"DD26W,GD28T,SD51M,SD94T",-1.2376387119293213,-2.5725581645965576,4,"1AO7_DD26W,GD28T,SD51M,SD94T"
1AO7,"GE98A,RE99Q",-1.5635147094726562,-3.466161012649536,4,"1AO7_GE98A,RE99Q"
1AO7,"AE96M,GE97S",-1.0448415279388428,-1.4882434606552124,4,"1AO7_AE96M,GE97S"
1AO7,"AE96M,GE97S,GE98A",-3.544039249420166,-2.7657814025878906,4,"1AO7_AE96M,GE97S,GE98A"
1AO7,"AE96M,GE97S,GE98A,RE99Q",-3.9220755100250244,-4.663973808288574,4,"1AO7_AE96M,GE97S,GE98A,RE99Q"
1AO7,"GD28T,AE96M,GE97S,GE98A",-3.861774206161499,-2.884143352508545,4,"1AO7_GD28T,AE96M,GE97S,GE98A"
1AO7,"GD28T,AE96M,GE97S,GE98A,RE99Q",-3.9659810066223145,-4.221069812774658,4,"1AO7_GD28T,AE96M,GE97S,GE98A,RE99Q"
1AO7,"DD26W,AE96M,GE97S,GE98A,RE99Q",-4.038617134094238,-4.415825843811035,4,"1AO7_DD26W,AE96M,GE97S,GE98A,RE99Q"
1AO7,"DD26W,RD27F,SD51M,AE96M,GE97S,GE98A,RE99Q",-3.7107627391815186,-3.854351043701172,4,"1AO7_DD26W,RD27F,SD51M,AE96M,GE97S,GE98A,RE99Q"
1AO7,"DD26W,RD27F,SD51M,SD94T,AE96M,GE97S,GE98A,RE99Q",-3.451117753982544,-3.7424144744873047,4,"1AO7_DD26W,RD27F,SD51M,SD94T,AE96M,GE97S,GE98A,RE99Q"
1AO7,RD27P,0.30800125002861023,0.438275009393692,4,1AO7_RD27P
1AO7,KD97P,-0.26777946949005127,-0.020277641713619232,4,1AO7_KD97P
1AO7,AE50P,-0.32551708817481995,-0.7248423099517822,4,1AO7_AE50P
1AO7,GE98P,0.44973334670066833,-1.7423193454742432,4,1AO7_GE98P
1AO7,RE99P,-1.9416855573654175,-0.5012727975845337,4,1AO7_RE99P
1AO7,"KD97P,AE50P,RE99P",-1.6319506168365479,-0.5208081603050232,4,"1AO7_KD97P,AE50P,RE99P"
1AO7,"KD97P,RE99P",-1.2212941646575928,-0.8959646821022034,4,"1AO7_KD97P,RE99P"
1AO7,"DD26W,RD27F,GD28T,SD51M,SD94T",-2.7447245121002197,-1.8097389936447144,4,"1AO7_DD26W,RD27F,GD28T,SD51M,SD94T"
1AO7,"DD26W,RD27F,GD28T,SD51M,SD94T,RE99P",-3.3738555908203125,-1.3862098455429077,4,"1AO7_DD26W,RD27F,GD28T,SD51M,SD94T,RE99P"
1AO7,"DD26W,RD27F,GD28T,SD51M,SD94T,KD97P,AE50P,RE99P",-4.6220574378967285,-1.2773126363754272,4,"1AO7_DD26W,RD27F,GD28T,SD51M,SD94T,KD97P,AE50P,RE99P"
3R9A,AA323W,0.33875593543052673,-1.627009391784668,4,3R9A_AA323W
3R9A,YA325A,1.0145800113677979,0.9374911189079285,4,3R9A_YA325A
3R9A,YA325W,0.4823150336742401,0.06116840988397598,4,3R9A_YA325W
3R9A,VA331D,0.0,0.023930557072162628,4,3R9A_VA331D
3R9A,GA165R,0.048722125589847565,0.5612992644309998,4,3R9A_GA165R
1XGP,AB33F,-4.0624799728393555,-4.662062168121338,4,1XGP_AB33F
1XGP,AB33L,-2.199876308441162,-2.683468818664551,4,1XGP_AB33L
1XGP,AB33I,-2.261219024658203,-2.6183717250823975,4,1XGP_AB33I
1XGP,AB33V,-1.1530953645706177,-1.7458709478378296,4,1XGP_AB33V
3LB6,IA10A,3.7231316566467285,0.4503028392791748,4,3LB6_IA10A
3LB6,KA100A,5.814425468444824,2.0046095848083496,4,3LB6_KA100A
3LB6,KA101A,2.545271635055542,2.161585807800293,4,3LB6_KA101A
3LB6,FA103A,5.117306709289551,2.0320215225219727,4,3LB6_FA103A
4K71,GA503E,0.7422019243240356,-0.6604694128036499,4,4K71_GA503E
4K71,"MA416V,AA418T",1.1963605880737305,1.086437702178955,4,"4K71_MA416V,AA418T"
4K71,"GA503R,AA545V",1.667994499206543,-2.1821649074554443,4,"4K71_GA503R,AA545V"
4K71,AA545V,2.03191876411438,-1.0815190076828003,4,4K71_AA545V
4K71,"MA416V,AA418T,GA503R",2.7775838375091553,-0.5630197525024414,4,"4K71_MA416V,AA418T,GA503R"
4K71,"GA503E,AA545V",2.8493804931640625,-1.2744472026824951,4,"4K71_GA503E,AA545V"
4K71,"MA416V,AA418T,AA545V",2.8541905879974365,0.3322307765483856,4,"4K71_MA416V,AA418T,AA545V"
4K71,"MA416V,AA418T,GA503R,AA545V",2.8913276195526123,-1.225426435470581,4,"4K71_MA416V,AA418T,GA503R,AA545V"
4K71,"MA416V,GA503E,AA545V",2.9276857376098633,1.0101159811019897,4,"4K71_MA416V,GA503E,AA545V"
4K71,"AA418T,GA503E,AA545V",3.1290411949157715,-1.9064069986343384,4,"4K71_AA418T,GA503E,AA545V"
4K71,"MA416V,AA418T,GA503E,AA545V",3.459150552749634,0.44172412157058716,4,"4K71_MA416V,AA418T,GA503E,AA545V"
4K71,HA462A,1.0515739917755127,-0.19811305403709412,4,4K71_HA462A
4K71,HA462F,1.009981393814087,-0.6475538015365601,4,4K71_HA462F
4K71,HB157A,0.6442553997039795,0.37672680616378784,4,4K71_HB157A
4K71,HB157F,0.18506699800491333,-0.011038415133953094,4,4K71_HB157F
4K71,"MA416V,AA418T,GA503E,AA545V",3.814058780670166,0.4387010931968689,4,"4K71_MA416V,AA418T,GA503E,AA545V"
4K71,"MA416V,AA418T,GA503R",2.3874666690826416,-0.5474042892456055,4,"4K71_MA416V,AA418T,GA503R"
4K71,"MA416V,AA418T",1.2319692373275757,1.0821961164474487,4,"4K71_MA416V,AA418T"
4K71,AA545V,1.989831566810608,-1.0595693588256836,4,4K71_AA545V
4K71,"MA416V,AA418T,GA503R",1.8028225898742676,-0.5476697087287903,4,"4K71_MA416V,AA418T,GA503R"
4K71,"MA416V,AA418T",0.8493078947067261,1.0934447050094604,4,"4K71_MA416V,AA418T"
4K71,AA545V,0.3912300169467926,-1.0621589422225952,4,4K71_AA545V
4N8V,PG10A,-0.21667437255382538,0.48949724435806274,4,4N8V_PG10A
4N8V,KG38A,0.5880584716796875,0.7464689612388611,4,4N8V_KG38A
4N8V,YG39F,0.5155515074729919,0.03478408604860306,4,4N8V_YG39F
4N8V,YG124A,0.12034162133932114,1.4039814472198486,4,4N8V_YG124A
3M63,EA33A,0.6463438272476196,0.05043358355760574,4,3M63_EA33A
3M63,DA46A,2.234205961227417,3.429635524749756,4,3M63_DA46A
3M63,LA50A,0.5764208436012268,3.222027540206909,4,3M63_LA50A
3M63,TA54A,0.31137704849243164,0.1352023482322693,4,3M63_TA54A
3M63,EA55A,0.34635159373283386,1.0818276405334473,4,3M63_EA55A
3M63,RA98A,-0.18529273569583893,0.8432722687721252,4,3M63_RA98A
3M63,GA102A,0.12470666319131851,0.4316940903663635,4,3M63_GA102A
3M63,YA103A,3.650576591491699,5.091603755950928,4,3M63_YA103A
3M63,VA106A,1.83893883228302,2.349050998687744,4,3M63_VA106A
3M63,IA110A,1.0890923738479614,1.8903261423110962,4,3M63_IA110A
3M63,FA113A,1.7915173768997192,1.595408320426941,4,3M63_FA113A
3M63,"GB8F,QB9K,SB65Q,HB67V,VB69M",0.1871277093887329,0.6021292805671692,4,"3M63_GB8F,QB9K,SB65Q,HB67V,VB69M"
3HH2,VC15E,0.6843902468681335,0.7360511422157288,4,3HH2_VC15E
3HH2,FC47E,0.7132960557937622,1.8700878620147705,4,3HH2_FC47E
3HH2,IC51E,0.8621878027915955,0.6113498210906982,4,3HH2_IC51E
3HH2,FC52E,0.8165920972824097,3.762237071990967,4,3HH2_FC52E
3HH2,FC47A,1.325307846069336,0.9300450086593628,4,3HH2_FC47A
3HH2,IC51A,0.7132960557937622,0.3114619553089142,4,3HH2_IC51A
3HH2,FC52A,1.2728441953659058,3.6897919178009033,4,3HH2_FC52A
4FZA,FA168E,0.5428582429885864,2.984546184539795,4,4FZA_FA168E
4FZA,YA213A,1.270783543586731,0.45445042848587036,4,4FZA_YA213A
4FZA,RA217A,1.0278971195220947,0.15854701399803162,4,4FZA_RA217A
4FZA,EB122A,0.4254123568534851,0.09946668893098831,4,4FZA_EB122A
3MZW,NB18T,-0.14522328972816467,0.27379530668258667,4,3MZW_NB18T
3MZW,NB18G,0.07263598591089249,0.07609350234270096,4,3MZW_NB18G
3MZW,NB18A,0.025214528664946556,0.5082940459251404,4,3MZW_NB18A
3MZW,"NB1E,NB18T",0.3843208849430084,1.2544488906860352,4,"3MZW_NB1E,NB18T"
3MZW,"NB1A,NB18T",0.34248337149620056,0.22497472167015076,4,"3MZW_NB1A,NB18T"
3MZW,"NB18T,AB49S",0.09499531984329224,0.10173419862985611,4,"3MZW_NB18T,AB49S"
3MZW,"NB18T,AB37S,AB41S,AB49S",-0.11319105327129364,0.180745929479599,4,"3MZW_NB18T,AB37S,AB41S,AB49S"
3MZW,"NB1A,NB18T,AB37S,AB41S,AB49S",0.025214528664946556,0.3415232300758362,4,"3MZW_NB1A,NB18T,AB37S,AB41S,AB49S"
3MZW,"NB1E,NB18T,AB37S,AB41S,AB49S",0.28166571259498596,0.7524805665016174,4,"3MZW_NB1E,NB18T,AB37S,AB41S,AB49S"
3MZW,"NB1A,NB18T,AB37S,AB41S,AB49S",-0.08280224353075027,0.15639245510101318,4,"3MZW_NB1A,NB18T,AB37S,AB41S,AB49S"
3MZW,"NB18T,SB28A",-0.2150040864944458,0.23250940442085266,4,"3MZW_NB18T,SB28A"
3MZW,"NB18T,SB28K",-0.2150040864944458,0.19497117400169373,4,"3MZW_NB18T,SB28K"
3MZW,"NB18T,DB31A",0.7081217765808105,0.27681809663772583,4,"3MZW_NB18T,DB31A"
3MZW,"NB18T,DB31K",1.2189477682113647,-1.289284110069275,4,"3MZW_NB18T,DB31K"
3MZW,"NB18T,DB32E",0.21388307213783264,0.22624197602272034,4,"3MZW_NB18T,DB32E"
3MZW,"NB18T,EB42A",-0.3380204439163208,0.716516375541687,4,"3MZW_NB18T,EB42A"
3MZW,"NB18T,LB46T",-0.17908690869808197,0.15065130591392517,4,"3MZW_NB18T,LB46T"
3MZW,"NB18T,LB46Y",-0.02633553557097912,0.1580832302570343,4,"3MZW_NB18T,LB46Y"
3MZW,"NB18T,NB38E,AB49S",0.13733132183551788,0.20366749167442322,4,"3MZW_NB18T,NB38E,AB49S"
3MZW,"NB18T,AB37S,AB41S,LB46T",-0.14522328972816467,0.25269269943237305,4,"3MZW_NB18T,AB37S,AB41S,LB46T"
3MZW,"NB18T,AB37S,AB41S,LB46Y",-0.05389640852808952,0.17126181721687317,4,"3MZW_NB18T,AB37S,AB41S,LB46Y"
3MZW,"NB1A,NB18T,SB28K,AB37S,AB41S,AB49S",-0.2150040864944458,0.625886082649231,4,"3MZW_NB1A,NB18T,SB28K,AB37S,AB41S,AB49S"
3MZW,"NB1A,NB18T,SB28K,DB31A,AB37S,AB41S,AB49S",0.4480868875980377,0.04162362962961197,4,"3MZW_NB1A,NB18T,SB28K,DB31A,AB37S,AB41S,AB49S"
3MZW,"NB1A,NB18T,SB28K,DB32E,AB37S,AB41S,AB49S",-0.6799096465110779,0.16415295004844666,4,"3MZW_NB1A,NB18T,SB28K,DB32E,AB37S,AB41S,AB49S"
3MZW,"NB1A,NB18T,SB28K,AB37S,NB38E,AB41S,AB49S",-0.25324004888534546,0.22328948974609375,4,"3MZW_NB1A,NB18T,SB28K,AB37S,NB38E,AB41S,AB49S"
3MZW,"NB1A,NB18T,SB28K,AB37S,NB38E,AB41S,AB49S",-0.14522328972816467,0.5741569399833679,4,"3MZW_NB1A,NB18T,SB28K,AB37S,NB38E,AB41S,AB49S"
3MZW,"NB1A,NB18T,SB28K,AB37S,AB41S,EB42A,AB49S",-0.3854418992996216,0.6395094394683838,4,"3MZW_NB1A,NB18T,SB28K,AB37S,AB41S,EB42A,AB49S"
3MZW,"NB1A,NB18T,SB28K,AB37S,AB41S,EB42A,AB49S",-0.08280224353075027,0.477955162525177,4,"3MZW_NB1A,NB18T,SB28K,AB37S,AB41S,EB42A,AB49S"
3MZW,"NB1A,NB18T,SB28K,AB37S,NB38E,AB41S,AB49S",0.5680727958679199,0.22328945994377136,4,"3MZW_NB1A,NB18T,SB28K,AB37S,NB38E,AB41S,AB49S"
3MZW,"NB1A,NB18T,SB28K,AB37S,NB38E,AB41S,AB49S",0.7081217765808105,0.22328945994377136,4,"3MZW_NB1A,NB18T,SB28K,AB37S,NB38E,AB41S,AB49S"
3S9D,SA18A,-0.21131277084350586,0.12487078458070755,4,3S9D_SA18A
3S9D,LA19A,1.009981393814087,1.3036119937896729,4,3S9D_LA19A
3S9D,FA20A,0.5186731815338135,1.7934411764144897,4,3S9D_FA20A
3S9D,SA21A,0.0,0.06466756016016006,4,3S9D_SA21A
3S9D,LA23A,3.681856870651245,1.4784996509552002,4,3S9D_LA23A
3S9D,KA24A,0.49345865845680237,0.8613220453262329,4,3S9D_KA24A
3S9D,DA25A,0.3802676200866699,0.009554542601108551,4,3S9D_DA25A
3S9D,RA26A,3.681856870651245,0.5121195912361145,4,3S9D_RA26A
3S9D,HA27A,0.4106564223766327,1.4601812362670898,4,3S9D_HA27A
3S9D,DA28A,0.2402186095714569,0.4691375494003296,4,3S9D_DA28A
3S9D,EA34A,0.0,-0.007788620889186859,4,3S9D_EA34A
3S9D,KA92A,0.10801676660776138,0.22424420714378357,4,3S9D_KA92A
3S9D,RA96A,0.3482353687286377,0.39945611357688904,4,3S9D_RA96A
3S9D,LA99A,-0.0624210461974144,0.4281883239746094,4,3S9D_LA99A
3S9D,KA102A,0.27845457196235657,0.29626235365867615,4,3S9D_KA102A
3S9D,EA103A,-0.13220183551311493,0.5082961320877075,4,3S9D_EA103A
3S9D,KA104A,0.7751243710517883,0.3164288401603699,4,3S9D_KA104A
3S9D,KA105A,0.05646670609712601,0.3648286759853363,4,3S9D_KA105A
3S9D,TB33A,1.5196093320846558,1.107804298400879,4,3S9D_TB33A
3S9D,MB35A,3.681856870651245,2.043618679046631,4,3S9D_MB35A
3S9D,SB36A,0.4671231210231781,-0.3214036822319031,4,3S9D_SB36A
3S9D,KB37A,0.3143717646598816,-0.26461926102638245,4,3S9D_KB37A
3S9D,EB39R,0.6508750319480896,-0.5571337938308716,4,3S9D_EB39R
3S9D,EB39A,0.19934363663196564,-0.04731380194425583,4,3S9D_EB39A
3S9D,KB42A,0.3802676200866699,0.7237620949745178,4,3S9D_KB42A
3S9D,WB61F,0.7250281572341919,-0.058989398181438446,4,3S9D_WB61F
3S9D,SB63A,0.3143717646598816,0.2806533873081207,4,3S9D_SB63A
3S9D,HB65A,0.6307899951934814,0.3180360198020935,4,3S9D_HB65A
3S9D,NB85A,-0.21131277084350586,1.6165173053741455,4,3S9D_NB85A
3S9D,WB87A,0.7422019243240356,2.466989517211914,4,3S9D_WB87A
3S9D,DB121R,-0.0624210461974144,1.1259938478469849,4,3S9D_DB121R
3S9D,LA8A,1.2793906927108765,2.382559299468994,4,3S9D_LA8A
3S9D,MA9A,0.12424934655427933,0.9869052767753601,4,3S9D_MA9A
3S9D,RA15A,0.17043781280517578,1.9702106714248657,4,3S9D_RA15A
3S9D,RA16A,0.3591063618659973,1.1759507656097412,4,3S9D_RA16A
3S9D,IA17A,-0.13220183551311493,0.3622676730155945,4,3S9D_IA17A
3S9D,SA18A,-0.08478038012981415,0.21019726991653442,4,3S9D_SA18A
3S9D,LA19A,1.0241725444793701,1.809359073638916,4,3S9D_LA19A
3S9D,FA20A,0.8998063206672668,1.8328185081481934,4,3S9D_FA20A
3S9D,LA23A,3.756010055541992,1.4784996509552002,4,3S9D_LA23A
3S9D,LA23V,2.6412787437438965,0.5056966543197632,4,3S9D_LA23V
3S9D,KA24A,0.6508750319480896,0.7995352745056152,4,3S9D_KA24A
3S9D,DA25A,0.6307899951934814,-0.004631273448467255,4,3S9D_DA25A
3S9D,RA26K,4.673607349395752,1.0944247245788574,4,3S9D_RA26K
3S9D,RA26A,5.417921543121338,0.5121195912361145,4,3S9D_RA26A
3S9D,RA26Q,6.082001209259033,0.46804624795913696,4,3S9D_RA26Q
3S9D,HA27A,0.5736418962478638,1.4601812362670898,4,3S9D_HA27A
3S9D,DA28A,0.25324004888534546,0.5755900144577026,4,3S9D_DA28A
3S9D,QA33A,0.019426396116614342,0.7766237258911133,4,3S9D_QA33A
3S9D,RA96A,0.0,0.39952901005744934,4,3S9D_RA96A
3S9D,KA102A,0.4300828278064728,0.29626235365867615,4,3S9D_KA102A
3S9D,EA103A,-0.21131277084350586,0.5144762396812439,4,3S9D_EA103A
3S9D,KA104A,1.2793906927108765,0.3065413534641266,4,3S9D_KA104A
3S9D,KA105A,0.14004899561405182,0.39420077204704285,4,3S9D_KA105A
3S9D,RA115A,2.185483932495117,1.5501409769058228,4,3S9D_RA115A
3S9D,AA116G,2.077467203140259,1.0019598007202148,4,3S9D_AA116G
3S9D,AA116M,1.0582308769226074,-0.6256547570228577,4,3S9D_AA116M
3S9D,MA119A,2.289372205734253,2.5349106788635254,4,3S9D_MA119A
3S9D,RA120A,3.0743792057037354,1.9335157871246338,4,3S9D_RA120A
3S9D,SA123A,0.9041150808334351,0.8268230557441711,4,3S9D_SA123A
3S9D,LA124A,1.3358573913574219,0.5753413438796997,4,3S9D_LA124A
3S9D,NA127A,-0.08478038012981415,0.001690603792667389,4,3S9D_NA127A
3S9D,QA48A,0.0,0.002646304666996002,4,3S9D_QA48A
3S9D,FA50A,0.17043781280517578,0.5235283970832825,4,3S9D_FA50A
3S9D,NA51A,0.0,-0.05319111794233322,4,3S9D_NA51A
3S9D,SA54A,0.0,-0.046578459441661835,4,3S9D_SA54A
3S9D,TA55A,0.0,0.7694294452667236,4,3S9D_TA55A
3S9D,KA56A,0.0,0.7960448265075684,4,3S9D_KA56A
3S9D,SA59A,0.17043781280517578,0.5166323781013489,4,3S9D_SA59A
3S9D,TA65A,0.17043781280517578,0.4431980848312378,4,3S9D_TA65A
3S9D,LA66A,0.3026396632194519,1.5794695615768433,4,3S9D_LA66A
3S9D,KA69A,0.0,0.33253300189971924,4,3S9D_KA69A
3S9D,YA71A,0.3026396632194519,0.36140522360801697,4,3S9D_YA71A
3S9D,TA72A,0.17043781280517578,0.5672607421875,4,3S9D_TA72A
3S9D,YA75A,0.3026396632194519,0.898120105266571,4,3S9D_YA75A
3S9D,QA76A,0.17043781280517578,-0.27126649022102356,4,3S9D_QA76A
3S9D,NA79A,0.17043781280517578,0.34626856446266174,4,3S9D_NA79A
3S9D,EA82A,0.17043781280517578,0.12510940432548523,4,3S9D_EA82A
3S9D,"AA43H,AA44E,AA47Q",-0.01742631569504738,1.4206537008285522,4,"3S9D_AA43H,AA44E,AA47Q"
3S9D,"AA43Y,AA44N,AA47S",-0.19081901013851166,-0.43814006447792053,4,"3S9D_AA43Y,AA44N,AA47S"
3S9D,"AA43H,AA44E,AA47Q",0.0,1.4521926641464233,4,"3S9D_AA43H,AA44E,AA47Q"
3S9D,RA5A,0.6218704581260681,0.4173489809036255,4,3S9D_RA5A
3S9D,LA8A,1.3641711473464966,1.8430938720703125,4,3S9D_LA8A
3S9D,MA9A,0.0,0.4480707049369812,4,3S9D_MA9A
3S9D,AA12W,-0.18106503784656525,-1.8165314197540283,4,3S9D_AA12W
3S9D,RA15A,0.22013357281684875,1.966537594795227,4,3S9D_RA15A
3S9D,RA16A,0.09638339281082153,1.1628127098083496,4,3S9D_RA16A
3S9D,IA17A,-0.08250609040260315,0.35871800780296326,4,3S9D_IA17A
3S9D,SA18A,0.0,0.124870665371418,4,3S9D_SA18A
3S9D,LA19A,0.8954659700393677,1.2808228731155396,4,3S9D_LA19A
3S9D,FA20A,0.7132960557937622,1.793441653251648,4,3S9D_FA20A
3S9D,LA23A,3.93766713142395,1.4999918937683105,4,3S9D_LA23A
3S9D,LA23V,2.232905387878418,0.5056966543197632,4,3S9D_LA23V
3S9D,KA24A,0.7132960557937622,0.8613220453262329,4,3S9D_KA24A
3S9D,DA25A,0.9252009987831116,-0.004631273448467255,4,3S9D_DA25A
3S9D,RA26A,6.2779974937438965,0.7778013348579407,4,3S9D_RA26A
3S9D,RA26K,4.503169536590576,1.0922356843948364,4,3S9D_RA26K
3S9D,HA27A,0.6389058828353882,1.4544163942337036,4,3S9D_HA27A
3S9D,DA28A,0.4106564223766327,0.5846500992774963,4,3S9D_DA28A
3S9D,RA91K,0.030783649533987045,0.467143177986145,4,3S9D_RA91K
3S9D,KA92A,-0.07798352837562561,0.20272311568260193,4,3S9D_KA92A
3S9D,RA96A,0.283371239900589,0.4034443497657776,4,3S9D_RA96A
3S9D,KA102A,0.0,0.28619930148124695,4,3S9D_KA102A
3S9D,EA103A,-0.16519483923912048,0.5144762396812439,4,3S9D_EA103A
3S9D,KA104A,0.21190492808818817,0.3065413534641266,4,3S9D_KA104A
3S9D,KA105A,0.19509665668010712,0.3648286759853363,4,3S9D_KA105A
3S9D,RA115A,2.077467203140259,1.5501409769058228,4,3S9D_RA115A
3S9D,AA116M,1.087294340133667,-0.6256546974182129,4,3S9D_AA116M
3S9D,AA116G,2.077467203140259,0.999634325504303,4,3S9D_AA116G
3S9D,MA119A,2.077467203140259,2.7210657596588135,4,3S9D_MA119A
3S9D,RA120A,2.728342294692993,1.6380819082260132,4,3S9D_RA120A
3S9D,SA123A,1.3641711473464966,0.8666799068450928,4,3S9D_SA123A
3S9D,LA124A,1.3641711473464966,0.5705249309539795,4,3S9D_LA124A
3S9D,NA127A,0.0,0.2385411560535431,4,3S9D_NA127A
3S9D,EB17R,0.0,0.41441816091537476,4,3S9D_EB17R
3S9D,YB32A,1.30829656124115,1.92844820022583,4,3S9D_YB32A
3S9D,TB33A,1.6668107509613037,0.9526109099388123,4,3S9D_TB33A
3S9D,IB34A,1.774827480316162,1.3902209997177124,4,3S9D_IB34A
3S9D,MB35A,2.317685842514038,1.607522964477539,4,3S9D_MB35A
3S9D,MB35V,1.8240691423416138,1.4313703775405884,4,3S9D_MB35V
3S9D,SB36A,0.5428582429885864,-0.010760299861431122,4,3S9D_SB36A
3S9D,KB37A,0.6940276622772217,0.15031838417053223,4,3S9D_KB37A
3S9D,EB39A,0.21190492808818817,-0.06869315356016159,4,3S9D_EB39A
3S9D,DB40A,0.0,0.8323416113853455,4,3S9D_DB40A
3S9D,KB42A,0.5891849398612976,0.7321474552154541,4,3S9D_KB42A
3S9D,RB62A,0.17043781280517578,0.4826276898384094,4,3S9D_RB62A
3S9D,SB63A,0.2734968066215515,0.2733931839466095,4,3S9D_SB63A
3S9D,TB64A,0.25581035017967224,0.30701595544815063,4,3S9D_TB64A
3S9D,HB65A,0.6389058828353882,0.3180360198020935,4,3S9D_HB65A
3S9D,EB66A,2.412388563156128,0.8382324576377869,4,3S9D_EB66A
3S9D,AB67M,-0.16781052947044373,-1.3922475576400757,4,3S9D_AB67M
3S9D,VB69A,2.317685842514038,1.1073861122131348,4,3S9D_VB69A
3S9D,HB84A,0.04376433789730072,1.0955020189285278,4,3S9D_HB84A
3S9D,NB85A,-0.13220183551311493,1.4721680879592896,4,3S9D_NB85A
3S9D,WB87A,1.0482174158096313,2.4369852542877197,4,3S9D_WB87A
3S9D,IB90A,1.496372938156128,0.7287445664405823,4,3S9D_IB90A
3S9D,DB91A,1.0482174158096313,1.114822268486023,4,3S9D_DB91A
3S9D,DB121R,-0.09861256927251816,1.282769799232483,4,3S9D_DB121R
3S9D,HB166A,0.0,0.41838687658309937,4,3S9D_HB166A
3S9D,RA120A,3.1016509532928467,1.9335154294967651,4,3S9D_RA120A
3S9D,EB66A,2.4010674953460693,0.8382324576377869,4,3S9D_EB66A
3S9D,"RA120A,EB66A",3.602473735809326,1.5612586736679077,4,"3S9D_RA120A,EB66A"
3S9D,"TB33A,LA8A",3.5785608291625977,2.9957666397094727,4,"3S9D_TB33A,LA8A"
3S9D,"TB33A,LA19A",3.3948090076446533,2.035639762878418,4,"3S9D_TB33A,LA19A"
3S9D,"TB33A,FA20A",3.02142596244812,2.1331801414489746,4,"3S9D_TB33A,FA20A"
3S9D,"TB33A,LA23A",5.96136999130249,2.017289161682129,4,"3S9D_TB33A,LA23A"
3S9D,"TB33A,RA115A",4.048243045806885,1.973568081855774,4,"3S9D_TB33A,RA115A"
3S9D,"TB33A,AA116G",4.351393222808838,1.1305522918701172,4,"3S9D_TB33A,AA116G"
3S9D,"TB33A,MA119A",4.463984966278076,2.5204927921295166,4,"3S9D_TB33A,MA119A"
3S9D,"TB33A,RA120A",5.268608093261719,1.8894217014312744,4,"3S9D_TB33A,RA120A"
3S9D,"TB33A,SA123A",3.063263416290283,1.0376454591751099,4,"3S9D_TB33A,SA123A"
3S9D,"TB33A,LA124A",3.3123912811279297,1.436329960823059,4,"3S9D_TB33A,LA124A"
3S9D,"IB34A,RA115A",4.271187782287598,2.1676857471466064,4,"3S9D_IB34A,RA115A"
3S9D,"IB34A,AA116G",4.474026679992676,1.391498327255249,4,"3S9D_IB34A,AA116G"
3S9D,"IB34A,MA119A",4.23505163192749,2.580202579498291,4,"3S9D_IB34A,MA119A"
3S9D,"IB34A,RA120A",5.001758098602295,2.3632326126098633,4,"3S9D_IB34A,RA120A"
3S9D,"IB34A,SA123A",3.0067968368530273,1.3098748922348022,4,"3S9D_IB34A,SA123A"
3S9D,"IB34A,LA124A",3.561387062072754,1.4860280752182007,4,"3S9D_IB34A,LA124A"
3S9D,"WB87A,RA5A",2.3409221172332764,2.3003969192504883,4,"3S9D_WB87A,RA5A"
3S9D,"WB87A,LA8A",3.076577663421631,3.5796473026275635,4,"3S9D_WB87A,LA8A"
3S9D,"WB87A,MA119A",3.8463404178619385,3.6295547485351562,4,"3S9D_WB87A,MA119A"
3S9D,"WB87A,SA123A",2.7515785694122314,2.8462321758270264,4,"3S9D_WB87A,SA123A"
3S9D,"WB87A,LA124A",2.94437575340271,2.463623285293579,4,"3S9D_WB87A,LA124A"
3S9D,IB90A,1.6426256895065308,0.7287445664405823,4,3S9D_IB90A
3S9D,"IB90A,LA8A",3.740473985671997,1.4362765550613403,4,"3S9D_IB90A,LA8A"
3S9D,"IB90A,LA19A",3.035702705383301,1.3275043964385986,4,"3S9D_IB90A,LA19A"
3S9D,"IB90A,FA20A",2.8162739276885986,1.6811575889587402,4,"3S9D_IB90A,FA20A"
3S9D,"IB90A,LA23A",5.4495320320129395,1.3140946626663208,4,"3S9D_IB90A,LA23A"
3S9D,"IB90A,RA115A",3.525470018386841,2.0160982608795166,4,"3S9D_IB90A,RA115A"
3S9D,"IB90A,MA119A",4.035335063934326,2.291353225708008,4,"3S9D_IB90A,MA119A"
3S9D,"IB90A,RA120A",4.908470153808594,2.035043478012085,4,"3S9D_IB90A,RA120A"
3S9D,"IB90A,SA123A",3.256808280944824,1.0741345882415771,4,"3S9D_IB90A,SA123A"
3S9D,"IB90A,LA124A",3.3467459678649902,1.0522488355636597,4,"3S9D_IB90A,LA124A"
3S9D,"DB91A,LA19A",2.94437575340271,3.006972074508667,4,"3S9D_DB91A,LA19A"
3S9D,"DB91A,FA20A",2.3848276138305664,2.344003200531006,4,"3S9D_DB91A,FA20A"
3S9D,"DB91A,RA115A",3.6723010540008545,2.2728958129882812,4,"3S9D_DB91A,RA115A"
3S9D,"DB91A,SA123A",2.6789426803588867,1.3373351097106934,4,"3S9D_DB91A,SA123A"
3S9D,"DB91A,LA124A",3.02142596244812,1.7289193868637085,4,"3S9D_DB91A,LA124A"
3S9D,TB33A,2.007093667984009,0.9614359736442566,4,3S9D_TB33A
3S9D,IB34A,1.9302657842636108,1.4276071786880493,4,3S9D_IB34A
3S9D,MB35V,2.9259908199310303,0.8102899789810181,4,3S9D_MB35V
3S9D,HB65A,1.2015804052352905,0.3180360198020935,4,3S9D_HB65A
3S9D,EB66A,2.433549642562866,0.842259407043457,4,3S9D_EB66A
3S9D,WB87A,1.546341061592102,2.460559368133545,4,3S9D_WB87A
3S9D,IB90A,1.7124065160751343,0.7244111895561218,4,3S9D_IB90A
3S9D,DB91A,1.6276260614395142,1.1148219108581543,4,3S9D_DB91A
3S9D,LA8A,1.965646505355835,1.8430936336517334,4,3S9D_LA8A
3S9D,LA19A,1.4916142225265503,1.28082275390625,4,3S9D_LA19A
3S9D,LA23A,3.8640267848968506,1.0248667001724243,4,3S9D_LA23A
3S9D,RA115A,2.1795296669006348,1.5398699045181274,4,3S9D_RA115A
3S9D,AA116G,2.161298990249634,0.999634325504303,4,3S9D_AA116G
3S9D,MA119A,2.3973889350891113,2.5349106788635254,4,3S9D_MA119A
3S9D,RA120A,3.1845943927764893,1.6380819082260132,4,3S9D_RA120A
3S9D,SA123A,1.0997674465179443,0.5999603867530823,4,3S9D_SA123A
3S9D,LA124A,1.6426256895065308,0.7129819393157959,4,3S9D_LA124A
3S9D,"MB35V,LA8A",4.42743444442749,2.069960117340088,4,"3S9D_MB35V,LA8A"
3S9D,"MB35V,LA19A",4.316718578338623,1.9098149538040161,4,"3S9D_MB35V,LA19A"
3S9D,"MB35V,LA23A",7.11393928527832,1.7609314918518066,4,"3S9D_MB35V,LA23A"
3S9D,"MB35V,RA115A",3.7050933837890625,2.2816874980926514,4,"3S9D_MB35V,RA115A"
3S9D,"MB35V,AA116G",5.300297737121582,1.1171691417694092,4,"3S9D_MB35V,AA116G"
3S9D,"MB35V,MA119A",5.456684589385986,2.5289645195007324,4,"3S9D_MB35V,MA119A"
3S9D,"MB35V,RA120A",6.066684722900391,2.028003692626953,4,"3S9D_MB35V,RA120A"
3S9D,"MB35V,SA123A",4.0805439949035645,1.216749906539917,4,"3S9D_MB35V,SA123A"
3S9D,"MB35V,LA124A",4.533203125,1.0301964282989502,4,"3S9D_MB35V,LA124A"
3S9D,"EB66A,LA8A",4.092513084411621,3.109098434448242,4,"3S9D_EB66A,LA8A"
3S9D,"EB66A,LA23A",6.058159828186035,2.169265031814575,4,"3S9D_EB66A,LA23A"
3S9D,"EB66A,RA115A",4.6586079597473145,2.325354814529419,4,"3S9D_EB66A,RA115A"
3S9D,"EB66A,AA116G",5.041269302368164,1.5194371938705444,4,"3S9D_EB66A,AA116G"
3S9D,"EB66A,MA119A",4.980967998504639,3.4234960079193115,4,"3S9D_EB66A,MA119A"
3S9D,"EB66A,RA120A",3.6324572563171387,1.5097764730453491,4,"3S9D_EB66A,RA120A"
3S9D,"EB66A,SA123A",3.543700695037842,1.555376410484314,4,"3S9D_EB66A,SA123A"
3S9D,"EB66A,LA124A",3.7697887420654297,1.398511528968811,4,"3S9D_EB66A,LA124A"
3S9D,"HB65A,RA5A",2.2143898010253906,0.5515509247779846,4,"3S9D_HB65A,RA5A"
3S9D,"HB65A,LA8A",4.016777992248535,2.7205145359039307,4,"3S9D_HB65A,LA8A"
3S9D,"HB65A,LA19A",3.056492567062378,1.869393229484558,4,"3S9D_HB65A,LA19A"
3S9D,"HB65A,RA120A",3.8463404178619385,1.9088780879974365,4,"3S9D_HB65A,RA120A"
3S9D,"HB65A,SA123A",1.135684609413147,0.9291247725486755,4,"3S9D_HB65A,SA123A"
3S9D,"HB65A,LA124A",2.939418077468872,1.0151848793029785,4,"3S9D_HB65A,LA124A"
1JTG,EB31A,0.8213128447532654,0.0006102398037910461,4,1JTG_EB31A
1JTG,SB35A,0.0,-0.14491242170333862,4,1JTG_SB35A
1JTG,FB36A,2.5961403846740723,1.0139771699905396,4,1JTG_FB36A
1JTG,SB39A,-0.3026396632194519,0.36500003933906555,4,1JTG_SB39A
1JTG,HB41A,2.4998557567596436,0.5819281935691833,4,1JTG_HB41A
1JTG,GB48A,0.19934363663196564,1.0838648080825806,4,1JTG_GB48A
1JTG,DB49A,2.185483932495117,2.750260829925537,4,1JTG_DB49A
1JTG,YB50A,-2.261219024658203,3.040457248687744,4,1JTG_YB50A
1JTG,YB51A,0.0,0.7273169159889221,4,1JTG_YB51A
1JTG,YB53A,2.2143898010253906,1.8801703453063965,4,1JTG_YB53A
1JTG,SB71A,-0.5428582429885864,0.5905325412750244,4,1JTG_SB71A
1JTG,EB73A,-0.13220183551311493,0.4205169677734375,4,1JTG_EB73A
1JTG,KB74A,2.6789426803588867,0.468677818775177,4,1JTG_KB74A
1JTG,WB112A,1.9302657842636108,0.8729613423347473,4,1JTG_WB112A
1JTG,SB113A,-0.8970479965209961,-0.04197143763303757,4,1JTG_SB113A
1JTG,GB141A,0.7588918209075928,0.1438964307308197,4,1JTG_GB141A
1JTG,FB142A,2.0532820224761963,2.613018035888672,4,1JTG_FB142A
1JTG,YB143A,0.10801676660776138,1.5268446207046509,4,1JTG_YB143A
1JTG,RB144A,0.10801676660776138,0.0876285508275032,4,1JTG_RB144A
1JTG,HB148A,2.2143898010253906,1.019071102142334,4,1JTG_HB148A
1JTG,WB150A,3.5002553462982178,0.51791912317276,4,1JTG_WB150A
1JTG,RB160A,1.8312941789627075,0.8753732442855835,4,1JTG_RB160A
1JTG,WB162A,2.185483932495117,1.4156044721603394,4,1JTG_WB162A
1JTG,"EB73A,YB50A",-1.496372938156128,2.705289840698242,4,"1JTG_EB73A,YB50A"
1JTG,QA74A,0.5894072651863098,-0.235769122838974,4,1JTG_QA74A
1JTG,NA75A,-1.4773621559143066,0.3359287679195404,4,1JTG_NA75A
1JTG,LA77A,0.8707124590873718,1.306251883506775,4,1JTG_LA77A
1JTG,EA79A,2.7824625968933105,1.6202467679977417,4,1JTG_EA79A
1JTG,YA80A,-0.0947713702917099,1.5940495729446411,4,1JTG_YA80A
1JTG,PA82A,0.23677411675453186,2.022007942199707,4,1JTG_PA82A
1JTG,EA85A,-1.3147715330123901,0.05013818293809891,4,1JTG_EA85A
1JTG,KA86A,-0.8585193753242493,1.5954874753952026,4,1JTG_KA86A
1JTG,MA104A,1.5096182823181152,3.076152801513672,4,1JTG_MA104A
1JTG,VA190A,-0.5828139781951904,0.27936577796936035,4,1JTG_VA190A
1JTG,MA244A,-0.051081907004117966,0.38797351717948914,4,1JTG_MA244A
3WWN,RA221E,-0.33671388030052185,1.4592182636260986,4,3WWN_RA221E
3WWN,RA224E,1.2939426898956299,0.4582887291908264,4,3WWN_RA224E
3WWN,KA225E,0.15640123188495636,-0.04564472287893295,4,3WWN_KA225E
4E6K,"EA81A,EB81A",2.5848121643066406,0.5610034465789795,4,"4E6K_EA81A,EB81A"
4E6K,"LA68A,LB68A",2.6698973178863525,1.2641384601593018,4,"4E6K_LA68A,LB68A"
4E6K,"EA85A,EB85A",3.0725746154785156,0.7174116969108582,4,"4E6K_EA85A,EB85A"
4E6K,YG2F,0.6969138979911804,0.08942729979753494,4,4E6K_YG2F
4E6K,KG40A,0.5019832849502563,0.2606588304042816,4,4E6K_KG40A
4E6K,LG5A,1.9034278392791748,1.6257573366165161,4,4E6K_LG5A
4J2L,WC17A,2.230583667755127,4.126010417938232,4,4J2L_WC17A
4J2L,LC20S,1.6885002851486206,2.4347596168518066,4,4J2L_LC20S
4J2L,"VA23A,SA34D",2.2666831016540527,1.1618775129318237,4,"4J2L_VA23A,SA34D"
4J2L,"VA23A,LA118E",0.43684640526771545,3.347057819366455,4,"4J2L_VA23A,LA118E"
4J2L,"SA34D,LA118E",0.6970077157020569,2.547740936279297,4,"4J2L_SA34D,LA118E"
4J2L,VA23A,0.08989062905311584,0.5852448344230652,4,4J2L_VA23A
4J2L,SA34D,-0.9704915285110474,0.9788026213645935,4,4J2L_SA34D
4J2L,LA118E,-0.6311247944831848,2.702258586883545,4,4J2L_LA118E
4OFY,QA34A,1.1767563819885254,0.7428293824195862,4,4OFY_QA34A
4OFY,MA36A,0.0841105654835701,1.277319073677063,4,4OFY_MA36A
4OFY,DA38A,0.5488527417182922,1.660089135169983,4,4OFY_DA38A
4OFY,FA40A,4.604454040527344,2.073523759841919,4,4OFY_FA40A
4OFY,QA85A,1.7332348823547363,1.348137378692627,4,4OFY_QA85A
4OFY,SA87A,0.14215925335884094,0.6139124035835266,4,4OFY_SA87A
4OFY,EA88A,0.28220826387405396,1.125195860862732,4,4OFY_EA88A
4OFY,"QA34A,FA40A",4.140706539154053,1.9629460573196411,4,"4OFY_QA34A,FA40A"
4OFY,"QA34A,MA36A,FA40A,SA87A",4.46157693862915,2.262937068939209,4,"4OFY_QA34A,MA36A,FA40A,SA87A"
4OFY,QD34A,2.8705015182495117,1.289894461631775,4,4OFY_QD34A
4OFY,LD42A,2.567861795425415,2.0457205772399902,4,4OFY_LD42A
4OFY,QD86A,4.645328998565674,0.941060483455658,4,4OFY_QD86A
4OFY,RD96A,3.4212069511413574,0.8650851845741272,4,4OFY_RD96A
4P5T,KC40A,1.13858163356781,1.1222918033599854,4,4P5T_KC40A
4P5T,DC56A,0.6170114278793335,2.2828311920166016,4,4P5T_DC56A
4P5T,QC58A,0.0,0.8117449879646301,4,4P5T_QC58A
4P5T,LC61A,1.009981393814087,0.9790405631065369,4,4P5T_LC61A
4P5T,QC62A,0.0,1.3853248357772827,4,4P5T_QC62A
4P5T,NC63A,1.496372938156128,1.3327690362930298,4,4P5T_NC63A
4P5T,VC66A,0.8687343001365662,1.1467832326889038,4,4P5T_VC66A
4P5T,KC68A,0.9917506575584412,0.3404228687286377,4,4P5T_KC68A
4P5T,HC69A,1.009981393814087,0.5008504986763,4,4P5T_HC69A
4P5T,VC73A,0.0,-0.01915135234594345,4,4P5T_VC73A
4P5T,KC76A,0.3591063618659973,0.012444622814655304,4,4P5T_KC76A
4P5T,FD1A,0.0,-0.027716539800167084,4,4P5T_FD1A
4P5T,ED2A,1.0615314245224,0.8735727667808533,4,4P5T_ED2A
4P5T,QD4A,1.654841661453247,1.010780930519104,4,4P5T_QD4A
4P5T,KD5A,1.991546392440796,1.4963105916976929,4,4P5T_KD5A
4P5T,KD7A,1.5492380857467651,3.3803253173828125,4,4P5T_KD7A
4P5T,ND9A,0.0,-0.00030647963285446167,4,4P5T_ND9A
4P5T,KD10A,0.2402186095714569,-0.09765627235174179,4,4P5T_KD10A
4P5T,VD12A,0.09132687747478485,0.7188323736190796,4,4P5T_VD12A
4P5T,DD13A,0.0,0.3467634618282318,4,4P5T_DD13A
4P5T,ED67A,0.2402186095714569,0.19191592931747437,4,4P5T_ED67A
4P5T,YD68A,0.17043781280517578,0.17494967579841614,4,4P5T_YD68A
4P5T,SD71A,0.0,0.10161323100328445,4,4P5T_SD71A
4P5T,QD72A,0.0,0.90000319480896,4,4P5T_QD72A
4P5T,PD73A,0.0,-0.002239517867565155,4,4P5T_PD73A
4P5T,ED74A,0.6170114278793335,-0.4824669063091278,4,4P5T_ED74A
4P5T,ID75A,0.09132687747478485,0.2756698727607727,4,4P5T_ID75A
4P5T,ED77A,1.009981393814087,0.4463048577308655,4,4P5T_ED77A
4P5T,RD78A,2.0744974613189697,2.736290454864502,4,4P5T_RD78A
4P5T,RD80A,0.0,0.1568373143672943,4,4P5T_RD80A
4P5T,DD84A,0.0,0.13759222626686096,4,4P5T_DD84A
4P5T,TD85A,0.8213128447532654,0.7350417375564575,4,4P5T_TD85A
4P5T,RD88A,0.0,0.16910934448242188,4,4P5T_RD88A
4P5T,HD89A,0.7960982918739319,0.4779314398765564,4,4P5T_HD89A
4P5T,ED92A,0.0,0.0473204031586647,4,4P5T_ED92A
4PWX,FA194A,1.729231834411621,1.4979861974716187,4,4PWX_FA194A
4PWX,YA198A,1.729231834411621,0.7300624251365662,4,4PWX_YA198A
4PWX,EA201K,1.729231834411621,0.13795199990272522,4,4PWX_EA201K
4PWX,QA205A,1.0139576196670532,-0.3921070992946625,4,4PWX_QA205A
4PWX,EA206A,1.0391721725463867,0.044202663004398346,4,4PWX_EA206A
4PWX,EA246K,1.729231834411621,-0.2702513039112091,4,4PWX_EA246K
4PWX,DA250A,1.1433788537979126,0.1646076738834381,4,4PWX_DA250A
4PWX,RB269A,1.729231834411621,0.5952613353729248,4,4PWX_RB269A
4PWX,KB65A,0.20247004926204681,0.38297411799430847,4,4PWX_KB65A
4PWX,KB65D,0.1188877522945404,0.3667770326137543,4,4PWX_KB65D
4PWX,KB68A,0.4478629529476166,0.2854601740837097,4,4PWX_KB68A
4PWX,KB68D,0.2617647051811218,0.04059690982103348,4,4PWX_KB68D
4PWX,RB71A,0.3591063618659973,0.5947942137718201,4,4PWX_RB71A
4PWX,KC1A,0.46811968088150024,0.3455888032913208,4,4PWX_KC1A
4PWX,KC9A,-0.274082213640213,0.5863007307052612,4,4PWX_KC9A
4PWX,YC15A,0.7546097040176392,0.9668545126914978,4,4PWX_YC15A
4PWX,YC16A,1.1449693441390991,1.1963380575180054,4,4PWX_YC16A
4PWX,EC17A,-0.6847386360168457,0.4490185081958771,4,4PWX_EC17A
4PWX,HC19A,-0.3482353687286377,0.8457323312759399,4,4PWX_HC19A
4PWX,QC20A,-0.17779755592346191,1.0751259326934814,4,4PWX_QC20A
4PWX,RC23A,1.729231834411621,0.5021930932998657,4,4PWX_RC23A
4PWX,RC28A,1.729231834411621,0.023511655628681183,4,4PWX_RC28A
4PWX,RC31A,0.33467188477516174,0.16289320588111877,4,4PWX_RC31A
4PWX,DC60K,0.37095579504966736,0.2559114694595337,4,4PWX_DC60K
4PWX,EC67K,1.1038674116134644,0.45813000202178955,4,4PWX_EC67K
4U6H,NE21A,-0.3482353687286377,1.309708833694458,4,4U6H_NE21A
4U6H,QE25A,0.1188877522945404,0.5559655427932739,4,4U6H_QE25A
4YH7,RA48A,1.733952522277832,1.3178956508636475,4,4YH7_RA48A
4YH7,RA169A,1.438324213027954,1.648380160331726,4,4YH7_RA169A
4YH7,YA246A,1.0345971584320068,0.41147011518478394,4,4YH7_YA246A
4YH7,"EA207G,LA208S,RA209S,EA210G",-0.040874965488910675,0.13041183352470398,4,"4YH7_EA207G,LA208S,RA209S,EA210G"
4YH7,"EA207Q,RA209E,EA210Q",0.038235973566770554,0.37578055262565613,4,"4YH7_EA207Q,RA209E,EA210Q"
4YH7,DB7A,1.6426256895065308,0.6558029651641846,4,4YH7_DB7A
4YH7,"MB45A,YB47A,PB58A,FB61A",1.733952522277832,2.7208852767944336,4,"4YH7_MB45A,YB47A,PB58A,FB61A"
4YH7,DB258A,1.5910756587982178,0.3212980329990387,4,4YH7_DB258A
5C6T,YA182A,3.2097911834716797,3.75173020362854,4,5C6T_YA182A
5C6T,NA183A,0.2841240167617798,0.09820929914712906,4,5C6T_NA183A
5C6T,TA185A,0.3380204439163208,0.676200270652771,4,5C6T_TA185A
5C6T,NA186A,0.3632349669933319,0.7308083772659302,4,5C6T_NA186A
5C6T,NA188A,-0.3667510151863098,2.0134239196777344,4,5C6T_NA188A
5C6T,FA192A,1.9980957508087158,2.4270710945129395,4,5C6T_FA192A
5C6T,EA194A,1.0911601781845093,0.7600722312927246,4,5C6T_EA194A
5C6T,"NA195A,DA197A",0.5867636799812317,1.729149580001831,4,"5C6T_NA195A,DA197A"
5C6T,"YA182A,NA195A,DA197A",2.943742513656616,4.819197177886963,4,"5C6T_YA182A,NA195A,DA197A"
5C6T,FA199A,2.7594141960144043,0.5155739784240723,4,5C6T_FA199A
5C6T,FA200A,0.4106564223766327,0.8609496355056763,4,5C6T_FA200A
5C6T,IA201A,0.8860082030296326,1.201104760169983,4,5C6T_IA201A
5C6T,RH31S,0.31168490648269653,1.0138639211654663,4,5C6T_RH31S
5C6T,SH32A,-0.8687343001365662,-0.035379134118556976,4,5C6T_SH32A
5C6T,NH97A,1.5265793800354004,0.57070392370224,4,5C6T_NH97A
5C6T,YH98A,1.7174487113952637,2.353898525238037,4,5C6T_YH98A
5C6T,FH99A,1.4606835842132568,2.0578269958496094,4,5C6T_FH99A
5C6T,YH104A,0.3632349669933319,2.2925872802734375,4,5C6T_YH104A
5C6T,YL47A,0.551903486251831,2.1683027744293213,4,5C6T_YL47A
5C6T,RL48A,0.123016357421875,2.286200523376465,4,5C6T_RL48A
5CXB,EB49D,0.3650606870651245,-0.9294719696044922,4,5CXB_EB49D
5CXB,TB52Q,0.0624210461974144,-0.9082972407341003,4,5CXB_TB52Q
5CXB,RB54A,0.5644043684005737,1.8442238569259644,4,5CXB_RB54A
5CXB,RB54E,2.6803719997406006,1.4574626684188843,4,5CXB_RB54E
5CXB,VB56W,0.5644043684005737,0.14549869298934937,4,5CXB_VB56W
3NVN,RA193E,2.4865458011627197,-0.8305546641349792,4,3NVN_RA193E
3NVN,RB186S,1.2686275243759155,0.15577954053878784,4,3NVN_RB186S
1JTG,FB36A,3.831104278564453,1.0139771699905396,4,1JTG_FB36A
1JTG,FB36A,3.590885639190674,0.9234563112258911,4,1JTG_FB36A
1JTG,FB36A,3.0436551570892334,0.9234563112258911,4,1JTG_FB36A
1JTG,HB41A,3.4651825428009033,0.43573713302612305,4,1JTG_HB41A
1JTG,HB41A,3.650061845779419,0.4452880322933197,4,1JTG_HB41A
1JTG,HB41A,4.162887096405029,0.5695844292640686,4,1JTG_HB41A
1JTG,DB49A,3.239405393600464,2.6852023601531982,4,1JTG_DB49A
1JTG,DB49A,3.0652012825012207,2.7005300521850586,4,1JTG_DB49A
1JTG,DB49A,2.9027695655822754,2.7005300521850586,4,1JTG_DB49A
1JTG,YB53A,3.2093722820281982,1.8610113859176636,4,1JTG_YB53A
1JTG,YB53A,3.831104278564453,1.896401286125183,4,1JTG_YB53A
1JTG,YB53A,3.400191068649292,1.9152942895889282,4,1JTG_YB53A
1JTG,KB74A,3.974159002304077,0.468677818775177,4,1JTG_KB74A
1JTG,KB74A,4.092513084411621,0.4971643090248108,4,1JTG_KB74A
1JTG,KB74A,3.752230405807495,0.3993988335132599,4,1JTG_KB74A
1JTG,WB112A,3.420447826385498,0.7773495316505432,4,1JTG_WB112A
1JTG,WB112A,3.2093722820281982,0.8492908477783203,4,1JTG_WB112A
1JTG,WB112A,2.92996883392334,0.8729613423347473,4,1JTG_WB112A
1JTG,FB142A,3.239405393600464,2.641415596008301,4,1JTG_FB142A
1JTG,FB142A,3.4651825428009033,2.743539810180664,4,1JTG_FB142A
1JTG,FB142A,3.239405393600464,2.7130417823791504,4,1JTG_FB142A
1JTG,HB148A,2.450101137161255,1.019071102142334,4,1JTG_HB148A
1JTG,HB148A,3.620028495788574,1.019071102142334,4,1JTG_HB148A
1JTG,HB148A,3.8750691413879395,1.019071102142334,4,1JTG_HB148A
1JTG,WB150A,4.984199523925781,0.526448130607605,4,1JTG_WB150A
1JTG,WB150A,4.573543071746826,0.6796460747718811,4,1JTG_WB150A
1JTG,WB150A,4.984199523925781,0.526448130607605,4,1JTG_WB150A
1JTG,RB160A,3.590885639190674,0.9577972292900085,4,1JTG_RB160A
1JTG,RB160A,3.2549679279327393,0.8793217539787292,4,1JTG_RB160A
1JTG,RB160A,3.305419921875,0.9577973484992981,4,1JTG_RB160A
1JTG,SB39A,0.35178300738334656,0.36553001403808594,4,1JTG_SB39A
1JTG,GB48A,1.3023427724838257,1.0838648080825806,4,1JTG_GB48A
1JTG,GB48A,1.9412486553192139,0.7333426475524902,4,1JTG_GB48A
1JTG,YB50A,-2.077467203140259,3.040457248687744,4,1JTG_YB50A
1JTG,YB50A,-2.1198689937591553,3.039447546005249,4,1JTG_YB50A
1JTG,YB51A,1.142086148262024,0.8290622234344482,4,1JTG_YB51A
1JTG,YB51A,1.06242036819458,0.7401398420333862,4,1JTG_YB51A
1JTG,YB51A,1.0388641357421875,0.8430772423744202,4,1JTG_YB51A
1JTG,SB71A,0.5910182595252991,0.9711981415748596,4,1JTG_SB71A
1JTG,EB73A,0.9857154488563538,0.44504398107528687,4,1JTG_EB73A
1JTG,SB113A,-0.4991435110569,0.045007891952991486,4,1JTG_SB113A
1JTG,GB141A,1.8707118034362793,0.257727712392807,4,1JTG_GB141A
1JTG,YB143A,0.8916863799095154,1.4092293977737427,4,1JTG_YB143A
1JTG,YB143A,1.5581531524658203,1.416969656944275,4,1JTG_YB143A
1JTG,RB144A,1.1825987100601196,0.1277962028980255,4,1JTG_RB144A
1LFD,IA5A,1.0004743337631226,1.0834943056106567,4,1LFD_IA5A
1LFD,RA7A,2.201554298400879,1.7069672346115112,4,1LFD_RA7A
1LFD,NA14A,1.0004743337631226,0.413662850856781,4,1LFD_NA14A
1LFD,NA16A,0.30178165435791016,0.5045177936553955,4,1LFD_NA16A
1LFD,YA18F,1.0004743337631226,0.9295971393585205,4,1LFD_YA18F
1LFD,KA19A,1.7991840839385986,1.907251000404358,4,1LFD_KA19A
1LFD,SA20A,0.8008137345314026,0.3670302629470825,4,1LFD_SA20A
1LFD,KA35A,0.30178165435791016,0.07212645560503006,4,1LFD_KA35A
1LFD,DA38A,-0.2992199957370758,0.6334425210952759,4,1LFD_DA38A
1LFD,KA39A,2.401493787765503,1.5871528387069702,4,1LFD_KA39A
1LFD,HA40A,1.0004743337631226,0.4209907650947571,4,1LFD_HA40A
1LFD,EA44A,-0.09967343509197235,0.06666345149278641,4,1LFD_EA44A
1LFD,QB25A,0.9006381034851074,0.20246702432632446,4,1LFD_QB25A
1LFD,DB33A,1.1007846593856812,0.9577626585960388,4,1LFD_DB33A
1LFD,SB39A,-0.5999683737754822,0.6871893405914307,4,1LFD_SB39A
1LFD,YB40F,2.3011672496795654,1.3466544151306152,4,1LFD_YB40F
1LFD,RB41A,0.9006381034851074,1.1934925317764282,4,1LFD_RB41A
1LFD,IA5A,1.8241292238235474,0.6439920663833618,4,1LFD_IA5A
1LFD,RA7A,2.304816722869873,1.690271258354187,4,1LFD_RA7A
1LFD,NA14A,0.8626772165298462,0.413662850856781,4,1LFD_NA14A
1LFD,NA16A,0.6701434850692749,0.5161198377609253,4,1LFD_NA16A
1LFD,YA18F,1.6315052509307861,0.9332430362701416,4,1LFD_YA18F
1LFD,YA18A,3.4585320949554443,1.9411073923110962,4,1LFD_YA18A
1LFD,KA19A,3.074397563934326,1.907251000404358,4,1LFD_KA19A
1LFD,SA20A,1.0549668073654175,0.36729520559310913,4,1LFD_SA20A
1LFD,KA35A,0.574323296546936,0.07212645560503006,4,1LFD_KA35A
1LFD,DA38A,-0.2905236482620239,0.40469199419021606,4,1LFD_DA38A
1LFD,KA39A,3.074397563934326,1.6059644222259521,4,1LFD_KA39A
1LFD,HA40A,1.919624924659729,0.4209907650947571,4,1LFD_HA40A
1LFD,EA44A,0.19088996946811676,0.06333891302347183,4,1LFD_EA44A
1LFD,VB29A,0.4777107834815979,0.5741729140281677,4,1LFD_VB29A
1LFD,EB37A,1.1507562398910522,0.7164342999458313,4,1LFD_EB37A
1LFD,DB38A,3.746721029281616,2.350609540939331,4,1LFD_DB38A
1LFD,SB39A,-0.8671044707298279,0.7199899554252625,4,1LFD_SB39A
1LFD,YB40F,1.919624924659729,1.3466544151306152,4,1LFD_YB40F
1LFD,YB40A,3.5545313358306885,3.5197548866271973,4,1LFD_YB40A
1LFD,RB41A,0.7661910653114319,1.0560331344604492,4,1LFD_RB41A
1LFD,EB62A,0.19088996946811676,0.01664835959672928,4,1LFD_EB62A
1LFD,EB63A,0.28575387597084045,0.34392619132995605,4,1LFD_EB63A
4G0N,RB6A,1.6457569599151611,1.7691354751586914,4,4G0N_RB6A
4G0N,NB11A,0.09720733761787415,0.5318484902381897,4,4G0N_NB11A
4G0N,QB13A,1.6457569599151611,1.6223094463348389,4,4G0N_QB13A
4G0N,RB14A,1.9372704029083252,1.4222475290298462,4,4G0N_RB14A
4G0N,TB15A,1.4525357484817505,1.2353721857070923,4,4G0N_TB15A
4G0N,VB16A,0.9681078195571899,1.1410044431686401,4,4G0N_VB16A
4G0N,KB31A,2.1297554969787598,1.0097978115081787,4,4G0N_KB31A
4G0N,VB35A,0.09720733761787415,2.15114426612854,4,4G0N_VB35A
4G0N,IA21A,0.871229350566864,0.986814558506012,4,4G0N_IA21A
4G0N,HA27A,-0.2906951308250427,0.5933225750923157,4,4G0N_HA27A
4G0N,EA31A,0.4855044186115265,1.0597683191299438,4,4G0N_EA31A
4G0N,DA33A,1.0649688243865967,1.0394600629806519,4,4G0N_DA33A
4G0N,IA36A,1.7429593801498413,1.117832064628601,4,4G0N_IA36A
4G0N,EA37A,1.7429593801498413,0.46029043197631836,4,4G0N_EA37A
4G0N,DA38A,3.193985939025879,2.134383201599121,4,4G0N_DA38A
4G0N,SA39A,0.29070067405700684,0.8446274995803833,4,4G0N_SA39A
4G0N,RA41A,-0.5806019902229309,1.51250422000885,4,4G0N_RA41A
4G0N,VA45A,-0.2906951308250427,-0.06407349556684494,4,4G0N_VA45A
1GUA,RB4A,1.0008436441421509,1.8840380907058716,4,1GUA_RB4A
1GUA,NB9A,-0.3999384045600891,0.6798245310783386,4,1GUA_NB9A
1GUA,KB10A,-0.3999384045600891,1.3700965642929077,4,1GUA_KB10A
1GUA,QB11A,0.10035651177167892,1.6974695920944214,4,1GUA_QB11A
1GUA,TB13A,0.7011552453041077,1.3006913661956787,4,1GUA_TB13A
1GUA,VB14A,0.10035651177167892,1.2646886110305786,4,1GUA_VB14A
1GUA,KB29A,1.9992140531539917,1.6286115646362305,4,1GUA_KB29A
1GUA,KB32A,0.7992769479751587,0.6400672793388367,4,1GUA_KB32A
1GUA,VB33A,0.20002995431423187,2.2107090950012207,4,1GUA_VB33A
1GUA,EA37A,1.3008146286010742,0.5882817506790161,4,1GUA_EA37A
1GUA,SA39A,1.4003002643585205,0.7518200278282166,4,1GUA_SA39A
1LFD,"NA16A,QB25A",0.30178165435791016,0.7256299257278442,4,"1LFD_NA16A,QB25A"
1LFD,"KA19A,QB25A",2.5012662410736084,1.4799550771713257,4,"1LFD_KA19A,QB25A"
1LFD,"DA38A,DB33A",0.2003227025270462,1.1035680770874023,4,"1LFD_DA38A,DB33A"
1LFD,"HA40A,DB33A",2.201554298400879,1.2130013704299927,4,"1LFD_HA40A,DB33A"
1LFD,"NA16A,SB39A",0.0,0.9374523162841797,4,"1LFD_NA16A,SB39A"
1LFD,"YA18F,SB39A",0.8008137345314026,1.3315657377243042,4,"1LFD_YA18F,SB39A"
1LFD,"KA35A,SB39A",-0.09967343509197235,0.6200552582740784,4,"1LFD_KA35A,SB39A"
1LFD,"HA40A,SB39A",0.5011252760887146,0.6852332353591919,4,"1LFD_HA40A,SB39A"
1LFD,"NA16A,YB40F",2.3011672496795654,2.093647003173828,4,"1LFD_NA16A,YB40F"
1LFD,"YA18F,YB40F",2.601687431335449,1.5843902826309204,4,"1LFD_YA18F,YB40F"
1LFD,"SA20A,YB40F",1.7991840839385986,1.8459607362747192,4,"1LFD_SA20A,YB40F"
1LFD,"NA14A,RB41A",1.6006627082824707,1.211268424987793,4,"1LFD_NA14A,RB41A"
1LFD,"NA16A,RB41A",1.4007436037063599,1.303881049156189,4,"1LFD_NA16A,RB41A"
1LFD,"YA18F,RB41A",1.7991840839385986,1.5007524490356445,4,"1LFD_YA18F,RB41A"
1LFD,"HA40A,VB29A",1.919624924659729,0.7543929815292358,4,"1LFD_HA40A,VB29A"
1LFD,"RA7A,EB37A",2.0166759490966797,2.218050241470337,4,"1LFD_RA7A,EB37A"
1LFD,"NA14A,EB37A",1.919624924659729,0.8779969811439514,4,"1LFD_NA14A,EB37A"
1LFD,"YA18F,EB37A",1.2470759153366089,1.5243648290634155,4,"1LFD_YA18F,EB37A"
1LFD,"YA18A,EB37A",3.4585320949554443,2.1769051551818848,4,"1LFD_YA18A,EB37A"
1LFD,"SA20A,EB37A",2.208296537399292,0.6222027540206909,4,"1LFD_SA20A,EB37A"
1LFD,"YA18A,DB38A",4.708082675933838,2.9059438705444336,4,"1LFD_YA18A,DB38A"
1LFD,"SA20A,DB38A",3.169999122619629,2.1154794692993164,4,"1LFD_SA20A,DB38A"
1LFD,"KA39A,DB38A",5.862424373626709,2.8135476112365723,4,"1LFD_KA39A,DB38A"
1LFD,"YA18A,SB39A",3.938493251800537,1.7638118267059326,4,"1LFD_YA18A,SB39A"
1LFD,"NA14A,RB41A",1.4377479553222656,1.1038187742233276,4,"1LFD_NA14A,RB41A"
1LFD,"NA16A,RB41A",0.7661910653114319,1.2960580587387085,4,"1LFD_NA16A,RB41A"
1LFD,"KA35A,EB63A",0.28575387597084045,0.3868456482887268,4,"1LFD_KA35A,EB63A"
4G0N,"TB15A,IA21A",2.1297554969787598,2.051443576812744,4,"4G0N_TB15A,IA21A"
4G0N,"VB16A,IA21A",1.5513603687286377,1.9131568670272827,4,"4G0N_VB16A,IA21A"
4G0N,"VB35A,IA21A",0.29070067405700684,1.9412771463394165,4,"4G0N_VB35A,IA21A"
4G0N,"VB35A,HA27A",0.19255085289478302,1.5347977876663208,4,"4G0N_VB35A,HA27A"
4G0N,"RB6A,EA31A",2.1297554969787598,2.6393086910247803,4,"4G0N_RB6A,EA31A"
4G0N,"TB15A,EA31A",1.5513603687286377,1.4096494913101196,4,"4G0N_TB15A,EA31A"
4G0N,"KB31A,EA31A",2.0329933166503906,1.6485167741775513,4,"4G0N_KB31A,EA31A"
4G0N,"RB6A,DA33A",2.5166070461273193,1.9321467876434326,4,"4G0N_RB6A,DA33A"
4G0N,"KB31A,DA33A",2.6137888431549072,1.1990305185317993,4,"4G0N_KB31A,DA33A"
4G0N,"RB6A,IA36A",4.257757186889648,2.05649471282959,4,"4G0N_RB6A,IA36A"
4G0N,"TB15A,IA36A",3.000670909881592,1.8472024202346802,4,"4G0N_TB15A,IA36A"
4G0N,"VB16A,IA36A",2.6137888431549072,1.5520135164260864,4,"4G0N_VB16A,IA36A"
4G0N,"RB6A,EA37A",2.323566198348999,1.6259009838104248,4,"4G0N_RB6A,EA37A"
4G0N,"TB15A,EA37A",2.8070836067199707,1.1296615600585938,4,"4G0N_TB15A,EA37A"
4G0N,"VB16A,EA37A",2.7103421688079834,0.9609459042549133,4,"4G0N_VB16A,EA37A"
4G0N,"KB31A,EA37A",3.38753080368042,1.4305038452148438,4,"4G0N_KB31A,EA37A"
4G0N,"RB6A,DA38A",4.4514851570129395,2.5347089767456055,4,"4G0N_RB6A,DA38A"
4G0N,"TB15A,DA38A",3.000670909881592,2.079540491104126,4,"4G0N_TB15A,DA38A"
4G0N,"QB13A,SA39A",2.0329933166503906,1.534497618675232,4,"4G0N_QB13A,SA39A"
4G0N,"RB14A,SA39A",2.226851224899292,1.5469846725463867,4,"4G0N_RB14A,SA39A"
4G0N,"TB15A,SA39A",1.9372704029083252,1.3144360780715942,4,"4G0N_TB15A,SA39A"
4G0N,"NB11A,RA41A",-0.5806019902229309,1.6509979963302612,4,"4G0N_NB11A,RA41A"
4G0N,"QB13A,RA41A",1.2585135698318481,1.6445614099502563,4,"4G0N_QB13A,RA41A"
4G0N,"NB11A,VA45A",0.0,0.33968135714530945,4,"4G0N_NB11A,VA45A"
4G0N,"QB13A,VA45A",1.5513603687286377,1.3273972272872925,4,"4G0N_QB13A,VA45A"
4G0N,"RB14A,VA45A",1.7429593801498413,1.196467638015747,4,"4G0N_RB14A,VA45A"
4G0N,"TB15A,VA45A",1.0649688243865967,1.1523845195770264,4,"4G0N_TB15A,VA45A"
1GUA,"RB4A,EA37A",1.3008146286010742,2.1148436069488525,4,"1GUA_RB4A,EA37A"
1GUA,"VB14A,EA37A",1.7006744146347046,1.2025372982025146,4,"1GUA_VB14A,EA37A"
4G0N,FB8W,0.6034535765647888,-0.053354404866695404,4,4G0N_FB8W
4G0N,VB35I,0.551903486251831,0.2569845914840698,4,4G0N_VB35I
4G0N,NB18R,-0.6982964873313904,-0.28983035683631897,4,4G0N_NB18R
4G0N,"FB8W,NB18R",-0.2876400649547577,-0.159164696931839,4,"4G0N_FB8W,NB18R"
4G0N,"FB8W,NB18R,VB35I",0.3632349669933319,0.47406935691833496,4,"4G0N_FB8W,NB18R,VB35I"
4G0N,"FB8W,RB14L,NB18R,VB35I",0.6034535765647888,0.5531627535820007,4,"4G0N_FB8W,RB14L,NB18R,VB35I"
4G0N,"FB8W,VB16E,NB18R,VB35I",1.8187329769134521,2.4478015899658203,4,"4G0N_FB8W,VB16E,NB18R,VB35I"
4G0N,"FB8W,RB14L,VB16E,NB18R,KB31R,VB35I",3.604046583175659,3.195216655731201,4,"4G0N_FB8W,RB14L,VB16E,NB18R,KB31R,VB35I"
4G0N,AB32K,-1.1089528799057007,-1.9288312196731567,4,4G0N_AB32K
4G0N,"NB18R,AB32K",-1.2793906927108765,-2.3453540802001953,4,"4G0N_NB18R,AB32K"
4G0N,TA35A,2.62937068939209,1.3762696981430054,4,4G0N_TA35A
4G0N,"TA35A,NB18R",2.0998265743255615,1.0380821228027344,4,"4G0N_TA35A,NB18R"
4G0N,"TA35A,AB32K",2.57879900932312,-0.4835735857486725,4,"4G0N_TA35A,AB32K"
4G0N,"TA35A,NB18R,AB32K",1.9676246643066406,-0.44250982999801636,4,"4G0N_TA35A,NB18R,AB32K"
4G0N,"YA32C,CA116S",0.7356554269790649,0.2865600883960724,4,"4G0N_YA32C,CA116S"
4G0N,"YA32C,CA116S,NB18R",-0.3667510151863098,0.1405782699584961,4,"4G0N_YA32C,CA116S,NB18R"
4G0N,"YA32C,CA116S,AB32K",-0.641829788684845,-1.2073088884353638,4,"4G0N_YA32C,CA116S,AB32K"
4G0N,"YA32C,CA116S,NB18R,AB32K",-1.7309221029281616,-1.241438627243042,4,"4G0N_YA32C,CA116S,NB18R,AB32K"
1GUA,DA30E,0.2402186095714569,0.40342873334884644,4,1GUA_DA30E
1GUA,"DA30E,EA31K",2.0150461196899414,2.114396095275879,4,"1GUA_DA30E,EA31K"
4G0N,KB12M,1.3225784301757812,0.9655490517616272,4,4G0N_KB12M
4G0N,NB11A,1.5063303709030151,0.5419262051582336,4,4G0N_NB11A
4G0N,NB11D,1.8089699745178223,0.4243253171443939,4,4G0N_NB11D
4G0N,VB16A,1.8089699745178223,1.318795919418335,4,4G0N_VB16A
4G0N,KB12A,1.83220636844635,1.3959180116653442,4,4G0N_KB12A
4G0N,KB12E,1.9169868230819702,1.200720191001892,4,4G0N_KB12E
4G0N,TB15A,2.15720534324646,1.3455482721328735,4,4G0N_TB15A
4G0N,RB14A,2.3276431560516357,1.4913358688354492,4,4G0N_RB14A
4G0N,RB6A,2.738299608230591,1.8940104246139526,4,4G0N_RB6A
4G0N,QB13A,2.7857210636138916,1.484998345375061,4,4G0N_QB13A
4G0N,"RB6A,NB11D",3.4212069511413574,2.355098247528076,4,"4G0N_RB6A,NB11D"
4G0N,KB31A,3.5837974548339844,1.1960701942443848,4,4G0N_KB31A
4G0N,KB31E,5.0657782554626465,2.1213607788085938,4,4G0N_KB31E
4G0N,"KB31A,RB36G",5.3586249351501465,2.368649482727051,4,"4G0N_KB31A,RB36G"
4G0N,RB36L,5.3586249351501465,1.7091490030288696,4,4G0N_RB36L
4G0N,EA31A,1.388119101524353,1.0597681999206543,4,4G0N_EA31A
4G0N,DA33A,0.6891109943389893,0.9479345083236694,4,4G0N_DA33A
4G0N,RA41A,-0.10772061347961426,1.4645017385482788,4,4G0N_RA41A
4G0N,RB6A,2.039231300354004,1.8940104246139526,4,4G0N_RB6A
4G0N,NB11A,0.4360252022743225,0.5318484902381897,4,4G0N_NB11A
4G0N,RB14A,1.496372938156128,1.4913358688354492,4,4G0N_RB14A
4G0N,VB16A,0.6891109943389893,1.1068329811096191,4,4G0N_VB16A
4G0N,KB31A,2.039231300354004,1.1549224853515625,4,4G0N_KB31A
4G0N,VB35A,-0.10772061347961426,1.8102505207061768,4,4G0N_VB35A
4G0N,TA35S,2.2143898010253906,-0.08241298049688339,4,4G0N_TA35S
4G0N,TA35A,2.94437575340271,1.3762696981430054,4,4G0N_TA35A
4G0N,DA38A,2.5355451107025146,2.1155080795288086,4,4G0N_DA38A
1LFD,DB38A,2.728342294692993,2.350609540939331,4,1LFD_DB38A
1LFD,YB32W,-0.21131277084350586,-0.02077215164899826,4,1LFD_YB32W
3SE8,RH30A,-0.03886324167251587,0.30775609612464905,4,3SE8_RH30A
3SE8,WH47A,1.4514539241790771,1.3625842332839966,4,3SE8_WH47A
3SE8,WH50A,1.3121079206466675,3.351273536682129,4,3SE8_WH50A
3SE8,KH52A,1.0935636758804321,1.2744510173797607,4,3SE8_KH52A
3SE8,LH54A,0.05389640852808952,-0.09092547744512558,4,3SE8_LH54A
3SE8,WH55A,0.7488812804222107,2.9046525955200195,4,3SE8_WH55A
3SE8,GH56A,0.35136178135871887,-0.9724389910697937,4,3SE8_GH56A
3SE8,VH58A,1.2296135425567627,1.0313318967819214,4,3SE8_VH58A
3SE8,SH59A,1.1323561668395996,0.659844160079956,4,3SE8_SH59A
3SE8,YH60A,0.8421027660369873,0.981203019618988,4,3SE8_YH60A
3SE8,RH62A,1.1867965459823608,1.0140830278396606,4,3SE8_RH62A
3SE8,QH63A,1.0965259075164795,0.015595145523548126,4,3SE8_QH63A
3SE8,QH65A,0.540974497795105,0.3845796585083008,4,3SE8_QH65A
3SE8,RH72A,2.6019887924194336,2.550652265548706,4,3SE8_RH72A
3SE8,QH76A,0.09534351527690887,0.11032219976186752,4,3SE8_QH76A
3SE8,PH78A,0.018515631556510925,0.324799120426178,4,3SE8_PH78A
3SE8,PH81A,-0.06978078931570053,0.4353199601173401,4,3SE8_PH81A
3SE8,DH110A,-0.38309553265571594,0.7174797654151917,4,3SE8_DH110A
3SE8,YH111A,0.8165920972824097,1.9810861349105835,4,3SE8_YH111A
3SE8,DH114A,-0.2402186095714569,2.1039390563964844,4,3SE8_DH114A
3SE8,FH115A,1.050457239151001,3.0670533180236816,4,3SE8_FH115A
3SE8,EL1A,-0.5475789904594421,0.7826687097549438,4,3SE8_EL1A
3SE8,QL27A,-0.21265773475170135,0.029276706278324127,4,3SE8_QL27A
3SE8,NL30A,0.1912277340888977,0.5340619683265686,4,3SE8_NL30A
3SE8,DL49A,0.8421027660369873,0.7255425453186035,4,3SE8_DL49A
3SE8,FL90A,-0.850218653678894,1.3569024801254272,4,3SE8_FL90A
3SE8,EL91A,1.489182472229004,0.1703612208366394,4,3SE8_EL91A
3SE8,FL92A,0.8189571499824524,0.5717160701751709,4,3SE8_FL92A
3EG5,HA104F,-2.0854196548461914,0.6689251661300659,4,3EG5_HA104F
3EG5,"TB73N,SB74N,HB75N",1.0535789728164673,-0.45819103717803955,4,"3EG5_TB73N,SB74N,HB75N"
3EG5,"TB73N,SB74N,HB75N,HA104F",-1.3274180889129639,0.7433498501777649,4,"3EG5_TB73N,SB74N,HB75N,HA104F"
5TAR,"TA183A,KA184E",2.730912446975708,0.6668796539306641,4,"5TAR_TA183A,KA184E"
5TAR,FB13A,0.23156951367855072,0.7269631028175354,4,5TAR_FB13A
5TAR,MB18A,-0.2150040864944458,0.3473525047302246,4,5TAR_MB18A
5TAR,WB30A,0.659399688243866,0.6663290858268738,4,5TAR_WB30A
5TAR,EB86A,1.1265227794647217,1.0690875053405762,4,5TAR_EB86A
5TAR,WB88A,0.3843208849430084,0.6262393593788147,4,5TAR_WB88A
5TAR,QB114A,0.15741637349128723,0.7544253468513489,4,5TAR_QB114A
5TAR,IB127A,-0.02633553557097912,0.899170458316803,4,5TAR_IB127A
5TAR,FB131A,0.24874325096607208,0.6723544001579285,4,5TAR_FB131A
1YQV,RY45K,2.001080274581909,-0.03685908764600754,4,1YQV_RY45K
1YQV,RY45K,2.002138137817383,0.02196446806192398,4,1YQV_RY45K
1YQV,RY45K,1.6343395709991455,-0.06623973697423935,4,1YQV_RY45K
1YQV,"RY68K,TY40S,IY55V,SY91T,QY121H",0.10615579783916473,0.4581350088119507,4,"1YQV_RY68K,TY40S,IY55V,SY91T,QY121H"
1YQV,"RY68K,TY40S,IY55V,SY91T,QY121H",0.0,0.7098588347434998,4,"1YQV_RY68K,TY40S,IY55V,SY91T,QY121H"
1YQV,"RY68K,TY40S,IY55V,SY91T,QY121H",0.0,0.4191274642944336,4,"1YQV_RY68K,TY40S,IY55V,SY91T,QY121H"
1YQV,"RY68K,TY40S,IY55V,SY91T",5.373005390167236,0.6502587199211121,4,"1YQV_RY68K,TY40S,IY55V,SY91T"
1YQV,"RY68K,TY40S,IY55V,SY91T",5.104349136352539,0.37875816226005554,4,"1YQV_RY68K,TY40S,IY55V,SY91T"
1YQV,"RY68K,TY40S,IY55V,SY91T",5.097285270690918,0.4408356845378876,4,"1YQV_RY68K,TY40S,IY55V,SY91T"
