complex,mutstr,ddG,ddG_pred,fold,key
1SBN,RI38K,-0.30999940633773804,0.19277603924274445,1,1SBN_RI38K
1TM1,YI42A,2.1795296669006348,3.067596673965454,1,1TM1_YI42A
1TM1,YI42G,4.680967330932617,4.394506931304932,1,1TM1_YI42G
1TM1,RI46A,3.079859972000122,3.9049792289733887,1,1TM1_RI46A
1TM1,RI48A,2.923438787460327,3.8603689670562744,1,1TM1_RI48A
1TM1,RI48C,3.2358014583587646,2.8795552253723145,1,1TM1_RI48C
1TM1,"RI48A,RI46A",5.0519232749938965,3.594350814819336,1,"1TM1_RI48A,RI46A"
1TM1,TI39D,2.099073648452759,3.1517696380615234,1,1TM1_TI39D
1TM1,TI39A,2.5723960399627686,2.4500179290771484,1,1TM1_TI39A
1TM1,EI41A,2.9246554374694824,3.7114641666412354,1,1TM1_EI41A
1TM1,"TI39A,EI41A",3.3903958797454834,4.443287372589111,1,"1TM1_TI39A,EI41A"
1TM1,"TI39D,EI41A",0.7541710138320923,4.607466220855713,1,"1TM1_TI39D,EI41A"
1TM1,VI51A,0.0248617734760046,-0.234236940741539,1,1TM1_VI51A
1Y1K,AI39T,-2.728342294692993,-2.4290075302124023,1,1Y1K_AI39T
1Y3B,SI41E,-2.7477686405181885,-2.848299741744995,1,1Y3B_SI41E
1TM1,TI39A,2.728342294692993,2.484628438949585,1,1TM1_TI39A
1TM1,TI39P,3.756010055541992,3.9219725131988525,1,1TM1_TI39P
1TM1,EI41A,3.054218292236328,3.7114641666412354,1,1TM1_EI41A
1TM1,EI41S,2.7477686405181885,3.37050199508667,1,1TM1_EI41S
1TM1,"EI41S,MI40R",3.549654960632324,3.9562978744506836,1,"1TM1_EI41S,MI40R"
1TM1,RI43A,1.2561542987823486,1.3400487899780273,1,1TM1_RI43A
1TM1,RI46A,3.756010055541992,3.8378987312316895,1,1TM1_RI46A
1TM1,RI48A,3.098123788833618,3.8603689670562744,1,1TM1_RI48A
1TM7,YI40M,-0.05646670609712601,-0.744988203048706,1,1TM7_YI40M
1TM1,MI40G,2.232905387878418,1.5336782932281494,1,1TM1_MI40G
1TM1,MI40A,1.0276678800582886,1.8792660236358643,1,1TM1_MI40A
1TM1,MI40K,1.0935636758804321,1.2326066493988037,1,1TM1_MI40K
1TM1,MI40Y,0.05646670609712601,0.7881920337677002,1,1TM1_MI40Y
1TM1,MI40F,1.0276678800582886,0.33203575015068054,1,1TM1_MI40F
1TM1,YI42A,2.9815821647644043,3.559265375137329,1,1TM1_YI42A
1AK4,PD85A,1.0857164859771729,0.5212298035621643,1,1AK4_PD85A
1AK4,VD86A,0.9917506575584412,0.3970905542373657,1,1AK4_VD86A
1AK4,HD87A,1.009981393814087,1.4485180377960205,1,1AK4_HD87A
1AK4,HD87Q,0.9729411005973816,0.3748709559440613,1,1AK4_HD87Q
1AK4,HD87R,1.6457033157348633,0.39206162095069885,1,1AK4_HD87R
1AK4,AD88V,0.7697627544403076,-0.9279866814613342,1,1AK4_AD88V
1AK4,AD88G,2.6548469066619873,-0.8442165851593018,1,1AK4_AD88G
1AK4,GD89A,2.077467203140259,0.5473306179046631,1,1AK4_GD89A
1AK4,GD89V,3.0309817790985107,0.10830212384462357,1,1AK4_GD89V
1AK4,PD90A,2.17301082611084,0.454720139503479,1,1AK4_PD90A
1AK4,PD90V,3.0309817790985107,-1.3928258419036865,1,1AK4_PD90V
1AK4,ID91A,0.2402186095714569,0.8741904497146606,1,1AK4_ID91A
1AK4,ID91V,0.0,0.08304227143526077,1,1AK4_ID91V
1AK4,AD92G,0.5810942649841309,-1.3009525537490845,1,1AK4_AD92G
1AK4,AD92V,0.3591063618659973,-0.8478191494941711,1,1AK4_AD92V
1AK4,PD93A,0.6829072833061218,0.5450010895729065,1,1AK4_PD93A
1AK4,"LD83T,VD86P,HD87A,AD88M,ID91L,AD92P,MD96I",0.7422019243240356,-0.40510082244873047,1,"1AK4_LD83T,VD86P,HD87A,AD88M,ID91L,AD92P,MD96I"
2B42,HA357A,1.6384583711624146,2.488391399383545,1,2B42_HA357A
2B42,HA357Q,1.076115608215332,0.4501935839653015,1,2B42_HA357Q
2B42,HA357K,2.5677878856658936,0.8811057806015015,1,2B42_HA357K
2I26,AN29V,0.030388813465833664,-0.6695491671562195,1,2I26_AN29V
2I26,SN60R,-0.6264405846595764,-1.2298376560211182,1,2I26_SN60R
3BT1,RU135A,-0.2876400649547577,0.28869009017944336,1,3BT1_RU135A
3BT1,KU137A,0.6742783188819885,0.47145044803619385,1,3BT1_KU137A
3BT1,RU140A,0.3632349669933319,1.054461121559143,1,3BT1_RU140A
3BT1,HU141A,0.6616276502609253,0.6075694561004639,1,3BT1_HU141A
3BT1,RU143A,0.42034250497817993,1.0046836137771606,1,3BT1_RU143A
3BP8,FA115A,0.708987295627594,0.24990461766719818,1,3BP8_FA115A
3BP8,AC51F,0.6154942512512207,-2.438349962234497,1,3BP8_AC51F
3BP8,"FA115A,AC51F",-0.7745522260665894,-2.17539119720459,1,"3BP8_FA115A,AC51F"
2VIS,IC89T,-4.913825988769531,-5.635632514953613,1,2VIS_IC89T
1EMV,"QA15E,LA16F,TA18K,TA19K,NA22R,DA24E,TA25G,SA26A,SA27T,EA30D,LA31D,VA32N,TA36R,HA37E,EA40R,MA41L,SA46D,KA55R,EA56D,GA57D,DA58R,DA59E,SA63E,NA67K,TA68E,VA69I,QA71E",8.058494567871094,6.618200778961182,1,"1EMV_QA15E,LA16F,TA18K,TA19K,NA22R,DA24E,TA25G,SA26A,SA27T,EA30D,LA31D,VA32N,TA36R,HA37E,EA40R,MA41L,SA46D,KA55R,EA56D,GA57D,DA58R,DA59E,SA63E,NA67K,TA68E,VA69I,QA71E"
1EMV,"EA30D,LA31D,VA32N,TA36R,HA37E,EA40R,MA41L,SA46D,KA55R,EA56D,GA57D,DA58R,DA59E,SA63E,NA67K,TA68E,VA69I,QA71E",7.990222930908203,4.714926242828369,1,"1EMV_EA30D,LA31D,VA32N,TA36R,HA37E,EA40R,MA41L,SA46D,KA55R,EA56D,GA57D,DA58R,DA59E,SA63E,NA67K,TA68E,VA69I,QA71E"
1EMV,"QA15E,LA16F,TA18K,TA19K,NA22R,DA24E,TA25G,SA26A,SA27T,SA63E,NA67K,TA68E,VA69I,QA71E",2.8566248416900635,1.4044162034988403,1,"1EMV_QA15E,LA16F,TA18K,TA19K,NA22R,DA24E,TA25G,SA26A,SA27T,SA63E,NA67K,TA68E,VA69I,QA71E"
1EMV,"QA15E,LA16F,TA18K,TA19K,NA22R,DA24E,TA25G,SA26A,SA27T,SA46D,KA55R,EA56D,GA57D,DA58R,DA59E,SA63E,NA67K,TA68E,VA69I,QA71E",1.704028606414795,1.8330891132354736,1,"1EMV_QA15E,LA16F,TA18K,TA19K,NA22R,DA24E,TA25G,SA26A,SA27T,SA46D,KA55R,EA56D,GA57D,DA58R,DA59E,SA63E,NA67K,TA68E,VA69I,QA71E"
1EMV,"QA15E,LA16F,TA18K,TA19K,NA22R,SA46D,KA55R,EA56D,GA57D,DA58R,DA59E,SA63E,NA67K,TA68E,VA69I,QA71E",1.4230005741119385,-0.1383548229932785,1,"1EMV_QA15E,LA16F,TA18K,TA19K,NA22R,SA46D,KA55R,EA56D,GA57D,DA58R,DA59E,SA63E,NA67K,TA68E,VA69I,QA71E"
1EMV,"QA15E,LA16F,SA46D,KA55R,EA56D,GA57D,DA58R,DA59E,SA63E,NA67K,TA68E,VA69I,QA71E",-0.20852912962436676,-0.952088475227356,1,"1EMV_QA15E,LA16F,SA46D,KA55R,EA56D,GA57D,DA58R,DA59E,SA63E,NA67K,TA68E,VA69I,QA71E"
1EMV,"SA46D,KA55R,EA56D,GA57D,DA58R,DA59E,SA63E,NA67K,TA68E,VA69I,QA71E",-0.5173725485801697,-0.021246960386633873,1,"1EMV_SA46D,KA55R,EA56D,GA57D,DA58R,DA59E,SA63E,NA67K,TA68E,VA69I,QA71E"
1EMV,"SA63E,NA67K,TA68E,VA69I,QA71E",0.07911093533039093,0.16046573221683502,1,"1EMV_SA63E,NA67K,TA68E,VA69I,QA71E"
1EMV,RB54A,1.6664471626281738,1.9104403257369995,1,1EMV_RB54A
1EMV,NB72A,1.1651908159255981,1.1325492858886719,1,1EMV_NB72A
1EMV,SB74A,-0.24112796783447266,0.11956305056810379,1,1EMV_SB74A
1EMV,NB75A,2.3355860710144043,2.216719150543213,1,1EMV_NB75A
1EMV,SB77A,-0.2329934984445572,0.3316856026649475,1,1EMV_SB77A
1EMV,SB78A,-0.5401384830474854,0.2771897614002228,1,1EMV_SB78A
1EMV,SB84A,-0.10947242379188538,1.2913377285003662,1,1EMV_SB84A
1EMV,FB86A,3.880681037902832,1.8252445459365845,1,1EMV_FB86A
1EMV,TB87A,0.15850576758384705,0.9027529358863831,1,1EMV_TB87A
1EMV,QB92A,-0.2777280807495117,0.022843727841973305,1,1EMV_QB92A
1EMV,KB97A,1.960514783859253,2.110689163208008,1,1EMV_KB97A
1EMV,VB98A,1.089340090751648,0.8621985912322998,1,1EMV_VB98A
1EMV,"FB86A,LA31A",6.679957866668701,2.90763521194458,1,"1EMV_FB86A,LA31A"
1EMV,"FB86A,VA32A",4.665832996368408,2.396084785461426,1,"1EMV_FB86A,VA32A"
1EMV,"FB86A,VA35A",4.068404197692871,3.447686195373535,1,"1EMV_FB86A,VA35A"
1EMV,"FB86A,YA52A",8.723506927490234,4.778707027435303,1,"1EMV_FB86A,YA52A"
1EMV,"FB86A,YA53A",8.263228416442871,3.3065977096557617,1,"1EMV_FB86A,YA53A"
1EMV,CA21A,0.9219698905944824,0.9708943963050842,1,1EMV_CA21A
1EMV,NA22A,0.13947127759456635,0.29792097210884094,1,1EMV_NA22A
1EMV,DA24A,0.33674702048301697,0.5188517570495605,1,1EMV_DA24A
1EMV,TA25A,0.7284601926803589,1.087817907333374,1,1EMV_TA25A
1EMV,SA26A,0.17317432165145874,0.22619493305683136,1,1EMV_SA26A
1EMV,SA27A,0.9564331769943237,0.18499226868152618,1,1EMV_SA27A
1EMV,EA28A,1.4166347980499268,0.9899610877037048,1,1EMV_EA28A
1EMV,EA29A,0.30701202154159546,0.35210251808166504,1,1EMV_EA29A
1EMV,EA30A,0.22038573026657104,0.25115102529525757,1,1EMV_EA30A
1EMV,LA31A,3.419278860092163,1.88401198387146,1,1EMV_LA31A
1EMV,VA32A,2.5794503688812256,0.5395532846450806,1,1EMV_VA32A
1EMV,KA33A,0.1919838935136795,0.4272065758705139,1,1EMV_KA33A
1EMV,LA34A,0.9071285128593445,0.3017175495624542,1,1EMV_LA34A
1EMV,VA35A,1.6646124124526978,2.8233425617218018,1,1EMV_VA35A
1EMV,TA36A,0.8999664783477783,0.8539533615112305,1,1EMV_TA36A
1EMV,EA39A,2.0840137004852295,2.0703296661376953,1,1EMV_EA39A
1EMV,EA40A,0.658144474029541,0.07540471106767654,1,1EMV_EA40A
1EMV,TA42A,0.304829865694046,0.3131444454193115,1,1EMV_TA42A
1EMV,EA43A,0.21277381479740143,0.4541323482990265,1,1EMV_EA43A
1EMV,HA44A,0.832183837890625,0.9493979215621948,1,1EMV_HA44A
1EMV,PA45A,0.4374687671661377,0.45870110392570496,1,1EMV_PA45A
1EMV,SA46A,0.007269441150128841,0.11897594481706619,1,1EMV_SA46A
1EMV,GA47A,1.4860434532165527,1.0799827575683594,1,1EMV_GA47A
1EMV,SA48A,2.188220500946045,0.513556957244873,1,1EMV_SA48A
1EMV,DA49A,5.918128490447998,3.476942539215088,1,1EMV_DA49A
1EMV,LA50A,0.6013163924217224,1.3602044582366943,1,1EMV_LA50A
1EMV,IA51A,0.8481252193450928,2.8203868865966797,1,1EMV_IA51A
1EMV,YA52A,4.836801528930664,5.077661991119385,1,1EMV_YA52A
1EMV,YA53A,4.6368327140808105,3.453108549118042,1,1EMV_YA53A
1EMV,PA54A,1.24284029006958,1.995850920677185,1,1EMV_PA54A
1EMV,DA58A,0.5113134384155273,1.344452142715454,1,1EMV_DA58A
1EMV,SA61A,0.8704198002815247,0.0007781479507684708,1,1EMV_SA61A
1EMV,VA66A,1.8566750288009644,0.4187239706516266,1,1EMV_VA66A
1EMV,NA67A,0.2779972553253174,0.5763795971870422,1,1EMV_NA67A
2OOB,KA7E,-0.17829985916614532,1.0220261812210083,1,2OOB_KA7E
2OOB,"AA6S,KA7E",0.16116079688072205,0.9913884401321411,1,"2OOB_AA6S,KA7E"
2OOB,AA9E,3.103360414505005,-1.8192517757415771,1,2OOB_AA9E
2OOB,GA13S,0.2353639453649521,-1.3606469631195068,1,2OOB_GA13S
2OOB,"AA9E,GA13S",3.103360414505005,-2.1784751415252686,1,"2OOB_AA9E,GA13S"
2OOB,"AA6S,KA7E,AA9E,GA13S",3.103360414505005,-0.358143150806427,1,"2OOB_AA6S,KA7E,AA9E,GA13S"
2OOB,"IA27E,IA38E",0.2842833995819092,0.44089487195014954,1,"2OOB_IA27E,IA38E"
2C0L,NA48A,0.6877506375312805,0.2919858694076538,1,2C0L_NA48A
2C0L,QA239R,1.4865076541900635,-0.6419534683227539,1,2C0L_QA239R
2C0L,SA242Y,0.2736794650554657,-0.3335019648075104,1,2C0L_SA242Y
2BTF,FP59A,1.5957406759262085,2.220853805541992,1,2BTF_FP59A
2BTF,VP60E,0.9787291884422302,0.18479622900485992,1,2BTF_VP60E
2BTF,GP120F,1.7209311723709106,-2.909931182861328,1,2BTF_GP120F
2BTF,KP125A,0.46005603671073914,2.2310633659362793,1,2BTF_KP125A
1S1Q,VA41A,0.6707527041435242,1.022794246673584,1,1S1Q_VA41A
1S1Q,FA42A,0.19934363663196564,1.002074122428894,1,1S1Q_FA42A
1S1Q,NA43A,1.2319692373275757,0.7063958644866943,1,1S1Q_NA43A
1S1Q,DA44A,0.9655211567878723,1.10955011844635,1,1S1Q_DA44A
1S1Q,WA73A,0.2807824909687042,0.9408912062644958,1,1S1Q_WA73A
1S1Q,FA86A,0.7752504348754883,1.957566738128662,1,1S1Q_FA86A
1NCA,NH31Q,0.0,-0.009843101724982262,1,1NCA_NH31Q
1NCA,EH100D,0.4106564223766327,-0.27875328063964844,1,1NCA_EH100D
1NCA,DH101K,0.7144798040390015,2.151566982269287,1,1NCA_DH101K
1NCA,NH102Q,0.5428582429885864,0.4842672348022461,1,1NCA_NH102Q
1MQ8,"CB32L,CB170F",3.681856870651245,0.0025435183197259903,1,"1MQ8_CB32L,CB170F"
1MQ8,"CB32L,CB170F,KB158C,KB165C",-1.774827480316162,0.1650482565164566,1,"1MQ8_CB32L,CB170F,KB158C,KB165C"
1MQ8,"CB32L,CB170F,EB155C,EB172C",-1.2561542987823486,0.10901946574449539,1,"1MQ8_CB32L,CB170F,EB155C,EB172C"
1MQ8,"CB32L,CB170F,KB31C,TB171C",2.9685609340667725,-0.3767073154449463,1,"1MQ8_CB32L,CB170F,KB31C,TB171C"
1MQ8,"CB32L,CB170F,LB160C,KB165C",3.7200927734375,0.09832782298326492,1,"1MQ8_CB32L,CB170F,LB160C,KB165C"
1MQ8,"CB32L,KB31C",0.6100000739097595,-0.2549702227115631,1,"1MQ8_CB32L,KB31C"
1MQ8,"CB170F,TB171C",0.6766378879547119,-0.25723397731781006,1,"1MQ8_CB170F,TB171C"
2QJA,"TC43A,LC47M,GC48K,LC49Y",0.46220648288726807,0.609285295009613,1,"2QJA_TC43A,LC47M,GC48K,LC49Y"
2QJA,"RC57K,TC59S,IC61K,PC62A,HC63Q,QC64L,SC67T,TC43A,LC47M,GC48K,LC49Y",-0.26777946949005127,-0.0741715356707573,1,"2QJA_RC57K,TC59S,IC61K,PC62A,HC63Q,QC64L,SC67T,TC43A,LC47M,GC48K,LC49Y"
2QJA,"GC11H,DC15E,AC30T,IC31M",0.8850788474082947,-0.2798967957496643,1,"2QJA_GC11H,DC15E,AC30T,IC31M"
1GRN,DA38E,0.38986650109291077,0.34455615282058716,1,1GRN_DA38E
1GL1,LI29V,4.259236812591553,3.353057861328125,1,1GL1_LI29V
1GL1,"KI30M,AI31G",-0.13220183551311493,2.4600346088409424,1,"1GL1_KI30M,AI31G"
1FFW,DA12K,0.04742146283388138,-0.02000080607831478,1,1FFW_DA12K
1FFW,TA86I,-0.31932955980300903,0.5321223735809326,1,1FFW_TA86I
1FFW,AA89V,0.09132687747478485,-0.708764910697937,1,1FFW_AA89V
1FFW,EA92K,0.8213128447532654,0.19628538191318512,1,1FFW_EA92K
1FFW,YA105W,0.7132960557937622,-0.3150478005409241,1,1FFW_YA105W
1FFW,VA107M,1.1313122510910034,-0.3310144543647766,1,1FFW_VA107M
1FFW,FA110V,1.2561542987823486,0.24072183668613434,1,1FFW_FA110V
1FFW,TA111I,0.5622846484184265,0.20513029396533966,1,1FFW_TA111I
1FFW,EA116K,0.7132960557937622,-0.1395738273859024,1,1FFW_EA116K
1FFW,EB13A,0.7167708873748779,-0.03249567002058029,1,1FFW_EB13A
1FFW,EB20A,0.6391429305076599,0.3221293091773987,1,1FFW_EB20A
1FFW,HB23A,0.033863615244627,0.8474929928779602,1,1FFW_HB23A
1FFW,DB44A,-0.07415315508842468,0.7106784582138062,1,1FFW_DB44A
1FFW,DB49A,0.0962846651673317,0.9248491525650024,1,1FFW_DB49A
1FFW,CB55A,0.20430143177509308,0.22486086189746857,1,1FFW_CB55A
1FFW,FB56A,3.645939826965332,2.1422128677368164,1,1FFW_FB56A
1FFW,IB58A,0.42783015966415405,1.2478244304656982,1,1FFW_IB58A
1EAW,QA23A,-0.5189116597175598,0.022445211187005043,1,1EAW_QA23A
1EAW,IA26A,-0.8225061297416687,1.3777141571044922,1,1EAW_IA26A
1EAW,IA45A,-0.19435805082321167,0.3808830976486206,1,1EAW_IA45A
1EAW,DA46A,-0.1716310679912567,0.4720047414302826,1,1EAW_DA46A
1EAW,DA47A,1.5027753114700317,0.6364560127258301,1,1EAW_DA47A
1EAW,RA48A,0.5876145362854004,3.2185020446777344,1,1EAW_RA48A
1EAW,FA50A,-0.4288126528263092,0.6613088846206665,1,1EAW_FA50A
1EAW,RA51A,0.23100829124450684,0.48037219047546387,1,1EAW_RA51A
1EAW,YA52A,-0.07894066721200943,0.7173020243644714,1,1EAW_YA52A
1EAW,RA82A,-0.14974381029605865,-0.16383610665798187,1,1EAW_RA82A
1EAW,FA89A,0.7285935878753662,1.0676988363265991,1,1EAW_FA89A
1EAW,NA90A,0.3080978989601135,0.4646233320236206,1,1EAW_NA90A
1EAW,DA91A,0.6544404625892639,2.6778016090393066,1,1EAW_DA91A
1EAW,FA92A,0.892020046710968,0.9180178642272949,1,1EAW_FA92A
1EAW,TA93A,0.25474119186401367,0.4071982800960541,1,1EAW_TA93A
1EAW,HA138A,-0.014480198733508587,1.7891910076141357,1,1EAW_HA138A
1EAW,QA140A,0.306678831577301,0.21793456375598907,1,1EAW_QA140A
1EAW,YA141A,0.5021535754203796,1.2604928016662598,1,1EAW_YA141A
1EAW,TA144A,0.08945067971944809,0.7396994233131409,1,1EAW_TA144A
1EAW,LA147A,0.5021535754203796,0.11530137807130814,1,1EAW_LA147A
1EAW,EA163A,0.7036820650100708,0.7782583832740784,1,1EAW_EA163A
1EAW,QA168A,0.5650851130485535,-0.17396847903728485,1,1EAW_QA168A
1EAW,QA169A,-0.13309656083583832,0.8098791241645813,1,1EAW_QA169A
1EAW,DA214A,2.2291338443756104,0.7195081114768982,1,1EAW_DA214A
1EAW,QA218A,0.1442377269268036,0.3564035892486572,1,1EAW_QA218A
1EAW,RA219A,-0.08855192363262177,-0.1465958207845688,1,1EAW_RA219A
1EAW,KA221A,0.47605013847351074,0.17254938185214996,1,1EAW_KA221A
3N0P,AA17H,0.8744037747383118,-0.020845940336585045,1,3N0P_AA17H
3N0P,AA17H,0.297102689743042,-0.020845940336585045,1,3N0P_AA17H
3N0P,AA17H,0.22198787331581116,-0.022127559408545494,1,3N0P_AA17H
3N0P,AA17H,-0.09047991037368774,-0.020845940336585045,1,3N0P_AA17H
3N0P,AA17H,-0.2870479226112366,-0.022127559408545494,1,3N0P_AA17H
3N0P,AA17H,-0.28069448471069336,-0.09008242934942245,1,3N0P_AA17H
3N0P,AA17H,-0.28546592593193054,-0.020845940336585045,1,3N0P_AA17H
3N0P,AA17H,-0.3632349669933319,-0.08770757168531418,1,3N0P_AA17H
3N0P,AA17H,-0.38309553265571594,-0.08770757168531418,1,3N0P_AA17H
3N0P,AA17H,-0.3238008916378021,-0.022127559408545494,1,3N0P_AA17H
1CHO,LI15G,6.085373401641846,3.63399076461792,1,1CHO_LI15G
1CHO,LI15A,4.7662200927734375,3.9050326347351074,1,1CHO_LI15A
1CHO,LI15S,4.986851692199707,4.064181804656982,1,1CHO_LI15S
1CHO,LI15C,2.6424343585968018,0.37069958448410034,1,1CHO_LI15C
1CHO,LI15V,4.273555755615234,2.660496950149536,1,1CHO_LI15V
1CHO,LI15T,4.48486852645874,3.7289795875549316,1,1CHO_LI15T
1CHO,LI15P,8.801905632019043,5.6902899742126465,1,1CHO_LI15P
1CHO,LI15I,4.479031562805176,3.4167394638061523,1,1CHO_LI15I
1CHO,LI15M,0.3806231915950775,0.6040210723876953,1,1CHO_LI15M
1CHO,LI15N,3.3570311069488525,2.840911865234375,1,1CHO_LI15N
1CHO,LI15D,7.201478481292725,5.349445343017578,1,1CHO_LI15D
1CHO,LI15K,4.4731364250183105,2.644557476043701,1,1CHO_LI15K
1CHO,LI15Q,2.9533493518829346,2.40272855758667,1,1CHO_LI15Q
1CHO,LI15E,6.658620357513428,4.6561360359191895,1,1CHO_LI15E
1CHO,LI15H,3.000711679458618,2.5518722534179688,1,1CHO_LI15H
1CHO,LI15F,-1.5017473697662354,0.8355686068534851,1,1CHO_LI15F
1CHO,LI15R,4.006605625152588,2.9152207374572754,1,1CHO_LI15R
1CHO,LI15Y,-2.2250730991363525,0.14408905804157257,1,1CHO_LI15Y
1CHO,LI15W,-1.6909488439559937,0.8400431871414185,1,1CHO_LI15W
1PPF,LI18G,3.3328986167907715,3.0303781032562256,1,1PPF_LI18G
1PPF,LI18A,1.07108736038208,4.684010982513428,1,1PPF_LI18A
1PPF,LI18S,3.0920286178588867,4.657419681549072,1,1PPF_LI18S
1PPF,LI18C,-0.08952336758375168,1.9828258752822876,1,1PPF_LI18C
1PPF,LI18V,-0.4926644563674927,3.1649973392486572,1,1PPF_LI18V
1PPF,LI18T,0.9154713153839111,3.899240493774414,1,1PPF_LI18T
1PPF,LI18P,6.147148609161377,5.83609676361084,1,1PPF_LI18P
1PPF,LI18I,-0.7328830361366272,3.5875589847564697,1,1PPF_LI18I
1PPF,LI18M,1.25759756565094,1.4842302799224854,1,1PPF_LI18M
1PPF,LI18N,5.225429058074951,4.46692419052124,1,1PPF_LI18N
1PPF,LI18D,7.61348819732666,5.964010715484619,1,1PPF_LI18D
1PPF,LI18K,5.736492156982422,2.3323192596435547,1,1PPF_LI18K
1PPF,LI18Q,3.306267023086548,3.25358510017395,1,1PPF_LI18Q
1PPF,LI18E,7.056237697601318,5.402828693389893,1,1PPF_LI18E
1PPF,LI18H,6.471245765686035,2.840479850769043,1,1PPF_LI18H
1PPF,LI18F,5.169495582580566,1.6482211351394653,1,1PPF_LI18F
1PPF,LI18R,7.184541702270508,0.863929808139801,1,1PPF_LI18R
1PPF,LI18Y,6.635788440704346,1.272308588027954,1,1PPF_LI18Y
1PPF,LI18W,7.5441813468933105,2.523319721221924,1,1PPF_LI18W
1CHO,AI12G,0.06601440161466599,0.40435630083084106,1,1CHO_AI12G
1CHO,AI12S,0.06601440161466599,0.010775694623589516,1,1CHO_AI12S
1CHO,AI12C,-0.32677778601646423,-0.7084545493125916,1,1CHO_AI12C
1CHO,AI12V,0.9535146951675415,-0.9378880262374878,1,1CHO_AI12V
1CHO,AI12T,0.9690771698951721,0.012660691514611244,1,1CHO_AI12T
1CHO,AI12P,3.1089653968811035,-0.0775938555598259,1,1CHO_AI12P
1CHO,AI12L,0.14070072770118713,-1.7044323682785034,1,1CHO_AI12L
1CHO,AI12I,0.6553633213043213,-0.27391329407691956,1,1CHO_AI12I
1CHO,AI12M,0.14070072770118713,-1.1835322380065918,1,1CHO_AI12M
1CHO,AI12N,-0.28890854120254517,-0.27278828620910645,1,1CHO_AI12N
1CHO,AI12D,0.0,0.3484424948692322,1,1CHO_AI12D
1CHO,AI12K,2.4987282752990723,0.3279135227203369,1,1CHO_AI12K
1CHO,AI12Q,0.44245147705078125,0.04782421141862869,1,1CHO_AI12Q
1CHO,AI12E,0.22500719130039215,0.11662725359201431,1,1CHO_AI12E
1CHO,AI12H,-0.32677778601646423,-0.8876784443855286,1,1CHO_AI12H
1CHO,AI12F,-0.7354821562767029,-1.2261621952056885,1,1CHO_AI12F
1CHO,AI12R,0.46855491399765015,0.12357202917337418,1,1CHO_AI12R
1CHO,AI12Y,-0.8755311369895935,-1.6560518741607666,1,1CHO_AI12Y
1CHO,AI12W,-1.9253305196762085,-1.6471928358078003,1,1CHO_AI12W
1PPF,AI15G,1.1382291316986084,0.4999241232872009,1,1PPF_AI15G
1PPF,AI15S,0.7564785480499268,-0.23475058376789093,1,1PPF_AI15S
1PPF,AI15C,-0.6737069487571716,-0.8431334495544434,1,1PPF_AI15C
1PPF,AI15V,0.20805256068706512,-0.9524416327476501,1,1PPF_AI15V
1PPF,AI15T,0.9628335237503052,-0.286574125289917,1,1PPF_AI15T
1PPF,AI15P,1.9954591989517212,0.3311208188533783,1,1PPF_AI15P
1PPF,AI15L,0.01779268868267536,-1.9038243293762207,1,1PPF_AI15L
1PPF,AI15I,0.32947757840156555,-2.455570697784424,1,1PPF_AI15I
1PPF,AI15M,-0.40133756399154663,-0.8894986510276794,1,1PPF_AI15M
1PPF,AI15N,0.9154713153839111,-0.37614601850509644,1,1PPF_AI15N
1PPF,AI15D,1.1382291316986084,-0.8619992733001709,1,1PPF_AI15D
1PPF,AI15K,1.1275540590286255,0.511593759059906,1,1PPF_AI15K
1PPF,AI15Q,0.2497744858264923,-0.0047783758491277695,1,1PPF_AI15Q
1PPF,AI15E,0.10560351610183716,-1.1761733293533325,1,1PPF_AI15E
1PPF,AI15H,0.5528879165649414,-1.0485115051269531,1,1PPF_AI15H
1PPF,AI15F,-0.07295020669698715,-2.2181427478790283,1,1PPF_AI15F
1PPF,AI15R,-0.26417794823646545,0.5616918206214905,1,1PPF_AI15R
1PPF,AI15Y,-0.18506699800491333,-2.485102653503418,1,1PPF_AI15Y
1PPF,AI15W,-0.6408453583717346,-1.4694151878356934,1,1PPF_AI15W
1CHO,TI14G,5.294449329376221,5.0799055099487305,1,1CHO_TI14G
1CHO,TI14A,4.158527851104736,2.6019697189331055,1,1CHO_TI14A
1CHO,TI14S,2.3505473136901855,1.376863718032837,1,1CHO_TI14S
1CHO,TI14C,3.32909893989563,1.9516806602478027,1,1CHO_TI14C
1CHO,TI14V,3.5814502239227295,1.995234727859497,1,1CHO_TI14V
1CHO,TI14P,4.233213901519775,2.690167188644409,1,1CHO_TI14P
1CHO,TI14L,4.4166107177734375,2.520827054977417,1,1CHO_TI14L
1CHO,TI14I,3.6518237590789795,2.1402673721313477,1,1CHO_TI14I
1CHO,TI14M,3.954936981201172,1.7145392894744873,1,1CHO_TI14M
1CHO,TI14N,4.317520618438721,0.5253690481185913,1,1CHO_TI14N
1CHO,TI14D,6.820855617523193,3.2900173664093018,1,1CHO_TI14D
1CHO,TI14K,4.092513084411621,0.9253561496734619,1,1CHO_TI14K
1CHO,TI14Q,3.681856870651245,2.427046775817871,1,1CHO_TI14Q
1CHO,TI14E,6.425761699676514,3.7300825119018555,1,1CHO_TI14E
1CHO,TI14H,3.6518237590789795,1.2072397470474243,1,1CHO_TI14H
1CHO,TI14F,4.233213901519775,1.9791691303253174,1,1CHO_TI14F
1CHO,TI14R,3.884089708328247,1.7724899053573608,1,1CHO_TI14R
1CHO,TI14Y,4.4731364250183105,1.958569049835205,1,1CHO_TI14Y
1CHO,TI14W,4.158527851104736,2.6251754760742188,1,1CHO_TI14W
1PPF,TI17G,3.599848985671997,3.7363438606262207,1,1PPF_TI17G
1PPF,TI17A,3.48482084274292,2.469541311264038,1,1PPF_TI17A
1PPF,TI17S,1.504980206489563,0.6100113391876221,1,1PPF_TI17S
1PPF,TI17C,2.087496757507324,0.8558641672134399,1,1PPF_TI17C
1PPF,TI17V,1.4817438125610352,1.1047471761703491,1,1PPF_TI17V
1PPF,TI17P,3.074164390563965,2.0487866401672363,1,1PPF_TI17P
1PPF,TI17L,2.279642343521118,1.3108437061309814,1,1PPF_TI17L
1PPF,TI17I,1.4817438125610352,0.9097524881362915,1,1PPF_TI17I
1PPF,TI17M,2.5024001598358154,2.061565637588501,1,1PPF_TI17M
1PPF,TI17N,2.698713541030884,0.8221472501754761,1,1PPF_TI17N
1PPF,TI17D,4.923678398132324,3.4666998386383057,1,1PPF_TI17D
1PPF,TI17K,3.388773202896118,1.989274263381958,1,1PPF_TI17K
1PPF,TI17Q,1.968727469444275,1.9113794565200806,1,1PPF_TI17Q
1PPF,TI17E,3.0410115718841553,3.68375301361084,1,1PPF_TI17E
1PPF,TI17H,1.6936486959457397,1.4068611860275269,1,1PPF_TI17H
1PPF,TI17F,1.7099932432174683,1.634416937828064,1,1PPF_TI17F
1PPF,TI17R,3.4516680240631104,1.9004803895950317,1,1PPF_TI17R
1PPF,TI17Y,2.4808542728424072,1.214221715927124,1,1PPF_TI17Y
1PPF,TI17W,2.195336103439331,1.5853554010391235,1,1PPF_TI17W
1CHO,EI16G,3.622680902481079,2.9740612506866455,1,1CHO_EI16G
1CHO,EI16A,2.3332483768463135,1.9062349796295166,1,1CHO_EI16A
1CHO,EI16S,2.79435658454895,2.3582310676574707,1,1CHO_EI16S
1CHO,EI16C,2.728342294692993,1.9335367679595947,1,1CHO_EI16C
1CHO,EI16V,2.4394335746765137,0.3200802505016327,1,1CHO_EI16V
1CHO,EI16T,2.9093847274780273,3.4549331665039062,1,1CHO_EI16T
1CHO,EI16P,2.590765953063965,2.310074806213379,1,1CHO_EI16P
1CHO,EI16L,2.8690428733825684,-0.14636056125164032,1,1CHO_EI16L
1CHO,EI16I,2.6424343585968018,0.16382654011249542,1,1CHO_EI16I
1CHO,EI16M,2.6983089447021484,1.4572856426239014,1,1CHO_EI16M
1CHO,EI16N,2.3332483768463135,2.166400909423828,1,1CHO_EI16N
1CHO,EI16D,0.881759524345398,1.1874985694885254,1,1CHO_EI16D
1CHO,EI16K,3.5946455001831055,1.5290707349777222,1,1CHO_EI16K
1CHO,EI16Q,1.3341379165649414,0.9068657755851746,1,1CHO_EI16Q
1CHO,EI16H,2.089729070663452,1.7913209199905396,1,1CHO_EI16H
1CHO,EI16F,3.622680902481079,2.8631327152252197,1,1CHO_EI16F
1CHO,EI16R,3.681856870651245,1.22445809841156,1,1CHO_EI16R
1CHO,EI16Y,2.669166088104248,1.7517404556274414,1,1CHO_EI16Y
1CHO,EI16W,3.1600215435028076,2.2706618309020996,1,1CHO_EI16W
1PPF,EI19G,2.120649576187134,3.304530143737793,1,1PPF_EI19G
1PPF,EI19A,1.2032891511917114,2.4512248039245605,1,1PPF_EI19A
1PPF,EI19S,1.8462116718292236,2.8470022678375244,1,1PPF_EI19S
1PPF,EI19C,1.4026328325271606,2.027374267578125,1,1PPF_EI19C
1PPF,EI19V,1.159019112586975,0.5380070209503174,1,1PPF_EI19V
1PPF,EI19T,1.504980206489563,3.1050620079040527,1,1PPF_EI19T
1PPF,EI19P,3.2103826999664307,2.506911039352417,1,1PPF_EI19P
1PPF,EI19L,1.07108736038208,0.16208668053150177,1,1PPF_EI19L
1PPF,EI19I,0.7233257293701172,-0.2435808628797531,1,1PPF_EI19I
1PPF,EI19M,1.1487152576446533,1.8855907917022705,1,1PPF_EI19M
1PPF,EI19N,1.2126933336257935,2.616448163986206,1,1PPF_EI19N
1PPF,EI19D,0.5779248476028442,0.1736697107553482,1,1PPF_EI19D
1PPF,EI19K,2.120649576187134,1.978265643119812,1,1PPF_EI19K
1PPF,EI19Q,0.660430908203125,1.448598861694336,1,1PPF_EI19Q
1PPF,EI19H,0.6904641389846802,1.3616292476654053,1,1PPF_EI19H
1PPF,EI19F,1.3641711473464966,2.988182783126831,1,1PPF_EI19F
1PPF,EI19R,1.4817438125610352,1.3914146423339844,1,1PPF_EI19R
1PPF,EI19Y,1.248884916305542,1.9690476655960083,1,1PPF_EI19Y
1PPF,EI19W,1.530076026916504,2.3352818489074707,1,1PPF_EI19W
1CHO,YI17G,3.176107168197632,4.668542385101318,1,1CHO_YI17G
1CHO,YI17A,2.5434629917144775,3.9864509105682373,1,1CHO_YI17A
1CHO,YI17S,2.8690428733825684,3.2438199520111084,1,1CHO_YI17S
1CHO,YI17C,2.5434629917144775,2.524249315261841,1,1CHO_YI17C
1CHO,YI17V,3.463747262954712,2.3665859699249268,1,1CHO_YI17V
1CHO,YI17T,3.3040621280670166,4.776935577392578,1,1CHO_YI17T
1CHO,YI17P,8.56564998626709,4.95845365524292,1,1CHO_YI17P
1CHO,YI17L,0.6844465732574463,1.8577423095703125,1,1CHO_YI17L
1CHO,YI17I,2.109262228012085,1.5969699621200562,1,1CHO_YI17I
1CHO,YI17M,1.2265949249267578,2.2698302268981934,1,1CHO_YI17M
1CHO,YI17N,3.000711679458618,3.5675370693206787,1,1CHO_YI17N
1CHO,YI17D,6.296296119689941,4.937535762786865,1,1CHO_YI17D
1CHO,YI17K,3.1654322147369385,4.117111682891846,1,1CHO_YI17K
1CHO,YI17Q,3.1545610427856445,3.388845920562744,1,1CHO_YI17Q
1CHO,YI17E,5.015994548797607,1.6339644193649292,1,1CHO_YI17E
1CHO,YI17H,1.5891783237457275,2.592557191848755,1,1CHO_YI17H
1CHO,YI17F,0.18104250729084015,1.3650531768798828,1,1CHO_YI17F
1CHO,YI17R,2.9093847274780273,3.3421802520751953,1,1CHO_YI17R
1CHO,YI17W,0.3923552930355072,1.0789551734924316,1,1CHO_YI17W
1PPF,YI20G,4.185900688171387,3.9404008388519287,1,1PPF_YI20G
1PPF,YI20A,3.2103826999664307,3.8627116680145264,1,1PPF_YI20A
1PPF,YI20S,3.6438136100769043,3.491640567779541,1,1PPF_YI20S
1PPF,YI20C,3.4516680240631104,3.164262533187866,1,1PPF_YI20C
1PPF,YI20V,4.185900688171387,2.5495240688323975,1,1PPF_YI20V
1PPF,YI20T,5.055346965789795,4.626437664031982,1,1PPF_YI20T
1PPF,YI20P,5.367161273956299,5.787455081939697,1,1PPF_YI20P
1PPF,YI20L,1.3749107122421265,1.8643369674682617,1,1PPF_YI20L
1PPF,YI20I,3.931631326675415,2.5577776432037354,1,1PPF_YI20I
1PPF,YI20M,2.8123996257781982,2.5961148738861084,1,1PPF_YI20M
1PPF,YI20N,3.6438136100769043,3.7567598819732666,1,1PPF_YI20N
1PPF,YI20D,6.419517993927002,3.4988086223602295,1,1PPF_YI20D
1PPF,YI20K,4.4940690994262695,3.5574395656585693,1,1PPF_YI20K
1PPF,YI20Q,4.6970696449279785,3.900444507598877,1,1PPF_YI20Q
1PPF,YI20E,6.419517993927002,3.213127613067627,1,1PPF_YI20E
1PPF,YI20H,2.378732442855835,2.809572458267212,1,1PPF_YI20H
1PPF,YI20F,0.4820406138896942,1.167044758796692,1,1PPF_YI20F
1PPF,YI20R,4.372321128845215,2.0593085289001465,1,1PPF_YI20R
1PPF,YI20W,0.23538224399089813,0.5805940628051758,1,1PPF_YI20W
1CHO,RI18G,3.4861066341400146,1.780580997467041,1,1CHO_RI18G
1CHO,RI18A,3.191767692565918,0.8503873348236084,1,1CHO_RI18A
1CHO,RI18S,3.1865932941436768,0.6542742252349854,1,1CHO_RI18S
1CHO,RI18C,3.5196218490600586,0.8275929689407349,1,1CHO_RI18C
1CHO,RI18V,2.0660953521728516,0.49142926931381226,1,1CHO_RI18V
1CHO,RI18T,2.669166088104248,0.8170740604400635,1,1CHO_RI18T
1CHO,RI18P,7.289410591125488,6.499384880065918,1,1CHO_RI18P
1CHO,RI18L,2.8305108547210693,0.15632663667201996,1,1CHO_RI18L
1CHO,RI18I,2.109262228012085,0.2921985983848572,1,1CHO_RI18I
1CHO,RI18M,2.6158030033111572,0.6855498552322388,1,1CHO_RI18M
1CHO,RI18N,3.5196218490600586,0.7457146644592285,1,1CHO_RI18N
1CHO,RI18D,3.783076763153076,0.4343288838863373,1,1CHO_RI18D
1CHO,RI18K,0.662769079208374,0.3795640468597412,1,1CHO_RI18K
1CHO,RI18Q,2.478471517562866,0.6758247017860413,1,1CHO_RI18Q
1CHO,RI18E,3.5196218490600586,1.5143706798553467,1,1CHO_RI18E
1CHO,RI18H,2.79435658454895,1.0256257057189941,1,1CHO_RI18H
1CHO,RI18F,2.9533493518829346,0.34111738204956055,1,1CHO_RI18F
1CHO,RI18Y,3.000711679458618,0.9806262850761414,1,1CHO_RI18Y
1CHO,RI18W,2.4394335746765137,0.8344839811325073,1,1CHO_RI18W
1PPF,RI21G,0.5779248476028442,1.0279570817947388,1,1PPF_RI21G
1PPF,RI21A,0.20805256068706512,0.9063205122947693,1,1PPF_RI21A
1PPF,RI21S,0.4196195602416992,1.0717922449111938,1,1PPF_RI21S
1PPF,RI21C,-0.08117883652448654,0.6895053386688232,1,1PPF_RI21C
1PPF,RI21V,-0.34960973262786865,0.05004901438951492,1,1PPF_RI21V
1PPF,RI21T,-0.01834363117814064,0.2805368900299072,1,1PPF_RI21T
1PPF,RI21P,6.705569267272949,5.1954169273376465,1,1PPF_RI21P
1PPF,RI21L,-0.8585862517356873,0.06664765626192093,1,1PPF_RI21L
1PPF,RI21I,-0.8112831711769104,0.1565306931734085,1,1PPF_RI21I
1PPF,RI21M,-0.7596147656440735,0.4348832964897156,1,1PPF_RI21M
1PPF,RI21N,0.32947757840156555,0.4868029057979584,1,1PPF_RI21N
1PPF,RI21D,0.20805256068706512,0.185396209359169,1,1PPF_RI21D
1PPF,RI21K,0.6045563817024231,0.032010920345783234,1,1PPF_RI21K
1PPF,RI21Q,-0.01834363117814064,0.8575853109359741,1,1PPF_RI21Q
1PPF,RI21E,0.46085023880004883,1.1964349746704102,1,1PPF_RI21E
1PPF,RI21H,-0.4926644563674927,1.2314289808273315,1,1PPF_RI21H
1PPF,RI21F,-0.98124760389328,0.2813244163990021,1,1PPF_RI21F
1PPF,RI21Y,0.22063162922859192,0.6609196662902832,1,1PPF_RI21Y
1PPF,RI21W,-0.5330062508583069,0.6541236042976379,1,1PPF_RI21W
1CHO,PI11G,0.6364335417747498,-0.2423839420080185,1,1CHO_PI11G
1CHO,PI11A,0.3806231915950775,-0.01584320329129696,1,1CHO_PI11A
1CHO,PI11S,-0.44068965315818787,-0.041105084121227264,1,1CHO_PI11S
1CHO,PI11C,-0.9835479259490967,-0.786370038986206,1,1CHO_PI11C
1CHO,PI11V,-0.5496550798416138,-0.16863368451595306,1,1CHO_PI11V
1CHO,PI11T,-0.5496550798416138,-0.07004939764738083,1,1CHO_PI11T
1CHO,PI11L,-0.5245592594146729,0.19955451786518097,1,1CHO_PI11L
1CHO,PI11I,-0.5110632181167603,0.1202995553612709,1,1CHO_PI11I
1CHO,PI11M,-0.8281096816062927,-0.41656172275543213,1,1CHO_PI11M
1CHO,PI11N,-0.7799875140190125,-0.5219593048095703,1,1CHO_PI11N
1CHO,PI11D,-0.8513460755348206,-0.9343283176422119,1,1CHO_PI11D
1CHO,PI11K,0.386518269777298,-0.18729440867900848,1,1CHO_PI11K
1CHO,PI11Q,-0.727737545967102,-0.4622228741645813,1,1CHO_PI11Q
1CHO,PI11E,-0.7200929522514343,-0.0917506143450737,1,1CHO_PI11E
1CHO,PI11H,-0.11253932118415833,-0.077610544860363,1,1CHO_PI11H
1CHO,PI11F,-0.3075406551361084,-0.031836025416851044,1,1CHO_PI11F
1CHO,PI11R,0.39813536405563354,-0.026179185137152672,1,1CHO_PI11R
1CHO,PI11Y,-0.3950939476490021,-0.27788203954696655,1,1CHO_PI11Y
1CHO,PI11W,-0.20842353999614716,0.14253954589366913,1,1CHO_PI11W
1PPF,PI14G,0.09338758140802383,-0.08091967552900314,1,1PPF_PI14G
1PPF,PI14A,-0.12412893772125244,-0.15342484414577484,1,1PPF_PI14A
1PPF,PI14S,-0.5715383291244507,-0.09983014315366745,1,1PPF_PI14S
1PPF,PI14C,-2.005016565322876,-0.18529050052165985,1,1PPF_PI14C
1PPF,PI14V,-1.5250530242919922,0.2902807593345642,1,1PPF_PI14V
1PPF,PI14T,-0.26417794823646545,-0.11657976359128952,1,1PPF_PI14T
1PPF,PI14L,-2.9233665466308594,-0.15464775264263153,1,1PPF_PI14L
1PPF,PI14I,-1.6513597965240479,0.03429163247346878,1,1PPF_PI14I
1PPF,PI14M,-1.5744526386260986,-0.48119235038757324,1,1PPF_PI14M
1PPF,PI14N,-0.6408453583717346,-0.15286023914813995,1,1PPF_PI14N
1PPF,PI14D,-0.4926644563674927,-0.7664404511451721,1,1PPF_PI14D
1PPF,PI14K,-0.4486997723579407,-0.026760688051581383,1,1PPF_PI14K
1PPF,PI14Q,-0.8112831711769104,-0.007949164137244225,1,1PPF_PI14Q
1PPF,PI14E,-1.4290053844451904,-0.2844841480255127,1,1PPF_PI14E
1PPF,PI14H,-1.7655086517333984,-0.25432178378105164,1,1PPF_PI14H
1PPF,PI14F,-1.8568356037139893,-0.057922206819057465,1,1PPF_PI14F
1PPF,PI14R,-0.13764554262161255,0.21405519545078278,1,1PPF_PI14R
1PPF,PI14Y,-0.9626154899597168,-0.19901607930660248,1,1PPF_PI14Y
1PPF,PI14W,-2.005016565322876,-0.07725822180509567,1,1PPF_PI14W
1CHO,KI10G,1.8224222660064697,-0.9574938416481018,1,1CHO_KI10G
1CHO,KI10A,0.18104250729084015,-0.34301459789276123,1,1CHO_KI10A
1CHO,KI10S,-0.42663875222206116,-0.18118862807750702,1,1CHO_KI10S
1CHO,KI10C,0.5032691359519958,-0.5246586799621582,1,1CHO_KI10C
1CHO,KI10V,1.2019360065460205,-0.10413175076246262,1,1CHO_KI10V
1CHO,KI10T,0.3806231915950775,0.008751878514885902,1,1CHO_KI10T
1CHO,KI10P,2.0763397216796875,0.7278933525085449,1,1CHO_KI10P
1CHO,KI10L,0.3806231915950775,-0.8587544560432434,1,1CHO_KI10L
1CHO,KI10I,1.5452135801315308,-0.23756204545497894,1,1CHO_KI10I
1CHO,KI10M,0.4262188971042633,-0.4048507809638977,1,1CHO_KI10M
1CHO,KI10N,-0.3609865605831146,-0.19785194098949432,1,1CHO_KI10N
1CHO,KI10D,-0.5110632181167603,-0.27774477005004883,1,1CHO_KI10D
1CHO,KI10Q,-0.5728914737701416,-0.09452902525663376,1,1CHO_KI10Q
1CHO,KI10E,0.18104250729084015,-0.005278637632727623,1,1CHO_KI10E
1CHO,KI10H,0.14070072770118713,-0.2589063048362732,1,1CHO_KI10H
1CHO,KI10F,1.0933265686035156,-0.2643418312072754,1,1CHO_KI10F
1CHO,KI10R,-0.3777948319911957,0.176921084523201,1,1CHO_KI10R
1CHO,KI10Y,1.0752625465393066,-0.5977291464805603,1,1CHO_KI10Y
1CHO,KI10W,1.019529104232788,-0.659537672996521,1,1CHO_KI10W
1PPF,KI13G,1.248884916305542,-0.7743499279022217,1,1PPF_KI13G
1PPF,KI13A,0.7564785480499268,-0.9694567918777466,1,1PPF_KI13A
1PPF,KI13S,0.46085023880004883,-1.0189580917358398,1,1PPF_KI13S
1PPF,KI13C,0.9628335237503052,-0.5578846335411072,1,1PPF_KI13C
1PPF,KI13V,0.8715066909790039,-0.22139249742031097,1,1PPF_KI13V
1PPF,KI13T,0.16590487957000732,-0.4972521662712097,1,1PPF_KI13T
1PPF,KI13P,1.2661839723587036,0.38062652945518494,1,1PPF_KI13P
1PPF,KI13L,0.401555597782135,-1.2417465448379517,1,1PPF_KI13L
1PPF,KI13I,0.6312880516052246,-1.5396647453308105,1,1PPF_KI13I
1PPF,KI13M,0.20805256068706512,-0.9034852385520935,1,1PPF_KI13M
1PPF,KI13N,0.660430908203125,0.1809840351343155,1,1PPF_KI13N
1PPF,KI13D,0.6312880516052246,-0.5318235158920288,1,1PPF_KI13D
1PPF,KI13Q,0.2497744858264923,-0.6394583582878113,1,1PPF_KI13Q
1PPF,KI13E,1.1329156160354614,-0.2341827005147934,1,1PPF_KI13E
1PPF,KI13H,1.014561414718628,-0.30738693475723267,1,1PPF_KI13H
1PPF,KI13F,0.9628335237503052,-0.32563096284866333,1,1PPF_KI13F
1PPF,KI13R,-0.6408453583717346,-0.22171591222286224,1,1PPF_KI13R
1PPF,KI13Y,0.5055848360061646,-0.20124046504497528,1,1PPF_KI13Y
1PPF,KI13W,0.8311648964881897,-0.09368514269590378,1,1PPF_KI13W
1CHO,GI29A,-1.0918017625808716,2.3491954803466797,1,1CHO_GI29A
1CHO,GI29S,-0.13757623732089996,1.3222147226333618,1,1CHO_GI29S
1CHO,GI29C,2.5434629917144775,1.65733802318573,1,1CHO_GI29C
1CHO,GI29V,0.7019242644309998,1.8684406280517578,1,1CHO_GI29V
1CHO,GI29T,2.0763397216796875,2.895413398742676,1,1CHO_GI29T
1CHO,GI29P,0.32409724593162537,1.3534537553787231,1,1CHO_GI29P
1CHO,GI29L,1.7506893873214722,2.3444342613220215,1,1CHO_GI29L
1CHO,GI29I,2.3673555850982666,2.1675615310668945,1,1CHO_GI29I
1CHO,GI29M,1.6365405321121216,1.7496707439422607,1,1CHO_GI29M
1CHO,GI29N,0.9535146951675415,1.1123777627944946,1,1CHO_GI29N
1CHO,GI29D,3.1089653968811035,3.3969626426696777,1,1CHO_GI29D
1CHO,GI29K,1.5891783237457275,3.432541847229004,1,1CHO_GI29K
1CHO,GI29Q,2.383700132369995,2.3277153968811035,1,1CHO_GI29Q
1CHO,GI29E,2.6158030033111572,2.268831253051758,1,1CHO_GI29E
1CHO,GI29H,-0.9835479259490967,2.58384370803833,1,1CHO_GI29H
1CHO,GI29F,0.10216860473155975,0.4041353166103363,1,1CHO_GI29F
1CHO,GI29R,1.744794249534607,4.285858631134033,1,1CHO_GI29R
1CHO,GI29Y,-0.9835479259490967,0.5919519662857056,1,1CHO_GI29Y
1CHO,GI29W,1.0566304922103882,1.4504204988479614,1,1CHO_GI29W
1PPF,GI32A,0.23538224399089813,2.99823260307312,1,1PPF_GI32A
1PPF,GI32S,0.9154713153839111,1.7189359664916992,1,1PPF_GI32S
1PPF,GI32C,1.1791040897369385,2.6935863494873047,1,1PPF_GI32C
1PPF,GI32V,2.553067922592163,1.0126690864562988,1,1PPF_GI32V
1PPF,GI32T,2.8123996257781982,2.796950340270996,1,1PPF_GI32T
1PPF,GI32P,0.263825386762619,1.4452128410339355,1,1PPF_GI32P
1PPF,GI32L,3.1298978328704834,2.5816054344177246,1,1PPF_GI32L
1PPF,GI32I,4.372321128845215,2.3485054969787598,1,1PPF_GI32I
1PPF,GI32M,2.195336103439331,2.938356399536133,1,1PPF_GI32M
1PPF,GI32N,1.6139456033706665,1.8214374780654907,1,1PPF_GI32N
1PPF,GI32D,2.497086763381958,3.197984218597412,1,1PPF_GI32D
1PPF,GI32K,3.306267023086548,2.668837308883667,1,1PPF_GI32K
1PPF,GI32Q,2.7997264862060547,2.40742564201355,1,1PPF_GI32Q
1PPF,GI32E,1.4575586318969727,2.722041368484497,1,1PPF_GI32E
1PPF,GI32H,1.504980206489563,2.010507106781006,1,1PPF_GI32H
1PPF,GI32F,1.4817438125610352,2.70413875579834,1,1PPF_GI32F
1PPF,GI32R,4.848991870880127,4.203824520111084,1,1PPF_GI32R
1PPF,GI32Y,1.2032891511917114,1.8167120218276978,1,1PPF_GI32Y
1PPF,GI32W,1.6439788341522217,3.6637887954711914,1,1PPF_GI32W
1CHO,NI33G,-1.3942043781280518,0.31422945857048035,1,1CHO_NI33G
1CHO,NI33A,-1.3641711473464966,0.13780386745929718,1,1CHO_NI33A
1CHO,NI33S,-1.4767104387283325,0.40898823738098145,1,1CHO_NI33S
1CHO,NI33C,-0.11253932118415833,0.2192772775888443,1,1CHO_NI33C
1CHO,NI33V,0.032861582934856415,-0.0014826562255620956,1,1CHO_NI33V
1CHO,NI33T,-1.29815673828125,0.04288328438997269,1,1CHO_NI33T
1CHO,NI33P,-1.8340035676956177,0.7151281833648682,1,1CHO_NI33P
1CHO,NI33L,0.616878867149353,0.8696359395980835,1,1CHO_NI33L
1CHO,NI33I,-0.030033236369490623,-0.305137038230896,1,1CHO_NI33I
1CHO,NI33M,-0.20842353999614716,0.0617029145359993,1,1CHO_NI33M
1CHO,NI33D,-1.0400738716125488,0.13303954899311066,1,1CHO_NI33D
1CHO,NI33K,2.3332483768463135,0.5647585391998291,1,1CHO_NI33K
1CHO,NI33Q,-0.18487930297851562,-0.06310867518186569,1,1CHO_NI33Q
1CHO,NI33E,2.3332483768463135,0.8213014602661133,1,1CHO_NI33E
1CHO,NI33H,-0.7354821562767029,-0.08771335333585739,1,1CHO_NI33H
1CHO,NI33F,2.3673555850982666,-0.2654682993888855,1,1CHO_NI33F
1CHO,NI33R,1.5891783237457275,1.2142289876937866,1,1CHO_NI33R
1CHO,NI33Y,2.5661070346832275,-0.1305065006017685,1,1CHO_NI33Y
1CHO,NI33W,2.17868709564209,0.12525232136249542,1,1CHO_NI33W
1PPF,NI36G,-0.5715383291244507,-0.18266402184963226,1,1PPF_NI36G
1PPF,NI36A,-1.6455227136611938,0.19142232835292816,1,1PPF_NI36A
1PPF,NI36S,-1.3463784456253052,0.35854339599609375,1,1PPF_NI36S
1PPF,NI36C,0.6045563817024231,-0.10872574895620346,1,1PPF_NI36C
1PPF,NI36V,0.34582212567329407,0.02957678772509098,1,1PPF_NI36V
1PPF,NI36T,0.5528879165649414,-0.17870564758777618,1,1PPF_NI36T
1PPF,NI36P,-2.959597587585449,-0.06014864891767502,1,1PPF_NI36P
1PPF,NI36L,2.6471633911132812,0.11844224482774734,1,1PPF_NI36L
1PPF,NI36I,0.8715066909790039,-0.12092559784650803,1,1PPF_NI36I
1PPF,NI36M,1.07108736038208,-0.3817448616027832,1,1PPF_NI36M
1PPF,NI36D,-3.0779519081115723,0.7183923721313477,1,1PPF_NI36D
1PPF,NI36K,2.6217687129974365,0.18276630342006683,1,1PPF_NI36K
1PPF,NI36Q,0.3829234838485718,-0.05261390656232834,1,1PPF_NI36Q
1PPF,NI36E,-1.0183489322662354,0.43050289154052734,1,1PPF_NI36E
1PPF,NI36H,-0.5330062508583069,-0.05925872176885605,1,1PPF_NI36H
1PPF,NI36F,1.8462116718292236,-0.7190587520599365,1,1PPF_NI36F
1PPF,NI36R,1.8697559833526611,0.18740369379520416,1,1PPF_NI36R
1PPF,NI36Y,1.6768404245376587,-0.662756085395813,1,1PPF_NI36Y
1PPF,NI36W,1.721962332725525,0.13818545639514923,1,1PPF_NI36W
1CHO,"TI14K,LI15R",7.472139358520508,5.591228008270264,1,"1CHO_TI14K,LI15R"
1CHO,"TI14R,LI15R",7.2265849113464355,5.783961772918701,1,"1CHO_TI14R,LI15R"
1CHO,"AI12R,LI15R",4.977166652679443,2.711902379989624,1,"1CHO_AI12R,LI15R"
1CHO,"AI12R,TI14K,LI15R",7.98739767074585,5.578792572021484,1,"1CHO_AI12R,TI14K,LI15R"
1CHO,"AI12R,TI14P,LI15R",8.920000076293945,6.880276203155518,1,"1CHO_AI12R,TI14P,LI15R"
1CHO,"PI11S,AI12R,TI14P,LI15R",8.483975410461426,6.569179058074951,1,"1CHO_PI11S,AI12R,TI14P,LI15R"
1CHO,"KI10R,AI12R,TI14K,LI15R",8.027130126953125,5.508848667144775,1,"1CHO_KI10R,AI12R,TI14K,LI15R"
1CHO,"KI10R,PI11F,AI12R,TI14K,LI15R",8.097977638244629,5.302993297576904,1,"1CHO_KI10R,PI11F,AI12R,TI14K,LI15R"
1CHO,"PI11S,AI12L,TI14K,LI15R",7.297601222991943,4.503114223480225,1,"1CHO_PI11S,AI12L,TI14K,LI15R"
1CHO,"AI12R,TI14K,LI15R,EI16S",8.392894744873047,4.649652481079102,1,"1CHO_AI12R,TI14K,LI15R,EI16S"
1PPF,"AI15R,LI18R",7.327796459197998,0.9539335370063782,1,"1PPF_AI15R,LI18R"
1CT0,SI13L,-4.1582350730896,-4.073885440826416,1,1CT0_SI13L
1CT4,VI13L,-3.0342824459075928,-2.9946556091308594,1,1CT4_VI13L
1SGE,EI13L,-5.982758045196533,-6.162502765655518,1,1SGE_EI13L
1KAC,PA15S,-0.793380618095398,-1.0369951725006104,1,1KAC_PA15S
1KAC,SA87Y,-1.2527592182159424,-0.7579035758972168,1,1KAC_SA87Y
1CHO,"EI7D,AI12V,TI14P,EI16D,RI18M,NI25S,GI29S,NI42S,SI48R",7.333680629730225,2.3985238075256348,1,"1CHO_EI7D,AI12V,TI14P,EI16D,RI18M,NI25S,GI29S,NI42S,SI48R"
1CHO,"TI14P,LI15K,EI16D,LI20V,SI48N,HI49R",7.001897811889648,5.7739973068237305,1,"1CHO_TI14P,LI15K,EI16D,LI20V,SI48N,HI49R"
1CHO,"TI14P,LI15K,EI16D,LI20V,SI48N",7.144952774047852,5.876906394958496,1,"1CHO_TI14P,LI15K,EI16D,LI20V,SI48N"
1CHO,"TI14P,LI15K,EI16D,LI20V,GI29S,SI48N",7.522779941558838,5.61248254776001,1,"1CHO_TI14P,LI15K,EI16D,LI20V,GI29S,SI48N"
1CHO,"EI7G,KI10Q,PI11S,TI14P,LI15Q,EI16D,RI18V,LI20F,GI29S,VI39A,EI40D",7.5053019523620605,3.418356418609619,1,"1CHO_EI7G,KI10Q,PI11S,TI14P,LI15Q,EI16D,RI18V,LI20F,GI29S,VI39A,EI40D"
1CHO,"EI7D,YI8H,AI12V,TI14S,RI18M,NI25S,GI29S,NI33D",4.871823787689209,2.040027618408203,1,"1CHO_EI7D,YI8H,AI12V,TI14S,RI18M,NI25S,GI29S,NI33D"
1CHO,"EI7D,AI12V,TI14S,RI18M,NI25S,GI29N,NI33D,SI48G",4.364882946014404,2.2638020515441895,1,"1CHO_EI7D,AI12V,TI14S,RI18M,NI25S,GI29N,NI33D,SI48G"
1CHO,"EI7D,AI12V,TI14S,RI18M,NI25S,GI29S,EI40D",5.456684589385986,2.02817440032959,1,"1CHO_EI7D,AI12V,TI14S,RI18M,NI25S,GI29S,EI40D"
1CHO,"VI3I,EI7D,AI12V,TI14S,RI18M,NI25S,GI29S,EI40D,TI46I",5.4266510009765625,1.1654785871505737,1,"1CHO_VI3I,EI7D,AI12V,TI14S,RI18M,NI25S,GI29S,EI40D,TI46I"
1CHO,"EI7D,AI12V,TI14S,RI18M,NI25S,GI29S,VI39A,EI40D",4.986851692199707,0.9018667936325073,1,"1CHO_EI7D,AI12V,TI14S,RI18M,NI25S,GI29S,VI39A,EI40D"
1CHO,"EI7D,RI18M,KI26Q,GI29S,NI33S,EI40D",1.304995059967041,1.3757702112197876,1,"1CHO_EI7D,RI18M,KI26Q,GI29S,NI33S,EI40D"
1CHO,"RI18M,KI26Q,GI29S,EI40D",3.000711679458618,1.2068397998809814,1,"1CHO_RI18M,KI26Q,GI29S,EI40D"
1CHO,"EI7D,RI18M,EI40D",2.5434629917144775,0.6084655523300171,1,"1CHO_EI7D,RI18M,EI40D"
1CHO,"EI7D,KI10R,AI12D,RI18M,EI40D",2.4208016395568848,1.840515375137329,1,"1CHO_EI7D,KI10R,AI12D,RI18M,EI40D"
1CHO,"EI7D,RI18M,KI31R,EI40D",2.4574975967407227,0.35091936588287354,1,"1CHO_EI7D,RI18M,KI31R,EI40D"
1CHO,"EI7G,LI15M,RI18M,EI40D",2.6983089447021484,0.47233110666275024,1,"1CHO_EI7G,LI15M,RI18M,EI40D"
1CHO,"EI7D,LI15M,RI18M,EI40D",2.728342294692993,0.6900670528411865,1,"1CHO_EI7D,LI15M,RI18M,EI40D"
1CHO,"EI7D,LI15V,RI18M,GI29D,EI40D",9.519164085388184,5.258849143981934,1,"1CHO_EI7D,LI15V,RI18M,GI29D,EI40D"
1CHO,"EI7D,LI15V,RI18M,EI40D",6.61243200302124,3.2402987480163574,1,"1CHO_EI7D,LI15V,RI18M,EI40D"
1CHO,"EI7D,TI14R,LI15M,RI18M,EI40D",6.531947135925293,2.0662927627563477,1,"1CHO_EI7D,TI14R,LI15M,RI18M,EI40D"
1CHO,"EI7G,LI15M,RI18M,EI40D,KI52E",1.8910470008850098,0.7361156344413757,1,"1CHO_EI7G,LI15M,RI18M,EI40D,KI52E"
1CHO,"DI4N,EI7G,LI15M,RI18M,EI40D,KI52E",1.913749098777771,0.45893141627311707,1,"1CHO_DI4N,EI7G,LI15M,RI18M,EI40D,KI52E"
1CHO,"EI7D,AI12V,TI14S,RI18M,NI25S,GI29S,NI33D,EI40D,TI46N",4.273555755615234,1.7064859867095947,1,"1CHO_EI7D,AI12V,TI14S,RI18M,NI25S,GI29S,NI33D,EI40D,TI46N"
1CHO,"EI7D,AI12V,TI14S,RI18M,NI25S,GI29S,NI33D,EI40D",4.4166107177734375,1.4325908422470093,1,"1CHO_EI7D,AI12V,TI14S,RI18M,NI25S,GI29S,NI33D,EI40D"
1CHO,"EI7D,AI12V,TI14S,RI18M,NI25S,GI29S,NI33D,VI38F,EI40D,TI46S",4.233213901519775,1.4095337390899658,1,"1CHO_EI7D,AI12V,TI14S,RI18M,NI25S,GI29S,NI33D,VI38F,EI40D,TI46S"
1CHO,"AI12V,TI14S,RI18M,NI25S,KI26Q,GI29S,KI31E,EI40D",6.635976314544678,2.7366466522216797,1,"1CHO_AI12V,TI14S,RI18M,NI25S,KI26Q,GI29S,KI31E,EI40D"
1CHO,"EI7D,YI8H,TI14L,LI15Q,YI17Q,RI18K,LI20I,GI29D,NI33S,EI40D",11.054069519042969,6.443375587463379,1,"1CHO_EI7D,YI8H,TI14L,LI15Q,YI17Q,RI18K,LI20I,GI29D,NI33S,EI40D"
1CHO,"EI7D,YI8H,TI14L,LI15Q,YI17Q,RI18K,GI29D,NI33S,EI40D",11.138376235961914,6.852621555328369,1,"1CHO_EI7D,YI8H,TI14L,LI15Q,YI17Q,RI18K,GI29D,NI33S,EI40D"
1CHO,LI15M,0.32409724593162537,0.37333816289901733,1,1CHO_LI15M
1CHO,"LI15M,TI46N,KI52T",0.6553633213043213,0.7984300255775452,1,"1CHO_LI15M,TI46N,KI52T"
1CHO,"NI25S,GI29A",-0.860901951789856,2.3224425315856934,1,"1CHO_NI25S,GI29A"
1CHO,"AI12D,GI29A",-0.8657383322715759,2.9974308013916016,1,"1CHO_AI12D,GI29A"
1CHO,"AI12D,GI29A,NI30S",-0.030033236369490623,3.0799238681793213,1,"1CHO_AI12D,GI29A,NI30S"
1CHO,GI29A,-0.7716429829597473,2.195864677429199,1,1CHO_GI29A
1CHO,"TI14M,LI15S,GI29V",8.988038063049316,5.511375904083252,1,"1CHO_TI14M,LI15S,GI29V"
1CHO,"RI18V,LI20I",2.1671829223632812,0.3609045743942261,1,"1CHO_RI18V,LI20I"
1CHO,"LI15S,RI18V,LI20I",7.224715232849121,4.411210536956787,1,"1CHO_LI15S,RI18V,LI20I"
1CHO,NI25S,0.0,0.004571625962853432,1,1CHO_NI25S
1CHO,"LI15M,LI20V,KI26I,EI40K",1.03739333152771,0.11230707913637161,1,"1CHO_LI15M,LI20V,KI26I,EI40K"
1CHO,"AI12G,LI15M,LI20V,KI26I,EI40K",1.1143004894256592,2.2741470336914062,1,"1CHO_AI12G,LI15M,LI20V,KI26I,EI40K"
1CHO,"LI15M,NI33D,SI48N",-0.48241159319877625,0.4182433485984802,1,"1CHO_LI15M,NI33D,SI48N"
1CHO,"EI7D,KI10M,LI15M,LI20V",0.526875913143158,0.2877785563468933,1,"1CHO_EI7D,KI10M,LI15M,LI20V"
1CHO,"EI7G,LI15M,YI17S,LI20I,KI26T,GI29S,HI49Y,FI50P,KI52V",2.79435658454895,3.644460916519165,1,"1CHO_EI7G,LI15M,YI17S,LI20I,KI26T,GI29S,HI49Y,FI50P,KI52V"
1CHO,"AI12T,LI15M",0.9234814643859863,0.4140447676181793,1,"1CHO_AI12T,LI15M"
1CHO,"LI15M,TI27S,GI29D",3.5814502239227295,2.6061148643493652,1,"1CHO_LI15M,TI27S,GI29D"
1CHO,"AI12D,LI15A,YI17D",10.913369178771973,6.1532111167907715,1,"1CHO_AI12D,LI15A,YI17D"
1CHO,"LI15M,SI48N,HI49R,KI52Q",0.272369384765625,0.2212294489145279,1,"1CHO_LI15M,SI48N,HI49R,KI52Q"
1CHO,"LI15M,HI49R",0.14070072770118713,0.27802255749702454,1,"1CHO_LI15M,HI49R"
1CHO,"LI15M,HI49R,KI52E",-0.44068965315818787,0.422434538602829,1,"1CHO_LI15M,HI49R,KI52E"
1CHO,"LI15M,SI48N",0.3806231915950775,0.20619918406009674,1,"1CHO_LI15M,SI48N"
1CHO,"YI8H,YI17D,TI27I,GI29S,NI33D,VI39L",6.88686990737915,4.59091329574585,1,"1CHO_YI8H,YI17D,TI27I,GI29S,NI33D,VI39L"
1CHO,YI17H,1.4301855564117432,2.378995895385742,1,1CHO_YI17H
1CHO,"LI15M,YI17Q",3.5196218490600586,3.298121452331543,1,"1CHO_LI15M,YI17Q"
1CHO,"LI15M,GI29D",3.419841766357422,3.4433817863464355,1,"1CHO_LI15M,GI29D"
1CHO,"LI15M,YI17H,KI26Q,GI29D",4.233213901519775,4.641108989715576,1,"1CHO_LI15M,YI17H,KI26Q,GI29D"
1CHO,"EI7D,TI14L,RI18M,GI29D,NI33S,EI40D,TI46S",9.222419738769531,3.9729957580566406,1,"1CHO_EI7D,TI14L,RI18M,GI29D,NI33S,EI40D,TI46S"
1CHO,"AI12G,TI14M,LI15M,YI17R,RI18L,GI29N,NI30D,SI48N,KI52E",9.20455551147461,6.259918689727783,1,"1CHO_AI12G,TI14M,LI15M,YI17R,RI18L,GI29N,NI30D,SI48N,KI52E"
1CHO,"EI7D,RI18M,LI20F,NI25S,GI29S,EI40D",2.669166088104248,1.3942135572433472,1,"1CHO_EI7D,RI18M,LI20F,NI25S,GI29S,EI40D"
1CHO,"EI7G,KI10Q,TI14S,RI18V,LI20F,GI29S,NI33D,VI39A,EI40D",1.6365405321121216,1.3680827617645264,1,"1CHO_EI7G,KI10Q,TI14S,RI18V,LI20F,GI29S,NI33D,VI39A,EI40D"
1CHO,"EI7D,TI14S,EI16D,RI18M,NI25S,GI29S,EI40D,GI51E",7.660467147827148,2.9834649562835693,1,"1CHO_EI7D,TI14S,EI16D,RI18M,NI25S,GI29S,EI40D,GI51E"
1CHO,"EI7D,AI12V,YI17E,RI18M,EI40D",7.824039936065674,1.977053165435791,1,"1CHO_EI7D,AI12V,YI17E,RI18M,EI40D"
1CHO,"EI7D,AI12V,TI14S,RI18M,VI39A,EI40D",5.248260974884033,0.19791056215763092,1,"1CHO_EI7D,AI12V,TI14S,RI18M,VI39A,EI40D"
1CHO,"DI4N,EI7D,AI12V,TI14S,EI16L,RI18M,VI39A,EI40D",6.459868907928467,0.34087836742401123,1,"1CHO_DI4N,EI7D,AI12V,TI14S,EI16L,RI18M,VI39A,EI40D"
1CHO,"YI8H,EI16D,LI20I,NI25S,GI29S,NI33D,VI39M,EI40D",0.14070072770118713,0.9737098217010498,1,"1CHO_YI8H,EI16D,LI20I,NI25S,GI29S,NI33D,VI39M,EI40D"
1CHO,"EI7D,AI12V,EI16D,RI18M,KI26T,GI29S,EI40D,LI45I",5.681691646575928,0.6036429405212402,1,"1CHO_EI7D,AI12V,EI16D,RI18M,KI26T,GI29S,EI40D,LI45I"
1CHO,"EI7D,AI12V,TI14S,EI16D,RI18M,KI26T,GI29N,NI33I,EI40D,LI45I",7.61213493347168,2.4410011768341064,1,"1CHO_EI7D,AI12V,TI14S,EI16D,RI18M,KI26T,GI29N,NI33I,EI40D,LI45I"
1CHO,"EI7D,KI10R,AI12V,EI16D,RI18M,GI29S,EI40D,LI45I,KI52R",5.030045509338379,0.4968090057373047,1,"1CHO_EI7D,KI10R,AI12V,EI16D,RI18M,GI29S,EI40D,LI45I,KI52R"
1CHO,"EI7D,AI12V,EI16D,RI18M,GI29S,EI40D,LI45I,KI52R",5.522698879241943,0.8924884796142578,1,"1CHO_EI7D,AI12V,EI16D,RI18M,GI29S,EI40D,LI45I,KI52R"
1CHO,"AI12D,LI15A",4.827918529510498,4.148383140563965,1,"1CHO_AI12D,LI15A"
1CHO,"TI14P,LI15K,GI29D",9.929821014404297,7.361074924468994,1,"1CHO_TI14P,LI15K,GI29D"
1CHO,"TI14P,LI15K",8.366068840026855,6.836431980133057,1,"1CHO_TI14P,LI15K"
1CHO,"EI7D,LI15M,RI18M,GI29D,EI40D",5.637726783752441,3.63867449760437,1,"1CHO_EI7D,LI15M,RI18M,GI29D,EI40D"
1CHO,GI29V,0.5925281047821045,1.9594440460205078,1,1CHO_GI29V
1CHO,YI17D,6.1120476722717285,4.306426048278809,1,1CHO_YI17D
1CHO,TI14E,4.895524978637695,3.36698579788208,1,1CHO_TI14E
1CHO,"EI7D,LI15F,RI18M,EI40D",1.03739333152771,1.244558572769165,1,"1CHO_EI7D,LI15F,RI18M,EI40D"
1CHO,TI14S,2.3505473136901855,0.9274791479110718,1,1CHO_TI14S
1CHO,TI14V,3.273448944091797,2.071153163909912,1,1CHO_TI14V
1CHO,AI12V,0.9234814643859863,-1.019888162612915,1,1CHO_AI12V
1CHO,"AI12V,TI14S",3.6101016998291016,0.594808042049408,1,"1CHO_AI12V,TI14S"
1CHO,TI14A,4.317520618438721,2.2633962631225586,1,1CHO_TI14A
1CHO,LI15K,4.273555755615234,2.123627185821533,1,1CHO_LI15K
1CHO,LI15A,4.932125091552734,3.9413537979125977,1,1CHO_LI15A
1CHO,LI15E,6.85371732711792,4.217840671539307,1,1CHO_LI15E
1CHO,LI15Q,3.556931257247925,2.384536027908325,1,1CHO_LI15Q
1CHO,"TI14K,LI15R",7.333680629730225,4.717796802520752,1,"1CHO_TI14K,LI15R"
1CHO,"TI14R,LI15R",7.201478481292725,5.733369827270508,1,"1CHO_TI14R,LI15R"
1CHO,"AI12R,LI15R",4.907029151916504,2.7267823219299316,1,"1CHO_AI12R,LI15R"
1CHO,"AI12R,TI14K,LI15R",7.955412864685059,4.674407958984375,1,"1CHO_AI12R,TI14K,LI15R"
1CHO,"AI12R,TI14P,LI15R",8.886950492858887,6.8245978355407715,1,"1CHO_AI12R,TI14P,LI15R"
1CHO,"PI11S,AI12R,TI14P,LI15R",8.457395553588867,6.55326509475708,1,"1CHO_PI11S,AI12R,TI14P,LI15R"
1PPF,"EI10D,AI15V,TI17P,EI19D,RI21M,NI28S,GI32S,NI45S,SI51R",3.3328986167907715,1.5336005687713623,1,"1PPF_EI10D,AI15V,TI17P,EI19D,RI21M,NI28S,GI32S,NI45S,SI51R"
1PPF,"EI10G,KI13Q,PI14S,TI17P,LI18Q,EI19D,RI21V,LI23F,GI32S,VI42A,EI43D",6.034609317779541,3.765002727508545,1,"1PPF_EI10G,KI13Q,PI14S,TI17P,LI18Q,EI19D,RI21V,LI23F,GI32S,VI42A,EI43D"
1PPF,"EI10D,YI11H,AI15V,TI17S,RI21M,NI28S,GI32S,NI36D",0.2953702211380005,2.5105650424957275,1,"1PPF_EI10D,YI11H,AI15V,TI17S,RI21M,NI28S,GI32S,NI36D"
1PPF,"AI15V,TI17S,LI18P,RI21M,NI28S,GI32N,NI36D,NI39S,SI51G",7.373743534088135,6.076803207397461,1,"1PPF_AI15V,TI17S,LI18P,RI21M,NI28S,GI32N,NI36D,NI39S,SI51G"
1PPF,"EI10D,AI15V,TI17S,RI21M,NI28S,GI32N,NI36D,SI51G",1.014561414718628,2.483173370361328,1,"1PPF_EI10D,AI15V,TI17S,RI21M,NI28S,GI32N,NI36D,SI51G"
1PPF,"EI10D,AI15V,TI17S,RI21M,NI28S,GI32S,EI43D",2.087496757507324,1.4622381925582886,1,"1PPF_EI10D,AI15V,TI17S,RI21M,NI28S,GI32S,EI43D"
1PPF,"VI6I,EI10D,AI15V,TI17S,RI21M,NI28S,GI32S,EI43D,TI49I",1.968727469444275,1.0311311483383179,1,"1PPF_VI6I,EI10D,AI15V,TI17S,RI21M,NI28S,GI32S,EI43D,TI49I"
1PPF,"EI10D,AI15V,TI17S,RI21M,NI28S,GI32S,VI42A,EI43D",1.6139456033706665,1.1306143999099731,1,"1PPF_EI10D,AI15V,TI17S,RI21M,NI28S,GI32S,VI42A,EI43D"
1PPF,"EI10D,RI21M,KI29Q,GI32S,NI36S,EI43D",-0.4486997723579407,1.4089555740356445,1,"1PPF_EI10D,RI21M,KI29Q,GI32S,NI36S,EI43D"
1PPF,"RI21M,KI29Q,GI32S,EI43D",0.07138418406248093,1.820636510848999,1,"1PPF_RI21M,KI29Q,GI32S,EI43D"
1PPF,"EI10D,RI21M,EI43D",-0.7596147656440735,0.3024832010269165,1,"1PPF_EI10D,RI21M,EI43D"
1PPF,"EI10D,KI13R,AI15D,RI21M,EI43D",0.12930475175380707,-0.8974425792694092,1,"1PPF_EI10D,KI13R,AI15D,RI21M,EI43D"
1PPF,"EI10D,LI18M,RI21M,EI43D",0.8311648964881897,1.3464024066925049,1,"1PPF_EI10D,LI18M,RI21M,EI43D"
1PPF,"EI10D,LI18V,RI21M,GI32D,EI43D",1.4026328325271606,5.047297954559326,1,"1PPF_EI10D,LI18V,RI21M,GI32D,EI43D"
1PPF,"EI10D,LI18V,RI21M,EI43D",0.03846171498298645,2.9261388778686523,1,"1PPF_EI10D,LI18V,RI21M,EI43D"
1PPF,"EI10D,TI17R,LI18M,RI21M,EI43D",4.620742321014404,3.022083044052124,1,"1PPF_EI10D,TI17R,LI18M,RI21M,EI43D"
1PPF,"EI10G,LI18M,RI21M,EI43D,KI55E",-0.01093788631260395,1.4496500492095947,1,"1PPF_EI10G,LI18M,RI21M,EI43D,KI55E"
1PPF,"DI7N,EI10G,LI18M,RI21M,EI43D,KI55E",0.03846171498298645,1.7346105575561523,1,"1PPF_DI7N,EI10G,LI18M,RI21M,EI43D,KI55E"
1PPF,"EI10D,AI15V,TI17S,YI20D,RI21M,NI28S,GI32S,EI43D",7.481286525726318,3.7925145626068115,1,"1PPF_EI10D,AI15V,TI17S,YI20D,RI21M,NI28S,GI32S,EI43D"
1PPF,"EI10D,AI15V,TI17S,RI21M,NI28S,GI32S,NI36D,EI43D",-0.029628772288560867,2.1862168312072754,1,"1PPF_EI10D,AI15V,TI17S,RI21M,NI28S,GI32S,NI36D,EI43D"
1PPF,"AI15V,TI17S,RI21M,NI28S,KI29Q,GI32S,KI34E,EI43D",1.9420958757400513,1.8338044881820679,1,"1PPF_AI15V,TI17S,RI21M,NI28S,KI29Q,GI32S,KI34E,EI43D"
1PPF,LI18M,1.2265255451202393,1.4842302799224854,1,1PPF_LI18M
1PPF,"AI15D,GI32A",1.159019112586975,0.6385983228683472,1,"1PPF_AI15D,GI32A"
1PPF,GI32A,0.2798077166080475,2.99823260307312,1,1PPF_GI32A
1PPF,"RI21V,LI23I",-0.2930837571620941,0.3192935883998871,1,"1PPF_RI21V,LI23I"
1PPF,"LI18M,LI23V,KI29I,EI43K",1.3923884630203247,1.7299787998199463,1,"1PPF_LI18M,LI23V,KI29I,EI43K"
1PPF,"AI15G,LI18M,LI23V,KI29I,EI43K",2.279642343521118,2.701134443283081,1,"1PPF_AI15G,LI18M,LI23V,KI29I,EI43K"
1PPF,"LI18M,NI36D,SI51N",-0.8585862517356873,2.354421377182007,1,"1PPF_LI18M,NI36D,SI51N"
1PPF,"EI10D,KI13M,LI18M,LI23V",1.6279964447021484,0.8349680304527283,1,"1PPF_EI10D,KI13M,LI18M,LI23V"
1PPF,"EI10G,LI18M,YI20S,LI23I,KI29T,GI32S,HI52Y,FI53P,KI55V",5.622589111328125,3.7326393127441406,1,"1PPF_EI10G,LI18M,YI20S,LI23I,KI29T,GI32S,HI52Y,FI53P,KI55V"
1PPF,"AI15T,LI18M",-1.4927713871002197,0.9051568508148193,1,"1PPF_AI15T,LI18M"
1PPF,"LI18M,TI30S,GI32D",4.176570892333984,3.8807621002197266,1,"1PPF_LI18M,TI30S,GI32D"
1PPF,"LI18I,GI32D",2.5231902599334717,4.900261402130127,1,"1PPF_LI18I,GI32D"
1PPF,"AI15D,LI18A,YI20D",8.737914085388184,5.266171932220459,1,"1PPF_AI15D,LI18A,YI20D"
1PPF,"LI18M,HI52R",1.4817438125610352,1.1849302053451538,1,"1PPF_LI18M,HI52R"
1PPF,"LI18M,SI51N",1.25759756565094,0.8169571757316589,1,"1PPF_LI18M,SI51N"
1PPF,YI20H,2.452770709991455,2.8327417373657227,1,1PPF_YI20H
1PPF,"LI18M,YI20Q",5.8396077156066895,4.632978916168213,1,"1PPF_LI18M,YI20Q"
1PPF,"LI18M,GI32D",3.9859397411346436,3.7317092418670654,1,"1PPF_LI18M,GI32D"
1PPF,"EI10D,TI17L,RI21M,GI32D,NI36S,EI43D,TI49S",4.372321128845215,3.0910441875457764,1,"1PPF_EI10D,TI17L,RI21M,GI32D,NI36S,EI43D,TI49S"
1PPF,"EI10D,RI21M,LI23F,NI28S,GI32S,EI43D",0.46085023880004883,1.3488622903823853,1,"1PPF_EI10D,RI21M,LI23F,NI28S,GI32S,EI43D"
1PPF,"EI10G,KI13Q,TI17S,RI21V,LI23F,GI32S,NI36D,VI42A,EI43D",0.5055848360061646,1.9899743795394897,1,"1PPF_EI10G,KI13Q,TI17S,RI21V,LI23F,GI32S,NI36D,VI42A,EI43D"
1PPF,"EI10D,TI17S,EI19D,RI21M,NI28S,GI32S,EI43D,GI54E",3.2812302112579346,2.934875249862671,1,"1PPF_EI10D,TI17S,EI19D,RI21M,NI28S,GI32S,EI43D,GI54E"
1PPF,"EI10D,AI15V,YI20E,RI21M,EI43D",6.527771949768066,2.3998289108276367,1,"1PPF_EI10D,AI15V,YI20E,RI21M,EI43D"
1PPF,"EI10D,AI15V,TI17S,RI21M,VI42A,EI43D",1.2265255451202393,0.49214282631874084,1,"1PPF_EI10D,AI15V,TI17S,RI21M,VI42A,EI43D"
1PPF,"DI7N,EI10D,AI15V,TI17S,EI19L,RI21M,VI42A,EI43D",1.4026328325271606,0.18119622766971588,1,"1PPF_DI7N,EI10D,AI15V,TI17S,EI19L,RI21M,VI42A,EI43D"
1PPF,"EI10D,AI15V,YI20D,RI21M,KI29I,GI32H,NI36Y,VI42A,EI43H,LI50F",4.923678398132324,2.6416921615600586,1,"1PPF_EI10D,AI15V,YI20D,RI21M,KI29I,GI32H,NI36Y,VI42A,EI43H,LI50F"
1PPF,"YI11H,EI19D,LI23I,NI28S,GI32S,NI36D,VI42M,EI43D",0.32947757840156555,2.34161376953125,1,"1PPF_YI11H,EI19D,LI23I,NI28S,GI32S,NI36D,VI42M,EI43D"
1PPF,"EI10D,AI15V,EI19D,RI21M,KI29T,GI32S,EI43D,LI48I",1.917059063911438,0.39471498131752014,1,"1PPF_EI10D,AI15V,EI19D,RI21M,KI29T,GI32S,EI43D,LI48I"
1PPF,"EI10D,AI15V,TI17S,EI19D,RI21M,KI29T,GI32N,NI36I,EI43D,LI48I",4.598098278045654,2.4967989921569824,1,"1PPF_EI10D,AI15V,TI17S,EI19D,RI21M,KI29T,GI32N,NI36I,EI43D,LI48I"
1PPF,"EI10D,KI13R,AI15V,EI19D,RI21M,GI32S,EI43D,LI48I,KI55R",2.3270046710968018,-0.14892040193080902,1,"1PPF_EI10D,KI13R,AI15V,EI19D,RI21M,GI32S,EI43D,LI48I,KI55R"
1PPF,"EI10D,AI15V,EI19D,RI21M,GI32S,EI43D,LI48I,KI55R",2.486314535140991,-0.16036783158779144,1,"1PPF_EI10D,AI15V,EI19D,RI21M,GI32S,EI43D,LI48I,KI55R"
1PPF,GI32V,2.5432751178741455,1.1441420316696167,1,1PPF_GI32V
1PPF,TI17E,3.074164390563965,3.331051826477051,1,1PPF_TI17E
1PPF,"EI10D,LI18F,RI21M,EI43D",4.55336332321167,1.3122445344924927,1,"1PPF_EI10D,LI18F,RI21M,EI43D"
1PPF,TI17S,1.5567675828933716,1.2511414289474487,1,1PPF_TI17S
1PPF,TI17V,1.5435720682144165,1.1073236465454102,1,1PPF_TI17V
1PPF,AI15V,0.1925964206457138,-0.9524416327476501,1,1PPF_AI15V
1PPF,"AI15V,TI17S",1.7657266855239868,0.43824121356010437,1,"1PPF_AI15V,TI17S"
1PPF,TI17A,2.894247055053711,2.1270432472229004,1,1PPF_TI17A
1PPF,LI18K,5.649281024932861,2.874701499938965,1,1PPF_LI18K
1PPF,LI18A,0.9628335237503052,4.684010982513428,1,1PPF_LI18A
1PPF,LI18E,7.070630073547363,5.361685276031494,1,1PPF_LI18E
1PPF,LI18Q,3.388773202896118,3.2166411876678467,1,1PPF_LI18Q
1BD2,EE28A,2.8351387977600098,2.4781033992767334,1,1BD2_EE28A
1BD2,YC8A,2.7603745460510254,3.1314024925231934,1,1BD2_YC8A
1BD2,"EE28A,YC8A",3.966677188873291,3.9321651458740234,1,"1BD2_EE28A,YC8A"
1BD2,ED93A,1.3156907558441162,1.2925350666046143,1,1BD2_ED93A
1BD2,RA65A,2.4992330074310303,0.6742068529129028,1,1BD2_RA65A
1BD2,"ED93A,RA65A",3.1152541637420654,2.0542829036712646,1,"1BD2_ED93A,RA65A"
1BD2,DD30N,1.9193298816680908,-0.20023582875728607,1,1BD2_DD30N
1BD2,YC5A,3.4075310230255127,1.804955005645752,1,1BD2_YC5A
1BD2,"DD30N,YC5A",1.4770017862319946,1.9882307052612305,1,"1BD2_DD30N,YC5A"
1BD2,DD30N,1.9555097818374634,0.11304957419633865,1,1BD2_DD30N
1BD2,YC5F,0.7336106896400452,-0.25067082047462463,1,1BD2_YC5F
1BD2,"DD30N,YC5F",2.499720573425293,-0.04234807938337326,1,"1BD2_DD30N,YC5F"
1BD2,YE99A,0.2170730084180832,1.1239768266677856,1,1BD2_YE99A
1BD2,YC5F,0.5563236474990845,0.11385167390108109,1,1BD2_YC5F
1BD2,"YE99A,YC5F",0.8948648571968079,0.48540574312210083,1,"1BD2_YE99A,YC5F"
1BD2,YE99A,0.2357640564441681,1.27249014377594,1,1BD2_YE99A
1BD2,YC5A,3.2765021324157715,1.7795391082763672,1,1BD2_YC5A
1BD2,"YE99A,YC5A",2.6869916915893555,1.9571834802627563,1,"1BD2_YE99A,YC5A"
3QFJ,FC5Y,-0.17043781280517578,-0.1690269559621811,1,3QFJ_FC5Y
3PWP,GC2L,-0.6341851353645325,-1.054814100265503,1,3PWP_GC2L
3PWP,"GC2L,IC9V",-0.38579463958740234,-0.36936503648757935,1,"3PWP_GC2L,IC9V"
1BD2,YC5F,0.930243194103241,-0.5895640850067139,1,1BD2_YC5F
1BD2,YC5W,1.9285753965377808,0.09140963107347488,1,1BD2_YC5W
1BD2,YE99A,0.471099317073822,1.1867965459823608,1,1BD2_YE99A
1LP9,TA163A,-0.40431997179985046,0.7742267847061157,1,1LP9_TA163A
1LP9,WA167A,0.29880499839782715,0.6923466920852661,1,1LP9_WA167A
1LP9,KA66A,0.7283912301063538,1.7043366432189941,1,1LP9_KA66A
2UWE,AA163T,0.40431997179985046,-0.6715025901794434,1,2UWE_AA163T
2J8U,AA66K,-0.7283912301063538,-1.312116265296936,1,2J8U_AA66K
1LP9,KA66A,1.1528583765029907,1.8880550861358643,1,1LP9_KA66A
2J8U,AA66K,-1.1528583765029907,-1.924224853515625,1,2J8U_AA66K
1BD2,"EA63Q,KA66A",1.9614979028701782,0.3472171425819397,1,"1BD2_EA63Q,KA66A"
2BNQ,VC9C,0.5019832849502563,0.8478907346725464,1,2BNQ_VC9C
1YY9,LD29P,0.03084089420735836,0.32518526911735535,1,1YY9_LD29P
1YY9,WD52P,1.4789330959320068,1.8006224632263184,1,1YY9_WD52P
1YY9,SD53P,0.8179112076759338,-0.2425631433725357,1,1YY9_SD53P
1YY9,GD54P,0.2681904733181,0.6190688610076904,1,1YY9_GD54P
1YY9,AD98P,1.0376917123794556,-0.44419732689857483,1,1YY9_AD98P
1YY9,YD101P,1.6521589756011963,1.2324275970458984,1,1YY9_YD101P
1YY9,AC25P,0.07228799909353256,-0.44248926639556885,1,1YY9_AC25P
1YY9,SC26P,-0.00911482609808445,-0.3805975615978241,1,1YY9_SC26P
1YY9,SC28P,-0.22239916026592255,-0.2460312694311142,1,1YY9_SC28P
1YY9,SC54P,-0.018372075632214546,0.14420844614505768,1,1YY9_SC54P
1YY9,TC96P,4.004943370819092,0.22857798635959625,1,1YY9_TC96P
1QAB,"VA30M,VB21M,VC21M,VD21M",-0.27507877349853516,-0.22450970113277435,1,"1QAB_VA30M,VB21M,VC21M,VD21M"
1QAB,"LA55P,LB46P,LC46P,LD46P",0.37579625844955444,1.2915327548980713,1,"1QAB_LA55P,LB46P,LC46P,LD46P"
1QAB,"LA58H,LB49H,LC49H,LD49H",-0.07190047949552536,0.06766993552446365,1,"1QAB_LA58H,LB49H,LC49H,LD49H"
1QAB,"TA60A,TB51A,TC51A,TD51A",0.1219574585556984,0.7642780542373657,1,"1QAB_TA60A,TB51A,TC51A,TD51A"
1QAB,"SA85A,SB76A,SC76A,SD76A",0.9150529503822327,0.7040947675704956,1,"1QAB_SA85A,SB76A,SC76A,SD76A"
1QAB,"DA99A,DB90A,DC90A,DD90A",1.7057868242263794,0.3378251791000366,1,"1QAB_DA99A,DB90A,DC90A,DD90A"
1QAB,"SA100E,SB91E,SC91E,SD91E",1.6644362211227417,-0.1874154657125473,1,"1QAB_SA100E,SB91E,SC91E,SD91E"
1QAB,"YA114H,YB105H,YC105H,YD105H",0.6891109943389893,0.0298734400421381,1,"1QAB_YA114H,YB105H,YC105H,YD105H"
1QAB,"YA114F,YB105F,YC105F,YD105F",-0.39396652579307556,0.020984778180718422,1,"1QAB_YA114F,YB105F,YC105F,YD105F"
4GXU,DA189E,2.166057586669922,-0.5185753107070923,1,4GXU_DA189E
4GXU,DA224G,1.9617561101913452,0.9415753483772278,1,4GXU_DA224G
4GXU,"DA189E,DA224G",3.0115554332733154,0.2628876566886902,1,"4GXU_DA189E,DA224G"
1N8Z,LC509A,-0.023055516183376312,0.6322392821311951,1,1N8Z_LC509A
1N8Z,SC535A,0.03084089420735836,0.32906365394592285,1,1N8Z_SC535A
1N8Z,VC536A,0.008976716548204422,0.7209293246269226,1,1N8Z_VC536A
1N8Z,FC539A,0.03511854633688927,1.333730697631836,1,1N8Z_FC539A
3AAA,KA248A,2.488123655319214,1.820616364479065,1,3AAA_KA248A
3AAA,KA248E,3.4500420093536377,0.8371937274932861,1,3AAA_KA248E
3AAA,RA252A,3.0476717948913574,1.0673004388809204,1,3AAA_RA252A
3AAA,RA252E,4.001186370849609,1.3594825267791748,1,3AAA_RA252E
3AAA,RA258A,2.2457852363586426,2.3087821006774902,1,3AAA_RA258A
3AAA,RA258E,3.563595771789551,0.45242220163345337,1,3AAA_RA258E
3AAA,"KA248A,RA258A",4.7972846031188965,3.2377877235412598,1,"3AAA_KA248A,RA258A"
3AAA,WC7A,3.388547420501709,2.027085304260254,1,3AAA_WC7A
3AAA,DC43A,5.125138759613037,0.6697732210159302,1,3AAA_DC43A
3AAA,EC77A,1.9660552740097046,1.1643301248550415,1,3AAA_EC77A
3AAA,EC77R,4.092513084411621,-1.4635367393493652,1,3AAA_EC77R
3BT1,LU1A,0.34248337149620056,0.3528411090373993,1,3BT1_LU1A
3BT1,RU2A,0.09499531984329224,0.04722941666841507,1,3BT1_RU2A
3BT1,MU4A,0.03743046522140503,0.7652453184127808,1,3BT1_MU4A
3BT1,QU5A,0.06113170459866524,0.5088855624198914,1,3BT1_QU5A
3BT1,KU7A,0.27360501885414124,0.40773582458496094,1,3BT1_KU7A
3BT1,TU8A,0.17684276401996613,0.6032125949859619,1,3BT1_TU8A
3BT1,NU9A,0.3052099347114563,1.4372414350509644,1,3BT1_NU9A
3BT1,GU10A,0.265433132648468,1.0615488290786743,1,3BT1_GU10A
3BT1,DU11A,-0.02633553557097912,2.3354625701904297,1,3BT1_DU11A
3BT1,RU13A,0.27360501885414124,0.07246083766222,1,3BT1_RU13A
3BT1,VU14A,0.28166571259498596,-0.15814559161663055,1,3BT1_VU14A
3BT1,EU15A,0.11654140055179596,0.7400946617126465,1,3BT1_EU15A
3BT1,EU16A,0.08392112702131271,0.0809023454785347,1,3BT1_EU16A
3BT1,AU18S,0.07263598591089249,-0.24028943479061127,1,3BT1_AU18S
3BT1,LU19A,0.17684276401996613,0.16522790491580963,1,3BT1_LU19A
3BT1,GU20A,0.0,0.5003138780593872,1,3BT1_GU20A
3BT1,QU21A,0.3128545880317688,-0.16902922093868256,1,3BT1_QU21A
3BT1,DU22A,0.23156951367855072,0.22351397573947906,1,3BT1_DU22A
3BT1,LU23A,0.46005603671073914,1.0509625673294067,1,3BT1_LU23A
3BT1,RU25A,1.0169651508331299,0.6952736377716064,1,3BT1_RU25A
3BT1,TU26A,0.1863221973180771,0.21027477085590363,1,3BT1_TU26A
3BT1,TU27A,0.9107969403266907,0.843792200088501,1,3BT1_TU27A
3BT1,IU28A,0.07263598591089249,0.9493412971496582,1,3BT1_IU28A
3BT1,VU29A,0.7158663868904114,0.058369703590869904,1,3BT1_VU29A
3BT1,RU30A,0.46005603671073914,1.1027870178222656,1,3BT1_RU30A
3BT1,LU31A,0.3128545880317688,1.1787618398666382,1,3BT1_LU31A
3BT1,WU32A,-0.013021446764469147,0.06599486619234085,1,3BT1_WU32A
3BT1,EU33A,0.377549946308136,0.9110758900642395,1,3BT1_EU33A
3BT1,EU34A,0.34248337149620056,0.2828194797039032,1,3BT1_EU34A
3BT1,GU35A,0.3204018473625183,-0.3363744616508484,1,3BT1_GU35A
3BT1,EU36A,0.09499531984329224,0.06810630112886429,1,3BT1_EU36A
3BT1,EU37A,0.04939959943294525,0.16432584822177887,1,3BT1_EU37A
3BT1,LU38A,0.5218843221664429,0.4426462650299072,1,3BT1_LU38A
3BT1,EU39A,0.15741637349128723,0.19992183148860931,1,3BT1_EU39A
3BT1,LU40A,0.8707124590873718,1.9268878698349,1,3BT1_LU40A
3BT1,VU41A,0.4889618456363678,-0.12329184263944626,1,3BT1_VU41A
3BT1,EU42A,-0.19677335023880005,0.4277411699295044,1,3BT1_EU42A
3BT1,KU43A,0.22279229760169983,0.313693642616272,1,3BT1_KU43A
3BT1,SU44A,0.22279229760169983,0.11890143901109695,1,3BT1_SU44A
3BT1,TU46A,0.46005603671073914,0.5833960771560669,1,3BT1_TU46A
3BT1,HU47A,0.39101532101631165,1.0230919122695923,1,3BT1_HU47A
3BT1,SU48A,0.40418148040771484,0.019128987565636635,1,3BT1_SU48A
3BT1,EU49A,-0.02633553557097912,0.18837441504001617,1,3BT1_EU49A
3BT1,KU50A,0.6422259211540222,0.21474017202854156,1,3BT1_KU50A
3BT1,TU51A,0.7120067477226257,0.45279091596603394,1,3BT1_TU51A
3BT1,NU52Q,0.6334487199783325,-0.4218732416629791,1,3BT1_NU52Q
3BT1,RU53A,0.8882246017456055,1.9681730270385742,1,3BT1_RU53A
3BT1,TU54A,0.39101532101631165,0.8342903852462769,1,3BT1_TU54A
3BT1,LU55A,1.1109310388565063,1.1313396692276,1,3BT1_LU55A
3BT1,SU56A,0.04939959943294525,0.33008846640586853,1,3BT1_SU56A
3BT1,YU57A,1.200562834739685,2.054356575012207,1,3BT1_YU57A
3BT1,RU58A,-0.06817305088043213,1.7898343801498413,1,3BT1_RU58A
3BT1,TU59A,0.5530732274055481,0.2319803088903427,1,3BT1_TU59A
3BT1,GU60A,0.29746535420417786,0.527214527130127,1,3BT1_GU60A
3BT1,LU61A,-0.12899070978164673,0.5229740738868713,1,3BT1_LU61A
3BT1,KU62A,0.41706135869026184,0.18385173380374908,1,3BT1_KU62A
3BT1,IU63A,0.11654140055179596,0.6511968374252319,1,3BT1_IU63A
3BT1,TU64A,0.659399688243866,0.2118949443101883,1,3BT1_TU64A
3BT1,SU65A,0.3128545880317688,0.3994526267051697,1,3BT1_SU65A
3BT1,LU66A,1.3769124746322632,2.449172258377075,1,3BT1_LU66A
3BT1,TU67A,0.1863221973180771,0.22132788598537445,1,3BT1_TU67A
3BT1,EU68A,0.04939959943294525,1.3784996271133423,1,3BT1_EU68A
3BT1,VU69A,0.22279229760169983,0.4645339250564575,1,3BT1_VU69A
3BT1,VU70A,0.14745895564556122,0.33596837520599365,1,3BT1_VU70A
3BT1,GU72A,0.2402186095714569,-0.206765815615654,1,3BT1_GU72A
3BT1,LU73A,0.23156951367855072,0.4849050045013428,1,3BT1_LU73A
3BT1,DU74A,0.3052099347114563,0.004275748506188393,1,3BT1_DU74A
3BT1,LU75A,0.5165227055549622,0.63083416223526,1,3BT1_LU75A
3BT1,QU78A,0.2402186095714569,-0.06388109177350998,1,3BT1_QU78A
3BT1,GU79A,0.22279229760169983,0.3952256441116333,1,3BT1_GU79A
3BT1,NU80A,0.204837828874588,0.09320057183504105,1,3BT1_NU80A
3BT1,SU81A,0.257146954536438,0.012287208810448647,1,3BT1_SU81A
3BT1,GU82A,0.09499531984329224,0.7356991767883301,1,3BT1_GU82A
3BT1,VU83A,0.28166571259498596,0.037488050758838654,1,3BT1_VU83A
3BT1,TU84A,-0.08280224353075027,-0.0428922101855278,1,3BT1_TU84A
3BT1,YU85A,0.24874325096607208,0.08479446917772293,1,3BT1_YU85A
3BT1,SU86A,0.2402186095714569,0.08427531272172928,1,3BT1_SU86A
3BT1,RU87A,0.2402186095714569,0.25203579664230347,1,3BT1_RU87A
3BT1,SU88A,0.1956523358821869,-0.08365979045629501,1,3BT1_SU88A
3BT1,RU89A,0.28166571259498596,0.32702165842056274,1,3BT1_RU89A
3BT1,YU90A,0.17684276401996613,0.33330926299095154,1,3BT1_YU90A
3BT1,LU91A,-0.1619131714105606,0.5868923664093018,1,3BT1_LU91A
3BT1,EU92A,0.204837828874588,0.21904273331165314,1,3BT1_EU92A
3BT1,IU94A,0.1863221973180771,0.20033259689807892,1,3BT1_IU94A
3BT1,SU95A,0.8707124590873718,0.5135831832885742,1,3BT1_SU95A
3BT1,GU97A,-0.6638965010643005,0.6756646633148193,1,3BT1_GU97A
3BT1,SU98A,1.156526803970337,0.6977037191390991,1,3BT1_SU98A
3BT1,SU99A,0.29746535420417786,-0.04916488379240036,1,3BT1_SU99A
3BT1,DU100A,1.6920253038406372,0.6029528379440308,1,3BT1_DU100A
3BT1,MU101A,0.4106564223766327,0.8187334537506104,1,3BT1_MU101A
3BT1,SU102A,0.6109192967414856,0.2776556611061096,1,3BT1_SU102A
3BT1,EU104A,0.8148378729820251,0.10427636653184891,1,3BT1_EU104A
3BT1,RU105A,0.40418148040771484,0.48358747363090515,1,3BT1_RU105A
3BT1,RU107A,0.265433132648468,0.1774456650018692,1,3BT1_RU107A
3BT1,HU108A,0.41706135869026184,0.48038870096206665,1,3BT1_HU108A
3BT1,QU109A,0.08392112702131271,0.4410179853439331,1,3BT1_QU109A
3BT1,SU110A,0.24874325096607208,0.43967312574386597,1,3BT1_SU110A
3BT1,LU111A,1.4646269083023071,1.5661159753799438,1,3BT1_LU111A
3BT1,QU112A,-0.12899070978164673,0.7599939107894897,1,3BT1_QU112A
3BT1,RU114A,0.21388307213783264,0.36336588859558105,1,3BT1_RU114A
3BT1,SU115A,0.012741394340991974,0.06213391572237015,1,3BT1_SU115A
3BT1,PU116A,-0.25324004888534546,0.24731160700321198,1,3BT1_PU116A
3BT1,EU117A,-0.29411500692367554,0.2146216779947281,1,3BT1_EU117A
3BT1,EU118A,0.0,0.24574820697307587,1,3BT1_EU118A
3BT1,QU119A,-0.06817305088043213,0.1645665317773819,1,3BT1_QU119A
3BT1,LU121A,0.46005603671073914,0.823914647102356,1,3BT1_LU121A
3BT1,DU122A,0.7882063388824463,0.01620079018175602,1,3BT1_DU122A
3BT1,VU123A,0.7882063388824463,0.26839372515678406,1,3BT1_VU123A
3BT1,VU124A,0.7458703517913818,0.257301390171051,1,3BT1_VU124A
3BT1,TU125A,1.002914309501648,0.9991351366043091,1,3BT1_TU125A
3BT1,HU126A,0.39101532101631165,0.13319386541843414,1,3BT1_HU126A
3BT1,WU127A,-0.43699195981025696,0.6334028244018555,1,3BT1_WU127A
3BT1,IU128A,-0.31566110253334045,0.16954036056995392,1,3BT1_IU128A
3BT1,QU129A,-0.0978018268942833,0.25904643535614014,1,3BT1_QU129A
3BT1,EU130A,0.03743046522140503,0.15145863592624664,1,3BT1_EU130A
3BT1,GU131A,-0.2150040864944458,-0.42894601821899414,1,3BT1_GU131A
3BT1,EU132A,-0.1619131714105606,0.03842485696077347,1,3BT1_EU132A
3BT1,EU133A,-0.14522328972816467,0.018569419160485268,1,3BT1_EU133A
3BT1,GU134A,-0.08280224353075027,0.022930392995476723,1,3BT1_GU134A
3BT1,RU135A,0.24874325096607208,0.28429368138313293,1,3BT1_RU135A
3BT1,PU136A,0.33521392941474915,0.8800370693206787,1,3BT1_PU136A
3BT1,KU137A,0.6200341582298279,0.4767830967903137,1,3BT1_KU137A
3BT1,DU138A,1.2959980964660645,0.9423974752426147,1,3BT1_DU138A
3BT1,DU139A,1.048509955406189,1.712805986404419,1,3BT1_DU139A
3BT1,RU140A,0.804990828037262,1.0273065567016602,1,3BT1_RU140A
3BT1,HU141A,0.6378535628318787,0.6193659901618958,1,3BT1_HU141A
3BT1,LU142A,0.7235110402107239,0.7830009460449219,1,3BT1_LU142A
3BT1,RU143A,0.9190446734428406,1.004571795463562,1,3BT1_RU143A
3BT1,GU144A,1.250980019569397,0.3892817795276642,1,3BT1_GU144A
3BT1,GU146A,1.4402152299880981,-0.06201254576444626,1,3BT1_GU146A
3BT1,YU147A,-0.11319105327129364,1.220042109489441,1,3BT1_YU147A
3BT1,LU148A,1.6624155044555664,0.529412031173706,1,3BT1_LU148A
3BT1,PU149A,0.5969786047935486,0.42889609932899475,1,3BT1_PU149A
3BT1,GU150A,0.5165227055549622,0.19483627378940582,1,3BT1_GU150A
3BT1,PU152A,0.46005603671073914,0.4732762575149536,1,3BT1_PU152A
3BT1,SU154A,-0.03995572030544281,0.10861910134553909,1,3BT1_SU154A
3BT1,NU155A,0.6016620397567749,0.18606294691562653,1,3BT1_NU155A
3BT1,GU156A,-0.23381365835666656,0.664762020111084,1,3BT1_GU156A
3BT1,FU157A,0.700274646282196,1.2092081308364868,1,3BT1_FU157A
3BT1,HU158A,0.204837828874588,1.1889406442642212,1,3BT1_HU158A
3BT1,NU159A,0.3707006871700287,0.07978732138872147,1,3BT1_NU159A
3BT1,NU160Q,0.39101532101631165,0.032684989273548126,1,3BT1_NU160Q
3BT1,DU161A,-0.0978018268942833,0.7879465222358704,1,3BT1_DU161A
3BT1,TU162A,-0.08280224353075027,0.3875526189804077,1,3BT1_TU162A
3BT1,FU163A,1.0636740922927856,1.5432014465332031,1,3BT1_FU163A
3BT1,HU164A,1.0284249782562256,0.7054875493049622,1,3BT1_HU164A
3BT1,FU165A,0.12702755630016327,1.7406673431396484,1,3BT1_FU165A
3BT1,LU166A,0.7458703517913818,1.4649982452392578,1,3BT1_LU166A
3BT1,KU167A,0.28166571259498596,0.6036701202392578,1,3BT1_KU167A
3BT1,NU170Q,0.17684276401996613,0.23268909752368927,1,3BT1_NU170Q
3BT1,TU171A,0.27360501885414124,0.6259628534317017,1,3BT1_TU171A
3BT1,TU172A,0.4106564223766327,0.4530283212661743,1,3BT1_TU172A
3BT1,KU173A,0.6923221349716187,0.40424659848213196,1,3BT1_KU173A
3BT1,EU176A,0.025214528664946556,0.2939355969429016,1,3BT1_EU176A
3BT1,GU177A,0.327854186296463,0.0659869983792305,1,3BT1_GU177A
3BT1,PU178A,-0.2733250856399536,0.23256565630435944,1,3BT1_PU178A
3BT1,IU179A,0.36377134919166565,0.7750070095062256,1,3BT1_IU179A
3BT1,LU180A,0.6719609498977661,0.8013796210289001,1,3BT1_LU180A
3BT1,EU181A,0.46005603671073914,0.2482174187898636,1,3BT1_EU181A
3BT1,LU182A,0.7310582995414734,1.0307533740997314,1,3BT1_LU182A
3BT1,EU183A,0.39101532101631165,0.2323497086763382,1,3BT1_EU183A
3BT1,NU184A,0.327854186296463,0.25393152236938477,1,3BT1_NU184A
3BT1,LU185A,0.204837828874588,0.4457217752933502,1,3BT1_LU185A
3BT1,PU186A,-0.013021446764469147,0.6834295988082886,1,3BT1_PU186A
3BT1,QU187A,-0.17908690869808197,0.0389101579785347,1,3BT1_QU187A
3BT1,NU188A,-0.23381365835666656,0.1602967530488968,1,3BT1_NU188A
3BT1,GU189A,-0.0978018268942833,0.4356772303581238,1,3BT1_GU189A
3BT1,RU190A,0.3204018473625183,0.2171325832605362,1,3BT1_RU190A
3BT1,QU191A,-0.19677335023880005,0.18399156630039215,1,3BT1_QU191A
3BT1,YU193A,-0.06817305088043213,1.5576133728027344,1,3BT1_YU193A
3BT1,SU194A,-0.2733250856399536,0.4652247428894043,1,3BT1_SU194A
3BT1,KU196A,0.24874325096607208,0.2859313488006592,1,3BT1_KU196A
3BT1,GU197A,0.025214528664946556,0.4018392562866211,1,3BT1_GU197A
3BT1,NU198Q,0.012741394340991974,-0.07546230405569077,1,3BT1_NU198Q
3BT1,SU199A,-0.12899070978164673,0.1809270828962326,1,3BT1_SU199A
3BT1,TU200A,-0.23381365835666656,0.1137920692563057,1,3BT1_TU200A
3BT1,HU201A,0.012741394340991974,0.36574429273605347,1,3BT1_HU201A
3BT1,GU202A,-0.4106564223766327,0.24969597160816193,1,3BT1_GU202A
3BT1,SU204A,-0.2150040864944458,0.10858697444200516,1,3BT1_SU204A
3BT1,SU205A,-0.2150040864944458,-0.04642706364393234,1,3BT1_SU205A
3BT1,EU206A,-0.11319105327129364,0.4579817056655884,1,3BT1_EU206A
3BT1,EU207A,-0.25324004888534546,0.4613115191459656,1,3BT1_EU207A
3BT1,TU208A,0.23156951367855072,0.2202092558145523,1,3BT1_TU208A
3BT1,FU209A,0.1956523358821869,0.41709038615226746,1,3BT1_FU209A
3BT1,LU210A,-0.5238474607467651,1.8434091806411743,1,3BT1_LU210A
3BT1,IU211A,0.14745895564556122,0.8277538418769836,1,3BT1_IU211A
3BT1,DU212A,-0.06817305088043213,0.007801482453942299,1,3BT1_DU212A
3BT1,RU214A,-0.02633553557097912,0.546764075756073,1,3BT1_RU214A
3BT1,GU215A,-0.0978018268942833,0.04695511609315872,1,3BT1_GU215A
3BT1,PU216A,-0.11319105327129364,-0.12377401441335678,1,3BT1_PU216A
3BT1,MU217A,1.0284249782562256,0.7521051168441772,1,3BT1_MU217A
3BT1,NU218A,-0.17908690869808197,0.019217023625969887,1,3BT1_NU218A
3BT1,QU219A,-0.06817305088043213,0.6670550107955933,1,3BT1_QU219A
3BT1,LU221A,0.265433132648468,0.8394484519958496,1,3BT1_LU221A
3BT1,VU222A,-0.49345865845680237,0.263772189617157,1,3BT1_VU222A
3BT1,AU223S,-0.23381365835666656,-0.26085013151168823,1,3BT1_AU223S
3BT1,TU224A,-0.2150040864944458,0.5583794116973877,1,3BT1_TU224A
3BT1,GU225A,0.7120067477226257,0.957599401473999,1,3BT1_GU225A
3BT1,TU226A,-0.02633553557097912,0.6435548067092896,1,3BT1_TU226A
3BT1,HU227A,0.265433132648468,0.13759548962116241,1,3BT1_HU227A
3BT1,EU228A,0.17684276401996613,0.8660822510719299,1,3BT1_EU228A
3BT1,PU229A,0.04939959943294525,0.2846887409687042,1,3BT1_PU229A
3BT1,KU230A,0.265433132648468,0.18946482241153717,1,3BT1_KU230A
3BT1,NU231A,0.33521392941474915,-0.032786302268505096,1,3BT1_NU231A
3BT1,QU232A,0.09499531984329224,-0.11529233306646347,1,3BT1_QU232A
3BT1,SU233A,-0.17908690869808197,0.119682677090168,1,3BT1_SU233A
3BT1,YU234A,0.1863221973180771,0.5711230039596558,1,3BT1_YU234A
3BT1,MU235A,0.04939959943294525,0.8607193827629089,1,3BT1_MU235A
3BT1,VU236A,0.15741637349128723,0.09665430337190628,1,3BT1_VU236A
3BT1,RU237A,0.1956523358821869,0.2998826205730438,1,3BT1_RU237A
3BT1,GU238A,-0.08280224353075027,0.27421116828918457,1,3BT1_GU238A
3BT1,AU240S,-0.17908690869808197,-0.6431086659431458,1,3BT1_AU240S
3BT1,TU241A,0.34966468811035156,1.0952470302581787,1,3BT1_TU241A
3BT1,AU242S,-0.31566110253334045,-0.6415818929672241,1,3BT1_AU242S
3BT1,SU243A,-0.06817305088043213,0.4375840425491333,1,3BT1_SU243A
3BT1,MU244A,0.12702755630016327,1.3214378356933594,1,3BT1_MU244A
3BT1,QU246A,0.46005603671073914,-0.27612555027008057,1,3BT1_QU246A
3BT1,HU247A,0.04939959943294525,0.26510342955589294,1,3BT1_HU247A
3BT1,AU248S,0.12702755630016327,-0.5045603513717651,1,3BT1_AU248S
3BT1,HU249A,0.28166571259498596,0.6286899447441101,1,3BT1_HU249A
3BT1,LU250A,0.41706135869026184,0.906388521194458,1,3BT1_LU250A
3BT1,GU251A,0.17684276401996613,0.3063707947731018,1,3BT1_GU251A
3BT1,DU252A,0.06113170459866524,3.096048593521118,1,3BT1_DU252A
3BT1,AU253S,0.204837828874588,-0.2793648838996887,1,3BT1_AU253S
3BT1,FU254A,0.8939488530158997,0.22376300394535065,1,3BT1_FU254A
3BT1,SU255A,0.21388307213783264,0.34043949842453003,1,3BT1_SU255A
3BT1,MU256A,0.7385106086730957,0.28938549757003784,1,3BT1_MU256A
3BT1,NU257A,-0.23381365835666656,0.3696304261684418,1,3BT1_NU257A
3BT1,HU258A,0.04939959943294525,0.6853109002113342,1,3BT1_HU258A
3BT1,IU259A,0.13733132183551788,1.3216779232025146,1,3BT1_IU259A
3BT1,DU260A,0.10586630553007126,0.3309697210788727,1,3BT1_DU260A
3BT1,VU261A,0.2402186095714569,0.30997806787490845,1,3BT1_VU261A
3BT1,SU262A,-0.06817305088043213,-0.04505407065153122,1,3BT1_SU262A
3BT1,TU265A,0.06113170459866524,0.016744861379265785,1,3BT1_TU265A
3BT1,KU266A,0.09499531984329224,-0.11891632527112961,1,3BT1_KU266A
3BT1,SU267A,-0.14522328972816467,0.16085751354694366,1,3BT1_SU267A
3BT1,GU268A,-0.29411500692367554,0.38949131965637207,1,3BT1_GU268A
3BT1,HU271A,0.14745895564556122,-0.16542719304561615,1,3BT1_HU271A
3BT1,PU272A,-0.013021446764469147,-0.06615906208753586,1,3BT1_PU272A
3BT1,DU273A,0.04939959943294525,-0.08514564484357834,1,3BT1_DU273A
3UII,KA58A,0.045595720410346985,0.4051799774169922,1,3UII_KA58A
3UII,"KA58Y,HA76W",0.03452153131365776,-0.7934713363647461,1,"3UII_KA58Y,HA76W"
3UIH,"KA58Y,HA76W",-1.0724024772644043,-0.869962751865387,1,"3UIH_KA58Y,HA76W"
3SEK,LC11E,2.8872756958007812,2.9880013465881348,1,3SEK_LC11E
3SEK,LC44E,4.455748081207275,3.9111146926879883,1,3SEK_LC44E
3SEK,FC47E,4.455748081207275,3.6416726112365723,1,3SEK_FC47E
3SEK,LC48E,4.215529441833496,2.683619737625122,1,3SEK_LC48E
3SEK,LC44A,2.6809208393096924,3.1819064617156982,1,3SEK_LC44A
3SEK,FC47A,2.2293894290924072,2.7089409828186035,1,3SEK_FC47A
3SEK,LC48A,3.408845901489258,2.612039089202881,1,3SEK_LC48A
3L5X,"HL91Q,NL92D,EL93L,YL94G",-1.7859313488006592,1.2281466722488403,1,"3L5X_HL91Q,NL92D,EL93L,YL94G"
3L5X,"NL92D,EL93W,YL94G",-1.6832761764526367,0.14825274050235748,1,"3L5X_NL92D,EL93W,YL94G"
3L5X,"HL91Q,NL92D,EL93I,YL94G",-1.5510743856430054,1.213628888130188,1,"3L5X_HL91Q,NL92D,EL93I,YL94G"
3L5X,"NL92E,EL93W,YL94G",-1.5510743856430054,0.6670255661010742,1,"3L5X_NL92E,EL93W,YL94G"
3L5X,"NL92D,EL93P,YL94G",-1.470618486404419,0.6714397668838501,1,"3L5X_NL92D,EL93P,YL94G"
3L5X,"HL91Q,NL92D,EL93Y,YL94G",-1.452102780342102,0.1818409413099289,1,"3L5X_HL91Q,NL92D,EL93Y,YL94G"
3L5X,"NL92S,EL93W,YL94G",-1.2726197242736816,0.7423750162124634,1,"3L5X_NL92S,EL93W,YL94G"
3L5X,"NL92E,EL93S,YL94G",-1.2659252882003784,0.6635758876800537,1,"3L5X_NL92E,EL93S,YL94G"
3L5X,"NL92S,EL93H,YL94G",-1.2462842464447021,0.8591992259025574,1,"3L5X_NL92S,EL93H,YL94G"
3L5X,"NL92F,EL93W,YL94G",-1.233542799949646,-0.2732725739479065,1,"3L5X_NL92F,EL93W,YL94G"
3L5X,"NL92D,EL93W,YL94E",-1.1968846321105957,0.028585681691765785,1,"3L5X_NL92D,EL93W,YL94E"
3L5X,"NL92S,EL93Y,YL94G",-0.9646185040473938,0.3745797872543335,1,"3L5X_NL92S,EL93Y,YL94G"
3L5X,"HL91P,NL92L,EL93D,YL94V",-0.8586066961288452,-0.12472855299711227,1,"3L5X_HL91P,NL92L,EL93D,YL94V"
3L5X,"NL92V,EL93W,YL94G",-0.8356277942657471,1.1403487920761108,1,"3L5X_NL92V,EL93W,YL94G"
3L5X,YL94A,-0.8292228579521179,1.0149953365325928,1,3L5X_YL94A
3L5X,"NL92L,EL93M,YL94G",-0.8260461688041687,1.6009637117385864,1,"3L5X_NL92L,EL93M,YL94G"
3L5X,"HL91P,NL92L,EL93D,YL94T",-0.8104133009910583,-0.09995155781507492,1,"3L5X_HL91P,NL92L,EL93D,YL94T"
3L5X,"NL92D,EL93Y,YL94A",-0.807335615158081,-0.4272478222846985,1,"3L5X_NL92D,EL93Y,YL94A"
3L5X,"NL92S,EL93I,YL94G",-0.807335615158081,1.2029145956039429,1,"3L5X_NL92S,EL93I,YL94G"
3L5X,"EL93H,YL94G",-0.7629918456077576,0.7718959450721741,1,"3L5X_EL93H,YL94G"
3L5X,"NL92D,EL93W,YL94S",-0.7164474129676819,0.32248979806900024,1,"3L5X_NL92D,EL93W,YL94S"
3L5X,"NL92L,EL93N,YL94G",-0.6957483291625977,0.699390172958374,1,"3L5X_NL92L,EL93N,YL94G"
3L5X,"NL92L,EL93D,YL94S",-0.6806851625442505,1.1516292095184326,1,"3L5X_NL92L,EL93D,YL94S"
3L5X,"HL91P,NL92I,EL93D,YL94A",-0.6469592452049255,1.0860235691070557,1,"3L5X_HL91P,NL92I,EL93D,YL94A"
3L5X,"HL91P,NL92L,EL93D,YL94S",-0.6330730319023132,0.3920629918575287,1,"3L5X_HL91P,NL92L,EL93D,YL94S"
3L5X,"NL92L,EL93L,YL94G",-0.6262500882148743,1.6512155532836914,1,"3L5X_NL92L,EL93L,YL94G"
3L5X,"NL92L,EL93D,YL94S",-0.5539621114730835,1.2819318771362305,1,"3L5X_NL92L,EL93D,YL94S"
3L5X,"NL92D,EL93N,YL94S",-0.5342774987220764,0.9770036935806274,1,"3L5X_NL92D,EL93N,YL94S"
3L5X,"NL92D,EL93R,YL94D",-0.5227732062339783,1.4723926782608032,1,"3L5X_NL92D,EL93R,YL94D"
3L5X,"NL92S,EL93V,YL94G",-0.5171037912368774,1.5083229541778564,1,"3L5X_NL92S,EL93V,YL94G"
3L5X,"NL92V,EL93G,YL94G",-0.4632073640823364,1.4692540168762207,1,"3L5X_NL92V,EL93G,YL94G"
3L5X,"HL91P,NL92L,YL94A",-0.4446124732494354,0.2466524988412857,1,"3L5X_HL91P,NL92L,YL94A"
3L5X,"NL92D,EL93L,YL94G",-0.4298209547996521,0.777804970741272,1,"3L5X_NL92D,EL93L,YL94G"
3L5X,"EL93F,YL94G",-0.42820003628730774,0.08953011780977249,1,"3L5X_EL93F,YL94G"
3L5X,"NL92S,EL93W,YL94A",-0.30316370725631714,0.9431060552597046,1,"3L5X_NL92S,EL93W,YL94A"
3L5X,"NL92S,EL93S,YL94G",-0.24932429194450378,0.9921600222587585,1,"3L5X_NL92S,EL93S,YL94G"
4UYP,"SD15I,ID16N",-0.2552182078361511,-0.0774044319987297,1,"4UYP_SD15I,ID16N"
4UYP,"ID51S,ND52I,SD15I,ID16N",-0.21131277084350586,0.757619321346283,1,"4UYP_ID51S,ND52I,SD15I,ID16N"
4UYP,"RD14N,KD50N,SD15I,ID16N",0.6891109943389893,-1.0949968099594116,1,"4UYP_RD14N,KD50N,SD15I,ID16N"
4UYP,"ID51S,ID16N",1.9741711616516113,0.7402971386909485,1,"4UYP_ID51S,ID16N"
4UYP,"ND52I,SD15I",3.8372950553894043,-0.28644102811813354,1,"4UYP_ND52I,SD15I"
4UYP,"AD18F,AD54F,SD15I,ID16N",4.680967330932617,-2.710726737976074,1,"4UYP_AD18F,AD54F,SD15I,ID16N"
4UYP,"LD20Y,LD56Y,SD15I,ID16N",0.2402186095714569,-0.8973342180252075,1,"4UYP_LD20Y,LD56Y,SD15I,ID16N"
4UYP,"DD23Q,DD59Q,SD15I,ID16N",4.472780704498291,0.2964211702346802,1,"4UYP_DD23Q,DD59Q,SD15I,ID16N"
4UYQ,"SB51I,IB52N",-0.04390541464090347,0.10050142556428909,1,"4UYQ_SB51I,IB52N"
4UYQ,"IB15S,NB16I,SB51I,IB52N",0.21131277084350586,1.2480555772781372,1,"4UYQ_IB15S,NB16I,SB51I,IB52N"
4UYQ,"RB14N,KB50N,SB51I,IB52N",0.9004237651824951,-1.5328110456466675,1,"4UYQ_RB14N,KB50N,SB51I,IB52N"
4UYQ,"IB15S,IB52N",2.185483932495117,1.3454921245574951,1,"4UYQ_IB15S,IB52N"
4UYQ,"NB16I,SB51I",4.04860782623291,-0.10861828178167343,1,"4UYQ_NB16I,SB51I"
4UYQ,"AB18F,AB54F,SB51I,IB52N",4.892280101776123,-1.363275170326233,1,"4UYQ_AB18F,AB54F,SB51I,IB52N"
4UYQ,"LB20Y,LB56Y,SB51I,IB52N",0.45153138041496277,-0.43143656849861145,1,"4UYQ_LB20Y,LB56Y,SB51I,IB52N"
4UYQ,"DB23Q,DB59Q,SB51I,IB52N",4.684093475341797,0.6525967121124268,1,"4UYQ_DB23Q,DB59Q,SB51I,IB52N"
1CHO,"KI10T,PI11E,AI12Y",-0.9422295689582825,-2.2769370079040527,1,"1CHO_KI10T,PI11E,AI12Y"
1CHO,"KI10T,PI11E,AI12Y,LI15G,RI18M,GI29P,NI33V",5.884189128875732,2.0513052940368652,1,"1CHO_KI10T,PI11E,AI12Y,LI15G,RI18M,GI29P,NI33V"
1CHO,"KI10S,PI11D,AI12Y",-1.0332770347595215,-2.7253401279449463,1,"1CHO_KI10S,PI11D,AI12Y"
1CHO,"KI10S,PI11D,AI12Y,LI15G,EI16I,RI18K",7.270103931427002,0.3482590317726135,1,"1CHO_KI10S,PI11D,AI12Y,LI15G,EI16I,RI18K"
1PPF,"KI13T,PI14E,AI15Y",-0.7559911608695984,-3.782316207885742,1,"1PPF_KI13T,PI14E,AI15Y"
1PPF,"KI13T,PI14E,AI15Y,LI18G,RI21M,GI32P,NI36V",1.769350290298462,1.1432957649230957,1,"1PPF_KI13T,PI14E,AI15Y,LI18G,RI21M,GI32P,NI36V"
1PPF,"KI13S,PI14D,AI15Y",-0.12497672438621521,-3.853285074234009,1,"1PPF_KI13S,PI14D,AI15Y"
1PPF,"KI13S,PI14D,AI15Y,LI18G,EI19I,RI21K",4.031302452087402,0.3572635352611542,1,"1PPF_KI13S,PI14D,AI15Y,LI18G,EI19I,RI21K"
2VN5,"SB42A,TB43F",0.25581035017967224,-0.44403037428855896,1,"2VN5_SB42A,TB43F"
2VN5,"SB42A,TB43F,TA35A",0.3038233816623688,0.053606219589710236,1,"2VN5_SB42A,TB43F,TA35A"
2VN5,"SB42A,TB43F,NA37A",1.1865808963775635,0.5033983588218689,1,"2VN5_SB42A,TB43F,NA37A"
2VN5,"SB42A,TB43F,YA39A",1.2559173107147217,0.45745664834976196,1,"2VN5_SB42A,TB43F,YA39A"
2VN5,"SB42A,TB43F,SA66A",-0.08797912299633026,0.027397284284234047,1,"2VN5_SB42A,TB43F,SA66A"
2VN5,"SB42A,TB43F,SA75A",0.0,-0.2019272893667221,1,"2VN5_SB42A,TB43F,SA75A"
2VN5,"SB42A,TB43F,LA77A",3.150730848312378,0.6485863924026489,1,"2VN5_SB42A,TB43F,LA77A"
2VN5,"SB42A,TB43F,LA79A",2.846151828765869,1.1597857475280762,1,"2VN5_SB42A,TB43F,LA79A"
2VN5,"SB42A,TB43F,NA81A",0.5928263664245605,0.5883843898773193,1,"2VN5_SB42A,TB43F,NA81A"
2VN5,"SB42A,TB43F,IA83A",0.9193722009658813,0.33464860916137695,1,"2VN5_SB42A,TB43F,IA83A"
2VN5,"SB42A,TB43F,MA125G",1.546341061592102,-0.06070815771818161,1,"2VN5_SB42A,TB43F,MA125G"
2VN5,"SB42A,TB43F,KA127G",0.5062000751495361,-1.4998915195465088,1,"2VN5_SB42A,TB43F,KA127G"
2VN5,"SB42A,TB43F,TA35A,NA37A",1.6314117908477783,0.4565342366695404,1,"2VN5_SB42A,TB43F,TA35A,NA37A"
2VN5,"SB42A,TB43F,TA35A,NA37A,YA39A",3.647714376449585,0.639712393283844,1,"2VN5_SB42A,TB43F,TA35A,NA37A,YA39A"
2VN5,"SB42A,TB43F,TA35A,NA37A,NA81A",3.059887647628784,0.7864886522293091,1,"2VN5_SB42A,TB43F,TA35A,NA37A,NA81A"
2VN5,"SB42A,TB43F,TA35A,NA37A,YA39A,NA81A",5.046028137207031,1.3190044164657593,1,"2VN5_SB42A,TB43F,TA35A,NA37A,YA39A,NA81A"
2VN5,"SB42A,TB43F,SA66A,SA68A,SA75A",0.13692259788513184,0.05522800236940384,1,"2VN5_SB42A,TB43F,SA66A,SA68A,SA75A"
2VN5,"SB42A,TB43F,LA77A,LA79A",5.738830089569092,1.8708386421203613,1,"2VN5_SB42A,TB43F,LA77A,LA79A"
2VN5,"SB42A,TB43F,MA125G,KA127A",2.3420603275299072,-0.06657182425260544,1,"2VN5_SB42A,TB43F,MA125G,KA127A"
2VN5,"SB42A,TB43F,AB14S,LB15T",0.3482353687286377,0.09376151114702225,1,"2VN5_SB42A,TB43F,AB14S,LB15T"
2VN5,"SB42A,TB43F,AB14Q,LB15Q",0.15086328983306885,0.7022922039031982,1,"2VN5_SB42A,TB43F,AB14Q,LB15Q"
2VN5,"AB14S,LB15T",1.2761919498443604,0.4189895689487457,1,"2VN5_AB14S,LB15T"
2VN5,"SB42Q,TB43Q",0.9391224384307861,0.13347719609737396,1,"2VN5_SB42Q,TB43Q"
2VN5,"SB42A,TB43F,FB17A,LB45A",4.963521957397461,1.8284223079681396,1,"2VN5_SB42A,TB43F,FB17A,LB45A"
1YY9,SC26D,-0.19934363663196564,-0.3173024356365204,1,1YY9_SC26D
1YY9,TC31E,-0.5191569924354553,0.07033944875001907,1,1YY9_TC31E
1YY9,NC93A,-0.7422019243240356,-0.22638671100139618,1,1YY9_NC93A
1YY9,ND56A,-0.05707155540585518,0.7298808097839355,1,1YY9_ND56A
1YY9,TD61E,-0.05707155540585518,0.18509556353092194,1,1YY9_TD61E
1YY9,"TC31E,NC93A",-0.8188995718955994,-0.07010611146688461,1,"1YY9_TC31E,NC93A"
1YY9,"SC26D,TC31E,NC93A",-1.3335405588150024,-0.6934203505516052,1,"1YY9_SC26D,TC31E,NC93A"
1YY9,"SC26D,TC31E,NC93A,ND56A,TD61E",-0.6520853638648987,0.10434744507074356,1,"1YY9_SC26D,TC31E,NC93A,ND56A,TD61E"
1N8Z,NA30S,0.06411135196685791,0.02309114672243595,1,1N8Z_NA30S
1N8Z,HA91F,0.032922469079494476,-0.887242317199707,1,1N8Z_HA91F
1N8Z,"NA30S,HA91F,YA92W",-0.07190047949552536,-1.223336935043335,1,"1N8Z_NA30S,HA91F,YA92W"
1N8Z,TA94S,0.3093721270561218,-0.8008885383605957,1,1N8Z_TA94S
1N8Z,DB102W,-0.6857352256774902,0.09681791812181473,1,1N8Z_DB102W
1N8Z,YB105F,0.8213128447532654,-1.6621843576431274,1,1N8Z_YB105F
1N8Z,YB109V,0.22304488718509674,1.868324875831604,1,1N8Z_YB109V
1N8Z,"NA30S,HA91F,YA92W,TA94S,DB102W,YB105F,YB109V",0.048722125589847565,-1.0478676557540894,1,"1N8Z_NA30S,HA91F,YA92W,TA94S,DB102W,YB105F,YB109V"
1N8Z,RB50A,2.9276857376098633,0.6917195320129395,1,1N8Z_RB50A
1N8Z,RB59A,1.774827480316162,0.0648467019200325,1,1N8Z_RB59A
3IDX,"WG13M,SG111T,WG200S,MG247A,CG14W,CG129V,CG27I,CG242Q",-1.864798665046692,0.04749257117509842,1,"3IDX_WG13M,SG111T,WG200S,MG247A,CG14W,CG129V,CG27I,CG242Q"
3IDX,"WG13M,MG247A,CG14W,CG129V,CG27I,CG242Q",-2.3490397930145264,0.8018249273300171,1,"3IDX_WG13M,MG247A,CG14W,CG129V,CG27I,CG242Q"
3IDX,"KG85C,EG122C,WG13M,MG247A,CG14W,CG129V,CG27I,CG242Q",-2.2937450408935547,0.4103866219520569,1,"3IDX_KG85C,EG122C,WG13M,MG247A,CG14W,CG129V,CG27I,CG242Q"
3IDX,"WG13M,MG247A,CG14W,CG129V",-0.647828996181488,1.1912639141082764,1,"3IDX_WG13M,MG247A,CG14W,CG129V"
3IDX,"KG85C,EG121C,WG13M,MG247A,CG14W,CG129V,CG27I,CG242Q",-2.1932713985443115,0.3896849751472473,1,"3IDX_KG85C,EG121C,WG13M,MG247A,CG14W,CG129V,CG27I,CG242Q"
3IDX,"TG41C,GG245C,WG13M,MG247A,CG14W,CG129V,CG27I,CG242Q",-2.332111358642578,0.9026901721954346,1,"3IDX_TG41C,GG245C,WG13M,MG247A,CG14W,CG129V,CG27I,CG242Q"
3IDX,"CG27I,CG242Q,MG247A",-2.174590826034546,-0.06653951853513718,1,"3IDX_CG27I,CG242Q,MG247A"
3IDX,"CG27I,CG242Q",-2.46614146232605,-0.43433505296707153,1,"3IDX_CG27I,CG242Q"
3IDX,"WG13M,MG247A,CG14W,CG129V,KG85C,EG121C",-0.36182716488838196,0.6769519448280334,1,"3IDX_WG13M,MG247A,CG14W,CG129V,KG85C,EG121C"
3IDX,"KG85C,EG121C,CG27I,CG242Q",-2.378751039505005,-0.7137400507926941,1,"3IDX_KG85C,EG121C,CG27I,CG242Q"
3IDX,"TG41C,GG245C,MG247A",0.40963760018348694,0.3622693717479706,1,"3IDX_TG41C,GG245C,MG247A"
1C4Z,SD1A,0.5660946369171143,0.15244872868061066,1,1C4Z_SD1A
1C4Z,RD2A,0.5186731815338135,1.7366670370101929,1,1C4Z_RD2A
1C4Z,RD2E,1.288435935974121,1.1405608654022217,1,1C4Z_RD2E
1C4Z,RD3A,0.4671231210231781,0.43286973237991333,1,1C4Z_RD3A
1C4Z,RD3E,1.1857807636260986,-0.1888672262430191,1,1C4Z_RD3E
1C4Z,KD6A,0.6100000739097595,0.6255455017089844,1,1C4Z_KD6A
1C4Z,KD6E,1.5549901723861694,0.7004274725914001,1,1C4Z_KD6E
1C4Z,ND28A,-0.17839030921459198,0.22568030655384064,1,1C4Z_ND28A
1C4Z,LD30A,-0.343514621257782,1.572564721107483,1,1C4Z_LD30A
1C4Z,RD49A,-0.011969134211540222,0.5057921409606934,1,1C4Z_RD49A
1C4Z,AD56G,0.5660946369171143,0.534602165222168,1,1C4Z_AD56G
1C4Z,ED57A,0.08793172240257263,1.3024026155471802,1,1C4Z_ED57A
1C4Z,ED57R,0.06714180111885071,-0.5927079319953918,1,1C4Z_ED57R
1C4Z,PD59A,1.4097667932510376,0.1924206167459488,1,1C4Z_PD59A
1C4Z,FD60A,3.0141565799713135,2.3203048706054688,1,1C4Z_FD60A
1C4Z,KD61A,0.2930837571620941,0.19780902564525604,1,1C4Z_KD61A
1C4Z,KD61E,0.7250281572341919,-1.6518160104751587,1,1C4Z_KD61E
1C4Z,ED90A,-0.43484148383140564,0.06594360619783401,1,1C4Z_ED90A
1C4Z,ED90R,-1.002914309501648,0.10513622313737869,1,1C4Z_ED90R
1C4Z,WD92A,0.8213128447532654,1.1181387901306152,1,1C4Z_WD92A
1C4Z,KD93A,1.135684609413147,-0.06781678646802902,1,1C4Z_KD93A
1C4Z,KD93E,1.1695482730865479,-0.10849463194608688,1,1C4Z_KD93E
1C4Z,PD94A,0.850218653678894,0.3783712387084961,1,1C4Z_PD94A
1C4Z,AD95G,0.4106564223766327,-0.6827422380447388,1,1C4Z_AD95G
1C4Z,KD97A,1.3017500638961792,0.24255307018756866,1,1C4Z_KD97A
1C4Z,KD97E,1.420637845993042,0.5941417813301086,1,1C4Z_KD97E
1C4Z,VA138A,0.5660946369171143,0.1112036183476448,1,1C4Z_VA138A
1C4Z,LA139A,1.2169697284698486,2.8382720947265625,1,1C4Z_LA139A
1C4Z,QA141A,-0.38742002844810486,0.3948814272880554,1,1C4Z_QA141A
1C4Z,SA142A,0.4106564223766327,0.1848425418138504,1,1C4Z_SA142A
1C4Z,LA143A,0.9991104006767273,0.8416159749031067,1,1C4Z_LA143A
1C4Z,DA145A,-0.38742002844810486,0.5819820761680603,1,1C4Z_DA145A
1C4Z,DA145K,0.20774735510349274,0.06960392743349075,1,1C4Z_DA145K
1C4Z,LA146A,1.9741711616516113,1.7912226915359497,1,1C4Z_LA146A
1C4Z,YA149A,1.288435935974121,0.9946790933609009,1,1C4Z_YA149A
1C4Z,DA156A,0.5186731815338135,0.1732207089662552,1,1C4Z_DA156A
1C4Z,DA156R,1.3759032487869263,-0.1641601175069809,1,1C4Z_DA156R
1C4Z,MA157A,1.9302657842636108,0.3740445375442505,1,1C4Z_MA157A
1C4Z,MA158A,0.7588918209075928,0.795560359954834,1,1C4Z_MA158A
1C4Z,IA159A,0.4106564223766327,1.9047807455062866,1,1C4Z_IA159A
1C4Z,TA160A,0.5660946369171143,0.7851465344429016,1,1C4Z_TA160A
1C4Z,IA163A,-0.08935531973838806,1.4586373567581177,1,1C4Z_IA163A
1C4Z,SA164A,-0.4106564223766327,0.7050604224205017,1,1C4Z_SA164A
1C4Z,TA166A,-0.13220183551311493,0.4419902563095093,1,1C4Z_TA166A
1C4Z,MA174A,-0.5732470750808716,0.3344929814338684,1,1C4Z_MA174A
1C4Z,FA194A,1.5964372158050537,1.239714503288269,1,1C4Z_FA194A
1C4Z,YA198L,0.8213128447532654,1.3003919124603271,1,1C4Z_YA198L
1C4Z,"SA243P,NA245P",-0.07573513686656952,-0.3371173143386841,1,"1C4Z_SA243P,NA245P"
1C4Z,CA324A,0.10801676660776138,0.59112149477005,1,1C4Z_CA324A
3F1S,MA33A,1.2389806509017944,1.3868439197540283,1,3F1S_MA33A
3F1S,DA36A,2.185483932495117,1.1655628681182861,1,3F1S_DA36A
3F1S,DA200A,0.4106564223766327,0.027861544862389565,1,3F1S_DA200A
3F1S,KA201A,-1.8037333488464355,1.0638295412063599,1,3F1S_KA201A
3F1S,KA201C,-1.8037333488464355,-1.0888638496398926,1,3F1S_KA201C
3F1S,YA202A,2.996121644973755,1.4494785070419312,1,3F1S_YA202A
3F1S,DA255A,3.76096773147583,0.5246995687484741,1,3F1S_DA255A
3F1S,DA200A,0.6982964873313904,0.02786160446703434,1,3F1S_DA200A
3F1S,KA201A,-2.355921745300293,-0.2585408091545105,1,3F1S_KA201A
3F1S,KA201C,-1.5861589908599854,-1.4726265668869019,1,3F1S_KA201C
1KNE,TP2K,-0.3143717646598816,0.06782431155443192,1,1KNE_TP2K
1KNE,TP2I,0.274082213640213,-0.5768808126449585,1,1KNE_TP2I
1KNE,TP2F,0.0962846651673317,0.07948950678110123,1,1KNE_TP2F
1KNE,TP2L,0.20430143177509308,0.620215654373169,1,1KNE_TP2L
1KNE,AA3F,-0.11502811312675476,-2.8022565841674805,1,1KNE_AA3F
1KNE,"AA3F,TP2K",-0.03591717779636383,-3.5653879642486572,1,"1KNE_AA3F,TP2K"
1KNE,"AA3F,TP2I",0.5897433161735535,-3.411679744720459,1,"1KNE_AA3F,TP2I"
1KNE,"AA3F,TP2F",0.8036264181137085,-1.717522382736206,1,"1KNE_AA3F,TP2F"
1KNE,"AA3F,TP2L",0.3929699659347534,-3.72499418258667,1,"1KNE_AA3F,TP2L"
1KNE,AA3K,0.8949532508850098,-2.090611219406128,1,1KNE_AA3K
1KNE,"AA3K,TP2K",1.5997247695922852,-0.18189720809459686,1,"1KNE_AA3K,TP2K"
1KNE,"AA3K,TP2I",1.398034691810608,-1.488016128540039,1,"1KNE_AA3K,TP2I"
1KNE,"AA3K,TP2F",1.4692765474319458,-3.2487616539001465,1,"1KNE_AA3K,TP2F"
1KNE,"AA3K,TP2L",1.8344539403915405,-1.2753527164459229,1,"1KNE_AA3K,TP2L"
1KNE,AA3L,0.0,-2.554614543914795,1,1KNE_AA3L
1KNE,"AA3L,TP2K",-0.15893353521823883,-1.1460691690444946,1,"1KNE_AA3L,TP2K"
1KNE,"AA3L,TP2I",0.06589584797620773,-3.5242629051208496,1,"1KNE_AA3L,TP2I"
1KNE,"AA3L,TP2F",0.25172290205955505,-3.038944721221924,1,"1KNE_AA3L,TP2F"
1KNE,"AA3L,TP2L",0.25172290205955505,-1.4428727626800537,1,"1KNE_AA3L,TP2L"
1KNE,AA3T,-0.3767928183078766,-2.7967562675476074,1,1KNE_AA3T
1KNE,"AA3T,TP2K",-0.3143717646598816,-1.7922148704528809,1,"1KNE_AA3T,TP2K"
1KNE,"AA3T,TP2I",0.6024847030639648,-1.8663415908813477,1,"1KNE_AA3T,TP2I"
1KNE,"AA3T,TP2F",0.7853956818580627,-2.677818775177002,1,"1KNE_AA3T,TP2F"
1KNE,"AA3T,TP2L",0.5634077787399292,-2.7324914932250977,1,"1KNE_AA3T,TP2L"
1KNE,DA40F,-0.6170114278793335,-0.7710822820663452,1,1KNE_DA40F
1KNE,"DA40F,TP2K",-0.2063549906015396,-1.391750454902649,1,"1KNE_DA40F,TP2K"
1KNE,"DA40F,TP2I",0.20430143177509308,-1.430739164352417,1,"1KNE_DA40F,TP2I"
1KNE,"DA40F,TP2F",-0.15893353521823883,-0.1775386482477188,1,"1KNE_DA40F,TP2F"
1KNE,"DA40F,TP2L",0.29562830924987793,-0.15815113484859467,1,"1KNE_DA40F,TP2L"
1KNE,DA40I,0.46075260639190674,-0.6877822875976562,1,1KNE_DA40I
1KNE,"DA40I,TP2K",0.5897433161735535,0.8983210325241089,1,"1KNE_DA40I,TP2K"
1KNE,"DA40I,TP2I",0.614957869052887,-0.11302708834409714,1,"1KNE_DA40I,TP2I"
1KNE,"DA40I,TP2F",1.0953950881958008,-2.6573405265808105,1,"1KNE_DA40I,TP2F"
1KNE,"DA40I,TP2L",0.5767219066619873,-1.487931728363037,1,"1KNE_DA40I,TP2L"
1KNE,DA40K,-0.3767928183078766,-1.490647554397583,1,1KNE_DA40K
1KNE,"DA40K,TP2K",0.336503267288208,1.3692642450332642,1,"1KNE_DA40K,TP2K"
1KNE,"DA40K,TP2I",0.0,0.07493335753679276,1,"1KNE_DA40K,TP2I"
1KNE,"DA40K,TP2F",-0.03591717779636383,-1.9816992282867432,1,"1KNE_DA40K,TP2F"
1KNE,"DA40K,TP2L",-0.3143717646598816,-1.0103672742843628,1,"1KNE_DA40K,TP2L"
1KNE,DA40T,0.49194151163101196,-1.412440299987793,1,1KNE_DA40T
1KNE,"DA40T,TP2K",0.7270746231079102,0.5319123268127441,1,"1KNE_DA40T,TP2K"
1KNE,"DA40T,TP2I",0.8872087001800537,-0.95201575756073,1,"1KNE_DA40T,TP2I"
1KNE,"DA40T,TP2F",1.240618348121643,-0.9801198244094849,1,"1KNE_DA40T,TP2F"
1KNE,"DA40T,TP2L",0.25172290205955505,-1.3400112390518188,1,"1KNE_DA40T,TP2L"
1KNE,KA24A,-1.2678864002227783,0.5051432847976685,1,1KNE_KA24A
1KNE,"KA24A,AA3K",-0.2579050660133362,-0.6985465288162231,1,"1KNE_KA24A,AA3K"
4GU0,"LE20A,TE22A,RE26A",0.916396975517273,1.212385892868042,1,"4GU0_LE20A,TE22A,RE26A"
4HSA,RA28V,0.5810942649841309,0.33573269844055176,1,4HSA_RA28V
4HSA,WA40V,-0.2224259227514267,0.35738858580589294,1,4HSA_WA40V
4HSA,YA58I,0.11757265031337738,0.5902619957923889,1,4HSA_YA58I
4HSA,HA59S,-0.12264595180749893,0.9675065279006958,1,4HSA_HA59S
4KRL,RB30A,1.7210599184036255,1.0064159631729126,1,4KRL_RB30A
4KRL,DB112A,0.6499726176261902,0.6421778798103333,1,4KRL_DB112A
4KRL,"DA49T,FA51A",1.8532617092132568,1.6207128763198853,1,"4KRL_DA49T,FA51A"
4NM8,IB18M,0.10801676660776138,-0.9808322787284851,1,4NM8_IB18M
4NM8,DB19N,0.6508750319480896,0.1102224662899971,1,4NM8_DB19N
4NM8,RB25M,3.3870644569396973,-0.4048158824443817,1,4NM8_RB25M
4NM8,TB32E,-0.5428582429885864,0.4129369854927063,1,4NM8_TB32E
4NM8,TB32I,-0.04939959943294525,-0.9710244536399841,1,4NM8_TB32I
4NM8,TB32R,1.2015804052352905,0.1062941625714302,1,4NM8_TB32R
4NM8,QB34T,2.2935006618499756,0.055512435734272,1,4NM8_QB34T
4NM8,QB34R,2.9276857376098633,-1.854956865310669,1,4NM8_QB34R
4NM8,LB38Y,-0.6052793264389038,0.022412845864892006,1,4NM8_LB38Y
4NZW,KA77A,0.07601718604564667,1.2949934005737305,1,4NZW_KA77A
4NZW,EB49A,0.3254689872264862,0.003009149804711342,1,4NZW_EB49A
4NZW,EB124A,0.3571796715259552,0.40022575855255127,1,4NZW_EB124A
4OZG,NG29A,-0.07165861129760742,1.1591534614562988,1,4OZG_NG29A
4OZG,YG31A,1.7440438270568848,1.0078965425491333,1,4OZG_YG31A
4OZG,YG33F,1.7440438270568848,0.2894907295703888,1,4OZG_YG33F
4OZG,LG50A,1.1861860752105713,0.878031849861145,1,4OZG_LG50A
4OZG,YH46F,-0.6471371650695801,-0.2666977047920227,1,4OZG_YH46F
4OZG,QH48A,0.8051583766937256,1.0857524871826172,1,4OZG_QH48A
4OZG,NH50A,-0.11102414131164551,0.4672798216342926,1,4OZG_NH50A
4OZG,FH94A,1.4347845315933228,1.0279425382614136,1,4OZG_FH94A
4OZG,RH95A,1.7440438270568848,1.4795945882797241,1,4OZG_RH95A
4OZG,FH96A,0.8835463523864746,1.3403126001358032,1,4OZG_FH96A
4OZG,DH98A,1.6500780582427979,0.867035448551178,1,4OZG_DH98A
4OZG,YH101F,0.5337899327278137,0.004217097535729408,1,4OZG_YH101F
3C60,KC40A,1.5944323539733887,0.16104204952716827,1,3C60_KC40A
3C60,DC56A,0.6982964873313904,0.6194281578063965,1,3C60_DC56A
3C60,QC58A,0.9633074998855591,0.8973348140716553,1,3C60_QC58A
3C60,LC61A,0.9435572624206543,1.3500761985778809,1,3C60_LC61A
3C60,QC62A,0.8687343001365662,1.4016752243041992,1,3C60_QC62A
3C60,NC63A,0.9535146951675415,1.228931188583374,1,3C60_NC63A
3C60,VC66A,1.2502000331878662,1.1285526752471924,1,3C60_VC66A
3C60,KC68A,0.5622846484184265,1.0129239559173584,1,3C60_KC68A
3C60,HC69A,0.3591063618659973,0.9806085824966431,1,3C60_HC69A
3C60,VC73A,0.0,0.2888824939727783,1,3C60_VC73A
3C60,KC76A,0.04742146283388138,0.3063923120498657,1,3C60_KC76A
3C60,FD1A,0.0,0.2007843405008316,1,3C60_FD1A
3C60,ED2A,0.04742146283388138,1.252482533454895,1,3C60_ED2A
3C60,QD4A,1.1667990684509277,0.2454875260591507,1,3C60_QD4A
3C60,KD5A,1.1528583765029907,1.961958408355713,1,3C60_KD5A
3C60,KD7A,2.151184558868408,1.3825135231018066,1,3C60_KD7A
3C60,ND9A,0.0,0.26239103078842163,1,3C60_ND9A
3C60,KD10A,0.0,0.6862092018127441,1,3C60_KD10A
3C60,VD12A,0.0,0.0038520190864801407,1,3C60_VD12A
3C60,DD13A,0.04742146283388138,0.23048879206180573,1,3C60_DD13A
3C60,ED69A,0.04742146283388138,0.042511649429798126,1,3C60_ED69A
3C60,YD70A,0.0,0.42417168617248535,1,3C60_YD70A
3C60,SD73A,0.0,-0.0036607887595891953,1,3C60_SD73A
3C60,QD74A,0.0,-0.005623927339911461,1,3C60_QD74A
3C60,PD75A,0.0,-0.11432614177465439,1,3C60_PD75A
3C60,ED76A,0.0,-0.030720701441168785,1,3C60_ED76A
3C60,ID77A,0.04742146283388138,0.1902935653924942,1,3C60_ID77A
3C60,ED79A,0.04742146283388138,0.23696063458919525,1,3C60_ED79A
3C60,RD80A,2.0264554023742676,1.098586082458496,1,3C60_RD80A
3C60,RD82A,0.0,0.39477527141571045,1,3C60_RD82A
3C60,DD86A,0.04742146283388138,0.06356961280107498,1,3C60_DD86A
3C60,TD87A,1.1667990684509277,0.577705442905426,1,3C60_TD87A
3C60,RD90A,0.04742146283388138,0.20605750381946564,1,3C60_RD90A
3C60,HD91A,1.0857164859771729,0.12211085110902786,1,3C60_HD91A
3C60,ED94A,0.0,0.04365701228380203,1,3C60_ED94A
2C5D,GC6S,0.09897152334451675,0.020181069150567055,1,2C5D_GC6S
2C5D,DC61G,-0.5037813186645508,-0.7943527102470398,1,2C5D_DC61G
2C5D,VC66A,-0.5993249416351318,-0.35076844692230225,1,2C5D_VC66A
2C5D,GC101R,-0.018230730667710304,-0.15728847682476044,1,2C5D_GC101R
2C5D,"GC6S,DC61G",-0.5295441746711731,-0.6538669466972351,1,"2C5D_GC6S,DC61G"
2C5D,"GC6S,VC66A",-0.8469958901405334,-0.18810145556926727,1,"2C5D_GC6S,VC66A"
2C5D,"GC6S,GC101R",0.034860171377658844,-0.1700717657804489,1,"2C5D_GC6S,GC101R"
2C5D,"DC61G,GC101R",-0.5610889792442322,-0.8623595237731934,1,"2C5D_DC61G,GC101R"
2C5D,"VC66A,GC101R",-0.6562855839729309,-0.317052960395813,1,"2C5D_VC66A,GC101R"
2C5D,"DC61G,VC66A",-1.040370225906372,-0.7803030610084534,1,"2C5D_DC61G,VC66A"
2C5D,"DC61G,VC66A,GC101R",-0.8699324131011963,-0.6995301246643066,1,"2C5D_DC61G,VC66A,GC101R"
2C5D,"GC6S,VC66A,GC101R",-0.7966970801353455,-0.23642794787883759,1,"2C5D_GC6S,VC66A,GC101R"
2C5D,"GC6S,DC61G,GC101R",-0.551903486251831,-0.6946591734886169,1,"2C5D_GC6S,DC61G,GC101R"
2C5D,"GC6S,DC61G,VC66R",-1.2355707883834839,-0.5162299275398254,1,"2C5D_GC6S,DC61G,VC66R"
2C5D,"GC6S,DC61G,VC66R,GC101R",-1.4830588102340698,-0.6177066564559937,1,"2C5D_GC6S,DC61G,VC66R,GC101R"
2C5D,"EC33R,TC51R",6.113513946533203,0.18359757959842682,1,"2C5D_EC33R,TC51R"
2C5D,"TA26D,TB26D",0.7250281572341919,-0.08096199482679367,1,"2C5D_TA26D,TB26D"
2C5D,"RA32E,RB32E",1.7124065160751343,0.8107423186302185,1,"2C5D_RA32E,RB32E"
2C5D,"KA34E,KB34E",1.9482202529907227,0.8854852318763733,1,"2C5D_KA34E,KB34E"
2C5D,"RA32E,KA34E,RB32E,KA34E",3.9603114128112793,1.635116696357727,1,"2C5D_RA32E,KA34E,RB32E,KA34E"
2C5D,"AA126V,AB126V",0.7588918209075928,-0.8323807120323181,1,"2C5D_AA126V,AB126V"
2C5D,"FA207A,FB207A",0.19934363663196564,1.4691592454910278,1,"2C5D_FA207A,FB207A"
2C5D,"QC28R,QD28R",0.09132687747478485,-0.3535141944885254,1,"2C5D_QC28R,QD28R"
2C5D,"EC30R,ED30R",0.3026396632194519,-0.13421548902988434,1,"2C5D_EC30R,ED30R"
2C5D,"EC33R,ED33R",1.654841661453247,-0.15148575603961945,1,"2C5D_EC33R,ED33R"
2C5D,"EC30R,EC33R,ED30R,EC33R",1.8489806652069092,-0.48336929082870483,1,"2C5D_EC30R,EC33R,ED30R,EC33R"
2C5D,"TC51R,TD51R",2.339020252227783,-0.6750445365905762,1,"2C5D_TC51R,TD51R"
2C5D,"QC96R,QD96R",0.3026396632194519,-0.37990760803222656,1,"2C5D_QC96R,QD96R"
2C5D,"LC105E,LD105E",0.2402186095714569,3.373464584350586,1,"2C5D_LC105E,LD105E"
2C5D,"KC178E,KD178E",0.7422019243240356,0.2535474896430969,1,"2C5D_KC178E,KD178E"
2C5D,"TC182E,TD182E",0.7422019243240356,1.979068636894226,1,"2C5D_TC182E,TD182E"
2C5D,"FA207A,FB207A",0.5428582429885864,1.5046392679214478,1,"2C5D_FA207A,FB207A"
2C5D,"FA209A,FB209A",1.0615314245224,1.4635380506515503,1,"2C5D_FA209A,FB209A"
2C5D,"WA238F,WB238F",0.9824205040931702,0.21341271698474884,1,"2C5D_WA238F,WB238F"
2C5D,"LA324A,LB324A",2.0344724655151367,0.8107619881629944,1,"2C5D_LA324A,LB324A"
2C5D,"YA364A,YB364A",0.9824205040931702,0.5100034475326538,1,"2C5D_YA364A,YB364A"
4NKQ,"LB77A,TB78A,SB79A",0.11002849042415619,0.6576715111732483,1,"4NKQ_LB77A,TB78A,SB79A"
4NKQ,"RB80A,NB81A,YB82A",-0.33154547214508057,1.1858199834823608,1,"4NKQ_RB80A,NB81A,YB82A"
4NKQ,RB80A,0.1199859008193016,1.296265721321106,1,4NKQ_RB80A
4NKQ,RB80D,-0.07738618552684784,0.5304332375526428,1,4NKQ_RB80D
4NKQ,NB81A,0.09990085661411285,0.057117827236652374,1,4NKQ_NB81A
4NKQ,YB82A,-0.37545090913772583,-0.16116021573543549,1,4NKQ_YB82A
4NKQ,YB82F,-0.23420381546020508,-0.44459518790245056,1,4NKQ_YB82F
4NKQ,"DB87A,TB88A,KB89A",0.3535848557949066,1.583524465560913,1,"4NKQ_DB87A,TB88A,KB89A"
4NKQ,DB87A,0.15822187066078186,0.5826034545898438,1,4NKQ_DB87A
4NKQ,DB87R,0.20278814435005188,-1.1474303007125854,1,4NKQ_DB87R
4NKQ,TB88A,0.31932955980300903,0.614952802658081,1,4NKQ_TB88A
4NKQ,KB89A,0.38596734404563904,1.2550327777862549,1,4NKQ_KB89A
4NKQ,KB89D,1.0615314245224,0.9510252475738525,1,4NKQ_KB89D
4NKQ,"KB90A,IB91A,EB92A",-0.7013269662857056,1.4286446571350098,1,"4NKQ_KB90A,IB91A,EB92A"
4NKQ,KB90A,-0.19934363663196564,1.3938883543014526,1,4NKQ_KB90A
4NKQ,KB90D,-0.19934363663196564,0.6152907609939575,1,4NKQ_KB90D
4NKQ,IB91A,-0.050451911985874176,0.11098063737154007,1,4NKQ_IB91A
4NKQ,EB92A,-0.3530915677547455,0.1189323142170906,1,4NKQ_EB92A
4NKQ,"YB119A,QB120A,KB121A,LB122A,SB123A,YB124A",-0.31075555086135864,2.627105474472046,1,"4NKQ_YB119A,QB120A,KB121A,LB122A,SB123A,YB124A"
4NKQ,"YB119A,YB124A",-0.6271737813949585,0.9204184412956238,1,"4NKQ_YB119A,YB124A"
4NKQ,QB120A,-0.3986872732639313,0.9913169145584106,1,4NKQ_QB120A
4NKQ,KB121A,-0.5612779259681702,0.4669197201728821,1,4NKQ_KB121A
4NKQ,LB122A,0.2361745536327362,-0.06422334164381027,1,4NKQ_LB122A
4NKQ,SB123A,0.27542412281036377,0.3937132656574249,1,4NKQ_SB123A
4NKQ,DB126A,0.11002849042415619,0.2168145626783371,1,4NKQ_DB126A
4NKQ,"DB176A,VB177A,RB178A,IB179A",-0.1202327087521553,2.4340386390686035,1,"4NKQ_DB176A,VB177A,RB178A,IB179A"
4NKQ,DB176A,0.4226255416870117,0.15610124170780182,1,4NKQ_DB176A
4NKQ,DB176E,0.4682212769985199,-0.29577019810676575,1,4NKQ_DB176E
4NKQ,RB178A,0.3602045178413391,1.0231252908706665,1,4NKQ_RB178A
4NKQ,RB178D,-0.2906705141067505,0.5612825751304626,1,4NKQ_RB178D
4NKQ,"RB80D,KB90D",1.3137191534042358,0.7239794135093689,1,"4NKQ_RB80D,KB90D"
4NKQ,DC99K,-0.33154547214508057,1.2232587337493896,1,4NKQ_DC99K
4NKQ,"DC99K,RB80D",0.1764526069164276,0.9419418573379517,1,"4NKQ_DC99K,RB80D"
4NKQ,"DC99K,DB87R",0.8152363896369934,-1.3662065267562866,1,"4NKQ_DC99K,DB87R"
4NKQ,"DC99K,KB90D",-0.5019832849502563,1.1563717126846313,1,"4NKQ_DC99K,KB90D"
4NKQ,"DC99K,RB80D,KB90D",0.5355589389801025,0.8378322124481201,1,"4NKQ_DC99K,RB80D,KB90D"
4NKQ,RB178M,1.8640347719192505,-0.004413595423102379,1,4NKQ_RB178M
4NKQ,"DB176A,VB177A",1.907029390335083,0.4230843782424927,1,"4NKQ_DB176A,VB177A"
4NKQ,"DB176Q,VB177Q",1.958085536956787,0.3041508197784424,1,"4NKQ_DB176Q,VB177Q"
4NKQ,DB176A,1.8037333488464355,0.14463092386722565,1,4NKQ_DB176A
4NKQ,DB176N,2.118934392929077,-0.13635651767253876,1,4NKQ_DB176N
4NKQ,"IB179A,LB180A",0.2402186095714569,3.3979475498199463,1,"4NKQ_IB179A,LB180A"
4NKQ,"IB179Q,LB180Q",1.0615314245224,3.0520436763763428,1,"4NKQ_IB179Q,LB180Q"
4NKQ,RB156Q,0.33154547214508057,0.26740697026252747,1,4NKQ_RB156Q
4NKQ,RB178M,2.728342294692993,0.008481988683342934,1,4NKQ_RB178M
4NKQ,"DB176A,VB177A",2.246422052383423,0.42062556743621826,1,"4NKQ_DB176A,VB177A"
4NKQ,"DB176Q,VB177Q",2.488123655319214,0.32868099212646484,1,"4NKQ_DB176Q,VB177Q"
4NKQ,DB176A,2.6203253269195557,0.138307586312294,1,4NKQ_DB176A
4NKQ,DB176N,1.7648701667785645,-0.13238750398159027,1,4NKQ_DB176N
4NKQ,"IB179A,LB180A",0.3026396632194519,3.2314651012420654,1,"4NKQ_IB179A,LB180A"
4NKQ,"IB179Q,LB180Q",0.6508750319480896,3.0580596923828125,1,"4NKQ_IB179Q,LB180Q"
4NKQ,RB156Q,0.8213128447532654,0.27311238646507263,1,4NKQ_RB156Q
4NKQ,NC4E,-0.39057138562202454,-0.5209639668464661,1,4NKQ_NC4E
4NKQ,IC6G,0.33445680141448975,0.8057267665863037,1,4NKQ_IC6G
4NKQ,EC8R,2.6404104232788086,0.916235089302063,1,4NKQ_EC8R
4NKQ,RC10D,0.1114119216799736,0.23016108572483063,1,4NKQ_RC10D
4NKQ,RC11D,-0.20550437271595,0.13464303314685822,1,4NKQ_RC11D
4NKQ,NC14D,-0.6018841862678528,0.09266538172960281,1,4NKQ_NC14D
4NKQ,LC15D,-0.23513315618038177,0.13018138706684113,1,4NKQ_LC15D
5E6P,IB22A,0.27845457196235657,2.2238306999206543,1,5E6P_IB22A
5E6P,LB24A,0.9293296337127686,1.4015306234359741,1,5E6P_LB24A
5E6P,RB42A,0.6891109943389893,1.0047545433044434,1,5E6P_RB42A
5E6P,RB42E,1.774827480316162,3.7747843265533447,1,5E6P_RB42E
5E6P,YA468A,0.36446794867515564,0.7586050033569336,1,5E6P_YA468A
5E6P,AA494E,1.1179981231689453,-0.1452927440404892,1,5E6P_AA494E
5E6P,AA495E,1.6043896675109863,-1.4805253744125366,1,5E6P_AA495E
1U7F,RB65A,1.7379519939422607,0.329264372587204,1,1U7F_RB65A
1U7F,DB140A,2.6738131046295166,0.5427472591400146,1,1U7F_DB140A
3Q3J,YB100F,0.21131277084350586,-0.3809669017791748,1,3Q3J_YB100F
1K8R,QB11A,1.7981401681900024,0.3704223334789276,1,1K8R_QB11A
1K8R,RB13A,2.800978183746338,1.9649477005004883,1,1K8R_RB13A
1K8R,KB23A,0.5867636799812317,0.5619789361953735,1,1K8R_KB23A
1K8R,KB31A,2.728342294692993,1.9282935857772827,1,1K8R_KB31A
1K8R,RB76A,0.7152742147445679,0.3734954595565796,1,1K8R_RB76A
1K8R,RB77A,1.4368070363998413,0.27497225999832153,1,1K8R_RB77A
1K8R,EA31K,0.17093296349048615,0.7023135423660278,1,1K8R_EA31K
1K8R,"DA30K,EA31K",0.4096648693084717,0.844397783279419,1,"1K8R_DA30K,EA31K"
1K8R,DA33A,1.5351040363311768,1.130273461341858,1,1K8R_DA33A
1K8R,EA37A,0.30580151081085205,0.8615915775299072,1,1K8R_EA37A
1K8R,DA38A,1.712186336517334,3.2772297859191895,1,1K8R_DA38A
1K8R,DA38E,3.437662124633789,-0.1406806856393814,1,1K8R_DA38E
1K8R,DA38N,1.896231770515442,2.6764838695526123,1,1K8R_DA38N
1K8R,SA39A,0.7152742147445679,1.5148723125457764,1,1K8R_SA39A
1K8R,YA40C,3.437662124633789,1.2983863353729248,1,1K8R_YA40C
1K8R,YA40F,1.4919975996017456,0.43316975235939026,1,1K8R_YA40F
1K8R,RA41A,1.1796982288360596,0.5971046686172485,1,1K8R_RA41A
1K8R,DA57A,1.1796982288360596,2.232877254486084,1,1K8R_DA57A
1K8R,EA62A,0.4096648693084717,0.21218712627887726,1,1K8R_EA62A
1K8R,EA63A,0.4096648693084717,-0.03008209727704525,1,1K8R_EA63A
3KUD,KB30A,1.9539144039154053,1.1319421529769897,1,3KUD_KB30A
3KUD,"KB30A,FB6W",2.167797565460205,1.5535566806793213,1,"3KUD_KB30A,FB6W"
3KUD,"KB30A,VB33I",2.7589051723480225,0.232697531580925,1,"3KUD_KB30A,VB33I"
3KUD,"KB30A,NB16R",0.7665860652923584,0.12618179619312286,1,"3KUD_KB30A,NB16R"
3KUD,"KB30A,FB6W,NB16R",1.205237627029419,0.17956258356571198,1,"3KUD_KB30A,FB6W,NB16R"
3KUD,"KB30A,FB6W,NB16R,VB33I",1.9539144039154053,0.48707711696624756,1,"3KUD_KB30A,FB6W,NB16R,VB33I"
3KUD,"KB30A,FB6W,RB12L,NB16R,VB33I",1.9666558504104614,0.5473744869232178,1,"3KUD_KB30A,FB6W,RB12L,NB16R,VB33I"
3KUD,"KB30A,FB6W,VB14E,NB16R,VB33I",3.9646518230438232,1.3759092092514038,1,"3KUD_KB30A,FB6W,VB14E,NB16R,VB33I"
3KUD,"KB30A,FB6W,RB12L,VB14E,NB16R,KB29R,VB33I",4.206310272216797,2.5653276443481445,1,"3KUD_KB30A,FB6W,RB12L,VB14E,NB16R,KB29R,VB33I"
3KUD,NB16R,-0.7980764508247375,-0.6692440509796143,1,3KUD_NB16R
3KUD,"KB30A,TA35A",3.0406603813171387,3.34592342376709,1,"3KUD_KB30A,TA35A"
3KUD,"KB30A,TA35A,NB16R",1.5169224739074707,2.3457932472229004,1,"3KUD_KB30A,TA35A,NB16R"
3KUD,TA35A,1.991344928741455,2.3122167587280273,1,3KUD_TA35A
3KUD,"TA35A,NB16R",1.4893616437911987,1.8338336944580078,1,"3KUD_TA35A,NB16R"
3KUD,"KB30A,YA32C,CA118S",2.8970348834991455,2.5260117053985596,1,"3KUD_KB30A,YA32C,CA118S"
3KUD,"KB30A,YA32C,CA118S,NB16R",1.6597994565963745,0.4276288151741028,1,"3KUD_KB30A,YA32C,CA118S,NB16R"
3KUD,"YA32C,CA118S",0.9101451635360718,0.591042160987854,1,"3KUD_YA32C,CA118S"
3KUD,"YA32C,CA118S,NB16R",-0.03591717779636383,-0.10263394564390182,1,"3KUD_YA32C,CA118S,NB16R"
1FFW,AA102V,1.3641711473464966,-0.6984930634498596,1,1FFW_AA102V
1FFW,YA50C,0.12541981041431427,0.8030112981796265,1,1FFW_YA50C
3SE9,LH34A,0.5569091439247131,1.8574824333190918,1,3SE9_LH34A
3SE9,WH48A,1.0414464473724365,0.928507387638092,1,3SE9_WH48A
3SE9,WH51A,1.2552056312561035,1.1791127920150757,1,3SE9_WH51A
3SE9,VH55A,-0.8454979062080383,0.02846200205385685,1,3SE9_VH55A
3SE9,TH56A,-0.8454979062080383,1.0801036357879639,1,3SE9_TH56A
3SE9,GH57A,0.44517794251441956,0.8218663930892944,1,3SE9_GH57A
3SE9,VH59A,0.9675655961036682,0.266348272562027,1,3SE9_VH59A
3SE9,NH60A,1.4973200559616089,1.1504952907562256,1,3SE9_NH60A
3SE9,GH62A,0.045595720410346985,0.31816285848617554,1,3SE9_GH62A
3SE9,PH64A,-0.43484148383140564,0.16376067698001862,1,3SE9_PH64A
3SE9,RH67A,1.4459420442581177,1.0438334941864014,1,3SE9_RH67A
3SE9,RH74A,2.6362249851226807,1.0945011377334595,1,3SE9_RH74A
3SE9,RH76A,-0.22848650813102722,1.0537962913513184,1,3SE9_RH76A
3SE9,DH77A,-0.7541710138320923,0.10388762503862381,1,3SE9_DH77A
3SE9,YH104A,0.45625215768814087,0.5679365396499634,1,3SE9_YH104A
3SE9,TH105A,-0.43484148383140564,0.4291350245475769,1,3SE9_TH105A
3SE9,GH106A,-0.3026396632194519,0.5913868546485901,1,3SE9_GH106A
3SE9,GH107A,-0.6052793264389038,1.4319581985473633,1,3SE9_GH107A
3SE9,GH109A,0.18216991424560547,0.8897332549095154,1,3SE9_GH109A
3SE9,VL3A,-0.486391544342041,-0.17424099147319794,1,3SE9_VL3A
3SE9,YL28A,1.0997674465179443,0.49365270137786865,1,3SE9_YL28A
3SE9,GL29A,0.45625215768814087,0.047757454216480255,1,3SE9_GL29A
3SE9,LL89A,0.9487559795379639,0.29592740535736084,1,3SE9_LL89A
3SE9,EL90A,0.4106564223766327,1.7565704584121704,1,3SE9_EL90A
3SE9,FL91A,0.023236388340592384,1.0105568170547485,1,3SE9_FL91A
2CCL,"AB48S,AB49T",-0.07970309257507324,-0.28743839263916016,1,"2CCL_AB48S,AB49T"
