complex,mutstr,ddG,ddG_pred,fold,key
1Y4A,"SI40E,RI39M",-3.549654960632324,-2.8261139392852783,0,"1Y4A_SI40E,RI39M"
1Y3D,AI48R,-3.098123788833618,-4.2072858810424805,0,1Y3D_AI48R
1TM4,GI40M,-2.232905387878418,-2.28320050239563,0,1TM4_GI40M
1TMG,FI40M,-1.0276678800582886,-0.4649271070957184,0,1TMG_FI40M
2SIC,MI67E,0.7960982918739319,2.628678798675537,0,2SIC_MI67E
2SIC,MI67D,0.7515320777893066,1.8334730863571167,0,2SIC_MI67D
2SIC,MI67H,0.21785926818847656,-0.2710023522377014,0,2SIC_MI67H
2SIC,MI67K,0.0,0.2684970498085022,0,2SIC_MI67K
2SIC,MI67R,0.0,0.9438601136207581,0,2SIC_MI67R
2SIC,MI67G,0.14522328972816467,1.9747909307479858,0,2SIC_MI67G
2SIC,MI67A,0.21785926818847656,1.2758762836456299,0,2SIC_MI67A
2SIC,MI67L,-0.2402186095714569,-0.5213816165924072,0,2SIC_MI67L
2SIC,MI67V,0.7132960557937622,1.1480860710144043,0,2SIC_MI67V
2SIC,MI67I,1.6043896675109863,1.2324638366699219,0,2SIC_MI67I
1IAR,IA5A,1.171373963356018,0.6524173617362976,0,1IAR_IA5A
1IAR,IA5R,0.7960982918739319,-0.7766536474227905,0,1IAR_IA5R
1IAR,TA6A,-0.10364440828561783,-0.061337415128946304,0,1IAR_TA6A
1IAR,TA6D,1.392728567123413,0.14252762496471405,0,1IAR_TA6D
1IAR,QA8A,-0.0223593320697546,0.4888184666633606,0,1IAR_QA8A
1IAR,QA8R,0.038921285420656204,1.1239171028137207,0,1IAR_QA8R
1IAR,EA9Q,3.1128292083740234,0.27611565589904785,0,1IAR_EA9Q
1IAR,IA11A,0.0689675435423851,0.20442989468574524,0,1IAR_IA11A
1IAR,KA12S,-0.01481207087635994,0.431729793548584,0,1IAR_KA12S
1IAR,KA12E,0.13947127759456635,-0.4487772583961487,0,1IAR_KA12E
1IAR,TA13A,0.9785768389701843,-0.17845505475997925,0,1IAR_TA13A
1IAR,TA13D,-0.21867252886295319,-0.37104925513267517,0,1IAR_TA13D
1IAR,NA15A,-0.033863615244627,-0.14404335618019104,0,1IAR_NA15A
1IAR,NA15D,-0.07806696742773056,-0.17606085538864136,0,1IAR_NA15D
1IAR,SA16A,-0.18275535106658936,-0.08408231288194656,0,1IAR_SA16A
1IAR,SA16D,-0.10364440828561783,0.10819511860609055,0,1IAR_SA16D
1IAR,EA19A,-0.31995680928230286,0.12312059849500656,0,1IAR_EA19A
1IAR,EA19R,-0.11685949563980103,-0.37047743797302246,0,1IAR_EA19R
1IAR,RA53Q,0.8357636332511902,-0.32430896162986755,0,1IAR_RA53Q
1IAR,KA77A,0.15374791622161865,0.041540082544088364,0,1IAR_KA77A
1IAR,KA77E,0.6118258237838745,-0.13848739862442017,0,1IAR_KA77E
1IAR,QA78A,0.1248420923948288,-0.1702732890844345,0,1IAR_QA78A
1IAR,QA78E,0.2450747936964035,-0.27357399463653564,0,1IAR_QA78E
1IAR,RA81A,0.4796239733695984,0.4679684340953827,0,1IAR_RA81A
1IAR,RA81E,1.461734414100647,0.7352083325386047,0,1IAR_RA81E
1IAR,FA82A,-0.08647068589925766,2.0396344661712646,0,1IAR_FA82A
1IAR,FA82D,-0.5806068181991577,0.6178433895111084,0,1IAR_FA82D
1IAR,KA84A,0.34497565031051636,2.580688714981079,0,1IAR_KA84A
1IAR,KA84D,1.88009512424469,2.978654623031616,0,1IAR_KA84D
1IAR,RA85A,0.42688900232315063,0.48863837122917175,0,1IAR_RA85A
1IAR,RA85E,1.2246094942092896,0.9615480303764343,0,1IAR_RA85E
1IAR,RA88Q,2.8289992809295654,2.62731671333313,0,1IAR_RA88Q
1IAR,RA88A,3.7547178268432617,2.9055776596069336,0,1IAR_RA88A
1IAR,NA89A,1.5587940216064453,2.142418146133423,0,1IAR_NA89A
1IAR,WA91A,0.7295286655426025,1.2698736190795898,0,1IAR_WA91A
1IAR,WA91D,1.3066062927246094,0.6603586673736572,0,1IAR_WA91D
1B2U,AA27K,-5.046028137207031,-5.043363571166992,0,1B2U_AA27K
1B2U,AD36D,-4.168248653411865,-3.790703535079956,0,1B2U_AD36D
1B2U,"AA27K,AD36D",-9.549198150634766,-8.557012557983398,0,"1B2U_AA27K,AD36D"
1X1W,AD81E,-0.4106564223766327,-0.4717613160610199,0,1X1W_AD81E
1E96,NA26H,1.104526162147522,-0.035319093614816666,0,1E96_NA26H
1E96,IA33N,2.043041229248047,0.08603765815496445,0,1E96_IA33N
1E96,DA38N,2.201974630355835,0.7322849631309509,0,1E96_DA38N
1E96,MA45T,0.3660154938697815,-0.2146030068397522,0,1E96_MA45T
1E96,KA132E,-0.18986420333385468,0.4837026000022888,0,1E96_KA132E
1E96,LA134R,-0.12744316458702087,-0.2151867151260376,0,1E96_LA134R
1UUZ,HA62Q,1.5196093320846558,0.0022098971530795097,0,1UUZ_HA62Q
1UUZ,HA62N,1.5196093320846558,-0.053330931812524796,0,1UUZ_HA62N
1UUZ,HA62D,3.3792171478271484,-0.30692046880722046,0,1UUZ_HA62D
1UUZ,HA62A,1.774827480316162,1.3790338039398193,0,1UUZ_HA62A
1UUZ,CA64A,0.6508750319480896,0.5493685007095337,0,1UUZ_CA64A
1DVF,HA30A,1.6501208543777466,0.6258711814880371,0,1DVF_HA30A
1DVF,YA32A,2.031278610229492,1.922499179840088,0,1DVF_YA32A
1DVF,YA49A,1.629451870918274,0.4347248077392578,0,1DVF_YA49A
1DVF,YA50A,0.6880815625190735,1.7491769790649414,0,1DVF_YA50A
1DVF,WA92A,0.34087562561035156,1.131888747215271,0,1DVF_WA92A
1DVF,SA93A,1.162959337234497,-0.4721888303756714,0,1DVF_SA93A
1DVF,TB30A,0.9079189896583557,-0.2854398488998413,0,1DVF_TB30A
1DVF,YB32A,1.832290768623352,1.3026647567749023,0,1DVF_YB32A
1DVF,WB52A,4.134849548339844,2.560314416885376,0,1DVF_WB52A
1DVF,DB54A,4.283173084259033,1.7356737852096558,0,1DVF_DB54A
1DVF,NB56A,1.162959337234497,0.676159143447876,0,1DVF_NB56A
1DVF,DB58A,1.6007212400436401,0.09097733348608017,0,1DVF_DB58A
1DVF,EB98A,4.188523769378662,0.6525188088417053,0,1DVF_EB98A
1DVF,RB99A,1.875484585762024,0.7015957236289978,0,1DVF_RB99A
1DVF,DB100A,2.7907633781433105,1.4983322620391846,0,1DVF_DB100A
1DVF,YB101F,2.0132148265838623,1.5370440483093262,0,1DVF_YB101F
1DVF,EB98A,4.188523769378662,0.6255403161048889,0,1DVF_EB98A
1DVF,DB54A,4.283173084259033,1.7696664333343506,0,1DVF_DB54A
1DVF,DB58A,1.6007212400436401,0.06611781567335129,0,1DVF_DB58A
1DVF,YA49A,1.729231834411621,1.3454095125198364,0,1DVF_YA49A
1DVF,YA32A,2.031278610229492,1.8486921787261963,0,1DVF_YA32A
1DVF,NB56A,1.162959337234497,0.4547955393791199,0,1DVF_NB56A
1DVF,WB52A,4.134849548339844,2.600572109222412,0,1DVF_WB52A
1DVF,DB100A,2.7907633781433105,1.8645439147949219,0,1DVF_DB100A
1DVF,YD102A,4.7415571212768555,1.0599079132080078,0,1DVF_YD102A
1DVF,YC49A,1.8614336252212524,2.02195143699646,0,1DVF_YC49A
1DVF,QD104A,1.629451870918274,0.7611066102981567,0,1DVF_QD104A
1DVF,ND55A,1.8614336252212524,0.36278432607650757,0,1DVF_ND55A
1DVF,RD106A,4.092513084411621,1.0081923007965088,0,1DVF_RD106A
1DVF,KD30A,1.0039665699005127,-0.05612403526902199,0,1DVF_KD30A
1DVF,HD33A,1.8614336252212524,0.2569999098777771,0,1DVF_HD33A
1DVF,DD52A,1.683043360710144,0.3611961901187897,0,1DVF_DD52A
1DVF,ID101A,2.682746410369873,0.3622688949108124,0,1DVF_ID101A
1DVF,"EB98A,YD102A",4.635371685028076,1.997826099395752,0,"1DVF_EB98A,YD102A"
1DVF,"DB54A,YC49A",4.4948835372924805,2.2895963191986084,0,"1DVF_DB54A,YC49A"
1DVF,"DB58A,QD104A",1.4648281335830688,1.3881123065948486,0,"1DVF_DB58A,QD104A"
1DVF,"YA49A,ND55A",2.031278610229492,0.998393714427948,0,"1DVF_YA49A,ND55A"
1DVF,"YA32A,RD106A",4.652670860290527,3.9660651683807373,0,"1DVF_YA32A,RD106A"
1DVF,"NB56A,QD104A",1.48753023147583,0.5631758570671082,0,"1DVF_NB56A,QD104A"
1DVF,"WB52A,QD104A",4.164727210998535,3.2754766941070557,0,"1DVF_WB52A,QD104A"
1DVF,"DB100A,HD33A",4.14997673034668,1.6857950687408447,0,"1DVF_DB100A,HD33A"
1DVF,"DB100A,DD52A",4.321657657623291,1.1775559186935425,0,"1DVF_DB100A,DD52A"
1DVF,"YA49A,HD33A",2.626220464706421,1.2836298942565918,0,"1DVF_YA49A,HD33A"
1DVF,"DB100A,ND55A",4.092513084411621,2.2891814708709717,0,"1DVF_DB100A,ND55A"
1DVF,"NB56A,ND55A",2.3021233081817627,0.6714734435081482,0,"1DVF_NB56A,ND55A"
1DVF,"NB56A,HD33A",2.527130603790283,0.38837552070617676,0,"1DVF_NB56A,HD33A"
1VFB,HA30A,0.8452608585357666,-0.11246735602617264,0,1VFB_HA30A
1VFB,YA32A,1.3399860858917236,3.474135637283325,0,1VFB_YA32A
1VFB,YA49A,0.7978987097740173,0.6024962663650513,0,1VFB_YA49A
1VFB,YA50A,0.38801220059394836,1.8189982175827026,0,1VFB_YA50A
1VFB,WA92A,2.728342294692993,1.3003628253936768,0,1VFB_WA92A
1VFB,SA93A,0.34327760338783264,-0.23903939127922058,0,1VFB_SA93A
1VFB,TB30A,-0.055874548852443695,-0.256954550743103,0,1VFB_TB30A
1VFB,YB32A,0.46035218238830566,1.473494052886963,0,1VFB_YB32A
1VFB,WB52A,0.36446794867515564,1.1307013034820557,0,1VFB_WB52A
1VFB,DB54A,0.6389058828353882,2.1677703857421875,0,1VFB_DB54A
1VFB,NB56A,0.17779755592346191,0.37909451127052307,0,1VFB_NB56A
1VFB,DB58A,-0.20709602534770966,1.4481922388076782,0,1VFB_DB58A
1VFB,EB98A,1.157075047492981,0.17363232374191284,0,1VFB_EB98A
1VFB,RB99A,-0.09977996349334717,0.7888496518135071,0,1VFB_RB99A
1VFB,DB100A,3.071619749069214,1.7926137447357178,0,1VFB_DB100A
1VFB,YB101F,0.9535146951675415,1.2556174993515015,0,1VFB_YB101F
1VFB,SB28N,0.14401189982891083,-0.4140589237213135,0,1VFB_SB28N
1VFB,SB28Q,0.07811605930328369,0.041791316121816635,0,1VFB_SB28Q
1VFB,SB28D,0.0,-0.16469714045524597,0,1VFB_SB28D
1VFB,SB28E,-0.10405386239290237,-0.21132509410381317,0,1VFB_SB28E
1VFB,GB31A,0.3066025674343109,-0.1492687463760376,0,1VFB_GB31A
1VFB,GB31E,-0.5099895000457764,-0.6486756205558777,0,1VFB_GB31E
1VFB,GB31W,0.003962904214859009,-2.405042886734009,0,1VFB_GB31W
1VFB,YB32E,1.903039813041687,1.7447659969329834,0,1VFB_YB32E
1VFB,DB58N,-0.12823893129825592,0.8895016312599182,0,1VFB_DB58N
1VFB,DB58E,0.07811605930328369,0.6028901934623718,0,1VFB_DB58E
1VFB,RB99Y,1.2359321117401123,-1.1691399812698364,0,1VFB_RB99Y
1VFB,RB99W,0.7052898406982422,-0.18881377577781677,0,1VFB_RB99W
1VFB,NA31W,0.1744007170200348,-0.7572324275970459,0,1VFB_NA31W
1VFB,YA32W,5.63108491897583,0.381538450717926,0,1VFB_YA32W
1VFB,LA46D,5.63108491897583,-1.3002798557281494,0,1VFB_LA46D
1VFB,LA46E,5.63108491897583,1.3330557346343994,0,1VFB_LA46E
1VFB,YA50R,0.8447021245956421,0.019422736018896103,0,1VFB_YA50R
1VFB,YA50K,1.716369390487671,1.039579153060913,0,1VFB_YA50K
1VFB,TA52F,0.4710860252380371,-0.6193471550941467,0,1VFB_TA52F
1VFB,TA53R,1.6465885639190674,-1.2418125867843628,0,1VFB_TA53R
2GOX,RB31A,2.2467401027679443,0.9065231680870056,0,2GOX_RB31A
2GOX,NB38A,1.5695295333862305,0.890697181224823,0,2GOX_NB38A
2GOX,RB31A,1.5196093320846558,0.9358211159706116,0,2GOX_RB31A
2GOX,NB38A,1.3337823152542114,1.542561650276184,0,2GOX_NB38A
2WPT,DA30L,-3.403402328491211,-0.14647138118743896,0,2WPT_DA30L
2WPT,NA31V,-0.8970479965209961,-0.03996572270989418,0,2WPT_NA31V
2WPT,RA35T,-1.038295030593872,-0.2850379943847656,0,2WPT_RA35T
2WPT,EA36H,0.038235973566770554,-0.37009942531585693,0,2WPT_EA36H
2WPT,RA39E,-0.37242045998573303,0.20253372192382812,0,2WPT_RA39E
2WPT,"NA31V,RA35T",-2.5882933139801025,-2.3451173305511475,0,"2WPT_NA31V,RA35T"
2WPT,"DA30L,NA31V,RA35T",-6.336045742034912,-5.06979513168335,0,"2WPT_DA30L,NA31V,RA35T"
2WPT,"NA31V,RA35T,RA39E",-3.232964515686035,-3.183936834335327,0,"2WPT_NA31V,RA35T,RA39E"
2WPT,"NA31V,RA35T,EA36H,RA39E",-2.9989495277404785,-3.912447690963745,0,"2WPT_NA31V,RA35T,EA36H,RA39E"
2WPT,EA27A,1.733952522277832,1.5423450469970703,0,2WPT_EA27A
2WPT,DA30A,-0.13220183551311493,1.2139010429382324,0,2WPT_DA30A
2WPT,NA31A,-0.37987276911735535,0.5635601282119751,0,2WPT_NA31A
2WPT,VA34A,3.809299945831299,2.1106698513031006,0,2WPT_VA34A
2WPT,RA35A,-1.1109310388565063,-0.1272183060646057,0,2WPT_RA35A
2WPT,EA38A,4.503169536590576,1.7583683729171753,0,2WPT_EA38A
2WPT,RA39A,-0.2402186095714569,0.5001266002655029,0,2WPT_RA39A
2WPT,SA47A,2.4257025718688965,0.12112442404031754,0,2WPT_SA47A
2WPT,DA48A,5.216465950012207,5.062100887298584,0,2WPT_DA48A
2WPT,YA51A,5.216465950012207,3.822953939437866,0,2WPT_YA51A
2WPT,YA52A,5.216465950012207,3.3317317962646484,0,2WPT_YA52A
2WPT,PA53A,2.9276857376098633,0.3233405649662018,0,2WPT_PA53A
2WPT,"FB79A,DA30A",-0.13220183551311493,3.902865171432495,0,"2WPT_FB79A,DA30A"
2WPT,"FB79A,NA31A",1.3522019386291504,3.179651975631714,0,"2WPT_FB79A,NA31A"
2WPT,"FB79A,VA34A",3.112752914428711,4.1641411781311035,0,"2WPT_FB79A,VA34A"
2WPT,RB47A,1.1343426704406738,1.568866491317749,0,2WPT_RB47A
2WPT,NB65A,0.9178253412246704,1.3978495597839355,0,2WPT_NB65A
2WPT,SB67A,-0.8493078947067261,0.43999940156936646,0,2WPT_SB67A
2WPT,NB68A,1.2376387119293213,2.2169125080108643,0,2WPT_NB68A
2WPT,SB70A,-0.6116429567337036,-0.03172016516327858,0,2WPT_SB70A
2WPT,SB71A,-0.1495431363582611,0.18145811557769775,0,2WPT_SB71A
2WPT,SB77A,-0.09360992908477783,0.25493431091308594,0,2WPT_SB77A
2WPT,FB79A,1.1701807975769043,3.192692995071411,0,2WPT_FB79A
2WPT,TB80A,0.526220440864563,0.2303759753704071,0,2WPT_TB80A
2WPT,QB85A,0.9001388549804688,-0.1772947460412979,0,2WPT_QB85A
2WPT,KB90A,0.49740836024284363,1.7275702953338623,0,2WPT_KB90A
2WPT,VB91A,0.11930190771818161,0.8722016215324402,0,2WPT_VB91A
2WPT,RB47A,0.6100000739097595,1.5858430862426758,0,2WPT_RB47A
2WPT,NB65A,0.4848095774650574,1.7165946960449219,0,2WPT_NB65A
2WPT,SB67A,0.5810942649841309,0.4399993419647217,0,2WPT_SB67A
2WPT,NB68A,1.2655584812164307,2.2169125080108643,0,2WPT_NB68A
2WPT,SB70A,-0.3026396632194519,-0.03172016516327858,0,2WPT_SB70A
2WPT,SB71A,-0.040874965488910675,0.18145811557769775,0,2WPT_SB71A
2WPT,SB77A,-0.040874965488910675,0.25493431091308594,0,2WPT_SB77A
2WPT,FB79A,0.9455621838569641,3.192692995071411,0,2WPT_FB79A
2WPT,TB80A,0.22690452635288239,0.17903080582618713,0,2WPT_TB80A
2WPT,QB85A,-0.13220183551311493,-0.1741235852241516,0,2WPT_QB85A
2WPT,KB90A,0.8012278079986572,1.7382200956344604,0,2WPT_KB90A
2WPT,VB91A,0.4106564223766327,0.8838384747505188,0,2WPT_VB91A
2VLO,AB95K,-1.960514783859253,-2.0225086212158203,0,2VLO_AB95K
2WPT,"EA14Q,FA15L,KA17T,KA18T,RA21N,EA23D,GA24T,AA25S,TA26S,DA29E,DA30L,NA31V,RA35T,EA36H,RA39E,LA40M,DA45S,RA54K,DA55E,DA56G,RA57D,EA58D,EA62S,KA66N,EA67T,IA68V,EA70Q",-8.058494567871094,-6.118313789367676,0,"2WPT_EA14Q,FA15L,KA17T,KA18T,RA21N,EA23D,GA24T,AA25S,TA26S,DA29E,DA30L,NA31V,RA35T,EA36H,RA39E,LA40M,DA45S,RA54K,DA55E,DA56G,RA57D,EA58D,EA62S,KA66N,EA67T,IA68V,EA70Q"
2WPT,"EA14Q,FA15L,KA17T,KA18T,RA21N,EA23D,GA24T,AA25S,TA26S",-0.06827136129140854,-2.484431028366089,0,"2WPT_EA14Q,FA15L,KA17T,KA18T,RA21N,EA23D,GA24T,AA25S,TA26S"
2WPT,"DA29E,DA30L,NA31V,RA35T,EA36H,RA39E,LA40M,DA45S,RA54K,DA55E,DA56G,RA57D,EA58D",-5.201869487762451,-6.534421443939209,0,"2WPT_DA29E,DA30L,NA31V,RA35T,EA36H,RA39E,LA40M,DA45S,RA54K,DA55E,DA56G,RA57D,EA58D"
2WPT,"DA29E,DA30L,NA31V,RA35T,EA36H,RA39E,LA40M",-6.354465484619141,-6.700638294219971,0,"2WPT_DA29E,DA30L,NA31V,RA35T,EA36H,RA39E,LA40M"
2WPT,"EA23D,GA24T,AA25S,TA26S,DA29E,DA30L,NA31V,RA35T,EA36H,RA39E,LA40M",-6.635493755340576,-6.2250590324401855,0,"2WPT_EA23D,GA24T,AA25S,TA26S,DA29E,DA30L,NA31V,RA35T,EA36H,RA39E,LA40M"
2WPT,"KA17T,KA18T,RA21N,EA23D,GA24T,AA25S,TA26S,DA29E,DA30L,NA31V,RA35T,EA36H,RA39E,LA40M",-8.267023086547852,-6.192391395568848,0,"2WPT_KA17T,KA18T,RA21N,EA23D,GA24T,AA25S,TA26S,DA29E,DA30L,NA31V,RA35T,EA36H,RA39E,LA40M"
2WPT,"EA14Q,FA15L,KA17T,KA18T,RA21N,EA23D,GA24T,AA25S,TA26S,DA29E,DA30L,NA31V,RA35T,EA36H,RA39E,LA40M",-8.57586669921875,-5.993436336517334,0,"2WPT_EA14Q,FA15L,KA17T,KA18T,RA21N,EA23D,GA24T,AA25S,TA26S,DA29E,DA30L,NA31V,RA35T,EA36H,RA39E,LA40M"
2WPT,"EA14Q,FA15L,KA17T,KA18T,RA21N,EA23D,GA24T,AA25S,TA26S,DA29E,DA30L,NA31V,RA35T,EA36H,RA39E,LA40M,DA45S,RA54K,DA55E,DA56G,RA57D,EA58D",-7.97938346862793,-5.603085041046143,0,"2WPT_EA14Q,FA15L,KA17T,KA18T,RA21N,EA23D,GA24T,AA25S,TA26S,DA29E,DA30L,NA31V,RA35T,EA36H,RA39E,LA40M,DA45S,RA54K,DA55E,DA56G,RA57D,EA58D"
1KIP,AB32Y,-0.8009516596794128,-1.5489585399627686,0,1KIP_AB32Y
2B12,YB87F,-1.5754839181900024,-0.3922981321811676,0,2B12_YB87F
2PCB,EA291Q,-0.056525953114032745,-0.2892274260520935,0,2PCB_EA291Q
2PCB,EA32Q,0.6057530641555786,-0.05212670937180519,0,2PCB_EA32Q
2PCB,EA35Q,0.6760072708129883,0.7006360292434692,0,2PCB_EA35Q
2PCB,AA193F,0.7336772680282593,-1.5450770854949951,0,2PCB_AA193F
2PCB,DA34N,0.8213128447532654,-1.5709869861602783,0,2PCB_DA34N
2PCB,EA290N,0.871008574962616,0.36453187465667725,0,2PCB_EA290N
2JEL,FP2Y,0.0,-0.3675506114959717,0,2JEL_FP2Y
2JEL,FP2W,2.6203253269195557,-1.1684517860412598,0,2JEL_FP2W
2JEL,QP3K,4.092513084411621,0.38754600286483765,0,2JEL_QP3K
2JEL,QP4K,1.3641711473464966,-2.126751661300659,0,2JEL_QP4K
2JEL,EP5D,0.4106564223766327,0.23666195571422577,0,2JEL_EP5D
2JEL,EP5Q,0.7132960557937622,0.8494386672973633,0,2JEL_EP5Q
2JEL,VP6F,0.0,-0.2134239673614502,0,2JEL_VP6F
2JEL,TP7N,0.4106564223766327,0.048997532576322556,0,2JEL_TP7N
2JEL,TP7S,0.0,0.19955980777740479,0,2JEL_TP7S
2JEL,PP11E,0.0,0.01757192239165306,0,2JEL_PP11E
2JEL,NP12D,0.0,0.12653756141662598,0,2JEL_NP12D
2JEL,RP17G,0.0,0.5666261911392212,0,2JEL_RP17G
2JEL,RP17K,0.0,0.3934805393218994,0,2JEL_RP17K
2JEL,KP24E,0.0,0.11128558963537216,0,2JEL_KP24E
2JEL,KP27E,0.0,0.12879759073257446,0,2JEL_KP27E
2JEL,TP34N,6.820855617523193,-0.3079453110694885,0,2JEL_TP34N
2JEL,TP34Q,0.0,-0.04142123833298683,0,2JEL_TP34Q
2JEL,TP36Q,0.4106564223766327,-0.6049301624298096,0,2JEL_TP36Q
2JEL,NP38T,0.0,0.1093207523226738,0,2JEL_NP38T
2JEL,SP41C,1.496372938156128,-0.5253575444221497,0,2JEL_SP41C
2JEL,SP43C,0.0,0.3316124677658081,0,2JEL_SP43C
2JEL,SP46C,0.0,0.14355400204658508,0,2JEL_SP46C
2JEL,QP57E,-0.4106564223766327,-0.13094034790992737,0,2JEL_QP57E
2JEL,TP62N,0.0,-0.01418307889252901,0,2JEL_TP62N
2JEL,TP62A,0.0,0.417354553937912,0,2JEL_TP62A
2JEL,SP64T,4.092513084411621,-0.4950462579727173,0,2JEL_SP64T
2JEL,EP66K,4.092513084411621,-1.1959753036499023,0,2JEL_EP66K
2JEL,EP68A,0.4106564223766327,0.6904768347740173,0,2JEL_EP68A
2JEL,DP69E,0.9535146951675415,1.0697507858276367,0,2JEL_DP69E
2JEL,EP70K,4.092513084411621,0.6604599952697754,0,2JEL_EP70K
2JEL,EP70A,2.728342294692993,0.17072787880897522,0,2JEL_EP70A
2JEL,QP71E,2.728342294692993,-1.338472604751587,0,2JEL_QP71E
2JEL,KP72R,0.0,-0.17178000509738922,0,2JEL_KP72R
2JEL,KP72E,0.4106564223766327,-0.634376585483551,0,2JEL_KP72E
2JEL,EP75R,2.728342294692993,0.8629796504974365,0,2JEL_EP75R
2JEL,HP76D,-0.6508750319480896,-0.07837756723165512,0,2JEL_HP76D
2JEL,HP76A,-0.4106564223766327,0.3495032489299774,0,2JEL_HP76A
2JEL,KP79E,0.4106564223766327,-0.15555733442306519,0,2JEL_KP79E
2JEL,AP82S,0.0,0.12318574637174606,0,2JEL_AP82S
2JEL,EP83A,0.0,0.045892383903265,0,2JEL_EP83A
2JEL,EP85Q,0.0,0.02102985605597496,0,2JEL_EP85Q
2JEL,EP85D,0.0,0.12405341118574142,0,2JEL_EP85D
2JEL,EP85A,0.0,0.13420140743255615,0,2JEL_EP85A
2JEL,EP85K,0.0,-0.28022265434265137,0,2JEL_EP85K
2ABZ,"AE14C,AE38C",-0.5535333752632141,0.02910032495856285,0,"2ABZ_AE14C,AE38C"
2QJB,"HC11G,EC15D,TC30A,MC31I",-0.8850788474082947,-1.0827380418777466,0,"2QJB_HC11G,EC15D,TC30A,MC31I"
2QJB,"TC43A,LC47M,GC48K,LC49Y,HC11G,EC15D,TC30A,MC31I",-0.4228723645210266,-0.9256258606910706,0,"2QJB_TC43A,LC47M,GC48K,LC49Y,HC11G,EC15D,TC30A,MC31I"
2QJB,"RC57K,TC59S,IC61K,PC62A,HC63Q,QC64L,SC67T,TC43A,LC47M,GC48K,LC49Y,HC11G,EC15D,TC30A,MC31I",-1.1528583765029907,-0.7651704549789429,0,"2QJB_RC57K,TC59S,IC61K,PC62A,HC63Q,QC64L,SC67T,TC43A,LC47M,GC48K,LC49Y,HC11G,EC15D,TC30A,MC31I"
1HE8,KA80V,0.4753517508506775,0.2386641800403595,0,1HE8_KA80V
1HE8,"KA80V,FA78S",2.162247657775879,1.2488256692886353,0,"1HE8_KA80V,FA78S"
1HE8,"KA80V,RA83A",1.897843837738037,0.6357093453407288,0,"1HE8_KA80V,RA83A"
1HE8,"KA80V,TA89D",2.162247657775879,0.7280392050743103,0,"1HE8_KA80V,TA89D"
1HE8,"KA80V,KA91A",1.5231046676635742,0.09258497506380081,0,"1HE8_KA80V,KA91A"
1HE8,"KA80V,KA108A",2.162247657775879,0.5975673198699951,0,"1HE8_KA80V,KA108A"
1HE8,"KA80V,KA108E",2.162247657775879,0.6740134358406067,0,"1HE8_KA80V,KA108E"
1HE8,"KA80V,DA95A",1.038295030593872,0.321078896522522,0,"1HE8_KA80V,DA95A"
1HE8,"KA80V,KA111A",1.9676246643066406,0.706417977809906,0,"1HE8_KA80V,KA111A"
1HE8,"KA80V,KA112A",2.162247657775879,0.47856593132019043,0,"1HE8_KA80V,KA112A"
1HE8,"KA80V,KA113A",1.6758559942245483,0.3987889289855957,0,"1HE8_KA80V,KA113A"
1HE8,"KA80V,DA117A",0.9443292021751404,0.7436714172363281,0,"1HE8_KA80V,DA117A"
1HE8,"KA80V,EA124K",-0.09897152334451675,1.1456730365753174,0,"1HE8_KA80V,EA124K"
1HE8,"KA80V,EA606A",0.45456182956695557,0.33751246333122253,0,"1HE8_KA80V,EA606A"
1HE8,"KA80V,EA606K",-0.45807787775993347,0.11813118308782578,0,"1HE8_KA80V,EA606K"
1GL0,MI28K,-0.557857871055603,0.0011831476585939527,0,1GL0_MI28K
1GL0,"MI28K,LI27R",3.8372950553894043,4.840804576873779,0,"1GL0_MI28K,LI27R"
3N4I,EA79D,4.384282112121582,2.0177993774414062,0,3N4I_EA79D
1F47,DA4A,0.6915061473846436,0.25984251499176025,0,1F47_DA4A
1F47,YA5A,0.8693669438362122,1.0635597705841064,0,1F47_YA5A
1F47,LA6A,0.9254311323165894,0.8106498718261719,0,1F47_LA6A
1F47,DA7A,1.7336586713790894,0.4318683445453644,0,1F47_DA7A
1F47,IA8A,2.5162453651428223,1.7394484281539917,0,1F47_IA8A
1F47,PA9A,-0.05756485462188721,0.11756592243909836,0,1F47_PA9A
1F47,FA11A,2.4454827308654785,2.0167529582977295,0,1F47_FA11A
1F47,LA12A,2.2953264713287354,1.436635971069336,0,1F47_LA12A
1F47,KA14A,-0.042640842497348785,-0.01785016432404518,0,1F47_KA14A
1F47,QA15A,-0.045595720410346985,0.23468661308288574,0,1F47_QA15A
1F47,DA7S,2.064861297607422,0.044157203286886215,0,1F47_DA7S
1F47,DA7G,1.1393417119979858,0.6712909936904907,0,1F47_DA7G
1FCC,TC25A,0.2402186095714569,0.021384742110967636,0,1FCC_TC25A
1FCC,EC27A,4.938011169433594,-0.6920089721679688,0,1FCC_EC27A
1FCC,KC28A,1.2561542987823486,0.19297026097774506,0,1FCC_KC28A
1FCC,KC31A,3.477555513381958,-0.14997005462646484,0,1FCC_KC31A
1FCC,NC35A,2.365107297897339,0.6272050142288208,0,1FCC_NC35A
1FCC,DC40A,0.27225083112716675,1.0864336490631104,0,1FCC_DC40A
1FCC,EC42A,0.3854418992996216,0.5628342032432556,0,1FCC_EC42A
1FCC,WC43A,3.773183822631836,2.1921451091766357,0,1FCC_WC43A
1FCC,"TC44A,YC45A",1.9544508457183838,1.265074372291565,0,"1FCC_TC44A,YC45A"
1NMB,DH57N,2.9549508094787598,0.4845365583896637,0,1NMB_DH57N
1NMB,DH57E,2.9549508094787598,0.5059285759925842,0,1NMB_DH57E
1NMB,YH103A,2.141578435897827,1.8053337335586548,0,1NMB_YH103A
1NMB,YH105F,1.4200456142425537,0.5735732316970825,0,1NMB_YH105F
1NMB,YL32F,0.466530978679657,0.1346629559993744,0,1NMB_YL32F
1NMB,TL93F,-0.02391386404633522,-1.1511281728744507,0,1NMB_TL93F
1NMB,TL93W,0.18427251279354095,-1.1192209720611572,0,1NMB_TL93W
1NMB,LL94V,0.9004237651824951,-0.4775164723396301,0,1NMB_LL94V
1VFB,DC18A,0.3402828872203827,0.9439935088157654,0,1VFB_DC18A
1VFB,NC19A,0.3962641656398773,1.396425724029541,0,1VFB_NC19A
1VFB,YC23A,0.4106564223766327,2.0903048515319824,0,1VFB_YC23A
1VFB,SC24A,0.8513460755348206,0.22680938243865967,0,1VFB_SC24A
1VFB,KC116A,0.7137698531150818,0.46719422936439514,0,1VFB_KC116A
1VFB,TC118A,0.7654383182525635,0.3782139718532562,0,1VFB_TC118A
1VFB,DC119A,0.9535146951675415,0.9055332541465759,0,1VFB_DC119A
1VFB,VC120A,0.9173604846000671,-0.23094888031482697,0,1VFB_VC120A
1VFB,QC121A,2.878286361694336,1.182765245437622,0,1VFB_QC121A
1VFB,IC124A,1.2319692373275757,0.2990630269050598,0,1VFB_IC124A
1VFB,RC125A,1.8377223014831543,0.05984288081526756,0,1VFB_RC125A
1VFB,LC129A,0.17162153124809265,0.36863189935684204,0,1VFB_LC129A
1VFB,YA32A,1.7176494598388672,3.5710837841033936,0,1VFB_YA32A
1VFB,YA50A,0.5245682597160339,1.9230453968048096,0,1VFB_YA50A
1VFB,WA92A,3.350074291229248,1.115311622619629,0,1VFB_WA92A
1VFB,YB32A,1.1237155199050903,1.3826146125793457,0,1VFB_YB32A
1VFB,WB52A,0.9173604846000671,1.1227504014968872,0,1VFB_WB52A
1VFB,DB54A,0.9920468330383301,2.1484756469726562,0,1VFB_DB54A
1VFB,DB100A,2.941075086593628,1.7825629711151123,0,1VFB_DB100A
1VFB,YB101F,1.586751103401184,3.0622332096099854,0,1VFB_YB101F
1VFB,"YA32A,QC121A",1.586751103401184,3.5316500663757324,0,"1VFB_YA32A,QC121A"
1VFB,"YA32A,IC124A",2.9070167541503906,4.076943874359131,0,"1VFB_YA32A,IC124A"
1VFB,"YA50A,DC18A",1.2664908170700073,2.30987548828125,0,"1VFB_YA50A,DC18A"
1VFB,"YA50A,DC119A",1.2319692373275757,1.7662217617034912,0,"1VFB_YA50A,DC119A"
1VFB,"WA92A,QC121A",3.520512104034424,1.7588443756103516,0,"1VFB_WA92A,QC121A"
1VFB,"WA92A,IC124A",3.852057695388794,1.1008710861206055,0,"1VFB_WA92A,IC124A"
1VFB,"WA92A,RC125A",3.3948090076446533,1.544418454170227,0,"1VFB_WA92A,RC125A"
1VFB,"WA92A,LC129A",3.3088436126708984,1.250424861907959,0,"1VFB_WA92A,LC129A"
1VFB,"YB32A,KC116A",1.586751103401184,2.7768311500549316,0,"1VFB_YB32A,KC116A"
1VFB,"WB52A,DC119A",2.2483787536621094,1.4892981052398682,0,"1VFB_WB52A,DC119A"
1VFB,"DB54A,TC118A",1.2552056312561035,1.7605185508728027,0,"1VFB_DB54A,TC118A"
1VFB,"DB100A,SC24A",3.371264696121216,2.603696584701538,0,"1VFB_DB100A,SC24A"
1VFB,"YB101F,DC119A",2.737746477127075,2.820664644241333,0,"1VFB_YB101F,DC119A"
1VFB,"YB101F,VC120A",2.53961443901062,1.0151734352111816,0,"1VFB_YB101F,VC120A"
1R0R,LI13G,2.352891206741333,2.4759204387664795,0,1R0R_LI13G
1R0R,LI13A,0.31460878252983093,3.0335536003112793,0,1R0R_LI13A
1R0R,LI13S,1.5712368488311768,2.4248290061950684,0,1R0R_LI13S
1R0R,LI13C,-1.3463069200515747,-0.32765108346939087,0,1R0R_LI13C
1R0R,LI13V,2.1565780639648438,2.484726905822754,0,1R0R_LI13V
1R0R,LI13T,0.15976271033287048,1.6749913692474365,0,1R0R_LI13T
1R0R,LI13P,7.687726974487305,6.501643657684326,0,1R0R_LI13P
1R0R,LI13I,3.2540266513824463,2.5620133876800537,0,1R0R_LI13I
1R0R,LI13M,-0.5162599682807922,0.3213610053062439,0,1R0R_LI13M
1R0R,LI13N,1.500389575958252,1.1911649703979492,0,1R0R_LI13N
1R0R,LI13D,4.539323806762695,4.386693477630615,0,1R0R_LI13D
1R0R,LI13K,3.345353603363037,1.0017884969711304,0,1R0R_LI13K
1R0R,LI13Q,0.5696492195129395,2.4715452194213867,0,1R0R_LI13Q
1R0R,LI13E,2.177367925643921,3.5237858295440674,0,1R0R_LI13E
1R0R,LI13H,0.5696492195129395,1.1864897012710571,0,1R0R_LI13H
1R0R,LI13F,0.6170114278793335,1.059877872467041,0,1R0R_LI13F
1R0R,LI13R,2.935408115386963,1.4662429094314575,0,1R0R_LI13R
1R0R,LI13Y,0.44681063294410706,0.8271667957305908,0,1R0R_LI13Y
1R0R,LI13W,1.5239337682724,0.34571266174316406,0,1R0R_LI13W
3SGB,LI12G,5.003495693206787,4.221451759338379,0,3SGB_LI12G
3SGB,LI12A,2.9891605377197266,3.356632947921753,0,3SGB_LI12A
3SGB,LI12S,4.1582350730896,4.098188877105713,0,3SGB_LI12S
3SGB,LI12C,-0.013389315456151962,4.503607273101807,0,3SGB_LI12C
3SGB,LI12V,3.0342824459075928,3.170553207397461,0,3SGB_LI12V
3SGB,LI12T,3.2047202587127686,3.2190115451812744,0,3SGB_LI12T
3SGB,LI12P,8.445844650268555,8.736762046813965,0,3SGB_LI12P
3SGB,LI12I,4.481256008148193,5.307821273803711,0,3SGB_LI12I
3SGB,LI12M,0.4301895797252655,0.43236637115478516,0,3SGB_LI12M
3SGB,LI12N,3.3998169898986816,3.3153724670410156,0,3SGB_LI12N
3SGB,LI12D,5.66865873336792,5.419088840484619,0,3SGB_LI12D
3SGB,LI12K,3.1820759773254395,3.3729469776153564,0,3SGB_LI12K
3SGB,LI12Q,2.6035408973693848,2.912409543991089,0,3SGB_LI12Q
3SGB,LI12E,5.982758045196533,6.210343837738037,0,3SGB_LI12E
3SGB,LI12H,1.713875651359558,2.7748165130615234,0,3SGB_LI12H
3SGB,LI12F,1.3740181922912598,2.150137186050415,0,3SGB_LI12F
3SGB,LI12R,3.366955280303955,3.375864267349243,0,3SGB_LI12R
3SGB,LI12Y,1.6760064363479614,1.9965131282806396,0,3SGB_LI12Y
3SGB,LI12W,1.8652080297470093,1.6144531965255737,0,3SGB_LI12W
1R0R,AI10G,1.111736536026001,0.5779062509536743,0,1R0R_AI10G
1R0R,AI10S,1.7416746616363525,0.022852178663015366,0,1R0R_AI10S
1R0R,AI10C,-0.4834676682949066,-1.0432186126708984,0,1R0R_AI10C
1R0R,AI10V,-0.9535146951675415,-0.2284853160381317,0,1R0R_AI10V
1R0R,AI10T,1.2681235074996948,-1.0061002969741821,0,1R0R_AI10T
1R0R,AI10P,3.345353603363037,0.8062485456466675,0,1R0R_AI10P
1R0R,AI10L,-1.7550112009048462,-0.8024968504905701,0,1R0R_AI10L
1R0R,AI10I,-1.7995165586471558,-1.25709867477417,0,1R0R_AI10I
1R0R,AI10M,-1.7396219968795776,-1.1422070264816284,0,1R0R_AI10M
1R0R,AI10N,2.0894362926483154,-1.1167912483215332,0,1R0R_AI10N
1R0R,AI10D,5.228435039520264,-0.35063010454177856,0,1R0R_AI10D
1R0R,AI10K,3.072984218597412,-0.2726030945777893,0,1R0R_AI10K
1R0R,AI10Q,1.8109817504882812,-0.3126005232334137,0,1R0R_AI10Q
1R0R,AI10E,4.577856063842773,0.007754559628665447,0,1R0R_AI10E
1R0R,AI10H,1.774827480316162,-1.2541614770889282,0,1R0R_AI10H
1R0R,AI10F,-2.24299955368042,-1.9050142765045166,0,1R0R_AI10F
1R0R,AI10R,5.530481815338135,-0.8793556690216064,0,1R0R_AI10R
1R0R,AI10Y,-0.8384865522384644,-1.899881362915039,0,1R0R_AI10Y
1R0R,AI10W,0.20706579089164734,-1.160584807395935,0,1R0R_AI10W
3SGB,AI9G,2.486466407775879,0.4799121022224426,0,3SGB_AI9G
3SGB,AI9S,0.9109824895858765,0.2614576816558838,0,3SGB_AI9S
3SGB,AI9C,0.04153655096888542,-0.24435767531394958,0,3SGB_AI9C
3SGB,AI9V,-0.7847340703010559,-0.4070136547088623,0,3SGB_AI9V
3SGB,AI9T,0.33107247948646545,-0.2179916799068451,0,3SGB_AI9T
3SGB,AI9P,0.5527053475379944,1.3506214618682861,0,3SGB_AI9P
3SGB,AI9L,0.1687806099653244,-0.42771509289741516,0,3SGB_AI9L
3SGB,AI9I,-0.45318859815597534,-0.1360376477241516,0,3SGB_AI9I
3SGB,AI9M,0.0889580100774765,-0.5284421443939209,0,3SGB_AI9M
3SGB,AI9N,-0.08912444859743118,-0.3323732316493988,0,3SGB_AI9N
3SGB,AI9D,0.47637805342674255,-0.17390772700309753,0,3SGB_AI9D
3SGB,AI9K,2.491424083709717,0.3252865970134735,0,3SGB_AI9K
3SGB,AI9Q,0.4301895797252655,-0.038216594606637955,0,3SGB_AI9Q
3SGB,AI9E,0.6714746952056885,-0.9405136108398438,0,3SGB_AI9E
3SGB,AI9H,-0.45318859815597534,0.15917134284973145,0,3SGB_AI9H
3SGB,AI9F,-1.1806398630142212,-0.7881003618240356,0,3SGB_AI9F
3SGB,AI9R,2.0356457233428955,-0.6919226050376892,0,3SGB_AI9R
3SGB,AI9Y,-1.647277593612671,-0.9794384837150574,0,3SGB_AI9Y
3SGB,AI9W,-1.553667664527893,-1.8857871294021606,0,3SGB_AI9W
1R0R,TI12G,3.1389987468719482,4.076313495635986,0,1R0R_TI12G
1R0R,TI12A,1.1732311248779297,3.1016335487365723,0,1R0R_TI12A
1R0R,TI12S,0.8897486925125122,1.919589877128601,0,1R0R_TI12S
1R0R,TI12C,0.8131969571113586,2.618635892868042,0,1R0R_TI12C
1R0R,TI12V,0.937170147895813,2.9303972721099854,0,1R0R_TI12V
1R0R,TI12P,4.94998025894165,2.970886468887329,0,1R0R_TI12P
1R0R,TI12L,0.6687392592430115,2.8012006282806396,0,1R0R_TI12L
1R0R,TI12I,0.25873422622680664,1.7952818870544434,0,1R0R_TI12I
1R0R,TI12M,1.331018328666687,2.8734352588653564,0,1R0R_TI12M
1R0R,TI12N,0.017864227294921875,2.3234410285949707,0,1R0R_TI12N
1R0R,TI12D,2.8881049156188965,1.8279136419296265,0,1R0R_TI12D
1R0R,TI12K,1.933820366859436,3.5244433879852295,0,1R0R_TI12K
1R0R,TI12Q,2.2216382026672363,2.6482174396514893,0,1R0R_TI12Q
1R0R,TI12E,3.2136850357055664,3.312739133834839,0,1R0R_TI12E
1R0R,TI12H,0.5256845355033875,1.7448359727859497,0,1R0R_TI12H
1R0R,TI12F,-0.06601440161466599,2.5573930740356445,0,1R0R_TI12F
1R0R,TI12R,3.345353603363037,3.5781376361846924,0,1R0R_TI12R
1R0R,TI12Y,-0.8788283467292786,2.6592209339141846,0,1R0R_TI12Y
1R0R,TI12W,2.935408115386963,2.1708736419677734,0,1R0R_TI12W
3SGB,TI11G,5.584234237670898,3.9480173587799072,0,3SGB_TI11G
3SGB,TI11A,3.5919625759124756,3.249093532562256,0,3SGB_TI11A
3SGB,TI11S,2.466209650039673,1.4078257083892822,0,3SGB_TI11S
3SGB,TI11C,2.9262657165527344,1.5944782495498657,0,3SGB_TI11C
3SGB,TI11V,2.5478909015655518,2.0164272785186768,0,3SGB_TI11V
3SGB,TI11P,3.1820759773254395,1.8406096696853638,0,3SGB_TI11P
3SGB,TI11L,2.471339225769043,2.672642946243286,0,3SGB_TI11L
3SGB,TI11I,1.7529135942459106,1.8916893005371094,0,3SGB_TI11I
3SGB,TI11M,2.0356457233428955,1.5180423259735107,0,3SGB_TI11M
3SGB,TI11N,3.254415988922119,2.25761342048645,0,3SGB_TI11N
3SGB,TI11D,4.956133842468262,4.638692378997803,0,3SGB_TI11D
3SGB,TI11K,2.0356457233428955,3.2217671871185303,0,3SGB_TI11K
3SGB,TI11Q,2.940316677093506,2.491692304611206,0,3SGB_TI11Q
3SGB,TI11E,4.797141075134277,3.385446310043335,0,3SGB_TI11E
3SGB,TI11H,3.5076560974121094,1.295576572418213,0,3SGB_TI11H
3SGB,TI11F,3.63932466506958,0.831895112991333,0,3SGB_TI11F
3SGB,TI11R,1.9727510213851929,3.2526652812957764,0,3SGB_TI11R
3SGB,TI11Y,3.366955280303955,2.3227317333221436,0,3SGB_TI11Y
3SGB,TI11W,3.0342824459075928,0.0701756402850151,0,3SGB_TI11W
1R0R,EI14G,2.7119977474212646,1.8234500885009766,0,1R0R_EI14G
1R0R,EI14A,2.0894362926483154,1.2454791069030762,0,1R0R_EI14A
1R0R,EI14S,3.1751527786254883,0.9659585356712341,0,1R0R_EI14S
1R0R,EI14C,2.371582269668579,1.0225234031677246,0,1R0R_EI14C
1R0R,EI14V,0.0947713702917099,0.9810461401939392,0,1R0R_EI14V
1R0R,EI14T,4.2522759437561035,0.8490058183670044,0,1R0R_EI14T
1R0R,EI14P,3.76448392868042,0.7437742352485657,0,1R0R_EI14P
1R0R,EI14L,0.5696492195129395,0.5001301169395447,0,1R0R_EI14L
1R0R,EI14I,0.7369973063468933,0.5698402523994446,0,1R0R_EI14I
1R0R,EI14M,1.5712368488311768,1.0085625648498535,0,1R0R_EI14M
1R0R,EI14N,2.118342161178589,0.4445350170135498,0,1R0R_EI14N
1R0R,EI14D,0.25873422622680664,-0.11535466462373734,0,1R0R_EI14D
1R0R,EI14K,2.7119977474212646,2.1398048400878906,0,1R0R_EI14K
1R0R,EI14Q,1.2821743488311768,0.6026994585990906,0,1R0R_EI14Q
1R0R,EI14H,1.7088130712509155,-2.069467306137085,0,1R0R_EI14H
1R0R,EI14F,3.618090867996216,0.6592933535575867,0,1R0R_EI14F
1R0R,EI14R,2.0894362926483154,1.633103370666504,0,1R0R_EI14R
1R0R,EI14Y,1.8898556232452393,-0.4588099718093872,0,1R0R_EI14Y
1R0R,EI14W,1.8495138883590698,0.48235028982162476,0,1R0R_EI14W
3SGB,EI13G,2.104952812194824,2.8472259044647217,0,3SGB_EI13G
3SGB,EI13A,1.0192363262176514,2.538330078125,0,3SGB_EI13A
3SGB,EI13S,1.9436081647872925,2.2103235721588135,0,3SGB_EI13S
3SGB,EI13C,1.1746745109558105,1.974388837814331,0,3SGB_EI13C
3SGB,EI13V,0.1275499165058136,1.9331603050231934,0,3SGB_EI13V
3SGB,EI13T,2.1434850692749023,2.2110772132873535,0,3SGB_EI13T
3SGB,EI13P,2.275153636932373,0.9764319658279419,0,3SGB_EI13P
3SGB,EI13L,0.779313862323761,2.2537713050842285,0,3SGB_EI13L
3SGB,EI13I,-0.6233893632888794,1.7332806587219238,0,3SGB_EI13I
3SGB,EI13M,-0.18949657678604126,2.0174474716186523,0,3SGB_EI13M
3SGB,EI13N,1.1020385026931763,1.6753357648849487,0,3SGB_EI13N
3SGB,EI13D,0.5527053475379944,0.6863741278648376,0,3SGB_EI13D
3SGB,EI13K,0.1687806099653244,2.4910855293273926,0,3SGB_EI13K
3SGB,EI13Q,0.18353120982646942,1.8319060802459717,0,3SGB_EI13Q
3SGB,EI13H,0.5260738134384155,0.5708043575286865,0,3SGB_EI13H
3SGB,EI13F,1.9436081647872925,1.7349803447723389,0,3SGB_EI13F
3SGB,EI13R,1.275046706199646,3.242060422897339,0,3SGB_EI13R
3SGB,EI13Y,0.779313862323761,2.011762857437134,0,3SGB_EI13Y
3SGB,EI13W,1.5477023124694824,1.7915737628936768,0,3SGB_EI13W
1R0R,YI15G,6.402083396911621,4.342584133148193,0,1R0R_YI15G
1R0R,YI15A,5.474548816680908,3.06022047996521,0,1R0R_YI15A
1R0R,YI15S,5.162713527679443,2.7147676944732666,0,1R0R_YI15S
1R0R,YI15C,3.2540266513824463,2.91180157661438,0,1R0R_YI15C
1R0R,YI15V,3.5100741386413574,2.429598093032837,0,1R0R_YI15V
1R0R,YI15T,5.474548816680908,3.31864070892334,0,1R0R_YI15T
1R0R,YI15P,6.6544342041015625,5.935583591461182,0,1R0R_YI15P
1R0R,YI15L,2.5751163959503174,1.552303671836853,0,1R0R_YI15L
1R0R,YI15I,2.864560604095459,3.3030989170074463,0,1R0R_YI15I
1R0R,YI15M,3.1389987468719482,2.9548943042755127,0,1R0R_YI15M
1R0R,YI15N,5.6164469718933105,2.8317058086395264,0,1R0R_YI15N
1R0R,YI15D,5.7712931632995605,3.219012498855591,0,1R0R_YI15D
1R0R,YI15K,5.512417793273926,3.6610729694366455,0,1R0R_YI15K
1R0R,YI15Q,4.503169536590576,2.358374834060669,0,1R0R_YI15Q
1R0R,YI15E,4.618197917938232,5.008172512054443,0,1R0R_YI15E
1R0R,YI15H,3.4711196422576904,2.091205358505249,0,1R0R_YI15H
1R0R,YI15F,0.6170114278793335,1.4166423082351685,0,1R0R_YI15F
1R0R,YI15R,4.470016956329346,1.9673672914505005,0,1R0R_YI15R
1R0R,YI15W,-0.3641657531261444,1.0622642040252686,0,1R0R_YI15W
3SGB,YI14G,2.8423960208892822,3.4519264698028564,0,3SGB_YI14G
3SGB,YI14A,1.9436081647872925,3.2109944820404053,0,3SGB_YI14A
3SGB,YI14S,2.0356457233428955,2.0615720748901367,0,3SGB_YI14S
3SGB,YI14C,1.6952435970306396,2.209052324295044,0,3SGB_YI14C
3SGB,YI14V,4.421689987182617,2.129657506942749,0,3SGB_YI14V
3SGB,YI14T,4.871827125549316,1.4004042148590088,0,3SGB_YI14T
3SGB,YI14P,6.276340007781982,4.7691240310668945,0,3SGB_YI14P
3SGB,YI14L,1.5761455297470093,0.1676596999168396,0,3SGB_YI14L
3SGB,YI14I,3.5919625759124756,2.0993075370788574,0,3SGB_YI14I
3SGB,YI14M,2.002784252166748,1.1082663536071777,0,3SGB_YI14M
3SGB,YI14N,3.158531904220581,2.0806705951690674,0,3SGB_YI14N
3SGB,YI14D,2.9118733406066895,3.5293171405792236,0,3SGB_YI14D
3SGB,YI14K,3.432969808578491,2.2730181217193604,0,3SGB_YI14K
3SGB,YI14Q,3.2810475826263428,2.901636838912964,0,3SGB_YI14Q
3SGB,YI14E,2.0356457233428955,4.255273818969727,0,3SGB_YI14E
3SGB,YI14H,1.713875651359558,1.2040449380874634,0,3SGB_YI14H
3SGB,YI14F,0.1687806099653244,0.1908295601606369,0,3SGB_YI14F
3SGB,YI14R,2.7605485916137695,1.4984958171844482,0,3SGB_YI14R
3SGB,YI14W,0.38874247670173645,1.3257381916046143,0,3SGB_YI14W
1R0R,RI16G,2.0894362926483154,2.0794708728790283,0,1R0R_RI16G
1R0R,RI16A,-0.09604763239622116,1.999481201171875,0,1R0R_RI16A
1R0R,RI16S,-0.01634453982114792,1.3393568992614746,0,1R0R_RI16S
1R0R,RI16C,0.11502811312675476,1.16568922996521,0,1R0R_RI16C
1R0R,RI16V,0.11502811312675476,1.4554800987243652,0,1R0R_RI16V
1R0R,RI16T,0.3446420133113861,1.0849900245666504,0,1R0R_RI16T
1R0R,RI16P,7.390504837036133,4.8167338371276855,0,1R0R_RI16P
1R0R,RI16L,0.23210270702838898,0.9300238490104675,0,1R0R_RI16L
1R0R,RI16I,0.20706579089164734,0.1041342243552208,0,1R0R_RI16I
1R0R,RI16M,0.44681063294410706,1.2498726844787598,0,1R0R_RI16M
1R0R,RI16N,-0.050451911985874176,0.259269118309021,0,1R0R_RI16N
1R0R,RI16D,-0.17991724610328674,0.5966136455535889,0,1R0R_RI16D
1R0R,RI16K,-0.09604763239622116,-0.15348124504089355,0,1R0R_RI16K
1R0R,RI16Q,0.182406947016716,0.4908316731452942,0,1R0R_RI16Q
1R0R,RI16E,0.3446420133113861,2.206813097000122,0,1R0R_RI16E
1R0R,RI16H,0.5256845355033875,-0.16779476404190063,0,1R0R_RI16H
1R0R,RI16F,0.44681063294410706,0.02392716333270073,0,1R0R_RI16F
1R0R,RI16Y,0.8233245611190796,0.6509231328964233,0,1R0R_RI16Y
1R0R,RI16W,0.94539874792099,0.7515879273414612,0,1R0R_RI16W
3SGB,RI15G,1.1071680784225464,0.7130968570709229,0,3SGB_RI15G
3SGB,RI15A,0.053752489387989044,0.5986500978469849,0,3SGB_RI15A
3SGB,RI15S,0.27762654423713684,0.4438651204109192,0,3SGB_RI15S
3SGB,RI15C,0.5527053475379944,0.3701518774032593,0,3SGB_RI15C
3SGB,RI15V,-0.023633696138858795,-0.015512739308178425,0,3SGB_RI15V
3SGB,RI15T,0.45373380184173584,-0.19342902302742004,0,3SGB_RI15T
3SGB,RI15P,7.684475898742676,3.152766466140747,0,3SGB_RI15P
3SGB,RI15L,0.22795669734477997,-0.7595843076705933,0,3SGB_RI15L
3SGB,RI15I,0.24351918697357178,-0.2648410201072693,0,3SGB_RI15I
3SGB,RI15M,0.1275499165058136,-0.7097366452217102,0,3SGB_RI15M
3SGB,RI15N,0.33107247948646545,-0.04218754544854164,0,3SGB_RI15N
3SGB,RI15D,0.6386131048202515,-0.9826566576957703,0,3SGB_RI15D
3SGB,RI15K,-0.2777929902076721,-0.331007719039917,0,3SGB_RI15K
3SGB,RI15Q,0.04153655096888542,-0.40692049264907837,0,3SGB_RI15Q
3SGB,RI15E,0.6714746952056885,0.4078856110572815,0,3SGB_RI15E
3SGB,RI15H,0.45373380184173584,-0.344723105430603,0,3SGB_RI15H
3SGB,RI15F,0.22795669734477997,-1.2016990184783936,0,3SGB_RI15F
3SGB,RI15Y,0.29397109150886536,0.025640185922384262,0,3SGB_RI15Y
3SGB,RI15W,0.31183531880378723,-1.1413708925247192,0,3SGB_RI15W
1R0R,PI9G,-0.34582212567329407,1.181958556175232,0,1R0R_PI9G
1R0R,PI9A,-0.6389058828353882,0.17021071910858154,0,1R0R_PI9A
1R0R,PI9S,0.13621847331523895,-0.1426774263381958,0,1R0R_PI9S
1R0R,PI9C,-0.9866675138473511,-1.0020684003829956,0,1R0R_PI9C
1R0R,PI9V,1.331018328666687,-0.14690032601356506,0,1R0R_PI9V
1R0R,PI9T,1.1977499723434448,-0.6251561641693115,0,1R0R_PI9T
1R0R,PI9L,1.1842538118362427,-0.4650358259677887,0,1R0R_PI9L
1R0R,PI9I,1.7416746616363525,-0.38661593198776245,0,1R0R_PI9I
1R0R,PI9M,-0.03315281495451927,-0.36407554149627686,0,1R0R_PI9M
1R0R,PI9N,-0.9173604846000671,-0.2906608283519745,0,1R0R_PI9N
1R0R,PI9D,-2.5212764739990234,-1.0476734638214111,0,1R0R_PI9D
1R0R,PI9K,0.3446420133113861,-0.6232984066009521,0,1R0R_PI9K
1R0R,PI9Q,-1.4146230220794678,-0.34989437460899353,0,1R0R_PI9Q
1R0R,PI9E,-2.24299955368042,-0.7092732787132263,0,1R0R_PI9E
1R0R,PI9H,-0.216517373919487,-0.5786731243133545,0,1R0R_PI9H
1R0R,PI9F,1.3820353746414185,-0.5366991758346558,0,1R0R_PI9F
1R0R,PI9R,1.10240638256073,0.5583890080451965,0,1R0R_PI9R
1R0R,PI9Y,0.8574670553207397,-0.945466935634613,0,1R0R_PI9Y
1R0R,PI9W,0.48534274101257324,-1.5425443649291992,0,1R0R_PI9W
3SGB,PI8G,0.053752489387989044,0.448945015668869,0,3SGB_PI8G
3SGB,PI8A,-0.18949657678604126,0.1900307834148407,0,3SGB_PI8A
3SGB,PI8S,0.06572162359952927,-0.24222804605960846,0,3SGB_PI8S
3SGB,PI8C,-0.3274226188659668,-0.6904971599578857,0,3SGB_PI8C
3SGB,PI8V,-0.31041327118873596,-0.39348316192626953,0,3SGB_PI8V
3SGB,PI8T,-0.10867909342050552,-0.36502277851104736,0,3SGB_PI8T
3SGB,PI8L,-0.1413743942975998,-0.9544479846954346,0,3SGB_PI8L
3SGB,PI8I,-0.023633696138858795,-0.2575293779373169,0,3SGB_PI8I
3SGB,PI8M,-0.5005508065223694,-0.7146804928779602,0,3SGB_PI8M
3SGB,PI8N,-0.12480123341083527,-0.4606637954711914,0,3SGB_PI8N
3SGB,PI8D,-1.033098578453064,-0.610280454158783,0,3SGB_PI8D
3SGB,PI8K,0.11405384540557861,0.21926280856132507,0,3SGB_PI8K
3SGB,PI8Q,-0.31602898240089417,-0.30464550852775574,0,3SGB_PI8Q
3SGB,PI8E,-0.6233893632888794,-0.6791952848434448,0,3SGB_PI8E
3SGB,PI8H,0.27762654423713684,-0.48712897300720215,0,3SGB_PI8H
3SGB,PI8F,-0.3449347913265228,-0.8417057394981384,0,3SGB_PI8F
3SGB,PI8R,0.31183531880378723,0.3040716052055359,0,3SGB_PI8R
3SGB,PI8Y,-0.40146076679229736,-1.0662121772766113,0,3SGB_PI8Y
3SGB,PI8W,-0.5005508065223694,-0.6173017024993896,0,3SGB_PI8W
1R0R,KI8G,-0.8384865522384644,2.0469162464141846,0,1R0R_KI8G
1R0R,KI8A,-0.6100000739097595,0.4278658330440521,0,1R0R_KI8A
1R0R,KI8S,-0.3073604106903076,0.19124582409858704,0,1R0R_KI8S
1R0R,KI8C,-0.6156694889068604,0.2462984323501587,0,1R0R_KI8C
1R0R,KI8V,0.4106564223766327,1.3778846263885498,0,1R0R_KI8V
1R0R,KI8T,0.8897486925125122,0.6881011128425598,0,1R0R_KI8T
1R0R,KI8P,1.347826600074768,1.471137523651123,0,1R0R_KI8P
1R0R,KI8L,-0.32802942395210266,0.39918431639671326,0,1R0R_KI8L
1R0R,KI8I,1.1239525079727173,1.9852138757705688,0,1R0R_KI8I
1R0R,KI8M,-0.5612779259681702,0.3193528652191162,0,1R0R_KI8M
1R0R,KI8N,-0.3908401131629944,0.04887401685118675,0,1R0R_KI8N
1R0R,KI8D,-0.5933101773262024,0.32165974378585815,0,1R0R_KI8D
1R0R,KI8Q,-0.5308891534805298,-0.5526605248451233,0,1R0R_KI8Q
1R0R,KI8E,-0.11043988913297653,0.8303912878036499,0,1R0R_KI8E
1R0R,KI8H,-0.5933101773262024,0.1582404375076294,0,1R0R_KI8H
1R0R,KI8F,-0.7945218682289124,1.0366979837417603,0,1R0R_KI8F
1R0R,KI8R,0.13621847331523895,-0.20231589674949646,0,1R0R_KI8R
1R0R,KI8Y,-0.6954318284988403,0.9687824249267578,0,1R0R_KI8Y
1R0R,KI8W,-1.10543692111969,0.028096850961446762,0,1R0R_KI8W
3SGB,KI7G,-0.7255579829216003,1.2772119045257568,0,3SGB_KI7G
3SGB,KI7A,-2.572140693664551,0.5810433030128479,0,3SGB_KI7A
3SGB,KI7S,-2.587596893310547,0.17657917737960815,0,3SGB_KI7S
3SGB,KI7C,-0.5848572254180908,0.38696688413619995,0,3SGB_KI7C
3SGB,KI7V,-0.9551718831062317,0.7626469135284424,0,3SGB_KI7V
3SGB,KI7T,-1.9490283727645874,0.06830441206693649,0,3SGB_KI7T
3SGB,KI7P,0.0,1.175568699836731,0,3SGB_KI7P
3SGB,KI7L,-1.8173596858978271,0.2507990896701813,0,3SGB_KI7L
3SGB,KI7I,-1.3446379899978638,0.5848255157470703,0,3SGB_KI7I
3SGB,KI7M,-1.1662476062774658,0.24261775612831116,0,3SGB_KI7M
3SGB,KI7N,-0.6595435738563538,0.10597091168165207,0,3SGB_KI7N
3SGB,KI7D,-0.6233893632888794,-0.48749884963035583,0,3SGB_KI7D
3SGB,KI7Q,-0.6233893632888794,-0.22433646023273468,0,3SGB_KI7Q
3SGB,KI7E,0.03220640495419502,0.17118249833583832,0,3SGB_KI7E
3SGB,KI7H,-0.40146076679229736,0.1889905035495758,0,3SGB_KI7H
3SGB,KI7F,-0.7255579829216003,0.6420126557350159,0,3SGB_KI7F
3SGB,KI7R,-0.6926963925361633,-0.11853695660829544,0,3SGB_KI7R
3SGB,KI7Y,-0.5848572254180908,0.39012712240219116,0,3SGB_KI7Y
3SGB,KI7W,-0.013389315456151962,0.38441014289855957,0,3SGB_KI7W
1R0R,GI27A,1.29815673828125,0.13511604070663452,0,1R0R_GI27A
1R0R,GI27S,0.9117754697799683,0.31676119565963745,0,1R0R_GI27S
1R0R,GI27C,1.4199045896530151,1.4387123584747314,0,1R0R_GI27C
1R0R,GI27V,1.933820366859436,0.6007001399993896,0,1R0R_GI27V
1R0R,GI27T,1.6787798404693604,1.943729281425476,0,1R0R_GI27T
1R0R,GI27P,1.0800471305847168,-0.10837952047586441,0,1R0R_GI27P
1R0R,GI27L,2.4107375144958496,2.219341516494751,0,1R0R_GI27L
1R0R,GI27I,1.98118257522583,2.171790838241577,0,1R0R_GI27I
1R0R,GI27M,2.1565780639648438,1.8668386936187744,0,1R0R_GI27M
1R0R,GI27N,1.2821743488311768,0.4451860189437866,0,1R0R_GI27N
1R0R,GI27D,2.8881049156188965,2.34173846244812,0,1R0R_GI27D
1R0R,GI27K,2.935408115386963,2.218388795852661,0,1R0R_GI27K
1R0R,GI27Q,2.0329103469848633,1.9100313186645508,0,1R0R_GI27Q
1R0R,GI27E,1.98118257522583,1.586386799812317,0,1R0R_GI27E
1R0R,GI27H,2.192495346069336,0.40083321928977966,0,1R0R_GI27H
1R0R,GI27F,0.11502811312675476,0.9337251782417297,0,1R0R_GI27F
1R0R,GI27R,3.4711196422576904,2.06156325340271,0,1R0R_GI27R
1R0R,GI27Y,0.48534274101257324,-0.3867325484752655,0,1R0R_GI27Y
1R0R,GI27W,1.4012725353240967,0.8547260165214539,0,1R0R_GI27W
3SGB,GI26A,1.2227966785430908,1.0252723693847656,0,3SGB_GI26A
3SGB,GI26S,1.6076903343200684,0.47256213426589966,0,3SGB_GI26S
3SGB,GI26C,2.611656904220581,1.3710951805114746,0,3SGB_GI26C
3SGB,GI26V,2.728342294692993,0.8477709293365479,0,3SGB_GI26V
3SGB,GI26T,3.0342824459075928,1.56908118724823,0,3SGB_GI26T
3SGB,GI26P,1.0968642234802246,0.23034721612930298,0,3SGB_GI26P
3SGB,GI26L,2.6581475734710693,1.699361801147461,0,3SGB_GI26L
3SGB,GI26I,4.092513084411621,1.9373643398284912,0,3SGB_GI26I
3SGB,GI26M,2.7940638065338135,1.5808157920837402,0,3SGB_GI26M
3SGB,GI26N,2.275153636932373,0.21059909462928772,0,3SGB_GI26N
3SGB,GI26D,1.62498939037323,2.154772996902466,0,3SGB_GI26D
3SGB,GI26K,2.5250134468078613,1.6669590473175049,0,3SGB_GI26K
3SGB,GI26Q,2.956298828125,1.995544672012329,0,3SGB_GI26Q
3SGB,GI26E,1.9727510213851929,1.8042272329330444,0,3SGB_GI26E
3SGB,GI26H,2.738189220428467,0.3856821656227112,0,3SGB_GI26H
3SGB,GI26F,3.022313356399536,0.1954563856124878,0,3SGB_GI26F
3SGB,GI26R,3.5076560974121094,1.801908254623413,0,3SGB_GI26R
3SGB,GI26Y,3.0961108207702637,0.10602190345525742,0,3SGB_GI26Y
3SGB,GI26W,3.912061929702759,-0.527545690536499,0,3SGB_GI26W
1R0R,NI31G,0.28546592593193054,-1.4019412994384766,0,1R0R_NI31G
1R0R,NI31A,-0.03315281495451927,-1.1084250211715698,0,1R0R_NI31A
1R0R,NI31S,0.48534274101257324,-0.977242648601532,0,1R0R_NI31S
1R0R,NI31C,0.5696492195129395,-0.05825934186577797,0,1R0R_NI31C
1R0R,NI31V,0.6687392592430115,0.2325838804244995,0,1R0R_NI31V
1R0R,NI31T,0.5696492195129395,0.024566229432821274,0,1R0R_NI31T
1R0R,NI31P,1.4791991710662842,-0.8201026916503906,0,1R0R_NI31P
1R0R,NI31L,1.546578049659729,0.982329249382019,0,1R0R_NI31L
1R0R,NI31I,0.31460878252983093,0.3809354603290558,0,1R0R_NI31I
1R0R,NI31M,0.31460878252983093,0.4958239197731018,0,1R0R_NI31M
1R0R,NI31D,0.5696492195129395,0.7679761052131653,0,1R0R_NI31D
1R0R,NI31K,1.1476536989212036,1.2220313549041748,0,1R0R_NI31K
1R0R,NI31Q,-0.27443793416023254,0.1845477819442749,0,1R0R_NI31Q
1R0R,NI31E,-0.20501308143138885,0.7272754311561584,0,1R0R_NI31E
1R0R,NI31H,0.28546592593193054,-0.5908353328704834,0,1R0R_NI31H
1R0R,NI31F,-0.17991724610328674,0.26734527945518494,0,1R0R_NI31F
1R0R,NI31R,1.4589425325393677,1.2834547758102417,0,1R0R_NI31R
1R0R,NI31Y,0.182406947016716,0.10544534772634506,0,1R0R_NI31Y
1R0R,NI31W,0.05573347210884094,0.057184066623449326,0,1R0R_NI31W
3SGB,NI30G,0.31183531880378723,-0.47127190232276917,0,3SGB_NI30G
3SGB,NI30A,0.33107247948646545,-0.02011961117386818,0,3SGB_NI30A
3SGB,NI30S,0.4089992046356201,-0.1148439422249794,0,3SGB_NI30S
3SGB,NI30C,0.3497045636177063,0.19371715188026428,0,3SGB_NI30C
3SGB,NI30V,-0.2418758124113083,0.7035194039344788,0,3SGB_NI30V
3SGB,NI30T,0.009847073815762997,0.16156631708145142,0,3SGB_NI30T
3SGB,NI30P,0.5794370174407959,-0.03475550189614296,0,3SGB_NI30P
3SGB,NI30L,0.7407817244529724,2.100938081741333,0,3SGB_NI30L
3SGB,NI30I,0.1979234665632248,0.6920362114906311,0,3SGB_NI30I
3SGB,NI30M,0.1407453864812851,0.6488052010536194,0,3SGB_NI30M
3SGB,NI30D,0.9109824895858765,-1.9939312934875488,0,3SGB_NI30D
3SGB,NI30K,0.5794370174407959,1.8278956413269043,0,3SGB_NI30K
3SGB,NI30Q,0.24351918697357178,0.5060881972312927,0,3SGB_NI30Q
3SGB,NI30E,0.9627103805541992,0.7630794644355774,0,3SGB_NI30E
3SGB,NI30H,-0.12480123341083527,-0.6836233735084534,0,3SGB_NI30H
3SGB,NI30F,-0.1413743942975998,1.8060271739959717,0,3SGB_NI30F
3SGB,NI30R,0.5794370174407959,2.091742515563965,0,3SGB_NI30R
3SGB,NI30Y,-0.10867909342050552,1.7404606342315674,0,3SGB_NI30Y
3SGB,NI30W,0.5260738134384155,1.491332769393921,0,3SGB_NI30W
1R0R,"TI12K,LI13R",5.259514808654785,4.796641826629639,0,"1R0R_TI12K,LI13R"
1R0R,"TI12R,LI13R",6.506483554840088,4.994539737701416,0,"1R0R_TI12R,LI13R"
1R0R,"AI10R,LI13R",7.752178192138672,1.558892011642456,0,"1R0R_AI10R,LI13R"
1R0R,"AI10R,TI12K,LI13R",9.314399719238281,4.194519519805908,0,"1R0R_AI10R,TI12K,LI13R"
1R0R,"PI9S,AI10L,TI12K,LI13R",4.892764091491699,4.307770252227783,0,"1R0R_PI9S,AI10L,TI12K,LI13R"
3SGB,"TI11K,LI12R",5.307282447814941,5.760827541351318,0,"3SGB_TI11K,LI12R"
3SGB,"TI11R,LI12R",5.55207633972168,5.8418965339660645,0,"3SGB_TI11R,LI12R"
3SGB,"AI9R,LI12R",5.156419277191162,3.2656140327453613,0,"3SGB_AI9R,LI12R"
3SGB,"AI9R,TI11K,LI12R",6.780235290527344,5.38683557510376,0,"3SGB_AI9R,TI11K,LI12R"
3SGB,"AI9R,TI11P,LI12R",8.58305835723877,6.667466640472412,0,"3SGB_AI9R,TI11P,LI12R"
3SGB,"PI8S,AI9R,TI11P,LI12R",8.229696273803711,5.692600727081299,0,"3SGB_PI8S,AI9R,TI11P,LI12R"
3SGB,"KI7R,AI9R,TI11K,LI12R",5.593153476715088,5.726964950561523,0,"3SGB_KI7R,AI9R,TI11K,LI12R"
3SGB,"KI7R,PI8F,AI9R,TI11K,LI12R",5.736030578613281,5.9180006980896,0,"3SGB_KI7R,PI8F,AI9R,TI11K,LI12R"
3SGB,"AI9R,TI11K,LI12R,RI15L",6.982303142547607,4.9287943840026855,0,"3SGB_AI9R,TI11K,LI12R,RI15L"
3SGB,"PI8S,AI9L,TI11K,LI12R",4.974817752838135,5.391696453094482,0,"3SGB_PI8S,AI9L,TI11K,LI12R"
3SGB,"AI9R,TI11K,LI12R,EI13S",7.194701671600342,5.725912570953369,0,"3SGB_AI9R,TI11K,LI12R,EI13S"
3BTM,MI13K,-7.692373275756836,-8.668647766113281,0,3BTM_MI13K
3BTQ,QI13K,-9.370643615722656,-10.241985321044922,0,3BTQ_QI13K
3BTT,TI13K,-10.59748363494873,-12.07559585571289,0,3BTT_TI13K
1CSO,II13L,-4.481256008148193,-4.404107570648193,0,1CSO_II13L
1SGD,DI13L,-5.66865873336792,-5.223642826080322,0,1SGD_DI13L
1SGN,NI13L,-3.3998169898986816,-3.127337694168091,0,1SGN_NI13L
1SGQ,GI13L,-5.003495693206787,-4.137969493865967,0,1SGQ_GI13L
2NU1,HI13L,-1.713875651359558,-2.696265459060669,0,2NU1_HI13L
1P6A,YA87S,1.2527592182159424,1.6897015571594238,0,1P6A_YA87S
1R0R,"EI5D,AI10V,TI12P,EI14D,RI16M,NI23S,GI27S,NI40S,SI46R",4.94042444229126,3.3009560108184814,0,"1R0R_EI5D,AI10V,TI12P,EI14D,RI16M,NI23S,GI27S,NI40S,SI46R"
1R0R,"TI12P,LI13K,EI14D,LI18V,SI46N",7.546120643615723,3.6122310161590576,0,"1R0R_TI12P,LI13K,EI14D,LI18V,SI46N"
1R0R,"TI12P,LI13K,EI14D,LI18V,GI27S,SI46N",7.678322792053223,3.7213854789733887,0,"1R0R_TI12P,LI13K,EI14D,LI18V,GI27S,SI46N"
1R0R,"EI5G,KI8Q,PI9S,TI12P,LI13Q,EI14D,RI16V,LI18F,GI27S,VI37A,EI38D",3.5714170932769775,4.701304912567139,0,"1R0R_EI5G,KI8Q,PI9S,TI12P,LI13Q,EI14D,RI16V,LI18F,GI27S,VI37A,EI38D"
1R0R,"EI5D,YI6H,AI10V,TI12S,RI16M,NI23S,GI27S,NI31D",0.3446420133113861,3.8850746154785156,0,"1R0R_EI5D,YI6H,AI10V,TI12S,RI16M,NI23S,GI27S,NI31D"
1R0R,"AI10V,TI12S,LI13P,RI16M,NI23S,GI27N,NI31D,NI34S,SI46G",9.231593132019043,7.7572455406188965,0,"1R0R_AI10V,TI12S,LI13P,RI16M,NI23S,GI27N,NI31D,NI34S,SI46G"
1R0R,"EI5D,AI10V,TI12S,RI16M,NI23S,GI27N,NI31D,SI46G",0.48534274101257324,2.929675340652466,0,"1R0R_EI5D,AI10V,TI12S,RI16M,NI23S,GI27N,NI31D,SI46G"
1R0R,"EI5D,AI10V,TI12S,RI16M,NI23S,GI27S,EI38D",0.20706579089164734,2.9789512157440186,0,"1R0R_EI5D,AI10V,TI12S,RI16M,NI23S,GI27S,EI38D"
1R0R,"VI1I,EI5D,AI10V,TI12S,RI16M,NI23S,GI27S,EI38D,TI44I",0.28546592593193054,2.8456294536590576,0,"1R0R_VI1I,EI5D,AI10V,TI12S,RI16M,NI23S,GI27S,EI38D,TI44I"
1R0R,"EI5D,AI10V,TI12S,RI16M,NI23S,GI27S,VI37A,EI38D",-0.050451911985874176,2.6247127056121826,0,"1R0R_EI5D,AI10V,TI12S,RI16M,NI23S,GI27S,VI37A,EI38D"
1R0R,"EI5D,RI16M,KI24Q,GI27S,NI31S,EI38D",0.6687392592430115,0.3384653329849243,0,"1R0R_EI5D,RI16M,KI24Q,GI27S,NI31S,EI38D"
1R0R,"RI16M,KI24Q,GI27S,EI38D",1.111736536026001,1.3794529438018799,0,"1R0R_RI16M,KI24Q,GI27S,EI38D"
1R0R,"EI5D,RI16M,EI38D",0.4106564223766327,0.3761301338672638,0,"1R0R_EI5D,RI16M,EI38D"
1R0R,"EI5D,KI8R,AI10D,RI16M,EI38D",5.7712931632995605,0.014200384728610516,0,"1R0R_EI5D,KI8R,AI10D,RI16M,EI38D"
1R0R,"EI5D,RI16M,KI29R,EI38D",-0.08199673146009445,0.39944568276405334,0,"1R0R_EI5D,RI16M,KI29R,EI38D"
1R0R,"EI5G,LI13M,RI16M,EI38D",-0.2402186095714569,1.309167742729187,0,"1R0R_EI5G,LI13M,RI16M,EI38D"
1R0R,"EI5D,LI13M,RI16M,EI38D",-0.2402186095714569,1.3210439682006836,0,"1R0R_EI5D,LI13M,RI16M,EI38D"
1R0R,"EI5D,LI13V,RI16M,GI27D,EI38D",4.6621623039245605,5.412172317504883,0,"1R0R_EI5D,LI13V,RI16M,GI27D,EI38D"
1R0R,"EI5D,LI13V,RI16M,EI38D",2.3825201988220215,3.123645544052124,0,"1R0R_EI5D,LI13V,RI16M,EI38D"
1R0R,"EI5D,TI12R,LI13M,RI16M,EI38D",3.3970813751220703,5.002425670623779,0,"1R0R_EI5D,TI12R,LI13M,RI16M,EI38D"
1R0R,"EI5G,LI13M,RI16M,EI38D,KI50E",-0.6954318284988403,0.660284698009491,0,"1R0R_EI5G,LI13M,RI16M,EI38D,KI50E"
1R0R,"DI2N,EI5G,LI13M,RI16M,EI38D,KI50E",-1.0495623350143433,0.6451501250267029,0,"1R0R_DI2N,EI5G,LI13M,RI16M,EI38D,KI50E"
1R0R,"EI5D,AI10V,TI12S,YI15D,RI16M,NI23S,GI27S,EI38D",5.331493854522705,6.793131351470947,0,"1R0R_EI5D,AI10V,TI12S,YI15D,RI16M,NI23S,GI27S,EI38D"
1R0R,"EI5D,AI10V,TI12S,RI16M,NI23S,GI27S,NI31D,EI38D,TI44N",0.07379743456840515,3.2624127864837646,0,"1R0R_EI5D,AI10V,TI12S,RI16M,NI23S,GI27S,NI31D,EI38D,TI44N"
1R0R,"EI5D,AI10V,TI12S,RI16M,NI23S,GI27S,NI31D,EI38D",0.11502811312675476,3.256089687347412,0,"1R0R_EI5D,AI10V,TI12S,RI16M,NI23S,GI27S,NI31D,EI38D"
1R0R,"EI5D,AI10V,TI12S,RI16M,NI23S,GI27S,NI31D,VI36F,EI38D,TI44S",0.037101369351148605,2.932804822921753,0,"1R0R_EI5D,AI10V,TI12S,RI16M,NI23S,GI27S,NI31D,VI36F,EI38D,TI44S"
1R0R,"AI10V,TI12S,RI16M,NI23S,KI24Q,GI27S,KI29E,EI38D",1.4012725353240967,3.7098605632781982,0,"1R0R_AI10V,TI12S,RI16M,NI23S,KI24Q,GI27S,KI29E,EI38D"
1R0R,LI13M,-0.5162599682807922,0.4174257516860962,0,1R0R_LI13M
1R0R,"LI13M,TI44N,KI50T",-0.8384865522384644,0.8244557976722717,0,"1R0R_LI13M,TI44N,KI50T"
1R0R,"NI23S,GI27A",1.2537312507629395,-0.008434508927166462,0,"1R0R_NI23S,GI27A"
1R0R,"AI10D,GI27A",5.903494834899902,0.29113703966140747,0,"1R0R_AI10D,GI27A"
1R0R,"AI10D,GI27A,NI28S",5.834187984466553,0.7661601901054382,0,"1R0R_AI10D,GI27A,NI28S"
1R0R,GI27A,1.331018328666687,0.15287873148918152,0,1R0R_GI27A
1R0R,"TI12M,LI13S,GI27V",3.013808250427246,4.421588897705078,0,"1R0R_TI12M,LI13S,GI27V"
1R0R,"RI16V,LI18I",-0.01634453982114792,0.6751198172569275,0,"1R0R_RI16V,LI18I"
1R0R,"LI13S,RI16V,LI18I",1.8898556232452393,2.457597494125366,0,"1R0R_LI13S,RI16V,LI18I"
1R0R,NI23S,-0.06601440161466599,-0.07380975037813187,0,1R0R_NI23S
1R0R,"LI13M,LI18V,KI24I,EI38K",-0.8384865522384644,0.7244054079055786,0,"1R0R_LI13M,LI18V,KI24I,EI38K"
1R0R,"AI10G,LI13M,LI18V,KI24I,EI38K",1.0361416339874268,1.0116978883743286,0,"1R0R_AI10G,LI13M,LI18V,KI24I,EI38K"
1R0R,"LI13M,NI31D,SI46N",-0.3073604106903076,1.3420048952102661,0,"1R0R_LI13M,NI31D,SI46N"
1R0R,"EI5D,KI8M,LI13M,LI18V",-1.7550112009048462,0.7351700067520142,0,"1R0R_EI5D,KI8M,LI13M,LI18V"
1R0R,"EI5G,LI13M,YI15S,LI18I,KI24T,GI27S,HI47Y,FI48P,KI50V",3.345353603363037,3.2379329204559326,0,"1R0R_EI5G,LI13M,YI15S,LI18I,KI24T,GI27S,HI47Y,FI48P,KI50V"
1R0R,"AI10T,LI13M",0.25873422622680664,-0.8499306440353394,0,"1R0R_AI10T,LI13M"
1R0R,"LI13M,TI25S,GI27D",2.1459031105041504,3.2652266025543213,0,"1R0R_LI13M,TI25S,GI27D"
1R0R,"LI13I,GI27D",5.3034586906433105,3.97538161277771,0,"1R0R_LI13I,GI27D"
1R0R,"AI10D,LI13A,YI15D",8.94481372833252,5.2561750411987305,0,"1R0R_AI10D,LI13A,YI15D"
1R0R,"LI13M,SI46N,HI47R,KI50Q",-0.6389058828353882,0.6448717713356018,0,"1R0R_LI13M,SI46N,HI47R,KI50Q"
1R0R,"LI13M,HI47R",-0.31760478019714355,0.3511089086532593,0,"1R0R_LI13M,HI47R"
1R0R,"LI13M,HI47R,KI50E",-0.9173604846000671,0.24020744860172272,0,"1R0R_LI13M,HI47R,KI50E"
1R0R,"LI13M,SI46N",-0.49729984998703003,0.42475149035453796,0,"1R0R_LI13M,SI46N"
1R0R,YI15H,3.0429511070251465,2.725843667984009,0,1R0R_YI15H
1R0R,"LI13M,YI15Q",3.640117645263672,4.292110443115234,0,"1R0R_LI13M,YI15Q"
1R0R,"LI13M,GI27D",2.3932597637176514,2.926265001296997,0,"1R0R_LI13M,GI27D"
1R0R,"EI5D,TI12L,RI16M,GI27D,NI31S,EI38D,TI44S",3.81807541847229,5.508327007293701,0,"1R0R_EI5D,TI12L,RI16M,GI27D,NI31S,EI38D,TI44S"
1R0R,"EI5D,RI16M,LI18F,NI23S,GI27S,EI38D",1.29815673828125,0.9678207635879517,0,"1R0R_EI5D,RI16M,LI18F,NI23S,GI27S,EI38D"
1R0R,"EI5G,KI8Q,TI12S,RI16V,LI18F,GI27S,NI31D,VI37A,EI38D",0.0,1.8568613529205322,0,"1R0R_EI5G,KI8Q,TI12S,RI16V,LI18F,GI27S,NI31D,VI37A,EI38D"
1R0R,"EI5D,TI12S,EI14D,RI16M,NI23S,GI27S,EI38D,GI49E",1.29815673828125,4.651299953460693,0,"1R0R_EI5D,TI12S,EI14D,RI16M,NI23S,GI27S,EI38D,GI49E"
1R0R,"EI5D,AI10V,YI15E,RI16M,EI38D",2.864560604095459,6.582082748413086,0,"1R0R_EI5D,AI10V,YI15E,RI16M,EI38D"
1R0R,"EI5D,AI10V,TI12S,RI16M,VI37A,EI38D",-1.1571053266525269,2.67043137550354,0,"1R0R_EI5D,AI10V,TI12S,RI16M,VI37A,EI38D"
1R0R,"DI2N,EI5D,AI10V,TI12S,EI14L,RI16M,VI37A,EI38D",-0.9173604846000671,2.6652777194976807,0,"1R0R_DI2N,EI5D,AI10V,TI12S,EI14L,RI16M,VI37A,EI38D"
1R0R,"EI5D,AI10V,YI15D,RI16M,KI24I,GI27H,NI31Y,VI37A,EI38H,LI45F",5.68878698348999,4.8251447677612305,0,"1R0R_EI5D,AI10V,YI15D,RI16M,KI24I,GI27H,NI31Y,VI37A,EI38H,LI45F"
1R0R,"EI5D,KI8Q,AI10V,TI12M,LI13G,EI14D,RI16M,NI23S,GI27S,EI38D,SI46N",3.1058459281921387,5.557143688201904,0,"1R0R_EI5D,KI8Q,AI10V,TI12M,LI13G,EI14D,RI16M,NI23S,GI27S,EI38D,SI46N"
1R0R,"YI6H,EI14D,LI18I,NI23S,GI27S,NI31D,VI37M,EI38D",0.781731903553009,0.5641338229179382,0,"1R0R_YI6H,EI14D,LI18I,NI23S,GI27S,NI31D,VI37M,EI38D"
1R0R,"EI5D,AI10V,EI14D,RI16M,KI24T,GI27S,EI38D,LI43I",-0.17991724610328674,1.9963455200195312,0,"1R0R_EI5D,AI10V,EI14D,RI16M,KI24T,GI27S,EI38D,LI43I"
1R0R,"EI5D,AI10V,TI12S,EI14D,RI16M,KI24T,GI27N,NI31I,EI38D,LI43I",1.774827480316162,4.626235008239746,0,"1R0R_EI5D,AI10V,TI12S,EI14D,RI16M,KI24T,GI27N,NI31I,EI38D,LI43I"
1R0R,"EI5D,KI8R,AI10V,EI14D,RI16M,GI27S,EI38D,LI43I,KI50R",-0.4106564223766327,1.5859260559082031,0,"1R0R_EI5D,KI8R,AI10V,EI14D,RI16M,GI27S,EI38D,LI43I,KI50R"
1R0R,"EI5D,AI10V,EI14D,RI16M,GI27S,EI38D,LI43I,KI50R",-0.2402186095714569,1.8824313879013062,0,"1R0R_EI5D,AI10V,EI14D,RI16M,GI27S,EI38D,LI43I,KI50R"
1R0R,"AI10D,LI13A",5.530481815338135,1.4892908334732056,0,"1R0R_AI10D,LI13A"
1R0R,"EI5D,LI13M,RI16M,GI27D,EI38D",2.0329103469848633,4.312996864318848,0,"1R0R_EI5D,LI13M,RI16M,GI27D,EI38D"
1R0R,GI27V,1.98118257522583,0.5828742980957031,0,1R0R_GI27V
1R0R,YI15D,5.474548816680908,3.219012498855591,0,1R0R_YI15D
1R0R,TI12E,2.8231136798858643,3.1592037677764893,0,1R0R_TI12E
1R0R,"EI5D,LI13F,RI16M,EI38D",1.135921597480774,2.0234453678131104,0,"1R0R_EI5D,LI13F,RI16M,EI38D"
1R0R,TI12S,0.8283241987228394,1.919589877128601,0,1R0R_TI12S
1R0R,TI12V,1.0800471305847168,2.9303972721099854,0,1R0R_TI12V
1R0R,AI10V,-0.9866675138473511,-0.2284853160381317,0,1R0R_AI10V
1R0R,"AI10V,TI12S",0.0947713702917099,2.7466180324554443,0,"1R0R_AI10V,TI12S"
1R0R,TI12A,0.7870935201644897,3.2072479724884033,0,1R0R_TI12A
1R0R,LI13K,2.8433704376220703,1.7049013376235962,0,1R0R_LI13K
1R0R,LI13A,0.5256845355033875,3.0769450664520264,0,1R0R_LI13A
1R0R,LI13E,2.123957872390747,4.173858165740967,0,1R0R_LI13E
1R0R,LI13Q,0.6170114278793335,2.942769765853882,0,1R0R_LI13Q
1R0R,"TI12R,LI13R",6.485773086547852,4.705446720123291,0,"1R0R_TI12R,LI13R"
1R0R,"AI10R,LI13R",7.723918437957764,1.558892011642456,0,"1R0R_AI10R,LI13R"
1R0R,"AI10R,TI12K,LI13R",9.287432670593262,4.2565412521362305,0,"1R0R_AI10R,TI12K,LI13R"
3SGB,"EI4D,AI9V,TI11P,EI13D,RI15M,NI22S,GI26S,NI39S,SI45R",2.5388455390930176,2.3909175395965576,0,"3SGB_EI4D,AI9V,TI11P,EI13D,RI15M,NI22S,GI26S,NI39S,SI45R"
3SGB,"TI11P,LI12K,EI13D,LI17V,SI45N,HI46R",4.833294868469238,5.045253276824951,0,"3SGB_TI11P,LI12K,EI13D,LI17V,SI45N,HI46R"
3SGB,"TI11P,LI12K,EI13D,LI17V,SI45N",4.912168979644775,4.9218878746032715,0,"3SGB_TI11P,LI12K,EI13D,LI17V,SI45N"
3SGB,"TI11P,LI12K,EI13D,LI17V,GI26S,SI45N",5.05522346496582,5.27532434463501,0,"3SGB_TI11P,LI12K,EI13D,LI17V,GI26S,SI45N"
3SGB,"EI4G,KI7Q,PI8S,TI11P,LI12Q,EI13D,RI15V,LI17F,GI26S,VI36A,EI37D",4.2332587242126465,5.122573375701904,0,"3SGB_EI4G,KI7Q,PI8S,TI11P,LI12Q,EI13D,RI15V,LI17F,GI26S,VI36A,EI37D"
3SGB,"EI4D,YI5H,AI9V,TI11S,RI15M,NI22S,GI26S,NI30D",4.011033535003662,0.02179550752043724,0,"3SGB_EI4D,YI5H,AI9V,TI11S,RI15M,NI22S,GI26S,NI30D"
3SGB,"EI4D,AI9V,TI11S,RI15M,NI22S,GI26N,NI30D,SI45G",3.893831253051758,0.5955196022987366,0,"3SGB_EI4D,AI9V,TI11S,RI15M,NI22S,GI26N,NI30D,SI45G"
3SGB,"EI4D,AI9V,TI11S,RI15M,NI22S,GI26S,EI37D",3.2047202587127686,1.049106478691101,0,"3SGB_EI4D,AI9V,TI11S,RI15M,NI22S,GI26S,EI37D"
3SGB,"EI4D,AI9V,TI11S,RI15M,NI22S,GI26S,EI37D,TI43I",3.0059688091278076,1.0332591533660889,0,"3SGB_EI4D,AI9V,TI11S,RI15M,NI22S,GI26S,EI37D,TI43I"
3SGB,"EI4D,AI9V,TI11S,RI15M,NI22S,GI26S,VI36A,EI37D",2.6196630001068115,0.7027051448822021,0,"3SGB_EI4D,AI9V,TI11S,RI15M,NI22S,GI26S,VI36A,EI37D"
3SGB,"EI4D,RI15M,KI23Q,GI26S,NI30S,EI37D",1.6952435970306396,-0.14931920170783997,0,"3SGB_EI4D,RI15M,KI23Q,GI26S,NI30S,EI37D"
3SGB,"RI15M,KI23Q,GI26S,EI37D",2.104952812194824,-0.008092467673122883,0,"3SGB_RI15M,KI23Q,GI26S,EI37D"
3SGB,"EI4D,RI15M,EI37D",0.07745373249053955,-0.7345665097236633,0,"3SGB_EI4D,RI15M,EI37D"
3SGB,"EI4D,KI7R,AI9D,RI15M,EI37D",-0.2884680926799774,-0.21711963415145874,0,"3SGB_EI4D,KI7R,AI9D,RI15M,EI37D"
3SGB,"EI4D,RI15M,KI28R,EI37D",-0.1413743942975998,-0.4918392300605774,0,"3SGB_EI4D,RI15M,KI28R,EI37D"
3SGB,"EI4G,LI12M,RI15M,EI37D",0.9109824895858765,0.23954032361507416,0,"3SGB_EI4G,LI12M,RI15M,EI37D"
3SGB,"EI4D,LI12M,RI15M,EI37D",0.47637805342674255,0.6566559076309204,0,"3SGB_EI4D,LI12M,RI15M,EI37D"
3SGB,"EI4D,LI12V,RI15M,GI26D,EI37D",4.029724597930908,4.548464298248291,0,"3SGB_EI4D,LI12V,RI15M,GI26D,EI37D"
3SGB,"EI4D,LI12V,RI15M,EI37D",3.0342824459075928,2.7599802017211914,0,"3SGB_EI4D,LI12V,RI15M,EI37D"
3SGB,"EI4D,TI11R,LI12M,RI15M,EI37D",2.3834073543548584,4.694103717803955,0,"3SGB_EI4D,TI11R,LI12M,RI15M,EI37D"
3SGB,"EI4G,LI12M,RI15M,EI37D,KI49E",0.18353120982646942,0.1489228904247284,0,"3SGB_EI4G,LI12M,RI15M,EI37D,KI49E"
3SGB,"DI1N,EI4G,LI12M,RI15M,EI37D,KI49E",0.019533153623342514,0.19746088981628418,0,"3SGB_DI1N,EI4G,LI12M,RI15M,EI37D,KI49E"
3SGB,"EI4D,AI9V,TI11S,YI14D,RI15M,NI22S,GI26S,EI37D",4.871827125549316,4.969749927520752,0,"3SGB_EI4D,AI9V,TI11S,YI14D,RI15M,NI22S,GI26S,EI37D"
3SGB,"EI4D,AI9V,TI11S,RI15M,NI22S,GI26S,NI30D,EI37D,TI43N",3.3369221687316895,0.07452928274869919,0,"3SGB_EI4D,AI9V,TI11S,RI15M,NI22S,GI26S,NI30D,EI37D,TI43N"
3SGB,"EI4D,AI9V,TI11S,RI15M,NI22S,GI26S,NI30D,EI37D",3.366955280303955,0.1089208647608757,0,"3SGB_EI4D,AI9V,TI11S,RI15M,NI22S,GI26S,NI30D,EI37D"
3SGB,"EI4D,AI9V,TI11S,RI15M,NI22S,GI26S,NI30D,VI35F,EI37D,TI43S",3.307779312133789,0.260775625705719,0,"3SGB_EI4D,AI9V,TI11S,RI15M,NI22S,GI26S,NI30D,VI35F,EI37D,TI43S"
3SGB,"AI9V,TI11S,RI15M,NI22S,KI23Q,GI26S,KI28E,EI37D",4.481256008148193,1.4714652299880981,0,"3SGB_AI9V,TI11S,RI15M,NI22S,KI23Q,GI26S,KI28E,EI37D"
3SGB,"EI4D,YI5H,TI11L,LI12Q,YI14Q,RI15K,LI17I,GI26D,NI30S,EI37D",7.4294352531433105,7.2122883796691895,0,"3SGB_EI4D,YI5H,TI11L,LI12Q,YI14Q,RI15K,LI17I,GI26D,NI30S,EI37D"
3SGB,"EI4D,YI5H,TI11L,LI12Q,YI14Q,RI15K,GI26D,NI30S,EI37D",7.459468841552734,7.3181962966918945,0,"3SGB_EI4D,YI5H,TI11L,LI12Q,YI14Q,RI15K,GI26D,NI30S,EI37D"
3SGB,LI12M,0.47637805342674255,0.4499134421348572,0,3SGB_LI12M
3SGB,"LI12M,TI43N,KI49T",0.27762654423713684,1.1407575607299805,0,"3SGB_LI12M,TI43N,KI49T"
3SGB,"NI22S,GI26A",1.3301128149032593,0.9387257099151611,0,"3SGB_NI22S,GI26A"
3SGB,"AI9D,GI26A",1.0810645818710327,1.1692478656768799,0,"3SGB_AI9D,GI26A"
3SGB,"AI9D,GI26A,NI27S",2.1838266849517822,0.9806621074676514,0,"3SGB_AI9D,GI26A,NI27S"
3SGB,GI26A,1.3641711473464966,1.1316043138504028,0,3SGB_GI26A
3SGB,"TI11M,LI12S,GI26V",6.909813404083252,4.309645175933838,0,"3SGB_TI11M,LI12S,GI26V"
3SGB,"RI15V,LI17I",0.1687806099653244,0.1304420679807663,0,"3SGB_RI15V,LI17I"
3SGB,"LI12S,RI15V,LI17I",4.481256008148193,3.5657899379730225,0,"3SGB_LI12S,RI15V,LI17I"
3SGB,NI22S,0.009847073815762997,0.08879900723695755,0,3SGB_NI22S
3SGB,"LI12M,LI17V,KI23I,EI37K",0.8196556568145752,1.2170175313949585,0,"3SGB_LI12M,LI17V,KI23I,EI37K"
3SGB,"AI9G,LI12M,LI17V,KI23I,EI37K",3.229379177093506,1.460827112197876,0,"3SGB_AI9G,LI12M,LI17V,KI23I,EI37K"
3SGB,"LI12M,NI30D,SI45N",1.0968642234802246,-0.48141229152679443,0,"3SGB_LI12M,NI30D,SI45N"
3SGB,"EI4D,KI7M,LI12M,LI17V",0.07745373249053955,0.9373588562011719,0,"3SGB_EI4D,KI7M,LI12M,LI17V"
3SGB,"EI4G,LI12M,YI14S,LI17I,KI23T,GI26S,HI46Y,FI47P,KI49V",3.6910526752471924,2.596351385116577,0,"3SGB_EI4G,LI12M,YI14S,LI17I,KI23T,GI26S,HI46Y,FI47P,KI49V"
3SGB,"AI9T,LI12M",0.47637805342674255,-0.45353925228118896,0,"3SGB_AI9T,LI12M"
3SGB,"LI12M,TI24S,GI26D",2.3268814086914062,3.765507698059082,0,"3SGB_LI12M,TI24S,GI26D"
3SGB,"LI12I,GI26D",5.8454270362854,5.707820892333984,0,"3SGB_LI12I,GI26D"
3SGB,"AI9D,LI12A,YI14D",5.768519878387451,6.446674346923828,0,"3SGB_AI9D,LI12A,YI14D"
3SGB,"LI12M,SI45N,HI46R,KI49Q",0.22795669734477997,0.8324770331382751,0,"3SGB_LI12M,SI45N,HI46R,KI49Q"
3SGB,"LI12M,HI46R",0.5010368824005127,0.6078055500984192,0,"3SGB_LI12M,HI46R"
3SGB,"LI12M,HI46R,KI49E",-0.11668532341718674,0.5932469367980957,0,"3SGB_LI12M,HI46R,KI49E"
3SGB,"LI12M,SI45N",0.45373380184173584,0.7111297845840454,0,"3SGB_LI12M,SI45N"
3SGB,"YI5H,YI14D,TI24I,GI26S,NI30D,VI36L",5.61288595199585,2.4771783351898193,0,"3SGB_YI5H,YI14D,TI24I,GI26S,NI30D,VI36L"
3SGB,YI14H,1.4057077169418335,1.165283203125,0,3SGB_YI14H
3SGB,"LI12M,YI14Q",3.776484251022339,4.134322643280029,0,"3SGB_LI12M,YI14Q"
3SGB,"LI12M,GI26D",2.275153636932373,3.5818490982055664,0,"3SGB_LI12M,GI26D"
3SGB,"EI4D,TI11L,RI15M,GI26D,NI30S,EI37D,TI43S",3.770814895629883,3.5594124794006348,0,"3SGB_EI4D,TI11L,RI15M,GI26D,NI30S,EI37D,TI43S"
3SGB,"AI9G,TI11M,LI12M,YI14R,RI15L,GI26N,NI27D,SI45N,KI49E",8.00904655456543,6.811722278594971,0,"3SGB_AI9G,TI11M,LI12M,YI14R,RI15L,GI26N,NI27D,SI45N,KI49E"
3SGB,"EI4D,RI15M,LI17F,NI22S,GI26S,EI37D",1.6076903343200684,-0.515087902545929,0,"3SGB_EI4D,RI15M,LI17F,NI22S,GI26S,EI37D"
3SGB,"EI4G,KI7Q,TI11S,RI15V,LI17F,GI26S,NI30D,VI36A,EI37D",3.1820759773254395,0.5029655694961548,0,"3SGB_EI4G,KI7Q,TI11S,RI15V,LI17F,GI26S,NI30D,VI36A,EI37D"
3SGB,"EI4D,TI11S,EI13D,RI15M,NI22S,GI26S,EI37D,GI48E",4.671950340270996,3.2479360103607178,0,"3SGB_EI4D,TI11S,EI13D,RI15M,NI22S,GI26S,EI37D,GI48E"
3SGB,"EI4D,AI9V,YI14E,RI15M,EI37D",1.713875651359558,3.987567186355591,0,"3SGB_EI4D,AI9V,YI14E,RI15M,EI37D"
3SGB,"EI4D,AI9V,TI11S,RI15M,VI36A,EI37D",1.5049165487289429,0.3381822109222412,0,"3SGB_EI4D,AI9V,TI11S,RI15M,VI36A,EI37D"
3SGB,"DI1N,EI4D,AI9V,TI11S,EI13L,RI15M,VI36A,EI37D",2.6392178535461426,1.1638637781143188,0,"3SGB_DI1N,EI4D,AI9V,TI11S,EI13L,RI15M,VI36A,EI37D"
3SGB,"EI4D,AI9V,YI14D,RI15M,KI23I,GI26H,NI30Y,VI36A,EI37H,LI44F",2.3268814086914062,3.4449245929718018,0,"3SGB_EI4D,AI9V,YI14D,RI15M,KI23I,GI26H,NI30Y,VI36A,EI37H,LI44F"
3SGB,"EI4D,KI7Q,AI9V,TI11M,LI12G,EI13D,RI15M,NI22S,GI26S,EI37D,SI45N",5.824452877044678,5.332442760467529,0,"3SGB_EI4D,KI7Q,AI9V,TI11M,LI12G,EI13D,RI15M,NI22S,GI26S,EI37D,SI45N"
3SGB,"YI5H,EI13D,LI17I,NI22S,GI26S,NI30D,VI36M,EI37D",2.3268814086914062,0.6838131546974182,0,"3SGB_YI5H,EI13D,LI17I,NI22S,GI26S,NI30D,VI36M,EI37D"
3SGB,"EI4D,AI9V,EI13D,RI15M,KI23T,GI26S,EI37D,LI42I",1.1970338821411133,1.637035608291626,0,"3SGB_EI4D,AI9V,EI13D,RI15M,KI23T,GI26S,EI37D,LI42I"
3SGB,"EI4D,AI9V,TI11S,EI13D,RI15M,KI23T,GI26N,NI30I,EI37D,LI42I",4.261293888092041,3.9953339099884033,0,"3SGB_EI4D,AI9V,TI11S,EI13D,RI15M,KI23T,GI26N,NI30I,EI37D,LI42I"
3SGB,"EI4D,KI7R,AI9V,EI13D,RI15M,GI26S,EI37D,LI42I,KI49R",-0.08147980272769928,1.7313194274902344,0,"3SGB_EI4D,KI7R,AI9V,EI13D,RI15M,GI26S,EI37D,LI42I,KI49R"
3SGB,"EI4D,AI9V,EI13D,RI15M,GI26S,EI37D,LI42I,KI49R",1.0863780975341797,1.6775037050247192,0,"3SGB_EI4D,AI9V,EI13D,RI15M,GI26S,EI37D,LI42I,KI49R"
3SGB,"AI9D,LI12A",2.6196630001068115,3.5254223346710205,0,"3SGB_AI9D,LI12A"
3SGB,"TI11P,LI12K,GI26D",6.543062686920166,7.386772155761719,0,"3SGB_TI11P,LI12K,GI26D"
3SGB,"TI11P,LI12K",6.320304870605469,5.191713809967041,0,"3SGB_TI11P,LI12K"
3SGB,"EI4D,LI12M,RI15M,GI26D,EI37D",1.9727510213851929,3.3615376949310303,0,"3SGB_EI4D,LI12M,RI15M,GI26D,EI37D"
3SGB,GI26V,2.9262657165527344,1.0101125240325928,0,3SGB_GI26V
3SGB,YI14D,2.817300319671631,3.4617953300476074,0,3SGB_YI14D
3SGB,TI11E,4.460281848907471,3.450935125350952,0,3SGB_TI11E
3SGB,"EI4D,LI12F,RI15M,EI37D",0.779313862323761,1.2448668479919434,0,"3SGB_EI4D,LI12F,RI15M,EI37D"
3SGB,TI11S,2.5388455390930176,1.4304273128509521,0,3SGB_TI11S
3SGB,TI11V,1.9727510213851929,1.9414966106414795,0,3SGB_TI11V
3SGB,AI9V,-0.6595435738563538,-0.4070136547088623,0,3SGB_AI9V
3SGB,"AI9V,TI11S",1.6076903343200684,1.2055881023406982,0,"3SGB_AI9V,TI11S"
3SGB,TI11A,3.229379177093506,3.0258419513702393,0,3SGB_TI11A
3SGB,LI12A,2.956298828125,3.0985233783721924,0,3SGB_LI12A
3SGB,LI12E,6.367666721343994,6.316417217254639,0,3SGB_LI12E
3SGB,LI12Q,2.486466407775879,2.966632843017578,0,3SGB_LI12Q
3SGB,"AI9R,LI12R",5.140655517578125,3.325869560241699,0,"3SGB_AI9R,LI12R"
3SGB,"AI9R,TI11P,LI12R",8.55279541015625,6.785017490386963,0,"3SGB_AI9R,TI11P,LI12R"
3SGB,"PI8S,AI9R,TI11P,LI12R",8.204559326171875,5.692600250244141,0,"3SGB_PI8S,AI9R,TI11P,LI12R"
4FTV,KD66A,-1.5795713663101196,1.2535226345062256,0,4FTV_KD66A
4FTV,TA163A,0.3611190617084503,0.49182096123695374,0,4FTV_TA163A
4FTV,"KD66A,TA163A",-2.1304590702056885,1.3747053146362305,0,"4FTV_KD66A,TA163A"
4FTV,DD93A,1.014264464378357,0.7757719159126282,0,4FTV_DD93A
4FTV,RA65A,3.8267173767089844,3.492448091506958,0,4FTV_RA65A
4FTV,"DD93A,RA65A",1.4018852710723877,2.8893022537231445,0,"4FTV_DD93A,RA65A"
4FTV,DD93A,0.7796263694763184,0.7750999331474304,0,4FTV_DD93A
4FTV,RA65A,3.188480854034424,3.1502044200897217,0,4FTV_RA65A
4FTV,"DD93A,RA65A",0.9260520935058594,2.697209358215332,0,"4FTV_DD93A,RA65A"
4FTV,"EA63Q,DD93A",-0.0045398841612041,0.2792454659938812,0,"4FTV_EA63Q,DD93A"
4FTV,"EA63Q,KA66A",1.3316361904144287,1.2411260604858398,0,"4FTV_EA63Q,KA66A"
4FTV,"EA63Q,DD93A,KA66A",1.8550679683685303,1.1095821857452393,0,"4FTV_EA63Q,DD93A,KA66A"
3D3V,EE30A,2.1146318912506104,1.793326497077942,0,3D3V_EE30A
3D3V,YC8A,3.413588047027588,2.610924005508423,0,3D3V_YC8A
3D3V,"EE30A,YC8A",3.9009265899658203,3.2906131744384766,0,"3D3V_EE30A,YC8A"
3D3V,EE30A,3.2307486534118652,1.7828882932662964,0,3D3V_EE30A
3D3V,YC8F,0.9274752736091614,0.23922717571258545,0,3D3V_YC8F
3D3V,"EE30A,YC8F",2.573496103286743,2.4904558658599854,0,"3D3V_EE30A,YC8F"
3D3V,LE97A,2.617166519165039,2.3270318508148193,0,3D3V_LE97A
3D3V,YC8A,3.413588047027588,2.5595314502716064,0,3D3V_YC8A
3D3V,"LE97A,YC8A",4.390338897705078,4.999598503112793,0,"3D3V_LE97A,YC8A"
5E9D,GD27E,-0.4793570935726166,0.26366645097732544,0,5E9D_GD27E
5E9D,TD90Q,-0.5739302635192871,-0.5049059987068176,0,5E9D_TD90Q
5E9D,VE49D,-0.43268319964408875,0.7762612104415894,0,5E9D_VE49D
5E9D,AE98Y,-0.8998063206672668,-1.349172830581665,0,5E9D_AE98Y
5E9D,YD49W,-0.34910088777542114,-0.31855738162994385,0,5E9D_YD49W
5E9D,NE27G,0.27520233392715454,0.2174275815486908,0,5E9D_NE27G
5E9D,SD50G,-0.0356469601392746,-0.6793420910835266,0,5E9D_SD50G
5E9D,KD96Q,0.18748797476291656,0.18739722669124603,0,5E9D_KD96Q
5E9D,"GD27E,TD90Q",-1.5506813526153564,0.03276526555418968,0,"5E9D_GD27E,TD90Q"
5E9D,"GD27E,VE49D",-1.2024459838867188,0.26122111082077026,0,"5E9D_GD27E,VE49D"
5E9D,"GD27E,AE98Y",-1.3104627132415771,-1.3815293312072754,0,"5E9D_GD27E,AE98Y"
5E9D,"TD90Q,AE98Y",-1.2722268104553223,-1.547774314880371,0,"5E9D_TD90Q,AE98Y"
5E9D,"GD27E,TD90Q,AE98Y",-2.475290298461914,-1.0871121883392334,0,"5E9D_GD27E,TD90Q,AE98Y"
5E9D,"GD27R,TD90Q,VE49E,AE98D",-3.1261651515960693,-0.8687665462493896,0,"5E9D_GD27R,TD90Q,VE49E,AE98D"
5E9D,"GD27E,TD90Q,VE49D,AE98E",-2.6363978385925293,-0.41878563165664673,0,"5E9D_GD27E,TD90Q,VE49D,AE98E"
5E9D,"GD27R,TD90Q,VE49E,AE98V",-2.7594141960144043,-0.5451304316520691,0,"5E9D_GD27R,TD90Q,VE49E,AE98V"
4FTV,"ME98A,SE99G,AE100G,QE101R",3.9603114128112793,4.118235111236572,0,"4FTV_ME98A,SE99G,AE100G,QE101R"
4FTV,"SE99G,AE100G,QE101R",3.65146803855896,3.5375447273254395,0,"4FTV_SE99G,AE100G,QE101R"
4FTV,"ME98A,AE100G,QE101R",3.6194357872009277,2.7763893604278564,0,"4FTV_ME98A,AE100G,QE101R"
4FTV,"ME98A,QE101E",0.5062000751495361,1.151893138885498,0,"4FTV_ME98A,QE101E"
4FTV,QE101E,0.05646670609712601,-0.9778057932853699,0,4FTV_QE101E
4FTV,QE101R,0.4106564223766327,-0.5063323974609375,0,4FTV_QE101R
3H9S,AA150P,0.16316837072372437,0.0937875434756279,0,3H9S_AA150P
2OI9,FQ5R,3.1007626056671143,-0.44977617263793945,0,2OI9_FQ5R
1MI5,SD23A,0.10006427019834518,0.17161665856838226,0,1MI5_SD23A
1MI5,TD24A,0.2604089677333832,0.16931486129760742,0,1MI5_TD24A
1MI5,SD26A,-0.039184655994176865,0.04161437973380089,0,1MI5_SD26A
1MI5,TD28A,0.5875756144523621,0.025164570659399033,0,1MI5_TD28A
1MI5,DD29A,1.2319692373275757,0.9250429272651672,0,1MI5_DD29A
1MI5,YD30A,0.4496324956417084,2.1379120349884033,0,1MI5_YD30A
1MI5,HD32A,1.2319692373275757,0.8380932807922363,0,1MI5_HD32A
1MI5,HD47A,1.1172796487808228,1.7799450159072876,0,1MI5_HD47A
1MI5,LD49A,1.2319692373275757,0.9722997546195984,0,1MI5_LD49A
1MI5,TD50A,-0.5584657788276672,0.9134165644645691,0,1MI5_TD50A
1MI5,SD51A,0.4820149838924408,0.0410880409181118,0,1MI5_SD51A
1MI5,ND52A,-0.019268428906798363,0.4587608575820923,0,1MI5_ND52A
1MI5,PD89A,1.2319692373275757,0.2533881664276123,0,1MI5_PD89A
1MI5,LD90A,1.2319692373275757,0.796564519405365,0,1MI5_LD90A
1MI5,AD91G,0.6083049178123474,-0.64203941822052,0,1MI5_AD91G
1MI5,GD92A,0.7641347646713257,1.5294890403747559,0,1MI5_GD92A
1MI5,GD93A,1.2319692373275757,0.9990818500518799,0,1MI5_GD93A
1MI5,TD94A,0.9429946541786194,0.3929992914199829,0,1MI5_TD94A
1MI5,SD95A,0.8272079229354858,0.7166422009468079,0,1MI5_SD95A
1MI5,YD96A,1.2319692373275757,1.939639925956726,0,1MI5_YD96A
1MI5,GD97A,1.2319692373275757,0.23715190589427948,0,1MI5_GD97A
1MI5,KD98A,1.2319692373275757,-0.20078790187835693,0,1MI5_KD98A
1MI5,SE25A,0.03228163346648216,0.035512086004018784,0,1MI5_SE25A
1MI5,GE26A,-0.2893606722354889,0.26788532733917236,0,1MI5_GE26A
1MI5,VE28A,0.2930837571620941,-0.3952191472053528,0,1MI5_VE28A
1MI5,SE29A,1.0638965368270874,-0.07000900059938431,0,1MI5_SE29A
1MI5,QE48A,-0.0703735426068306,0.5495100021362305,0,1MI5_QE48A
1MI5,NE49A,-0.43286994099617004,0.435676634311676,0,1MI5_NE49A
1MI5,EE50A,0.8189382553100586,0.0625879094004631,0,1MI5_EE50A
1MI5,SE92A,0.3016909658908844,0.1319291591644287,0,1MI5_SE92A
1MI5,SE93A,-0.6118989586830139,0.4162716567516327,0,1MI5_SE93A
1MI5,LE94A,0.11586392670869827,0.32560670375823975,0,1MI5_LE94A
1MI5,GE95A,1.2319692373275757,0.34181201457977295,0,1MI5_GE95A
1MI5,QE96A,1.2319692373275757,0.42265889048576355,0,1MI5_QE96A
1MI5,AE97G,1.2319692373275757,0.2173042595386505,0,1MI5_AE97G
1MI5,YE98A,1.2319692373275757,1.8736088275909424,0,1MI5_YE98A
1MI5,EE99A,0.11974887549877167,2.0999014377593994,0,1MI5_EE99A
1MI5,QE100A,1.2319692373275757,1.0314624309539795,0,1MI5_QE100A
1MI5,YE101A,0.2604089677333832,0.9549555778503418,0,1MI5_YE101A
1B41,TB8V,1.1364256143569946,0.4804568588733673,0,1B41_TB8V
1B41,TB9I,0.024689072743058205,-0.4056459367275238,0,1B41_TB9I
1B41,TB9N,3.6109721660614014,0.8914384245872498,0,1B41_TB9N
1B41,"TB8V,TB9I",0.39468640089035034,0.17225562036037445,0,"1B41_TB8V,TB9I"
1B41,"TB8V,TB9N",2.427799701690674,0.7272656559944153,0,"1B41_TB8V,TB9N"
1B41,RB11K,0.6251121759414673,0.25333371758461,0,1B41_RB11K
1B41,AB12S,0.70695960521698,-0.17837245762348175,0,1B41_AB12S
1B41,RB27F,2.108170986175537,0.5427350997924805,0,1B41_RB27F
1B41,RB27M,1.4836316108703613,0.7373484969139099,0,1B41_RB27M
1B41,RB27Y,2.396639108657837,-0.2277379035949707,0,1B41_RB27Y
1B41,HB29K,-0.8879506587982178,-0.07115108519792557,0,1B41_HB29K
1B41,HB29R,-0.4093972146511078,0.3027220666408539,0,1B41_HB29R
1B41,KB32R,0.39144009351730347,0.7411455512046814,0,1B41_KB32R
1B41,MB33F,0.7788600921630859,-1.2521135807037354,0,1B41_MB33F
1B41,MB33L,1.811485767364502,-0.2504326105117798,0,1B41_MB33L
1B41,MB33Q,1.5959259271621704,1.0728284120559692,0,1B41_MB33Q
1B41,MB33Y,0.70695960521698,0.7137331962585449,0,1B41_MB33Y
1B41,VB34T,1.2143783569335938,-0.07165966182947159,0,1B41_VB34T
1B41,LB35W,1.3045446872711182,-0.18162697553634644,0,1B41_LB35W
1B41,NB47F,-0.1417320966720581,-0.544427216053009,0,1B41_NB47F
1B41,NB47W,0.03665820509195328,-2.118497610092163,0,1B41_NB47W
1B41,NB47R,-0.030388813465833664,1.463834285736084,0,1B41_NB47R
1XGR,IB33F,-1.8012609481811523,-2.2148499488830566,0,1XGR_IB33F
1XGR,IB33L,0.06134288012981415,0.4497169256210327,0,1XGR_IB33L
1XGR,IB33V,1.108123779296875,1.7139496803283691,0,1XGR_IB33V
1XGR,IB33A,2.261219024658203,2.213108539581299,0,1XGR_IB33A
1XGT,LB33F,-1.8626039028167725,-2.4607036113739014,0,1XGT_LB33F
1XGT,LB33I,-0.06134288012981415,-0.4190904498100281,0,1XGT_LB33I
1XGT,LB33V,1.0467808246612549,1.1515450477600098,0,1XGT_LB33V
1XGT,LB33A,2.199876308441162,2.464824914932251,0,1XGT_LB33A
4B0M,AB127G,0.29772302508354187,-0.3946910500526428,0,4B0M_AB127G
4B0M,PM98A,0.40573978424072266,0.8303155303001404,0,4B0M_PM98A
4B0M,PM98S,0.7580751776695251,0.5448200106620789,0,4B0M_PM98S
4B0M,PM99A,1.9157778024673462,0.1906810998916626,0,4B0M_PM99A
4B0M,PM99S,1.9942853450775146,0.5670581459999084,0,4B0M_PM99S
4B0M,"PM98S,PM99A",2.0725505352020264,0.04593386873602867,0,"4B0M_PM98S,PM99A"
4B0M,YM9G,0.6292684674263,3.0283572673797607,0,4B0M_YM9G
4B0M,YM37A,1.652940034866333,0.7245747447013855,0,4B0M_YM37A
4B0M,"YM9G,YM37A",2.2047524452209473,2.1244633197784424,0,"4B0M_YM9G,YM37A"
4B0M,LM40A,1.908984661102295,0.22135412693023682,0,4B0M_LM40A
4B0M,MA8A,0.4299248456954956,1.5836422443389893,0,4B0M_MA8A
4B0M,"TA7G,MA8A",0.4416569471359253,0.6722263097763062,0,"4B0M_TA7G,MA8A"
1R0R,"KI8T,PI9E,AI10Y",-0.8727518916130066,-1.5965683460235596,0,"1R0R_KI8T,PI9E,AI10Y"
1R0R,"KI8T,PI9E,AI10Y,LI13G,RI16M,GI27P,NI31V",2.416813850402832,1.0869301557540894,0,"1R0R_KI8T,PI9E,AI10Y,LI13G,RI16M,GI27P,NI31V"
1R0R,"KI8S,PI9D,AI10Y",-1.929858684539795,-1.5668400526046753,0,"1R0R_KI8S,PI9D,AI10Y"
1R0R,"KI8S,PI9D,AI10Y,LI13G,EI14I,RI16K",0.7984834909439087,2.2493112087249756,0,"1R0R_KI8S,PI9D,AI10Y,LI13G,EI14I,RI16K"
3SGB,"KI7T,PI8E,AI9Y",-3.8578996658325195,-0.5875038504600525,0,"3SGB_KI7T,PI8E,AI9Y"
3SGB,"KI7T,PI8E,AI9Y,LI12G,RI15M,GI26P,NI30V",1.8472059965133667,2.265927314758301,0,"3SGB_KI7T,PI8E,AI9Y,LI12G,RI15M,GI26P,NI30V"
3SGB,"KI7S,PI8D,AI9Y",-4.137707710266113,-0.4939529299736023,0,"3SGB_KI7S,PI8D,AI9Y"
3SGB,"KI7S,PI8D,AI9Y,LI12G,EI13I,RI15K",0.09561484307050705,3.756417751312256,0,"3SGB_KI7S,PI8D,AI9Y,LI12G,EI13I,RI15K"
1MHP,SL27Q,-0.5400962233543396,0.19999054074287415,0,1MHP_SL27Q
1MHP,"TH50V,SL27Q,NL51Y",-1.0239880084991455,-0.5500543117523193,0,"1MHP_TH50V,SL27Q,NL51Y"
1MHP,LL48K,0.924957275390625,-0.0067632244899868965,0,1MHP_LL48K
1MHP,TH50V,-0.2633156180381775,0.2450488656759262,0,1MHP_TH50V
1MHP,LH60D,-0.12269474565982819,-1.4204761981964111,0,1MHP_LH60D
1MHP,KH64E,-0.1552988439798355,0.29978567361831665,0,1MHP_KH64E
1MHP,KH64Q,-0.1552988439798355,-0.03583601489663124,0,1MHP_KH64Q
1MHP,KH64D,-0.12269474565982819,0.3709869682788849,0,1MHP_KH64D
1MHP,KH64N,-0.07257538288831711,-0.08518264442682266,0,1MHP_KH64N
1MHP,SL27Q,-0.6664110422134399,0.23030251264572144,0,1MHP_SL27Q
1MHP,NL51Y,-0.10329601168632507,-1.3749220371246338,0,1MHP_NL51Y
1MHP,GH100M,0.10217975825071335,-0.361745685338974,0,1MHP_GH100M
1MHP,SL23R,-0.06708604842424393,-0.7068160772323608,0,1MHP_SL23R
1MHP,NL51E,-0.17744916677474976,-0.9375435709953308,0,1MHP_NL51E
1MHP,FH99W,0.0,0.08047594875097275,0,1MHP_FH99W
1MHP,GH100F,0.5740829110145569,0.05380221828818321,0,1MHP_GH100F
1MHP,GH54Y,0.0,-3.258960247039795,0,1MHP_GH54Y
1MHP,FH99W,0.0,-0.06463027745485306,0,1MHP_FH99W
1MHP,"TH50V,KH64E",-0.36120107769966125,0.34419795870780945,0,"1MHP_TH50V,KH64E"
1MHP,"LH60D,KH64Q",0.04300859197974205,-0.6157169342041016,0,"1MHP_LH60D,KH64Q"
1MHP,"LH60D,KH64E",-0.14186398684978485,-0.5630934834480286,0,"1MHP_LH60D,KH64E"
1MHP,"TH50V,SL27Q,NL51Y",-1.20074462890625,-0.3608052730560303,0,"1MHP_TH50V,SL27Q,NL51Y"
1MHP,"KH64E,SL27Q,NL51Y",-0.9535146951675415,-0.7541928887367249,0,"1MHP_KH64E,SL27Q,NL51Y"
1MHP,"TH50V,KH64E,SL27Q,NL51E",-1.2678864002227783,-0.006077979691326618,0,"1MHP_TH50V,KH64E,SL27Q,NL51E"
1MHP,"TH50V,KH64E,SL27Q,NL51Y",-1.043681025505066,-0.28373515605926514,0,"1MHP_TH50V,KH64E,SL27Q,NL51Y"
1MHP,NL29V,1.0497993230819702,0.8237466216087341,0,1MHP_NL29V
1MHP,HL30R,1.1243008375167847,2.0596678256988525,0,1MHP_HL30R
1MHP,HL30K,1.164687991142273,2.098698139190674,0,1MHP_HL30K
1MHP,LL48K,0.7982158660888672,-0.19020704925060272,0,1MHP_LL48K
1MHP,NL51R,0.845219075679779,-0.49713945388793945,0,1MHP_NL51R
1MHP,NL51K,0.6578043699264526,0.09607581049203873,0,1MHP_NL51K
1MHP,RH31Q,1.3079134225845337,1.0167561769485474,0,1MHP_RH31Q
1MHP,SH35Q,2.728342294692993,-0.4015392065048218,0,1MHP_SH35Q
1MHP,TH50V,0.0,0.5785577893257141,0,1MHP_TH50V
1MHP,YH59E,0.5442506074905396,0.7808089256286621,0,1MHP_YH59E
1MHP,LH60D,0.0,-1.5698210000991821,0,1MHP_LH60D
1MHP,KH64E,0.0,0.3104778826236725,0,1MHP_KH64E
1MHP,KH64Q,0.0,0.002234037034213543,0,1MHP_KH64Q
1MHP,KH64D,-0.2203427106142044,0.35605189204216003,0,1MHP_KH64D
1MHP,KH64N,0.0,-0.09905553609132767,0,1MHP_KH64N
1MHP,SL27Q,-0.857230007648468,0.2083161324262619,0,1MHP_SL27Q
1MHP,NL29Y,1.9084217548370361,-0.38577908277511597,0,1MHP_NL29Y
1MHP,NL29W,1.5733891725540161,-0.1265871524810791,0,1MHP_NL29W
1MHP,NL51Y,0.0,-1.328551173210144,0,1MHP_NL51Y
1MHP,SL90T,2.317685842514038,0.2942643165588379,0,1MHP_SL90T
1MHP,SL90R,2.728342294692993,0.9712508320808411,0,1MHP_SL90R
1MHP,GL91Q,1.5733891725540161,0.5714445114135742,0,1MHP_GL91Q
1MHP,GL91S,0.5128361582756042,0.792002260684967,0,1MHP_GL91S
1MHP,"SL90R,NL29E",2.728342294692993,1.9183515310287476,0,"1MHP_SL90R,NL29E"
1MHP,SH52M,2.0767698287963867,-0.011103873141109943,0,1MHP_SH52M
1MHP,GH53S,0.6758959293365479,0.13453999161720276,0,1MHP_GH53S
1MHP,GH53A,0.5128361582756042,1.1951422691345215,0,1MHP_GH53A
1MHP,GH54I,1.3641711473464966,-2.375194549560547,0,1MHP_GH54I
1MHP,GH54T,1.164687991142273,-0.7215946316719055,0,1MHP_GH54T
1MHP,YH58Q,2.0767698287963867,-1.7049288749694824,0,1MHP_YH58Q
1MHP,YH58E,2.0767698287963867,-0.06552029401063919,0,1MHP_YH58E
1MHP,YH58W,0.8213128447532654,-2.258988857269287,0,1MHP_YH58W
1MHP,GH100M,0.10217975825071335,-0.1871543526649475,0,1MHP_GH100M
1MHP,SL23R,-0.36377134919166565,-0.6488560438156128,0,1MHP_SL23R
1MHP,LL48F,0.7125986814498901,-0.8416172862052917,0,1MHP_LL48F
1MHP,LL48W,1.9084217548370361,-0.5780011415481567,0,1MHP_LL48W
1MHP,NL51D,0.5009867548942566,-0.23685210943222046,0,1MHP_NL51D
1MHP,NL51E,0.0,-0.9426621794700623,0,1MHP_NL51E
1MHP,WL89Q,2.0767698287963867,2.5339691638946533,0,1MHP_WL89Q
1MHP,SL90Q,1.774827480316162,0.1806662380695343,0,1MHP_SL90Q
1MHP,"WL89Q,FL32Y",0.8714090585708618,-0.06942833214998245,0,"1MHP_WL89Q,FL32Y"
1MHP,TH33V,0.434562623500824,0.7694525122642517,0,1MHP_TH33V
1MHP,TH33N,2.728342294692993,-0.43265730142593384,0,1MHP_TH33N
1MHP,SH35A,1.5733891725540161,0.631647527217865,0,1MHP_SH35A
1MHP,FH99W,0.0,0.08633511513471603,0,1MHP_FH99W
1MHP,FH99Y,0.7550068497657776,-2.2099356651306152,0,1MHP_FH99Y
1MHP,GH100L,2.728342294692993,-0.7359410524368286,0,1MHP_GH100L
1MHP,GH100F,0.20430143177509308,0.121341772377491,0,1MHP_GH100F
1MHP,GH100S,0.5579972267150879,0.848353922367096,0,1MHP_GH100S
1MHP,"TH50V,SH35V",2.728342294692993,0.6548177003860474,0,"1MHP_TH50V,SH35V"
1MHP,"TH50V,SH35A",2.0767698287963867,-0.03479549661278725,0,"1MHP_TH50V,SH35A"
1MHP,"SH35A,GH102S",1.5733891725540161,0.32425054907798767,0,"1MHP_SH35A,GH102S"
1MHP,"SH35V,GH102S",1.4263132810592651,0.4681845009326935,0,"1MHP_SH35V,GH102S"
1MHP,"TH50V,GH102S",1.6682031154632568,0.33410558104515076,0,"1MHP_TH50V,GH102S"
1MHP,HL30W,1.2558754682540894,0.6480289101600647,0,1MHP_HL30W
1MHP,"NL29Y,SL90I",0.434562623500824,0.018811669200658798,0,"1MHP_NL29Y,SL90I"
1MHP,GH53N,1.2558754682540894,0.06560414284467697,0,1MHP_GH53N
1MHP,GH54Y,0.0,-3.2905640602111816,0,1MHP_GH54Y
1MHP,FH99W,0.0,-0.04075190797448158,0,1MHP_FH99W
1MHP,FH99Y,0.7550068497657776,-2.018266201019287,0,1MHP_FH99Y
1MHP,"TH33E,GH53Q",1.6682031154632568,0.6956709027290344,0,"1MHP_TH33E,GH53Q"
1MHP,"TH33I,SH52T,GH53N,GH54N",1.9084217548370361,0.015455092303454876,0,"1MHP_TH33I,SH52T,GH53N,GH54N"
1MHP,"TH33I,SH52T,GH53Q,GH54F",1.2558754682540894,-1.3050936460494995,0,"1MHP_TH33I,SH52T,GH53Q,GH54F"
1MHP,"TH50V,SL27Q",-0.6949949264526367,0.5571799874305725,0,"1MHP_TH50V,SL27Q"
1MHP,"TH50V,KH64E",0.0,0.5905952453613281,0,"1MHP_TH50V,KH64E"
1MHP,"KH64E,SL27Q",-0.857230007648468,0.28998863697052,0,"1MHP_KH64E,SL27Q"
1MHP,"TH50V,SL27Q,NL51Y",-0.9535146951675415,-0.5760895609855652,0,"1MHP_TH50V,SL27Q,NL51Y"
1MHP,"KH64E,SL27Q,NL51Y",-1.0857164859771729,-0.7854108214378357,0,"1MHP_KH64E,SL27Q,NL51Y"
1MHP,"TH50V,KH64E,SL27Q,NL51Y",-1.126280426979065,-0.18388888239860535,0,"1MHP_TH50V,KH64E,SL27Q,NL51Y"
2B2X,"VH50T,EH64K,QL28S,YL52N",1.043681025505066,0.07801734656095505,0,"2B2X_VH50T,EH64K,QL28S,YL52N"
2B2X,"VH50T,EH64K,QL28S,YL52N,LL49K",1.968638300895691,-0.3206116855144501,0,"2B2X_VH50T,EH64K,QL28S,YL52N,LL49K"
2B2X,"EH64K,QL28S,YL52N",0.7803654074668884,0.6161259412765503,0,"2B2X_EH64K,QL28S,YL52N"
2B2X,"VH50T,EH64K,QL28S,YL52N,LH60D",0.9209862947463989,-0.03303477540612221,0,"2B2X_VH50T,EH64K,QL28S,YL52N,LH60D"
2B2X,"VH50T,QL28S,YL52N",0.8883821964263916,0.21726182103157043,0,"2B2X_VH50T,QL28S,YL52N"
2B2X,"VH50T,EH64Q,QL28S,YL52N",0.8883821964263916,0.06359314173460007,0,"2B2X_VH50T,EH64Q,QL28S,YL52N"
2B2X,"VH50T,EH64D,QL28S,YL52N",0.9209862947463989,-0.2131180763244629,0,"2B2X_VH50T,EH64D,QL28S,YL52N"
2B2X,"VH50T,EH64N,QL28S,YL52N",0.9711056351661682,-0.07531238347291946,0,"2B2X_VH50T,EH64N,QL28S,YL52N"
2B2X,"VH50T,EH64K,YL52N",0.37727001309394836,0.08506494015455246,0,"2B2X_VH50T,EH64K,YL52N"
2B2X,"VH50T,EH64K,QL28S",0.9403850436210632,-0.4900428056716919,0,"2B2X_VH50T,EH64K,QL28S"
2B2X,"VH50T,EH64K,QL28S,YL52N,GH100M",1.1458607912063599,-0.8045292496681213,0,"2B2X_VH50T,EH64K,QL28S,YL52N,GH100M"
2B2X,"VH50T,EH64K,QL28S,YL52N,SL24R",0.9765949845314026,-0.11113927513360977,0,"2B2X_VH50T,EH64K,QL28S,YL52N,SL24R"
2B2X,"VH50T,EH64K,QL28S,YL52E",0.8662318587303162,-0.580319881439209,0,"2B2X_VH50T,EH64K,QL28S,YL52E"
2B2X,"VH50T,EH64K,QL28S,YL52N,FH99W",1.043681025505066,-0.2645226716995239,0,"2B2X_VH50T,EH64K,QL28S,YL52N,FH99W"
2B2X,"VH50T,EH64K,QL28S,YL52N,GH100F",1.617763876914978,-0.19925139844417572,0,"2B2X_VH50T,EH64K,QL28S,YL52N,GH100F"
2B2X,"VH50T,EH64K,QL28S,YL52N,GH54Y",1.043681025505066,-2.1502091884613037,0,"2B2X_VH50T,EH64K,QL28S,YL52N,GH54Y"
2B2X,"VH50T,EH64K,QL28S,YL52N,FH99W",1.043681025505066,-0.5360249876976013,0,"2B2X_VH50T,EH64K,QL28S,YL52N,FH99W"
2B2X,"QL28S,YL52N",0.682479977607727,0.900096595287323,0,"2B2X_QL28S,YL52N"
2B2X,"VH50T,EH64Q,QL28S,YL52N,LH60D",1.0866895914077759,0.6213107705116272,0,"2B2X_VH50T,EH64Q,QL28S,YL52N,LH60D"
2B2X,"VH50T,QL28S,YL52N,LH60D",0.9018170237541199,-0.32941439747810364,0,"2B2X_VH50T,QL28S,YL52N,LH60D"
2B2X,EH64K,-0.15706361830234528,-0.3922921121120453,0,2B2X_EH64K
2B2X,VH50T,0.09016634523868561,-0.6501359343528748,0,2B2X_VH50T
2B2X,YL52E,-0.22420541942119598,0.8593210577964783,0,2B2X_YL52E
2B2X,"VH50T,EH64K,QL28S,YL52N,NL30V",2.093480348587036,-0.031697843223810196,0,"2B2X_VH50T,EH64K,QL28S,YL52N,NL30V"
2B2X,"VH50T,EH64K,QL28S,YL52N,HL31R",2.1679818630218506,-0.48768389225006104,0,"2B2X_VH50T,EH64K,QL28S,YL52N,HL31R"
2B2X,"VH50T,EH64K,QL28S,YL52N,HL31K",2.208369016647339,0.09468429535627365,0,"2B2X_VH50T,EH64K,QL28S,YL52N,HL31K"
2B2X,"VH50T,EH64K,QL28S,YL52N,LL49K",1.841896891593933,-0.3995131254196167,0,"2B2X_VH50T,EH64K,QL28S,YL52N,LL49K"
2B2X,"VH50T,EH64K,QL28S,YL52R",1.8889000415802002,-0.09933353215456009,0,"2B2X_VH50T,EH64K,QL28S,YL52R"
2B2X,"VH50T,EH64K,QL28S,YL52K",1.7014853954315186,-0.0657651498913765,0,"2B2X_VH50T,EH64K,QL28S,YL52K"
2B2X,"VH50T,EH64K,QL28S,YL52N,RH31Q",2.3515944480895996,0.4187641143798828,0,"2B2X_VH50T,EH64K,QL28S,YL52N,RH31Q"
2B2X,"VH50T,EH64K,QL28S,YL52N,SH35Q",3.7720232009887695,0.3045271635055542,0,"2B2X_VH50T,EH64K,QL28S,YL52N,SH35Q"
2B2X,"EH64K,QL28S,YL52N",1.043681025505066,0.5859505534172058,0,"2B2X_EH64K,QL28S,YL52N"
2B2X,"VH50T,EH64K,QL28S,YL52N,YH59E",1.5879316329956055,-0.17605379223823547,0,"2B2X_VH50T,EH64K,QL28S,YL52N,YH59E"
2B2X,"VH50T,EH64K,QL28S,YL52N,LH60D",1.043681025505066,-0.0677965059876442,0,"2B2X_VH50T,EH64K,QL28S,YL52N,LH60D"
2B2X,"VH50T,QL28S,YL52N",1.043681025505066,-0.12252721935510635,0,"2B2X_VH50T,QL28S,YL52N"
2B2X,"VH50T,EH64Q,QL28S,YL52N",1.043681025505066,0.39548641443252563,0,"2B2X_VH50T,EH64Q,QL28S,YL52N"
2B2X,"VH50T,EH64D,QL28S,YL52N",0.8233383297920227,0.10530310124158859,0,"2B2X_VH50T,EH64D,QL28S,YL52N"
2B2X,"VH50T,EH64N,QL28S,YL52N",1.043681025505066,0.20414333045482635,0,"2B2X_VH50T,EH64N,QL28S,YL52N"
2B2X,"VH50T,EH64K,YL52N",0.1864510029554367,-0.23547300696372986,0,"2B2X_VH50T,EH64K,YL52N"
2B2X,"VH50T,EH64K,QL28S,YL52N,NL30Y",2.9521026611328125,-0.5731717944145203,0,"2B2X_VH50T,EH64K,QL28S,YL52N,NL30Y"
2B2X,"VH50T,EH64K,QL28S,YL52N,NL30W",2.617070198059082,-0.18761998414993286,0,"2B2X_VH50T,EH64K,QL28S,YL52N,NL30W"
2B2X,"VH50T,EH64K,QL28S",1.043681025505066,-1.0889745950698853,0,"2B2X_VH50T,EH64K,QL28S"
2B2X,"VH50T,EH64K,QL28S,YL52N,SL91T",3.3613667488098145,-0.10272151976823807,0,"2B2X_VH50T,EH64K,QL28S,YL52N,SL91T"
2B2X,"VH50T,EH64K,QL28S,YL52N,SL91R",3.7720232009887695,0.15661555528640747,0,"2B2X_VH50T,EH64K,QL28S,YL52N,SL91R"
2B2X,"VH50T,EH64K,QL28S,YL52N,GL92Q",2.617070198059082,0.31185176968574524,0,"2B2X_VH50T,EH64K,QL28S,YL52N,GL92Q"
2B2X,"VH50T,EH64K,QL28S,YL52N,GL92S",1.556517243385315,-0.21416914463043213,0,"2B2X_VH50T,EH64K,QL28S,YL52N,GL92S"
2B2X,"VH50T,EH64K,QL28S,YL52N,SL91R,NL30E",3.7720232009887695,0.5334140062332153,0,"2B2X_VH50T,EH64K,QL28S,YL52N,SL91R,NL30E"
2B2X,"VH50T,EH64K,QL28S,YL52N,SH52M",3.120450735092163,-0.26619017124176025,0,"2B2X_VH50T,EH64K,QL28S,YL52N,SH52M"
2B2X,"VH50T,EH64K,QL28S,YL52N,GH53S",1.7195769548416138,-0.32215142250061035,0,"2B2X_VH50T,EH64K,QL28S,YL52N,GH53S"
2B2X,"VH50T,EH64K,QL28S,YL52N,GH53A",1.556517243385315,0.7441685199737549,0,"2B2X_VH50T,EH64K,QL28S,YL52N,GH53A"
2B2X,"VH50T,EH64K,QL28S,YL52N,GH54I",2.4078521728515625,-0.27492186427116394,0,"2B2X_VH50T,EH64K,QL28S,YL52N,GH54I"
2B2X,"VH50T,EH64K,QL28S,YL52N,GH54T",2.208369016647339,0.5589736700057983,0,"2B2X_VH50T,EH64K,QL28S,YL52N,GH54T"
2B2X,"VH50T,EH64K,QL28S,YL52N,YH58Q",3.120450735092163,-0.2953076958656311,0,"2B2X_VH50T,EH64K,QL28S,YL52N,YH58Q"
2B2X,"VH50T,EH64K,QL28S,YL52N,YH58E",3.120450735092163,-0.367605984210968,0,"2B2X_VH50T,EH64K,QL28S,YL52N,YH58E"
2B2X,"VH50T,EH64K,QL28S,YL52N,YH58W",1.864993929862976,-0.6726141571998596,0,"2B2X_VH50T,EH64K,QL28S,YL52N,YH58W"
2B2X,"VH50T,EH64K,QL28S,YL52N,GH100M",1.1458607912063599,-0.7167431712150574,0,"2B2X_VH50T,EH64K,QL28S,YL52N,GH100M"
2B2X,"VH50T,EH64K,QL28S,YL52N,SL24R",0.6799096465110779,-0.11183623224496841,0,"2B2X_VH50T,EH64K,QL28S,YL52N,SL24R"
2B2X,"VH50T,EH64K,QL28S,YL52N,LL49F",1.756279706954956,-0.8257535696029663,0,"2B2X_VH50T,EH64K,QL28S,YL52N,LL49F"
2B2X,"VH50T,EH64K,QL28S,YL52N,LL49W",2.9521026611328125,-0.9868897795677185,0,"2B2X_VH50T,EH64K,QL28S,YL52N,LL49W"
2B2X,"VH50T,EH64K,QL28S,YL52D",1.5446677207946777,0.02972322329878807,0,"2B2X_VH50T,EH64K,QL28S,YL52D"
2B2X,"VH50T,EH64K,QL28S,YL52E",1.043681025505066,-0.0987834706902504,0,"2B2X_VH50T,EH64K,QL28S,YL52E"
2B2X,"VH50T,EH64K,QL28S,YL52N,WL90Q",3.120450735092163,0.9705278873443604,0,"2B2X_VH50T,EH64K,QL28S,YL52N,WL90Q"
2B2X,"VH50T,EH64K,QL28S,YL52N,SL91Q",2.8185086250305176,0.07790832966566086,0,"2B2X_VH50T,EH64K,QL28S,YL52N,SL91Q"
2B2X,"VH50T,EH64K,QL28S,YL52N,WL90Q,FL33Y",1.9150900840759277,-0.7487809062004089,0,"2B2X_VH50T,EH64K,QL28S,YL52N,WL90Q,FL33Y"
2B2X,"VH50T,EH64K,QL28S,YL52N,TH33V",1.4782437086105347,0.05073725804686546,0,"2B2X_VH50T,EH64K,QL28S,YL52N,TH33V"
2B2X,"VH50T,EH64K,QL28S,YL52N,TH33N",3.7720232009887695,-0.5309263467788696,0,"2B2X_VH50T,EH64K,QL28S,YL52N,TH33N"
2B2X,"VH50T,EH64K,QL28S,YL52N,SH35A",2.617070198059082,0.6431829333305359,0,"2B2X_VH50T,EH64K,QL28S,YL52N,SH35A"
2B2X,"VH50T,EH64K,QL28S,YL52N,FH99W",1.043681025505066,-0.34344482421875,0,"2B2X_VH50T,EH64K,QL28S,YL52N,FH99W"
2B2X,"VH50T,EH64K,QL28S,YL52N,FH99Y",1.7986879348754883,-0.7666037082672119,0,"2B2X_VH50T,EH64K,QL28S,YL52N,FH99Y"
2B2X,"VH50T,EH64K,QL28S,YL52N,GH100L",3.7720232009887695,-0.8605597019195557,0,"2B2X_VH50T,EH64K,QL28S,YL52N,GH100L"
2B2X,"VH50T,EH64K,QL28S,YL52N,GH100F",1.2479825019836426,-0.5526133179664612,0,"2B2X_VH50T,EH64K,QL28S,YL52N,GH100F"
2B2X,"VH50T,EH64K,QL28S,YL52N,GH100S",1.6016782522201538,0.004150892607867718,0,"2B2X_VH50T,EH64K,QL28S,YL52N,GH100S"
2B2X,"EH64K,QL28S,YL52N,SH35V",3.7720232009887695,1.3031227588653564,0,"2B2X_EH64K,QL28S,YL52N,SH35V"
2B2X,"EH64K,QL28S,YL52N,SH35A",3.120450735092163,0.8003231883049011,0,"2B2X_EH64K,QL28S,YL52N,SH35A"
2B2X,"VH50T,EH64K,QL28S,YL52N,SH35A,GH102S",2.617070198059082,1.1305732727050781,0,"2B2X_VH50T,EH64K,QL28S,YL52N,SH35A,GH102S"
2B2X,"VH50T,EH64K,QL28S,YL52N,SH35V,GH102S",2.469994306564331,0.20870065689086914,0,"2B2X_VH50T,EH64K,QL28S,YL52N,SH35V,GH102S"
2B2X,"EH64K,QL28S,YL52N,GH102S",2.7118842601776123,1.1184991598129272,0,"2B2X_EH64K,QL28S,YL52N,GH102S"
2B2X,"VH50T,EH64K,QL28S,YL52N,HL31W",2.2995564937591553,-0.15074372291564941,0,"2B2X_VH50T,EH64K,QL28S,YL52N,HL31W"
2B2X,"VH50T,EH64K,QL28S,YL52N,NL30Y,SL91I",1.4782437086105347,-0.40952789783477783,0,"2B2X_VH50T,EH64K,QL28S,YL52N,NL30Y,SL91I"
2B2X,"VH50T,EH64K,QL28S,YL52N,GH53N",2.2995564937591553,-0.310861736536026,0,"2B2X_VH50T,EH64K,QL28S,YL52N,GH53N"
2B2X,"VH50T,EH64K,QL28S,YL52N,GH54Y",1.043681025505066,-2.151592493057251,0,"2B2X_VH50T,EH64K,QL28S,YL52N,GH54Y"
2B2X,"VH50T,EH64K,QL28S,YL52N,FH99W",1.043681025505066,-0.5360249876976013,0,"2B2X_VH50T,EH64K,QL28S,YL52N,FH99W"
2B2X,"VH50T,EH64K,QL28S,YL52N,FH99Y",1.7986879348754883,-0.7606589794158936,0,"2B2X_VH50T,EH64K,QL28S,YL52N,FH99Y"
2B2X,"VH50T,EH64K,QL28S,YL52N,TH33E,GH53Q",2.7118842601776123,-0.00910929311066866,0,"2B2X_VH50T,EH64K,QL28S,YL52N,TH33E,GH53Q"
2B2X,"VH50T,EH64K,QL28S,YL52N,TH33I,SH52T,GH53N,GH54N",2.9521026611328125,0.6180146336555481,0,"2B2X_VH50T,EH64K,QL28S,YL52N,TH33I,SH52T,GH53N,GH54N"
2B2X,"VH50T,EH64K,QL28S,YL52N,TH33I,SH52T,GH53Q,GH54F",2.2995564937591553,-0.07159257680177689,0,"2B2X_VH50T,EH64K,QL28S,YL52N,TH33I,SH52T,GH53Q,GH54F"
2B2X,"EH64K,YL52N",0.3486860692501068,0.5727401375770569,0,"2B2X_EH64K,YL52N"
2B2X,"QL28S,YL52N",1.043681025505066,0.898846447467804,0,"2B2X_QL28S,YL52N"
2B2X,"VH50T,YL52N",0.1864510029554367,0.22073118388652802,0,"2B2X_VH50T,YL52N"
2B2X,EH64K,0.09016634523868561,-0.3721916079521179,0,2B2X_EH64K
2B2X,VH50T,-0.04203549772500992,-0.4717026352882385,0,2B2X_VH50T
3BE1,"DL28N,PL30A,RL31K,SL32T,YL57F,TL97S,TL98S",-0.8687343001365662,-0.2818843126296997,0,"3BE1_DL28N,PL30A,RL31K,SL32T,YL57F,TL97S,TL98S"
3BE1,"DL28N,PL30A,RL31K,SL32T,YL57F,TL97S,TL98S,KH30S,DH31G,TH54S,NH55E,GH100V,DH102V",-2.8837804794311523,-0.8543744683265686,0,"3BE1_DL28N,PL30A,RL31K,SL32T,YL57F,TL97S,TL98S,KH30S,DH31G,TH54S,NH55E,GH100V,DH102V"
3BE1,"DL28N,PL30A,RL31K,SL32T,TL97S,TL98S",-0.6750600934028625,-0.13536131381988525,0,"3BE1_DL28N,PL30A,RL31K,SL32T,TL97S,TL98S"
3BE1,"DL28N,PL30A,RL31K,SL32T,TL97S,TL98S,KH30S,DH31G,TH54S,NH55E,GH100V,DH102V",-2.728342294692993,-0.43852439522743225,0,"3BE1_DL28N,PL30A,RL31K,SL32T,TL97S,TL98S,KH30S,DH31G,TH54S,NH55E,GH100V,DH102V"
3BE1,"DL28N,PL30A,RL31K,SL32T,TL97S,TL98S,KH30S,DH31G,TH54S,NH55E,GH100V,DH102V,YL36A",-3.1389987468719482,1.4766011238098145,0,"3BE1_DL28N,PL30A,RL31K,SL32T,TL97S,TL98S,KH30S,DH31G,TH54S,NH55E,GH100V,DH102V,YL36A"
3BE1,"DL28N,PL30A,RL31K,SL32T,TL97S,TL98S,KH30S,DH31G,TH54S,NH55E,GH100V,DH102V,YL36A,IL33A",-2.728342294692993,1.2483330965042114,0,"3BE1_DL28N,PL30A,RL31K,SL32T,TL97S,TL98S,KH30S,DH31G,TH54S,NH55E,GH100V,DH102V,YL36A,IL33A"
3SE4,TC36A,1.3641711473464966,1.0025649070739746,0,3SE4_TC36A
3SE4,MC38A,1.6662180423736572,3.042050361633301,0,3SE4_MC38A
3SE4,MC38V,1.165419578552246,1.8994495868682861,0,3SE4_MC38V
3SE4,SC39A,0.21190492808818817,0.49772223830223083,0,3SE4_SC39A
3SE4,HC68A,-0.6102371215820312,-0.5367080569267273,0,3SE4_HC68A
3SE4,EC69A,1.3641711473464966,0.7159969210624695,0,3SE4_EC69A
3SE4,VC72A,1.165419578552246,2.1519272327423096,0,3SE4_VC72A
3SE4,IC95A,1.2093250751495361,1.8117847442626953,0,3SE4_IC95A
3SE4,HC172A,-0.4106564223766327,0.31308260560035706,0,3SE4_HC172A
3SE4,YA55A,1.3641711473464966,1.0286189317703247,0,3SE4_YA55A
3SE4,LA116A,0.13220183551311493,1.785355567932129,0,3SE4_LA116A
3SE4,DA117A,0.13220183551311493,0.6061916351318359,0,3SE4_DA117A
3SE4,SA120A,0.0,0.41937464475631714,0,3SE4_SA120A
3SE4,NA140T,0.4106564223766327,0.06782423704862595,0,3SE4_NA140T
3SE4,YA148A,-0.27845457196235657,0.45610788464546204,0,3SE4_YA148A
3SE4,TA166A,-0.5428582429885864,0.4825424253940582,0,3SE4_TA166A
3SE4,FA223A,1.3641711473464966,1.7043886184692383,0,3SE4_FA223A
3SE4,RA226A,0.30293580889701843,0.18344110250473022,0,3SE4_RA226A
3SE4,NA227A,0.0,0.10958641022443771,0,3SE4_NA227A
3SE4,NA230A,0.30293580889701843,0.172908753156662,0,3SE4_NA230A
3SE4,FA273A,0.21086826920509338,0.022815879434347153,0,3SE4_FA273A
3SE4,PB27A,-0.17043781280517578,0.5048633217811584,0,3SE4_PB27A
3SE4,PB27L,0.9243718385696411,-3.200591802597046,0,3SE4_PB27L
3SE4,LB31A,2.728342294692993,2.7209312915802,0,3SE4_LB31A
3SE4,MB130A,0.5728914737701416,0.6241994500160217,0,3SE4_MB130A
3SE4,KB134A,1.774827480316162,0.6737303733825684,0,3SE4_KB134A
3SE4,KB134R,-0.9746220707893372,0.01610296592116356,0,3SE4_KB134R
3SE4,PB27A,0.04969575256109238,0.10164424031972885,0,3SE4_PB27A
3SE4,PB27L,0.10305897891521454,-3.123368740081787,0,3SE4_PB27L
3SE4,LB31A,-0.011969134211540222,2.728933811187744,0,3SE4_LB31A
3SE4,MB130A,0.024658843874931335,0.6135645508766174,0,3SE4_MB130A
3SE4,KB134A,-0.03508462756872177,0.13090577721595764,0,3SE4_KB134A
3SE4,KB134R,0.13926894962787628,0.19134412705898285,0,3SE4_KB134R
3SE4,EC69A,1.4014806747436523,1.2846813201904297,0,3SE4_EC69A
3SE4,KB134A,1.8023210763931274,0.6579602360725403,0,3SE4_KB134A
3SE4,"KB134A,EC69A",1.9022706747055054,1.707900047302246,0,"3SE4_KB134A,EC69A"
3SE4,KB134R,-0.8983960151672363,0.19164350628852844,0,3SE4_KB134R
3SE4,"KB134R,EC69A",1.4014806747436523,1.6892987489700317,0,"3SE4_KB134R,EC69A"
2BDN,LH27R,0.6508750319480896,-0.1672661304473877,0,2BDN_LH27R
2BDN,LH27K,0.8744037747383118,-0.5410152077674866,0,2BDN_LH27K
2BDN,NH28D,0.13220183551311493,-0.45270270109176636,0,2BDN_NH28D
2BDN,NH28Q,1.4000883102416992,-0.009256367571651936,0,2BDN_NH28Q
2BDN,DH31E,1.0857164859771729,1.9556941986083984,0,2BDN_DH31E
2BDN,YL30K,0.6750600934028625,0.6838124394416809,0,2BDN_YL30K
2BDN,NL31R,-0.9175975322723389,-0.15775740146636963,0,2BDN_NL31R
2BDN,NL31K,3.4913339614868164,-0.12022779136896133,0,2BDN_NL31K
2BDN,SL53D,-0.160644993185997,-0.8171433210372925,0,2BDN_SL53D
2BDN,SL53E,-0.8517016768455505,-0.9009106159210205,0,2BDN_SL53E
2BDN,TL56D,-0.4256560206413269,0.17710360884666443,0,2BDN_TL56D
2BDN,TL56E,-0.6891109943389893,0.11094766110181808,0,2BDN_TL56E
2DVW,RB7A,0.6936055421829224,0.8795406222343445,0,2DVW_RB7A
2DVW,"RB3A,RB7A",2.1533782482147217,2.073476552963257,0,"2DVW_RB3A,RB7A"
2DVW,"RB3A,RB4A,RB7A",2.790146827697754,2.021204710006714,0,"2DVW_RB3A,RB4A,RB7A"
2DVW,"EB21A,EB22A",0.038346003741025925,0.3198029100894928,0,"2DVW_EB21A,EB22A"
2DVW,KB62E,0.20547401905059814,1.3140596151351929,0,2DVW_KB62E
2DVW,RA39A,0.9106241464614868,0.26774147152900696,0,2DVW_RA39A
2DVW,KA114A,0.03420586138963699,1.8502898216247559,0,2DVW_KA114A
2DVW,"DA37A,DA69A",0.19162222743034363,0.23925426602363586,0,"2DVW_DA37A,DA69A"
2DVW,"RA39A,KA114A",2.3625965118408203,1.9187088012695312,0,"2DVW_RA39A,KA114A"
2DVW,EA180A,0.43817728757858276,1.7913203239440918,0,2DVW_EA180A
2DSQ,RI20A,0.06113170459866524,0.0744335874915123,0,2DSQ_RI20A
2DSQ,RI35A,0.6104087829589844,0.16485576331615448,0,2DSQ_RI35A
2DSQ,RI40A,-0.08776002377271652,0.2473483383655548,0,2DSQ_RI40A
2DSQ,RI41A,0.08886856585741043,0.1859792321920395,0,2DSQ_RI41A
4BFI,LB29K,2.077467203140259,-0.2586766481399536,0,4BFI_LB29K
4BFI,NB43D,2.728342294692993,0.5533743500709534,0,4BFI_NB43D
4BFI,NB43A,2.317685842514038,0.7724694013595581,0,4BFI_NB43A
4BFI,LB91A,1.3072104454040527,1.2129323482513428,0,4BFI_LB91A
4BFI,NB93K,2.728342294692993,0.48364293575286865,0,4BFI_NB93K
4BFI,FB95D,2.728342294692993,1.1900309324264526,0,4BFI_FB95D
4BFI,FB95A,2.077467203140259,1.3474445343017578,0,4BFI_FB95A
4BFI,KB99E,2.317685842514038,0.7564274072647095,0,4BFI_KB99E
4BFI,QB6K,-0.011969134211540222,0.13324421644210815,0,4BFI_QB6K
4BFI,SB17D,0.030783649533987045,-0.47531336545944214,0,4BFI_SB17D
4BFI,QB26K,-0.21983741223812103,0.37218961119651794,0,4BFI_QB26K
4JEU,RA169A,-0.4106564223766327,0.6421850919723511,0,4JEU_RA169A
4JEU,RA37C,0.9096092581748962,-0.3645668029785156,0,4JEU_RA37C
4JEU,"LB147A,EB148A",1.1937333345413208,1.0937347412109375,0,"4JEU_LB147A,EB148A"
4JEU,"LB147A,EB148A",1.009981393814087,1.1106517314910889,0,"4JEU_LB147A,EB148A"
4JEU,IB215A,3.24170184135437,0.7562688589096069,0,4JEU_IB215A
4JEU,RB3A,1.128169298171997,0.7102302312850952,0,4JEU_RB3A
4JEU,TB4A,0.1809239685535431,1.6433918476104736,0,4JEU_TB4A
4JEU,LB7A,1.1089528799057007,0.5668409466743469,0,4JEU_LB7A
4LRX,HA56N,0.32587605714797974,0.15714170038700104,0,4LRX_HA56N
3U82,IB45A,2.5961403846740723,2.5631353855133057,0,3U82_IB45A
3U82,"TB28A,QB29A,EB90A,NB98A",-1.0106927156448364,-0.10905874520540237,0,"3U82_TB28A,QB29A,EB90A,NB98A"
4P23,KC40A,1.1937333345413208,1.1786208152770996,0,4P23_KC40A
4P23,DC56A,0.9917506575584412,0.403006911277771,0,4P23_DC56A
4P23,QC58A,0.9729411005973816,0.22707654535770416,0,4P23_QC58A
4P23,LC61A,0.9535146951675415,1.3749513626098633,0,4P23_LC61A
4P23,QC62A,1.910965919494629,0.43180394172668457,0,4P23_QC62A
4P23,NC63A,1.5119646787643433,0.9359017014503479,0,4P23_NC63A
4P23,VC66A,1.1667990684509277,1.30393648147583,0,4P23_VC66A
4P23,KC68A,0.6829072833061218,0.6268182396888733,0,4P23_KC68A
4P23,HC69A,0.6170114278793335,0.28075936436653137,0,4P23_HC69A
4P23,VC73A,0.0,-0.017581794410943985,0,4P23_VC73A
4P23,KC76A,0.17043781280517578,0.1743166148662567,0,4P23_KC76A
4P23,FD1A,0.0,0.08200927823781967,0,4P23_FD1A
4P23,ED2A,1.1667990684509277,0.4568696618080139,0,4P23_ED2A
4P23,QD4A,0.6829072833061218,1.327788233757019,0,4P23_QD4A
4P23,KD5A,2.2306222915649414,2.059133291244507,0,4P23_KD5A
4P23,KD7A,2.5683443546295166,1.4002363681793213,0,4P23_KD7A
4P23,ND9A,0.0,-0.06615189462900162,0,4P23_ND9A
4P23,KD10A,0.09132687747478485,0.5587592720985413,0,4P23_KD10A
4P23,VD12A,0.0,0.028053101152181625,0,4P23_VD12A
4P23,DD13A,0.17043781280517578,0.0057417405769228935,0,4P23_DD13A
4P23,ED68A,0.09132687747478485,0.11003421992063522,0,4P23_ED68A
4P23,YD69A,0.2402186095714569,0.21537522971630096,0,4P23_YD69A
4P23,SD72A,0.0,-0.08381334692239761,0,4P23_SD72A
4P23,QD73A,0.17043781280517578,0.49311989545822144,0,4P23_QD73A
4P23,PD74A,0.09132687747478485,-0.12905782461166382,0,4P23_PD74A
4P23,ED75A,0.17043781280517578,0.06867959350347519,0,4P23_ED75A
4P23,ID76A,0.17043781280517578,0.1374594122171402,0,4P23_ID76A
4P23,ED78A,0.17043781280517578,0.27343517541885376,0,4P23_ED78A
4P23,RD79A,2.0715129375457764,1.6300121545791626,0,4P23_RD79A
4P23,RD81A,0.09132687747478485,0.0008000388043001294,0,4P23_RD81A
4P23,DD85A,0.09132687747478485,0.08457770198583603,0,4P23_DD85A
4P23,TD86A,0.0,1.0405772924423218,0,4P23_TD86A
4P23,RD89A,0.09132687747478485,-0.02831203117966652,0,4P23_RD89A
4P23,HD90A,0.17043781280517578,0.12597092986106873,0,4P23_HD90A
4P23,ED93A,0.09132687747478485,-0.052949193865060806,0,4P23_ED93A
5CYK,EB52R,-2.6803719997406006,-1.297980546951294,0,5CYK_EB52R
5CYK,"EB52R,EB47D",-2.3153111934661865,-0.09609545022249222,0,"5CYK_EB52R,EB47D"
5CYK,"EB52R,TB50Q",-2.617950916290283,-1.3193570375442505,0,"5CYK_EB52R,TB50Q"
5CYK,EB52A,-2.1159675121307373,0.37086543440818787,0,5CYK_EB52A
5CYK,"EB52R,VB54W",-2.1159675121307373,-1.7277817726135254,0,"5CYK_EB52R,VB54W"
1C1Y,KA31E,-1.774827480316162,-2.0257091522216797,0,1C1Y_KA31E
1C1Y,"KA31E,EA30D",-2.0150461196899414,-2.0069425106048584,0,"1C1Y_KA31E,EA30D"
1C1Y,KB11M,0.7132960557937622,0.2872689962387085,0,1C1Y_KB11M
1C1Y,NB10A,0.5019832849502563,-0.21950159966945648,0,1C1Y_NB10A
1C1Y,NB10D,1.4762879610061646,0.7521272301673889,0,1C1Y_NB10D
1C1Y,VB15A,1.1239525079727173,0.27987077832221985,0,1C1Y_VB15A
1C1Y,KB11A,1.1089528799057007,-0.08251554518938065,0,1C1Y_KB11A
1C1Y,KB11E,0.8910936117172241,0.5529155731201172,0,1C1Y_KB11E
1C1Y,TB14A,1.4554979801177979,0.956511914730072,0,1C1Y_TB14A
1C1Y,RB13A,1.4554979801177979,1.93388032913208,0,1C1Y_RB13A
1C1Y,RB5A,1.907029390335083,1.1353602409362793,0,1C1Y_RB5A
1C1Y,QB12A,1.5808899402618408,0.058990176767110825,0,1C1Y_QB12A
1C1Y,"RB5A,NB10D",2.7525272369384766,1.762003779411316,0,"1C1Y_RB5A,NB10D"
1C1Y,KB30A,1.312620997428894,1.7883527278900146,0,1C1Y_KB30A
1C1Y,KB30E,2.232905387878418,3.7183423042297363,0,1C1Y_KB30E
1C1Y,"KB30A,RB35G",2.6203253269195557,2.8658246994018555,0,"1C1Y_KB30A,RB35G"
1C1Y,RB35L,2.6203253269195557,2.8478586673736572,0,1C1Y_RB35L
1C1Y,DA38A,2.6203253269195557,3.425623893737793,0,1C1Y_DA38A
3EQS,TB1A,0.39184683561325073,0.34222695231437683,0,3EQS_TB1A
3EQS,SB2A,1.2635140419006348,1.4952867031097412,0,3EQS_SB2A
3EQS,FB3A,5.558497428894043,4.1563310623168945,0,3EQS_FB3A
3EQS,EB5A,1.1146223545074463,1.5007314682006836,0,3EQS_EB5A
3EQS,YB6A,3.110555410385132,1.3632341623306274,0,3EQS_YB6A
3EQS,WB7A,6.410199165344238,2.8357350826263428,0,3EQS_WB7A
3EQS,NB8A,-1.111736536026001,0.6586714386940002,0,3EQS_NB8A
3EQS,LB9A,-0.17043781280517578,0.5542323589324951,0,3EQS_LB9A
3EQS,LB10A,3.3343615531921387,2.3061110973358154,0,3EQS_LB10A
3EQS,SB11A,0.11720225214958191,0.07572036236524582,0,3EQS_SB11A
3LNZ,AB8N,1.111736536026001,-1.2572591304779053,0,3LNZ_AB8N
1OHZ,"SB11A,TB12A",0.07970309257507324,0.29074355959892273,0,"1OHZ_SB11A,TB12A"
1OHZ,"SB45A,TB46A",0.07970309257507324,0.7490499019622803,0,"1OHZ_SB45A,TB46A"
1OHZ,"SB11A,TB12A,SB45A,TB46A",0.0,0.6765007972717285,0,"1OHZ_SB11A,TB12A,SB45A,TB46A"
1OHZ,"SB11Q,SB45Q",2.185483932495117,-0.9456210732460022,0,"1OHZ_SB11Q,SB45Q"
1OHZ,"SB11L,TB12L,SB45Q",3.0067968368530273,-0.5644962787628174,0,"1OHZ_SB11L,TB12L,SB45Q"
5XCO,DA13C,0.8112425804138184,0.4565717875957489,0,5XCO_DA13C
5XCO,DA13G,1.1104871034622192,0.645033061504364,0,5XCO_DA13G
5XCO,PB6A,1.0790220499038696,1.4113693237304688,0,5XCO_PB6A
5XCO,LB7A,2.74798321723938,1.0243810415267944,0,5XCO_LB7A
5XCO,YB8A,1.3641711473464966,1.1241271495819092,0,5XCO_YB8A
5XCO,IB9A,2.7973828315734863,0.6743265390396118,0,5XCO_IB9A
5XCO,SB10A,1.2860103845596313,0.13194586336612701,0,5XCO_SB10A
5XCO,YB11A,1.9003349542617798,0.41997578740119934,0,5XCO_YB11A
5XCO,DB12A,2.7973828315734863,0.6429662704467773,0,5XCO_DB12A
5XCO,PB13A,0.6351353526115417,0.3691139817237854,0,5XCO_PB13A
5XCO,VB14A,0.0,-0.46493440866470337,0,5XCO_VB14A
5XCO,"DA13C,PB6A",2.4099628925323486,0.8423891663551331,0,"5XCO_DA13C,PB6A"
5XCO,"DA13C,LB7A",2.7973828315734863,2.27461838722229,0,"5XCO_DA13C,LB7A"
5XCO,"DA13C,YB8A",2.618992567062378,1.24335515499115,0,"5XCO_DA13C,YB8A"
5XCO,"DA13C,IB9A",2.7973828315734863,0.8737362027168274,0,"5XCO_DA13C,IB9A"
5XCO,"DA13C,SB10A",2.4643545150756836,0.465023934841156,0,"5XCO_DA13C,SB10A"
5XCO,"DA13C,YB11A",2.7973828315734863,0.8602904677391052,0,"5XCO_DA13C,YB11A"
5XCO,"DA13C,DB12A",2.7973828315734863,0.9280965328216553,0,"5XCO_DA13C,DB12A"
5XCO,"DA13C,PB13A",1.7475835084915161,0.8010745048522949,0,"5XCO_DA13C,PB13A"
5XCO,"DA13C,VB14A",0.8599647283554077,-0.10339287668466568,0,"5XCO_DA13C,VB14A"
5XCO,"DA13G,PB6A",2.4538683891296387,0.8072469830513,0,"5XCO_DA13G,PB6A"
5XCO,"DA13G,LB7A",2.7973828315734863,2.3471179008483887,0,"5XCO_DA13G,LB7A"
5XCO,"DA13G,YB8A",2.7415082454681396,1.284112572669983,0,"5XCO_DA13G,YB8A"
5XCO,"DA13G,IB9A",2.7973828315734863,0.8510172963142395,0,"5XCO_DA13G,IB9A"
5XCO,"DA13G,SB10A",2.791428565979004,0.4395744800567627,0,"5XCO_DA13G,SB10A"
5XCO,"DA13G,YB11A",2.7973828315734863,1.1008923053741455,0,"5XCO_DA13G,YB11A"
5XCO,"DA13G,DB12A",2.7973828315734863,0.7779271006584167,0,"5XCO_DA13G,DB12A"
5XCO,"DA13G,PB13A",2.1223227977752686,0.7977332472801208,0,"5XCO_DA13G,PB13A"
5XCO,"DA13G,VB14A",1.3228204250335693,0.10374637693166733,0,"5XCO_DA13G,VB14A"
5UFE,GA12D,-1.2214624881744385,-0.39837104082107544,0,5UFE_GA12D
5UFE,GA12D,-1.3788002729415894,-0.39837104082107544,0,5UFE_GA12D
5UFE,GA12C,-0.3963797688484192,0.05109923705458641,0,5UFE_GA12C
5UFE,GA12V,-0.7279252409934998,-0.1286260187625885,0,5UFE_GA12V
5UFQ,DA12G,1.2214624881744385,0.5281403660774231,0,5UFQ_DA12G
5UFQ,DA12G,1.3788002729415894,0.5403775572776794,0,5UFQ_DA12G
5UFQ,DA12C,0.9824205040931702,0.5440593957901001,0,5UFQ_DA12C
5UFQ,DA12V,0.6508750319480896,1.0106768608093262,0,5UFQ_DA12V
5UFE,QB25R,0.29242265224456787,-0.29024994373321533,0,5UFE_QB25R
5UFE,"QB25R,EB33G,DB34G",0.09752010554075241,-0.42619234323501587,0,"5UFE_QB25R,EB33G,DB34G"
5UFE,"GA12D,QB25R",-0.9751043915748596,-0.6695231795310974,0,"5UFE_GA12D,QB25R"
5UFE,GA12D,-1.2214624881744385,-0.39837104082107544,0,5UFE_GA12D
5UFE,"GA12D,QB25R,EB33G,DB34G",-0.9225372672080994,-0.3274373710155487,0,"5UFE_GA12D,QB25R,EB33G,DB34G"
5UFQ,"DA12G,QC25R,KC55G",1.5138851404190063,0.1070878729224205,0,"5UFQ_DA12G,QC25R,KC55G"
5UFQ,DA12G,1.2214624881744385,0.39608854055404663,0,5UFQ_DA12G
5UFQ,"QC25R,KC55G",0.24635806679725647,-0.31006428599357605,0,"5UFQ_QC25R,KC55G"
2WPT,DA30A,-1.420204520225525,1.8467146158218384,0,2WPT_DA30A
2WPT,FB79A,2.6683247089385986,3.1611578464508057,0,2WPT_FB79A
2WPT,"DA30A,FB79A",-0.16468580067157745,3.876122236251831,0,"2WPT_DA30A,FB79A"
2WPT,NA31A,-0.13855770230293274,0.764208972454071,0,2WPT_NA31A
2WPT,SB77A,-0.08617144078016281,0.25608569383621216,0,2WPT_SB77A
2WPT,"SB77A,NA31A",-0.43725475668907166,0.6782864332199097,0,"2WPT_SB77A,NA31A"
1SBN,RI38K,-0.30999940633773804,0.19277603924274445,1,1SBN_RI38K
1TM1,YI42A,2.1795296669006348,3.067596673965454,1,1TM1_YI42A
1TM1,YI42G,4.680967330932617,4.394506931304932,1,1TM1_YI42G
1TM1,RI46A,3.079859972000122,3.9049792289733887,1,1TM1_RI46A
1TM1,RI48A,2.923438787460327,3.8603689670562744,1,1TM1_RI48A
1TM1,RI48C,3.2358014583587646,2.8795552253723145,1,1TM1_RI48C
1TM1,"RI48A,RI46A",5.0519232749938965,3.594350814819336,1,"1TM1_RI48A,RI46A"
1TM1,TI39D,2.099073648452759,3.1517696380615234,1,1TM1_TI39D
1TM1,TI39A,2.5723960399627686,2.4500179290771484,1,1TM1_TI39A
1TM1,EI41A,2.9246554374694824,3.7114641666412354,1,1TM1_EI41A
1TM1,"TI39A,EI41A",3.3903958797454834,4.443287372589111,1,"1TM1_TI39A,EI41A"
1TM1,"TI39D,EI41A",0.7541710138320923,4.607466220855713,1,"1TM1_TI39D,EI41A"
1TM1,VI51A,0.0248617734760046,-0.234236940741539,1,1TM1_VI51A
1Y1K,AI39T,-2.728342294692993,-2.4290075302124023,1,1Y1K_AI39T
1Y3B,SI41E,-2.7477686405181885,-2.848299741744995,1,1Y3B_SI41E
1TM1,TI39A,2.728342294692993,2.484628438949585,1,1TM1_TI39A
1TM1,TI39P,3.756010055541992,3.9219725131988525,1,1TM1_TI39P
1TM1,EI41A,3.054218292236328,3.7114641666412354,1,1TM1_EI41A
1TM1,EI41S,2.7477686405181885,3.37050199508667,1,1TM1_EI41S
1TM1,"EI41S,MI40R",3.549654960632324,3.9562978744506836,1,"1TM1_EI41S,MI40R"
1TM1,RI43A,1.2561542987823486,1.3400487899780273,1,1TM1_RI43A
1TM1,RI46A,3.756010055541992,3.8378987312316895,1,1TM1_RI46A
1TM1,RI48A,3.098123788833618,3.8603689670562744,1,1TM1_RI48A
1TM7,YI40M,-0.05646670609712601,-0.744988203048706,1,1TM7_YI40M
1TM1,MI40G,2.232905387878418,1.5336782932281494,1,1TM1_MI40G
1TM1,MI40A,1.0276678800582886,1.8792660236358643,1,1TM1_MI40A
1TM1,MI40K,1.0935636758804321,1.2326066493988037,1,1TM1_MI40K
1TM1,MI40Y,0.05646670609712601,0.7881920337677002,1,1TM1_MI40Y
1TM1,MI40F,1.0276678800582886,0.33203575015068054,1,1TM1_MI40F
1TM1,YI42A,2.9815821647644043,3.559265375137329,1,1TM1_YI42A
1AK4,PD85A,1.0857164859771729,0.5212298035621643,1,1AK4_PD85A
1AK4,VD86A,0.9917506575584412,0.3970905542373657,1,1AK4_VD86A
1AK4,HD87A,1.009981393814087,1.4485180377960205,1,1AK4_HD87A
1AK4,HD87Q,0.9729411005973816,0.3748709559440613,1,1AK4_HD87Q
1AK4,HD87R,1.6457033157348633,0.39206162095069885,1,1AK4_HD87R
1AK4,AD88V,0.7697627544403076,-0.9279866814613342,1,1AK4_AD88V
1AK4,AD88G,2.6548469066619873,-0.8442165851593018,1,1AK4_AD88G
1AK4,GD89A,2.077467203140259,0.5473306179046631,1,1AK4_GD89A
1AK4,GD89V,3.0309817790985107,0.10830212384462357,1,1AK4_GD89V
1AK4,PD90A,2.17301082611084,0.454720139503479,1,1AK4_PD90A
1AK4,PD90V,3.0309817790985107,-1.3928258419036865,1,1AK4_PD90V
1AK4,ID91A,0.2402186095714569,0.8741904497146606,1,1AK4_ID91A
1AK4,ID91V,0.0,0.08304227143526077,1,1AK4_ID91V
1AK4,AD92G,0.5810942649841309,-1.3009525537490845,1,1AK4_AD92G
1AK4,AD92V,0.3591063618659973,-0.8478191494941711,1,1AK4_AD92V
1AK4,PD93A,0.6829072833061218,0.5450010895729065,1,1AK4_PD93A
1AK4,"LD83T,VD86P,HD87A,AD88M,ID91L,AD92P,MD96I",0.7422019243240356,-0.40510082244873047,1,"1AK4_LD83T,VD86P,HD87A,AD88M,ID91L,AD92P,MD96I"
2B42,HA357A,1.6384583711624146,2.488391399383545,1,2B42_HA357A
2B42,HA357Q,1.076115608215332,0.4501935839653015,1,2B42_HA357Q
2B42,HA357K,2.5677878856658936,0.8811057806015015,1,2B42_HA357K
2I26,AN29V,0.030388813465833664,-0.6695491671562195,1,2I26_AN29V
2I26,SN60R,-0.6264405846595764,-1.2298376560211182,1,2I26_SN60R
3BT1,RU135A,-0.2876400649547577,0.28869009017944336,1,3BT1_RU135A
3BT1,KU137A,0.6742783188819885,0.47145044803619385,1,3BT1_KU137A
3BT1,RU140A,0.3632349669933319,1.054461121559143,1,3BT1_RU140A
3BT1,HU141A,0.6616276502609253,0.6075694561004639,1,3BT1_HU141A
3BT1,RU143A,0.42034250497817993,1.0046836137771606,1,3BT1_RU143A
3BP8,FA115A,0.708987295627594,0.24990461766719818,1,3BP8_FA115A
3BP8,AC51F,0.6154942512512207,-2.438349962234497,1,3BP8_AC51F
3BP8,"FA115A,AC51F",-0.7745522260665894,-2.17539119720459,1,"3BP8_FA115A,AC51F"
2VIS,IC89T,-4.913825988769531,-5.635632514953613,1,2VIS_IC89T
1EMV,"QA15E,LA16F,TA18K,TA19K,NA22R,DA24E,TA25G,SA26A,SA27T,EA30D,LA31D,VA32N,TA36R,HA37E,EA40R,MA41L,SA46D,KA55R,EA56D,GA57D,DA58R,DA59E,SA63E,NA67K,TA68E,VA69I,QA71E",8.058494567871094,6.618200778961182,1,"1EMV_QA15E,LA16F,TA18K,TA19K,NA22R,DA24E,TA25G,SA26A,SA27T,EA30D,LA31D,VA32N,TA36R,HA37E,EA40R,MA41L,SA46D,KA55R,EA56D,GA57D,DA58R,DA59E,SA63E,NA67K,TA68E,VA69I,QA71E"
1EMV,"EA30D,LA31D,VA32N,TA36R,HA37E,EA40R,MA41L,SA46D,KA55R,EA56D,GA57D,DA58R,DA59E,SA63E,NA67K,TA68E,VA69I,QA71E",7.990222930908203,4.714926242828369,1,"1EMV_EA30D,LA31D,VA32N,TA36R,HA37E,EA40R,MA41L,SA46D,KA55R,EA56D,GA57D,DA58R,DA59E,SA63E,NA67K,TA68E,VA69I,QA71E"
1EMV,"QA15E,LA16F,TA18K,TA19K,NA22R,DA24E,TA25G,SA26A,SA27T,SA63E,NA67K,TA68E,VA69I,QA71E",2.8566248416900635,1.4044162034988403,1,"1EMV_QA15E,LA16F,TA18K,TA19K,NA22R,DA24E,TA25G,SA26A,SA27T,SA63E,NA67K,TA68E,VA69I,QA71E"
1EMV,"QA15E,LA16F,TA18K,TA19K,NA22R,DA24E,TA25G,SA26A,SA27T,SA46D,KA55R,EA56D,GA57D,DA58R,DA59E,SA63E,NA67K,TA68E,VA69I,QA71E",1.704028606414795,1.8330891132354736,1,"1EMV_QA15E,LA16F,TA18K,TA19K,NA22R,DA24E,TA25G,SA26A,SA27T,SA46D,KA55R,EA56D,GA57D,DA58R,DA59E,SA63E,NA67K,TA68E,VA69I,QA71E"
1EMV,"QA15E,LA16F,TA18K,TA19K,NA22R,SA46D,KA55R,EA56D,GA57D,DA58R,DA59E,SA63E,NA67K,TA68E,VA69I,QA71E",1.4230005741119385,-0.1383548229932785,1,"1EMV_QA15E,LA16F,TA18K,TA19K,NA22R,SA46D,KA55R,EA56D,GA57D,DA58R,DA59E,SA63E,NA67K,TA68E,VA69I,QA71E"
1EMV,"QA15E,LA16F,SA46D,KA55R,EA56D,GA57D,DA58R,DA59E,SA63E,NA67K,TA68E,VA69I,QA71E",-0.20852912962436676,-0.952088475227356,1,"1EMV_QA15E,LA16F,SA46D,KA55R,EA56D,GA57D,DA58R,DA59E,SA63E,NA67K,TA68E,VA69I,QA71E"
1EMV,"SA46D,KA55R,EA56D,GA57D,DA58R,DA59E,SA63E,NA67K,TA68E,VA69I,QA71E",-0.5173725485801697,-0.021246960386633873,1,"1EMV_SA46D,KA55R,EA56D,GA57D,DA58R,DA59E,SA63E,NA67K,TA68E,VA69I,QA71E"
1EMV,"SA63E,NA67K,TA68E,VA69I,QA71E",0.07911093533039093,0.16046573221683502,1,"1EMV_SA63E,NA67K,TA68E,VA69I,QA71E"
1EMV,RB54A,1.6664471626281738,1.9104403257369995,1,1EMV_RB54A
1EMV,NB72A,1.1651908159255981,1.1325492858886719,1,1EMV_NB72A
1EMV,SB74A,-0.24112796783447266,0.11956305056810379,1,1EMV_SB74A
1EMV,NB75A,2.3355860710144043,2.216719150543213,1,1EMV_NB75A
1EMV,SB77A,-0.2329934984445572,0.3316856026649475,1,1EMV_SB77A
1EMV,SB78A,-0.5401384830474854,0.2771897614002228,1,1EMV_SB78A
1EMV,SB84A,-0.10947242379188538,1.2913377285003662,1,1EMV_SB84A
1EMV,FB86A,3.880681037902832,1.8252445459365845,1,1EMV_FB86A
1EMV,TB87A,0.15850576758384705,0.9027529358863831,1,1EMV_TB87A
1EMV,QB92A,-0.2777280807495117,0.022843727841973305,1,1EMV_QB92A
1EMV,KB97A,1.960514783859253,2.110689163208008,1,1EMV_KB97A
1EMV,VB98A,1.089340090751648,0.8621985912322998,1,1EMV_VB98A
1EMV,"FB86A,LA31A",6.679957866668701,2.90763521194458,1,"1EMV_FB86A,LA31A"
1EMV,"FB86A,VA32A",4.665832996368408,2.396084785461426,1,"1EMV_FB86A,VA32A"
1EMV,"FB86A,VA35A",4.068404197692871,3.447686195373535,1,"1EMV_FB86A,VA35A"
1EMV,"FB86A,YA52A",8.723506927490234,4.778707027435303,1,"1EMV_FB86A,YA52A"
1EMV,"FB86A,YA53A",8.263228416442871,3.3065977096557617,1,"1EMV_FB86A,YA53A"
1EMV,CA21A,0.9219698905944824,0.9708943963050842,1,1EMV_CA21A
1EMV,NA22A,0.13947127759456635,0.29792097210884094,1,1EMV_NA22A
1EMV,DA24A,0.33674702048301697,0.5188517570495605,1,1EMV_DA24A
1EMV,TA25A,0.7284601926803589,1.087817907333374,1,1EMV_TA25A
1EMV,SA26A,0.17317432165145874,0.22619493305683136,1,1EMV_SA26A
1EMV,SA27A,0.9564331769943237,0.18499226868152618,1,1EMV_SA27A
1EMV,EA28A,1.4166347980499268,0.9899610877037048,1,1EMV_EA28A
1EMV,EA29A,0.30701202154159546,0.35210251808166504,1,1EMV_EA29A
1EMV,EA30A,0.22038573026657104,0.25115102529525757,1,1EMV_EA30A
1EMV,LA31A,3.419278860092163,1.88401198387146,1,1EMV_LA31A
1EMV,VA32A,2.5794503688812256,0.5395532846450806,1,1EMV_VA32A
1EMV,KA33A,0.1919838935136795,0.4272065758705139,1,1EMV_KA33A
1EMV,LA34A,0.9071285128593445,0.3017175495624542,1,1EMV_LA34A
1EMV,VA35A,1.6646124124526978,2.8233425617218018,1,1EMV_VA35A
1EMV,TA36A,0.8999664783477783,0.8539533615112305,1,1EMV_TA36A
1EMV,EA39A,2.0840137004852295,2.0703296661376953,1,1EMV_EA39A
1EMV,EA40A,0.658144474029541,0.07540471106767654,1,1EMV_EA40A
1EMV,TA42A,0.304829865694046,0.3131444454193115,1,1EMV_TA42A
1EMV,EA43A,0.21277381479740143,0.4541323482990265,1,1EMV_EA43A
1EMV,HA44A,0.832183837890625,0.9493979215621948,1,1EMV_HA44A
1EMV,PA45A,0.4374687671661377,0.45870110392570496,1,1EMV_PA45A
1EMV,SA46A,0.007269441150128841,0.11897594481706619,1,1EMV_SA46A
1EMV,GA47A,1.4860434532165527,1.0799827575683594,1,1EMV_GA47A
1EMV,SA48A,2.188220500946045,0.513556957244873,1,1EMV_SA48A
1EMV,DA49A,5.918128490447998,3.476942539215088,1,1EMV_DA49A
1EMV,LA50A,0.6013163924217224,1.3602044582366943,1,1EMV_LA50A
1EMV,IA51A,0.8481252193450928,2.8203868865966797,1,1EMV_IA51A
1EMV,YA52A,4.836801528930664,5.077661991119385,1,1EMV_YA52A
1EMV,YA53A,4.6368327140808105,3.453108549118042,1,1EMV_YA53A
1EMV,PA54A,1.24284029006958,1.995850920677185,1,1EMV_PA54A
1EMV,DA58A,0.5113134384155273,1.344452142715454,1,1EMV_DA58A
1EMV,SA61A,0.8704198002815247,0.0007781479507684708,1,1EMV_SA61A
1EMV,VA66A,1.8566750288009644,0.4187239706516266,1,1EMV_VA66A
1EMV,NA67A,0.2779972553253174,0.5763795971870422,1,1EMV_NA67A
2OOB,KA7E,-0.17829985916614532,1.0220261812210083,1,2OOB_KA7E
2OOB,"AA6S,KA7E",0.16116079688072205,0.9913884401321411,1,"2OOB_AA6S,KA7E"
2OOB,AA9E,3.103360414505005,-1.8192517757415771,1,2OOB_AA9E
2OOB,GA13S,0.2353639453649521,-1.3606469631195068,1,2OOB_GA13S
2OOB,"AA9E,GA13S",3.103360414505005,-2.1784751415252686,1,"2OOB_AA9E,GA13S"
2OOB,"AA6S,KA7E,AA9E,GA13S",3.103360414505005,-0.358143150806427,1,"2OOB_AA6S,KA7E,AA9E,GA13S"
2OOB,"IA27E,IA38E",0.2842833995819092,0.44089487195014954,1,"2OOB_IA27E,IA38E"
2C0L,NA48A,0.6877506375312805,0.2919858694076538,1,2C0L_NA48A
2C0L,QA239R,1.4865076541900635,-0.6419534683227539,1,2C0L_QA239R
2C0L,SA242Y,0.2736794650554657,-0.3335019648075104,1,2C0L_SA242Y
2BTF,FP59A,1.5957406759262085,2.220853805541992,1,2BTF_FP59A
2BTF,VP60E,0.9787291884422302,0.18479622900485992,1,2BTF_VP60E
2BTF,GP120F,1.7209311723709106,-2.909931182861328,1,2BTF_GP120F
2BTF,KP125A,0.46005603671073914,2.2310633659362793,1,2BTF_KP125A
1S1Q,VA41A,0.6707527041435242,1.022794246673584,1,1S1Q_VA41A
1S1Q,FA42A,0.19934363663196564,1.002074122428894,1,1S1Q_FA42A
1S1Q,NA43A,1.2319692373275757,0.7063958644866943,1,1S1Q_NA43A
1S1Q,DA44A,0.9655211567878723,1.10955011844635,1,1S1Q_DA44A
1S1Q,WA73A,0.2807824909687042,0.9408912062644958,1,1S1Q_WA73A
1S1Q,FA86A,0.7752504348754883,1.957566738128662,1,1S1Q_FA86A
1NCA,NH31Q,0.0,-0.009843101724982262,1,1NCA_NH31Q
1NCA,EH100D,0.4106564223766327,-0.27875328063964844,1,1NCA_EH100D
1NCA,DH101K,0.7144798040390015,2.151566982269287,1,1NCA_DH101K
1NCA,NH102Q,0.5428582429885864,0.4842672348022461,1,1NCA_NH102Q
1MQ8,"CB32L,CB170F",3.681856870651245,0.0025435183197259903,1,"1MQ8_CB32L,CB170F"
1MQ8,"CB32L,CB170F,KB158C,KB165C",-1.774827480316162,0.1650482565164566,1,"1MQ8_CB32L,CB170F,KB158C,KB165C"
1MQ8,"CB32L,CB170F,EB155C,EB172C",-1.2561542987823486,0.10901946574449539,1,"1MQ8_CB32L,CB170F,EB155C,EB172C"
1MQ8,"CB32L,CB170F,KB31C,TB171C",2.9685609340667725,-0.3767073154449463,1,"1MQ8_CB32L,CB170F,KB31C,TB171C"
1MQ8,"CB32L,CB170F,LB160C,KB165C",3.7200927734375,0.09832782298326492,1,"1MQ8_CB32L,CB170F,LB160C,KB165C"
1MQ8,"CB32L,KB31C",0.6100000739097595,-0.2549702227115631,1,"1MQ8_CB32L,KB31C"
1MQ8,"CB170F,TB171C",0.6766378879547119,-0.25723397731781006,1,"1MQ8_CB170F,TB171C"
2QJA,"TC43A,LC47M,GC48K,LC49Y",0.46220648288726807,0.609285295009613,1,"2QJA_TC43A,LC47M,GC48K,LC49Y"
2QJA,"RC57K,TC59S,IC61K,PC62A,HC63Q,QC64L,SC67T,TC43A,LC47M,GC48K,LC49Y",-0.26777946949005127,-0.0741715356707573,1,"2QJA_RC57K,TC59S,IC61K,PC62A,HC63Q,QC64L,SC67T,TC43A,LC47M,GC48K,LC49Y"
2QJA,"GC11H,DC15E,AC30T,IC31M",0.8850788474082947,-0.2798967957496643,1,"2QJA_GC11H,DC15E,AC30T,IC31M"
1GRN,DA38E,0.38986650109291077,0.34455615282058716,1,1GRN_DA38E
1GL1,LI29V,4.259236812591553,3.353057861328125,1,1GL1_LI29V
1GL1,"KI30M,AI31G",-0.13220183551311493,2.4600346088409424,1,"1GL1_KI30M,AI31G"
1FFW,DA12K,0.04742146283388138,-0.02000080607831478,1,1FFW_DA12K
1FFW,TA86I,-0.31932955980300903,0.5321223735809326,1,1FFW_TA86I
1FFW,AA89V,0.09132687747478485,-0.708764910697937,1,1FFW_AA89V
1FFW,EA92K,0.8213128447532654,0.19628538191318512,1,1FFW_EA92K
1FFW,YA105W,0.7132960557937622,-0.3150478005409241,1,1FFW_YA105W
1FFW,VA107M,1.1313122510910034,-0.3310144543647766,1,1FFW_VA107M
1FFW,FA110V,1.2561542987823486,0.24072183668613434,1,1FFW_FA110V
1FFW,TA111I,0.5622846484184265,0.20513029396533966,1,1FFW_TA111I
1FFW,EA116K,0.7132960557937622,-0.1395738273859024,1,1FFW_EA116K
1FFW,EB13A,0.7167708873748779,-0.03249567002058029,1,1FFW_EB13A
1FFW,EB20A,0.6391429305076599,0.3221293091773987,1,1FFW_EB20A
1FFW,HB23A,0.033863615244627,0.8474929928779602,1,1FFW_HB23A
1FFW,DB44A,-0.07415315508842468,0.7106784582138062,1,1FFW_DB44A
1FFW,DB49A,0.0962846651673317,0.9248491525650024,1,1FFW_DB49A
1FFW,CB55A,0.20430143177509308,0.22486086189746857,1,1FFW_CB55A
1FFW,FB56A,3.645939826965332,2.1422128677368164,1,1FFW_FB56A
1FFW,IB58A,0.42783015966415405,1.2478244304656982,1,1FFW_IB58A
1EAW,QA23A,-0.5189116597175598,0.022445211187005043,1,1EAW_QA23A
1EAW,IA26A,-0.8225061297416687,1.3777141571044922,1,1EAW_IA26A
1EAW,IA45A,-0.19435805082321167,0.3808830976486206,1,1EAW_IA45A
1EAW,DA46A,-0.1716310679912567,0.4720047414302826,1,1EAW_DA46A
1EAW,DA47A,1.5027753114700317,0.6364560127258301,1,1EAW_DA47A
1EAW,RA48A,0.5876145362854004,3.2185020446777344,1,1EAW_RA48A
1EAW,FA50A,-0.4288126528263092,0.6613088846206665,1,1EAW_FA50A
1EAW,RA51A,0.23100829124450684,0.48037219047546387,1,1EAW_RA51A
1EAW,YA52A,-0.07894066721200943,0.7173020243644714,1,1EAW_YA52A
1EAW,RA82A,-0.14974381029605865,-0.16383610665798187,1,1EAW_RA82A
1EAW,FA89A,0.7285935878753662,1.0676988363265991,1,1EAW_FA89A
1EAW,NA90A,0.3080978989601135,0.4646233320236206,1,1EAW_NA90A
1EAW,DA91A,0.6544404625892639,2.6778016090393066,1,1EAW_DA91A
1EAW,FA92A,0.892020046710968,0.9180178642272949,1,1EAW_FA92A
1EAW,TA93A,0.25474119186401367,0.4071982800960541,1,1EAW_TA93A
1EAW,HA138A,-0.014480198733508587,1.7891910076141357,1,1EAW_HA138A
1EAW,QA140A,0.306678831577301,0.21793456375598907,1,1EAW_QA140A
1EAW,YA141A,0.5021535754203796,1.2604928016662598,1,1EAW_YA141A
1EAW,TA144A,0.08945067971944809,0.7396994233131409,1,1EAW_TA144A
1EAW,LA147A,0.5021535754203796,0.11530137807130814,1,1EAW_LA147A
1EAW,EA163A,0.7036820650100708,0.7782583832740784,1,1EAW_EA163A
1EAW,QA168A,0.5650851130485535,-0.17396847903728485,1,1EAW_QA168A
1EAW,QA169A,-0.13309656083583832,0.8098791241645813,1,1EAW_QA169A
1EAW,DA214A,2.2291338443756104,0.7195081114768982,1,1EAW_DA214A
1EAW,QA218A,0.1442377269268036,0.3564035892486572,1,1EAW_QA218A
1EAW,RA219A,-0.08855192363262177,-0.1465958207845688,1,1EAW_RA219A
1EAW,KA221A,0.47605013847351074,0.17254938185214996,1,1EAW_KA221A
3N0P,AA17H,0.8744037747383118,-0.020845940336585045,1,3N0P_AA17H
3N0P,AA17H,0.297102689743042,-0.020845940336585045,1,3N0P_AA17H
3N0P,AA17H,0.22198787331581116,-0.022127559408545494,1,3N0P_AA17H
3N0P,AA17H,-0.09047991037368774,-0.020845940336585045,1,3N0P_AA17H
3N0P,AA17H,-0.2870479226112366,-0.022127559408545494,1,3N0P_AA17H
3N0P,AA17H,-0.28069448471069336,-0.09008242934942245,1,3N0P_AA17H
3N0P,AA17H,-0.28546592593193054,-0.020845940336585045,1,3N0P_AA17H
3N0P,AA17H,-0.3632349669933319,-0.08770757168531418,1,3N0P_AA17H
3N0P,AA17H,-0.38309553265571594,-0.08770757168531418,1,3N0P_AA17H
3N0P,AA17H,-0.3238008916378021,-0.022127559408545494,1,3N0P_AA17H
1CHO,LI15G,6.085373401641846,3.63399076461792,1,1CHO_LI15G
1CHO,LI15A,4.7662200927734375,3.9050326347351074,1,1CHO_LI15A
1CHO,LI15S,4.986851692199707,4.064181804656982,1,1CHO_LI15S
1CHO,LI15C,2.6424343585968018,0.37069958448410034,1,1CHO_LI15C
1CHO,LI15V,4.273555755615234,2.660496950149536,1,1CHO_LI15V
1CHO,LI15T,4.48486852645874,3.7289795875549316,1,1CHO_LI15T
1CHO,LI15P,8.801905632019043,5.6902899742126465,1,1CHO_LI15P
1CHO,LI15I,4.479031562805176,3.4167394638061523,1,1CHO_LI15I
1CHO,LI15M,0.3806231915950775,0.6040210723876953,1,1CHO_LI15M
1CHO,LI15N,3.3570311069488525,2.840911865234375,1,1CHO_LI15N
1CHO,LI15D,7.201478481292725,5.349445343017578,1,1CHO_LI15D
1CHO,LI15K,4.4731364250183105,2.644557476043701,1,1CHO_LI15K
1CHO,LI15Q,2.9533493518829346,2.40272855758667,1,1CHO_LI15Q
1CHO,LI15E,6.658620357513428,4.6561360359191895,1,1CHO_LI15E
1CHO,LI15H,3.000711679458618,2.5518722534179688,1,1CHO_LI15H
1CHO,LI15F,-1.5017473697662354,0.8355686068534851,1,1CHO_LI15F
1CHO,LI15R,4.006605625152588,2.9152207374572754,1,1CHO_LI15R
1CHO,LI15Y,-2.2250730991363525,0.14408905804157257,1,1CHO_LI15Y
1CHO,LI15W,-1.6909488439559937,0.8400431871414185,1,1CHO_LI15W
1PPF,LI18G,3.3328986167907715,3.0303781032562256,1,1PPF_LI18G
1PPF,LI18A,1.07108736038208,4.684010982513428,1,1PPF_LI18A
1PPF,LI18S,3.0920286178588867,4.657419681549072,1,1PPF_LI18S
1PPF,LI18C,-0.08952336758375168,1.9828258752822876,1,1PPF_LI18C
1PPF,LI18V,-0.4926644563674927,3.1649973392486572,1,1PPF_LI18V
1PPF,LI18T,0.9154713153839111,3.899240493774414,1,1PPF_LI18T
1PPF,LI18P,6.147148609161377,5.83609676361084,1,1PPF_LI18P
1PPF,LI18I,-0.7328830361366272,3.5875589847564697,1,1PPF_LI18I
1PPF,LI18M,1.25759756565094,1.4842302799224854,1,1PPF_LI18M
1PPF,LI18N,5.225429058074951,4.46692419052124,1,1PPF_LI18N
1PPF,LI18D,7.61348819732666,5.964010715484619,1,1PPF_LI18D
1PPF,LI18K,5.736492156982422,2.3323192596435547,1,1PPF_LI18K
1PPF,LI18Q,3.306267023086548,3.25358510017395,1,1PPF_LI18Q
1PPF,LI18E,7.056237697601318,5.402828693389893,1,1PPF_LI18E
1PPF,LI18H,6.471245765686035,2.840479850769043,1,1PPF_LI18H
1PPF,LI18F,5.169495582580566,1.6482211351394653,1,1PPF_LI18F
1PPF,LI18R,7.184541702270508,0.863929808139801,1,1PPF_LI18R
1PPF,LI18Y,6.635788440704346,1.272308588027954,1,1PPF_LI18Y
1PPF,LI18W,7.5441813468933105,2.523319721221924,1,1PPF_LI18W
1CHO,AI12G,0.06601440161466599,0.40435630083084106,1,1CHO_AI12G
1CHO,AI12S,0.06601440161466599,0.010775694623589516,1,1CHO_AI12S
1CHO,AI12C,-0.32677778601646423,-0.7084545493125916,1,1CHO_AI12C
1CHO,AI12V,0.9535146951675415,-0.9378880262374878,1,1CHO_AI12V
1CHO,AI12T,0.9690771698951721,0.012660691514611244,1,1CHO_AI12T
1CHO,AI12P,3.1089653968811035,-0.0775938555598259,1,1CHO_AI12P
1CHO,AI12L,0.14070072770118713,-1.7044323682785034,1,1CHO_AI12L
1CHO,AI12I,0.6553633213043213,-0.27391329407691956,1,1CHO_AI12I
1CHO,AI12M,0.14070072770118713,-1.1835322380065918,1,1CHO_AI12M
1CHO,AI12N,-0.28890854120254517,-0.27278828620910645,1,1CHO_AI12N
1CHO,AI12D,0.0,0.3484424948692322,1,1CHO_AI12D
1CHO,AI12K,2.4987282752990723,0.3279135227203369,1,1CHO_AI12K
1CHO,AI12Q,0.44245147705078125,0.04782421141862869,1,1CHO_AI12Q
1CHO,AI12E,0.22500719130039215,0.11662725359201431,1,1CHO_AI12E
1CHO,AI12H,-0.32677778601646423,-0.8876784443855286,1,1CHO_AI12H
1CHO,AI12F,-0.7354821562767029,-1.2261621952056885,1,1CHO_AI12F
1CHO,AI12R,0.46855491399765015,0.12357202917337418,1,1CHO_AI12R
1CHO,AI12Y,-0.8755311369895935,-1.6560518741607666,1,1CHO_AI12Y
1CHO,AI12W,-1.9253305196762085,-1.6471928358078003,1,1CHO_AI12W
1PPF,AI15G,1.1382291316986084,0.4999241232872009,1,1PPF_AI15G
1PPF,AI15S,0.7564785480499268,-0.23475058376789093,1,1PPF_AI15S
1PPF,AI15C,-0.6737069487571716,-0.8431334495544434,1,1PPF_AI15C
1PPF,AI15V,0.20805256068706512,-0.9524416327476501,1,1PPF_AI15V
1PPF,AI15T,0.9628335237503052,-0.286574125289917,1,1PPF_AI15T
1PPF,AI15P,1.9954591989517212,0.3311208188533783,1,1PPF_AI15P
1PPF,AI15L,0.01779268868267536,-1.9038243293762207,1,1PPF_AI15L
1PPF,AI15I,0.32947757840156555,-2.455570697784424,1,1PPF_AI15I
1PPF,AI15M,-0.40133756399154663,-0.8894986510276794,1,1PPF_AI15M
1PPF,AI15N,0.9154713153839111,-0.37614601850509644,1,1PPF_AI15N
1PPF,AI15D,1.1382291316986084,-0.8619992733001709,1,1PPF_AI15D
1PPF,AI15K,1.1275540590286255,0.511593759059906,1,1PPF_AI15K
1PPF,AI15Q,0.2497744858264923,-0.0047783758491277695,1,1PPF_AI15Q
1PPF,AI15E,0.10560351610183716,-1.1761733293533325,1,1PPF_AI15E
1PPF,AI15H,0.5528879165649414,-1.0485115051269531,1,1PPF_AI15H
1PPF,AI15F,-0.07295020669698715,-2.2181427478790283,1,1PPF_AI15F
1PPF,AI15R,-0.26417794823646545,0.5616918206214905,1,1PPF_AI15R
1PPF,AI15Y,-0.18506699800491333,-2.485102653503418,1,1PPF_AI15Y
1PPF,AI15W,-0.6408453583717346,-1.4694151878356934,1,1PPF_AI15W
1CHO,TI14G,5.294449329376221,5.0799055099487305,1,1CHO_TI14G
1CHO,TI14A,4.158527851104736,2.6019697189331055,1,1CHO_TI14A
1CHO,TI14S,2.3505473136901855,1.376863718032837,1,1CHO_TI14S
1CHO,TI14C,3.32909893989563,1.9516806602478027,1,1CHO_TI14C
1CHO,TI14V,3.5814502239227295,1.995234727859497,1,1CHO_TI14V
1CHO,TI14P,4.233213901519775,2.690167188644409,1,1CHO_TI14P
1CHO,TI14L,4.4166107177734375,2.520827054977417,1,1CHO_TI14L
1CHO,TI14I,3.6518237590789795,2.1402673721313477,1,1CHO_TI14I
1CHO,TI14M,3.954936981201172,1.7145392894744873,1,1CHO_TI14M
1CHO,TI14N,4.317520618438721,0.5253690481185913,1,1CHO_TI14N
1CHO,TI14D,6.820855617523193,3.2900173664093018,1,1CHO_TI14D
1CHO,TI14K,4.092513084411621,0.9253561496734619,1,1CHO_TI14K
1CHO,TI14Q,3.681856870651245,2.427046775817871,1,1CHO_TI14Q
1CHO,TI14E,6.425761699676514,3.7300825119018555,1,1CHO_TI14E
1CHO,TI14H,3.6518237590789795,1.2072397470474243,1,1CHO_TI14H
1CHO,TI14F,4.233213901519775,1.9791691303253174,1,1CHO_TI14F
1CHO,TI14R,3.884089708328247,1.7724899053573608,1,1CHO_TI14R
1CHO,TI14Y,4.4731364250183105,1.958569049835205,1,1CHO_TI14Y
1CHO,TI14W,4.158527851104736,2.6251754760742188,1,1CHO_TI14W
1PPF,TI17G,3.599848985671997,3.7363438606262207,1,1PPF_TI17G
1PPF,TI17A,3.48482084274292,2.469541311264038,1,1PPF_TI17A
1PPF,TI17S,1.504980206489563,0.6100113391876221,1,1PPF_TI17S
1PPF,TI17C,2.087496757507324,0.8558641672134399,1,1PPF_TI17C
1PPF,TI17V,1.4817438125610352,1.1047471761703491,1,1PPF_TI17V
1PPF,TI17P,3.074164390563965,2.0487866401672363,1,1PPF_TI17P
1PPF,TI17L,2.279642343521118,1.3108437061309814,1,1PPF_TI17L
1PPF,TI17I,1.4817438125610352,0.9097524881362915,1,1PPF_TI17I
1PPF,TI17M,2.5024001598358154,2.061565637588501,1,1PPF_TI17M
1PPF,TI17N,2.698713541030884,0.8221472501754761,1,1PPF_TI17N
1PPF,TI17D,4.923678398132324,3.4666998386383057,1,1PPF_TI17D
1PPF,TI17K,3.388773202896118,1.989274263381958,1,1PPF_TI17K
1PPF,TI17Q,1.968727469444275,1.9113794565200806,1,1PPF_TI17Q
1PPF,TI17E,3.0410115718841553,3.68375301361084,1,1PPF_TI17E
1PPF,TI17H,1.6936486959457397,1.4068611860275269,1,1PPF_TI17H
1PPF,TI17F,1.7099932432174683,1.634416937828064,1,1PPF_TI17F
1PPF,TI17R,3.4516680240631104,1.9004803895950317,1,1PPF_TI17R
1PPF,TI17Y,2.4808542728424072,1.214221715927124,1,1PPF_TI17Y
1PPF,TI17W,2.195336103439331,1.5853554010391235,1,1PPF_TI17W
1CHO,EI16G,3.622680902481079,2.9740612506866455,1,1CHO_EI16G
1CHO,EI16A,2.3332483768463135,1.9062349796295166,1,1CHO_EI16A
1CHO,EI16S,2.79435658454895,2.3582310676574707,1,1CHO_EI16S
1CHO,EI16C,2.728342294692993,1.9335367679595947,1,1CHO_EI16C
1CHO,EI16V,2.4394335746765137,0.3200802505016327,1,1CHO_EI16V
1CHO,EI16T,2.9093847274780273,3.4549331665039062,1,1CHO_EI16T
1CHO,EI16P,2.590765953063965,2.310074806213379,1,1CHO_EI16P
1CHO,EI16L,2.8690428733825684,-0.14636056125164032,1,1CHO_EI16L
1CHO,EI16I,2.6424343585968018,0.16382654011249542,1,1CHO_EI16I
1CHO,EI16M,2.6983089447021484,1.4572856426239014,1,1CHO_EI16M
1CHO,EI16N,2.3332483768463135,2.166400909423828,1,1CHO_EI16N
1CHO,EI16D,0.881759524345398,1.1874985694885254,1,1CHO_EI16D
1CHO,EI16K,3.5946455001831055,1.5290707349777222,1,1CHO_EI16K
1CHO,EI16Q,1.3341379165649414,0.9068657755851746,1,1CHO_EI16Q
1CHO,EI16H,2.089729070663452,1.7913209199905396,1,1CHO_EI16H
1CHO,EI16F,3.622680902481079,2.8631327152252197,1,1CHO_EI16F
1CHO,EI16R,3.681856870651245,1.22445809841156,1,1CHO_EI16R
1CHO,EI16Y,2.669166088104248,1.7517404556274414,1,1CHO_EI16Y
1CHO,EI16W,3.1600215435028076,2.2706618309020996,1,1CHO_EI16W
1PPF,EI19G,2.120649576187134,3.304530143737793,1,1PPF_EI19G
1PPF,EI19A,1.2032891511917114,2.4512248039245605,1,1PPF_EI19A
1PPF,EI19S,1.8462116718292236,2.8470022678375244,1,1PPF_EI19S
1PPF,EI19C,1.4026328325271606,2.027374267578125,1,1PPF_EI19C
1PPF,EI19V,1.159019112586975,0.5380070209503174,1,1PPF_EI19V
1PPF,EI19T,1.504980206489563,3.1050620079040527,1,1PPF_EI19T
1PPF,EI19P,3.2103826999664307,2.506911039352417,1,1PPF_EI19P
1PPF,EI19L,1.07108736038208,0.16208668053150177,1,1PPF_EI19L
1PPF,EI19I,0.7233257293701172,-0.2435808628797531,1,1PPF_EI19I
1PPF,EI19M,1.1487152576446533,1.8855907917022705,1,1PPF_EI19M
1PPF,EI19N,1.2126933336257935,2.616448163986206,1,1PPF_EI19N
1PPF,EI19D,0.5779248476028442,0.1736697107553482,1,1PPF_EI19D
1PPF,EI19K,2.120649576187134,1.978265643119812,1,1PPF_EI19K
1PPF,EI19Q,0.660430908203125,1.448598861694336,1,1PPF_EI19Q
1PPF,EI19H,0.6904641389846802,1.3616292476654053,1,1PPF_EI19H
1PPF,EI19F,1.3641711473464966,2.988182783126831,1,1PPF_EI19F
1PPF,EI19R,1.4817438125610352,1.3914146423339844,1,1PPF_EI19R
1PPF,EI19Y,1.248884916305542,1.9690476655960083,1,1PPF_EI19Y
1PPF,EI19W,1.530076026916504,2.3352818489074707,1,1PPF_EI19W
1CHO,YI17G,3.176107168197632,4.668542385101318,1,1CHO_YI17G
1CHO,YI17A,2.5434629917144775,3.9864509105682373,1,1CHO_YI17A
1CHO,YI17S,2.8690428733825684,3.2438199520111084,1,1CHO_YI17S
1CHO,YI17C,2.5434629917144775,2.524249315261841,1,1CHO_YI17C
1CHO,YI17V,3.463747262954712,2.3665859699249268,1,1CHO_YI17V
1CHO,YI17T,3.3040621280670166,4.776935577392578,1,1CHO_YI17T
1CHO,YI17P,8.56564998626709,4.95845365524292,1,1CHO_YI17P
1CHO,YI17L,0.6844465732574463,1.8577423095703125,1,1CHO_YI17L
1CHO,YI17I,2.109262228012085,1.5969699621200562,1,1CHO_YI17I
1CHO,YI17M,1.2265949249267578,2.2698302268981934,1,1CHO_YI17M
1CHO,YI17N,3.000711679458618,3.5675370693206787,1,1CHO_YI17N
1CHO,YI17D,6.296296119689941,4.937535762786865,1,1CHO_YI17D
1CHO,YI17K,3.1654322147369385,4.117111682891846,1,1CHO_YI17K
1CHO,YI17Q,3.1545610427856445,3.388845920562744,1,1CHO_YI17Q
1CHO,YI17E,5.015994548797607,1.6339644193649292,1,1CHO_YI17E
1CHO,YI17H,1.5891783237457275,2.592557191848755,1,1CHO_YI17H
1CHO,YI17F,0.18104250729084015,1.3650531768798828,1,1CHO_YI17F
1CHO,YI17R,2.9093847274780273,3.3421802520751953,1,1CHO_YI17R
1CHO,YI17W,0.3923552930355072,1.0789551734924316,1,1CHO_YI17W
1PPF,YI20G,4.185900688171387,3.9404008388519287,1,1PPF_YI20G
1PPF,YI20A,3.2103826999664307,3.8627116680145264,1,1PPF_YI20A
1PPF,YI20S,3.6438136100769043,3.491640567779541,1,1PPF_YI20S
1PPF,YI20C,3.4516680240631104,3.164262533187866,1,1PPF_YI20C
1PPF,YI20V,4.185900688171387,2.5495240688323975,1,1PPF_YI20V
1PPF,YI20T,5.055346965789795,4.626437664031982,1,1PPF_YI20T
1PPF,YI20P,5.367161273956299,5.787455081939697,1,1PPF_YI20P
1PPF,YI20L,1.3749107122421265,1.8643369674682617,1,1PPF_YI20L
1PPF,YI20I,3.931631326675415,2.5577776432037354,1,1PPF_YI20I
1PPF,YI20M,2.8123996257781982,2.5961148738861084,1,1PPF_YI20M
1PPF,YI20N,3.6438136100769043,3.7567598819732666,1,1PPF_YI20N
1PPF,YI20D,6.419517993927002,3.4988086223602295,1,1PPF_YI20D
1PPF,YI20K,4.4940690994262695,3.5574395656585693,1,1PPF_YI20K
1PPF,YI20Q,4.6970696449279785,3.900444507598877,1,1PPF_YI20Q
1PPF,YI20E,6.419517993927002,3.213127613067627,1,1PPF_YI20E
1PPF,YI20H,2.378732442855835,2.809572458267212,1,1PPF_YI20H
1PPF,YI20F,0.4820406138896942,1.167044758796692,1,1PPF_YI20F
1PPF,YI20R,4.372321128845215,2.0593085289001465,1,1PPF_YI20R
1PPF,YI20W,0.23538224399089813,0.5805940628051758,1,1PPF_YI20W
1CHO,RI18G,3.4861066341400146,1.780580997467041,1,1CHO_RI18G
1CHO,RI18A,3.191767692565918,0.8503873348236084,1,1CHO_RI18A
1CHO,RI18S,3.1865932941436768,0.6542742252349854,1,1CHO_RI18S
1CHO,RI18C,3.5196218490600586,0.8275929689407349,1,1CHO_RI18C
1CHO,RI18V,2.0660953521728516,0.49142926931381226,1,1CHO_RI18V
1CHO,RI18T,2.669166088104248,0.8170740604400635,1,1CHO_RI18T
1CHO,RI18P,7.289410591125488,6.499384880065918,1,1CHO_RI18P
1CHO,RI18L,2.8305108547210693,0.15632663667201996,1,1CHO_RI18L
1CHO,RI18I,2.109262228012085,0.2921985983848572,1,1CHO_RI18I
1CHO,RI18M,2.6158030033111572,0.6855498552322388,1,1CHO_RI18M
1CHO,RI18N,3.5196218490600586,0.7457146644592285,1,1CHO_RI18N
1CHO,RI18D,3.783076763153076,0.4343288838863373,1,1CHO_RI18D
1CHO,RI18K,0.662769079208374,0.3795640468597412,1,1CHO_RI18K
1CHO,RI18Q,2.478471517562866,0.6758247017860413,1,1CHO_RI18Q
1CHO,RI18E,3.5196218490600586,1.5143706798553467,1,1CHO_RI18E
1CHO,RI18H,2.79435658454895,1.0256257057189941,1,1CHO_RI18H
1CHO,RI18F,2.9533493518829346,0.34111738204956055,1,1CHO_RI18F
1CHO,RI18Y,3.000711679458618,0.9806262850761414,1,1CHO_RI18Y
1CHO,RI18W,2.4394335746765137,0.8344839811325073,1,1CHO_RI18W
1PPF,RI21G,0.5779248476028442,1.0279570817947388,1,1PPF_RI21G
1PPF,RI21A,0.20805256068706512,0.9063205122947693,1,1PPF_RI21A
1PPF,RI21S,0.4196195602416992,1.0717922449111938,1,1PPF_RI21S
1PPF,RI21C,-0.08117883652448654,0.6895053386688232,1,1PPF_RI21C
1PPF,RI21V,-0.34960973262786865,0.05004901438951492,1,1PPF_RI21V
1PPF,RI21T,-0.01834363117814064,0.2805368900299072,1,1PPF_RI21T
1PPF,RI21P,6.705569267272949,5.1954169273376465,1,1PPF_RI21P
1PPF,RI21L,-0.8585862517356873,0.06664765626192093,1,1PPF_RI21L
1PPF,RI21I,-0.8112831711769104,0.1565306931734085,1,1PPF_RI21I
1PPF,RI21M,-0.7596147656440735,0.4348832964897156,1,1PPF_RI21M
1PPF,RI21N,0.32947757840156555,0.4868029057979584,1,1PPF_RI21N
1PPF,RI21D,0.20805256068706512,0.185396209359169,1,1PPF_RI21D
1PPF,RI21K,0.6045563817024231,0.032010920345783234,1,1PPF_RI21K
1PPF,RI21Q,-0.01834363117814064,0.8575853109359741,1,1PPF_RI21Q
1PPF,RI21E,0.46085023880004883,1.1964349746704102,1,1PPF_RI21E
1PPF,RI21H,-0.4926644563674927,1.2314289808273315,1,1PPF_RI21H
1PPF,RI21F,-0.98124760389328,0.2813244163990021,1,1PPF_RI21F
1PPF,RI21Y,0.22063162922859192,0.6609196662902832,1,1PPF_RI21Y
1PPF,RI21W,-0.5330062508583069,0.6541236042976379,1,1PPF_RI21W
1CHO,PI11G,0.6364335417747498,-0.2423839420080185,1,1CHO_PI11G
1CHO,PI11A,0.3806231915950775,-0.01584320329129696,1,1CHO_PI11A
1CHO,PI11S,-0.44068965315818787,-0.041105084121227264,1,1CHO_PI11S
1CHO,PI11C,-0.9835479259490967,-0.786370038986206,1,1CHO_PI11C
1CHO,PI11V,-0.5496550798416138,-0.16863368451595306,1,1CHO_PI11V
1CHO,PI11T,-0.5496550798416138,-0.07004939764738083,1,1CHO_PI11T
1CHO,PI11L,-0.5245592594146729,0.19955451786518097,1,1CHO_PI11L
1CHO,PI11I,-0.5110632181167603,0.1202995553612709,1,1CHO_PI11I
1CHO,PI11M,-0.8281096816062927,-0.41656172275543213,1,1CHO_PI11M
1CHO,PI11N,-0.7799875140190125,-0.5219593048095703,1,1CHO_PI11N
1CHO,PI11D,-0.8513460755348206,-0.9343283176422119,1,1CHO_PI11D
1CHO,PI11K,0.386518269777298,-0.18729440867900848,1,1CHO_PI11K
1CHO,PI11Q,-0.727737545967102,-0.4622228741645813,1,1CHO_PI11Q
1CHO,PI11E,-0.7200929522514343,-0.0917506143450737,1,1CHO_PI11E
1CHO,PI11H,-0.11253932118415833,-0.077610544860363,1,1CHO_PI11H
1CHO,PI11F,-0.3075406551361084,-0.031836025416851044,1,1CHO_PI11F
1CHO,PI11R,0.39813536405563354,-0.026179185137152672,1,1CHO_PI11R
1CHO,PI11Y,-0.3950939476490021,-0.27788203954696655,1,1CHO_PI11Y
1CHO,PI11W,-0.20842353999614716,0.14253954589366913,1,1CHO_PI11W
1PPF,PI14G,0.09338758140802383,-0.08091967552900314,1,1PPF_PI14G
1PPF,PI14A,-0.12412893772125244,-0.15342484414577484,1,1PPF_PI14A
1PPF,PI14S,-0.5715383291244507,-0.09983014315366745,1,1PPF_PI14S
1PPF,PI14C,-2.005016565322876,-0.18529050052165985,1,1PPF_PI14C
1PPF,PI14V,-1.5250530242919922,0.2902807593345642,1,1PPF_PI14V
1PPF,PI14T,-0.26417794823646545,-0.11657976359128952,1,1PPF_PI14T
1PPF,PI14L,-2.9233665466308594,-0.15464775264263153,1,1PPF_PI14L
1PPF,PI14I,-1.6513597965240479,0.03429163247346878,1,1PPF_PI14I
1PPF,PI14M,-1.5744526386260986,-0.48119235038757324,1,1PPF_PI14M
1PPF,PI14N,-0.6408453583717346,-0.15286023914813995,1,1PPF_PI14N
1PPF,PI14D,-0.4926644563674927,-0.7664404511451721,1,1PPF_PI14D
1PPF,PI14K,-0.4486997723579407,-0.026760688051581383,1,1PPF_PI14K
1PPF,PI14Q,-0.8112831711769104,-0.007949164137244225,1,1PPF_PI14Q
1PPF,PI14E,-1.4290053844451904,-0.2844841480255127,1,1PPF_PI14E
1PPF,PI14H,-1.7655086517333984,-0.25432178378105164,1,1PPF_PI14H
1PPF,PI14F,-1.8568356037139893,-0.057922206819057465,1,1PPF_PI14F
1PPF,PI14R,-0.13764554262161255,0.21405519545078278,1,1PPF_PI14R
1PPF,PI14Y,-0.9626154899597168,-0.19901607930660248,1,1PPF_PI14Y
1PPF,PI14W,-2.005016565322876,-0.07725822180509567,1,1PPF_PI14W
1CHO,KI10G,1.8224222660064697,-0.9574938416481018,1,1CHO_KI10G
1CHO,KI10A,0.18104250729084015,-0.34301459789276123,1,1CHO_KI10A
1CHO,KI10S,-0.42663875222206116,-0.18118862807750702,1,1CHO_KI10S
1CHO,KI10C,0.5032691359519958,-0.5246586799621582,1,1CHO_KI10C
1CHO,KI10V,1.2019360065460205,-0.10413175076246262,1,1CHO_KI10V
1CHO,KI10T,0.3806231915950775,0.008751878514885902,1,1CHO_KI10T
1CHO,KI10P,2.0763397216796875,0.7278933525085449,1,1CHO_KI10P
1CHO,KI10L,0.3806231915950775,-0.8587544560432434,1,1CHO_KI10L
1CHO,KI10I,1.5452135801315308,-0.23756204545497894,1,1CHO_KI10I
1CHO,KI10M,0.4262188971042633,-0.4048507809638977,1,1CHO_KI10M
1CHO,KI10N,-0.3609865605831146,-0.19785194098949432,1,1CHO_KI10N
1CHO,KI10D,-0.5110632181167603,-0.27774477005004883,1,1CHO_KI10D
1CHO,KI10Q,-0.5728914737701416,-0.09452902525663376,1,1CHO_KI10Q
1CHO,KI10E,0.18104250729084015,-0.005278637632727623,1,1CHO_KI10E
1CHO,KI10H,0.14070072770118713,-0.2589063048362732,1,1CHO_KI10H
1CHO,KI10F,1.0933265686035156,-0.2643418312072754,1,1CHO_KI10F
1CHO,KI10R,-0.3777948319911957,0.176921084523201,1,1CHO_KI10R
1CHO,KI10Y,1.0752625465393066,-0.5977291464805603,1,1CHO_KI10Y
1CHO,KI10W,1.019529104232788,-0.659537672996521,1,1CHO_KI10W
1PPF,KI13G,1.248884916305542,-0.7743499279022217,1,1PPF_KI13G
1PPF,KI13A,0.7564785480499268,-0.9694567918777466,1,1PPF_KI13A
1PPF,KI13S,0.46085023880004883,-1.0189580917358398,1,1PPF_KI13S
1PPF,KI13C,0.9628335237503052,-0.5578846335411072,1,1PPF_KI13C
1PPF,KI13V,0.8715066909790039,-0.22139249742031097,1,1PPF_KI13V
1PPF,KI13T,0.16590487957000732,-0.4972521662712097,1,1PPF_KI13T
1PPF,KI13P,1.2661839723587036,0.38062652945518494,1,1PPF_KI13P
1PPF,KI13L,0.401555597782135,-1.2417465448379517,1,1PPF_KI13L
1PPF,KI13I,0.6312880516052246,-1.5396647453308105,1,1PPF_KI13I
1PPF,KI13M,0.20805256068706512,-0.9034852385520935,1,1PPF_KI13M
1PPF,KI13N,0.660430908203125,0.1809840351343155,1,1PPF_KI13N
1PPF,KI13D,0.6312880516052246,-0.5318235158920288,1,1PPF_KI13D
1PPF,KI13Q,0.2497744858264923,-0.6394583582878113,1,1PPF_KI13Q
1PPF,KI13E,1.1329156160354614,-0.2341827005147934,1,1PPF_KI13E
1PPF,KI13H,1.014561414718628,-0.30738693475723267,1,1PPF_KI13H
1PPF,KI13F,0.9628335237503052,-0.32563096284866333,1,1PPF_KI13F
1PPF,KI13R,-0.6408453583717346,-0.22171591222286224,1,1PPF_KI13R
1PPF,KI13Y,0.5055848360061646,-0.20124046504497528,1,1PPF_KI13Y
1PPF,KI13W,0.8311648964881897,-0.09368514269590378,1,1PPF_KI13W
1CHO,GI29A,-1.0918017625808716,2.3491954803466797,1,1CHO_GI29A
1CHO,GI29S,-0.13757623732089996,1.3222147226333618,1,1CHO_GI29S
1CHO,GI29C,2.5434629917144775,1.65733802318573,1,1CHO_GI29C
1CHO,GI29V,0.7019242644309998,1.8684406280517578,1,1CHO_GI29V
1CHO,GI29T,2.0763397216796875,2.895413398742676,1,1CHO_GI29T
1CHO,GI29P,0.32409724593162537,1.3534537553787231,1,1CHO_GI29P
1CHO,GI29L,1.7506893873214722,2.3444342613220215,1,1CHO_GI29L
1CHO,GI29I,2.3673555850982666,2.1675615310668945,1,1CHO_GI29I
1CHO,GI29M,1.6365405321121216,1.7496707439422607,1,1CHO_GI29M
1CHO,GI29N,0.9535146951675415,1.1123777627944946,1,1CHO_GI29N
1CHO,GI29D,3.1089653968811035,3.3969626426696777,1,1CHO_GI29D
1CHO,GI29K,1.5891783237457275,3.432541847229004,1,1CHO_GI29K
1CHO,GI29Q,2.383700132369995,2.3277153968811035,1,1CHO_GI29Q
1CHO,GI29E,2.6158030033111572,2.268831253051758,1,1CHO_GI29E
1CHO,GI29H,-0.9835479259490967,2.58384370803833,1,1CHO_GI29H
1CHO,GI29F,0.10216860473155975,0.4041353166103363,1,1CHO_GI29F
1CHO,GI29R,1.744794249534607,4.285858631134033,1,1CHO_GI29R
1CHO,GI29Y,-0.9835479259490967,0.5919519662857056,1,1CHO_GI29Y
1CHO,GI29W,1.0566304922103882,1.4504204988479614,1,1CHO_GI29W
1PPF,GI32A,0.23538224399089813,2.99823260307312,1,1PPF_GI32A
1PPF,GI32S,0.9154713153839111,1.7189359664916992,1,1PPF_GI32S
1PPF,GI32C,1.1791040897369385,2.6935863494873047,1,1PPF_GI32C
1PPF,GI32V,2.553067922592163,1.0126690864562988,1,1PPF_GI32V
1PPF,GI32T,2.8123996257781982,2.796950340270996,1,1PPF_GI32T
1PPF,GI32P,0.263825386762619,1.4452128410339355,1,1PPF_GI32P
1PPF,GI32L,3.1298978328704834,2.5816054344177246,1,1PPF_GI32L
1PPF,GI32I,4.372321128845215,2.3485054969787598,1,1PPF_GI32I
1PPF,GI32M,2.195336103439331,2.938356399536133,1,1PPF_GI32M
1PPF,GI32N,1.6139456033706665,1.8214374780654907,1,1PPF_GI32N
1PPF,GI32D,2.497086763381958,3.197984218597412,1,1PPF_GI32D
1PPF,GI32K,3.306267023086548,2.668837308883667,1,1PPF_GI32K
1PPF,GI32Q,2.7997264862060547,2.40742564201355,1,1PPF_GI32Q
1PPF,GI32E,1.4575586318969727,2.722041368484497,1,1PPF_GI32E
1PPF,GI32H,1.504980206489563,2.010507106781006,1,1PPF_GI32H
1PPF,GI32F,1.4817438125610352,2.70413875579834,1,1PPF_GI32F
1PPF,GI32R,4.848991870880127,4.203824520111084,1,1PPF_GI32R
1PPF,GI32Y,1.2032891511917114,1.8167120218276978,1,1PPF_GI32Y
1PPF,GI32W,1.6439788341522217,3.6637887954711914,1,1PPF_GI32W
1CHO,NI33G,-1.3942043781280518,0.31422945857048035,1,1CHO_NI33G
1CHO,NI33A,-1.3641711473464966,0.13780386745929718,1,1CHO_NI33A
1CHO,NI33S,-1.4767104387283325,0.40898823738098145,1,1CHO_NI33S
1CHO,NI33C,-0.11253932118415833,0.2192772775888443,1,1CHO_NI33C
1CHO,NI33V,0.032861582934856415,-0.0014826562255620956,1,1CHO_NI33V
1CHO,NI33T,-1.29815673828125,0.04288328438997269,1,1CHO_NI33T
1CHO,NI33P,-1.8340035676956177,0.7151281833648682,1,1CHO_NI33P
1CHO,NI33L,0.616878867149353,0.8696359395980835,1,1CHO_NI33L
1CHO,NI33I,-0.030033236369490623,-0.305137038230896,1,1CHO_NI33I
1CHO,NI33M,-0.20842353999614716,0.0617029145359993,1,1CHO_NI33M
1CHO,NI33D,-1.0400738716125488,0.13303954899311066,1,1CHO_NI33D
1CHO,NI33K,2.3332483768463135,0.5647585391998291,1,1CHO_NI33K
1CHO,NI33Q,-0.18487930297851562,-0.06310867518186569,1,1CHO_NI33Q
1CHO,NI33E,2.3332483768463135,0.8213014602661133,1,1CHO_NI33E
1CHO,NI33H,-0.7354821562767029,-0.08771335333585739,1,1CHO_NI33H
1CHO,NI33F,2.3673555850982666,-0.2654682993888855,1,1CHO_NI33F
1CHO,NI33R,1.5891783237457275,1.2142289876937866,1,1CHO_NI33R
1CHO,NI33Y,2.5661070346832275,-0.1305065006017685,1,1CHO_NI33Y
1CHO,NI33W,2.17868709564209,0.12525232136249542,1,1CHO_NI33W
1PPF,NI36G,-0.5715383291244507,-0.18266402184963226,1,1PPF_NI36G
1PPF,NI36A,-1.6455227136611938,0.19142232835292816,1,1PPF_NI36A
1PPF,NI36S,-1.3463784456253052,0.35854339599609375,1,1PPF_NI36S
1PPF,NI36C,0.6045563817024231,-0.10872574895620346,1,1PPF_NI36C
1PPF,NI36V,0.34582212567329407,0.02957678772509098,1,1PPF_NI36V
1PPF,NI36T,0.5528879165649414,-0.17870564758777618,1,1PPF_NI36T
1PPF,NI36P,-2.959597587585449,-0.06014864891767502,1,1PPF_NI36P
1PPF,NI36L,2.6471633911132812,0.11844224482774734,1,1PPF_NI36L
1PPF,NI36I,0.8715066909790039,-0.12092559784650803,1,1PPF_NI36I
1PPF,NI36M,1.07108736038208,-0.3817448616027832,1,1PPF_NI36M
1PPF,NI36D,-3.0779519081115723,0.7183923721313477,1,1PPF_NI36D
1PPF,NI36K,2.6217687129974365,0.18276630342006683,1,1PPF_NI36K
1PPF,NI36Q,0.3829234838485718,-0.05261390656232834,1,1PPF_NI36Q
1PPF,NI36E,-1.0183489322662354,0.43050289154052734,1,1PPF_NI36E
1PPF,NI36H,-0.5330062508583069,-0.05925872176885605,1,1PPF_NI36H
1PPF,NI36F,1.8462116718292236,-0.7190587520599365,1,1PPF_NI36F
1PPF,NI36R,1.8697559833526611,0.18740369379520416,1,1PPF_NI36R
1PPF,NI36Y,1.6768404245376587,-0.662756085395813,1,1PPF_NI36Y
1PPF,NI36W,1.721962332725525,0.13818545639514923,1,1PPF_NI36W
1CHO,"TI14K,LI15R",7.472139358520508,5.591228008270264,1,"1CHO_TI14K,LI15R"
1CHO,"TI14R,LI15R",7.2265849113464355,5.783961772918701,1,"1CHO_TI14R,LI15R"
1CHO,"AI12R,LI15R",4.977166652679443,2.711902379989624,1,"1CHO_AI12R,LI15R"
1CHO,"AI12R,TI14K,LI15R",7.98739767074585,5.578792572021484,1,"1CHO_AI12R,TI14K,LI15R"
1CHO,"AI12R,TI14P,LI15R",8.920000076293945,6.880276203155518,1,"1CHO_AI12R,TI14P,LI15R"
1CHO,"PI11S,AI12R,TI14P,LI15R",8.483975410461426,6.569179058074951,1,"1CHO_PI11S,AI12R,TI14P,LI15R"
1CHO,"KI10R,AI12R,TI14K,LI15R",8.027130126953125,5.508848667144775,1,"1CHO_KI10R,AI12R,TI14K,LI15R"
1CHO,"KI10R,PI11F,AI12R,TI14K,LI15R",8.097977638244629,5.302993297576904,1,"1CHO_KI10R,PI11F,AI12R,TI14K,LI15R"
1CHO,"PI11S,AI12L,TI14K,LI15R",7.297601222991943,4.503114223480225,1,"1CHO_PI11S,AI12L,TI14K,LI15R"
1CHO,"AI12R,TI14K,LI15R,EI16S",8.392894744873047,4.649652481079102,1,"1CHO_AI12R,TI14K,LI15R,EI16S"
1PPF,"AI15R,LI18R",7.327796459197998,0.9539335370063782,1,"1PPF_AI15R,LI18R"
1CT0,SI13L,-4.1582350730896,-4.073885440826416,1,1CT0_SI13L
1CT4,VI13L,-3.0342824459075928,-2.9946556091308594,1,1CT4_VI13L
1SGE,EI13L,-5.982758045196533,-6.162502765655518,1,1SGE_EI13L
1KAC,PA15S,-0.793380618095398,-1.0369951725006104,1,1KAC_PA15S
1KAC,SA87Y,-1.2527592182159424,-0.7579035758972168,1,1KAC_SA87Y
1CHO,"EI7D,AI12V,TI14P,EI16D,RI18M,NI25S,GI29S,NI42S,SI48R",7.333680629730225,2.3985238075256348,1,"1CHO_EI7D,AI12V,TI14P,EI16D,RI18M,NI25S,GI29S,NI42S,SI48R"
1CHO,"TI14P,LI15K,EI16D,LI20V,SI48N,HI49R",7.001897811889648,5.7739973068237305,1,"1CHO_TI14P,LI15K,EI16D,LI20V,SI48N,HI49R"
1CHO,"TI14P,LI15K,EI16D,LI20V,SI48N",7.144952774047852,5.876906394958496,1,"1CHO_TI14P,LI15K,EI16D,LI20V,SI48N"
1CHO,"TI14P,LI15K,EI16D,LI20V,GI29S,SI48N",7.522779941558838,5.61248254776001,1,"1CHO_TI14P,LI15K,EI16D,LI20V,GI29S,SI48N"
1CHO,"EI7G,KI10Q,PI11S,TI14P,LI15Q,EI16D,RI18V,LI20F,GI29S,VI39A,EI40D",7.5053019523620605,3.418356418609619,1,"1CHO_EI7G,KI10Q,PI11S,TI14P,LI15Q,EI16D,RI18V,LI20F,GI29S,VI39A,EI40D"
1CHO,"EI7D,YI8H,AI12V,TI14S,RI18M,NI25S,GI29S,NI33D",4.871823787689209,2.040027618408203,1,"1CHO_EI7D,YI8H,AI12V,TI14S,RI18M,NI25S,GI29S,NI33D"
1CHO,"EI7D,AI12V,TI14S,RI18M,NI25S,GI29N,NI33D,SI48G",4.364882946014404,2.2638020515441895,1,"1CHO_EI7D,AI12V,TI14S,RI18M,NI25S,GI29N,NI33D,SI48G"
1CHO,"EI7D,AI12V,TI14S,RI18M,NI25S,GI29S,EI40D",5.456684589385986,2.02817440032959,1,"1CHO_EI7D,AI12V,TI14S,RI18M,NI25S,GI29S,EI40D"
1CHO,"VI3I,EI7D,AI12V,TI14S,RI18M,NI25S,GI29S,EI40D,TI46I",5.4266510009765625,1.1654785871505737,1,"1CHO_VI3I,EI7D,AI12V,TI14S,RI18M,NI25S,GI29S,EI40D,TI46I"
1CHO,"EI7D,AI12V,TI14S,RI18M,NI25S,GI29S,VI39A,EI40D",4.986851692199707,0.9018667936325073,1,"1CHO_EI7D,AI12V,TI14S,RI18M,NI25S,GI29S,VI39A,EI40D"
1CHO,"EI7D,RI18M,KI26Q,GI29S,NI33S,EI40D",1.304995059967041,1.3757702112197876,1,"1CHO_EI7D,RI18M,KI26Q,GI29S,NI33S,EI40D"
1CHO,"RI18M,KI26Q,GI29S,EI40D",3.000711679458618,1.2068397998809814,1,"1CHO_RI18M,KI26Q,GI29S,EI40D"
1CHO,"EI7D,RI18M,EI40D",2.5434629917144775,0.6084655523300171,1,"1CHO_EI7D,RI18M,EI40D"
1CHO,"EI7D,KI10R,AI12D,RI18M,EI40D",2.4208016395568848,1.840515375137329,1,"1CHO_EI7D,KI10R,AI12D,RI18M,EI40D"
1CHO,"EI7D,RI18M,KI31R,EI40D",2.4574975967407227,0.35091936588287354,1,"1CHO_EI7D,RI18M,KI31R,EI40D"
1CHO,"EI7G,LI15M,RI18M,EI40D",2.6983089447021484,0.47233110666275024,1,"1CHO_EI7G,LI15M,RI18M,EI40D"
1CHO,"EI7D,LI15M,RI18M,EI40D",2.728342294692993,0.6900670528411865,1,"1CHO_EI7D,LI15M,RI18M,EI40D"
1CHO,"EI7D,LI15V,RI18M,GI29D,EI40D",9.519164085388184,5.258849143981934,1,"1CHO_EI7D,LI15V,RI18M,GI29D,EI40D"
1CHO,"EI7D,LI15V,RI18M,EI40D",6.61243200302124,3.2402987480163574,1,"1CHO_EI7D,LI15V,RI18M,EI40D"
1CHO,"EI7D,TI14R,LI15M,RI18M,EI40D",6.531947135925293,2.0662927627563477,1,"1CHO_EI7D,TI14R,LI15M,RI18M,EI40D"
1CHO,"EI7G,LI15M,RI18M,EI40D,KI52E",1.8910470008850098,0.7361156344413757,1,"1CHO_EI7G,LI15M,RI18M,EI40D,KI52E"
1CHO,"DI4N,EI7G,LI15M,RI18M,EI40D,KI52E",1.913749098777771,0.45893141627311707,1,"1CHO_DI4N,EI7G,LI15M,RI18M,EI40D,KI52E"
1CHO,"EI7D,AI12V,TI14S,RI18M,NI25S,GI29S,NI33D,EI40D,TI46N",4.273555755615234,1.7064859867095947,1,"1CHO_EI7D,AI12V,TI14S,RI18M,NI25S,GI29S,NI33D,EI40D,TI46N"
1CHO,"EI7D,AI12V,TI14S,RI18M,NI25S,GI29S,NI33D,EI40D",4.4166107177734375,1.4325908422470093,1,"1CHO_EI7D,AI12V,TI14S,RI18M,NI25S,GI29S,NI33D,EI40D"
1CHO,"EI7D,AI12V,TI14S,RI18M,NI25S,GI29S,NI33D,VI38F,EI40D,TI46S",4.233213901519775,1.4095337390899658,1,"1CHO_EI7D,AI12V,TI14S,RI18M,NI25S,GI29S,NI33D,VI38F,EI40D,TI46S"
1CHO,"AI12V,TI14S,RI18M,NI25S,KI26Q,GI29S,KI31E,EI40D",6.635976314544678,2.7366466522216797,1,"1CHO_AI12V,TI14S,RI18M,NI25S,KI26Q,GI29S,KI31E,EI40D"
1CHO,"EI7D,YI8H,TI14L,LI15Q,YI17Q,RI18K,LI20I,GI29D,NI33S,EI40D",11.054069519042969,6.443375587463379,1,"1CHO_EI7D,YI8H,TI14L,LI15Q,YI17Q,RI18K,LI20I,GI29D,NI33S,EI40D"
1CHO,"EI7D,YI8H,TI14L,LI15Q,YI17Q,RI18K,GI29D,NI33S,EI40D",11.138376235961914,6.852621555328369,1,"1CHO_EI7D,YI8H,TI14L,LI15Q,YI17Q,RI18K,GI29D,NI33S,EI40D"
1CHO,LI15M,0.32409724593162537,0.37333816289901733,1,1CHO_LI15M
1CHO,"LI15M,TI46N,KI52T",0.6553633213043213,0.7984300255775452,1,"1CHO_LI15M,TI46N,KI52T"
1CHO,"NI25S,GI29A",-0.860901951789856,2.3224425315856934,1,"1CHO_NI25S,GI29A"
1CHO,"AI12D,GI29A",-0.8657383322715759,2.9974308013916016,1,"1CHO_AI12D,GI29A"
1CHO,"AI12D,GI29A,NI30S",-0.030033236369490623,3.0799238681793213,1,"1CHO_AI12D,GI29A,NI30S"
1CHO,GI29A,-0.7716429829597473,2.195864677429199,1,1CHO_GI29A
1CHO,"TI14M,LI15S,GI29V",8.988038063049316,5.511375904083252,1,"1CHO_TI14M,LI15S,GI29V"
1CHO,"RI18V,LI20I",2.1671829223632812,0.3609045743942261,1,"1CHO_RI18V,LI20I"
1CHO,"LI15S,RI18V,LI20I",7.224715232849121,4.411210536956787,1,"1CHO_LI15S,RI18V,LI20I"
1CHO,NI25S,0.0,0.004571625962853432,1,1CHO_NI25S
1CHO,"LI15M,LI20V,KI26I,EI40K",1.03739333152771,0.11230707913637161,1,"1CHO_LI15M,LI20V,KI26I,EI40K"
1CHO,"AI12G,LI15M,LI20V,KI26I,EI40K",1.1143004894256592,2.2741470336914062,1,"1CHO_AI12G,LI15M,LI20V,KI26I,EI40K"
1CHO,"LI15M,NI33D,SI48N",-0.48241159319877625,0.4182433485984802,1,"1CHO_LI15M,NI33D,SI48N"
1CHO,"EI7D,KI10M,LI15M,LI20V",0.526875913143158,0.2877785563468933,1,"1CHO_EI7D,KI10M,LI15M,LI20V"
1CHO,"EI7G,LI15M,YI17S,LI20I,KI26T,GI29S,HI49Y,FI50P,KI52V",2.79435658454895,3.644460916519165,1,"1CHO_EI7G,LI15M,YI17S,LI20I,KI26T,GI29S,HI49Y,FI50P,KI52V"
1CHO,"AI12T,LI15M",0.9234814643859863,0.4140447676181793,1,"1CHO_AI12T,LI15M"
1CHO,"LI15M,TI27S,GI29D",3.5814502239227295,2.6061148643493652,1,"1CHO_LI15M,TI27S,GI29D"
1CHO,"AI12D,LI15A,YI17D",10.913369178771973,6.1532111167907715,1,"1CHO_AI12D,LI15A,YI17D"
1CHO,"LI15M,SI48N,HI49R,KI52Q",0.272369384765625,0.2212294489145279,1,"1CHO_LI15M,SI48N,HI49R,KI52Q"
1CHO,"LI15M,HI49R",0.14070072770118713,0.27802255749702454,1,"1CHO_LI15M,HI49R"
1CHO,"LI15M,HI49R,KI52E",-0.44068965315818787,0.422434538602829,1,"1CHO_LI15M,HI49R,KI52E"
1CHO,"LI15M,SI48N",0.3806231915950775,0.20619918406009674,1,"1CHO_LI15M,SI48N"
1CHO,"YI8H,YI17D,TI27I,GI29S,NI33D,VI39L",6.88686990737915,4.59091329574585,1,"1CHO_YI8H,YI17D,TI27I,GI29S,NI33D,VI39L"
1CHO,YI17H,1.4301855564117432,2.378995895385742,1,1CHO_YI17H
1CHO,"LI15M,YI17Q",3.5196218490600586,3.298121452331543,1,"1CHO_LI15M,YI17Q"
1CHO,"LI15M,GI29D",3.419841766357422,3.4433817863464355,1,"1CHO_LI15M,GI29D"
1CHO,"LI15M,YI17H,KI26Q,GI29D",4.233213901519775,4.641108989715576,1,"1CHO_LI15M,YI17H,KI26Q,GI29D"
1CHO,"EI7D,TI14L,RI18M,GI29D,NI33S,EI40D,TI46S",9.222419738769531,3.9729957580566406,1,"1CHO_EI7D,TI14L,RI18M,GI29D,NI33S,EI40D,TI46S"
1CHO,"AI12G,TI14M,LI15M,YI17R,RI18L,GI29N,NI30D,SI48N,KI52E",9.20455551147461,6.259918689727783,1,"1CHO_AI12G,TI14M,LI15M,YI17R,RI18L,GI29N,NI30D,SI48N,KI52E"
1CHO,"EI7D,RI18M,LI20F,NI25S,GI29S,EI40D",2.669166088104248,1.3942135572433472,1,"1CHO_EI7D,RI18M,LI20F,NI25S,GI29S,EI40D"
1CHO,"EI7G,KI10Q,TI14S,RI18V,LI20F,GI29S,NI33D,VI39A,EI40D",1.6365405321121216,1.3680827617645264,1,"1CHO_EI7G,KI10Q,TI14S,RI18V,LI20F,GI29S,NI33D,VI39A,EI40D"
1CHO,"EI7D,TI14S,EI16D,RI18M,NI25S,GI29S,EI40D,GI51E",7.660467147827148,2.9834649562835693,1,"1CHO_EI7D,TI14S,EI16D,RI18M,NI25S,GI29S,EI40D,GI51E"
1CHO,"EI7D,AI12V,YI17E,RI18M,EI40D",7.824039936065674,1.977053165435791,1,"1CHO_EI7D,AI12V,YI17E,RI18M,EI40D"
1CHO,"EI7D,AI12V,TI14S,RI18M,VI39A,EI40D",5.248260974884033,0.19791056215763092,1,"1CHO_EI7D,AI12V,TI14S,RI18M,VI39A,EI40D"
1CHO,"DI4N,EI7D,AI12V,TI14S,EI16L,RI18M,VI39A,EI40D",6.459868907928467,0.34087836742401123,1,"1CHO_DI4N,EI7D,AI12V,TI14S,EI16L,RI18M,VI39A,EI40D"
1CHO,"YI8H,EI16D,LI20I,NI25S,GI29S,NI33D,VI39M,EI40D",0.14070072770118713,0.9737098217010498,1,"1CHO_YI8H,EI16D,LI20I,NI25S,GI29S,NI33D,VI39M,EI40D"
1CHO,"EI7D,AI12V,EI16D,RI18M,KI26T,GI29S,EI40D,LI45I",5.681691646575928,0.6036429405212402,1,"1CHO_EI7D,AI12V,EI16D,RI18M,KI26T,GI29S,EI40D,LI45I"
1CHO,"EI7D,AI12V,TI14S,EI16D,RI18M,KI26T,GI29N,NI33I,EI40D,LI45I",7.61213493347168,2.4410011768341064,1,"1CHO_EI7D,AI12V,TI14S,EI16D,RI18M,KI26T,GI29N,NI33I,EI40D,LI45I"
1CHO,"EI7D,KI10R,AI12V,EI16D,RI18M,GI29S,EI40D,LI45I,KI52R",5.030045509338379,0.4968090057373047,1,"1CHO_EI7D,KI10R,AI12V,EI16D,RI18M,GI29S,EI40D,LI45I,KI52R"
1CHO,"EI7D,AI12V,EI16D,RI18M,GI29S,EI40D,LI45I,KI52R",5.522698879241943,0.8924884796142578,1,"1CHO_EI7D,AI12V,EI16D,RI18M,GI29S,EI40D,LI45I,KI52R"
1CHO,"AI12D,LI15A",4.827918529510498,4.148383140563965,1,"1CHO_AI12D,LI15A"
1CHO,"TI14P,LI15K,GI29D",9.929821014404297,7.361074924468994,1,"1CHO_TI14P,LI15K,GI29D"
1CHO,"TI14P,LI15K",8.366068840026855,6.836431980133057,1,"1CHO_TI14P,LI15K"
1CHO,"EI7D,LI15M,RI18M,GI29D,EI40D",5.637726783752441,3.63867449760437,1,"1CHO_EI7D,LI15M,RI18M,GI29D,EI40D"
1CHO,GI29V,0.5925281047821045,1.9594440460205078,1,1CHO_GI29V
1CHO,YI17D,6.1120476722717285,4.306426048278809,1,1CHO_YI17D
1CHO,TI14E,4.895524978637695,3.36698579788208,1,1CHO_TI14E
1CHO,"EI7D,LI15F,RI18M,EI40D",1.03739333152771,1.244558572769165,1,"1CHO_EI7D,LI15F,RI18M,EI40D"
1CHO,TI14S,2.3505473136901855,0.9274791479110718,1,1CHO_TI14S
1CHO,TI14V,3.273448944091797,2.071153163909912,1,1CHO_TI14V
1CHO,AI12V,0.9234814643859863,-1.019888162612915,1,1CHO_AI12V
1CHO,"AI12V,TI14S",3.6101016998291016,0.594808042049408,1,"1CHO_AI12V,TI14S"
1CHO,TI14A,4.317520618438721,2.2633962631225586,1,1CHO_TI14A
1CHO,LI15K,4.273555755615234,2.123627185821533,1,1CHO_LI15K
1CHO,LI15A,4.932125091552734,3.9413537979125977,1,1CHO_LI15A
1CHO,LI15E,6.85371732711792,4.217840671539307,1,1CHO_LI15E
1CHO,LI15Q,3.556931257247925,2.384536027908325,1,1CHO_LI15Q
1CHO,"TI14K,LI15R",7.333680629730225,4.717796802520752,1,"1CHO_TI14K,LI15R"
1CHO,"TI14R,LI15R",7.201478481292725,5.733369827270508,1,"1CHO_TI14R,LI15R"
1CHO,"AI12R,LI15R",4.907029151916504,2.7267823219299316,1,"1CHO_AI12R,LI15R"
1CHO,"AI12R,TI14K,LI15R",7.955412864685059,4.674407958984375,1,"1CHO_AI12R,TI14K,LI15R"
1CHO,"AI12R,TI14P,LI15R",8.886950492858887,6.8245978355407715,1,"1CHO_AI12R,TI14P,LI15R"
1CHO,"PI11S,AI12R,TI14P,LI15R",8.457395553588867,6.55326509475708,1,"1CHO_PI11S,AI12R,TI14P,LI15R"
1PPF,"EI10D,AI15V,TI17P,EI19D,RI21M,NI28S,GI32S,NI45S,SI51R",3.3328986167907715,1.5336005687713623,1,"1PPF_EI10D,AI15V,TI17P,EI19D,RI21M,NI28S,GI32S,NI45S,SI51R"
1PPF,"EI10G,KI13Q,PI14S,TI17P,LI18Q,EI19D,RI21V,LI23F,GI32S,VI42A,EI43D",6.034609317779541,3.765002727508545,1,"1PPF_EI10G,KI13Q,PI14S,TI17P,LI18Q,EI19D,RI21V,LI23F,GI32S,VI42A,EI43D"
1PPF,"EI10D,YI11H,AI15V,TI17S,RI21M,NI28S,GI32S,NI36D",0.2953702211380005,2.5105650424957275,1,"1PPF_EI10D,YI11H,AI15V,TI17S,RI21M,NI28S,GI32S,NI36D"
1PPF,"AI15V,TI17S,LI18P,RI21M,NI28S,GI32N,NI36D,NI39S,SI51G",7.373743534088135,6.076803207397461,1,"1PPF_AI15V,TI17S,LI18P,RI21M,NI28S,GI32N,NI36D,NI39S,SI51G"
1PPF,"EI10D,AI15V,TI17S,RI21M,NI28S,GI32N,NI36D,SI51G",1.014561414718628,2.483173370361328,1,"1PPF_EI10D,AI15V,TI17S,RI21M,NI28S,GI32N,NI36D,SI51G"
1PPF,"EI10D,AI15V,TI17S,RI21M,NI28S,GI32S,EI43D",2.087496757507324,1.4622381925582886,1,"1PPF_EI10D,AI15V,TI17S,RI21M,NI28S,GI32S,EI43D"
1PPF,"VI6I,EI10D,AI15V,TI17S,RI21M,NI28S,GI32S,EI43D,TI49I",1.968727469444275,1.0311311483383179,1,"1PPF_VI6I,EI10D,AI15V,TI17S,RI21M,NI28S,GI32S,EI43D,TI49I"
1PPF,"EI10D,AI15V,TI17S,RI21M,NI28S,GI32S,VI42A,EI43D",1.6139456033706665,1.1306143999099731,1,"1PPF_EI10D,AI15V,TI17S,RI21M,NI28S,GI32S,VI42A,EI43D"
1PPF,"EI10D,RI21M,KI29Q,GI32S,NI36S,EI43D",-0.4486997723579407,1.4089555740356445,1,"1PPF_EI10D,RI21M,KI29Q,GI32S,NI36S,EI43D"
1PPF,"RI21M,KI29Q,GI32S,EI43D",0.07138418406248093,1.820636510848999,1,"1PPF_RI21M,KI29Q,GI32S,EI43D"
1PPF,"EI10D,RI21M,EI43D",-0.7596147656440735,0.3024832010269165,1,"1PPF_EI10D,RI21M,EI43D"
1PPF,"EI10D,KI13R,AI15D,RI21M,EI43D",0.12930475175380707,-0.8974425792694092,1,"1PPF_EI10D,KI13R,AI15D,RI21M,EI43D"
1PPF,"EI10D,LI18M,RI21M,EI43D",0.8311648964881897,1.3464024066925049,1,"1PPF_EI10D,LI18M,RI21M,EI43D"
1PPF,"EI10D,LI18V,RI21M,GI32D,EI43D",1.4026328325271606,5.047297954559326,1,"1PPF_EI10D,LI18V,RI21M,GI32D,EI43D"
1PPF,"EI10D,LI18V,RI21M,EI43D",0.03846171498298645,2.9261388778686523,1,"1PPF_EI10D,LI18V,RI21M,EI43D"
1PPF,"EI10D,TI17R,LI18M,RI21M,EI43D",4.620742321014404,3.022083044052124,1,"1PPF_EI10D,TI17R,LI18M,RI21M,EI43D"
1PPF,"EI10G,LI18M,RI21M,EI43D,KI55E",-0.01093788631260395,1.4496500492095947,1,"1PPF_EI10G,LI18M,RI21M,EI43D,KI55E"
1PPF,"DI7N,EI10G,LI18M,RI21M,EI43D,KI55E",0.03846171498298645,1.7346105575561523,1,"1PPF_DI7N,EI10G,LI18M,RI21M,EI43D,KI55E"
1PPF,"EI10D,AI15V,TI17S,YI20D,RI21M,NI28S,GI32S,EI43D",7.481286525726318,3.7925145626068115,1,"1PPF_EI10D,AI15V,TI17S,YI20D,RI21M,NI28S,GI32S,EI43D"
1PPF,"EI10D,AI15V,TI17S,RI21M,NI28S,GI32S,NI36D,EI43D",-0.029628772288560867,2.1862168312072754,1,"1PPF_EI10D,AI15V,TI17S,RI21M,NI28S,GI32S,NI36D,EI43D"
1PPF,"AI15V,TI17S,RI21M,NI28S,KI29Q,GI32S,KI34E,EI43D",1.9420958757400513,1.8338044881820679,1,"1PPF_AI15V,TI17S,RI21M,NI28S,KI29Q,GI32S,KI34E,EI43D"
1PPF,LI18M,1.2265255451202393,1.4842302799224854,1,1PPF_LI18M
1PPF,"AI15D,GI32A",1.159019112586975,0.6385983228683472,1,"1PPF_AI15D,GI32A"
1PPF,GI32A,0.2798077166080475,2.99823260307312,1,1PPF_GI32A
1PPF,"RI21V,LI23I",-0.2930837571620941,0.3192935883998871,1,"1PPF_RI21V,LI23I"
1PPF,"LI18M,LI23V,KI29I,EI43K",1.3923884630203247,1.7299787998199463,1,"1PPF_LI18M,LI23V,KI29I,EI43K"
1PPF,"AI15G,LI18M,LI23V,KI29I,EI43K",2.279642343521118,2.701134443283081,1,"1PPF_AI15G,LI18M,LI23V,KI29I,EI43K"
1PPF,"LI18M,NI36D,SI51N",-0.8585862517356873,2.354421377182007,1,"1PPF_LI18M,NI36D,SI51N"
1PPF,"EI10D,KI13M,LI18M,LI23V",1.6279964447021484,0.8349680304527283,1,"1PPF_EI10D,KI13M,LI18M,LI23V"
1PPF,"EI10G,LI18M,YI20S,LI23I,KI29T,GI32S,HI52Y,FI53P,KI55V",5.622589111328125,3.7326393127441406,1,"1PPF_EI10G,LI18M,YI20S,LI23I,KI29T,GI32S,HI52Y,FI53P,KI55V"
1PPF,"AI15T,LI18M",-1.4927713871002197,0.9051568508148193,1,"1PPF_AI15T,LI18M"
1PPF,"LI18M,TI30S,GI32D",4.176570892333984,3.8807621002197266,1,"1PPF_LI18M,TI30S,GI32D"
1PPF,"LI18I,GI32D",2.5231902599334717,4.900261402130127,1,"1PPF_LI18I,GI32D"
1PPF,"AI15D,LI18A,YI20D",8.737914085388184,5.266171932220459,1,"1PPF_AI15D,LI18A,YI20D"
1PPF,"LI18M,HI52R",1.4817438125610352,1.1849302053451538,1,"1PPF_LI18M,HI52R"
1PPF,"LI18M,SI51N",1.25759756565094,0.8169571757316589,1,"1PPF_LI18M,SI51N"
1PPF,YI20H,2.452770709991455,2.8327417373657227,1,1PPF_YI20H
1PPF,"LI18M,YI20Q",5.8396077156066895,4.632978916168213,1,"1PPF_LI18M,YI20Q"
1PPF,"LI18M,GI32D",3.9859397411346436,3.7317092418670654,1,"1PPF_LI18M,GI32D"
1PPF,"EI10D,TI17L,RI21M,GI32D,NI36S,EI43D,TI49S",4.372321128845215,3.0910441875457764,1,"1PPF_EI10D,TI17L,RI21M,GI32D,NI36S,EI43D,TI49S"
1PPF,"EI10D,RI21M,LI23F,NI28S,GI32S,EI43D",0.46085023880004883,1.3488622903823853,1,"1PPF_EI10D,RI21M,LI23F,NI28S,GI32S,EI43D"
1PPF,"EI10G,KI13Q,TI17S,RI21V,LI23F,GI32S,NI36D,VI42A,EI43D",0.5055848360061646,1.9899743795394897,1,"1PPF_EI10G,KI13Q,TI17S,RI21V,LI23F,GI32S,NI36D,VI42A,EI43D"
1PPF,"EI10D,TI17S,EI19D,RI21M,NI28S,GI32S,EI43D,GI54E",3.2812302112579346,2.934875249862671,1,"1PPF_EI10D,TI17S,EI19D,RI21M,NI28S,GI32S,EI43D,GI54E"
1PPF,"EI10D,AI15V,YI20E,RI21M,EI43D",6.527771949768066,2.3998289108276367,1,"1PPF_EI10D,AI15V,YI20E,RI21M,EI43D"
1PPF,"EI10D,AI15V,TI17S,RI21M,VI42A,EI43D",1.2265255451202393,0.49214282631874084,1,"1PPF_EI10D,AI15V,TI17S,RI21M,VI42A,EI43D"
1PPF,"DI7N,EI10D,AI15V,TI17S,EI19L,RI21M,VI42A,EI43D",1.4026328325271606,0.18119622766971588,1,"1PPF_DI7N,EI10D,AI15V,TI17S,EI19L,RI21M,VI42A,EI43D"
1PPF,"EI10D,AI15V,YI20D,RI21M,KI29I,GI32H,NI36Y,VI42A,EI43H,LI50F",4.923678398132324,2.6416921615600586,1,"1PPF_EI10D,AI15V,YI20D,RI21M,KI29I,GI32H,NI36Y,VI42A,EI43H,LI50F"
1PPF,"YI11H,EI19D,LI23I,NI28S,GI32S,NI36D,VI42M,EI43D",0.32947757840156555,2.34161376953125,1,"1PPF_YI11H,EI19D,LI23I,NI28S,GI32S,NI36D,VI42M,EI43D"
1PPF,"EI10D,AI15V,EI19D,RI21M,KI29T,GI32S,EI43D,LI48I",1.917059063911438,0.39471498131752014,1,"1PPF_EI10D,AI15V,EI19D,RI21M,KI29T,GI32S,EI43D,LI48I"
1PPF,"EI10D,AI15V,TI17S,EI19D,RI21M,KI29T,GI32N,NI36I,EI43D,LI48I",4.598098278045654,2.4967989921569824,1,"1PPF_EI10D,AI15V,TI17S,EI19D,RI21M,KI29T,GI32N,NI36I,EI43D,LI48I"
1PPF,"EI10D,KI13R,AI15V,EI19D,RI21M,GI32S,EI43D,LI48I,KI55R",2.3270046710968018,-0.14892040193080902,1,"1PPF_EI10D,KI13R,AI15V,EI19D,RI21M,GI32S,EI43D,LI48I,KI55R"
1PPF,"EI10D,AI15V,EI19D,RI21M,GI32S,EI43D,LI48I,KI55R",2.486314535140991,-0.16036783158779144,1,"1PPF_EI10D,AI15V,EI19D,RI21M,GI32S,EI43D,LI48I,KI55R"
1PPF,GI32V,2.5432751178741455,1.1441420316696167,1,1PPF_GI32V
1PPF,TI17E,3.074164390563965,3.331051826477051,1,1PPF_TI17E
1PPF,"EI10D,LI18F,RI21M,EI43D",4.55336332321167,1.3122445344924927,1,"1PPF_EI10D,LI18F,RI21M,EI43D"
1PPF,TI17S,1.5567675828933716,1.2511414289474487,1,1PPF_TI17S
1PPF,TI17V,1.5435720682144165,1.1073236465454102,1,1PPF_TI17V
1PPF,AI15V,0.1925964206457138,-0.9524416327476501,1,1PPF_AI15V
1PPF,"AI15V,TI17S",1.7657266855239868,0.43824121356010437,1,"1PPF_AI15V,TI17S"
1PPF,TI17A,2.894247055053711,2.1270432472229004,1,1PPF_TI17A
1PPF,LI18K,5.649281024932861,2.874701499938965,1,1PPF_LI18K
1PPF,LI18A,0.9628335237503052,4.684010982513428,1,1PPF_LI18A
1PPF,LI18E,7.070630073547363,5.361685276031494,1,1PPF_LI18E
1PPF,LI18Q,3.388773202896118,3.2166411876678467,1,1PPF_LI18Q
1BD2,EE28A,2.8351387977600098,2.4781033992767334,1,1BD2_EE28A
1BD2,YC8A,2.7603745460510254,3.1314024925231934,1,1BD2_YC8A
1BD2,"EE28A,YC8A",3.966677188873291,3.9321651458740234,1,"1BD2_EE28A,YC8A"
1BD2,ED93A,1.3156907558441162,1.2925350666046143,1,1BD2_ED93A
1BD2,RA65A,2.4992330074310303,0.6742068529129028,1,1BD2_RA65A
1BD2,"ED93A,RA65A",3.1152541637420654,2.0542829036712646,1,"1BD2_ED93A,RA65A"
1BD2,DD30N,1.9193298816680908,-0.20023582875728607,1,1BD2_DD30N
1BD2,YC5A,3.4075310230255127,1.804955005645752,1,1BD2_YC5A
1BD2,"DD30N,YC5A",1.4770017862319946,1.9882307052612305,1,"1BD2_DD30N,YC5A"
1BD2,DD30N,1.9555097818374634,0.11304957419633865,1,1BD2_DD30N
1BD2,YC5F,0.7336106896400452,-0.25067082047462463,1,1BD2_YC5F
1BD2,"DD30N,YC5F",2.499720573425293,-0.04234807938337326,1,"1BD2_DD30N,YC5F"
1BD2,YE99A,0.2170730084180832,1.1239768266677856,1,1BD2_YE99A
1BD2,YC5F,0.5563236474990845,0.11385167390108109,1,1BD2_YC5F
1BD2,"YE99A,YC5F",0.8948648571968079,0.48540574312210083,1,"1BD2_YE99A,YC5F"
1BD2,YE99A,0.2357640564441681,1.27249014377594,1,1BD2_YE99A
1BD2,YC5A,3.2765021324157715,1.7795391082763672,1,1BD2_YC5A
1BD2,"YE99A,YC5A",2.6869916915893555,1.9571834802627563,1,"1BD2_YE99A,YC5A"
3QFJ,FC5Y,-0.17043781280517578,-0.1690269559621811,1,3QFJ_FC5Y
3PWP,GC2L,-0.6341851353645325,-1.054814100265503,1,3PWP_GC2L
3PWP,"GC2L,IC9V",-0.38579463958740234,-0.36936503648757935,1,"3PWP_GC2L,IC9V"
1BD2,YC5F,0.930243194103241,-0.5895640850067139,1,1BD2_YC5F
1BD2,YC5W,1.9285753965377808,0.09140963107347488,1,1BD2_YC5W
1BD2,YE99A,0.471099317073822,1.1867965459823608,1,1BD2_YE99A
1LP9,TA163A,-0.40431997179985046,0.7742267847061157,1,1LP9_TA163A
1LP9,WA167A,0.29880499839782715,0.6923466920852661,1,1LP9_WA167A
1LP9,KA66A,0.7283912301063538,1.7043366432189941,1,1LP9_KA66A
2UWE,AA163T,0.40431997179985046,-0.6715025901794434,1,2UWE_AA163T
2J8U,AA66K,-0.7283912301063538,-1.312116265296936,1,2J8U_AA66K
1LP9,KA66A,1.1528583765029907,1.8880550861358643,1,1LP9_KA66A
2J8U,AA66K,-1.1528583765029907,-1.924224853515625,1,2J8U_AA66K
1BD2,"EA63Q,KA66A",1.9614979028701782,0.3472171425819397,1,"1BD2_EA63Q,KA66A"
2BNQ,VC9C,0.5019832849502563,0.8478907346725464,1,2BNQ_VC9C
1YY9,LD29P,0.03084089420735836,0.32518526911735535,1,1YY9_LD29P
1YY9,WD52P,1.4789330959320068,1.8006224632263184,1,1YY9_WD52P
1YY9,SD53P,0.8179112076759338,-0.2425631433725357,1,1YY9_SD53P
1YY9,GD54P,0.2681904733181,0.6190688610076904,1,1YY9_GD54P
1YY9,AD98P,1.0376917123794556,-0.44419732689857483,1,1YY9_AD98P
1YY9,YD101P,1.6521589756011963,1.2324275970458984,1,1YY9_YD101P
1YY9,AC25P,0.07228799909353256,-0.44248926639556885,1,1YY9_AC25P
1YY9,SC26P,-0.00911482609808445,-0.3805975615978241,1,1YY9_SC26P
1YY9,SC28P,-0.22239916026592255,-0.2460312694311142,1,1YY9_SC28P
1YY9,SC54P,-0.018372075632214546,0.14420844614505768,1,1YY9_SC54P
1YY9,TC96P,4.004943370819092,0.22857798635959625,1,1YY9_TC96P
1QAB,"VA30M,VB21M,VC21M,VD21M",-0.27507877349853516,-0.22450970113277435,1,"1QAB_VA30M,VB21M,VC21M,VD21M"
1QAB,"LA55P,LB46P,LC46P,LD46P",0.37579625844955444,1.2915327548980713,1,"1QAB_LA55P,LB46P,LC46P,LD46P"
1QAB,"LA58H,LB49H,LC49H,LD49H",-0.07190047949552536,0.06766993552446365,1,"1QAB_LA58H,LB49H,LC49H,LD49H"
1QAB,"TA60A,TB51A,TC51A,TD51A",0.1219574585556984,0.7642780542373657,1,"1QAB_TA60A,TB51A,TC51A,TD51A"
1QAB,"SA85A,SB76A,SC76A,SD76A",0.9150529503822327,0.7040947675704956,1,"1QAB_SA85A,SB76A,SC76A,SD76A"
1QAB,"DA99A,DB90A,DC90A,DD90A",1.7057868242263794,0.3378251791000366,1,"1QAB_DA99A,DB90A,DC90A,DD90A"
1QAB,"SA100E,SB91E,SC91E,SD91E",1.6644362211227417,-0.1874154657125473,1,"1QAB_SA100E,SB91E,SC91E,SD91E"
1QAB,"YA114H,YB105H,YC105H,YD105H",0.6891109943389893,0.0298734400421381,1,"1QAB_YA114H,YB105H,YC105H,YD105H"
1QAB,"YA114F,YB105F,YC105F,YD105F",-0.39396652579307556,0.020984778180718422,1,"1QAB_YA114F,YB105F,YC105F,YD105F"
4GXU,DA189E,2.166057586669922,-0.5185753107070923,1,4GXU_DA189E
4GXU,DA224G,1.9617561101913452,0.9415753483772278,1,4GXU_DA224G
4GXU,"DA189E,DA224G",3.0115554332733154,0.2628876566886902,1,"4GXU_DA189E,DA224G"
1N8Z,LC509A,-0.023055516183376312,0.6322392821311951,1,1N8Z_LC509A
1N8Z,SC535A,0.03084089420735836,0.32906365394592285,1,1N8Z_SC535A
1N8Z,VC536A,0.008976716548204422,0.7209293246269226,1,1N8Z_VC536A
1N8Z,FC539A,0.03511854633688927,1.333730697631836,1,1N8Z_FC539A
3AAA,KA248A,2.488123655319214,1.820616364479065,1,3AAA_KA248A
3AAA,KA248E,3.4500420093536377,0.8371937274932861,1,3AAA_KA248E
3AAA,RA252A,3.0476717948913574,1.0673004388809204,1,3AAA_RA252A
3AAA,RA252E,4.001186370849609,1.3594825267791748,1,3AAA_RA252E
3AAA,RA258A,2.2457852363586426,2.3087821006774902,1,3AAA_RA258A
3AAA,RA258E,3.563595771789551,0.45242220163345337,1,3AAA_RA258E
3AAA,"KA248A,RA258A",4.7972846031188965,3.2377877235412598,1,"3AAA_KA248A,RA258A"
3AAA,WC7A,3.388547420501709,2.027085304260254,1,3AAA_WC7A
3AAA,DC43A,5.125138759613037,0.6697732210159302,1,3AAA_DC43A
3AAA,EC77A,1.9660552740097046,1.1643301248550415,1,3AAA_EC77A
3AAA,EC77R,4.092513084411621,-1.4635367393493652,1,3AAA_EC77R
3BT1,LU1A,0.34248337149620056,0.3528411090373993,1,3BT1_LU1A
3BT1,RU2A,0.09499531984329224,0.04722941666841507,1,3BT1_RU2A
3BT1,MU4A,0.03743046522140503,0.7652453184127808,1,3BT1_MU4A
3BT1,QU5A,0.06113170459866524,0.5088855624198914,1,3BT1_QU5A
3BT1,KU7A,0.27360501885414124,0.40773582458496094,1,3BT1_KU7A
3BT1,TU8A,0.17684276401996613,0.6032125949859619,1,3BT1_TU8A
3BT1,NU9A,0.3052099347114563,1.4372414350509644,1,3BT1_NU9A
3BT1,GU10A,0.265433132648468,1.0615488290786743,1,3BT1_GU10A
3BT1,DU11A,-0.02633553557097912,2.3354625701904297,1,3BT1_DU11A
3BT1,RU13A,0.27360501885414124,0.07246083766222,1,3BT1_RU13A
3BT1,VU14A,0.28166571259498596,-0.15814559161663055,1,3BT1_VU14A
3BT1,EU15A,0.11654140055179596,0.7400946617126465,1,3BT1_EU15A
3BT1,EU16A,0.08392112702131271,0.0809023454785347,1,3BT1_EU16A
3BT1,AU18S,0.07263598591089249,-0.24028943479061127,1,3BT1_AU18S
3BT1,LU19A,0.17684276401996613,0.16522790491580963,1,3BT1_LU19A
3BT1,GU20A,0.0,0.5003138780593872,1,3BT1_GU20A
3BT1,QU21A,0.3128545880317688,-0.16902922093868256,1,3BT1_QU21A
3BT1,DU22A,0.23156951367855072,0.22351397573947906,1,3BT1_DU22A
3BT1,LU23A,0.46005603671073914,1.0509625673294067,1,3BT1_LU23A
3BT1,RU25A,1.0169651508331299,0.6952736377716064,1,3BT1_RU25A
3BT1,TU26A,0.1863221973180771,0.21027477085590363,1,3BT1_TU26A
3BT1,TU27A,0.9107969403266907,0.843792200088501,1,3BT1_TU27A
3BT1,IU28A,0.07263598591089249,0.9493412971496582,1,3BT1_IU28A
3BT1,VU29A,0.7158663868904114,0.058369703590869904,1,3BT1_VU29A
3BT1,RU30A,0.46005603671073914,1.1027870178222656,1,3BT1_RU30A
3BT1,LU31A,0.3128545880317688,1.1787618398666382,1,3BT1_LU31A
3BT1,WU32A,-0.013021446764469147,0.06599486619234085,1,3BT1_WU32A
3BT1,EU33A,0.377549946308136,0.9110758900642395,1,3BT1_EU33A
3BT1,EU34A,0.34248337149620056,0.2828194797039032,1,3BT1_EU34A
3BT1,GU35A,0.3204018473625183,-0.3363744616508484,1,3BT1_GU35A
3BT1,EU36A,0.09499531984329224,0.06810630112886429,1,3BT1_EU36A
3BT1,EU37A,0.04939959943294525,0.16432584822177887,1,3BT1_EU37A
3BT1,LU38A,0.5218843221664429,0.4426462650299072,1,3BT1_LU38A
3BT1,EU39A,0.15741637349128723,0.19992183148860931,1,3BT1_EU39A
3BT1,LU40A,0.8707124590873718,1.9268878698349,1,3BT1_LU40A
3BT1,VU41A,0.4889618456363678,-0.12329184263944626,1,3BT1_VU41A
3BT1,EU42A,-0.19677335023880005,0.4277411699295044,1,3BT1_EU42A
3BT1,KU43A,0.22279229760169983,0.313693642616272,1,3BT1_KU43A
3BT1,SU44A,0.22279229760169983,0.11890143901109695,1,3BT1_SU44A
3BT1,TU46A,0.46005603671073914,0.5833960771560669,1,3BT1_TU46A
3BT1,HU47A,0.39101532101631165,1.0230919122695923,1,3BT1_HU47A
3BT1,SU48A,0.40418148040771484,0.019128987565636635,1,3BT1_SU48A
3BT1,EU49A,-0.02633553557097912,0.18837441504001617,1,3BT1_EU49A
3BT1,KU50A,0.6422259211540222,0.21474017202854156,1,3BT1_KU50A
3BT1,TU51A,0.7120067477226257,0.45279091596603394,1,3BT1_TU51A
3BT1,NU52Q,0.6334487199783325,-0.4218732416629791,1,3BT1_NU52Q
3BT1,RU53A,0.8882246017456055,1.9681730270385742,1,3BT1_RU53A
3BT1,TU54A,0.39101532101631165,0.8342903852462769,1,3BT1_TU54A
3BT1,LU55A,1.1109310388565063,1.1313396692276,1,3BT1_LU55A
3BT1,SU56A,0.04939959943294525,0.33008846640586853,1,3BT1_SU56A
3BT1,YU57A,1.200562834739685,2.054356575012207,1,3BT1_YU57A
3BT1,RU58A,-0.06817305088043213,1.7898343801498413,1,3BT1_RU58A
3BT1,TU59A,0.5530732274055481,0.2319803088903427,1,3BT1_TU59A
3BT1,GU60A,0.29746535420417786,0.527214527130127,1,3BT1_GU60A
3BT1,LU61A,-0.12899070978164673,0.5229740738868713,1,3BT1_LU61A
3BT1,KU62A,0.41706135869026184,0.18385173380374908,1,3BT1_KU62A
3BT1,IU63A,0.11654140055179596,0.6511968374252319,1,3BT1_IU63A
3BT1,TU64A,0.659399688243866,0.2118949443101883,1,3BT1_TU64A
3BT1,SU65A,0.3128545880317688,0.3994526267051697,1,3BT1_SU65A
3BT1,LU66A,1.3769124746322632,2.449172258377075,1,3BT1_LU66A
3BT1,TU67A,0.1863221973180771,0.22132788598537445,1,3BT1_TU67A
3BT1,EU68A,0.04939959943294525,1.3784996271133423,1,3BT1_EU68A
3BT1,VU69A,0.22279229760169983,0.4645339250564575,1,3BT1_VU69A
3BT1,VU70A,0.14745895564556122,0.33596837520599365,1,3BT1_VU70A
3BT1,GU72A,0.2402186095714569,-0.206765815615654,1,3BT1_GU72A
3BT1,LU73A,0.23156951367855072,0.4849050045013428,1,3BT1_LU73A
3BT1,DU74A,0.3052099347114563,0.004275748506188393,1,3BT1_DU74A
3BT1,LU75A,0.5165227055549622,0.63083416223526,1,3BT1_LU75A
3BT1,QU78A,0.2402186095714569,-0.06388109177350998,1,3BT1_QU78A
3BT1,GU79A,0.22279229760169983,0.3952256441116333,1,3BT1_GU79A
3BT1,NU80A,0.204837828874588,0.09320057183504105,1,3BT1_NU80A
3BT1,SU81A,0.257146954536438,0.012287208810448647,1,3BT1_SU81A
3BT1,GU82A,0.09499531984329224,0.7356991767883301,1,3BT1_GU82A
3BT1,VU83A,0.28166571259498596,0.037488050758838654,1,3BT1_VU83A
3BT1,TU84A,-0.08280224353075027,-0.0428922101855278,1,3BT1_TU84A
3BT1,YU85A,0.24874325096607208,0.08479446917772293,1,3BT1_YU85A
3BT1,SU86A,0.2402186095714569,0.08427531272172928,1,3BT1_SU86A
3BT1,RU87A,0.2402186095714569,0.25203579664230347,1,3BT1_RU87A
3BT1,SU88A,0.1956523358821869,-0.08365979045629501,1,3BT1_SU88A
3BT1,RU89A,0.28166571259498596,0.32702165842056274,1,3BT1_RU89A
3BT1,YU90A,0.17684276401996613,0.33330926299095154,1,3BT1_YU90A
3BT1,LU91A,-0.1619131714105606,0.5868923664093018,1,3BT1_LU91A
3BT1,EU92A,0.204837828874588,0.21904273331165314,1,3BT1_EU92A
3BT1,IU94A,0.1863221973180771,0.20033259689807892,1,3BT1_IU94A
3BT1,SU95A,0.8707124590873718,0.5135831832885742,1,3BT1_SU95A
3BT1,GU97A,-0.6638965010643005,0.6756646633148193,1,3BT1_GU97A
3BT1,SU98A,1.156526803970337,0.6977037191390991,1,3BT1_SU98A
3BT1,SU99A,0.29746535420417786,-0.04916488379240036,1,3BT1_SU99A
3BT1,DU100A,1.6920253038406372,0.6029528379440308,1,3BT1_DU100A
3BT1,MU101A,0.4106564223766327,0.8187334537506104,1,3BT1_MU101A
3BT1,SU102A,0.6109192967414856,0.2776556611061096,1,3BT1_SU102A
3BT1,EU104A,0.8148378729820251,0.10427636653184891,1,3BT1_EU104A
3BT1,RU105A,0.40418148040771484,0.48358747363090515,1,3BT1_RU105A
3BT1,RU107A,0.265433132648468,0.1774456650018692,1,3BT1_RU107A
3BT1,HU108A,0.41706135869026184,0.48038870096206665,1,3BT1_HU108A
3BT1,QU109A,0.08392112702131271,0.4410179853439331,1,3BT1_QU109A
3BT1,SU110A,0.24874325096607208,0.43967312574386597,1,3BT1_SU110A
3BT1,LU111A,1.4646269083023071,1.5661159753799438,1,3BT1_LU111A
3BT1,QU112A,-0.12899070978164673,0.7599939107894897,1,3BT1_QU112A
3BT1,RU114A,0.21388307213783264,0.36336588859558105,1,3BT1_RU114A
3BT1,SU115A,0.012741394340991974,0.06213391572237015,1,3BT1_SU115A
3BT1,PU116A,-0.25324004888534546,0.24731160700321198,1,3BT1_PU116A
3BT1,EU117A,-0.29411500692367554,0.2146216779947281,1,3BT1_EU117A
3BT1,EU118A,0.0,0.24574820697307587,1,3BT1_EU118A
3BT1,QU119A,-0.06817305088043213,0.1645665317773819,1,3BT1_QU119A
3BT1,LU121A,0.46005603671073914,0.823914647102356,1,3BT1_LU121A
3BT1,DU122A,0.7882063388824463,0.01620079018175602,1,3BT1_DU122A
3BT1,VU123A,0.7882063388824463,0.26839372515678406,1,3BT1_VU123A
3BT1,VU124A,0.7458703517913818,0.257301390171051,1,3BT1_VU124A
3BT1,TU125A,1.002914309501648,0.9991351366043091,1,3BT1_TU125A
3BT1,HU126A,0.39101532101631165,0.13319386541843414,1,3BT1_HU126A
3BT1,WU127A,-0.43699195981025696,0.6334028244018555,1,3BT1_WU127A
3BT1,IU128A,-0.31566110253334045,0.16954036056995392,1,3BT1_IU128A
3BT1,QU129A,-0.0978018268942833,0.25904643535614014,1,3BT1_QU129A
3BT1,EU130A,0.03743046522140503,0.15145863592624664,1,3BT1_EU130A
3BT1,GU131A,-0.2150040864944458,-0.42894601821899414,1,3BT1_GU131A
3BT1,EU132A,-0.1619131714105606,0.03842485696077347,1,3BT1_EU132A
3BT1,EU133A,-0.14522328972816467,0.018569419160485268,1,3BT1_EU133A
3BT1,GU134A,-0.08280224353075027,0.022930392995476723,1,3BT1_GU134A
3BT1,RU135A,0.24874325096607208,0.28429368138313293,1,3BT1_RU135A
3BT1,PU136A,0.33521392941474915,0.8800370693206787,1,3BT1_PU136A
3BT1,KU137A,0.6200341582298279,0.4767830967903137,1,3BT1_KU137A
3BT1,DU138A,1.2959980964660645,0.9423974752426147,1,3BT1_DU138A
3BT1,DU139A,1.048509955406189,1.712805986404419,1,3BT1_DU139A
3BT1,RU140A,0.804990828037262,1.0273065567016602,1,3BT1_RU140A
3BT1,HU141A,0.6378535628318787,0.6193659901618958,1,3BT1_HU141A
3BT1,LU142A,0.7235110402107239,0.7830009460449219,1,3BT1_LU142A
3BT1,RU143A,0.9190446734428406,1.004571795463562,1,3BT1_RU143A
3BT1,GU144A,1.250980019569397,0.3892817795276642,1,3BT1_GU144A
3BT1,GU146A,1.4402152299880981,-0.06201254576444626,1,3BT1_GU146A
3BT1,YU147A,-0.11319105327129364,1.220042109489441,1,3BT1_YU147A
3BT1,LU148A,1.6624155044555664,0.529412031173706,1,3BT1_LU148A
3BT1,PU149A,0.5969786047935486,0.42889609932899475,1,3BT1_PU149A
3BT1,GU150A,0.5165227055549622,0.19483627378940582,1,3BT1_GU150A
3BT1,PU152A,0.46005603671073914,0.4732762575149536,1,3BT1_PU152A
3BT1,SU154A,-0.03995572030544281,0.10861910134553909,1,3BT1_SU154A
3BT1,NU155A,0.6016620397567749,0.18606294691562653,1,3BT1_NU155A
3BT1,GU156A,-0.23381365835666656,0.664762020111084,1,3BT1_GU156A
3BT1,FU157A,0.700274646282196,1.2092081308364868,1,3BT1_FU157A
3BT1,HU158A,0.204837828874588,1.1889406442642212,1,3BT1_HU158A
3BT1,NU159A,0.3707006871700287,0.07978732138872147,1,3BT1_NU159A
3BT1,NU160Q,0.39101532101631165,0.032684989273548126,1,3BT1_NU160Q
3BT1,DU161A,-0.0978018268942833,0.7879465222358704,1,3BT1_DU161A
3BT1,TU162A,-0.08280224353075027,0.3875526189804077,1,3BT1_TU162A
3BT1,FU163A,1.0636740922927856,1.5432014465332031,1,3BT1_FU163A
3BT1,HU164A,1.0284249782562256,0.7054875493049622,1,3BT1_HU164A
3BT1,FU165A,0.12702755630016327,1.7406673431396484,1,3BT1_FU165A
3BT1,LU166A,0.7458703517913818,1.4649982452392578,1,3BT1_LU166A
3BT1,KU167A,0.28166571259498596,0.6036701202392578,1,3BT1_KU167A
3BT1,NU170Q,0.17684276401996613,0.23268909752368927,1,3BT1_NU170Q
3BT1,TU171A,0.27360501885414124,0.6259628534317017,1,3BT1_TU171A
3BT1,TU172A,0.4106564223766327,0.4530283212661743,1,3BT1_TU172A
3BT1,KU173A,0.6923221349716187,0.40424659848213196,1,3BT1_KU173A
3BT1,EU176A,0.025214528664946556,0.2939355969429016,1,3BT1_EU176A
3BT1,GU177A,0.327854186296463,0.0659869983792305,1,3BT1_GU177A
3BT1,PU178A,-0.2733250856399536,0.23256565630435944,1,3BT1_PU178A
3BT1,IU179A,0.36377134919166565,0.7750070095062256,1,3BT1_IU179A
3BT1,LU180A,0.6719609498977661,0.8013796210289001,1,3BT1_LU180A
3BT1,EU181A,0.46005603671073914,0.2482174187898636,1,3BT1_EU181A
3BT1,LU182A,0.7310582995414734,1.0307533740997314,1,3BT1_LU182A
3BT1,EU183A,0.39101532101631165,0.2323497086763382,1,3BT1_EU183A
3BT1,NU184A,0.327854186296463,0.25393152236938477,1,3BT1_NU184A
3BT1,LU185A,0.204837828874588,0.4457217752933502,1,3BT1_LU185A
3BT1,PU186A,-0.013021446764469147,0.6834295988082886,1,3BT1_PU186A
3BT1,QU187A,-0.17908690869808197,0.0389101579785347,1,3BT1_QU187A
3BT1,NU188A,-0.23381365835666656,0.1602967530488968,1,3BT1_NU188A
3BT1,GU189A,-0.0978018268942833,0.4356772303581238,1,3BT1_GU189A
3BT1,RU190A,0.3204018473625183,0.2171325832605362,1,3BT1_RU190A
3BT1,QU191A,-0.19677335023880005,0.18399156630039215,1,3BT1_QU191A
3BT1,YU193A,-0.06817305088043213,1.5576133728027344,1,3BT1_YU193A
3BT1,SU194A,-0.2733250856399536,0.4652247428894043,1,3BT1_SU194A
3BT1,KU196A,0.24874325096607208,0.2859313488006592,1,3BT1_KU196A
3BT1,GU197A,0.025214528664946556,0.4018392562866211,1,3BT1_GU197A
3BT1,NU198Q,0.012741394340991974,-0.07546230405569077,1,3BT1_NU198Q
3BT1,SU199A,-0.12899070978164673,0.1809270828962326,1,3BT1_SU199A
3BT1,TU200A,-0.23381365835666656,0.1137920692563057,1,3BT1_TU200A
3BT1,HU201A,0.012741394340991974,0.36574429273605347,1,3BT1_HU201A
3BT1,GU202A,-0.4106564223766327,0.24969597160816193,1,3BT1_GU202A
3BT1,SU204A,-0.2150040864944458,0.10858697444200516,1,3BT1_SU204A
3BT1,SU205A,-0.2150040864944458,-0.04642706364393234,1,3BT1_SU205A
3BT1,EU206A,-0.11319105327129364,0.4579817056655884,1,3BT1_EU206A
3BT1,EU207A,-0.25324004888534546,0.4613115191459656,1,3BT1_EU207A
3BT1,TU208A,0.23156951367855072,0.2202092558145523,1,3BT1_TU208A
3BT1,FU209A,0.1956523358821869,0.41709038615226746,1,3BT1_FU209A
3BT1,LU210A,-0.5238474607467651,1.8434091806411743,1,3BT1_LU210A
3BT1,IU211A,0.14745895564556122,0.8277538418769836,1,3BT1_IU211A
3BT1,DU212A,-0.06817305088043213,0.007801482453942299,1,3BT1_DU212A
3BT1,RU214A,-0.02633553557097912,0.546764075756073,1,3BT1_RU214A
3BT1,GU215A,-0.0978018268942833,0.04695511609315872,1,3BT1_GU215A
3BT1,PU216A,-0.11319105327129364,-0.12377401441335678,1,3BT1_PU216A
3BT1,MU217A,1.0284249782562256,0.7521051168441772,1,3BT1_MU217A
3BT1,NU218A,-0.17908690869808197,0.019217023625969887,1,3BT1_NU218A
3BT1,QU219A,-0.06817305088043213,0.6670550107955933,1,3BT1_QU219A
3BT1,LU221A,0.265433132648468,0.8394484519958496,1,3BT1_LU221A
3BT1,VU222A,-0.49345865845680237,0.263772189617157,1,3BT1_VU222A
3BT1,AU223S,-0.23381365835666656,-0.26085013151168823,1,3BT1_AU223S
3BT1,TU224A,-0.2150040864944458,0.5583794116973877,1,3BT1_TU224A
3BT1,GU225A,0.7120067477226257,0.957599401473999,1,3BT1_GU225A
3BT1,TU226A,-0.02633553557097912,0.6435548067092896,1,3BT1_TU226A
3BT1,HU227A,0.265433132648468,0.13759548962116241,1,3BT1_HU227A
3BT1,EU228A,0.17684276401996613,0.8660822510719299,1,3BT1_EU228A
3BT1,PU229A,0.04939959943294525,0.2846887409687042,1,3BT1_PU229A
3BT1,KU230A,0.265433132648468,0.18946482241153717,1,3BT1_KU230A
3BT1,NU231A,0.33521392941474915,-0.032786302268505096,1,3BT1_NU231A
3BT1,QU232A,0.09499531984329224,-0.11529233306646347,1,3BT1_QU232A
3BT1,SU233A,-0.17908690869808197,0.119682677090168,1,3BT1_SU233A
3BT1,YU234A,0.1863221973180771,0.5711230039596558,1,3BT1_YU234A
3BT1,MU235A,0.04939959943294525,0.8607193827629089,1,3BT1_MU235A
3BT1,VU236A,0.15741637349128723,0.09665430337190628,1,3BT1_VU236A
3BT1,RU237A,0.1956523358821869,0.2998826205730438,1,3BT1_RU237A
3BT1,GU238A,-0.08280224353075027,0.27421116828918457,1,3BT1_GU238A
3BT1,AU240S,-0.17908690869808197,-0.6431086659431458,1,3BT1_AU240S
3BT1,TU241A,0.34966468811035156,1.0952470302581787,1,3BT1_TU241A
3BT1,AU242S,-0.31566110253334045,-0.6415818929672241,1,3BT1_AU242S
3BT1,SU243A,-0.06817305088043213,0.4375840425491333,1,3BT1_SU243A
3BT1,MU244A,0.12702755630016327,1.3214378356933594,1,3BT1_MU244A
3BT1,QU246A,0.46005603671073914,-0.27612555027008057,1,3BT1_QU246A
3BT1,HU247A,0.04939959943294525,0.26510342955589294,1,3BT1_HU247A
3BT1,AU248S,0.12702755630016327,-0.5045603513717651,1,3BT1_AU248S
3BT1,HU249A,0.28166571259498596,0.6286899447441101,1,3BT1_HU249A
3BT1,LU250A,0.41706135869026184,0.906388521194458,1,3BT1_LU250A
3BT1,GU251A,0.17684276401996613,0.3063707947731018,1,3BT1_GU251A
3BT1,DU252A,0.06113170459866524,3.096048593521118,1,3BT1_DU252A
3BT1,AU253S,0.204837828874588,-0.2793648838996887,1,3BT1_AU253S
3BT1,FU254A,0.8939488530158997,0.22376300394535065,1,3BT1_FU254A
3BT1,SU255A,0.21388307213783264,0.34043949842453003,1,3BT1_SU255A
3BT1,MU256A,0.7385106086730957,0.28938549757003784,1,3BT1_MU256A
3BT1,NU257A,-0.23381365835666656,0.3696304261684418,1,3BT1_NU257A
3BT1,HU258A,0.04939959943294525,0.6853109002113342,1,3BT1_HU258A
3BT1,IU259A,0.13733132183551788,1.3216779232025146,1,3BT1_IU259A
3BT1,DU260A,0.10586630553007126,0.3309697210788727,1,3BT1_DU260A
3BT1,VU261A,0.2402186095714569,0.30997806787490845,1,3BT1_VU261A
3BT1,SU262A,-0.06817305088043213,-0.04505407065153122,1,3BT1_SU262A
3BT1,TU265A,0.06113170459866524,0.016744861379265785,1,3BT1_TU265A
3BT1,KU266A,0.09499531984329224,-0.11891632527112961,1,3BT1_KU266A
3BT1,SU267A,-0.14522328972816467,0.16085751354694366,1,3BT1_SU267A
3BT1,GU268A,-0.29411500692367554,0.38949131965637207,1,3BT1_GU268A
3BT1,HU271A,0.14745895564556122,-0.16542719304561615,1,3BT1_HU271A
3BT1,PU272A,-0.013021446764469147,-0.06615906208753586,1,3BT1_PU272A
3BT1,DU273A,0.04939959943294525,-0.08514564484357834,1,3BT1_DU273A
3UII,KA58A,0.045595720410346985,0.4051799774169922,1,3UII_KA58A
3UII,"KA58Y,HA76W",0.03452153131365776,-0.7934713363647461,1,"3UII_KA58Y,HA76W"
3UIH,"KA58Y,HA76W",-1.0724024772644043,-0.869962751865387,1,"3UIH_KA58Y,HA76W"
3SEK,LC11E,2.8872756958007812,2.9880013465881348,1,3SEK_LC11E
3SEK,LC44E,4.455748081207275,3.9111146926879883,1,3SEK_LC44E
3SEK,FC47E,4.455748081207275,3.6416726112365723,1,3SEK_FC47E
3SEK,LC48E,4.215529441833496,2.683619737625122,1,3SEK_LC48E
3SEK,LC44A,2.6809208393096924,3.1819064617156982,1,3SEK_LC44A
3SEK,FC47A,2.2293894290924072,2.7089409828186035,1,3SEK_FC47A
3SEK,LC48A,3.408845901489258,2.612039089202881,1,3SEK_LC48A
3L5X,"HL91Q,NL92D,EL93L,YL94G",-1.7859313488006592,1.2281466722488403,1,"3L5X_HL91Q,NL92D,EL93L,YL94G"
3L5X,"NL92D,EL93W,YL94G",-1.6832761764526367,0.14825274050235748,1,"3L5X_NL92D,EL93W,YL94G"
3L5X,"HL91Q,NL92D,EL93I,YL94G",-1.5510743856430054,1.213628888130188,1,"3L5X_HL91Q,NL92D,EL93I,YL94G"
3L5X,"NL92E,EL93W,YL94G",-1.5510743856430054,0.6670255661010742,1,"3L5X_NL92E,EL93W,YL94G"
3L5X,"NL92D,EL93P,YL94G",-1.470618486404419,0.6714397668838501,1,"3L5X_NL92D,EL93P,YL94G"
3L5X,"HL91Q,NL92D,EL93Y,YL94G",-1.452102780342102,0.1818409413099289,1,"3L5X_HL91Q,NL92D,EL93Y,YL94G"
3L5X,"NL92S,EL93W,YL94G",-1.2726197242736816,0.7423750162124634,1,"3L5X_NL92S,EL93W,YL94G"
3L5X,"NL92E,EL93S,YL94G",-1.2659252882003784,0.6635758876800537,1,"3L5X_NL92E,EL93S,YL94G"
3L5X,"NL92S,EL93H,YL94G",-1.2462842464447021,0.8591992259025574,1,"3L5X_NL92S,EL93H,YL94G"
3L5X,"NL92F,EL93W,YL94G",-1.233542799949646,-0.2732725739479065,1,"3L5X_NL92F,EL93W,YL94G"
3L5X,"NL92D,EL93W,YL94E",-1.1968846321105957,0.028585681691765785,1,"3L5X_NL92D,EL93W,YL94E"
3L5X,"NL92S,EL93Y,YL94G",-0.9646185040473938,0.3745797872543335,1,"3L5X_NL92S,EL93Y,YL94G"
3L5X,"HL91P,NL92L,EL93D,YL94V",-0.8586066961288452,-0.12472855299711227,1,"3L5X_HL91P,NL92L,EL93D,YL94V"
3L5X,"NL92V,EL93W,YL94G",-0.8356277942657471,1.1403487920761108,1,"3L5X_NL92V,EL93W,YL94G"
3L5X,YL94A,-0.8292228579521179,1.0149953365325928,1,3L5X_YL94A
3L5X,"NL92L,EL93M,YL94G",-0.8260461688041687,1.6009637117385864,1,"3L5X_NL92L,EL93M,YL94G"
3L5X,"HL91P,NL92L,EL93D,YL94T",-0.8104133009910583,-0.09995155781507492,1,"3L5X_HL91P,NL92L,EL93D,YL94T"
3L5X,"NL92D,EL93Y,YL94A",-0.807335615158081,-0.4272478222846985,1,"3L5X_NL92D,EL93Y,YL94A"
3L5X,"NL92S,EL93I,YL94G",-0.807335615158081,1.2029145956039429,1,"3L5X_NL92S,EL93I,YL94G"
3L5X,"EL93H,YL94G",-0.7629918456077576,0.7718959450721741,1,"3L5X_EL93H,YL94G"
3L5X,"NL92D,EL93W,YL94S",-0.7164474129676819,0.32248979806900024,1,"3L5X_NL92D,EL93W,YL94S"
3L5X,"NL92L,EL93N,YL94G",-0.6957483291625977,0.699390172958374,1,"3L5X_NL92L,EL93N,YL94G"
3L5X,"NL92L,EL93D,YL94S",-0.6806851625442505,1.1516292095184326,1,"3L5X_NL92L,EL93D,YL94S"
3L5X,"HL91P,NL92I,EL93D,YL94A",-0.6469592452049255,1.0860235691070557,1,"3L5X_HL91P,NL92I,EL93D,YL94A"
3L5X,"HL91P,NL92L,EL93D,YL94S",-0.6330730319023132,0.3920629918575287,1,"3L5X_HL91P,NL92L,EL93D,YL94S"
3L5X,"NL92L,EL93L,YL94G",-0.6262500882148743,1.6512155532836914,1,"3L5X_NL92L,EL93L,YL94G"
3L5X,"NL92L,EL93D,YL94S",-0.5539621114730835,1.2819318771362305,1,"3L5X_NL92L,EL93D,YL94S"
3L5X,"NL92D,EL93N,YL94S",-0.5342774987220764,0.9770036935806274,1,"3L5X_NL92D,EL93N,YL94S"
3L5X,"NL92D,EL93R,YL94D",-0.5227732062339783,1.4723926782608032,1,"3L5X_NL92D,EL93R,YL94D"
3L5X,"NL92S,EL93V,YL94G",-0.5171037912368774,1.5083229541778564,1,"3L5X_NL92S,EL93V,YL94G"
3L5X,"NL92V,EL93G,YL94G",-0.4632073640823364,1.4692540168762207,1,"3L5X_NL92V,EL93G,YL94G"
3L5X,"HL91P,NL92L,YL94A",-0.4446124732494354,0.2466524988412857,1,"3L5X_HL91P,NL92L,YL94A"
3L5X,"NL92D,EL93L,YL94G",-0.4298209547996521,0.777804970741272,1,"3L5X_NL92D,EL93L,YL94G"
3L5X,"EL93F,YL94G",-0.42820003628730774,0.08953011780977249,1,"3L5X_EL93F,YL94G"
3L5X,"NL92S,EL93W,YL94A",-0.30316370725631714,0.9431060552597046,1,"3L5X_NL92S,EL93W,YL94A"
3L5X,"NL92S,EL93S,YL94G",-0.24932429194450378,0.9921600222587585,1,"3L5X_NL92S,EL93S,YL94G"
4UYP,"SD15I,ID16N",-0.2552182078361511,-0.0774044319987297,1,"4UYP_SD15I,ID16N"
4UYP,"ID51S,ND52I,SD15I,ID16N",-0.21131277084350586,0.757619321346283,1,"4UYP_ID51S,ND52I,SD15I,ID16N"
4UYP,"RD14N,KD50N,SD15I,ID16N",0.6891109943389893,-1.0949968099594116,1,"4UYP_RD14N,KD50N,SD15I,ID16N"
4UYP,"ID51S,ID16N",1.9741711616516113,0.7402971386909485,1,"4UYP_ID51S,ID16N"
4UYP,"ND52I,SD15I",3.8372950553894043,-0.28644102811813354,1,"4UYP_ND52I,SD15I"
4UYP,"AD18F,AD54F,SD15I,ID16N",4.680967330932617,-2.710726737976074,1,"4UYP_AD18F,AD54F,SD15I,ID16N"
4UYP,"LD20Y,LD56Y,SD15I,ID16N",0.2402186095714569,-0.8973342180252075,1,"4UYP_LD20Y,LD56Y,SD15I,ID16N"
4UYP,"DD23Q,DD59Q,SD15I,ID16N",4.472780704498291,0.2964211702346802,1,"4UYP_DD23Q,DD59Q,SD15I,ID16N"
4UYQ,"SB51I,IB52N",-0.04390541464090347,0.10050142556428909,1,"4UYQ_SB51I,IB52N"
4UYQ,"IB15S,NB16I,SB51I,IB52N",0.21131277084350586,1.2480555772781372,1,"4UYQ_IB15S,NB16I,SB51I,IB52N"
4UYQ,"RB14N,KB50N,SB51I,IB52N",0.9004237651824951,-1.5328110456466675,1,"4UYQ_RB14N,KB50N,SB51I,IB52N"
4UYQ,"IB15S,IB52N",2.185483932495117,1.3454921245574951,1,"4UYQ_IB15S,IB52N"
4UYQ,"NB16I,SB51I",4.04860782623291,-0.10861828178167343,1,"4UYQ_NB16I,SB51I"
4UYQ,"AB18F,AB54F,SB51I,IB52N",4.892280101776123,-1.363275170326233,1,"4UYQ_AB18F,AB54F,SB51I,IB52N"
4UYQ,"LB20Y,LB56Y,SB51I,IB52N",0.45153138041496277,-0.43143656849861145,1,"4UYQ_LB20Y,LB56Y,SB51I,IB52N"
4UYQ,"DB23Q,DB59Q,SB51I,IB52N",4.684093475341797,0.6525967121124268,1,"4UYQ_DB23Q,DB59Q,SB51I,IB52N"
1CHO,"KI10T,PI11E,AI12Y",-0.9422295689582825,-2.2769370079040527,1,"1CHO_KI10T,PI11E,AI12Y"
1CHO,"KI10T,PI11E,AI12Y,LI15G,RI18M,GI29P,NI33V",5.884189128875732,2.0513052940368652,1,"1CHO_KI10T,PI11E,AI12Y,LI15G,RI18M,GI29P,NI33V"
1CHO,"KI10S,PI11D,AI12Y",-1.0332770347595215,-2.7253401279449463,1,"1CHO_KI10S,PI11D,AI12Y"
1CHO,"KI10S,PI11D,AI12Y,LI15G,EI16I,RI18K",7.270103931427002,0.3482590317726135,1,"1CHO_KI10S,PI11D,AI12Y,LI15G,EI16I,RI18K"
1PPF,"KI13T,PI14E,AI15Y",-0.7559911608695984,-3.782316207885742,1,"1PPF_KI13T,PI14E,AI15Y"
1PPF,"KI13T,PI14E,AI15Y,LI18G,RI21M,GI32P,NI36V",1.769350290298462,1.1432957649230957,1,"1PPF_KI13T,PI14E,AI15Y,LI18G,RI21M,GI32P,NI36V"
1PPF,"KI13S,PI14D,AI15Y",-0.12497672438621521,-3.853285074234009,1,"1PPF_KI13S,PI14D,AI15Y"
1PPF,"KI13S,PI14D,AI15Y,LI18G,EI19I,RI21K",4.031302452087402,0.3572635352611542,1,"1PPF_KI13S,PI14D,AI15Y,LI18G,EI19I,RI21K"
2VN5,"SB42A,TB43F",0.25581035017967224,-0.44403037428855896,1,"2VN5_SB42A,TB43F"
2VN5,"SB42A,TB43F,TA35A",0.3038233816623688,0.053606219589710236,1,"2VN5_SB42A,TB43F,TA35A"
2VN5,"SB42A,TB43F,NA37A",1.1865808963775635,0.5033983588218689,1,"2VN5_SB42A,TB43F,NA37A"
2VN5,"SB42A,TB43F,YA39A",1.2559173107147217,0.45745664834976196,1,"2VN5_SB42A,TB43F,YA39A"
2VN5,"SB42A,TB43F,SA66A",-0.08797912299633026,0.027397284284234047,1,"2VN5_SB42A,TB43F,SA66A"
2VN5,"SB42A,TB43F,SA75A",0.0,-0.2019272893667221,1,"2VN5_SB42A,TB43F,SA75A"
2VN5,"SB42A,TB43F,LA77A",3.150730848312378,0.6485863924026489,1,"2VN5_SB42A,TB43F,LA77A"
2VN5,"SB42A,TB43F,LA79A",2.846151828765869,1.1597857475280762,1,"2VN5_SB42A,TB43F,LA79A"
2VN5,"SB42A,TB43F,NA81A",0.5928263664245605,0.5883843898773193,1,"2VN5_SB42A,TB43F,NA81A"
2VN5,"SB42A,TB43F,IA83A",0.9193722009658813,0.33464860916137695,1,"2VN5_SB42A,TB43F,IA83A"
2VN5,"SB42A,TB43F,MA125G",1.546341061592102,-0.06070815771818161,1,"2VN5_SB42A,TB43F,MA125G"
2VN5,"SB42A,TB43F,KA127G",0.5062000751495361,-1.4998915195465088,1,"2VN5_SB42A,TB43F,KA127G"
2VN5,"SB42A,TB43F,TA35A,NA37A",1.6314117908477783,0.4565342366695404,1,"2VN5_SB42A,TB43F,TA35A,NA37A"
2VN5,"SB42A,TB43F,TA35A,NA37A,YA39A",3.647714376449585,0.639712393283844,1,"2VN5_SB42A,TB43F,TA35A,NA37A,YA39A"
2VN5,"SB42A,TB43F,TA35A,NA37A,NA81A",3.059887647628784,0.7864886522293091,1,"2VN5_SB42A,TB43F,TA35A,NA37A,NA81A"
2VN5,"SB42A,TB43F,TA35A,NA37A,YA39A,NA81A",5.046028137207031,1.3190044164657593,1,"2VN5_SB42A,TB43F,TA35A,NA37A,YA39A,NA81A"
2VN5,"SB42A,TB43F,SA66A,SA68A,SA75A",0.13692259788513184,0.05522800236940384,1,"2VN5_SB42A,TB43F,SA66A,SA68A,SA75A"
2VN5,"SB42A,TB43F,LA77A,LA79A",5.738830089569092,1.8708386421203613,1,"2VN5_SB42A,TB43F,LA77A,LA79A"
2VN5,"SB42A,TB43F,MA125G,KA127A",2.3420603275299072,-0.06657182425260544,1,"2VN5_SB42A,TB43F,MA125G,KA127A"
2VN5,"SB42A,TB43F,AB14S,LB15T",0.3482353687286377,0.09376151114702225,1,"2VN5_SB42A,TB43F,AB14S,LB15T"
2VN5,"SB42A,TB43F,AB14Q,LB15Q",0.15086328983306885,0.7022922039031982,1,"2VN5_SB42A,TB43F,AB14Q,LB15Q"
2VN5,"AB14S,LB15T",1.2761919498443604,0.4189895689487457,1,"2VN5_AB14S,LB15T"
2VN5,"SB42Q,TB43Q",0.9391224384307861,0.13347719609737396,1,"2VN5_SB42Q,TB43Q"
2VN5,"SB42A,TB43F,FB17A,LB45A",4.963521957397461,1.8284223079681396,1,"2VN5_SB42A,TB43F,FB17A,LB45A"
1YY9,SC26D,-0.19934363663196564,-0.3173024356365204,1,1YY9_SC26D
1YY9,TC31E,-0.5191569924354553,0.07033944875001907,1,1YY9_TC31E
1YY9,NC93A,-0.7422019243240356,-0.22638671100139618,1,1YY9_NC93A
1YY9,ND56A,-0.05707155540585518,0.7298808097839355,1,1YY9_ND56A
1YY9,TD61E,-0.05707155540585518,0.18509556353092194,1,1YY9_TD61E
1YY9,"TC31E,NC93A",-0.8188995718955994,-0.07010611146688461,1,"1YY9_TC31E,NC93A"
1YY9,"SC26D,TC31E,NC93A",-1.3335405588150024,-0.6934203505516052,1,"1YY9_SC26D,TC31E,NC93A"
1YY9,"SC26D,TC31E,NC93A,ND56A,TD61E",-0.6520853638648987,0.10434744507074356,1,"1YY9_SC26D,TC31E,NC93A,ND56A,TD61E"
1N8Z,NA30S,0.06411135196685791,0.02309114672243595,1,1N8Z_NA30S
1N8Z,HA91F,0.032922469079494476,-0.887242317199707,1,1N8Z_HA91F
1N8Z,"NA30S,HA91F,YA92W",-0.07190047949552536,-1.223336935043335,1,"1N8Z_NA30S,HA91F,YA92W"
1N8Z,TA94S,0.3093721270561218,-0.8008885383605957,1,1N8Z_TA94S
1N8Z,DB102W,-0.6857352256774902,0.09681791812181473,1,1N8Z_DB102W
1N8Z,YB105F,0.8213128447532654,-1.6621843576431274,1,1N8Z_YB105F
1N8Z,YB109V,0.22304488718509674,1.868324875831604,1,1N8Z_YB109V
1N8Z,"NA30S,HA91F,YA92W,TA94S,DB102W,YB105F,YB109V",0.048722125589847565,-1.0478676557540894,1,"1N8Z_NA30S,HA91F,YA92W,TA94S,DB102W,YB105F,YB109V"
1N8Z,RB50A,2.9276857376098633,0.6917195320129395,1,1N8Z_RB50A
1N8Z,RB59A,1.774827480316162,0.0648467019200325,1,1N8Z_RB59A
3IDX,"WG13M,SG111T,WG200S,MG247A,CG14W,CG129V,CG27I,CG242Q",-1.864798665046692,0.04749257117509842,1,"3IDX_WG13M,SG111T,WG200S,MG247A,CG14W,CG129V,CG27I,CG242Q"
3IDX,"WG13M,MG247A,CG14W,CG129V,CG27I,CG242Q",-2.3490397930145264,0.8018249273300171,1,"3IDX_WG13M,MG247A,CG14W,CG129V,CG27I,CG242Q"
3IDX,"KG85C,EG122C,WG13M,MG247A,CG14W,CG129V,CG27I,CG242Q",-2.2937450408935547,0.4103866219520569,1,"3IDX_KG85C,EG122C,WG13M,MG247A,CG14W,CG129V,CG27I,CG242Q"
3IDX,"WG13M,MG247A,CG14W,CG129V",-0.647828996181488,1.1912639141082764,1,"3IDX_WG13M,MG247A,CG14W,CG129V"
3IDX,"KG85C,EG121C,WG13M,MG247A,CG14W,CG129V,CG27I,CG242Q",-2.1932713985443115,0.3896849751472473,1,"3IDX_KG85C,EG121C,WG13M,MG247A,CG14W,CG129V,CG27I,CG242Q"
3IDX,"TG41C,GG245C,WG13M,MG247A,CG14W,CG129V,CG27I,CG242Q",-2.332111358642578,0.9026901721954346,1,"3IDX_TG41C,GG245C,WG13M,MG247A,CG14W,CG129V,CG27I,CG242Q"
3IDX,"CG27I,CG242Q,MG247A",-2.174590826034546,-0.06653951853513718,1,"3IDX_CG27I,CG242Q,MG247A"
3IDX,"CG27I,CG242Q",-2.46614146232605,-0.43433505296707153,1,"3IDX_CG27I,CG242Q"
3IDX,"WG13M,MG247A,CG14W,CG129V,KG85C,EG121C",-0.36182716488838196,0.6769519448280334,1,"3IDX_WG13M,MG247A,CG14W,CG129V,KG85C,EG121C"
3IDX,"KG85C,EG121C,CG27I,CG242Q",-2.378751039505005,-0.7137400507926941,1,"3IDX_KG85C,EG121C,CG27I,CG242Q"
3IDX,"TG41C,GG245C,MG247A",0.40963760018348694,0.3622693717479706,1,"3IDX_TG41C,GG245C,MG247A"
1C4Z,SD1A,0.5660946369171143,0.15244872868061066,1,1C4Z_SD1A
1C4Z,RD2A,0.5186731815338135,1.7366670370101929,1,1C4Z_RD2A
1C4Z,RD2E,1.288435935974121,1.1405608654022217,1,1C4Z_RD2E
1C4Z,RD3A,0.4671231210231781,0.43286973237991333,1,1C4Z_RD3A
1C4Z,RD3E,1.1857807636260986,-0.1888672262430191,1,1C4Z_RD3E
1C4Z,KD6A,0.6100000739097595,0.6255455017089844,1,1C4Z_KD6A
1C4Z,KD6E,1.5549901723861694,0.7004274725914001,1,1C4Z_KD6E
1C4Z,ND28A,-0.17839030921459198,0.22568030655384064,1,1C4Z_ND28A
1C4Z,LD30A,-0.343514621257782,1.572564721107483,1,1C4Z_LD30A
1C4Z,RD49A,-0.011969134211540222,0.5057921409606934,1,1C4Z_RD49A
1C4Z,AD56G,0.5660946369171143,0.534602165222168,1,1C4Z_AD56G
1C4Z,ED57A,0.08793172240257263,1.3024026155471802,1,1C4Z_ED57A
1C4Z,ED57R,0.06714180111885071,-0.5927079319953918,1,1C4Z_ED57R
1C4Z,PD59A,1.4097667932510376,0.1924206167459488,1,1C4Z_PD59A
1C4Z,FD60A,3.0141565799713135,2.3203048706054688,1,1C4Z_FD60A
1C4Z,KD61A,0.2930837571620941,0.19780902564525604,1,1C4Z_KD61A
1C4Z,KD61E,0.7250281572341919,-1.6518160104751587,1,1C4Z_KD61E
1C4Z,ED90A,-0.43484148383140564,0.06594360619783401,1,1C4Z_ED90A
1C4Z,ED90R,-1.002914309501648,0.10513622313737869,1,1C4Z_ED90R
1C4Z,WD92A,0.8213128447532654,1.1181387901306152,1,1C4Z_WD92A
1C4Z,KD93A,1.135684609413147,-0.06781678646802902,1,1C4Z_KD93A
1C4Z,KD93E,1.1695482730865479,-0.10849463194608688,1,1C4Z_KD93E
1C4Z,PD94A,0.850218653678894,0.3783712387084961,1,1C4Z_PD94A
1C4Z,AD95G,0.4106564223766327,-0.6827422380447388,1,1C4Z_AD95G
1C4Z,KD97A,1.3017500638961792,0.24255307018756866,1,1C4Z_KD97A
1C4Z,KD97E,1.420637845993042,0.5941417813301086,1,1C4Z_KD97E
1C4Z,VA138A,0.5660946369171143,0.1112036183476448,1,1C4Z_VA138A
1C4Z,LA139A,1.2169697284698486,2.8382720947265625,1,1C4Z_LA139A
1C4Z,QA141A,-0.38742002844810486,0.3948814272880554,1,1C4Z_QA141A
1C4Z,SA142A,0.4106564223766327,0.1848425418138504,1,1C4Z_SA142A
1C4Z,LA143A,0.9991104006767273,0.8416159749031067,1,1C4Z_LA143A
1C4Z,DA145A,-0.38742002844810486,0.5819820761680603,1,1C4Z_DA145A
1C4Z,DA145K,0.20774735510349274,0.06960392743349075,1,1C4Z_DA145K
1C4Z,LA146A,1.9741711616516113,1.7912226915359497,1,1C4Z_LA146A
1C4Z,YA149A,1.288435935974121,0.9946790933609009,1,1C4Z_YA149A
1C4Z,DA156A,0.5186731815338135,0.1732207089662552,1,1C4Z_DA156A
1C4Z,DA156R,1.3759032487869263,-0.1641601175069809,1,1C4Z_DA156R
1C4Z,MA157A,1.9302657842636108,0.3740445375442505,1,1C4Z_MA157A
1C4Z,MA158A,0.7588918209075928,0.795560359954834,1,1C4Z_MA158A
1C4Z,IA159A,0.4106564223766327,1.9047807455062866,1,1C4Z_IA159A
1C4Z,TA160A,0.5660946369171143,0.7851465344429016,1,1C4Z_TA160A
1C4Z,IA163A,-0.08935531973838806,1.4586373567581177,1,1C4Z_IA163A
1C4Z,SA164A,-0.4106564223766327,0.7050604224205017,1,1C4Z_SA164A
1C4Z,TA166A,-0.13220183551311493,0.4419902563095093,1,1C4Z_TA166A
1C4Z,MA174A,-0.5732470750808716,0.3344929814338684,1,1C4Z_MA174A
1C4Z,FA194A,1.5964372158050537,1.239714503288269,1,1C4Z_FA194A
1C4Z,YA198L,0.8213128447532654,1.3003919124603271,1,1C4Z_YA198L
1C4Z,"SA243P,NA245P",-0.07573513686656952,-0.3371173143386841,1,"1C4Z_SA243P,NA245P"
1C4Z,CA324A,0.10801676660776138,0.59112149477005,1,1C4Z_CA324A
3F1S,MA33A,1.2389806509017944,1.3868439197540283,1,3F1S_MA33A
3F1S,DA36A,2.185483932495117,1.1655628681182861,1,3F1S_DA36A
3F1S,DA200A,0.4106564223766327,0.027861544862389565,1,3F1S_DA200A
3F1S,KA201A,-1.8037333488464355,1.0638295412063599,1,3F1S_KA201A
3F1S,KA201C,-1.8037333488464355,-1.0888638496398926,1,3F1S_KA201C
3F1S,YA202A,2.996121644973755,1.4494785070419312,1,3F1S_YA202A
3F1S,DA255A,3.76096773147583,0.5246995687484741,1,3F1S_DA255A
3F1S,DA200A,0.6982964873313904,0.02786160446703434,1,3F1S_DA200A
3F1S,KA201A,-2.355921745300293,-0.2585408091545105,1,3F1S_KA201A
3F1S,KA201C,-1.5861589908599854,-1.4726265668869019,1,3F1S_KA201C
1KNE,TP2K,-0.3143717646598816,0.06782431155443192,1,1KNE_TP2K
1KNE,TP2I,0.274082213640213,-0.5768808126449585,1,1KNE_TP2I
1KNE,TP2F,0.0962846651673317,0.07948950678110123,1,1KNE_TP2F
1KNE,TP2L,0.20430143177509308,0.620215654373169,1,1KNE_TP2L
1KNE,AA3F,-0.11502811312675476,-2.8022565841674805,1,1KNE_AA3F
1KNE,"AA3F,TP2K",-0.03591717779636383,-3.5653879642486572,1,"1KNE_AA3F,TP2K"
1KNE,"AA3F,TP2I",0.5897433161735535,-3.411679744720459,1,"1KNE_AA3F,TP2I"
1KNE,"AA3F,TP2F",0.8036264181137085,-1.717522382736206,1,"1KNE_AA3F,TP2F"
1KNE,"AA3F,TP2L",0.3929699659347534,-3.72499418258667,1,"1KNE_AA3F,TP2L"
1KNE,AA3K,0.8949532508850098,-2.090611219406128,1,1KNE_AA3K
1KNE,"AA3K,TP2K",1.5997247695922852,-0.18189720809459686,1,"1KNE_AA3K,TP2K"
1KNE,"AA3K,TP2I",1.398034691810608,-1.488016128540039,1,"1KNE_AA3K,TP2I"
1KNE,"AA3K,TP2F",1.4692765474319458,-3.2487616539001465,1,"1KNE_AA3K,TP2F"
1KNE,"AA3K,TP2L",1.8344539403915405,-1.2753527164459229,1,"1KNE_AA3K,TP2L"
1KNE,AA3L,0.0,-2.554614543914795,1,1KNE_AA3L
1KNE,"AA3L,TP2K",-0.15893353521823883,-1.1460691690444946,1,"1KNE_AA3L,TP2K"
1KNE,"AA3L,TP2I",0.06589584797620773,-3.5242629051208496,1,"1KNE_AA3L,TP2I"
1KNE,"AA3L,TP2F",0.25172290205955505,-3.038944721221924,1,"1KNE_AA3L,TP2F"
1KNE,"AA3L,TP2L",0.25172290205955505,-1.4428727626800537,1,"1KNE_AA3L,TP2L"
1KNE,AA3T,-0.3767928183078766,-2.7967562675476074,1,1KNE_AA3T
1KNE,"AA3T,TP2K",-0.3143717646598816,-1.7922148704528809,1,"1KNE_AA3T,TP2K"
1KNE,"AA3T,TP2I",0.6024847030639648,-1.8663415908813477,1,"1KNE_AA3T,TP2I"
1KNE,"AA3T,TP2F",0.7853956818580627,-2.677818775177002,1,"1KNE_AA3T,TP2F"
1KNE,"AA3T,TP2L",0.5634077787399292,-2.7324914932250977,1,"1KNE_AA3T,TP2L"
1KNE,DA40F,-0.6170114278793335,-0.7710822820663452,1,1KNE_DA40F
1KNE,"DA40F,TP2K",-0.2063549906015396,-1.391750454902649,1,"1KNE_DA40F,TP2K"
1KNE,"DA40F,TP2I",0.20430143177509308,-1.430739164352417,1,"1KNE_DA40F,TP2I"
1KNE,"DA40F,TP2F",-0.15893353521823883,-0.1775386482477188,1,"1KNE_DA40F,TP2F"
1KNE,"DA40F,TP2L",0.29562830924987793,-0.15815113484859467,1,"1KNE_DA40F,TP2L"
1KNE,DA40I,0.46075260639190674,-0.6877822875976562,1,1KNE_DA40I
1KNE,"DA40I,TP2K",0.5897433161735535,0.8983210325241089,1,"1KNE_DA40I,TP2K"
1KNE,"DA40I,TP2I",0.614957869052887,-0.11302708834409714,1,"1KNE_DA40I,TP2I"
1KNE,"DA40I,TP2F",1.0953950881958008,-2.6573405265808105,1,"1KNE_DA40I,TP2F"
1KNE,"DA40I,TP2L",0.5767219066619873,-1.487931728363037,1,"1KNE_DA40I,TP2L"
1KNE,DA40K,-0.3767928183078766,-1.490647554397583,1,1KNE_DA40K
1KNE,"DA40K,TP2K",0.336503267288208,1.3692642450332642,1,"1KNE_DA40K,TP2K"
1KNE,"DA40K,TP2I",0.0,0.07493335753679276,1,"1KNE_DA40K,TP2I"
1KNE,"DA40K,TP2F",-0.03591717779636383,-1.9816992282867432,1,"1KNE_DA40K,TP2F"
1KNE,"DA40K,TP2L",-0.3143717646598816,-1.0103672742843628,1,"1KNE_DA40K,TP2L"
1KNE,DA40T,0.49194151163101196,-1.412440299987793,1,1KNE_DA40T
1KNE,"DA40T,TP2K",0.7270746231079102,0.5319123268127441,1,"1KNE_DA40T,TP2K"
1KNE,"DA40T,TP2I",0.8872087001800537,-0.95201575756073,1,"1KNE_DA40T,TP2I"
1KNE,"DA40T,TP2F",1.240618348121643,-0.9801198244094849,1,"1KNE_DA40T,TP2F"
1KNE,"DA40T,TP2L",0.25172290205955505,-1.3400112390518188,1,"1KNE_DA40T,TP2L"
1KNE,KA24A,-1.2678864002227783,0.5051432847976685,1,1KNE_KA24A
1KNE,"KA24A,AA3K",-0.2579050660133362,-0.6985465288162231,1,"1KNE_KA24A,AA3K"
4GU0,"LE20A,TE22A,RE26A",0.916396975517273,1.212385892868042,1,"4GU0_LE20A,TE22A,RE26A"
4HSA,RA28V,0.5810942649841309,0.33573269844055176,1,4HSA_RA28V
4HSA,WA40V,-0.2224259227514267,0.35738858580589294,1,4HSA_WA40V
4HSA,YA58I,0.11757265031337738,0.5902619957923889,1,4HSA_YA58I
4HSA,HA59S,-0.12264595180749893,0.9675065279006958,1,4HSA_HA59S
4KRL,RB30A,1.7210599184036255,1.0064159631729126,1,4KRL_RB30A
4KRL,DB112A,0.6499726176261902,0.6421778798103333,1,4KRL_DB112A
4KRL,"DA49T,FA51A",1.8532617092132568,1.6207128763198853,1,"4KRL_DA49T,FA51A"
4NM8,IB18M,0.10801676660776138,-0.9808322787284851,1,4NM8_IB18M
4NM8,DB19N,0.6508750319480896,0.1102224662899971,1,4NM8_DB19N
4NM8,RB25M,3.3870644569396973,-0.4048158824443817,1,4NM8_RB25M
4NM8,TB32E,-0.5428582429885864,0.4129369854927063,1,4NM8_TB32E
4NM8,TB32I,-0.04939959943294525,-0.9710244536399841,1,4NM8_TB32I
4NM8,TB32R,1.2015804052352905,0.1062941625714302,1,4NM8_TB32R
4NM8,QB34T,2.2935006618499756,0.055512435734272,1,4NM8_QB34T
4NM8,QB34R,2.9276857376098633,-1.854956865310669,1,4NM8_QB34R
4NM8,LB38Y,-0.6052793264389038,0.022412845864892006,1,4NM8_LB38Y
4NZW,KA77A,0.07601718604564667,1.2949934005737305,1,4NZW_KA77A
4NZW,EB49A,0.3254689872264862,0.003009149804711342,1,4NZW_EB49A
4NZW,EB124A,0.3571796715259552,0.40022575855255127,1,4NZW_EB124A
4OZG,NG29A,-0.07165861129760742,1.1591534614562988,1,4OZG_NG29A
4OZG,YG31A,1.7440438270568848,1.0078965425491333,1,4OZG_YG31A
4OZG,YG33F,1.7440438270568848,0.2894907295703888,1,4OZG_YG33F
4OZG,LG50A,1.1861860752105713,0.878031849861145,1,4OZG_LG50A
4OZG,YH46F,-0.6471371650695801,-0.2666977047920227,1,4OZG_YH46F
4OZG,QH48A,0.8051583766937256,1.0857524871826172,1,4OZG_QH48A
4OZG,NH50A,-0.11102414131164551,0.4672798216342926,1,4OZG_NH50A
4OZG,FH94A,1.4347845315933228,1.0279425382614136,1,4OZG_FH94A
4OZG,RH95A,1.7440438270568848,1.4795945882797241,1,4OZG_RH95A
4OZG,FH96A,0.8835463523864746,1.3403126001358032,1,4OZG_FH96A
4OZG,DH98A,1.6500780582427979,0.867035448551178,1,4OZG_DH98A
4OZG,YH101F,0.5337899327278137,0.004217097535729408,1,4OZG_YH101F
3C60,KC40A,1.5944323539733887,0.16104204952716827,1,3C60_KC40A
3C60,DC56A,0.6982964873313904,0.6194281578063965,1,3C60_DC56A
3C60,QC58A,0.9633074998855591,0.8973348140716553,1,3C60_QC58A
3C60,LC61A,0.9435572624206543,1.3500761985778809,1,3C60_LC61A
3C60,QC62A,0.8687343001365662,1.4016752243041992,1,3C60_QC62A
3C60,NC63A,0.9535146951675415,1.228931188583374,1,3C60_NC63A
3C60,VC66A,1.2502000331878662,1.1285526752471924,1,3C60_VC66A
3C60,KC68A,0.5622846484184265,1.0129239559173584,1,3C60_KC68A
3C60,HC69A,0.3591063618659973,0.9806085824966431,1,3C60_HC69A
3C60,VC73A,0.0,0.2888824939727783,1,3C60_VC73A
3C60,KC76A,0.04742146283388138,0.3063923120498657,1,3C60_KC76A
3C60,FD1A,0.0,0.2007843405008316,1,3C60_FD1A
3C60,ED2A,0.04742146283388138,1.252482533454895,1,3C60_ED2A
3C60,QD4A,1.1667990684509277,0.2454875260591507,1,3C60_QD4A
3C60,KD5A,1.1528583765029907,1.961958408355713,1,3C60_KD5A
3C60,KD7A,2.151184558868408,1.3825135231018066,1,3C60_KD7A
3C60,ND9A,0.0,0.26239103078842163,1,3C60_ND9A
3C60,KD10A,0.0,0.6862092018127441,1,3C60_KD10A
3C60,VD12A,0.0,0.0038520190864801407,1,3C60_VD12A
3C60,DD13A,0.04742146283388138,0.23048879206180573,1,3C60_DD13A
3C60,ED69A,0.04742146283388138,0.042511649429798126,1,3C60_ED69A
3C60,YD70A,0.0,0.42417168617248535,1,3C60_YD70A
3C60,SD73A,0.0,-0.0036607887595891953,1,3C60_SD73A
3C60,QD74A,0.0,-0.005623927339911461,1,3C60_QD74A
3C60,PD75A,0.0,-0.11432614177465439,1,3C60_PD75A
3C60,ED76A,0.0,-0.030720701441168785,1,3C60_ED76A
3C60,ID77A,0.04742146283388138,0.1902935653924942,1,3C60_ID77A
3C60,ED79A,0.04742146283388138,0.23696063458919525,1,3C60_ED79A
3C60,RD80A,2.0264554023742676,1.098586082458496,1,3C60_RD80A
3C60,RD82A,0.0,0.39477527141571045,1,3C60_RD82A
3C60,DD86A,0.04742146283388138,0.06356961280107498,1,3C60_DD86A
3C60,TD87A,1.1667990684509277,0.577705442905426,1,3C60_TD87A
3C60,RD90A,0.04742146283388138,0.20605750381946564,1,3C60_RD90A
3C60,HD91A,1.0857164859771729,0.12211085110902786,1,3C60_HD91A
3C60,ED94A,0.0,0.04365701228380203,1,3C60_ED94A
2C5D,GC6S,0.09897152334451675,0.020181069150567055,1,2C5D_GC6S
2C5D,DC61G,-0.5037813186645508,-0.7943527102470398,1,2C5D_DC61G
2C5D,VC66A,-0.5993249416351318,-0.35076844692230225,1,2C5D_VC66A
2C5D,GC101R,-0.018230730667710304,-0.15728847682476044,1,2C5D_GC101R
2C5D,"GC6S,DC61G",-0.5295441746711731,-0.6538669466972351,1,"2C5D_GC6S,DC61G"
2C5D,"GC6S,VC66A",-0.8469958901405334,-0.18810145556926727,1,"2C5D_GC6S,VC66A"
2C5D,"GC6S,GC101R",0.034860171377658844,-0.1700717657804489,1,"2C5D_GC6S,GC101R"
2C5D,"DC61G,GC101R",-0.5610889792442322,-0.8623595237731934,1,"2C5D_DC61G,GC101R"
2C5D,"VC66A,GC101R",-0.6562855839729309,-0.317052960395813,1,"2C5D_VC66A,GC101R"
2C5D,"DC61G,VC66A",-1.040370225906372,-0.7803030610084534,1,"2C5D_DC61G,VC66A"
2C5D,"DC61G,VC66A,GC101R",-0.8699324131011963,-0.6995301246643066,1,"2C5D_DC61G,VC66A,GC101R"
2C5D,"GC6S,VC66A,GC101R",-0.7966970801353455,-0.23642794787883759,1,"2C5D_GC6S,VC66A,GC101R"
2C5D,"GC6S,DC61G,GC101R",-0.551903486251831,-0.6946591734886169,1,"2C5D_GC6S,DC61G,GC101R"
2C5D,"GC6S,DC61G,VC66R",-1.2355707883834839,-0.5162299275398254,1,"2C5D_GC6S,DC61G,VC66R"
2C5D,"GC6S,DC61G,VC66R,GC101R",-1.4830588102340698,-0.6177066564559937,1,"2C5D_GC6S,DC61G,VC66R,GC101R"
2C5D,"EC33R,TC51R",6.113513946533203,0.18359757959842682,1,"2C5D_EC33R,TC51R"
2C5D,"TA26D,TB26D",0.7250281572341919,-0.08096199482679367,1,"2C5D_TA26D,TB26D"
2C5D,"RA32E,RB32E",1.7124065160751343,0.8107423186302185,1,"2C5D_RA32E,RB32E"
2C5D,"KA34E,KB34E",1.9482202529907227,0.8854852318763733,1,"2C5D_KA34E,KB34E"
2C5D,"RA32E,KA34E,RB32E,KA34E",3.9603114128112793,1.635116696357727,1,"2C5D_RA32E,KA34E,RB32E,KA34E"
2C5D,"AA126V,AB126V",0.7588918209075928,-0.8323807120323181,1,"2C5D_AA126V,AB126V"
2C5D,"FA207A,FB207A",0.19934363663196564,1.4691592454910278,1,"2C5D_FA207A,FB207A"
2C5D,"QC28R,QD28R",0.09132687747478485,-0.3535141944885254,1,"2C5D_QC28R,QD28R"
2C5D,"EC30R,ED30R",0.3026396632194519,-0.13421548902988434,1,"2C5D_EC30R,ED30R"
2C5D,"EC33R,ED33R",1.654841661453247,-0.15148575603961945,1,"2C5D_EC33R,ED33R"
2C5D,"EC30R,EC33R,ED30R,EC33R",1.8489806652069092,-0.48336929082870483,1,"2C5D_EC30R,EC33R,ED30R,EC33R"
2C5D,"TC51R,TD51R",2.339020252227783,-0.6750445365905762,1,"2C5D_TC51R,TD51R"
2C5D,"QC96R,QD96R",0.3026396632194519,-0.37990760803222656,1,"2C5D_QC96R,QD96R"
2C5D,"LC105E,LD105E",0.2402186095714569,3.373464584350586,1,"2C5D_LC105E,LD105E"
2C5D,"KC178E,KD178E",0.7422019243240356,0.2535474896430969,1,"2C5D_KC178E,KD178E"
2C5D,"TC182E,TD182E",0.7422019243240356,1.979068636894226,1,"2C5D_TC182E,TD182E"
2C5D,"FA207A,FB207A",0.5428582429885864,1.5046392679214478,1,"2C5D_FA207A,FB207A"
2C5D,"FA209A,FB209A",1.0615314245224,1.4635380506515503,1,"2C5D_FA209A,FB209A"
2C5D,"WA238F,WB238F",0.9824205040931702,0.21341271698474884,1,"2C5D_WA238F,WB238F"
2C5D,"LA324A,LB324A",2.0344724655151367,0.8107619881629944,1,"2C5D_LA324A,LB324A"
2C5D,"YA364A,YB364A",0.9824205040931702,0.5100034475326538,1,"2C5D_YA364A,YB364A"
4NKQ,"LB77A,TB78A,SB79A",0.11002849042415619,0.6576715111732483,1,"4NKQ_LB77A,TB78A,SB79A"
4NKQ,"RB80A,NB81A,YB82A",-0.33154547214508057,1.1858199834823608,1,"4NKQ_RB80A,NB81A,YB82A"
4NKQ,RB80A,0.1199859008193016,1.296265721321106,1,4NKQ_RB80A
4NKQ,RB80D,-0.07738618552684784,0.5304332375526428,1,4NKQ_RB80D
4NKQ,NB81A,0.09990085661411285,0.057117827236652374,1,4NKQ_NB81A
4NKQ,YB82A,-0.37545090913772583,-0.16116021573543549,1,4NKQ_YB82A
4NKQ,YB82F,-0.23420381546020508,-0.44459518790245056,1,4NKQ_YB82F
4NKQ,"DB87A,TB88A,KB89A",0.3535848557949066,1.583524465560913,1,"4NKQ_DB87A,TB88A,KB89A"
4NKQ,DB87A,0.15822187066078186,0.5826034545898438,1,4NKQ_DB87A
4NKQ,DB87R,0.20278814435005188,-1.1474303007125854,1,4NKQ_DB87R
4NKQ,TB88A,0.31932955980300903,0.614952802658081,1,4NKQ_TB88A
4NKQ,KB89A,0.38596734404563904,1.2550327777862549,1,4NKQ_KB89A
4NKQ,KB89D,1.0615314245224,0.9510252475738525,1,4NKQ_KB89D
4NKQ,"KB90A,IB91A,EB92A",-0.7013269662857056,1.4286446571350098,1,"4NKQ_KB90A,IB91A,EB92A"
4NKQ,KB90A,-0.19934363663196564,1.3938883543014526,1,4NKQ_KB90A
4NKQ,KB90D,-0.19934363663196564,0.6152907609939575,1,4NKQ_KB90D
4NKQ,IB91A,-0.050451911985874176,0.11098063737154007,1,4NKQ_IB91A
4NKQ,EB92A,-0.3530915677547455,0.1189323142170906,1,4NKQ_EB92A
4NKQ,"YB119A,QB120A,KB121A,LB122A,SB123A,YB124A",-0.31075555086135864,2.627105474472046,1,"4NKQ_YB119A,QB120A,KB121A,LB122A,SB123A,YB124A"
4NKQ,"YB119A,YB124A",-0.6271737813949585,0.9204184412956238,1,"4NKQ_YB119A,YB124A"
4NKQ,QB120A,-0.3986872732639313,0.9913169145584106,1,4NKQ_QB120A
4NKQ,KB121A,-0.5612779259681702,0.4669197201728821,1,4NKQ_KB121A
4NKQ,LB122A,0.2361745536327362,-0.06422334164381027,1,4NKQ_LB122A
4NKQ,SB123A,0.27542412281036377,0.3937132656574249,1,4NKQ_SB123A
4NKQ,DB126A,0.11002849042415619,0.2168145626783371,1,4NKQ_DB126A
4NKQ,"DB176A,VB177A,RB178A,IB179A",-0.1202327087521553,2.4340386390686035,1,"4NKQ_DB176A,VB177A,RB178A,IB179A"
4NKQ,DB176A,0.4226255416870117,0.15610124170780182,1,4NKQ_DB176A
4NKQ,DB176E,0.4682212769985199,-0.29577019810676575,1,4NKQ_DB176E
4NKQ,RB178A,0.3602045178413391,1.0231252908706665,1,4NKQ_RB178A
4NKQ,RB178D,-0.2906705141067505,0.5612825751304626,1,4NKQ_RB178D
4NKQ,"RB80D,KB90D",1.3137191534042358,0.7239794135093689,1,"4NKQ_RB80D,KB90D"
4NKQ,DC99K,-0.33154547214508057,1.2232587337493896,1,4NKQ_DC99K
4NKQ,"DC99K,RB80D",0.1764526069164276,0.9419418573379517,1,"4NKQ_DC99K,RB80D"
4NKQ,"DC99K,DB87R",0.8152363896369934,-1.3662065267562866,1,"4NKQ_DC99K,DB87R"
4NKQ,"DC99K,KB90D",-0.5019832849502563,1.1563717126846313,1,"4NKQ_DC99K,KB90D"
4NKQ,"DC99K,RB80D,KB90D",0.5355589389801025,0.8378322124481201,1,"4NKQ_DC99K,RB80D,KB90D"
4NKQ,RB178M,1.8640347719192505,-0.004413595423102379,1,4NKQ_RB178M
4NKQ,"DB176A,VB177A",1.907029390335083,0.4230843782424927,1,"4NKQ_DB176A,VB177A"
4NKQ,"DB176Q,VB177Q",1.958085536956787,0.3041508197784424,1,"4NKQ_DB176Q,VB177Q"
4NKQ,DB176A,1.8037333488464355,0.14463092386722565,1,4NKQ_DB176A
4NKQ,DB176N,2.118934392929077,-0.13635651767253876,1,4NKQ_DB176N
4NKQ,"IB179A,LB180A",0.2402186095714569,3.3979475498199463,1,"4NKQ_IB179A,LB180A"
4NKQ,"IB179Q,LB180Q",1.0615314245224,3.0520436763763428,1,"4NKQ_IB179Q,LB180Q"
4NKQ,RB156Q,0.33154547214508057,0.26740697026252747,1,4NKQ_RB156Q
4NKQ,RB178M,2.728342294692993,0.008481988683342934,1,4NKQ_RB178M
4NKQ,"DB176A,VB177A",2.246422052383423,0.42062556743621826,1,"4NKQ_DB176A,VB177A"
4NKQ,"DB176Q,VB177Q",2.488123655319214,0.32868099212646484,1,"4NKQ_DB176Q,VB177Q"
4NKQ,DB176A,2.6203253269195557,0.138307586312294,1,4NKQ_DB176A
4NKQ,DB176N,1.7648701667785645,-0.13238750398159027,1,4NKQ_DB176N
4NKQ,"IB179A,LB180A",0.3026396632194519,3.2314651012420654,1,"4NKQ_IB179A,LB180A"
4NKQ,"IB179Q,LB180Q",0.6508750319480896,3.0580596923828125,1,"4NKQ_IB179Q,LB180Q"
4NKQ,RB156Q,0.8213128447532654,0.27311238646507263,1,4NKQ_RB156Q
4NKQ,NC4E,-0.39057138562202454,-0.5209639668464661,1,4NKQ_NC4E
4NKQ,IC6G,0.33445680141448975,0.8057267665863037,1,4NKQ_IC6G
4NKQ,EC8R,2.6404104232788086,0.916235089302063,1,4NKQ_EC8R
4NKQ,RC10D,0.1114119216799736,0.23016108572483063,1,4NKQ_RC10D
4NKQ,RC11D,-0.20550437271595,0.13464303314685822,1,4NKQ_RC11D
4NKQ,NC14D,-0.6018841862678528,0.09266538172960281,1,4NKQ_NC14D
4NKQ,LC15D,-0.23513315618038177,0.13018138706684113,1,4NKQ_LC15D
5E6P,IB22A,0.27845457196235657,2.2238306999206543,1,5E6P_IB22A
5E6P,LB24A,0.9293296337127686,1.4015306234359741,1,5E6P_LB24A
5E6P,RB42A,0.6891109943389893,1.0047545433044434,1,5E6P_RB42A
5E6P,RB42E,1.774827480316162,3.7747843265533447,1,5E6P_RB42E
5E6P,YA468A,0.36446794867515564,0.7586050033569336,1,5E6P_YA468A
5E6P,AA494E,1.1179981231689453,-0.1452927440404892,1,5E6P_AA494E
5E6P,AA495E,1.6043896675109863,-1.4805253744125366,1,5E6P_AA495E
1U7F,RB65A,1.7379519939422607,0.329264372587204,1,1U7F_RB65A
1U7F,DB140A,2.6738131046295166,0.5427472591400146,1,1U7F_DB140A
3Q3J,YB100F,0.21131277084350586,-0.3809669017791748,1,3Q3J_YB100F
1K8R,QB11A,1.7981401681900024,0.3704223334789276,1,1K8R_QB11A
1K8R,RB13A,2.800978183746338,1.9649477005004883,1,1K8R_RB13A
1K8R,KB23A,0.5867636799812317,0.5619789361953735,1,1K8R_KB23A
1K8R,KB31A,2.728342294692993,1.9282935857772827,1,1K8R_KB31A
1K8R,RB76A,0.7152742147445679,0.3734954595565796,1,1K8R_RB76A
1K8R,RB77A,1.4368070363998413,0.27497225999832153,1,1K8R_RB77A
1K8R,EA31K,0.17093296349048615,0.7023135423660278,1,1K8R_EA31K
1K8R,"DA30K,EA31K",0.4096648693084717,0.844397783279419,1,"1K8R_DA30K,EA31K"
1K8R,DA33A,1.5351040363311768,1.130273461341858,1,1K8R_DA33A
1K8R,EA37A,0.30580151081085205,0.8615915775299072,1,1K8R_EA37A
1K8R,DA38A,1.712186336517334,3.2772297859191895,1,1K8R_DA38A
1K8R,DA38E,3.437662124633789,-0.1406806856393814,1,1K8R_DA38E
1K8R,DA38N,1.896231770515442,2.6764838695526123,1,1K8R_DA38N
1K8R,SA39A,0.7152742147445679,1.5148723125457764,1,1K8R_SA39A
1K8R,YA40C,3.437662124633789,1.2983863353729248,1,1K8R_YA40C
1K8R,YA40F,1.4919975996017456,0.43316975235939026,1,1K8R_YA40F
1K8R,RA41A,1.1796982288360596,0.5971046686172485,1,1K8R_RA41A
1K8R,DA57A,1.1796982288360596,2.232877254486084,1,1K8R_DA57A
1K8R,EA62A,0.4096648693084717,0.21218712627887726,1,1K8R_EA62A
1K8R,EA63A,0.4096648693084717,-0.03008209727704525,1,1K8R_EA63A
3KUD,KB30A,1.9539144039154053,1.1319421529769897,1,3KUD_KB30A
3KUD,"KB30A,FB6W",2.167797565460205,1.5535566806793213,1,"3KUD_KB30A,FB6W"
3KUD,"KB30A,VB33I",2.7589051723480225,0.232697531580925,1,"3KUD_KB30A,VB33I"
3KUD,"KB30A,NB16R",0.7665860652923584,0.12618179619312286,1,"3KUD_KB30A,NB16R"
3KUD,"KB30A,FB6W,NB16R",1.205237627029419,0.17956258356571198,1,"3KUD_KB30A,FB6W,NB16R"
3KUD,"KB30A,FB6W,NB16R,VB33I",1.9539144039154053,0.48707711696624756,1,"3KUD_KB30A,FB6W,NB16R,VB33I"
3KUD,"KB30A,FB6W,RB12L,NB16R,VB33I",1.9666558504104614,0.5473744869232178,1,"3KUD_KB30A,FB6W,RB12L,NB16R,VB33I"
3KUD,"KB30A,FB6W,VB14E,NB16R,VB33I",3.9646518230438232,1.3759092092514038,1,"3KUD_KB30A,FB6W,VB14E,NB16R,VB33I"
3KUD,"KB30A,FB6W,RB12L,VB14E,NB16R,KB29R,VB33I",4.206310272216797,2.5653276443481445,1,"3KUD_KB30A,FB6W,RB12L,VB14E,NB16R,KB29R,VB33I"
3KUD,NB16R,-0.7980764508247375,-0.6692440509796143,1,3KUD_NB16R
3KUD,"KB30A,TA35A",3.0406603813171387,3.34592342376709,1,"3KUD_KB30A,TA35A"
3KUD,"KB30A,TA35A,NB16R",1.5169224739074707,2.3457932472229004,1,"3KUD_KB30A,TA35A,NB16R"
3KUD,TA35A,1.991344928741455,2.3122167587280273,1,3KUD_TA35A
3KUD,"TA35A,NB16R",1.4893616437911987,1.8338336944580078,1,"3KUD_TA35A,NB16R"
3KUD,"KB30A,YA32C,CA118S",2.8970348834991455,2.5260117053985596,1,"3KUD_KB30A,YA32C,CA118S"
3KUD,"KB30A,YA32C,CA118S,NB16R",1.6597994565963745,0.4276288151741028,1,"3KUD_KB30A,YA32C,CA118S,NB16R"
3KUD,"YA32C,CA118S",0.9101451635360718,0.591042160987854,1,"3KUD_YA32C,CA118S"
3KUD,"YA32C,CA118S,NB16R",-0.03591717779636383,-0.10263394564390182,1,"3KUD_YA32C,CA118S,NB16R"
1FFW,AA102V,1.3641711473464966,-0.6984930634498596,1,1FFW_AA102V
1FFW,YA50C,0.12541981041431427,0.8030112981796265,1,1FFW_YA50C
3SE9,LH34A,0.5569091439247131,1.8574824333190918,1,3SE9_LH34A
3SE9,WH48A,1.0414464473724365,0.928507387638092,1,3SE9_WH48A
3SE9,WH51A,1.2552056312561035,1.1791127920150757,1,3SE9_WH51A
3SE9,VH55A,-0.8454979062080383,0.02846200205385685,1,3SE9_VH55A
3SE9,TH56A,-0.8454979062080383,1.0801036357879639,1,3SE9_TH56A
3SE9,GH57A,0.44517794251441956,0.8218663930892944,1,3SE9_GH57A
3SE9,VH59A,0.9675655961036682,0.266348272562027,1,3SE9_VH59A
3SE9,NH60A,1.4973200559616089,1.1504952907562256,1,3SE9_NH60A
3SE9,GH62A,0.045595720410346985,0.31816285848617554,1,3SE9_GH62A
3SE9,PH64A,-0.43484148383140564,0.16376067698001862,1,3SE9_PH64A
3SE9,RH67A,1.4459420442581177,1.0438334941864014,1,3SE9_RH67A
3SE9,RH74A,2.6362249851226807,1.0945011377334595,1,3SE9_RH74A
3SE9,RH76A,-0.22848650813102722,1.0537962913513184,1,3SE9_RH76A
3SE9,DH77A,-0.7541710138320923,0.10388762503862381,1,3SE9_DH77A
3SE9,YH104A,0.45625215768814087,0.5679365396499634,1,3SE9_YH104A
3SE9,TH105A,-0.43484148383140564,0.4291350245475769,1,3SE9_TH105A
3SE9,GH106A,-0.3026396632194519,0.5913868546485901,1,3SE9_GH106A
3SE9,GH107A,-0.6052793264389038,1.4319581985473633,1,3SE9_GH107A
3SE9,GH109A,0.18216991424560547,0.8897332549095154,1,3SE9_GH109A
3SE9,VL3A,-0.486391544342041,-0.17424099147319794,1,3SE9_VL3A
3SE9,YL28A,1.0997674465179443,0.49365270137786865,1,3SE9_YL28A
3SE9,GL29A,0.45625215768814087,0.047757454216480255,1,3SE9_GL29A
3SE9,LL89A,0.9487559795379639,0.29592740535736084,1,3SE9_LL89A
3SE9,EL90A,0.4106564223766327,1.7565704584121704,1,3SE9_EL90A
3SE9,FL91A,0.023236388340592384,1.0105568170547485,1,3SE9_FL91A
2CCL,"AB48S,AB49T",-0.07970309257507324,-0.28743839263916016,1,"2CCL_AB48S,AB49T"
1CSE,LI38G,2.2805771827697754,5.08752965927124,2,1CSE_LI38G
1CSE,LI38S,1.1887755393981934,3.4087295532226562,2,1CSE_LI38S
1CSE,LI38P,6.765445709228516,7.728715419769287,2,1CSE_LI38P
1CSE,LI38I,2.98250150680542,3.4978411197662354,2,1CSE_LI38I
1CSE,LI38D,4.4118428230285645,4.914170742034912,2,1CSE_LI38D
1CSE,LI38E,2.3827457427978516,5.157473087310791,2,1CSE_LI38E
1SIB,KI46R,-0.731526792049408,-0.3475087583065033,2,1SIB_KI46R
1TM5,AI40M,-1.0276678800582886,-0.6902264356613159,2,1TM5_AI40M
1TM3,KI40M,-1.0935636758804321,-1.274336576461792,2,1TM3_KI40M
1TO1,AI42Y,-2.9815821647644043,-2.4426381587982178,2,1TO1_AI42Y
1BRS,KA25A,5.3809494972229,6.368398189544678,2,1BRS_KA25A
1BRS,RA57A,5.2453718185424805,0.8273029923439026,2,1BRS_RA57A
1BRS,RA81Q,5.4200263023376465,0.9510470032691956,2,1BRS_RA81Q
1BRS,RA85A,5.564701080322266,1.5833525657653809,2,1BRS_RA85A
1BRS,HA100A,6.1457953453063965,6.428966045379639,2,1BRS_HA100A
1BRS,YD29F,-0.13220183551311493,-0.30594950914382935,2,1BRS_YD29F
1BRS,YD29A,3.4705440998077393,1.4125274419784546,2,1BRS_YD29A
1BRS,DD35A,4.503169536590576,4.086252689361572,2,1BRS_DD35A
1BRS,WD38F,1.6426256895065308,0.20741039514541626,2,1BRS_WD38F
1BRS,DD39A,7.650989055633545,3.236340045928955,2,1BRS_DD39A
1BRS,TD42A,1.8576297760009766,0.3083859980106354,2,1BRS_TD42A
1BRS,WD44F,0.05646670609712601,-0.5129735469818115,2,1BRS_WD44F
1BRS,ED74A,1.3641711473464966,0.1441991627216339,2,1BRS_ED74A
1BRS,ED78A,0.5428582429885864,0.5335063338279724,2,1BRS_ED78A
1BRS,"KA25A,YD29A",8.624588966369629,6.3330559730529785,2,"1BRS_KA25A,YD29A"
1BRS,"KA25A,DD35A",9.549198150634766,9.623475074768066,2,"1BRS_KA25A,DD35A"
1BRS,"KA25A,WD38F",5.1131696701049805,5.618061542510986,2,"1BRS_KA25A,WD38F"
1BRS,"KA25A,DD39A",8.278043746948242,7.86163854598999,2,"1BRS_KA25A,DD39A"
1BRS,"KA25A,TD42A",5.7239251136779785,6.381439685821533,2,"1BRS_KA25A,TD42A"
1BRS,"KA25A,ED74A",6.696013450622559,6.3136305809021,2,"1BRS_KA25A,ED74A"
1BRS,"KA25A,ED78A",5.513151168823242,6.1537957191467285,2,"1BRS_KA25A,ED78A"
1BRS,"RA57A,YD29A",8.122605323791504,1.8641762733459473,2,"1BRS_RA57A,YD29A"
1BRS,"RA57A,DD35A",6.334464073181152,4.599313259124756,2,"1BRS_RA57A,DD35A"
1BRS,"RA57A,WD38F",6.2779974937438965,0.5281713008880615,2,"1BRS_RA57A,WD38F"
1BRS,"RA57A,TD42A",6.820855617523193,0.8142346739768982,2,"1BRS_RA57A,TD42A"
1BRS,"RA57A,ED74A",4.970293045043945,1.033693552017212,2,"1BRS_RA57A,ED74A"
1BRS,"RA57A,ED78A",5.201466083526611,1.3171370029449463,2,"1BRS_RA57A,ED78A"
1BRS,"RA81Q,YD29A",8.29304313659668,1.6532821655273438,2,"1BRS_RA81Q,YD29A"
1BRS,"RA81Q,DD35A",9.605664253234863,4.078307628631592,2,"1BRS_RA81Q,DD35A"
1BRS,"RA81Q,WD38F",6.758434295654297,1.1692768335342407,2,"1BRS_RA81Q,WD38F"
1BRS,"RA81Q,DD39A",6.439105033874512,2.8301761150360107,2,"1BRS_RA81Q,DD39A"
1BRS,"RA81Q,TD42A",6.107559680938721,1.2087336778640747,2,"1BRS_RA81Q,TD42A"
1BRS,"RA81Q,ED74A",6.721075534820557,1.3272634744644165,2,"1BRS_RA81Q,ED74A"
1BRS,"RA81Q,ED78A",5.764044761657715,1.56394624710083,2,"1BRS_RA81Q,ED78A"
1BRS,"RA85A,YD29A",8.052824974060059,2.422750949859619,2,"1BRS_RA85A,YD29A"
1BRS,"RA85A,WD38F",7.040988922119141,1.6509243249893188,2,"1BRS_RA85A,WD38F"
1BRS,"RA85A,DD39A",7.185323715209961,1.8043906688690186,2,"1BRS_RA85A,DD39A"
1BRS,"RA85A,TD42A",7.020199298858643,1.6123499870300293,2,"1BRS_RA85A,TD42A"
1BRS,"RA85A,ED74A",6.866451263427734,1.6557207107543945,2,"1BRS_RA85A,ED74A"
1BRS,"RA85A,ED78A",6.126986026763916,1.657313346862793,2,"1BRS_RA85A,ED78A"
1BRS,"HA100A,YD29A",6.306902885437012,5.772175312042236,2,"1BRS_HA100A,YD29A"
1BRS,"HA100A,YD29F",5.549701690673828,4.915699005126953,2,"1BRS_HA100A,YD29F"
1BRS,"HA100A,WD38F",7.6421685218811035,5.327314853668213,2,"1BRS_HA100A,WD38F"
1BRS,"HA100A,DD39A",8.991339683532715,5.910408973693848,2,"1BRS_HA100A,DD39A"
1BRS,"HA100A,TD42A",8.135626792907715,5.915281772613525,2,"1BRS_HA100A,TD42A"
1BRS,"HA100A,ED74A",7.5630574226379395,6.398093223571777,2,"1BRS_HA100A,ED74A"
1BRS,"HA100A,ED78A",6.745120525360107,6.295287132263184,2,"1BRS_HA100A,ED78A"
1BRS,"RA57A,DD39A",11.361334800720215,2.487170457839966,2,"1BRS_RA57A,DD39A"
1BRS,EA71Q,1.452102780342102,0.12799102067947388,2,1BRS_EA71Q
1BRS,"EA71Q,DD39A",7.207326889038086,0.9534575939178467,2,"1BRS_EA71Q,DD39A"
1BRS,"EA71Q,ED74A",3.527010917663574,0.07396409660577774,2,"1BRS_EA71Q,ED74A"
1BRS,EA71W,1.657254934310913,-2.3068134784698486,2,1BRS_EA71W
1BRS,"EA71W,DD39A",6.665239334106445,-1.1029424667358398,2,"1BRS_EA71W,DD39A"
1BRS,"EA71W,DD35A",5.712494850158691,2.6962740421295166,2,"1BRS_EA71W,DD35A"
1BRS,"EA71W,ED74A",3.549654960632324,-1.7229912281036377,2,"1BRS_EA71W,ED74A"
1BRS,EA71Y,2.41373348236084,-1.6964483261108398,2,1BRS_EA71Y
1BRS,EA71F,2.2351796627044678,-0.06263472884893417,2,1BRS_EA71F
1BRS,"EA71F,DD39A",7.471730709075928,1.3905987739562988,2,"1BRS_EA71F,DD39A"
1BRS,"EA71F,DD35A",6.410199165344238,2.4839112758636475,2,"1BRS_EA71F,DD35A"
1BRS,EA71C,2.528761625289917,1.5501489639282227,2,1BRS_EA71C
1BRS,EA71S,3.0104880332946777,1.2028796672821045,2,1BRS_EA71S
1BRS,EA71A,2.3477189540863037,1.1390646696090698,2,1BRS_EA71A
1BRS,"EA71A,DD39A",7.185323715209961,1.6769981384277344,2,"1BRS_EA71A,DD39A"
1BRS,"EA71A,DD35A",6.440232276916504,4.4052839279174805,2,"1BRS_EA71A,DD35A"
1BRS,RA57K,2.488123655319214,-0.08791493624448776,2,1BRS_RA57K
1BRS,RA57A,4.635371685028076,0.8431944251060486,2,1BRS_RA57A
1BRS,HA100Q,4.550590991973877,1.542221188545227,2,1BRS_HA100Q
1BRS,HA100D,4.550590991973877,1.2714378833770752,2,1BRS_HA100D
1BRS,HA100G,6.820855617523193,2.397155523300171,2,1BRS_HA100G
1BRS,HA100A,6.912182331085205,5.974356174468994,2,1BRS_HA100A
1BRS,HA100L,7.666353225708008,1.0910825729370117,2,1BRS_HA100L
1BRS,"HA100Q,RA57K",6.912182331085205,1.39728581905365,2,"1BRS_HA100Q,RA57K"
1BRS,"HA100Q,RA57A",9.308979034423828,2.2849509716033936,2,"1BRS_HA100Q,RA57A"
1B2S,AA27K,-3.866295337677002,-6.399042129516602,2,1B2S_AA27K
1B2S,AD43T,-0.34297576546669006,-0.2727750539779663,2,1B2S_AD43T
1B2S,"AA27K,AD43T",-5.7239251136779785,-5.762906074523926,2,"1B2S_AA27K,AD43T"
1BRS,DD35A,4.06963586807251,4.086252689361572,2,1BRS_DD35A
1BRS,DD39A,5.935123443603516,2.7443220615386963,2,1BRS_DD39A
1BRS,ED74A,0.8235527276992798,0.1441991627216339,2,1BRS_ED74A
1BRS,ED78A,0.4106564223766327,0.31334057450294495,2,1BRS_ED78A
1X1X,AD76E,-0.8235527276992798,-0.046612970530986786,2,1X1X_AD76E
1BRS,KA25A,5.4092631340026855,6.368398189544678,2,1BRS_KA25A
1BRS,WA33F,1.408076524734497,-0.05823511630296707,2,1BRS_WA33F
1BRS,DA52A,-0.8888193368911743,1.4814820289611816,2,1BRS_DA52A
1BRS,NA56A,3.0663626194000244,1.034271478652954,2,1BRS_NA56A
1BRS,RA57A,5.18367338180542,0.5958401560783386,2,1BRS_RA57A
1BRS,EA58A,-0.32587605714797974,1.4080522060394287,2,1BRS_EA58A
1BRS,EA71A,1.897843837738037,1.1390646696090698,2,1BRS_EA71A
1BRS,RA85A,5.952121257781982,1.5833525657653809,2,1BRS_RA85A
1BRS,HA100A,6.2547607421875,6.428966045379639,2,1BRS_HA100A
1BRS,KA25A,4.587950229644775,6.272780895233154,2,1BRS_KA25A
1BRS,WA33F,1.1124482154846191,-0.048382021486759186,2,1BRS_WA33F
1BRS,DA52A,-0.16740736365318298,1.4814817905426025,2,1BRS_DA52A
1BRS,NA56A,3.115762233734131,1.0945894718170166,2,1BRS_NA56A
1BRS,RA57A,4.890589714050293,0.8431944251060486,2,1BRS_RA57A
1BRS,EA58A,0.5148631930351257,1.4080522060394287,2,1BRS_EA58A
1BRS,EA71A,2.813122510910034,1.1346728801727295,2,1BRS_EA71A
1BRS,HA100A,6.076370716094971,5.899397850036621,2,1BRS_HA100A
1SBB,LB20T,-0.09132687747478485,0.6859074831008911,2,1SBB_LB20T
1SBB,VB26Y,-1.4554979801177979,-1.000835657119751,2,1SBB_VB26Y
1SBB,YB91V,0.07911093533039093,0.6886954307556152,2,1SBB_YB91V
1JCK,TB20A,1.654841661453247,0.44463667273521423,2,1JCK_TB20A
1JCK,YB26A,1.774827480316162,1.3288215398788452,2,1JCK_YB26A
1JCK,NB60A,1.6426256895065308,0.584168016910553,2,1JCK_NB60A
1JCK,YB90A,2.5961403846740723,2.4123663902282715,2,1JCK_YB90A
1JCK,VB91A,2.232905387878418,0.7589013576507568,2,1JCK_VB91A
1JCK,KB103A,0.6766378879547119,0.6030361652374268,2,1JCK_KB103A
1JCK,FB176A,2.1339337825775146,2.340942621231079,2,1JCK_FB176A
1SBB,LB20T,-0.10801676660776138,0.6224200129508972,2,1SBB_LB20T
1SBB,VB26Y,-0.9060932397842407,-1.0634548664093018,2,1SBB_VB26Y
1SBB,YB91V,0.09132687747478485,0.6886954307556152,2,1SBB_YB91V
1SBB,"LB20T,VB26Y,YB91V",0.13220183551311493,0.1199471727013588,2,"1SBB_LB20T,VB26Y,YB91V"
1JCK,TB20A,1.3232961893081665,0.44463667273521423,2,1JCK_TB20A
1JCK,NB23A,2.077467203140259,1.182800531387329,2,1JCK_NB23A
1JCK,YB26A,1.747893214225769,1.3282155990600586,2,1JCK_YB26A
1JCK,NB60A,1.0159357786178589,0.5664573907852173,2,1JCK_NB60A
1JCK,YB90A,2.077467203140259,2.4321980476379395,2,1JCK_YB90A
1JCK,VB91A,1.9302657842636108,0.7008102536201477,2,1JCK_VB91A
1JCK,GB102A,0.013021446764469147,0.9490925073623657,2,1JCK_GB102A
1JCK,KB103A,0.1295628547668457,0.5948066711425781,2,1JCK_KB103A
1JCK,FB176A,1.787848949432373,2.340942621231079,2,1JCK_FB176A
1JCK,QB210A,2.077467203140259,0.3899116516113281,2,1JCK_QB210A
2HLE,KA141Q,-0.4106564223766327,0.270955890417099,2,2HLE_KA141Q
2HLE,LA87R,2.287297010421753,0.5912771224975586,2,2HLE_LA87R
1AHW,"TC110A,KC111A",0.6391429305076599,0.37820664048194885,2,"1AHW_TC110A,KC111A"
1AHW,"KC138A,DC139A",1.1820012331008911,1.3624143600463867,2,"1AHW_KC138A,DC139A"
1AHW,"IC141Q,TC143I,YC145T",3.977485179901123,1.6501684188842773,2,"1AHW_IC141Q,TC143I,YC145T"
1AHW,YC145A,3.8070473670959473,3.723673105239868,2,1AHW_YC145A
1AHW,YC146A,-1.8898556232452393,1.396159291267395,2,1AHW_YC146A
1AHW,"KC154A,KC155A",-1.3303074836730957,1.2052885293960571,2,"1AHW_KC154A,KC155A"
1AHW,TC156A,-0.07415315508842468,0.84947270154953,2,1AHW_TC156A
1AHW,"KC158A,NC160A,NC162A",4.074826717376709,1.8276598453521729,2,"1AHW_KC158A,NC160A,NC162A"
1AHW,TC159A,1.1062660217285156,0.5141450762748718,2,1AHW_TC159A
1AHW,LC165A,0.9873782992362976,1.154309868812561,2,1AHW_LC165A
1AHW,DC167A,-0.4848095774650574,0.9678930640220642,2,1AHW_DC167A
1AHW,"SC184A,RC185A",4.018360137939453,0.8205196261405945,2,"1AHW_SC184A,RC185A"
1AHW,TC186A,1.346484661102295,0.6987759470939636,2,1AHW_TC186A
1AHW,VC187A,-0.3143717646598816,1.1990618705749512,2,1AHW_VC187A
1AHW,NC188A,1.0787051916122437,0.5399753451347351,2,1AHW_NC188A
1AHW,"RC189A,KC190A",4.018360137939453,1.590755581855774,2,"1AHW_RC189A,KC190A"
1EFN,"TA13H,EA14H",0.9839035272598267,0.8200300931930542,2,"1EFN_TA13H,EA14H"
1EFN,TA13H,1.2435485124588013,-0.02395174652338028,2,1EFN_TA13H
1EFN,IA12A,1.4510266780853271,2.0244991779327393,2,1EFN_IA12A
2HRK,TB55V,0.6242006421089172,0.7974565625190735,2,2HRK_TB55V
2HRK,TA108V,0.7210696935653687,0.6287773251533508,2,2HRK_TA108V
2HRK,KA140A,0.9535146951675415,1.2465355396270752,2,2HRK_KA140A
2VLP,AB54R,-1.6664471626281738,-1.8318018913269043,2,2VLP_AB54R
2VLQ,AB86F,-3.880681037902832,-3.239184617996216,2,2VLQ_AB86F
1FR2,AA39E,-2.0840137004852295,-2.0424373149871826,2,1FR2_AA39E
1KIR,SA50Y,-1.3877153396606445,-0.39361467957496643,2,1KIR_SA50Y
2O3B,EB24A,5.474915027618408,0.994462788105011,2,2O3B_EB24A
2O3B,EB24D,0.5993249416351318,0.24387052655220032,2,2O3B_EB24D
2O3B,EB24Q,5.3983635902404785,0.7622105479240417,2,2O3B_EB24Q
2O3B,QB74A,3.232964515686035,0.13282591104507446,2,2O3B_QB74A
2O3B,DB75E,5.437874794006348,0.13458982110023499,2,2O3B_DB75E
2O3B,DB75N,5.903257846832275,-0.16087546944618225,2,2O3B_DB75N
2O3B,WB76A,4.073703765869141,-0.20066151022911072,2,2O3B_WB76A
2O3B,"QB74A,WB76A",5.755609512329102,-0.12490997463464737,2,"2O3B_QB74A,WB76A"
2J0T,VD4A,0.0,0.656914472579956,2,2J0T_VD4A
2J0T,VD4I,1.6426256895065308,0.010277040302753448,2,2J0T_VD4I
2J0T,VD4K,1.8245233297348022,0.9408299326896667,2,2J0T_VD4K
2J0T,VD4S,0.9824205040931702,0.49265775084495544,2,2J0T_VD4S
2J0T,SD68A,2.1063730716705322,0.33873093128204346,2,2J0T_SD68A
2J0T,SD68E,2.185483932495117,-2.432265520095825,2,2J0T_SD68E
2J0T,SD68R,2.8363590240478516,1.9864497184753418,2,2J0T_SD68R
2J0T,SD68Y,2.97835373878479,-1.1018970012664795,2,2J0T_SD68Y
2J0T,TD2L,2.6821537017822266,2.060445547103882,2,2J0T_TD2L
2J0T,"TD2L,VD4S",3.4705440998077393,1.9238075017929077,2,"2J0T_TD2L,VD4S"
2J0T,"TD2L,VD4S,SD68A",5.2862467765808105,2.6568734645843506,2,"2J0T_TD2L,VD4S,SD68A"
2J0T,TD2R,5.046028137207031,2.0873663425445557,2,2J0T_TD2R
2J0T,TD2S,1.5944323539733887,1.64145827293396,2,2J0T_TD2S
2J0T,"TD2S,VD4A",1.2502000331878662,2.3857932090759277,2,"2J0T_TD2S,VD4A"
2J0T,"TD2S,VD4A,SD68Y",2.1472480297088623,2.03682017326355,2,"2J0T_TD2S,VD4A,SD68Y"
2J0T,"CD1S,FD12Y",4.200530052185059,-0.11079675704240799,2,"2J0T_CD1S,FD12Y"
2J0T,TD2A,4.289029121398926,2.2076170444488525,2,2J0T_TD2A
2J0T,MD66A,1.6426256895065308,1.097015380859375,2,2J0T_MD66A
2J0T,VD69I,0.7909240126609802,0.8613487482070923,2,2J0T_VD69I
2J0T,VD69T,1.288435935974121,0.44442909955978394,2,2J0T_VD69T
2J0T,"VD69A,AD103V",0.7013269662857056,1.046426773071289,2,"2J0T_VD69A,AD103V"
2J0T,CD70S,4.308547019958496,-0.9232927560806274,2,2J0T_CD70S
4CPA,PI35G,2.5961403846740723,0.008383654057979584,2,4CPA_PI35G
4CPA,YI36G,0.5019832849502563,1.7632105350494385,2,4CPA_YI36G
4CPA,YI36F,0.0,-0.5209892392158508,2,4CPA_YI36F
4CPA,VI37G,3.734722137451172,0.4763822853565216,2,4CPA_VI37G
4CPA,VI37A,2.325532913208008,1.1946395635604858,2,4CPA_VI37A
4CPA,VI37L,1.2793906927108765,-0.7950189709663391,2,4CPA_VI37L
4CPA,VI37I,0.19934363663196564,0.015279851853847504,2,4CPA_VI37I
4CPA,VI37F,0.0,-0.4670654833316803,2,4CPA_VI37F
1XD3,KB6A,1.3440860509872437,1.1563875675201416,2,1XD3_KB6A
1XD3,KB27A,-0.0624210461974144,1.8221406936645508,2,1XD3_KB27A
1XD3,RB42L,-0.8621878027915955,0.2820756137371063,2,1XD3_RB42L
1XD3,RB54L,0.8687343001365662,-0.41563209891319275,2,1XD3_RB54L
1XD3,HB68N,0.0,0.17900404334068298,2,1XD3_HB68N
1XD3,RB72L,1.3017500638961792,-1.4405300617218018,2,1XD3_RB72L
1XD3,RB74L,2.377732276916504,-0.45747777819633484,2,1XD3_RB74L
1XD3,EB24A,-0.2402186095714569,0.5267400145530701,2,1XD3_EB24A
1XD3,DB39A,-0.4106564223766327,0.23328164219856262,2,1XD3_DB39A
1XD3,EB51A,1.5346089601516724,0.8429737687110901,2,1XD3_EB51A
1XD3,DB52A,-0.2402186095714569,0.5938926339149475,2,1XD3_DB52A
1XD3,DB58A,-0.2402186095714569,0.04887046664953232,2,1XD3_DB58A
1XD3,KB6R,0.3026396632194519,0.05099198967218399,2,1XD3_KB6R
1XD3,LB8A,2.6767921447753906,3.0395090579986572,2,1XD3_LB8A
1XD3,KB11R,1.4024070501327515,-0.22039556503295898,2,1XD3_KB11R
1XD3,KB27R,0.26598143577575684,0.33102959394454956,2,1XD3_KB27R
1XD3,KB33R,0.0,0.15726637840270996,2,1XD3_KB33R
1XD3,IB44A,0.26598143577575684,1.2589519023895264,2,1XD3_IB44A
1MAH,FA285L,1.1491670608520508,-0.2862105667591095,2,1MAH_FA285L
1MAH,FA287I,1.9018551111221313,0.021666549146175385,2,1MAH_FA287I
1MAH,FA287Y,0.7310582995414734,-0.43452391028404236,2,1MAH_FA287Y
1MAH,FA328G,0.7310582995414734,1.0365662574768066,2,1MAH_FA328G
1MAH,YA327A,0.35676002502441406,1.3333221673965454,2,1MAH_YA327A
1MAH,DA71N,1.7348718643188477,0.23813581466674805,2,1MAH_DA71N
1MAH,YA121Q,2.7729830741882324,0.4669765532016754,2,1MAH_YA121Q
1MAH,YA69N,4.816024303436279,1.356309413909912,2,1MAH_YA69N
1MAH,WA276R,8.13113021850586,1.1798551082611084,2,1MAH_WA276R
1MAH,"YA69N,YA121Q",6.1327738761901855,2.389296293258667,2,"1MAH_YA69N,YA121Q"
1MAH,"YA121Q,WA276R",8.959454536437988,1.3646881580352783,2,"1MAH_YA121Q,WA276R"
1MAH,"YA69N,WA276R",10.734281539916992,1.475801944732666,2,"1MAH_YA69N,WA276R"
1MAH,"YA69N,YA121Q,WA276R",10.92611026763916,1.9828236103057861,2,"1MAH_YA69N,YA121Q,WA276R"
1REW,"DA19A,DB19A",0.6680910587310791,0.07256709784269333,2,"1REW_DA19A,DB19A"
1REW,"WA20A,WB20A",1.087313175201416,1.4537327289581299,2,"1REW_WA20A,WB20A"
1REW,"DA19A,WA20A,DB19A,WB20A",2.063082218170166,1.5823118686676025,2,"1REW_DA19A,WA20A,DB19A,WB20A"
1REW,"FA38A,FB38A",1.3641711473464966,2.2280008792877197,2,"1REW_FA38A,FB38A"
1REW,"PA39A,PB39A",1.2945013046264648,2.7776668071746826,2,"1REW_PA39A,PB39A"
1REW,"FA38A,PA39A,FB38A,PB39A",2.88371205329895,4.491390705108643,2,"1REW_FA38A,PA39A,FB38A,PB39A"
1REW,"HA28D,HB28D",0.1956523358821869,-0.008412398397922516,2,"1REW_HA28D,HB28D"
1REW,"SA77A,SB77A",0.2032642513513565,0.23189190030097961,2,"1REW_SA77A,SB77A"
1REW,"LA89A,LB89A",0.2399224489927292,0.16937482357025146,2,"1REW_LA89A,LB89A"
1REW,"HA28D,SA77A,HB28D,SB77A",0.18339650332927704,-0.010955817997455597,2,"1REW_HA28D,SA77A,HB28D,SB77A"
1REW,"HA28D,LA89A,HB28D,LB89A",0.1187262311577797,0.12401508539915085,2,"1REW_HA28D,LA89A,HB28D,LB89A"
1REW,"AA23D,AB23D",0.0,-0.22923356294631958,2,"1REW_AA23D,AB23D"
1REW,"DA42A,DB42A",-0.05195394158363342,1.5581793785095215,2,"1REW_DA42A,DB42A"
1REW,"EA98R,EB98R",0.26882827281951904,0.7152348160743713,2,"1REW_EA98R,EB98R"
1REW,"DA19A,AA23D,DB19A,AB23D",0.4761781692504883,-0.13586759567260742,2,"1REW_DA19A,AA23D,DB19A,AB23D"
1REW,"AA23D,DA42A,AB23D,DB42A",-0.1839134246110916,1.3050072193145752,2,"1REW_AA23D,DA42A,AB23D,DB42A"
1REW,"DA42A,EA98R,DB42A,EB98R",0.043651580810546875,1.6366362571716309,2,"1REW_DA42A,EA98R,DB42A,EB98R"
1REW,"WA17F,WB17F",0.6724210977554321,-0.07014334946870804,2,"1REW_WA17F,WB17F"
1REW,"LA40P,LB40P",5.307792663574219,0.6926775574684143,2,"1REW_LA40P,LB40P"
1REW,"DA42A,DB42A",-0.06978078931570053,1.562370777130127,2,"1REW_DA42A,DB42A"
1REW,"DA42P,DB42P",2.355921745300293,6.1916351318359375,2,"1REW_DA42P,DB42P"
1REW,"SA58R,SB58R",1.6668107509613037,-0.7027505040168762,2,"1REW_SA58R,SB58R"
1REW,"YA92A,YB92A",1.2152793407440186,0.41667982935905457,2,"1REW_YA92A,YB92A"
1REW,QC55A,2.6585614681243896,-0.21206822991371155,2,1REW_QC55A
1REW,"KC57R,SC59T,KC61I,AC62P,QC63H,LC64Q,TC67D",0.7299859523773193,0.9148321747779846,2,"1REW_KC57R,SC59T,KC61I,AC62P,QC63H,LC64Q,TC67D"
1REW,"KC57R,SC59T,KC61I,AC62P,QC63H,LC64Q,TC67D,AC43T,MC47L,KC48G,YC49L",0.26777946949005127,0.366923987865448,2,"1REW_KC57R,SC59T,KC61I,AC62P,QC63H,LC64Q,TC67D,AC43T,MC47L,KC48G,YC49L"
1REW,"KC57R,SC59T,KC61I,AC62P,QC63H,LC64Q,TC67D,AC43T,MC47L,KC48G,YC49L,GC11H,DC15E,AC30T,IC31M",1.1528583765029907,0.9451817274093628,2,"1REW_KC57R,SC59T,KC61I,AC62P,QC63H,LC64Q,TC67D,AC43T,MC47L,KC48G,YC49L,GC11H,DC15E,AC30T,IC31M"
3BK3,LC2A,0.0,1.1333389282226562,2,3BK3_LC2A
3BK3,LC2R,0.02633553557097912,-0.41990557312965393,2,3BK3_LC2R
3BK3,IC3A,1.0386539697647095,2.247741937637329,2,3BK3_IC3A
3BK3,IC3R,0.6508750319480896,0.8390101790428162,2,3BK3_IC3R
3BK3,TC4P,0.486391544342041,-0.4379311800003052,2,3BK3_TC4P
3BK3,TC6P,1.743019700050354,0.22777792811393738,2,3BK3_TC6P
3BK3,IC19A,0.486391544342041,0.48402801156044006,2,3BK3_IC19A
3BK3,IC19R,0.4239705204963684,-0.11266330629587173,2,3BK3_IC19R
3BK3,IC22A,1.3077044486999512,1.0838181972503662,2,3BK3_IC22A
3BK3,IC22R,2.1215648651123047,-0.9745358228683472,2,3BK3_IC22R
3BK3,IC28A,1.2615159749984741,1.630679965019226,2,3BK3_IC28A
3BK3,IC28R,1.1755025386810303,0.7021836638450623,2,3BK3_IC28R
3BK3,AC37R,1.3827282190322876,-0.36722463369369507,2,3BK3_AC37R
1FC2,YC10W,0.4106564223766327,1.2532927989959717,2,1FC2_YC10W
1FC2,IC12W,3.1389987468719482,0.062097035348415375,2,1FC2_IC12W
1FC2,FC26W,0.0,0.16687625646591187,2,1FC2_FC26W
1FC2,LC40W,0.0,-0.23234260082244873,2,1FC2_LC40W
1FC2,LC13D,1.4339518547058105,0.23700928688049316,2,1FC2_LC13D
1FC2,NC24A,0.6057023406028748,-0.3702731430530548,2,1FC2_NC24A
1FC2,FC26A,0.06347805261611938,1.5487730503082275,2,1FC2_FC26A
1FC2,IC27A,5.276767253875732,1.9015107154846191,2,1FC2_IC27A
1FC2,KC31A,1.526620626449585,0.3978060185909271,2,1FC2_KC31A
1FC2,LC13D,0.8213128447532654,0.23700928688049316,2,1FC2_LC13D
1FC2,NC24A,0.5822779536247253,-0.44037771224975586,2,1FC2_NC24A
1FC2,FC26A,-0.03615420684218407,1.5212631225585938,2,1FC2_FC26A
1FC2,IC27A,2.185483932495117,1.9015107154846191,2,1FC2_IC27A
1FC2,KC31A,1.2319692373275757,0.42262208461761475,2,1FC2_KC31A
1FC2,NC2F,-0.10801676660776138,0.1835346817970276,2,1FC2_NC2F
1FC2,NC7F,0.09132687747478485,-1.873187780380249,2,1FC2_NC7F
1FC2,QC28K,0.17043781280517578,-0.8254149556159973,2,1FC2_QC28K
1FC2,NC2Q,0.0,0.29812800884246826,2,1FC2_NC2Q
1FC2,QC28L,0.45807787775993347,-0.8753167986869812,2,1FC2_QC28L
1FC2,FC1M,0.9126397371292114,1.6391417980194092,2,1FC2_FC1M
1FC2,KC3D,1.0615314245224,0.19541588425636292,2,1FC2_KC3D
1FC2,YC10F,1.0276678800582886,0.8263100981712341,2,1FC2_YC10F
1FC2,NC24F,0.8454979062080383,-0.9633124470710754,2,1FC2_NC24F
3NPS,QA23A,0.02633553557097912,-0.028535686433315277,2,3NPS_QA23A
3NPS,IA26A,0.641829788684845,-0.1679338812828064,2,3NPS_IA26A
3NPS,IA45A,-0.3319664001464844,0.5688218474388123,2,3NPS_IA45A
3NPS,DA46A,0.34013882279396057,0.1980195939540863,2,3NPS_DA46A
3NPS,DA47A,1.0679484605789185,0.6261194348335266,2,3NPS_DA47A
3NPS,RA48A,-1.0632169246673584,0.7224032282829285,2,3NPS_RA48A
3NPS,FA50A,0.21966907382011414,0.010381035506725311,2,3NPS_FA50A
3NPS,RA51A,0.13823023438453674,0.5276570916175842,2,3NPS_RA51A
3NPS,YA52A,0.45209214091300964,0.41550034284591675,2,3NPS_YA52A
3NPS,RA82A,-0.15166330337524414,0.017128460109233856,2,3NPS_RA82A
3NPS,FA89A,1.5721080303192139,1.188412070274353,2,3NPS_FA89A
3NPS,NA90A,0.2535327076911926,0.6115230917930603,2,3NPS_NA90A
3NPS,DA91A,1.5077089071273804,0.6974539160728455,2,3NPS_DA91A
3NPS,FA92A,0.4637473225593567,1.4177216291427612,2,3NPS_FA92A
3NPS,TA93A,0.724136471748352,0.2914970815181732,2,3NPS_TA93A
3NPS,HA138A,1.8759315013885498,0.1393887996673584,2,3NPS_HA138A
3NPS,QA140A,0.2958686947822571,0.3069417476654053,2,3NPS_QA140A
3NPS,YA141A,1.7756685018539429,1.0528498888015747,2,3NPS_YA141A
3NPS,TA144A,0.175048366189003,0.3077792823314667,2,3NPS_TA144A
3NPS,LA147A,0.2958686947822571,0.5237450003623962,2,3NPS_LA147A
3NPS,EA163A,0.6156237125396729,0.273960679769516,2,3NPS_EA163A
3NPS,QA168A,-0.0592503547668457,0.039876483380794525,2,3NPS_QA168A
3NPS,QA169A,0.7412393689155579,0.07316765189170837,2,3NPS_QA169A
3NPS,DA214A,1.4673998355865479,0.7052350640296936,2,3NPS_DA214A
3NPS,QA218A,-0.040935076773166656,0.565187931060791,2,3NPS_QA218A
3NPS,RA219A,-0.08393942564725876,0.15684747695922852,2,3NPS_RA219A
3NPS,KA221A,-0.10365678369998932,0.41685813665390015,2,3NPS_KA221A
2FTL,TI11A,4.092513084411621,0.1759186089038849,2,2FTL_TI11A
2FTL,GI12A,4.392778396606445,0.6353158950805664,2,2FTL_GI12A
2FTL,PI13A,4.092513084411621,0.2447638213634491,2,2FTL_PI13A
2FTL,KI15A,10.159197807312012,10.212093353271484,2,2FTL_KI15A
2FTL,RI17A,4.092513084411621,1.1915478706359863,2,2FTL_RI17A
2FTL,II18A,5.021842956542969,2.2926862239837646,2,2FTL_II18A
2FTL,II19A,4.092513084411621,0.8068335652351379,2,2FTL_II19A
2FTL,RI20A,4.092513084411621,0.6153728365898132,2,2FTL_RI20A
2FTL,FI33A,4.092513084411621,0.5331999659538269,2,2FTL_FI33A
2FTL,VI34A,4.092513084411621,0.6839079260826111,2,2FTL_VI34A
2FTL,YI35A,4.092513084411621,1.1733746528625488,2,2FTL_YI35A
2FTL,GI36A,4.942731857299805,0.5520374774932861,2,2FTL_GI36A
2FTL,GI37A,4.092513084411621,1.4885826110839844,2,2FTL_GI37A
2FTL,RI39A,4.092513084411621,0.24906381964683533,2,2FTL_RI39A
2FTL,KI46A,4.092513084411621,-0.04885648936033249,2,2FTL_KI46A
2FTL,KI15G,12.352226257324219,14.325387954711914,2,2FTL_KI15G
2FTL,KI15A,10.638931274414062,10.594633102416992,2,2FTL_KI15A
2FTL,KI15S,7.723918437957764,10.158182144165039,2,2FTL_KI15S
2FTL,KI15V,11.756443977355957,9.015625953674316,2,2FTL_KI15V
2FTL,KI15T,10.59748363494873,12.901421546936035,2,2FTL_KI15T
2FTL,KI15D,11.502717971801758,13.943097114562988,2,2FTL_KI15D
2FTL,KI15N,8.03310489654541,10.104558944702148,2,2FTL_KI15N
2FTL,KI15M,7.692373275756836,8.020058631896973,2,2FTL_KI15M
2FTL,KI15I,11.171451568603516,10.589986801147461,2,2FTL_KI15I
2FTL,KI15L,8.864103317260742,7.124263286590576,2,2FTL_KI15L
2FTL,KI15E,9.424007415771484,10.888580322265625,2,2FTL_KI15E
2FTL,KI15Q,9.370643615722656,10.9882173538208,2,2FTL_KI15Q
2FTL,KI15H,8.781781196594238,10.211896896362305,2,2FTL_KI15H
2FTL,KI15R,-0.5824391841888428,9.218581199645996,2,2FTL_KI15R
2FTL,KI15F,7.027210712432861,7.593984127044678,2,2FTL_KI15F
2FTL,KI15Y,6.8570098876953125,7.952225208282471,2,2FTL_KI15Y
2FTL,KI15W,8.664118766784668,10.27920150756836,2,2FTL_KI15W
1A22,MA14A,0.0,0.9028101563453674,2,1A22_MA14A
1A22,HA18A,-0.486391544342041,1.1224063634872437,2,1A22_HA18A
1A22,HA21A,0.15543822944164276,2.060532808303833,2,1A22_HA21A
1A22,QA22A,-0.21983741223812103,1.2873257398605347,2,1A22_QA22A
1A22,FA25A,-0.44731462001800537,1.4886425733566284,2,1A22_FA25A
1A22,DA26A,-0.21131277084350586,0.5801171660423279,2,1A22_DA26A
1A22,QA29A,-0.5890467166900635,-0.17829975485801697,2,1A22_QA29A
1A22,YA42A,0.19934363663196564,0.1318640112876892,2,1A22_YA42A
1A22,LA45A,1.2245169878005981,1.6231341361999512,2,1A22_LA45A
1A22,QA46A,0.10801676660776138,0.4634968340396881,2,1A22_QA46A
1A22,PA48A,0.4106564223766327,0.09016338735818863,2,1A22_PA48A
1A22,SA51A,0.3482353687286377,0.08923528343439102,2,1A22_SA51A
1A22,EA56A,0.4106564223766327,0.18955278396606445,2,1A22_EA56A
1A22,PA61A,1.2093250751495361,0.19353175163269043,2,1A22_PA61A
1A22,SA62A,0.15543822944164276,0.6129878163337708,2,1A22_SA62A
1A22,NA63A,0.3143717646598816,0.5290816426277161,2,1A22_NA63A
1A22,RA64A,1.6426256895065308,1.44584321975708,2,1A22_RA64A
1A22,EA65A,-0.4730774760246277,0.3624795973300934,2,1A22_EA65A
1A22,QA68A,0.588454008102417,0.1445218324661255,2,1A22_QA68A
1A22,YA153A,0.3482353687286377,1.1967029571533203,2,1A22_YA153A
1A22,RA156A,0.27845457196235657,2.902484655380249,2,1A22_RA156A
1A22,KA157A,-0.15484607219696045,3.0055861473083496,2,1A22_KA157A
1A22,DA160A,0.7909240126609802,0.6443507075309753,2,1A22_DA160A
1A22,KA161A,2.0150461196899414,3.3115227222442627,2,1A22_KA161A
1A22,EA163A,-0.9246088266372681,0.8520104885101318,2,1A22_EA163A
1A22,TA164A,1.907029390335083,0.7817918062210083,2,1A22_TA164A
1A22,FA165A,0.4106564223766327,3.329279661178589,2,1A22_FA165A
1A22,RA167A,2.4257025718688965,2.104806661605835,2,1A22_RA167A
1A22,IA168A,0.8063132762908936,0.065751813352108,2,1A22_IA168A
1A22,RA172A,0.5428582429885864,0.8701209425926208,2,1A22_RA172A
1A22,EA175A,-0.011969134211540222,0.12224940210580826,2,1A22_EA175A
1A22,RB11A,2.1162474155426025,0.8925143480300903,2,1A22_RB11A
1A22,EB12A,1.6927218437194824,0.2756136357784271,2,1A22_EB12A
1A22,RB29A,0.690199077129364,1.0119110345840454,2,1A22_RB29A
1A22,RB30A,0.5358468890190125,1.1076953411102295,2,1A22_RB30A
1A22,TB32A,0.11091385036706924,0.2748837172985077,2,1A22_TB32A
1A22,QB33A,0.0,0.12068425863981247,2,1A22_QB33A
1A22,EB34A,-0.09423819184303284,0.33102118968963623,2,1A22_EB34A
1A22,WB35A,0.5143008232116699,0.6117169260978699,2,1A22_WB35A
1A22,WB39A,-0.017686447128653526,0.7449566721916199,2,1A22_WB39A
1A22,SB57A,-0.05472675710916519,-0.0625339224934578,2,1A22_SB57A
1A22,SB61A,-0.18216991424560547,1.1881014108657837,2,1A22_SB61A
1A22,IB62A,1.607864499092102,2.396160364151001,2,1A22_IB62A
1A22,WB63A,4.731656074523926,3.5698373317718506,2,1A22_WB63A
1A22,IB64A,1.9408929347991943,0.42685237526893616,2,1A22_IB64A
1A22,PB65A,3.3057219982147217,-0.29896098375320435,2,1A22_PB65A
1A22,EB79A,-0.18216991424560547,1.2325764894485474,2,1A22_EB79A
1A22,KB80A,0.08128507435321808,0.5929979681968689,2,1A22_KB80A
1A22,SB83A,0.274082213640213,0.20953622460365295,2,1A22_SB83A
1A22,DB85A,0.9939247965812683,1.6290804147720337,2,1A22_DB85A
1A22,EB86A,0.9706884026527405,0.2301574945449829,2,1A22_EB86A
1A22,DB119A,1.4865336418151855,0.9661330580711365,2,1A22_DB119A
1A22,IB120A,2.1307570934295654,0.767068088054657,2,1A22_IB120A
1A22,QB121A,0.017173724249005318,0.5968968272209167,2,1A22_QB121A
1A22,KB122A,-0.017686447128653526,0.660905659198761,2,1A22_KB122A
1A22,WB124A,4.731656074523926,0.7723156809806824,2,1A22_WB124A
1A22,VB126A,-0.6170114278793335,0.3542766869068146,2,1A22_VB126A
1A22,TB150A,-0.09423819184303284,0.265143483877182,2,1A22_TB150A
1A22,QB171A,0.8910936117172241,0.815895676612854,2,1A22_QB171A
1A22,RB172A,0.274082213640213,0.5903412103652954,2,1A22_RB172A
1A22,NB173A,0.29562830924987793,0.9474206566810608,2,1A22_NB173A
1A22,SB174A,0.033863615244627,0.5945008993148804,2,1A22_SB174A
1A22,EB10A,0.17908690869808197,0.24288198351860046,2,1A22_EB10A
1A22,NB31A,0.274082213640213,0.2575293779373169,2,1A22_NB31A
1A22,TB36A,0.20430143177509308,0.5758421421051025,2,1A22_TB36A
1A22,FB55S,0.050096191465854645,1.427067518234253,2,1A22_FB55S
1A22,TB60A,1.7616124153137207,0.7661458253860474,2,1A22_TB60A
1A22,TB149A,0.20430143177509308,0.16475409269332886,2,1A22_TB149A
1A22,KB170A,0.7853956818580627,0.7627443671226501,2,1A22_KB170A
1A22,RB11L,0.5215702652931213,0.10701187700033188,2,1A22_RB11L
1A22,RB11M,1.0003997087478638,0.08513753861188889,2,1A22_RB11M
1A22,"NB31A,TB32A,QB33A,EB34A",-0.13657419383525848,-0.03283899277448654,2,"1A22_NB31A,TB32A,QB33A,EB34A"
1A22,"NB31A,TB32A,QB33A,EB34A,WB35A,WB39A",0.16606545448303223,0.5579866170883179,2,"1A22_NB31A,TB32A,QB33A,EB34A,WB35A,WB39A"
1A22,"SB57A,SB61A",-0.5695899724960327,1.333158016204834,2,"1A22_SB57A,SB61A"
1A22,"EB79A,KB80A",-0.34476056694984436,0.7974323034286499,2,"1A22_EB79A,KB80A"
1A22,"QB121A,KB122A,VB126A",-0.8722296357154846,0.6058444380760193,2,"1A22_QB121A,KB122A,VB126A"
1A22,"RB172A,NB173A",0.9025979042053223,1.1552094221115112,2,"1A22_RB172A,NB173A"
1A22,"QB171A,RB172A,NB173A",1.1035670042037964,0.913474977016449,2,"1A22_QB171A,RB172A,NB173A"
1A22,"SB57A,SB61A,EB79A,KB80A",-0.8954659700393677,1.3502079248428345,2,"1A22_SB57A,SB61A,EB79A,KB80A"
1A22,"SB57A,SB61A,EB79A,KB80A,QB121A,KB122A,VB126A",-1.4000883102416992,1.311894416809082,2,"1A22_SB57A,SB61A,EB79A,KB80A,QB121A,KB122A,VB126A"
1A22,FB55S,-0.13220183551311493,1.441188097000122,2,1A22_FB55S
1A22,"KB2A,KB5A",0.2402186095714569,0.4258806109428406,2,"1A22_KB2A,KB5A"
1A22,"RB29A,RB30A,EB34A",0.9535146951675415,1.1289901733398438,2,"1A22_RB29A,RB30A,EB34A"
1A22,"DB78A,EB79A,KB80A",0.20982979238033295,1.1173862218856812,2,"1A22_DB78A,EB79A,KB80A"
1A22,"DB107A,RB111A,EB113A",0.3143717646598816,1.0285160541534424,2,"1A22_DB107A,RB111A,EB113A"
1A22,"RB116A,DB119A,KB122A",-0.0624210461974144,0.9059355854988098,2,"1A22_RB116A,DB119A,KB122A"
1A22,"EB138A,KB140A,KB142A,DB145A",0.1202327087521553,0.3454063832759857,2,"1A22_EB138A,KB140A,KB142A,DB145A"
1A22,"KB158A,DB160A,KB161A,EB162A,EB164A",1.1202380657196045,0.5831581950187683,2,"1A22_KB158A,DB160A,KB161A,EB162A,EB164A"
1A22,RB7A,0.26912444829940796,0.965617835521698,2,1A22_RB7A
1A22,EB10A,1.2319692373275757,0.18367791175842285,2,1A22_EB10A
1A22,RB11A,0.27845457196235657,0.9161844849586487,2,1A22_RB11A
1A22,EB12A,0.6508750319480896,0.2756135165691376,2,1A22_EB12A
1A22,RB29A,0.4180161654949188,1.0119110345840454,2,1A22_RB29A
1A22,RB30A,0.5993249416351318,1.004412293434143,2,1A22_RB30A
1A22,EB34A,-0.07911093533039093,0.1726720631122589,2,1A22_EB34A
1A22,EB38A,-0.07911093533039093,-0.07688837498426437,2,1A22_EB38A
1A22,KB40A,0.1439339518547058,0.09833099693059921,2,1A22_KB40A
1A22,EB41A,0.7830768823623657,0.07483365386724472,2,1A22_EB41A
1A22,EB50A,0.17779755592346191,0.19098049402236938,2,1A22_EB50A
1A22,KB69A,0.042846519500017166,0.9097743630409241,2,1A22_KB69A
1A22,DB85A,0.9824205040931702,1.6290804147720337,2,1A22_DB85A
1A22,EB86A,0.4106564223766327,0.1641731560230255,2,1A22_EB86A
1A22,DB91A,1.0857164859771729,-0.07432626932859421,2,1A22_DB91A
1A22,EB128A,0.08280224353075027,0.5436014533042908,2,1A22_EB128A
1A22,EB130A,-0.07911093533039093,0.06033187359571457,2,1A22_EB130A
1A22,KB134A,0.0,0.12848132848739624,2,1A22_KB134A
1A22,EB135A,0.19934363663196564,0.9149454832077026,2,1A22_EB135A
1A22,KB158A,0.2402186095714569,0.16907915472984314,2,1A22_KB158A
1A22,DB160A,-0.04618846997618675,0.3142043650150299,2,1A22_DB160A
1A22,KB161A,0.19934363663196564,0.13353034853935242,2,1A22_KB161A
1A22,EB162A,-0.07911093533039093,0.165127694606781,2,1A22_EB162A
1A22,EB164A,-0.0624210461974144,0.938747227191925,2,1A22_EB164A
1A22,RB166A,0.05646670609712601,0.6957051157951355,2,1A22_RB166A
1A22,RB168A,-0.19052284955978394,1.0387202501296997,2,1A22_RB168A
1A22,KB170A,0.4998636245727539,0.7670421004295349,2,1A22_KB170A
1A22,RB172A,0.33154547214508057,0.5903412103652954,2,1A22_RB172A
1A22,EB179A,0.10801676660776138,0.35593611001968384,2,1A22_EB179A
1A22,WB35A,0.5428582429885864,0.6117169260978699,2,1A22_WB35A
1A22,WB39A,0.166723370552063,0.7385046482086182,2,1A22_WB39A
1A22,WB63A,4.635371685028076,3.5698373317718506,2,1A22_WB63A
1A22,WB63F,2.784808874130249,1.612765908241272,2,1A22_WB63F
1A22,YB54A,0.19934363663196564,1.3896902799606323,2,1A22_YB54A
1A22,PB9A,0.259645015001297,0.5771746039390564,2,1A22_PB9A
1A22,SB15A,-0.014999586157500744,0.1928091049194336,2,1A22_SB15A
1A22,TB19A,0.06978078931570053,-0.1289946436882019,2,1A22_TB19A
1A22,NB31A,-0.44104522466659546,0.26176509261131287,2,1A22_NB31A
1A22,TB32A,-0.44104522466659546,0.2748836576938629,2,1A22_TB32A
1A22,QB33A,-0.5810942649841309,0.2068691849708557,2,1A22_QB33A
1A22,TB36A,-0.2552182078361511,0.5335490107536316,2,1A22_TB36A
1A22,QB37A,-0.4106564223766327,-0.03150435537099838,2,1A22_QB37A
1A22,NB56A,-0.2552182078361511,-0.028682149946689606,2,1A22_NB56A
1A22,SB57A,-0.327854186296463,-0.14759813249111176,2,1A22_SB57A
1A22,SB58A,-0.5069410800933838,-0.12559717893600464,2,1A22_SB58A
1A22,FB59A,-0.014999586157500744,1.2127292156219482,2,1A22_FB59A
1A22,TB60A,1.0857164859771729,0.7661458253860474,2,1A22_TB60A
1A22,SB61A,0.4671231210231781,1.1863552331924438,2,1A22_SB61A
1A22,IB62A,0.43246692419052124,1.879927158355713,2,1A22_IB62A
1A22,IB64A,0.13220183551311493,0.8562300801277161,2,1A22_IB64A
1A22,PB65A,2.6268067359924316,-0.47984814643859863,2,1A22_PB65A
1A22,VB84A,1.1421831846237183,0.135420560836792,2,1A22_VB84A
1A22,IB87A,0.588454008102417,0.5856253504753113,2,1A22_IB87A
1A22,VB88A,-0.04618846997618675,0.7051553130149841,2,1A22_VB88A
1A22,QB89A,-0.030388813465833664,0.42130720615386963,2,1A22_QB89A
1A22,"FA25A,YA42A,QA46A",0.19052284955978394,1.6777580976486206,2,"1A22_FA25A,YA42A,QA46A"
1A22,FA25A,-0.4314463436603546,2.1952998638153076,2,1A22_FA25A
1A22,"YA42A,QA46A",0.2733250856399536,0.0174737349152565,2,"1A22_YA42A,QA46A"
1A22,"FA25A,YA42A,QA46A",0.20581859350204468,1.6777580976486206,2,"1A22_FA25A,YA42A,QA46A"
1A22,FA25A,-0.3927019536495209,1.4886425733566284,2,1A22_FA25A
1A22,"YA42A,QA46A",0.3062743544578552,-0.03439021855592728,2,"1A22_YA42A,QA46A"
1A22,RB11A,2.1780316829681396,0.9161844849586487,2,1A22_RB11A
1A22,EB12A,1.7777824401855469,0.4251134395599365,2,1A22_EB12A
1A22,NB31A,0.17779755592346191,0.25752928853034973,2,1A22_NB31A
1A22,TB32A,0.07762795686721802,0.2748837172985077,2,1A22_TB32A
1A22,QB33A,0.0,0.2068691849708557,2,1A22_QB33A
1A22,EB34A,-0.12265188246965408,0.3343900740146637,2,1A22_EB34A
1A22,WB35A,0.5773797631263733,0.6002576947212219,2,1A22_WB35A
1A22,WB39A,0.0,0.7442318201065063,2,1A22_WB39A
1A22,SB57A,-0.12265188246965408,-0.0625339224934578,2,1A22_SB57A
1A22,SB61A,-0.2224189043045044,0.9811981320381165,2,1A22_SB61A
1A22,IB62A,1.7777824401855469,1.8740134239196777,2,1A22_IB62A
1A22,IB64A,1.9783879518508911,0.841052234172821,2,1A22_IB64A
1A22,CB67A,0.0,0.4224347770214081,2,1A22_CB67A
1A22,EB79A,-0.2224189043045044,1.2325764894485474,2,1A22_EB79A
1A22,KB80A,0.07762795686721802,0.4416086971759796,2,1A22_KB80A
1A22,CB81A,0.0,0.09195087105035782,2,1A22_CB81A
1A22,SB83A,0.17779755592346191,0.20953622460365295,2,1A22_SB83A
1A22,DB85A,0.9778892993927002,1.7279894351959229,2,1A22_DB85A
1A22,EB86A,0.9778892993927002,0.22824767231941223,2,1A22_EB86A
1A22,DB119A,1.5760760307312012,0.9700483679771423,2,1A22_DB119A
1A22,IB120A,2.1780316829681396,0.7923116087913513,2,1A22_IB120A
1A22,QB121A,0.0,0.5594416260719299,2,1A22_QB121A
1A22,KB122A,0.0,0.5450295805931091,2,1A22_KB122A
1A22,VB126A,-0.7232534885406494,0.25324174761772156,2,1A22_VB126A
1A22,TB149A,0.17779755592346191,0.14250150322914124,2,1A22_TB149A
1A22,TB150A,-0.12265188246965408,0.27473023533821106,2,1A22_TB150A
1A22,QB171A,0.8777795433998108,0.815895676612854,2,1A22_QB171A
1A22,RB172A,0.17779755592346191,0.5865330696105957,2,1A22_RB172A
1A22,NB173A,0.27845457196235657,1.3331561088562012,2,1A22_NB173A
1A22,PA2A,-0.05472675710916519,0.08357541263103485,2,1A22_PA2A
1A22,TA3A,-0.05472675710916519,0.04047166556119919,2,1A22_TA3A
1A22,IA4A,0.4106564223766327,0.27828916907310486,2,1A22_IA4A
1A22,PA5A,0.43623384833335876,-0.014381848275661469,2,1A22_PA5A
1A22,LA6A,0.6391429305076599,0.49412330985069275,2,1A22_LA6A
1A22,SA7A,0.346296101808548,0.03505822271108627,2,1A22_SA7A
1A22,RA8A,0.20430143177509308,0.09336362034082413,2,1A22_RA8A
1A22,LA9A,-0.03591717779636383,0.4683469235897064,2,1A22_LA9A
1A22,FA10A,1.0497993230819702,0.12197994440793991,2,1A22_FA10A
1A22,NA12A,0.0962846651673317,-0.1731317937374115,2,1A22_NA12A
1A22,MA14A,0.46870511770248413,0.9028099775314331,2,1A22_MA14A
1A22,LA15A,0.1527513712644577,0.2915079891681671,2,1A22_LA15A
1A22,RA16A,0.2402186095714569,0.3468855023384094,2,1A22_RA16A
1A22,HA18A,-0.2063549906015396,1.1224063634872437,2,1A22_HA18A
1A22,RA19A,0.050096191465854645,1.012847900390625,2,1A22_RA19A
1A22,FA54A,0.8793615102767944,-0.016266576945781708,2,1A22_FA54A
1A22,SA55A,0.11091385036706924,0.5481665134429932,2,1A22_SA55A
1A22,EA56A,0.8384865522384644,0.18955278396606445,2,1A22_EA56A
1A22,SA57A,0.20430143177509308,0.09946181625127792,2,1A22_SA57A
1A22,IA58A,1.6597994565963745,1.2000727653503418,2,1A22_IA58A
1A22,PA59A,0.3839247226715088,0.26664525270462036,2,1A22_PA59A
1A22,SA62A,0.6391429305076599,0.610541820526123,2,1A22_SA62A
1A22,NA63A,0.7062847018241882,0.5297483801841736,2,1A22_NA63A
1A22,RA64A,1.801238775253296,1.4857456684112549,2,1A22_RA64A
1A22,EA65A,-0.3143717646598816,0.25635144114494324,2,1A22_EA65A
1A22,EA66A,0.43623384833335876,0.37318113446235657,2,1A22_EA66A
1A22,QA68A,0.9873782992362976,0.19286426901817322,2,1A22_QA68A
1A22,QA69A,-0.05472675710916519,-0.3064591884613037,2,1A22_QA69A
1A22,KA70A,0.5215702652931213,0.9902176260948181,2,1A22_KA70A
1A22,SA71A,0.4106564223766327,0.6557503342628479,2,1A22_SA71A
1A22,LA73A,-0.2063549906015396,0.23040854930877686,2,1A22_LA73A
1A22,RA156A,-0.15893353521823883,2.8920557498931885,2,1A22_RA156A
1A22,KA157A,0.050096191465854645,2.9932405948638916,2,1A22_KA157A
1A22,DA160A,1.1578161716461182,0.6433917880058289,2,1A22_DA160A
1A22,KA161A,1.5432579517364502,3.0317530632019043,2,1A22_KA161A
1A22,EA163A,-0.8954659700393677,0.7984850406646729,2,1A22_EA163A
1A22,TA164S,1.6907169818878174,0.7262424826622009,2,1A22_TA164S
1A22,FA165A,1.6382533311843872,3.276491403579712,2,1A22_FA165A
1A22,RA167N,1.2699328660964966,1.1454401016235352,2,1A22_RA167N
1A22,IA168A,0.5897433161735535,0.06726795434951782,2,1A22_IA168A
1A22,VA169A,0.0,0.3253135085105896,2,1A22_VA169A
1A22,QA170A,0.274082213640213,0.7596682906150818,2,1A22_QA170A
1A22,CA171A,1.019410490989685,-0.2398587465286255,2,1A22_CA171A
1A22,RA172A,0.43623384833335876,0.8704525828361511,2,1A22_RA172A
1A22,SA173A,-0.05472675710916519,-0.13584381341934204,2,1A22_SA173A
1A22,VA174A,0.8793615102767944,0.8149948716163635,2,1A22_VA174A
1A22,EA175A,-0.13657419383525848,0.1776922345161438,2,1A22_EA175A
1A22,GA176A,0.346296101808548,0.048012830317020416,2,1A22_GA176A
1A22,SA177A,-0.2063549906015396,0.006284676492214203,2,1A22_SA177A
1A22,FA180A,0.19182829558849335,0.11375425010919571,2,1A22_FA180A
1A22,IA58L,0.31641823053359985,-0.2898220419883728,2,1A22_IA58L
1A22,RA64K,-0.3143717646598816,0.15490186214447021,2,1A22_RA64K
1A22,FA165Y,1.2699328660964966,-0.319784015417099,2,1A22_FA165Y
1A22,RA167K,0.9535146951675415,0.8254076242446899,2,1A22_RA167K
1A22,"NA12H,FA25L",0.8384865522384644,-0.08767301589250565,2,"1A22_NA12H,FA25L"
1A22,"DA11A,MA14V,HA18Q,RA19H,FA25A,QA29K,EA33R",0.7471597194671631,3.076857566833496,2,"1A22_DA11A,MA14V,HA18Q,RA19H,FA25A,QA29K,EA33R"
1A22,"NA12R,MA14V,LA15V,RA16L,RA19Y,FA25S,DA26E,QA29S,EA30Q,EA33K",1.398034691810608,1.4105908870697021,2,"1A22_NA12R,MA14V,LA15V,RA16L,RA19Y,FA25S,DA26E,QA29S,EA30Q,EA33K"
1A22,"NA12R,MA14V,LA15V,RA16L,RA19Y",1.6805893182754517,0.5890894532203674,2,"1A22_NA12R,MA14V,LA15V,RA16L,RA19Y"
1A22,"QA22N,FA25S,DA26E,QA29S,EA30Q,EA33K",-0.09423819184303284,1.4988096952438354,2,"1A22_QA22N,FA25S,DA26E,QA29S,EA30Q,EA33K"
1A22,"QA46H,NA47D,PA48S,QA49E,LA52F",1.1820012331008911,-0.6160679459571838,2,"1A22_QA46H,NA47D,PA48S,QA49E,LA52F"
1A22,"PA48A,TA50A,SA51A,LA52F",0.6024847030639648,0.01590590924024582,2,"1A22_PA48A,TA50A,SA51A,LA52F"
1A22,"EA56D,RA64M",2.0033140182495117,0.18329709768295288,2,"1A22_EA56D,RA64M"
1A22,"SA57T,TA60A,SA62T,NA63G,RA64K,EA65D,TA67A,KA70R,NA72D,LA73V",1.6805893182754517,0.46702840924263,2,"1A22_SA57T,TA60A,SA62T,NA63G,RA64K,EA65D,TA67A,KA70R,NA72D,LA73V"
1A22,"FA54H,SA55T,EA56S,IA58L,PA59A,SA62E,NA63D,RA64K,EA66Q,TA67A,KA70M,SA71N,NA72Q,LA73K,EA74D",2.4967727661132812,-0.40897539258003235,2,"1A22_FA54H,SA55T,EA56S,IA58L,PA59A,SA62E,NA63D,RA64K,EA66Q,TA67A,KA70M,SA71N,NA72Q,LA73K,EA74D"
1A22,"EA88G,QA91Y,FA92H,RA94T,SA95E",0.19182829558849335,-0.5111907720565796,2,"1A22_EA88G,QA91Y,FA92H,RA94T,SA95E"
1A22,"FA97R,AA98G,NA99M,SA100Q,LA101D,VA102A,YA103P,GA104E",0.2630080282688141,0.714992344379425,2,"1A22_FA97R,AA98G,NA99M,SA100Q,LA101D,VA102A,YA103P,GA104E"
1A22,"NA109D,VA110D,DA112H",0.346296101808548,-0.16881567239761353,2,"1A22_NA109D,VA110D,DA112H"
1A22,"YA111V,LA113I,KA115E,DA116Q,EA118K,EA119R,QA122E,TA123G,GA126L,RA127I,EA129S",0.25172290205955505,0.4852655827999115,2,"1A22_YA111V,LA113I,KA115E,DA116Q,EA118K,EA119R,QA122E,TA123G,GA126L,RA127I,EA129S"
1A22,"RA127D,LA128V,EA129H",0.31641823053359985,-0.2066340446472168,2,"1A22_RA127D,LA128V,EA129H"
1A22,"RA156K,DA160H,IA168V,QA170K",1.9539144039154053,-1.533294677734375,2,"1A22_RA156K,DA160H,IA168V,QA170K"
1A22,"KA157A,EA163A",-0.7697627544403076,3.5861642360687256,2,"1A22_KA157A,EA163A"
1A22,"RA64A,DA160A",3.3227505683898926,1.732034683227539,2,"1A22_RA64A,DA160A"
1A22,"KA161A,FA165A",3.7808284759521484,6.160263538360596,2,"1A22_KA161A,FA165A"
3NCB,AA167H,0.6862740516662598,-2.4164621829986572,2,3NCB_AA167H
3NCB,AA167H,-0.7340859770774841,-1.8692853450775146,2,3NCB_AA167H
3NCB,AA167H,-1.669722080230713,-2.403501033782959,2,3NCB_AA167H
3NCB,AA167H,-1.445011854171753,-1.8692854642868042,2,3NCB_AA167H
3NCB,AA167H,-1.481518030166626,-1.8692854642868042,2,3NCB_AA167H
3NCB,AA167H,-1.8215218782424927,-1.8692854642868042,2,3NCB_AA167H
3NCB,AA167H,-1.6300702095031738,-2.4164621829986572,2,3NCB_AA167H
3NCB,AA167H,-1.6149024963378906,-1.8692853450775146,2,3NCB_AA167H
3NCB,AA167H,-1.5354089736938477,-1.8795247077941895,2,3NCB_AA167H
3NCB,AA167H,-0.26777946949005127,-1.8795247077941895,2,3NCB_AA167H
3NCB,AA167H,-0.7765509486198425,-1.8795247077941895,2,3NCB_AA167H
3NCB,AA167H,-1.0553276538848877,-1.8795247077941895,2,3NCB_AA167H
3NCB,AA167H,-1.7124065160751343,-2.4164621829986572,2,3NCB_AA167H
3NCB,AA167H,-2.0376904010772705,-1.8795247077941895,2,3NCB_AA167H
3NCB,AA167H,-2.2031702995300293,-1.8795247077941895,2,3NCB_AA167H
3NCB,AA167H,-2.0335617065429688,-2.403501033782959,2,3NCB_AA167H
3NCB,AA167H,-2.455331325531006,-2.403501033782959,2,3NCB_AA167H
3NCB,AA167H,-2.272951126098633,-1.8795247077941895,2,3NCB_AA167H
3NCB,AA167H,-2.2118194103240967,-2.4164621829986572,2,3NCB_AA167H
1GC1,KC1A,0.0624210461974144,0.6623513102531433,2,1GC1_KC1A
1GC1,KC2A,-0.01668989285826683,0.5705613493919373,2,1GC1_KC2A
1GC1,KC7A,0.9978901147842407,0.3756701648235321,2,1GC1_KC7A
1GC1,KC8A,0.10526756942272186,0.4494844973087311,2,1GC1_KC8A
1GC1,DC10A,0.0,0.3796670138835907,2,1GC1_DC10A
1GC1,TC11A,0.0,0.9295323491096497,2,1GC1_TC11A
1GC1,TC15A,0.3220660388469696,0.36526694893836975,2,1GC1_TC15A
1GC1,TC17A,-0.12810181081295013,0.1638183891773224,2,1GC1_TC17A
1GC1,SC19A,0.0,0.1640947163105011,2,1GC1_SC19A
1GC1,QC20A,-0.01668989285826683,-0.01425810158252716,2,1GC1_QC20A
1GC1,KC21A,-0.12810181081295013,-0.024804241955280304,2,1GC1_KC21A
1GC1,KC22A,0.2402186095714569,0.03387153893709183,2,1GC1_KC22A
1GC1,SC23A,0.2926822304725647,0.4381602704524994,2,1GC1_SC23A
1GC1,QC25A,0.032032232731580734,-0.041327573359012604,2,1GC1_QC25A
1GC1,HC27A,0.28255462646484375,2.051938772201538,2,1GC1_HC27A
1GC1,KC29A,0.5362386107444763,0.24365964531898499,2,1GC1_KC29A
1GC1,NC30A,0.17043781280517578,0.2668619751930237,2,1GC1_NC30A
1GC1,SC31A,0.10526756942272186,0.6749289035797119,2,1GC1_SC31A
1GC1,NC32A,0.1826537549495697,-0.0526929572224617,2,1GC1_NC32A
1GC1,QC33A,0.10526756942272186,-0.549630343914032,2,1GC1_QC33A
1GC1,KC35A,0.3220660388469696,0.3415340483188629,2,1GC1_KC35A
1GC1,NC39A,0.465625137090683,0.8392943739891052,2,1GC1_NC39A
1GC1,QC40A,-0.4106564223766327,0.7479444146156311,2,1GC1_QC40A
1GC1,SC42A,0.0,0.9041787981987,2,1GC1_SC42A
1GC1,LC44A,1.0560202598571777,1.595862627029419,2,1GC1_LC44A
1GC1,TC45A,-0.14889173209667206,1.065781831741333,2,1GC1_TC45A
1GC1,KC46A,1.4310189485549927,0.9137787222862244,2,1GC1_KC46A
1GC1,SC49A,0.6111744046211243,0.4955763518810272,2,1GC1_SC49A
1GC1,KC50A,0.04742146283388138,0.3754652440547943,2,1GC1_KC50A
1GC1,LC51A,1.234022855758667,1.0778878927230835,2,1GC1_LC51A
1GC1,NC52A,0.7083382606506348,0.009717993438243866,2,1GC1_NC52A
1GC1,DC53A,0.3026396632194519,0.6016461253166199,2,1GC1_DC53A
1GC1,DC56A,-0.06978078931570053,1.3698415756225586,2,1GC1_DC56A
1GC1,RC58A,0.13220183551311493,0.7414656281471252,2,1GC1_RC58A
1GC1,RC59A,1.1759138107299805,1.397592306137085,2,1GC1_RC59A
1GC1,SC60A,-0.08859036862850189,-0.04779105633497238,2,1GC1_SC60A
1GC1,DC63A,-0.31932955980300903,1.0402458906173706,2,1GC1_DC63A
1GC1,QC64A,0.44268864393234253,-0.09874380379915237,2,1GC1_QC64A
1GC1,NC66A,-0.033863615244627,0.12483089417219162,2,1GC1_NC66A
1GC1,KC72A,-0.01668989285826683,0.32651180028915405,2,1GC1_KC72A
1GC1,NC73A,-0.10801676660776138,0.6157752871513367,2,1GC1_NC73A
1GC1,KC75A,0.15796467661857605,0.36097776889801025,2,1GC1_KC75A
1GC1,EC77A,0.5622846484184265,0.5840467214584351,2,1GC1_EC77A
1GC1,YC82A,1.2906758785247803,1.8361705541610718,2,1GC1_YC82A
1GC1,EC85A,1.3232961893081665,0.44706547260284424,2,1GC1_EC85A
1GC1,VC86A,-0.06978078931570053,0.5942621827125549,2,1GC1_VC86A
1GC1,EC87A,0.21785926818847656,0.3222445547580719,2,1GC1_EC87A
1GC1,DC88A,-0.06978078931570053,0.20659410953521729,2,1GC1_DC88A
1GC1,QC89A,0.17043781280517578,0.04499354213476181,2,1GC1_QC89A
1GC1,KC90A,0.04742146283388138,0.4770456850528717,2,1GC1_KC90A
1GC1,EC91A,-0.12810181081295013,0.7414845824241638,2,1GC1_EC91A
1GC1,EC92A,0.016232576221227646,0.6701163649559021,2,1GC1_EC92A
1GC1,QC94A,-0.10801676660776138,-0.2654127776622772,2,1GC1_QC94A
1GC1,QC89L,-0.31092584133148193,-0.5320438146591187,2,1GC1_QC89L
1GC1,"QC40A,DC63A",-0.4992468059062958,1.4587485790252686,2,"1GC1_QC40A,DC63A"
1GC1,"QC40A,DC63A,QC89L",-0.8482471108436584,0.153244286775589,2,"1GC1_QC40A,DC63A,QC89L"
1DAN,"WT40R,ST42G",1.4816070795059204,0.12666940689086914,2,"1DAN_WT40R,ST42G"
1DAN,WT40A,1.5000076293945312,1.3679418563842773,2,1DAN_WT40A
1DAN,ST42A,-0.1265324056148529,0.36354538798332214,2,1DAN_ST42A
1DAN,VT28A,-0.18582704663276672,0.4637884795665741,2,1DAN_VT28A
1DAN,YT46A,-0.1265324056148529,0.9374714493751526,2,1DAN_YT46A
1DAN,FT71A,1.10543692111969,1.0394185781478882,2,1DAN_FT71A
1DAN,YT73A,0.6276386380195618,0.9884791970252991,2,1DAN_YT73A
1DAN,PU2A,-0.18582704663276672,0.979533851146698,2,1DAN_PU2A
1DAN,YU4A,0.31168490648269653,0.4381524324417114,2,1DAN_YU4A
1DAN,VT31A,-0.1265324056148529,1.0924091339111328,2,1DAN_VT31A
1DAN,QT32A,0.7290357351303101,1.4399890899658203,2,1DAN_QT32A
1DAN,IT33A,-0.1265324056148529,0.9679719805717468,2,1DAN_IT33A
1DAN,GT38A,0.0646953359246254,0.6141326427459717,2,1DAN_GT38A
1DAN,KT43A,0.9207224249839783,0.5171665549278259,2,1DAN_KT43A
1DAN,"CT44S,CT52S",-0.32587605714797974,-1.144130825996399,2,"1DAN_CT44S,CT52S"
1DAN,TT55A,2.2240757942199707,0.5486177802085876,2,1DAN_TT55A
1DAN,"TT55A,FU50A",4.325087070465088,2.6066465377807617,2,"1DAN_TT55A,FU50A"
1DAN,"TT55A,KT15A",3.0546562671661377,2.073690176010132,2,"1DAN_TT55A,KT15A"
1DAN,DT39A,1.3799108266830444,0.3757094144821167,2,1DAN_DT39A
1DAN,"DT39A,WT40A",1.5072107315063477,1.4860095977783203,2,"1DAN_DT39A,WT40A"
1DAN,"DT39A,FU50A",3.1733052730560303,1.9183228015899658,2,"1DAN_DT39A,FU50A"
1DAN,"DT39A,KT15A",3.9962286949157715,1.6290212869644165,2,"1DAN_DT39A,KT15A"
1DAN,"DT39A,DT53A",3.857964038848877,0.8164440989494324,2,"1DAN_DT39A,DT53A"
1DAN,"DT39A,TT55A",4.159247875213623,1.1386394500732422,2,"1DAN_DT39A,TT55A"
1DAN,"DT39A,KT15A,FU50A",5.735138893127441,2.8148305416107178,2,"1DAN_DT39A,KT15A,FU50A"
1DAN,RH125A,0.7490248680114746,0.49113598465919495,2,1DAN_RH125A
1DAN,MH154A,0.7444849610328674,0.38248181343078613,2,1DAN_MH154A
1DAN,KH189A,-0.18667039275169373,0.48220697045326233,2,1DAN_KH189A
1DAN,LH135A,0.01579965651035309,0.5323005318641663,2,1DAN_LH135A
1DAN,KT15A,2.4386024475097656,2.3628458976745605,2,1DAN_KT15A
1DAN,DT39A,2.145008087158203,0.47626611590385437,2,1DAN_DT39A
1DAN,WT40A,2.371095895767212,1.4189472198486328,2,1DAN_WT40A
1DAN,KT41A,0.8948080539703369,0.7090882658958435,2,1DAN_KT41A
1DAN,QU20A,1.305464506149292,0.9727252125740051,2,1DAN_QU20A
1DAN,RU45A,0.986134946346283,1.209972620010376,2,1DAN_RU45A
1DAN,FU50A,2.2154533863067627,1.957893967628479,2,1DAN_FU50A
1DAN,VU113A,1.5698682069778442,0.9181033372879028,2,1DAN_VU113A
1DAN,ST11A,-0.12980671226978302,0.8060532212257385,2,1DAN_ST11A
1DAN,LT54A,0.0,1.954310655593872,2,1DAN_LT54A
1DAN,DT56A,0.2420443445444107,2.4554636478424072,2,1DAN_DT56A
1DAN,ET57A,0.0,0.5142523646354675,2,1DAN_ET57A
1DAN,IT58A,0.0,1.734720230102539,2,1DAN_IT58A
1DAN,VT59A,0.0,0.19372102618217468,2,1DAN_VT59A
1DAN,QT64A,0.0,0.4040883779525757,2,1DAN_QT64A
1DAN,LT67A,-0.059836238622665405,2.1524558067321777,2,1DAN_LT67A
1DAN,EU15A,-0.059836238622665405,0.9772190451622009,2,1DAN_EU15A
1DAN,TU16A,-0.059836238622665405,1.018242359161377,2,1DAN_TU16A
1DAN,NU17A,0.0,0.7251048684120178,2,1DAN_NU17A
1DAN,RU41A,0.0,1.076943039894104,2,1DAN_RU41A
1DAN,TU42A,0.0,0.08089915663003922,2,1DAN_TU42A
1DAN,RU46A,-0.059836238622665405,0.2831079065799713,2,1DAN_RU46A
1DAN,NU48A,0.0,0.20466631650924683,2,1DAN_NU48A
1DAN,VU56A,0.19953952729701996,-0.13791504502296448,2,1DAN_VU56A
1DAN,FU57A,-0.059836238622665405,1.5178310871124268,2,1DAN_FU57A
1DAN,YU67A,0.0,0.37373992800712585,2,1DAN_YU67A
1DAN,VU85A,0.10984250903129578,0.2711890637874603,2,1DAN_VU85A
1DAN,RU102A,0.46060433983802795,1.1071981191635132,2,1DAN_RU102A
1DAN,TU103A,0.10984250903129578,0.047830499708652496,2,1DAN_TU103A
1DAN,VU104A,0.10984250903129578,0.492113322019577,2,1DAN_VU104A
1DAN,NU105A,0.0,0.6775795817375183,2,1DAN_NU105A
3HFM,YY20A,4.878217697143555,3.380510091781616,2,3HFM_YY20A
3HFM,NL32A,5.109632968902588,3.837261438369751,2,3HFM_NL32A
3HFM,KY96A,6.991293430328369,4.221075534820557,2,3HFM_KY96A
3HFM,NL31A,5.216465950012207,1.3414335250854492,2,3HFM_NL31A
3HFM,"NL31A,KY96A",7.471730709075928,5.336116790771484,2,"3HFM_NL31A,KY96A"
3HFM,NL31D,1.3440860509872437,-0.654445230960846,2,3HFM_NL31D
3HFM,NL31E,5.709924697875977,-0.09457936137914658,2,3HFM_NL31E
3HFM,YL50A,4.55963659286499,3.071701765060425,2,3HFM_YL50A
3HFM,YL50L,4.395153045654297,1.3659899234771729,2,3HFM_YL50L
3HFM,YL50F,2.355921745300293,1.3079452514648438,2,3HFM_YL50F
3HFM,"YL50A,RY21A",6.369324207305908,3.9443626403808594,2,"3HFM_YL50A,RY21A"
3HFM,"YL50F,RY21A",4.3327317237854,3.9056169986724854,2,"3HFM_YL50F,RY21A"
3HFM,"YL50F,YY20A",6.226447105407715,3.029615879058838,2,"3HFM_YL50F,YY20A"
3HFM,"YL50A,KY96A",7.733495235443115,5.0563273429870605,2,"3HFM_YL50A,KY96A"
3HFM,"YL50A,KY97A",7.32283878326416,4.512040615081787,2,"3HFM_YL50A,KY97A"
3HFM,KY97A,6.169980525970459,3.317800760269165,2,3HFM_KY97A
3HFM,YH33A,6.037778854370117,4.289613723754883,2,3HFM_YH33A
3HFM,"YH33A,KY97A",7.231512069702148,5.21168851852417,2,"3HFM_YH33A,KY97A"
3HFM,WH98F,3.2470154762268066,-0.0023481473326683044,2,3HFM_WH98F
3HFM,"WH98F,YY20A",6.231808662414551,1.2340086698532104,2,"3HFM_WH98F,YY20A"
3HFM,WH98A,5.513151168823242,2.682229518890381,2,3HFM_WH98A
3HFM,"WH98A,KY96A",7.733495235443115,5.061253070831299,2,"3HFM_WH98A,KY96A"
3HFM,DH32A,1.8990768194198608,0.39119869470596313,2,3HFM_DH32A
3HFM,"DH32A,KY97A",4.594496726989746,2.344937801361084,2,"3HFM_DH32A,KY97A"
3HFM,"DH32N,KY97A",4.893741130828857,2.1824188232421875,2,"3HFM_DH32N,KY97A"
3HFM,DH32N,0.17043781280517578,0.317994087934494,2,3HFM_DH32N
3HFM,"DH32A,KY97M",1.1239525079727173,0.327139288187027,2,"3HFM_DH32A,KY97M"
3HFM,"DH32N,KY97M",0.3026396632194519,-0.04621512442827225,2,"3HFM_DH32N,KY97M"
3HFM,KY97M,1.0935636758804321,1.3493530750274658,2,3HFM_KY97M
3HFM,RY21A,1.0276678800582886,1.6112024784088135,2,3HFM_RY21A
3HFM,SH31A,0.17043781280517578,0.13603636622428894,2,3HFM_SH31A
3HFM,YH50A,7.32283878326416,5.077530860900879,2,3HFM_YH50A
3HFM,"YH50A,RY21A",7.944808006286621,5.726412296295166,2,"3HFM_YH50A,RY21A"
3HFM,QL53A,0.9535146951675415,0.25973817706108093,2,3HFM_QL53A
3HFM,YL96A,2.7082571983337402,2.1369192600250244,2,3HFM_YL96A
3HFM,"YL96A,RY21A",5.759324073791504,3.3336355686187744,2,"3HFM_YL96A,RY21A"
3HFM,"YL96F,RY21A",4.183840274810791,0.2576344311237335,2,"3HFM_YL96F,RY21A"
3HFM,YL96F,1.4024070501327515,-0.2709074318408966,2,3HFM_YL96F
3HFM,YH53W,0.6948397159576416,0.10637863725423813,2,3HFM_YH53W
3HFM,YH53F,0.6105332374572754,0.10735047608613968,2,3HFM_YH53F
3HFM,YH53L,0.7939297556877136,-0.5900054574012756,2,3HFM_YH53L
3HFM,YH53A,3.1981747150421143,0.8779700398445129,2,3HFM_YH53A
3HFM,YH33W,1.7214642763137817,0.6606981158256531,2,3HFM_YH33W
3HFM,YH33F,1.05401611328125,0.0046808794140815735,2,3HFM_YH33F
3HFM,YH33L,1.974704384803772,1.6363129615783691,2,3HFM_YH33L
3HFM,YH50F,1.5841330289840698,0.7559306621551514,2,3HFM_YH50F
3HFM,YH50L,2.8030807971954346,2.0241434574127197,2,3HFM_YH50L
3HFM,YH58F,0.35729318857192993,0.33465299010276794,2,3HFM_YH58F
3HFM,YH58L,1.4893616437911987,-0.17648670077323914,2,3HFM_YH58L
3HFM,YH58A,1.649124264717102,1.3794102668762207,2,3HFM_YH58A
3HFM,DY101G,0.19934363663196564,1.2374223470687866,2,3HFM_DY101G
3HFM,DY101A,1.2087328433990479,2.5252578258514404,2,3HFM_DY101A
3HFM,DY101N,1.3409347534179688,-0.4162760078907013,2,3HFM_DY101N
3HFM,DY101S,1.7124065160751343,1.160214900970459,2,3HFM_DY101S
3HFM,DY101Q,1.9302657842636108,0.6338439583778381,2,3HFM_DY101Q
3HFM,DY101R,2.1230628490448,2.4707844257354736,2,3HFM_DY101R
3HFM,DY101E,1.9741711616516113,-0.448686808347702,2,3HFM_DY101E
3HFM,DY101F,2.1704843044281006,-0.7210208177566528,2,3HFM_DY101F
3HFM,DY101K,1.9741711616516113,0.6292129755020142,2,3HFM_DY101K
3HFM,RY21W,1.9741711616516113,-2.203613042831421,2,3HFM_RY21W
3HFM,RY21Q,2.241950750350952,-0.6438280940055847,2,3HFM_RY21Q
3HFM,RY21E,2.2935006618499756,-0.6839814782142639,2,3HFM_RY21E
3HFM,RY21G,2.2702643871307373,-0.9367140531539917,2,3HFM_RY21G
3HFM,RY21N,2.1704843044281006,-2.058086633682251,2,3HFM_RY21N
3HFM,RY21H,2.0150461196899414,-1.7082983255386353,2,3HFM_RY21H
3HFM,RY21K,1.619389295578003,0.40967893600463867,2,3HFM_RY21K
3HFM,NY19K,0.2402186095714569,0.21994900703430176,2,3HFM_NY19K
3HFM,NY19Q,-0.04250481724739075,-0.24162685871124268,2,3HFM_NY19Q
3HFM,NY19D,0.4106564223766327,-0.755675733089447,2,3HFM_NY19D
3HFM,GY102V,0.2402186095714569,0.4809872806072235,2,3HFM_GY102V
3HFM,RY21G,2.5760552883148193,-0.8297186493873596,2,3HFM_RY21G
3HFM,RY21A,0.8213128447532654,0.8866614699363708,2,3HFM_RY21A
3HFM,RY21N,2.488123655319214,-1.5509474277496338,2,3HFM_RY21N
3HFM,RY21E,2.6155667304992676,-0.6765993237495422,2,3HFM_RY21E
3HFM,RY21Q,2.555265426635742,-0.6389359831809998,2,3HFM_RY21Q
3HFM,RY21H,2.325532913208008,-1.9256837368011475,2,3HFM_RY21H
3HFM,RY21M,2.0508084297180176,-0.9330453276634216,2,3HFM_RY21M
3HFM,RY21K,1.9148765802383423,0.3967004120349884,2,3HFM_RY21K
3HFM,RY21W,2.2935006618499756,-2.2152187824249268,2,3HFM_RY21W
3HFM,KY97G,6.433435440063477,1.0807812213897705,2,3HFM_KY97G
3HFM,KY97A,5.55808162689209,3.3951170444488525,2,3HFM_KY97A
3HFM,KY97D,6.771455764770508,1.2574008703231812,2,3HFM_KY97D
3HFM,KY97E,3.606121778488159,1.8774051666259766,2,3HFM_KY97E
3HFM,KY97M,0.8012278079986572,1.2967031002044678,2,3HFM_KY97M
3HFM,KY97R,3.054218292236328,0.18106359243392944,2,3HFM_KY97R
3HFM,DY101G,0.5186731815338135,1.00738525390625,2,3HFM_DY101G
3HFM,DY101A,1.5346089601516724,2.5368378162384033,2,3HFM_DY101A
3HFM,DY101S,2.0280675888061523,0.9238011240959167,2,3HFM_DY101S
3HFM,DY101N,1.6426256895065308,-0.1852736473083496,2,3HFM_DY101N
3HFM,DY101E,2.2935006618499756,-0.45023855566978455,2,3HFM_DY101E
3HFM,DY101Q,2.241950750350952,0.3135753870010376,2,3HFM_DY101Q
3HFM,DY101K,2.276810884475708,2.521266222000122,2,3HFM_DY101K
3HFM,DY101F,2.488123655319214,-0.9217761158943176,2,3HFM_DY101F
3HFM,DY101R,2.4387240409851074,0.8938795328140259,2,3HFM_DY101R
3HFM,YY20F,-0.5046222805976868,1.6973767280578613,2,3HFM_YY20F
3HFM,KY96M,6.779980659484863,1.4983694553375244,2,3HFM_KY96M
3HFM,GY102V,0.5507054328918457,0.46470531821250916,2,3HFM_GY102V
3HFM,HY15A,-0.44551658630371094,1.1851071119308472,2,3HFM_HY15A
3HFM,YY20A,4.2734375,3.3855297565460205,2,3HFM_YY20A
3HFM,RY21A,0.8621878027915955,1.5673452615737915,2,3HFM_RY21A
3HFM,WY63A,0.31932955980300903,1.226485013961792,2,3HFM_WY63A
3HFM,RY73A,-0.33154547214508057,1.3511910438537598,2,3HFM_RY73A
3HFM,LY75A,0.7047714591026306,2.2341814041137695,2,3HFM_LY75A
3HFM,TY89A,0.0,0.17618906497955322,2,3HFM_TY89A
3HFM,NY93A,0.21131277084350586,0.4156574308872223,2,3HFM_NY93A
3HFM,KY96A,6.489310264587402,4.478123188018799,2,3HFM_KY96A
3HFM,IY98A,0.0,0.48749950528144836,2,3HFM_IY98A
3HFM,SY100A,0.26777946949005127,0.5989912152290344,2,3HFM_SY100A
3HFM,DY101A,0.9535146951675415,3.2305679321289062,2,3HFM_DY101A
3HFM,YY20F,-0.4637473225593567,1.697256326675415,2,3HFM_YY20F
3HFM,YY20L,2.185483932495117,1.5070478916168213,2,3HFM_YY20L
3HFM,KY96R,5.355400085449219,0.08298138529062271,2,3HFM_KY96R
1DAN,EU114A,-0.004828486125916243,1.209474802017212,2,1DAN_EU114A
1DAN,VU113A,-0.18866854906082153,1.0894420146942139,2,1DAN_VU113A
1DAN,TU109A,0.13527154922485352,0.896378755569458,2,1DAN_TU109A
1DAN,"KU107A,DU110A",0.042667556554079056,1.204970121383667,2,"1DAN_KU107A,DU110A"
1DAN,"NU105A,RU106A",0.3999813199043274,0.6848813891410828,2,"1DAN_NU105A,RU106A"
1DAN,"TU103A,VU104A",-0.14902915060520172,0.3209620416164398,2,"1DAN_TU103A,VU104A"
1DAN,SU101A,-0.0028923670761287212,0.20964446663856506,2,1DAN_SU101A
1DAN,"SU101A,RU102A",0.6385655999183655,1.0476692914962769,2,"1DAN_SU101A,RU102A"
1DAN,YU91A,-0.3298647701740265,0.8170673847198486,2,1DAN_YU91A
1DAN,"EU89A,NU90A",-0.09357527643442154,0.29349485039711,2,"1DAN_EU89A,NU90A"
1DAN,KU87A,0.017063796520233154,-0.00920896977186203,2,1DAN_KU87A
1DAN,LU82A,0.07995188981294632,0.9699583649635315,2,1DAN_LU82A
1DAN,"NU79A,EU80A",-0.02454584650695324,-0.3042604625225067,2,"1DAN_NU79A,EU80A"
1DAN,TU78A,-0.025549152866005898,0.5826290845870972,2,1DAN_TU78A
1DAN,KU75A,0.1166100949048996,1.0980111360549927,2,1DAN_KU75A
1DAN,TU73A,0.21198563277721405,0.10003193467855453,2,1DAN_TU73A
1DAN,"KU71A,KU72A",-0.23973791301250458,0.905867874622345,2,"1DAN_KU71A,KU72A"
1DAN,GU70R,-0.16279317438602448,-0.17397791147232056,2,1DAN_GU70R
1DAN,SU69A,0.02264423295855522,0.15390145778656006,2,1DAN_SU69A
1DAN,WU68F,0.12289611995220184,0.19173860549926758,2,1DAN_WU68F
1DAN,YU66L,0.15484607219696045,0.20731699466705322,2,1DAN_YU66L
1DAN,IU62A,0.17879411578178406,0.066047802567482,2,1DAN_IU62A
1DAN,"KU59A,DU60A",-0.10151255130767822,0.11964666098356247,2,"1DAN_KU59A,DU60A"
1DAN,DU55A,-0.010675098747015,0.6485486626625061,2,1DAN_DU55A
1DAN,RU54A,-0.0028923670761287212,1.274885892868042,2,1DAN_RU54A
1DAN,FU50A,1.281753420829773,1.8435111045837402,2,1DAN_FU50A
1DAN,TU49A,-0.015591741539537907,0.6243869662284851,2,1DAN_TU49A
1DAN,"RU46A,NU47A,NU48A",0.206581249833107,-0.15243646502494812,2,"1DAN_RU46A,NU47A,NU48A"
1DAN,RU45A,0.5193140506744385,1.233453631401062,2,1DAN_RU45A
1DAN,LU43A,-0.027560876682400703,3.778038740158081,2,1DAN_LU43A
1DAN,"EU40A,RU41F",-0.021546082571148872,-0.403707355260849,2,"1DAN_EU40A,RU41F"
1DAN,DU39A,-0.026554159820079803,0.1574917733669281,2,1DAN_DU39A
1DAN,EU38A,0.08580537885427475,0.24870535731315613,2,1DAN_EU38A
1DAN,KU32A,-0.12360850721597672,0.29607143998146057,2,1DAN_KU32A
1DAN,"QU24A,EU27A",0.03364985063672066,0.08497727662324905,2,"1DAN_QU24A,EU27A"
1DAN,"NU17A,QU20A",0.41449108719825745,1.1622837781906128,2,"1DAN_NU17A,QU20A"
1DAN,"LU14A,EU15A",-0.4629063606262207,1.8153958320617676,2,"1DAN_LU14A,EU15A"
1DAN,EU9A,-0.17558960616588593,-0.15492656826972961,2,1DAN_EU9A
1DAN,YU4A,1.024149775505066,0.5233164429664612,2,1DAN_YU4A
1DAN,KT63A,-0.07038220763206482,0.10690902918577194,2,1DAN_KT63A
1DAN,"KT63A,QT64A",-0.20611460506916046,0.7413040995597839,2,"1DAN_KT63A,QT64A"
1DAN,"KT60A,DT61A",-0.5042316913604736,0.8560717701911926,2,"1DAN_KT60A,DT61A"
1DAN,"DT56A,ET57A",0.3045600950717926,0.8038336634635925,2,"1DAN_DT56A,ET57A"
1DAN,DT53E,1.380299687385559,0.1879849135875702,2,1DAN_DT53E
1DAN,DT53A,1.9894969463348389,0.8496797680854797,2,1DAN_DT53A
1DAN,"DT49A,ET51A",0.433300644159317,-0.06059812754392624,2,"1DAN_DT49A,ET51A"
1DAN,TT47A,0.40485748648643494,0.9905115962028503,2,1DAN_TT47A
1DAN,FT45A,0.4379112124443054,1.2714722156524658,2,1DAN_FT45A
1DAN,KT43A,0.41449108719825745,0.5133635997772217,2,1DAN_KT43A
1DAN,ST42A,0.043561823666095734,0.3653843104839325,2,1DAN_ST42A
1DAN,KT41A,0.23182405531406403,0.7210282683372498,2,1DAN_KT41A
1DAN,"KT41A,KT43A",1.1358543634414673,1.4273791313171387,2,"1DAN_KT41A,KT43A"
1DAN,WT40F,1.2705957889556885,0.6380558609962463,2,1DAN_WT40F
1DAN,DT39A,0.7350139021873474,0.611581563949585,2,1DAN_DT39A
1DAN,ST37A,-0.0693001002073288,0.20903849601745605,2,1DAN_ST37A
1DAN,KT36A,0.32156944274902344,0.1539364755153656,2,1DAN_KT36A
1DAN,"KT36A,DT39A",1.5714305639266968,0.9018831849098206,2,"1DAN_KT36A,DT39A"
1DAN,QT32A,0.5466929078102112,1.4540756940841675,2,1DAN_QT32A
1DAN,KT23A,0.1166100949048996,-0.04327983409166336,2,1DAN_KT23A
1DAN,ET21A,0.10140793025493622,0.34111085534095764,2,1DAN_ET21A
1DAN,WT20F,0.6151982545852661,0.380281537771225,2,1DAN_WT20F
1DAN,ET19A,0.6578863859176636,0.9221855998039246,2,1DAN_ET19A
1DAN,IT17A,0.6450760960578918,1.5661883354187012,2,1DAN_IT17A
1DAN,TT16A,-0.15900751948356628,0.552871584892273,2,1DAN_TT16A
1DAN,KT15R,1.68574059009552,0.0962085947394371,2,1DAN_KT15R
1DAN,KT15A,2.5879082679748535,2.3664963245391846,2,1DAN_KT15A
1DAN,NT13A,0.18021486699581146,0.9904353022575378,2,1DAN_NT13A
1DAN,TT12A,0.12054666876792908,0.37865307927131653,2,1DAN_TT12A
1DAN,KT10A,-0.397342324256897,0.3577961325645447,2,1DAN_KT10A
1DAN,WT9F,0.6917499899864197,0.005118481814861298,2,1DAN_WT9F
1F5R,KA129Q,-1.171373963356018,-1.3332805633544922,2,1F5R_KA129Q
1CT2,TI13L,-3.2047202587127686,-3.184161424636841,2,1CT2_TI13L
1SGP,AI13L,-2.9891605377197266,-3.196489095687866,2,1SGP_AI13L
1SGY,YI13L,-1.6760064363479614,-1.5184776782989502,2,1SGY_YI13L
2NU0,WI13L,-1.8652080297470093,-2.85080885887146,2,2NU0_WI13L
2NU2,RI13L,-3.366955280303955,-3.8521482944488525,2,2NU2_RI13L
3QDG,DD26W,-1.562268853187561,-2.857564926147461,2,3QDG_DD26W
3QDG,DD26Y,-1.7938382625579834,-2.7169597148895264,2,3QDG_DD26Y
3QDG,RD27W,0.5964834690093994,-0.05706266313791275,2,3QDG_RD27W
3QDG,LE95W,-0.70299232006073,-1.0766435861587524,2,3QDG_LE95W
3QDG,FE97W,0.9345039129257202,0.2773295044898987,2,3QDG_FE97W
3QDG,TE99F,-0.03865187615156174,-0.46938037872314453,2,3QDG_TE99F
3QDG,GD28I,0.8663308620452881,0.02319798618555069,2,3QDG_GD28I
3QDG,GD28L,1.3886055946350098,0.2825450301170349,2,3QDG_GD28L
3QDG,GD28Y,1.5025767087936401,0.68576580286026,2,3QDG_GD28Y
3QDG,RD27P,0.13840557634830475,-0.02490565925836563,2,3QDG_RD27P
3QDG,GD28P,1.091920256614685,1.2374963760375977,2,3QDG_GD28P
3QDG,AE52P,-0.06589584797620773,0.22194761037826538,2,3QDG_AE52P
3QDG,GD28N,0.8517016768455505,0.7981441617012024,2,3QDG_GD28N
3QDG,FE97Y,1.3945599794387817,0.5527670383453369,2,3QDG_FE97Y
3QDG,"DD26W,LE95W",-3.354782819747925,-3.4587111473083496,2,"3QDG_DD26W,LE95W"
3QDG,"DD26Y,LE95W",-3.5434513092041016,-2.6351895332336426,2,"3QDG_DD26Y,LE95W"
4JFE,AC7I,-6.429625511169434,-5.592971324920654,2,4JFE_AC7I
4JFE,"AC7I,EC1A",0.8932133316993713,0.06153301149606705,2,"4JFE_AC7I,EC1A"
4JFE,"AC7I,GC4A",0.08859036862850189,0.4833756387233734,2,"4JFE_AC7I,GC4A"
4JFE,"AC7I,GC6A",0.16564060747623444,-1.3871617317199707,2,"4JFE_AC7I,GC6A"
4JFE,"AC7I,LC8A",-0.23073917627334595,2.331749677658081,2,"4JFE_AC7I,LC8A"
4JFE,"AC7I,TC9A",0.10482294857501984,0.1013687327504158,2,"4JFE_AC7I,TC9A"
1QSE,RC7V,-1.225422739982605,-0.2683078348636627,2,1QSE_RC7V
2BNR,QA43A,0.08280224353075027,0.3141494393348694,2,2BNR_QA43A
2BNR,EA58A,0.0,0.2182648777961731,2,2BNR_EA58A
2BNR,DA61A,-0.08978603780269623,0.10614699870347977,2,2BNR_DA61A
2BNR,EA63A,0.33471086621284485,0.7556025385856628,2,2BNR_EA63A
2BNR,TA64A,0.2714707851409912,0.11472447961568832,2,2BNR_TA64A
2BNR,RA65A,1.8063724040985107,2.0494887828826904,2,2BNR_RA65A
2BNR,KA66A,1.6893346309661865,1.2776613235473633,2,2BNR_KA66A
2BNR,VA67A,0.3928016424179077,-0.2535264194011688,2,2BNR_VA67A
2BNR,KA68A,0.005528362933546305,0.6122410893440247,2,2BNR_KA68A
2BNR,AA69G,1.8552099466323853,0.6924970746040344,2,2BNR_AA69G
2BNR,HA70A,1.6957166194915771,1.369953989982605,2,2BNR_HA70A
2BNR,QA72A,-0.0962846651673317,-0.035165004432201385,2,2BNR_QA72A
2BNR,TA73A,1.285060167312622,0.6177055835723877,2,2BNR_TA73A
2BNR,HA74A,0.9753251671791077,1.3834483623504639,2,2BNR_HA74A
2BNR,RA75A,0.5308891534805298,1.3051526546478271,2,2BNR_RA75A
2BNR,VA76A,0.6720904111862183,0.8360682129859924,2,2BNR_VA76A
2BNR,TA80A,0.5354059338569641,0.28151389956474304,2,2BNR_TA80A
2BNR,KA146A,0.6243711709976196,1.6845450401306152,2,2BNR_KA146A
2BNR,AA149G,0.018230730667710304,-0.2846255898475647,2,2BNR_AA149G
2BNR,AA150G,0.7368884086608887,-0.38878610730171204,2,2BNR_AA150G
2BNR,HA151A,0.5331518650054932,0.32840362191200256,2,2BNR_HA151A
2BNR,VA152A,0.9033095836639404,1.7482305765151978,2,2BNR_VA152A
2BNR,EA154A,0.018230730667710304,0.2545289099216461,2,2BNR_EA154A
2BNR,QA155A,0.2327662855386734,0.6118348240852356,2,2BNR_QA155A
2BNR,TA163A,0.4586472809314728,-0.02169453352689743,2,2BNR_TA163A
2BNR,CC9V,-0.5019832849502563,-0.17209383845329285,2,2BNR_CC9V
3HG1,"SE50Y,VE51G,GE52P,IE53F",-1.5820304155349731,-1.7921385765075684,2,"3HG1_SE50Y,VE51G,GE52P,IE53F"
3HG1,"SE50W,VE51G,GE52P,IE53F",-1.774827480316162,-1.8443083763122559,2,"3HG1_SE50W,VE51G,GE52P,IE53F"
3HG1,"SE50F,VE51G,GE52P,IE53Y",-2.026550531387329,-1.9273831844329834,2,"3HG1_SE50F,VE51G,GE52P,IE53Y"
3HG1,"SE50Y,VE51G,GE52P,IE53Y",-1.7309221029281616,-1.8396146297454834,2,"3HG1_SE50Y,VE51G,GE52P,IE53Y"
3HG1,"SE50Y,VE51G,GE52P,IE53F,TE100M,EE102G,LE103W,FE104Q",-1.4907034635543823,-2.299553155899048,2,"3HG1_SE50Y,VE51G,GE52P,IE53F,TE100M,EE102G,LE103W,FE104Q"
3HG1,"SE50Y,VE51G,GE52P,IE53F,GE99N,TE100L,EE102G,LE103W",-2.854874610900879,-1.828160047531128,2,"3HG1_SE50Y,VE51G,GE52P,IE53F,GE99N,TE100L,EE102G,LE103W"
3HG1,"SE50W,VE51G,GE52P,IE53F,TE100M,EE102G,LE103W,FE104Q",-2.2953264713287354,-2.032203197479248,2,"3HG1_SE50W,VE51G,GE52P,IE53F,TE100M,EE102G,LE103W,FE104Q"
3HG1,"SE50W,VE51G,GE52P,IE53F,GE99N,TE100L,EE102G,LE103W",-2.980065107345581,-1.22139310836792,2,"3HG1_SE50W,VE51G,GE52P,IE53F,GE99N,TE100L,EE102G,LE103W"
3LZF,DA187E,0.4985881447792053,0.013951994478702545,2,3LZF_DA187E
3LZF,DA222G,0.5380995869636536,1.0814146995544434,2,3LZF_DA222G
3LZF,"DA187E,DA222G",0.12744316458702087,0.9876527190208435,2,"3LZF_DA187E,DA222G"
3Q8D,RA202A,0.45807787775993347,0.8421767354011536,2,3Q8D_RA202A
3Q8D,RA202E,1.383597493171692,0.060850486159324646,2,3Q8D_RA202E
3Q8D,RA209A,1.3232961893081665,2.1266891956329346,2,3Q8D_RA209A
3Q8D,RA209E,3.0309817790985107,0.7004737257957458,2,3Q8D_RA209E
3Q8D,FA227A,0.3026396632194519,1.126667857170105,2,3Q8D_FA227A
3Q8D,FA227D,3.0309817790985107,1.3852157592773438,2,3Q8D_FA227D
3Q8D,RA228A,0.3591063618659973,0.7243806719779968,2,3Q8D_RA228A
3Q8D,RA228E,1.2067546844482422,0.9225841164588928,2,3Q8D_RA228E
3Q8D,RA131A,3.0309817790985107,0.7850415110588074,2,3Q8D_RA131A
3Q8D,RA97A,0.45807787775993347,0.645073652267456,2,3Q8D_RA97A
3Q8D,RA12A,0.3591063618659973,0.8297272324562073,2,3Q8D_RA12A
4HFK,RB22A,1.39213228225708,2.321617364883423,2,4HFK_RB22A
4HFK,LB45A,2.5254640579223633,2.0872325897216797,2,4HFK_LB45A
4HFK,EB46A,1.1885719299316406,1.221004605293274,2,4HFK_EB46A
4HFK,SB48A,0.2015419900417328,0.6966530680656433,2,4HFK_SB48A
4HFK,NB49A,-0.020160991698503494,-0.14031919836997986,2,4HFK_NB49A
4HFK,LB50A,0.0300583578646183,0.5156161189079285,2,4HFK_LB50A
4HFK,EB56A,0.9423989653587341,0.22916993498802185,2,4HFK_EB56A
4HFK,TD72A,1.850210189819336,0.01922895759344101,2,4HFK_TD72A
3KBH,DA20A,0.8734071850776672,0.0031203553080558777,2,3KBH_DA20A
3KBH,YA23A,1.8127912282943726,2.817577600479126,2,3KBH_YA23A
3KBH,YA23F,1.6158939599990845,0.9433600902557373,2,3KBH_YA23F
3KBH,YE17A,0.10001825541257858,0.6520360112190247,2,3KBH_YE17A
3KBH,SE54A,1.8573336601257324,-0.03546730428934097,2,3KBH_SE54A
3KBH,SE54T,2.4906718730926514,-0.2867479920387268,2,3KBH_SE54T
2AW2,PB16A,2.5755908489227295,0.6456615328788757,2,2AW2_PB16A
2AW2,YB22A,1.8850841522216797,1.1856613159179688,2,2AW2_YB22A
2AW2,VB35A,1.0963916778564453,0.7726144194602966,2,2AW2_VB35A
1BJ1,YH27A,2.243532657623291,0.3150266706943512,2,1BJ1_YH27A
1BJ1,YH54A,1.328253984451294,2.015418767929077,2,1BJ1_YH54A
1BJ1,TH59A,0.8510478734970093,1.623942494392395,2,1BJ1_TH59A
1BJ1,YH99A,4.440748691558838,2.0961029529571533,2,1BJ1_YH99A
1BJ1,HH107A,0.7900062203407288,1.934387445449829,2,1BJ1_HH107A
1BJ1,"ML4L,TH28D,NH31H,HH101Y,SH105T",-1.7956174612045288,-0.9579216837882996,2,"1BJ1_ML4L,TH28D,NH31H,HH101Y,SH105T"
1BJ1,"ML4L,TH28D,NH31H,HH101Y,SH105T",-1.4631426334381104,-0.8251639008522034,2,"1BJ1_ML4L,TH28D,NH31H,HH101Y,SH105T"
1CZ8,"LL4M,DH28T,HH31N,YH101H,TH105S",1.7956174612045288,0.9312000274658203,2,"1CZ8_LL4M,DH28T,HH31N,YH101H,TH105S"
1CZ8,"LL4M,DH28T,HH31N,YH101H,TH105S",2.8273136615753174,0.920098602771759,2,"1CZ8_LL4M,DH28T,HH31N,YH101H,TH105S"
1BJ1,"HH101Y,YH103R,SH105T",-1.1736482381820679,-0.01501765102148056,2,"1BJ1_HH101Y,YH103R,SH105T"
1BJ1,"HH101Y,SH105T",-1.3440860509872437,-0.0602569654583931,2,"1BJ1_HH101Y,SH105T"
1BJ1,"HH101Y,YH103I,GH104A,SH105K",-0.4314463436603546,0.2012198567390442,2,"1BJ1_HH101Y,YH103I,GH104A,SH105K"
1BJ1,"HH101Y,YH103W,SH105T",-1.0414464473724365,0.00035869330167770386,2,"1BJ1_HH101Y,YH103W,SH105T"
1BJ1,"HH101Y,YH103R,GH104N,SH105T",-0.7629918456077576,0.3357526957988739,2,"1BJ1_HH101Y,YH103R,GH104N,SH105T"
1BJ1,YH54W,-0.13733132183551788,-0.30843693017959595,2,1BJ1_YH54W
1BJ1,"TH28D,NH31H",-0.693211019039154,-0.9444429278373718,2,"1BJ1_TH28D,NH31H"
1BJ1,"LH72V,TH74V",0.6709600687026978,0.2891501486301422,2,"1BJ1_LH72V,TH74V"
1BJ1,"LH72I,TH74K",0.07655175030231476,-0.7606251835823059,2,"1BJ1_LH72I,TH74K"
1BJ1,"TH28D,NH31H,YH54W,HH101Y,SH105T",-1.204037070274353,-1.6393789052963257,2,"1BJ1_TH28D,NH31H,YH54W,HH101Y,SH105T"
1BJ1,"TH28D,NH31H,HH101Y,SH105T",-1.7547425031661987,-0.7331750988960266,2,"1BJ1_TH28D,NH31H,HH101Y,SH105T"
1BJ1,TH28D,-0.22013357281684875,-0.1098029762506485,2,1BJ1_TH28D
1BJ1,NH31H,-0.7629918456077576,-0.005630172789096832,2,1BJ1_NH31H
1BJ1,HH101Y,-1.584304690361023,-0.2992563545703888,2,1BJ1_HH101Y
1BJ1,SH105T,-0.39057138562202454,0.34219643473625183,2,1BJ1_SH105T
1BJ1,"HH101Y,YH103R,GH104D,SH105N",-0.995850682258606,1.115631341934204,2,"1BJ1_HH101Y,YH103R,GH104D,SH105N"
1CZ8,"LL4M,DH28T,HH31N,YH103R",0.6219692230224609,1.0930144786834717,2,"1CZ8_LL4M,DH28T,HH31N,YH103R"
1CZ8,"LL4M,DH28T,HH31N",0.45153138041496277,0.9935029149055481,2,"1CZ8_LL4M,DH28T,HH31N"
1CZ8,"LL4M,DH28T,HH31N,TH105K,YH103I,GH104A",1.3641711473464966,1.556491732597351,2,"1CZ8_LL4M,DH28T,HH31N,TH105K,YH103I,GH104A"
1CZ8,"LL4M,DH28T,HH31N,YH103W",0.7541710138320923,0.7275741696357727,2,"1CZ8_LL4M,DH28T,HH31N,YH103W"
1CZ8,"LL4M,DH28T,HH31N,YH103R,GH104N",1.032625675201416,1.6023236513137817,2,"1CZ8_LL4M,DH28T,HH31N,YH103R,GH104N"
1CZ8,"LL4M,DH28T,HH31N,YH101H,TH105S,YH54W",1.6582860946655273,-1.909071683883667,2,"1CZ8_LL4M,DH28T,HH31N,YH101H,TH105S,YH54W"
1CZ8,"LL4M,YH101H,TH105S",1.10240638256073,0.18339741230010986,2,"1CZ8_LL4M,YH101H,TH105S"
1CZ8,"LL4M,DH28T,HH31N,YH101H,TH105S,LH72V,TH74V",2.4665775299072266,0.6212472915649414,2,"1CZ8_LL4M,DH28T,HH31N,YH101H,TH105S,LH72V,TH74V"
1CZ8,"LL4M,DH28T,HH31N,YH101H,TH105S,LH72I,TH74K",1.8721692562103271,-0.168818861246109,2,"1CZ8_LL4M,DH28T,HH31N,YH101H,TH105S,LH72I,TH74K"
1CZ8,"LL4M,YH54W",0.5915803909301758,-0.6908061504364014,2,"1CZ8_LL4M,YH54W"
1CZ8,LL4M,0.040874965488910675,0.42886993288993835,2,1CZ8_LL4M
1CZ8,"LL4M,HH31N,YH101H,TH105S",1.5754839181900024,0.43194061517715454,2,"1CZ8_LL4M,HH31N,YH101H,TH105S"
1CZ8,"LL4M,DH28T,YH101H,TH105S",1.032625675201416,0.680406391620636,2,"1CZ8_LL4M,DH28T,YH101H,TH105S"
1CZ8,"LL4M,DH28T,HH31N,TH105S",0.21131277084350586,0.6464946866035461,2,"1CZ8_LL4M,DH28T,HH31N,TH105S"
1CZ8,"LL4M,DH28T,HH31N,YH101H",1.4050461053848267,1.1323866844177246,2,"1CZ8_LL4M,DH28T,HH31N,YH101H"
1CZ8,"LL4M,DH28T,HH31N,TH105N,YH103R,GH104D",0.7997667789459229,1.8763911724090576,2,"1CZ8_LL4M,DH28T,HH31N,TH105N,YH103R,GH104D"
3BDY,"DL28N,PL30A,RL31K,SL32T,YL57F,TL97S,TL98S",-0.9735997319221497,-0.23379266262054443,2,"3BDY_DL28N,PL30A,RL31K,SL32T,YL57F,TL97S,TL98S"
3BDY,"DL28N,PL30A,RL31K,SL32T,YL57F,TL97S,TL98S,KH31S,DH32G,TH55S,NH56E,GH101V,DH103V",-2.728342294692993,-2.448045492172241,2,"3BDY_DL28N,PL30A,RL31K,SL32T,YL57F,TL97S,TL98S,KH31S,DH32G,TH55S,NH56E,GH101V,DH103V"
3BDY,"DL28N,PL30A,RL31K,SL32T,TL97S,TL98S",-0.9535146951675415,-0.39431872963905334,2,"3BDY_DL28N,PL30A,RL31K,SL32T,TL97S,TL98S"
3BDY,"DL28N,PL30A,RL31K,SL32T,TL97S,TL98S,KH31S,DH32G,TH55S,NH56E,GH101V,DH103V",-2.671875476837158,-2.260957956314087,2,"3BDY_DL28N,PL30A,RL31K,SL32T,TL97S,TL98S,KH31S,DH32G,TH55S,NH56E,GH101V,DH103V"
3BDY,"DL28N,PL30A,RL31K,SL32T,TL97S,TL98S,KH31S,DH32G,TH55S,NH56E,GH101V,DH103V,RH51A,RH60A",-2.728342294692993,0.5539169907569885,2,"3BDY_DL28N,PL30A,RL31K,SL32T,TL97S,TL98S,KH31S,DH32G,TH55S,NH56E,GH101V,DH103V,RH51A,RH60A"
2NY7,"WG13M,SG92T,WG181S,MG231A,CG14W,CG110V,CG27I,CG226Q",-0.3037257194519043,0.11859410256147385,2,"2NY7_WG13M,SG92T,WG181S,MG231A,CG14W,CG110V,CG27I,CG226Q"
2NY7,"WG13M,MG231A,CG14W,CG110V,CG27I,CG226Q",0.449248343706131,-0.023911945521831512,2,"2NY7_WG13M,MG231A,CG14W,CG110V,CG27I,CG226Q"
2NY7,"KG66C,EG103C,WG13M,MG231A,CG14W,CG110V,CG27I,CG226Q",0.3000297248363495,0.1714114248752594,2,"2NY7_KG66C,EG103C,WG13M,MG231A,CG14W,CG110V,CG27I,CG226Q"
2NY7,"WG13M,MG231A,CG14W,CG110V",1.1579517126083374,0.0904800072312355,2,"2NY7_WG13M,MG231A,CG14W,CG110V"
2NY7,"KG66C,EG102C,WG13M,MG231A,CG14W,CG110V,CG27I,CG226Q",0.3999813199043274,0.31279829144477844,2,"2NY7_KG66C,EG102C,WG13M,MG231A,CG14W,CG110V,CG27I,CG226Q"
2NY7,"GG229C,WG13M,MG231A,CG14W,CG110V,CG27I,CG226Q",0.2147209495306015,0.03897585719823837,2,"2NY7_GG229C,WG13M,MG231A,CG14W,CG110V,CG27I,CG226Q"
2NY7,"CG27I,CG226Q,MG231A",0.20328329503536224,0.4674769341945648,2,"2NY7_CG27I,CG226Q,MG231A"
2NY7,"CG27I,CG226Q",0.1998084932565689,0.10197851806879044,2,"2NY7_CG27I,CG226Q"
2NY7,"WG13M,MG231A,CG14W,CG110V,KG66C,EG102C",0.5512619614601135,0.3664108216762543,2,"2NY7_WG13M,MG231A,CG14W,CG110V,KG66C,EG102C"
2NY7,"KG66C,EG102C,CG27I,CG226Q",0.040874965488910675,0.5383818745613098,2,"2NY7_KG66C,EG102C,CG27I,CG226Q"
2NY7,"GG229C,MG231A",-0.37896695733070374,0.7731934189796448,2,"2NY7_GG229C,MG231A"
2NZ9,SA874A,-0.12034162133932114,-0.12947484850883484,2,2NZ9_SA874A
2NZ9,KA875A,0.5445982217788696,0.5269250273704529,2,2NZ9_KA875A
2NZ9,QA887A,0.09997596591711044,0.6941138505935669,2,2NZ9_QA887A
2NZ9,FA889A,-0.04996808245778084,1.201707124710083,2,2NZ9_FA889A
2NZ9,NA890A,2.175600290298462,0.8916807770729065,2,2NZ9_NA890A
2NZ9,LA891A,2.2963976860046387,3.3328697681427,2,2NZ9_LA891A
2NZ9,EA892A,2.790327548980713,4.746609210968018,2,2NZ9_EA892A
2NZ9,KA895A,-0.3019140660762787,-0.07821791619062424,2,2NZ9_KA895A
2NZ9,FA925A,3.364515542984009,2.7335691452026367,2,2NZ9_FA925A
2NZ9,NA926A,-0.1532640904188156,0.32955482602119446,2,2NZ9_NA926A
2NZ9,SA927A,-0.07911093533039093,0.6075145602226257,2,2NZ9_SA927A
2NZ9,IA928A,0.06978078931570053,0.7796360850334167,2,2NZ9_IA928A
2NZ9,KA1028A,-0.008777227252721786,0.08843300491571426,2,2NZ9_KA1028A
2NZ9,DA1030A,-0.03130663186311722,-0.015249304473400116,2,2NZ9_DA1030A
2NZ9,RA1033A,0.292977511882782,1.2320034503936768,2,2NZ9_RA1033A
2NZ9,DA1034A,2.356466054916382,3.3588075637817383,2,2NZ9_DA1034A
2NZ9,TA1035A,2.3874666690826416,3.0628397464752197,2,2NZ9_TA1035A
2NZ9,HA1036A,7.473180770874023,3.8581759929656982,2,2NZ9_HA1036A
2NZ9,RA1266A,0.3929699659347534,0.4956250488758087,2,2NZ9_RA1266A
2NZ9,"SD29K,DD30Y,HD31D",-0.04996808245778084,0.5655171871185303,2,"2NZ9_SD29K,DD30Y,HD31D"
3NGB,TH33Y,0.08423155546188354,-0.7580986618995667,2,3NGB_TH33Y
3NGB,GH55S,0.7433762550354004,-0.19733166694641113,2,3NGB_GH55S
3NGB,AH57G,-0.056055422872304916,-1.3629276752471924,2,3NGB_AH57G
3NGB,VH58T,0.13793396949768066,0.6629467606544495,2,3NGB_VH58T
3NGB,PH63K,0.23262739181518555,-0.9389797449111938,2,3NGB_PH63K
3NGB,VH74T,0.16501310467720032,-0.08369825035333633,2,3NGB_VH74T
3NGB,YH75S,0.3327198326587677,0.6912770867347717,2,3NGB_YH75S
3NGB,IH30T,0.07342666387557983,-0.2554881274700165,2,3NGB_IH30T
3NGB,KH52N,0.175048366189003,0.6257894039154053,2,3NGB_KH52N
3NGB,RH54N,0.046471256762742996,0.207599937915802,2,3NGB_RH54N
3NGB,RH62Q,0.09659314900636673,0.5052110552787781,2,3NGB_RH62Q
3NGB,YL26S,0.651560366153717,0.5484572052955627,2,3NGB_YL26S
3NGB,"AH57G,VH58T,PH63K,VH74T",1.6741704940795898,-1.604541540145874,2,"3NGB_AH57G,VH58T,PH63K,VH74T"
3NGB,"TH33Y,GH56S,AH57G,VH58T,PH63K,VH74T,YH75S",1.9390616416931152,-1.1821210384368896,2,"3NGB_TH33Y,GH56S,AH57G,VH58T,PH63K,VH74T,YH75S"
3NGB,"IH30T,KH52N,RH54N,GH55S,AH57G,VH58T,RH62Q,PH63K,VH74T,YH75S,YL26S",0.8625305891036987,0.31510746479034424,2,"3NGB_IH30T,KH52N,RH54N,GH55S,AH57G,VH58T,RH62Q,PH63K,VH74T,YH75S,YL26S"
3NGB,"CH32S,CH102A",0.2591139078140259,-0.20587751269340515,2,"3NGB_CH32S,CH102A"
1E50,DA8A,-0.4022527039051056,0.5048875212669373,2,1E50_DA8A
1E50,NA11A,0.6784359216690063,0.8592327237129211,2,1E50_NA11A
1E50,MA48A,1.3202656507492065,1.1533427238464355,2,1E50_MA48A
1E50,NA51A,2.4327139854431152,1.0371403694152832,2,1E50_NA51A
1E50,YA55A,0.9449900388717651,2.809392213821411,2,1E50_YA55A
1E50,SA56A,0.9783764481544495,0.31223568320274353,2,1E50_SA56A
1E50,TA91A,1.513062834739685,1.0838888883590698,2,1E50_TA91A
1E50,VA101A,-0.04390541464090347,1.1898307800292969,2,1E50_VA101A
1E50,TA103A,2.185483932495117,0.5329108834266663,2,1E50_TA103A
1E50,RB32A,1.774827480316162,0.9032926559448242,2,1E50_RB32A
1E50,VB57A,0.0,0.5960014462471008,2,1E50_VB57A
1E50,NB62A,0.9096092581748962,0.39184603095054626,2,1E50_NB62A
1E50,SB64A,0.11502811312675476,0.6011926531791687,2,1E50_SB64A
1E50,DA8A,-0.23009097576141357,0.5097232460975647,2,1E50_DA8A
1E50,NA51A,1.407914400100708,1.0371403694152832,2,1E50_NA51A
1E50,"DA52A,EA53A",0.3910408318042755,0.49996522068977356,2,"1E50_DA52A,EA53A"
1E50,YA55A,0.883733868598938,2.809392213821411,2,1E50_YA55A
1E50,RA84A,-0.1912277340888977,0.33465471863746643,2,1E50_RA84A
1E50,KA86M,0.32008570432662964,0.07900961488485336,2,1E50_KA86M
1E50,TA91A,1.0438679456710815,1.0838888883590698,2,1E50_TA91A
1E50,NB62A,1.020007610321045,0.49092963337898254,2,1E50_NB62A
1E50,NB99A,1.407914400100708,1.6719577312469482,2,1E50_NB99A
4EKD,CA147R,-0.05646670609712601,-0.6093848347663879,2,4EKD_CA147R
4JGH,WD44A,2.049182891845703,0.36625736951828003,2,4JGH_WD44A
4KRO,RB15A,1.5840085744857788,0.5738127827644348,2,4KRO_RB15A
4KRO,DB92A,1.5048975944519043,0.36490973830223083,2,4KRO_DB92A
4KRO,"DA321T,FA323A",0.12702755630016327,1.0497896671295166,2,"4KRO_DA321T,FA323A"
4KRP,EB105A,1.606764316558838,1.3615857362747192,2,4KRP_EB105A
4KRP,"DA277T,FA279A",0.358457088470459,1.0242183208465576,2,"4KRP_DA277T,FA279A"
4MYW,IB48A,2.573214054107666,0.7077849507331848,2,4MYW_IB48A
4MYW,"TB31A,QB32A,EB93A,NB101A",-0.5298199653625488,-0.16415762901306152,2,"4MYW_TB31A,QB32A,EB93A,NB101A"
4RA0,"SC6G,GC61D,AC66V,RC101G",1.4830588102340698,0.9009847044944763,2,"4RA0_SC6G,GC61D,AC66V,RC101G"
4RA0,"GC61D,AC66V,RC101G",1.5820304155349731,0.8216265439987183,2,"4RA0_GC61D,AC66V,RC101G"
4RA0,"SC6G,AC66V,RC101G",0.9792775511741638,0.8570401072502136,2,"4RA0_SC6G,AC66V,RC101G"
4RA0,"SC6G,GC61D,AC66V,RC101G",0.883733868598938,0.9009847044944763,2,"4RA0_SC6G,GC61D,AC66V,RC101G"
4RA0,"SC6G,GC61D,AC66V",1.4648281335830688,0.732581377029419,2,"4RA0_SC6G,GC61D,AC66V"
4RA0,"AC66V,RC101G",0.9535146951675415,0.6249018907546997,2,"4RA0_AC66V,RC101G"
4RA0,"GC61D,AC66V,RC101G",0.6360629796981812,0.809590220451355,2,"4RA0_GC61D,AC66V,RC101G"
4RA0,"GC61D,AC66V",1.5179190635681152,0.9105365872383118,2,"4RA0_GC61D,AC66V"
4RA0,"SC6G,AC66V",0.9219698905944824,0.7592625021934509,2,"4RA0_SC6G,AC66V"
4RA0,"SC6G,GC61D,AC66V",0.8267732858657837,0.732581377029419,2,"4RA0_SC6G,GC61D,AC66V"
4RA0,"SC6G,AC66V,RC101G",0.44268864393234253,0.885184645652771,2,"4RA0_SC6G,AC66V,RC101G"
4RA0,"SC6G,AC66V",0.6131264567375183,0.6672690510749817,2,"4RA0_SC6G,AC66V"
4RA0,"GC61D,AC66V",0.6863617897033691,0.9056069850921631,2,"4RA0_GC61D,AC66V"
4RA0,AC66V,0.9311553239822388,0.3418215811252594,2,4RA0_AC66V
4RA0,RC101G,0.24748805165290833,0.3216034770011902,2,4RA0_RC101G
4X4M,KE153A,0.6395467519760132,0.3672739267349243,2,4X4M_KE153A
4X4M,HE154A,0.38309553265571594,1.0211254358291626,2,4X4M_HE154A
4X4M,RE155A,1.7401713132858276,0.5116199254989624,2,4X4M_RE155A
4X4M,"KE153A,HE154A,RE155A",1.7881416082382202,1.519519329071045,2,"4X4M_KE153A,HE154A,RE155A"
4X4M,KE153E,0.9535146951675415,0.4257718026638031,2,4X4M_KE153E
4X4M,HE154E,1.9851295948028564,-0.048221804201602936,2,4X4M_HE154E
4X4M,RE155E,0.641829788684845,-0.8419026732444763,2,4X4M_RE155E
4RS1,"RB47A,EB48A,HB52A",-0.5465883016586304,1.1779323816299438,2,"4RS1_RB47A,EB48A,HB52A"
4RS1,"NB116A,SB117A,KB118A,RB119A",-0.046389494091272354,1.0298705101013184,2,"4RS1_NB116A,SB117A,KB118A,RB119A"
4RS1,"LB146A,TB147A,SB148A",-0.2159343957901001,2.9080212116241455,2,"4RS1_LB146A,TB147A,SB148A"
4RS1,NB150A,-0.046389494091272354,0.5973976254463196,2,4RS1_NB150A
4RS1,YB151A,-0.6558536291122437,0.6047546863555908,2,4RS1_YB151A
4RS1,YB151F,-0.4490576684474945,-0.2863113582134247,2,4RS1_YB151F
4RS1,TB172A,0.4807125926017761,0.3502075970172882,2,4RS1_TB172A
4RS1,KB174A,0.8712080121040344,0.661234438419342,2,4RS1_KB174A
4RS1,IB175A,-0.2759808897972107,0.28326746821403503,2,4RS1_IB175A
4RS1,EB176A,-0.6945897936820984,-0.33777984976768494,2,4RS1_EB176A
4RS1,"YB201A,YB206A",0.7209311723709106,1.6711599826812744,2,"4RS1_YB201A,YB206A"
4RS1,QB202A,1.354171633720398,-0.5802136063575745,2,4RS1_QB202A
4RS1,KB203A,0.27628159523010254,0.6294471025466919,2,4RS1_KB203A
4RS1,LB204A,0.07225450128316879,1.3562302589416504,2,4RS1_LB204A
4RS1,SB205A,0.6159898042678833,-0.04244620352983475,2,4RS1_SB205A
4RS1,EA25A,1.5025767087936401,1.6190234422683716,2,4RS1_EA25A
4RS1,EA25K,2.1401376724243164,1.1539556980133057,2,4RS1_EA25K
4RS1,DA28A,2.5922298431396484,1.9582239389419556,2,4RS1_DA28A
4RS1,DA28K,3.6194357872009277,-0.15417775511741638,2,4RS1_DA28K
4RS1,QA79A,0.4699510633945465,0.3386184871196747,2,4RS1_QA79A
4RS1,QA79E,1.2121529579162598,0.37588873505592346,2,4RS1_QA79E
4RS1,DA92A,2.133366584777832,0.3820074796676636,2,4RS1_DA92A
4RS1,DA92K,3.2598674297332764,-0.6330284476280212,2,4RS1_DA92K
4RS1,LA95A,2.365586757659912,3.260728120803833,2,4RS1_LA95A
4RS1,FA99A,3.6263248920440674,1.4119083881378174,2,4RS1_FA99A
4RS1,"LA95A,FA99A",4.122901916503906,3.9857709407806396,2,"4RS1_LA95A,FA99A"
4RS1,"EA25K,DA28K",4.122901916503906,-0.1194332018494606,2,"4RS1_EA25K,DA28K"
4RS1,"EA25K,DA92K",4.122901916503906,1.02219557762146,2,"4RS1_EA25K,DA92K"
4RS1,"DA28K,DA92K",4.122901916503906,-0.5424756407737732,2,"4RS1_DA28K,DA92K"
4RS1,EA88A,0.476552277803421,1.353007197380066,2,4RS1_EA88A
4RS1,EA88Q,0.924957275390625,0.8489495515823364,2,4RS1_EA88Q
4RS1,EA88K,0.336503267288208,0.9375216364860535,2,4RS1_EA88K
4RS1,NA89D,0.29562830924987793,-0.4060594141483307,2,4RS1_NA89D
4RS1,NA89A,1.2900179624557495,0.4769948422908783,2,4RS1_NA89A
4RS1,NA89K,0.9101451635360718,0.6579967141151428,2,4RS1_NA89K
4RS1,KA91A,-0.11502811312675476,0.8501372933387756,2,4RS1_KA91A
4RS1,KA91Q,0.274082213640213,0.25877922773361206,2,4RS1_KA91Q
4RS1,KA91E,0.12519049644470215,-0.18581560254096985,2,4RS1_KA91E
4RS1,DA92N,1.4300669431686401,-0.04167401045560837,2,4RS1_DA92N
4RS1,DA92A,1.7201007604599,0.3844236731529236,2,4RS1_DA92A
4RS1,DA92R,3.130221366882324,-0.7485106587409973,2,4RS1_DA92R
4RS1,DA92K,3.977485179901123,-0.4040314853191376,2,4RS1_DA92K
4RS1,IA6G,0.8562873601913452,2.2355239391326904,2,4RS1_IA6G
4RS1,EA8R,0.39442384243011475,-0.38616207242012024,2,4RS1_EA8R
4RS1,RA10D,0.17839030921459198,0.6760483384132385,2,4RS1_RA10D
4RS1,RA11D,0.19012241065502167,0.33649715781211853,2,4RS1_RA11D
2REX,LA70Y,0.5577501058578491,0.10254242271184921,2,2REX_LA70Y
2REX,YB97F,0.0,-0.14046171307563782,2,2REX_YB97F
3NGB,IH30A,-0.0026991029735654593,-0.043509744107723236,2,3NGB_IH30A
3NGB,TH33A,0.6958054304122925,0.6807430386543274,2,3NGB_TH33A
3NGB,WH47A,1.1828622817993164,0.8080160617828369,2,3NGB_WH47A
3NGB,WH50A,1.2710461616516113,1.9822144508361816,2,3NGB_WH50A
3NGB,KH52A,0.6128783822059631,1.2954108715057373,2,3NGB_KH52A
3NGB,RH54A,-0.2552182078361511,0.8217621445655823,2,3NGB_RH54A
3NGB,GH55A,-1.2561542987823486,0.16628962755203247,2,3NGB_GH55A
3NGB,GH56A,1.2452833652496338,0.7734398245811462,2,3NGB_GH56A
3NGB,VH58A,1.336610198020935,1.3163526058197021,2,3NGB_VH58A
3NGB,NH59A,1.7387419939041138,0.962704598903656,2,3NGB_NH59A
3NGB,YH60A,0.5396178364753723,1.2721476554870605,2,3NGB_YH60A
3NGB,RH62A,0.9798502326011658,1.2726078033447266,2,3NGB_RH62A
3NGB,PH63A,-0.04183751717209816,0.11174481362104416,2,3NGB_PH63A
3NGB,QH65A,-0.33492130041122437,0.5748140811920166,2,3NGB_QH65A
3NGB,MH70A,0.5220298767089844,1.0752558708190918,2,3NGB_MH70A
3NGB,RH72A,1.6168254613876343,2.508859872817993,2,3NGB_RH72A
3NGB,VH74A,1.070440649986267,0.7256622314453125,2,3NGB_VH74A
3NGB,YH75A,-0.19612087309360504,1.0242599248886108,2,3NGB_YH75A
3NGB,DH103A,0.058909811079502106,0.7644797563552856,2,3NGB_DH103A
3NGB,YH104A,1.400721549987793,2.8158962726593018,2,3NGB_YH104A
3NGB,NH105A,1.1006083488464355,0.8060541749000549,2,3NGB_NH105A
3NGB,WH106A,4.390828609466553,1.1653677225112915,2,3NGB_WH106A
3NGB,VL1A,-0.7609419822692871,-0.0425867959856987,2,3NGB_VL1A
3NGB,QL25A,-0.22690452635288239,-0.03656832128763199,2,3NGB_QL25A
3NGB,YL26A,0.9694560766220093,1.1621649265289307,2,3NGB_YL26A
3NGB,SL28A,-0.1423875093460083,0.7948355078697205,2,3NGB_SL28A
3NGB,YL87A,1.9902998208999634,2.1126339435577393,2,3NGB_YL87A
3NGB,EL88A,1.2987502813339233,2.337740659713745,2,3NGB_EL88A
3NGB,FL89A,0.8450669050216675,1.3104177713394165,2,3NGB_FL89A
3QHY,NB10A,2.2552647590637207,1.1371128559112549,2,3QHY_NB10A
3QHY,DB12A,2.2552647590637207,0.6841627359390259,2,3QHY_DB12A
3QHY,WB13A,2.8636953830718994,0.41523978114128113,2,3QHY_WB13A
3QHY,TB17A,0.05646670609712601,-0.08727779239416122,2,3QHY_TB17A
3QHY,YB33A,2.9032068252563477,3.75496506690979,2,3QHY_YB33A
3QHY,FB34A,3.984496593475342,2.782574415206909,2,3QHY_FB34A
3QHY,LB51A,0.8163550496101379,0.9676992297172546,2,3QHY_LB51A
3QHY,NB72A,1.6057047843933105,1.8876914978027344,2,3QHY_NB72A
3QHY,YB73A,0.8012278079986572,1.560725212097168,2,3QHY_YB73A
3QHY,DB91A,1.8893908262252808,0.5861655473709106,2,3QHY_DB91A
3QHY,WB112A,3.7898736000061035,4.003214359283447,2,3QHY_WB112A
3QHY,DB127A,0.3802676200866699,1.8914260864257812,2,3QHY_DB127A
3QHY,SB129A,-0.08478038012981415,0.4658028781414032,2,3QHY_SB129A
3QHY,DB130A,0.961361825466156,0.177083820104599,2,3QHY_DB130A
3QHY,YB151A,3.4235925674438477,2.1562232971191406,2,3QHY_YB151A
3QHY,DB166A,3.498105049133301,0.4546763300895691,2,3QHY_DB166A
3QHY,YB168A,1.7433984279632568,2.022304058074951,2,3QHY_YB168A
3QHY,FB169A,2.062467575073242,2.4522345066070557,2,3QHY_FB169A
3QHY,IB189A,3.067734956741333,2.5628340244293213,2,3QHY_IB189A
3QHY,FB190A,3.075479507446289,4.430222988128662,2,3QHY_FB190A
3QHY,YB208A,0.2402186095714569,1.4511387348175049,2,3QHY_YB208A
3QHY,EB228A,3.0129363536834717,2.347113609313965,2,3QHY_EB228A
3QHY,WB229A,5.432499408721924,5.638826847076416,2,3QHY_WB229A
3QHY,RB246A,0.5349057912826538,1.2306019067764282,2,3QHY_RB246A
3QHY,NB264A,2.695870876312256,2.2293758392333984,2,3QHY_NB264A
5M2O,IB17A,2.026362180709839,2.096029043197632,2,5M2O_IB17A
5M2O,SB18A,0.047044701874256134,1.5924731492996216,2,5M2O_SB18A
5M2O,VB21A,2.4438414573669434,1.4762747287750244,2,5M2O_VB21A
5M2O,QB25A,1.144911289215088,0.6834631562232971,2,5M2O_QB25A
5M2O,KB32A,1.0636261701583862,0.20718669891357422,2,5M2O_KB32A
5M2O,QB61A,-0.15775099396705627,0.20950669050216675,2,5M2O_QB61A
5M2O,LB65A,0.8506515026092529,1.632524013519287,2,5M2O_LB65A
5M2O,"VB21A,QB25A",3.317598819732666,0.00290641188621521,2,"5M2O_VB21A,QB25A"
5M2O,NA64A,0.041853416711091995,0.31740227341651917,2,5M2O_NA64A
5M2O,NA71A,0.15484607219696045,0.7768102288246155,2,5M2O_NA71A
5M2O,KA73A,-0.7570759654045105,0.3337936997413635,2,5M2O_KA73A
5M2O,LA75A,1.6270339488983154,1.5782477855682373,2,5M2O_LA75A
5M2O,EA80A,0.6998547911643982,0.450464129447937,2,5M2O_EA80A
5M2O,HA117A,0.8830339908599854,1.0981290340423584,2,5M2O_HA117A
5M2O,NA120A,0.44989702105522156,1.454467535018921,2,5M2O_NA120A
5M2O,"EA80A,HA117A",2.5299770832061768,1.333688497543335,2,"5M2O_EA80A,HA117A"
5M2O,"NA71A,HA117A",2.286818265914917,1.2290444374084473,2,"5M2O_NA71A,HA117A"
5M2O,"NA71A,NA120A",2.4594626426696777,2.066657781600952,2,"5M2O_NA71A,NA120A"
5M2O,"NA71A,EA80A",1.0289419889450073,1.0867558717727661,2,"5M2O_NA71A,EA80A"
5M2O,"EA80A,HA117A",2.5299770832061768,1.3303672075271606,2,"5M2O_EA80A,HA117A"
5M2O,"EA80A,NA120A",1.210966944694519,2.180577516555786,2,"5M2O_EA80A,NA120A"
5M2O,"HA117A,NA120A",2.338982105255127,1.5644201040267944,2,"5M2O_HA117A,NA120A"
1YCS,RA177H,-0.1188877522945404,-0.8962060809135437,2,1YCS_RA177H
1YCS,"MA37L,VA107A,NA143Y,NA172D",-0.13897278904914856,-0.39791759848594666,2,"1YCS_MA37L,VA107A,NA143Y,NA172D"
1YCS,"MA37L,VA107A,NA143Y,NA172D,VA47A",0.14287693798542023,-0.31360214948654175,2,"1YCS_MA37L,VA107A,NA143Y,NA172D,VA47A"
1YCS,"MA37L,VA107A,NA143Y,NA172D,RA153S,HA72R",0.5096279382705688,0.26390138268470764,2,"1YCS_MA37L,VA107A,NA143Y,NA172D,RA153S,HA72R"
1YCS,"MA37L,VA107A,NA143Y,NA172D,FA174L",-0.18866854906082153,-0.6910322308540344,2,"1YCS_MA37L,VA107A,NA143Y,NA172D,FA174L"
1YCS,"MA37L,VA107A,NA143Y,NA172D,RA186W",0.051550064235925674,-0.6664820313453674,2,"1YCS_MA37L,VA107A,NA143Y,NA172D,RA186W"
2KSO,KA10D,0.33154547214508057,-0.313672810792923,2,2KSO_KA10D
2KSO,KA49D,1.3409347534179688,1.001733422279358,2,2KSO_KA49D
2KSO,KA49E,1.3409347534179688,0.7397100329399109,2,2KSO_KA49E
2KSO,"KA10D,DB25K",0.38742002844810486,-0.13580873608589172,2,"2KSO_KA10D,DB25K"
2KSO,"KA10E,EB27K",0.6432303786277771,0.5867605805397034,2,"2KSO_KA10E,EB27K"
2KSO,"KA49D,DB36K",0.176107257604599,0.5191591382026672,2,"2KSO_KA49D,DB36K"
2KSO,RA43E,-0.6623793244361877,-0.2669302523136139,2,2KSO_RA43E
2KSO,"RA43E,HB20R",-0.8213128447532654,-0.6542043089866638,2,"2KSO_RA43E,HB20R"
2KSO,"RA43E,HB20E",0.45456182956695557,1.536717176437378,2,"2KSO_RA43E,HB20E"
2KSO,HB20E,-0.15543822944164276,1.0027742385864258,2,2KSO_HB20E
1ACB,LI38G,6.118068695068359,3.230095148086548,3,1ACB_LI38G
1ACB,LI38S,5.020848274230957,5.3637847900390625,3,1ACB_LI38S
1ACB,LI38P,6.94906759262085,7.462890625,3,1ACB_LI38P
1ACB,LI38I,4.2901506423950195,4.625597953796387,3,1ACB_LI38I
1ACB,LI38D,6.866745948791504,7.398822784423828,3,1ACB_LI38D
1ACB,LI38E,6.646428108215332,6.077847957611084,3,1ACB_LI38E
1Y34,AI41E,-3.054218292236328,-3.353785276412964,3,1Y34_AI41E
1Y3C,AI43R,-1.2561542987823486,-1.6128342151641846,3,1Y3C_AI43R
1Y48,AI46R,-3.756010055541992,-5.363489627838135,3,1Y48_AI46R
1B3S,AA102H,-5.68190336227417,-5.941057205200195,3,1B3S_AA102H
1B3S,FD30Y,0.5960938334465027,-0.0748487338423729,3,1B3S_FD30Y
1B3S,"AA102H,FD30Y",-5.549701690673828,-5.0807905197143555,3,"1B3S_AA102H,FD30Y"
1M9E,AD76H,-1.009981393814087,-1.4119033813476562,3,1M9E_AD76H
2GYK,AA49D,-5.918128490447998,-3.13917875289917,3,2GYK_AA49D
2B0Z,IB87F,-2.528998613357544,-1.680562973022461,3,2B0Z_IB87F
2B11,WB87F,-0.7541710138320923,0.7530446648597717,3,2B11_WB87F
2PCC,DA34A,-0.8970479965209961,0.6232121586799622,3,2PCC_DA34A
2PCC,VA197A,2.1026816368103027,1.0738935470581055,3,2PCC_VA197A
2PCC,EA290A,6.202554702758789,0.5701425075531006,3,2PCC_EA290A
2PCC,KB92A,0.9018709659576416,0.8572788834571838,3,2PCC_KB92A
2PCC,"KB92A,DA34A",0.20301209390163422,1.9740794897079468,3,"2PCC_KB92A,DA34A"
2PCC,"KB92A,VA197A",1.5015023946762085,2.4562227725982666,3,"2PCC_KB92A,VA197A"
2PCC,KB77A,0.30366912484169006,0.462645947933197,3,2PCC_KB77A
2PCC,"KB77A,VA197A",2.800978183746338,1.4853440523147583,3,"2PCC_KB77A,VA197A"
2PCC,"KB77A,EA290A",1.102177381515503,0.6213022470474243,3,"2PCC_KB77A,EA290A"
2PCC,AB86G,1.9018551111221313,-1.1883792877197266,3,2PCC_AB86G
2PCC,"AB86G,DA34A",-0.0978018268942833,0.08027424663305283,3,"2PCC_AB86G,DA34A"
2PCC,"AB86G,VA197A",2.1026816368103027,0.6410501599311829,3,"2PCC_AB86G,VA197A"
2AJF,KE22R,-0.007359746843576431,-0.4255206286907196,3,2AJF_KE22R
2AJF,FE38S,-0.08225392550230026,0.16271936893463135,3,2AJF_FE38S
2AJF,NE151K,2.0126030445098877,0.20214185118675232,3,2AJF_NE151K
2AJF,TE159S,1.8239344358444214,-0.15082144737243652,3,2AJF_TE159S
2A9K,GB55D,2.317685842514038,0.19245345890522003,3,2A9K_GB55D
2A9K,EB65A,3.0309817790985107,1.0626165866851807,3,2A9K_EB65A
1N8O,ME80L,-0.0624210461974144,-1.0540765523910522,3,1N8O_ME80L
1N8O,ME80K,1.4597147703170776,3.797489881515503,3,1N8O_ME80K
1N8O,ME80R,1.34917151927948,4.0076518058776855,3,1N8O_ME80R
1XXM,"AC74K,AC142F,AC143Y,AA79E,AA80Y",-2.412727117538452,-3.3334672451019287,3,"1XXM_AC74K,AC142F,AC143Y,AA79E,AA80Y"
1S0W,AC142F,-2.102992057800293,-3.344093084335327,3,1S0W_AC142F
3BN9,QB23A,-0.41549280285835266,0.06710847467184067,3,3BN9_QB23A
3BN9,IB26A,0.0,0.04310470074415207,3,3BN9_IB26A
3BN9,IB45A,0.8355894684791565,0.06619476526975632,3,3BN9_IB45A
3BN9,DB46A,0.4225773811340332,0.5137820839881897,3,3BN9_DB46A
3BN9,DB47A,0.3112468421459198,2.231978178024292,3,3BN9_DB47A
3BN9,RB48A,-0.04501800239086151,0.6765264868736267,3,3BN9_RB48A
3BN9,FB50A,-0.04501800239086151,-0.2052856683731079,3,3BN9_FB50A
3BN9,RB51A,-0.07158980518579483,0.6431962251663208,3,3BN9_RB51A
3BN9,YB52A,0.01896008290350437,0.3740617632865906,3,3BN9_YB52A
3BN9,RB82A,-0.1593041568994522,0.009160643443465233,3,3BN9_RB82A
3BN9,FB89A,0.6395281553268433,0.676788330078125,3,3BN9_FB89A
3BN9,NB90A,0.7736906409263611,0.46338754892349243,3,3BN9_NB90A
3BN9,DB91A,6.698209762573242,1.4117345809936523,3,3BN9_DB91A
3BN9,FB92A,6.698209762573242,1.1652717590332031,3,3BN9_FB92A
3BN9,TB93A,1.1325596570968628,0.5305169820785522,3,3BN9_TB93A
3BN9,HB138A,0.0851014032959938,0.7175683379173279,3,3BN9_HB138A
3BN9,QB140A,0.1331643909215927,0.2097659707069397,3,3BN9_QB140A
3BN9,YB141A,1.085138201713562,1.6610603332519531,3,3BN9_YB141A
3BN9,TB144A,0.29096534848213196,0.11135751754045486,3,3BN9_TB144A
3BN9,LB147A,0.3363426923751831,0.5080599188804626,3,3BN9_LB147A
3BN9,EB163A,0.3733830153942108,0.4673881232738495,3,3BN9_EB163A
3BN9,QB168A,-0.0347142294049263,0.7193192839622498,3,3BN9_QB168A
3BN9,QB169A,2.510108232498169,0.5054827928543091,3,3BN9_QB169A
3BN9,DB214A,0.5664650201797485,2.8282432556152344,3,3BN9_DB214A
3BN9,QB218A,0.7060266137123108,0.3513737916946411,3,3BN9_QB218A
3BN9,RB219A,-0.09374012798070908,0.1763734519481659,3,3BN9_RB219A
3BN9,KB221A,0.7853204011917114,0.5316714644432068,3,3BN9_KB221A
3BN9,TD28R,0.33305492997169495,0.2714332044124603,3,3BN9_TD28R
3BN9,SD30G,1.1866379976272583,-0.9169226884841919,3,3BN9_SD30G
3BN9,SD30N,1.1460179090499878,-0.4365733861923218,3,3BN9_SD30N
3BN9,TD102Q,-0.021546082571148872,-0.10529588907957077,3,3BN9_TD102Q
3BN9,TD102R,-0.058321017771959305,-0.30256444215774536,3,3BN9_TD102R
3BN9,YD103S,0.4588911235332489,0.34565049409866333,3,3BN9_YD103S
3BN9,PD104H,2.4283416271209717,0.5391356945037842,3,3BN9_PD104H
3BN9,QD105V,1.2246508598327637,0.41043776273727417,3,3BN9_QD105V
1DQJ,YC20A,3.287179470062256,5.469472885131836,3,1DQJ_YC20A
1DQJ,RC21A,1.1690744161605835,3.32417893409729,3,1DQJ_RC21A
1DQJ,WC63A,1.3468719720840454,0.22857379913330078,3,1DQJ_WC63A
1DQJ,KC97A,3.5212817192077637,7.385397434234619,3,1DQJ_KC97A
1DQJ,DC101A,1.4530574083328247,1.390040636062622,3,1DQJ_DC101A
1DQJ,YC20A,3.287179470062256,5.454251289367676,3,1DQJ_YC20A
1DQJ,RC21A,1.259554386138916,3.1402056217193604,3,1DQJ_RC21A
1DQJ,WC62A,0.7584180235862732,0.8022246956825256,3,1DQJ_WC62A
1DQJ,WC63A,1.3468719720840454,0.22842559218406677,3,1DQJ_WC63A
1DQJ,LC75A,1.4530574083328247,0.5377771854400635,3,1DQJ_LC75A
1DQJ,TC89A,0.8412202596664429,0.4340117573738098,3,1DQJ_TC89A
1DQJ,NC93A,0.6501642465591431,0.486247181892395,3,1DQJ_NC93A
1DQJ,KC96A,6.158576488494873,7.525716304779053,3,1DQJ_KC96A
1DQJ,KC97A,3.5212817192077637,5.8624162673950195,3,1DQJ_KC97A
1DQJ,SC100A,0.7759302258491516,0.39572030305862427,3,1DQJ_SC100A
1DQJ,DC101A,1.3012763261795044,2.0864436626434326,3,1DQJ_DC101A
1DQJ,NA31A,2.0143353939056396,2.1934211254119873,3,1DQJ_NA31A
1DQJ,NA32A,4.092513084411621,5.746248722076416,3,1DQJ_NA32A
1DQJ,YA50A,2.6794981956481934,1.460561990737915,3,1DQJ_YA50A
1DQJ,SA91A,1.4325294494628906,0.6931067109107971,3,1DQJ_SA91A
1DQJ,YA96A,1.1355592012405396,4.091480255126953,3,1DQJ_YA96A
1DQJ,DB32A,2.0143353939056396,0.9340717196464539,3,1DQJ_DB32A
1DQJ,YB33A,5.526938438415527,7.256147384643555,3,1DQJ_YB33A
1DQJ,YB50A,6.891109943389893,5.7230753898620605,3,1DQJ_YB50A
1DQJ,YB53A,1.1808065176010132,3.0982825756073,3,1DQJ_YB53A
1DQJ,WB98A,4.9337334632873535,6.080405235290527,3,1DQJ_WB98A
1DQJ,"NA32A,KC96A",5.804446220397949,8.11895751953125,3,"1DQJ_NA32A,KC96A"
1DQJ,"SA91A,RC21A",3.172151565551758,3.9645841121673584,3,"1DQJ_SA91A,RC21A"
1DQJ,"SA91A,YC20A",3.5746920108795166,5.781500339508057,3,"1DQJ_SA91A,YC20A"
1DQJ,"YA96A,RC21A",3.486760139465332,7.129249572753906,3,"1DQJ_YA96A,RC21A"
1DQJ,"YA96A,SC100A",0.9138562679290771,3.679645299911499,3,"1DQJ_YA96A,SC100A"
1DQJ,"DB32A,KC97A",1.1228859424591064,7.159275054931641,3,"1DQJ_DB32A,KC97A"
1DQJ,"YB53A,WC62A",1.286884069442749,5.062664031982422,3,"1DQJ_YB53A,WC62A"
1DQJ,"YB53A,WC63A",2.2002170085906982,4.413257122039795,3,"1DQJ_YB53A,WC63A"
1DQJ,"YB53A,LC75A",1.2174066305160522,3.830789804458618,3,"1DQJ_YB53A,LC75A"
1DQJ,"YB53A,DC101A",2.728342294692993,3.6242215633392334,3,"1DQJ_YB53A,DC101A"
1DQJ,"WB98A,SC100A",5.364646911621094,5.470283508300781,3,"1DQJ_WB98A,SC100A"
1DQJ,"WB98A,KC97A",6.6630682945251465,6.562783241271973,3,"1DQJ_WB98A,KC97A"
1DQJ,"WB98A,YC20A",5.114386558532715,7.145486831665039,3,"1DQJ_WB98A,YC20A"
2G2W,KA79D,0.4528871178627014,1.238527536392212,3,2G2W_KA79D
1CBW,TI11A,0.19993937015533447,0.24320587515830994,3,1CBW_TI11A
1CBW,GI12A,0.6015963554382324,2.433962345123291,3,1CBW_GI12A
1CBW,PI13A,-0.09973058849573135,1.465461015701294,3,1CBW_PI13A
1CBW,KI15A,2.0023953914642334,2.4951419830322266,3,1CBW_KI15A
1CBW,RI17A,0.5013869404792786,2.816798686981201,3,1CBW_RI17A
1CBW,II19A,0.09961305558681488,3.0865132808685303,3,1CBW_II19A
1CBW,RI20A,0.3009684085845947,2.0538997650146484,3,1CBW_RI20A
1CBW,VI34A,0.0,3.539973258972168,3,1CBW_VI34A
1CBW,YI35A,0.8011558651924133,2.518125534057617,3,1CBW_YI35A
1CBW,GI36A,0.9012055397033691,2.991990804672241,3,1CBW_GI36A
1CBW,GI37A,0.8011558651924133,2.1800224781036377,3,1CBW_GI37A
1CBW,RI39A,0.19993937015533447,2.5858352184295654,3,1CBW_RI39A
1CBW,KI46A,0.09961305558681488,1.0920283794403076,3,1CBW_KI46A
1CBW,TI11A,0.22198787331581116,0.2224077582359314,3,1CBW_TI11A
1CBW,GI12A,0.6857352256774902,2.4376308917999268,3,1CBW_GI12A
1CBW,PI13A,-0.05646670609712601,1.4847378730773926,3,1CBW_PI13A
1CBW,KI15A,2.0150461196899414,3.007655620574951,3,1CBW_KI15A
1CBW,RI17A,0.5535333752632141,2.695444345474243,3,1CBW_RI17A
1CBW,II18A,1.4157211780548096,4.350648880004883,3,1CBW_II18A
1CBW,II19A,0.14287693798542023,3.84328556060791,3,1CBW_II19A
1CBW,RI20A,0.3541897237300873,2.0578339099884033,3,1CBW_RI20A
1CBW,FI33A,0.14287693798542023,1.529151201248169,3,1CBW_FI33A
1CBW,VI34A,0.051550064235925674,1.9896001815795898,3,1CBW_VI34A
1CBW,YI35A,0.8850788474082947,2.569814920425415,3,1CBW_YI35A
1CBW,GI36A,0.9641897678375244,3.1610114574432373,3,1CBW_GI36A
1CBW,GI37A,0.8213128447532654,1.6837265491485596,3,1CBW_GI37A
1CBW,RI39A,0.22198787331581116,2.81603741645813,3,1CBW_RI39A
1CBW,KI46A,0.14287693798542023,1.0694139003753662,3,1CBW_KI46A
1CBW,KI15G,4.156491279602051,0.0025490429252386093,3,1CBW_KI15G
1CBW,KI15A,2.2109150886535645,6.151848793029785,3,1CBW_KI15A
1CBW,KI15S,3.4258387088775635,2.9906888008117676,3,1CBW_KI15S
1CBW,KI15V,2.1575517654418945,2.0634994506835938,3,1CBW_KI15V
1CBW,KI15T,2.107856035232544,1.626213788986206,3,1CBW_KI15T
1CBW,KI15D,5.2708024978637695,7.607439994812012,3,1CBW_KI15D
1CBW,KI15N,1.337599277496338,0.33548808097839355,3,1CBW_KI15N
1CBW,KI15M,-1.4417990446090698,1.1019694805145264,3,1CBW_KI15M
1CBW,KI15I,2.9615907669067383,1.5686016082763672,3,1CBW_KI15I
1CBW,KI15L,-1.5974150896072388,-0.4074717164039612,3,1CBW_KI15L
1CBW,KI15E,3.9066314697265625,3.4865458011627197,3,1CBW_KI15E
1CBW,KI15Q,0.3088434040546417,1.664919137954712,3,1CBW_KI15Q
1CBW,KI15H,0.1001696065068245,4.649333953857422,3,1CBW_KI15H
1CBW,KI15R,-0.6204861998558044,1.8956538438796997,3,1CBW_KI15R
1CBW,KI15F,-1.9846572875976562,-0.3596351146697998,3,1CBW_KI15F
1CBW,KI15Y,-2.641486644744873,1.0158509016036987,3,1CBW_KI15Y
1CBW,KI15W,-2.4610352516174316,4.026037693023682,3,1CBW_KI15W
1Z7X,YW434A,5.955931186676025,3.0748648643493652,3,1Z7X_YW434A
1Z7X,DW435A,3.66243052482605,3.7352311611175537,3,1Z7X_DW435A
1Z7X,YW437A,2.6241354942321777,5.247783660888672,3,1Z7X_YW437A
1Z7X,"QW430A,VW432A",0.9395740032196045,0.4775139093399048,3,"1Z7X_QW430A,VW432A"
1Z7X,"WW438A,SW439A,EW440A",1.972199559211731,1.4259843826293945,3,"1Z7X_WW438A,SW439A,EW440A"
1Z7X,RW457A,0.8482471108436584,-0.10975276678800583,3,1Z7X_RW457A
1Z7X,IW459A,0.33742108941078186,1.0691602230072021,3,1Z7X_IW459A
1Z7X,EW206A,1.018684983253479,0.9919993281364441,3,1Z7X_EW206A
1Z7X,WW261A,1.3359538316726685,1.6098568439483643,3,1Z7X_WW261A
1Z7X,WW263A,2.2124183177948,1.7853517532348633,3,1Z7X_WW263A
1Z7X,EW287A,1.3213245868682861,0.18460039794445038,3,1Z7X_EW287A
1Z7X,SW289A,0.8143835067749023,0.14292344450950623,3,1Z7X_SW289A
1Z7X,WW318A,0.9934704303741455,1.9551379680633545,3,1Z7X_WW318A
1Z7X,KW320A,1.3213245868682861,-0.06063636392354965,3,1Z7X_KW320A
1Z7X,EW344A,1.5615432262420654,0.35736384987831116,3,1Z7X_EW344A
1Z7X,WW375A,1.6695599555969238,1.9591519832611084,3,1Z7X_WW375A
1Z7X,EW401A,1.3063249588012695,1.078993320465088,3,1Z7X_EW401A
1Z7X,YW434F,0.12062260508537292,1.3565716743469238,3,1Z7X_YW434F
1Z7X,YW437F,2.166057586669922,0.919428288936615,3,1Z7X_YW437F
1Z7X,"YW434A,DW435A",7.171210765838623,6.252712249755859,3,"1Z7X_YW434A,DW435A"
1Z7X,"YW434A,YW437A",7.240991592407227,6.974244594573975,3,"1Z7X_YW434A,YW437A"
3MZG,HA33A,0.20430143177509308,0.1870701164007187,3,3MZG_HA33A
3MZG,HA33A,0.03743046522140503,0.17426767945289612,3,3MZG_HA33A
3MZG,HA33A,0.09897152334451675,0.1870701164007187,3,3MZG_HA33A
3MZG,HA33A,0.15346455574035645,0.1870701164007187,3,3MZG_HA33A
3MZG,HA33A,0.17804041504859924,0.18833480775356293,3,3MZG_HA33A
3MZG,HA33A,0.16688379645347595,0.17426767945289612,3,3MZG_HA33A
3MZG,HA46A,0.033863615244627,0.5226732492446899,3,3MZG_HA46A
3MZG,HA46A,0.5680727958679199,0.5226732492446899,3,3MZG_HA46A
3MZG,HA46A,0.562376081943512,0.5226732492446899,3,3MZG_HA46A
3MZG,HA46A,0.604783296585083,0.5159112811088562,3,3MZG_HA46A
3MZG,HA46A,0.42363035678863525,0.5169579982757568,3,3MZG_HA46A
3MZG,HA46A,0.25973644852638245,0.5159112215042114,3,3MZG_HA46A
3MZG,HA84A,-0.0624210461974144,0.8593153357505798,3,3MZG_HA84A
3MZG,HA84A,0.010214941576123238,0.9157766103744507,3,3MZG_HA84A
3MZG,HA84A,0.03307567536830902,0.8604899048805237,3,3MZG_HA84A
3MZG,HA84A,0.1905435174703598,0.8593153357505798,3,3MZG_HA84A
3MZG,HA84A,0.20338982343673706,0.9157766103744507,3,3MZG_HA84A
3MZG,HA84A,0.10136527568101883,0.8604899048805237,3,3MZG_HA84A
3MZG,HA125A,-0.39687785506248474,0.03293917328119278,3,3MZG_HA125A
3MZG,HA125A,-0.46173831820487976,0.03293917328119278,3,3MZG_HA125A
3MZG,HA125A,-0.1527513712644577,0.03182411938905716,3,3MZG_HA125A
3MZG,HA125A,0.05744243040680885,0.03144869953393936,3,3MZG_HA125A
3MZG,HA125A,0.16824759542942047,0.03144869953393936,3,3MZG_HA125A
3MZG,HA125A,0.09897152334451675,0.03293917328119278,3,3MZG_HA125A
3MZG,HA160A,0.12519049644470215,0.32439374923706055,3,3MZG_HA160A
3MZG,HA160A,1.090846061706543,0.2908884882926941,3,3MZG_HA160A
3MZG,HA160A,1.2168970108032227,0.32439374923706055,3,3MZG_HA160A
3MZG,HA160A,1.2081542015075684,0.32439374923706055,3,3MZG_HA160A
3MZG,HA160A,1.0331718921661377,0.2908884882926941,3,3MZG_HA160A
3MZG,HA160A,0.8676430583000183,0.28314512968063354,3,3MZG_HA160A
3MZG,HA182A,-0.2611351013183594,0.3634769320487976,3,3MZG_HA182A
3MZG,HA182A,0.36605143547058105,0.32574179768562317,3,3MZG_HA182A
3MZG,HA182A,0.6841716170310974,0.24877405166625977,3,3MZG_HA182A
3MZG,HA182A,0.6901730895042419,0.24877405166625977,3,3MZG_HA182A
3MZG,HA14A,-0.09132687747478485,1.1368470191955566,3,3MZG_HA14A
3MZG,HA14A,-0.14770087599754333,0.8016788363456726,3,3MZG_HA14A
3MZG,HA14A,-0.37473925948143005,0.8016788363456726,3,3MZG_HA14A
3MZG,HA14A,-0.19875149428844452,0.7914571762084961,3,3MZG_HA14A
3MZG,HA14A,-0.1678786277770996,0.7914571762084961,3,3MZG_HA14A
3MZG,HA14A,-0.07655175030231476,0.8016788363456726,3,3MZG_HA14A
3MZG,HA14A,0.1265324056148529,0.7914571762084961,3,3MZG_HA14A
3MZG,HA14A,0.123016357421875,0.7914571166038513,3,3MZG_HA14A
3MZG,HA14A,0.2917686700820923,1.1368467807769775,3,3MZG_HA14A
3MZG,HA14A,0.3238008916378021,1.1368467807769775,3,3MZG_HA14A
3MZG,HA167A,-0.6862740516662598,1.461917757987976,3,3MZG_HA167A
3MZG,HA167A,0.7340859770774841,1.4667651653289795,3,3MZG_HA167A
3MZG,HA167A,1.669722080230713,1.461917757987976,3,3MZG_HA167A
3MZG,HA167A,1.445011854171753,1.461917757987976,3,3MZG_HA167A
3MZG,HA167A,1.481518030166626,1.5690176486968994,3,3MZG_HA167A
3MZG,HA167A,1.8215218782424927,1.5690176486968994,3,3MZG_HA167A
3MZG,HA167A,1.6300702095031738,1.5690176486968994,3,3MZG_HA167A
3MZG,HA167A,1.6149024963378906,1.5690176486968994,3,3MZG_HA167A
3MZG,HA167A,1.5354089736938477,1.461917757987976,3,3MZG_HA167A
3MZG,HA17A,-0.8744037747383118,-0.16148151457309723,3,3MZG_HA17A
3MZG,HA17A,-0.297102689743042,0.11670494824647903,3,3MZG_HA17A
3MZG,HA17A,-0.22198787331581116,0.12351132184267044,3,3MZG_HA17A
3MZG,HA17A,0.09047991037368774,0.12351132184267044,3,3MZG_HA17A
3MZG,HA17A,0.2870479226112366,0.11670494824647903,3,3MZG_HA17A
3MZG,HA17A,0.28069448471069336,0.12351132184267044,3,3MZG_HA17A
3MZG,HA17A,0.28546592593193054,-0.154930979013443,3,3MZG_HA17A
3MZG,HA17A,0.3632349669933319,-0.154930979013443,3,3MZG_HA17A
3MZG,HA17A,0.38309553265571594,-0.16148151457309723,3,3MZG_HA17A
3MZG,HA17A,0.3238008916378021,0.11670494824647903,3,3MZG_HA17A
3MZG,HB188A,-0.44731462001800537,0.11444316059350967,3,3MZG_HB188A
3MZG,HB188A,1.056810736656189,0.11252424865961075,3,3MZG_HB188A
3MZG,HB188A,2.0351312160491943,0.5409067869186401,3,3MZG_HB188A
3MZG,HB188A,1.92812979221344,0.11252424865961075,3,3MZG_HB188A
3MZG,HB188A,2.0941569805145264,0.545965850353241,3,3MZG_HB188A
3MZG,HB188A,2.4425549507141113,0.5409067869186401,3,3MZG_HB188A
3MZG,HB188A,2.2926394939422607,0.545965850353241,3,3MZG_HB188A
3MZG,HB188A,2.342900276184082,0.5409067869186401,3,3MZG_HB188A
3MZG,HB188A,2.2499032020568848,0.5409067869186401,3,3MZG_HB188A
3MZG,HA167A,0.26777946949005127,1.461917757987976,3,3MZG_HA167A
3MZG,HA167A,0.7765509486198425,1.565138816833496,3,3MZG_HA167A
3MZG,HA167A,1.0553276538848877,1.569017767906189,3,3MZG_HA167A
3MZG,HA167A,1.7124065160751343,1.4667649269104004,3,3MZG_HA167A
3MZG,HA167A,2.0376904010772705,1.565138816833496,3,3MZG_HA167A
3MZG,HA167A,2.2031702995300293,1.565138816833496,3,3MZG_HA167A
3MZG,HA167A,2.0335617065429688,1.4667651653289795,3,3MZG_HA167A
3MZG,HA167A,2.455331325531006,1.5690176486968994,3,3MZG_HA167A
3MZG,HA167A,2.272951126098633,1.565138816833496,3,3MZG_HA167A
3MZG,HA167A,2.2118194103240967,1.4667651653289795,3,3MZG_HA167A
3MZG,"HA167A,HB188A",-0.2372637242078781,1.3477270603179932,3,"3MZG_HA167A,HB188A"
3MZG,"HA167A,HB188A",1.3352652788162231,1.6057660579681396,3,"3MZG_HA167A,HB188A"
3MZG,"HA167A,HB188A",2.802323579788208,1.3572449684143066,3,"3MZG_HA167A,HB188A"
3MZG,"HA167A,HB188A",2.929168939590454,1.6057660579681396,3,"3MZG_HA167A,HB188A"
3MZG,"HA167A,HB188A",3.330226421356201,1.6057660579681396,3,"3MZG_HA167A,HB188A"
3MZG,"HA167A,HB188A",3.4945363998413086,1.3572449684143066,3,"3MZG_HA167A,HB188A"
3MZG,"HA167A,HB188A",3.46814227104187,1.6057660579681396,3,"3MZG_HA167A,HB188A"
3MZG,"HA167A,HB188A",3.392699718475342,1.6057660579681396,3,"3MZG_HA167A,HB188A"
3MZG,"HA167A,HB188A",3.3738555908203125,1.6057660579681396,3,"3MZG_HA167A,HB188A"
3N06,AA14H,0.09132687747478485,-0.9731156826019287,3,3N06_AA14H
3N06,AA14H,0.14770087599754333,-0.6091694831848145,3,3N06_AA14H
3N06,AA14H,0.37473925948143005,-0.9869703650474548,3,3N06_AA14H
3N06,AA14H,0.19875149428844452,-0.6091694831848145,3,3N06_AA14H
3N06,AA14H,0.1678786277770996,-0.6091694831848145,3,3N06_AA14H
3N06,AA14H,0.07655175030231476,-0.6011931300163269,3,3N06_AA14H
3N06,AA14H,-0.1265324056148529,-0.6091694831848145,3,3N06_AA14H
3N06,AA14H,-0.123016357421875,-0.9869703650474548,3,3N06_AA14H
3N06,AA14H,-0.2917686700820923,-0.9731156826019287,3,3N06_AA14H
3N06,AA14H,-0.3238008916378021,-0.9731156826019287,3,3N06_AA14H
3NCC,AB188H,0.44731462001800537,-0.2010190784931183,3,3NCC_AB188H
3NCC,AB188H,-1.056810736656189,-0.2010190784931183,3,3NCC_AB188H
3NCC,AB188H,-2.0351312160491943,-0.2010190784931183,3,3NCC_AB188H
3NCC,AB188H,-1.92812979221344,-0.6586506962776184,3,3NCC_AB188H
3NCC,AB188H,-2.0941569805145264,-0.20724233984947205,3,3NCC_AB188H
3NCC,AB188H,-2.4425549507141113,-0.658650815486908,3,3NCC_AB188H
3NCC,AB188H,-2.2926394939422607,-0.2072424292564392,3,3NCC_AB188H
3NCC,AB188H,-2.342900276184082,-0.2010190784931183,3,3NCC_AB188H
3NCC,AB188H,-2.2499032020568848,-0.2010190784931183,3,3NCC_AB188H
1SMF,EI8A,1.0128092765808105,0.4950407147407532,3,1SMF_EI8A
1SMF,SI4A,1.899971604347229,0.2390519678592682,3,1SMF_SI4A
1SMF,TI2A,2.0460517406463623,3.588017225265503,3,1SMF_TI2A
1SMF,II5A,3.5114190578460693,1.774030089378357,3,1SMF_II5A
1SMF,KI3A,5.689055919647217,5.490363597869873,3,1SMF_KI3A
3BTF,FI13K,-7.027210712432861,-8.156266212463379,3,3BTF_FI13K
3BTG,GI13K,-12.352226257324219,-13.477644920349121,3,3BTG_GI13K
3BTH,HI13K,-8.781781196594238,-11.805532455444336,3,3BTH_HI13K
3BTW,WI13K,-8.664118766784668,-10.626367568969727,3,3BTW_WI13K
2SGQ,QI13L,-2.6035408973693848,-2.5343480110168457,3,2SGQ_QI13L
2NU4,KI13L,-3.1820759773254395,-3.1648154258728027,3,2NU4_KI13L
2J12,SA116A,0.9535146951675415,0.27682924270629883,3,2J12_SA116A
1P69,SA15P,0.793380618095398,0.6681665182113647,3,1P69_SA15P
2PYE,"QD52T,SD53P,SD54W,GE50A,AE51I,GE52Q",-4.409873008728027,-4.728292942047119,3,"2PYE_QD52T,SD53P,SD54W,GE50A,AE51I,GE52Q"
2PYE,"QD52P,SD53F,SD54W,GE50S,AE51V,TE53M,LD96T,LD97S,DD98G,TD100S,LE95V",-2.4471678733825684,-1.1948174238204956,3,"2PYE_QD52P,SD53F,SD54W,GE50S,AE51V,TE53M,LD96T,LD97S,DD98G,TD100S,LE95V"
2PYE,"TE53I,LD96T,LD97S,DD98G,TD100S,LE95V",3.5460093021392822,5.365553855895996,3,"2PYE_TE53I,LD96T,LD97S,DD98G,TD100S,LE95V"
2PYE,"YD32D,TE53I,LD96T,LD97S,DD98G,TD100S,LE95V",3.368211507797241,9.40805721282959,3,"2PYE_YD32D,TE53I,LD96T,LD97S,DD98G,TD100S,LE95V"
2PYE,"YD32D,QD52T,SD53P,SD54W,GE50A,AE51I,GE52Q",3.1977736949920654,1.4879536628723145,3,"2PYE_YD32D,QD52T,SD53P,SD54W,GE50A,AE51I,GE52Q"
4L3E,"YD26D,WE95L",3.5434513092041016,4.572292327880859,3,"4L3E_YD26D,WE95L"
4L3E,RA65A,1.3017500638961792,2.7083120346069336,3,4L3E_RA65A
4L3E,YE48A,2.228330373764038,1.4161643981933594,3,4L3E_YE48A
4L3E,"RA65A,YE48A",3.809299945831299,5.858724594116211,3,"4L3E_RA65A,YE48A"
4L3E,"RA65A,YD26A",4.440748691558838,5.8407368659973145,3,"4L3E_RA65A,YD26A"
4L3E,YD26A,2.784808874130249,3.8731331825256348,3,4L3E_YD26A
4L3E,"YD26A,RA65A",4.370967864990234,7.40004825592041,3,"4L3E_YD26A,RA65A"
4L3E,YD50A,0.4679982364177704,0.8002728819847107,3,4L3E_YD50A
4L3E,QA155A,1.2590373754501343,0.5137784481048584,3,4L3E_QA155A
4L3E,"YD50A,QA155A",1.0905137062072754,0.8919298052787781,3,"4L3E_YD50A,QA155A"
4L3E,ND52A,-0.45974576473236084,0.806509792804718,3,4L3E_ND52A
4L3E,EA166A,1.2175184488296509,2.995459794998169,3,4L3E_EA166A
4L3E,"ND52A,EA166A",1.0916823148727417,4.062388896942139,3,"4L3E_ND52A,EA166A"
3BX1,FC84V,0.4106564223766327,0.5643583536148071,3,3BX1_FC84V
3BX1,RC85G,0.3555048108100891,0.06471798568964005,3,3BX1_RC85G
3BX1,AC86T,1.8372485637664795,-0.24774280190467834,3,3BX1_AC86T
3BX1,YC87I,1.7820247411727905,0.6277473568916321,3,3BX1_YC87I
3BX1,YC87A,1.2988171577453613,3.1497130393981934,3,3BX1_YC87A
3BX1,TC88V,2.8385491371154785,1.6844373941421509,3,3BX1_TC88V
3BX1,TC89A,0.17043781280517578,0.5355768799781799,3,3BX1_TC89A
3SZK,NC35A,0.12519049644470215,0.09937883168458939,3,3SZK_NC35A
3SZK,TC38A,0.9322267174720764,0.01949327252805233,3,3SZK_TC38A
3SZK,QC39A,0.7665860652923584,0.08472838252782822,3,3SZK_QC39A
3SZK,YC40A,2.9048476219177246,2.5247271060943604,3,3SZK_YC40A
3SZK,YC41A,2.982339382171631,1.078842043876648,3,3SZK_YC41A
3SZK,HC42A,2.536616325378418,0.8614908456802368,3,3SZK_HC42A
3SZK,FC43A,2.2193474769592285,1.4990532398223877,3,3SZK_FC43A
3SZK,FC44A,2.200962543487549,1.9874780178070068,3,3SZK_FC44A
3SZK,NC66A,0.20430143177509308,1.9062519073486328,3,3SZK_NC66A
3SZK,SC69A,1.514223337173462,0.8052814602851868,3,3SZK_SC69A
3SZK,TC70A,1.4692765474319458,0.3358013927936554,3,3SZK_TC70A
3SZK,DC120A,0.6736644506454468,-0.012437054887413979,3,3SZK_DC120A
3SZK,DC121A,0.6956096291542053,0.20579227805137634,3,3SZK_DC121A
3SZK,GC122A,0.37473925948143005,-0.06386842578649521,3,3SZK_GC122A
3SZK,EC123A,0.8384865522384644,0.1474894881248474,3,3SZK_EC123A
3SZK,EC124A,0.6956096291542053,1.24422025680542,3,3SZK_EC124A
3SZK,VC27A,0.0962846651673317,0.1495032161474228,3,3SZK_VC27A
3SZK,DC48A,0.20430143177509308,0.2592945694923401,3,3SZK_DC48A
3SZK,DC51A,0.20430143177509308,1.055607795715332,3,3SZK_DC51A
3SZK,KC56A,0.0962846651673317,0.8174629807472229,3,3SZK_KC56A
3SZK,KC57A,-0.03591717779636383,0.4557352066040039,3,3SZK_KC57A
1FSS,TB8V,0.36920931935310364,0.4141729474067688,3,1FSS_TB8V
1FSS,TB9I,-0.2322661131620407,-0.21691200137138367,3,1FSS_TB9I
1FSS,TB9N,1.1990468502044678,1.975175380706787,3,1FSS_TB9N
1FSS,"TB8V,TB9I",0.4418452978134155,0.07858980447053909,3,"1FSS_TB8V,TB9I"
1FSS,"TB8V,TB9N",0.28640708327293396,0.9755513072013855,3,"1FSS_TB8V,TB9N"
1FSS,RB11K,0.3153128921985626,0.7879617810249329,3,1FSS_RB11K
1FSS,AB12S,0.3246430456638336,0.26033008098602295,3,1FSS_AB12S
1FSS,RB27F,2.4362823963165283,1.7290529012680054,3,1FSS_RB27F
1FSS,RB27M,2.6641392707824707,0.8515095114707947,3,1FSS_RB27M
1FSS,RB27Y,2.629225015640259,1.8752450942993164,3,1FSS_RB27Y
1FSS,HB29K,-0.6196861267089844,-0.5468143820762634,3,1FSS_HB29K
1FSS,HB29R,-1.4884204864501953,-0.20625841617584229,3,1FSS_HB29R
1FSS,KB32R,1.0825053453445435,-0.32249924540519714,3,1FSS_KB32R
1FSS,MB33F,0.9372820854187012,0.5903081297874451,3,1FSS_MB33F
1FSS,MB33L,0.9630449414253235,0.18865571916103363,3,1FSS_MB33L
1FSS,MB33Q,1.5725946426391602,0.8553966879844666,3,1FSS_MB33Q
1FSS,MB33Y,1.395359992980957,0.1899358630180359,3,1FSS_MB33Y
1FSS,VB34T,1.5859588384628296,-0.09348411113023758,3,1FSS_VB34T
1FSS,LB35W,1.4518266916275024,0.8307098746299744,3,1FSS_LB35W
1FSS,NB47F,0.4927620589733124,-0.9162694811820984,3,1FSS_NB47F
1FSS,NB47W,0.11596926301717758,-0.03896515816450119,3,1FSS_NB47W
1FSS,NB47R,-0.5349057912826538,-0.5479673743247986,3,1FSS_NB47R
1FSS,"TB8V,TB9N,RB11K,HB29R,KB32R",0.8018864393234253,0.572200357913971,3,"1FSS_TB8V,TB9N,RB11K,HB29R,KB32R"
1FSS,TB8V,-0.5380995869636536,0.4141730070114136,3,1FSS_TB8V
1FSS,TB9N,1.3038697242736816,0.9658255577087402,3,1FSS_TB9N
1FSS,"TB8V,TB9N",0.42946600914001465,0.9755513072013855,3,"1FSS_TB8V,TB9N"
1FSS,RB11K,0.3177347779273987,-0.366776704788208,3,1FSS_RB11K
1FSS,HB29R,-1.057721495628357,-0.1383369415998459,3,1FSS_HB29R
1FSS,KB32R,1.1873283386230469,-0.34280669689178467,3,1FSS_KB32R
1FSS,"TB8V,TB9N,RB11K,HB29R",-0.39184683561325073,1.2358317375183105,3,"1FSS_TB8V,TB9N,RB11K,HB29R"
4HRN,LD17A,2.5983803272247314,1.0372824668884277,3,4HRN_LD17A
4HRN,SD43A,0.8030821084976196,0.922542154788971,3,4HRN_SD43A
4HRN,VD44A,2.811924457550049,0.8402308821678162,3,4HRN_VD44A
4HRN,FD47A,2.4605627059936523,1.2581790685653687,3,4HRN_FD47A
3G6D,HH104A,-0.9535146951675415,0.8025047183036804,3,3G6D_HH104A
3G6D,WH105A,-1.4971784353256226,3.082540512084961,3,3G6D_WH105A
3G6D,"KH210T,KH215T",-0.13300734758377075,0.2833217978477478,3,"3G6D_KH210T,KH215T"
3G6D,"EL3V,GL76R,TL77V,QL78E,EL80G",0.139879509806633,-0.1175769492983818,3,"3G6D_EL3V,GL76R,TL77V,QL78E,EL80G"
3G6D,"TL89S,ML92I,VL93D,TL94K",0.798334002494812,0.9208416938781738,3,"3G6D_TL89S,ML92I,VL93D,TL94K"
3G6D,"EL3V,GL76R,TL77V,QL78E,EL80G,TL89S,ML92I,VL93D,TL94K",0.2715725898742676,0.7363339066505432,3,"3G6D_EL3V,GL76R,TL77V,QL78E,EL80G,TL89S,ML92I,VL93D,TL94K"
3G6D,"EL3V,GL76R,TL77V,QL78E,EL80G,FH103A,HH104A,WH105A",4.622350215911865,0.7328030467033386,3,"3G6D_EL3V,GL76R,TL77V,QL78E,EL80G,FH103A,HH104A,WH105A"
3G6D,"EL3V,GL76R,TL77V,QL78E,EL80G,DH54N",0.11122789978981018,0.07895607501268387,3,"3G6D_EL3V,GL76R,TL77V,QL78E,EL80G,DH54N"
1XGU,FB33L,1.8626039028167725,3.437748908996582,3,1XGU_FB33L
1XGU,FB33I,1.8012609481811523,3.400472640991211,3,1XGU_FB33I
1XGU,FB33V,2.9093847274780273,5.68143367767334,3,1XGU_FB33V
1XGU,FB33A,4.0624799728393555,6.911893844604492,3,1XGU_FB33A
1XGQ,VB33F,-2.9093847274780273,-5.528880596160889,3,1XGQ_VB33F
1XGQ,VB33L,-1.0467808246612549,-1.8777211904525757,3,1XGQ_VB33L
1XGQ,VB33I,-1.108123779296875,-1.6430201530456543,3,1XGQ_VB33I
1XGQ,VB33A,1.1530953645706177,1.274341106414795,3,1XGQ_VB33A
3RF3,AC8K,1.729231834411621,0.026562584564089775,3,3RF3_AC8K
3UIG,EA47A,0.6467464566230774,-0.08668335527181625,3,3UIG_EA47A
3UIG,KA58A,0.4465735852718353,0.037773095071315765,3,3UIG_KA58A
3UIG,EA61A,1.7585606575012207,0.4575522840023041,3,3UIG_EA61A
3UIG,DA67A,2.039231300354004,-0.3037268817424774,3,3UIG_DA67A
3UIG,EA72A,1.7930582761764526,0.14912675321102142,3,3UIG_EA72A
3N85,WL91F,0.13965415954589844,-0.00582435168325901,3,3N85_WL91F
3N85,WL94Y,-0.038736145943403244,0.29625561833381653,3,3N85_WL94Y
3N85,WH30K,-0.7849546670913696,1.3020210266113281,3,3N85_WH30K
3N85,WH30R,-0.5542154908180237,4.1349873542785645,3,3N85_WH30R
3N85,SH32Y,0.057148076593875885,-0.9120110869407654,3,3N85_SH32Y
3N85,SH32A,-0.13407966494560242,0.022639503702521324,3,3N85_SH32A
3N85,SH50G,0.48788952827453613,-2.426555871963501,3,3N85_SH50G
3N85,SH52Y,-0.7849546670913696,-4.525847434997559,3,3N85_SH52Y
3N85,WH100F,-0.015191908925771713,0.30497509241104126,3,3N85_WH100F
3N85,WH100F,-0.015191908925771713,0.5284055471420288,3,3N85_WH100F
4CVW,DA720W,1.2212941646575928,-0.8111146092414856,3,4CVW_DA720W
4CVW,DA720R,3.0476717948913574,2.7235896587371826,3,4CVW_DA720R
4CVW,RC27A,1.8287239074707031,0.26734209060668945,3,4CVW_RC27A
4CVW,RC31A,2.077467203140259,0.9124302864074707,3,4CVW_RC31A
4CVW,RC31W,1.4907034635543823,-0.34122979640960693,3,4CVW_RC31W
4CVW,LC34G,2.728342294692993,-0.28013157844543457,3,4CVW_LC34G
4CVW,LC34W,0.3355621099472046,0.6325752139091492,3,4CVW_LC34W
4CVW,VC35D,4.92083740234375,0.31787264347076416,3,4CVW_VC35D
4CVW,"LC34G,VC35D",7.745464324951172,-0.004107678309082985,3,"4CVW_LC34G,VC35D"
3M62,EA32A,0.8297165632247925,-0.19702059030532837,3,3M62_EA32A
3M62,DA46A,2.8000009059906006,3.0655276775360107,3,3M62_DA46A
3M62,LA50A,2.829263687133789,0.4209897518157959,3,3M62_LA50A
3M62,TA54A,0.01668989285826683,0.06150347739458084,3,3M62_TA54A
3M62,EA55A,1.0515739917755127,0.3300780653953552,3,3M62_EA55A
3M62,RA98A,0.7886925935745239,-0.5296791791915894,3,3M62_RA98A
3M62,GA102A,1.2648917436599731,0.027868574485182762,3,3M62_GA102A
3M62,YA103A,4.4772186279296875,4.478324890136719,3,3M62_YA103A
3M62,IA110A,1.8539384603500366,1.086069107055664,3,3M62_IA110A
3M62,FB7A,0.9959673881530762,1.795513391494751,3,3M62_FB7A
3M62,KB8A,0.49712711572647095,0.3878612220287323,3,3M62_KB8A
3M62,IB43A,2.8837804794311523,2.4086244106292725,3,3M62_IB43A
3M62,SB45A,1.278739333152771,0.8730139136314392,3,3M62_SB45A
3M62,VB48A,1.0904372930526733,2.1551148891448975,3,3M62_VB48A
3M62,QB50A,1.0544360876083374,-0.2914220690727234,3,3M62_QB50A
3M62,QB65A,0.28372085094451904,0.07698946446180344,3,3M62_QB65A
3M62,VB67A,1.1381686925888062,1.3740284442901611,3,3M62_VB67A
3M62,MB69A,0.6811227798461914,0.6840468049049377,3,3M62_MB69A
3B4V,LC16E,0.8213128447532654,1.4846892356872559,3,3B4V_LC16E
3B4V,LC49E,4.133388519287109,3.7192413806915283,3,3B4V_LC49E
3B4V,FC52E,3.8812005519866943,2.889371633529663,3,3B4V_FC52E
3B4V,LC53E,4.092513084411621,5.453475475311279,3,3B4V_LC53E
3B4V,LC49A,3.5805726051330566,3.2211267948150635,3,3B4V_LC49A
3B4V,FC52A,3.850174903869629,2.8877885341644287,3,3B4V_FC52A
3B4V,LC53A,3.393157958984375,4.303707122802734,3,3B4V_LC53A
2B0U,VC15E,0.0,0.6228972673416138,3,2B0U_VC15E
2B0U,FC47E,0.4106564223766327,0.0356963649392128,3,2B0U_FC47E
2B0U,IC51E,0.2402186095714569,1.0440964698791504,3,2B0U_IC51E
2B0U,FC52E,0.0,2.9488179683685303,3,2B0U_FC52E
2B0U,FC47A,0.5428582429885864,0.7951205372810364,3,2B0U_FC47A
2B0U,IC51A,0.0,1.212975025177002,3,2B0U_IC51A
2B0U,FC52A,0.0,1.956072211265564,3,2B0U_FC52A
2AJF,DA20A,0.5854030251502991,0.5795504450798035,3,2AJF_DA20A
2AJF,YA23A,1.452401041984558,2.154869318008423,3,2AJF_YA23A
2AJF,YA23F,1.3977943658828735,1.375714898109436,3,2AJF_YA23F
4I77,YH100F,0.0,0.040039412677288055,3,4I77_YH100F
4I77,YH100A,0.0,2.921583652496338,3,4I77_YH100A
4I77,YH101F,0.0,-0.9292163848876953,3,4I77_YH101F
4I77,YH101A,0.9415455460548401,1.840645432472229,3,4I77_YH101A
4I77,YH103F,0.0,1.4075860977172852,3,4I77_YH103F
4I77,YH103A,1.6923214197158813,3.576936721801758,3,4I77_YH103A
4I77,DH54A,2.124706268310547,0.8205110430717468,3,4I77_DH54A
4I77,WH52F,2.0995631217956543,0.5915701985359192,3,4I77_WH52F
4I77,WH52A,2.114776611328125,2.3301122188568115,3,4I77_WH52A
4I77,YL32F,0.0,0.23217740654945374,3,4I77_YL32F
4I77,YL32A,0.0,1.0992469787597656,3,4I77_YL32A
4I77,NL95A,1.7221993207931519,0.7072252035140991,3,4I77_NL95A
4I77,YH100F,0.0,0.06580527126789093,3,4I77_YH100F
4I77,YH100A,0.0,2.259352445602417,3,4I77_YH100A
4I77,YH101F,0.0,-0.3700549900531769,3,4I77_YH101F
4I77,YH101A,2.27596378326416,1.831027865409851,3,4I77_YH101A
4I77,YH103F,0.6307899951934814,1.3948338031768799,3,4I77_YH103F
4I77,YH103A,2.5998315811157227,3.5505921840667725,3,4I77_YH103A
4I77,DH54A,2.9955828189849854,0.6607674956321716,3,4I77_DH54A
4I77,WH52F,2.821359395980835,0.5943302512168884,3,4I77_WH52F
4I77,WH52A,2.9105122089385986,2.3672149181365967,3,4I77_WH52A
4I77,YL32F,0.0,0.22754405438899994,3,4I77_YL32F
4I77,YL32A,1.567731499671936,1.0177927017211914,3,4I77_YL32A
4I77,NL95A,0.9991104006767273,0.4488634169101715,3,4I77_NL95A
4JPK,VA30N,0.5948610901832581,0.37510359287261963,3,4JPK_VA30N
4JPK,SA41G,2.152658462524414,0.04859953373670578,3,4JPK_SA41G
4JPK,FA63L,1.1678093671798706,-0.4613058567047119,3,4JPK_FA63L
4JPK,RA81T,0.7590427398681641,0.20909088850021362,3,4JPK_RA81T
4JPK,RA130K,0.23016905784606934,-0.2077493518590927,3,4JPK_RA130K
4JPK,FA144I,1.388138771057129,0.8262590765953064,3,4JPK_FA144I
4JPK,TA35S,-0.03210772946476936,0.6587088108062744,3,4JPK_TA35S
4JPK,DA141R,3.8590502738952637,0.468809574842453,3,4JPK_DA141R
4JPK,"DA159N,DA33N",0.6192452907562256,0.3560316562652588,3,"4JPK_DA159N,DA33N"
1MLC,NA32G,-0.8777795433998108,0.9704553484916687,3,1MLC_NA32G
1MLC,NA92A,-1.253914475440979,0.4300534129142761,3,1MLC_NA92A
1MLC,TB28D,-0.1510114222764969,0.39951658248901367,3,1MLC_TB28D
1MLC,TB31A,0.44720688462257385,0.1850546896457672,3,1MLC_TB31A
1MLC,TB31V,0.5264760851860046,-0.4702957272529602,3,1MLC_TB31V
1MLC,SB57A,-0.37919139862060547,0.658159077167511,3,1MLC_SB57A
1MLC,SB57V,-0.4944019615650177,-0.3523247241973877,3,1MLC_SB57V
1MLC,TB58D,-0.5599330067634583,0.10986394435167313,3,1MLC_TB58D
1MLC,KB65D,0.01855706050992012,-0.3459942936897278,3,1MLC_KB65D
1MLC,NA32Y,0.0,-0.3260357677936554,3,1MLC_NA32Y
1MLC,TB31W,0.13220183551311493,-0.5568051934242249,3,1MLC_TB31W
1MLC,"NA32G,NA92A",-0.6869605183601379,1.4324003458023071,3,"1MLC_NA32G,NA92A"
1MLC,"SB57V,TB58D",-0.988170862197876,-0.2846991717815399,3,"1MLC_SB57V,TB58D"
1MLC,"NA32G,NA92A,SB57V,TB58D",-1.7357505559921265,0.17203569412231445,3,"1MLC_NA32G,NA92A,SB57V,TB58D"
1MLC,"NA92A,SB57V,TB58D",-2.3952598571777344,-0.033297099173069,3,"1MLC_NA92A,SB57V,TB58D"
1MLC,"NA92A,TB28D,SB57V,TB58D",-2.740586280822754,-0.15043772757053375,3,"1MLC_NA92A,TB28D,SB57V,TB58D"
1MLC,"NA92A,TB28D,SB57V,TB58D",-2.5825202465057373,-0.0837588682770729,3,"1MLC_NA92A,TB28D,SB57V,TB58D"
1MLC,"NA92A,TB28D,SB57V,TB58D",-1.6668107509613037,-0.1527756154537201,3,"1MLC_NA92A,TB28D,SB57V,TB58D"
1MLC,"NA92A,TB28D,SB57V,TB58D,NA32L",-2.5854651927948,0.2672906219959259,3,"1MLC_NA92A,TB28D,SB57V,TB58D,NA32L"
1MLC,"NA92A,TB28D,SB57V,TB58D,SB30G",-2.359523296356201,-0.4487801790237427,3,"1MLC_NA92A,TB28D,SB57V,TB58D,SB30G"
1MLC,"NA92A,TB28D,SB57V,TB58D,YB59E",-1.466826319694519,2.271009922027588,3,"1MLC_NA92A,TB28D,SB57V,TB58D,YB59E"
1MLC,"NA92A,TB28D,SB57V,TB58D,SA91N",1.8505626916885376,-0.1976265013217926,3,"1MLC_NA92A,TB28D,SB57V,TB58D,SA91N"
1MLC,"NA92A,TB28D,SB57V,TB58D,SA91N,SA93A",-1.6111606359481812,-0.1335783153772354,3,"1MLC_NA92A,TB28D,SB57V,TB58D,SA91N,SA93A"
1MLC,"NA92A,TB28D,SB57V,TB58D,RB98M,DB100Q",-0.4106564223766327,0.6125406622886658,3,"1MLC_NA92A,TB28D,SB57V,TB58D,RB98M,DB100Q"
1MLC,"NA92A,TB28D,SB57V,TB58D,YB32R,RB98S",1.8505626916885376,2.2504332065582275,3,"1MLC_NA92A,TB28D,SB57V,TB58D,YB32R,RB98S"
1MLC,"NA92A,TB28D,SB57V,TB58D,EB35S,GB99D",-2.955246686935425,-0.3336057662963867,3,"1MLC_NA92A,TB28D,SB57V,TB58D,EB35S,GB99D"
1MLC,"NA92A,TB28D,SB57V,TB58D,YB32W,RB98V,DB100Q",0.3615494668483734,1.4758455753326416,3,"1MLC_NA92A,TB28D,SB57V,TB58D,YB32W,RB98V,DB100Q"
1MLC,"NA92A,TB28D,SB57V,TB58D,EB35S",1.907029390335083,-0.192410409450531,3,"1MLC_NA92A,TB28D,SB57V,TB58D,EB35S"
1MLC,"NA92A,TB28D,SB57V,TB58D,GB99D",-0.20366813242435455,0.11057145148515701,3,"1MLC_NA92A,TB28D,SB57V,TB58D,GB99D"
2NYY,SA874A,-0.2319817990064621,0.18760335445404053,3,2NYY_SA874A
2NYY,KA875A,0.2930837571620941,1.1105530261993408,3,2NYY_KA875A
2NYY,QA887A,0.5245682597160339,0.16661295294761658,3,2NYY_QA887A
2NYY,FA889A,0.4223885238170624,0.15051645040512085,3,2NYY_FA889A
2NYY,NA890A,0.8968583345413208,2.057827949523926,3,2NYY_NA890A
2NYY,LA891A,2.607872486114502,1.7109994888305664,3,2NYY_LA891A
2NYY,EA892A,2.85959529876709,2.4536328315734863,3,2NYY_EA892A
2NYY,KA895A,-0.14115594327449799,-0.12727952003479004,3,2NYY_KA895A
2NYY,FA925A,4.087754726409912,4.059667110443115,3,2NYY_FA925A
2NYY,NA926A,0.10006427019834518,0.03139273077249527,3,2NYY_NA926A
2NYY,SA927A,0.0,0.01901443861424923,3,2NYY_SA927A
2NYY,IA928A,-0.009555883705615997,0.6024052500724792,3,2NYY_IA928A
2NYY,KA1028A,-0.02914285846054554,-0.4545617997646332,3,2NYY_KA1028A
2NYY,DA1030A,0.009404197335243225,0.29271745681762695,3,2NYY_DA1030A
2NYY,RA1033A,0.8260335922241211,0.5582422018051147,3,2NYY_RA1033A
2NYY,DA1034A,2.548027276992798,1.9452412128448486,3,2NYY_DA1034A
2NYY,TA1035A,1.6426256895065308,3.2770791053771973,3,2NYY_TA1035A
2NYY,HA1036A,7.3721842765808105,8.25369930267334,3,2NYY_HA1036A
2NYY,RA1266A,0.3016909658908844,1.1685229539871216,3,2NYY_RA1266A
2NYY,MD33Q,-0.06030135974287987,0.37194156646728516,3,2NYY_MD33Q
2NYY,KD29R,0.07190047949552536,0.1349658966064453,3,2NYY_KD29R
2NYY,YD30D,0.065090611577034,0.5693577527999878,3,2NYY_YD30D
2NYY,YD30Q,0.12990403175354004,1.662230134010315,3,2NYY_YD30Q
2NYY,YD56Q,0.5234318375587463,1.5045008659362793,3,2NYY_YD56Q
2NYY,SC28Q,0.4163622558116913,-0.4086773097515106,3,2NYY_SC28Q
2NYY,DC30Y,0.6457566022872925,-0.6433631777763367,3,2NYY_DC30Y
2NYY,SC31N,-0.3559296727180481,-0.6239033937454224,3,2NYY_SC31N
2NYY,HC34R,0.10161181539297104,0.6011700630187988,3,2NYY_HC34R
2NYY,VD36I,-0.21470792591571808,-0.27135980129241943,3,2NYY_VD36I
2NYY,ED5Q,-0.2497744858264923,-0.09415819495916367,3,2NYY_ED5Q
2NYY,"VD36I,ED5Q",-0.04939959943294525,-0.3952728509902954,3,"2NYY_VD36I,ED5Q"
2NYY,"KD29S,YD30D,DD31H,SD60P",0.04996808245778084,0.6499244570732117,3,"2NYY_KD29S,YD30D,DD31H,SD60P"
3SE3,"YB43A,NB44E,SB47Q",1.8576297760009766,0.08224859088659286,3,"3SE3_YB43A,NB44E,SB47Q"
3SE3,"YB43H,NB44A,SB47Q",1.383597493171692,-0.07577573508024216,3,"3SE3_YB43H,NB44A,SB47Q"
3SE3,"YB43H,NB44E,SB47A",1.7648701667785645,0.4072936177253723,3,"3SE3_YB43H,NB44E,SB47A"
3SE3,"YB43H,NB44E,SB47Q,QB48A",2.432249069213867,-0.20163418352603912,3,"3SE3_YB43H,NB44E,SB47Q,QB48A"
3SE3,"YB43H,NB44E,SB47Q,FB50A",2.790170431137085,1.6075977087020874,3,"3SE3_YB43H,NB44E,SB47Q,FB50A"
3SE3,"YB43H,NB44E,SB47Q,NB51A",3.0309817790985107,0.3599450886249542,3,"3SE3_YB43H,NB44E,SB47Q,NB51A"
3SE3,"YB43H,NB44E,SB47Q,SB54A",2.488123655319214,0.5090484619140625,3,"3SE3_YB43H,NB44E,SB47Q,SB54A"
3SE3,"YB43H,NB44E,SB47Q,TB55A",2.8525915145874023,0.11922430247068405,3,"3SE3_YB43H,NB44E,SB47Q,TB55A"
3SE3,"YB43H,NB44E,SB47Q,KB56A",2.634376287460327,0.16819006204605103,3,"3SE3_YB43H,NB44E,SB47Q,KB56A"
3SE3,"YB43H,NB44E,SB47Q,DB57A",2.3812906742095947,0.2742738723754883,3,"3SE3_YB43H,NB44E,SB47Q,DB57A"
3SE3,"YB43H,NB44E,SB47Q,SB59A",2.7163729667663574,0.41409653425216675,3,"3SE3_YB43H,NB44E,SB47Q,SB59A"
3SE3,"YB43H,NB44E,SB47Q,TB65A",2.297600746154785,-0.03689829260110855,3,"3SE3_YB43H,NB44E,SB47Q,TB65A"
3SE3,"YB43H,NB44E,SB47Q,LB66A",3.3591322898864746,0.6935274004936218,3,"3SE3_YB43H,NB44E,SB47Q,LB66A"
3SE3,"YB43H,NB44E,SB47Q,KB69A",2.3057167530059814,0.2746483087539673,3,"3SE3_YB43H,NB44E,SB47Q,KB69A"
3SE3,"YB43H,NB44E,SB47Q,YB71A",2.923438787460327,2.0391957759857178,3,"3SE3_YB43H,NB44E,SB47Q,YB71A"
3SE3,"YB43H,NB44E,SB47Q,TB72A",2.683220148086548,0.22936779260635376,3,"3SE3_YB43H,NB44E,SB47Q,TB72A"
3SE3,"YB43H,NB44E,SB47Q,YB75A",3.1270294189453125,2.292628049850464,3,"3SE3_YB43H,NB44E,SB47Q,YB75A"
3SE3,"YB43H,NB44E,SB47Q,QB76A",2.289372205734253,0.17231641709804535,3,"3SE3_YB43H,NB44E,SB47Q,QB76A"
3SE3,"YB43H,NB44E,SB47Q,NB79A",2.772106647491455,0.19779454171657562,3,"3SE3_YB43H,NB44E,SB47Q,NB79A"
3SE3,"YB43H,NB44E,SB47Q,EB82A",2.700028657913208,0.09344194084405899,3,"3SE3_YB43H,NB44E,SB47Q,EB82A"
3SE3,"YB43H,NB44E,SB47Q,VB85A",2.488123655319214,0.5775982737541199,3,"3SE3_YB43H,NB44E,SB47Q,VB85A"
3SE3,"YB43H,NB44E,SB47Q",0.19081901013851166,0.1914733648300171,3,"3SE3_YB43H,NB44E,SB47Q"
3SE3,"YB43A,NB44A,SB47A",0.17339269816875458,1.5368942022323608,3,"3SE3_YB43A,NB44A,SB47A"
3SE3,"YB43H,NB44E,SB47Q",2.4577348232269287,0.011626308783888817,3,"3SE3_YB43H,NB44E,SB47Q"
3SE3,"YB43M,NB44D,SB47L",0.7132960557937622,-3.2916738986968994,3,"3SE3_YB43M,NB44D,SB47L"
3SE3,"YB43A,NB44A,SB47A",0.7697627544403076,1.6340394020080566,3,"3SE3_YB43A,NB44A,SB47A"
3SE3,"YB43H,NB44E,SB47Q,QB48A",2.5499517917633057,0.03996790200471878,3,"3SE3_YB43H,NB44E,SB47Q,QB48A"
3SE3,"YB43H,NB44E,SB47Q,FB50A",2.912252187728882,1.6856906414031982,3,"3SE3_YB43H,NB44E,SB47Q,FB50A"
3SE3,"YB43H,NB44E,SB47Q,NB51A",3.1588070392608643,0.3608351945877075,3,"3SE3_YB43H,NB44E,SB47Q,NB51A"
3SE3,"YB43H,NB44E,SB47Q,SB54A",2.6049611568450928,0.3015354871749878,3,"3SE3_YB43H,NB44E,SB47Q,SB54A"
3SE3,"YB43H,NB44E,SB47Q,TB55A",2.9685609340667725,0.32702672481536865,3,"3SE3_YB43H,NB44E,SB47Q,TB55A"
3SE3,"YB43H,NB44E,SB47Q,KB56A",2.758375406265259,0.16629230976104736,3,"3SE3_YB43H,NB44E,SB47Q,KB56A"
3SE3,"YB43H,NB44E,SB47Q,DB57A",2.4998557567596436,0.6459316611289978,3,"3SE3_YB43H,NB44E,SB47Q,DB57A"
3SE3,"YB43H,NB44E,SB47Q,SB59A",2.8363590240478516,0.23469886183738708,3,"3SE3_YB43H,NB44E,SB47Q,SB59A"
3SE3,"YB43H,NB44E,SB47Q,TB65A",2.4217395782470703,-0.03494689613580704,3,"3SE3_YB43H,NB44E,SB47Q,TB65A"
3SE3,"YB43H,NB44E,SB47Q,LB66A",3.47526478767395,1.0379103422164917,3,"3SE3_YB43H,NB44E,SB47Q,LB66A"
3SE3,"YB43H,NB44E,SB47Q,KB69A",2.4257025718688965,0.027355922386050224,3,"3SE3_YB43H,NB44E,SB47Q,KB69A"
3SE3,"YB43H,NB44E,SB47Q,YB71A",3.0482640266418457,2.0184719562530518,3,"3SE3_YB43H,NB44E,SB47Q,YB71A"
3SE3,"YB43H,NB44E,SB47Q,TB72A",2.801797866821289,0.2158387005329132,3,"3SE3_YB43H,NB44E,SB47Q,TB72A"
3SE3,"YB43H,NB44E,SB47Q,QB76A",2.409689426422119,0.1721448451280594,3,"3SE3_YB43H,NB44E,SB47Q,QB76A"
3SE3,"YB43H,NB44E,SB47Q,NB79A",2.8856005668640137,0.7455487847328186,3,"3SE3_YB43H,NB44E,SB47Q,NB79A"
3SE3,"YB43H,NB44E,SB47Q,EB82A",2.824389934539795,0.036231331527233124,3,"3SE3_YB43H,NB44E,SB47Q,EB82A"
3SE3,"YB43H,NB44E,SB47Q,IB88A",2.32709002494812,0.31339961290359497,3,"3SE3_YB43H,NB44E,SB47Q,IB88A"
3SE3,"YB43H,NB44E,SB47Q,LB89A",2.8981871604919434,1.4545130729675293,3,"3SE3_YB43H,NB44E,SB47Q,LB89A"
3SE3,"YB43H,NB44E,SB47Q,RB92A",2.8363590240478516,0.8723246455192566,3,"3SE3_YB43H,NB44E,SB47Q,RB92A"
3SE3,"YB43H,NB44E,SB47Q,RB92K",2.610769510269165,0.015229722484946251,3,"3SE3_YB43H,NB44E,SB47Q,RB92K"
3SE3,"YB43H,NB44E,SB47Q,KB93A",2.610769510269165,-0.03289485722780228,3,"3SE3_YB43H,NB44E,SB47Q,KB93A"
3SE3,"YB43H,NB44E,SB47Q,KB103A",2.6815128326416016,0.08692223578691483,3,"3SE3_YB43H,NB44E,SB47Q,KB103A"
3SE3,"YB43A,NB44E,SB47Q",1.9775469303131104,0.37695926427841187,3,"3SE3_YB43A,NB44E,SB47Q"
3SE3,"YB43H,NB44A,SB47Q",1.5067094564437866,0.035872943699359894,3,"3SE3_YB43H,NB44A,SB47Q"
3SE3,"YB43H,NB44E,SB47A",1.88284432888031,0.4142695665359497,3,"3SE3_YB43H,NB44E,SB47A"
3SE3,"YB43A,NB44A,SB47A",0.4106564223766327,0.8124355673789978,3,"3SE3_YB43A,NB44A,SB47A"
3SE3,NA53A,-0.3477616012096405,0.4025752544403076,3,3SE3_NA53A
3SE3,YA55A,1.4973200559616089,2.9124717712402344,3,3SE3_YA55A
3SE3,FA81A,0.4106564223766327,2.203968048095703,3,3SE3_FA81A
3SE3,EA96A,0.7130590677261353,0.2972792387008667,3,3SE3_EA96A
3SE3,KA98A,1.4973200559616089,0.41075319051742554,3,3SE3_KA98A
3SE3,LA116A,0.0,1.0094668865203857,3,3SE3_LA116A
3SE3,DA117A,0.5428582429885864,0.0635296180844307,3,3SE3_DA117A
3SE3,SA120A,0.5428582429885864,-0.5036295056343079,3,3SE3_SA120A
3SE3,NA140T,0.13314899802207947,0.4555007219314575,3,3SE3_NA140T
3SE3,YA148A,0.4106564223766327,0.25480198860168457,3,3SE3_YA148A
3SE3,TA166A,-0.15638691186904907,-0.18242302536964417,3,3SE3_TA166A
3SE3,SA167A,-0.23903489112854004,-0.018075192347168922,3,3SE3_SA167A
3SE3,FA223A,1.4973200559616089,2.4899861812591553,3,3SE3_FA223A
3SE3,RA226A,0.4106564223766327,0.8725407719612122,3,3SE3_RA226A
3SE3,NA227A,0.5428582429885864,-0.562069296836853,3,3SE3_NA227A
3SE3,NA230A,0.21107575297355652,0.4044632911682129,3,3SE3_NA230A
3SE3,FA273A,0.0,0.26795271039009094,3,3SE3_FA273A
3VR6,LG28N,0.30999940633773804,0.05445045232772827,3,3VR6_LG28N
3VR6,LG29N,0.6750600934028625,-0.04832044988870621,3,3VR6_LG29N
3VR6,RG134A,0.8304983377456665,0.14713740348815918,3,3VR6_RG134A
3VR6,RG135A,0.8992655277252197,1.3237197399139404,3,3VR6_RG135A
3VR6,"RG134A,RG135A",1.4000883102416992,1.7163187265396118,3,"3VR6_RG134A,RG135A"
3VR6,AG138S,-0.34087562561035156,0.04628922790288925,3,3VR6_AG138S
3VR6,LG139N,0.7095816135406494,0.276580274105072,3,3VR6_LG139N
3VR6,"RA476A,RB481A,RC471A",-0.27845457196235657,0.8524342179298401,3,"3VR6_RA476A,RB481A,RC471A"
3VR6,"VD385A,VE385A,VF388A",0.6982964873313904,0.4539254605770111,3,"3VR6_VD385A,VE385A,VF388A"
3VR6,"LD386A,LE386A,LF389A",1.136772632598877,2.0504372119903564,3,"3VR6_LD386A,LE386A,LF389A"
3VR6,"RA476A,RB481A,RC471A,RG134A,RG135A",1.3179826736450195,2.044902801513672,3,"3VR6_RA476A,RB481A,RC471A,RG134A,RG135A"
3VR6,"VD385A,VE385A,VF388A,RG134A,RG135A",1.1313122510910034,3.2072842121124268,3,"3VR6_VD385A,VE385A,VF388A,RG134A,RG135A"
3VR6,"LA477A,LB482A,LC472A,VA478A,VB483A,VC473A",-0.22198787331581116,2.417980909347534,3,"3VR6_LA477A,LB482A,LC472A,VA478A,VB483A,VC473A"
3VR6,"LA477A,LB482A,LC472A,VA478A,VB483A,VC473A,LD386A,LE386A,LF389A",-0.17043781280517578,2.475236654281616,3,"3VR6_LA477A,LB482A,LC472A,VA478A,VB483A,VC473A,LD386A,LE386A,LF389A"
3VR6,"LA477A,LB482A,LC472A,VA478A,VB483A,VC473A,RG134A,RG135A",2.049800395965576,3.233720541000366,3,"3VR6_LA477A,LB482A,LC472A,VA478A,VB483A,VC473A,RG134A,RG135A"
3VR6,"LA477A,LB482A,LC472A,VA478A,VB483A,VC473A,LG139N",-0.07911093533039093,1.781821608543396,3,"3VR6_LA477A,LB482A,LC472A,VA478A,VB483A,VC473A,LG139N"
3VR6,"RD347E,RE347E,RF350E",0.2876400649547577,0.6235606074333191,3,"3VR6_RD347E,RE347E,RF350E"
3VR6,"RD347K,RE347K,RF350K",1.2131596803665161,-0.1927572786808014,3,"3VR6_RD347K,RE347K,RF350K"
1JTD,QA73A,0.5186731815338135,1.0091922283172607,3,1JTD_QA73A
1JTD,NA74A,0.8012278079986572,-0.5290356874465942,3,1JTD_NA74A
1JTD,LA76A,1.733952522277832,0.5691124796867371,3,1JTD_LA76A
1JTD,EA78A,0.8407392501831055,3.4004476070404053,3,1JTD_EA78A
1JTD,YA79A,2.2508599758148193,0.11558478325605392,3,1JTD_YA79A
1JTD,PA81A,1.733952522277832,-0.2979966700077057,3,1JTD_PA81A
1JTD,EA84A,0.038235973566770554,-0.39950957894325256,3,1JTD_EA84A
1JTD,KA85A,2.144608974456787,1.594494342803955,3,1JTD_KA85A
1JTD,MA103A,2.5226452350616455,0.7957628965377808,3,1JTD_MA103A
1JTD,VA190A,0.038235973566770554,0.05674401670694351,3,1JTD_VA190A
1JTD,MA244A,0.27845457196235657,0.2242814600467682,3,1JTD_MA244A
1WQJ,RI20A,0.6795530319213867,0.26968955993652344,3,1WQJ_RI20A
1WQJ,"RI35A,RI36A",1.02851140499115,0.1918732225894928,3,"1WQJ_RI35A,RI36A"
1WQJ,RI49A,0.26824522018432617,1.0500835180282593,3,1WQJ_RI49A
1WQJ,RI54A,0.05944105610251427,0.3713802695274353,3,1WQJ_RI54A
1WQJ,RI55A,0.40239912271499634,-0.2647237479686737,3,1WQJ_RI55A
3W2D,YA45F,0.8783374428749084,0.13725553452968597,3,3W2D_YA45F
3W2D,YA45L,2.3658151626586914,1.109588623046875,3,3W2D_YA45L
3W2D,KA67R,-0.42831185460090637,-1.5125514268875122,3,3W2D_KA67R
3W2D,KA67N,4.624007701873779,0.47052910923957825,3,3W2D_KA67N
4GNK,KA294A,0.09897152334451675,0.22887271642684937,3,4GNK_KA294A
4GNK,"DA279A,PA281D",0.1213308572769165,-0.08557125180959702,3,"4GNK_DA279A,PA281D"
4GNK,LB764A,-1.420637845993042,-0.03486790508031845,3,4GNK_LB764A
4GNK,"KA294A,LB764A",-1.5528396368026733,0.4364277720451355,3,"4GNK_KA294A,LB764A"
4GNK,"LB764A,DA279A,PA281D",-1.7232774496078491,-0.10050497204065323,3,"4GNK_LB764A,DA279A,PA281D"
4GNK,TB540E,-0.18866854906082153,-0.11809694021940231,3,4GNK_TB540E
4O27,YA215A,1.1953110694885254,0.9758651852607727,3,4O27_YA215A
4O27,KA88A,1.0248732566833496,0.4141085743904114,3,4O27_KA88A
4O27,EB42A,0.3714717626571655,2.5307366847991943,3,4O27_EB42A
4O27,EB122A,0.3016909658908844,0.22517146170139313,3,4O27_EB122A
4Y61,YA246A,-0.07816073298454285,1.79109787940979,3,4Y61_YA246A
4Y61,RB86A,-0.1930532306432724,1.7372552156448364,3,4Y61_RB86A
4Y61,"FB219A,HB222A",0.28917425870895386,1.903149127960205,3,"4Y61_FB219A,HB222A"
4YEB,DA133A,1.3676663637161255,0.3821064233779907,3,4YEB_DA133A
4YEB,AA114S,0.0693911463022232,-0.15561528503894806,3,4YEB_AA114S
4YEB,RB88T,0.2775775194168091,-0.002431536093354225,3,4YEB_RB88T
4YEB,FB131A,2.4174656867980957,1.5153435468673706,3,4YEB_FB131A
4YFD,RA48A,0.28495320677757263,1.604620099067688,3,4YFD_RA48A
4YFD,RA169A,0.15944580733776093,1.3553358316421509,3,4YFD_RA169A
4YFD,EA259A,1.2165226936340332,-0.6274932026863098,3,4YFD_EA259A
4YFD,"EA207G,LA208S,RA209S,EA210G",-0.03591717779636383,0.24181407690048218,3,"4YFD_EA207G,LA208S,RA209S,EA210G"
4YFD,"EA207Q,RA209E,EA210Q",0.17261195182800293,0.18677137792110443,3,"4YFD_EA207Q,RA209E,EA210Q"
4YFD,WB4A,1.1326016187667847,3.107591390609741,3,4YFD_WB4A
4YFD,DB7A,-0.05472675710916519,1.5718916654586792,3,4YFD_DB7A
4YFD,KB71A,1.475084900856018,1.766254186630249,3,4YFD_KB71A
4ZS6,YA160A,-0.11029982566833496,1.9432320594787598,3,4ZS6_YA160A
4ZS6,EA156A,3.040027141571045,2.720247507095337,3,4ZS6_EA156A
3NVQ,RA157E,1.545855164527893,-0.8409403562545776,3,3NVQ_RA157E
3NVQ,RA159E,1.5608546733856201,1.3759961128234863,3,3NVQ_RA159E
3EQY,TC1A,0.37473925948143005,1.1204216480255127,3,3EQY_TC1A
3EQY,SC2A,0.8714090585708618,1.1819052696228027,3,3EQY_SC2A
3EQY,FC3A,5.660985946655273,4.300559043884277,3,3EQY_FC3A
3EQY,EC5A,1.2231920957565308,1.1607258319854736,3,3EQY_EC5A
3EQY,YC6A,2.5873632431030273,2.173889398574829,3,3EQY_YC6A
3EQY,WC7A,6.0464277267456055,2.8439624309539795,3,3EQY_WC7A
3EQY,NC8A,-0.7492132782936096,0.015171593055129051,3,3EQY_NC8A
3EQY,LC9A,0.033863615244627,0.8349931836128235,3,3EQY_LC9A
3EQY,LC10A,2.324615240097046,2.8757195472717285,3,3EQY_LC10A
3EQY,SC11A,0.1527513712644577,0.30390816926956177,3,3EQY_SC11A
3EQY,PC12A,0.29562830924987793,0.37572529911994934,3,3EQY_PC12A
1JTD,NB12A,1.3017500638961792,2.121976613998413,3,1JTD_NB12A
1JTD,DB14A,1.5081050395965576,2.5133986473083496,3,1JTD_DB14A
1JTD,WB15A,1.3930768966674805,1.2688663005828857,3,1JTD_WB15A
1JTD,TB19A,0.2951873242855072,-0.06897785514593124,3,1JTD_TB19A
1JTD,YB35A,3.1518187522888184,1.3591809272766113,3,1JTD_YB35A
1JTD,FB36A,2.5512847900390625,4.669451713562012,3,1JTD_FB36A
1JTD,LB53A,0.6671075820922852,0.7590650916099548,3,1JTD_LB53A
1JTD,NB74A,1.2099658250808716,2.36979341506958,3,1JTD_NB74A
1JTD,YB75A,0.4804372191429138,2.6766531467437744,3,1JTD_YB75A
1JTD,DB93A,1.989831566810608,1.870082139968872,3,1JTD_DB93A
1JTD,WB114A,3.2562007904052734,5.631216049194336,3,1JTD_WB114A
1JTD,DB129A,0.9608744382858276,3.2304623126983643,3,1JTD_DB129A
1JTD,SB131A,0.15162824094295502,0.028460821136832237,3,1JTD_SB131A
1JTD,DB132A,-0.5490620136260986,0.7885053753852844,3,1JTD_DB132A
1JTD,YB153A,3.3001062870025635,4.075493812561035,3,1JTD_YB153A
1JTD,DB168A,-1.0615314245224,3.472562551498413,3,1JTD_DB168A
1JTD,YB170A,2.027261972427368,1.6623320579528809,3,1JTD_YB170A
1JTD,FB171A,2.2007148265838623,1.4049053192138672,3,1JTD_FB171A
1JTD,IB191A,2.8903894424438477,2.543274164199829,3,1JTD_IB191A
1JTD,FB192A,3.9618523120880127,3.770951986312866,3,1JTD_FB192A
1JTD,YB210A,0.8243905305862427,0.7016485333442688,3,1JTD_YB210A
1JTD,EB230A,1.8500686883926392,3.6622121334075928,3,1JTD_EB230A
1JTD,WB231A,5.811737537384033,4.888378620147705,3,1JTD_WB231A
1JTD,RB248A,0.888344407081604,1.083878517150879,3,1JTD_RB248A
1JTD,NB266A,2.6700212955474854,2.283219337463379,3,1JTD_NB266A
5K39,MB108A,-0.4778553247451782,-0.0010990742594003677,3,5K39_MB108A
5K39,MB112A,-0.2331232875585556,0.007724812254309654,3,5K39_MB112A
5K39,SB115A,0.45034053921699524,0.5442816615104675,3,5K39_SB115A
5K39,FB142A,2.7175374031066895,0.9032213091850281,3,5K39_FB142A
5K39,IB148A,2.0530591011047363,1.8536666631698608,3,5K39_IB148A
4L0P,TA11K,0.0,0.1577635407447815,3,4L0P_TA11K
4L0P,SA20F,0.05646670609712601,-1.0977202653884888,3,4L0P_SA20F
4L0P,EA27K,2.665921211242676,-0.20542927086353302,3,4L0P_EA27K
4L0P,NA59S,0.3143717646598816,0.09251027554273605,3,4L0P_NA59S
4L0P,TA76Q,1.472187876701355,-0.46916136145591736,3,4L0P_TA76Q
4L0P,TA140N,0.27845457196235657,0.9076545834541321,3,4L0P_TA140N
3QIB,RC89P,-0.11936844140291214,0.953662097454071,3,3QIB_RC89P
3QIB,NC94P,0.786812961101532,-0.4068605303764343,3,3QIB_NC94P
3QIB,LD95P,-0.3697237968444824,-0.10155624896287918,3,3QIB_LD95P
3QIB,QA57A,0.2648344039916992,0.39426589012145996,3,3QIB_QA57A
3QIB,AA61G,0.8922892808914185,-0.11966369301080704,3,3QIB_AA61G
3QIB,AA64G,0.6100000739097595,-0.38368672132492065,3,3QIB_AA64G
3QIB,KA67A,0.5660946369171143,0.5313138365745544,3,3QIB_KA67A
3QIB,AA68G,0.8450669050216675,-0.4086155295372009,3,3QIB_AA68G
3QIB,EA75A,0.0,-0.24709461629390717,3,3QIB_EA75A
3QIB,EB57A,0.0,0.07188933342695236,3,3QIB_EB57A
3QIB,SB61A,0.02633553557097912,0.0719020739197731,3,3QIB_SB61A
3QIB,QB62A,1.7639565467834473,-0.07559844106435776,3,3QIB_QB62A
3QIB,EB64A,1.212812066078186,-0.1400384157896042,3,3QIB_EB64A
3QIB,EB67A,1.8214198350906372,-0.13058698177337646,3,3QIB_EB67A
3QIB,AB71G,2.204041004180908,1.3858602046966553,3,3QIB_AB71G
3QIB,DB74A,0.8629055023193359,1.451539158821106,3,3QIB_DB74A
3QIB,TB75A,0.7498465776443481,1.4501534700393677,3,3QIB_TB75A
3QIB,HB79A,0.051550064235925674,0.10342065244913101,3,3QIB_HB79A
3QIB,"KA67A,EB64A",1.5070480108261108,0.35776373744010925,3,"3QIB_KA67A,EB64A"
3QIB,YP6A,3.1389987468719482,3.781572103500366,3,3QIB_YP6A
3QIB,YP6F,0.10801676660776138,0.49330610036849976,3,3QIB_YP6F
3QIB,KP8A,3.1389987468719482,1.5509262084960938,3,3QIB_KP8A
3QIB,KP8R,2.2370340824127197,-2.120473623275757,3,3QIB_KP8R
3QIB,TP11A,3.1389987468719482,1.658402442932129,3,3QIB_TP11A
3QIB,TP11S,1.075722575187683,0.05936407297849655,3,3QIB_TP11S
3QIB,TP11N,1.223834753036499,2.125136137008667,3,3QIB_TP11N
3QIB,"YP6F,TP11S",1.2169697284698486,-0.1425277590751648,3,"3QIB_YP6F,TP11S"
1Y33,PI39T,-3.756010055541992,-4.472143650054932,4,1Y33_PI39T
1GCQ,PC5A,0.7678360939025879,1.5389713048934937,4,1GCQ_PC5A
1GCQ,AC42G,1.3534959554672241,0.35151374340057373,4,1GCQ_AC42G
1GCQ,WC47Y,2.1472480297088623,0.014982379972934723,4,1GCQ_WC47Y
1GCQ,PC67A,1.3164557218551636,1.544874668121338,4,1GCQ_PC67A
1GCQ,PC18A,0.1208081841468811,0.38339462876319885,4,1GCQ_PC18A
1GCQ,PC19A,0.08525039255619049,0.03131384402513504,4,1GCQ_PC19A
1GCQ,GC21V,-0.025214528664946556,0.5237823724746704,4,1GCQ_GC21V
3D5S,AC31R,-2.2467401027679443,-1.8105072975158691,4,3D5S_AC31R
3D5R,AC38N,-1.5695295333862305,-0.9647348523139954,4,3D5R_AC38N
3D5S,AC31R,-1.5196093320846558,-1.963818907737732,4,3D5S_AC31R
3D5R,AC38N,-1.3337823152542114,-0.9647348523139954,4,3D5R_AC38N
2NOJ,"RB24A,NB31A",0.7486768364906311,1.9983021020889282,4,"2NOJ_RB24A,NB31A"
2VIR,SC115L,3.681856870651245,-0.1696459949016571,4,2VIR_SC115L
2VIR,TC89I,4.913825988769531,6.194495677947998,4,2VIR_TC89I
2VLN,AB75N,-2.3355860710144043,-1.4925283193588257,4,2VLN_AB75N
1KIQ,FB101Y,-2.4960761070251465,-2.5974926948547363,4,1KIQ_FB101Y
2B10,SB87F,-1.1648274660110474,-1.6476237773895264,4,2B10_SB87F
1LFD,RA7A,1.5992153882980347,1.71644127368927,4,1LFD_RA7A
1LFD,SA9K,0.8984887003898621,-0.1907755434513092,4,1LFD_SA9K
1LFD,LA10K,-0.5018116235733032,0.16166770458221436,4,1LFD_LA10K
1LFD,NA14K,0.39763498306274414,0.014756657183170319,4,1LFD_NA14K
1LFD,MA17K,-0.4014550745487213,0.30170944333076477,4,1LFD_MA17K
1LFD,KA19A,1.4974024295806885,1.7486056089401245,4,1LFD_KA19A
1LFD,KA35A,0.29746535420417786,0.08150047808885574,4,1LFD_KA35A
1LFD,DA38A,-0.6010016798973083,0.40469199419021606,4,1LFD_DA38A
1LFD,DA38K,-0.9017500281333923,0.33065265417099,4,1LFD_DA38K
1LFD,KA39A,1.8000420331954956,1.5871528387069702,4,1LFD_KA39A
1LFD,NA41K,-0.10145894438028336,0.24920886754989624,4,1LFD_NA41K
1LFD,LA42K,0.0,-0.16930192708969116,4,1LFD_LA42K
1LFD,DA43A,-0.4014550745487213,0.1995471715927124,4,1LFD_DA43A
1LFD,EA44A,-0.4014550745487213,0.07384530454874039,4,1LFD_EA44A
1LFD,EA44K,-0.10145894438028336,-0.30940133333206177,4,1LFD_EA44K
1LFD,DA45K,-0.5018116235733032,0.0034192875027656555,4,1LFD_DA45K
1LFD,NA79K,-0.4014550745487213,-0.14305326342582703,4,1LFD_NA79K
1LFD,YA80K,0.19934363663196564,0.3397771120071411,4,1LFD_YA80K
1LFD,DA81K,-0.9017500281333923,0.7732295989990234,4,1LFD_DA81K
1LFD,"MA17K,DA45K",-0.20182165503501892,0.27621302008628845,4,"1LFD_MA17K,DA45K"
1LFD,"MA17K,DA81K",-0.4014550745487213,1.6558152437210083,4,"1LFD_MA17K,DA81K"
1LFD,"MA17K,DA38K,DA45K",-1.8022412061691284,0.4953232407569885,4,"1LFD_MA17K,DA38K,DA45K"
1LFD,"MA17K,DA38K,DA45K,DA81K",-0.9017500281333923,1.2879670858383179,4,"1LFD_MA17K,DA38K,DA45K,DA81K"
1LFD,"DA38K,DA43K,EA44K",-1.2028181552886963,0.40487363934516907,4,"1LFD_DA38K,DA43K,EA44K"
1LFD,"DA45K,DA81K",-0.7013956308364868,0.8472079634666443,4,"1LFD_DA45K,DA81K"
1LFD,RA7A,1.1360437870025635,1.690208077430725,4,1LFD_RA7A
1LFD,SA9K,-0.11787066608667374,-0.1907755434513092,4,1LFD_SA9K
1LFD,LA10K,-0.015469598583877087,0.1643066108226776,4,1LFD_LA10K
1LFD,NA14K,0.40297210216522217,-0.03162219375371933,4,1LFD_NA14K
1LFD,MA17K,-0.9208399057388306,0.2896745800971985,4,1LFD_MA17K
1LFD,KA19A,1.326342225074768,1.7408498525619507,4,1LFD_KA19A
1LFD,KA35A,0.2582642138004303,0.06588131934404373,4,1LFD_KA35A
1LFD,DA38A,-0.5790618062019348,0.40379536151885986,4,1LFD_DA38A
1LFD,DA38K,-1.0864804983139038,0.31645768880844116,4,1LFD_DA38K
1LFD,KA39A,1.1793076992034912,1.7280234098434448,4,1LFD_KA39A
1LFD,NA41K,-1.1683279275894165,0.27835798263549805,4,1LFD_NA41K
1LFD,LA42K,-0.5710011124610901,-0.16865035891532898,4,1LFD_LA42K
1LFD,DA43A,-0.2796773910522461,0.16736802458763123,4,1LFD_DA43A
1LFD,EA44A,-0.24635806679725647,0.06333891302347183,4,1LFD_EA44A
1LFD,EA44K,-0.28459402918815613,-0.30940133333206177,4,1LFD_EA44K
1LFD,DA45K,-0.9065632224082947,0.0034192875027656555,4,1LFD_DA45K
1LFD,NA79K,-0.5630486011505127,-0.13607868552207947,4,1LFD_NA79K
1LFD,YA80K,0.07719918340444565,0.3508075475692749,4,1LFD_YA80K
1LFD,DA81K,-1.1467818021774292,0.752298891544342,4,1LFD_DA81K
1LFD,"MA17K,DA45K",-1.0494401454925537,0.31592947244644165,4,"1LFD_MA17K,DA45K"
1LFD,"MA17K,DA81K",-0.9065632224082947,1.6856861114501953,4,"1LFD_MA17K,DA81K"
1LFD,"MA17K,DA38K,DA45K",-1.9596909284591675,0.947553813457489,4,"1LFD_MA17K,DA38K,DA45K"
1LFD,"MA17K,DA38K,DA45K,DA81K",-1.7567819356918335,0.7479439973831177,4,"1LFD_MA17K,DA38K,DA45K,DA81K"
1LFD,"DA38K,DA43K,EA44K",-1.5574382543563843,0.3932536244392395,4,"1LFD_DA38K,DA43K,EA44K"
1LFD,"DA45K,DA81K",-0.6039235591888428,0.8472079634666443,4,"1LFD_DA45K,DA81K"
1KTZ,VA62I,0.2429177165031433,0.036133356392383575,4,1KTZ_VA62I
1KTZ,RA13K,1.1516977548599243,0.08458978682756424,4,1KTZ_RA13K
1KTZ,RA64K,2.2014970779418945,-0.07640623301267624,4,1KTZ_RA64K
1KTZ,RA13A,1.481581449508667,1.2630335092544556,4,1KTZ_RA13A
1KTZ,RA64A,2.884404420852661,0.13131877779960632,4,1KTZ_RA64A
1KTZ,LB3A,1.8249237537384033,1.7472248077392578,4,1KTZ_LB3A
1KTZ,FB6A,2.980065107345581,0.5846619606018066,4,1KTZ_FB6A
1KTZ,DB8A,1.5216164588928223,0.5513496994972229,4,1KTZ_DB8A
1KTZ,DB8N,2.0003442764282227,-0.12874293327331543,4,1KTZ_DB8N
1KTZ,SB25A,0.3265458643436432,0.03610406070947647,4,1KTZ_SB25A
1KTZ,IB26A,1.8964810371398926,1.5961804389953613,4,1KTZ_IB26A
1KTZ,TB27A,1.5135467052459717,0.9758942723274231,4,1KTZ_TB27A
1KTZ,SB28A,0.216517373919487,-0.015123657882213593,4,1KTZ_SB28A
1KTZ,SB28L,4.037786483764648,-1.997226595878601,4,1KTZ_SB28L
1KTZ,IB29A,1.3702386617660522,1.3350642919540405,4,1KTZ_IB29A
1KTZ,EB31A,1.2165226936340332,0.23182594776153564,4,1KTZ_EB31A
1KTZ,VB53A,0.4149967432022095,0.17819276452064514,4,1KTZ_VB53A
1KTZ,DB94A,0.8147421479225159,-0.02332942932844162,4,1KTZ_DB94A
1KTZ,EB95A,1.4942781925201416,0.8821263313293457,4,1KTZ_EB95A
1KTZ,EB95Q,1.6271791458129883,0.3298697769641876,4,1KTZ_EB95Q
1KTZ,NB23A,0.28495320677757263,0.2722615599632263,4,1KTZ_NB23A
1KTZ,VB38A,0.6479637026786804,0.8260008692741394,4,1KTZ_VB38A
1KTZ,EB51A,1.0801141262054443,0.26861101388931274,4,1KTZ_EB51A
1KTZ,HB55A,0.29562830924987793,1.4912883043289185,4,1KTZ_HB55A
1KTZ,FB86A,0.9322267174720764,0.5429856181144714,4,1KTZ_FB86A
1KTZ,MB88A,0.8714090585708618,0.3511682450771332,4,1KTZ_MB88A
1KTZ,IB101A,0.5393629670143127,0.4167031943798065,4,1KTZ_IB101A
2QJ9,"RC57K,TC59S,IC61K,PC62A,HC63Q,QC64L,SC67T",-0.7299859523773193,-0.3072938919067383,4,"2QJ9_RC57K,TC59S,IC61K,PC62A,HC63Q,QC64L,SC67T"
2QJ9,"AC43T,MC47L,KC48G,YC49L",-0.46220648288726807,-0.7852621078491211,4,"2QJ9_AC43T,MC47L,KC48G,YC49L"
2QJ9,"AC43T,MC47L,KC48G,YC49L,GC11H,DC15E,AC30T,IC31M",0.4228723645210266,0.8403576016426086,4,"2QJ9_AC43T,MC47L,KC48G,YC49L,GC11H,DC15E,AC30T,IC31M"
1JTG,GA212S,-0.26777946949005127,0.9704452157020569,4,1JTG_GA212S
1JTG,EA79K,4.2353901863098145,0.6887902617454529,4,1JTG_EA79K
1JTG,DB49A,2.5614840984344482,2.73454213142395,4,1JTG_DB49A
1JTG,FB142A,3.3792171478271484,2.743539810180664,4,1JTG_FB142A
1JTG,"GA212S,DB49A",2.6352171897888184,2.362959146499634,4,"1JTG_GA212S,DB49A"
1JTG,"GA212S,FB142A",3.681856870651245,2.6192357540130615,4,"1JTG_GA212S,FB142A"
1JTG,"EA79K,DB49A",5.640436172485352,3.014909029006958,4,"1JTG_EA79K,DB49A"
1JTG,"EA79K,FB142A",4.554719924926758,2.990593671798706,4,"1JTG_EA79K,FB142A"
1JTG,DB49A,1.8142549991607666,2.750260829925537,4,1JTG_DB49A
1JTG,"SA209A,DB49A",1.6411057710647583,1.7703449726104736,4,"1JTG_SA209A,DB49A"
1JTG,"SA105A,DB49A",1.384631872177124,2.4058918952941895,4,"1JTG_SA105A,DB49A"
1JTG,"SA209A,SA105A,DB49A",1.0941568613052368,0.9927764534950256,4,"1JTG_SA209A,SA105A,DB49A"
1JTG,"RA217A,DB49A",1.1116822957992554,2.7970893383026123,4,"1JTG_RA217A,DB49A"
1JTG,"KA208A,DB49A",1.5540213584899902,2.0560269355773926,4,"1JTG_KA208A,DB49A"
1JTG,"RA217A,SA209A,DB49A",0.4080484211444855,1.6934937238693237,4,"1JTG_RA217A,SA209A,DB49A"
1JTG,"RA217A,SA105A,DB49A",1.2549387216567993,2.306835174560547,4,"1JTG_RA217A,SA105A,DB49A"
1JTG,"SA209A,KA208A,DB49A",1.5348256826400757,0.7006375193595886,4,"1JTG_SA209A,KA208A,DB49A"
1JTG,"KA208A,SA105A,DB49A",1.3181935548782349,1.9840565919876099,4,"1JTG_KA208A,SA105A,DB49A"
1JTG,"RA217A,SA209A,SA105A,DB49A",0.8942657113075256,1.5014482736587524,4,"1JTG_RA217A,SA209A,SA105A,DB49A"
1JTG,"SA209A,SA105A,KA208A,DB49A",0.6092560887336731,0.9215925335884094,4,"1JTG_SA209A,SA105A,KA208A,DB49A"
1JTG,"RA217A,KA208A,DB49A",1.904421329498291,2.357725143432617,4,"1JTG_RA217A,KA208A,DB49A"
1JTG,"RA217A,SA209A,KA208A,DB49A",2.032426357269287,0.9964177012443542,4,"1JTG_RA217A,SA209A,KA208A,DB49A"
1JTG,"KA208A,SA105A,RA217A,DB49A",1.4909703731536865,1.4610527753829956,4,"1JTG_KA208A,SA105A,RA217A,DB49A"
1JTG,"KA208A,SA209A,SA105A,RA217A,DB49A",1.726972222328186,1.0684714317321777,4,"1JTG_KA208A,SA209A,SA105A,RA217A,DB49A"
1JTG,SA209A,1.23908269405365,-0.1981249451637268,4,1JTG_SA209A
1JTG,SA105A,0.7919731140136719,0.41756847500801086,4,1JTG_SA105A
1JTG,"SA209A,SA105A",1.152734398841858,0.4002196490764618,4,"1JTG_SA209A,SA105A"
1JTG,RA217A,1.3393713235855103,0.6939463019371033,4,1JTG_RA217A
1JTG,KA208A,1.4172372817993164,0.3597646951675415,4,1JTG_KA208A
1JTG,"RA217A,SA209A",0.7395939230918884,0.048491038382053375,4,"1JTG_RA217A,SA209A"
1JTG,"RA217A,SA105A",1.8496946096420288,0.6368386149406433,4,"1JTG_RA217A,SA105A"
1JTG,"SA209A,KA208A",2.0937232971191406,-0.8785770535469055,4,"1JTG_SA209A,KA208A"
1JTG,"KA208A,SA105A",1.9795986413955688,0.38006025552749634,4,"1JTG_KA208A,SA105A"
1JTG,"RA217A,SA209A,SA105A",1.6881089210510254,0.4423622488975525,4,"1JTG_RA217A,SA209A,SA105A"
1JTG,"SA209A,SA105A,KA208A",1.8496946096420288,0.020383991301059723,4,"1JTG_SA209A,SA105A,KA208A"
1JTG,"RA217A,KA208A",2.730074644088745,1.014765739440918,4,"1JTG_RA217A,KA208A"
1JTG,"RA217A,SA209A,KA208A",2.7169570922851562,-0.5780234932899475,4,"1JTG_RA217A,SA209A,KA208A"
1JTG,"KA208A,SA105A,RA217A",2.5094218254089355,0.36398422718048096,4,"1JTG_KA208A,SA105A,RA217A"
1JTG,"KA208A,SA209A,SA105A,RA217A",2.788503646850586,0.059143103659152985,4,"1JTG_KA208A,SA209A,SA105A,RA217A"
1JTG,DB49A,1.7919657230377197,2.750260829925537,4,1JTG_DB49A
1JTG,KB74A,3.559509038925171,0.468677818775177,4,1JTG_KB74A
1JTG,FB142A,2.102992057800293,2.641415596008301,4,1JTG_FB142A
1JTG,YB143A,0.3820299804210663,1.4092293977737427,4,1JTG_YB143A
1JTG,"KB74A,FB142A",4.852370262145996,2.8093299865722656,4,"1JTG_KB74A,FB142A"
1JTG,"KB74A,YB143A",3.0586442947387695,1.737916111946106,4,"1JTG_KB74A,YB143A"
1JTG,"FB142A,YB143A",2.843151092529297,2.696920394897461,4,"1JTG_FB142A,YB143A"
1JTG,"KB74A,FB142A,YB143A",3.8954012393951416,2.7640981674194336,4,"1JTG_KB74A,FB142A,YB143A"
1JTG,EA79A,1.552952527999878,1.6290283203125,4,1JTG_EA79A
1JTG,"KB74A,EA79A",1.5768485069274902,1.419547200202942,4,"1JTG_KB74A,EA79A"
1JTG,"FB142A,EA79A",2.7478888034820557,2.470102310180664,4,"1JTG_FB142A,EA79A"
1JTG,"YB143A,EA79A",1.8645553588867188,2.626891851425171,4,"1JTG_YB143A,EA79A"
1JTG,"KB74A,FB142A,EA79A",3.130239963531494,2.5403928756713867,4,"1JTG_KB74A,FB142A,EA79A"
1JTG,"KB74A,YB143A,EA79A",1.0506681203842163,2.162550449371338,4,"1JTG_KB74A,YB143A,EA79A"
1JTG,"FB142A,YB143A,EA79A",2.8912806510925293,2.3326494693756104,4,"1JTG_FB142A,YB143A,EA79A"
1JTG,"KB74A,FB142A,YB143A,EA79A",2.3889827728271484,2.285538911819458,4,"1JTG_KB74A,FB142A,YB143A,EA79A"
1JTG,YA80A,-0.16837136447429657,1.6045362949371338,4,1JTG_YA80A
1JTG,"KB74A,YA80A",3.322336435317993,1.7427101135253906,4,"1JTG_KB74A,YA80A"
1JTG,"FB142A,YA80A",0.6943662762641907,3.094304084777832,4,"1JTG_FB142A,YA80A"
1JTG,"YB143A,YA80A",1.0754432678222656,2.3433780670166016,4,"1JTG_YB143A,YA80A"
1JTG,"KB74A,FB142A,YA80A",4.779135227203369,2.8235597610473633,4,"1JTG_KB74A,FB142A,YA80A"
1JTG,"KB74A,YB143A,YA80A",3.3951475620269775,2.348994016647339,4,"1JTG_KB74A,YB143A,YA80A"
1JTG,"FB142A,YB143A,YA80A",2.9869043827056885,2.758608102798462,4,"1JTG_FB142A,YB143A,YA80A"
1JTG,"KB74A,FB142A,YB143A,YA80A",4.229416370391846,2.9009108543395996,4,"1JTG_KB74A,FB142A,YB143A,YA80A"
1JTG,"EA79A,YA80A",1.0270099639892578,2.252309799194336,4,"1JTG_EA79A,YA80A"
1JTG,"KB74A,EA79A,YA80A",1.3861162662506104,2.0629374980926514,4,"1JTG_KB74A,EA79A,YA80A"
1JTG,"FB142A,EA79A,YA80A",1.5050040483474731,2.7952346801757812,4,"1JTG_FB142A,EA79A,YA80A"
1JTG,"YB143A,EA79A,YA80A",2.054677724838257,2.4876530170440674,4,"1JTG_YB143A,EA79A,YA80A"
1JTG,"KB74A,FB142A,EA79A,YA80A",3.130239963531494,2.356595039367676,4,"1JTG_KB74A,FB142A,EA79A,YA80A"
1JTG,"KB74A,YB143A,EA79A,YA80A",1.7679566144943237,2.308927536010742,4,"1JTG_KB74A,YB143A,EA79A,YA80A"
1JTG,"FB142A,YB143A,EA79A,YA80A",2.843151092529297,2.5997238159179688,4,"1JTG_FB142A,YB143A,EA79A,YA80A"
1JTG,"KB74A,FB142A,YB143A,EA79A,YA80A",2.412727117538452,2.5180838108062744,4,"1JTG_KB74A,FB142A,YB143A,EA79A,YA80A"
1JTG,RA217A,1.2657638788223267,0.6823700070381165,4,1JTG_RA217A
1JTG,"DB49A,RA217A",1.0992237329483032,2.311944007873535,4,"1JTG_DB49A,RA217A"
1JTG,"KB74A,RA217A",6.62026834487915,1.1108325719833374,4,"1JTG_KB74A,RA217A"
1JTG,"FB142A,RA217A",3.3951475620269775,3.0722851753234863,4,"1JTG_FB142A,RA217A"
1JTG,"YB143A,RA217A",2.269850254058838,1.924236536026001,4,"1JTG_YB143A,RA217A"
1JTG,"KB74A,FB142A,RA217A",5.496315956115723,3.072812557220459,4,"1JTG_KB74A,FB142A,RA217A"
1JTG,"KB74A,YB143A,RA217A",4.373137474060059,2.51694917678833,4,"1JTG_KB74A,YB143A,RA217A"
1JTG,"FB142A,YB143A,RA217A",4.542801380157471,2.9973487854003906,4,"1JTG_FB142A,YB143A,RA217A"
1JTG,"KB74A,FB142A,YB143A,RA217A",5.257837295532227,3.193856716156006,4,"1JTG_KB74A,FB142A,YB143A,RA217A"
1JTG,KA208A,1.0270099639892578,0.40318578481674194,4,1JTG_KA208A
1JTG,"DB49A,KA208A",1.6006518602371216,2.2146551609039307,4,"1JTG_DB49A,KA208A"
1JTG,"KB74A,KA208A",6.548087120056152,0.8716384768486023,4,"1JTG_KB74A,KA208A"
1JTG,"FB142A,KA208A",3.3951475620269775,2.9366915225982666,4,"1JTG_FB142A,KA208A"
1JTG,"YB143A,KA208A",2.5566611289978027,1.9011430740356445,4,"1JTG_YB143A,KA208A"
1JTG,"KB74A,FB142A,KA208A",5.830841064453125,3.1157398223876953,4,"1JTG_KB74A,FB142A,KA208A"
1JTG,"KB74A,YB143A,KA208A",4.876004219055176,2.229464530944824,4,"1JTG_KB74A,YB143A,KA208A"
1JTG,"FB142A,YB143A,KA208A",4.68193244934082,2.9578776359558105,4,"1JTG_FB142A,YB143A,KA208A"
1JTG,"KB74A,FB142A,YB143A,KA208A",5.472614765167236,2.9118003845214844,4,"1JTG_KB74A,FB142A,YB143A,KA208A"
1JTG,SA105A,0.33384764194488525,0.5921080708503723,4,1JTG_SA105A
1JTG,"DB49A,SA105A",0.35808926820755005,2.5035362243652344,4,"1JTG_DB49A,SA105A"
1JTG,"KB74A,SA105A",3.1786303520202637,0.29204219579696655,4,"1JTG_KB74A,SA105A"
1JTG,"FB142A,SA105A",2.843151092529297,1.8443833589553833,4,"1JTG_FB142A,SA105A"
1JTG,"YB143A,SA105A",1.7919657230377197,1.5707842111587524,4,"1JTG_YB143A,SA105A"
1JTG,"KB74A,FB142A,SA105A",5.161859035491943,1.8312933444976807,4,"1JTG_KB74A,FB142A,SA105A"
1JTG,"KB74A,YB143A,SA105A",3.7284178733825684,1.0940390825271606,4,"1JTG_KB74A,YB143A,SA105A"
1JTG,"FB142A,YB143A,SA105A",4.158278465270996,1.82216215133667,4,"1JTG_FB142A,YB143A,SA105A"
1JTG,"KB74A,FB142A,YB143A,SA105A",5.066775321960449,1.8188356161117554,4,"1JTG_KB74A,FB142A,YB143A,SA105A"
1JTG,QA74A,0.42960184812545776,-0.235769122838974,4,1JTG_QA74A
1JTG,NA75A,-0.4558051824569702,0.35389918088912964,4,1JTG_NA75A
1JTG,VA78A,1.9107438325881958,0.6671374440193176,4,1JTG_VA78A
1JTG,EA79A,1.7679566144943237,1.2717559337615967,4,1JTG_EA79A
1JTG,PA82A,-0.38275691866874695,2.022007942199707,4,1JTG_PA82A
1JTG,EA85A,4.0619282722473145,0.04970038682222366,4,1JTG_EA85A
1JTG,MA104A,0.7388210296630859,3.0422489643096924,4,1JTG_MA104A
1JTG,EA143A,-0.07258199155330658,0.529405951499939,4,1JTG_EA143A
1JTG,VA190A,-0.4069419801235199,0.3891870677471161,4,1JTG_VA190A
1JTG,FB36A,3.2014195919036865,0.9001703858375549,4,1JTG_FB36A
1JTG,HB41A,3.2497003078460693,0.43573713302612305,4,1JTG_HB41A
1JTG,DB49A,1.6727427244186401,2.6852023601531982,4,1JTG_DB49A
1JTG,YB50A,-0.4069419801235199,3.0931193828582764,4,1JTG_YB50A
1JTG,YB53A,2.077467203140259,1.8801703453063965,4,1JTG_YB53A
1JTG,SB71A,0.35808926820755005,0.9630613923072815,4,1JTG_SB71A
1JTG,KB74A,3.8236682415008545,0.37425002455711365,4,1JTG_KB74A
1JTG,WB112A,3.0105111598968506,0.8729613423347473,4,1JTG_WB112A
1JTG,SB113A,-0.16837136447429657,-0.04197143763303757,4,1JTG_SB113A
1JTG,FB142A,2.508270740509033,2.7130417823791504,4,1JTG_FB142A
1JTG,HB148A,2.7478888034820557,1.019071102142334,4,1JTG_HB148A
1JTG,WB150A,4.253561973571777,0.526448130607605,4,1JTG_WB150A
1JTG,RB160A,2.2222042083740234,0.9522551894187927,4,1JTG_RB160A
1JTG,WB162A,2.3408265113830566,1.2494940757751465,4,1JTG_WB162A
1JTG,"QA74A,HB148A",3.2014195919036865,0.23132234811782837,4,"1JTG_QA74A,HB148A"
1JTG,"QA74A,WB150A",3.8236682415008545,0.34061211347579956,4,"1JTG_QA74A,WB150A"
1JTG,"QA74A,RB160A",3.7509472370147705,0.5138821601867676,4,"1JTG_QA74A,RB160A"
1JTG,"NA75A,HB148A",2.102992057800293,0.8220509886741638,4,"1JTG_NA75A,HB148A"
1JTG,"NA75A,WB150A",4.349467754364014,0.8907814025878906,4,"1JTG_NA75A,WB150A"
1JTG,"NA75A,RB160A",1.5768485069274902,0.89061039686203,4,"1JTG_NA75A,RB160A"
1JTG,"EA143A,WB162A",2.077467203140259,1.251688003540039,4,"1JTG_EA143A,WB162A"
1JTG,"VA78A,WB162A",4.229416370391846,1.5024052858352661,4,"1JTG_VA78A,WB162A"
1JTG,"MA104A,YB53A",3.6092748641967773,4.166513919830322,4,"1JTG_MA104A,YB53A"
1JTG,"MA104A,YB50A",0.35808926820755005,4.661421298980713,4,"1JTG_MA104A,YB50A"
1JTG,"MA104A,FB36A",3.631322145462036,3.348789691925049,4,"1JTG_MA104A,FB36A"
1JTG,"PA82A,HB41A",2.6529457569122314,1.6215696334838867,4,"1JTG_PA82A,HB41A"
1JTG,"PA82A,YB50A",-0.6471605896949768,3.317828416824341,4,"1JTG_PA82A,YB50A"
1JTG,"PA82A,YB53A",2.3889827728271484,2.528369903564453,4,"1JTG_PA82A,YB53A"
1JTG,"VA190A,YB50A",-0.8855306506156921,2.8266994953155518,4,"1JTG_VA190A,YB50A"
1JTG,"EA85A,SB113A,SB71A",5.042290210723877,0.21155709028244019,4,"1JTG_EA85A,SB113A,SB71A"
1JTG,"EA85A,SB113A",4.565590858459473,0.16727104783058167,4,"1JTG_EA85A,SB113A"
1JTG,"EA85A,SB71A",5.019353866577148,0.08245161920785904,4,"1JTG_EA85A,SB71A"
1JTG,"SB71A,SB113A",0.45606809854507446,0.7497366070747375,4,"1JTG_SB71A,SB113A"
1JTG,"EA79A,SB113A",1.8645553588867188,1.1187164783477783,4,"1JTG_EA79A,SB113A"
1JTG,"QA74A,WB112A",3.537736654281616,0.2323441505432129,4,"1JTG_QA74A,WB112A"
1JTG,"QA74A,WB162A",2.8912806510925293,0.6331003308296204,4,"1JTG_QA74A,WB162A"
1JTG,"QA74A,KB74A",4.109651565551758,-0.059140853583812714,4,"1JTG_QA74A,KB74A"
1JTG,"QA74A,FB142A",2.819136619567871,2.1817240715026855,4,"1JTG_QA74A,FB142A"
1JTG,"QA74A,DB49A",2.1983838081359863,2.4759654998779297,4,"1JTG_QA74A,DB49A"
1JTG,"NA75A,WB112A",2.795217752456665,0.7874745726585388,4,"1JTG_NA75A,WB112A"
1JTG,"NA75A,WB162A",2.102992057800293,1.202370524406433,4,"1JTG_NA75A,WB162A"
1JTG,"NA75A,RB160A",1.5768485069274902,0.9434073567390442,4,"1JTG_NA75A,RB160A"
1JTG,"NA75A,KB74A",3.5118329524993896,0.5557080507278442,4,"1JTG_NA75A,KB74A"
1JTG,"NA75A,FB142A",2.2936041355133057,2.3765110969543457,4,"1JTG_NA75A,FB142A"
1JTG,"NA75A,DB49A",1.5768485069274902,2.5508780479431152,4,"1JTG_NA75A,DB49A"
1JTG,"VA78A,RB160A",4.349467754364014,0.9240372180938721,4,"1JTG_VA78A,RB160A"
1JTG,"VA78A,FB142A",4.516676902770996,2.8446455001831055,4,"1JTG_VA78A,FB142A"
1JTG,"EA143A,WB112A",2.795217752456665,0.9931017756462097,4,"1JTG_EA143A,WB112A"
1JTG,"EA143A,WB150A",4.109651565551758,0.8221896886825562,4,"1JTG_EA143A,WB150A"
1JTG,"EA143A,RB160A",2.3189265727996826,0.8112255930900574,4,"1JTG_EA143A,RB160A"
1JTG,"EA143A,KB74A",4.0619282722473145,0.6633153557777405,4,"1JTG_EA143A,KB74A"
1JTG,"EA143A,FB142A",2.581045150756836,2.258249282836914,4,"1JTG_EA143A,FB142A"
1JTG,"EA143A,DB49A",1.5050040483474731,2.9164180755615234,4,"1JTG_EA143A,DB49A"
1JTG,"EA85A,YB50A",3.9671037197113037,1.8386279344558716,4,"1JTG_EA85A,YB50A"
1JTG,"MA104A,SB113A,SB71A",1.6727427244186401,3.4414610862731934,4,"1JTG_MA104A,SB113A,SB71A"
1JTG,"VA190A,FB142A",2.1983838081359863,2.7255752086639404,4,"1JTG_VA190A,FB142A"
1JTG,"EA79A,SB113A,SB71A",2.581045150756836,1.3287097215652466,4,"1JTG_EA79A,SB113A,SB71A"
1JTG,TB32K,0.19934363663196564,-0.04428275674581528,4,1JTG_TB32K
1JTG,VB93K,-0.4757164716720581,0.04270333796739578,4,1JTG_VB93K
1JTG,TB140K,-0.014392253942787647,0.13522526621818542,4,1JTG_TB140K
1JTG,NB89K,-0.4549265205860138,0.24155530333518982,4,1JTG_NB89K
1JTG,DB163A,-1.3409347534179688,0.40662550926208496,4,1JTG_DB163A
1JTG,DB163K,-1.982764482498169,0.33715951442718506,4,1JTG_DB163K
1JTG,"TB140K,QB157K",-0.396605521440506,0.126610666513443,4,"1JTG_TB140K,QB157K"
1JTG,"VB165K,DB163K,NB89K",-2.393420934677124,0.5042392611503601,4,"1JTG_VB165K,DB163K,NB89K"
1JTG,"DB163K,DB135K,VB134K",-3.0551669597625732,-0.19525134563446045,4,"1JTG_DB163K,DB135K,VB134K"
1JTG,"VB165K,DB163K,DB135K,NB89K",-3.36055588722229,0.39276763796806335,4,"1JTG_VB165K,DB163K,DB135K,NB89K"
1JTG,KA86N,0.1809239685535431,-1.7857489585876465,4,1JTG_KA86N
1JTG,RA214Y,-0.14287693798542023,-0.22258201241493225,4,1JTG_RA214Y
1JTG,PA82Q,0.46132421493530273,-1.0560122728347778,4,1JTG_PA82Q
1JTG,EA143G,-0.17043781280517578,0.5057525038719177,4,1JTG_EA143G
1JTG,EA85V,-0.6724210977554321,-1.5047543048858643,4,1JTG_EA85V
1JTG,EA85G,-0.9126397371292114,-0.47772035002708435,4,1JTG_EA85G
1JTG,EA146K,-0.6100000739097595,-0.44227302074432373,4,1JTG_EA146K
1JTG,"EA85G,EA143G",-0.6100000739097595,-0.09278547018766403,4,"1JTG_EA85G,EA143G"
1JTG,"EA85V,EA143G",-0.7422019243240356,-1.0623222589492798,4,"1JTG_EA85V,EA143G"
1JTG,EA213K,-0.4106564223766327,0.810266375541687,4,1JTG_EA213K
1H9D,RB2A,1.1621885299682617,0.27168720960617065,4,1H9D_RB2A
1H9D,VB3A,1.4024070501327515,0.49029266834259033,4,1H9D_VB3A
1H9D,GB60A,2.077467203140259,0.9257004261016846,4,1H9D_GB60A
1H9D,QB66A,1.3641711473464966,0.8197137713432312,4,1H9D_QB66A
1H9D,LB93A,0.9402005672454834,0.8304259181022644,4,1H9D_LB93A
1H9D,NB94A,2.3043715953826904,1.0205243825912476,4,1H9D_NB94A
2G2U,EB31A,0.6508750319480896,0.11732495576143265,4,2G2U_EB31A
2G2U,SB35A,-0.9508990049362183,0.11293066293001175,4,2G2U_SB35A
2G2U,FB36A,2.763950824737549,0.8616223335266113,4,2G2U_FB36A
2G2U,SB39A,-0.9561419486999512,0.42541074752807617,4,2G2U_SB39A
2G2U,HB41A,1.7170486450195312,0.24725091457366943,4,2G2U_HB41A
2G2U,GB48A,-0.42659780383110046,0.6804733872413635,4,2G2U_GB48A
2G2U,YB50A,-2.0757222175598145,3.47583270072937,4,2G2U_YB50A
2G2U,YB51A,-0.6287487745285034,1.0771666765213013,4,2G2U_YB51A
2G2U,YB53A,2.3017444610595703,1.413569450378418,4,2G2U_YB53A
2G2U,SB71A,-0.5122073292732239,0.060843296349048615,4,2G2U_SB71A
2G2U,EB73A,-1.9794374704360962,1.403760313987732,4,2G2U_EB73A
2G2U,KB74A,-0.21733520925045013,0.05803234130144119,4,2G2U_KB74A
2G2U,WB112A,0.9587345719337463,0.733821451663971,4,2G2U_WB112A
2G2U,SB113A,-0.6123114824295044,-0.058342330157756805,4,2G2U_SB113A
2G2U,GB141A,-0.4138105511665344,1.2774087190628052,4,2G2U_GB141A
2G2U,FB142A,0.2758272886276245,1.6584720611572266,4,2G2U_FB142A
2G2U,YB143A,-1.8472355604171753,2.3543410301208496,4,2G2U_YB143A
2G2U,RB144A,-0.3423922061920166,0.6545400619506836,4,2G2U_RB144A
2G2U,HB148A,1.118950605392456,1.1940529346466064,4,2G2U_HB148A
2G2U,WB150A,1.7852216958999634,0.22511640191078186,4,2G2U_WB150A
2G2U,RB160A,0.6697938442230225,0.864433765411377,4,2G2U_RB160A
2G2U,WB162A,0.5312100648880005,1.3255329132080078,4,2G2U_WB162A
2G2U,"EB73A,YB50A",-2.452514886856079,2.279003858566284,4,"2G2U_EB73A,YB50A"
2G2U,"YB50A,YB143A",-2.0757222175598145,3.761186122894287,4,"2G2U_YB50A,YB143A"
2G2U,"EB73A,YB143A",-1.8355034589767456,2.7527072429656982,4,"2G2U_EB73A,YB143A"
2G2U,"WB112A,YB143A",-0.40960875153541565,3.0390429496765137,4,"2G2U_WB112A,YB143A"
2G2U,"WB150A,YB143A",0.9891233444213867,2.3681416511535645,4,"2G2U_WB150A,YB143A"
2G2U,"EB73M,FB142W,YB143F",-1.1080924272537231,-0.669640064239502,4,"2G2U_EB73M,FB142W,YB143F"
2G2U,"EB73M,SB130K,FB142W,YB143F,SB146M",-2.9318337440490723,0.3648412227630615,4,"2G2U_EB73M,SB130K,FB142W,YB143F,SB146M"
2G2U,"EB73M,SB130K,FB142W,YB143F",-2.016425609588623,0.08950134366750717,4,"2G2U_EB73M,SB130K,FB142W,YB143F"
2G2U,"EB73M,YB143F",-1.5924550294876099,0.7667319774627686,4,"2G2U_EB73M,YB143F"
2G2U,EB73M,-3.5360348224639893,-2.2046356201171875,4,2G2U_EB73M
2G2U,SB130K,-1.4694386720657349,0.5117797255516052,4,2G2U_SB130K
2G2U,"EB73M,SB130K",-2.809424638748169,-1.0515490770339966,4,"2G2U_EB73M,SB130K"
2G2U,"EB73M,SB130K,SB146M",-3.5096993446350098,-2.055203914642334,4,"2G2U_EB73M,SB130K,SB146M"
2G2U,DA79K,-0.4528871178627014,-1.88064444065094,4,2G2U_DA79K
1JTG,EA79A,1.8279184103012085,1.263798713684082,4,1JTG_EA79A
1JTG,EA79D,3.6436209678649902,0.37027719616889954,4,1JTG_EA79D
1JTG,EA79K,2.238574743270874,1.374598503112793,4,1JTG_EA79K
1JTG,EB73M,0.5046222805976868,-1.0202434062957764,4,1JTG_EB73M
1JTG,"EB73M,KB74A",4.294496059417725,-0.7510696053504944,4,"1JTG_EB73M,KB74A"
1JTG,"EB73M,FB142A",2.5326898097991943,1.1928763389587402,4,"1JTG_EB73M,FB142A"
1JTG,"EB73M,KB74A,FB142A",4.556260585784912,2.0407581329345703,4,"1JTG_EB73M,KB74A,FB142A"
1JTG,"EA79A,EB73M",1.8363221883773804,-0.15226250886917114,4,"1JTG_EA79A,EB73M"
1JTG,"EA79A,EB73M,KB74A",2.0956978797912598,0.033909209072589874,4,"1JTG_EA79A,EB73M,KB74A"
1JTG,"EA79A,EB73M,FB142A",2.8455445766448975,0.6200972199440002,4,"1JTG_EA79A,EB73M,FB142A"
1JTG,"EA79A,EB73M,KB74A,FB142A",2.582089424133301,1.8848499059677124,4,"1JTG_EA79A,EB73M,KB74A,FB142A"
2G2U,DA79A,-1.5434516668319702,-1.1306331157684326,4,2G2U_DA79A
2G2U,DA79E,-4.384282112121582,-2.443614959716797,4,2G2U_DA79E
2G2U,DA79K,-0.6709600687026978,-2.6987504959106445,4,2G2U_DA79K
2G2U,EB73M,-2.4665775299072266,-2.2046360969543457,4,2G2U_EB73M
2G2U,"EB73M,KB74A",0.4730774760246277,-1.6324234008789062,4,"2G2U_EB73M,KB74A"
2G2U,"EB73M,FB142A",0.3220660388469696,0.6497492790222168,4,"2G2U_EB73M,FB142A"
2G2U,"EB73M,KB74A,FB142A",1.4830588102340698,0.8585613965988159,4,"2G2U_EB73M,KB74A,FB142A"
2G2U,"DA79A,EB73M",-2.1472480297088623,-1.005581021308899,4,"2G2U_DA79A,EB73M"
2G2U,"DA79A,EB73M,KB74A",-1.5569682121276855,-3.218311309814453,4,"2G2U_DA79A,EB73M,KB74A"
2G2U,"DA79A,EB73M,FB142A",-0.6917499899864197,-1.5581542253494263,4,"2G2U_DA79A,EB73M,FB142A"
2G2U,"DA79A,EB73M,KB74A,FB142A",-0.9873782992362976,-1.0542479753494263,4,"2G2U_DA79A,EB73M,KB74A,FB142A"
1A4Y,HB8A,0.9041150808334351,0.9032443165779114,4,1A4Y_HB8A
1A4Y,QB12A,0.3002651035785675,-0.003937534987926483,4,1A4Y_QB12A
1A4Y,NB68A,0.11780958622694016,0.3901447653770447,4,1A4Y_NB68A
1A4Y,EB108A,-0.32272469997406006,0.27927350997924805,4,1A4Y_EB108A
1A4Y,YA434A,3.2620151042938232,5.98043966293335,4,1A4Y_YA434A
1A4Y,DA435A,3.485543727874756,1.2489033937454224,4,1A4Y_DA435A
1A4Y,YA437A,0.8363124132156372,2.3075132369995117,4,1A4Y_YA437A
1A4Y,"QA430A,VA432A",0.07221386581659317,0.8330625295639038,4,"1A4Y_QA430A,VA432A"
1A4Y,"WA438A,SA439A,EA440A",1.7856985330581665,1.5326478481292725,4,"1A4Y_WA438A,SA439A,EA440A"
1A4Y,RA457A,-0.22398602962493896,0.5250738859176636,4,1A4Y_RA457A
1A4Y,IA459A,0.6794324517250061,1.4115678071975708,4,1A4Y_IA459A
1A4Y,HB84A,0.17043781280517578,0.5443839430809021,4,1A4Y_HB84A
1A4Y,WB89A,0.2402186095714569,0.054919786751270294,4,1A4Y_WB89A
1A4Y,WA261A,0.10065702348947525,1.7759085893630981,4,1A4Y_WA261A
1A4Y,WA263A,1.171373963356018,2.3828396797180176,4,1A4Y_WA263A
1A4Y,EA287A,0.10065702348947525,1.8972481489181519,4,1A4Y_EA287A
1A4Y,SA289A,0.042336005717515945,1.2141181230545044,4,1A4Y_SA289A
1A4Y,WA318A,1.5007452964782715,2.106743097305298,4,1A4Y_WA318A
1A4Y,KA320A,-0.30999940633773804,1.3885098695755005,4,1A4Y_KA320A
1A4Y,EA344A,0.178609699010849,2.319674015045166,4,1A4Y_EA344A
1A4Y,WA375A,1.0353621244430542,2.886829137802124,4,1A4Y_WA375A
1A4Y,EA401A,0.883733868598938,1.7180343866348267,4,1A4Y_EA401A
1A4Y,RB5A,2.309282064437866,1.2791496515274048,4,1A4Y_RB5A
1A4Y,RB32A,0.9102507829666138,1.1352993249893188,4,1A4Y_RB32A
1A4Y,RB66A,0.20290906727313995,-0.05649366229772568,4,1A4Y_RB66A
1A4Y,RB70A,-0.23193243145942688,0.08720109611749649,4,1A4Y_RB70A
1A4Y,RB31A,0.2505223751068115,1.1807798147201538,4,1A4Y_RB31A
1A4Y,RB33A,0.3270741403102875,0.9655976891517639,4,1A4Y_RB33A
1A4Y,KB40Q,4.252427577972412,-0.25282323360443115,4,1A4Y_KB40Q
1A4Y,HB13A,-0.2966853082180023,0.7848820090293884,4,1A4Y_HB13A
1A4Y,HB114A,0.6568293571472168,0.7199921011924744,4,1A4Y_HB114A
1A4Y,YA434F,0.557857871055603,0.4088718295097351,4,1A4Y_YA434F
1A4Y,YA437F,0.2452607899904251,1.0640579462051392,4,1A4Y_YA437F
1A4Y,"YA434A,DA435A",6.820855617523193,5.45192289352417,4,"1A4Y_YA434A,DA435A"
1A4Y,"YA434A,YA437A",6.645332336425781,5.664506435394287,4,"1A4Y_YA434A,YA437A"
1A4Y,"RB5A,YA434A",6.9797892570495605,5.158385753631592,4,"1A4Y_RB5A,YA434A"
1A4Y,"RB5A,DA435A",6.773434162139893,2.3664636611938477,4,"1A4Y_RB5A,DA435A"
1A4Y,"RB5A,YA434A,DA435A",10.1070556640625,5.755753993988037,4,"1A4Y_RB5A,YA434A,DA435A"
1A4Y,"RB5A,YA434A,YA437A",8.531571388244629,4.986854076385498,4,"1A4Y_RB5A,YA434A,YA437A"
1A4Y,KB40G,3.2368004322052,3.3719260692596436,4,1A4Y_KB40G
1A4Y,"KB40G,YA434F",6.665417194366455,4.42317533493042,4,"1A4Y_KB40G,YA434F"
1A4Y,"KB40G,DA435A",4.107512950897217,2.204118013381958,4,"1A4Y_KB40G,DA435A"
1A4Y,"KB40G,YA437A",6.454104423522949,4.281700611114502,4,"1A4Y_KB40G,YA437A"
1A4Y,"KB40G,YA434A,DA435A",6.21388578414917,5.950463771820068,4,"1A4Y_KB40G,YA434A,DA435A"
1A4Y,"KB40G,YA434A,YA437A",9.123151779174805,5.496260643005371,4,"1A4Y_KB40G,YA434A,YA437A"
1BP3,"DA11A,MA14V,HA18Q,RA19H,FA25A,QA29K,EA33R",3.6053051948547363,1.0850075483322144,4,"1BP3_DA11A,MA14V,HA18Q,RA19H,FA25A,QA29K,EA33R"
1BP3,"PA48A,TA50A,SA51A,LA52F",0.2461729496717453,0.027964569628238678,4,"1BP3_PA48A,TA50A,SA51A,LA52F"
1BP3,"SA57T,TA60A,SA62T,NA63G,RA64K,EA65D,TA67A,KA70R,NA72D,LA73V",2.299455165863037,1.7508002519607544,4,"1BP3_SA57T,TA60A,SA62T,NA63G,RA64K,EA65D,TA67A,KA70R,NA72D,LA73V"
1BP3,"QA46H,NA47D,PA48S,QA49E,LA52F",0.2461729496717453,0.7555962204933167,4,"1BP3_QA46H,NA47D,PA48S,QA49E,LA52F"
1BP3,"EA56D,RA64M",0.44551658630371094,1.6503922939300537,4,"1BP3_EA56D,RA64M"
1BP3,"NA12R,MA14V,LA15V,RA16L,RA19Y",0.38309553265571594,1.282791018486023,4,"1BP3_NA12R,MA14V,LA15V,RA16L,RA19Y"
1BP3,"QA22N,FA25S,DA26E,QA29S,EA30Q,EA33K",1.6103440523147583,0.2478472888469696,4,"1BP3_QA22N,FA25S,DA26E,QA29S,EA30Q,EA33K"
1BP3,"FA54H,SA55T,EA56S,IA58L,PA59A,SA62E,NA63D,RA64K,EA66Q,TA67A,KA70M,SA71N,NA72Q,LA73K,EA74D",0.3541897237300873,1.5386195182800293,4,"1BP3_FA54H,SA55T,EA56S,IA58L,PA59A,SA62E,NA63D,RA64K,EA66Q,TA67A,KA70M,SA71N,NA72Q,LA73K,EA74D"
1BP3,"EA88G,QA91Y,FA92H,RA94T,SA95E",0.20951473712921143,0.23285651206970215,4,"1BP3_EA88G,QA91Y,FA92H,RA94T,SA95E"
1BP3,"FA97R,AA98G,NA99M,SA100Q,LA101D,VA102A,YA103P,GA104E",0.38309553265571594,1.232082724571228,4,"1BP3_FA97R,AA98G,NA99M,SA100Q,LA101D,VA102A,YA103P,GA104E"
1BP3,"YA111V,LA113I,KA115E,DA116Q,EA118K,EA119R,RA120L,QA122E,TA123G,GA126L,RA127I,EA129S",-0.3929699659347534,-0.14610224962234497,4,"1BP3_YA111V,LA113I,KA115E,DA116Q,EA118K,EA119R,RA120L,QA122E,TA123G,GA126L,RA127I,EA129S"
1BP3,FA10A,0.0,0.9026626348495483,4,1BP3_FA10A
1BP3,NA12A,-0.2966853082180023,0.10407233983278275,4,1BP3_NA12A
1BP3,LA15A,0.0,0.5525215864181519,4,1BP3_LA15A
1BP3,RA16A,0.0,0.5319749116897583,4,1BP3_RA16A
1BP3,HA18A,2.9120941162109375,0.06932500749826431,4,1BP3_HA18A
1BP3,RA19A,0.0,0.23705947399139404,4,1BP3_RA19A
1BP3,HA21A,2.671875476837158,0.2244274616241455,4,1BP3_HA21A
1BP3,FA25A,1.1502879858016968,0.5726000070571899,4,1BP3_FA25A
1BP3,DA26E,0.38309553265571594,0.563456118106842,4,1BP3_DA26E
1BP3,FA54A,0.20951473712921143,0.7691550850868225,4,1BP3_FA54A
1BP3,SA55A,0.2461729496717453,0.2072419822216034,4,1BP3_SA55A
1BP3,EA56A,-0.1188877522945404,0.7239564061164856,4,1BP3_EA56A
1BP3,SA57A,0.034860171377658844,0.01961035281419754,4,1BP3_SA57A
1BP3,IA58A,1.7291240692138672,1.60123610496521,4,1BP3_IA58A
1BP3,PA59A,0.15681762993335724,0.5384975671768188,4,1BP3_PA59A
1BP3,SA62A,1.4157211780548096,0.5532743334770203,4,1BP3_SA62A
1BP3,NA63A,0.856173038482666,0.9456422328948975,4,1BP3_NA63A
1BP3,RA64A,0.3541897237300873,1.9354137182235718,4,1BP3_RA64A
1BP3,EA65A,0.5464380383491516,0.028781302273273468,4,1BP3_EA65A
1BP3,EA66A,0.06778264045715332,-0.20188367366790771,4,1BP3_EA66A
1BP3,QA68A,0.11397110670804977,-0.02926649898290634,4,1BP3_QA68A
1BP3,QA69A,-0.21388307213783264,0.5683885812759399,4,1BP3_QA69A
1BP3,KA70A,0.2461729496717453,0.7944983839988708,4,1BP3_KA70A
1BP3,SA71A,0.6138347387313843,0.3922514319419861,4,1BP3_SA71A
1BP3,LA73A,0.3541897237300873,-0.045563988387584686,4,1BP3_LA73A
1BP3,YA156A,0.20951473712921143,0.7675130367279053,4,1BP3_YA156A
1BP3,YA160A,0.44551658630371094,1.5316635370254517,4,1BP3_YA160A
1BP3,RA163A,3.928029775619507,0.7956845760345459,4,1BP3_RA163A
1BP3,KA164A,1.7281535863876343,0.9154421091079712,4,1BP3_KA164A
1BP3,DA167A,0.06778264045715332,1.0278362035751343,4,1BP3_DA167A
1BP3,KA168A,3.1905486583709717,1.8596113920211792,4,1BP3_KA168A
1BP3,EA170A,3.4931883811950684,0.3014116883277893,4,1BP3_EA170A
1BP3,TA171S,0.4942387044429779,1.473760962486267,4,1BP3_TA171S
1BP3,FA172A,1.9106091260910034,1.8280268907546997,4,1BP3_FA172A
1BP3,RA174A,1.1502879858016968,1.4245684146881104,4,1BP3_RA174A
1BP3,IA175A,0.3541897237300873,0.49344009160995483,4,1BP3_IA175A
1BP3,IA175M,-0.1644834727048874,0.024788059294223785,4,1BP3_IA175M
1BP3,VA176A,-0.2966853082180023,0.11595288664102554,4,1BP3_VA176A
1BP3,QA177A,0.0,-0.26572713255882263,4,1BP3_QA177A
1BP3,RA179A,0.5674740672111511,0.05449429899454117,4,1BP3_RA179A
1BP3,SA180A,-0.1188877522945404,0.2644100487232208,4,1BP3_SA180A
1BP3,VA181A,0.28069448471069336,-0.04645269364118576,4,1BP3_VA181A
1BP3,EA182A,0.0,0.38976699113845825,4,1BP3_EA182A
1BP3,GA183A,0.0,0.11368367820978165,4,1BP3_GA183A
1BP3,SA184A,-0.2966853082180023,0.07226137071847916,4,1BP3_SA184A
1BP3,HA18A,0.18667039275169373,0.06932494789361954,4,1BP3_HA18A
1BP3,HA21A,-0.17779755592346191,0.10570377856492996,4,1BP3_HA21A
1BP3,IA58A,1.7856985330581665,1.6012362241744995,4,1BP3_IA58A
1BP3,RA163A,2.121842622756958,0.7962408661842346,4,1BP3_RA163A
1BP3,KA168A,2.022315502166748,2.0123085975646973,4,1BP3_KA168A
1BP3,EA170A,0.17043781280517578,0.33717426657676697,4,1BP3_EA170A
1BP3,FA172A,1.945265293121338,1.8165735006332397,4,1BP3_FA172A
1BP3,"KA164A,EA170A",5.407962322235107,0.8117575645446777,4,"1BP3_KA164A,EA170A"
1BP3,"RA64A,DA167A",0.37862420082092285,2.8884506225585938,4,"1BP3_RA64A,DA167A"
1BP3,"KA168A,FA172A",5.3548712730407715,3.569462776184082,4,"1BP3_KA168A,FA172A"
1JRH,TI4V,-0.02557743899524212,0.09863219410181046,4,1JRH_TI4V
1JRH,"TI9L,EI11K",-0.02557743899524212,-0.17310714721679688,4,"1JRH_TI9L,EI11K"
1JRH,"MI15L,II18V",-0.21370169520378113,0.17483016848564148,4,"1JRH_MI15L,II18V"
1JRH,"II25N,PI27S,VI29T,VI31I",0.14377030730247498,-0.36964818835258484,4,"1JRH_II25N,PI27S,VI29T,VI31I"
1JRH,EI35Q,0.09961305558681488,0.17275673151016235,4,1JRH_EI35Q
1JRH,"AI49S,II51T,HI55D",0.07070722430944443,-0.355332612991333,4,"1JRH_AI49S,II51T,HI55D"
1JRH,"SI61Y,DI62E,HI63Q,VI64I,GI65M,DI66Y,SI68D,NI69V,LI71A",2.9601571559906006,0.1805591583251953,4,"1JRH_SI61Y,DI62E,HI63Q,VI64I,GI65M,DI66Y,SI68D,NI69V,LI71A"
1JRH,"VI73A,RI78K",-0.21370169520378113,0.9614915251731873,4,"1JRH_VI73A,RI78K"
1JRH,"AI85D,KI88R,EI90K",-0.04776924476027489,-0.6565427184104919,4,"1JRH_AI85D,KI88R,EI90K"
1JRH,"AI93L,VI94M",0.6339466571807861,-0.06942018121480942,4,"1JRH_AI93L,VI94M"
1JRH,EL27A,0.5428582429885864,1.9301553964614868,4,1JRH_EL27A
1JRH,DL28A,0.43484148383140564,2.1833603382110596,4,1JRH_DL28A
1JRH,YL30A,1.1089528799057007,2.9858310222625732,4,1JRH_YL30A
1JRH,YL91A,0.5810942649841309,1.1875731945037842,4,1JRH_YL91A
1JRH,WL92A,2.819669008255005,3.8628439903259277,4,1JRH_WL92A
1JRH,SL93A,-0.6508750319480896,-0.022300146520137787,4,1JRH_SL93A
1JRH,TL94A,0.3854418992996216,1.7842334508895874,4,1JRH_TL94A
1JRH,WL95A,1.6668107509613037,3.046644449234009,4,1JRH_WL95A
1JRH,YH32A,1.4339518547058105,0.07748932391405106,4,1JRH_YH32A
1JRH,WH54A,2.687467336654663,1.784011721611023,4,1JRH_WH54A
1JRH,WH55A,2.4224019050598145,0.39083346724510193,4,1JRH_WH55A
1JRH,DH56A,1.88694429397583,1.4844902753829956,4,1JRH_DH56A
1JRH,DH57A,1.6668107509613037,0.6990576386451721,4,1JRH_DH57A
1JRH,DH58A,1.85547935962677,1.3706732988357544,4,1JRH_DH58A
1JRH,YH60A,1.2561542987823486,2.717508316040039,4,1JRH_YH60A
1JRH,RH100A,0.5428582429885864,1.5665339231491089,4,1JRH_RH100A
1JRH,FH103A,0.0,0.8116567730903625,4,1JRH_FH103A
1JRH,YH104A,1.0615314245224,1.5954241752624512,4,1JRH_YH104A
1JRH,HH107A,1.698531150817871,1.4800879955291748,4,1JRH_HH107A
1JRH,"EI45P,II47R",-3.441638231277466,0.2977575361728668,4,"1JRH_EI45P,II47R"
1JRH,"SI44G,EI45G,II47R",-3.3792171478271484,0.7685887217521667,4,"1JRH_SI44G,EI45G,II47R"
1JRH,"EI45P,II47L",-3.4583282470703125,-0.26854583621025085,4,"1JRH_EI45P,II47L"
1JRH,"SI44G,EI45P,II47K",-3.8861582279205322,0.7854541540145874,4,"1JRH_SI44G,EI45P,II47K"
1JRH,EI45P,-3.7898736000061035,0.4344165623188019,4,1JRH_EI45P
1JRH,KI37A,3.578756809234619,1.5757195949554443,4,1JRH_KI37A
1JRH,KI37M,3.2938034534454346,-0.31606799364089966,4,1JRH_KI37M
1JRH,NI38A,-0.2931166887283325,0.7383263111114502,4,1JRH_NI38A
1JRH,NI38Q,0.3635777235031128,0.8136797547340393,4,1JRH_NI38Q
1JRH,YI39A,3.4007632732391357,1.494911551475525,4,1JRH_YI39A
1JRH,YI39F,0.7907074689865112,0.46840041875839233,4,1JRH_YI39F
1JRH,GI40A,4.527354717254639,0.9490604400634766,4,1JRH_GI40A
1JRH,VI41A,1.8835296630859375,0.43910032510757446,4,1JRH_VI41A
1JRH,KI42A,2.9847934246063232,1.1418583393096924,4,1JRH_KI42A
1JRH,KI42M,4.913825988769531,-0.9911664128303528,4,1JRH_KI42M
1JRH,NI43A,3.8939919471740723,1.398849368095398,4,1JRH_NI43A
1JRH,SI44A,0.29768186807632446,-0.05591505020856857,4,1JRH_SI44A
1JRH,EI45A,-0.43501293659210205,0.7015685439109802,4,1JRH_EI45A
1JRH,WI46F,-0.657078742980957,0.9104177355766296,4,1JRH_WI46F
1JRH,WI46Y,0.016232576221227646,0.29150837659835815,4,1JRH_WI46Y
1JRH,NI69A,-0.39924708008766174,0.6822453141212463,4,1JRH_NI69A
1JRH,WI72A,4.529326438903809,1.3466688394546509,4,1JRH_WI72A
1JRH,WI72F,1.1089528799057007,0.8566035628318787,4,1JRH_WI72F
1JRH,WI72Y,1.135563611984253,0.7724097967147827,4,1JRH_WI72Y
1JRH,RI74A,-0.24642235040664673,1.3140850067138672,4,1JRH_RI74A
1JRH,KI88A,-0.042640842497348785,1.3144618272781372,4,1JRH_KI88A
1JRH,KI37A,3.852294683456421,1.7305104732513428,4,1JRH_KI37A
1JRH,NI38A,0.6341851353645325,0.7363426685333252,4,1JRH_NI38A
1JRH,NI38Q,0.7058437466621399,0.8935408592224121,4,1JRH_NI38Q
1JRH,YI39A,3.656642436981201,1.710978388786316,4,1JRH_YI39A
1JRH,YI39F,1.0276678800582886,0.46758854389190674,4,1JRH_YI39F
1JRH,GI40A,4.3771071434021,1.0471830368041992,4,1JRH_GI40A
1JRH,VI41A,1.4762879610061646,0.4921795725822449,4,1JRH_VI41A
1JRH,KI42A,3.7898736000061035,1.0297507047653198,4,1JRH_KI42A
1JRH,NI43A,4.709524631500244,1.1633739471435547,4,1JRH_NI43A
1JRH,SI44A,0.45807787775993347,-0.05619435757398605,4,1JRH_SI44A
1JRH,EI45A,-0.6970635056495667,0.3763682544231415,4,1JRH_EI45A
1JRH,WI46F,0.15162824094295502,0.9073078036308289,4,1JRH_WI46F
1JRH,WI46Y,0.5810942649841309,0.29617753624916077,4,1JRH_WI46Y
1JRH,NI69A,0.0,0.7843379974365234,4,1JRH_NI69A
1JRH,WI72A,4.3327317237854,1.428281307220459,4,1JRH_WI72A
1JRH,WI72F,1.0974485874176025,0.8602029085159302,4,1JRH_WI72F
1JRH,WI72Y,1.2411547899246216,0.769432544708252,4,1JRH_WI72Y
1JRH,RI74A,1.032008171081543,1.3850094079971313,4,1JRH_RI74A
1JRH,KI88A,0.6671075820922852,1.3116689920425415,4,1JRH_KI88A
1FY8,DE168N,0.17043781280517578,0.9780401587486267,4,1FY8_DE168N
1FY8,QE128K,1.171373963356018,1.4392198324203491,4,1FY8_QE128K
3TGK,NE170D,-0.17043781280517578,-0.826374351978302,4,3TGK_NE170D
3BTD,DI13K,-11.502717971801758,-13.059489250183105,4,3BTD_DI13K
3BTE,EI13K,-9.424007415771484,-10.625041961669922,4,3BTE_EI13K
2SGP,PI13L,-8.445844650268555,-8.019126892089844,4,2SGP_PI13L
2J1K,RC155A,0.051550064235925674,-0.506157636642456,4,2J1K_RC155A
2J1K,GC10D,0.1837518960237503,-0.1389860212802887,4,2J1K_GC10D
2J1K,RC24A,0.76484614610672,0.049206413328647614,4,2J1K_RC24A
5F4E,EA50A,0.2884120047092438,-0.05245160311460495,4,5F4E_EA50A
5F4E,EA50K,0.41565605998039246,-0.7731865644454956,4,5F4E_EA50K
5F4E,DA51A,0.10968799889087677,0.13603419065475464,4,5F4E_DA51A
5F4E,QA109A,-0.03091755323112011,0.8380780816078186,4,5F4E_QA109A
5F4E,HA136A,2.025003433227539,0.3780227303504944,4,5F4E_HA136A
5F4E,RA139A,1.4903172254562378,3.016879081726074,4,5F4E_RA139A
5F4E,RA139E,2.1438913345336914,2.8373379707336426,4,5F4E_RA139E
5F4E,EB26A,1.4491522312164307,1.0951939821243286,4,5F4E_EB26A
5F4E,EB26K,2.2867681980133057,1.451126217842102,4,5F4E_EB26K
5F4E,WB43A,1.0731322765350342,1.2282568216323853,4,5F4E_WB43A
5F4E,LB62A,2.985064744949341,1.4410374164581299,4,5F4E_LB62A
5F4E,KB139A,0.29455143213272095,0.006502605974674225,4,5F4E_KB139A
5F4E,KB139E,0.4859897494316101,-0.5097865462303162,4,5F4E_KB139E
3SF4,RA202E,2.365107297897339,-1.4610066413879395,4,3SF4_RA202E
3SF4,NA264R,1.2257654666900635,-1.980089545249939,4,3SF4_NA264R
3SF4,WD8A,3.0738284587860107,1.244587779045105,4,3SF4_WD8A
3SF4,ED19R,1.9264557361602783,0.9851458668708801,4,3SF4_ED19R
3SF4,KD27D,0.4106564223766327,0.5391625165939331,4,3SF4_KD27D
4G2V,RA198E,2.2370340824127197,-0.1733427345752716,4,4G2V_RA198E
4G2V,NA260R,0.22198787331581116,-0.06324120610952377,4,4G2V_NA260R
4G2V,"RA198E,NA260R",2.2844555377960205,-0.37879201769828796,4,"4G2V_RA198E,NA260R"
4WND,RA201E,2.7958486080169678,-0.03565346449613571,4,4WND_RA201E
4WND,NA263R,-0.020789921283721924,0.8419064283370972,4,4WND_NA263R
4WND,"RA201E,NA263R",3.8573801517486572,0.009995318949222565,4,"4WND_RA201E,NA263R"
2VLR,AE95S,0.035205524414777756,0.14141181111335754,4,2VLR_AE95S
1OGA,DE28A,1.5732008218765259,-0.20101529359817505,4,1OGA_DE28A
1OGA,DE28S,2.162247657775879,-1.0424879789352417,4,1OGA_DE28S
1OGA,QE48A,2.162247657775879,0.7244951128959656,4,1OGA_QE48A
1OGA,QE48E,2.162247657775879,-0.47052255272865295,4,1OGA_QE48E
1OGA,IE49A,2.162247657775879,0.5918925404548645,4,1OGA_IE49A
1OGA,IE49G,2.162247657775879,-0.14064693450927734,4,1OGA_IE49G
1OGA,IE49N,2.162247657775879,1.9969350099563599,4,1OGA_IE49N
1OGA,IE49V,0.20096902549266815,-0.0010990127921104431,4,1OGA_IE49V
1OGA,IE49L,1.418562650680542,-0.08813529461622238,4,1OGA_IE49L
1OGA,NE51A,1.129621982574463,0.5859465599060059,4,1OGA_NE51A
1OGA,NE51D,0.49543678760528564,0.06817672401666641,4,1OGA_NE51D
1OGA,DE52A,0.13220183551311493,0.1908629834651947,4,1OGA_DE52A
1OGA,QE54A,0.49543678760528564,1.3371222019195557,4,1OGA_QE54A
1OGA,QE54E,0.0,0.8736578226089478,4,1OGA_QE54E
1OGA,RE94A,2.162247657775879,1.505604863166809,4,1OGA_RE94A
1OGA,RE94H,2.162247657775879,0.2935553789138794,4,1OGA_RE94H
1OGA,SE95A,-0.035205524414777756,0.9059432148933411,4,1OGA_SE95A
1OGA,YE97A,0.2325739562511444,1.1680808067321777,4,1OGA_YE97A
1OGA,YE97F,0.49543678760528564,0.07465974241495132,4,1OGA_YE97F
1OGA,SD29A,0.6276386380195618,-0.05245660990476608,4,1OGA_SD29A
1OGA,SD30A,1.038295030593872,0.5620784759521484,4,1OGA_SD30A
1OGA,QD32A,0.9758740067481995,0.3843810558319092,4,1OGA_QD32A
2VLR,AE95S,0.0,0.07423514872789383,4,2VLR_AE95S
1OGA,IE49V,0.20047320425510406,-0.11871569603681564,4,1OGA_IE49V
1OGA,NE51A,1.100896954536438,0.35770758986473083,4,1OGA_NE51A
1OGA,DE52A,0.10062168538570404,0.18859165906906128,4,1OGA_DE52A
1OGA,QE54A,0.5006897449493408,1.2870322465896606,4,1OGA_QE54A
1OGA,QE54E,0.0,0.8707281351089478,4,1OGA_QE54E
1OGA,SE95A,0.0,0.49065548181533813,4,1OGA_SE95A
1OGA,YE97A,0.20047320425510406,1.5390141010284424,4,1OGA_YE97A
1OGA,YE97F,0.5006897449493408,0.09582888334989548,4,1OGA_YE97F
1OGA,SD30A,1.001283884048462,0.6963762640953064,4,1OGA_SD30A
1OGA,QD32A,1.001283884048462,0.38050293922424316,4,1OGA_QD32A
2P5E,"TD52P,PD53F,AE49S,IE50V,QE51G,TE52M,LD96T,LD97S,DD98G,TD100S,LE94V",1.962705135345459,1.5335763692855835,4,"2P5E_TD52P,PD53F,AE49S,IE50V,QE51G,TE52M,LD96T,LD97S,DD98G,TD100S,LE94V"
2P5E,"TD52Q,PD53S,WD54S,AE49G,IE50A,QE51G",4.409873008728027,3.3118767738342285,4,"2P5E_TD52Q,PD53S,WD54S,AE49G,IE50A,QE51G"
2P5E,"TD52Q,PD53S,WD54S,AE49G,IE50A,QE51G,TE52I,LD96T,LD97S,DD98G,TD100S,LE94V",7.9558820724487305,4.844038486480713,4,"2P5E_TD52Q,PD53S,WD54S,AE49G,IE50A,QE51G,TE52I,LD96T,LD97S,DD98G,TD100S,LE94V"
2P5E,"YD32D,TD52Q,PD53S,WD54S,AE49G,IE50A,QE51G,TE52I,LD96T,LD97S,DD98G,TD100S,LE94V",7.778084754943848,4.7510175704956055,4,"2P5E_YD32D,TD52Q,PD53S,WD54S,AE49G,IE50A,QE51G,TE52I,LD96T,LD97S,DD98G,TD100S,LE94V"
2P5E,YD32D,7.607646942138672,3.472898244857788,4,2P5E_YD32D
3QDJ,DD26W,-2.1718637943267822,-1.799880862236023,4,3QDJ_DD26W
3QDJ,DD26Y,-1.3372368812561035,-2.2243502140045166,4,3QDJ_DD26Y
3QDJ,RD27W,0.21679848432540894,0.6877524852752686,4,3QDJ_RD27W
3QDJ,LE95W,-0.8076926469802856,-0.818569004535675,4,3QDJ_LE95W
3QDJ,FE97W,0.38962042331695557,1.070597529411316,4,3QDJ_FE97W
3QDJ,TE99F,-0.27570536732673645,0.08479280024766922,4,3QDJ_TE99F
3QDJ,GD28I,-0.10526756942272186,1.0482609272003174,4,3QDJ_GD28I
3QDJ,GD28L,0.6554499864578247,1.221605896949768,4,3QDJ_GD28L
3QDJ,GD28Y,0.5564784407615662,1.4865524768829346,4,3QDJ_GD28Y
3QDJ,RD27P,0.03995572030544281,0.0835225060582161,4,3QDJ_RD27P
3QDJ,GD28P,1.2250399589538574,1.113608479499817,4,3QDJ_GD28P
3QDJ,AE52P,0.2071649134159088,-0.24295324087142944,4,3QDJ_AE52P
3QDJ,GD28N,0.4106564223766327,0.8712900876998901,4,3QDJ_GD28N
3QDJ,FE97Y,0.7784663438796997,1.6609772443771362,4,3QDJ_FE97Y
3QDJ,"DD26W,LE95W",-2.5309700965881348,-3.5519022941589355,4,"3QDJ_DD26W,LE95W"
3QDJ,"DD26Y,LE95W",-1.9139586687088013,-4.000602722167969,4,"3QDJ_DD26Y,LE95W"
1AO7,DD26A,0.9790003895759583,1.435268759727478,4,1AO7_DD26A
1AO7,EA58A,-0.7198425531387329,0.5190061330795288,4,1AO7_EA58A
1AO7,"DD26A,EA58A",0.749596118927002,1.0528508424758911,4,"1AO7_DD26A,EA58A"
1AO7,RD27A,0.5465116500854492,2.3060874938964844,4,1AO7_RD27A
1AO7,RD27A,0.4344104528427124,2.2624998092651367,4,1AO7_RD27A
1AO7,RA170A,-0.26356273889541626,0.7397264838218689,4,1AO7_RA170A
1AO7,"RD27A,RA170A",1.1865081787109375,2.243042230606079,4,"1AO7_RD27A,RA170A"
1AO7,QD30L,1.8337008953094482,-0.8226930499076843,4,1AO7_QD30L
1AO7,LC1A,0.701011061668396,1.1672013998031616,4,1AO7_LC1A
1AO7,"QD30L,LC1A",2.7626969814300537,0.5338169932365417,4,"1AO7_QD30L,LC1A"
1AO7,QD30L,1.5372130870819092,-0.17033198475837708,4,1AO7_QD30L
1AO7,LC1A,1.4165904521942139,1.137657642364502,4,1AO7_LC1A
1AO7,"QD30L,LC1A",3.0241568088531494,0.4454665780067444,4,"1AO7_QD30L,LC1A"
1AO7,QD30V,-0.166723370552063,-0.20914891362190247,4,1AO7_QD30V
1AO7,LC1A,0.6994990706443787,1.1811962127685547,4,1AO7_LC1A
1AO7,"QD30V,LC1A",0.7237116098403931,0.6552721261978149,4,"1AO7_QD30V,LC1A"
1AO7,QD30V,-0.01751217059791088,0.1088334396481514,4,1AO7_QD30V
1AO7,YA159A,3.245335340499878,1.3402363061904907,4,1AO7_YA159A
1AO7,"QD30V,YA159A",3.3302760124206543,0.9463595747947693,4,"1AO7_QD30V,YA159A"
1AO7,"EA63Q,QD30V",-0.006822939030826092,-0.787828803062439,4,"1AO7_EA63Q,QD30V"
1AO7,"EA63Q,KA66A",1.3316361904144287,0.9921373724937439,4,"1AO7_EA63Q,KA66A"
1AO7,"EA63Q,QD30V,KA66A",1.8550679683685303,1.0438066720962524,4,"1AO7_EA63Q,QD30V,KA66A"
1AO7,SD31A,1.0230309963226318,0.24994879961013794,4,1AO7_SD31A
1AO7,YC5A,1.532821774482727,3.387770414352417,4,1AO7_YC5A
1AO7,"SD31A,YC5A",1.70949125289917,3.1806650161743164,4,"1AO7_SD31A,YC5A"
1AO7,SD31A,0.9827497601509094,0.297932893037796,4,1AO7_SD31A
1AO7,YC5F,-0.12532611191272736,0.3070002794265747,4,1AO7_YC5F
1AO7,"SD31A,YC5F",-0.04054573178291321,0.7617904543876648,4,"1AO7_SD31A,YC5F"
1AO7,YD50A,0.4984462559223175,0.7972508072853088,4,1AO7_YD50A
1AO7,QA155A,0.4116840958595276,1.5489530563354492,4,1AO7_QA155A
1AO7,"YD50A,QA155A",0.27613577246665955,1.7278200387954712,4,"1AO7_YD50A,QA155A"
1AO7,YD50A,0.48383235931396484,0.8060622215270996,4,1AO7_YD50A
1AO7,QA155A,-0.10445237159729004,2.25980281829834,4,1AO7_QA155A
1AO7,"YD50A,QA155A",-0.11211679875850677,1.636065125465393,4,"1AO7_YD50A,QA155A"
1AO7,ND52A,0.3549194037914276,0.3845953345298767,4,1AO7_ND52A
1AO7,EA166A,3.86672043800354,0.7017068862915039,4,1AO7_EA166A
1AO7,"ND52A,EA166A",3.1431562900543213,1.4748907089233398,4,"1AO7_ND52A,EA166A"
1AO7,KD66A,1.292189598083496,-1.6676949262619019,4,1AO7_KD66A
1AO7,TA163A,0.48929646611213684,0.13862758874893188,4,1AO7_TA163A
1AO7,"KD66A,TA163A",0.9781012535095215,-1.7401515245437622,4,"1AO7_KD66A,TA163A"
1AO7,KD66A,1.1308817863464355,-1.5425916910171509,4,1AO7_KD66A
1AO7,EA166A,2.6047894954681396,0.9383059740066528,4,1AO7_EA166A
1AO7,"KD66A,EA166A",3.0337634086608887,-0.10235442966222763,4,"1AO7_KD66A,EA166A"
1AO7,TD91A,0.9576147198677063,0.7185011506080627,4,1AO7_TD91A
1AO7,YC5A,1.7602497339248657,3.3664283752441406,4,1AO7_YC5A
1AO7,"TD91A,YC5A",3.0309817790985107,3.486644983291626,4,"1AO7_TD91A,YC5A"
1AO7,TD92A,1.9466557502746582,0.5349287390708923,4,1AO7_TD92A
1AO7,RA65A,3.229688882827759,3.997946262359619,4,1AO7_RA65A
1AO7,"TD92A,RA65A",2.423471212387085,3.2423436641693115,4,"1AO7_TD92A,RA65A"
1AO7,DD93N,2.4595212936401367,-0.03237112611532211,4,1AO7_DD93N
1AO7,RA65A,3.107842445373535,3.5118446350097656,4,1AO7_RA65A
1AO7,"DD93N,RA65A",3.084350109100342,1.099755048751831,4,"1AO7_DD93N,RA65A"
1AO7,SD94A,-0.47518959641456604,0.15343189239501953,4,1AO7_SD94A
1AO7,YC5A,1.633864164352417,3.4001669883728027,4,1AO7_YC5A
1AO7,"SD94A,YC5A",1.8610118627548218,2.346508741378784,4,"1AO7_SD94A,YC5A"
1AO7,WD95A,2.224470615386963,2.7271876335144043,4,1AO7_WD95A
1AO7,AA69G,1.1818314790725708,-0.6915566325187683,4,1AO7_AA69G
1AO7,"WD95A,AA69G",2.905458688735962,1.7570805549621582,4,"1AO7_WD95A,AA69G"
1AO7,EE28A,2.022149085998535,2.471980333328247,4,1AO7_EE28A
1AO7,YC8A,3.1675331592559814,2.957737445831299,4,1AO7_YC8A
1AO7,"EE28A,YC8A",3.425438165664673,3.6696701049804688,4,"1AO7_EE28A,YC8A"
1AO7,RE92A,0.45314955711364746,1.199863314628601,4,1AO7_RE92A
1AO7,YC5A,1.6349810361862183,3.36136531829834,4,1AO7_YC5A
1AO7,"RE92A,YC5A",2.019083261489868,3.8816869258880615,4,"1AO7_RE92A,YC5A"
1AO7,RE92A,0.20430143177509308,1.2723039388656616,4,1AO7_RE92A
1AO7,YC5A,1.2211077213287354,3.3362622261047363,4,1AO7_YC5A
1AO7,"RE92A,YC5A",1.0463039875030518,4.105006694793701,4,"1AO7_RE92A,YC5A"
1AO7,RE92A,0.48315757513046265,1.4998548030853271,4,1AO7_RE92A
1AO7,YC5A,1.562010407447815,3.3798866271972656,4,1AO7_YC5A
1AO7,"RE92A,YC5A",1.7197613716125488,3.8676180839538574,4,"1AO7_RE92A,YC5A"
1AO7,RE92A,0.4193563163280487,1.208712100982666,4,1AO7_RE92A
1AO7,YC5F,0.1695607602596283,0.18859601020812988,4,1AO7_YC5F
1AO7,"RE92A,YC5F",0.6059800386428833,1.1438179016113281,4,"1AO7_RE92A,YC5F"
1AO7,PE100A,1.149296522140503,-0.15185678005218506,4,1AO7_PE100A
1AO7,YC5A,1.746180534362793,3.437328815460205,4,1AO7_YC5A
1AO7,"PE100A,YC5A",2.406045913696289,2.480175018310547,4,"1AO7_PE100A,YC5A"
1AO7,PE100A,1.124916672706604,0.12735658884048462,4,1AO7_PE100A
1AO7,YC5A,1.3831615447998047,3.354869842529297,4,1AO7_YC5A
1AO7,"PE100A,YC5A",1.9248974323272705,2.3313164710998535,4,"1AO7_PE100A,YC5A"
1AO7,PE100A,1.1977499723434448,0.004802770912647247,4,1AO7_PE100A
1AO7,YC5A,1.6319506168365479,3.418341875076294,4,1AO7_YC5A
1AO7,"PE100A,YC5A",2.4474644660949707,2.292524576187134,4,"1AO7_PE100A,YC5A"
1AO7,PE100A,1.159019112586975,0.026051171123981476,4,1AO7_PE100A
1AO7,QA155A,0.4208890199661255,1.7801436185836792,4,1AO7_QA155A
1AO7,"PE100A,QA155A",0.9303608536720276,1.0361285209655762,4,"1AO7_PE100A,QA155A"
1AO7,DD93A,0.7796263694763184,0.6923539042472839,4,1AO7_DD93A
1AO7,QA72A,0.35666170716285706,0.025289155542850494,4,1AO7_QA72A
1AO7,"DD93A,QA72A",1.0608429908752441,0.8654568791389465,4,"1AO7_DD93A,QA72A"
1AO7,RE99A,0.0646953359246254,0.029939748346805573,4,1AO7_RE99A
1AO7,YC5A,1.745092511177063,3.407778739929199,4,1AO7_YC5A
1AO7,"RE99A,YC5A",1.8859434127807617,3.236476421356201,4,"1AO7_RE99A,YC5A"
1AO7,AE96M,-0.3088434040546417,-0.8706343173980713,4,1AO7_AE96M
1AO7,GE97S,-0.34087562561035156,-0.4640422761440277,4,1AO7_GE97S
1AO7,"GE97S,GE98A,RE99E",-3.454111337661743,-3.567092180252075,4,"1AO7_GE97S,GE98A,RE99E"
1AO7,"AE96M,GE97S,GE98A,RE99E",-3.9038448333740234,-4.601084232330322,4,"1AO7_AE96M,GE97S,GE98A,RE99E"
1AO7,"AE96M,GE97S,GE98A",-3.549654960632324,-3.189344644546509,4,"1AO7_AE96M,GE97S,GE98A"
1AO7,"AE96M,GE97S,GE98A,RE99Q",-3.9603114128112793,-4.529504299163818,4,"1AO7_AE96M,GE97S,GE98A,RE99Q"
1AO7,YC5F,0.17043781280517578,0.3323054015636444,4,1AO7_YC5F
4JFF,EC1A,7.32283878326416,3.4325928688049316,4,4JFF_EC1A
4JFF,GC4A,6.518215656280518,1.9489341974258423,4,4JFF_GC4A
4JFF,GC6A,6.595266342163086,2.005058765411377,4,4JFF_GC6A
4JFF,IC7A,6.429625511169434,4.744207859039307,4,4JFF_IC7A
4JFF,LC8A,6.198886394500732,2.415574312210083,4,4JFF_LC8A
4JFF,TC9A,6.534448623657227,1.3578490018844604,4,4JFF_TC9A
4JFD,AC4G,-6.518215656280518,-1.5542443990707397,4,4JFD_AC4G
4JFD,"AC4G,EC1A",0.8046229481697083,0.7222215533256531,4,"4JFD_AC4G,EC1A"
4JFD,"AC4G,GC6A",0.07705023139715195,-0.1075337752699852,4,"4JFD_AC4G,GC6A"
4JFD,"AC4G,IC7A",-0.08859036862850189,1.8445502519607544,4,"4JFD_AC4G,IC7A"
4JFD,"AC4G,LC8A",-0.31932955980300903,0.45814019441604614,4,"4JFD_AC4G,LC8A"
4JFD,"AC4G,TC9A",0.016232576221227646,-0.39177870750427246,4,"4JFD_AC4G,TC9A"
3QDJ,AC2L,2.299999237060547,-1.7011862993240356,4,3QDJ_AC2L
1AO7,AA150P,1.0039665699005127,-0.8337624073028564,4,1AO7_AA150P
2E7L,FQ5R,3.059887647628784,1.5348504781723022,4,2E7L_FQ5R
1AO7,YC5F,0.13273294270038605,0.2984217405319214,4,1AO7_YC5F
1AO7,YC5A,1.5963654518127441,3.381803512573242,4,1AO7_YC5A
1AO7,YC5W,0.8890236616134644,0.3203970789909363,4,1AO7_YC5W
1AO7,SD31A,0.5326756834983826,0.25762316584587097,4,1AO7_SD31A
2JCC,AA167W,-0.29880499839782715,-0.09618046134710312,4,2JCC_AA167W
1AO7,"EA63Q,KA66A",0.929108202457428,1.0540757179260254,4,"1AO7_EA63Q,KA66A"
1AO7,KA66A,2.9348535537719727,1.4383121728897095,4,1AO7_KA66A
1AO7,VC7R,1.225422739982605,0.3791976869106293,4,1AO7_VC7R
2AK4,TD30A,-0.1266832798719406,0.5097876787185669,4,2AK4_TD30A
2AK4,YD32A,0.09897152334451675,1.0597623586654663,4,2AK4_YD32A
2AK4,ND51A,1.4039890766143799,0.5649662613868713,4,2AK4_ND51A
2AK4,SD94A,1.4039890766143799,0.7458767890930176,4,2AK4_SD94A
2AK4,YD97A,1.4039890766143799,3.171525478363037,4,2AK4_YD97A
2AK4,ND98A,1.4039890766143799,0.6466026306152344,4,2AK4_ND98A
2AK4,NE26A,0.20877279341220856,1.0641676187515259,4,2AK4_NE26A
2AK4,NE28A,0.822894811630249,1.0831655263900757,4,2AK4_NE28A
2AK4,SE29G,1.4039890766143799,0.8108600378036499,4,2AK4_SE29G
2AK4,SE49A,-0.3143717646598816,1.3270699977874756,4,2AK4_SE49A
2AK4,NE63A,-0.04268813133239746,0.9334793090820312,4,2AK4_NE63A
2AK4,LE94A,0.8384865522384644,2.051668882369995,4,2AK4_LE94A
2AK4,EE97A,0.04863874614238739,0.8386939167976379,4,2AK4_EE97A
2AK4,QA65A,-0.2579050660133362,-0.05634038895368576,4,2AK4_QA65A
2AK4,TA69A,-0.34193262457847595,0.06043339520692825,4,2AK4_TA69A
2AK4,QA72A,0.23916159570217133,0.397869735956192,4,2AK4_QA72A
2AK4,RA151A,1.3673309087753296,0.7361915707588196,4,2AK4_RA151A
2AK4,EA154A,0.2349146157503128,0.3706187605857849,4,2AK4_EA154A
2AK4,QA155A,0.929593563079834,0.6753761768341064,4,2AK4_QA155A
2AK4,RA157A,1.4039890766143799,0.9815199971199036,4,2AK4_RA157A
2AK4,AA158G,0.873588502407074,0.8828473687171936,4,2AK4_AA158G
2AK4,EA161A,0.4651035666465759,0.031400687992572784,4,2AK4_EA161A
2AK4,LA163A,0.14038239419460297,0.9287059903144836,4,2AK4_LA163A
2AK4,PC4A,1.0963916778564453,0.8787888884544373,4,2AK4_PC4A
2AK4,LC5A,1.4039890766143799,1.3373171091079712,4,2AK4_LC5A
2AK4,PC6A,1.4039890766143799,1.0772408246994019,4,2AK4_PC6A
2AK4,QC7A,1.4039890766143799,0.06440836936235428,4,2AK4_QC7A
2AK4,QC9A,0.06589584797620773,0.734815239906311,4,2AK4_QC9A
2AK4,LC10A,0.513635516166687,0.8270257115364075,4,2AK4_LC10A
1AO7,RA65A,2.6809208393096924,3.9997758865356445,4,1AO7_RA65A
1AO7,KA66A,1.7908841371536255,1.3852344751358032,4,1AO7_KA66A
1AO7,AA69G,1.3958605527877808,-0.6967453956604004,4,1AO7_AA69G
1AO7,TA163A,0.7261759638786316,-0.3324737250804901,4,1AO7_TA163A
1AO7,EA166A,0.8771873712539673,0.6047784686088562,4,1AO7_EA166A
1AO7,WA167A,1.2002081871032715,-0.08779757469892502,4,1AO7_WA167A
1AO7,QA43A,0.028905829414725304,-0.06028153747320175,4,1AO7_QA43A
1AO7,EA55A,0.8556438088417053,0.5364099144935608,4,1AO7_EA55A
1AO7,EA58A,-0.2552182078361511,0.5231251120567322,4,1AO7_EA58A
1AO7,DA61A,0.3795585036277771,0.05590683966875076,4,1AO7_DA61A
1AO7,EA63A,0.1585373729467392,0.11117852479219437,4,1AO7_EA63A
1AO7,TA64A,-0.07604122906923294,0.5338300466537476,4,1AO7_TA64A
1AO7,RA65A,3.155595064163208,4.010361194610596,4,1AO7_RA65A
1AO7,KA66A,3.155595064163208,1.4386290311813354,4,1AO7_KA66A
1AO7,VA67A,-0.5582032203674316,0.6087309718132019,4,1AO7_VA67A
1AO7,KA68A,0.19354471564292908,-0.4602310061454773,4,1AO7_KA68A
1AO7,AA69G,1.522708535194397,-0.6785132884979248,4,1AO7_AA69G
1AO7,HA70A,3.155595064163208,1.0075128078460693,4,1AO7_HA70A
1AO7,QA72A,0.017250660806894302,-0.0011035427451133728,4,1AO7_QA72A
1AO7,TA73A,0.7666946649551392,1.9270308017730713,4,1AO7_TA73A
1AO7,HA74A,1.6043896675109863,1.1180723905563354,4,1AO7_HA74A
1AO7,RA75A,0.5347237586975098,0.8459618091583252,4,1AO7_RA75A
1AO7,VA76A,0.5968717336654663,0.6025180816650391,4,1AO7_VA76A
1AO7,TA80A,0.07573513686656952,0.7514433860778809,4,1AO7_TA80A
1AO7,KA146A,0.46220648288726807,0.2832564115524292,4,1AO7_KA146A
1AO7,AA149G,-0.1544964462518692,0.17251050472259521,4,1AO7_AA149G
1AO7,AA150G,0.06194958835840225,-0.8584749698638916,4,1AO7_AA150G
1AO7,HA151A,-0.3026396632194519,0.6313616037368774,4,1AO7_HA151A
1AO7,VA152A,-0.1942489743232727,0.9472612738609314,4,1AO7_VA152A
1AO7,EA154A,0.3615494668483734,0.3459030091762543,4,1AO7_EA154A
1AO7,QA155A,0.19838109612464905,2.2036426067352295,4,1AO7_QA155A
1AO7,AA158G,0.3119908273220062,0.15750718116760254,4,1AO7_AA158G
1AO7,TA163A,0.5292381048202515,-0.3455086648464203,4,1AO7_TA163A
1AO7,EA166A,1.4516383409500122,0.700374186038971,4,1AO7_EA166A
1AO7,WA167A,1.426120638847351,-0.19555863738059998,4,1AO7_WA167A
1AO7,RA170A,0.11025666445493698,0.7454833388328552,4,1AO7_RA170A
1OGA,QA43A,-0.023952234536409378,-0.035820119082927704,4,1OGA_QA43A
1OGA,EA58A,0.11265619844198227,0.0009640529751777649,4,1OGA_EA58A
1OGA,DA61A,0.11817597597837448,-0.16029959917068481,4,1OGA_DA61A
1OGA,EA63A,-0.018160870298743248,-0.14788806438446045,4,1OGA_EA63A
1OGA,TA64A,0.18642865121364594,0.40736111998558044,4,1OGA_TA64A
1OGA,RA65A,-0.3654748499393463,1.486171007156372,4,1OGA_RA65A
1OGA,KA66A,-0.023952234536409378,1.8205372095108032,4,1OGA_KA66A
1OGA,VA67A,-0.13922981917858124,0.1796378195285797,4,1OGA_VA67A
1OGA,KA68A,0.24835985898971558,-0.5106902122497559,4,1OGA_KA68A
1OGA,AA69G,0.4271910488605499,1.0303311347961426,4,1OGA_AA69G
1OGA,HA70A,0.5177409052848816,0.9307286739349365,4,1OGA_HA70A
1OGA,QA72A,-0.4595701992511749,0.3627220392227173,4,1OGA_QA72A
1OGA,TA73A,0.8486196398735046,1.6440553665161133,4,1OGA_TA73A
1OGA,HA74A,0.6043843626976013,0.742085874080658,4,1OGA_HA74A
1OGA,RA75A,0.7110561728477478,0.793786346912384,4,1OGA_RA75A
1OGA,VA76A,0.8721638321876526,1.2511430978775024,4,1OGA_VA76A
1OGA,TA80A,0.19533786177635193,0.37327519059181213,4,1OGA_TA80A
1OGA,KA146A,1.9311250448226929,0.5537014603614807,4,1OGA_KA146A
1OGA,AA149G,0.12273682653903961,0.21324723958969116,4,1OGA_AA149G
1OGA,AA150G,0.448542982339859,-0.6123278141021729,4,1OGA_AA150G
1OGA,HA151A,0.0,1.4459285736083984,4,1OGA_HA151A
1OGA,VA152A,1.3936090469360352,1.1280572414398193,4,1OGA_VA152A
1OGA,EA154A,0.6123905777931213,-0.14235344529151917,4,1OGA_EA154A
1OGA,QA155A,0.48906829953193665,1.0518653392791748,4,1OGA_QA155A
1OGA,AA158G,0.13264881074428558,0.5766470432281494,4,1OGA_AA158G
1OGA,TA163A,0.3215610086917877,0.10301122814416885,4,1OGA_TA163A
4MNQ,"IE49V,HE50G,PE51A,EE52G,YE53I,AD93S,LD94G,PD95T,GD97K",5.821152210235596,-0.5027894377708435,4,"4MNQ_IE49V,HE50G,PE51A,EE52G,YE53I,AD93S,LD94G,PD95T,GD97K"
4MNQ,"AD93S,LD94G,PD95T,GD97K",0.9231258630752563,-1.994443655014038,4,"4MNQ_AD93S,LD94G,PD95T,GD97K"
4MNQ,"HE50W,PE51E,EE52F,YE53E,AD93S,LD94G,PD95T,GD97K",0.8976401090621948,-1.4088630676269531,4,"4MNQ_HE50W,PE51E,EE52F,YE53E,AD93S,LD94G,PD95T,GD97K"
4MNQ,"IE49V,HE50G,PE51A,EE52G,YE53I",1.5196093320846558,0.08708278089761734,4,"4MNQ_IE49V,HE50G,PE51A,EE52G,YE53I"
4MNQ,"HE50W,PE51E,EE52F,YE53E",0.259645015001297,-0.2839282155036926,4,"4MNQ_HE50W,PE51E,EE52F,YE53E"
4MNQ,"KC4A,AD93S,LD94G,PD95T,GD97K",3.6324572563171387,-0.10660388320684433,4,"4MNQ_KC4A,AD93S,LD94G,PD95T,GD97K"
4MNQ,"KC4A,IE49V,HE50G,PE51A,EE52G,YE53I",4.247951507568359,0.17053991556167603,4,"4MNQ_KC4A,IE49V,HE50G,PE51A,EE52G,YE53I"
4MNQ,KC4A,4.935636520385742,-0.607060968875885,4,4MNQ_KC4A
4MNQ,"KC4A,HE50W,PE51E,EE52F,YE53E",4.942731857299805,-0.41660648584365845,4,"4MNQ_KC4A,HE50W,PE51E,EE52F,YE53E"
4MNQ,"LC6A,AD93S,LD94G,PD95T,GD97K",5.102494716644287,0.43838268518447876,4,"4MNQ_LC6A,AD93S,LD94G,PD95T,GD97K"
4MNQ,"LC6A,HE50W,PE51E,EE52F,YE53E,AD93S,LD94G,PD95T,GD97K",5.426295757293701,0.29944679141044617,4,"4MNQ_LC6A,HE50W,PE51E,EE52F,YE53E,AD93S,LD94G,PD95T,GD97K"
4MNQ,"LC6A,IE49V,HE50G,PE51A,EE52G,YE53I",4.669893264770508,1.105259656906128,4,"4MNQ_LC6A,IE49V,HE50G,PE51A,EE52G,YE53I"
4MNQ,LC6A,4.148980140686035,1.4254419803619385,4,4MNQ_LC6A
4MNQ,"LC6A,HE50W,PE51E,EE52F,YE53E",4.3891987800598145,0.7487005591392517,4,"4MNQ_LC6A,HE50W,PE51E,EE52F,YE53E"
1AO7,DD26M,0.21131277084350586,0.3735710084438324,4,1AO7_DD26M
1AO7,DD26V,1.3641711473464966,0.34997013211250305,4,1AO7_DD26V
1AO7,DD26W,-1.0804502964019775,-0.6578080654144287,4,1AO7_DD26W
1AO7,RD27F,-0.19934363663196564,0.2797966003417969,4,1AO7_RD27F
1AO7,GD28A,0.5428582429885864,0.5016731023788452,4,1AO7_GD28A
1AO7,GD28I,-0.279584139585495,-0.08923809975385666,4,1AO7_GD28I
1AO7,GD28L,-0.46684107184410095,0.8160918951034546,4,1AO7_GD28L
1AO7,GD28M,-0.5186731815338135,-0.04770626872777939,4,1AO7_GD28M
1AO7,GD28R,2.317685842514038,-1.963452696800232,4,1AO7_GD28R
1AO7,GD28T,-0.7592304348945618,0.2909834086894989,4,1AO7_GD28T
1AO7,GD28V,0.5428582429885864,0.07373613864183426,4,1AO7_GD28V
1AO7,SD29A,0.3026396632194519,0.2822953760623932,4,1AO7_SD29A
1AO7,QD30N,0.7132960557937622,1.020274043083191,4,1AO7_QD30N
1AO7,QD30E,0.4106564223766327,-0.6689791679382324,4,1AO7_QD30E
1AO7,SD51M,-0.3777339458465576,-0.24691712856292725,4,1AO7_SD51M
1AO7,KD66H,0.9535146951675415,-0.054652564227581024,4,1AO7_KD66H
1AO7,SD94A,0.0,-0.037674300372600555,4,1AO7_SD94A
1AO7,SD94N,1.907029390335083,-0.8197577595710754,4,1AO7_SD94N
1AO7,SD94T,-0.4934868812561035,-0.7198005318641663,4,1AO7_SD94T
1AO7,SD94Y,2.317685842514038,-4.8177971839904785,4,1AO7_SD94Y
1AO7,IE52R,1.3641711473464966,-0.17058172821998596,4,1AO7_IE52R
1AO7,AE96M,-0.31211909651756287,-0.8808771967887878,4,1AO7_AE96M
1AO7,AE96K,0.06157408282160759,-0.547211766242981,4,1AO7_AE96K
1AO7,GE97S,-0.31211909651756287,-0.3067921996116638,4,1AO7_GE97S
1AO7,GE98A,-1.0910300016403198,-1.1058481931686401,4,1AO7_GE98A
1AO7,RE99Q,0.4106564223766327,-1.214041829109192,4,1AO7_RE99Q
1AO7,"DD26W,RD27F,SD51M,SD94T",-2.717163562774658,-1.703713297843933,4,"1AO7_DD26W,RD27F,SD51M,SD94T"
1AO7,"DD26W,RD27F,GD28T,SD51M,SD94T",-1.285060167312622,-1.9224525690078735,4,"1AO7_DD26W,RD27F,GD28T,SD51M,SD94T"
1AO7,"DD26W,RD27F,SD51M,SD94T,VC7R",-1.3930768966674805,-1.486470103263855,4,"1AO7_DD26W,RD27F,SD51M,SD94T,VC7R"
1AO7,"GD28I,SD94A",-0.38309553265571594,-0.12980923056602478,4,"1AO7_GD28I,SD94A"
1AO7,"GD28I,SD94T",-0.8996182680130005,-1.5270271301269531,4,"1AO7_GD28I,SD94T"
1AO7,"GD28L,SD94A",-0.5086029171943665,0.43809783458709717,4,"1AO7_GD28L,SD94A"
1AO7,"GD28L,SD94T",-1.028609037399292,-0.9296471476554871,4,"1AO7_GD28L,SD94T"
1AO7,"GD28M,SD94A",-0.8046229481697083,0.23221495747566223,4,"1AO7_GD28M,SD94A"
1AO7,"GD28M,SD94T",-1.7472666501998901,-1.1655267477035522,4,"1AO7_GD28M,SD94T"
1AO7,"GD28M,SD51M,SD94T",-2.126458168029785,-1.113598346710205,4,"1AO7_GD28M,SD51M,SD94T"
1AO7,"GD28T,SD51M,SD94T",-1.6043896675109863,-0.7013511657714844,4,"1AO7_GD28T,SD51M,SD94T"
1AO7,"RD27F,GD28M,SD51M,SD94T",-1.8037333488464355,-1.842109203338623,4,"1AO7_RD27F,GD28M,SD51M,SD94T"
1AO7,"RD27F,GD28T,SD51M,SD94T",-1.6043896675109863,-1.0098730325698853,4,"1AO7_RD27F,GD28T,SD51M,SD94T"
1AO7,"DD26W,GD28M,SD51M,SD94T",-1.0787051916122437,-2.188056468963623,4,"1AO7_DD26W,GD28M,SD51M,SD94T"
1AO7,"DD26W,GD28T,SD51M,SD94T",-1.2376387119293213,-2.5725581645965576,4,"1AO7_DD26W,GD28T,SD51M,SD94T"
1AO7,"GE98A,RE99Q",-1.5635147094726562,-3.466161012649536,4,"1AO7_GE98A,RE99Q"
1AO7,"AE96M,GE97S",-1.0448415279388428,-1.4882434606552124,4,"1AO7_AE96M,GE97S"
1AO7,"AE96M,GE97S,GE98A",-3.544039249420166,-2.7657814025878906,4,"1AO7_AE96M,GE97S,GE98A"
1AO7,"AE96M,GE97S,GE98A,RE99Q",-3.9220755100250244,-4.663973808288574,4,"1AO7_AE96M,GE97S,GE98A,RE99Q"
1AO7,"GD28T,AE96M,GE97S,GE98A",-3.861774206161499,-2.884143352508545,4,"1AO7_GD28T,AE96M,GE97S,GE98A"
1AO7,"GD28T,AE96M,GE97S,GE98A,RE99Q",-3.9659810066223145,-4.221069812774658,4,"1AO7_GD28T,AE96M,GE97S,GE98A,RE99Q"
1AO7,"DD26W,AE96M,GE97S,GE98A,RE99Q",-4.038617134094238,-4.415825843811035,4,"1AO7_DD26W,AE96M,GE97S,GE98A,RE99Q"
1AO7,"DD26W,RD27F,SD51M,AE96M,GE97S,GE98A,RE99Q",-3.7107627391815186,-3.854351043701172,4,"1AO7_DD26W,RD27F,SD51M,AE96M,GE97S,GE98A,RE99Q"
1AO7,"DD26W,RD27F,SD51M,SD94T,AE96M,GE97S,GE98A,RE99Q",-3.451117753982544,-3.7424144744873047,4,"1AO7_DD26W,RD27F,SD51M,SD94T,AE96M,GE97S,GE98A,RE99Q"
1AO7,RD27P,0.30800125002861023,0.438275009393692,4,1AO7_RD27P
1AO7,KD97P,-0.26777946949005127,-0.020277641713619232,4,1AO7_KD97P
1AO7,AE50P,-0.32551708817481995,-0.7248423099517822,4,1AO7_AE50P
1AO7,GE98P,0.44973334670066833,-1.7423193454742432,4,1AO7_GE98P
1AO7,RE99P,-1.9416855573654175,-0.5012727975845337,4,1AO7_RE99P
1AO7,"KD97P,AE50P,RE99P",-1.6319506168365479,-0.5208081603050232,4,"1AO7_KD97P,AE50P,RE99P"
1AO7,"KD97P,RE99P",-1.2212941646575928,-0.8959646821022034,4,"1AO7_KD97P,RE99P"
1AO7,"DD26W,RD27F,GD28T,SD51M,SD94T",-2.7447245121002197,-1.8097389936447144,4,"1AO7_DD26W,RD27F,GD28T,SD51M,SD94T"
1AO7,"DD26W,RD27F,GD28T,SD51M,SD94T,RE99P",-3.3738555908203125,-1.3862098455429077,4,"1AO7_DD26W,RD27F,GD28T,SD51M,SD94T,RE99P"
1AO7,"DD26W,RD27F,GD28T,SD51M,SD94T,KD97P,AE50P,RE99P",-4.6220574378967285,-1.2773126363754272,4,"1AO7_DD26W,RD27F,GD28T,SD51M,SD94T,KD97P,AE50P,RE99P"
3R9A,AA323W,0.33875593543052673,-1.627009391784668,4,3R9A_AA323W
3R9A,YA325A,1.0145800113677979,0.9374911189079285,4,3R9A_YA325A
3R9A,YA325W,0.4823150336742401,0.06116840988397598,4,3R9A_YA325W
3R9A,VA331D,0.0,0.023930557072162628,4,3R9A_VA331D
3R9A,GA165R,0.048722125589847565,0.5612992644309998,4,3R9A_GA165R
1XGP,AB33F,-4.0624799728393555,-4.662062168121338,4,1XGP_AB33F
1XGP,AB33L,-2.199876308441162,-2.683468818664551,4,1XGP_AB33L
1XGP,AB33I,-2.261219024658203,-2.6183717250823975,4,1XGP_AB33I
1XGP,AB33V,-1.1530953645706177,-1.7458709478378296,4,1XGP_AB33V
3LB6,IA10A,3.7231316566467285,0.4503028392791748,4,3LB6_IA10A
3LB6,KA100A,5.814425468444824,2.0046095848083496,4,3LB6_KA100A
3LB6,KA101A,2.545271635055542,2.161585807800293,4,3LB6_KA101A
3LB6,FA103A,5.117306709289551,2.0320215225219727,4,3LB6_FA103A
4K71,GA503E,0.7422019243240356,-0.6604694128036499,4,4K71_GA503E
4K71,"MA416V,AA418T",1.1963605880737305,1.086437702178955,4,"4K71_MA416V,AA418T"
4K71,"GA503R,AA545V",1.667994499206543,-2.1821649074554443,4,"4K71_GA503R,AA545V"
4K71,AA545V,2.03191876411438,-1.0815190076828003,4,4K71_AA545V
4K71,"MA416V,AA418T,GA503R",2.7775838375091553,-0.5630197525024414,4,"4K71_MA416V,AA418T,GA503R"
4K71,"GA503E,AA545V",2.8493804931640625,-1.2744472026824951,4,"4K71_GA503E,AA545V"
4K71,"MA416V,AA418T,AA545V",2.8541905879974365,0.3322307765483856,4,"4K71_MA416V,AA418T,AA545V"
4K71,"MA416V,AA418T,GA503R,AA545V",2.8913276195526123,-1.225426435470581,4,"4K71_MA416V,AA418T,GA503R,AA545V"
4K71,"MA416V,GA503E,AA545V",2.9276857376098633,1.0101159811019897,4,"4K71_MA416V,GA503E,AA545V"
4K71,"AA418T,GA503E,AA545V",3.1290411949157715,-1.9064069986343384,4,"4K71_AA418T,GA503E,AA545V"
4K71,"MA416V,AA418T,GA503E,AA545V",3.459150552749634,0.44172412157058716,4,"4K71_MA416V,AA418T,GA503E,AA545V"
4K71,HA462A,1.0515739917755127,-0.19811305403709412,4,4K71_HA462A
4K71,HA462F,1.009981393814087,-0.6475538015365601,4,4K71_HA462F
4K71,HB157A,0.6442553997039795,0.37672680616378784,4,4K71_HB157A
4K71,HB157F,0.18506699800491333,-0.011038415133953094,4,4K71_HB157F
4K71,"MA416V,AA418T,GA503E,AA545V",3.814058780670166,0.4387010931968689,4,"4K71_MA416V,AA418T,GA503E,AA545V"
4K71,"MA416V,AA418T,GA503R",2.3874666690826416,-0.5474042892456055,4,"4K71_MA416V,AA418T,GA503R"
4K71,"MA416V,AA418T",1.2319692373275757,1.0821961164474487,4,"4K71_MA416V,AA418T"
4K71,AA545V,1.989831566810608,-1.0595693588256836,4,4K71_AA545V
4K71,"MA416V,AA418T,GA503R",1.8028225898742676,-0.5476697087287903,4,"4K71_MA416V,AA418T,GA503R"
4K71,"MA416V,AA418T",0.8493078947067261,1.0934447050094604,4,"4K71_MA416V,AA418T"
4K71,AA545V,0.3912300169467926,-1.0621589422225952,4,4K71_AA545V
4N8V,PG10A,-0.21667437255382538,0.48949724435806274,4,4N8V_PG10A
4N8V,KG38A,0.5880584716796875,0.7464689612388611,4,4N8V_KG38A
4N8V,YG39F,0.5155515074729919,0.03478408604860306,4,4N8V_YG39F
4N8V,YG124A,0.12034162133932114,1.4039814472198486,4,4N8V_YG124A
3M63,EA33A,0.6463438272476196,0.05043358355760574,4,3M63_EA33A
3M63,DA46A,2.234205961227417,3.429635524749756,4,3M63_DA46A
3M63,LA50A,0.5764208436012268,3.222027540206909,4,3M63_LA50A
3M63,TA54A,0.31137704849243164,0.1352023482322693,4,3M63_TA54A
3M63,EA55A,0.34635159373283386,1.0818276405334473,4,3M63_EA55A
3M63,RA98A,-0.18529273569583893,0.8432722687721252,4,3M63_RA98A
3M63,GA102A,0.12470666319131851,0.4316940903663635,4,3M63_GA102A
3M63,YA103A,3.650576591491699,5.091603755950928,4,3M63_YA103A
3M63,VA106A,1.83893883228302,2.349050998687744,4,3M63_VA106A
3M63,IA110A,1.0890923738479614,1.8903261423110962,4,3M63_IA110A
3M63,FA113A,1.7915173768997192,1.595408320426941,4,3M63_FA113A
3M63,"GB8F,QB9K,SB65Q,HB67V,VB69M",0.1871277093887329,0.6021292805671692,4,"3M63_GB8F,QB9K,SB65Q,HB67V,VB69M"
3HH2,VC15E,0.6843902468681335,0.7360511422157288,4,3HH2_VC15E
3HH2,FC47E,0.7132960557937622,1.8700878620147705,4,3HH2_FC47E
3HH2,IC51E,0.8621878027915955,0.6113498210906982,4,3HH2_IC51E
3HH2,FC52E,0.8165920972824097,3.762237071990967,4,3HH2_FC52E
3HH2,FC47A,1.325307846069336,0.9300450086593628,4,3HH2_FC47A
3HH2,IC51A,0.7132960557937622,0.3114619553089142,4,3HH2_IC51A
3HH2,FC52A,1.2728441953659058,3.6897919178009033,4,3HH2_FC52A
4FZA,FA168E,0.5428582429885864,2.984546184539795,4,4FZA_FA168E
4FZA,YA213A,1.270783543586731,0.45445042848587036,4,4FZA_YA213A
4FZA,RA217A,1.0278971195220947,0.15854701399803162,4,4FZA_RA217A
4FZA,EB122A,0.4254123568534851,0.09946668893098831,4,4FZA_EB122A
3MZW,NB18T,-0.14522328972816467,0.27379530668258667,4,3MZW_NB18T
3MZW,NB18G,0.07263598591089249,0.07609350234270096,4,3MZW_NB18G
3MZW,NB18A,0.025214528664946556,0.5082940459251404,4,3MZW_NB18A
3MZW,"NB1E,NB18T",0.3843208849430084,1.2544488906860352,4,"3MZW_NB1E,NB18T"
3MZW,"NB1A,NB18T",0.34248337149620056,0.22497472167015076,4,"3MZW_NB1A,NB18T"
3MZW,"NB18T,AB49S",0.09499531984329224,0.10173419862985611,4,"3MZW_NB18T,AB49S"
3MZW,"NB18T,AB37S,AB41S,AB49S",-0.11319105327129364,0.180745929479599,4,"3MZW_NB18T,AB37S,AB41S,AB49S"
3MZW,"NB1A,NB18T,AB37S,AB41S,AB49S",0.025214528664946556,0.3415232300758362,4,"3MZW_NB1A,NB18T,AB37S,AB41S,AB49S"
3MZW,"NB1E,NB18T,AB37S,AB41S,AB49S",0.28166571259498596,0.7524805665016174,4,"3MZW_NB1E,NB18T,AB37S,AB41S,AB49S"
3MZW,"NB1A,NB18T,AB37S,AB41S,AB49S",-0.08280224353075027,0.15639245510101318,4,"3MZW_NB1A,NB18T,AB37S,AB41S,AB49S"
3MZW,"NB18T,SB28A",-0.2150040864944458,0.23250940442085266,4,"3MZW_NB18T,SB28A"
3MZW,"NB18T,SB28K",-0.2150040864944458,0.19497117400169373,4,"3MZW_NB18T,SB28K"
3MZW,"NB18T,DB31A",0.7081217765808105,0.27681809663772583,4,"3MZW_NB18T,DB31A"
3MZW,"NB18T,DB31K",1.2189477682113647,-1.289284110069275,4,"3MZW_NB18T,DB31K"
3MZW,"NB18T,DB32E",0.21388307213783264,0.22624197602272034,4,"3MZW_NB18T,DB32E"
3MZW,"NB18T,EB42A",-0.3380204439163208,0.716516375541687,4,"3MZW_NB18T,EB42A"
3MZW,"NB18T,LB46T",-0.17908690869808197,0.15065130591392517,4,"3MZW_NB18T,LB46T"
3MZW,"NB18T,LB46Y",-0.02633553557097912,0.1580832302570343,4,"3MZW_NB18T,LB46Y"
3MZW,"NB18T,NB38E,AB49S",0.13733132183551788,0.20366749167442322,4,"3MZW_NB18T,NB38E,AB49S"
3MZW,"NB18T,AB37S,AB41S,LB46T",-0.14522328972816467,0.25269269943237305,4,"3MZW_NB18T,AB37S,AB41S,LB46T"
3MZW,"NB18T,AB37S,AB41S,LB46Y",-0.05389640852808952,0.17126181721687317,4,"3MZW_NB18T,AB37S,AB41S,LB46Y"
3MZW,"NB1A,NB18T,SB28K,AB37S,AB41S,AB49S",-0.2150040864944458,0.625886082649231,4,"3MZW_NB1A,NB18T,SB28K,AB37S,AB41S,AB49S"
3MZW,"NB1A,NB18T,SB28K,DB31A,AB37S,AB41S,AB49S",0.4480868875980377,0.04162362962961197,4,"3MZW_NB1A,NB18T,SB28K,DB31A,AB37S,AB41S,AB49S"
3MZW,"NB1A,NB18T,SB28K,DB32E,AB37S,AB41S,AB49S",-0.6799096465110779,0.16415295004844666,4,"3MZW_NB1A,NB18T,SB28K,DB32E,AB37S,AB41S,AB49S"
3MZW,"NB1A,NB18T,SB28K,AB37S,NB38E,AB41S,AB49S",-0.25324004888534546,0.22328948974609375,4,"3MZW_NB1A,NB18T,SB28K,AB37S,NB38E,AB41S,AB49S"
3MZW,"NB1A,NB18T,SB28K,AB37S,NB38E,AB41S,AB49S",-0.14522328972816467,0.5741569399833679,4,"3MZW_NB1A,NB18T,SB28K,AB37S,NB38E,AB41S,AB49S"
3MZW,"NB1A,NB18T,SB28K,AB37S,AB41S,EB42A,AB49S",-0.3854418992996216,0.6395094394683838,4,"3MZW_NB1A,NB18T,SB28K,AB37S,AB41S,EB42A,AB49S"
3MZW,"NB1A,NB18T,SB28K,AB37S,AB41S,EB42A,AB49S",-0.08280224353075027,0.477955162525177,4,"3MZW_NB1A,NB18T,SB28K,AB37S,AB41S,EB42A,AB49S"
3MZW,"NB1A,NB18T,SB28K,AB37S,NB38E,AB41S,AB49S",0.5680727958679199,0.22328945994377136,4,"3MZW_NB1A,NB18T,SB28K,AB37S,NB38E,AB41S,AB49S"
3MZW,"NB1A,NB18T,SB28K,AB37S,NB38E,AB41S,AB49S",0.7081217765808105,0.22328945994377136,4,"3MZW_NB1A,NB18T,SB28K,AB37S,NB38E,AB41S,AB49S"
3S9D,SA18A,-0.21131277084350586,0.12487078458070755,4,3S9D_SA18A
3S9D,LA19A,1.009981393814087,1.3036119937896729,4,3S9D_LA19A
3S9D,FA20A,0.5186731815338135,1.7934411764144897,4,3S9D_FA20A
3S9D,SA21A,0.0,0.06466756016016006,4,3S9D_SA21A
3S9D,LA23A,3.681856870651245,1.4784996509552002,4,3S9D_LA23A
3S9D,KA24A,0.49345865845680237,0.8613220453262329,4,3S9D_KA24A
3S9D,DA25A,0.3802676200866699,0.009554542601108551,4,3S9D_DA25A
3S9D,RA26A,3.681856870651245,0.5121195912361145,4,3S9D_RA26A
3S9D,HA27A,0.4106564223766327,1.4601812362670898,4,3S9D_HA27A
3S9D,DA28A,0.2402186095714569,0.4691375494003296,4,3S9D_DA28A
3S9D,EA34A,0.0,-0.007788620889186859,4,3S9D_EA34A
3S9D,KA92A,0.10801676660776138,0.22424420714378357,4,3S9D_KA92A
3S9D,RA96A,0.3482353687286377,0.39945611357688904,4,3S9D_RA96A
3S9D,LA99A,-0.0624210461974144,0.4281883239746094,4,3S9D_LA99A
3S9D,KA102A,0.27845457196235657,0.29626235365867615,4,3S9D_KA102A
3S9D,EA103A,-0.13220183551311493,0.5082961320877075,4,3S9D_EA103A
3S9D,KA104A,0.7751243710517883,0.3164288401603699,4,3S9D_KA104A
3S9D,KA105A,0.05646670609712601,0.3648286759853363,4,3S9D_KA105A
3S9D,TB33A,1.5196093320846558,1.107804298400879,4,3S9D_TB33A
3S9D,MB35A,3.681856870651245,2.043618679046631,4,3S9D_MB35A
3S9D,SB36A,0.4671231210231781,-0.3214036822319031,4,3S9D_SB36A
3S9D,KB37A,0.3143717646598816,-0.26461926102638245,4,3S9D_KB37A
3S9D,EB39R,0.6508750319480896,-0.5571337938308716,4,3S9D_EB39R
3S9D,EB39A,0.19934363663196564,-0.04731380194425583,4,3S9D_EB39A
3S9D,KB42A,0.3802676200866699,0.7237620949745178,4,3S9D_KB42A
3S9D,WB61F,0.7250281572341919,-0.058989398181438446,4,3S9D_WB61F
3S9D,SB63A,0.3143717646598816,0.2806533873081207,4,3S9D_SB63A
3S9D,HB65A,0.6307899951934814,0.3180360198020935,4,3S9D_HB65A
3S9D,NB85A,-0.21131277084350586,1.6165173053741455,4,3S9D_NB85A
3S9D,WB87A,0.7422019243240356,2.466989517211914,4,3S9D_WB87A
3S9D,DB121R,-0.0624210461974144,1.1259938478469849,4,3S9D_DB121R
3S9D,LA8A,1.2793906927108765,2.382559299468994,4,3S9D_LA8A
3S9D,MA9A,0.12424934655427933,0.9869052767753601,4,3S9D_MA9A
3S9D,RA15A,0.17043781280517578,1.9702106714248657,4,3S9D_RA15A
3S9D,RA16A,0.3591063618659973,1.1759507656097412,4,3S9D_RA16A
3S9D,IA17A,-0.13220183551311493,0.3622676730155945,4,3S9D_IA17A
3S9D,SA18A,-0.08478038012981415,0.21019726991653442,4,3S9D_SA18A
3S9D,LA19A,1.0241725444793701,1.809359073638916,4,3S9D_LA19A
3S9D,FA20A,0.8998063206672668,1.8328185081481934,4,3S9D_FA20A
3S9D,LA23A,3.756010055541992,1.4784996509552002,4,3S9D_LA23A
3S9D,LA23V,2.6412787437438965,0.5056966543197632,4,3S9D_LA23V
3S9D,KA24A,0.6508750319480896,0.7995352745056152,4,3S9D_KA24A
3S9D,DA25A,0.6307899951934814,-0.004631273448467255,4,3S9D_DA25A
3S9D,RA26K,4.673607349395752,1.0944247245788574,4,3S9D_RA26K
3S9D,RA26A,5.417921543121338,0.5121195912361145,4,3S9D_RA26A
3S9D,RA26Q,6.082001209259033,0.46804624795913696,4,3S9D_RA26Q
3S9D,HA27A,0.5736418962478638,1.4601812362670898,4,3S9D_HA27A
3S9D,DA28A,0.25324004888534546,0.5755900144577026,4,3S9D_DA28A
3S9D,QA33A,0.019426396116614342,0.7766237258911133,4,3S9D_QA33A
3S9D,RA96A,0.0,0.39952901005744934,4,3S9D_RA96A
3S9D,KA102A,0.4300828278064728,0.29626235365867615,4,3S9D_KA102A
3S9D,EA103A,-0.21131277084350586,0.5144762396812439,4,3S9D_EA103A
3S9D,KA104A,1.2793906927108765,0.3065413534641266,4,3S9D_KA104A
3S9D,KA105A,0.14004899561405182,0.39420077204704285,4,3S9D_KA105A
3S9D,RA115A,2.185483932495117,1.5501409769058228,4,3S9D_RA115A
3S9D,AA116G,2.077467203140259,1.0019598007202148,4,3S9D_AA116G
3S9D,AA116M,1.0582308769226074,-0.6256547570228577,4,3S9D_AA116M
3S9D,MA119A,2.289372205734253,2.5349106788635254,4,3S9D_MA119A
3S9D,RA120A,3.0743792057037354,1.9335157871246338,4,3S9D_RA120A
3S9D,SA123A,0.9041150808334351,0.8268230557441711,4,3S9D_SA123A
3S9D,LA124A,1.3358573913574219,0.5753413438796997,4,3S9D_LA124A
3S9D,NA127A,-0.08478038012981415,0.001690603792667389,4,3S9D_NA127A
3S9D,QA48A,0.0,0.002646304666996002,4,3S9D_QA48A
3S9D,FA50A,0.17043781280517578,0.5235283970832825,4,3S9D_FA50A
3S9D,NA51A,0.0,-0.05319111794233322,4,3S9D_NA51A
3S9D,SA54A,0.0,-0.046578459441661835,4,3S9D_SA54A
3S9D,TA55A,0.0,0.7694294452667236,4,3S9D_TA55A
3S9D,KA56A,0.0,0.7960448265075684,4,3S9D_KA56A
3S9D,SA59A,0.17043781280517578,0.5166323781013489,4,3S9D_SA59A
3S9D,TA65A,0.17043781280517578,0.4431980848312378,4,3S9D_TA65A
3S9D,LA66A,0.3026396632194519,1.5794695615768433,4,3S9D_LA66A
3S9D,KA69A,0.0,0.33253300189971924,4,3S9D_KA69A
3S9D,YA71A,0.3026396632194519,0.36140522360801697,4,3S9D_YA71A
3S9D,TA72A,0.17043781280517578,0.5672607421875,4,3S9D_TA72A
3S9D,YA75A,0.3026396632194519,0.898120105266571,4,3S9D_YA75A
3S9D,QA76A,0.17043781280517578,-0.27126649022102356,4,3S9D_QA76A
3S9D,NA79A,0.17043781280517578,0.34626856446266174,4,3S9D_NA79A
3S9D,EA82A,0.17043781280517578,0.12510940432548523,4,3S9D_EA82A
3S9D,"AA43H,AA44E,AA47Q",-0.01742631569504738,1.4206537008285522,4,"3S9D_AA43H,AA44E,AA47Q"
3S9D,"AA43Y,AA44N,AA47S",-0.19081901013851166,-0.43814006447792053,4,"3S9D_AA43Y,AA44N,AA47S"
3S9D,"AA43H,AA44E,AA47Q",0.0,1.4521926641464233,4,"3S9D_AA43H,AA44E,AA47Q"
3S9D,RA5A,0.6218704581260681,0.4173489809036255,4,3S9D_RA5A
3S9D,LA8A,1.3641711473464966,1.8430938720703125,4,3S9D_LA8A
3S9D,MA9A,0.0,0.4480707049369812,4,3S9D_MA9A
3S9D,AA12W,-0.18106503784656525,-1.8165314197540283,4,3S9D_AA12W
3S9D,RA15A,0.22013357281684875,1.966537594795227,4,3S9D_RA15A
3S9D,RA16A,0.09638339281082153,1.1628127098083496,4,3S9D_RA16A
3S9D,IA17A,-0.08250609040260315,0.35871800780296326,4,3S9D_IA17A
3S9D,SA18A,0.0,0.124870665371418,4,3S9D_SA18A
3S9D,LA19A,0.8954659700393677,1.2808228731155396,4,3S9D_LA19A
3S9D,FA20A,0.7132960557937622,1.793441653251648,4,3S9D_FA20A
3S9D,LA23A,3.93766713142395,1.4999918937683105,4,3S9D_LA23A
3S9D,LA23V,2.232905387878418,0.5056966543197632,4,3S9D_LA23V
3S9D,KA24A,0.7132960557937622,0.8613220453262329,4,3S9D_KA24A
3S9D,DA25A,0.9252009987831116,-0.004631273448467255,4,3S9D_DA25A
3S9D,RA26A,6.2779974937438965,0.7778013348579407,4,3S9D_RA26A
3S9D,RA26K,4.503169536590576,1.0922356843948364,4,3S9D_RA26K
3S9D,HA27A,0.6389058828353882,1.4544163942337036,4,3S9D_HA27A
3S9D,DA28A,0.4106564223766327,0.5846500992774963,4,3S9D_DA28A
3S9D,RA91K,0.030783649533987045,0.467143177986145,4,3S9D_RA91K
3S9D,KA92A,-0.07798352837562561,0.20272311568260193,4,3S9D_KA92A
3S9D,RA96A,0.283371239900589,0.4034443497657776,4,3S9D_RA96A
3S9D,KA102A,0.0,0.28619930148124695,4,3S9D_KA102A
3S9D,EA103A,-0.16519483923912048,0.5144762396812439,4,3S9D_EA103A
3S9D,KA104A,0.21190492808818817,0.3065413534641266,4,3S9D_KA104A
3S9D,KA105A,0.19509665668010712,0.3648286759853363,4,3S9D_KA105A
3S9D,RA115A,2.077467203140259,1.5501409769058228,4,3S9D_RA115A
3S9D,AA116M,1.087294340133667,-0.6256546974182129,4,3S9D_AA116M
3S9D,AA116G,2.077467203140259,0.999634325504303,4,3S9D_AA116G
3S9D,MA119A,2.077467203140259,2.7210657596588135,4,3S9D_MA119A
3S9D,RA120A,2.728342294692993,1.6380819082260132,4,3S9D_RA120A
3S9D,SA123A,1.3641711473464966,0.8666799068450928,4,3S9D_SA123A
3S9D,LA124A,1.3641711473464966,0.5705249309539795,4,3S9D_LA124A
3S9D,NA127A,0.0,0.2385411560535431,4,3S9D_NA127A
3S9D,EB17R,0.0,0.41441816091537476,4,3S9D_EB17R
3S9D,YB32A,1.30829656124115,1.92844820022583,4,3S9D_YB32A
3S9D,TB33A,1.6668107509613037,0.9526109099388123,4,3S9D_TB33A
3S9D,IB34A,1.774827480316162,1.3902209997177124,4,3S9D_IB34A
3S9D,MB35A,2.317685842514038,1.607522964477539,4,3S9D_MB35A
3S9D,MB35V,1.8240691423416138,1.4313703775405884,4,3S9D_MB35V
3S9D,SB36A,0.5428582429885864,-0.010760299861431122,4,3S9D_SB36A
3S9D,KB37A,0.6940276622772217,0.15031838417053223,4,3S9D_KB37A
3S9D,EB39A,0.21190492808818817,-0.06869315356016159,4,3S9D_EB39A
3S9D,DB40A,0.0,0.8323416113853455,4,3S9D_DB40A
3S9D,KB42A,0.5891849398612976,0.7321474552154541,4,3S9D_KB42A
3S9D,RB62A,0.17043781280517578,0.4826276898384094,4,3S9D_RB62A
3S9D,SB63A,0.2734968066215515,0.2733931839466095,4,3S9D_SB63A
3S9D,TB64A,0.25581035017967224,0.30701595544815063,4,3S9D_TB64A
3S9D,HB65A,0.6389058828353882,0.3180360198020935,4,3S9D_HB65A
3S9D,EB66A,2.412388563156128,0.8382324576377869,4,3S9D_EB66A
3S9D,AB67M,-0.16781052947044373,-1.3922475576400757,4,3S9D_AB67M
3S9D,VB69A,2.317685842514038,1.1073861122131348,4,3S9D_VB69A
3S9D,HB84A,0.04376433789730072,1.0955020189285278,4,3S9D_HB84A
3S9D,NB85A,-0.13220183551311493,1.4721680879592896,4,3S9D_NB85A
3S9D,WB87A,1.0482174158096313,2.4369852542877197,4,3S9D_WB87A
3S9D,IB90A,1.496372938156128,0.7287445664405823,4,3S9D_IB90A
3S9D,DB91A,1.0482174158096313,1.114822268486023,4,3S9D_DB91A
3S9D,DB121R,-0.09861256927251816,1.282769799232483,4,3S9D_DB121R
3S9D,HB166A,0.0,0.41838687658309937,4,3S9D_HB166A
3S9D,RA120A,3.1016509532928467,1.9335154294967651,4,3S9D_RA120A
3S9D,EB66A,2.4010674953460693,0.8382324576377869,4,3S9D_EB66A
3S9D,"RA120A,EB66A",3.602473735809326,1.5612586736679077,4,"3S9D_RA120A,EB66A"
3S9D,"TB33A,LA8A",3.5785608291625977,2.9957666397094727,4,"3S9D_TB33A,LA8A"
3S9D,"TB33A,LA19A",3.3948090076446533,2.035639762878418,4,"3S9D_TB33A,LA19A"
3S9D,"TB33A,FA20A",3.02142596244812,2.1331801414489746,4,"3S9D_TB33A,FA20A"
3S9D,"TB33A,LA23A",5.96136999130249,2.017289161682129,4,"3S9D_TB33A,LA23A"
3S9D,"TB33A,RA115A",4.048243045806885,1.973568081855774,4,"3S9D_TB33A,RA115A"
3S9D,"TB33A,AA116G",4.351393222808838,1.1305522918701172,4,"3S9D_TB33A,AA116G"
3S9D,"TB33A,MA119A",4.463984966278076,2.5204927921295166,4,"3S9D_TB33A,MA119A"
3S9D,"TB33A,RA120A",5.268608093261719,1.8894217014312744,4,"3S9D_TB33A,RA120A"
3S9D,"TB33A,SA123A",3.063263416290283,1.0376454591751099,4,"3S9D_TB33A,SA123A"
3S9D,"TB33A,LA124A",3.3123912811279297,1.436329960823059,4,"3S9D_TB33A,LA124A"
3S9D,"IB34A,RA115A",4.271187782287598,2.1676857471466064,4,"3S9D_IB34A,RA115A"
3S9D,"IB34A,AA116G",4.474026679992676,1.391498327255249,4,"3S9D_IB34A,AA116G"
3S9D,"IB34A,MA119A",4.23505163192749,2.580202579498291,4,"3S9D_IB34A,MA119A"
3S9D,"IB34A,RA120A",5.001758098602295,2.3632326126098633,4,"3S9D_IB34A,RA120A"
3S9D,"IB34A,SA123A",3.0067968368530273,1.3098748922348022,4,"3S9D_IB34A,SA123A"
3S9D,"IB34A,LA124A",3.561387062072754,1.4860280752182007,4,"3S9D_IB34A,LA124A"
3S9D,"WB87A,RA5A",2.3409221172332764,2.3003969192504883,4,"3S9D_WB87A,RA5A"
3S9D,"WB87A,LA8A",3.076577663421631,3.5796473026275635,4,"3S9D_WB87A,LA8A"
3S9D,"WB87A,MA119A",3.8463404178619385,3.6295547485351562,4,"3S9D_WB87A,MA119A"
3S9D,"WB87A,SA123A",2.7515785694122314,2.8462321758270264,4,"3S9D_WB87A,SA123A"
3S9D,"WB87A,LA124A",2.94437575340271,2.463623285293579,4,"3S9D_WB87A,LA124A"
3S9D,IB90A,1.6426256895065308,0.7287445664405823,4,3S9D_IB90A
3S9D,"IB90A,LA8A",3.740473985671997,1.4362765550613403,4,"3S9D_IB90A,LA8A"
3S9D,"IB90A,LA19A",3.035702705383301,1.3275043964385986,4,"3S9D_IB90A,LA19A"
3S9D,"IB90A,FA20A",2.8162739276885986,1.6811575889587402,4,"3S9D_IB90A,FA20A"
3S9D,"IB90A,LA23A",5.4495320320129395,1.3140946626663208,4,"3S9D_IB90A,LA23A"
3S9D,"IB90A,RA115A",3.525470018386841,2.0160982608795166,4,"3S9D_IB90A,RA115A"
3S9D,"IB90A,MA119A",4.035335063934326,2.291353225708008,4,"3S9D_IB90A,MA119A"
3S9D,"IB90A,RA120A",4.908470153808594,2.035043478012085,4,"3S9D_IB90A,RA120A"
3S9D,"IB90A,SA123A",3.256808280944824,1.0741345882415771,4,"3S9D_IB90A,SA123A"
3S9D,"IB90A,LA124A",3.3467459678649902,1.0522488355636597,4,"3S9D_IB90A,LA124A"
3S9D,"DB91A,LA19A",2.94437575340271,3.006972074508667,4,"3S9D_DB91A,LA19A"
3S9D,"DB91A,FA20A",2.3848276138305664,2.344003200531006,4,"3S9D_DB91A,FA20A"
3S9D,"DB91A,RA115A",3.6723010540008545,2.2728958129882812,4,"3S9D_DB91A,RA115A"
3S9D,"DB91A,SA123A",2.6789426803588867,1.3373351097106934,4,"3S9D_DB91A,SA123A"
3S9D,"DB91A,LA124A",3.02142596244812,1.7289193868637085,4,"3S9D_DB91A,LA124A"
3S9D,TB33A,2.007093667984009,0.9614359736442566,4,3S9D_TB33A
3S9D,IB34A,1.9302657842636108,1.4276071786880493,4,3S9D_IB34A
3S9D,MB35V,2.9259908199310303,0.8102899789810181,4,3S9D_MB35V
3S9D,HB65A,1.2015804052352905,0.3180360198020935,4,3S9D_HB65A
3S9D,EB66A,2.433549642562866,0.842259407043457,4,3S9D_EB66A
3S9D,WB87A,1.546341061592102,2.460559368133545,4,3S9D_WB87A
3S9D,IB90A,1.7124065160751343,0.7244111895561218,4,3S9D_IB90A
3S9D,DB91A,1.6276260614395142,1.1148219108581543,4,3S9D_DB91A
3S9D,LA8A,1.965646505355835,1.8430936336517334,4,3S9D_LA8A
3S9D,LA19A,1.4916142225265503,1.28082275390625,4,3S9D_LA19A
3S9D,LA23A,3.8640267848968506,1.0248667001724243,4,3S9D_LA23A
3S9D,RA115A,2.1795296669006348,1.5398699045181274,4,3S9D_RA115A
3S9D,AA116G,2.161298990249634,0.999634325504303,4,3S9D_AA116G
3S9D,MA119A,2.3973889350891113,2.5349106788635254,4,3S9D_MA119A
3S9D,RA120A,3.1845943927764893,1.6380819082260132,4,3S9D_RA120A
3S9D,SA123A,1.0997674465179443,0.5999603867530823,4,3S9D_SA123A
3S9D,LA124A,1.6426256895065308,0.7129819393157959,4,3S9D_LA124A
3S9D,"MB35V,LA8A",4.42743444442749,2.069960117340088,4,"3S9D_MB35V,LA8A"
3S9D,"MB35V,LA19A",4.316718578338623,1.9098149538040161,4,"3S9D_MB35V,LA19A"
3S9D,"MB35V,LA23A",7.11393928527832,1.7609314918518066,4,"3S9D_MB35V,LA23A"
3S9D,"MB35V,RA115A",3.7050933837890625,2.2816874980926514,4,"3S9D_MB35V,RA115A"
3S9D,"MB35V,AA116G",5.300297737121582,1.1171691417694092,4,"3S9D_MB35V,AA116G"
3S9D,"MB35V,MA119A",5.456684589385986,2.5289645195007324,4,"3S9D_MB35V,MA119A"
3S9D,"MB35V,RA120A",6.066684722900391,2.028003692626953,4,"3S9D_MB35V,RA120A"
3S9D,"MB35V,SA123A",4.0805439949035645,1.216749906539917,4,"3S9D_MB35V,SA123A"
3S9D,"MB35V,LA124A",4.533203125,1.0301964282989502,4,"3S9D_MB35V,LA124A"
3S9D,"EB66A,LA8A",4.092513084411621,3.109098434448242,4,"3S9D_EB66A,LA8A"
3S9D,"EB66A,LA23A",6.058159828186035,2.169265031814575,4,"3S9D_EB66A,LA23A"
3S9D,"EB66A,RA115A",4.6586079597473145,2.325354814529419,4,"3S9D_EB66A,RA115A"
3S9D,"EB66A,AA116G",5.041269302368164,1.5194371938705444,4,"3S9D_EB66A,AA116G"
3S9D,"EB66A,MA119A",4.980967998504639,3.4234960079193115,4,"3S9D_EB66A,MA119A"
3S9D,"EB66A,RA120A",3.6324572563171387,1.5097764730453491,4,"3S9D_EB66A,RA120A"
3S9D,"EB66A,SA123A",3.543700695037842,1.555376410484314,4,"3S9D_EB66A,SA123A"
3S9D,"EB66A,LA124A",3.7697887420654297,1.398511528968811,4,"3S9D_EB66A,LA124A"
3S9D,"HB65A,RA5A",2.2143898010253906,0.5515509247779846,4,"3S9D_HB65A,RA5A"
3S9D,"HB65A,LA8A",4.016777992248535,2.7205145359039307,4,"3S9D_HB65A,LA8A"
3S9D,"HB65A,LA19A",3.056492567062378,1.869393229484558,4,"3S9D_HB65A,LA19A"
3S9D,"HB65A,RA120A",3.8463404178619385,1.9088780879974365,4,"3S9D_HB65A,RA120A"
3S9D,"HB65A,SA123A",1.135684609413147,0.9291247725486755,4,"3S9D_HB65A,SA123A"
3S9D,"HB65A,LA124A",2.939418077468872,1.0151848793029785,4,"3S9D_HB65A,LA124A"
1JTG,EB31A,0.8213128447532654,0.0006102398037910461,4,1JTG_EB31A
1JTG,SB35A,0.0,-0.14491242170333862,4,1JTG_SB35A
1JTG,FB36A,2.5961403846740723,1.0139771699905396,4,1JTG_FB36A
1JTG,SB39A,-0.3026396632194519,0.36500003933906555,4,1JTG_SB39A
1JTG,HB41A,2.4998557567596436,0.5819281935691833,4,1JTG_HB41A
1JTG,GB48A,0.19934363663196564,1.0838648080825806,4,1JTG_GB48A
1JTG,DB49A,2.185483932495117,2.750260829925537,4,1JTG_DB49A
1JTG,YB50A,-2.261219024658203,3.040457248687744,4,1JTG_YB50A
1JTG,YB51A,0.0,0.7273169159889221,4,1JTG_YB51A
1JTG,YB53A,2.2143898010253906,1.8801703453063965,4,1JTG_YB53A
1JTG,SB71A,-0.5428582429885864,0.5905325412750244,4,1JTG_SB71A
1JTG,EB73A,-0.13220183551311493,0.4205169677734375,4,1JTG_EB73A
1JTG,KB74A,2.6789426803588867,0.468677818775177,4,1JTG_KB74A
1JTG,WB112A,1.9302657842636108,0.8729613423347473,4,1JTG_WB112A
1JTG,SB113A,-0.8970479965209961,-0.04197143763303757,4,1JTG_SB113A
1JTG,GB141A,0.7588918209075928,0.1438964307308197,4,1JTG_GB141A
1JTG,FB142A,2.0532820224761963,2.613018035888672,4,1JTG_FB142A
1JTG,YB143A,0.10801676660776138,1.5268446207046509,4,1JTG_YB143A
1JTG,RB144A,0.10801676660776138,0.0876285508275032,4,1JTG_RB144A
1JTG,HB148A,2.2143898010253906,1.019071102142334,4,1JTG_HB148A
1JTG,WB150A,3.5002553462982178,0.51791912317276,4,1JTG_WB150A
1JTG,RB160A,1.8312941789627075,0.8753732442855835,4,1JTG_RB160A
1JTG,WB162A,2.185483932495117,1.4156044721603394,4,1JTG_WB162A
1JTG,"EB73A,YB50A",-1.496372938156128,2.705289840698242,4,"1JTG_EB73A,YB50A"
1JTG,QA74A,0.5894072651863098,-0.235769122838974,4,1JTG_QA74A
1JTG,NA75A,-1.4773621559143066,0.3359287679195404,4,1JTG_NA75A
1JTG,LA77A,0.8707124590873718,1.306251883506775,4,1JTG_LA77A
1JTG,EA79A,2.7824625968933105,1.6202467679977417,4,1JTG_EA79A
1JTG,YA80A,-0.0947713702917099,1.5940495729446411,4,1JTG_YA80A
1JTG,PA82A,0.23677411675453186,2.022007942199707,4,1JTG_PA82A
1JTG,EA85A,-1.3147715330123901,0.05013818293809891,4,1JTG_EA85A
1JTG,KA86A,-0.8585193753242493,1.5954874753952026,4,1JTG_KA86A
1JTG,MA104A,1.5096182823181152,3.076152801513672,4,1JTG_MA104A
1JTG,VA190A,-0.5828139781951904,0.27936577796936035,4,1JTG_VA190A
1JTG,MA244A,-0.051081907004117966,0.38797351717948914,4,1JTG_MA244A
3WWN,RA221E,-0.33671388030052185,1.4592182636260986,4,3WWN_RA221E
3WWN,RA224E,1.2939426898956299,0.4582887291908264,4,3WWN_RA224E
3WWN,KA225E,0.15640123188495636,-0.04564472287893295,4,3WWN_KA225E
4E6K,"EA81A,EB81A",2.5848121643066406,0.5610034465789795,4,"4E6K_EA81A,EB81A"
4E6K,"LA68A,LB68A",2.6698973178863525,1.2641384601593018,4,"4E6K_LA68A,LB68A"
4E6K,"EA85A,EB85A",3.0725746154785156,0.7174116969108582,4,"4E6K_EA85A,EB85A"
4E6K,YG2F,0.6969138979911804,0.08942729979753494,4,4E6K_YG2F
4E6K,KG40A,0.5019832849502563,0.2606588304042816,4,4E6K_KG40A
4E6K,LG5A,1.9034278392791748,1.6257573366165161,4,4E6K_LG5A
4J2L,WC17A,2.230583667755127,4.126010417938232,4,4J2L_WC17A
4J2L,LC20S,1.6885002851486206,2.4347596168518066,4,4J2L_LC20S
4J2L,"VA23A,SA34D",2.2666831016540527,1.1618775129318237,4,"4J2L_VA23A,SA34D"
4J2L,"VA23A,LA118E",0.43684640526771545,3.347057819366455,4,"4J2L_VA23A,LA118E"
4J2L,"SA34D,LA118E",0.6970077157020569,2.547740936279297,4,"4J2L_SA34D,LA118E"
4J2L,VA23A,0.08989062905311584,0.5852448344230652,4,4J2L_VA23A
4J2L,SA34D,-0.9704915285110474,0.9788026213645935,4,4J2L_SA34D
4J2L,LA118E,-0.6311247944831848,2.702258586883545,4,4J2L_LA118E
4OFY,QA34A,1.1767563819885254,0.7428293824195862,4,4OFY_QA34A
4OFY,MA36A,0.0841105654835701,1.277319073677063,4,4OFY_MA36A
4OFY,DA38A,0.5488527417182922,1.660089135169983,4,4OFY_DA38A
4OFY,FA40A,4.604454040527344,2.073523759841919,4,4OFY_FA40A
4OFY,QA85A,1.7332348823547363,1.348137378692627,4,4OFY_QA85A
4OFY,SA87A,0.14215925335884094,0.6139124035835266,4,4OFY_SA87A
4OFY,EA88A,0.28220826387405396,1.125195860862732,4,4OFY_EA88A
4OFY,"QA34A,FA40A",4.140706539154053,1.9629460573196411,4,"4OFY_QA34A,FA40A"
4OFY,"QA34A,MA36A,FA40A,SA87A",4.46157693862915,2.262937068939209,4,"4OFY_QA34A,MA36A,FA40A,SA87A"
4OFY,QD34A,2.8705015182495117,1.289894461631775,4,4OFY_QD34A
4OFY,LD42A,2.567861795425415,2.0457205772399902,4,4OFY_LD42A
4OFY,QD86A,4.645328998565674,0.941060483455658,4,4OFY_QD86A
4OFY,RD96A,3.4212069511413574,0.8650851845741272,4,4OFY_RD96A
4P5T,KC40A,1.13858163356781,1.1222918033599854,4,4P5T_KC40A
4P5T,DC56A,0.6170114278793335,2.2828311920166016,4,4P5T_DC56A
4P5T,QC58A,0.0,0.8117449879646301,4,4P5T_QC58A
4P5T,LC61A,1.009981393814087,0.9790405631065369,4,4P5T_LC61A
4P5T,QC62A,0.0,1.3853248357772827,4,4P5T_QC62A
4P5T,NC63A,1.496372938156128,1.3327690362930298,4,4P5T_NC63A
4P5T,VC66A,0.8687343001365662,1.1467832326889038,4,4P5T_VC66A
4P5T,KC68A,0.9917506575584412,0.3404228687286377,4,4P5T_KC68A
4P5T,HC69A,1.009981393814087,0.5008504986763,4,4P5T_HC69A
4P5T,VC73A,0.0,-0.01915135234594345,4,4P5T_VC73A
4P5T,KC76A,0.3591063618659973,0.012444622814655304,4,4P5T_KC76A
4P5T,FD1A,0.0,-0.027716539800167084,4,4P5T_FD1A
4P5T,ED2A,1.0615314245224,0.8735727667808533,4,4P5T_ED2A
4P5T,QD4A,1.654841661453247,1.010780930519104,4,4P5T_QD4A
4P5T,KD5A,1.991546392440796,1.4963105916976929,4,4P5T_KD5A
4P5T,KD7A,1.5492380857467651,3.3803253173828125,4,4P5T_KD7A
4P5T,ND9A,0.0,-0.00030647963285446167,4,4P5T_ND9A
4P5T,KD10A,0.2402186095714569,-0.09765627235174179,4,4P5T_KD10A
4P5T,VD12A,0.09132687747478485,0.7188323736190796,4,4P5T_VD12A
4P5T,DD13A,0.0,0.3467634618282318,4,4P5T_DD13A
4P5T,ED67A,0.2402186095714569,0.19191592931747437,4,4P5T_ED67A
4P5T,YD68A,0.17043781280517578,0.17494967579841614,4,4P5T_YD68A
4P5T,SD71A,0.0,0.10161323100328445,4,4P5T_SD71A
4P5T,QD72A,0.0,0.90000319480896,4,4P5T_QD72A
4P5T,PD73A,0.0,-0.002239517867565155,4,4P5T_PD73A
4P5T,ED74A,0.6170114278793335,-0.4824669063091278,4,4P5T_ED74A
4P5T,ID75A,0.09132687747478485,0.2756698727607727,4,4P5T_ID75A
4P5T,ED77A,1.009981393814087,0.4463048577308655,4,4P5T_ED77A
4P5T,RD78A,2.0744974613189697,2.736290454864502,4,4P5T_RD78A
4P5T,RD80A,0.0,0.1568373143672943,4,4P5T_RD80A
4P5T,DD84A,0.0,0.13759222626686096,4,4P5T_DD84A
4P5T,TD85A,0.8213128447532654,0.7350417375564575,4,4P5T_TD85A
4P5T,RD88A,0.0,0.16910934448242188,4,4P5T_RD88A
4P5T,HD89A,0.7960982918739319,0.4779314398765564,4,4P5T_HD89A
4P5T,ED92A,0.0,0.0473204031586647,4,4P5T_ED92A
4PWX,FA194A,1.729231834411621,1.4979861974716187,4,4PWX_FA194A
4PWX,YA198A,1.729231834411621,0.7300624251365662,4,4PWX_YA198A
4PWX,EA201K,1.729231834411621,0.13795199990272522,4,4PWX_EA201K
4PWX,QA205A,1.0139576196670532,-0.3921070992946625,4,4PWX_QA205A
4PWX,EA206A,1.0391721725463867,0.044202663004398346,4,4PWX_EA206A
4PWX,EA246K,1.729231834411621,-0.2702513039112091,4,4PWX_EA246K
4PWX,DA250A,1.1433788537979126,0.1646076738834381,4,4PWX_DA250A
4PWX,RB269A,1.729231834411621,0.5952613353729248,4,4PWX_RB269A
4PWX,KB65A,0.20247004926204681,0.38297411799430847,4,4PWX_KB65A
4PWX,KB65D,0.1188877522945404,0.3667770326137543,4,4PWX_KB65D
4PWX,KB68A,0.4478629529476166,0.2854601740837097,4,4PWX_KB68A
4PWX,KB68D,0.2617647051811218,0.04059690982103348,4,4PWX_KB68D
4PWX,RB71A,0.3591063618659973,0.5947942137718201,4,4PWX_RB71A
4PWX,KC1A,0.46811968088150024,0.3455888032913208,4,4PWX_KC1A
4PWX,KC9A,-0.274082213640213,0.5863007307052612,4,4PWX_KC9A
4PWX,YC15A,0.7546097040176392,0.9668545126914978,4,4PWX_YC15A
4PWX,YC16A,1.1449693441390991,1.1963380575180054,4,4PWX_YC16A
4PWX,EC17A,-0.6847386360168457,0.4490185081958771,4,4PWX_EC17A
4PWX,HC19A,-0.3482353687286377,0.8457323312759399,4,4PWX_HC19A
4PWX,QC20A,-0.17779755592346191,1.0751259326934814,4,4PWX_QC20A
4PWX,RC23A,1.729231834411621,0.5021930932998657,4,4PWX_RC23A
4PWX,RC28A,1.729231834411621,0.023511655628681183,4,4PWX_RC28A
4PWX,RC31A,0.33467188477516174,0.16289320588111877,4,4PWX_RC31A
4PWX,DC60K,0.37095579504966736,0.2559114694595337,4,4PWX_DC60K
4PWX,EC67K,1.1038674116134644,0.45813000202178955,4,4PWX_EC67K
4U6H,NE21A,-0.3482353687286377,1.309708833694458,4,4U6H_NE21A
4U6H,QE25A,0.1188877522945404,0.5559655427932739,4,4U6H_QE25A
4YH7,RA48A,1.733952522277832,1.3178956508636475,4,4YH7_RA48A
4YH7,RA169A,1.438324213027954,1.648380160331726,4,4YH7_RA169A
4YH7,YA246A,1.0345971584320068,0.41147011518478394,4,4YH7_YA246A
4YH7,"EA207G,LA208S,RA209S,EA210G",-0.040874965488910675,0.13041183352470398,4,"4YH7_EA207G,LA208S,RA209S,EA210G"
4YH7,"EA207Q,RA209E,EA210Q",0.038235973566770554,0.37578055262565613,4,"4YH7_EA207Q,RA209E,EA210Q"
4YH7,DB7A,1.6426256895065308,0.6558029651641846,4,4YH7_DB7A
4YH7,"MB45A,YB47A,PB58A,FB61A",1.733952522277832,2.7208852767944336,4,"4YH7_MB45A,YB47A,PB58A,FB61A"
4YH7,DB258A,1.5910756587982178,0.3212980329990387,4,4YH7_DB258A
5C6T,YA182A,3.2097911834716797,3.75173020362854,4,5C6T_YA182A
5C6T,NA183A,0.2841240167617798,0.09820929914712906,4,5C6T_NA183A
5C6T,TA185A,0.3380204439163208,0.676200270652771,4,5C6T_TA185A
5C6T,NA186A,0.3632349669933319,0.7308083772659302,4,5C6T_NA186A
5C6T,NA188A,-0.3667510151863098,2.0134239196777344,4,5C6T_NA188A
5C6T,FA192A,1.9980957508087158,2.4270710945129395,4,5C6T_FA192A
5C6T,EA194A,1.0911601781845093,0.7600722312927246,4,5C6T_EA194A
5C6T,"NA195A,DA197A",0.5867636799812317,1.729149580001831,4,"5C6T_NA195A,DA197A"
5C6T,"YA182A,NA195A,DA197A",2.943742513656616,4.819197177886963,4,"5C6T_YA182A,NA195A,DA197A"
5C6T,FA199A,2.7594141960144043,0.5155739784240723,4,5C6T_FA199A
5C6T,FA200A,0.4106564223766327,0.8609496355056763,4,5C6T_FA200A
5C6T,IA201A,0.8860082030296326,1.201104760169983,4,5C6T_IA201A
5C6T,RH31S,0.31168490648269653,1.0138639211654663,4,5C6T_RH31S
5C6T,SH32A,-0.8687343001365662,-0.035379134118556976,4,5C6T_SH32A
5C6T,NH97A,1.5265793800354004,0.57070392370224,4,5C6T_NH97A
5C6T,YH98A,1.7174487113952637,2.353898525238037,4,5C6T_YH98A
5C6T,FH99A,1.4606835842132568,2.0578269958496094,4,5C6T_FH99A
5C6T,YH104A,0.3632349669933319,2.2925872802734375,4,5C6T_YH104A
5C6T,YL47A,0.551903486251831,2.1683027744293213,4,5C6T_YL47A
5C6T,RL48A,0.123016357421875,2.286200523376465,4,5C6T_RL48A
5CXB,EB49D,0.3650606870651245,-0.9294719696044922,4,5CXB_EB49D
5CXB,TB52Q,0.0624210461974144,-0.9082972407341003,4,5CXB_TB52Q
5CXB,RB54A,0.5644043684005737,1.8442238569259644,4,5CXB_RB54A
5CXB,RB54E,2.6803719997406006,1.4574626684188843,4,5CXB_RB54E
5CXB,VB56W,0.5644043684005737,0.14549869298934937,4,5CXB_VB56W
3NVN,RA193E,2.4865458011627197,-0.8305546641349792,4,3NVN_RA193E
3NVN,RB186S,1.2686275243759155,0.15577954053878784,4,3NVN_RB186S
1JTG,FB36A,3.831104278564453,1.0139771699905396,4,1JTG_FB36A
1JTG,FB36A,3.590885639190674,0.9234563112258911,4,1JTG_FB36A
1JTG,FB36A,3.0436551570892334,0.9234563112258911,4,1JTG_FB36A
1JTG,HB41A,3.4651825428009033,0.43573713302612305,4,1JTG_HB41A
1JTG,HB41A,3.650061845779419,0.4452880322933197,4,1JTG_HB41A
1JTG,HB41A,4.162887096405029,0.5695844292640686,4,1JTG_HB41A
1JTG,DB49A,3.239405393600464,2.6852023601531982,4,1JTG_DB49A
1JTG,DB49A,3.0652012825012207,2.7005300521850586,4,1JTG_DB49A
1JTG,DB49A,2.9027695655822754,2.7005300521850586,4,1JTG_DB49A
1JTG,YB53A,3.2093722820281982,1.8610113859176636,4,1JTG_YB53A
1JTG,YB53A,3.831104278564453,1.896401286125183,4,1JTG_YB53A
1JTG,YB53A,3.400191068649292,1.9152942895889282,4,1JTG_YB53A
1JTG,KB74A,3.974159002304077,0.468677818775177,4,1JTG_KB74A
1JTG,KB74A,4.092513084411621,0.4971643090248108,4,1JTG_KB74A
1JTG,KB74A,3.752230405807495,0.3993988335132599,4,1JTG_KB74A
1JTG,WB112A,3.420447826385498,0.7773495316505432,4,1JTG_WB112A
1JTG,WB112A,3.2093722820281982,0.8492908477783203,4,1JTG_WB112A
1JTG,WB112A,2.92996883392334,0.8729613423347473,4,1JTG_WB112A
1JTG,FB142A,3.239405393600464,2.641415596008301,4,1JTG_FB142A
1JTG,FB142A,3.4651825428009033,2.743539810180664,4,1JTG_FB142A
1JTG,FB142A,3.239405393600464,2.7130417823791504,4,1JTG_FB142A
1JTG,HB148A,2.450101137161255,1.019071102142334,4,1JTG_HB148A
1JTG,HB148A,3.620028495788574,1.019071102142334,4,1JTG_HB148A
1JTG,HB148A,3.8750691413879395,1.019071102142334,4,1JTG_HB148A
1JTG,WB150A,4.984199523925781,0.526448130607605,4,1JTG_WB150A
1JTG,WB150A,4.573543071746826,0.6796460747718811,4,1JTG_WB150A
1JTG,WB150A,4.984199523925781,0.526448130607605,4,1JTG_WB150A
1JTG,RB160A,3.590885639190674,0.9577972292900085,4,1JTG_RB160A
1JTG,RB160A,3.2549679279327393,0.8793217539787292,4,1JTG_RB160A
1JTG,RB160A,3.305419921875,0.9577973484992981,4,1JTG_RB160A
1JTG,SB39A,0.35178300738334656,0.36553001403808594,4,1JTG_SB39A
1JTG,GB48A,1.3023427724838257,1.0838648080825806,4,1JTG_GB48A
1JTG,GB48A,1.9412486553192139,0.7333426475524902,4,1JTG_GB48A
1JTG,YB50A,-2.077467203140259,3.040457248687744,4,1JTG_YB50A
1JTG,YB50A,-2.1198689937591553,3.039447546005249,4,1JTG_YB50A
1JTG,YB51A,1.142086148262024,0.8290622234344482,4,1JTG_YB51A
1JTG,YB51A,1.06242036819458,0.7401398420333862,4,1JTG_YB51A
1JTG,YB51A,1.0388641357421875,0.8430772423744202,4,1JTG_YB51A
1JTG,SB71A,0.5910182595252991,0.9711981415748596,4,1JTG_SB71A
1JTG,EB73A,0.9857154488563538,0.44504398107528687,4,1JTG_EB73A
1JTG,SB113A,-0.4991435110569,0.045007891952991486,4,1JTG_SB113A
1JTG,GB141A,1.8707118034362793,0.257727712392807,4,1JTG_GB141A
1JTG,YB143A,0.8916863799095154,1.4092293977737427,4,1JTG_YB143A
1JTG,YB143A,1.5581531524658203,1.416969656944275,4,1JTG_YB143A
1JTG,RB144A,1.1825987100601196,0.1277962028980255,4,1JTG_RB144A
1LFD,IA5A,1.0004743337631226,1.0834943056106567,4,1LFD_IA5A
1LFD,RA7A,2.201554298400879,1.7069672346115112,4,1LFD_RA7A
1LFD,NA14A,1.0004743337631226,0.413662850856781,4,1LFD_NA14A
1LFD,NA16A,0.30178165435791016,0.5045177936553955,4,1LFD_NA16A
1LFD,YA18F,1.0004743337631226,0.9295971393585205,4,1LFD_YA18F
1LFD,KA19A,1.7991840839385986,1.907251000404358,4,1LFD_KA19A
1LFD,SA20A,0.8008137345314026,0.3670302629470825,4,1LFD_SA20A
1LFD,KA35A,0.30178165435791016,0.07212645560503006,4,1LFD_KA35A
1LFD,DA38A,-0.2992199957370758,0.6334425210952759,4,1LFD_DA38A
1LFD,KA39A,2.401493787765503,1.5871528387069702,4,1LFD_KA39A
1LFD,HA40A,1.0004743337631226,0.4209907650947571,4,1LFD_HA40A
1LFD,EA44A,-0.09967343509197235,0.06666345149278641,4,1LFD_EA44A
1LFD,QB25A,0.9006381034851074,0.20246702432632446,4,1LFD_QB25A
1LFD,DB33A,1.1007846593856812,0.9577626585960388,4,1LFD_DB33A
1LFD,SB39A,-0.5999683737754822,0.6871893405914307,4,1LFD_SB39A
1LFD,YB40F,2.3011672496795654,1.3466544151306152,4,1LFD_YB40F
1LFD,RB41A,0.9006381034851074,1.1934925317764282,4,1LFD_RB41A
1LFD,IA5A,1.8241292238235474,0.6439920663833618,4,1LFD_IA5A
1LFD,RA7A,2.304816722869873,1.690271258354187,4,1LFD_RA7A
1LFD,NA14A,0.8626772165298462,0.413662850856781,4,1LFD_NA14A
1LFD,NA16A,0.6701434850692749,0.5161198377609253,4,1LFD_NA16A
1LFD,YA18F,1.6315052509307861,0.9332430362701416,4,1LFD_YA18F
1LFD,YA18A,3.4585320949554443,1.9411073923110962,4,1LFD_YA18A
1LFD,KA19A,3.074397563934326,1.907251000404358,4,1LFD_KA19A
1LFD,SA20A,1.0549668073654175,0.36729520559310913,4,1LFD_SA20A
1LFD,KA35A,0.574323296546936,0.07212645560503006,4,1LFD_KA35A
1LFD,DA38A,-0.2905236482620239,0.40469199419021606,4,1LFD_DA38A
1LFD,KA39A,3.074397563934326,1.6059644222259521,4,1LFD_KA39A
1LFD,HA40A,1.919624924659729,0.4209907650947571,4,1LFD_HA40A
1LFD,EA44A,0.19088996946811676,0.06333891302347183,4,1LFD_EA44A
1LFD,VB29A,0.4777107834815979,0.5741729140281677,4,1LFD_VB29A
1LFD,EB37A,1.1507562398910522,0.7164342999458313,4,1LFD_EB37A
1LFD,DB38A,3.746721029281616,2.350609540939331,4,1LFD_DB38A
1LFD,SB39A,-0.8671044707298279,0.7199899554252625,4,1LFD_SB39A
1LFD,YB40F,1.919624924659729,1.3466544151306152,4,1LFD_YB40F
1LFD,YB40A,3.5545313358306885,3.5197548866271973,4,1LFD_YB40A
1LFD,RB41A,0.7661910653114319,1.0560331344604492,4,1LFD_RB41A
1LFD,EB62A,0.19088996946811676,0.01664835959672928,4,1LFD_EB62A
1LFD,EB63A,0.28575387597084045,0.34392619132995605,4,1LFD_EB63A
4G0N,RB6A,1.6457569599151611,1.7691354751586914,4,4G0N_RB6A
4G0N,NB11A,0.09720733761787415,0.5318484902381897,4,4G0N_NB11A
4G0N,QB13A,1.6457569599151611,1.6223094463348389,4,4G0N_QB13A
4G0N,RB14A,1.9372704029083252,1.4222475290298462,4,4G0N_RB14A
4G0N,TB15A,1.4525357484817505,1.2353721857070923,4,4G0N_TB15A
4G0N,VB16A,0.9681078195571899,1.1410044431686401,4,4G0N_VB16A
4G0N,KB31A,2.1297554969787598,1.0097978115081787,4,4G0N_KB31A
4G0N,VB35A,0.09720733761787415,2.15114426612854,4,4G0N_VB35A
4G0N,IA21A,0.871229350566864,0.986814558506012,4,4G0N_IA21A
4G0N,HA27A,-0.2906951308250427,0.5933225750923157,4,4G0N_HA27A
4G0N,EA31A,0.4855044186115265,1.0597683191299438,4,4G0N_EA31A
4G0N,DA33A,1.0649688243865967,1.0394600629806519,4,4G0N_DA33A
4G0N,IA36A,1.7429593801498413,1.117832064628601,4,4G0N_IA36A
4G0N,EA37A,1.7429593801498413,0.46029043197631836,4,4G0N_EA37A
4G0N,DA38A,3.193985939025879,2.134383201599121,4,4G0N_DA38A
4G0N,SA39A,0.29070067405700684,0.8446274995803833,4,4G0N_SA39A
4G0N,RA41A,-0.5806019902229309,1.51250422000885,4,4G0N_RA41A
4G0N,VA45A,-0.2906951308250427,-0.06407349556684494,4,4G0N_VA45A
1GUA,RB4A,1.0008436441421509,1.8840380907058716,4,1GUA_RB4A
1GUA,NB9A,-0.3999384045600891,0.6798245310783386,4,1GUA_NB9A
1GUA,KB10A,-0.3999384045600891,1.3700965642929077,4,1GUA_KB10A
1GUA,QB11A,0.10035651177167892,1.6974695920944214,4,1GUA_QB11A
1GUA,TB13A,0.7011552453041077,1.3006913661956787,4,1GUA_TB13A
1GUA,VB14A,0.10035651177167892,1.2646886110305786,4,1GUA_VB14A
1GUA,KB29A,1.9992140531539917,1.6286115646362305,4,1GUA_KB29A
1GUA,KB32A,0.7992769479751587,0.6400672793388367,4,1GUA_KB32A
1GUA,VB33A,0.20002995431423187,2.2107090950012207,4,1GUA_VB33A
1GUA,EA37A,1.3008146286010742,0.5882817506790161,4,1GUA_EA37A
1GUA,SA39A,1.4003002643585205,0.7518200278282166,4,1GUA_SA39A
1LFD,"NA16A,QB25A",0.30178165435791016,0.7256299257278442,4,"1LFD_NA16A,QB25A"
1LFD,"KA19A,QB25A",2.5012662410736084,1.4799550771713257,4,"1LFD_KA19A,QB25A"
1LFD,"DA38A,DB33A",0.2003227025270462,1.1035680770874023,4,"1LFD_DA38A,DB33A"
1LFD,"HA40A,DB33A",2.201554298400879,1.2130013704299927,4,"1LFD_HA40A,DB33A"
1LFD,"NA16A,SB39A",0.0,0.9374523162841797,4,"1LFD_NA16A,SB39A"
1LFD,"YA18F,SB39A",0.8008137345314026,1.3315657377243042,4,"1LFD_YA18F,SB39A"
1LFD,"KA35A,SB39A",-0.09967343509197235,0.6200552582740784,4,"1LFD_KA35A,SB39A"
1LFD,"HA40A,SB39A",0.5011252760887146,0.6852332353591919,4,"1LFD_HA40A,SB39A"
1LFD,"NA16A,YB40F",2.3011672496795654,2.093647003173828,4,"1LFD_NA16A,YB40F"
1LFD,"YA18F,YB40F",2.601687431335449,1.5843902826309204,4,"1LFD_YA18F,YB40F"
1LFD,"SA20A,YB40F",1.7991840839385986,1.8459607362747192,4,"1LFD_SA20A,YB40F"
1LFD,"NA14A,RB41A",1.6006627082824707,1.211268424987793,4,"1LFD_NA14A,RB41A"
1LFD,"NA16A,RB41A",1.4007436037063599,1.303881049156189,4,"1LFD_NA16A,RB41A"
1LFD,"YA18F,RB41A",1.7991840839385986,1.5007524490356445,4,"1LFD_YA18F,RB41A"
1LFD,"HA40A,VB29A",1.919624924659729,0.7543929815292358,4,"1LFD_HA40A,VB29A"
1LFD,"RA7A,EB37A",2.0166759490966797,2.218050241470337,4,"1LFD_RA7A,EB37A"
1LFD,"NA14A,EB37A",1.919624924659729,0.8779969811439514,4,"1LFD_NA14A,EB37A"
1LFD,"YA18F,EB37A",1.2470759153366089,1.5243648290634155,4,"1LFD_YA18F,EB37A"
1LFD,"YA18A,EB37A",3.4585320949554443,2.1769051551818848,4,"1LFD_YA18A,EB37A"
1LFD,"SA20A,EB37A",2.208296537399292,0.6222027540206909,4,"1LFD_SA20A,EB37A"
1LFD,"YA18A,DB38A",4.708082675933838,2.9059438705444336,4,"1LFD_YA18A,DB38A"
1LFD,"SA20A,DB38A",3.169999122619629,2.1154794692993164,4,"1LFD_SA20A,DB38A"
1LFD,"KA39A,DB38A",5.862424373626709,2.8135476112365723,4,"1LFD_KA39A,DB38A"
1LFD,"YA18A,SB39A",3.938493251800537,1.7638118267059326,4,"1LFD_YA18A,SB39A"
1LFD,"NA14A,RB41A",1.4377479553222656,1.1038187742233276,4,"1LFD_NA14A,RB41A"
1LFD,"NA16A,RB41A",0.7661910653114319,1.2960580587387085,4,"1LFD_NA16A,RB41A"
1LFD,"KA35A,EB63A",0.28575387597084045,0.3868456482887268,4,"1LFD_KA35A,EB63A"
4G0N,"TB15A,IA21A",2.1297554969787598,2.051443576812744,4,"4G0N_TB15A,IA21A"
4G0N,"VB16A,IA21A",1.5513603687286377,1.9131568670272827,4,"4G0N_VB16A,IA21A"
4G0N,"VB35A,IA21A",0.29070067405700684,1.9412771463394165,4,"4G0N_VB35A,IA21A"
4G0N,"VB35A,HA27A",0.19255085289478302,1.5347977876663208,4,"4G0N_VB35A,HA27A"
4G0N,"RB6A,EA31A",2.1297554969787598,2.6393086910247803,4,"4G0N_RB6A,EA31A"
4G0N,"TB15A,EA31A",1.5513603687286377,1.4096494913101196,4,"4G0N_TB15A,EA31A"
4G0N,"KB31A,EA31A",2.0329933166503906,1.6485167741775513,4,"4G0N_KB31A,EA31A"
4G0N,"RB6A,DA33A",2.5166070461273193,1.9321467876434326,4,"4G0N_RB6A,DA33A"
4G0N,"KB31A,DA33A",2.6137888431549072,1.1990305185317993,4,"4G0N_KB31A,DA33A"
4G0N,"RB6A,IA36A",4.257757186889648,2.05649471282959,4,"4G0N_RB6A,IA36A"
4G0N,"TB15A,IA36A",3.000670909881592,1.8472024202346802,4,"4G0N_TB15A,IA36A"
4G0N,"VB16A,IA36A",2.6137888431549072,1.5520135164260864,4,"4G0N_VB16A,IA36A"
4G0N,"RB6A,EA37A",2.323566198348999,1.6259009838104248,4,"4G0N_RB6A,EA37A"
4G0N,"TB15A,EA37A",2.8070836067199707,1.1296615600585938,4,"4G0N_TB15A,EA37A"
4G0N,"VB16A,EA37A",2.7103421688079834,0.9609459042549133,4,"4G0N_VB16A,EA37A"
4G0N,"KB31A,EA37A",3.38753080368042,1.4305038452148438,4,"4G0N_KB31A,EA37A"
4G0N,"RB6A,DA38A",4.4514851570129395,2.5347089767456055,4,"4G0N_RB6A,DA38A"
4G0N,"TB15A,DA38A",3.000670909881592,2.079540491104126,4,"4G0N_TB15A,DA38A"
4G0N,"QB13A,SA39A",2.0329933166503906,1.534497618675232,4,"4G0N_QB13A,SA39A"
4G0N,"RB14A,SA39A",2.226851224899292,1.5469846725463867,4,"4G0N_RB14A,SA39A"
4G0N,"TB15A,SA39A",1.9372704029083252,1.3144360780715942,4,"4G0N_TB15A,SA39A"
4G0N,"NB11A,RA41A",-0.5806019902229309,1.6509979963302612,4,"4G0N_NB11A,RA41A"
4G0N,"QB13A,RA41A",1.2585135698318481,1.6445614099502563,4,"4G0N_QB13A,RA41A"
4G0N,"NB11A,VA45A",0.0,0.33968135714530945,4,"4G0N_NB11A,VA45A"
4G0N,"QB13A,VA45A",1.5513603687286377,1.3273972272872925,4,"4G0N_QB13A,VA45A"
4G0N,"RB14A,VA45A",1.7429593801498413,1.196467638015747,4,"4G0N_RB14A,VA45A"
4G0N,"TB15A,VA45A",1.0649688243865967,1.1523845195770264,4,"4G0N_TB15A,VA45A"
1GUA,"RB4A,EA37A",1.3008146286010742,2.1148436069488525,4,"1GUA_RB4A,EA37A"
1GUA,"VB14A,EA37A",1.7006744146347046,1.2025372982025146,4,"1GUA_VB14A,EA37A"
4G0N,FB8W,0.6034535765647888,-0.053354404866695404,4,4G0N_FB8W
4G0N,VB35I,0.551903486251831,0.2569845914840698,4,4G0N_VB35I
4G0N,NB18R,-0.6982964873313904,-0.28983035683631897,4,4G0N_NB18R
4G0N,"FB8W,NB18R",-0.2876400649547577,-0.159164696931839,4,"4G0N_FB8W,NB18R"
4G0N,"FB8W,NB18R,VB35I",0.3632349669933319,0.47406935691833496,4,"4G0N_FB8W,NB18R,VB35I"
4G0N,"FB8W,RB14L,NB18R,VB35I",0.6034535765647888,0.5531627535820007,4,"4G0N_FB8W,RB14L,NB18R,VB35I"
4G0N,"FB8W,VB16E,NB18R,VB35I",1.8187329769134521,2.4478015899658203,4,"4G0N_FB8W,VB16E,NB18R,VB35I"
4G0N,"FB8W,RB14L,VB16E,NB18R,KB31R,VB35I",3.604046583175659,3.195216655731201,4,"4G0N_FB8W,RB14L,VB16E,NB18R,KB31R,VB35I"
4G0N,AB32K,-1.1089528799057007,-1.9288312196731567,4,4G0N_AB32K
4G0N,"NB18R,AB32K",-1.2793906927108765,-2.3453540802001953,4,"4G0N_NB18R,AB32K"
4G0N,TA35A,2.62937068939209,1.3762696981430054,4,4G0N_TA35A
4G0N,"TA35A,NB18R",2.0998265743255615,1.0380821228027344,4,"4G0N_TA35A,NB18R"
4G0N,"TA35A,AB32K",2.57879900932312,-0.4835735857486725,4,"4G0N_TA35A,AB32K"
4G0N,"TA35A,NB18R,AB32K",1.9676246643066406,-0.44250982999801636,4,"4G0N_TA35A,NB18R,AB32K"
4G0N,"YA32C,CA116S",0.7356554269790649,0.2865600883960724,4,"4G0N_YA32C,CA116S"
4G0N,"YA32C,CA116S,NB18R",-0.3667510151863098,0.1405782699584961,4,"4G0N_YA32C,CA116S,NB18R"
4G0N,"YA32C,CA116S,AB32K",-0.641829788684845,-1.2073088884353638,4,"4G0N_YA32C,CA116S,AB32K"
4G0N,"YA32C,CA116S,NB18R,AB32K",-1.7309221029281616,-1.241438627243042,4,"4G0N_YA32C,CA116S,NB18R,AB32K"
1GUA,DA30E,0.2402186095714569,0.40342873334884644,4,1GUA_DA30E
1GUA,"DA30E,EA31K",2.0150461196899414,2.114396095275879,4,"1GUA_DA30E,EA31K"
4G0N,KB12M,1.3225784301757812,0.9655490517616272,4,4G0N_KB12M
4G0N,NB11A,1.5063303709030151,0.5419262051582336,4,4G0N_NB11A
4G0N,NB11D,1.8089699745178223,0.4243253171443939,4,4G0N_NB11D
4G0N,VB16A,1.8089699745178223,1.318795919418335,4,4G0N_VB16A
4G0N,KB12A,1.83220636844635,1.3959180116653442,4,4G0N_KB12A
4G0N,KB12E,1.9169868230819702,1.200720191001892,4,4G0N_KB12E
4G0N,TB15A,2.15720534324646,1.3455482721328735,4,4G0N_TB15A
4G0N,RB14A,2.3276431560516357,1.4913358688354492,4,4G0N_RB14A
4G0N,RB6A,2.738299608230591,1.8940104246139526,4,4G0N_RB6A
4G0N,QB13A,2.7857210636138916,1.484998345375061,4,4G0N_QB13A
4G0N,"RB6A,NB11D",3.4212069511413574,2.355098247528076,4,"4G0N_RB6A,NB11D"
4G0N,KB31A,3.5837974548339844,1.1960701942443848,4,4G0N_KB31A
4G0N,KB31E,5.0657782554626465,2.1213607788085938,4,4G0N_KB31E
4G0N,"KB31A,RB36G",5.3586249351501465,2.368649482727051,4,"4G0N_KB31A,RB36G"
4G0N,RB36L,5.3586249351501465,1.7091490030288696,4,4G0N_RB36L
4G0N,EA31A,1.388119101524353,1.0597681999206543,4,4G0N_EA31A
4G0N,DA33A,0.6891109943389893,0.9479345083236694,4,4G0N_DA33A
4G0N,RA41A,-0.10772061347961426,1.4645017385482788,4,4G0N_RA41A
4G0N,RB6A,2.039231300354004,1.8940104246139526,4,4G0N_RB6A
4G0N,NB11A,0.4360252022743225,0.5318484902381897,4,4G0N_NB11A
4G0N,RB14A,1.496372938156128,1.4913358688354492,4,4G0N_RB14A
4G0N,VB16A,0.6891109943389893,1.1068329811096191,4,4G0N_VB16A
4G0N,KB31A,2.039231300354004,1.1549224853515625,4,4G0N_KB31A
4G0N,VB35A,-0.10772061347961426,1.8102505207061768,4,4G0N_VB35A
4G0N,TA35S,2.2143898010253906,-0.08241298049688339,4,4G0N_TA35S
4G0N,TA35A,2.94437575340271,1.3762696981430054,4,4G0N_TA35A
4G0N,DA38A,2.5355451107025146,2.1155080795288086,4,4G0N_DA38A
1LFD,DB38A,2.728342294692993,2.350609540939331,4,1LFD_DB38A
1LFD,YB32W,-0.21131277084350586,-0.02077215164899826,4,1LFD_YB32W
3SE8,RH30A,-0.03886324167251587,0.30775609612464905,4,3SE8_RH30A
3SE8,WH47A,1.4514539241790771,1.3625842332839966,4,3SE8_WH47A
3SE8,WH50A,1.3121079206466675,3.351273536682129,4,3SE8_WH50A
3SE8,KH52A,1.0935636758804321,1.2744510173797607,4,3SE8_KH52A
3SE8,LH54A,0.05389640852808952,-0.09092547744512558,4,3SE8_LH54A
3SE8,WH55A,0.7488812804222107,2.9046525955200195,4,3SE8_WH55A
3SE8,GH56A,0.35136178135871887,-0.9724389910697937,4,3SE8_GH56A
3SE8,VH58A,1.2296135425567627,1.0313318967819214,4,3SE8_VH58A
3SE8,SH59A,1.1323561668395996,0.659844160079956,4,3SE8_SH59A
3SE8,YH60A,0.8421027660369873,0.981203019618988,4,3SE8_YH60A
3SE8,RH62A,1.1867965459823608,1.0140830278396606,4,3SE8_RH62A
3SE8,QH63A,1.0965259075164795,0.015595145523548126,4,3SE8_QH63A
3SE8,QH65A,0.540974497795105,0.3845796585083008,4,3SE8_QH65A
3SE8,RH72A,2.6019887924194336,2.550652265548706,4,3SE8_RH72A
3SE8,QH76A,0.09534351527690887,0.11032219976186752,4,3SE8_QH76A
3SE8,PH78A,0.018515631556510925,0.324799120426178,4,3SE8_PH78A
3SE8,PH81A,-0.06978078931570053,0.4353199601173401,4,3SE8_PH81A
3SE8,DH110A,-0.38309553265571594,0.7174797654151917,4,3SE8_DH110A
3SE8,YH111A,0.8165920972824097,1.9810861349105835,4,3SE8_YH111A
3SE8,DH114A,-0.2402186095714569,2.1039390563964844,4,3SE8_DH114A
3SE8,FH115A,1.050457239151001,3.0670533180236816,4,3SE8_FH115A
3SE8,EL1A,-0.5475789904594421,0.7826687097549438,4,3SE8_EL1A
3SE8,QL27A,-0.21265773475170135,0.029276706278324127,4,3SE8_QL27A
3SE8,NL30A,0.1912277340888977,0.5340619683265686,4,3SE8_NL30A
3SE8,DL49A,0.8421027660369873,0.7255425453186035,4,3SE8_DL49A
3SE8,FL90A,-0.850218653678894,1.3569024801254272,4,3SE8_FL90A
3SE8,EL91A,1.489182472229004,0.1703612208366394,4,3SE8_EL91A
3SE8,FL92A,0.8189571499824524,0.5717160701751709,4,3SE8_FL92A
3EG5,HA104F,-2.0854196548461914,0.6689251661300659,4,3EG5_HA104F
3EG5,"TB73N,SB74N,HB75N",1.0535789728164673,-0.45819103717803955,4,"3EG5_TB73N,SB74N,HB75N"
3EG5,"TB73N,SB74N,HB75N,HA104F",-1.3274180889129639,0.7433498501777649,4,"3EG5_TB73N,SB74N,HB75N,HA104F"
5TAR,"TA183A,KA184E",2.730912446975708,0.6668796539306641,4,"5TAR_TA183A,KA184E"
5TAR,FB13A,0.23156951367855072,0.7269631028175354,4,5TAR_FB13A
5TAR,MB18A,-0.2150040864944458,0.3473525047302246,4,5TAR_MB18A
5TAR,WB30A,0.659399688243866,0.6663290858268738,4,5TAR_WB30A
5TAR,EB86A,1.1265227794647217,1.0690875053405762,4,5TAR_EB86A
5TAR,WB88A,0.3843208849430084,0.6262393593788147,4,5TAR_WB88A
5TAR,QB114A,0.15741637349128723,0.7544253468513489,4,5TAR_QB114A
5TAR,IB127A,-0.02633553557097912,0.899170458316803,4,5TAR_IB127A
5TAR,FB131A,0.24874325096607208,0.6723544001579285,4,5TAR_FB131A
1YQV,RY45K,2.001080274581909,-0.03685908764600754,4,1YQV_RY45K
1YQV,RY45K,2.002138137817383,0.02196446806192398,4,1YQV_RY45K
1YQV,RY45K,1.6343395709991455,-0.06623973697423935,4,1YQV_RY45K
1YQV,"RY68K,TY40S,IY55V,SY91T,QY121H",0.10615579783916473,0.4581350088119507,4,"1YQV_RY68K,TY40S,IY55V,SY91T,QY121H"
1YQV,"RY68K,TY40S,IY55V,SY91T,QY121H",0.0,0.7098588347434998,4,"1YQV_RY68K,TY40S,IY55V,SY91T,QY121H"
1YQV,"RY68K,TY40S,IY55V,SY91T,QY121H",0.0,0.4191274642944336,4,"1YQV_RY68K,TY40S,IY55V,SY91T,QY121H"
1YQV,"RY68K,TY40S,IY55V,SY91T",5.373005390167236,0.6502587199211121,4,"1YQV_RY68K,TY40S,IY55V,SY91T"
1YQV,"RY68K,TY40S,IY55V,SY91T",5.104349136352539,0.37875816226005554,4,"1YQV_RY68K,TY40S,IY55V,SY91T"
1YQV,"RY68K,TY40S,IY55V,SY91T",5.097285270690918,0.4408356845378876,4,"1YQV_RY68K,TY40S,IY55V,SY91T"
