key,ddG,ddG_pred,num_muts,complex
1A22_MA14A,0.0,1.117401123046875,1,1A22_A_B
1A22_HA18A,-0.48639154,0.1833162009716034,1,1A22_A_B
1A22_HA21A,0.15543823,0.7909024953842163,1,1A22_A_B
1A22_QA22A,-0.21983741,0.25992152094841003,1,1A22_A_B
1A22_FA25A,-0.44731462,1.156593918800354,1,1A22_A_B
1A22_DA26A,-0.21131277,-0.2724323868751526,1,1A22_A_B
1A22_QA29A,-0.5890467,-0.014869106002151966,1,1A22_A_B
1A22_YA42A,0.19934364,1.1122493743896484,1,1A22_A_B
1A22_LA45A,1.224517,0.4230709373950958,1,1A22_A_B
1A22_QA46A,0.10801677,0.47598692774772644,1,1A22_A_B
1A22_PA48A,0.41065642,-0.25150203704833984,1,1A22_A_B
1A22_SA51A,0.34823537,0.12531957030296326,1,1A22_A_B
1A22_EA56A,0.41065642,-0.08215951174497604,1,1A22_A_B
1A22_PA61A,1.2093251,0.43172207474708557,1,1A22_A_B
1A22_SA62A,0.15543823,0.3484647274017334,1,1A22_A_B
1A22_NA63A,0.31437176,1.2910557985305786,1,1A22_A_B
1A22_RA64A,1.6426257,1.7560861110687256,1,1A22_A_B
1A22_EA65A,-0.47307748,0.3176007568836212,1,1A22_A_B
1A22_QA68A,0.588454,-0.1541404277086258,1,1A22_A_B
1A22_YA153A,0.34823537,0.6749638319015503,1,1A22_A_B
1A22_RA156A,0.27845457,2.4181947708129883,1,1A22_A_B
1A22_KA157A,-0.15484607,1.7176023721694946,1,1A22_A_B
1A22_DA160A,0.790924,-0.5170680284500122,1,1A22_A_B
1A22_KA161A,2.0150461,2.4624476432800293,1,1A22_A_B
1A22_EA163A,-0.9246088,2.085881233215332,1,1A22_A_B
1A22_TA164A,1.9070294,0.1708850860595703,1,1A22_A_B
1A22_FA165A,0.41065642,1.9401888847351074,1,1A22_A_B
1A22_RA167A,2.4257026,1.1690040826797485,1,1A22_A_B
1A22_IA168A,0.8063133,1.380772352218628,1,1A22_A_B
1A22_RA172A,0.54285824,0.13420675694942474,1,1A22_A_B
1A22_EA175A,-0.011969134,0.13570505380630493,1,1A22_A_B
1A22_RB11A,2.1162474,1.1257109642028809,1,1A22_A_B
1A22_EB12A,1.6927218,0.4879407584667206,1,1A22_A_B
1A22_RB29A,0.6901991,1.584602952003479,1,1A22_A_B
1A22_RB30A,0.5358469,2.3093464374542236,1,1A22_A_B
1A22_TB32A,0.11091385,-0.1581651270389557,1,1A22_A_B
1A22_QB33A,0.0,0.027555881068110466,1,1A22_A_B
1A22_EB34A,-0.09423819,0.16619068384170532,1,1A22_A_B
1A22_WB35A,0.5143008,0.7486625909805298,1,1A22_A_B
1A22_WB39A,-0.017686447,0.5314431190490723,1,1A22_A_B
1A22_SB57A,-0.054726757,0.11883995682001114,1,1A22_A_B
1A22_SB61A,-0.18216991,0.29780930280685425,1,1A22_A_B
1A22_IB62A,1.6078645,-0.1358923614025116,1,1A22_A_B
1A22_WB63A,4.731656,1.0052251815795898,1,1A22_A_B
1A22_IB64A,1.9408929,0.8148863315582275,1,1A22_A_B
1A22_PB65A,3.305722,0.29927343130111694,1,1A22_A_B
1A22_EB79A,-0.18216991,0.3568214774131775,1,1A22_A_B
1A22_KB80A,0.081285074,0.5170207023620605,1,1A22_A_B
1A22_SB83A,0.2740822,-0.039077017456293106,1,1A22_A_B
1A22_DB85A,0.9939248,1.1779766082763672,1,1A22_A_B
1A22_EB86A,0.9706884,0.8404001593589783,1,1A22_A_B
1A22_DB119A,1.4865336,0.8453245162963867,1,1A22_A_B
1A22_IB120A,2.130757,0.5180655717849731,1,1A22_A_B
1A22_QB121A,0.017173724,-0.11791026592254639,1,1A22_A_B
1A22_KB122A,-0.017686447,0.46962466835975647,1,1A22_A_B
1A22_WB124A,4.731656,1.1286567449569702,1,1A22_A_B
1A22_VB126A,-0.6170114,0.24080148339271545,1,1A22_A_B
1A22_TB150A,-0.09423819,0.32388922572135925,1,1A22_A_B
1A22_QB171A,0.8910936,0.4519430100917816,1,1A22_A_B
1A22_RB172A,0.2740822,0.9869223833084106,1,1A22_A_B
1A22_NB173A,0.2956283,1.3925803899765015,1,1A22_A_B
1A22_SB174A,0.033863615,0.17552058398723602,1,1A22_A_B
1A22_EB10A,0.17908691,-0.1643218994140625,1,1A22_A_B
1A22_NB31A,0.2740822,0.18244299292564392,1,1A22_A_B
1A22_TB36A,0.20430143,-0.0007204534485936165,1,1A22_A_B
1A22_FB55S,0.05009619,2.778484344482422,1,1A22_A_B
1A22_TB60A,1.7616124,0.7162105441093445,1,1A22_A_B
1A22_TB149A,0.20430143,0.1932329386472702,1,1A22_A_B
1A22_KB170A,0.7853957,1.2316814661026,1,1A22_A_B
1A22_RB11L,0.52157027,-0.09527730196714401,1,1A22_A_B
1A22_RB11M,1.0003997,0.29047033190727234,1,1A22_A_B
"1A22_NB31A,TB32A,QB33A,EB34A",-0.1365742,0.05450608907267451,4,1A22_A_B
"1A22_NB31A,TB32A,QB33A,EB34A,WB35A,WB39A",0.16606545,0.24968828478207192,6,1A22_A_B
"1A22_SB57A,SB61A",-0.56959,0.20832478255033493,2,1A22_A_B
"1A22_EB79A,KB80A",-0.34476057,0.436920702457428,2,1A22_A_B
"1A22_QB121A,KB122A,VB126A",-0.87222964,0.1975048929452896,3,1A22_A_B
"1A22_RB172A,NB173A",0.9025979,1.1897518336772919,2,1A22_A_B
"1A22_QB171A,RB172A,NB173A",1.103567,0.9438156882921854,3,1A22_A_B
"1A22_SB57A,SB61A,EB79A,KB80A",-0.89546597,0.32262274250388145,4,1A22_A_B
"1A22_SB57A,SB61A,EB79A,KB80A,QB121A,KB122A,VB126A",-1.4000883,0.26900080697877066,7,1A22_A_B
1A22_FB55S,-0.13220184,2.778484344482422,1,1A22_A_B
"1A22_KB2A,KB5A",0.24021861,-0.021775261498987675,2,1A22_A_B
"1A22_RB29A,RB30A,EB34A",0.9535147,1.3533801138401031,3,1A22_A_B
"1A22_DB78A,EB79A,KB80A",0.20982979,0.7459781169891357,3,1A22_A_B
"1A22_DB107A,RB111A,EB113A",0.31437176,0.19839055836200714,3,1A22_A_B
"1A22_RB116A,DB119A,KB122A",-0.062421046,0.45398325721422833,3,1A22_A_B
"1A22_EB138A,KB140A,KB142A,DB145A",0.12023271,0.1539673856459558,4,1A22_A_B
"1A22_KB158A,DB160A,KB161A,EB162A,EB164A",1.1202381,0.3493409037590027,5,1A22_A_B
1A22_RB7A,0.26912445,0.6631329655647278,1,1A22_A_B
1A22_EB10A,1.2319692,-0.1643218994140625,1,1A22_A_B
1A22_RB11A,0.27845457,1.1257109642028809,1,1A22_A_B
1A22_EB12A,0.65087503,0.4879407584667206,1,1A22_A_B
1A22_RB29A,0.41801617,1.584602952003479,1,1A22_A_B
1A22_RB30A,0.59932494,2.3093464374542236,1,1A22_A_B
1A22_EB34A,-0.079110935,0.16619068384170532,1,1A22_A_B
1A22_EB38A,-0.079110935,0.07847408205270767,1,1A22_A_B
1A22_KB40A,0.14393395,0.10292790085077286,1,1A22_A_B
1A22_EB41A,0.7830769,0.32102394104003906,1,1A22_A_B
1A22_EB50A,0.17779756,0.40347975492477417,1,1A22_A_B
1A22_KB69A,0.04284652,0.28440067172050476,1,1A22_A_B
1A22_DB85A,0.9824205,1.1779766082763672,1,1A22_A_B
1A22_EB86A,0.41065642,0.8404001593589783,1,1A22_A_B
1A22_DB91A,1.0857165,-0.17786400020122528,1,1A22_A_B
1A22_EB128A,0.08280224,1.003550410270691,1,1A22_A_B
1A22_EB130A,-0.079110935,0.30276569724082947,1,1A22_A_B
1A22_KB134A,0.0,0.8828893899917603,1,1A22_A_B
1A22_EB135A,0.19934364,1.1266460418701172,1,1A22_A_B
1A22_KB158A,0.24021861,-0.07381311804056168,1,1A22_A_B
1A22_DB160A,-0.04618847,0.02816803939640522,1,1A22_A_B
1A22_KB161A,0.19934364,0.40761658549308777,1,1A22_A_B
1A22_EB162A,-0.079110935,0.23261350393295288,1,1A22_A_B
1A22_EB164A,-0.062421046,1.1521183252334595,1,1A22_A_B
1A22_RB166A,0.056466706,0.5193322896957397,1,1A22_A_B
1A22_RB168A,-0.19052285,2.6383183002471924,1,1A22_A_B
1A22_KB170A,0.49986362,1.2316814661026,1,1A22_A_B
1A22_RB172A,0.33154547,0.9869223833084106,1,1A22_A_B
1A22_EB179A,0.10801677,-0.0025259365793317556,1,1A22_A_B
1A22_WB35A,0.54285824,0.7486625909805298,1,1A22_A_B
1A22_WB39A,0.16672337,0.5314431190490723,1,1A22_A_B
1A22_WB63A,4.6353717,1.0052251815795898,1,1A22_A_B
1A22_WB63F,2.7848089,-0.019932441413402557,1,1A22_A_B
1A22_YB54A,0.19934364,1.099349856376648,1,1A22_A_B
1A22_PB9A,0.25964502,-0.052142515778541565,1,1A22_A_B
1A22_SB15A,-0.014999585,0.6500967144966125,1,1A22_A_B
1A22_TB19A,0.0697808,0.2819211781024933,1,1A22_A_B
1A22_NB31A,-0.44104522,0.18244299292564392,1,1A22_A_B
1A22_TB32A,-0.44104522,-0.1581651270389557,1,1A22_A_B
1A22_QB33A,-0.58109426,0.027555881068110466,1,1A22_A_B
1A22_TB36A,-0.2552182,-0.0007204534485936165,1,1A22_A_B
1A22_QB37A,-0.41065642,0.637761652469635,1,1A22_A_B
1A22_NB56A,-0.2552182,0.29900702834129333,1,1A22_A_B
1A22_SB57A,-0.3278542,0.11883995682001114,1,1A22_A_B
1A22_SB58A,-0.5069411,0.08810149878263474,1,1A22_A_B
1A22_FB59A,-0.014999585,0.6306605339050293,1,1A22_A_B
1A22_TB60A,1.0857165,0.7162105441093445,1,1A22_A_B
1A22_SB61A,0.46712312,0.29780930280685425,1,1A22_A_B
1A22_IB62A,0.43246692,-0.1358923614025116,1,1A22_A_B
1A22_IB64A,0.13220184,0.8148863315582275,1,1A22_A_B
1A22_PB65A,2.6268067,0.29927343130111694,1,1A22_A_B
1A22_VB84A,1.1421832,0.46201542019844055,1,1A22_A_B
1A22_IB87A,0.588454,0.5996048450469971,1,1A22_A_B
1A22_VB88A,-0.04618847,2.2298355102539062,1,1A22_A_B
1A22_QB89A,-0.030388813,0.4952376186847687,1,1A22_A_B
"1A22_FA25A,YA42A,QA46A",0.19052285,0.9149434665838877,3,1A22_A_B
1A22_FA25A,-0.43144634,1.156593918800354,1,1A22_A_B
"1A22_YA42A,QA46A",0.2733251,0.7941180020570755,2,1A22_A_B
"1A22_FA25A,YA42A,QA46A",0.2058186,0.9149434665838877,3,1A22_A_B
1A22_FA25A,-0.39270195,1.156593918800354,1,1A22_A_B
"1A22_YA42A,QA46A",0.30627435,0.7941180020570755,2,1A22_A_B
1A22_RB11A,2.1780317,1.1257109642028809,1,1A22_A_B
1A22_EB12A,1.7777824,0.4879407584667206,1,1A22_A_B
1A22_NB31A,0.17779756,0.18244299292564392,1,1A22_A_B
1A22_TB32A,0.07762796,-0.1581651270389557,1,1A22_A_B
1A22_QB33A,0.0,0.027555881068110466,1,1A22_A_B
1A22_EB34A,-0.12265188,0.16619068384170532,1,1A22_A_B
1A22_WB35A,0.57737976,0.7486625909805298,1,1A22_A_B
1A22_WB39A,0.0,0.5314431190490723,1,1A22_A_B
1A22_SB57A,-0.12265188,0.11883995682001114,1,1A22_A_B
1A22_SB61A,-0.2224189,0.29780930280685425,1,1A22_A_B
1A22_IB62A,1.7777824,-0.1358923614025116,1,1A22_A_B
1A22_IB64A,1.978388,0.8148863315582275,1,1A22_A_B
1A22_CB67A,0.0,1.6876602172851562,1,1A22_A_B
1A22_EB79A,-0.2224189,0.3568214774131775,1,1A22_A_B
1A22_KB80A,0.07762796,0.5170207023620605,1,1A22_A_B
1A22_CB81A,0.0,1.6631807088851929,1,1A22_A_B
1A22_SB83A,0.17779756,-0.039077017456293106,1,1A22_A_B
1A22_DB85A,0.9778893,1.1779766082763672,1,1A22_A_B
1A22_EB86A,0.9778893,0.8404001593589783,1,1A22_A_B
1A22_DB119A,1.576076,0.8453245162963867,1,1A22_A_B
1A22_IB120A,2.1780317,0.5180655717849731,1,1A22_A_B
1A22_QB121A,0.0,-0.11791026592254639,1,1A22_A_B
1A22_KB122A,0.0,0.46962466835975647,1,1A22_A_B
1A22_VB126A,-0.7232535,0.24080148339271545,1,1A22_A_B
1A22_TB149A,0.17779756,0.1932329386472702,1,1A22_A_B
1A22_TB150A,-0.12265188,0.32388922572135925,1,1A22_A_B
1A22_QB171A,0.87777954,0.4519430100917816,1,1A22_A_B
1A22_RB172A,0.17779756,0.9869223833084106,1,1A22_A_B
1A22_NB173A,0.27845457,1.3925803899765015,1,1A22_A_B
1A22_PA2A,-0.054726757,0.01001371257007122,1,1A22_A_B
1A22_TA3A,-0.054726757,0.20076946914196014,1,1A22_A_B
1A22_IA4A,0.41065642,0.2023049294948578,1,1A22_A_B
1A22_PA5A,0.43623385,0.43902456760406494,1,1A22_A_B
1A22_LA6A,0.63914293,1.4680424928665161,1,1A22_A_B
1A22_SA7A,0.3462961,0.1950961947441101,1,1A22_A_B
1A22_RA8A,0.20430143,0.05395108833909035,1,1A22_A_B
1A22_LA9A,-0.035917178,1.068582534790039,1,1A22_A_B
1A22_FA10A,1.0497993,1.2639901638031006,1,1A22_A_B
1A22_NA12A,0.096284665,-0.49280187487602234,1,1A22_A_B
1A22_MA14A,0.46870512,1.117401123046875,1,1A22_A_B
1A22_LA15A,0.15275137,0.11206790059804916,1,1A22_A_B
1A22_RA16A,0.24021861,0.09027089178562164,1,1A22_A_B
1A22_HA18A,-0.20635499,0.1833162009716034,1,1A22_A_B
1A22_RA19A,0.05009619,0.41046133637428284,1,1A22_A_B
1A22_FA54A,0.8793615,0.114922896027565,1,1A22_A_B
1A22_SA55A,0.11091385,0.4020201563835144,1,1A22_A_B
1A22_EA56A,0.83848655,-0.08215951174497604,1,1A22_A_B
1A22_SA57A,0.20430143,0.04529864713549614,1,1A22_A_B
1A22_IA58A,1.6597995,1.6631633043289185,1,1A22_A_B
1A22_PA59A,0.38392472,0.18104802072048187,1,1A22_A_B
1A22_SA62A,0.63914293,0.3484647274017334,1,1A22_A_B
1A22_NA63A,0.7062847,1.2910557985305786,1,1A22_A_B
1A22_RA64A,1.8012388,1.7560861110687256,1,1A22_A_B
1A22_EA65A,-0.31437176,0.3176007568836212,1,1A22_A_B
1A22_EA66A,0.43623385,-0.18284271657466888,1,1A22_A_B
1A22_QA68A,0.9873783,-0.1541404277086258,1,1A22_A_B
1A22_QA69A,-0.054726757,0.22444970905780792,1,1A22_A_B
1A22_KA70A,0.52157027,0.5551279187202454,1,1A22_A_B
1A22_SA71A,0.41065642,0.418145090341568,1,1A22_A_B
1A22_LA73A,-0.20635499,0.5033270120620728,1,1A22_A_B
1A22_RA156A,-0.15893354,2.4181947708129883,1,1A22_A_B
1A22_KA157A,0.05009619,1.7176023721694946,1,1A22_A_B
1A22_DA160A,1.1578162,-0.5170680284500122,1,1A22_A_B
1A22_KA161A,1.543258,2.4624476432800293,1,1A22_A_B
1A22_EA163A,-0.89546597,2.085881233215332,1,1A22_A_B
1A22_TA164S,1.690717,0.051069699227809906,1,1A22_A_B
1A22_FA165A,1.6382533,1.9401888847351074,1,1A22_A_B
1A22_RA167N,1.2699329,0.7888166904449463,1,1A22_A_B
1A22_IA168A,0.5897433,1.380772352218628,1,1A22_A_B
1A22_VA169A,0.0,-0.20664113759994507,1,1A22_A_B
1A22_QA170A,0.2740822,0.007924379780888557,1,1A22_A_B
1A22_CA171A,1.0194105,0.7477359771728516,1,1A22_A_B
1A22_RA172A,0.43623385,0.13420675694942474,1,1A22_A_B
1A22_SA173A,-0.054726757,-0.19215889275074005,1,1A22_A_B
1A22_VA174A,0.8793615,0.8977276086807251,1,1A22_A_B
1A22_EA175A,-0.1365742,0.13570505380630493,1,1A22_A_B
1A22_GA176A,0.3462961,-0.05466054379940033,1,1A22_A_B
1A22_SA177A,-0.20635499,-0.09534502029418945,1,1A22_A_B
1A22_FA180A,0.1918283,-0.0484587624669075,1,1A22_A_B
1A22_IA58L,0.31641823,0.32686740159988403,1,1A22_A_B
1A22_RA64K,-0.31437176,-0.28142404556274414,1,1A22_A_B
1A22_FA165Y,1.2699329,-0.48970040678977966,1,1A22_A_B
1A22_RA167K,0.9535147,0.6935524940490723,1,1A22_A_B
"1A22_NA12H,FA25L",0.83848655,0.7106653451919556,2,1A22_A_B
"1A22_DA11A,MA14V,HA18Q,RA19H,FA25A,QA29K,EA33R",0.7471597,0.32043317013553213,7,1A22_A_B
"1A22_NA12R,MA14V,LA15V,RA16L,RA19Y,FA25S,DA26E,QA29S,EA30Q,EA33K",1.3980347,0.2076615523546934,10,1A22_A_B
"1A22_NA12R,MA14V,LA15V,RA16L,RA19Y",1.6805893,0.19903048872947693,5,1A22_A_B
"1A22_QA22N,FA25S,DA26E,QA29S,EA30Q,EA33K",-0.09423819,0.20200634188950062,6,1A22_A_B
"1A22_QA46H,NA47D,PA48S,QA49E,LA52F",1.1820012,-0.07751018032431603,5,1A22_A_B
"1A22_PA48A,TA50A,SA51A,LA52F",0.6024847,-0.0764622911810875,4,1A22_A_B
"1A22_EA56D,RA64M",2.003314,0.2160644829273224,2,1A22_A_B
"1A22_SA57T,TA60A,SA62T,NA63G,RA64K,EA65D,TA67A,KA70R,NA72D,LA73V",1.6805893,-0.04600851312279701,10,1A22_A_B
"1A22_FA54H,SA55T,EA56S,IA58L,PA59A,SA62E,NA63D,RA64K,EA66Q,TA67A,KA70M,SA71N,NA72Q,LA73K,EA74D",2.4967728,0.11468104620774587,15,1A22_A_B
"1A22_EA88G,QA91Y,FA92H,RA94T,SA95E",0.1918283,0.06889589726924897,5,1A22_A_B
"1A22_FA97R,AA98G,NA99M,SA100Q,LA101D,VA102A,YA103P,GA104E",0.26300803,0.454702353104949,8,1A22_A_B
"1A22_NA109D,VA110D,DA112H",0.3462961,0.7819357933476567,3,1A22_A_B
"1A22_YA111V,LA113I,KA115E,DA116Q,EA118K,EA119R,QA122E,TA123G,GA126L,RA127I,EA129S",0.2517229,0.10150261053984816,11,1A22_A_B
"1A22_RA127D,LA128V,EA129H",0.31641823,0.49883174896240234,3,1A22_A_B
"1A22_RA156K,DA160H,IA168V,QA170K",1.9539144,-0.12179587781429291,4,1A22_A_B
"1A22_KA157A,EA163A",-0.76976275,1.9017410278320312,2,1A22_A_B
"1A22_RA64A,DA160A",3.3227506,0.6195087432861328,2,1A22_A_B
"1A22_KA161A,FA165A",3.7808285,2.2013189792633057,2,1A22_A_B
1A4Y_HB8A,0.9041151,0.43537360429763794,1,1A4Y_A_B
1A4Y_QB12A,0.3002651,1.113547444343567,1,1A4Y_A_B
1A4Y_NB68A,0.117809586,0.36072325706481934,1,1A4Y_A_B
1A4Y_EB108A,-0.3227247,0.4226788878440857,1,1A4Y_A_B
1A4Y_YA434A,3.262015,4.2091450691223145,1,1A4Y_A_B
1A4Y_DA435A,3.4855437,1.4562931060791016,1,1A4Y_A_B
1A4Y_YA437A,0.8363124,1.42564857006073,1,1A4Y_A_B
"1A4Y_QA430A,VA432A",0.072213866,0.589101105928421,2,1A4Y_A_B
"1A4Y_WA438A,SA439A,EA440A",1.7856985,0.630167988439401,3,1A4Y_A_B
1A4Y_RA457A,-0.22398603,0.8222739696502686,1,1A4Y_A_B
1A4Y_IA459A,0.67943245,0.2750634551048279,1,1A4Y_A_B
1A4Y_HB84A,0.17043781,0.16376933455467224,1,1A4Y_A_B
1A4Y_WB89A,0.24021861,-0.10586103051900864,1,1A4Y_A_B
1A4Y_WA261A,0.10065702,1.2204316854476929,1,1A4Y_A_B
1A4Y_WA263A,1.171374,1.6595319509506226,1,1A4Y_A_B
1A4Y_EA287A,0.10065702,1.3920600414276123,1,1A4Y_A_B
1A4Y_SA289A,0.042336006,0.6248332262039185,1,1A4Y_A_B
1A4Y_WA318A,1.5007453,1.6927027702331543,1,1A4Y_A_B
1A4Y_KA320A,-0.3099994,1.016711950302124,1,1A4Y_A_B
1A4Y_EA344A,0.1786097,1.892856478691101,1,1A4Y_A_B
1A4Y_WA375A,1.0353621,1.4583853483200073,1,1A4Y_A_B
1A4Y_EA401A,0.88373387,0.3645855188369751,1,1A4Y_A_B
1A4Y_RB5A,2.309282,0.5045067667961121,1,1A4Y_A_B
1A4Y_RB32A,0.9102508,0.760228157043457,1,1A4Y_A_B
1A4Y_RB66A,0.20290907,0.011087877675890923,1,1A4Y_A_B
1A4Y_RB70A,-0.23193243,1.5012142658233643,1,1A4Y_A_B
1A4Y_RB31A,0.25052238,0.48784852027893066,1,1A4Y_A_B
1A4Y_RB33A,0.32707414,1.3163881301879883,1,1A4Y_A_B
1A4Y_KB40Q,4.2524276,0.020809611305594444,1,1A4Y_A_B
1A4Y_HB13A,-0.2966853,1.3098608255386353,1,1A4Y_A_B
1A4Y_HB114A,0.65682936,0.491154283285141,1,1A4Y_A_B
1A4Y_YA434F,0.5578579,0.8781452775001526,1,1A4Y_A_B
1A4Y_YA437F,0.24526079,0.9221581816673279,1,1A4Y_A_B
"1A4Y_YA434A,DA435A",6.8208556,2.8327197432518005,2,1A4Y_A_B
"1A4Y_YA434A,YA437A",6.6453323,2.8173975944519043,2,1A4Y_A_B
"1A4Y_RB5A,YA434A",6.9797893,2.3568260967731476,2,1A4Y_A_B
"1A4Y_RB5A,DA435A",6.773434,0.9804002940654755,2,1A4Y_A_B
"1A4Y_RB5A,YA434A,DA435A",10.107056,2.0566487113634744,3,1A4Y_A_B
"1A4Y_RB5A,YA434A,YA437A",8.531571,2.046433945496877,3,1A4Y_A_B
1A4Y_KB40G,3.2368004,1.9103834629058838,1,1A4Y_A_B
"1A4Y_KB40G,YA434F",6.665417,1.3942634463310242,2,1A4Y_A_B
"1A4Y_KB40G,DA435A",4.107513,1.683338463306427,2,1A4Y_A_B
"1A4Y_KB40G,YA437A",6.4541044,1.6680163145065308,2,1A4Y_A_B
"1A4Y_KB40G,YA434A,DA435A",6.213886,2.525274157524109,3,1A4Y_A_B
"1A4Y_KB40G,YA434A,YA437A",9.123152,2.5150593916575112,3,1A4Y_A_B
1ACB_LI38G,6.1180687,4.692944049835205,1,1ACB_E_I
1ACB_LI38S,5.0208483,3.9580774307250977,1,1ACB_E_I
1ACB_LI38P,6.9490676,7.685429573059082,1,1ACB_E_I
1ACB_LI38I,4.2901506,2.4269917011260986,1,1ACB_E_I
1ACB_LI38D,6.866746,6.951725959777832,1,1ACB_E_I
1ACB_LI38E,6.646428,6.418174743652344,1,1ACB_E_I
"1AHW_TC110A,KC111A",0.63914293,0.21463968977332115,2,1AHW_AB_C
"1AHW_KC138A,DC139A",1.1820012,0.8147693574428558,2,1AHW_AB_C
"1AHW_IC141Q,TC143I,YC145T",3.9774852,0.5549732993046442,3,1AHW_AB_C
1AHW_YC145A,3.8070474,1.6534332036972046,1,1AHW_AB_C
1AHW_YC146A,-1.8898556,1.8325334787368774,1,1AHW_AB_C
"1AHW_KC154A,KC155A",-1.3303075,0.7776752337813377,2,1AHW_AB_C
1AHW_TC156A,-0.074153155,-0.3940928280353546,1,1AHW_AB_C
"1AHW_KC158A,NC160A,NC162A",4.0748267,0.7428595821062723,3,1AHW_AB_C
1AHW_TC159A,1.106266,1.1900665760040283,1,1AHW_AB_C
1AHW_LC165A,0.9873783,0.3819197416305542,1,1AHW_AB_C
1AHW_DC167A,-0.48480958,0.12915122509002686,1,1AHW_AB_C
"1AHW_SC184A,RC185A",4.01836,1.5021533221006393,2,1AHW_AB_C
1AHW_TC186A,1.3464847,0.04161043465137482,1,1AHW_AB_C
1AHW_VC187A,-0.31437176,-0.09859408438205719,1,1AHW_AB_C
1AHW_NC188A,1.0787052,-0.007711715996265411,1,1AHW_AB_C
"1AHW_RC189A,KC190A",4.01836,1.6107441186904907,2,1AHW_AB_C
1AK4_PD85A,1.0857165,0.9625349640846252,1,1AK4_A_D
1AK4_VD86A,0.99175066,0.32699522376060486,1,1AK4_A_D
1AK4_HD87A,1.0099814,0.07483376562595367,1,1AK4_A_D
1AK4_HD87Q,0.9729411,-0.017376620322465897,1,1AK4_A_D
1AK4_HD87R,1.6457033,-0.7162283658981323,1,1AK4_A_D
1AK4_AD88V,0.76976275,0.015276826918125153,1,1AK4_A_D
1AK4_AD88G,2.654847,0.30516645312309265,1,1AK4_A_D
1AK4_GD89A,2.0774672,0.2774290442466736,1,1AK4_A_D
1AK4_GD89V,3.0309818,0.16207599639892578,1,1AK4_A_D
1AK4_PD90A,2.1730108,1.4710712432861328,1,1AK4_A_D
1AK4_PD90V,3.0309818,2.0149056911468506,1,1AK4_A_D
1AK4_ID91A,0.24021861,0.7826446294784546,1,1AK4_A_D
1AK4_ID91V,0.0,-0.018419064581394196,1,1AK4_A_D
1AK4_AD92G,0.58109426,0.9310039281845093,1,1AK4_A_D
1AK4_AD92V,0.35910636,0.12181799113750458,1,1AK4_A_D
1AK4_PD93A,0.6829073,1.2354185581207275,1,1AK4_A_D
"1AK4_LD83T,VD86P,HD87A,AD88M,ID91L,AD92P,MD96I",0.7422019,0.22183497037206376,7,1AK4_A_D
1AO7_DD26A,0.9790004,0.03549191728234291,1,1AO7_ABC_DE
1AO7_EA58A,-0.71984255,0.3349294662475586,1,1AO7_ABC_DE
"1AO7_DD26A,EA58A",0.7495961,0.18521121703088284,2,1AO7_ABC_DE
1AO7_RD27A,0.54651165,0.09821342676877975,1,1AO7_ABC_DE
1AO7_RD27A,0.43441045,0.09821342676877975,1,1AO7_ABC_DE
1AO7_RA170A,-0.26356274,0.34003713726997375,1,1AO7_ABC_DE
"1AO7_RD27A,RA170A",1.1865082,0.21912552043795586,2,1AO7_ABC_DE
1AO7_QD30L,1.8337009,0.4200839102268219,1,1AO7_ABC_DE
1AO7_LC1A,0.70101106,0.2326856553554535,1,1AO7_ABC_DE
"1AO7_QD30L,LC1A",2.762697,0.3263848051428795,2,1AO7_ABC_DE
1AO7_QD30L,1.5372131,0.4200839102268219,1,1AO7_ABC_DE
1AO7_LC1A,1.4165905,0.2326856553554535,1,1AO7_ABC_DE
"1AO7_QD30L,LC1A",3.0241568,0.3263848051428795,2,1AO7_ABC_DE
1AO7_QD30V,-0.16672337,0.9443443417549133,1,1AO7_ABC_DE
1AO7_LC1A,0.6994991,0.2326856553554535,1,1AO7_ABC_DE
"1AO7_QD30V,LC1A",0.7237116,0.5885147377848625,2,1AO7_ABC_DE
1AO7_QD30V,-0.01751217,0.9443443417549133,1,1AO7_ABC_DE
1AO7_YA159A,3.2453353,2.2139394283294678,1,1AO7_ABC_DE
"1AO7_QD30V,YA159A",3.330276,1.5791419744491577,2,1AO7_ABC_DE
"1AO7_EA63Q,QD30V",-0.006822939,0.11373698711395264,2,1AO7_ABC_DE
"1AO7_EA63Q,KA66A",1.3316362,-0.1245652437210083,2,1AO7_ABC_DE
"1AO7_EA63Q,QD30V,KA66A",1.855068,0.2317377726236979,3,1AO7_ABC_DE
1AO7_SD31A,1.023031,0.3389214277267456,1,1AO7_ABC_DE
1AO7_YC5A,1.5328218,2.611194133758545,1,1AO7_ABC_DE
"1AO7_SD31A,YC5A",1.7094913,1.4750581085681915,2,1AO7_ABC_DE
1AO7_SD31A,0.98274976,0.3389214277267456,1,1AO7_ABC_DE
1AO7_YC5F,-0.12532611,0.40065303444862366,1,1AO7_ABC_DE
"1AO7_SD31A,YC5F",-0.04054573,0.3697883039712906,2,1AO7_ABC_DE
1AO7_YD50A,0.49844626,-0.006330967880785465,1,1AO7_ABC_DE
1AO7_QA155A,0.4116841,0.4533926844596863,1,1AO7_ABC_DE
"1AO7_YD50A,QA155A",0.27613577,0.22353095281869173,2,1AO7_ABC_DE
1AO7_YD50A,0.48383236,-0.006330967880785465,1,1AO7_ABC_DE
1AO7_QA155A,-0.10445237,0.4533926844596863,1,1AO7_ABC_DE
"1AO7_YD50A,QA155A",-0.1121168,0.22353095281869173,2,1AO7_ABC_DE
1AO7_ND52A,0.3549194,-0.9412285089492798,1,1AO7_ABC_DE
1AO7_EA166A,3.8667204,1.861076831817627,1,1AO7_ABC_DE
"1AO7_ND52A,EA166A",3.1431563,0.45992425084114075,2,1AO7_ABC_DE
1AO7_KD66A,1.2921896,-0.6257463097572327,1,1AO7_ABC_DE
1AO7_TA163A,0.48929647,0.6208820939064026,1,1AO7_ABC_DE
"1AO7_KD66A,TA163A",0.97810125,-0.002432018518447876,2,1AO7_ABC_DE
1AO7_KD66A,1.1308818,-0.6257463097572327,1,1AO7_ABC_DE
1AO7_EA166A,2.6047895,1.861076831817627,1,1AO7_ABC_DE
"1AO7_KD66A,EA166A",3.0337634,0.6176653504371643,2,1AO7_ABC_DE
1AO7_TD91A,0.9576147,0.15026389062404633,1,1AO7_ABC_DE
1AO7_YC5A,1.7602497,2.611194133758545,1,1AO7_ABC_DE
"1AO7_TD91A,YC5A",3.0309818,1.3807293772697449,2,1AO7_ABC_DE
1AO7_TD92A,1.9466558,0.5207358598709106,1,1AO7_ABC_DE
1AO7_RA65A,3.229689,2.9147019386291504,1,1AO7_ABC_DE
"1AO7_TD92A,RA65A",2.4234712,1.7177200019359589,2,1AO7_ABC_DE
1AO7_DD93N,2.4595213,0.14548397064208984,1,1AO7_ABC_DE
1AO7_RA65A,3.1078424,2.9147019386291504,1,1AO7_ABC_DE
"1AO7_DD93N,RA65A",3.08435,1.5300941169261932,2,1AO7_ABC_DE
1AO7_SD94A,-0.4751896,-0.021396713331341743,1,1AO7_ABC_DE
1AO7_YC5A,1.6338642,2.611194133758545,1,1AO7_ABC_DE
"1AO7_SD94A,YC5A",1.8610119,1.2948985984548926,2,1AO7_ABC_DE
1AO7_WD95A,2.2244706,1.6896671056747437,1,1AO7_ABC_DE
1AO7_AA69G,1.1818315,0.9004096388816833,1,1AO7_ABC_DE
"1AO7_WD95A,AA69G",2.9054587,1.2950385212898254,2,1AO7_ABC_DE
1AO7_EE28A,2.022149,2.620788812637329,1,1AO7_ABC_DE
1AO7_YC8A,3.1675332,2.6853582859039307,1,1AO7_ABC_DE
"1AO7_EE28A,YC8A",3.4254382,2.65307354927063,2,1AO7_ABC_DE
1AO7_RE92A,0.45314956,0.5867266058921814,1,1AO7_ABC_DE
1AO7_YC5A,1.634981,2.611194133758545,1,1AO7_ABC_DE
"1AO7_RE92A,YC5A",2.0190833,1.5989602208137512,2,1AO7_ABC_DE
1AO7_RE92A,0.20430143,0.5867266058921814,1,1AO7_ABC_DE
1AO7_YC5A,1.2211077,2.611194133758545,1,1AO7_ABC_DE
"1AO7_RE92A,YC5A",1.046304,1.5989602208137512,2,1AO7_ABC_DE
1AO7_RE92A,0.48315758,0.5867266058921814,1,1AO7_ABC_DE
1AO7_YC5A,1.5620104,2.611194133758545,1,1AO7_ABC_DE
"1AO7_RE92A,YC5A",1.7197614,1.5989602208137512,2,1AO7_ABC_DE
1AO7_RE92A,0.41935632,0.5867266058921814,1,1AO7_ABC_DE
1AO7_YC5F,0.16956076,0.40065303444862366,1,1AO7_ABC_DE
"1AO7_RE92A,YC5F",0.60598004,0.4936904162168503,2,1AO7_ABC_DE
1AO7_PE100A,1.1492965,0.7474319934844971,1,1AO7_ABC_DE
1AO7_YC5A,1.7461805,2.611194133758545,1,1AO7_ABC_DE
"1AO7_PE100A,YC5A",2.406046,1.6793136298656464,2,1AO7_ABC_DE
1AO7_PE100A,1.1249167,0.7474319934844971,1,1AO7_ABC_DE
1AO7_YC5A,1.3831615,2.611194133758545,1,1AO7_ABC_DE
"1AO7_PE100A,YC5A",1.9248974,1.6793136298656464,2,1AO7_ABC_DE
1AO7_PE100A,1.19775,0.7474319934844971,1,1AO7_ABC_DE
1AO7_YC5A,1.6319506,2.611194133758545,1,1AO7_ABC_DE
"1AO7_PE100A,YC5A",2.4474645,1.6793136298656464,2,1AO7_ABC_DE
1AO7_PE100A,1.1590191,0.7474319934844971,1,1AO7_ABC_DE
1AO7_QA155A,0.42088902,0.4533926844596863,1,1AO7_ABC_DE
"1AO7_PE100A,QA155A",0.93036085,0.600412905216217,2,1AO7_ABC_DE
1AO7_DD93A,0.77962637,0.6249642968177795,1,1AO7_ABC_DE
1AO7_QA72A,0.3566617,-0.09833137691020966,1,1AO7_ABC_DE
"1AO7_DD93A,QA72A",1.060843,0.26331669837236404,2,1AO7_ABC_DE
1AO7_RE99A,0.064695336,0.347552627325058,1,1AO7_ABC_DE
1AO7_YC5A,1.7450925,2.611194133758545,1,1AO7_ABC_DE
"1AO7_RE99A,YC5A",1.8859434,1.4793733656406403,2,1AO7_ABC_DE
1AO7_AE96M,-0.3088434,-1.0320382118225098,1,1AO7_ABC_DE
1AO7_GE97S,-0.34087563,0.5914729833602905,1,1AO7_ABC_DE
"1AO7_GE97S,GE98A,RE99E",-3.4541113,0.09274938267966111,3,1AO7_ABC_DE
"1AO7_AE96M,GE97S,GE98A,RE99E",-3.9038448,-0.18844736693426967,4,1AO7_ABC_DE
"1AO7_AE96M,GE97S,GE98A",-3.549655,-0.1485021555175384,3,1AO7_ABC_DE
"1AO7_AE96M,GE97S,GE98A,RE99Q",-3.9603114,-0.15914803324267268,4,1AO7_ABC_DE
1AO7_YC5F,0.17043781,0.40065303444862366,1,1AO7_ABC_DE
1AO7_AA150P,1.0039666,1.6426271200180054,1,1AO7_ABC_DE
1AO7_YC5F,0.13273294,0.40065303444862366,1,1AO7_ABC_DE
1AO7_YC5A,1.5963655,2.611194133758545,1,1AO7_ABC_DE
1AO7_YC5W,0.88902366,0.8056787252426147,1,1AO7_ABC_DE
1AO7_SD31A,0.5326757,0.3389214277267456,1,1AO7_ABC_DE
"1AO7_EA63Q,KA66A",0.9291082,-0.1245652437210083,2,1AO7_ABC_DE
1AO7_KA66A,2.9348536,0.46773865818977356,1,1AO7_ABC_DE
1AO7_VC7R,1.2254227,1.4100371599197388,1,1AO7_ABC_DE
1AO7_RA65A,2.6809208,2.9147019386291504,1,1AO7_ABC_DE
1AO7_KA66A,1.7908841,0.46773865818977356,1,1AO7_ABC_DE
1AO7_AA69G,1.3958606,0.9004096388816833,1,1AO7_ABC_DE
1AO7_TA163A,0.72617596,0.6208820939064026,1,1AO7_ABC_DE
1AO7_EA166A,0.8771874,1.861076831817627,1,1AO7_ABC_DE
1AO7_WA167A,1.2002082,0.05791241675615311,1,1AO7_ABC_DE
1AO7_QA43A,0.02890583,0.04598613455891609,1,1AO7_ABC_DE
1AO7_EA55A,0.8556438,0.3925832211971283,1,1AO7_ABC_DE
1AO7_EA58A,-0.2552182,0.3349294662475586,1,1AO7_ABC_DE
1AO7_DA61A,0.3795585,0.12133428454399109,1,1AO7_ABC_DE
1AO7_EA63A,0.15853737,-0.37360531091690063,1,1AO7_ABC_DE
1AO7_TA64A,-0.07604123,0.28101569414138794,1,1AO7_ABC_DE
1AO7_RA65A,3.155595,2.9147019386291504,1,1AO7_ABC_DE
1AO7_KA66A,3.155595,0.46773865818977356,1,1AO7_ABC_DE
1AO7_VA67A,-0.5582032,0.22844643890857697,1,1AO7_ABC_DE
1AO7_KA68A,0.19354472,0.15709365904331207,1,1AO7_ABC_DE
1AO7_AA69G,1.5227085,0.9004096388816833,1,1AO7_ABC_DE
1AO7_HA70A,3.155595,1.640599012374878,1,1AO7_ABC_DE
1AO7_QA72A,0.01725066,-0.09833137691020966,1,1AO7_ABC_DE
1AO7_TA73A,0.76669466,0.17848096787929535,1,1AO7_ABC_DE
1AO7_HA74A,1.6043897,0.20548193156719208,1,1AO7_ABC_DE
1AO7_RA75A,0.53472376,0.5259893536567688,1,1AO7_ABC_DE
1AO7_VA76A,0.59687173,-0.1520763337612152,1,1AO7_ABC_DE
1AO7_TA80A,0.07573514,-0.017272748053073883,1,1AO7_ABC_DE
1AO7_KA146A,0.46220648,0.5987614393234253,1,1AO7_ABC_DE
1AO7_AA149G,-0.15449645,0.09839335829019547,1,1AO7_ABC_DE
1AO7_AA150G,0.061949592,0.8546399474143982,1,1AO7_ABC_DE
1AO7_HA151A,-0.30263966,0.4084807336330414,1,1AO7_ABC_DE
1AO7_VA152A,-0.19424897,1.5149649381637573,1,1AO7_ABC_DE
1AO7_EA154A,0.36154947,0.50692218542099,1,1AO7_ABC_DE
1AO7_QA155A,0.1983811,0.4533926844596863,1,1AO7_ABC_DE
1AO7_AA158G,0.31199083,0.4677717983722687,1,1AO7_ABC_DE
1AO7_TA163A,0.5292381,0.6208820939064026,1,1AO7_ABC_DE
1AO7_EA166A,1.4516383,1.861076831817627,1,1AO7_ABC_DE
1AO7_WA167A,1.4261206,0.05791241675615311,1,1AO7_ABC_DE
1AO7_RA170A,0.110256664,0.34003713726997375,1,1AO7_ABC_DE
1AO7_DD26M,0.21131277,-0.8966257572174072,1,1AO7_ABC_DE
1AO7_DD26V,1.3641711,0.10356653481721878,1,1AO7_ABC_DE
1AO7_DD26W,-1.0804503,-1.4945828914642334,1,1AO7_ABC_DE
1AO7_RD27F,-0.19934364,0.0734274610877037,1,1AO7_ABC_DE
1AO7_GD28A,0.54285824,-0.013088904321193695,1,1AO7_ABC_DE
1AO7_GD28I,-0.27958414,-0.25236278772354126,1,1AO7_ABC_DE
1AO7_GD28L,-0.46684107,-0.09012734889984131,1,1AO7_ABC_DE
1AO7_GD28M,-0.5186732,-0.7551149725914001,1,1AO7_ABC_DE
1AO7_GD28R,2.3176858,-2.0161497592926025,1,1AO7_ABC_DE
1AO7_GD28T,-0.75923043,-0.7724423408508301,1,1AO7_ABC_DE
1AO7_GD28V,0.54285824,-0.16837194561958313,1,1AO7_ABC_DE
1AO7_SD29A,0.30263966,-0.19555330276489258,1,1AO7_ABC_DE
1AO7_QD30N,0.71329606,0.7802219390869141,1,1AO7_ABC_DE
1AO7_QD30E,0.41065642,1.0405782461166382,1,1AO7_ABC_DE
1AO7_SD51M,-0.37773395,-0.28726330399513245,1,1AO7_ABC_DE
1AO7_KD66H,0.9535147,-0.6300018429756165,1,1AO7_ABC_DE
1AO7_SD94A,0.0,-0.021396713331341743,1,1AO7_ABC_DE
1AO7_SD94N,1.9070294,-0.47055354714393616,1,1AO7_ABC_DE
1AO7_SD94T,-0.49348688,-0.10165605694055557,1,1AO7_ABC_DE
1AO7_SD94Y,2.3176858,-0.13204264640808105,1,1AO7_ABC_DE
1AO7_IE52R,1.3641711,0.5820281505584717,1,1AO7_ABC_DE
1AO7_AE96M,-0.3121191,-1.0320382118225098,1,1AO7_ABC_DE
1AO7_AE96K,0.061574083,-0.24945062398910522,1,1AO7_ABC_DE
1AO7_GE97S,-0.3121191,0.5914729833602905,1,1AO7_ABC_DE
1AO7_GE98A,-1.09103,-0.004941711202263832,1,1AO7_ABC_DE
1AO7_RE99Q,0.41065642,-0.19108504056930542,1,1AO7_ABC_DE
"1AO7_DD26W,RD27F,SD51M,SD94T",-2.7171636,-0.4525184091180563,4,1AO7_ABC_DE
"1AO7_DD26W,RD27F,GD28T,SD51M,SD94T",-1.2850602,-0.5165033742785454,5,1AO7_ABC_DE
"1AO7_DD26W,RD27F,SD51M,SD94T,VC7R",-1.3930769,-0.08000710457563401,5,1AO7_ABC_DE
"1AO7_GD28I,SD94A",-0.38309553,-0.13687992189079523,2,1AO7_ABC_DE
"1AO7_GD28I,SD94T",-0.89961827,-0.17700965330004692,2,1AO7_ABC_DE
"1AO7_GD28L,SD94A",-0.5086029,-0.05576228071004152,2,1AO7_ABC_DE
"1AO7_GD28L,SD94T",-1.028609,-0.09589201211929321,2,1AO7_ABC_DE
"1AO7_GD28M,SD94A",-0.80462295,-0.3882561633363366,2,1AO7_ABC_DE
"1AO7_GD28M,SD94T",-1.7472667,-0.4283858947455883,2,1AO7_ABC_DE
"1AO7_GD28M,SD51M,SD94T",-2.1264582,-0.3813449914256732,3,1AO7_ABC_DE
"1AO7_GD28T,SD51M,SD94T",-1.6043897,-0.3871210192640622,3,1AO7_ABC_DE
"1AO7_RD27F,GD28M,SD51M,SD94T",-1.8037333,-0.26765174232423306,4,1AO7_ABC_DE
"1AO7_RD27F,GD28T,SD51M,SD94T",-1.6043897,-0.27198376320302486,4,1AO7_ABC_DE
"1AO7_DD26W,GD28M,SD51M,SD94T",-1.0787052,-0.6596541982144117,4,1AO7_ABC_DE
"1AO7_DD26W,GD28T,SD51M,SD94T",-1.2376387,-0.6639862190932035,4,1AO7_ABC_DE
"1AO7_GE98A,RE99Q",-1.5635147,-0.09801398869603872,2,1AO7_ABC_DE
"1AO7_AE96M,GE97S",-1.0448415,-0.22028207778930664,2,1AO7_ABC_DE
"1AO7_AE96M,GE97S,GE98A",-3.5440392,-0.1485021555175384,3,1AO7_ABC_DE
"1AO7_AE96M,GE97S,GE98A,RE99Q",-3.9220755,-0.15914803324267268,4,1AO7_ABC_DE
"1AO7_GD28T,AE96M,GE97S,GE98A",-3.8617742,-0.3044874253682792,4,1AO7_ABC_DE
"1AO7_GD28T,AE96M,GE97S,GE98A,RE99Q",-3.965981,-0.2818070735782385,5,1AO7_ABC_DE
"1AO7_DD26W,AE96M,GE97S,GE98A,RE99Q",-4.038617,-0.4262347903102636,5,1AO7_ABC_DE
"1AO7_DD26W,RD27F,SD51M,AE96M,GE97S,GE98A,RE99Q",-3.7107627,-0.335001304479582,7,1AO7_ABC_DE
"1AO7_DD26W,RD27F,SD51M,SD94T,AE96M,GE97S,GE98A,RE99Q",-3.4511178,-0.3058332211803645,8,1AO7_ABC_DE
1AO7_RD27P,0.30800125,-0.18319934606552124,1,1AO7_ABC_DE
1AO7_KD97P,-0.26777947,0.3214331567287445,1,1AO7_ABC_DE
1AO7_AE50P,-0.3255171,0.38582003116607666,1,1AO7_ABC_DE
1AO7_GE98P,0.44973335,1.278824806213379,1,1AO7_ABC_DE
1AO7_RE99P,-1.9416856,2.2012603282928467,1,1AO7_ABC_DE
"1AO7_KD97P,AE50P,RE99P",-1.6319506,0.9695044557253519,3,1AO7_ABC_DE
"1AO7_KD97P,RE99P",-1.2212942,1.2613465934991837,2,1AO7_ABC_DE
"1AO7_DD26W,RD27F,GD28T,SD51M,SD94T",-2.7447245,-0.5165033742785454,5,1AO7_ABC_DE
"1AO7_DD26W,RD27F,GD28T,SD51M,SD94T,RE99P",-3.3738556,-0.06354283665617307,6,1AO7_ABC_DE
"1AO7_DD26W,RD27F,GD28T,SD51M,SD94T,KD97P,AE50P,RE99P",-4.6220574,0.040749561972916126,8,1AO7_ABC_DE
1B2S_AA27K,-3.8662953,-4.426318645477295,1,1B2S_A_D
1B2S_AD43T,-0.34297577,-0.2632303237915039,1,1B2S_A_D
"1B2S_AA27K,AD43T",-5.723925,,2,1B2S_A_D
1B2U_AA27K,-5.046028,-4.7271623611450195,1,1B2U_A_D
1B2U_AD36D,-4.1682487,-1.8243036270141602,1,1B2U_A_D
"1B2U_AA27K,AD36D",-9.549198,-3.2757335901260376,2,1B2U_A_D
1B3S_AA102H,-5.6819034,-6.713278293609619,1,1B3S_A_D
1B3S_FD30Y,0.59609383,-0.014898471534252167,1,1B3S_A_D
"1B3S_AA102H,FD30Y",-5.5497017,-3.364089962095022,2,1B3S_A_D
1B41_TB8V,1.1364256,-0.36613285541534424,1,1B41_A_B
1B41_TB9I,0.02468907,-0.04862437769770622,1,1B41_A_B
1B41_TB9N,3.6109722,0.988446056842804,1,1B41_A_B
"1B41_TB8V,TB9I",0.3946864,-0.20737834461033344,2,1B41_A_B
"1B41_TB8V,TB9N",2.4277997,0.31115737557411194,2,1B41_A_B
1B41_RB11K,0.6251122,0.14231087267398834,1,1B41_A_B
1B41_AB12S,0.7069596,0.40370553731918335,1,1B41_A_B
1B41_RB27F,2.108171,1.1220643520355225,1,1B41_A_B
1B41_RB27M,1.4836316,1.179391860961914,1,1B41_A_B
1B41_RB27Y,2.396639,1.0542548894882202,1,1B41_A_B
1B41_HB29K,-0.88795066,-0.5480258464813232,1,1B41_A_B
1B41_HB29R,-0.4093972,-0.6046129465103149,1,1B41_A_B
1B41_KB32R,0.3914401,0.6163700819015503,1,1B41_A_B
1B41_MB33F,0.7788601,0.4010774791240692,1,1B41_A_B
1B41_MB33L,1.8114858,1.3150995969772339,1,1B41_A_B
1B41_MB33Q,1.5959259,1.5622987747192383,1,1B41_A_B
1B41_MB33Y,0.7069596,0.9099816679954529,1,1B41_A_B
1B41_VB34T,1.2143784,1.2098991870880127,1,1B41_A_B
1B41_LB35W,1.3045447,0.748243510723114,1,1B41_A_B
1B41_NB47F,-0.1417321,-0.608425498008728,1,1B41_A_B
1B41_NB47W,0.036658205,-0.9337060451507568,1,1B41_A_B
1B41_NB47R,-0.030388813,-0.6156229972839355,1,1B41_A_B
1BD2_EE28A,2.8351388,0.39488208293914795,1,1BD2_ABC_DE
1BD2_YC8A,2.7603745,2.2642946243286133,1,1BD2_ABC_DE
"1BD2_EE28A,YC8A",3.9666772,1.3295884728431702,2,1BD2_ABC_DE
1BD2_ED93A,1.3156908,0.5704243779182434,1,1BD2_ABC_DE
1BD2_RA65A,2.499233,0.9496859908103943,1,1BD2_ABC_DE
"1BD2_ED93A,RA65A",3.1152542,0.7600554525852203,2,1BD2_ABC_DE
1BD2_DD30N,1.9193299,0.3202504813671112,1,1BD2_ABC_DE
1BD2_YC5A,3.407531,1.2959249019622803,1,1BD2_ABC_DE
"1BD2_DD30N,YC5A",1.4770018,0.8080884665250778,2,1BD2_ABC_DE
1BD2_DD30N,1.9555098,0.3202504813671112,1,1BD2_ABC_DE
1BD2_YC5F,0.7336107,-0.592076301574707,1,1BD2_ABC_DE
"1BD2_DD30N,YC5F",2.4997206,-0.135912224650383,2,1BD2_ABC_DE
1BD2_YE99A,0.21707301,1.0414105653762817,1,1BD2_ABC_DE
1BD2_YC5F,0.55632365,-0.592076301574707,1,1BD2_ABC_DE
"1BD2_YE99A,YC5F",0.89486486,0.2246668040752411,2,1BD2_ABC_DE
1BD2_YE99A,0.23576406,1.0414105653762817,1,1BD2_ABC_DE
1BD2_YC5A,3.2765021,1.2959249019622803,1,1BD2_ABC_DE
"1BD2_YE99A,YC5A",2.6869917,1.168667495250702,2,1BD2_ABC_DE
1BD2_YC5F,0.9302432,-0.592076301574707,1,1BD2_ABC_DE
1BD2_YC5W,1.9285754,0.2169155478477478,1,1BD2_ABC_DE
1BD2_YE99A,0.47109932,1.0414105653762817,1,1BD2_ABC_DE
"1BD2_EA63Q,KA66A",1.9614979,0.6468426287174225,2,1BD2_ABC_DE
1BJ1_YH27A,2.2435327,1.2367627620697021,1,1BJ1_HL_VW
1BJ1_YH54A,1.328254,1.2375801801681519,1,1BJ1_HL_VW
1BJ1_TH59A,0.8510479,1.2169973850250244,1,1BJ1_HL_VW
1BJ1_YH99A,4.4407487,0.7717143893241882,1,1BJ1_HL_VW
1BJ1_HH107A,0.7900062,1.013635277748108,1,1BJ1_HL_VW
"1BJ1_ML4L,TH28D,NH31H,HH101Y,SH105T",-1.7956175,0.013764311745762824,5,1BJ1_HL_VW
"1BJ1_ML4L,TH28D,NH31H,HH101Y,SH105T",-1.4631426,0.013764311745762824,5,1BJ1_HL_VW
"1BJ1_HH101Y,YH103R,SH105T",-1.1736482,-0.030281083658337593,3,1BJ1_HL_VW
"1BJ1_HH101Y,SH105T",-1.344086,-0.2053189231082797,2,1BJ1_HL_VW
"1BJ1_HH101Y,YH103I,GH104A,SH105K",-0.43144634,0.03558791242539883,4,1BJ1_HL_VW
"1BJ1_HH101Y,YH103W,SH105T",-1.0414464,-0.15510329542060694,3,1BJ1_HL_VW
"1BJ1_HH101Y,YH103R,GH104N,SH105T",-0.76299185,0.0009928965009748936,4,1BJ1_HL_VW
1BJ1_YH54W,-0.13733132,-0.0755920261144638,1,1BJ1_HL_VW
"1BJ1_TH28D,NH31H",-0.693211,0.2853345349431038,2,1BJ1_HL_VW
"1BJ1_LH72V,TH74V",0.67096007,0.5080209076404572,2,1BJ1_HL_VW
"1BJ1_LH72I,TH74K",0.07655175,0.45920994877815247,2,1BJ1_HL_VW
"1BJ1_TH28D,NH31H,YH54W,HH101Y,SH105T",-1.2040371,0.01688760258257389,5,1BJ1_HL_VW
"1BJ1_TH28D,NH31H,HH101Y,SH105T",-1.7547425,0.04000780591741204,4,1BJ1_HL_VW
1BJ1_TH28D,-0.22013357,0.06521748006343842,1,1BJ1_HL_VW
1BJ1_NH31H,-0.76299185,0.5054514408111572,1,1BJ1_HL_VW
1BJ1_HH101Y,-1.5843047,-0.3835725486278534,1,1BJ1_HL_VW
1BJ1_SH105T,-0.3905714,-0.027064794674515724,1,1BJ1_HL_VW
"1BJ1_HH101Y,YH103R,GH104D,SH105N",-0.9958507,0.041423216462135315,4,1BJ1_HL_VW
"1BP3_DA11A,MA14V,HA18Q,RA19H,FA25A,QA29K,EA33R",3.6053052,0.11186340770551137,7,1BP3_A_B
"1BP3_PA48A,TA50A,SA51A,LA52F",0.24617295,0.22086453903466463,4,1BP3_A_B
"1BP3_SA57T,TA60A,SA62T,NA63G,RA64K,EA65D,TA67A,KA70R,NA72D,LA73V",2.2994552,-0.015386582259088755,10,1BP3_A_B
"1BP3_QA46H,NA47D,PA48S,QA49E,LA52F",0.24617295,-0.03552120476961136,5,1BP3_A_B
"1BP3_EA56D,RA64M",0.4455166,0.2794511914253235,2,1BP3_A_B
"1BP3_NA12R,MA14V,LA15V,RA16L,RA19Y",0.38309553,0.13984158793464302,5,1BP3_A_B
"1BP3_QA22N,FA25S,DA26E,QA29S,EA30Q,EA33K",1.610344,0.11570079997181892,6,1BP3_A_B
"1BP3_FA54H,SA55T,EA56S,IA58L,PA59A,SA62E,NA63D,RA64K,EA66Q,TA67A,KA70M,SA71N,NA72Q,LA73K,EA74D",0.35418972,0.2219512884815534,15,1BP3_A_B
"1BP3_EA88G,QA91Y,FA92H,RA94T,SA95E",0.20951474,0.1489100217819214,5,1BP3_A_B
"1BP3_FA97R,AA98G,NA99M,SA100Q,LA101D,VA102A,YA103P,GA104E",0.38309553,0.3955512158572674,8,1BP3_A_B
"1BP3_YA111V,LA113I,KA115E,DA116Q,EA118K,EA119R,RA120L,QA122E,TA123G,GA126L,RA127I,EA129S",-0.39296997,0.0270264009013772,12,1BP3_A_B
1BP3_FA10A,0.0,0.13839681446552277,1,1BP3_A_B
1BP3_NA12A,-0.2966853,0.16755571961402893,1,1BP3_A_B
1BP3_LA15A,0.0,0.1120067611336708,1,1BP3_A_B
1BP3_RA16A,0.0,0.2912655472755432,1,1BP3_A_B
1BP3_HA18A,2.912094,0.48343491554260254,1,1BP3_A_B
1BP3_RA19A,0.0,0.25471818447113037,1,1BP3_A_B
1BP3_HA21A,2.6718755,1.179742455482483,1,1BP3_A_B
1BP3_FA25A,1.150288,-0.16529583930969238,1,1BP3_A_B
1BP3_DA26E,0.38309553,-0.045672401785850525,1,1BP3_A_B
1BP3_FA54A,0.20951474,0.7685369253158569,1,1BP3_A_B
1BP3_SA55A,0.24617295,-0.08219698071479797,1,1BP3_A_B
1BP3_EA56A,-0.11888775,0.5670799016952515,1,1BP3_A_B
1BP3_SA57A,0.03486017,0.1306047886610031,1,1BP3_A_B
1BP3_IA58A,1.7291241,1.3404866456985474,1,1BP3_A_B
1BP3_PA59A,0.15681763,0.3789975047111511,1,1BP3_A_B
1BP3_SA62A,1.4157212,0.31425225734710693,1,1BP3_A_B
1BP3_NA63A,0.85617304,0.6448249220848083,1,1BP3_A_B
1BP3_RA64A,0.35418972,0.5957831144332886,1,1BP3_A_B
1BP3_EA65A,0.54643804,0.19900727272033691,1,1BP3_A_B
1BP3_EA66A,0.06778264,0.2742297649383545,1,1BP3_A_B
1BP3_QA68A,0.11397111,0.03160730376839638,1,1BP3_A_B
1BP3_QA69A,-0.21388307,0.02614039182662964,1,1BP3_A_B
1BP3_KA70A,0.24617295,0.12283001840114594,1,1BP3_A_B
1BP3_SA71A,0.61383474,0.3219878673553467,1,1BP3_A_B
1BP3_LA73A,0.35418972,0.4864950478076935,1,1BP3_A_B
1BP3_YA156A,0.20951474,0.679950475692749,1,1BP3_A_B
1BP3_YA160A,0.4455166,1.058665156364441,1,1BP3_A_B
1BP3_RA163A,3.9280298,0.5717278122901917,1,1BP3_A_B
1BP3_KA164A,1.7281536,0.4765826463699341,1,1BP3_A_B
1BP3_DA167A,0.06778264,1.610041618347168,1,1BP3_A_B
1BP3_KA168A,3.1905487,1.3587911128997803,1,1BP3_A_B
1BP3_EA170A,3.4931884,-0.5488708019256592,1,1BP3_A_B
1BP3_TA171S,0.4942387,1.198375940322876,1,1BP3_A_B
1BP3_FA172A,1.9106091,1.1331489086151123,1,1BP3_A_B
1BP3_RA174A,1.150288,1.8006718158721924,1,1BP3_A_B
1BP3_IA175A,0.35418972,1.3022339344024658,1,1BP3_A_B
1BP3_IA175M,-0.16448347,0.566036581993103,1,1BP3_A_B
1BP3_VA176A,-0.2966853,0.2331412136554718,1,1BP3_A_B
1BP3_QA177A,0.0,0.027312465012073517,1,1BP3_A_B
1BP3_RA179A,0.56747407,0.3621467649936676,1,1BP3_A_B
1BP3_SA180A,-0.11888775,-0.20821140706539154,1,1BP3_A_B
1BP3_VA181A,0.28069448,0.4612612724304199,1,1BP3_A_B
1BP3_EA182A,0.0,-0.11439777910709381,1,1BP3_A_B
1BP3_GA183A,0.0,-0.15834492444992065,1,1BP3_A_B
1BP3_SA184A,-0.2966853,-0.009648818522691727,1,1BP3_A_B
1BP3_HA18A,0.1866704,0.48343491554260254,1,1BP3_A_B
1BP3_HA21A,-0.17779756,1.179742455482483,1,1BP3_A_B
1BP3_IA58A,1.7856985,1.3404866456985474,1,1BP3_A_B
1BP3_RA163A,2.1218426,0.5717278122901917,1,1BP3_A_B
1BP3_KA168A,2.0223155,1.3587911128997803,1,1BP3_A_B
1BP3_EA170A,0.17043781,-0.5488708019256592,1,1BP3_A_B
1BP3_FA172A,1.9452653,1.1331489086151123,1,1BP3_A_B
"1BP3_KA164A,EA170A",5.4079623,-0.03614462912082672,2,1BP3_A_B
"1BP3_RA64A,DA167A",0.3786242,1.1029115319252014,2,1BP3_A_B
"1BP3_KA168A,FA172A",5.3548713,1.2459703087806702,2,1BP3_A_B
1BRS_KA25A,5.3809495,5.55706787109375,1,1BRS_A_D
1BRS_RA57A,5.245372,1.3641480207443237,1,1BRS_A_D
1BRS_RA81Q,5.4200263,2.5682051181793213,1,1BRS_A_D
1BRS_RA85A,5.564701,1.2565858364105225,1,1BRS_A_D
1BRS_HA100A,6.1457953,5.425025463104248,1,1BRS_A_D
1BRS_YD29F,-0.13220184,-0.05319325253367424,1,1BRS_A_D
1BRS_YD29A,3.470544,0.5345937013626099,1,1BRS_A_D
1BRS_DD35A,4.5031695,3.738095283508301,1,1BRS_A_D
1BRS_WD38F,1.6426257,-0.10275445133447647,1,1BRS_A_D
1BRS_DD39A,7.650989,0.5181378126144409,1,1BRS_A_D
1BRS_TD42A,1.8576298,1.012123703956604,1,1BRS_A_D
1BRS_WD44F,0.056466706,0.8473800420761108,1,1BRS_A_D
1BRS_ED74A,1.3641711,0.9602502584457397,1,1BRS_A_D
1BRS_ED78A,0.54285824,0.0908517837524414,1,1BRS_A_D
"1BRS_KA25A,YD29A",8.624589,3.0458307564258575,2,1BRS_A_D
"1BRS_KA25A,DD35A",9.549198,4.6475830078125,2,1BRS_A_D
"1BRS_KA25A,WD38F",5.1131697,2.727157771587372,2,1BRS_A_D
"1BRS_KA25A,DD39A",8.278044,3.0376025438308716,2,1BRS_A_D
"1BRS_KA25A,TD42A",5.723925,3.284595310688019,2,1BRS_A_D
"1BRS_KA25A,ED74A",6.6960135,3.258658707141876,2,1BRS_A_D
"1BRS_KA25A,ED78A",5.513151,2.8239596597850323,2,1BRS_A_D
"1BRS_RA57A,YD29A",8.122605,0.9493701756000519,2,1BRS_A_D
"1BRS_RA57A,DD35A",6.334464,2.5511224269866943,2,1BRS_A_D
"1BRS_RA57A,WD38F",6.2779975,0.6306971907615662,2,1BRS_A_D
"1BRS_RA57A,TD42A",6.8208556,1.1881347298622131,2,1BRS_A_D
"1BRS_RA57A,ED74A",4.970293,1.1621981263160706,2,1BRS_A_D
"1BRS_RA57A,ED78A",5.201466,0.7274990789592266,2,1BRS_A_D
"1BRS_RA81Q,YD29A",8.293043,1.5513998568058014,2,1BRS_A_D
"1BRS_RA81Q,DD35A",9.605664,3.153152108192444,2,1BRS_A_D
"1BRS_RA81Q,WD38F",6.7584343,1.2327268719673157,2,1BRS_A_D
"1BRS_RA81Q,DD39A",6.439105,1.5431716442108154,2,1BRS_A_D
"1BRS_RA81Q,TD42A",6.1075597,1.7901644110679626,2,1BRS_A_D
"1BRS_RA81Q,ED74A",6.7210755,1.76422780752182,2,1BRS_A_D
"1BRS_RA81Q,ED78A",5.764045,1.3295287601649761,2,1BRS_A_D
"1BRS_RA85A,YD29A",8.052825,0.8955899775028229,2,1BRS_A_D
"1BRS_RA85A,WD38F",7.040989,0.5769169926643372,2,1BRS_A_D
"1BRS_RA85A,DD39A",7.1853237,0.8873617649078369,2,1BRS_A_D
"1BRS_RA85A,TD42A",7.0201993,1.1343545317649841,2,1BRS_A_D
"1BRS_RA85A,ED74A",6.8664513,1.1084179282188416,2,1BRS_A_D
"1BRS_RA85A,ED78A",6.126986,0.6737188808619976,2,1BRS_A_D
"1BRS_HA100A,YD29A",6.306903,2.979808360338211,2,1BRS_A_D
"1BRS_HA100A,YD29F",5.5497017,2.685914821922779,2,1BRS_A_D
"1BRS_HA100A,WD38F",7.6421685,2.6611353754997253,2,1BRS_A_D
"1BRS_HA100A,DD39A",8.99134,2.971580147743225,2,1BRS_A_D
"1BRS_HA100A,TD42A",8.135627,3.2185729146003723,2,1BRS_A_D
"1BRS_HA100A,ED74A",7.5630574,3.1926363110542297,2,1BRS_A_D
"1BRS_HA100A,ED78A",6.7451205,2.757937263697386,2,1BRS_A_D
"1BRS_RA57A,DD39A",11.361335,0.9411419630050659,2,1BRS_A_D
1BRS_EA71Q,1.4521028,0.9963752627372742,1,1BRS_A_D
"1BRS_EA71Q,DD39A",7.207327,0.7572552859783173,2,1BRS_A_D
"1BRS_EA71Q,ED74A",3.527011,0.9783114492893219,2,1BRS_A_D
1BRS_EA71W,1.6572549,1.061049461364746,1,1BRS_A_D
"1BRS_EA71W,DD39A",6.6652393,0.7895921468734741,2,1BRS_A_D
"1BRS_EA71W,DD35A",5.712495,2.3995726108551025,2,1BRS_A_D
"1BRS_EA71W,ED74A",3.549655,1.0106483101844788,2,1BRS_A_D
1BRS_EA71Y,2.4137335,-0.09853247553110123,1,1BRS_A_D
1BRS_EA71F,2.2351797,0.5616046190261841,1,1BRS_A_D
"1BRS_EA71F,DD39A",7.4717307,0.5398699641227722,2,1BRS_A_D
"1BRS_EA71F,DD35A",6.410199,2.1498504281044006,2,1BRS_A_D
1BRS_EA71C,2.5287616,1.0655840635299683,1,1BRS_A_D
1BRS_EA71S,3.010488,0.8839274644851685,1,1BRS_A_D
1BRS_EA71A,2.347719,1.2355307340621948,1,1BRS_A_D
"1BRS_EA71A,DD39A",7.1853237,0.8768333196640015,2,1BRS_A_D
"1BRS_EA71A,DD35A",6.4402323,2.48681378364563,2,1BRS_A_D
1BRS_RA57K,2.4881237,0.06886238604784012,1,1BRS_A_D
1BRS_RA57A,4.6353717,1.3641480207443237,1,1BRS_A_D
1BRS_HA100Q,4.550591,3.186372995376587,1,1BRS_A_D
1BRS_HA100D,4.550591,3.954634428024292,1,1BRS_A_D
1BRS_HA100G,6.8208556,5.849240779876709,1,1BRS_A_D
1BRS_HA100A,6.9121823,5.425025463104248,1,1BRS_A_D
1BRS_HA100L,7.666353,4.841303825378418,1,1BRS_A_D
"1BRS_HA100Q,RA57K",6.9121823,1.6276172772049904,2,1BRS_A_D
"1BRS_HA100Q,RA57A",9.308979,2.275259256362915,2,1BRS_A_D
1BRS_DD35A,4.069636,3.738095283508301,1,1BRS_A_D
1BRS_DD39A,5.9351234,0.5181378126144409,1,1BRS_A_D
1BRS_ED74A,0.8235527,0.9602502584457397,1,1BRS_A_D
1BRS_ED78A,0.41065642,0.0908517837524414,1,1BRS_A_D
1BRS_KA25A,5.409263,5.55706787109375,1,1BRS_A_D
1BRS_WA33F,1.4080765,0.2518702745437622,1,1BRS_A_D
1BRS_DA52A,-0.88881934,2.2035181522369385,1,1BRS_A_D
1BRS_NA56A,3.0663626,1.0369312763214111,1,1BRS_A_D
1BRS_RA57A,5.1836734,1.3641480207443237,1,1BRS_A_D
1BRS_EA58A,-0.32587606,0.34008631110191345,1,1BRS_A_D
1BRS_EA71A,1.8978438,1.2355307340621948,1,1BRS_A_D
1BRS_RA85A,5.9521213,1.2565858364105225,1,1BRS_A_D
1BRS_HA100A,6.2547607,5.425025463104248,1,1BRS_A_D
1BRS_KA25A,4.58795,5.55706787109375,1,1BRS_A_D
1BRS_WA33F,1.1124482,0.2518702745437622,1,1BRS_A_D
1BRS_DA52A,-0.16740736,2.2035181522369385,1,1BRS_A_D
1BRS_NA56A,3.1157622,1.0369312763214111,1,1BRS_A_D
1BRS_RA57A,4.8905897,1.3641480207443237,1,1BRS_A_D
1BRS_EA58A,0.5148632,0.34008631110191345,1,1BRS_A_D
1BRS_EA71A,2.8131225,1.2355307340621948,1,1BRS_A_D
1BRS_HA100A,6.0763707,5.425025463104248,1,1BRS_A_D
1C1Y_KA31E,-1.7748275,-1.039586067199707,1,1C1Y_A_B
"1C1Y_KA31E,EA30D",-2.0150461,-0.5895603746175766,2,1C1Y_A_B
1C1Y_KB11M,0.71329606,0.15682196617126465,1,1C1Y_A_B
1C1Y_NB10A,0.5019833,-0.23337574303150177,1,1C1Y_A_B
1C1Y_NB10D,1.476288,1.1041078567504883,1,1C1Y_A_B
1C1Y_VB15A,1.1239525,0.7668787837028503,1,1C1Y_A_B
1C1Y_KB11A,1.1089529,0.3519558608531952,1,1C1Y_A_B
1C1Y_KB11E,0.8910936,0.6891658306121826,1,1C1Y_A_B
1C1Y_TB14A,1.455498,0.34230250120162964,1,1C1Y_A_B
1C1Y_RB13A,1.455498,2.542969226837158,1,1C1Y_A_B
1C1Y_RB5A,1.9070294,1.3540624380111694,1,1C1Y_A_B
1C1Y_QB12A,1.5808899,0.021220453083515167,1,1C1Y_A_B
"1C1Y_RB5A,NB10D",2.7525272,1.2290858626365662,2,1C1Y_A_B
1C1Y_KB30A,1.312621,1.4700462818145752,1,1C1Y_A_B
1C1Y_KB30E,2.2329054,3.4827375411987305,1,1C1Y_A_B
"1C1Y_KB30A,RB35G",2.6203253,1.8478338122367859,2,1C1Y_A_B
1C1Y_RB35L,2.6203253,0.35494041442871094,1,1C1Y_A_B
1C1Y_DA38A,2.6203253,3.0619912147521973,1,1C1Y_A_B
1C4Z_SD1A,0.56609464,0.14006319642066956,1,1C4Z_ABC_D
1C4Z_RD2A,0.5186732,0.26508140563964844,1,1C4Z_ABC_D
1C4Z_RD2E,1.2884359,-0.11808788776397705,1,1C4Z_ABC_D
1C4Z_RD3A,0.46712312,0.18851898610591888,1,1C4Z_ABC_D
1C4Z_RD3E,1.1857808,0.6005054712295532,1,1C4Z_ABC_D
1C4Z_KD6A,0.6100001,0.12583500146865845,1,1C4Z_ABC_D
1C4Z_KD6E,1.5549902,0.02713758870959282,1,1C4Z_ABC_D
1C4Z_ND28A,-0.17839031,0.35406339168548584,1,1C4Z_ABC_D
1C4Z_LD30A,-0.34351462,1.1677372455596924,1,1C4Z_ABC_D
1C4Z_RD49A,-0.011969134,0.004598718136548996,1,1C4Z_ABC_D
1C4Z_AD56G,0.56609464,0.6444085240364075,1,1C4Z_ABC_D
1C4Z_ED57A,0.08793173,0.635921835899353,1,1C4Z_ABC_D
1C4Z_ED57R,0.0671418,0.5929358005523682,1,1C4Z_ABC_D
1C4Z_PD59A,1.4097668,2.4592978954315186,1,1C4Z_ABC_D
1C4Z_FD60A,3.0141566,3.012709617614746,1,1C4Z_ABC_D
1C4Z_KD61A,0.29308376,0.14912712574005127,1,1C4Z_ABC_D
1C4Z_KD61E,0.72502816,0.45513227581977844,1,1C4Z_ABC_D
1C4Z_ED90A,-0.43484148,-0.04177447780966759,1,1C4Z_ABC_D
1C4Z_ED90R,-1.0029143,-0.865389347076416,1,1C4Z_ABC_D
1C4Z_WD92A,0.82131284,2.4045445919036865,1,1C4Z_ABC_D
1C4Z_KD93A,1.1356846,0.5197147130966187,1,1C4Z_ABC_D
1C4Z_KD93E,1.1695483,0.6089987754821777,1,1C4Z_ABC_D
1C4Z_PD94A,0.85021865,0.5102562308311462,1,1C4Z_ABC_D
1C4Z_AD95G,0.41065642,0.35290586948394775,1,1C4Z_ABC_D
1C4Z_KD97A,1.3017501,0.7228065133094788,1,1C4Z_ABC_D
1C4Z_KD97E,1.4206378,0.624610424041748,1,1C4Z_ABC_D
1C4Z_VA138A,0.56609464,1.2350105047225952,1,1C4Z_ABC_D
1C4Z_LA139A,1.2169697,1.9342576265335083,1,1C4Z_ABC_D
1C4Z_QA141A,-0.38742003,-0.24891921877861023,1,1C4Z_ABC_D
1C4Z_SA142A,0.41065642,-0.021685659885406494,1,1C4Z_ABC_D
1C4Z_LA143A,0.9991104,1.2970434427261353,1,1C4Z_ABC_D
1C4Z_DA145A,-0.38742003,0.3831658363342285,1,1C4Z_ABC_D
1C4Z_DA145K,0.20774736,0.20521485805511475,1,1C4Z_ABC_D
1C4Z_LA146A,1.9741712,2.8988277912139893,1,1C4Z_ABC_D
1C4Z_YA149A,1.2884359,1.0972356796264648,1,1C4Z_ABC_D
1C4Z_DA156A,0.5186732,0.26828891038894653,1,1C4Z_ABC_D
1C4Z_DA156R,1.3759032,0.5109450817108154,1,1C4Z_ABC_D
1C4Z_MA157A,1.9302658,0.7035688161849976,1,1C4Z_ABC_D
1C4Z_MA158A,0.7588918,0.5681687593460083,1,1C4Z_ABC_D
1C4Z_IA159A,0.41065642,0.9554998874664307,1,1C4Z_ABC_D
1C4Z_TA160A,0.56609464,1.2082042694091797,1,1C4Z_ABC_D
1C4Z_IA163A,-0.08935532,-0.00831742212176323,1,1C4Z_ABC_D
1C4Z_SA164A,-0.41065642,0.05319212004542351,1,1C4Z_ABC_D
1C4Z_TA166A,-0.13220184,-0.25966399908065796,1,1C4Z_ABC_D
1C4Z_MA174A,-0.5732471,0.3008052110671997,1,1C4Z_ABC_D
1C4Z_FA194A,1.5964372,2.2457845211029053,1,1C4Z_ABC_D
1C4Z_YA198L,0.82131284,-0.29350268840789795,1,1C4Z_ABC_D
"1C4Z_SA243P,NA245P",-0.07573514,1.1862711906433105,2,1C4Z_ABC_D
1C4Z_CA324A,0.10801677,0.17516367137432098,1,1C4Z_ABC_D
1CBW_TI11A,0.19993937,-0.07806568592786789,1,1CBW_FGH_I
1CBW_GI12A,0.60159636,2.856611728668213,1,1CBW_FGH_I
1CBW_PI13A,-0.09973059,-0.3183039426803589,1,1CBW_FGH_I
1CBW_KI15A,2.0023954,8.537520408630371,1,1CBW_FGH_I
1CBW_RI17A,0.50138694,1.7269692420959473,1,1CBW_FGH_I
1CBW_II19A,0.099613056,0.5040760040283203,1,1CBW_FGH_I
1CBW_RI20A,0.3009684,1.4626333713531494,1,1CBW_FGH_I
1CBW_VI34A,0.0,0.5925351977348328,1,1CBW_FGH_I
1CBW_YI35A,0.80115587,2.743187189102173,1,1CBW_FGH_I
1CBW_GI36A,0.90120554,4.148286819458008,1,1CBW_FGH_I
1CBW_GI37A,0.80115587,1.2829570770263672,1,1CBW_FGH_I
1CBW_RI39A,0.19993937,1.0086325407028198,1,1CBW_FGH_I
1CBW_KI46A,0.099613056,0.0323549285531044,1,1CBW_FGH_I
1CBW_TI11A,0.22198787,-0.07806568592786789,1,1CBW_FGH_I
1CBW_GI12A,0.6857352,2.856611728668213,1,1CBW_FGH_I
1CBW_PI13A,-0.056466706,-0.3183039426803589,1,1CBW_FGH_I
1CBW_KI15A,2.0150461,8.537520408630371,1,1CBW_FGH_I
1CBW_RI17A,0.5535334,1.7269692420959473,1,1CBW_FGH_I
1CBW_II18A,1.4157212,1.966411828994751,1,1CBW_FGH_I
1CBW_II19A,0.14287694,0.5040760040283203,1,1CBW_FGH_I
1CBW_RI20A,0.35418972,1.4626333713531494,1,1CBW_FGH_I
1CBW_FI33A,0.14287694,0.13375338912010193,1,1CBW_FGH_I
1CBW_VI34A,0.051550064,0.5925351977348328,1,1CBW_FGH_I
1CBW_YI35A,0.88507885,2.743187189102173,1,1CBW_FGH_I
1CBW_GI36A,0.96418977,4.148286819458008,1,1CBW_FGH_I
1CBW_GI37A,0.82131284,1.2829570770263672,1,1CBW_FGH_I
1CBW_RI39A,0.22198787,1.0086325407028198,1,1CBW_FGH_I
1CBW_KI46A,0.14287694,0.0323549285531044,1,1CBW_FGH_I
1CBW_KI15G,4.1564913,10.10763168334961,1,1CBW_FGH_I
1CBW_KI15A,2.210915,8.537520408630371,1,1CBW_FGH_I
1CBW_KI15S,3.4258387,6.684869766235352,1,1CBW_FGH_I
1CBW_KI15V,2.1575518,9.114840507507324,1,1CBW_FGH_I
1CBW_KI15T,2.107856,8.330492973327637,1,1CBW_FGH_I
1CBW_KI15D,5.2708025,9.25307559967041,1,1CBW_FGH_I
1CBW_KI15N,1.3375993,7.038050174713135,1,1CBW_FGH_I
1CBW_KI15M,-1.441799,7.093075275421143,1,1CBW_FGH_I
1CBW_KI15I,2.9615908,8.577496528625488,1,1CBW_FGH_I
1CBW_KI15L,-1.5974151,7.081482410430908,1,1CBW_FGH_I
1CBW_KI15E,3.9066315,8.632627487182617,1,1CBW_FGH_I
1CBW_KI15Q,0.3088434,7.135528564453125,1,1CBW_FGH_I
1CBW_KI15H,0.10016961,6.81483268737793,1,1CBW_FGH_I
1CBW_KI15R,-0.6204862,2.3220720291137695,1,1CBW_FGH_I
1CBW_KI15F,-1.9846573,7.062480926513672,1,1CBW_FGH_I
1CBW_KI15Y,-2.6414866,5.917091369628906,1,1CBW_FGH_I
1CBW_KI15W,-2.4610353,7.0617170333862305,1,1CBW_FGH_I
1CHO_LI15G,6.0853734,6.082984924316406,1,1CHO_EFG_I
1CHO_LI15A,4.76622,3.8493540287017822,1,1CHO_EFG_I
1CHO_LI15S,4.9868517,5.1772685050964355,1,1CHO_EFG_I
1CHO_LI15C,2.6424344,0.7376288175582886,1,1CHO_EFG_I
1CHO_LI15V,4.2735558,3.6316545009613037,1,1CHO_EFG_I
1CHO_LI15T,4.4848685,3.857170343399048,1,1CHO_EFG_I
1CHO_LI15P,8.801906,7.538515567779541,1,1CHO_EFG_I
1CHO_LI15I,4.4790316,4.800363540649414,1,1CHO_EFG_I
1CHO_LI15M,0.3806232,0.268192857503891,1,1CHO_EFG_I
1CHO_LI15N,3.357031,3.339988946914673,1,1CHO_EFG_I
1CHO_LI15D,7.2014785,6.7723846435546875,1,1CHO_EFG_I
1CHO_LI15K,4.4731364,1.6345889568328857,1,1CHO_EFG_I
1CHO_LI15Q,2.9533494,2.3591694831848145,1,1CHO_EFG_I
1CHO_LI15E,6.6586204,6.465169906616211,1,1CHO_EFG_I
1CHO_LI15H,3.0007117,2.138662099838257,1,1CHO_EFG_I
1CHO_LI15F,-1.5017474,0.15122762322425842,1,1CHO_EFG_I
1CHO_LI15R,4.0066056,2.042060136795044,1,1CHO_EFG_I
1CHO_LI15Y,-2.225073,0.6306805610656738,1,1CHO_EFG_I
1CHO_LI15W,-1.6909488,1.4747058153152466,1,1CHO_EFG_I
1CHO_AI12G,0.066014394,0.43982571363449097,1,1CHO_EFG_I
1CHO_AI12S,0.066014394,-0.2781068682670593,1,1CHO_EFG_I
1CHO_AI12C,-0.3267778,-0.5482905507087708,1,1CHO_EFG_I
1CHO_AI12V,0.9535147,-0.6229798197746277,1,1CHO_EFG_I
1CHO_AI12T,0.96907717,-0.4880470633506775,1,1CHO_EFG_I
1CHO_AI12P,3.1089654,1.4291437864303589,1,1CHO_EFG_I
1CHO_AI12L,0.14070073,-0.7818018794059753,1,1CHO_EFG_I
1CHO_AI12I,0.6553633,-1.04010808467865,1,1CHO_EFG_I
1CHO_AI12M,0.14070073,-1.1480406522750854,1,1CHO_EFG_I
1CHO_AI12N,-0.28890854,0.39134976267814636,1,1CHO_EFG_I
1CHO_AI12D,0.0,-0.4691754877567291,1,1CHO_EFG_I
1CHO_AI12K,2.4987283,0.33889031410217285,1,1CHO_EFG_I
1CHO_AI12Q,0.44245148,-0.29486745595932007,1,1CHO_EFG_I
1CHO_AI12E,0.22500719,-0.33766788244247437,1,1CHO_EFG_I
1CHO_AI12H,-0.3267778,-0.23536978662014008,1,1CHO_EFG_I
1CHO_AI12F,-0.73548216,-1.1916049718856812,1,1CHO_EFG_I
1CHO_AI12R,0.4685549,-0.03511427342891693,1,1CHO_EFG_I
1CHO_AI12Y,-0.87553114,-0.8929016590118408,1,1CHO_EFG_I
1CHO_AI12W,-1.9253305,-1.81239652633667,1,1CHO_EFG_I
1CHO_TI14G,5.2944493,4.374485969543457,1,1CHO_EFG_I
1CHO_TI14A,4.158528,2.5692505836486816,1,1CHO_EFG_I
1CHO_TI14S,2.3505473,2.079803466796875,1,1CHO_EFG_I
1CHO_TI14C,3.329099,2.298938274383545,1,1CHO_EFG_I
1CHO_TI14V,3.5814502,2.029120922088623,1,1CHO_EFG_I
1CHO_TI14P,4.233214,2.944288730621338,1,1CHO_EFG_I
1CHO_TI14L,4.4166107,2.174924850463867,1,1CHO_EFG_I
1CHO_TI14I,3.6518238,0.731360673904419,1,1CHO_EFG_I
1CHO_TI14M,3.954937,1.8690866231918335,1,1CHO_EFG_I
1CHO_TI14N,4.3175206,2.5980074405670166,1,1CHO_EFG_I
1CHO_TI14D,6.8208556,3.5491254329681396,1,1CHO_EFG_I
1CHO_TI14K,4.092513,1.5769230127334595,1,1CHO_EFG_I
1CHO_TI14Q,3.6818569,2.5617260932922363,1,1CHO_EFG_I
1CHO_TI14E,6.4257617,3.1524481773376465,1,1CHO_EFG_I
1CHO_TI14H,3.6518238,2.9346656799316406,1,1CHO_EFG_I
1CHO_TI14F,4.233214,2.1148972511291504,1,1CHO_EFG_I
1CHO_TI14R,3.8840897,1.7442286014556885,1,1CHO_EFG_I
1CHO_TI14Y,4.4731364,1.9979475736618042,1,1CHO_EFG_I
1CHO_TI14W,4.158528,2.293074131011963,1,1CHO_EFG_I
1CHO_EI16G,3.622681,2.415797710418701,1,1CHO_EFG_I
1CHO_EI16A,2.3332484,1.5984094142913818,1,1CHO_EFG_I
1CHO_EI16S,2.7943566,1.9261181354522705,1,1CHO_EFG_I
1CHO_EI16C,2.7283423,1.509618878364563,1,1CHO_EFG_I
1CHO_EI16V,2.4394336,0.7163869142532349,1,1CHO_EFG_I
1CHO_EI16T,2.9093847,1.5926730632781982,1,1CHO_EFG_I
1CHO_EI16P,2.590766,1.9299187660217285,1,1CHO_EFG_I
1CHO_EI16L,2.8690429,1.4732919931411743,1,1CHO_EFG_I
1CHO_EI16I,2.6424344,0.30988162755966187,1,1CHO_EFG_I
1CHO_EI16M,2.698309,1.1524426937103271,1,1CHO_EFG_I
1CHO_EI16N,2.3332484,1.3287264108657837,1,1CHO_EFG_I
1CHO_EI16D,0.8817595,0.10388714075088501,1,1CHO_EFG_I
1CHO_EI16K,3.5946455,1.3448635339736938,1,1CHO_EFG_I
1CHO_EI16Q,1.3341379,1.0133951902389526,1,1CHO_EFG_I
1CHO_EI16H,2.089729,1.3087214231491089,1,1CHO_EFG_I
1CHO_EI16F,3.622681,1.920741319656372,1,1CHO_EFG_I
1CHO_EI16R,3.6818569,1.2787824869155884,1,1CHO_EFG_I
1CHO_EI16Y,2.669166,1.202573537826538,1,1CHO_EFG_I
1CHO_EI16W,3.1600215,1.5629825592041016,1,1CHO_EFG_I
1CHO_YI17G,3.1761072,4.015142440795898,1,1CHO_EFG_I
1CHO_YI17A,2.543463,3.275614023208618,1,1CHO_EFG_I
1CHO_YI17S,2.8690429,2.9248316287994385,1,1CHO_EFG_I
1CHO_YI17C,2.543463,2.0483715534210205,1,1CHO_EFG_I
1CHO_YI17V,3.4637473,3.005855083465576,1,1CHO_EFG_I
1CHO_YI17T,3.3040621,4.368451118469238,1,1CHO_EFG_I
1CHO_YI17P,8.56565,6.36195707321167,1,1CHO_EFG_I
1CHO_YI17L,0.6844466,1.3302135467529297,1,1CHO_EFG_I
1CHO_YI17I,2.1092622,2.2120702266693115,1,1CHO_EFG_I
1CHO_YI17M,1.2265949,1.8172926902770996,1,1CHO_EFG_I
1CHO_YI17N,3.0007117,3.9134116172790527,1,1CHO_EFG_I
1CHO_YI17D,6.296296,3.74865984916687,1,1CHO_EFG_I
1CHO_YI17K,3.1654322,3.7379872798919678,1,1CHO_EFG_I
1CHO_YI17Q,3.154561,3.4191410541534424,1,1CHO_EFG_I
1CHO_YI17E,5.0159945,3.827085018157959,1,1CHO_EFG_I
1CHO_YI17H,1.5891783,2.057743549346924,1,1CHO_EFG_I
1CHO_YI17F,0.1810425,0.154313862323761,1,1CHO_EFG_I
1CHO_YI17R,2.9093847,3.0539207458496094,1,1CHO_EFG_I
1CHO_YI17W,0.3923553,0.8678587675094604,1,1CHO_EFG_I
1CHO_RI18G,3.4861066,1.6693785190582275,1,1CHO_EFG_I
1CHO_RI18A,3.1917677,0.5198553204536438,1,1CHO_EFG_I
1CHO_RI18S,3.1865933,0.7468239665031433,1,1CHO_EFG_I
1CHO_RI18C,3.5196218,0.6168049573898315,1,1CHO_EFG_I
1CHO_RI18V,2.0660954,0.47863972187042236,1,1CHO_EFG_I
1CHO_RI18T,2.669166,0.43992775678634644,1,1CHO_EFG_I
1CHO_RI18P,7.2894106,7.447846412658691,1,1CHO_EFG_I
1CHO_RI18L,2.8305109,0.5430047512054443,1,1CHO_EFG_I
1CHO_RI18I,2.1092622,0.7617610692977905,1,1CHO_EFG_I
1CHO_RI18M,2.615803,0.701124370098114,1,1CHO_EFG_I
1CHO_RI18N,3.5196218,0.7311944365501404,1,1CHO_EFG_I
1CHO_RI18D,3.7830768,1.3850009441375732,1,1CHO_EFG_I
1CHO_RI18K,0.6627691,0.05554334446787834,1,1CHO_EFG_I
1CHO_RI18Q,2.4784715,0.49718034267425537,1,1CHO_EFG_I
1CHO_RI18E,3.5196218,1.4141435623168945,1,1CHO_EFG_I
1CHO_RI18H,2.7943566,1.0568194389343262,1,1CHO_EFG_I
1CHO_RI18F,2.9533494,0.7214425206184387,1,1CHO_EFG_I
1CHO_RI18Y,3.0007117,1.052863597869873,1,1CHO_EFG_I
1CHO_RI18W,2.4394336,1.1429561376571655,1,1CHO_EFG_I
1CHO_PI11G,0.63643354,0.18033595383167267,1,1CHO_EFG_I
1CHO_PI11A,0.3806232,-0.17542433738708496,1,1CHO_EFG_I
1CHO_PI11S,-0.44068965,-0.07012524455785751,1,1CHO_EFG_I
1CHO_PI11C,-0.9835479,-0.10789602994918823,1,1CHO_EFG_I
1CHO_PI11V,-0.5496551,0.06562930345535278,1,1CHO_EFG_I
1CHO_PI11T,-0.5496551,-0.2381720244884491,1,1CHO_EFG_I
1CHO_PI11L,-0.52455926,-0.006934531033039093,1,1CHO_EFG_I
1CHO_PI11I,-0.5110632,0.07563692331314087,1,1CHO_EFG_I
1CHO_PI11M,-0.8281097,-0.31877297163009644,1,1CHO_EFG_I
1CHO_PI11N,-0.7799875,-0.033518724143505096,1,1CHO_EFG_I
1CHO_PI11D,-0.8513461,-0.8873583078384399,1,1CHO_EFG_I
1CHO_PI11K,0.38651827,0.05812498927116394,1,1CHO_EFG_I
1CHO_PI11Q,-0.72773755,-0.25529563426971436,1,1CHO_EFG_I
1CHO_PI11E,-0.72009295,-0.769428014755249,1,1CHO_EFG_I
1CHO_PI11H,-0.11253932,0.09084819257259369,1,1CHO_EFG_I
1CHO_PI11F,-0.30754066,0.071103036403656,1,1CHO_EFG_I
1CHO_PI11R,0.39813536,0.16202522814273834,1,1CHO_EFG_I
1CHO_PI11Y,-0.39509395,0.0071943774819374084,1,1CHO_EFG_I
1CHO_PI11W,-0.20842354,-0.08263501524925232,1,1CHO_EFG_I
1CHO_KI10G,1.8224223,-0.9591624140739441,1,1CHO_EFG_I
1CHO_KI10A,0.1810425,-1.2491414546966553,1,1CHO_EFG_I
1CHO_KI10S,-0.42663875,-2.115126132965088,1,1CHO_EFG_I
1CHO_KI10C,0.50326914,-0.8269884586334229,1,1CHO_EFG_I
1CHO_KI10V,1.201936,-0.20030401647090912,1,1CHO_EFG_I
1CHO_KI10T,0.3806232,-1.2236508131027222,1,1CHO_EFG_I
1CHO_KI10P,2.0763397,0.7009152173995972,1,1CHO_EFG_I
1CHO_KI10L,0.3806232,-0.8098423480987549,1,1CHO_EFG_I
1CHO_KI10I,1.5452136,-0.18213877081871033,1,1CHO_EFG_I
1CHO_KI10M,0.4262189,-0.6739219427108765,1,1CHO_EFG_I
1CHO_KI10N,-0.36098656,-0.5373083353042603,1,1CHO_EFG_I
1CHO_KI10D,-0.5110632,-1.0612027645111084,1,1CHO_EFG_I
1CHO_KI10Q,-0.5728915,-0.39189043641090393,1,1CHO_EFG_I
1CHO_KI10E,0.1810425,-0.08773079514503479,1,1CHO_EFG_I
1CHO_KI10H,0.14070073,-0.13031534850597382,1,1CHO_EFG_I
1CHO_KI10F,1.0933266,-0.4034610688686371,1,1CHO_EFG_I
1CHO_KI10R,-0.37779483,-0.3568764925003052,1,1CHO_EFG_I
1CHO_KI10Y,1.0752625,-0.39682114124298096,1,1CHO_EFG_I
1CHO_KI10W,1.0195291,-0.36827051639556885,1,1CHO_EFG_I
1CHO_GI29A,-1.0918018,0.5797637701034546,1,1CHO_EFG_I
1CHO_GI29S,-0.13757624,0.40017253160476685,1,1CHO_EFG_I
1CHO_GI29C,2.543463,0.6706712245941162,1,1CHO_EFG_I
1CHO_GI29V,0.70192426,2.524718999862671,1,1CHO_EFG_I
1CHO_GI29T,2.0763397,1.8961538076400757,1,1CHO_EFG_I
1CHO_GI29P,0.32409725,0.0733577311038971,1,1CHO_EFG_I
1CHO_GI29L,1.7506894,2.0354092121124268,1,1CHO_EFG_I
1CHO_GI29I,2.3673556,2.9428906440734863,1,1CHO_EFG_I
1CHO_GI29M,1.6365405,1.2431514263153076,1,1CHO_EFG_I
1CHO_GI29N,0.9535147,0.8743675351142883,1,1CHO_EFG_I
1CHO_GI29D,3.1089654,0.7881629467010498,1,1CHO_EFG_I
1CHO_GI29K,1.5891783,2.075418710708618,1,1CHO_EFG_I
1CHO_GI29Q,2.3837001,0.9571429491043091,1,1CHO_EFG_I
1CHO_GI29E,2.615803,0.5541857481002808,1,1CHO_EFG_I
1CHO_GI29H,-0.9835479,1.152964472770691,1,1CHO_EFG_I
1CHO_GI29F,0.102168605,0.34073910117149353,1,1CHO_EFG_I
1CHO_GI29R,1.7447942,2.0449516773223877,1,1CHO_EFG_I
1CHO_GI29Y,-0.9835479,0.20920848846435547,1,1CHO_EFG_I
1CHO_GI29W,1.0566305,0.48677384853363037,1,1CHO_EFG_I
1CHO_NI33G,-1.3942044,0.6006335020065308,1,1CHO_EFG_I
1CHO_NI33A,-1.3641711,0.5527516603469849,1,1CHO_EFG_I
1CHO_NI33S,-1.4767104,0.5178787708282471,1,1CHO_EFG_I
1CHO_NI33C,-0.11253932,0.5190680027008057,1,1CHO_EFG_I
1CHO_NI33V,0.032861583,0.3822507858276367,1,1CHO_EFG_I
1CHO_NI33T,-1.2981567,0.38525938987731934,1,1CHO_EFG_I
1CHO_NI33P,-1.8340036,1.352576494216919,1,1CHO_EFG_I
1CHO_NI33L,0.61687887,1.2953935861587524,1,1CHO_EFG_I
1CHO_NI33I,-0.030033236,0.35832133889198303,1,1CHO_EFG_I
1CHO_NI33M,-0.20842354,0.48915281891822815,1,1CHO_EFG_I
1CHO_NI33D,-1.0400739,0.1468801498413086,1,1CHO_EFG_I
1CHO_NI33K,2.3332484,1.144471526145935,1,1CHO_EFG_I
1CHO_NI33Q,-0.1848793,0.09634354710578918,1,1CHO_EFG_I
1CHO_NI33E,2.3332484,0.020068641752004623,1,1CHO_EFG_I
1CHO_NI33H,-0.73548216,-0.08367253094911575,1,1CHO_EFG_I
1CHO_NI33F,2.3673556,-0.029602479189634323,1,1CHO_EFG_I
1CHO_NI33R,1.5891783,1.3558406829833984,1,1CHO_EFG_I
1CHO_NI33Y,2.566107,-0.06727041304111481,1,1CHO_EFG_I
1CHO_NI33W,2.178687,0.06174445152282715,1,1CHO_EFG_I
"1CHO_TI14K,LI15R",7.4721394,1.8094911575317383,2,1CHO_EFG_I
"1CHO_TI14R,LI15R",7.226585,1.893143653869629,2,1CHO_EFG_I
"1CHO_AI12R,LI15R",4.9771667,1.0034730546176434,2,1CHO_EFG_I
"1CHO_AI12R,TI14K,LI15R",7.9873977,1.194623239338398,3,1CHO_EFG_I
"1CHO_AI12R,TI14P,LI15R",8.92,1.650411772231261,3,1CHO_EFG_I
"1CHO_PI11S,AI12R,TI14P,LI15R",8.483975,1.220277413725853,4,1CHO_EFG_I
"1CHO_KI10R,AI12R,TI14K,LI15R",8.02713,0.8067482989281416,4,1CHO_EFG_I
"1CHO_KI10R,PI11F,AI12R,TI14K,LI15R",8.097978,0.6596191421151161,5,1CHO_EFG_I
"1CHO_PI11S,AI12L,TI14K,LI15R",7.297601,0.6917637381702662,4,1CHO_EFG_I
"1CHO_AI12R,TI14K,LI15R,EI16S",8.392895,1.3774970825761557,4,1CHO_EFG_I
"1CHO_EI7D,AI12V,TI14P,EI16D,RI18M,NI25S,GI29S,NI42S,SI48R",7.3336806,0.3678974273304145,9,1CHO_EFG_I
"1CHO_TI14P,LI15K,EI16D,LI20V,SI48N,HI49R",7.001898,1.2197744225462277,6,1CHO_EFG_I
"1CHO_TI14P,LI15K,EI16D,LI20V,SI48N",7.144953,1.0881475657224655,5,1CHO_EFG_I
"1CHO_TI14P,LI15K,EI16D,LI20V,GI29S,SI48N",7.52278,0.9734852239489555,6,1CHO_EFG_I
"1CHO_EI7G,KI10Q,PI11S,TI14P,LI15Q,EI16D,RI18V,LI20F,GI29S,VI39A,EI40D",7.505302,0.6337978467345238,11,1CHO_EFG_I
"1CHO_EI7D,YI8H,AI12V,TI14S,RI18M,NI25S,GI29S,NI33D",4.871824,0.3790486054494977,8,1CHO_EFG_I
"1CHO_EI7D,AI12V,TI14S,RI18M,NI25S,GI29N,NI33D,SI48G",4.364883,0.5360696250572801,8,1CHO_EFG_I
"1CHO_EI7D,AI12V,TI14S,RI18M,NI25S,GI29S,EI40D",5.4566846,0.38927637147051947,7,1CHO_EFG_I
"1CHO_VI3I,EI7D,AI12V,TI14S,RI18M,NI25S,GI29S,EI40D,TI46I",5.426651,0.36381246770421666,9,1CHO_EFG_I
"1CHO_EI7D,AI12V,TI14S,RI18M,NI25S,GI29S,VI39A,EI40D",4.9868517,0.4412568984553218,8,1CHO_EFG_I
"1CHO_EI7D,RI18M,KI26Q,GI29S,NI33S,EI40D",1.3049951,0.3214406184852123,6,1CHO_EFG_I
"1CHO_RI18M,KI26Q,GI29S,EI40D",3.0007117,0.3580999933183193,4,1CHO_EFG_I
"1CHO_EI7D,RI18M,EI40D",2.543463,0.2640098457535108,3,1CHO_EFG_I
"1CHO_EI7D,KI10R,AI12D,RI18M,EI40D",2.4208016,-0.00680461972951889,5,1CHO_EFG_I
"1CHO_EI7D,RI18M,KI31R,EI40D",2.4574976,0.18183608911931515,4,1CHO_EFG_I
"1CHO_EI7G,LI15M,RI18M,EI40D",2.698309,0.3067033626139164,4,1CHO_EFG_I
"1CHO_EI7D,LI15M,RI18M,EI40D",2.7283423,0.2650554496794939,4,1CHO_EFG_I
"1CHO_EI7D,LI15V,RI18M,GI29D,EI40D",9.519164,1.042368932068348,5,1CHO_EFG_I
"1CHO_EI7D,LI15V,RI18M,EI40D",6.612432,1.1059204135090113,4,1CHO_EFG_I
"1CHO_EI7D,TI14R,LI15M,RI18M,EI40D",6.531947,0.5608900800347328,5,1CHO_EFG_I
"1CHO_EI7G,LI15M,RI18M,EI40D,KI52E",1.891047,0.2780666410923004,5,1CHO_EFG_I
"1CHO_DI4N,EI7G,LI15M,RI18M,EI40D,KI52E",1.9137491,0.2810843239227931,6,1CHO_EFG_I
"1CHO_EI7D,AI12V,TI14S,RI18M,NI25S,GI29S,NI33D,EI40D,TI46N",4.2735558,0.3370442713300387,9,1CHO_EFG_I
"1CHO_EI7D,AI12V,TI14S,RI18M,NI25S,GI29S,NI33D,EI40D",4.4166107,0.3589769368991256,8,1CHO_EFG_I
"1CHO_EI7D,AI12V,TI14S,RI18M,NI25S,GI29S,NI33D,VI38F,EI40D,TI46S",4.233214,0.23775051012635232,10,1CHO_EFG_I
"1CHO_AI12V,TI14S,RI18M,NI25S,KI26Q,GI29S,KI31E,EI40D",6.6359763,0.35247296653687954,8,1CHO_EFG_I
"1CHO_EI7D,YI8H,TI14L,LI15Q,YI17Q,RI18K,LI20I,GI29D,NI33S,EI40D",11.0540695,0.9769098181277514,10,1CHO_EFG_I
"1CHO_EI7D,YI8H,TI14L,LI15Q,YI17Q,RI18K,GI29D,NI33S,EI40D",11.138376,1.0754264299240377,9,1CHO_EFG_I
1CHO_LI15M,0.32409725,0.268192857503891,1,1CHO_EFG_I
"1CHO_LI15M,TI46N,KI52T",0.6553633,0.06097160776456197,3,1CHO_EFG_I
"1CHO_NI25S,GI29A",-0.86090195,0.3278358653187752,2,1CHO_EFG_I
"1CHO_AI12D,GI29A",-0.86573833,0.05529400706291199,2,1CHO_EFG_I
"1CHO_AI12D,GI29A,NI30S",-0.030033236,0.02266036594907443,3,1CHO_EFG_I
1CHO_GI29A,-0.771643,0.5797637701034546,1,1CHO_EFG_I
"1CHO_TI14M,LI15S,GI29V",8.988038,3.1903579235076904,3,1CHO_EFG_I
"1CHO_RI18V,LI20I",2.167183,0.2844499573111534,2,1CHO_EFG_I
"1CHO_LI15S,RI18V,LI20I",7.224715,1.9153888374567032,3,1CHO_EFG_I
1CHO_NI25S,0.0,0.07590772211551666,1,1CHO_EFG_I
"1CHO_LI15M,LI20V,KI26I,EI40K",1.0373933,0.23872564965859056,4,1CHO_EFG_I
"1CHO_AI12G,LI15M,LI20V,KI26I,EI40K",1.1143005,0.27894568629562855,5,1CHO_EFG_I
"1CHO_LI15M,NI33D,SI48N",-0.4824116,0.22101330757141113,3,1CHO_EFG_I
"1CHO_EI7D,KI10M,LI15M,LI20V",0.5268759,0.020661069080233574,4,1CHO_EFG_I
"1CHO_EI7G,LI15M,YI17S,LI20I,KI26T,GI29S,HI49Y,FI50P,KI52V",2.7943566,0.5682421574989954,9,1CHO_EFG_I
"1CHO_AI12T,LI15M",0.92348146,-0.10992665588855743,2,1CHO_EFG_I
"1CHO_LI15M,TI27S,GI29D",3.5814502,0.5434877177079519,3,1CHO_EFG_I
"1CHO_AI12D,LI15A,YI17D",10.913369,2.3762791752815247,3,1CHO_EFG_I
"1CHO_LI15M,SI48N,HI49R,KI52Q",0.27236938,0.6546453982591629,4,1CHO_EFG_I
"1CHO_LI15M,HI49R",0.14070073,1.0730504840612411,2,1CHO_EFG_I
"1CHO_LI15M,HI49R,KI52E",-0.44068965,0.7698735743761063,3,1CHO_EFG_I
"1CHO_LI15M,SI48N",0.3806232,0.25807951390743256,2,1CHO_EFG_I
"1CHO_YI8H,YI17D,TI27I,GI29S,NI33D,VI39L",6.88687,1.0201703508694966,6,1CHO_EFG_I
1CHO_YI17H,1.4301856,2.057743549346924,1,1CHO_EFG_I
"1CHO_LI15M,YI17Q",3.5196218,1.8436667770147324,2,1CHO_EFG_I
"1CHO_LI15M,GI29D",3.4198418,0.5281776338815689,2,1CHO_EFG_I
"1CHO_LI15M,YI17H,KI26Q,GI29D",4.233214,0.8331650868058205,4,1CHO_EFG_I
"1CHO_EI7D,TI14L,RI18M,GI29D,NI33S,EI40D,TI46S",9.22242,0.5994805981005941,7,1CHO_EFG_I
"1CHO_AI12G,TI14M,LI15M,YI17R,RI18L,GI29N,NI30D,SI48N,KI52E",9.2045555,0.8375759190983243,9,1CHO_EFG_I
"1CHO_EI7D,RI18M,LI20F,NI25S,GI29S,EI40D",2.669166,0.22552169238527617,6,1CHO_EFG_I
"1CHO_EI7G,KI10Q,TI14S,RI18V,LI20F,GI29S,NI33D,VI39A,EI40D",1.6365405,0.42902710868252647,9,1CHO_EFG_I
"1CHO_EI7D,TI14S,EI16D,RI18M,NI25S,GI29S,EI40D,GI51E",7.660467,0.5414751255884767,8,1CHO_EFG_I
"1CHO_EI7D,AI12V,YI17E,RI18M,EI40D",7.82404,0.7992267683148384,5,1CHO_EFG_I
"1CHO_EI7D,AI12V,TI14S,RI18M,VI39A,EI40D",5.248261,0.5089956782758236,6,1CHO_EFG_I
"1CHO_DI4N,EI7D,AI12V,TI14S,EI16L,RI18M,VI39A,EI40D",6.459869,0.6029297756031156,8,1CHO_EFG_I
"1CHO_YI8H,EI16D,LI20I,NI25S,GI29S,NI33D,VI39M,EI40D",0.14070073,0.23864001035690308,8,1CHO_EFG_I
"1CHO_EI7D,AI12V,EI16D,RI18M,KI26T,GI29S,EI40D,LI45I",5.6816916,0.15031817462295294,8,1CHO_EFG_I
"1CHO_EI7D,AI12V,TI14S,EI16D,RI18M,KI26T,GI29N,NI33I,EI40D,LI45I",7.612135,0.4114867888391018,10,1CHO_EFG_I
"1CHO_EI7D,KI10R,AI12V,EI16D,RI18M,GI29S,EI40D,LI45I,KI52R",5.0300455,0.03316381822029749,9,1CHO_EFG_I
"1CHO_EI7D,AI12V,EI16D,RI18M,GI29S,EI40D,LI45I,KI52R",5.522699,0.08191886078566313,8,1CHO_EFG_I
"1CHO_AI12D,LI15A",4.8279185,1.6900885999202728,2,1CHO_EFG_I
"1CHO_TI14P,LI15K,GI29D",9.929821,1.789012849330902,3,1CHO_EFG_I
"1CHO_TI14P,LI15K",8.366069,2.289437770843506,2,1CHO_EFG_I
"1CHO_EI7D,LI15M,RI18M,GI29D,EI40D",5.637727,0.369676961004734,5,1CHO_EFG_I
1CHO_GI29V,0.5925281,2.524718999862671,1,1CHO_EFG_I
1CHO_YI17D,6.1120477,3.74865984916687,1,1CHO_EFG_I
1CHO_TI14E,4.895525,3.1524481773376465,1,1CHO_EFG_I
"1CHO_EI7D,LI15F,RI18M,EI40D",1.0373933,0.23581401444971561,4,1CHO_EFG_I
1CHO_TI14S,2.3505473,2.079803466796875,1,1CHO_EFG_I
1CHO_TI14V,3.273449,2.029120922088623,1,1CHO_EFG_I
1CHO_AI12V,0.92348146,-0.6229798197746277,1,1CHO_EFG_I
"1CHO_AI12V,TI14S",3.6101017,0.7284119725227356,2,1CHO_EFG_I
1CHO_TI14A,4.3175206,2.5692505836486816,1,1CHO_EFG_I
1CHO_LI15K,4.2735558,1.6345889568328857,1,1CHO_EFG_I
1CHO_LI15A,4.932125,3.8493540287017822,1,1CHO_EFG_I
1CHO_LI15E,6.8537173,6.465169906616211,1,1CHO_EFG_I
1CHO_LI15Q,3.5569313,2.3591694831848145,1,1CHO_EFG_I
"1CHO_TI14K,LI15R",7.3336806,1.8094911575317383,2,1CHO_EFG_I
"1CHO_TI14R,LI15R",7.2014785,1.893143653869629,2,1CHO_EFG_I
"1CHO_AI12R,LI15R",4.907029,1.0034730546176434,2,1CHO_EFG_I
"1CHO_AI12R,TI14K,LI15R",7.955413,1.194623239338398,3,1CHO_EFG_I
"1CHO_AI12R,TI14P,LI15R",8.8869505,1.650411772231261,3,1CHO_EFG_I
"1CHO_PI11S,AI12R,TI14P,LI15R",8.457396,1.220277413725853,4,1CHO_EFG_I
"1CHO_KI10T,PI11E,AI12Y",-0.94222957,-0.9619937141736349,3,1CHO_EFG_I
"1CHO_KI10T,PI11E,AI12Y,LI15G,RI18M,GI29P,NI33V",5.884189,0.621962628194264,7,1CHO_EFG_I
"1CHO_KI10S,PI11D,AI12Y",-1.033277,-1.2984616160392761,3,1CHO_EFG_I
"1CHO_KI10S,PI11D,AI12Y,LI15G,EI16I,RI18K",7.270104,0.42550394870340824,6,1CHO_EFG_I
1CSE_LI38G,2.2805772,1.902492642402649,1,1CSE_E_I
1CSE_LI38S,1.1887755,1.6318119764328003,1,1CSE_E_I
1CSE_LI38P,6.7654457,6.403351306915283,1,1CSE_E_I
1CSE_LI38I,2.9825015,2.9385194778442383,1,1CSE_E_I
1CSE_LI38D,4.411843,2.8545339107513428,1,1CSE_E_I
1CSE_LI38E,2.3827457,1.911949872970581,1,1CSE_E_I
1CSO_II13L,-4.481256,-3.1431314945220947,1,1CSO_E_I
1CT0_SI13L,-4.158235,-4.222198963165283,1,1CT0_E_I
1CT2_TI13L,-3.2047203,-3.137545347213745,1,1CT2_E_I
1CT4_VI13L,-3.0342824,-3.0300099849700928,1,1CT4_E_I
"1CZ8_LL4M,DH28T,HH31N,YH101H,TH105S",1.7956175,0.032657986879348753,5,1CZ8_HL_VW
"1CZ8_LL4M,DH28T,HH31N,YH101H,TH105S",2.8273137,0.032657986879348753,5,1CZ8_HL_VW
"1CZ8_LL4M,DH28T,HH31N,YH103R",0.6219692,0.10131421126425266,4,1CZ8_HL_VW
"1CZ8_LL4M,DH28T,HH31N",0.45153138,-0.00018692761659622192,3,1CZ8_HL_VW
"1CZ8_LL4M,DH28T,HH31N,TH105K,YH103I,GH104A",1.3641711,0.039075606813033424,6,1CZ8_HL_VW
"1CZ8_LL4M,DH28T,HH31N,YH103W",0.754171,0.026841703802347183,4,1CZ8_HL_VW
"1CZ8_LL4M,DH28T,HH31N,YH103R,GH104N",1.0326257,0.02346171885728836,5,1CZ8_HL_VW
"1CZ8_LL4M,DH28T,HH31N,YH101H,TH105S,YH54W",1.6582861,0.02575192724665006,6,1CZ8_HL_VW
"1CZ8_LL4M,YH101H,TH105S",1.1024064,0.05701312919457754,3,1CZ8_HL_VW
"1CZ8_LL4M,DH28T,HH31N,YH101H,TH105S,LH72V,TH74V",2.4665775,0.14632949445928847,7,1CZ8_HL_VW
"1CZ8_LL4M,DH28T,HH31N,YH101H,TH105S,LH72I,TH74K",1.8721693,0.1287882924079895,7,1CZ8_HL_VW
"1CZ8_LL4M,YH54W",0.5915804,-0.0007948502898216248,2,1CZ8_HL_VW
1CZ8_LL4M,0.04087496,0.007188670337200165,1,1CZ8_HL_VW
"1CZ8_LL4M,HH31N,YH101H,TH105S",1.5754839,-0.0038622841238975525,4,1CZ8_HL_VW
"1CZ8_LL4M,DH28T,YH101H,TH105S",1.0326257,0.08744461461901665,4,1CZ8_HL_VW
"1CZ8_LL4M,DH28T,HH31N,TH105S",0.21131277,0.021738624200224876,4,1CZ8_HL_VW
"1CZ8_LL4M,DH28T,HH31N,YH101H",1.4050461,0.0189436636865139,4,1CZ8_HL_VW
"1CZ8_LL4M,DH28T,HH31N,TH105N,YH103R,GH104D",0.7997668,0.027484289060036343,6,1CZ8_HL_VW
"1DAN_WT40R,ST42G",1.4816071,0.8124931752681732,2,1DAN_HL_UT
1DAN_WT40A,1.5000076,1.4509572982788086,1,1DAN_HL_UT
1DAN_ST42A,-0.1265324,0.06375394761562347,1,1DAN_HL_UT
1DAN_VT28A,-0.18582705,0.5655508041381836,1,1DAN_HL_UT
1DAN_YT46A,-0.1265324,0.22587543725967407,1,1DAN_HL_UT
1DAN_FT71A,1.1054369,0.9953077435493469,1,1DAN_HL_UT
1DAN_YT73A,0.62763864,0.5616766214370728,1,1DAN_HL_UT
1DAN_PU2A,-0.18582705,0.40255793929100037,1,1DAN_HL_UT
1DAN_YU4A,0.3116849,2.5556371212005615,1,1DAN_HL_UT
1DAN_VT31A,-0.1265324,0.3761894702911377,1,1DAN_HL_UT
1DAN_QT32A,0.72903574,0.028177620843052864,1,1DAN_HL_UT
1DAN_IT33A,-0.1265324,1.7916662693023682,1,1DAN_HL_UT
1DAN_GT38A,0.064695336,0.42018836736679077,1,1DAN_HL_UT
1DAN_KT43A,0.9207224,0.3115064799785614,1,1DAN_HL_UT
"1DAN_CT44S,CT52S",-0.32587606,3.7549766302108765,2,1DAN_HL_UT
1DAN_TT55A,2.2240758,1.7920613288879395,1,1DAN_HL_UT
"1DAN_TT55A,FU50A",4.325087,0.9390011765062809,2,1DAN_HL_UT
"1DAN_TT55A,KT15A",3.0546563,1.1044075042009354,2,1DAN_HL_UT
1DAN_DT39A,1.3799108,0.3613922894001007,1,1DAN_HL_UT
"1DAN_DT39A,WT40A",1.5072107,0.9061741232872009,2,1DAN_HL_UT
"1DAN_DT39A,FU50A",3.1733053,0.22366658225655556,2,1DAN_HL_UT
"1DAN_DT39A,KT15A",3.9962287,0.38907290995121,2,1DAN_HL_UT
"1DAN_DT39A,DT53A",3.857964,0.582493394613266,2,1DAN_HL_UT
"1DAN_DT39A,TT55A",4.159248,1.0767269730567932,2,1DAN_HL_UT
"1DAN_DT39A,KT15A,FU50A",5.735139,0.28802886853615445,3,1DAN_HL_UT
1DAN_RH125A,0.74902487,1.833115816116333,1,1DAN_HL_UT
1DAN_MH154A,0.74448496,0.9620583653450012,1,1DAN_HL_UT
1DAN_KH189A,-0.1866704,-0.06316212564706802,1,1DAN_HL_UT
1DAN_LH135A,0.015799657,1.0560431480407715,1,1DAN_HL_UT
1DAN_KT15A,2.4386024,0.41675347089767456,1,1DAN_HL_UT
1DAN_DT39A,2.145008,0.3613922894001007,1,1DAN_HL_UT
1DAN_WT40A,2.371096,1.4509572982788086,1,1DAN_HL_UT
1DAN_KT41A,0.89480805,0.5905240774154663,1,1DAN_HL_UT
1DAN_QU20A,1.3054645,0.610615074634552,1,1DAN_HL_UT
1DAN_RU45A,0.98613495,2.0980966091156006,1,1DAN_HL_UT
1DAN_FU50A,2.2154534,0.08594097942113876,1,1DAN_HL_UT
1DAN_VU113A,1.5698682,0.617609441280365,1,1DAN_HL_UT
1DAN_ST11A,-0.12980671,0.07308940589427948,1,1DAN_HL_UT
1DAN_LT54A,0.0,1.5805461406707764,1,1DAN_HL_UT
1DAN_DT56A,0.24204434,0.3995158076286316,1,1DAN_HL_UT
1DAN_ET57A,0.0,1.1898763179779053,1,1DAN_HL_UT
1DAN_IT58A,0.0,1.0795533657073975,1,1DAN_HL_UT
1DAN_VT59A,0.0,0.38924017548561096,1,1DAN_HL_UT
1DAN_QT64A,0.0,-0.27454057335853577,1,1DAN_HL_UT
1DAN_LT67A,-0.05983624,0.27327650785446167,1,1DAN_HL_UT
1DAN_EU15A,-0.05983624,1.0129550695419312,1,1DAN_HL_UT
1DAN_TU16A,-0.05983624,-0.07999015599489212,1,1DAN_HL_UT
1DAN_NU17A,0.0,0.10835717618465424,1,1DAN_HL_UT
1DAN_RU41A,0.0,0.1468309760093689,1,1DAN_HL_UT
1DAN_TU42A,0.0,0.8406795263290405,1,1DAN_HL_UT
1DAN_RU46A,-0.05983624,0.3387596011161804,1,1DAN_HL_UT
1DAN_NU48A,0.0,0.11476022005081177,1,1DAN_HL_UT
1DAN_VU56A,0.19953953,1.5309170484542847,1,1DAN_HL_UT
1DAN_FU57A,-0.05983624,1.2258278131484985,1,1DAN_HL_UT
1DAN_YU67A,0.0,1.2239538431167603,1,1DAN_HL_UT
1DAN_VU85A,0.10984251,0.09074493497610092,1,1DAN_HL_UT
1DAN_RU102A,0.46060434,3.083700180053711,1,1DAN_HL_UT
1DAN_TU103A,0.10984251,0.029621243476867676,1,1DAN_HL_UT
1DAN_VU104A,0.10984251,0.10104590654373169,1,1DAN_HL_UT
1DAN_NU105A,0.0,0.41883429884910583,1,1DAN_HL_UT
1DAN_EU114A,-0.004828486,0.12437109649181366,1,1DAN_HL_UT
1DAN_VU113A,-0.18866855,0.617609441280365,1,1DAN_HL_UT
1DAN_TU109A,0.13527155,-0.03249014914035797,1,1DAN_HL_UT
"1DAN_KU107A,DU110A",0.042667557,0.10952212288975716,2,1DAN_HL_UT
"1DAN_NU105A,RU106A",0.39998132,0.4024270325899124,2,1DAN_HL_UT
"1DAN_TU103A,VU104A",-0.14902915,0.06533337384462357,2,1DAN_HL_UT
1DAN_SU101A,-0.0028923668,0.44974541664123535,1,1DAN_HL_UT
"1DAN_SU101A,RU102A",0.6385656,1.7667225003242493,2,1DAN_HL_UT
1DAN_YU91A,-0.32986477,1.4008527994155884,1,1DAN_HL_UT
"1DAN_EU89A,NU90A",-0.09357528,0.13478373363614082,2,1DAN_HL_UT
1DAN_KU87A,0.017063797,-0.2127835899591446,1,1DAN_HL_UT
1DAN_LU82A,0.07995189,0.20333664119243622,1,1DAN_HL_UT
"1DAN_NU79A,EU80A",-0.024545847,0.36342412792146206,2,1DAN_HL_UT
1DAN_TU78A,-0.025549153,0.26369810104370117,1,1DAN_HL_UT
1DAN_KU75A,0.116610095,-0.026635322719812393,1,1DAN_HL_UT
1DAN_TU73A,0.21198563,0.6180180311203003,1,1DAN_HL_UT
"1DAN_KU71A,KU72A",-0.23973791,-0.013804972171783447,2,1DAN_HL_UT
1DAN_GU70R,-0.16279316,0.09826506674289703,1,1DAN_HL_UT
1DAN_SU69A,0.022644233,0.18885673582553864,1,1DAN_HL_UT
1DAN_WU68F,0.12289612,1.0004098415374756,1,1DAN_HL_UT
1DAN_YU66L,0.15484607,0.8780929446220398,1,1DAN_HL_UT
1DAN_IU62A,0.17879412,0.416515588760376,1,1DAN_HL_UT
"1DAN_KU59A,DU60A",-0.10151255,0.6813548803329468,2,1DAN_HL_UT
1DAN_DU55A,-0.0106751,0.7524760365486145,1,1DAN_HL_UT
1DAN_RU54A,-0.0028923668,0.2500545084476471,1,1DAN_HL_UT
1DAN_FU50A,1.2817534,0.08594097942113876,1,1DAN_HL_UT
1DAN_TU49A,-0.015591742,0.08483346551656723,1,1DAN_HL_UT
"1DAN_RU46A,NU47A,NU48A",0.20658125,0.25058932105700177,3,1DAN_HL_UT
1DAN_RU45A,0.51931405,2.0980966091156006,1,1DAN_HL_UT
1DAN_LU43A,-0.027560875,-0.1809370070695877,1,1DAN_HL_UT
"1DAN_EU40A,RU41F",-0.021546083,0.2758108377456665,2,1DAN_HL_UT
1DAN_DU39A,-0.02655416,0.9153534173965454,1,1DAN_HL_UT
1DAN_EU38A,0.08580538,0.06514540314674377,1,1DAN_HL_UT
1DAN_KU32A,-0.12360851,0.23996388912200928,1,1DAN_HL_UT
"1DAN_QU24A,EU27A",0.03364985,0.05920574069023132,2,1DAN_HL_UT
"1DAN_NU17A,QU20A",0.4144911,0.3594859205186367,2,1DAN_HL_UT
"1DAN_LU14A,EU15A",-0.46290636,0.7299264669418335,2,1DAN_HL_UT
1DAN_EU9A,-0.1755896,0.6463225483894348,1,1DAN_HL_UT
1DAN_YU4A,1.0241498,2.5556371212005615,1,1DAN_HL_UT
1DAN_KT63A,-0.07038221,0.8216381072998047,1,1DAN_HL_UT
"1DAN_KT63A,QT64A",-0.20611459,0.2735494375228882,2,1DAN_HL_UT
"1DAN_KT60A,DT61A",-0.5042317,0.598420649766922,2,1DAN_HL_UT
"1DAN_DT56A,ET57A",0.3045601,0.7946959137916565,2,1DAN_HL_UT
1DAN_DT53E,1.3802997,0.23759064078330994,1,1DAN_HL_UT
1DAN_DT53A,1.989497,0.8035942912101746,1,1DAN_HL_UT
"1DAN_DT49A,ET51A",0.43330064,0.5237445533275604,2,1DAN_HL_UT
1DAN_TT47A,0.4048575,0.2519838213920593,1,1DAN_HL_UT
1DAN_FT45A,0.4379112,1.0061779022216797,1,1DAN_HL_UT
1DAN_KT43A,0.4144911,0.3115064799785614,1,1DAN_HL_UT
1DAN_ST42A,0.043561824,0.06375394761562347,1,1DAN_HL_UT
1DAN_KT41A,0.23182406,0.5905240774154663,1,1DAN_HL_UT
"1DAN_KT41A,KT43A",1.1358544,0.4510149657726288,2,1DAN_HL_UT
1DAN_WT40F,1.2705958,0.4653317332267761,1,1DAN_HL_UT
1DAN_DT39A,0.7350139,0.3613922894001007,1,1DAN_HL_UT
1DAN_ST37A,-0.0693001,0.14256377518177032,1,1DAN_HL_UT
1DAN_KT36A,0.32156944,0.13477714359760284,1,1DAN_HL_UT
"1DAN_KT36A,DT39A",1.5714306,0.2480846717953682,2,1DAN_HL_UT
1DAN_QT32A,0.5466929,0.028177620843052864,1,1DAN_HL_UT
1DAN_KT23A,0.116610095,0.280118465423584,1,1DAN_HL_UT
1DAN_ET21A,0.10140793,0.7033902406692505,1,1DAN_HL_UT
1DAN_WT20F,0.61519825,1.3803210258483887,1,1DAN_HL_UT
1DAN_ET19A,0.6578864,0.890096127986908,1,1DAN_HL_UT
1DAN_IT17A,0.6450761,1.1810789108276367,1,1DAN_HL_UT
1DAN_TT16A,-0.15900752,0.6991358399391174,1,1DAN_HL_UT
1DAN_KT15R,1.6857406,0.8592795729637146,1,1DAN_HL_UT
1DAN_KT15A,2.5879083,0.41675347089767456,1,1DAN_HL_UT
1DAN_NT13A,0.18021487,1.7056620121002197,1,1DAN_HL_UT
1DAN_TT12A,0.12054667,1.5169206857681274,1,1DAN_HL_UT
1DAN_KT10A,-0.39734232,0.58863365650177,1,1DAN_HL_UT
1DAN_WT9F,0.69175,0.34820857644081116,1,1DAN_HL_UT
1DQJ_YC20A,3.2871795,4.390250205993652,1,1DQJ_AB_C
1DQJ_RC21A,1.1690744,1.91609525680542,1,1DQJ_AB_C
1DQJ_WC63A,1.346872,0.18924835324287415,1,1DQJ_AB_C
1DQJ_KC97A,3.5212817,2.467552900314331,1,1DQJ_AB_C
1DQJ_DC101A,1.4530574,1.7232685089111328,1,1DQJ_AB_C
1DQJ_YC20A,3.2871795,4.390250205993652,1,1DQJ_AB_C
1DQJ_RC21A,1.2595544,1.91609525680542,1,1DQJ_AB_C
1DQJ_WC62A,0.758418,1.2148406505584717,1,1DQJ_AB_C
1DQJ_WC63A,1.346872,0.18924835324287415,1,1DQJ_AB_C
1DQJ_LC75A,1.4530574,2.8040409088134766,1,1DQJ_AB_C
1DQJ_TC89A,0.84122026,0.01733303815126419,1,1DQJ_AB_C
1DQJ_NC93A,0.65016425,0.4094080924987793,1,1DQJ_AB_C
1DQJ_KC96A,6.1585765,8.11924934387207,1,1DQJ_AB_C
1DQJ_KC97A,3.5212817,2.467552900314331,1,1DQJ_AB_C
1DQJ_SC100A,0.7759302,0.5187082290649414,1,1DQJ_AB_C
1DQJ_DC101A,1.3012763,1.7232685089111328,1,1DQJ_AB_C
1DQJ_NA31A,2.0143354,1.2970932722091675,1,1DQJ_AB_C
1DQJ_NA32A,4.092513,2.970334053039551,1,1DQJ_AB_C
1DQJ_YA50A,2.6794982,2.0650863647460938,1,1DQJ_AB_C
1DQJ_SA91A,1.4325294,0.3220328092575073,1,1DQJ_AB_C
1DQJ_YA96A,1.1355592,3.2820634841918945,1,1DQJ_AB_C
1DQJ_DB32A,2.0143354,2.157565116882324,1,1DQJ_AB_C
1DQJ_YB33A,5.5269384,5.076542854309082,1,1DQJ_AB_C
1DQJ_YB50A,6.89111,4.618528842926025,1,1DQJ_AB_C
1DQJ_YB53A,1.1808065,1.8000545501708984,1,1DQJ_AB_C
1DQJ_WB98A,4.9337335,2.2210023403167725,1,1DQJ_AB_C
"1DQJ_NA32A,KC96A",5.804446,5.544791340827942,2,1DQJ_AB_C
"1DQJ_SA91A,RC21A",3.1721516,1.1190636307001114,2,1DQJ_AB_C
"1DQJ_SA91A,YC20A",3.574692,2.3561418801546097,2,1DQJ_AB_C
"1DQJ_YA96A,RC21A",3.4867601,2.599078357219696,2,1DQJ_AB_C
"1DQJ_YA96A,SC100A",0.91385627,1.9003860652446747,2,1DQJ_AB_C
"1DQJ_DB32A,KC97A",1.122886,2.312559127807617,2,1DQJ_AB_C
"1DQJ_YB53A,WC62A",1.2868841,1.5074478387832642,2,1DQJ_AB_C
"1DQJ_YB53A,WC63A",2.200217,0.9946515560150146,2,1DQJ_AB_C
"1DQJ_YB53A,LC75A",1.2174066,2.302047848701477,2,1DQJ_AB_C
"1DQJ_YB53A,DC101A",2.7283423,1.7616630792617798,2,1DQJ_AB_C
"1DQJ_WB98A,SC100A",5.364647,1.3698569238185883,2,1DQJ_AB_C
"1DQJ_WB98A,KC97A",6.6630683,2.3442779779434204,2,1DQJ_AB_C
"1DQJ_WB98A,YC20A",5.1143866,3.305627465248108,2,1DQJ_AB_C
1DVF_HA30A,1.6501209,0.43947768211364746,1,1DVF_AB_CD
1DVF_YA32A,2.0312786,1.5810421705245972,1,1DVF_AB_CD
1DVF_YA49A,1.6294519,1.0980088710784912,1,1DVF_AB_CD
1DVF_YA50A,0.68808156,1.7067580223083496,1,1DVF_AB_CD
1DVF_WA92A,0.34087563,1.5556975603103638,1,1DVF_AB_CD
1DVF_SA93A,1.1629593,0.07367768883705139,1,1DVF_AB_CD
1DVF_TB30A,0.907919,0.09575869143009186,1,1DVF_AB_CD
1DVF_YB32A,1.8322908,-0.004669250920414925,1,1DVF_AB_CD
1DVF_WB52A,4.1348495,1.137336254119873,1,1DVF_AB_CD
1DVF_DB54A,4.283173,2.4301068782806396,1,1DVF_AB_CD
1DVF_NB56A,1.1629593,0.17642387747764587,1,1DVF_AB_CD
1DVF_DB58A,1.6007212,0.14759230613708496,1,1DVF_AB_CD
1DVF_EB98A,4.188524,-1.0179170370101929,1,1DVF_AB_CD
1DVF_RB99A,1.8754846,1.027604579925537,1,1DVF_AB_CD
1DVF_DB100A,2.7907631,2.249001979827881,1,1DVF_AB_CD
1DVF_YB101F,2.0132148,0.7840031981468201,1,1DVF_AB_CD
1DVF_EB98A,4.188524,-1.0179170370101929,1,1DVF_AB_CD
1DVF_DB54A,4.283173,2.4301068782806396,1,1DVF_AB_CD
1DVF_DB58A,1.6007212,0.14759230613708496,1,1DVF_AB_CD
1DVF_YA49A,1.7292318,1.0980088710784912,1,1DVF_AB_CD
1DVF_YA32A,2.0312786,1.5810421705245972,1,1DVF_AB_CD
1DVF_NB56A,1.1629593,0.17642387747764587,1,1DVF_AB_CD
1DVF_WB52A,4.1348495,1.137336254119873,1,1DVF_AB_CD
1DVF_DB100A,2.7907631,2.249001979827881,1,1DVF_AB_CD
1DVF_YD102A,4.741557,1.790606141090393,1,1DVF_AB_CD
1DVF_YC49A,1.8614336,1.5498348474502563,1,1DVF_AB_CD
1DVF_QD104A,1.6294519,0.4646012783050537,1,1DVF_AB_CD
1DVF_ND55A,1.8614336,0.5817738771438599,1,1DVF_AB_CD
1DVF_RD106A,4.092513,1.1299870014190674,1,1DVF_AB_CD
1DVF_KD30A,1.0039666,0.11588579416275024,1,1DVF_AB_CD
1DVF_HD33A,1.8614336,0.3289884328842163,1,1DVF_AB_CD
1DVF_DD52A,1.6830434,0.9048196077346802,1,1DVF_AB_CD
1DVF_ID101A,2.6827464,0.4136611223220825,1,1DVF_AB_CD
"1DVF_EB98A,YD102A",4.6353717,0.3863447308540344,2,1DVF_AB_CD
"1DVF_DB54A,YC49A",4.4948835,1.9899708032608032,2,1DVF_AB_CD
"1DVF_DB58A,QD104A",1.4648281,0.306096613407135,2,1DVF_AB_CD
"1DVF_YA49A,ND55A",2.0312786,0.839890718460083,2,1DVF_AB_CD
"1DVF_YA32A,RD106A",4.652671,1.3555136919021606,2,1DVF_AB_CD
"1DVF_NB56A,QD104A",1.4875302,0.32051195204257965,2,1DVF_AB_CD
"1DVF_WB52A,QD104A",4.164727,0.8009681701660156,2,1DVF_AB_CD
"1DVF_DB100A,HD33A",4.1499767,1.2889959663152695,2,1DVF_AB_CD
"1DVF_DB100A,DD52A",4.3216577,1.5769117176532745,2,1DVF_AB_CD
"1DVF_YA49A,HD33A",2.6262205,0.713498517870903,2,1DVF_AB_CD
"1DVF_DB100A,ND55A",4.092513,1.4153881669044495,2,1DVF_AB_CD
"1DVF_NB56A,ND55A",2.3021233,0.3790981322526932,2,1DVF_AB_CD
"1DVF_NB56A,HD33A",2.5271306,0.2527059316635132,2,1DVF_AB_CD
1E50_DA8A,-0.4022527,1.482410192489624,1,1E50_A_B
1E50_NA11A,0.6784359,-0.12200935184955597,1,1E50_A_B
1E50_MA48A,1.3202657,0.1440523862838745,1,1E50_A_B
1E50_NA51A,2.432714,1.0560396909713745,1,1E50_A_B
1E50_YA55A,0.94499004,1.149985432624817,1,1E50_A_B
1E50_SA56A,0.97837645,-0.05652422830462456,1,1E50_A_B
1E50_TA91A,1.5130628,0.5908688902854919,1,1E50_A_B
1E50_VA101A,-0.043905415,0.061960965394973755,1,1E50_A_B
1E50_TA103A,2.185484,1.3338096141815186,1,1E50_A_B
1E50_RB32A,1.7748275,0.18895728886127472,1,1E50_A_B
1E50_VB57A,0.0,1.201452612876892,1,1E50_A_B
1E50_NB62A,0.90960926,0.9057958126068115,1,1E50_A_B
1E50_SB64A,0.11502811,0.07295666635036469,1,1E50_A_B
1E50_DA8A,-0.23009098,1.482410192489624,1,1E50_A_B
1E50_NA51A,1.4079144,1.0560396909713745,1,1E50_A_B
"1E50_DA52A,EA53A",0.39104083,0.1956312507390976,2,1E50_A_B
1E50_YA55A,0.88373387,1.149985432624817,1,1E50_A_B
1E50_RA84A,-0.19122773,0.02693873457610607,1,1E50_A_B
1E50_KA86M,0.3200857,-0.00010674656368792057,1,1E50_A_B
1E50_TA91A,1.043868,0.5908688902854919,1,1E50_A_B
1E50_NB62A,1.0200076,0.9057958126068115,1,1E50_A_B
1E50_NB99A,1.4079144,2.3053436279296875,1,1E50_A_B
1E96_NA26H,1.1045262,0.6633404493331909,1,1E96_A_B
1E96_IA33N,2.0430412,1.261767029762268,1,1E96_A_B
1E96_DA38N,2.2019746,0.3429422378540039,1,1E96_A_B
1E96_MA45T,0.3660155,0.33858633041381836,1,1E96_A_B
1E96_KA132E,-0.1898642,-0.1746874898672104,1,1E96_A_B
1E96_LA134R,-0.12744316,0.1971311867237091,1,1E96_A_B
1EAW_QA23A,-0.51891166,0.6441267728805542,1,1EAW_A_B
1EAW_IA26A,-0.8225061,2.047496795654297,1,1EAW_A_B
1EAW_IA45A,-0.19435805,-0.2654840052127838,1,1EAW_A_B
1EAW_DA46A,-0.17163107,0.6760351657867432,1,1EAW_A_B
1EAW_DA47A,1.5027753,0.36705660820007324,1,1EAW_A_B
1EAW_RA48A,0.58761454,0.11973990499973297,1,1EAW_A_B
1EAW_FA50A,-0.42881265,0.6629913449287415,1,1EAW_A_B
1EAW_RA51A,0.23100829,0.033682357519865036,1,1EAW_A_B
1EAW_YA52A,-0.07894067,0.404519647359848,1,1EAW_A_B
1EAW_RA82A,-0.14974381,0.5340614914894104,1,1EAW_A_B
1EAW_FA89A,0.7285936,0.8847182989120483,1,1EAW_A_B
1EAW_NA90A,0.3080979,0.42007797956466675,1,1EAW_A_B
1EAW_DA91A,0.65444046,0.3779906928539276,1,1EAW_A_B
1EAW_FA92A,0.89202005,0.3127523958683014,1,1EAW_A_B
1EAW_TA93A,0.2547412,0.6784200668334961,1,1EAW_A_B
1EAW_HA138A,-0.014480199,0.5885216593742371,1,1EAW_A_B
1EAW_QA140A,0.30667883,0.12061998248100281,1,1EAW_A_B
1EAW_YA141A,0.5021536,0.9473198652267456,1,1EAW_A_B
1EAW_TA144A,0.08945068,0.13034825026988983,1,1EAW_A_B
1EAW_LA147A,0.5021536,0.1702626794576645,1,1EAW_A_B
1EAW_EA163A,0.70368207,0.23179268836975098,1,1EAW_A_B
1EAW_QA168A,0.5650851,0.17109273374080658,1,1EAW_A_B
1EAW_QA169A,-0.13309656,0.5146759748458862,1,1EAW_A_B
1EAW_DA214A,2.2291338,0.6847232580184937,1,1EAW_A_B
1EAW_QA218A,0.14423773,0.39135491847991943,1,1EAW_A_B
1EAW_RA219A,-0.08855192,-0.08081359416246414,1,1EAW_A_B
1EAW_KA221A,0.47605014,0.16639332473278046,1,1EAW_A_B
"1EFN_TA13H,EA14H",0.9839035,0.30619004368782043,2,1EFN_A_B
1EFN_TA13H,1.2435485,-0.17126402258872986,1,1EFN_A_B
1EFN_IA12A,1.4510267,1.712848424911499,1,1EFN_A_B
"1EMV_QA15E,LA16F,TA18K,TA19K,NA22R,DA24E,TA25G,SA26A,SA27T,EA30D,LA31D,VA32N,TA36R,HA37E,EA40R,MA41L,SA46D,KA55R,EA56D,GA57D,DA58R,DA59E,SA63E,NA67K,TA68E,VA69I,QA71E",8.058495,0.22664814566572508,27,1EMV_A_B
"1EMV_EA30D,LA31D,VA32N,TA36R,HA37E,EA40R,MA41L,SA46D,KA55R,EA56D,GA57D,DA58R,DA59E,SA63E,NA67K,TA68E,VA69I,QA71E",7.990223,0.28632814644111526,18,1EMV_A_B
"1EMV_QA15E,LA16F,TA18K,TA19K,NA22R,DA24E,TA25G,SA26A,SA27T,SA63E,NA67K,TA68E,VA69I,QA71E",2.8566248,0.04518091066607407,14,1EMV_A_B
"1EMV_QA15E,LA16F,TA18K,TA19K,NA22R,DA24E,TA25G,SA26A,SA27T,SA46D,KA55R,EA56D,GA57D,DA58R,DA59E,SA63E,NA67K,TA68E,VA69I,QA71E",1.7040286,0.13506818898022174,20,1EMV_A_B
"1EMV_QA15E,LA16F,TA18K,TA19K,NA22R,SA46D,KA55R,EA56D,GA57D,DA58R,DA59E,SA63E,NA67K,TA68E,VA69I,QA71E",1.4230006,0.0842310965526849,16,1EMV_A_B
"1EMV_QA15E,LA16F,SA46D,KA55R,EA56D,GA57D,DA58R,DA59E,SA63E,NA67K,TA68E,VA69I,QA71E",-0.20852913,0.1229174701640239,13,1EMV_A_B
"1EMV_SA46D,KA55R,EA56D,GA57D,DA58R,DA59E,SA63E,NA67K,TA68E,VA69I,QA71E",-0.51737255,0.15779731659726662,11,1EMV_A_B
"1EMV_SA63E,NA67K,TA68E,VA69I,QA71E",0.079110935,-0.066612109541893,5,1EMV_A_B
1EMV_RB54A,1.6664472,0.9750122427940369,1,1EMV_A_B
1EMV_NB72A,1.1651908,0.9974690079689026,1,1EMV_A_B
1EMV_SB74A,-0.24112797,0.09202336519956589,1,1EMV_A_B
1EMV_NB75A,2.335586,1.6050636768341064,1,1EMV_A_B
1EMV_SB77A,-0.2329935,-0.3185652792453766,1,1EMV_A_B
1EMV_SB78A,-0.5401385,-0.6384629607200623,1,1EMV_A_B
1EMV_SB84A,-0.109472424,-0.21650941669940948,1,1EMV_A_B
1EMV_FB86A,3.880681,4.063377380371094,1,1EMV_A_B
1EMV_TB87A,0.15850577,0.6294987201690674,1,1EMV_A_B
1EMV_QB92A,-0.27772808,0.011748891323804855,1,1EMV_A_B
1EMV_KB97A,1.9605148,1.4369463920593262,1,1EMV_A_B
1EMV_VB98A,1.0893401,0.1922706514596939,1,1EMV_A_B
"1EMV_FB86A,LA31A",6.679958,2.995472490787506,2,1EMV_A_B
"1EMV_FB86A,VA32A",4.665833,2.1752310693264008,2,1EMV_A_B
"1EMV_FB86A,VA35A",4.068404,3.346902370452881,2,1EMV_A_B
"1EMV_FB86A,YA52A",8.723507,3.050365924835205,2,1EMV_A_B
"1EMV_FB86A,YA53A",8.263228,2.3927877247333527,2,1EMV_A_B
1EMV_CA21A,0.9219699,1.1061351299285889,1,1EMV_A_B
1EMV_NA22A,0.13947128,0.31909677386283875,1,1EMV_A_B
1EMV_DA24A,0.33674702,0.2880566120147705,1,1EMV_A_B
1EMV_TA25A,0.7284602,0.364505410194397,1,1EMV_A_B
1EMV_SA26A,0.17317432,0.0506989024579525,1,1EMV_A_B
1EMV_SA27A,0.9564332,1.268225908279419,1,1EMV_A_B
1EMV_EA28A,1.4166348,0.7775376439094543,1,1EMV_A_B
1EMV_EA29A,0.30701202,0.617835283279419,1,1EMV_A_B
1EMV_EA30A,0.22038573,0.6157244443893433,1,1EMV_A_B
1EMV_LA31A,3.4192789,1.9275668859481812,1,1EMV_A_B
1EMV_VA32A,2.5794504,0.2870839834213257,1,1EMV_A_B
1EMV_KA33A,0.1919839,0.1453903466463089,1,1EMV_A_B
1EMV_LA34A,0.9071285,0.1248520165681839,1,1EMV_A_B
1EMV_VA35A,1.6646124,2.630427360534668,1,1EMV_A_B
1EMV_TA36A,0.8999665,0.2677764296531677,1,1EMV_A_B
1EMV_EA39A,2.0840137,3.263798475265503,1,1EMV_A_B
1EMV_EA40A,0.6581445,0.028760503977537155,1,1EMV_A_B
1EMV_TA42A,0.30482987,1.1219629049301147,1,1EMV_A_B
1EMV_EA43A,0.21277381,0.5626868009567261,1,1EMV_A_B
1EMV_HA44A,0.83218384,0.7533130645751953,1,1EMV_A_B
1EMV_PA45A,0.43746877,0.38929274678230286,1,1EMV_A_B
1EMV_SA46A,0.0072694407,-0.08799855411052704,1,1EMV_A_B
1EMV_GA47A,1.4860435,0.36436548829078674,1,1EMV_A_B
1EMV_SA48A,2.1882205,2.7000622749328613,1,1EMV_A_B
1EMV_DA49A,5.9181285,7.027955055236816,1,1EMV_A_B
1EMV_LA50A,0.6013164,1.2937126159667969,1,1EMV_A_B
1EMV_IA51A,0.8481252,3.056081533432007,1,1EMV_A_B
1EMV_YA52A,4.8368015,2.0373501777648926,1,1EMV_A_B
1EMV_YA53A,4.6368327,0.722195029258728,1,1EMV_A_B
1EMV_PA54A,1.2428403,1.481114387512207,1,1EMV_A_B
1EMV_DA58A,0.51131344,0.4761897325515747,1,1EMV_A_B
1EMV_SA61A,0.8704198,0.8186479806900024,1,1EMV_A_B
1EMV_VA66A,1.856675,0.7114225625991821,1,1EMV_A_B
1EMV_NA67A,0.27799726,-0.024600420147180557,1,1EMV_A_B
1F47_DA4A,0.69150615,0.3429575264453888,1,1F47_A_B
1F47_YA5A,0.86936694,2.00076961517334,1,1F47_A_B
1F47_LA6A,0.92543113,1.7054373025894165,1,1F47_A_B
1F47_DA7A,1.7336587,0.38579922914505005,1,1F47_A_B
1F47_IA8A,2.5162454,1.7424665689468384,1,1F47_A_B
1F47_PA9A,-0.057564855,-0.016411781311035156,1,1F47_A_B
1F47_FA11A,2.4454827,0.9329386353492737,1,1F47_A_B
1F47_LA12A,2.2953265,1.2715868949890137,1,1F47_A_B
1F47_KA14A,-0.042640842,0.04699435085058212,1,1F47_A_B
1F47_QA15A,-0.04559572,0.268952876329422,1,1F47_A_B
1F47_DA7S,2.0648613,0.18916195631027222,1,1F47_A_B
1F47_DA7G,1.1393417,0.6710557341575623,1,1F47_A_B
1F5R_KA129Q,-1.171374,-1.5214089155197144,1,1F5R_A_I
1FC2_YC10W,0.41065642,0.01827847771346569,1,1FC2_C_D
1FC2_IC12W,3.1389987,1.427898645401001,1,1FC2_C_D
1FC2_FC26W,0.0,0.47171837091445923,1,1FC2_C_D
1FC2_LC40W,0.0,0.6425522565841675,1,1FC2_C_D
1FC2_LC13D,1.4339519,1.3590084314346313,1,1FC2_C_D
1FC2_NC24A,0.60570234,0.0523679256439209,1,1FC2_C_D
1FC2_FC26A,0.06347805,0.33976277709007263,1,1FC2_C_D
1FC2_IC27A,5.2767673,1.2617168426513672,1,1FC2_C_D
1FC2_KC31A,1.5266206,0.443573921918869,1,1FC2_C_D
1FC2_LC13D,0.82131284,1.3590084314346313,1,1FC2_C_D
1FC2_NC24A,0.58227795,0.0523679256439209,1,1FC2_C_D
1FC2_FC26A,-0.036154207,0.33976277709007263,1,1FC2_C_D
1FC2_IC27A,2.185484,1.2617168426513672,1,1FC2_C_D
1FC2_KC31A,1.2319692,0.443573921918869,1,1FC2_C_D
1FC2_NC2F,-0.10801677,0.2989066243171692,1,1FC2_C_D
1FC2_NC7F,0.09132688,-0.4965861141681671,1,1FC2_C_D
1FC2_QC28K,0.17043781,0.1622430682182312,1,1FC2_C_D
1FC2_NC2Q,0.0,-0.05262904614210129,1,1FC2_C_D
1FC2_QC28L,0.45807788,-0.14075985550880432,1,1FC2_C_D
1FC2_FC1M,0.91263974,0.0774894431233406,1,1FC2_C_D
1FC2_KC3D,1.0615314,0.5104067325592041,1,1FC2_C_D
1FC2_YC10F,1.0276679,0.5179870128631592,1,1FC2_C_D
1FC2_NC24F,0.8454979,-0.5062958002090454,1,1FC2_C_D
1FCC_TC25A,0.24021861,-0.18203920125961304,1,1FCC_A_C
1FCC_EC27A,4.938011,0.961302638053894,1,1FCC_A_C
1FCC_KC28A,1.2561543,1.4410078525543213,1,1FCC_A_C
1FCC_KC31A,3.4775555,-0.11027339845895767,1,1FCC_A_C
1FCC_NC35A,2.3651073,0.16916027665138245,1,1FCC_A_C
1FCC_DC40A,0.27225083,0.5680327415466309,1,1FCC_A_C
1FCC_EC42A,0.3854419,0.5671434998512268,1,1FCC_A_C
1FCC_WC43A,3.7731838,1.8951175212860107,1,1FCC_A_C
"1FCC_TC44A,YC45A",1.9544508,0.0942825973033905,2,1FCC_A_C
1FFW_DA12K,0.04742146,-0.8566703200340271,1,1FFW_A_B
1FFW_TA86I,-0.31932956,0.19514413177967072,1,1FFW_A_B
1FFW_AA89V,0.09132688,0.03791363909840584,1,1FFW_A_B
1FFW_EA92K,0.82131284,0.4118763506412506,1,1FFW_A_B
1FFW_YA105W,0.71329606,-0.02712961658835411,1,1FFW_A_B
1FFW_VA107M,1.1313123,0.1628798544406891,1,1FFW_A_B
1FFW_FA110V,1.2561543,1.0624308586120605,1,1FFW_A_B
1FFW_TA111I,0.56228465,1.1948826313018799,1,1FFW_A_B
1FFW_EA116K,0.71329606,-0.19158589839935303,1,1FFW_A_B
1FFW_EB13A,0.7167709,0.9854978322982788,1,1FFW_A_B
1FFW_EB20A,0.63914293,-1.3948403596878052,1,1FFW_A_B
1FFW_HB23A,0.033863615,0.17372877895832062,1,1FFW_A_B
1FFW_DB44A,-0.074153155,0.9741426706314087,1,1FFW_A_B
1FFW_DB49A,0.096284665,0.4212772846221924,1,1FFW_A_B
1FFW_CB55A,0.20430143,0.4307231605052948,1,1FFW_A_B
1FFW_FB56A,3.6459398,0.8798141479492188,1,1FFW_A_B
1FFW_IB58A,0.42783016,0.4706214666366577,1,1FFW_A_B
1FFW_AA102V,1.3641711,-0.03490447998046875,1,1FFW_A_B
1FFW_YA50C,0.12541981,1.4834160804748535,1,1FFW_A_B
1FR2_AA39E,-2.0840137,-1.5541801452636719,1,1FR2_A_B
1FSS_TB8V,0.36920932,1.8419818878173828,1,1FSS_A_B
1FSS_TB9I,-0.23226611,-0.1481991410255432,1,1FSS_A_B
1FSS_TB9N,1.1990469,1.682547688484192,1,1FSS_A_B
"1FSS_TB8V,TB9I",0.4418453,0.8468926101922989,2,1FSS_A_B
"1FSS_TB8V,TB9N",0.28640708,1.7622658610343933,2,1FSS_A_B
1FSS_RB11K,0.3153129,0.2022978961467743,1,1FSS_A_B
1FSS_AB12S,0.32464305,0.35298535227775574,1,1FSS_A_B
1FSS_RB27F,2.4362824,1.142906904220581,1,1FSS_A_B
1FSS_RB27M,2.6641393,1.5353212356567383,1,1FSS_A_B
1FSS_RB27Y,2.629225,0.7597202062606812,1,1FSS_A_B
1FSS_HB29K,-0.6196861,-0.0853058248758316,1,1FSS_A_B
1FSS_HB29R,-1.4884205,0.0077765509486198425,1,1FSS_A_B
1FSS_KB32R,1.0825053,-0.0005065947771072388,1,1FSS_A_B
1FSS_MB33F,0.9372821,1.095049262046814,1,1FSS_A_B
1FSS_MB33L,0.96304494,0.7030368447303772,1,1FSS_A_B
1FSS_MB33Q,1.5725946,1.2294315099716187,1,1FSS_A_B
1FSS_MB33Y,1.39536,0.9047906398773193,1,1FSS_A_B
1FSS_VB34T,1.5859588,0.8858259916305542,1,1FSS_A_B
1FSS_LB35W,1.4518267,1.200434684753418,1,1FSS_A_B
1FSS_NB47F,0.49276206,-0.023588672280311584,1,1FSS_A_B
1FSS_NB47W,0.11596926,-0.17874668538570404,1,1FSS_A_B
1FSS_NB47R,-0.5349058,-0.7353653907775879,1,1FSS_A_B
"1FSS_TB8V,TB9N,RB11K,HB29R,KB32R",0.80188644,0.7468199655413628,5,1FSS_A_B
1FSS_TB8V,-0.5380996,1.8419818878173828,1,1FSS_A_B
1FSS_TB9N,1.3038697,1.682547688484192,1,1FSS_A_B
"1FSS_TB8V,TB9N",0.429466,1.7622658610343933,2,1FSS_A_B
1FSS_RB11K,0.31773478,0.2022978961467743,1,1FSS_A_B
1FSS_HB29R,-1.0577215,0.0077765509486198425,1,1FSS_A_B
1FSS_KB32R,1.1873283,-0.0005065947771072388,1,1FSS_A_B
"1FSS_TB8V,TB9N,RB11K,HB29R",-0.39184684,0.9336516559123993,4,1FSS_A_B
1FY8_DE168N,0.17043781,0.32276269793510437,1,1FY8_E_I
1FY8_QE128K,1.171374,-0.09388503432273865,1,1FY8_E_I
1GC1_KC1A,0.062421046,0.7296733856201172,1,1GC1_G_C
1GC1_KC2A,-0.016689893,0.2027740776538849,1,1GC1_G_C
1GC1_KC7A,0.9978901,0.27127552032470703,1,1GC1_G_C
1GC1_KC8A,0.10526757,0.18321773409843445,1,1GC1_G_C
1GC1_DC10A,0.0,-0.06463682651519775,1,1GC1_G_C
1GC1_TC11A,0.0,0.2991189658641815,1,1GC1_G_C
1GC1_TC15A,0.32206604,0.40602385997772217,1,1GC1_G_C
1GC1_TC17A,-0.12810181,0.5530511140823364,1,1GC1_G_C
1GC1_SC19A,0.0,-0.02884572371840477,1,1GC1_G_C
1GC1_QC20A,-0.016689893,0.12108203023672104,1,1GC1_G_C
1GC1_KC21A,-0.12810181,0.26101288199424744,1,1GC1_G_C
1GC1_KC22A,0.24021861,0.40695810317993164,1,1GC1_G_C
1GC1_SC23A,0.29268223,0.12079921364784241,1,1GC1_G_C
1GC1_QC25A,0.032032233,-0.060025617480278015,1,1GC1_G_C
1GC1_HC27A,0.28255463,0.687192440032959,1,1GC1_G_C
1GC1_KC29A,0.5362386,-0.062121495604515076,1,1GC1_G_C
1GC1_NC30A,0.17043781,1.2822527885437012,1,1GC1_G_C
1GC1_SC31A,0.10526757,0.32677745819091797,1,1GC1_G_C
1GC1_NC32A,0.18265375,0.33027586340904236,1,1GC1_G_C
1GC1_QC33A,0.10526757,-0.21865367889404297,1,1GC1_G_C
1GC1_KC35A,0.32206604,0.06825225800275803,1,1GC1_G_C
1GC1_NC39A,0.46562514,2.887707471847534,1,1GC1_G_C
1GC1_QC40A,-0.41065642,-0.08466167747974396,1,1GC1_G_C
1GC1_SC42A,0.0,0.17636652290821075,1,1GC1_G_C
1GC1_LC44A,1.0560203,0.2611546516418457,1,1GC1_G_C
1GC1_TC45A,-0.14889173,-0.09567548334598541,1,1GC1_G_C
1GC1_KC46A,1.431019,1.2906241416931152,1,1GC1_G_C
1GC1_SC49A,0.6111744,0.0040586963295936584,1,1GC1_G_C
1GC1_KC50A,0.04742146,0.4080676734447479,1,1GC1_G_C
1GC1_LC51A,1.2340229,2.592575788497925,1,1GC1_G_C
1GC1_NC52A,0.70833826,0.26571255922317505,1,1GC1_G_C
1GC1_DC53A,0.30263966,0.23681916296482086,1,1GC1_G_C
1GC1_DC56A,-0.0697808,0.10943154245615005,1,1GC1_G_C
1GC1_RC58A,0.13220184,0.8566633462905884,1,1GC1_G_C
1GC1_RC59A,1.1759138,0.9281127452850342,1,1GC1_G_C
1GC1_SC60A,-0.088590376,-0.035373132675886154,1,1GC1_G_C
1GC1_DC63A,-0.31932956,0.7210738658905029,1,1GC1_G_C
1GC1_QC64A,0.44268864,-0.017080508172512054,1,1GC1_G_C
1GC1_NC66A,-0.033863615,0.1427421271800995,1,1GC1_G_C
1GC1_KC72A,-0.016689893,0.13699768483638763,1,1GC1_G_C
1GC1_NC73A,-0.10801677,0.1921057105064392,1,1GC1_G_C
1GC1_KC75A,0.15796468,0.11942461878061295,1,1GC1_G_C
1GC1_EC77A,0.56228465,0.737993597984314,1,1GC1_G_C
1GC1_YC82A,1.2906759,2.1602420806884766,1,1GC1_G_C
1GC1_EC85A,1.3232962,0.37837526202201843,1,1GC1_G_C
1GC1_VC86A,-0.0697808,0.12629449367523193,1,1GC1_G_C
1GC1_EC87A,0.21785927,0.3174813687801361,1,1GC1_G_C
1GC1_DC88A,-0.0697808,0.12395350635051727,1,1GC1_G_C
1GC1_QC89A,0.17043781,0.30018121004104614,1,1GC1_G_C
1GC1_KC90A,0.04742146,0.3070053160190582,1,1GC1_G_C
1GC1_EC91A,-0.12810181,0.26197579503059387,1,1GC1_G_C
1GC1_EC92A,0.016232576,0.5452374815940857,1,1GC1_G_C
1GC1_QC94A,-0.10801677,0.07478448748588562,1,1GC1_G_C
1GC1_QC89L,-0.31092584,0.4263273775577545,1,1GC1_G_C
"1GC1_QC40A,DC63A",-0.4992468,0.3182072192430496,2,1GC1_G_C
"1GC1_QC40A,DC63A,QC89L",-0.8482471,0.3542470832665761,3,1GC1_G_C
1GCQ_PC5A,0.7678361,0.043555982410907745,1,1GCQ_AB_C
1GCQ_AC42G,1.353496,0.9938762187957764,1,1GCQ_AB_C
1GCQ_WC47Y,2.147248,0.24457424879074097,1,1GCQ_AB_C
1GCQ_PC67A,1.3164557,1.6494033336639404,1,1GCQ_AB_C
1GCQ_PC18A,0.120808184,0.24554243683815002,1,1GCQ_AB_C
1GCQ_PC19A,0.08525039,1.0365220308303833,1,1GCQ_AB_C
1GCQ_GC21V,-0.025214529,2.1967062950134277,1,1GCQ_AB_C
1GL0_MI28K,-0.5578579,0.18108154833316803,1,1GL0_E_I
"1GL0_MI28K,LI27R",3.837295,1.4697382375597954,2,1GL0_E_I
1GL1_LI29V,4.259237,3.693596839904785,1,1GL1_A_I
"1GL1_KI30M,AI31G",-0.13220184,0.06013096868991852,2,1GL1_A_I
1GRN_DA38E,0.3898665,2.0665903091430664,1,1GRN_A_B
1GUA_RB4A,1.0008436,1.7703540325164795,1,1GUA_A_B
1GUA_NB9A,-0.3999384,0.386386901140213,1,1GUA_A_B
1GUA_KB10A,-0.3999384,0.9586858749389648,1,1GUA_A_B
1GUA_QB11A,0.10035651,1.9923475980758667,1,1GUA_A_B
1GUA_TB13A,0.70115525,1.4095155000686646,1,1GUA_A_B
1GUA_VB14A,0.10035651,0.7479519844055176,1,1GUA_A_B
1GUA_KB29A,1.999214,1.862346887588501,1,1GUA_A_B
1GUA_KB32A,0.79927695,0.12877912819385529,1,1GUA_A_B
1GUA_VB33A,0.20002995,0.5873005986213684,1,1GUA_A_B
1GUA_EA37A,1.3008146,1.758454442024231,1,1GUA_A_B
1GUA_SA39A,1.4003003,0.6992368698120117,1,1GUA_A_B
"1GUA_RB4A,EA37A",1.3008146,1.7644047141075134,2,1GUA_A_B
"1GUA_VB14A,EA37A",1.7006744,1.25320303440094,2,1GUA_A_B
1GUA_DA30E,0.24021861,0.006403900682926178,1,1GUA_A_B
"1GUA_DA30E,EA31K",2.0150461,0.664085182826966,2,1GUA_A_B
1H9D_RB2A,1.1621885,0.8694023489952087,1,1H9D_A_B
1H9D_VB3A,1.402407,0.8890753388404846,1,1H9D_A_B
1H9D_GB60A,2.0774672,2.705171823501587,1,1H9D_A_B
1H9D_QB66A,1.3641711,0.3244675099849701,1,1H9D_A_B
1H9D_LB93A,0.94020057,1.2121317386627197,1,1H9D_A_B
1H9D_NB94A,2.3043716,1.3058141469955444,1,1H9D_A_B
1HE8_KA80V,0.47535175,1.2387065887451172,1,1HE8_A_B
"1HE8_KA80V,FA78S",2.1622477,0.9663011431694031,2,1HE8_A_B
"1HE8_KA80V,RA83A",1.8978438,1.2623609900474548,2,1HE8_A_B
"1HE8_KA80V,TA89D",2.1622477,1.1851130723953247,2,1HE8_A_B
"1HE8_KA80V,KA91A",1.5231047,0.5389375761151314,2,1HE8_A_B
"1HE8_KA80V,KA108A",2.1622477,0.8193139135837555,2,1HE8_A_B
"1HE8_KA80V,KA108E",2.1622477,0.7648995220661163,2,1HE8_A_B
"1HE8_KA80V,DA95A",1.038295,0.9235329329967499,2,1HE8_A_B
"1HE8_KA80V,KA111A",1.9676247,0.8437042832374573,2,1HE8_A_B
"1HE8_KA80V,KA112A",2.1622477,1.2016074657440186,2,1HE8_A_B
"1HE8_KA80V,KA113A",1.675856,1.1270442605018616,2,1HE8_A_B
"1HE8_KA80V,DA117A",0.9443292,0.61031514685601,2,1HE8_A_B
"1HE8_KA80V,EA124K",-0.09897152,0.7685387134552002,2,1HE8_A_B
"1HE8_KA80V,EA606A",0.45456183,0.6707134582102299,2,1HE8_A_B
"1HE8_KA80V,EA606K",-0.45807788,0.6692277453839779,2,1HE8_A_B
1IAR_IA5A,1.171374,1.199380874633789,1,1IAR_A_B
1IAR_IA5R,0.7960983,0.4067544937133789,1,1IAR_A_B
1IAR_TA6A,-0.10364441,0.012814447283744812,1,1IAR_A_B
1IAR_TA6D,1.3927286,-0.1484163999557495,1,1IAR_A_B
1IAR_QA8A,-0.022359332,0.4723583161830902,1,1IAR_A_B
1IAR_QA8R,0.038921285,-0.34885549545288086,1,1IAR_A_B
1IAR_EA9Q,3.1128292,1.533189296722412,1,1IAR_A_B
1IAR_IA11A,0.06896754,0.3424127995967865,1,1IAR_A_B
1IAR_KA12S,-0.014812071,0.3223446309566498,1,1IAR_A_B
1IAR_KA12E,0.13947128,-0.026063863188028336,1,1IAR_A_B
1IAR_TA13A,0.97857684,0.376084566116333,1,1IAR_A_B
1IAR_TA13D,-0.21867253,-1.0188274383544922,1,1IAR_A_B
1IAR_NA15A,-0.033863615,0.08082974702119827,1,1IAR_A_B
1IAR_NA15D,-0.07806697,-0.7020584344863892,1,1IAR_A_B
1IAR_SA16A,-0.18275535,-0.09923554956912994,1,1IAR_A_B
1IAR_SA16D,-0.10364441,-0.09125330299139023,1,1IAR_A_B
1IAR_EA19A,-0.3199568,0.1401398479938507,1,1IAR_A_B
1IAR_EA19R,-0.116859496,-0.21398162841796875,1,1IAR_A_B
1IAR_RA53Q,0.83576363,0.21048223972320557,1,1IAR_A_B
1IAR_KA77A,0.15374792,0.2221124768257141,1,1IAR_A_B
1IAR_KA77E,0.6118258,-0.21021762490272522,1,1IAR_A_B
1IAR_QA78A,0.12484209,0.1528453528881073,1,1IAR_A_B
1IAR_QA78E,0.2450748,0.19178041815757751,1,1IAR_A_B
1IAR_RA81A,0.47962397,1.1025840044021606,1,1IAR_A_B
1IAR_RA81E,1.4617344,1.0863990783691406,1,1IAR_A_B
1IAR_FA82A,-0.086470686,0.684779167175293,1,1IAR_A_B
1IAR_FA82D,-0.5806068,0.24175620079040527,1,1IAR_A_B
1IAR_KA84A,0.34497565,1.615841031074524,1,1IAR_A_B
1IAR_KA84D,1.8800951,1.3937506675720215,1,1IAR_A_B
1IAR_RA85A,0.426889,0.5135701298713684,1,1IAR_A_B
1IAR_RA85E,1.2246095,0.2205265462398529,1,1IAR_A_B
1IAR_RA88Q,2.8289993,1.5146478414535522,1,1IAR_A_B
1IAR_RA88A,3.7547178,1.786587119102478,1,1IAR_A_B
1IAR_NA89A,1.558794,0.2880193889141083,1,1IAR_A_B
1IAR_WA91A,0.72952867,1.9885385036468506,1,1IAR_A_B
1IAR_WA91D,1.3066063,2.1184961795806885,1,1IAR_A_B
1JCK_TB20A,1.6548417,0.42483454942703247,1,1JCK_A_B
1JCK_YB26A,1.7748275,1.2164645195007324,1,1JCK_A_B
1JCK_NB60A,1.6426257,0.2591347098350525,1,1JCK_A_B
1JCK_YB90A,2.5961404,1.7039214372634888,1,1JCK_A_B
1JCK_VB91A,2.2329054,0.6282438635826111,1,1JCK_A_B
1JCK_KB103A,0.6766379,0.43486788868904114,1,1JCK_A_B
1JCK_FB176A,2.1339338,0.9922506213188171,1,1JCK_A_B
1JCK_TB20A,1.3232962,0.42483454942703247,1,1JCK_A_B
1JCK_NB23A,2.0774672,1.1210451126098633,1,1JCK_A_B
1JCK_YB26A,1.7478932,1.2164645195007324,1,1JCK_A_B
1JCK_NB60A,1.0159358,0.2591347098350525,1,1JCK_A_B
1JCK_YB90A,2.0774672,1.7039214372634888,1,1JCK_A_B
1JCK_VB91A,1.9302658,0.6282438635826111,1,1JCK_A_B
1JCK_GB102A,0.013021447,0.39994072914123535,1,1JCK_A_B
1JCK_KB103A,0.12956285,0.43486788868904114,1,1JCK_A_B
1JCK_FB176A,1.787849,0.9922506213188171,1,1JCK_A_B
1JCK_QB210A,2.0774672,0.8274323344230652,1,1JCK_A_B
1JRH_TI4V,-0.025577439,-0.040708065032958984,1,1JRH_LH_I
"1JRH_TI9L,EI11K",-0.025577439,0.3662593215703964,2,1JRH_LH_I
"1JRH_MI15L,II18V",-0.2137017,-0.11546991765499115,2,1JRH_LH_I
"1JRH_II25N,PI27S,VI29T,VI31I",0.1437703,0.19336389563977718,4,1JRH_LH_I
1JRH_EI35Q,0.099613056,-0.25584521889686584,1,1JRH_LH_I
"1JRH_AI49S,II51T,HI55D",0.070707224,-0.11757673571507136,3,1JRH_LH_I
"1JRH_SI61Y,DI62E,HI63Q,VI64I,GI65M,DI66Y,SI68D,NI69V,LI71A",2.9601572,0.027504981598920293,9,1JRH_LH_I
"1JRH_VI73A,RI78K",-0.2137017,0.4708744212985039,2,1JRH_LH_I
"1JRH_AI85D,KI88R,EI90K",-0.047769245,-0.2284616675848762,3,1JRH_LH_I
"1JRH_AI93L,VI94M",0.63394666,0.08572036027908325,2,1JRH_LH_I
1JRH_EL27A,0.54285824,1.4143871068954468,1,1JRH_LH_I
1JRH_DL28A,0.43484148,2.262099027633667,1,1JRH_LH_I
1JRH_YL30A,1.1089529,0.6507911682128906,1,1JRH_LH_I
1JRH_YL91A,0.58109426,1.0116559267044067,1,1JRH_LH_I
1JRH_WL92A,2.819669,1.6011536121368408,1,1JRH_LH_I
1JRH_SL93A,-0.65087503,0.41699546575546265,1,1JRH_LH_I
1JRH_TL94A,0.3854419,0.11310325562953949,1,1JRH_LH_I
1JRH_WL95A,1.6668108,1.0934239625930786,1,1JRH_LH_I
1JRH_YH32A,1.4339519,1.343737006187439,1,1JRH_LH_I
1JRH_WH54A,2.6874673,2.0878498554229736,1,1JRH_LH_I
1JRH_WH55A,2.422402,0.5412449836730957,1,1JRH_LH_I
1JRH_DH56A,1.8869443,1.1654701232910156,1,1JRH_LH_I
1JRH_DH57A,1.6668108,0.3504393994808197,1,1JRH_LH_I
1JRH_DH58A,1.8554794,0.8745788335800171,1,1JRH_LH_I
1JRH_YH60A,1.2561543,1.0580304861068726,1,1JRH_LH_I
1JRH_RH100A,0.54285824,0.43003857135772705,1,1JRH_LH_I
1JRH_FH103A,0.0,0.07004719227552414,1,1JRH_LH_I
1JRH_YH104A,1.0615314,1.809955358505249,1,1JRH_LH_I
1JRH_HH107A,1.6985312,2.3844852447509766,1,1JRH_LH_I
"1JRH_EI45P,II47R",-3.4416382,0.4182633310556412,2,1JRH_LH_I
"1JRH_SI44G,EI45G,II47R",-3.3792171,0.4141743779182434,3,1JRH_LH_I
"1JRH_EI45P,II47L",-3.4583282,0.49419884383678436,2,1JRH_LH_I
"1JRH_SI44G,EI45P,II47K",-3.8861582,0.13267242908477783,3,1JRH_LH_I
1JRH_EI45P,-3.7898736,0.3446592688560486,1,1JRH_LH_I
1JRH_KI37A,3.5787568,0.4667995572090149,1,1JRH_LH_I
1JRH_KI37M,3.2938035,0.1407763510942459,1,1JRH_LH_I
1JRH_NI38A,-0.2931167,-0.13694095611572266,1,1JRH_LH_I
1JRH_NI38Q,0.36357772,-0.6774080991744995,1,1JRH_LH_I
1JRH_YI39A,3.4007633,2.2754275798797607,1,1JRH_LH_I
1JRH_YI39F,0.79070747,0.4717651903629303,1,1JRH_LH_I
1JRH_GI40A,4.5273547,0.2619449198246002,1,1JRH_LH_I
1JRH_VI41A,1.8835297,1.196110725402832,1,1JRH_LH_I
1JRH_KI42A,2.9847934,1.1848746538162231,1,1JRH_LH_I
1JRH_KI42M,4.913826,0.7651246786117554,1,1JRH_LH_I
1JRH_NI43A,3.893992,1.5991066694259644,1,1JRH_LH_I
1JRH_SI44A,0.29768187,0.40857240557670593,1,1JRH_LH_I
1JRH_EI45A,-0.43501294,0.5476081967353821,1,1JRH_LH_I
1JRH_WI46F,-0.65707874,1.5097585916519165,1,1JRH_LH_I
1JRH_WI46Y,0.016232576,1.5712087154388428,1,1JRH_LH_I
1JRH_NI69A,-0.39924708,0.46520471572875977,1,1JRH_LH_I
1JRH_WI72A,4.5293264,0.6311448216438293,1,1JRH_LH_I
1JRH_WI72F,1.1089529,-0.2494271844625473,1,1JRH_LH_I
1JRH_WI72Y,1.1355636,-0.2783357799053192,1,1JRH_LH_I
1JRH_RI74A,-0.24642235,0.8756090402603149,1,1JRH_LH_I
1JRH_KI88A,-0.042640842,0.20561069250106812,1,1JRH_LH_I
1JRH_KI37A,3.8522947,0.4667995572090149,1,1JRH_LH_I
1JRH_NI38A,0.63418514,-0.13694095611572266,1,1JRH_LH_I
1JRH_NI38Q,0.70584375,-0.6774080991744995,1,1JRH_LH_I
1JRH_YI39A,3.6566424,2.2754275798797607,1,1JRH_LH_I
1JRH_YI39F,1.0276679,0.4717651903629303,1,1JRH_LH_I
1JRH_GI40A,4.377107,0.2619449198246002,1,1JRH_LH_I
1JRH_VI41A,1.476288,1.196110725402832,1,1JRH_LH_I
1JRH_KI42A,3.7898736,1.1848746538162231,1,1JRH_LH_I
1JRH_NI43A,4.7095246,1.5991066694259644,1,1JRH_LH_I
1JRH_SI44A,0.45807788,0.40857240557670593,1,1JRH_LH_I
1JRH_EI45A,-0.6970635,0.5476081967353821,1,1JRH_LH_I
1JRH_WI46F,0.15162824,1.5097585916519165,1,1JRH_LH_I
1JRH_WI46Y,0.58109426,1.5712087154388428,1,1JRH_LH_I
1JRH_NI69A,0.0,0.46520471572875977,1,1JRH_LH_I
1JRH_WI72A,4.3327317,0.6311448216438293,1,1JRH_LH_I
1JRH_WI72F,1.0974486,-0.2494271844625473,1,1JRH_LH_I
1JRH_WI72Y,1.2411548,-0.2783357799053192,1,1JRH_LH_I
1JRH_RI74A,1.0320082,0.8756090402603149,1,1JRH_LH_I
1JRH_KI88A,0.6671076,0.20561069250106812,1,1JRH_LH_I
1JTD_QA73A,0.5186732,0.3231809735298157,1,1JTD_A_B
1JTD_NA74A,0.8012278,-0.2541407644748688,1,1JTD_A_B
1JTD_LA76A,1.7339525,1.7362279891967773,1,1JTD_A_B
1JTD_EA78A,0.84073925,0.833050012588501,1,1JTD_A_B
1JTD_YA79A,2.25086,0.5267341136932373,1,1JTD_A_B
1JTD_PA81A,1.7339525,-0.3884176015853882,1,1JTD_A_B
1JTD_EA84A,0.038235974,-1.3769381046295166,1,1JTD_A_B
1JTD_KA85A,2.144609,1.8342199325561523,1,1JTD_A_B
1JTD_MA103A,2.5226452,0.7328281402587891,1,1JTD_A_B
1JTD_VA190A,0.038235974,0.15547889471054077,1,1JTD_A_B
1JTD_MA244A,0.27845457,-0.3520597517490387,1,1JTD_A_B
1JTD_NB12A,1.3017501,0.8758270740509033,1,1JTD_A_B
1JTD_DB14A,1.508105,1.8045265674591064,1,1JTD_A_B
1JTD_WB15A,1.3930769,2.7077455520629883,1,1JTD_A_B
1JTD_TB19A,0.29518732,-0.10787991434335709,1,1JTD_A_B
1JTD_YB35A,3.1518188,2.7243103981018066,1,1JTD_A_B
1JTD_FB36A,2.5512848,3.4679229259490967,1,1JTD_A_B
1JTD_LB53A,0.6671076,0.3968542516231537,1,1JTD_A_B
1JTD_NB74A,1.2099658,1.2832326889038086,1,1JTD_A_B
1JTD_YB75A,0.48043722,0.8857154846191406,1,1JTD_A_B
1JTD_DB93A,1.9898316,1.297961711883545,1,1JTD_A_B
1JTD_WB114A,3.2562008,4.003214359283447,1,1JTD_A_B
1JTD_DB129A,0.96087444,1.2867732048034668,1,1JTD_A_B
1JTD_SB131A,0.15162824,0.009497091174125671,1,1JTD_A_B
1JTD_DB132A,-0.549062,-0.6323940753936768,1,1JTD_A_B
1JTD_YB153A,3.3001063,2.233983039855957,1,1JTD_A_B
1JTD_DB168A,-1.0615314,2.499696731567383,1,1JTD_A_B
1JTD_YB170A,2.027262,0.6908863186836243,1,1JTD_A_B
1JTD_FB171A,2.2007148,1.6301583051681519,1,1JTD_A_B
1JTD_IB191A,2.8903894,2.5548455715179443,1,1JTD_A_B
1JTD_FB192A,3.9618523,3.6161651611328125,1,1JTD_A_B
1JTD_YB210A,0.82439053,0.19280186295509338,1,1JTD_A_B
1JTD_EB230A,1.8500687,2.7082087993621826,1,1JTD_A_B
1JTD_WB231A,5.8117375,5.697731971740723,1,1JTD_A_B
1JTD_RB248A,0.8883444,0.5281815528869629,1,1JTD_A_B
1JTD_NB266A,2.6700213,1.8513174057006836,1,1JTD_A_B
1JTG_GA212S,-0.26777947,0.24389991164207458,1,1JTG_A_B
1JTG_EA79K,4.23539,3.943074941635132,1,1JTG_A_B
1JTG_DB49A,2.561484,1.3409020900726318,1,1JTG_A_B
1JTG_FB142A,3.3792171,2.4924159049987793,1,1JTG_A_B
"1JTG_GA212S,DB49A",2.6352172,0.7924010157585144,2,1JTG_A_B
"1JTG_GA212S,FB142A",3.6818569,1.3681581020355225,2,1JTG_A_B
"1JTG_EA79K,DB49A",5.640436,2.641988694667816,2,1JTG_A_B
"1JTG_EA79K,FB142A",4.55472,3.217745780944824,2,1JTG_A_B
1JTG_DB49A,1.814255,1.3409020900726318,1,1JTG_A_B
"1JTG_SA209A,DB49A",1.6411058,0.7680339962244034,2,1JTG_A_B
"1JTG_SA105A,DB49A",1.3846319,0.8756144940853119,2,1JTG_A_B
"1JTG_SA209A,SA105A,DB49A",1.0941569,0.6487981776396433,3,1JTG_A_B
"1JTG_RA217A,DB49A",1.1116823,0.9504136145114899,2,1JTG_A_B
"1JTG_KA208A,DB49A",1.5540214,1.559587836265564,2,1JTG_A_B
"1JTG_RA217A,SA209A,DB49A",0.40804842,0.698664257923762,3,1JTG_A_B
"1JTG_RA217A,SA105A,DB49A",1.2549387,0.7703845898310343,3,1JTG_A_B
"1JTG_SA209A,KA208A,DB49A",1.5348257,1.1047804057598114,3,1JTG_A_B
"1JTG_KA208A,SA105A,DB49A",1.3181936,1.1765007376670837,3,1JTG_A_B
"1JTG_RA217A,SA209A,SA105A,DB49A",0.8942657,0.6265798285603523,4,1JTG_A_B
"1JTG_SA209A,SA105A,KA208A,DB49A",0.6092561,0.9311669394373894,4,1JTG_A_B
"1JTG_RA217A,KA208A,DB49A",1.9044213,1.2263668179512024,3,1JTG_A_B
"1JTG_RA217A,SA209A,KA208A,DB49A",2.0324264,0.9685664996504784,4,1JTG_A_B
"1JTG_KA208A,SA105A,RA217A,DB49A",1.4909704,1.0223567485809326,4,1JTG_A_B
"1JTG_KA208A,SA209A,SA105A,RA217A,DB49A",1.7269722,0.8569185078144074,5,1JTG_A_B
1JTG_SA209A,1.2390827,0.1951649785041809,1,1JTG_A_B
1JTG_SA105A,0.7919731,0.4103270471096039,1,1JTG_A_B
"1JTG_SA209A,SA105A",1.1527344,0.3027460426092148,2,1JTG_A_B
1JTG_RA217A,1.3393713,0.5599254965782166,1,1JTG_A_B
1JTG_KA208A,1.4172373,1.7782769203186035,1,1JTG_A_B
"1JTG_RA217A,SA209A",0.7395939,0.37754516303539276,2,1JTG_A_B
"1JTG_RA217A,SA105A",1.8496946,0.48512566089630127,2,1JTG_A_B
"1JTG_SA209A,KA208A",2.0937233,0.9867193847894669,2,1JTG_A_B
"1JTG_KA208A,SA105A",1.9795986,1.0942998826503754,2,1JTG_A_B
"1JTG_RA217A,SA209A,SA105A",1.6881089,0.3884722888469696,3,1JTG_A_B
"1JTG_SA209A,SA105A,KA208A",1.8496946,0.794588436683019,3,1JTG_A_B
"1JTG_RA217A,KA208A",2.7300746,1.1690990030765533,2,1JTG_A_B
"1JTG_RA217A,SA209A,KA208A",2.716957,0.8444545169671377,3,1JTG_A_B
"1JTG_KA208A,SA105A,RA217A",2.5094218,0.91617484887441,3,1JTG_A_B
"1JTG_KA208A,SA209A,SA105A,RA217A",2.7885036,0.7359225228428841,4,1JTG_A_B
1JTG_DB49A,1.7919657,1.3409020900726318,1,1JTG_A_B
1JTG_KB74A,3.559509,2.048438787460327,1,1JTG_A_B
1JTG_FB142A,2.102992,2.4924159049987793,1,1JTG_A_B
1JTG_YB143A,0.38202998,1.0547895431518555,1,1JTG_A_B
"1JTG_KB74A,FB142A",4.8523703,2.2704299688339233,2,1JTG_A_B
"1JTG_KB74A,YB143A",3.0586443,1.5516163110733032,2,1JTG_A_B
"1JTG_FB142A,YB143A",2.843151,1.7736029624938965,2,1JTG_A_B
"1JTG_KB74A,FB142A,YB143A",3.8954012,1.8652164141337078,3,1JTG_A_B
1JTG_EA79A,1.5529525,4.051821708679199,1,1JTG_A_B
"1JTG_KB74A,EA79A",1.5768485,3.0501322746276855,2,1JTG_A_B
"1JTG_FB142A,EA79A",2.7478888,3.272118926048279,2,1JTG_A_B
"1JTG_YB143A,EA79A",1.8645554,2.5533052682876587,2,1JTG_A_B
"1JTG_KB74A,FB142A,EA79A",3.13024,2.864227056503296,3,1JTG_A_B
"1JTG_KB74A,YB143A,EA79A",1.0506681,2.3850179513295493,3,1JTG_A_B
"1JTG_FB142A,YB143A,EA79A",2.8912807,2.5330090522766113,3,1JTG_A_B
"1JTG_KB74A,FB142A,YB143A,EA79A",2.3889828,2.411867618560791,4,1JTG_A_B
1JTG_YA80A,-0.16837136,3.0820064544677734,1,1JTG_A_B
"1JTG_KB74A,YA80A",3.3223364,2.565226912498474,2,1JTG_A_B
"1JTG_FB142A,YA80A",0.6943663,2.7872135639190674,2,1JTG_A_B
"1JTG_YB143A,YA80A",1.0754433,2.0683999061584473,2,1JTG_A_B
"1JTG_KB74A,FB142A,YA80A",4.779135,2.5409568150838218,3,1JTG_A_B
"1JTG_KB74A,YB143A,YA80A",3.3951476,2.0617477099100747,3,1JTG_A_B
"1JTG_FB142A,YB143A,YA80A",2.9869044,2.209738810857137,3,1JTG_A_B
"1JTG_KB74A,FB142A,YB143A,YA80A",4.2294164,2.1694149374961853,4,1JTG_A_B
"1JTG_EA79A,YA80A",1.02701,3.5669158697128296,2,1JTG_A_B
"1JTG_KB74A,EA79A,YA80A",1.3861163,3.060758352279663,3,1JTG_A_B
"1JTG_FB142A,EA79A,YA80A",1.505004,3.208749453226725,3,1JTG_A_B
"1JTG_YB143A,EA79A,YA80A",2.0546777,2.7295403480529785,3,1JTG_A_B
"1JTG_KB74A,FB142A,EA79A,YA80A",3.13024,2.9186729192733765,4,1JTG_A_B
"1JTG_KB74A,YB143A,EA79A,YA80A",1.7679566,2.5592660903930664,4,1JTG_A_B
"1JTG_FB142A,YB143A,EA79A,YA80A",2.843151,2.670259416103363,4,1JTG_A_B
"1JTG_KB74A,FB142A,YB143A,EA79A,YA80A",2.412727,2.5458961963653564,5,1JTG_A_B
1JTG_RA217A,1.2657639,0.5599254965782166,1,1JTG_A_B
"1JTG_DB49A,RA217A",1.0992237,0.9504136145114899,2,1JTG_A_B
"1JTG_KB74A,RA217A",6.6202683,1.3041840493679047,2,1JTG_A_B
"1JTG_FB142A,RA217A",3.3951476,1.526170700788498,2,1JTG_A_B
"1JTG_YB143A,RA217A",2.2698503,0.8073570430278778,2,1JTG_A_B
"1JTG_KB74A,FB142A,RA217A",5.496316,1.7002615729967754,3,1JTG_A_B
"1JTG_KB74A,YB143A,RA217A",4.3731375,1.2210524678230286,3,1JTG_A_B
"1JTG_FB142A,YB143A,RA217A",4.5428014,1.3690435687700908,3,1JTG_A_B
"1JTG_KB74A,FB142A,YB143A,RA217A",5.2578373,1.5388935059309006,4,1JTG_A_B
1JTG_KA208A,1.02701,1.7782769203186035,1,1JTG_A_B
"1JTG_DB49A,KA208A",1.6006519,1.559587836265564,2,1JTG_A_B
"1JTG_KB74A,KA208A",6.548087,1.9133582711219788,2,1JTG_A_B
"1JTG_FB142A,KA208A",3.3951476,2.135344922542572,2,1JTG_A_B
"1JTG_YB143A,KA208A",2.5566611,1.416531264781952,2,1JTG_A_B
"1JTG_KB74A,FB142A,KA208A",5.830841,2.1063777208328247,3,1JTG_A_B
"1JTG_KB74A,YB143A,KA208A",4.876004,1.6271686156590779,3,1JTG_A_B
"1JTG_FB142A,YB143A,KA208A",4.6819324,1.7751597166061401,3,1JTG_A_B
"1JTG_KB74A,FB142A,YB143A,KA208A",5.472615,1.8434806168079376,4,1JTG_A_B
1JTG_SA105A,0.33384764,0.4103270471096039,1,1JTG_A_B
"1JTG_DB49A,SA105A",0.35808927,0.8756144940853119,2,1JTG_A_B
"1JTG_KB74A,SA105A",3.1786304,1.2293849289417267,2,1JTG_A_B
"1JTG_FB142A,SA105A",2.843151,1.45137158036232,2,1JTG_A_B
"1JTG_YB143A,SA105A",1.7919657,0.7325579226016998,2,1JTG_A_B
"1JTG_KB74A,FB142A,SA105A",5.161859,1.6503954927126567,3,1JTG_A_B
"1JTG_KB74A,YB143A,SA105A",3.7284179,1.17118638753891,3,1JTG_A_B
"1JTG_FB142A,YB143A,SA105A",4.1582785,1.3191774884859722,3,1JTG_A_B
"1JTG_KB74A,FB142A,YB143A,SA105A",5.0667753,1.5014939457178116,4,1JTG_A_B
1JTG_QA74A,0.42960185,0.8584399819374084,1,1JTG_A_B
1JTG_NA75A,-0.45580518,0.48961734771728516,1,1JTG_A_B
1JTG_VA78A,1.9107438,1.5252851247787476,1,1JTG_A_B
1JTG_EA79A,1.7679566,4.051821708679199,1,1JTG_A_B
1JTG_PA82A,-0.38275692,1.4344065189361572,1,1JTG_A_B
1JTG_EA85A,4.0619283,0.10884881019592285,1,1JTG_A_B
1JTG_MA104A,0.738821,1.9434130191802979,1,1JTG_A_B
1JTG_EA143A,-0.07258199,0.051073282957077026,1,1JTG_A_B
1JTG_VA190A,-0.40694198,0.2329588383436203,1,1JTG_A_B
1JTG_FB36A,3.2014196,2.9476773738861084,1,1JTG_A_B
1JTG_HB41A,3.2497003,0.845325767993927,1,1JTG_A_B
1JTG_DB49A,1.6727427,1.3409020900726318,1,1JTG_A_B
1JTG_YB50A,-0.40694198,0.5344756245613098,1,1JTG_A_B
1JTG_YB53A,2.0774672,2.413153886795044,1,1JTG_A_B
1JTG_SB71A,0.35808927,0.6636232137680054,1,1JTG_A_B
1JTG_KB74A,3.8236682,2.048438787460327,1,1JTG_A_B
1JTG_WB112A,3.0105112,1.0121666193008423,1,1JTG_A_B
1JTG_SB113A,-0.16837136,-0.22904440760612488,1,1JTG_A_B
1JTG_FB142A,2.5082707,2.4924159049987793,1,1JTG_A_B
1JTG_HB148A,2.7478888,0.3190996050834656,1,1JTG_A_B
1JTG_WB150A,4.253562,1.6023142337799072,1,1JTG_A_B
1JTG_RB160A,2.2222042,0.3425799608230591,1,1JTG_A_B
1JTG_WB162A,2.3408265,1.1884735822677612,1,1JTG_A_B
"1JTG_QA74A,HB148A",3.2014196,0.5887700617313385,2,1JTG_A_B
"1JTG_QA74A,WB150A",3.8236682,1.2303780317306519,2,1JTG_A_B
"1JTG_QA74A,RB160A",3.7509472,0.6005104333162308,2,1JTG_A_B
"1JTG_NA75A,HB148A",2.102992,0.40435826778411865,2,1JTG_A_B
"1JTG_NA75A,WB150A",4.3494678,1.045966237783432,2,1JTG_A_B
"1JTG_NA75A,RB160A",1.5768485,0.4160986393690109,2,1JTG_A_B
"1JTG_EA143A,WB162A",2.0774672,0.6197722349315882,2,1JTG_A_B
"1JTG_VA78A,WB162A",4.2294164,1.3568780422210693,2,1JTG_A_B
"1JTG_MA104A,YB53A",3.6092749,2.1782829761505127,2,1JTG_A_B
"1JTG_MA104A,YB50A",0.35808927,1.2389433085918427,2,1JTG_A_B
"1JTG_MA104A,FB36A",3.6313221,2.4455437660217285,2,1JTG_A_B
"1JTG_PA82A,HB41A",2.6529458,1.1398659646511078,2,1JTG_A_B
"1JTG_PA82A,YB50A",-0.6471606,0.9844403564929962,2,1JTG_A_B
"1JTG_PA82A,YB53A",2.3889828,1.9237800240516663,2,1JTG_A_B
"1JTG_VA190A,YB50A",-0.88553065,0.38371673971414566,2,1JTG_A_B
"1JTG_EA85A,SB113A,SB71A",5.04229,0.18114235500494638,3,1JTG_A_B
"1JTG_EA85A,SB113A",4.565591,-0.06009729951620102,2,1JTG_A_B
"1JTG_EA85A,SB71A",5.019354,0.38623548299074173,2,1JTG_A_B
"1JTG_SB71A,SB113A",0.4560681,0.21728888154029846,2,1JTG_A_B
"1JTG_EA79A,SB113A",1.8645554,1.9113886654376984,2,1JTG_A_B
"1JTG_QA74A,WB112A",3.5377367,0.9353042244911194,2,1JTG_A_B
"1JTG_QA74A,WB162A",2.8912807,1.0234561562538147,2,1JTG_A_B
"1JTG_QA74A,KB74A",4.1096516,1.453442096710205,2,1JTG_A_B
"1JTG_QA74A,FB142A",2.8191366,1.6754287481307983,2,1JTG_A_B
"1JTG_QA74A,DB49A",2.1983838,1.0996716618537903,2,1JTG_A_B
"1JTG_NA75A,WB112A",2.7952178,0.7508924305438995,2,1JTG_A_B
"1JTG_NA75A,WB162A",2.102992,0.8390443623065948,2,1JTG_A_B
"1JTG_NA75A,RB160A",1.5768485,0.4160986393690109,2,1JTG_A_B
"1JTG_NA75A,KB74A",3.511833,1.2690303027629852,2,1JTG_A_B
"1JTG_NA75A,FB142A",2.2936041,1.4910169541835785,2,1JTG_A_B
"1JTG_NA75A,DB49A",1.5768485,0.9152598679065704,2,1JTG_A_B
"1JTG_VA78A,RB160A",4.3494678,0.9339323192834854,2,1JTG_A_B
"1JTG_VA78A,FB142A",4.516677,2.008850634098053,2,1JTG_A_B
"1JTG_EA143A,WB112A",2.7952178,0.5316203031688929,2,1JTG_A_B
"1JTG_EA143A,WB150A",4.1096516,0.8266941104084253,2,1JTG_A_B
"1JTG_EA143A,RB160A",2.3189266,0.19682651199400425,2,1JTG_A_B
"1JTG_EA143A,KB74A",4.0619283,1.0497581753879786,2,1JTG_A_B
"1JTG_EA143A,FB142A",2.5810452,1.2717448268085718,2,1JTG_A_B
"1JTG_EA143A,DB49A",1.505004,0.6959877405315638,2,1JTG_A_B
"1JTG_EA85A,YB50A",3.9671037,0.3216618075966835,2,1JTG_A_B
"1JTG_MA104A,SB113A,SB71A",1.6727427,0.7926633556683859,3,1JTG_A_B
"1JTG_VA190A,FB142A",2.1983838,1.3626878932118416,2,1JTG_A_B
"1JTG_EA79A,SB113A,SB71A",2.5810452,1.4954663316408794,3,1JTG_A_B
1JTG_TB32K,0.19934364,0.037810880690813065,1,1JTG_A_B
1JTG_VB93K,-0.47571647,0.21652576327323914,1,1JTG_A_B
1JTG_TB140K,-0.014392254,0.5405153036117554,1,1JTG_A_B
1JTG_NB89K,-0.45492652,0.11297481507062912,1,1JTG_A_B
1JTG_DB163A,-1.3409348,-0.2982264757156372,1,1JTG_A_B
1JTG_DB163K,-1.9827645,-0.4385072588920593,1,1JTG_A_B
"1JTG_TB140K,QB157K",-0.39660552,0.3234790749847889,2,1JTG_A_B
"1JTG_VB165K,DB163K,NB89K",-2.393421,-0.10599286668002605,3,1JTG_A_B
"1JTG_DB163K,DB135K,VB134K",-3.055167,-0.09449389080206554,3,1JTG_A_B
"1JTG_VB165K,DB163K,DB135K,NB89K",-3.360556,0.0046210638247430325,4,1JTG_A_B
1JTG_KA86N,0.18092397,-0.9209784865379333,1,1JTG_A_B
1JTG_RA214Y,-0.14287694,-0.08113965392112732,1,1JTG_A_B
1JTG_PA82Q,0.46132421,0.2867487072944641,1,1JTG_A_B
1JTG_EA143G,-0.17043781,0.18912892043590546,1,1JTG_A_B
1JTG_EA85V,-0.6724211,0.12731534242630005,1,1JTG_A_B
1JTG_EA85G,-0.91263974,0.2863314747810364,1,1JTG_A_B
1JTG_EA146K,-0.6100001,-0.5824677348136902,1,1JTG_A_B
"1JTG_EA85G,EA143G",-0.6100001,0.23773076385259628,2,1JTG_A_B
"1JTG_EA85V,EA143G",-0.7422019,0.15822231024503708,2,1JTG_A_B
1JTG_EA213K,-0.41065642,0.9168540835380554,1,1JTG_A_B
1JTG_EA79A,1.8279184,4.051821708679199,1,1JTG_A_B
1JTG_EA79D,3.643621,5.480146884918213,1,1JTG_A_B
1JTG_EA79K,2.2385747,3.943074941635132,1,1JTG_A_B
1JTG_EB73M,0.5046223,0.5287314057350159,1,1JTG_A_B
"1JTG_EB73M,KB74A",4.294496,1.2885872721672058,2,1JTG_A_B
"1JTG_EB73M,FB142A",2.5326898,1.510573923587799,2,1JTG_A_B
"1JTG_EB73M,KB74A,FB142A",4.5562606,1.6898637215296428,3,1JTG_A_B
"1JTG_EA79A,EB73M",1.8363222,2.2902762293815613,2,1JTG_A_B
"1JTG_EA79A,EB73M,KB74A",2.0956979,2.2096652587254844,3,1JTG_A_B
"1JTG_EA79A,EB73M,FB142A",2.8455446,2.3576563596725464,3,1JTG_A_B
"1JTG_EA79A,EB73M,KB74A,FB142A",2.5820894,2.2803530991077423,4,1JTG_A_B
1JTG_EB31A,0.82131284,0.8568004369735718,1,1JTG_A_B
1JTG_SB35A,0.0,-0.0547466054558754,1,1JTG_A_B
1JTG_FB36A,2.5961404,2.9476773738861084,1,1JTG_A_B
1JTG_SB39A,-0.30263966,0.8477068543434143,1,1JTG_A_B
1JTG_HB41A,2.4998558,0.845325767993927,1,1JTG_A_B
1JTG_GB48A,0.19934364,0.050330750644207,1,1JTG_A_B
1JTG_DB49A,2.185484,1.3409020900726318,1,1JTG_A_B
1JTG_YB50A,-2.261219,0.5344756245613098,1,1JTG_A_B
1JTG_YB51A,0.0,1.8045153617858887,1,1JTG_A_B
1JTG_YB53A,2.2143898,2.413153886795044,1,1JTG_A_B
1JTG_SB71A,-0.54285824,0.6636232137680054,1,1JTG_A_B
1JTG_EB73A,-0.13220184,0.9492831826210022,1,1JTG_A_B
1JTG_KB74A,2.6789427,2.048438787460327,1,1JTG_A_B
1JTG_WB112A,1.9302658,1.0121666193008423,1,1JTG_A_B
1JTG_SB113A,-0.897048,-0.22904440760612488,1,1JTG_A_B
1JTG_GB141A,0.7588918,0.2988673746585846,1,1JTG_A_B
1JTG_FB142A,2.053282,2.4924159049987793,1,1JTG_A_B
1JTG_YB143A,0.10801677,1.0547895431518555,1,1JTG_A_B
1JTG_RB144A,0.10801677,0.4820798337459564,1,1JTG_A_B
1JTG_HB148A,2.2143898,0.3190996050834656,1,1JTG_A_B
1JTG_WB150A,3.5002553,1.6023142337799072,1,1JTG_A_B
1JTG_RB160A,1.8312942,0.3425799608230591,1,1JTG_A_B
1JTG_WB162A,2.185484,1.1884735822677612,1,1JTG_A_B
"1JTG_EB73A,YB50A",-1.4963729,0.741879016160965,2,1JTG_A_B
1JTG_QA74A,0.58940727,0.8584399819374084,1,1JTG_A_B
1JTG_NA75A,-1.4773622,0.48961734771728516,1,1JTG_A_B
1JTG_LA77A,0.87071246,1.1603413820266724,1,1JTG_A_B
1JTG_EA79A,2.7824626,4.051821708679199,1,1JTG_A_B
1JTG_YA80A,-0.09477138,3.0820064544677734,1,1JTG_A_B
1JTG_PA82A,0.23677412,1.4344065189361572,1,1JTG_A_B
1JTG_EA85A,-1.3147715,0.10884881019592285,1,1JTG_A_B
1JTG_KA86A,-0.8585194,0.013384319841861725,1,1JTG_A_B
1JTG_MA104A,1.5096183,1.9434130191802979,1,1JTG_A_B
1JTG_VA190A,-0.582814,0.2329588383436203,1,1JTG_A_B
1JTG_MA244A,-0.051081907,0.3270062208175659,1,1JTG_A_B
1JTG_FB36A,3.8311043,2.9476773738861084,1,1JTG_A_B
1JTG_FB36A,3.5908856,2.9476773738861084,1,1JTG_A_B
1JTG_FB36A,3.0436552,2.9476773738861084,1,1JTG_A_B
1JTG_HB41A,3.4651825,0.845325767993927,1,1JTG_A_B
1JTG_HB41A,3.6500618,0.845325767993927,1,1JTG_A_B
1JTG_HB41A,4.162887,0.845325767993927,1,1JTG_A_B
1JTG_DB49A,3.2394054,1.3409020900726318,1,1JTG_A_B
1JTG_DB49A,3.0652013,1.3409020900726318,1,1JTG_A_B
1JTG_DB49A,2.9027696,1.3409020900726318,1,1JTG_A_B
1JTG_YB53A,3.2093723,2.413153886795044,1,1JTG_A_B
1JTG_YB53A,3.8311043,2.413153886795044,1,1JTG_A_B
1JTG_YB53A,3.400191,2.413153886795044,1,1JTG_A_B
1JTG_KB74A,3.974159,2.048438787460327,1,1JTG_A_B
1JTG_KB74A,4.092513,2.048438787460327,1,1JTG_A_B
1JTG_KB74A,3.7522304,2.048438787460327,1,1JTG_A_B
1JTG_WB112A,3.4204478,1.0121666193008423,1,1JTG_A_B
1JTG_WB112A,3.2093723,1.0121666193008423,1,1JTG_A_B
1JTG_WB112A,2.9299688,1.0121666193008423,1,1JTG_A_B
1JTG_FB142A,3.2394054,2.4924159049987793,1,1JTG_A_B
1JTG_FB142A,3.4651825,2.4924159049987793,1,1JTG_A_B
1JTG_FB142A,3.2394054,2.4924159049987793,1,1JTG_A_B
1JTG_HB148A,2.4501011,0.3190996050834656,1,1JTG_A_B
1JTG_HB148A,3.6200285,0.3190996050834656,1,1JTG_A_B
1JTG_HB148A,3.8750691,0.3190996050834656,1,1JTG_A_B
1JTG_WB150A,4.9841995,1.6023142337799072,1,1JTG_A_B
1JTG_WB150A,4.573543,1.6023142337799072,1,1JTG_A_B
1JTG_WB150A,4.9841995,1.6023142337799072,1,1JTG_A_B
1JTG_RB160A,3.5908856,0.3425799608230591,1,1JTG_A_B
1JTG_RB160A,3.254968,0.3425799608230591,1,1JTG_A_B
1JTG_RB160A,3.30542,0.3425799608230591,1,1JTG_A_B
1JTG_SB39A,0.351783,0.8477068543434143,1,1JTG_A_B
1JTG_GB48A,1.3023428,0.050330750644207,1,1JTG_A_B
1JTG_GB48A,1.9412487,0.050330750644207,1,1JTG_A_B
1JTG_YB50A,-2.0774672,0.5344756245613098,1,1JTG_A_B
1JTG_YB50A,-2.119869,0.5344756245613098,1,1JTG_A_B
1JTG_YB51A,1.1420861,1.8045153617858887,1,1JTG_A_B
1JTG_YB51A,1.0624204,1.8045153617858887,1,1JTG_A_B
1JTG_YB51A,1.0388641,1.8045153617858887,1,1JTG_A_B
1JTG_SB71A,0.59101826,0.6636232137680054,1,1JTG_A_B
1JTG_EB73A,0.98571545,0.9492831826210022,1,1JTG_A_B
1JTG_SB113A,-0.4991435,-0.22904440760612488,1,1JTG_A_B
1JTG_GB141A,1.8707118,0.2988673746585846,1,1JTG_A_B
1JTG_YB143A,0.8916864,1.0547895431518555,1,1JTG_A_B
1JTG_YB143A,1.5581532,1.0547895431518555,1,1JTG_A_B
1JTG_RB144A,1.1825987,0.4820798337459564,1,1JTG_A_B
1K8R_QB11A,1.7981402,0.1229037344455719,1,1K8R_A_B
1K8R_RB13A,2.8009782,-0.09951084852218628,1,1K8R_A_B
1K8R_KB23A,0.5867637,0.2904685139656067,1,1K8R_A_B
1K8R_KB31A,2.7283423,0.9287621378898621,1,1K8R_A_B
1K8R_RB76A,0.7152742,0.2426692545413971,1,1K8R_A_B
1K8R_RB77A,1.436807,0.028304900974035263,1,1K8R_A_B
1K8R_EA31K,0.17093296,0.9330344200134277,1,1K8R_A_B
"1K8R_DA30K,EA31K",0.40966487,0.6275433152914047,2,1K8R_A_B
1K8R_DA33A,1.535104,0.2486577033996582,1,1K8R_A_B
1K8R_EA37A,0.3058015,1.3109632730484009,1,1K8R_A_B
1K8R_DA38A,1.7121863,2.04412579536438,1,1K8R_A_B
1K8R_DA38E,3.4376621,0.6149424314498901,1,1K8R_A_B
1K8R_DA38N,1.8962318,2.036524772644043,1,1K8R_A_B
1K8R_SA39A,0.7152742,0.559813380241394,1,1K8R_A_B
1K8R_YA40C,3.4376621,1.751684546470642,1,1K8R_A_B
1K8R_YA40F,1.4919976,1.2076588869094849,1,1K8R_A_B
1K8R_RA41A,1.1796982,0.9863387942314148,1,1K8R_A_B
1K8R_DA57A,1.1796982,1.2915326356887817,1,1K8R_A_B
1K8R_EA62A,0.40966487,0.40244215726852417,1,1K8R_A_B
1K8R_EA63A,0.40966487,0.20615389943122864,1,1K8R_A_B
1KAC_PA15S,-0.7933806,-0.5860431790351868,1,1KAC_A_B
1KAC_SA87Y,-1.2527592,-1.7208828926086426,1,1KAC_A_B
1KIP_AB32Y,-0.80095166,-0.23939651250839233,1,1KIP_AB_C
1KIQ_FB101Y,-2.496076,-0.8669105768203735,1,1KIQ_AB_C
1KIR_SA50Y,-1.3877153,-0.4797379970550537,1,1KIR_AB_C
1KNE_TP2K,-0.31437176,0.1848641186952591,1,1KNE_A_P
1KNE_TP2I,0.2740822,0.15601584315299988,1,1KNE_A_P
1KNE_TP2F,0.096284665,-0.14205043017864227,1,1KNE_A_P
1KNE_TP2L,0.20430143,0.2802191376686096,1,1KNE_A_P
1KNE_AA3F,-0.11502811,0.14290779829025269,1,1KNE_A_P
"1KNE_AA3F,TP2K",-0.035917178,0.16388603299856186,2,1KNE_A_P
"1KNE_AA3F,TP2I",0.5897433,0.14946182072162628,2,1KNE_A_P
"1KNE_AA3F,TP2F",0.8036264,0.0004288405179977417,2,1KNE_A_P
"1KNE_AA3F,TP2L",0.39296997,0.21156351268291473,2,1KNE_A_P
1KNE_AA3K,0.89495325,-0.07878408581018448,1,1KNE_A_P
"1KNE_AA3K,TP2K",1.5997248,0.0530400425195694,2,1KNE_A_P
"1KNE_AA3K,TP2I",1.3980347,0.03861583024263382,2,1KNE_A_P
"1KNE_AA3K,TP2F",1.4692765,-0.11041714996099472,2,1KNE_A_P
"1KNE_AA3K,TP2L",1.8344539,0.10071752220392227,2,1KNE_A_P
1KNE_AA3L,0.0,-0.20054034888744354,1,1KNE_A_P
"1KNE_AA3L,TP2K",-0.15893354,-0.007837876677513123,2,1KNE_A_P
"1KNE_AA3L,TP2I",0.06589585,-0.0222620889544487,2,1KNE_A_P
"1KNE_AA3L,TP2F",0.2517229,-0.17129506915807724,2,1KNE_A_P
"1KNE_AA3L,TP2L",0.2517229,0.03983960300683975,2,1KNE_A_P
1KNE_AA3T,-0.37679282,-0.09410522133111954,1,1KNE_A_P
"1KNE_AA3T,TP2K",-0.31437176,0.04537945240736008,2,1KNE_A_P
"1KNE_AA3T,TP2I",0.6024847,0.0309552401304245,2,1KNE_A_P
"1KNE_AA3T,TP2F",0.7853957,-0.11807774007320404,2,1KNE_A_P
"1KNE_AA3T,TP2L",0.5634078,0.09305693209171295,2,1KNE_A_P
1KNE_DA40F,-0.6170114,-0.4911743998527527,1,1KNE_A_P
"1KNE_DA40F,TP2K",-0.20635499,-0.15315508097410202,2,1KNE_A_P
"1KNE_DA40F,TP2I",0.20430143,-0.1675792932510376,2,1KNE_A_P
"1KNE_DA40F,TP2F",-0.15893354,-0.31661227345466614,2,1KNE_A_P
"1KNE_DA40F,TP2L",0.2956283,-0.10547760128974915,2,1KNE_A_P
1KNE_DA40I,0.4607526,-0.28480246663093567,1,1KNE_A_P
"1KNE_DA40I,TP2K",0.5897433,-0.049969382584095,2,1KNE_A_P
"1KNE_DA40I,TP2I",0.61495787,-0.06439359486103058,2,1KNE_A_P
"1KNE_DA40I,TP2F",1.0953951,-0.21342657506465912,2,1KNE_A_P
"1KNE_DA40I,TP2L",0.5767219,-0.0022919028997421265,2,1KNE_A_P
1KNE_DA40K,-0.37679282,-0.2872258722782135,1,1KNE_A_P
"1KNE_DA40K,TP2K",0.33650327,-0.05118075758218765,2,1KNE_A_P
"1KNE_DA40K,TP2I",0.0,-0.06560496985912323,2,1KNE_A_P
"1KNE_DA40K,TP2F",-0.035917178,-0.21463795006275177,2,1KNE_A_P
"1KNE_DA40K,TP2L",-0.31437176,-0.003503277897834778,2,1KNE_A_P
1KNE_DA40T,0.4919415,-0.3600466251373291,1,1KNE_A_P
"1KNE_DA40T,TP2K",0.7270746,-0.08759128302335739,2,1KNE_A_P
"1KNE_DA40T,TP2I",0.8872087,-0.10201549530029297,2,1KNE_A_P
"1KNE_DA40T,TP2F",1.2406183,-0.2510484755039215,2,1KNE_A_P
"1KNE_DA40T,TP2L",0.2517229,-0.03991380333900452,2,1KNE_A_P
1KNE_KA24A,-1.2678864,-0.0257590189576149,1,1KNE_A_P
"1KNE_KA24A,AA3K",-0.25790507,-0.05227167718112469,2,1KNE_A_P
1KTZ_VA62I,0.24291772,0.08605928719043732,1,1KTZ_A_B
1KTZ_RA13K,1.1516978,0.28024712204933167,1,1KTZ_A_B
1KTZ_RA64K,2.201497,-0.1586291790008545,1,1KTZ_A_B
1KTZ_RA13A,1.4815814,0.39458703994750977,1,1KTZ_A_B
1KTZ_RA64A,2.8844044,0.17159464955329895,1,1KTZ_A_B
1KTZ_LB3A,1.8249238,1.515730619430542,1,1KTZ_A_B
1KTZ_FB6A,2.980065,-0.024279702454805374,1,1KTZ_A_B
1KTZ_DB8A,1.5216165,0.27755963802337646,1,1KTZ_A_B
1KTZ_DB8N,2.0003443,0.35183483362197876,1,1KTZ_A_B
1KTZ_SB25A,0.32654586,-0.0008218446746468544,1,1KTZ_A_B
1KTZ_IB26A,1.896481,0.6640833616256714,1,1KTZ_A_B
1KTZ_TB27A,1.5135467,0.8509742617607117,1,1KTZ_A_B
1KTZ_SB28A,0.21651737,0.026928450912237167,1,1KTZ_A_B
1KTZ_SB28L,4.0377865,1.2813962697982788,1,1KTZ_A_B
1KTZ_IB29A,1.3702387,0.8161768913269043,1,1KTZ_A_B
1KTZ_EB31A,1.2165227,0.019995857030153275,1,1KTZ_A_B
1KTZ_VB53A,0.41499674,0.42136162519454956,1,1KTZ_A_B
1KTZ_DB94A,0.81474215,0.37353259325027466,1,1KTZ_A_B
1KTZ_EB95A,1.4942782,-0.10085108876228333,1,1KTZ_A_B
1KTZ_EB95Q,1.6271791,-0.06237006187438965,1,1KTZ_A_B
1KTZ_NB23A,0.2849532,-0.004958340432494879,1,1KTZ_A_B
1KTZ_VB38A,0.6479637,1.4342528581619263,1,1KTZ_A_B
1KTZ_EB51A,1.0801141,0.5559390187263489,1,1KTZ_A_B
1KTZ_HB55A,0.2956283,0.38882026076316833,1,1KTZ_A_B
1KTZ_FB86A,0.9322267,1.3260576725006104,1,1KTZ_A_B
1KTZ_MB88A,0.87140906,0.014756426215171814,1,1KTZ_A_B
1KTZ_IB101A,0.53936297,0.6980524659156799,1,1KTZ_A_B
1LFD_RA7A,1.5992154,0.8460251092910767,1,1LFD_A_B
1LFD_SA9K,0.8984887,0.24970939755439758,1,1LFD_A_B
1LFD_LA10K,-0.5018116,1.9912551641464233,1,1LFD_A_B
1LFD_NA14K,0.39763498,0.2763528525829315,1,1LFD_A_B
1LFD_MA17K,-0.40145507,0.11473114788532257,1,1LFD_A_B
1LFD_KA19A,1.4974024,0.7087956666946411,1,1LFD_A_B
1LFD_KA35A,0.29746535,0.5367628335952759,1,1LFD_A_B
1LFD_DA38A,-0.6010017,-0.20292116701602936,1,1LFD_A_B
1LFD_DA38K,-0.90175,-0.6677631139755249,1,1LFD_A_B
1LFD_KA39A,1.800042,1.1919124126434326,1,1LFD_A_B
1LFD_NA41K,-0.10145895,0.7363410592079163,1,1LFD_A_B
1LFD_LA42K,0.0,1.2187966108322144,1,1LFD_A_B
1LFD_DA43A,-0.40145507,0.09581131488084793,1,1LFD_A_B
1LFD_EA44A,-0.40145507,0.28794437646865845,1,1LFD_A_B
1LFD_EA44K,-0.10145895,0.23058824241161346,1,1LFD_A_B
1LFD_DA45K,-0.5018116,0.36868852376937866,1,1LFD_A_B
1LFD_NA79K,-0.40145507,0.1477692425251007,1,1LFD_A_B
1LFD_YA80K,0.19934364,-0.5635917782783508,1,1LFD_A_B
1LFD_DA81K,-0.90175,0.4379848539829254,1,1LFD_A_B
"1LFD_MA17K,DA45K",-0.20182166,0.24171140789985657,2,1LFD_A_B
"1LFD_MA17K,DA81K",-0.40145507,0.2763581722974777,2,1LFD_A_B
"1LFD_MA17K,DA38K,DA45K",-1.8022412,-0.06144662698109945,3,1LFD_A_B
"1LFD_MA17K,DA38K,DA45K,DA81K",-0.90175,0.06341090798377991,4,1LFD_A_B
"1LFD_DA38K,DA43K,EA44K",-1.2028182,-0.12696037317315736,3,1LFD_A_B
"1LFD_DA45K,DA81K",-0.70139563,0.4033367484807968,2,1LFD_A_B
1LFD_RA7A,1.1360438,0.8460251092910767,1,1LFD_A_B
1LFD_SA9K,-0.117870666,0.24970939755439758,1,1LFD_A_B
1LFD_LA10K,-0.0154695995,1.9912551641464233,1,1LFD_A_B
1LFD_NA14K,0.4029721,0.2763528525829315,1,1LFD_A_B
1LFD_MA17K,-0.9208399,0.11473114788532257,1,1LFD_A_B
1LFD_KA19A,1.3263422,0.7087956666946411,1,1LFD_A_B
1LFD_KA35A,0.2582642,0.5367628335952759,1,1LFD_A_B
1LFD_DA38A,-0.5790618,-0.20292116701602936,1,1LFD_A_B
1LFD_DA38K,-1.0864805,-0.6677631139755249,1,1LFD_A_B
1LFD_KA39A,1.1793077,1.1919124126434326,1,1LFD_A_B
1LFD_NA41K,-1.1683279,0.7363410592079163,1,1LFD_A_B
1LFD_LA42K,-0.5710011,1.2187966108322144,1,1LFD_A_B
1LFD_DA43A,-0.2796774,0.09581131488084793,1,1LFD_A_B
1LFD_EA44A,-0.24635807,0.28794437646865845,1,1LFD_A_B
1LFD_EA44K,-0.28459403,0.23058824241161346,1,1LFD_A_B
1LFD_DA45K,-0.9065632,0.36868852376937866,1,1LFD_A_B
1LFD_NA79K,-0.5630486,0.1477692425251007,1,1LFD_A_B
1LFD_YA80K,0.07719918,-0.5635917782783508,1,1LFD_A_B
1LFD_DA81K,-1.1467818,0.4379848539829254,1,1LFD_A_B
"1LFD_MA17K,DA45K",-1.0494401,0.24171140789985657,2,1LFD_A_B
"1LFD_MA17K,DA81K",-0.9065632,0.2763581722974777,2,1LFD_A_B
"1LFD_MA17K,DA38K,DA45K",-1.9596909,-0.06144662698109945,3,1LFD_A_B
"1LFD_MA17K,DA38K,DA45K,DA81K",-1.7567819,0.06341090798377991,4,1LFD_A_B
"1LFD_DA38K,DA43K,EA44K",-1.5574383,-0.12696037317315736,3,1LFD_A_B
"1LFD_DA45K,DA81K",-0.60392356,0.4033367484807968,2,1LFD_A_B
1LFD_IA5A,1.0004743,1.2856407165527344,1,1LFD_A_B
1LFD_RA7A,2.2015543,0.8460251092910767,1,1LFD_A_B
1LFD_NA14A,1.0004743,0.5206090807914734,1,1LFD_A_B
1LFD_NA16A,0.30178165,0.19892053306102753,1,1LFD_A_B
1LFD_YA18F,1.0004743,0.3339216113090515,1,1LFD_A_B
1LFD_KA19A,1.7991841,0.7087956666946411,1,1LFD_A_B
1LFD_SA20A,0.80081373,0.1606488972902298,1,1LFD_A_B
1LFD_KA35A,0.30178165,0.5367628335952759,1,1LFD_A_B
1LFD_DA38A,-0.29922,-0.20292116701602936,1,1LFD_A_B
1LFD_KA39A,2.4014938,1.1919124126434326,1,1LFD_A_B
1LFD_HA40A,1.0004743,0.7515522837638855,1,1LFD_A_B
1LFD_EA44A,-0.099673435,0.28794437646865845,1,1LFD_A_B
1LFD_QB25A,0.9006381,0.46629127860069275,1,1LFD_A_B
1LFD_DB33A,1.1007847,0.753807544708252,1,1LFD_A_B
1LFD_SB39A,-0.5999684,0.2899106740951538,1,1LFD_A_B
1LFD_YB40F,2.3011672,1.567799687385559,1,1LFD_A_B
1LFD_RB41A,0.9006381,1.128477931022644,1,1LFD_A_B
1LFD_IA5A,1.8241292,1.2856407165527344,1,1LFD_A_B
1LFD_RA7A,2.3048167,0.8460251092910767,1,1LFD_A_B
1LFD_NA14A,0.8626772,0.5206090807914734,1,1LFD_A_B
1LFD_NA16A,0.6701435,0.19892053306102753,1,1LFD_A_B
1LFD_YA18F,1.6315053,0.3339216113090515,1,1LFD_A_B
1LFD_YA18A,3.458532,2.6576850414276123,1,1LFD_A_B
1LFD_KA19A,3.0743976,0.7087956666946411,1,1LFD_A_B
1LFD_SA20A,1.0549668,0.1606488972902298,1,1LFD_A_B
1LFD_KA35A,0.5743233,0.5367628335952759,1,1LFD_A_B
1LFD_DA38A,-0.29052365,-0.20292116701602936,1,1LFD_A_B
1LFD_KA39A,3.0743976,1.1919124126434326,1,1LFD_A_B
1LFD_HA40A,1.9196249,0.7515522837638855,1,1LFD_A_B
1LFD_EA44A,0.19088997,0.28794437646865845,1,1LFD_A_B
1LFD_VB29A,0.47771078,0.35948920249938965,1,1LFD_A_B
1LFD_EB37A,1.1507562,0.241100013256073,1,1LFD_A_B
1LFD_DB38A,3.746721,3.327458620071411,1,1LFD_A_B
1LFD_SB39A,-0.8671045,0.2899106740951538,1,1LFD_A_B
1LFD_YB40F,1.9196249,1.567799687385559,1,1LFD_A_B
1LFD_YB40A,3.5545313,4.017477989196777,1,1LFD_A_B
1LFD_RB41A,0.76619107,1.128477931022644,1,1LFD_A_B
1LFD_EB62A,0.19088997,0.4029448330402374,1,1LFD_A_B
1LFD_EB63A,0.28575388,0.4743240177631378,1,1LFD_A_B
"1LFD_NA16A,QB25A",0.30178165,0.3326057642698288,2,1LFD_A_B
"1LFD_KA19A,QB25A",2.5012662,0.5875434279441833,2,1LFD_A_B
"1LFD_DA38A,DB33A",0.2003227,0.27544286847114563,2,1LFD_A_B
"1LFD_HA40A,DB33A",2.2015543,0.7526796460151672,2,1LFD_A_B
"1LFD_NA16A,SB39A",0.0,0.24441540241241455,2,1LFD_A_B
"1LFD_YA18F,SB39A",0.80081373,0.31191687285900116,2,1LFD_A_B
"1LFD_KA35A,SB39A",-0.099673435,0.4133365899324417,2,1LFD_A_B
"1LFD_HA40A,SB39A",0.5011253,0.5207316428422928,2,1LFD_A_B
"1LFD_NA16A,YB40F",2.3011672,0.8833591192960739,2,1LFD_A_B
"1LFD_YA18F,YB40F",2.6016874,0.9508605897426605,2,1LFD_A_B
"1LFD_SA20A,YB40F",1.7991841,0.8642235770821571,2,1LFD_A_B
"1LFD_NA14A,RB41A",1.6006627,0.8245436251163483,2,1LFD_A_B
"1LFD_NA16A,RB41A",1.4007436,0.6636989563703537,2,1LFD_A_B
"1LFD_YA18F,RB41A",1.7991841,0.7312004268169403,2,1LFD_A_B
"1LFD_HA40A,VB29A",1.9196249,0.5555209517478943,2,1LFD_A_B
"1LFD_RA7A,EB37A",2.016676,0.543563149869442,2,1LFD_A_B
"1LFD_NA14A,EB37A",1.9196249,0.38085468858480453,2,1LFD_A_B
"1LFD_YA18F,EB37A",1.2470759,0.2875114902853966,2,1LFD_A_B
"1LFD_YA18A,EB37A",3.458532,1.4493926092982292,2,1LFD_A_B
"1LFD_SA20A,EB37A",2.2082965,0.2008744776248932,2,1LFD_A_B
"1LFD_YA18A,DB38A",4.7080827,2.9925707578659058,2,1LFD_A_B
"1LFD_SA20A,DB38A",3.1699991,1.7440526261925697,2,1LFD_A_B
"1LFD_KA39A,DB38A",5.8624244,2.2596840858459473,2,1LFD_A_B
"1LFD_YA18A,SB39A",3.9384933,1.4737979918718338,2,1LFD_A_B
"1LFD_NA14A,RB41A",1.437748,0.8245436251163483,2,1LFD_A_B
"1LFD_NA16A,RB41A",0.76619107,0.6636989563703537,2,1LFD_A_B
"1LFD_KA35A,EB63A",0.28575388,0.5055433809757233,2,1LFD_A_B
1LFD_DB38A,2.7283423,3.327458620071411,1,1LFD_A_B
1LFD_YB32W,-0.21131277,0.5107024312019348,1,1LFD_A_B
1LP9_TA163A,-0.40431997,1.1919852495193481,1,1LP9_ABC_EF
1LP9_WA167A,0.298805,1.2852566242218018,1,1LP9_ABC_EF
1LP9_KA66A,0.72839123,2.8489391803741455,1,1LP9_ABC_EF
1LP9_KA66A,1.1528584,2.8489391803741455,1,1LP9_ABC_EF
1M9E_AD76H,-1.0099814,-0.3531064987182617,1,1M9E_A_D
1MAH_FA285L,1.1491671,1.4378074407577515,1,1MAH_A_F
1MAH_FA287I,1.9018551,0.14958789944648743,1,1MAH_A_F
1MAH_FA287Y,0.7310583,-0.2237749695777893,1,1MAH_A_F
1MAH_FA328G,0.7310583,1.0676087141036987,1,1MAH_A_F
1MAH_YA327A,0.35676003,1.9204994440078735,1,1MAH_A_F
1MAH_DA71N,1.7348719,0.10902909934520721,1,1MAH_A_F
1MAH_YA121Q,2.772983,1.1366159915924072,1,1MAH_A_F
1MAH_YA69N,4.8160243,1.8544666767120361,1,1MAH_A_F
1MAH_WA276R,8.13113,0.8868980407714844,1,1MAH_A_F
"1MAH_YA69N,YA121Q",6.132774,1.4955406188964844,2,1MAH_A_F
"1MAH_YA121Q,WA276R",8.959455,1.011755347251892,2,1MAH_A_F
"1MAH_YA69N,WA276R",10.734282,1.3706809282302856,2,1MAH_A_F
"1MAH_YA69N,YA121Q,WA276R",10.92611,1.2926589647928874,3,1MAH_A_F
1MHP_SL27Q,-0.5400962,0.35092347860336304,1,1MHP_HL_A
"1MHP_TH50V,SL27Q,NL51Y",-1.023988,0.18374557296435037,3,1MHP_HL_A
1MHP_LL48K,0.9249573,-0.09872861206531525,1,1MHP_HL_A
1MHP_TH50V,-0.26331562,0.12177622318267822,1,1MHP_HL_A
1MHP_LH60D,-0.122694746,0.2720535695552826,1,1MHP_HL_A
1MHP_KH64E,-0.15529884,0.3327471613883972,1,1MHP_HL_A
1MHP_KH64Q,-0.15529884,0.4886472821235657,1,1MHP_HL_A
1MHP_KH64D,-0.122694746,0.4814431667327881,1,1MHP_HL_A
1MHP_KH64N,-0.07257538,0.25270983576774597,1,1MHP_HL_A
1MHP_SL27Q,-0.66641104,0.35092347860336304,1,1MHP_HL_A
1MHP_NL51Y,-0.10329601,0.07853494584560394,1,1MHP_HL_A
1MHP_GH100M,0.10217976,0.46490195393562317,1,1MHP_HL_A
1MHP_SL23R,-0.06708605,0.011060718446969986,1,1MHP_HL_A
1MHP_NL51E,-0.17744917,-0.15951606631278992,1,1MHP_HL_A
1MHP_FH99W,0.0,-0.19701224565505981,1,1MHP_HL_A
1MHP_GH100F,0.5740829,0.15008306503295898,1,1MHP_HL_A
1MHP_GH54Y,0.0,-1.2536137104034424,1,1MHP_HL_A
1MHP_FH99W,0.0,-0.19701224565505981,1,1MHP_HL_A
"1MHP_TH50V,KH64E",-0.36120108,0.22726211696863174,2,1MHP_HL_A
"1MHP_LH60D,KH64Q",0.043008592,0.3803495913743973,2,1MHP_HL_A
"1MHP_LH60D,KH64E",-0.14186399,0.30239957571029663,2,1MHP_HL_A
"1MHP_TH50V,SL27Q,NL51Y",-1.2007446,0.18374557296435037,3,1MHP_HL_A
"1MHP_KH64E,SL27Q,NL51Y",-0.9535147,0.25406905512015027,3,1MHP_HL_A
"1MHP_TH50V,KH64E,SL27Q,NL51E",-1.2678864,0.1614830680191517,4,1MHP_HL_A
"1MHP_TH50V,KH64E,SL27Q,NL51Y",-1.043681,0.22099601477384567,4,1MHP_HL_A
1MHP_NL29V,1.0497993,0.3387238681316376,1,1MHP_HL_A
1MHP_HL30R,1.124301,0.3203578591346741,1,1MHP_HL_A
1MHP_HL30K,1.164688,0.12422458827495575,1,1MHP_HL_A
1MHP_LL48K,0.79821587,-0.09872861206531525,1,1MHP_HL_A
1MHP_NL51R,0.8452191,0.2872413694858551,1,1MHP_HL_A
1MHP_NL51K,0.65780437,0.2741234600543976,1,1MHP_HL_A
1MHP_RH31Q,1.3079134,0.45660400390625,1,1MHP_HL_A
1MHP_SH35Q,2.7283423,0.3064526319503784,1,1MHP_HL_A
1MHP_TH50V,0.0,0.12177622318267822,1,1MHP_HL_A
1MHP_YH59E,0.5442506,0.8430318832397461,1,1MHP_HL_A
1MHP_LH60D,0.0,0.2720535695552826,1,1MHP_HL_A
1MHP_KH64E,0.0,0.3327471613883972,1,1MHP_HL_A
1MHP_KH64Q,0.0,0.4886472821235657,1,1MHP_HL_A
1MHP_KH64D,-0.22034271,0.4814431667327881,1,1MHP_HL_A
1MHP_KH64N,0.0,0.25270983576774597,1,1MHP_HL_A
1MHP_SL27Q,-0.85723,0.35092347860336304,1,1MHP_HL_A
1MHP_NL29Y,1.9084218,-0.7563673853874207,1,1MHP_HL_A
1MHP_NL29W,1.5733892,-0.7841092944145203,1,1MHP_HL_A
1MHP_NL51Y,0.0,0.07853494584560394,1,1MHP_HL_A
1MHP_SL90T,2.3176858,-0.134134441614151,1,1MHP_HL_A
1MHP_SL90R,2.7283423,0.160719633102417,1,1MHP_HL_A
1MHP_GL91Q,1.5733892,-0.04783527925610542,1,1MHP_HL_A
1MHP_GL91S,0.51283616,-0.013925623148679733,1,1MHP_HL_A
"1MHP_SL90R,NL29E",2.7283423,0.22806067764759064,2,1MHP_HL_A
1MHP_SH52M,2.0767698,1.8114291429519653,1,1MHP_HL_A
1MHP_GH53S,0.6758959,-0.40632274746894836,1,1MHP_HL_A
1MHP_GH53A,0.51283616,0.29055649042129517,1,1MHP_HL_A
1MHP_GH54I,1.3641711,0.21950745582580566,1,1MHP_HL_A
1MHP_GH54T,1.164688,0.15759101510047913,1,1MHP_HL_A
1MHP_YH58Q,2.0767698,1.597049593925476,1,1MHP_HL_A
1MHP_YH58E,2.0767698,0.5759011507034302,1,1MHP_HL_A
1MHP_YH58W,0.82131284,0.644904613494873,1,1MHP_HL_A
1MHP_GH100M,0.10217976,0.46490195393562317,1,1MHP_HL_A
1MHP_SL23R,-0.36377135,0.011060718446969986,1,1MHP_HL_A
1MHP_LL48F,0.7125987,0.10763770341873169,1,1MHP_HL_A
1MHP_LL48W,1.9084218,-0.044814396649599075,1,1MHP_HL_A
1MHP_NL51D,0.50098675,-0.004543546587228775,1,1MHP_HL_A
1MHP_NL51E,0.0,-0.15951606631278992,1,1MHP_HL_A
1MHP_WL89Q,2.0767698,1.4501017332077026,1,1MHP_HL_A
1MHP_SL90Q,1.7748275,0.009813986718654633,1,1MHP_HL_A
"1MHP_WL89Q,FL32Y",0.87140906,0.2910963296890259,2,1MHP_HL_A
1MHP_TH33V,0.43456262,0.8335676193237305,1,1MHP_HL_A
1MHP_TH33N,2.7283423,-0.25112390518188477,1,1MHP_HL_A
1MHP_SH35A,1.5733892,0.1858055293560028,1,1MHP_HL_A
1MHP_FH99W,0.0,-0.19701224565505981,1,1MHP_HL_A
1MHP_FH99Y,0.75500685,-0.1758035272359848,1,1MHP_HL_A
1MHP_GH100L,2.7283423,0.5494165420532227,1,1MHP_HL_A
1MHP_GH100F,0.20430143,0.15008306503295898,1,1MHP_HL_A
1MHP_GH100S,0.5579972,0.5494989156723022,1,1MHP_HL_A
"1MHP_TH50V,SH35V",2.7283423,0.6327039375901222,2,1MHP_HL_A
"1MHP_TH50V,SH35A",2.0767698,0.15379108488559723,2,1MHP_HL_A
"1MHP_SH35A,GH102S",1.5733892,0.6089232340455055,2,1MHP_HL_A
"1MHP_SH35V,GH102S",1.4263133,1.0878360867500305,2,1MHP_HL_A
"1MHP_TH50V,GH102S",1.6682031,0.5769090428948402,2,1MHP_HL_A
1MHP_HL30W,1.2558755,0.02051776647567749,1,1MHP_HL_A
"1MHP_NL29Y,SL90I",0.43456262,-0.34578459709882736,2,1MHP_HL_A
1MHP_GH53N,1.2558755,0.19273793697357178,1,1MHP_HL_A
1MHP_GH54Y,0.0,-1.2536137104034424,1,1MHP_HL_A
1MHP_FH99W,0.0,-0.19701224565505981,1,1MHP_HL_A
1MHP_FH99Y,0.75500685,-0.1758035272359848,1,1MHP_HL_A
"1MHP_TH33E,GH53Q",1.6682031,1.2428225874900818,2,1MHP_HL_A
"1MHP_TH33I,SH52T,GH53N,GH54N",1.9084218,0.403383519500494,4,1MHP_HL_A
"1MHP_TH33I,SH52T,GH53Q,GH54F",1.2558755,0.4218811094760895,4,1MHP_HL_A
"1MHP_TH50V,SL27Q",-0.6949949,0.23635020107030869,2,1MHP_HL_A
"1MHP_TH50V,KH64E",0.0,0.22726211696863174,2,1MHP_HL_A
"1MHP_KH64E,SL27Q",-0.85723,0.3418354243040085,2,1MHP_HL_A
"1MHP_TH50V,SL27Q,NL51Y",-0.9535147,0.18374557296435037,3,1MHP_HL_A
"1MHP_KH64E,SL27Q,NL51Y",-1.0857165,0.25406905512015027,3,1MHP_HL_A
"1MHP_TH50V,KH64E,SL27Q,NL51Y",-1.1262804,0.22099601477384567,4,1MHP_HL_A
1MI5_SD23A,0.10006427,0.3532794117927551,1,1MI5_ABC_DE
1MI5_TD24A,0.26040897,0.08887013047933578,1,1MI5_ABC_DE
1MI5_SD26A,-0.039184656,0.3958532214164734,1,1MI5_ABC_DE
1MI5_TD28A,0.5875756,1.2368855476379395,1,1MI5_ABC_DE
1MI5_DD29A,1.2319692,1.7260135412216187,1,1MI5_ABC_DE
1MI5_YD30A,0.4496325,0.6039810180664062,1,1MI5_ABC_DE
1MI5_HD32A,1.2319692,1.2708396911621094,1,1MI5_ABC_DE
1MI5_HD47A,1.1172796,0.544596254825592,1,1MI5_ABC_DE
1MI5_LD49A,1.2319692,0.37599512934684753,1,1MI5_ABC_DE
1MI5_TD50A,-0.5584658,-0.03717004507780075,1,1MI5_ABC_DE
1MI5_SD51A,0.48201498,0.1360117793083191,1,1MI5_ABC_DE
1MI5_ND52A,-0.019268429,0.059540897607803345,1,1MI5_ABC_DE
1MI5_PD89A,1.2319692,0.6870760321617126,1,1MI5_ABC_DE
1MI5_LD90A,1.2319692,1.6114776134490967,1,1MI5_ABC_DE
1MI5_AD91G,0.6083049,0.04360339790582657,1,1MI5_ABC_DE
1MI5_GD92A,0.76413476,0.030677340924739838,1,1MI5_ABC_DE
1MI5_GD93A,1.2319692,1.3852680921554565,1,1MI5_ABC_DE
1MI5_TD94A,0.94299465,0.00543324276804924,1,1MI5_ABC_DE
1MI5_SD95A,0.8272079,0.4659580588340759,1,1MI5_ABC_DE
1MI5_YD96A,1.2319692,2.0078632831573486,1,1MI5_ABC_DE
1MI5_GD97A,1.2319692,1.715675950050354,1,1MI5_ABC_DE
1MI5_KD98A,1.2319692,2.2923097610473633,1,1MI5_ABC_DE
1MI5_SE25A,0.032281633,0.05707057565450668,1,1MI5_ABC_DE
1MI5_GE26A,-0.28936067,0.18936991691589355,1,1MI5_ABC_DE
1MI5_VE28A,0.29308376,0.2601332366466522,1,1MI5_ABC_DE
1MI5_SE29A,1.0638965,0.4879384934902191,1,1MI5_ABC_DE
1MI5_QE48A,-0.07037354,0.6518977880477905,1,1MI5_ABC_DE
1MI5_NE49A,-0.43286994,-0.7002542018890381,1,1MI5_ABC_DE
1MI5_EE50A,0.81893826,0.20410630106925964,1,1MI5_ABC_DE
1MI5_SE92A,0.30169097,0.09684372693300247,1,1MI5_ABC_DE
1MI5_SE93A,-0.61189896,0.4447082281112671,1,1MI5_ABC_DE
1MI5_LE94A,0.11586393,0.8088086247444153,1,1MI5_ABC_DE
1MI5_GE95A,1.2319692,1.0927354097366333,1,1MI5_ABC_DE
1MI5_QE96A,1.2319692,0.5834405422210693,1,1MI5_ABC_DE
1MI5_AE97G,1.2319692,0.5565952658653259,1,1MI5_ABC_DE
1MI5_YE98A,1.2319692,1.4805686473846436,1,1MI5_ABC_DE
1MI5_EE99A,0.119748875,1.3755117654800415,1,1MI5_ABC_DE
1MI5_QE100A,1.2319692,0.02771809883415699,1,1MI5_ABC_DE
1MI5_YE101A,0.26040897,0.7880242466926575,1,1MI5_ABC_DE
1MLC_NA32G,-0.87777954,0.8339322209358215,1,1MLC_AB_E
1MLC_NA92A,-1.2539145,0.286138117313385,1,1MLC_AB_E
1MLC_TB28D,-0.15101142,-0.800180196762085,1,1MLC_AB_E
1MLC_TB31A,0.44720688,0.40724167227745056,1,1MLC_AB_E
1MLC_TB31V,0.5264761,0.18027737736701965,1,1MLC_AB_E
1MLC_SB57A,-0.3791914,0.32018551230430603,1,1MLC_AB_E
1MLC_SB57V,-0.49440196,-1.331491470336914,1,1MLC_AB_E
1MLC_TB58D,-0.559933,0.8580525517463684,1,1MLC_AB_E
1MLC_KB65D,0.01855706,-0.05718396604061127,1,1MLC_AB_E
1MLC_NA32Y,0.0,-0.29962536692619324,1,1MLC_AB_E
1MLC_TB31W,0.13220184,-1.6373182535171509,1,1MLC_AB_E
"1MLC_NA32G,NA92A",-0.6869605,0.560033455491066,2,1MLC_AB_E
"1MLC_SB57V,TB58D",-0.98817086,-0.23671936988830566,2,1MLC_AB_E
"1MLC_NA32G,NA92A,SB57V,TB58D",-1.7357506,0.16165704280138016,4,1MLC_AB_E
"1MLC_NA92A,SB57V,TB58D",-2.3952599,-0.06243376930554708,3,1MLC_AB_E
"1MLC_NA92A,TB28D,SB57V,TB58D",-2.7405863,-0.24687045067548752,4,1MLC_AB_E
"1MLC_NA92A,TB28D,SB57V,TB58D",-2.5825202,-0.24687045067548752,4,1MLC_AB_E
"1MLC_NA92A,TB28D,SB57V,TB58D",-1.6668108,-0.24687045067548752,4,1MLC_AB_E
"1MLC_NA92A,TB28D,SB57V,TB58D,NA32L",-2.5854652,-0.23729259073734282,5,1MLC_AB_E
"1MLC_NA92A,TB28D,SB57V,TB58D,SB30G",-2.3595233,-0.1669744074344635,5,1MLC_AB_E
"1MLC_NA92A,TB28D,SB57V,TB58D,YB59E",-1.4668263,-0.12289294600486755,5,1MLC_AB_E
"1MLC_NA92A,TB28D,SB57V,TB58D,SA91N",1.8505627,-0.15680714845657348,5,1MLC_AB_E
"1MLC_NA92A,TB28D,SB57V,TB58D,SA91N,SA93A",-1.6111606,-0.12138669068614642,6,1MLC_AB_E
"1MLC_NA92A,TB28D,SB57V,TB58D,RB98M,DB100Q",-0.41065642,-0.4688938409090042,6,1MLC_AB_E
"1MLC_NA92A,TB28D,SB57V,TB58D,YB32R,RB98S",1.8505627,0.34424011409282684,6,1MLC_AB_E
"1MLC_NA92A,TB28D,SB57V,TB58D,EB35S,GB99D",-2.9552467,-0.2154504805803299,6,1MLC_AB_E
"1MLC_NA92A,TB28D,SB57V,TB58D,YB32W,RB98V,DB100Q",0.36154947,-0.2173669465950557,7,1MLC_AB_E
"1MLC_NA92A,TB28D,SB57V,TB58D,EB35S",1.9070294,0.10389092564582825,5,1MLC_AB_E
"1MLC_NA92A,TB28D,SB57V,TB58D,GB99D",-0.20366813,-0.5599278628826141,5,1MLC_AB_E
"1MQ8_CB32L,CB170F",3.6818569,0.6944638788700104,2,1MQ8_A_B
"1MQ8_CB32L,CB170F,KB158C,KB165C",-1.7748275,0.5226706825196743,4,1MQ8_A_B
"1MQ8_CB32L,CB170F,EB155C,EB172C",-1.2561543,0.2560075456276536,4,1MQ8_A_B
"1MQ8_CB32L,CB170F,KB31C,TB171C",2.968561,0.5763653814792633,4,1MQ8_A_B
"1MQ8_CB32L,CB170F,LB160C,KB165C",3.7200928,0.3635613229125738,4,1MQ8_A_B
"1MQ8_CB32L,KB31C",0.6100001,0.9114170074462891,2,1MQ8_A_B
"1MQ8_CB170F,TB171C",0.6766379,0.24131375551223755,2,1MQ8_A_B
1N8O_ME80L,-0.062421046,0.1096397265791893,1,1N8O_ABC_E
1N8O_ME80K,1.4597148,-4.472766399383545,1,1N8O_ABC_E
1N8O_ME80R,1.3491715,-2.1782708168029785,1,1N8O_ABC_E
1N8Z_LC509A,-0.023055516,1.2450330257415771,1,1N8Z_AB_C
1N8Z_SC535A,0.030840894,0.04882905259728432,1,1N8Z_AB_C
1N8Z_VC536A,0.008976717,1.0246925354003906,1,1N8Z_AB_C
1N8Z_FC539A,0.035118546,1.9643200635910034,1,1N8Z_AB_C
1N8Z_NA30S,0.06411135,-0.46261292695999146,1,1N8Z_AB_C
1N8Z_HA91F,0.03292247,-0.8997836709022522,1,1N8Z_AB_C
"1N8Z_NA30S,HA91F,YA92W",-0.07190048,-0.5047249346971512,3,1N8Z_AB_C
1N8Z_TA94S,0.30937213,0.07352498173713684,1,1N8Z_AB_C
1N8Z_DB102W,-0.6857352,-0.271822065114975,1,1N8Z_AB_C
1N8Z_YB105F,0.82131284,0.3872149586677551,1,1N8Z_AB_C
1N8Z_YB109V,0.22304489,0.7094509601593018,1,1N8Z_AB_C
"1N8Z_NA30S,HA91F,YA92W,TA94S,DB102W,YB105F,YB109V",0.048722126,-0.08797254519803184,7,1N8Z_AB_C
1N8Z_RB50A,2.9276857,0.8118396997451782,1,1N8Z_AB_C
1N8Z_RB59A,1.7748275,0.4780648350715637,1,1N8Z_AB_C
1NCA_NH31Q,0.0,-0.2103826105594635,1,1NCA_N_LH
1NCA_EH100D,0.41065642,1.8210564851760864,1,1NCA_N_LH
1NCA_DH101K,0.7144798,1.8130871057510376,1,1NCA_N_LH
1NCA_NH102Q,0.54285824,0.04988272115588188,1,1NCA_N_LH
1NMB_DH57N,2.9549508,0.7865341901779175,1,1NMB_N_LH
1NMB_DH57E,2.9549508,0.14319747686386108,1,1NMB_N_LH
1NMB_YH103A,2.1415784,1.9253982305526733,1,1NMB_N_LH
1NMB_YH105F,1.4200456,-0.17651981115341187,1,1NMB_N_LH
1NMB_YL32F,0.46653098,0.1032894104719162,1,1NMB_N_LH
1NMB_TL93F,-0.023913864,0.8386595845222473,1,1NMB_N_LH
1NMB_TL93W,0.18427251,0.7579066753387451,1,1NMB_N_LH
1NMB_LL94V,0.90042377,1.1445043087005615,1,1NMB_N_LH
1OGA_DE28A,1.5732008,2.1960532665252686,1,1OGA_ABC_DE
1OGA_DE28S,2.1622477,1.7069954872131348,1,1OGA_ABC_DE
1OGA_QE48A,2.1622477,1.225515604019165,1,1OGA_ABC_DE
1OGA_QE48E,2.1622477,0.031121231615543365,1,1OGA_ABC_DE
1OGA_IE49A,2.1622477,2.113726854324341,1,1OGA_ABC_DE
1OGA_IE49G,2.1622477,2.778167724609375,1,1OGA_ABC_DE
1OGA_IE49N,2.1622477,2.0638139247894287,1,1OGA_ABC_DE
1OGA_IE49V,0.20096903,0.14557334780693054,1,1OGA_ABC_DE
1OGA_IE49L,1.4185627,1.6338284015655518,1,1OGA_ABC_DE
1OGA_NE51A,1.129622,0.34440866112709045,1,1OGA_ABC_DE
1OGA_NE51D,0.4954368,0.039132025092840195,1,1OGA_ABC_DE
1OGA_DE52A,0.13220184,0.014949923381209373,1,1OGA_ABC_DE
1OGA_QE54A,0.4954368,0.5584520101547241,1,1OGA_ABC_DE
1OGA_QE54E,0.0,0.3102361261844635,1,1OGA_ABC_DE
1OGA_RE94A,2.1622477,-0.42991897463798523,1,1OGA_ABC_DE
1OGA_RE94H,2.1622477,-1.593269944190979,1,1OGA_ABC_DE
1OGA_SE95A,-0.035205524,0.06771908700466156,1,1OGA_ABC_DE
1OGA_YE97A,0.23257396,0.4578782021999359,1,1OGA_ABC_DE
1OGA_YE97F,0.4954368,-0.6150689125061035,1,1OGA_ABC_DE
1OGA_SD29A,0.62763864,0.5244594216346741,1,1OGA_ABC_DE
1OGA_SD30A,1.038295,1.2047377824783325,1,1OGA_ABC_DE
1OGA_QD32A,0.975874,0.38245105743408203,1,1OGA_ABC_DE
1OGA_IE49V,0.2004732,0.14557334780693054,1,1OGA_ABC_DE
1OGA_NE51A,1.100897,0.34440866112709045,1,1OGA_ABC_DE
1OGA_DE52A,0.100621685,0.014949923381209373,1,1OGA_ABC_DE
1OGA_QE54A,0.50068974,0.5584520101547241,1,1OGA_ABC_DE
1OGA_QE54E,0.0,0.3102361261844635,1,1OGA_ABC_DE
1OGA_SE95A,0.0,0.06771908700466156,1,1OGA_ABC_DE
1OGA_YE97A,0.2004732,0.4578782021999359,1,1OGA_ABC_DE
1OGA_YE97F,0.50068974,-0.6150689125061035,1,1OGA_ABC_DE
1OGA_SD30A,1.0012839,1.2047377824783325,1,1OGA_ABC_DE
1OGA_QD32A,1.0012839,0.38245105743408203,1,1OGA_ABC_DE
1OGA_QA43A,-0.023952235,0.12260432541370392,1,1OGA_ABC_DE
1OGA_EA58A,0.1126562,0.21801745891571045,1,1OGA_ABC_DE
1OGA_DA61A,0.118175976,0.16261187195777893,1,1OGA_ABC_DE
1OGA_EA63A,-0.01816087,0.4740821123123169,1,1OGA_ABC_DE
1OGA_TA64A,0.18642865,0.5525267124176025,1,1OGA_ABC_DE
1OGA_RA65A,-0.36547485,0.7344074249267578,1,1OGA_ABC_DE
1OGA_KA66A,-0.023952235,-0.05259261652827263,1,1OGA_ABC_DE
1OGA_VA67A,-0.13922982,0.5588098764419556,1,1OGA_ABC_DE
1OGA_KA68A,0.24835986,0.3432298004627228,1,1OGA_ABC_DE
1OGA_AA69G,0.42719105,0.7442792057991028,1,1OGA_ABC_DE
1OGA_HA70A,0.5177409,1.9505695104599,1,1OGA_ABC_DE
1OGA_QA72A,-0.4595702,0.5831957459449768,1,1OGA_ABC_DE
1OGA_TA73A,0.84861964,0.7676817178726196,1,1OGA_ABC_DE
1OGA_HA74A,0.60438436,1.3326525688171387,1,1OGA_ABC_DE
1OGA_RA75A,0.7110562,0.33221375942230225,1,1OGA_ABC_DE
1OGA_VA76A,0.87216383,1.2113969326019287,1,1OGA_ABC_DE
1OGA_TA80A,0.19533786,0.285539448261261,1,1OGA_ABC_DE
1OGA_KA146A,1.931125,1.3450723886489868,1,1OGA_ABC_DE
1OGA_AA149G,0.12273683,0.18324236571788788,1,1OGA_ABC_DE
1OGA_AA150G,0.44854298,0.7424507141113281,1,1OGA_ABC_DE
1OGA_HA151A,0.0,0.13578784465789795,1,1OGA_ABC_DE
1OGA_VA152A,1.393609,1.2108508348464966,1,1OGA_ABC_DE
1OGA_EA154A,0.6123906,0.470259428024292,1,1OGA_ABC_DE
1OGA_QA155A,0.4890683,1.1648509502410889,1,1OGA_ABC_DE
1OGA_AA158G,0.13264881,0.26107507944107056,1,1OGA_ABC_DE
1OGA_TA163A,0.321561,0.41844820976257324,1,1OGA_ABC_DE
"1OHZ_SB11A,TB12A",0.07970309,-0.010597055777907372,2,1OHZ_A_B
"1OHZ_SB45A,TB46A",0.07970309,0.6551657468080521,2,1OHZ_A_B
"1OHZ_SB11A,TB12A,SB45A,TB46A",0.0,0.32228434551507235,4,1OHZ_A_B
"1OHZ_SB11Q,SB45Q",2.185484,0.22649966180324554,2,1OHZ_A_B
"1OHZ_SB11L,TB12L,SB45Q",3.0067968,0.2700669417778651,3,1OHZ_A_B
1P69_SA15P,0.7933806,1.2499374151229858,1,1P69_A_B
1P6A_YA87S,1.2527592,0.7712198495864868,1,1P6A_A_B
1PPF_LI18G,3.3328986,4.761382579803467,1,1PPF_E_I
1PPF_LI18A,1.0710874,3.299450635910034,1,1PPF_E_I
1PPF_LI18S,3.0920286,4.310453414916992,1,1PPF_E_I
1PPF_LI18C,-0.08952337,0.950297474861145,1,1PPF_E_I
1PPF_LI18V,-0.49266446,2.5786819458007812,1,1PPF_E_I
1PPF_LI18T,0.9154713,3.1637699604034424,1,1PPF_E_I
1PPF_LI18P,6.1471486,6.498128414154053,1,1PPF_E_I
1PPF_LI18I,-0.73288304,3.005005359649658,1,1PPF_E_I
1PPF_LI18M,1.2575976,0.7059637308120728,1,1PPF_E_I
1PPF_LI18N,5.225429,2.959010124206543,1,1PPF_E_I
1PPF_LI18D,7.613488,5.9821553230285645,1,1PPF_E_I
1PPF_LI18K,5.736492,2.6141793727874756,1,1PPF_E_I
1PPF_LI18Q,3.306267,2.270936965942383,1,1PPF_E_I
1PPF_LI18E,7.0562377,5.736950874328613,1,1PPF_E_I
1PPF_LI18H,6.471246,2.8328442573547363,1,1PPF_E_I
1PPF_LI18F,5.1694956,1.4037729501724243,1,1PPF_E_I
1PPF_LI18R,7.1845417,3.1934654712677,1,1PPF_E_I
1PPF_LI18Y,6.6357884,1.455959439277649,1,1PPF_E_I
1PPF_LI18W,7.5441813,1.9194639921188354,1,1PPF_E_I
1PPF_AI15G,1.1382291,1.0161784887313843,1,1PPF_E_I
1PPF_AI15S,0.75647855,0.43034616112709045,1,1PPF_E_I
1PPF_AI15C,-0.67370695,0.5223096609115601,1,1PPF_E_I
1PPF_AI15V,0.20805256,0.041557636111974716,1,1PPF_E_I
1PPF_AI15T,0.9628335,0.6514906287193298,1,1PPF_E_I
1PPF_AI15P,1.9954592,1.2437331676483154,1,1PPF_E_I
1PPF_AI15L,0.017792689,0.28481656312942505,1,1PPF_E_I
1PPF_AI15I,0.32947758,0.052281659096479416,1,1PPF_E_I
1PPF_AI15M,-0.40133756,0.06979215145111084,1,1PPF_E_I
1PPF_AI15N,0.9154713,0.7940652370452881,1,1PPF_E_I
1PPF_AI15D,1.1382291,0.6034786701202393,1,1PPF_E_I
1PPF_AI15K,1.127554,1.205174207687378,1,1PPF_E_I
1PPF_AI15Q,0.24977449,0.0007926039397716522,1,1PPF_E_I
1PPF_AI15E,0.105603516,0.37389928102493286,1,1PPF_E_I
1PPF_AI15H,0.5528879,0.341867059469223,1,1PPF_E_I
1PPF_AI15F,-0.07295021,-0.2927955090999603,1,1PPF_E_I
1PPF_AI15R,-0.26417795,0.7316164970397949,1,1PPF_E_I
1PPF_AI15Y,-0.185067,-0.29580458998680115,1,1PPF_E_I
1PPF_AI15W,-0.64084536,-0.6453087329864502,1,1PPF_E_I
1PPF_TI17G,3.599849,4.896013259887695,1,1PPF_E_I
1PPF_TI17A,3.4848208,3.0296154022216797,1,1PPF_E_I
1PPF_TI17S,1.5049802,2.2159194946289062,1,1PPF_E_I
1PPF_TI17C,2.0874968,2.7093186378479004,1,1PPF_E_I
1PPF_TI17V,1.4817438,2.389505624771118,1,1PPF_E_I
1PPF_TI17P,3.0741644,3.3242883682250977,1,1PPF_E_I
1PPF_TI17L,2.2796423,2.680450916290283,1,1PPF_E_I
1PPF_TI17I,1.4817438,1.3947150707244873,1,1PPF_E_I
1PPF_TI17M,2.5024002,2.229625701904297,1,1PPF_E_I
1PPF_TI17N,2.6987135,3.069338083267212,1,1PPF_E_I
1PPF_TI17D,4.9236784,4.0948638916015625,1,1PPF_E_I
1PPF_TI17K,3.3887732,2.3816728591918945,1,1PPF_E_I
1PPF_TI17Q,1.9687275,3.0207130908966064,1,1PPF_E_I
1PPF_TI17E,3.0410116,3.98996901512146,1,1PPF_E_I
1PPF_TI17H,1.6936487,3.166179656982422,1,1PPF_E_I
1PPF_TI17F,1.7099932,2.4925272464752197,1,1PPF_E_I
1PPF_TI17R,3.451668,2.431901693344116,1,1PPF_E_I
1PPF_TI17Y,2.4808543,2.387608289718628,1,1PPF_E_I
1PPF_TI17W,2.195336,2.3829591274261475,1,1PPF_E_I
1PPF_EI19G,2.1206496,2.445563793182373,1,1PPF_E_I
1PPF_EI19A,1.2032892,1.7457249164581299,1,1PPF_E_I
1PPF_EI19S,1.8462117,2.0624794960021973,1,1PPF_E_I
1PPF_EI19C,1.4026328,1.7305219173431396,1,1PPF_E_I
1PPF_EI19V,1.1590191,0.8173054456710815,1,1PPF_E_I
1PPF_EI19T,1.5049802,2.00663161277771,1,1PPF_E_I
1PPF_EI19P,3.2103827,2.2096574306488037,1,1PPF_E_I
1PPF_EI19L,1.0710874,1.5651448965072632,1,1PPF_E_I
1PPF_EI19I,0.7233257,0.2327144742012024,1,1PPF_E_I
1PPF_EI19M,1.1487153,1.0668219327926636,1,1PPF_E_I
1PPF_EI19N,1.2126933,1.6650232076644897,1,1PPF_E_I
1PPF_EI19D,0.57792485,0.25973886251449585,1,1PPF_E_I
1PPF_EI19K,2.1206496,1.2882821559906006,1,1PPF_E_I
1PPF_EI19Q,0.6604309,1.0211224555969238,1,1PPF_E_I
1PPF_EI19H,0.69046414,1.4793925285339355,1,1PPF_E_I
1PPF_EI19F,1.3641711,2.256483793258667,1,1PPF_E_I
1PPF_EI19R,1.4817438,1.433416724205017,1,1PPF_E_I
1PPF_EI19Y,1.2488849,1.7113385200500488,1,1PPF_E_I
1PPF_EI19W,1.530076,2.0189313888549805,1,1PPF_E_I
1PPF_YI20G,4.1859007,4.112498760223389,1,1PPF_E_I
1PPF_YI20A,3.2103827,3.3654797077178955,1,1PPF_E_I
1PPF_YI20S,3.6438136,3.387723684310913,1,1PPF_E_I
1PPF_YI20C,3.451668,2.506922721862793,1,1PPF_E_I
1PPF_YI20V,4.1859007,3.5373220443725586,1,1PPF_E_I
1PPF_YI20T,5.055347,5.139098167419434,1,1PPF_E_I
1PPF_YI20P,5.3671613,6.231927871704102,1,1PPF_E_I
1PPF_YI20L,1.3749107,1.7171794176101685,1,1PPF_E_I
1PPF_YI20I,3.9316313,2.866990089416504,1,1PPF_E_I
1PPF_YI20M,2.8123996,2.4576358795166016,1,1PPF_E_I
1PPF_YI20N,3.6438136,4.346254825592041,1,1PPF_E_I
1PPF_YI20D,6.419518,4.846705913543701,1,1PPF_E_I
1PPF_YI20K,4.494069,4.374691963195801,1,1PPF_E_I
1PPF_YI20Q,4.6970696,4.014894962310791,1,1PPF_E_I
1PPF_YI20E,6.419518,4.913063049316406,1,1PPF_E_I
1PPF_YI20H,2.3787324,2.4513542652130127,1,1PPF_E_I
1PPF_YI20F,0.4820406,0.3738929033279419,1,1PPF_E_I
1PPF_YI20R,4.372321,3.768028736114502,1,1PPF_E_I
1PPF_YI20W,0.23538224,0.24975574016571045,1,1PPF_E_I
1PPF_RI21G,0.57792485,1.9322428703308105,1,1PPF_E_I
1PPF_RI21A,0.20805256,0.4514850676059723,1,1PPF_E_I
1PPF_RI21S,0.41961956,0.6110864877700806,1,1PPF_E_I
1PPF_RI21C,-0.08117884,0.24516016244888306,1,1PPF_E_I
1PPF_RI21V,-0.34960973,0.0530889593064785,1,1PPF_E_I
1PPF_RI21T,-0.018343631,0.3527386784553528,1,1PPF_E_I
1PPF_RI21P,6.7055693,6.577286243438721,1,1PPF_E_I
1PPF_RI21L,-0.85858625,-0.06631284952163696,1,1PPF_E_I
1PPF_RI21I,-0.8112832,-0.08589388430118561,1,1PPF_E_I
1PPF_RI21M,-0.75961477,-0.0216924287378788,1,1PPF_E_I
1PPF_RI21N,0.32947758,0.9399847984313965,1,1PPF_E_I
1PPF_RI21D,0.20805256,1.7652487754821777,1,1PPF_E_I
1PPF_RI21K,0.6045564,0.18757154047489166,1,1PPF_E_I
1PPF_RI21Q,-0.018343631,0.19156204164028168,1,1PPF_E_I
1PPF_RI21E,0.46085024,1.6169785261154175,1,1PPF_E_I
1PPF_RI21H,-0.49266446,0.8024897575378418,1,1PPF_E_I
1PPF_RI21F,-0.9812476,-0.008143015205860138,1,1PPF_E_I
1PPF_RI21Y,0.22063163,0.4728233218193054,1,1PPF_E_I
1PPF_RI21W,-0.53300625,0.42050182819366455,1,1PPF_E_I
1PPF_PI14G,0.09338758,0.1633150726556778,1,1PPF_E_I
1PPF_PI14A,-0.12412894,-0.0893142819404602,1,1PPF_E_I
1PPF_PI14S,-0.5715383,0.15084007382392883,1,1PPF_E_I
1PPF_PI14C,-2.0050166,-0.02604232355952263,1,1PPF_E_I
1PPF_PI14V,-1.525053,0.07842102646827698,1,1PPF_E_I
1PPF_PI14T,-0.26417795,0.11540764570236206,1,1PPF_E_I
1PPF_PI14L,-2.9233665,-0.058558858931064606,1,1PPF_E_I
1PPF_PI14I,-1.6513598,0.03101475164294243,1,1PPF_E_I
1PPF_PI14M,-1.5744526,-0.34143099188804626,1,1PPF_E_I
1PPF_PI14N,-0.64084536,0.07706153392791748,1,1PPF_E_I
1PPF_PI14D,-0.49266446,-0.5506327748298645,1,1PPF_E_I
1PPF_PI14K,-0.44869977,0.09069693088531494,1,1PPF_E_I
1PPF_PI14Q,-0.8112832,-0.06010020524263382,1,1PPF_E_I
1PPF_PI14E,-1.4290054,-0.3126210570335388,1,1PPF_E_I
1PPF_PI14H,-1.7655087,0.34504804015159607,1,1PPF_E_I
1PPF_PI14F,-1.8568356,-0.09078353643417358,1,1PPF_E_I
1PPF_PI14R,-0.13764554,0.18199360370635986,1,1PPF_E_I
1PPF_PI14Y,-0.9626155,0.11253483593463898,1,1PPF_E_I
1PPF_PI14W,-2.0050166,0.010586213320493698,1,1PPF_E_I
1PPF_KI13G,1.2488849,-0.3990504741668701,1,1PPF_E_I
1PPF_KI13A,0.75647855,-1.1142566204071045,1,1PPF_E_I
1PPF_KI13S,0.46085024,-1.9204869270324707,1,1PPF_E_I
1PPF_KI13C,0.9628335,-0.23001107573509216,1,1PPF_E_I
1PPF_KI13V,0.8715067,-0.3095221221446991,1,1PPF_E_I
1PPF_KI13T,0.16590488,-1.435356855392456,1,1PPF_E_I
1PPF_KI13P,1.266184,0.29749158024787903,1,1PPF_E_I
1PPF_KI13L,0.4015556,-0.6155644655227661,1,1PPF_E_I
1PPF_KI13I,0.63128805,-0.06114577502012253,1,1PPF_E_I
1PPF_KI13M,0.20805256,-0.5192320942878723,1,1PPF_E_I
1PPF_KI13N,0.6604309,0.05900533124804497,1,1PPF_E_I
1PPF_KI13D,0.63128805,-0.24134138226509094,1,1PPF_E_I
1PPF_KI13Q,0.24977449,-0.12637931108474731,1,1PPF_E_I
1PPF_KI13E,1.1329156,0.46943122148513794,1,1PPF_E_I
1PPF_KI13H,1.0145614,0.06676718592643738,1,1PPF_E_I
1PPF_KI13F,0.9628335,-0.7817652821540833,1,1PPF_E_I
1PPF_KI13R,-0.64084536,-0.5309861898422241,1,1PPF_E_I
1PPF_KI13Y,0.50558484,-0.24008628726005554,1,1PPF_E_I
1PPF_KI13W,0.8311649,-0.15439346432685852,1,1PPF_E_I
1PPF_GI32A,0.23538224,1.3439725637435913,1,1PPF_E_I
1PPF_GI32S,0.9154713,1.3407448530197144,1,1PPF_E_I
1PPF_GI32C,1.1791041,1.5574729442596436,1,1PPF_E_I
1PPF_GI32V,2.553068,2.8467235565185547,1,1PPF_E_I
1PPF_GI32T,2.8123996,2.748800277709961,1,1PPF_E_I
1PPF_GI32P,0.2638254,1.243161916732788,1,1PPF_E_I
1PPF_GI32L,3.1298978,2.399622678756714,1,1PPF_E_I
1PPF_GI32I,4.372321,3.1438558101654053,1,1PPF_E_I
1PPF_GI32M,2.195336,2.386120080947876,1,1PPF_E_I
1PPF_GI32N,1.6139456,1.8838112354278564,1,1PPF_E_I
1PPF_GI32D,2.4970868,1.7724485397338867,1,1PPF_E_I
1PPF_GI32K,3.306267,2.7551631927490234,1,1PPF_E_I
1PPF_GI32Q,2.7997265,2.4467360973358154,1,1PPF_E_I
1PPF_GI32E,1.4575586,1.4694550037384033,1,1PPF_E_I
1PPF_GI32H,1.5049802,2.5098910331726074,1,1PPF_E_I
1PPF_GI32F,1.4817438,1.511059284210205,1,1PPF_E_I
1PPF_GI32R,4.848992,3.1940019130706787,1,1PPF_E_I
1PPF_GI32Y,1.2032892,1.5794012546539307,1,1PPF_E_I
1PPF_GI32W,1.6439788,2.4482955932617188,1,1PPF_E_I
1PPF_NI36G,-0.5715383,0.24632813036441803,1,1PPF_E_I
1PPF_NI36A,-1.6455227,0.2828209400177002,1,1PPF_E_I
1PPF_NI36S,-1.3463784,0.20228348672389984,1,1PPF_E_I
1PPF_NI36C,0.6045564,-0.06593027710914612,1,1PPF_E_I
1PPF_NI36V,0.34582213,-0.0024399124085903168,1,1PPF_E_I
1PPF_NI36T,0.5528879,0.22447393834590912,1,1PPF_E_I
1PPF_NI36P,-2.9595976,1.183225154876709,1,1PPF_E_I
1PPF_NI36L,2.6471634,0.6037108898162842,1,1PPF_E_I
1PPF_NI36I,0.8715067,-0.08323141932487488,1,1PPF_E_I
1PPF_NI36M,1.0710874,-0.15837980806827545,1,1PPF_E_I
1PPF_NI36D,-3.077952,0.15119333565235138,1,1PPF_E_I
1PPF_NI36K,2.6217687,0.9606528878211975,1,1PPF_E_I
1PPF_NI36Q,0.38292348,-0.00959111750125885,1,1PPF_E_I
1PPF_NI36E,-1.0183489,0.17684298753738403,1,1PPF_E_I
1PPF_NI36H,-0.53300625,-0.19299685955047607,1,1PPF_E_I
1PPF_NI36F,1.8462117,-1.1036266088485718,1,1PPF_E_I
1PPF_NI36R,1.869756,0.910678505897522,1,1PPF_E_I
1PPF_NI36Y,1.6768404,-0.49333351850509644,1,1PPF_E_I
1PPF_NI36W,1.7219623,-0.3181278705596924,1,1PPF_E_I
"1PPF_AI15R,LI18R",7.3277965,1.9625402688980103,2,1PPF_E_I
"1PPF_EI10D,AI15V,TI17P,EI19D,RI21M,NI28S,GI32S,NI45S,SI51R",3.3328986,0.5185428642564349,9,1PPF_E_I
"1PPF_EI10G,KI13Q,PI14S,TI17P,LI18Q,EI19D,RI21V,LI23F,GI32S,VI42A,EI43D",6.0346093,0.6886225349523805,11,1PPF_E_I
"1PPF_EI10D,YI11H,AI15V,TI17S,RI21M,NI28S,GI32S,NI36D",0.29537022,0.5509505593217909,8,1PPF_E_I
"1PPF_AI15V,TI17S,LI18P,RI21M,NI28S,GI32N,NI36D,NI39S,SI51G",7.3737435,1.327423566331466,9,1PPF_E_I
"1PPF_EI10D,AI15V,TI17S,RI21M,NI28S,GI32N,NI36D,SI51G",1.0145614,0.60169572615996,8,1PPF_E_I
"1PPF_EI10D,AI15V,TI17S,RI21M,NI28S,GI32S,EI43D",2.0874968,0.5243912706417697,7,1PPF_E_I
"1PPF_VI6I,EI10D,AI15V,TI17S,RI21M,NI28S,GI32S,EI43D,TI49I",1.9687275,0.461137980222702,9,1PPF_E_I
"1PPF_EI10D,AI15V,TI17S,RI21M,NI28S,GI32S,VI42A,EI43D",1.6139456,0.5028987401165068,8,1PPF_E_I
"1PPF_EI10D,RI21M,KI29Q,GI32S,NI36S,EI43D",-0.44869977,0.25130732854207355,6,1PPF_E_I
"1PPF_RI21M,KI29Q,GI32S,EI43D",0.071384184,0.3510991670191288,4,1PPF_E_I
"1PPF_EI10D,RI21M,EI43D",-0.75961477,-0.005378541847070058,3,1PPF_E_I
"1PPF_EI10D,KI13R,AI15D,RI21M,EI43D",0.12930475,0.011271192133426667,5,1PPF_E_I
"1PPF_EI10D,LI18M,RI21M,EI43D",0.8311649,0.17245677299797535,4,1PPF_E_I
"1PPF_EI10D,LI18V,RI21M,GI32D,EI43D",1.4026328,0.8669986858963966,5,1PPF_E_I
"1PPF_EI10D,LI18V,RI21M,EI43D",0.038461715,0.6406362224370241,4,1PPF_E_I
"1PPF_EI10D,TI17R,LI18M,RI21M,EI43D",4.6207423,0.624345900118351,5,1PPF_E_I
"1PPF_EI10G,LI18M,RI21M,EI43D,KI55E",-0.010937885,0.16100350618362427,5,1PPF_E_I
"1PPF_DI7N,EI10G,LI18M,RI21M,EI43D,KI55E",0.038461715,0.19987516105175018,6,1PPF_E_I
"1PPF_EI10D,AI15V,TI17S,YI20D,RI21M,NI28S,GI32S,EI43D",7.4812865,1.064680660609156,8,1PPF_E_I
"1PPF_EI10D,AI15V,TI17S,RI21M,NI28S,GI32S,NI36D,EI43D",-0.029628772,0.4777414374984801,8,1PPF_E_I
"1PPF_AI15V,TI17S,RI21M,NI28S,KI29Q,GI32S,KI34E,EI43D",1.9420959,0.38321891753003,8,1PPF_E_I
1PPF_LI18M,1.2265255,0.7059637308120728,1,1PPF_E_I
"1PPF_AI15D,GI32A",1.1590191,0.9737251102924347,2,1PPF_E_I
1PPF_GI32A,0.27980772,1.3439725637435913,1,1PPF_E_I
"1PPF_RI21V,LI23I",-0.29308376,-0.12630663625895977,2,1PPF_E_I
"1PPF_LI18M,LI23V,KI29I,EI43K",1.3923885,0.2286696583032608,4,1PPF_E_I
"1PPF_AI15G,LI18M,LI23V,KI29I,EI43K",2.2796423,0.3861712574958801,5,1PPF_E_I
"1PPF_LI18M,NI36D,SI51N",-0.85858625,0.2426044543584188,3,1PPF_E_I
"1PPF_EI10D,KI13M,LI18M,LI23V",1.6279964,0.009600233286619186,4,1PPF_E_I
"1PPF_EI10G,LI18M,YI20S,LI23I,KI29T,GI32S,HI52Y,FI53P,KI55V",5.622589,0.6411324975391229,9,1PPF_E_I
"1PPF_AI15T,LI18M",-1.4927714,0.6787264049053192,2,1PPF_E_I
"1PPF_LI18M,TI30S,GI32D",4.176571,1.2011441985766094,3,1PPF_E_I
"1PPF_LI18I,GI32D",2.5231903,2.388726830482483,2,1PPF_E_I
"1PPF_AI15D,LI18A,YI20D",8.737914,2.91654501358668,3,1PPF_E_I
"1PPF_LI18M,HI52R",1.4817438,0.8986612856388092,2,1PPF_E_I
"1PPF_LI18M,SI51N",1.2575976,0.28831037878990173,2,1PPF_E_I
1PPF_YI20H,2.4527707,2.4513542652130127,1,1PPF_E_I
"1PPF_LI18M,YI20Q",5.8396077,2.3604290783405304,2,1PPF_E_I
"1PPF_LI18M,GI32D",3.9859397,1.2392056286334991,2,1PPF_E_I
"1PPF_EI10D,TI17L,RI21M,GI32D,NI36S,EI43D,TI49S",4.372321,0.6643279242728438,7,1PPF_E_I
"1PPF_EI10D,RI21M,LI23F,NI28S,GI32S,EI43D",0.46085024,0.21028906727830568,6,1PPF_E_I
"1PPF_EI10G,KI13Q,TI17S,RI21V,LI23F,GI32S,NI36D,VI42A,EI43D",0.50558484,0.43735063821077347,9,1PPF_E_I
"1PPF_EI10D,TI17S,EI19D,RI21M,NI28S,GI32S,EI43D,GI54E",3.2812302,0.5923970537260175,8,1PPF_E_I
"1PPF_EI10D,AI15V,YI20E,RI21M,EI43D",6.527772,0.9876971580088139,5,1PPF_E_I
"1PPF_EI10D,AI15V,TI17S,RI21M,VI42A,EI43D",1.2265255,0.43229871802031994,6,1PPF_E_I
"1PPF_DI7N,EI10D,AI15V,TI17S,EI19L,RI21M,VI42A,EI43D",1.4026328,0.5691462107934058,8,1PPF_E_I
"1PPF_EI10D,AI15V,YI20D,RI21M,KI29I,GI32H,NI36Y,VI42A,EI43H,LI50F",4.9236784,0.7864563349634409,10,1PPF_E_I
"1PPF_YI11H,EI19D,LI23I,NI28S,GI32S,NI36D,VI42M,EI43D",0.32947758,0.2844772282987833,8,1PPF_E_I
"1PPF_EI10D,AI15V,EI19D,RI21M,KI29T,GI32S,EI43D,LI48I",1.9170591,0.3735259217210114,8,1PPF_E_I
"1PPF_EI10D,AI15V,TI17S,EI19D,RI21M,KI29T,GI32N,NI36I,EI43D,LI48I",4.5980983,0.5663959983736276,10,1PPF_E_I
"1PPF_EI10D,KI13R,AI15V,EI19D,RI21M,GI32S,EI43D,LI48I,KI55R",2.3270047,0.2180789564218786,9,1PPF_E_I
"1PPF_EI10D,AI15V,EI19D,RI21M,GI32S,EI43D,LI48I,KI55R",2.4863145,0.31171212950721383,8,1PPF_E_I
1PPF_GI32V,2.543275,2.8467235565185547,1,1PPF_E_I
1PPF_TI17E,3.0741644,3.98996901512146,1,1PPF_E_I
"1PPF_EI10D,LI18F,RI21M,EI43D",4.5533633,0.3469091225415468,4,1PPF_E_I
1PPF_TI17S,1.5567676,2.2159194946289062,1,1PPF_E_I
1PPF_TI17V,1.5435721,2.389505624771118,1,1PPF_E_I
1PPF_AI15V,0.19259642,0.041557636111974716,1,1PPF_E_I
"1PPF_AI15V,TI17S",1.7657267,1.1287384536117315,2,1PPF_E_I
1PPF_TI17A,2.894247,3.0296154022216797,1,1PPF_E_I
1PPF_LI18K,5.649281,2.6141793727874756,1,1PPF_E_I
1PPF_LI18A,0.9628335,3.299450635910034,1,1PPF_E_I
1PPF_LI18E,7.07063,5.736950874328613,1,1PPF_E_I
1PPF_LI18Q,3.3887732,2.270936965942383,1,1PPF_E_I
"1PPF_KI13T,PI14E,AI15Y",-0.75599116,-0.6812606155872345,3,1PPF_E_I
"1PPF_KI13T,PI14E,AI15Y,LI18G,RI21M,GI32P,NI36V",1.7693503,0.5623755204890456,7,1PPF_E_I
"1PPF_KI13S,PI14D,AI15Y",-0.124976724,-0.9223077495892843,3,1PPF_E_I
"1PPF_KI13S,PI14D,AI15Y,LI18G,EI19I,RI21K",4.0313025,0.4024573440353076,6,1PPF_E_I
"1QAB_VA30M,VB21M,VC21M,VD21M",-0.27507877,1.1341231167316437,4,1QAB_ABCD_E
"1QAB_LA55P,LB46P,LC46P,LD46P",0.37579626,2.4709901809692383,4,1QAB_ABCD_E
"1QAB_LA58H,LB49H,LC49H,LD49H",-0.07190048,2.630336821079254,4,1QAB_ABCD_E
"1QAB_TA60A,TB51A,TC51A,TD51A",0.12195746,0.8522741049528122,4,1QAB_ABCD_E
"1QAB_SA85A,SB76A,SC76A,SD76A",0.91505295,0.17993887979537249,4,1QAB_ABCD_E
"1QAB_DA99A,DB90A,DC90A,DD90A",1.7057868,-0.12028283625841141,4,1QAB_ABCD_E
"1QAB_SA100E,SB91E,SC91E,SD91E",1.6644362,0.04623663052916527,4,1QAB_ABCD_E
"1QAB_YA114H,YB105H,YC105H,YD105H",0.689111,0.7479472458362579,4,1QAB_ABCD_E
"1QAB_YA114F,YB105F,YC105F,YD105F",-0.39396653,-0.3576435958966613,4,1QAB_ABCD_E
1QSE_RC7V,-1.2254227,0.2878757119178772,1,1QSE_ABC_DE
1R0R_LI13G,2.3528912,2.3727242946624756,1,1R0R_E_I
1R0R_LI13A,0.31460878,1.2477666139602661,1,1R0R_E_I
1R0R_LI13S,1.5712368,0.9950447082519531,1,1R0R_E_I
1R0R_LI13C,-1.3463069,1.011196494102478,1,1R0R_E_I
1R0R_LI13V,2.156578,2.211456537246704,1,1R0R_E_I
1R0R_LI13T,0.15976271,1.4253095388412476,1,1R0R_E_I
1R0R_LI13P,7.687727,6.12269401550293,1,1R0R_E_I
1R0R_LI13I,3.2540267,2.6712865829467773,1,1R0R_E_I
1R0R_LI13M,-0.51625997,-0.08728993684053421,1,1R0R_E_I
1R0R_LI13N,1.5003896,1.8574635982513428,1,1R0R_E_I
1R0R_LI13D,4.539324,3.974680185317993,1,1R0R_E_I
1R0R_LI13K,3.3453536,1.2524144649505615,1,1R0R_E_I
1R0R_LI13Q,0.5696492,0.6614350080490112,1,1R0R_E_I
1R0R_LI13E,2.177368,2.7435901165008545,1,1R0R_E_I
1R0R_LI13H,0.5696492,1.644810676574707,1,1R0R_E_I
1R0R_LI13F,0.6170114,0.5258091688156128,1,1R0R_E_I
1R0R_LI13R,2.935408,1.7101211547851562,1,1R0R_E_I
1R0R_LI13Y,0.44681063,-0.0493384525179863,1,1R0R_E_I
1R0R_LI13W,1.5239338,0.46779072284698486,1,1R0R_E_I
1R0R_AI10G,1.1117365,0.4942432940006256,1,1R0R_E_I
1R0R_AI10S,1.7416747,0.5422896146774292,1,1R0R_E_I
1R0R_AI10C,-0.48346767,-0.41886475682258606,1,1R0R_E_I
1R0R_AI10V,-0.9535147,-1.2755177021026611,1,1R0R_E_I
1R0R_AI10T,1.2681235,0.5907437801361084,1,1R0R_E_I
1R0R_AI10P,3.3453536,2.4326260089874268,1,1R0R_E_I
1R0R_AI10L,-1.7550112,-1.0272436141967773,1,1R0R_E_I
1R0R_AI10I,-1.7995166,-1.7905125617980957,1,1R0R_E_I
1R0R_AI10M,-1.739622,-0.10062278062105179,1,1R0R_E_I
1R0R_AI10N,2.0894363,0.5300561189651489,1,1R0R_E_I
1R0R_AI10D,5.228435,1.7450162172317505,1,1R0R_E_I
1R0R_AI10K,3.0729842,0.8954411745071411,1,1R0R_E_I
1R0R_AI10Q,1.8109818,1.166964054107666,1,1R0R_E_I
1R0R_AI10E,4.577856,2.5443146228790283,1,1R0R_E_I
1R0R_AI10H,1.7748275,0.3891763687133789,1,1R0R_E_I
1R0R_AI10F,-2.2429996,-0.42864418029785156,1,1R0R_E_I
1R0R_AI10R,5.530482,1.4395586252212524,1,1R0R_E_I
1R0R_AI10Y,-0.83848655,-1.6232855319976807,1,1R0R_E_I
1R0R_AI10W,0.20706579,-0.24798861145973206,1,1R0R_E_I
1R0R_TI12G,3.1389987,2.5301918983459473,1,1R0R_E_I
1R0R_TI12A,1.1732311,1.6026350259780884,1,1R0R_E_I
1R0R_TI12S,0.8897487,1.0991064310073853,1,1R0R_E_I
1R0R_TI12C,0.81319696,0.9668188691139221,1,1R0R_E_I
1R0R_TI12V,0.93717015,0.06138911843299866,1,1R0R_E_I
1R0R_TI12P,4.9499803,2.907233715057373,1,1R0R_E_I
1R0R_TI12L,0.66873926,0.9020423293113708,1,1R0R_E_I
1R0R_TI12I,0.25873423,0.4229947030544281,1,1R0R_E_I
1R0R_TI12M,1.3310183,1.0696680545806885,1,1R0R_E_I
1R0R_TI12N,0.017864227,1.423237919807434,1,1R0R_E_I
1R0R_TI12D,2.888105,2.1418333053588867,1,1R0R_E_I
1R0R_TI12K,1.9338204,1.7196332216262817,1,1R0R_E_I
1R0R_TI12Q,2.2216382,1.6655503511428833,1,1R0R_E_I
1R0R_TI12E,3.213685,1.9717352390289307,1,1R0R_E_I
1R0R_TI12H,0.52568454,1.4558292627334595,1,1R0R_E_I
1R0R_TI12F,-0.066014394,1.6108068227767944,1,1R0R_E_I
1R0R_TI12R,3.3453536,1.773105502128601,1,1R0R_E_I
1R0R_TI12Y,-0.87882835,1.416612148284912,1,1R0R_E_I
1R0R_TI12W,2.935408,1.5072903633117676,1,1R0R_E_I
1R0R_EI14G,2.7119977,1.8748480081558228,1,1R0R_E_I
1R0R_EI14A,2.0894363,1.2848267555236816,1,1R0R_E_I
1R0R_EI14S,3.1751528,1.293936014175415,1,1R0R_E_I
1R0R_EI14C,2.3715823,1.2820820808410645,1,1R0R_E_I
1R0R_EI14V,0.09477138,0.41469353437423706,1,1R0R_E_I
1R0R_EI14T,4.252276,0.5604166984558105,1,1R0R_E_I
1R0R_EI14P,3.764484,1.9153573513031006,1,1R0R_E_I
1R0R_EI14L,0.5696492,0.7408551573753357,1,1R0R_E_I
1R0R_EI14I,0.7369973,0.5515970587730408,1,1R0R_E_I
1R0R_EI14M,1.5712368,1.061070203781128,1,1R0R_E_I
1R0R_EI14N,2.1183422,1.3313419818878174,1,1R0R_E_I
1R0R_EI14D,0.25873423,0.7818186283111572,1,1R0R_E_I
1R0R_EI14K,2.7119977,1.767130970954895,1,1R0R_E_I
1R0R_EI14Q,1.2821743,1.2733118534088135,1,1R0R_E_I
1R0R_EI14H,1.7088131,1.0160356760025024,1,1R0R_E_I
1R0R_EI14F,3.6180909,0.8243622183799744,1,1R0R_E_I
1R0R_EI14R,2.0894363,1.409679651260376,1,1R0R_E_I
1R0R_EI14Y,1.8898556,0.7535365223884583,1,1R0R_E_I
1R0R_EI14W,1.8495139,1.5151559114456177,1,1R0R_E_I
1R0R_YI15G,6.4020834,4.375291347503662,1,1R0R_E_I
1R0R_YI15A,5.474549,3.1104018688201904,1,1R0R_E_I
1R0R_YI15S,5.1627135,2.982299566268921,1,1R0R_E_I
1R0R_YI15C,3.2540267,2.8784844875335693,1,1R0R_E_I
1R0R_YI15V,3.5100741,2.84045147895813,1,1R0R_E_I
1R0R_YI15T,5.474549,3.2723751068115234,1,1R0R_E_I
1R0R_YI15P,6.654434,5.130787372589111,1,1R0R_E_I
1R0R_YI15L,2.5751164,1.7541263103485107,1,1R0R_E_I
1R0R_YI15I,2.8645606,2.829221248626709,1,1R0R_E_I
1R0R_YI15M,3.1389987,2.2606210708618164,1,1R0R_E_I
1R0R_YI15N,5.616447,2.3597917556762695,1,1R0R_E_I
1R0R_YI15D,5.771293,4.57485818862915,1,1R0R_E_I
1R0R_YI15K,5.512418,3.131554126739502,1,1R0R_E_I
1R0R_YI15Q,4.5031695,3.0835797786712646,1,1R0R_E_I
1R0R_YI15E,4.618198,4.101391792297363,1,1R0R_E_I
1R0R_YI15H,3.4711196,2.0261921882629395,1,1R0R_E_I
1R0R_YI15F,0.6170114,0.32421422004699707,1,1R0R_E_I
1R0R_YI15R,4.470017,3.1633639335632324,1,1R0R_E_I
1R0R_YI15W,-0.36416575,0.33462658524513245,1,1R0R_E_I
1R0R_RI16G,2.0894363,0.7686184048652649,1,1R0R_E_I
1R0R_RI16A,-0.09604763,0.5539995431900024,1,1R0R_E_I
1R0R_RI16S,-0.01634454,0.46071547269821167,1,1R0R_E_I
1R0R_RI16C,0.11502811,0.3897436559200287,1,1R0R_E_I
1R0R_RI16V,0.11502811,0.07737064361572266,1,1R0R_E_I
1R0R_RI16T,0.344642,0.3171982765197754,1,1R0R_E_I
1R0R_RI16P,7.390505,5.22732400894165,1,1R0R_E_I
1R0R_RI16L,0.2321027,-0.03152485936880112,1,1R0R_E_I
1R0R_RI16I,0.20706579,0.1484730839729309,1,1R0R_E_I
1R0R_RI16M,0.44681063,0.06654424965381622,1,1R0R_E_I
1R0R_RI16N,-0.050451912,0.6261415481567383,1,1R0R_E_I
1R0R_RI16D,-0.17991725,0.7315739989280701,1,1R0R_E_I
1R0R_RI16K,-0.09604763,0.32473430037498474,1,1R0R_E_I
1R0R_RI16Q,0.18240695,0.29371362924575806,1,1R0R_E_I
1R0R_RI16E,0.344642,0.5083081722259521,1,1R0R_E_I
1R0R_RI16H,0.52568454,0.3897496163845062,1,1R0R_E_I
1R0R_RI16F,0.44681063,-0.12560410797595978,1,1R0R_E_I
1R0R_RI16Y,0.82332456,0.053917158395051956,1,1R0R_E_I
1R0R_RI16W,0.94539875,-0.2196808159351349,1,1R0R_E_I
1R0R_PI9G,-0.34582213,-0.5640332698822021,1,1R0R_E_I
1R0R_PI9A,-0.6389059,-0.7417587637901306,1,1R0R_E_I
1R0R_PI9S,0.13621847,-0.4249192774295807,1,1R0R_E_I
1R0R_PI9C,-0.9866675,-0.5803430080413818,1,1R0R_E_I
1R0R_PI9V,1.3310183,-0.32582592964172363,1,1R0R_E_I
1R0R_PI9T,1.19775,0.04354431480169296,1,1R0R_E_I
1R0R_PI9L,1.1842538,-0.16888323426246643,1,1R0R_E_I
1R0R_PI9I,1.7416747,-0.5014910697937012,1,1R0R_E_I
1R0R_PI9M,-0.033152815,-0.5648504495620728,1,1R0R_E_I
1R0R_PI9N,-0.9173605,-0.7551391124725342,1,1R0R_E_I
1R0R_PI9D,-2.5212765,-1.4413175582885742,1,1R0R_E_I
1R0R_PI9K,0.344642,-0.5206669569015503,1,1R0R_E_I
1R0R_PI9Q,-1.414623,-0.3474658727645874,1,1R0R_E_I
1R0R_PI9E,-2.2429996,-1.1417404413223267,1,1R0R_E_I
1R0R_PI9H,-0.21651737,-0.47901269793510437,1,1R0R_E_I
1R0R_PI9F,1.3820354,-0.5321004390716553,1,1R0R_E_I
1R0R_PI9R,1.1024064,-0.5199753046035767,1,1R0R_E_I
1R0R_PI9Y,0.85746706,-0.46024060249328613,1,1R0R_E_I
1R0R_PI9W,0.48534274,-0.5349620580673218,1,1R0R_E_I
1R0R_KI8G,-0.83848655,0.9849092960357666,1,1R0R_E_I
1R0R_KI8A,-0.6100001,-0.20085501670837402,1,1R0R_E_I
1R0R_KI8S,-0.3073604,-0.23226627707481384,1,1R0R_E_I
1R0R_KI8C,-0.6156695,0.11948267370462418,1,1R0R_E_I
1R0R_KI8V,0.41065642,1.0204391479492188,1,1R0R_E_I
1R0R_KI8T,0.8897487,0.4499783515930176,1,1R0R_E_I
1R0R_KI8P,1.3478266,2.5644116401672363,1,1R0R_E_I
1R0R_KI8L,-0.32802942,0.1590021252632141,1,1R0R_E_I
1R0R_KI8I,1.1239525,1.591556191444397,1,1R0R_E_I
1R0R_KI8M,-0.5612779,-0.15268629789352417,1,1R0R_E_I
1R0R_KI8N,-0.3908401,-0.22906389832496643,1,1R0R_E_I
1R0R_KI8D,-0.5933102,-0.2098013460636139,1,1R0R_E_I
1R0R_KI8Q,-0.53088915,-0.9237242937088013,1,1R0R_E_I
1R0R_KI8E,-0.11043989,0.04511144012212753,1,1R0R_E_I
1R0R_KI8H,-0.5933102,-0.31966090202331543,1,1R0R_E_I
1R0R_KI8F,-0.79452187,0.2566341161727905,1,1R0R_E_I
1R0R_KI8R,0.13621847,-0.4788222908973694,1,1R0R_E_I
1R0R_KI8Y,-0.6954318,0.07430349290370941,1,1R0R_E_I
1R0R_KI8W,-1.1054369,0.20952564477920532,1,1R0R_E_I
1R0R_GI27A,1.2981567,-0.8044183254241943,1,1R0R_E_I
1R0R_GI27S,0.91177547,-0.41229769587516785,1,1R0R_E_I
1R0R_GI27C,1.4199046,0.49968817830085754,1,1R0R_E_I
1R0R_GI27V,1.9338204,-0.035588573664426804,1,1R0R_E_I
1R0R_GI27T,1.6787798,0.29693374037742615,1,1R0R_E_I
1R0R_GI27P,1.0800471,0.24562403559684753,1,1R0R_E_I
1R0R_GI27L,2.4107375,1.0220041275024414,1,1R0R_E_I
1R0R_GI27I,1.9811826,0.9752344489097595,1,1R0R_E_I
1R0R_GI27M,2.156578,0.08306384086608887,1,1R0R_E_I
1R0R_GI27N,1.2821743,0.018826723098754883,1,1R0R_E_I
1R0R_GI27D,2.888105,0.9852935075759888,1,1R0R_E_I
1R0R_GI27K,2.935408,0.27792561054229736,1,1R0R_E_I
1R0R_GI27Q,2.0329103,0.46864309906959534,1,1R0R_E_I
1R0R_GI27E,1.9811826,0.9073344469070435,1,1R0R_E_I
1R0R_GI27H,2.1924953,-0.5127320885658264,1,1R0R_E_I
1R0R_GI27F,0.11502811,-0.2713874578475952,1,1R0R_E_I
1R0R_GI27R,3.4711196,0.8885718584060669,1,1R0R_E_I
1R0R_GI27Y,0.48534274,-0.942209780216217,1,1R0R_E_I
1R0R_GI27W,1.4012725,0.04972020536661148,1,1R0R_E_I
1R0R_NI31G,0.28546593,-0.929736852645874,1,1R0R_E_I
1R0R_NI31A,-0.033152815,-0.5601227879524231,1,1R0R_E_I
1R0R_NI31S,0.48534274,-0.3544842302799225,1,1R0R_E_I
1R0R_NI31C,0.5696492,0.8541248440742493,1,1R0R_E_I
1R0R_NI31V,0.66873926,0.5725632905960083,1,1R0R_E_I
1R0R_NI31T,0.5696492,0.3644842803478241,1,1R0R_E_I
1R0R_NI31P,1.4791992,-1.165320873260498,1,1R0R_E_I
1R0R_NI31L,1.546578,2.0167722702026367,1,1R0R_E_I
1R0R_NI31I,0.31460878,1.5213394165039062,1,1R0R_E_I
1R0R_NI31M,0.31460878,0.9245492815971375,1,1R0R_E_I
1R0R_NI31D,0.5696492,-0.714008629322052,1,1R0R_E_I
1R0R_NI31K,1.1476537,1.9427335262298584,1,1R0R_E_I
1R0R_NI31Q,-0.27443793,0.29675695300102234,1,1R0R_E_I
1R0R_NI31E,-0.20501308,0.6547822952270508,1,1R0R_E_I
1R0R_NI31H,0.28546593,-0.3755187392234802,1,1R0R_E_I
1R0R_NI31F,-0.17991725,1.3232996463775635,1,1R0R_E_I
1R0R_NI31R,1.4589425,1.3524339199066162,1,1R0R_E_I
1R0R_NI31Y,0.18240695,0.7516955733299255,1,1R0R_E_I
1R0R_NI31W,0.055733472,1.3893909454345703,1,1R0R_E_I
"1R0R_TI12K,LI13R",5.259515,1.7148777842521667,2,1R0R_E_I
"1R0R_TI12R,LI13R",6.5064836,1.7416138052940369,2,1R0R_E_I
"1R0R_AI10R,LI13R",7.752178,1.5748406052589417,2,1R0R_E_I
"1R0R_AI10R,TI12K,LI13R",9.3144,1.6231050093968709,3,1R0R_E_I
"1R0R_PI9S,AI10L,TI12K,LI13R",4.892764,0.4943985268473625,4,1R0R_E_I
"1R0R_EI5D,AI10V,TI12P,EI14D,RI16M,NI23S,GI27S,NI40S,SI46R",4.9404244,0.19246368358532587,9,1R0R_E_I
"1R0R_TI12P,LI13K,EI14D,LI18V,SI46N",7.5461206,1.073939684033394,5,1R0R_E_I
"1R0R_TI12P,LI13K,EI14D,LI18V,GI27S,SI46N",7.678323,0.8262333497405052,6,1R0R_E_I
"1R0R_EI5G,KI8Q,PI9S,TI12P,LI13Q,EI14D,RI16V,LI18F,GI27S,VI37A,EI38D",3.571417,0.396136305548928,11,1R0R_E_I
"1R0R_EI5D,YI6H,AI10V,TI12S,RI16M,NI23S,GI27S,NI31D",0.344642,-0.09686909895390272,8,1R0R_E_I
"1R0R_AI10V,TI12S,LI13P,RI16M,NI23S,GI27N,NI31D,NI34S,SI46G",9.231593,0.6751079834583733,9,1R0R_E_I
"1R0R_EI5D,AI10V,TI12S,RI16M,NI23S,GI27N,NI31D,SI46G",0.48534274,-0.016248343512415886,8,1R0R_E_I
"1R0R_EI5D,AI10V,TI12S,RI16M,NI23S,GI27S,EI38D",0.20706579,-0.03981651472193854,7,1R0R_E_I
"1R0R_VI1I,EI5D,AI10V,TI12S,RI16M,NI23S,GI27S,EI38D,TI44I",0.28546593,-0.030383509066369798,9,1R0R_E_I
"1R0R_EI5D,AI10V,TI12S,RI16M,NI23S,GI27S,VI37A,EI38D",-0.050451912,0.02602518815547228,8,1R0R_E_I
"1R0R_EI5D,RI16M,KI24Q,GI27S,NI31S,EI38D",0.66873926,-0.03912517676750819,6,1R0R_E_I
"1R0R_RI16M,KI24Q,GI27S,EI38D",1.1117365,0.05272578448057175,4,1R0R_E_I
"1R0R_EI5D,RI16M,EI38D",0.41065642,0.11775641143321991,3,1R0R_E_I
"1R0R_EI5D,KI8R,AI10D,RI16M,EI38D",5.771293,0.32389235198497773,5,1R0R_E_I
"1R0R_EI5D,RI16M,KI29R,EI38D",-0.08199673,0.16283291950821877,4,1R0R_E_I
"1R0R_EI5G,LI13M,RI16M,EI38D",-0.24021861,0.2058011069893837,4,1R0R_E_I
"1R0R_EI5D,LI13M,RI16M,EI38D",-0.24021861,0.06649499759078026,4,1R0R_E_I
"1R0R_EI5D,LI13V,RI16M,GI27D,EI38D",4.6621623,0.7100038558244706,5,1R0R_E_I
"1R0R_EI5D,LI13V,RI16M,EI38D",2.3825202,0.6411815024912357,4,1R0R_E_I
"1R0R_EI5D,TI12R,LI13M,RI16M,EI38D",3.3970814,0.40781717002391815,5,1R0R_E_I
"1R0R_EI5G,LI13M,RI16M,EI38D,KI50E",-0.6954318,0.036483317613601685,5,1R0R_E_I
"1R0R_DI2N,EI5G,LI13M,RI16M,EI38D,KI50E",-1.0495623,0.04157307744026184,6,1R0R_E_I
"1R0R_EI5D,AI10V,TI12S,YI15D,RI16M,NI23S,GI27S,EI38D",5.331494,0.5370180020108819,8,1R0R_E_I
"1R0R_EI5D,AI10V,TI12S,RI16M,NI23S,GI27S,NI31D,EI38D,TI44N",0.073797435,-0.07124189452992545,9,1R0R_E_I
"1R0R_EI5D,AI10V,TI12S,RI16M,NI23S,GI27S,NI31D,EI38D",0.11502811,-0.12409064825624228,8,1R0R_E_I
"1R0R_EI5D,AI10V,TI12S,RI16M,NI23S,GI27S,NI31D,VI36F,EI38D,TI44S",0.037101373,-0.16749201882630588,10,1R0R_E_I
"1R0R_AI10V,TI12S,RI16M,NI23S,KI24Q,GI27S,KI29E,EI38D",1.4012725,0.0545601574704051,8,1R0R_E_I
1R0R_LI13M,-0.51625997,-0.08728993684053421,1,1R0R_E_I
"1R0R_LI13M,TI44N,KI50T",-0.83848655,-0.12250466148058574,3,1R0R_E_I
"1R0R_NI23S,GI27A",1.2537313,-0.42384612932801247,2,1R0R_E_I
"1R0R_AI10D,GI27A",5.903495,0.4702984094619751,2,1R0R_E_I
"1R0R_AI10D,GI27A,NI28S",5.834188,0.4333762427171071,3,1R0R_E_I
1R0R_GI27A,1.3310183,-0.8044183254241943,1,1R0R_E_I
"1R0R_TI12M,LI13S,GI27V",3.0138083,0.6763746266563734,3,1R0R_E_I
"1R0R_RI16V,LI18I",-0.01634454,-0.00026176124811172485,2,1R0R_E_I
"1R0R_LI13S,RI16V,LI18I",1.8898556,0.33150698244571686,3,1R0R_E_I
1R0R_NI23S,-0.066014394,-0.04327379912137985,1,1R0R_E_I
"1R0R_LI13M,LI18V,KI24I,EI38K",-0.83848655,0.16430355608463287,4,1R0R_E_I
"1R0R_AI10G,LI13M,LI18V,KI24I,EI38K",1.0361416,0.23029137253761292,5,1R0R_E_I
"1R0R_LI13M,NI31D,SI46N",-0.3073604,-0.18947438398996988,3,1R0R_E_I
"1R0R_EI5D,KI8M,LI13M,LI18V",-1.7550112,-0.03394810110330582,4,1R0R_E_I
"1R0R_EI5G,LI13M,YI15S,LI18I,KI24T,GI27S,HI47Y,FI48P,KI50V",3.3453536,0.2594553977251053,9,1R0R_E_I
"1R0R_AI10T,LI13M",0.25873423,0.2517281025648117,2,1R0R_E_I
"1R0R_LI13M,TI25S,GI27D",2.145903,0.595735122760137,3,1R0R_E_I
"1R0R_LI13I,GI27D",5.3034587,1.828290045261383,2,1R0R_E_I
"1R0R_AI10D,LI13A,YI15D",8.944814,2.5225475231806436,3,1R0R_E_I
"1R0R_LI13M,SI46N,HI47R,KI50Q",-0.6389059,0.07720492035150528,4,1R0R_E_I
"1R0R_LI13M,HI47R",-0.31760478,0.18447312712669373,2,1R0R_E_I
"1R0R_LI13M,HI47R,KI50E",-0.9173605,-0.09061386187871297,3,1R0R_E_I
"1R0R_LI13M,SI46N",-0.49729985,0.07279321551322937,2,1R0R_E_I
1R0R_YI15H,3.042951,2.0261921882629395,1,1R0R_E_I
"1R0R_LI13M,YI15Q",3.6401176,1.498145505785942,2,1R0R_E_I
"1R0R_LI13M,GI27D",2.3932598,0.4490020126104355,2,1R0R_E_I
"1R0R_EI5D,TI12L,RI16M,GI27D,NI31S,EI38D,TI44S",3.8180754,0.26647225740764824,7,1R0R_E_I
"1R0R_EI5D,RI16M,LI18F,NI23S,GI27S,EI38D",1.2981567,0.04290201390782992,6,1R0R_E_I
"1R0R_EI5G,KI8Q,TI12S,RI16V,LI18F,GI27S,NI31D,VI37A,EI38D",0.0,0.09078036083115472,9,1R0R_E_I
"1R0R_EI5D,TI12S,EI14D,RI16M,NI23S,GI27S,EI38D,GI49E",1.2981567,0.30691681895405054,8,1R0R_E_I
"1R0R_EI5D,AI10V,YI15E,RI16M,EI38D",2.8645606,0.6358289271593094,5,1R0R_E_I
"1R0R_EI5D,AI10V,TI12S,RI16M,VI37A,EI38D",-1.1571053,0.1106288805603981,6,1R0R_E_I
"1R0R_DI2N,EI5D,AI10V,TI12S,EI14L,RI16M,VI37A,EI38D",-0.9173605,0.18395640887320042,8,1R0R_E_I
"1R0R_EI5D,AI10V,YI15D,RI16M,KI24I,GI27H,NI31Y,VI37A,EI38H,LI45F",5.688787,0.5781144142150879,10,1R0R_E_I
"1R0R_EI5D,KI8Q,AI10V,TI12M,LI13G,EI14D,RI16M,NI23S,GI27S,EI38D,SI46N",3.105846,0.19595852561972357,11,1R0R_E_I
"1R0R_YI6H,EI14D,LI18I,NI23S,GI27S,NI31D,VI37M,EI38D",0.7817319,0.1171530308201909,8,1R0R_E_I
"1R0R_EI5D,AI10V,EI14D,RI16M,KI24T,GI27S,EI38D,LI43I",-0.17991725,0.017370439134538174,8,1R0R_E_I
"1R0R_EI5D,AI10V,TI12S,EI14D,RI16M,KI24T,GI27N,NI31I,EI38D,LI43I",1.7748275,0.31905330121517184,10,1R0R_E_I
"1R0R_EI5D,KI8R,AI10V,EI14D,RI16M,GI27S,EI38D,LI43I,KI50R",-0.41065642,-0.07830080555544959,9,1R0R_E_I
"1R0R_EI5D,AI10V,EI14D,RI16M,GI27S,EI38D,LI43I,KI50R",-0.24021861,-0.02823551930487156,8,1R0R_E_I
"1R0R_AI10D,LI13A",5.530482,1.496391475200653,2,1R0R_E_I
"1R0R_EI5D,LI13M,RI16M,GI27D,EI38D",2.0329103,0.2502546519041061,5,1R0R_E_I
1R0R_GI27V,1.9811826,-0.035588573664426804,1,1R0R_E_I
1R0R_YI15D,5.474549,4.57485818862915,1,1R0R_E_I
1R0R_TI12E,2.8231137,1.9717352390289307,1,1R0R_E_I
"1R0R_EI5D,LI13F,RI16M,EI38D",1.1359216,0.21976973488926888,4,1R0R_E_I
1R0R_TI12S,0.8283242,1.0991064310073853,1,1R0R_E_I
1R0R_TI12V,1.0800471,0.06138911843299866,1,1R0R_E_I
1R0R_AI10V,-0.9866675,-1.2755177021026611,1,1R0R_E_I
"1R0R_AI10V,TI12S",0.09477138,-0.08820652961730957,2,1R0R_E_I
1R0R_TI12A,0.7870935,1.6026350259780884,1,1R0R_E_I
1R0R_LI13K,2.8433704,1.2524144649505615,1,1R0R_E_I
1R0R_LI13A,0.52568454,1.2477666139602661,1,1R0R_E_I
1R0R_LI13E,2.1239579,2.7435901165008545,1,1R0R_E_I
1R0R_LI13Q,0.6170114,0.6614350080490112,1,1R0R_E_I
"1R0R_TI12R,LI13R",6.485773,1.7416138052940369,2,1R0R_E_I
"1R0R_AI10R,LI13R",7.7239184,1.5748406052589417,2,1R0R_E_I
"1R0R_AI10R,TI12K,LI13R",9.287433,1.6231050093968709,3,1R0R_E_I
"1R0R_KI8T,PI9E,AI10Y",-0.8727519,-0.7716825902462006,3,1R0R_E_I
"1R0R_KI8T,PI9E,AI10Y,LI13G,RI16M,GI27P,NI31V",2.4168139,0.13462976046970912,7,1R0R_E_I
"1R0R_KI8S,PI9D,AI10Y",-1.9298587,-1.0989568829536438,3,1R0R_E_I
"1R0R_KI8S,PI9D,AI10Y,LI13G,EI14I,RI16K",0.7984835,-0.007969126105308533,6,1R0R_E_I
"1REW_DA19A,DB19A",0.66809106,0.24864966794848442,2,1REW_AB_C
"1REW_WA20A,WB20A",1.0873132,1.0489277839660645,2,1REW_AB_C
"1REW_DA19A,WA20A,DB19A,WB20A",2.0630822,0.6487887259572744,4,1REW_AB_C
"1REW_FA38A,FB38A",1.3641711,0.5808225274085999,2,1REW_AB_C
"1REW_PA39A,PB39A",1.2945013,1.385641098022461,2,1REW_AB_C
"1REW_FA38A,PA39A,FB38A,PB39A",2.883712,0.9832318127155304,4,1REW_AB_C
"1REW_HA28D,HB28D",0.19565234,0.1854870244860649,2,1REW_AB_C
"1REW_SA77A,SB77A",0.20326425,0.04629752226173878,2,1REW_AB_C
"1REW_LA89A,LB89A",0.23992245,0.21322941035032272,2,1REW_AB_C
"1REW_HA28D,SA77A,HB28D,SB77A",0.1833965,0.11589227337390184,4,1REW_AB_C
"1REW_HA28D,LA89A,HB28D,LB89A",0.11872623,0.19935821741819382,4,1REW_AB_C
"1REW_AA23D,AB23D",0.0,-0.299293652176857,2,1REW_AB_C
"1REW_DA42A,DB42A",-0.05195394,0.1664462350308895,2,1REW_AB_C
"1REW_EA98R,EB98R",0.26882827,-0.34698228538036346,2,1REW_AB_C
"1REW_DA19A,AA23D,DB19A,AB23D",0.47617817,-0.025321992114186287,4,1REW_AB_C
"1REW_AA23D,DA42A,AB23D,DB42A",-0.18391342,-0.06642370857298374,4,1REW_AB_C
"1REW_DA42A,EA98R,DB42A,EB98R",0.04365158,-0.09026802517473698,4,1REW_AB_C
"1REW_WA17F,WB17F",0.6724211,0.9239781498908997,2,1REW_AB_C
"1REW_LA40P,LB40P",5.3077927,1.9198905229568481,2,1REW_AB_C
"1REW_DA42A,DB42A",-0.0697808,0.1664462350308895,2,1REW_AB_C
"1REW_DA42P,DB42P",2.3559217,1.2512077651917934,2,1REW_AB_C
"1REW_SA58R,SB58R",1.6668108,-0.576312929391861,2,1REW_AB_C
"1REW_YA92A,YB92A",1.2152793,0.4880690649151802,2,1REW_AB_C
1REW_QC55A,2.6585615,0.9588375091552734,1,1REW_AB_C
"1REW_KC57R,SC59T,KC61I,AC62P,QC63H,LC64Q,TC67D",0.72998595,0.34075949234621866,7,1REW_AB_C
"1REW_KC57R,SC59T,KC61I,AC62P,QC63H,LC64Q,TC67D,AC43T,MC47L,KC48G,YC49L",0.26777947,0.3287197192284194,11,1REW_AB_C
"1REW_KC57R,SC59T,KC61I,AC62P,QC63H,LC64Q,TC67D,AC43T,MC47L,KC48G,YC49L,GC11H,DC15E,AC30T,IC31M",1.1528584,0.35040825431545575,15,1REW_AB_C
1S0W_AC142F,-2.102992,-1.8395967483520508,1,1S0W_A_C
1S1Q_VA41A,0.6707527,1.5007599592208862,1,1S1Q_A_B
1S1Q_FA42A,0.19934364,0.11746121942996979,1,1S1Q_A_B
1S1Q_NA43A,1.2319692,0.08594292402267456,1,1S1Q_A_B
1S1Q_DA44A,0.96552116,1.5035400390625,1,1S1Q_A_B
1S1Q_WA73A,0.2807825,0.36020874977111816,1,1S1Q_A_B
1S1Q_FA86A,0.77525043,2.634164333343506,1,1S1Q_A_B
1SBB_LB20T,-0.09132688,-0.19511678814888,1,1SBB_A_B
1SBB_VB26Y,-1.455498,-0.11248280853033066,1,1SBB_A_B
1SBB_YB91V,0.079110935,0.8135690093040466,1,1SBB_A_B
1SBB_LB20T,-0.10801677,-0.19511678814888,1,1SBB_A_B
1SBB_VB26Y,-0.90609324,-0.11248280853033066,1,1SBB_A_B
1SBB_YB91V,0.09132688,0.8135690093040466,1,1SBB_A_B
"1SBB_LB20T,VB26Y,YB91V",0.13220184,0.16865669935941696,3,1SBB_A_B
1SBN_RI38K,-0.3099994,-0.6562270522117615,1,1SBN_E_I
1SGD_DI13L,-5.6686587,-7.565188407897949,1,1SGD_E_I
1SGE_EI13L,-5.982758,-5.995119094848633,1,1SGE_E_I
1SGN_NI13L,-3.399817,-4.122880935668945,1,1SGN_E_I
1SGP_AI13L,-2.9891605,-2.6779839992523193,1,1SGP_E_I
1SGQ_GI13L,-5.0034957,-4.6390700340271,1,1SGQ_E_I
1SGY_YI13L,-1.6760064,-1.1612303256988525,1,1SGY_E_I
1SIB_KI46R,-0.7315268,-0.966187596321106,1,1SIB_E_I
1SMF_EI8A,1.0128093,-0.5212605595588684,1,1SMF_E_I
1SMF_SI4A,1.8999716,-0.13094036281108856,1,1SMF_E_I
1SMF_TI2A,2.0460517,3.3808910846710205,1,1SMF_E_I
1SMF_II5A,3.511419,1.2710829973220825,1,1SMF_E_I
1SMF_KI3A,5.689056,9.441742897033691,1,1SMF_E_I
1TM1_YI42A,2.1795297,3.600640296936035,1,1TM1_E_I
1TM1_YI42G,4.6809673,4.618555068969727,1,1TM1_E_I
1TM1_RI46A,3.07986,3.6266560554504395,1,1TM1_E_I
1TM1_RI48A,2.9234388,4.395187854766846,1,1TM1_E_I
1TM1_RI48C,3.2358015,3.9030263423919678,1,1TM1_E_I
"1TM1_RI48A,RI46A",5.0519233,4.010923504829407,2,1TM1_E_I
1TM1_TI39D,2.0990736,2.8718812465667725,1,1TM1_E_I
1TM1_TI39A,2.572396,1.0062495470046997,1,1TM1_E_I
1TM1_EI41A,2.9246554,2.829779624938965,1,1TM1_E_I
"1TM1_TI39A,EI41A",3.3903959,1.9180144667625427,2,1TM1_E_I
"1TM1_TI39D,EI41A",0.754171,2.8508304357528687,2,1TM1_E_I
1TM1_VI51A,0.024861773,-0.050579722970724106,1,1TM1_E_I
1TM1_TI39A,2.7283423,1.0062495470046997,1,1TM1_E_I
1TM1_TI39P,3.75601,5.2790727615356445,1,1TM1_E_I
1TM1_EI41A,3.0542183,2.829779624938965,1,1TM1_E_I
1TM1_EI41S,2.7477686,2.945919990539551,1,1TM1_E_I
"1TM1_EI41S,MI40R",3.549655,2.700457215309143,2,1TM1_E_I
1TM1_RI43A,1.2561543,1.6464412212371826,1,1TM1_E_I
1TM1_RI46A,3.75601,3.6266560554504395,1,1TM1_E_I
1TM1_RI48A,3.0981238,4.395187854766846,1,1TM1_E_I
1TM1_MI40G,2.2329054,2.915491819381714,1,1TM1_E_I
1TM1_MI40A,1.0276679,1.1864476203918457,1,1TM1_E_I
1TM1_MI40K,1.0935637,1.509807825088501,1,1TM1_E_I
1TM1_MI40Y,0.056466706,1.0558838844299316,1,1TM1_E_I
1TM1_MI40F,1.0276679,1.1170015335083008,1,1TM1_E_I
1TM1_YI42A,2.9815822,3.600640296936035,1,1TM1_E_I
1TM3_KI40M,-1.0935637,-1.282036304473877,1,1TM3_E_I
1TM4_GI40M,-2.2329054,-1.9197840690612793,1,1TM4_E_I
1TM5_AI40M,-1.0276679,-0.5161103010177612,1,1TM5_E_I
1TM7_YI40M,-0.056466706,-0.8324196934700012,1,1TM7_E_I
1TMG_FI40M,-1.0276679,-0.709345817565918,1,1TMG_E_I
1TO1_AI42Y,-2.9815822,-2.565877914428711,1,1TO1_E_I
1U7F_RB65A,1.737952,0.16438493132591248,1,1U7F_B_AC
1U7F_DB140A,2.673813,0.8788602948188782,1,1U7F_B_AC
1UUZ_HA62Q,1.5196093,0.340241014957428,1,1UUZ_A_D
1UUZ_HA62N,1.5196093,-0.24404588341712952,1,1UUZ_A_D
1UUZ_HA62D,3.3792171,0.27934274077415466,1,1UUZ_A_D
1UUZ_HA62A,1.7748275,0.8797208666801453,1,1UUZ_A_D
1UUZ_CA64A,0.65087503,0.49239805340766907,1,1UUZ_A_D
1VFB_HA30A,0.84526086,0.431992769241333,1,1VFB_AB_C
1VFB_YA32A,1.3399861,1.5024117231369019,1,1VFB_AB_C
1VFB_YA49A,0.7978987,1.4379767179489136,1,1VFB_AB_C
1VFB_YA50A,0.3880122,2.259158134460449,1,1VFB_AB_C
1VFB_WA92A,2.7283423,1.9476069211959839,1,1VFB_AB_C
1VFB_SA93A,0.3432776,-0.030109506100416183,1,1VFB_AB_C
1VFB_TB30A,-0.05587455,-0.03775985538959503,1,1VFB_AB_C
1VFB_YB32A,0.46035218,0.4450364112854004,1,1VFB_AB_C
1VFB_WB52A,0.36446795,0.7638291120529175,1,1VFB_AB_C
1VFB_DB54A,0.6389059,1.3217990398406982,1,1VFB_AB_C
1VFB_NB56A,0.17779756,0.19703511893749237,1,1VFB_AB_C
1VFB_DB58A,-0.20709603,0.13921988010406494,1,1VFB_AB_C
1VFB_EB98A,1.157075,-1.4372615814208984,1,1VFB_AB_C
1VFB_RB99A,-0.09977996,1.079856514930725,1,1VFB_AB_C
1VFB_DB100A,3.0716197,2.219158411026001,1,1VFB_AB_C
1VFB_YB101F,0.9535147,2.7378251552581787,1,1VFB_AB_C
1VFB_SB28N,0.1440119,0.31878551840782166,1,1VFB_AB_C
1VFB_SB28Q,0.07811606,0.2377592921257019,1,1VFB_AB_C
1VFB_SB28D,0.0,0.004420612007379532,1,1VFB_AB_C
1VFB_SB28E,-0.10405386,-0.022991163656115532,1,1VFB_AB_C
1VFB_GB31A,0.30660257,-0.05883534997701645,1,1VFB_AB_C
1VFB_GB31E,-0.5099895,-0.7104964256286621,1,1VFB_AB_C
1VFB_GB31W,0.003962904,-0.15173572301864624,1,1VFB_AB_C
1VFB_YB32E,1.9030398,0.6209728717803955,1,1VFB_AB_C
1VFB_DB58N,-0.12823893,-0.08277284353971481,1,1VFB_AB_C
1VFB_DB58E,0.07811606,-0.17084819078445435,1,1VFB_AB_C
1VFB_RB99Y,1.2359321,0.02170976623892784,1,1VFB_AB_C
1VFB_RB99W,0.70528984,0.05835399031639099,1,1VFB_AB_C
1VFB_NA31W,0.17440072,0.3385239839553833,1,1VFB_AB_C
1VFB_YA32W,5.631085,0.8182669281959534,1,1VFB_AB_C
1VFB_LA46D,5.631085,2.4491541385650635,1,1VFB_AB_C
1VFB_LA46E,5.631085,3.449305534362793,1,1VFB_AB_C
1VFB_YA50R,0.8447021,1.5308750867843628,1,1VFB_AB_C
1VFB_YA50K,1.7163694,1.2130136489868164,1,1VFB_AB_C
1VFB_TA52F,0.47108603,-0.5281000137329102,1,1VFB_AB_C
1VFB_TA53R,1.6465886,0.5416074991226196,1,1VFB_AB_C
1VFB_DC18A,0.3402829,1.4271553754806519,1,1VFB_AB_C
1VFB_NC19A,0.39626417,1.1160969734191895,1,1VFB_AB_C
1VFB_YC23A,0.41065642,1.3268063068389893,1,1VFB_AB_C
1VFB_SC24A,0.8513461,0.7316392660140991,1,1VFB_AB_C
1VFB_KC116A,0.71376985,1.1187161207199097,1,1VFB_AB_C
1VFB_TC118A,0.7654383,0.2137206345796585,1,1VFB_AB_C
1VFB_DC119A,0.9535147,0.482565701007843,1,1VFB_AB_C
1VFB_VC120A,0.9173605,0.7013095617294312,1,1VFB_AB_C
1VFB_QC121A,2.8782864,0.6819176077842712,1,1VFB_AB_C
1VFB_IC124A,1.2319692,0.7940880656242371,1,1VFB_AB_C
1VFB_RC125A,1.8377223,0.2932997941970825,1,1VFB_AB_C
1VFB_LC129A,0.17162153,0.6247735023498535,1,1VFB_AB_C
1VFB_YA32A,1.7176495,1.5024117231369019,1,1VFB_AB_C
1VFB_YA50A,0.52456826,2.259158134460449,1,1VFB_AB_C
1VFB_WA92A,3.3500743,1.9476069211959839,1,1VFB_AB_C
1VFB_YB32A,1.1237155,0.4450364112854004,1,1VFB_AB_C
1VFB_WB52A,0.9173605,0.7638291120529175,1,1VFB_AB_C
1VFB_DB54A,0.99204683,1.3217990398406982,1,1VFB_AB_C
1VFB_DB100A,2.941075,2.219158411026001,1,1VFB_AB_C
1VFB_YB101F,1.5867511,2.7378251552581787,1,1VFB_AB_C
"1VFB_YA32A,QC121A",1.5867511,1.092164397239685,2,1VFB_AB_C
"1VFB_YA32A,IC124A",2.9070168,1.1482490301132202,2,1VFB_AB_C
"1VFB_YA50A,DC18A",1.2664908,1.8431572318077087,2,1VFB_AB_C
"1VFB_YA50A,DC119A",1.2319692,1.370862364768982,2,1VFB_AB_C
"1VFB_WA92A,QC121A",3.520512,1.3147618770599365,2,1VFB_AB_C
"1VFB_WA92A,IC124A",3.8520577,1.3708465099334717,2,1VFB_AB_C
"1VFB_WA92A,RC125A",3.394809,1.1204527914524078,2,1VFB_AB_C
"1VFB_WA92A,LC129A",3.3088436,1.286190390586853,2,1VFB_AB_C
"1VFB_YB32A,KC116A",1.5867511,0.781876727938652,2,1VFB_AB_C
"1VFB_WB52A,DC119A",2.2483788,0.6231977641582489,2,1VFB_AB_C
"1VFB_DB54A,TC118A",1.2552056,0.7677591815590858,2,1VFB_AB_C
"1VFB_DB100A,SC24A",3.3712647,1.4753983616828918,2,1VFB_AB_C
"1VFB_YB101F,DC119A",2.7377465,1.6101957559585571,2,1VFB_AB_C
"1VFB_YB101F,VC120A",2.5396144,1.7195669412612915,2,1VFB_AB_C
1WQJ_RI20A,0.67955303,-0.012373559176921844,1,1WQJ_I_B
"1WQJ_RI35A,RI36A",1.0285114,0.35884512960910797,2,1WQJ_I_B
1WQJ_RI49A,0.26824522,0.5097399950027466,1,1WQJ_I_B
1WQJ_RI54A,0.059441056,0.14076527953147888,1,1WQJ_I_B
1WQJ_RI55A,0.40239912,0.2032977044582367,1,1WQJ_I_B
1X1W_AD81E,-0.41065642,-0.6792521476745605,1,1X1W_A_D
1X1X_AD76E,-0.8235527,-0.8337608575820923,1,1X1X_A_D
1XD3_KB6A,1.344086,0.16740107536315918,1,1XD3_A_B
1XD3_KB27A,-0.062421046,2.699957847595215,1,1XD3_A_B
1XD3_RB42L,-0.8621878,0.28497129678726196,1,1XD3_A_B
1XD3_RB54L,0.8687343,0.046381670981645584,1,1XD3_A_B
1XD3_HB68N,0.0,0.6928987503051758,1,1XD3_A_B
1XD3_RB72L,1.3017501,-0.09879916161298752,1,1XD3_A_B
1XD3_RB74L,2.3777323,0.0567125529050827,1,1XD3_A_B
1XD3_EB24A,-0.24021861,0.25515055656433105,1,1XD3_A_B
1XD3_DB39A,-0.41065642,0.07924645394086838,1,1XD3_A_B
1XD3_EB51A,1.534609,0.5570510625839233,1,1XD3_A_B
1XD3_DB52A,-0.24021861,0.9151917695999146,1,1XD3_A_B
1XD3_DB58A,-0.24021861,0.8791133165359497,1,1XD3_A_B
1XD3_KB6R,0.30263966,-1.1818952560424805,1,1XD3_A_B
1XD3_LB8A,2.6767921,1.7761284112930298,1,1XD3_A_B
1XD3_KB11R,1.402407,-0.03707783296704292,1,1XD3_A_B
1XD3_KB27R,0.26598144,-0.38997840881347656,1,1XD3_A_B
1XD3_KB33R,0.0,0.17993409931659698,1,1XD3_A_B
1XD3_IB44A,0.26598144,0.8332403898239136,1,1XD3_A_B
1XGP_AB33F,-4.06248,-3.31158185005188,1,1XGP_AB_C
1XGP_AB33L,-2.1998763,-1.2941901683807373,1,1XGP_AB_C
1XGP_AB33I,-2.261219,-1.4164369106292725,1,1XGP_AB_C
1XGP_AB33V,-1.1530954,-0.8617957830429077,1,1XGP_AB_C
1XGQ_VB33F,-2.9093847,-2.8438172340393066,1,1XGQ_AB_C
1XGQ_VB33L,-1.0467808,-0.6722965836524963,1,1XGQ_AB_C
1XGQ_VB33I,-1.1081238,-0.9066104292869568,1,1XGQ_AB_C
1XGQ_VB33A,1.1530954,1.1515696048736572,1,1XGQ_AB_C
1XGR_IB33F,-1.801261,-1.67791748046875,1,1XGR_AB_C
1XGR_IB33L,0.06134288,0.1452273726463318,1,1XGR_AB_C
1XGR_IB33V,1.1081238,1.5274876356124878,1,1XGR_AB_C
1XGR_IB33A,2.261219,2.9113292694091797,1,1XGR_AB_C
1XGT_LB33F,-1.8626039,-2.00779128074646,1,1XGT_AB_C
1XGT_LB33I,-0.06134288,0.12460125237703323,1,1XGT_AB_C
1XGT_LB33V,1.0467808,1.4374516010284424,1,1XGT_AB_C
1XGT_LB33A,2.1998763,2.596506357192993,1,1XGT_AB_C
1XGU_FB33L,1.8626039,2.338822364807129,1,1XGU_AB_C
1XGU_FB33I,1.801261,2.383164167404175,1,1XGU_AB_C
1XGU_FB33V,2.9093847,3.244666814804077,1,1XGU_AB_C
1XGU_FB33A,4.06248,4.567307472229004,1,1XGU_AB_C
"1XXM_AC74K,AC142F,AC143Y,AA79E,AA80Y",-2.412727,-1.080913108587265,5,1XXM_A_C
1Y1K_AI39T,-2.7283423,-0.7813223600387573,1,1Y1K_E_I
1Y33_PI39T,-3.75601,-1.132883906364441,1,1Y33_E_I
1Y34_AI41E,-3.0542183,-3.0586042404174805,1,1Y34_E_I
1Y3B_SI41E,-2.7477686,-3.134321928024292,1,1Y3B_E_I
1Y3C_AI43R,-1.2561543,-1.632325530052185,1,1Y3C_E_I
1Y3D_AI48R,-3.0981238,-3.417297124862671,1,1Y3D_E_I
1Y48_AI46R,-3.75601,-5.160711288452148,1,1Y48_E_I
"1Y4A_SI40E,RI39M",-3.549655,,2,1Y4A_E_I
1YCS_RA177H,-0.11888775,0.1257132589817047,1,1YCS_A_B
"1YCS_MA37L,VA107A,NA143Y,NA172D",-0.13897279,-0.48092830181121826,4,1YCS_A_B
"1YCS_MA37L,VA107A,NA143Y,NA172D,VA47A",0.14287694,0.06215014457702637,5,1YCS_A_B
"1YCS_MA37L,VA107A,NA143Y,NA172D,RA153S,HA72R",0.50962794,0.043425033489863075,6,1YCS_A_B
"1YCS_MA37L,VA107A,NA143Y,NA172D,FA174L",-0.18866855,0.10999674797058105,5,1YCS_A_B
"1YCS_MA37L,VA107A,NA143Y,NA172D,RA186W",0.051550064,-0.24091193675994874,5,1YCS_A_B
1YQV_RY45K,2.0010803,0.8546258211135864,1,1YQV_HL_Y
1YQV_RY45K,2.0021381,0.8546258211135864,1,1YQV_HL_Y
1YQV_RY45K,1.6343396,0.8546258211135864,1,1YQV_HL_Y
"1YQV_RY68K,TY40S,IY55V,SY91T,QY121H",0.1061558,0.22085838317871093,5,1YQV_HL_Y
"1YQV_RY68K,TY40S,IY55V,SY91T,QY121H",0.0,0.22085838317871093,5,1YQV_HL_Y
"1YQV_RY68K,TY40S,IY55V,SY91T,QY121H",0.0,0.22085838317871093,5,1YQV_HL_Y
"1YQV_RY68K,TY40S,IY55V,SY91T",5.3730054,0.19094467163085938,4,1YQV_HL_Y
"1YQV_RY68K,TY40S,IY55V,SY91T",5.104349,0.19094467163085938,4,1YQV_HL_Y
"1YQV_RY68K,TY40S,IY55V,SY91T",5.0972853,0.19094467163085938,4,1YQV_HL_Y
1YY9_LD29P,0.030840894,3.6191420555114746,1,1YY9_CD_A
1YY9_WD52P,1.4789331,3.2749428749084473,1,1YY9_CD_A
1YY9_SD53P,0.8179112,-0.7409878373146057,1,1YY9_CD_A
1YY9_GD54P,0.26819047,-0.05772814527153969,1,1YY9_CD_A
1YY9_AD98P,1.0376917,-0.2646987736225128,1,1YY9_CD_A
1YY9_YD101P,1.652159,0.7228567004203796,1,1YY9_CD_A
1YY9_AC25P,0.072288,2.609833002090454,1,1YY9_CD_A
1YY9_SC26P,-0.009114826,3.091209888458252,1,1YY9_CD_A
1YY9_SC28P,-0.22239916,-0.3503080904483795,1,1YY9_CD_A
1YY9_SC54P,-0.018372076,-0.06917527318000793,1,1YY9_CD_A
1YY9_TC96P,4.0049434,0.29695749282836914,1,1YY9_CD_A
1YY9_SC26D,-0.19934364,2.008340835571289,1,1YY9_CD_A
1YY9_TC31E,-0.519157,0.3143320679664612,1,1YY9_CD_A
1YY9_NC93A,-0.7422019,0.3146882653236389,1,1YY9_CD_A
1YY9_ND56A,-0.057071555,-0.04264536499977112,1,1YY9_CD_A
1YY9_TD61E,-0.057071555,-0.07377247512340546,1,1YY9_CD_A
"1YY9_TC31E,NC93A",-0.8188996,0.3145105838775635,2,1YY9_CD_A
"1YY9_SC26D,TC31E,NC93A",-1.3335406,0.879120667775472,3,1YY9_CD_A
"1YY9_SC26D,TC31E,NC93A,ND56A,TD61E",-0.65208536,0.5041887588799,5,1YY9_CD_A
1Z7X_YW434A,5.955931,3.5411996841430664,1,1Z7X_W_X
1Z7X_DW435A,3.6624305,0.9525918960571289,1,1Z7X_W_X
1Z7X_YW437A,2.6241355,1.1158496141433716,1,1Z7X_W_X
"1Z7X_QW430A,VW432A",0.939574,0.494484007358551,2,1Z7X_W_X
"1Z7X_WW438A,SW439A,EW440A",1.9721996,1.107704222202301,3,1Z7X_W_X
1Z7X_RW457A,0.8482471,0.17703717947006226,1,1Z7X_W_X
1Z7X_IW459A,0.3374211,1.1874133348464966,1,1Z7X_W_X
1Z7X_EW206A,1.018685,0.5040485858917236,1,1Z7X_W_X
1Z7X_WW261A,1.3359538,1.660323143005371,1,1Z7X_W_X
1Z7X_WW263A,2.2124183,1.1191797256469727,1,1Z7X_W_X
1Z7X_EW287A,1.3213246,-0.00935293734073639,1,1Z7X_W_X
1Z7X_SW289A,0.8143835,0.7058665156364441,1,1Z7X_W_X
1Z7X_WW318A,0.99347043,1.9511033296585083,1,1Z7X_W_X
1Z7X_KW320A,1.3213246,0.18900418281555176,1,1Z7X_W_X
1Z7X_EW344A,1.5615432,-0.06100677698850632,1,1Z7X_W_X
1Z7X_WW375A,1.66956,0.6424973011016846,1,1Z7X_W_X
1Z7X_EW401A,1.306325,1.253371238708496,1,1Z7X_W_X
1Z7X_YW434F,0.120622605,0.4807412326335907,1,1Z7X_W_X
1Z7X_YW437F,2.1660576,0.375176340341568,1,1Z7X_W_X
"1Z7X_YW434A,DW435A",7.171211,2.246894896030426,2,1Z7X_W_X
"1Z7X_YW434A,YW437A",7.2409916,2.3285236954689026,2,1Z7X_W_X
2A9K_GB55D,2.3176858,-0.09343376755714417,1,2A9K_A_B
2A9K_EB65A,3.0309818,1.7365158796310425,1,2A9K_A_B
"2ABZ_AE14C,AE38C",-0.5535334,0.307476207613945,2,2ABZ_B_E
2AJF_KE22R,-0.007359747,-0.21523168683052063,1,2AJF_A_E
2AJF_FE38S,-0.082253926,0.5113740563392639,1,2AJF_A_E
2AJF_NE151K,2.012603,-0.949592649936676,1,2AJF_A_E
2AJF_TE159S,1.8239344,0.07474713772535324,1,2AJF_A_E
2AJF_DA20A,0.585403,0.7844261527061462,1,2AJF_A_E
2AJF_YA23A,1.452401,2.8860225677490234,1,2AJF_A_E
2AJF_YA23F,1.3977944,1.1402842998504639,1,2AJF_A_E
2AK4_TD30A,-0.12668328,0.07567750662565231,1,2AK4_ABC_DE
2AK4_YD32A,0.09897152,1.8677929639816284,1,2AK4_ABC_DE
2AK4_ND51A,1.4039891,0.32419872283935547,1,2AK4_ABC_DE
2AK4_SD94A,1.4039891,-0.044553227722644806,1,2AK4_ABC_DE
2AK4_YD97A,1.4039891,1.2980947494506836,1,2AK4_ABC_DE
2AK4_ND98A,1.4039891,-0.6817430853843689,1,2AK4_ABC_DE
2AK4_NE26A,0.2087728,0.4876670837402344,1,2AK4_ABC_DE
2AK4_NE28A,0.8228948,1.6854406595230103,1,2AK4_ABC_DE
2AK4_SE29G,1.4039891,0.8260604739189148,1,2AK4_ABC_DE
2AK4_SE49A,-0.31437176,0.2778812348842621,1,2AK4_ABC_DE
2AK4_NE63A,-0.04268813,-0.08243110775947571,1,2AK4_ABC_DE
2AK4_LE94A,0.83848655,-0.30332517623901367,1,2AK4_ABC_DE
2AK4_EE97A,0.048638746,0.3208857774734497,1,2AK4_ABC_DE
2AK4_QA65A,-0.25790507,0.8404693603515625,1,2AK4_ABC_DE
2AK4_TA69A,-0.34193262,-0.06022215262055397,1,2AK4_ABC_DE
2AK4_QA72A,0.2391616,0.10867951810359955,1,2AK4_ABC_DE
2AK4_RA151A,1.3673309,1.2523348331451416,1,2AK4_ABC_DE
2AK4_EA154A,0.23491462,0.08895575255155563,1,2AK4_ABC_DE
2AK4_QA155A,0.92959356,0.6225904822349548,1,2AK4_ABC_DE
2AK4_RA157A,1.4039891,1.0543806552886963,1,2AK4_ABC_DE
2AK4_AA158G,0.8735885,0.643682062625885,1,2AK4_ABC_DE
2AK4_EA161A,0.46510357,0.13512232899665833,1,2AK4_ABC_DE
2AK4_LA163A,0.1403824,1.1379858255386353,1,2AK4_ABC_DE
2AK4_PC4A,1.0963917,1.2903863191604614,1,2AK4_ABC_DE
2AK4_LC5A,1.4039891,1.3595302104949951,1,2AK4_ABC_DE
2AK4_PC6A,1.4039891,0.38629865646362305,1,2AK4_ABC_DE
2AK4_QC7A,1.4039891,1.3012068271636963,1,2AK4_ABC_DE
2AK4_QC9A,0.06589585,0.02864890918135643,1,2AK4_ABC_DE
2AK4_LC10A,0.5136355,0.5689191818237305,1,2AK4_ABC_DE
2AW2_PB16A,2.5755908,-0.03548870608210564,1,2AW2_A_B
2AW2_YB22A,1.8850842,1.1722609996795654,1,2AW2_A_B
2AW2_VB35A,1.0963917,1.0659505128860474,1,2AW2_A_B
2B0U_VC15E,0.0,-0.903992235660553,1,2B0U_AB_C
2B0U_FC47E,0.41065642,1.7287195920944214,1,2B0U_AB_C
2B0U_IC51E,0.24021861,2.6409146785736084,1,2B0U_AB_C
2B0U_FC52E,0.0,0.5780827403068542,1,2B0U_AB_C
2B0U_FC47A,0.54285824,1.2741820812225342,1,2B0U_AB_C
2B0U_IC51A,0.0,2.040163278579712,1,2B0U_AB_C
2B0U_FC52A,0.0,-0.045474618673324585,1,2B0U_AB_C
2B0Z_IB87F,-2.5289986,-0.47234082221984863,1,2B0Z_A_B
2B10_SB87F,-1.1648275,-1.4891016483306885,1,2B10_A_B
2B11_WB87F,-0.754171,-0.2314707338809967,1,2B11_A_B
2B12_YB87F,-1.5754839,-0.8210875391960144,1,2B12_A_B
"2B2X_VH50T,EH64K,QL28S,YL52N",1.043681,0.16240848042070866,4,2B2X_HL_A
"2B2X_VH50T,EH64K,QL28S,YL52N,LL49K",1.9686383,0.1634976640343666,5,2B2X_HL_A
"2B2X_EH64K,QL28S,YL52N",0.7803654,0.15560617297887802,3,2B2X_HL_A
"2B2X_VH50T,EH64K,QL28S,YL52N,LH60D",0.9209863,0.19824459105730058,5,2B2X_HL_A
"2B2X_VH50T,QL28S,YL52N",0.8883822,0.14840496828158697,3,2B2X_HL_A
"2B2X_VH50T,EH64Q,QL28S,YL52N",0.8883822,0.179173419252038,4,2B2X_HL_A
"2B2X_VH50T,EH64D,QL28S,YL52N",0.9209863,0.2008517850190401,4,2B2X_HL_A
"2B2X_VH50T,EH64N,QL28S,YL52N",0.97110564,0.1665783692151308,4,2B2X_HL_A
"2B2X_VH50T,EH64K,YL52N",0.37727,0.18173600236574808,3,2B2X_HL_A
"2B2X_VH50T,EH64K,QL28S",0.94038504,0.16388677805662155,3,2B2X_HL_A
"2B2X_VH50T,EH64K,QL28S,YL52N,GH100M",1.1458608,0.2514911130070686,5,2B2X_HL_A
"2B2X_VH50T,EH64K,QL28S,YL52N,SL24R",0.976595,0.1274188332259655,5,2B2X_HL_A
"2B2X_VH50T,EH64K,QL28S,YL52E",0.86623186,0.15279806591570377,4,2B2X_HL_A
"2B2X_VH50T,EH64K,QL28S,YL52N,FH99W",1.043681,0.09885453134775161,5,2B2X_HL_A
"2B2X_VH50T,EH64K,QL28S,YL52N,GH100F",1.6177639,0.15942084342241286,5,2B2X_HL_A
"2B2X_VH50T,EH64K,QL28S,YL52N,GH54Y",1.043681,0.04014969617128372,5,2B2X_HL_A
"2B2X_VH50T,EH64K,QL28S,YL52N,FH99W",1.043681,0.09885453134775161,5,2B2X_HL_A
"2B2X_QL28S,YL52N",0.68248,0.13119975104928017,2,2B2X_HL_A
"2B2X_VH50T,EH64Q,QL28S,YL52N,LH60D",1.0866896,0.21165654212236404,5,2B2X_HL_A
"2B2X_VH50T,QL28S,YL52N,LH60D",0.901817,0.19670098461210728,4,2B2X_HL_A
2B2X_EH64K,-0.15706362,0.2044188678264618,1,2B2X_HL_A
2B2X_VH50T,0.090166345,0.18281590938568115,1,2B2X_HL_A
2B2X_YL52E,-0.22420542,0.11953279376029968,1,2B2X_HL_A
"2B2X_VH50T,EH64K,QL28S,YL52N,NL30V",2.0934803,0.2693824008107185,5,2B2X_HL_A
"2B2X_VH50T,EH64K,QL28S,YL52N,HL31R",2.1679819,0.2836610391736031,5,2B2X_HL_A
"2B2X_VH50T,EH64K,QL28S,YL52N,HL31K",2.208369,0.30353790074586867,5,2B2X_HL_A
"2B2X_VH50T,EH64K,QL28S,YL52N,LL49K",1.8418969,0.1634976640343666,5,2B2X_HL_A
"2B2X_VH50T,EH64K,QL28S,YL52R",1.8889,0.15690755285322666,4,2B2X_HL_A
"2B2X_VH50T,EH64K,QL28S,YL52K",1.7014854,0.20071627385914326,4,2B2X_HL_A
"2B2X_VH50T,EH64K,QL28S,YL52N,RH31Q",2.3515944,0.19613371640443802,5,2B2X_HL_A
"2B2X_VH50T,EH64K,QL28S,YL52N,SH35Q",3.7720232,0.17524251490831375,5,2B2X_HL_A
"2B2X_EH64K,QL28S,YL52N",1.043681,0.15560617297887802,3,2B2X_HL_A
"2B2X_VH50T,EH64K,QL28S,YL52N,YH59E",1.5879316,0.6270310953259468,5,2B2X_HL_A
"2B2X_VH50T,EH64K,QL28S,YL52N,LH60D",1.043681,0.19824459105730058,5,2B2X_HL_A
"2B2X_VH50T,QL28S,YL52N",1.043681,0.14840496828158697,3,2B2X_HL_A
"2B2X_VH50T,EH64Q,QL28S,YL52N",1.043681,0.179173419252038,4,2B2X_HL_A
"2B2X_VH50T,EH64D,QL28S,YL52N",0.8233383,0.2008517850190401,4,2B2X_HL_A
"2B2X_VH50T,EH64N,QL28S,YL52N",1.043681,0.1665783692151308,4,2B2X_HL_A
"2B2X_VH50T,EH64K,YL52N",0.186451,0.18173600236574808,3,2B2X_HL_A
"2B2X_VH50T,EH64K,QL28S,YL52N,NL30Y",2.9521027,0.16947388797998428,5,2B2X_HL_A
"2B2X_VH50T,EH64K,QL28S,YL52N,NL30W",2.6170702,0.15627459436655045,5,2B2X_HL_A
"2B2X_VH50T,EH64K,QL28S",1.043681,0.16388677805662155,3,2B2X_HL_A
"2B2X_VH50T,EH64K,QL28S,YL52N,SL91T",3.3613667,0.1323040507733822,5,2B2X_HL_A
"2B2X_VH50T,EH64K,QL28S,YL52N,SL91R",3.7720232,0.18253674656152724,5,2B2X_HL_A
"2B2X_VH50T,EH64K,QL28S,YL52N,GL92Q",2.6170702,0.1234698623418808,5,2B2X_HL_A
"2B2X_VH50T,EH64K,QL28S,YL52N,GL92S",1.5565172,0.11077195852994919,5,2B2X_HL_A
"2B2X_VH50T,EH64K,QL28S,YL52N,SL91R,NL30E",3.7720232,0.18187354132533073,6,2B2X_HL_A
"2B2X_VH50T,EH64K,QL28S,YL52N,SH52M",3.1204507,0.5328410223126412,5,2B2X_HL_A
"2B2X_VH50T,EH64K,QL28S,YL52N,GH53S",1.719577,0.05016872435808182,5,2B2X_HL_A
"2B2X_VH50T,EH64K,QL28S,YL52N,GH53A",1.5565172,0.14216323643922807,5,2B2X_HL_A
"2B2X_VH50T,EH64K,QL28S,YL52N,GH54I",2.4078522,0.1995621755719185,5,2B2X_HL_A
"2B2X_VH50T,EH64K,QL28S,YL52N,GH54T",2.208369,0.14186731725931168,5,2B2X_HL_A
"2B2X_VH50T,EH64K,QL28S,YL52N,YH58Q",3.1204507,0.4038063123822212,5,2B2X_HL_A
"2B2X_VH50T,EH64K,QL28S,YL52N,YH58E",3.1204507,0.1957433119416237,5,2B2X_HL_A
"2B2X_VH50T,EH64K,QL28S,YL52N,YH58W",1.8649939,0.17407134622335435,5,2B2X_HL_A
"2B2X_VH50T,EH64K,QL28S,YL52N,GH100M",1.1458608,0.2514911130070686,5,2B2X_HL_A
"2B2X_VH50T,EH64K,QL28S,YL52N,SL24R",0.67990965,0.1274188332259655,5,2B2X_HL_A
"2B2X_VH50T,EH64K,QL28S,YL52N,LL49F",1.7562797,0.23004723340272903,5,2B2X_HL_A
"2B2X_VH50T,EH64K,QL28S,YL52N,LL49W",2.9521027,0.13965566903352739,5,2B2X_HL_A
"2B2X_VH50T,EH64K,QL28S,YL52D",1.5446677,0.3195256683975458,4,2B2X_HL_A
"2B2X_VH50T,EH64K,QL28S,YL52E",1.043681,0.15279806591570377,4,2B2X_HL_A
"2B2X_VH50T,EH64K,QL28S,YL52N,WL90Q",3.1204507,0.4441482380032539,5,2B2X_HL_A
"2B2X_VH50T,EH64K,QL28S,YL52N,SL91Q",2.8185086,0.12222873270511628,5,2B2X_HL_A
"2B2X_VH50T,EH64K,QL28S,YL52N,WL90Q,FL33Y",1.9150901,0.3018088700870673,6,2B2X_HL_A
"2B2X_VH50T,EH64K,QL28S,YL52N,TH33V",1.4782437,0.3500361040234566,5,2B2X_HL_A
"2B2X_VH50T,EH64K,QL28S,YL52N,TH33N",3.7720232,0.10833480507135392,5,2B2X_HL_A
"2B2X_VH50T,EH64K,QL28S,YL52N,SH35A",2.6170702,0.1411416843533516,5,2B2X_HL_A
"2B2X_VH50T,EH64K,QL28S,YL52N,FH99W",1.043681,0.09885453134775161,5,2B2X_HL_A
"2B2X_VH50T,EH64K,QL28S,YL52N,FH99Y",1.7986879,0.09658994227647781,5,2B2X_HL_A
"2B2X_VH50T,EH64K,QL28S,YL52N,GH100L",3.7720232,0.2641738012433052,5,2B2X_HL_A
"2B2X_VH50T,EH64K,QL28S,YL52N,GH100F",1.2479825,0.15942084342241286,5,2B2X_HL_A
"2B2X_VH50T,EH64K,QL28S,YL52N,GH100S",1.6016783,0.3059338882565498,5,2B2X_HL_A
"2B2X_EH64K,QL28S,YL52N,SH35V",3.7720232,0.2963386047631502,4,2B2X_HL_A
"2B2X_EH64K,QL28S,YL52N,SH35A",3.1204507,0.13072325475513935,4,2B2X_HL_A
"2B2X_VH50T,EH64K,QL28S,YL52N,SH35A,GH102S",2.6170702,0.2667090656856696,6,2B2X_HL_A
"2B2X_VH50T,EH64K,QL28S,YL52N,SH35V,GH102S",2.4699943,0.3771192990243435,6,2B2X_HL_A
"2B2X_EH64K,QL28S,YL52N,GH102S",2.7118843,0.3403411228209734,4,2B2X_HL_A
"2B2X_VH50T,EH64K,QL28S,YL52N,HL31W",2.2995565,0.20431716591119767,5,2B2X_HL_A
"2B2X_VH50T,EH64K,QL28S,YL52N,NL30Y,SL91I",1.4782437,0.17315983399748802,6,2B2X_HL_A
"2B2X_VH50T,EH64K,QL28S,YL52N,GH53N",2.2995565,0.15479064732789993,5,2B2X_HL_A
"2B2X_VH50T,EH64K,QL28S,YL52N,GH54Y",1.043681,0.04014969617128372,5,2B2X_HL_A
"2B2X_VH50T,EH64K,QL28S,YL52N,FH99W",1.043681,0.09885453134775161,5,2B2X_HL_A
"2B2X_VH50T,EH64K,QL28S,YL52N,FH99Y",1.7986879,0.09658994227647781,5,2B2X_HL_A
"2B2X_VH50T,EH64K,QL28S,YL52N,TH33E,GH53Q",2.7118843,0.566072728484869,6,2B2X_HL_A
"2B2X_VH50T,EH64K,QL28S,YL52N,TH33I,SH52T,GH53N,GH54N",2.9521027,0.33891613502055407,8,2B2X_HL_A
"2B2X_VH50T,EH64K,QL28S,YL52N,TH33I,SH52T,GH53Q,GH54F",2.2995565,0.45015917252749205,8,2B2X_HL_A
"2B2X_EH64K,YL52N",0.34868607,0.18119630217552185,2,2B2X_HL_A
"2B2X_QL28S,YL52N",1.043681,0.13119975104928017,2,2B2X_HL_A
"2B2X_VH50T,YL52N",0.186451,0.17039449512958527,2,2B2X_HL_A
2B2X_EH64K,0.090166345,0.2044188678264618,1,2B2X_HL_A
2B2X_VH50T,-0.042035498,0.18281590938568115,1,2B2X_HL_A
2B42_HA357A,1.6384584,0.7609443664550781,1,2B42_A_B
2B42_HA357Q,1.0761156,0.48663458228111267,1,2B42_A_B
2B42_HA357K,2.567788,1.0284781455993652,1,2B42_A_B
2BDN_LH27R,0.65087503,0.12322741001844406,1,2BDN_HL_A
2BDN_LH27K,0.8744038,1.1390899419784546,1,2BDN_HL_A
2BDN_NH28D,0.13220184,-0.17341206967830658,1,2BDN_HL_A
2BDN_NH28Q,1.4000883,0.4063304662704468,1,2BDN_HL_A
2BDN_DH31E,1.0857165,0.39498603343963623,1,2BDN_HL_A
2BDN_YL30K,0.6750601,0.9815898537635803,1,2BDN_HL_A
2BDN_NL31R,-0.91759753,0.12411551922559738,1,2BDN_HL_A
2BDN_NL31K,3.491334,0.03226345032453537,1,2BDN_HL_A
2BDN_SL53D,-0.160645,-0.7779908180236816,1,2BDN_HL_A
2BDN_SL53E,-0.8517017,-0.2539641559123993,1,2BDN_HL_A
2BDN_TL56D,-0.42565602,0.0762501135468483,1,2BDN_HL_A
2BDN_TL56E,-0.689111,0.14922334253787994,1,2BDN_HL_A
2BNQ_VC9C,0.5019833,0.7446631789207458,1,2BNQ_ABC_DE
2BNR_QA43A,0.08280224,0.07452487200498581,1,2BNR_ABC_DE
2BNR_EA58A,0.0,0.0593952015042305,1,2BNR_ABC_DE
2BNR_DA61A,-0.08978604,0.06600961089134216,1,2BNR_ABC_DE
2BNR_EA63A,0.33471087,0.3643700182437897,1,2BNR_ABC_DE
2BNR_TA64A,0.2714708,0.02031795121729374,1,2BNR_ABC_DE
2BNR_RA65A,1.8063724,1.8973701000213623,1,2BNR_ABC_DE
2BNR_KA66A,1.6893346,1.0184587240219116,1,2BNR_ABC_DE
2BNR_VA67A,0.39280164,-0.4354923367500305,1,2BNR_ABC_DE
2BNR_KA68A,0.0055283634,-0.2547549307346344,1,2BNR_ABC_DE
2BNR_AA69G,1.85521,1.0422489643096924,1,2BNR_ABC_DE
2BNR_HA70A,1.6957166,2.037795305252075,1,2BNR_ABC_DE
2BNR_QA72A,-0.096284665,-0.4434325695037842,1,2BNR_ABC_DE
2BNR_TA73A,1.2850602,0.889259934425354,1,2BNR_ABC_DE
2BNR_HA74A,0.97532517,1.8704829216003418,1,2BNR_ABC_DE
2BNR_RA75A,0.53088915,0.7748713493347168,1,2BNR_ABC_DE
2BNR_VA76A,0.6720904,1.1288117170333862,1,2BNR_ABC_DE
2BNR_TA80A,0.53540593,0.31575918197631836,1,2BNR_ABC_DE
2BNR_KA146A,0.6243712,1.061495065689087,1,2BNR_ABC_DE
2BNR_AA149G,0.01823073,-0.002780494512990117,1,2BNR_ABC_DE
2BNR_AA150G,0.7368884,0.5496498346328735,1,2BNR_ABC_DE
2BNR_HA151A,0.53315187,0.3780197501182556,1,2BNR_ABC_DE
2BNR_VA152A,0.9033096,0.3839082717895508,1,2BNR_ABC_DE
2BNR_EA154A,0.01823073,0.008491341024637222,1,2BNR_ABC_DE
2BNR_QA155A,0.23276629,0.16938357055187225,1,2BNR_ABC_DE
2BNR_TA163A,0.45864728,0.13112181425094604,1,2BNR_ABC_DE
2BNR_CC9V,-0.5019833,-0.69542396068573,1,2BNR_ABC_DE
2BTF_FP59A,1.5957407,2.1816742420196533,1,2BTF_A_P
2BTF_VP60E,0.9787292,0.29165923595428467,1,2BTF_A_P
2BTF_GP120F,1.7209312,-1.1153761148452759,1,2BTF_A_P
2BTF_KP125A,0.460056,0.9627012014389038,1,2BTF_A_P
2C0L_NA48A,0.68775064,0.11019818484783173,1,2C0L_A_B
2C0L_QA239R,1.4865077,0.18904948234558105,1,2C0L_A_B
2C0L_SA242Y,0.27367947,0.741409957408905,1,2C0L_A_B
2C5D_GC6S,0.09897152,-0.3003430962562561,1,2C5D_A_C
2C5D_DC61G,-0.5037813,-0.26626473665237427,1,2C5D_A_C
2C5D_VC66A,-0.59932494,-0.7055226564407349,1,2C5D_A_C
2C5D_GC101R,-0.01823073,-0.3020695149898529,1,2C5D_A_C
"2C5D_GC6S,DC61G",-0.5295442,-0.2833033353090286,2,2C5D_A_C
"2C5D_GC6S,VC66A",-0.8469959,-0.5029323995113373,2,2C5D_A_C
"2C5D_GC6S,GC101R",0.03486017,-0.30120591819286346,2,2C5D_A_C
"2C5D_DC61G,GC101R",-0.561089,-0.28416645526885986,2,2C5D_A_C
"2C5D_VC66A,GC101R",-0.6562856,-0.5037955194711685,2,2C5D_A_C
"2C5D_DC61G,VC66A",-1.0403702,-0.4858929365873337,2,2C5D_A_C
"2C5D_DC61G,VC66A,GC101R",-0.8699324,-0.42461830377578735,3,2C5D_A_C
"2C5D_GC6S,VC66A,GC101R",-0.7966971,-0.4359779457251231,3,2C5D_A_C
"2C5D_GC6S,DC61G,GC101R",-0.5519035,-0.28955856959025067,3,2C5D_A_C
"2C5D_GC6S,DC61G,VC66R",-1.2355708,-0.2606428563594818,3,2C5D_A_C
"2C5D_GC6S,DC61G,VC66R,GC101R",-1.4830588,-0.27099940180778503,4,2C5D_A_C
"2C5D_EC33R,TC51R",6.113514,0.3051874451339245,2,2C5D_A_C
"2C5D_TA26D,TB26D",0.72502816,0.9702077209949493,2,2C5D_AB_CD
"2C5D_RA32E,RB32E",1.7124065,0.8177060782909393,2,2C5D_AB_CD
"2C5D_KA34E,KB34E",1.9482203,0.14007288217544556,2,2C5D_AB_CD
"2C5D_RA32E,KA34E,RB32E,KA34E",3.9603114,0.4820217341184616,4,2C5D_AB_CD
"2C5D_AA126V,AB126V",0.7588918,0.40461067855358124,2,2C5D_AB_CD
"2C5D_FA207A,FB207A",0.19934364,0.8700186312198639,2,2C5D_AB_CD
"2C5D_QC28R,QD28R",0.09132688,-0.31096093356609344,2,2C5D_AB_CD
"2C5D_EC30R,ED30R",0.30263966,-0.40374214947223663,2,2C5D_AB_CD
"2C5D_EC33R,ED33R",1.6548417,0.5434765219688416,2,2C5D_AB_CD
"2C5D_EC30R,EC33R,ED30R,EC33R",1.8489807,0.06058087199926376,4,2C5D_AB_CD
"2C5D_TC51R,TD51R",2.3390203,0.1145932637155056,2,2C5D_AB_CD
"2C5D_QC96R,QD96R",0.30263966,-0.1420596018433571,2,2C5D_AB_CD
"2C5D_LC105E,LD105E",0.24021861,1.440591037273407,2,2C5D_AB_CD
"2C5D_KC178E,KD178E",0.7422019,1.4899097681045532,2,2C5D_AB_CD
"2C5D_TC182E,TD182E",0.7422019,0.5153142958879471,2,2C5D_AB_CD
"2C5D_FA207A,FB207A",0.54285824,0.8700186312198639,2,2C5D_AB_CD
"2C5D_FA209A,FB209A",1.0615314,1.206344485282898,2,2C5D_AB_CD
"2C5D_WA238F,WB238F",0.9824205,0.27606362104415894,2,2C5D_AB_CD
"2C5D_LA324A,LB324A",2.0344725,0.28484487533569336,2,2C5D_AB_CD
"2C5D_YA364A,YB364A",0.9824205,1.34811532497406,2,2C5D_AB_CD
"2CCL_AB48S,AB49T",-0.07970309,-0.0454760417342186,2,2CCL_A_B
2DSQ_RI20A,0.061131705,1.0304617881774902,1,2DSQ_I_G
2DSQ_RI35A,0.6104088,0.2734389901161194,1,2DSQ_I_G
2DSQ_RI40A,-0.087760024,0.1375197470188141,1,2DSQ_I_G
2DSQ_RI41A,0.088868566,0.8170459270477295,1,2DSQ_I_G
2DVW_RB7A,0.69360554,1.1925780773162842,1,2DVW_A_B
"2DVW_RB3A,RB7A",2.1533782,1.2314756512641907,2,2DVW_A_B
"2DVW_RB3A,RB4A,RB7A",2.7901468,0.9442988832791647,3,2DVW_A_B
"2DVW_EB21A,EB22A",0.038346004,0.5788819193840027,2,2DVW_A_B
2DVW_KB62E,0.20547402,0.7187333106994629,1,2DVW_A_B
2DVW_RA39A,0.91062415,1.1242841482162476,1,2DVW_A_B
2DVW_KA114A,0.03420586,1.9210453033447266,1,2DVW_A_B
"2DVW_DA37A,DA69A",0.19162223,0.8655146807432175,2,2DVW_A_B
"2DVW_RA39A,KA114A",2.3625965,1.522663652896881,2,2DVW_A_B
2DVW_EA180A,0.4381773,0.18057025969028473,1,2DVW_A_B
2E7L_FQ5R,3.0598876,1.2986023426055908,1,2E7L_EQ_AD
2FTL_TI11A,4.092513,0.11090709269046783,1,2FTL_E_I
2FTL_GI12A,4.3927784,0.9975295662879944,1,2FTL_E_I
2FTL_PI13A,4.092513,0.36642953753471375,1,2FTL_E_I
2FTL_KI15A,10.159198,11.319345474243164,1,2FTL_E_I
2FTL_RI17A,4.092513,0.35592013597488403,1,2FTL_E_I
2FTL_II18A,5.021843,0.9401481747627258,1,2FTL_E_I
2FTL_II19A,4.092513,0.39606428146362305,1,2FTL_E_I
2FTL_RI20A,4.092513,0.818256676197052,1,2FTL_E_I
2FTL_FI33A,4.092513,0.1763341873884201,1,2FTL_E_I
2FTL_VI34A,4.092513,0.36271634697914124,1,2FTL_E_I
2FTL_YI35A,4.092513,1.1053229570388794,1,2FTL_E_I
2FTL_GI36A,4.942732,0.8764848113059998,1,2FTL_E_I
2FTL_GI37A,4.092513,1.0931484699249268,1,2FTL_E_I
2FTL_RI39A,4.092513,0.23878712952136993,1,2FTL_E_I
2FTL_KI46A,4.092513,0.07801308482885361,1,2FTL_E_I
2FTL_KI15G,12.352226,13.878595352172852,1,2FTL_E_I
2FTL_KI15A,10.638931,11.319345474243164,1,2FTL_E_I
2FTL_KI15S,7.7239184,11.742696762084961,1,2FTL_E_I
2FTL_KI15V,11.756444,11.087861061096191,1,2FTL_E_I
2FTL_KI15T,10.597484,12.197019577026367,1,2FTL_E_I
2FTL_KI15D,11.502718,11.77730941772461,1,2FTL_E_I
2FTL_KI15N,8.033105,11.062398910522461,1,2FTL_E_I
2FTL_KI15M,7.6923733,8.709392547607422,1,2FTL_E_I
2FTL_KI15I,11.171452,11.65390396118164,1,2FTL_E_I
2FTL_KI15L,8.864103,8.365880012512207,1,2FTL_E_I
2FTL_KI15E,9.424007,11.561627388000488,1,2FTL_E_I
2FTL_KI15Q,9.370644,10.490874290466309,1,2FTL_E_I
2FTL_KI15H,8.781781,9.086726188659668,1,2FTL_E_I
2FTL_KI15R,-0.5824392,8.711347579956055,1,2FTL_E_I
2FTL_KI15F,7.0272107,8.183968544006348,1,2FTL_E_I
2FTL_KI15Y,6.85701,7.146288871765137,1,2FTL_E_I
2FTL_KI15W,8.664119,9.991142272949219,1,2FTL_E_I
2G2U_EB31A,0.65087503,0.3434523642063141,1,2G2U_A_B
2G2U_SB35A,-0.950899,0.05503944307565689,1,2G2U_A_B
2G2U_FB36A,2.7639508,3.1314620971679688,1,2G2U_A_B
2G2U_SB39A,-0.95614195,0.8553006649017334,1,2G2U_A_B
2G2U_HB41A,1.7170486,0.8601018190383911,1,2G2U_A_B
2G2U_GB48A,-0.4265978,-0.35490912199020386,1,2G2U_A_B
2G2U_YB50A,-2.0757222,0.2742222249507904,1,2G2U_A_B
2G2U_YB51A,-0.6287488,1.064014196395874,1,2G2U_A_B
2G2U_YB53A,2.3017445,1.9905489683151245,1,2G2U_A_B
2G2U_SB71A,-0.5122073,0.6992247104644775,1,2G2U_A_B
2G2U_EB73A,-1.9794375,0.6715500950813293,1,2G2U_A_B
2G2U_KB74A,-0.21733521,2.6700785160064697,1,2G2U_A_B
2G2U_WB112A,0.9587346,0.980349063873291,1,2G2U_A_B
2G2U_SB113A,-0.6123115,0.43006449937820435,1,2G2U_A_B
2G2U_GB141A,-0.41381058,0.2628563940525055,1,2G2U_A_B
2G2U_FB142A,0.2758273,2.3106539249420166,1,2G2U_A_B
2G2U_YB143A,-1.8472356,1.4704136848449707,1,2G2U_A_B
2G2U_RB144A,-0.3423922,0.5895735621452332,1,2G2U_A_B
2G2U_HB148A,1.1189506,0.7369840741157532,1,2G2U_A_B
2G2U_WB150A,1.7852217,1.9182180166244507,1,2G2U_A_B
2G2U_RB160A,0.66979384,0.6698967218399048,1,2G2U_A_B
2G2U_WB162A,0.53121006,0.9960460066795349,1,2G2U_A_B
"2G2U_EB73A,YB50A",-2.452515,0.4728872627019882,2,2G2U_A_B
"2G2U_YB50A,YB143A",-2.0757222,0.8723170906305313,2,2G2U_A_B
"2G2U_EB73A,YB143A",-1.8355035,1.0709818303585052,2,2G2U_A_B
"2G2U_WB112A,YB143A",-0.40960875,1.225380688905716,2,2G2U_A_B
"2G2U_WB150A,YB143A",0.98912334,1.6943150162696838,2,2G2U_A_B
"2G2U_EB73M,FB142W,YB143F",-1.1080924,0.2280199999610583,3,2G2U_A_B
"2G2U_EB73M,SB130K,FB142W,YB143F,SB146M",-2.9318337,-0.28929590731859206,5,2G2U_A_B
"2G2U_EB73M,SB130K,FB142W,YB143F",-2.0164256,-0.19806321896612644,4,2G2U_A_B
"2G2U_EB73M,YB143F",-1.592455,0.3138665109872818,2,2G2U_A_B
2G2U_EB73M,-3.5360348,0.1466144174337387,1,2G2U_A_B
2G2U_SB130K,-1.4694387,-1.4763140678405762,1,2G2U_A_B
"2G2U_EB73M,SB130K",-2.8094246,-0.6648482978343964,2,2G2U_A_B
"2G2U_EB73M,SB130K,SB146M",-3.5096993,-0.6613077521324158,3,2G2U_A_B
2G2U_DA79K,-0.45288712,-0.15452635288238525,1,2G2U_A_B
2G2U_DA79A,-1.5434517,0.07086892426013947,1,2G2U_A_B
2G2U_DA79E,-4.384282,-1.093352198600769,1,2G2U_A_B
2G2U_DA79K,-0.67096007,-0.15452635288238525,1,2G2U_A_B
2G2U_EB73M,-2.4665775,0.1466144174337387,1,2G2U_A_B
"2G2U_EB73M,KB74A",0.47307748,1.4083481132984161,2,2G2U_A_B
"2G2U_EB73M,FB142A",0.32206604,1.228635460138321,2,2G2U_A_B
"2G2U_EB73M,KB74A,FB142A",1.4830588,1.7091169555981953,3,2G2U_A_B
"2G2U_DA79A,EB73M",-2.147248,0.10874252021312714,2,2G2U_A_B
"2G2U_DA79A,EB73M,KB74A",-1.5569682,0.9625216623147329,3,2G2U_A_B
"2G2U_DA79A,EB73M,FB142A",-0.69175,0.8427132268746694,3,2G2U_A_B
"2G2U_DA79A,EB73M,KB74A,FB142A",-0.9873783,1.2995549067854881,4,2G2U_A_B
2G2W_KA79D,0.45288712,0.9039889574050903,1,2G2W_A_B
2GOX_RB31A,2.24674,2.0031650066375732,1,2GOX_A_B
2GOX_NB38A,1.5695295,1.4241294860839844,1,2GOX_A_B
2GOX_RB31A,1.5196093,2.0031650066375732,1,2GOX_A_B
2GOX_NB38A,1.3337823,1.4241294860839844,1,2GOX_A_B
2GYK_AA49D,-5.9181285,-4.638352394104004,1,2GYK_A_B
2HLE_KA141Q,-0.41065642,-0.14921197295188904,1,2HLE_A_B
2HLE_LA87R,2.287297,1.1736162900924683,1,2HLE_A_B
2HRK_TB55V,0.62420064,-0.19467118382453918,1,2HRK_A_B
2HRK_TA108V,0.7210697,-0.6918465495109558,1,2HRK_A_B
2HRK_KA140A,0.9535147,0.49792659282684326,1,2HRK_A_B
2I26_AN29V,0.030388813,0.09973093867301941,1,2I26_N_L
2I26_SN60R,-0.6264406,-0.8382567763328552,1,2I26_N_L
2J0T_VD4A,0.0,0.8941633701324463,1,2J0T_A_D
2J0T_VD4I,1.6426257,-0.23459263145923615,1,2J0T_A_D
2J0T_VD4K,1.8245233,0.12438106536865234,1,2J0T_A_D
2J0T_VD4S,0.9824205,0.8211274743080139,1,2J0T_A_D
2J0T_SD68A,2.106373,0.5794755816459656,1,2J0T_A_D
2J0T_SD68E,2.185484,-0.006643571890890598,1,2J0T_A_D
2J0T_SD68R,2.836359,1.1703376770019531,1,2J0T_A_D
2J0T_SD68Y,2.9783537,0.9450803995132446,1,2J0T_A_D
2J0T_TD2L,2.6821537,0.044113196432590485,1,2J0T_A_D
"2J0T_TD2L,VD4S",3.470544,0.43262016773223877,2,2J0T_A_D
"2J0T_TD2L,VD4S,SD68A",5.286247,0.48157191276550293,3,2J0T_A_D
2J0T_TD2R,5.046028,1.2882695198059082,1,2J0T_A_D
2J0T_TD2S,1.5944324,0.6894567012786865,1,2J0T_A_D
"2J0T_TD2S,VD4A",1.2502,0.791810005903244,2,2J0T_A_D
"2J0T_TD2S,VD4A,SD68Y",2.147248,0.8429000576337179,3,2J0T_A_D
"2J0T_CD1S,FD12Y",4.20053,1.5357293486595154,2,2J0T_A_D
2J0T_TD2A,4.289029,0.3485938310623169,1,2J0T_A_D
2J0T_MD66A,1.6426257,0.2222333401441574,1,2J0T_A_D
2J0T_VD69I,0.790924,-0.0724712610244751,1,2J0T_A_D
2J0T_VD69T,1.2884359,0.11478517949581146,1,2J0T_A_D
"2J0T_VD69A,AD103V",0.70132697,-0.09687044098973274,2,2J0T_A_D
2J0T_CD70S,4.308547,3.459541082382202,1,2J0T_A_D
2J12_SA116A,0.9535147,-0.06341728568077087,1,2J12_A_B
2J1K_RC155A,0.051550064,-0.102989062666893,1,2J1K_C_T
2J1K_GC10D,0.1837519,-1.9005725383758545,1,2J1K_C_T
2J1K_RC24A,0.76484615,1.172633409500122,1,2J1K_C_T
2J8U_AA66K,-0.72839123,-0.06391964852809906,1,2J8U_ABC_EF
2J8U_AA66K,-1.1528584,-0.06391964852809906,1,2J8U_ABC_EF
2JCC_AA167W,-0.298805,-0.1235918402671814,1,2JCC_ABC_EF
2JEL_FP2Y,0.0,0.013944543898105621,1,2JEL_LH_P
2JEL_FP2W,2.6203253,0.20071201026439667,1,2JEL_LH_P
2JEL_QP3K,4.092513,0.870901882648468,1,2JEL_LH_P
2JEL_QP4K,1.3641711,0.07310707867145538,1,2JEL_LH_P
2JEL_EP5D,0.41065642,-0.40088900923728943,1,2JEL_LH_P
2JEL_EP5Q,0.71329606,-0.10925090312957764,1,2JEL_LH_P
2JEL_VP6F,0.0,-0.014121649786829948,1,2JEL_LH_P
2JEL_TP7N,0.41065642,0.30755773186683655,1,2JEL_LH_P
2JEL_TP7S,0.0,0.37844663858413696,1,2JEL_LH_P
2JEL_PP11E,0.0,-0.1560571789741516,1,2JEL_LH_P
2JEL_NP12D,0.0,-0.05851909518241882,1,2JEL_LH_P
2JEL_RP17G,0.0,-0.03728344291448593,1,2JEL_LH_P
2JEL_RP17K,0.0,0.05402730405330658,1,2JEL_LH_P
2JEL_KP24E,0.0,-0.026281896978616714,1,2JEL_LH_P
2JEL_KP27E,0.0,-0.056296125054359436,1,2JEL_LH_P
2JEL_TP34N,6.8208556,0.0649518370628357,1,2JEL_LH_P
2JEL_TP34Q,0.0,0.4368577301502228,1,2JEL_LH_P
2JEL_TP36Q,0.41065642,0.47958868741989136,1,2JEL_LH_P
2JEL_NP38T,0.0,0.5623778104782104,1,2JEL_LH_P
2JEL_SP41C,1.4963729,0.18172889947891235,1,2JEL_LH_P
2JEL_SP43C,0.0,0.8637626767158508,1,2JEL_LH_P
2JEL_SP46C,0.0,0.2331376075744629,1,2JEL_LH_P
2JEL_QP57E,-0.41065642,0.22786101698875427,1,2JEL_LH_P
2JEL_TP62N,0.0,0.08966843038797379,1,2JEL_LH_P
2JEL_TP62A,0.0,0.4127196669578552,1,2JEL_LH_P
2JEL_SP64T,4.092513,0.060036517679691315,1,2JEL_LH_P
2JEL_EP66K,4.092513,0.23789046704769135,1,2JEL_LH_P
2JEL_EP68A,0.41065642,0.09516945481300354,1,2JEL_LH_P
2JEL_DP69E,0.9535147,0.22549811005592346,1,2JEL_LH_P
2JEL_EP70K,4.092513,1.1486586332321167,1,2JEL_LH_P
2JEL_EP70A,2.7283423,0.23273375630378723,1,2JEL_LH_P
2JEL_QP71E,2.7283423,1.0312962532043457,1,2JEL_LH_P
2JEL_KP72R,0.0,0.0927208960056305,1,2JEL_LH_P
2JEL_KP72E,0.41065642,0.07860900461673737,1,2JEL_LH_P
2JEL_EP75R,2.7283423,0.9498039484024048,1,2JEL_LH_P
2JEL_HP76D,-0.65087503,0.1907280683517456,1,2JEL_LH_P
2JEL_HP76A,-0.41065642,0.08267688006162643,1,2JEL_LH_P
2JEL_KP79E,0.41065642,0.04331601411104202,1,2JEL_LH_P
2JEL_AP82S,0.0,0.0514858216047287,1,2JEL_LH_P
2JEL_EP83A,0.0,0.33837631344795227,1,2JEL_LH_P
2JEL_EP85Q,0.0,0.14169594645500183,1,2JEL_LH_P
2JEL_EP85D,0.0,0.05913165956735611,1,2JEL_LH_P
2JEL_EP85A,0.0,0.2797437608242035,1,2JEL_LH_P
2JEL_EP85K,0.0,0.18732312321662903,1,2JEL_LH_P
2KSO_KA10D,0.33154547,0.0365547239780426,1,2KSO_A_B
2KSO_KA49D,1.3409348,0.7247586846351624,1,2KSO_A_B
2KSO_KA49E,1.3409348,0.5681471228599548,1,2KSO_A_B
"2KSO_KA10D,DB25K",0.38742003,0.2080438993871212,2,2KSO_A_B
"2KSO_KA10E,EB27K",0.6432304,0.32379181683063507,2,2KSO_A_B
"2KSO_KA49D,DB36K",0.17610726,0.47372351586818695,2,2KSO_A_B
2KSO_RA43E,-0.6623793,0.17968250811100006,1,2KSO_A_B
"2KSO_RA43E,HB20R",-0.82131284,-0.051385313272476196,2,2KSO_A_B
"2KSO_RA43E,HB20E",0.45456183,-0.0349743589758873,2,2KSO_A_B
2KSO_HB20E,-0.15543823,-0.24963068962097168,1,2KSO_A_B
"2NOJ_RB24A,NB31A",0.74867684,1.2379348874092102,2,2NOJ_A_B
2NU0_WI13L,-1.865208,-1.3046541213989258,1,2NU0_E_I
2NU1_HI13L,-1.7138757,-3.164487361907959,1,2NU1_E_I
2NU2_RI13L,-3.3669553,-3.0701398849487305,1,2NU2_E_I
2NU4_KI13L,-3.182076,-3.136505126953125,1,2NU4_E_I
"2NY7_WG13M,SG92T,WG181S,MG231A,CG14W,CG110V,CG27I,CG226Q",-0.30372572,1.4850399270653725,8,2NY7_HL_G
"2NY7_WG13M,MG231A,CG14W,CG110V,CG27I,CG226Q",0.44924834,1.7965294023354847,6,2NY7_HL_G
"2NY7_KG66C,EG103C,WG13M,MG231A,CG14W,CG110V,CG27I,CG226Q",0.30002972,1.3712500045076013,8,2NY7_HL_G
"2NY7_WG13M,MG231A,CG14W,CG110V",1.1579517,1.7041228860616684,4,2NY7_HL_G
"2NY7_KG66C,EG102C,WG13M,MG231A,CG14W,CG110V,CG27I,CG226Q",0.39998132,1.3605411888856906,8,2NY7_HL_G
"2NY7_GG229C,WG13M,MG231A,CG14W,CG110V,CG27I,CG226Q",0.21472095,1.6777888962200709,7,2NY7_HL_G
"2NY7_CG27I,CG226Q,MG231A",0.2032833,1.5453301072120667,3,2NY7_HL_G
"2NY7_CG27I,CG226Q",0.1998085,1.9813424348831177,2,2NY7_HL_G
"2NY7_WG13M,MG231A,CG14W,CG110V,KG66C,EG102C",0.55126196,1.1536074402198817,6,2NY7_HL_G
"2NY7_KG66C,EG102C,CG27I,CG226Q",0.04087496,1.016959491709713,4,2NY7_HL_G
"2NY7_GG229C,MG231A",-0.37896696,0.8193256556987762,2,2NY7_HL_G
2NYY_SA874A,-0.2319818,0.010566696524620056,1,2NYY_DC_A
2NYY_KA875A,0.29308376,0.10238206386566162,1,2NYY_DC_A
2NYY_QA887A,0.52456826,0.1088361144065857,1,2NYY_DC_A
2NYY_FA889A,0.42238852,0.04074408859014511,1,2NYY_DC_A
2NYY_NA890A,0.89685833,2.3842732906341553,1,2NYY_DC_A
2NYY_LA891A,2.6078725,2.6589114665985107,1,2NYY_DC_A
2NYY_EA892A,2.8595953,3.2581775188446045,1,2NYY_DC_A
2NYY_KA895A,-0.14115594,0.04170425236225128,1,2NYY_DC_A
2NYY_FA925A,4.0877547,3.5389316082000732,1,2NYY_DC_A
2NYY_NA926A,0.10006427,0.1076311394572258,1,2NYY_DC_A
2NYY_SA927A,0.0,0.009483985602855682,1,2NYY_DC_A
2NYY_IA928A,-0.009555885,0.56122225522995,1,2NYY_DC_A
2NYY_KA1028A,-0.029142858,0.02742650732398033,1,2NYY_DC_A
2NYY_DA1030A,0.009404197,0.3822646737098694,1,2NYY_DC_A
2NYY_RA1033A,0.8260336,0.21346688270568848,1,2NYY_DC_A
2NYY_DA1034A,2.5480273,2.845759391784668,1,2NYY_DC_A
2NYY_TA1035A,1.6426257,2.3167924880981445,1,2NYY_DC_A
2NYY_HA1036A,7.3721843,5.901679039001465,1,2NYY_DC_A
2NYY_RA1266A,0.30169097,0.59671550989151,1,2NYY_DC_A
2NYY_MD33Q,-0.06030136,0.9116104245185852,1,2NYY_DC_A
2NYY_KD29R,0.07190048,-0.18123799562454224,1,2NYY_DC_A
2NYY_YD30D,0.06509061,0.18276724219322205,1,2NYY_DC_A
2NYY_YD30Q,0.12990403,1.4296854734420776,1,2NYY_DC_A
2NYY_YD56Q,0.52343184,0.05795011669397354,1,2NYY_DC_A
2NYY_SC28Q,0.41636226,0.07117441296577454,1,2NYY_DC_A
2NYY_DC30Y,0.6457566,1.3852882385253906,1,2NYY_DC_A
2NYY_SC31N,-0.35592967,-0.009063981473445892,1,2NYY_DC_A
2NYY_HC34R,0.10161182,0.21375584602355957,1,2NYY_DC_A
2NYY_VD36I,-0.21470793,0.23546114563941956,1,2NYY_DC_A
2NYY_ED5Q,-0.24977449,-0.566373348236084,1,2NYY_DC_A
"2NYY_VD36I,ED5Q",-0.0493996,-0.1654563695192337,2,2NYY_DC_A
"2NYY_KD29S,YD30D,DD31H,SD60P",0.049968082,-0.14819540083408356,4,2NYY_DC_A
2NZ9_SA874A,-0.12034162,-0.1691988855600357,1,2NZ9_DC_A
2NZ9_KA875A,0.5445982,1.4761061668395996,1,2NZ9_DC_A
2NZ9_QA887A,0.099975966,0.48626193404197693,1,2NZ9_DC_A
2NZ9_FA889A,-0.049968082,0.7755515575408936,1,2NZ9_DC_A
2NZ9_NA890A,2.1756003,0.7494330406188965,1,2NZ9_DC_A
2NZ9_LA891A,2.2963977,2.630795955657959,1,2NZ9_DC_A
2NZ9_EA892A,2.7903275,2.441396951675415,1,2NZ9_DC_A
2NZ9_KA895A,-0.30191407,-0.04171758517622948,1,2NZ9_DC_A
2NZ9_FA925A,3.3645155,3.8098976612091064,1,2NZ9_DC_A
2NZ9_NA926A,-0.15326409,0.1477457731962204,1,2NZ9_DC_A
2NZ9_SA927A,-0.079110935,-0.0319727398455143,1,2NZ9_DC_A
2NZ9_IA928A,0.0697808,0.4055389165878296,1,2NZ9_DC_A
2NZ9_KA1028A,-0.008777227,-0.3284291625022888,1,2NZ9_DC_A
2NZ9_DA1030A,-0.031306632,-0.07434697449207306,1,2NZ9_DC_A
2NZ9_RA1033A,0.2929775,0.9005091190338135,1,2NZ9_DC_A
2NZ9_DA1034A,2.356466,2.5622787475585938,1,2NZ9_DC_A
2NZ9_TA1035A,2.3874667,1.50996732711792,1,2NZ9_DC_A
2NZ9_HA1036A,7.473181,8.108915328979492,1,2NZ9_DC_A
2NZ9_RA1266A,0.39296997,0.08942440897226334,1,2NZ9_DC_A
"2NZ9_SD29K,DD30Y,HD31D",-0.049968082,0.11308519542217255,3,2NZ9_DC_A
2O3B_EB24A,5.474915,0.9524750709533691,1,2O3B_A_B
2O3B_EB24D,0.59932494,-0.19240139424800873,1,2O3B_A_B
2O3B_EB24Q,5.3983636,0.11304792761802673,1,2O3B_A_B
2O3B_QB74A,3.2329645,0.17373695969581604,1,2O3B_A_B
2O3B_DB75E,5.437875,-0.7698409557342529,1,2O3B_A_B
2O3B_DB75N,5.903258,0.21774956583976746,1,2O3B_A_B
2O3B_WB76A,4.073704,1.680909276008606,1,2O3B_A_B
"2O3B_QB74A,WB76A",5.7556095,0.9273231327533722,2,2O3B_A_B
2OI9_FQ5R,3.1007626,2.918997287750244,1,2OI9_AQ_BC
2OOB_KA7E,-0.17829986,-0.17063064873218536,1,2OOB_A_B
"2OOB_AA6S,KA7E",0.1611608,-0.07967179082334042,2,2OOB_A_B
2OOB_AA9E,3.1033604,1.5664770603179932,1,2OOB_A_B
2OOB_GA13S,0.23536395,-0.26117730140686035,1,2OOB_A_B
"2OOB_AA9E,GA13S",3.1033604,0.6526495516300201,2,2OOB_A_B
"2OOB_AA6S,KA7E,AA9E,GA13S",3.1033604,0.28648888040333986,4,2OOB_A_B
"2OOB_IA27E,IA38E",0.2842834,1.0715981423854828,2,2OOB_A_B
"2P5E_TD52P,PD53F,AE49S,IE50V,QE51G,TE52M,LD96T,LD97S,DD98G,TD100S,LE94V",1.9627051,0.4823694493282925,11,2P5E_ABC_DE
"2P5E_TD52Q,PD53S,WD54S,AE49G,IE50A,QE51G",4.409873,0.739760085940361,6,2P5E_ABC_DE
"2P5E_TD52Q,PD53S,WD54S,AE49G,IE50A,QE51G,TE52I,LD96T,LD97S,DD98G,TD100S,LE94V",7.955882,0.6794079324851433,12,2P5E_ABC_DE
"2P5E_YD32D,TD52Q,PD53S,WD54S,AE49G,IE50A,QE51G,TE52I,LD96T,LD97S,DD98G,TD100S,LE94V",7.7780848,0.8790091900871351,13,2P5E_ABC_DE
2P5E_YD32D,7.607647,3.2742257118225098,1,2P5E_ABC_DE
2PCB_EA291Q,-0.056525953,0.3496149182319641,1,2PCB_A_B
2PCB_EA32Q,0.60575306,0.37542515993118286,1,2PCB_A_B
2PCB_EA35Q,0.6760073,0.8018592596054077,1,2PCB_A_B
2PCB_AA193F,0.73367727,-0.8211295008659363,1,2PCB_A_B
2PCB_DA34N,0.82131284,-0.1689102053642273,1,2PCB_A_B
2PCB_EA290N,0.8710086,2.214811086654663,1,2PCB_A_B
2PCC_DA34A,-0.897048,1.2347584962844849,1,2PCC_A_B
2PCC_VA197A,2.1026816,1.6218875646591187,1,2PCC_A_B
2PCC_EA290A,6.2025547,0.03604310005903244,1,2PCC_A_B
2PCC_KB92A,0.90187097,0.9404049515724182,1,2PCC_A_B
"2PCC_KB92A,DA34A",0.2030121,1.0875831246376038,2,2PCC_A_B
"2PCC_KB92A,VA197A",1.5015024,1.2811464071273804,2,2PCC_A_B
2PCC_KB77A,0.30366912,-0.5545686483383179,1,2PCC_A_B
"2PCC_KB77A,VA197A",2.8009782,0.5336588025093079,2,2PCC_A_B
"2PCC_KB77A,EA290A",1.1021774,-0.25926319882273674,2,2PCC_A_B
2PCC_AB86G,1.9018551,0.6017144918441772,1,2PCC_A_B
"2PCC_AB86G,DA34A",-0.09780183,0.9182372093200684,2,2PCC_A_B
"2PCC_AB86G,VA197A",2.1026816,1.111800491809845,2,2PCC_A_B
"2PYE_QD52T,SD53P,SD54W,GE50A,AE51I,GE52Q",-4.409873,0.8523290380835533,6,2PYE_ABC_DE
"2PYE_QD52P,SD53F,SD54W,GE50S,AE51V,TE53M,LD96T,LD97S,DD98G,TD100S,LE95V",-2.4471679,0.6195195127617229,11,2PYE_ABC_DE
"2PYE_TE53I,LD96T,LD97S,DD98G,TD100S,LE95V",3.5460093,0.46210898955663043,6,2PYE_ABC_DE
"2PYE_YD32D,TE53I,LD96T,LD97S,DD98G,TD100S,LE95V",3.3682115,1.5564556632723128,7,2PYE_ABC_DE
"2PYE_YD32D,QD52T,SD53P,SD54W,GE50A,AE51I,GE52Q",3.1977737,1.8909299905811037,7,2PYE_ABC_DE
"2QJ9_RC57K,TC59S,IC61K,PC62A,HC63Q,QC64L,SC67T",-0.72998595,0.2435400230543954,7,2QJ9_AB_C
"2QJ9_AC43T,MC47L,KC48G,YC49L",-0.46220648,0.03160968795418739,4,2QJ9_AB_C
"2QJ9_AC43T,MC47L,KC48G,YC49L,GC11H,DC15E,AC30T,IC31M",0.42287236,0.008714400697499514,8,2QJ9_AB_C
"2QJA_TC43A,LC47M,GC48K,LC49Y",0.46220648,0.18699166644364595,4,2QJA_AB_C
"2QJA_RC57K,TC59S,IC61K,PC62A,HC63Q,QC64L,SC67T,TC43A,LC47M,GC48K,LC49Y",-0.26777947,0.10762181370095773,11,2QJA_AB_C
"2QJA_GC11H,DC15E,AC30T,IC31M",0.88507885,0.1121068848297,4,2QJA_AB_C
"2QJB_HC11G,EC15D,TC30A,MC31I",-0.88507885,-0.07173623889684677,4,2QJB_AB_C
"2QJB_TC43A,LC47M,GC48K,LC49Y,HC11G,EC15D,TC30A,MC31I",-0.42287236,0.013665736420080066,8,2QJB_AB_C
"2QJB_RC57K,TC59S,IC61K,PC62A,HC63Q,QC64L,SC67T,TC43A,LC47M,GC48K,LC49Y,HC11G,EC15D,TC30A,MC31I",-1.1528584,0.13558258588115374,15,2QJB_AB_C
2REX_LA70Y,0.5577501,0.5018695592880249,1,2REX_A_B
2REX_YB97F,0.0,0.1476021707057953,1,2REX_A_B
2SGP_PI13L,-8.445845,-5.342469692230225,1,2SGP_E_I
2SGQ_QI13L,-2.603541,-2.7607290744781494,1,2SGQ_E_I
2SIC_MI67E,0.7960983,3.4849681854248047,1,2SIC_E_I
2SIC_MI67D,0.7515321,4.606391906738281,1,2SIC_E_I
2SIC_MI67H,0.21785927,2.1501049995422363,1,2SIC_E_I
2SIC_MI67K,0.0,1.387107014656067,1,2SIC_E_I
2SIC_MI67R,0.0,2.003049612045288,1,2SIC_E_I
2SIC_MI67G,0.14522329,2.6111621856689453,1,2SIC_E_I
2SIC_MI67A,0.21785927,1.6347854137420654,1,2SIC_E_I
2SIC_MI67L,-0.24021861,-0.014927305281162262,1,2SIC_E_I
2SIC_MI67V,0.71329606,2.386239528656006,1,2SIC_E_I
2SIC_MI67I,1.6043897,2.7568345069885254,1,2SIC_E_I
2UWE_AA163T,0.40431997,0.06433230638504028,1,2UWE_ABC_EF
2VIR_SC115L,3.6818569,0.7933939099311829,1,2VIR_AB_C
2VIR_TC89I,4.913826,5.304410934448242,1,2VIR_AB_C
2VIS_IC89T,-4.913826,-5.473397731781006,1,2VIS_AB_C
2VLN_AB75N,-2.335586,-1.0995292663574219,1,2VLN_A_B
2VLO_AB95K,-1.9605148,-1.9492838382720947,1,2VLO_A_B
2VLP_AB54R,-1.6664472,-0.7856995463371277,1,2VLP_A_B
2VLQ_AB86F,-3.880681,-3.841770648956299,1,2VLQ_A_B
2VLR_AE95S,0.035205524,0.19173862040042877,1,2VLR_ABC_DE
2VLR_AE95S,0.0,0.19173862040042877,1,2VLR_ABC_DE
"2VN5_SB42A,TB43F",0.25581035,0.2893722224980593,2,2VN5_A_B
"2VN5_SB42A,TB43F,TA35A",0.30382338,0.6535971673826376,3,2VN5_A_B
"2VN5_SB42A,TB43F,NA37A",1.1865809,0.31194186334808666,3,2VN5_A_B
"2VN5_SB42A,TB43F,YA39A",1.2559173,1.1447434537112713,3,2VN5_A_B
"2VN5_SB42A,TB43F,SA66A",-0.08797912,0.27353127921621007,3,2VN5_A_B
"2VN5_SB42A,TB43F,SA75A",0.0,0.5284478776156902,3,2VN5_A_B
"2VN5_SB42A,TB43F,LA77A",3.1507308,0.7834616613884767,3,2VN5_A_B
"2VN5_SB42A,TB43F,LA79A",2.8461518,0.6973542484144369,3,2VN5_A_B
"2VN5_SB42A,TB43F,NA81A",0.59282637,0.46352242554227513,3,2VN5_A_B
"2VN5_SB42A,TB43F,IA83A",0.9193722,0.6706679376463095,3,2VN5_A_B
"2VN5_SB42A,TB43F,MA125G",1.5463411,0.5933193477491537,3,2VN5_A_B
"2VN5_SB42A,TB43F,KA127G",0.5062001,0.7004814259707928,3,2VN5_A_B
"2VN5_SB42A,TB43F,TA35A,NA37A",1.6314118,0.5794681617990136,4,2VN5_A_B
"2VN5_SB42A,TB43F,TA35A,NA37A,YA39A",3.6477144,1.03467171266675,5,2VN5_A_B
"2VN5_SB42A,TB43F,TA35A,NA37A,NA81A",3.0598876,0.6259390957653522,5,2VN5_A_B
"2VN5_SB42A,TB43F,TA35A,NA37A,YA39A,NA81A",5.046028,0.9975302324940761,6,2VN5_A_B
"2VN5_SB42A,TB43F,SA66A,SA68A,SA75A",0.1369226,0.3783808149397373,5,2VN5_A_B
"2VN5_SB42A,TB43F,LA77A,LA79A",5.73883,0.9659258211031556,4,2VN5_A_B
"2VN5_SB42A,TB43F,MA125G,KA127A",2.3420603,0.7706610942259431,4,2VN5_A_B
"2VN5_SB42A,TB43F,AB14S,LB15T",0.34823537,0.5012229913845658,4,2VN5_A_B
"2VN5_SB42A,TB43F,AB14Q,LB15Q",0.15086329,0.8073602253571153,4,2VN5_A_B
"2VN5_AB14S,LB15T",1.276192,0.7130737602710724,2,2VN5_A_B
"2VN5_SB42Q,TB43Q",0.93912244,0.22561629116535187,2,2VN5_A_B
"2VN5_SB42A,TB43F,FB17A,LB45A",4.963522,0.9705991828814149,4,2VN5_A_B
2WPT_DA30L,-3.4034023,-1.5941596031188965,1,2WPT_A_B
2WPT_NA31V,-0.897048,-2.4686028957366943,1,2WPT_A_B
2WPT_RA35T,-1.038295,-0.597440779209137,1,2WPT_A_B
2WPT_EA36H,0.038235974,0.763228714466095,1,2WPT_A_B
2WPT_RA39E,-0.37242046,0.17137476801872253,1,2WPT_A_B
"2WPT_NA31V,RA35T",-2.5882933,-1.533021867275238,2,2WPT_A_B
"2WPT_DA30L,NA31V,RA35T",-6.3360457,-1.5534005959828694,3,2WPT_A_B
"2WPT_NA31V,RA35T,RA39E",-3.2329645,-0.9648898045221964,3,2WPT_A_B
"2WPT_NA31V,RA35T,EA36H,RA39E",-2.9989495,-0.5328604280948639,4,2WPT_A_B
2WPT_EA27A,1.7339525,2.218446731567383,1,2WPT_A_B
2WPT_DA30A,-0.13220184,2.057166576385498,1,2WPT_A_B
2WPT_NA31A,-0.37987277,0.13177838921546936,1,2WPT_A_B
2WPT_VA34A,3.8093,1.7898286581039429,1,2WPT_A_B
2WPT_RA35A,-1.110931,0.11722956597805023,1,2WPT_A_B
2WPT_EA38A,4.5031695,2.1198277473449707,1,2WPT_A_B
2WPT_RA39A,-0.24021861,0.4847121834754944,1,2WPT_A_B
2WPT_SA47A,2.4257026,2.0500526428222656,1,2WPT_A_B
2WPT_DA48A,5.216466,6.492062091827393,1,2WPT_A_B
2WPT_YA51A,5.216466,4.34347677230835,1,2WPT_A_B
2WPT_YA52A,5.216466,4.663566589355469,1,2WPT_A_B
2WPT_PA53A,2.9276857,1.2227144241333008,1,2WPT_A_B
"2WPT_FB79A,DA30A",-0.13220184,2.7101091146469116,2,2WPT_A_B
"2WPT_FB79A,NA31A",1.3522019,1.747413620352745,2,2WPT_A_B
"2WPT_FB79A,VA34A",3.112753,2.576438784599304,2,2WPT_A_B
2WPT_RB47A,1.1343427,1.9465408325195312,1,2WPT_A_B
2WPT_NB65A,0.91782534,1.1378103494644165,1,2WPT_A_B
2WPT_SB67A,-0.8493079,-0.26511460542678833,1,2WPT_A_B
2WPT_NB68A,1.2376387,2.7898142337799072,1,2WPT_A_B
2WPT_SB70A,-0.61164296,-0.1681233048439026,1,2WPT_A_B
2WPT_SB71A,-0.14954314,-0.08157677203416824,1,2WPT_A_B
2WPT_SB77A,-0.09360993,-0.27072423696517944,1,2WPT_A_B
2WPT_FB79A,1.1701808,3.3630499839782715,1,2WPT_A_B
2WPT_TB80A,0.52622044,-0.22112274169921875,1,2WPT_A_B
2WPT_QB85A,0.90013885,0.49330246448516846,1,2WPT_A_B
2WPT_KB90A,0.49740836,1.1106369495391846,1,2WPT_A_B
2WPT_VB91A,0.11930191,1.0553839206695557,1,2WPT_A_B
2WPT_RB47A,0.6100001,1.9465408325195312,1,2WPT_A_B
2WPT_NB65A,0.48480958,1.1378103494644165,1,2WPT_A_B
2WPT_SB67A,0.58109426,-0.26511460542678833,1,2WPT_A_B
2WPT_NB68A,1.2655585,2.7898142337799072,1,2WPT_A_B
2WPT_SB70A,-0.30263966,-0.1681233048439026,1,2WPT_A_B
2WPT_SB71A,-0.04087496,-0.08157677203416824,1,2WPT_A_B
2WPT_SB77A,-0.04087496,-0.27072423696517944,1,2WPT_A_B
2WPT_FB79A,0.9455622,3.3630499839782715,1,2WPT_A_B
2WPT_TB80A,0.22690453,-0.22112274169921875,1,2WPT_A_B
2WPT_QB85A,-0.13220184,0.49330246448516846,1,2WPT_A_B
2WPT_KB90A,0.8012278,1.1106369495391846,1,2WPT_A_B
2WPT_VB91A,0.41065642,1.0553839206695557,1,2WPT_A_B
"2WPT_EA14Q,FA15L,KA17T,KA18T,RA21N,EA23D,GA24T,AA25S,TA26S,DA29E,DA30L,NA31V,RA35T,EA36H,RA39E,LA40M,DA45S,RA54K,DA55E,DA56G,RA57D,EA58D,EA62S,KA66N,EA67T,IA68V,EA70Q",-8.058495,0.0997292595329108,27,2WPT_A_B
"2WPT_EA14Q,FA15L,KA17T,KA18T,RA21N,EA23D,GA24T,AA25S,TA26S",-0.06827136,0.16938034445047379,9,2WPT_A_B
"2WPT_DA29E,DA30L,NA31V,RA35T,EA36H,RA39E,LA40M,DA45S,RA54K,DA55E,DA56G,RA57D,EA58D",-5.2018695,-0.1254185478274639,13,2WPT_A_B
"2WPT_DA29E,DA30L,NA31V,RA35T,EA36H,RA39E,LA40M",-6.3544655,-0.4821639880537987,7,2WPT_A_B
"2WPT_EA23D,GA24T,AA25S,TA26S,DA29E,DA30L,NA31V,RA35T,EA36H,RA39E,LA40M",-6.6354938,-0.23605440150607715,11,2WPT_A_B
"2WPT_KA17T,KA18T,RA21N,EA23D,GA24T,AA25S,TA26S,DA29E,DA30L,NA31V,RA35T,EA36H,RA39E,LA40M",-8.267023,-0.1398377993277141,14,2WPT_A_B
"2WPT_EA14Q,FA15L,KA17T,KA18T,RA21N,EA23D,GA24T,AA25S,TA26S,DA29E,DA30L,NA31V,RA35T,EA36H,RA39E,LA40M",-8.575867,-0.11567030102014542,16,2WPT_A_B
"2WPT_EA14Q,FA15L,KA17T,KA18T,RA21N,EA23D,GA24T,AA25S,TA26S,DA29E,DA30L,NA31V,RA35T,EA36H,RA39E,LA40M,DA45S,RA54K,DA55E,DA56G,RA57D,EA58D",-7.9793835,-0.004819000986489383,22,2WPT_A_B
2WPT_DA30A,-1.4202045,2.057166576385498,1,2WPT_A_B
2WPT_FB79A,2.6683247,3.3630499839782715,1,2WPT_A_B
"2WPT_DA30A,FB79A",-0.16468582,2.7101091146469116,2,2WPT_A_B
2WPT_NA31A,-0.1385577,0.13177838921546936,1,2WPT_A_B
2WPT_SB77A,-0.08617144,-0.27072423696517944,1,2WPT_A_B
"2WPT_SB77A,NA31A",-0.43725476,-0.06947362422943115,2,2WPT_A_B
3AAA_KA248A,2.4881237,-0.11195981502532959,1,3AAA_AB_C
3AAA_KA248E,3.450042,-0.320661723613739,1,3AAA_AB_C
3AAA_RA252A,3.0476718,1.9630905389785767,1,3AAA_AB_C
3AAA_RA252E,4.0011864,1.7676290273666382,1,3AAA_AB_C
3AAA_RA258A,2.2457852,0.5993226766586304,1,3AAA_AB_C
3AAA_RA258E,3.5635958,0.8812172412872314,1,3AAA_AB_C
"3AAA_KA248A,RA258A",4.7972846,0.2436816170811653,2,3AAA_AB_C
3AAA_WC7A,3.3885474,1.258513331413269,1,3AAA_AB_C
3AAA_DC43A,5.1251388,-0.16322588920593262,1,3AAA_AB_C
3AAA_EC77A,1.9660553,0.05243385210633278,1,3AAA_AB_C
3AAA_EC77R,4.092513,-0.09651893377304077,1,3AAA_AB_C
3B4V_LC16E,0.82131284,1.3667124509811401,1,3B4V_AB_C
3B4V_LC49E,4.1333885,2.940917730331421,1,3B4V_AB_C
3B4V_FC52E,3.8812006,3.069434642791748,1,3B4V_AB_C
3B4V_LC53E,4.092513,4.284201145172119,1,3B4V_AB_C
3B4V_LC49A,3.5805726,2.5665881633758545,1,3B4V_AB_C
3B4V_FC52A,3.8501751,2.3036839962005615,1,3B4V_AB_C
3B4V_LC53A,3.393158,2.6223573684692383,1,3B4V_AB_C
"3BDY_DL28N,PL30A,RL31K,SL32T,YL57F,TL97S,TL98S",-0.97359973,0.009972899087837763,7,3BDY_HL_V
"3BDY_DL28N,PL30A,RL31K,SL32T,YL57F,TL97S,TL98S,KH31S,DH32G,TH55S,NH56E,GH101V,DH103V",-2.7283423,0.12031000852584839,13,3BDY_HL_V
"3BDY_DL28N,PL30A,RL31K,SL32T,TL97S,TL98S",-0.9535147,0.0481609341998895,6,3BDY_HL_V
"3BDY_DL28N,PL30A,RL31K,SL32T,TL97S,TL98S,KH31S,DH32G,TH55S,NH56E,GH101V,DH103V",-2.6718755,0.14859878520170847,12,3BDY_HL_V
"3BDY_DL28N,PL30A,RL31K,SL32T,TL97S,TL98S,KH31S,DH32G,TH55S,NH56E,GH101V,DH103V,RH51A,RH60A",-2.7283423,0.4973755351134709,14,3BDY_HL_V
"3BE1_DL28N,PL30A,RL31K,SL32T,YL57F,TL97S,TL98S",-0.8687343,0.14373220822640828,7,3BE1_HL_A
"3BE1_DL28N,PL30A,RL31K,SL32T,YL57F,TL97S,TL98S,KH30S,DH31G,TH54S,NH55E,GH100V,DH102V",-2.8837805,0.20142480387137487,13,3BE1_HL_A
"3BE1_DL28N,PL30A,RL31K,SL32T,TL97S,TL98S",-0.6750601,0.20059238001704216,6,3BE1_HL_A
"3BE1_DL28N,PL30A,RL31K,SL32T,TL97S,TL98S,KH30S,DH31G,TH54S,NH55E,GH100V,DH102V",-2.7283423,0.234662606070439,12,3BE1_HL_A
"3BE1_DL28N,PL30A,RL31K,SL32T,TL97S,TL98S,KH30S,DH31G,TH54S,NH55E,GH100V,DH102V,YL36A",-3.1389987,0.3857526538463739,13,3BE1_HL_A
"3BE1_DL28N,PL30A,RL31K,SL32T,TL97S,TL98S,KH30S,DH31G,TH54S,NH55E,GH100V,DH102V,YL36A,IL33A",-2.7283423,0.42884660937956404,14,3BE1_HL_A
3BK3_LC2A,0.0,-0.06676784157752991,1,3BK3_A_C
3BK3_LC2R,0.026335536,-0.3089132606983185,1,3BK3_A_C
3BK3_IC3A,1.038654,1.089301347732544,1,3BK3_A_C
3BK3_IC3R,0.65087503,1.4965534210205078,1,3BK3_A_C
3BK3_TC4P,0.48639154,0.3990139067173004,1,3BK3_A_C
3BK3_TC6P,1.7430197,0.6819362044334412,1,3BK3_A_C
3BK3_IC19A,0.48639154,1.7430311441421509,1,3BK3_A_C
3BK3_IC19R,0.42397052,2.295414447784424,1,3BK3_A_C
3BK3_IC22A,1.3077044,1.5340229272842407,1,3BK3_A_C
3BK3_IC22R,2.1215649,1.9615155458450317,1,3BK3_A_C
3BK3_IC28A,1.261516,1.5037450790405273,1,3BK3_A_C
3BK3_IC28R,1.1755025,0.7912639379501343,1,3BK3_A_C
3BK3_AC37R,1.3827282,0.048252422362565994,1,3BK3_A_C
3BN9_QB23A,-0.4154928,0.0704103335738182,1,3BN9_B_CD
3BN9_IB26A,0.0,0.33170291781425476,1,3BN9_B_CD
3BN9_IB45A,0.83558947,1.1779870986938477,1,3BN9_B_CD
3BN9_DB46A,0.42257738,0.6705794930458069,1,3BN9_B_CD
3BN9_DB47A,0.31124684,1.1640793085098267,1,3BN9_B_CD
3BN9_RB48A,-0.045018002,0.07672550529241562,1,3BN9_B_CD
3BN9_FB50A,-0.045018002,-0.1211264580488205,1,3BN9_B_CD
3BN9_RB51A,-0.071589805,0.309816837310791,1,3BN9_B_CD
3BN9_YB52A,0.018960081,0.5488225817680359,1,3BN9_B_CD
3BN9_RB82A,-0.15930416,0.248988538980484,1,3BN9_B_CD
3BN9_FB89A,0.63952816,1.8305712938308716,1,3BN9_B_CD
3BN9_NB90A,0.77369064,1.2654582262039185,1,3BN9_B_CD
3BN9_DB91A,6.69821,2.423490524291992,1,3BN9_B_CD
3BN9_FB92A,6.69821,2.5953001976013184,1,3BN9_B_CD
3BN9_TB93A,1.1325597,1.0971821546554565,1,3BN9_B_CD
3BN9_HB138A,0.0851014,0.49231773614883423,1,3BN9_B_CD
3BN9_QB140A,0.13316439,0.4459311366081238,1,3BN9_B_CD
3BN9_YB141A,1.0851382,0.8437349796295166,1,3BN9_B_CD
3BN9_TB144A,0.29096535,0.13296857476234436,1,3BN9_B_CD
3BN9_LB147A,0.3363427,0.3520420491695404,1,3BN9_B_CD
3BN9_EB163A,0.37338302,0.49605700373649597,1,3BN9_B_CD
3BN9_QB168A,-0.03471423,0.42712679505348206,1,3BN9_B_CD
3BN9_QB169A,2.5101082,0.1567140817642212,1,3BN9_B_CD
3BN9_DB214A,0.566465,1.2263565063476562,1,3BN9_B_CD
3BN9_QB218A,0.7060266,0.16090860962867737,1,3BN9_B_CD
3BN9_RB219A,-0.09374013,-0.005792692303657532,1,3BN9_B_CD
3BN9_KB221A,0.7853204,0.3710031807422638,1,3BN9_B_CD
3BN9_TD28R,0.33305493,0.3077177107334137,1,3BN9_B_CD
3BN9_SD30G,1.186638,0.5503655672073364,1,3BN9_B_CD
3BN9_SD30N,1.1460179,0.9444757103919983,1,3BN9_B_CD
3BN9_TD102Q,-0.021546083,-0.8342700004577637,1,3BN9_B_CD
3BN9_TD102R,-0.058321018,-1.0065916776657104,1,3BN9_B_CD
3BN9_YD103S,0.45889112,0.9477747678756714,1,3BN9_B_CD
3BN9_PD104H,2.4283416,0.29897844791412354,1,3BN9_B_CD
3BN9_QD105V,1.2246509,0.5309343934059143,1,3BN9_B_CD
3BP8_FA115A,0.7089873,1.6973230838775635,1,3BP8_A_C
3BP8_AC51F,0.61549425,0.5155494809150696,1,3BP8_A_C
"3BP8_FA115A,AC51F",-0.7745522,1.1064370572566986,2,3BP8_A_C
3BT1_RU135A,-0.28764006,0.23724129796028137,1,3BT1_A_U
3BT1_KU137A,0.6742783,0.3471622169017792,1,3BT1_A_U
3BT1_RU140A,0.36323497,0.5940653681755066,1,3BT1_A_U
3BT1_HU141A,0.66162765,1.4639265537261963,1,3BT1_A_U
3BT1_RU143A,0.4203425,0.5934797525405884,1,3BT1_A_U
3BT1_LU1A,0.34248337,0.5193317532539368,1,3BT1_A_U
3BT1_RU2A,0.09499532,0.32079818844795227,1,3BT1_A_U
3BT1_MU4A,0.037430465,1.014001727104187,1,3BT1_A_U
3BT1_QU5A,0.061131705,0.11137117445468903,1,3BT1_A_U
3BT1_KU7A,0.27360502,0.06109511852264404,1,3BT1_A_U
3BT1_TU8A,0.17684276,0.9501545429229736,1,3BT1_A_U
3BT1_NU9A,0.30520993,0.5146783590316772,1,3BT1_A_U
3BT1_GU10A,0.26543313,0.9928513765335083,1,3BT1_A_U
3BT1_DU11A,-0.026335536,0.012318376451730728,1,3BT1_A_U
3BT1_RU13A,0.27360502,0.21160286664962769,1,3BT1_A_U
3BT1_VU14A,0.2816657,0.8362736701965332,1,3BT1_A_U
3BT1_EU15A,0.1165414,0.44505006074905396,1,3BT1_A_U
3BT1_EU16A,0.08392113,0.052677493542432785,1,3BT1_A_U
3BT1_AU18S,0.072635986,-0.29627537727355957,1,3BT1_A_U
3BT1_LU19A,0.17684276,-0.008091680705547333,1,3BT1_A_U
3BT1_GU20A,0.0,0.2809787690639496,1,3BT1_A_U
3BT1_QU21A,0.3128546,-0.02182692289352417,1,3BT1_A_U
3BT1_DU22A,0.23156951,0.653015673160553,1,3BT1_A_U
3BT1_LU23A,0.460056,0.33363333344459534,1,3BT1_A_U
3BT1_RU25A,1.0169652,0.2785440981388092,1,3BT1_A_U
3BT1_TU26A,0.1863222,0.22873476147651672,1,3BT1_A_U
3BT1_TU27A,0.91079694,0.2478676587343216,1,3BT1_A_U
3BT1_IU28A,0.072635986,1.365814447402954,1,3BT1_A_U
3BT1_VU29A,0.7158664,0.45027777552604675,1,3BT1_A_U
3BT1_RU30A,0.460056,1.2186369895935059,1,3BT1_A_U
3BT1_LU31A,0.3128546,0.45289871096611023,1,3BT1_A_U
3BT1_WU32A,-0.013021447,0.42448845505714417,1,3BT1_A_U
3BT1_EU33A,0.37754995,0.3998783826828003,1,3BT1_A_U
3BT1_EU34A,0.34248337,0.08170437812805176,1,3BT1_A_U
3BT1_GU35A,0.32040185,0.04829484596848488,1,3BT1_A_U
3BT1_EU36A,0.09499532,0.8701797723770142,1,3BT1_A_U
3BT1_EU37A,0.0493996,0.3896890878677368,1,3BT1_A_U
3BT1_LU38A,0.5218843,0.2806609570980072,1,3BT1_A_U
3BT1_EU39A,0.15741637,0.33441686630249023,1,3BT1_A_U
3BT1_LU40A,0.87071246,2.2699532508850098,1,3BT1_A_U
3BT1_VU41A,0.48896185,0.8996351957321167,1,3BT1_A_U
3BT1_EU42A,-0.19677335,0.4645790755748749,1,3BT1_A_U
3BT1_KU43A,0.2227923,0.30243563652038574,1,3BT1_A_U
3BT1_SU44A,0.2227923,0.04727906361222267,1,3BT1_A_U
3BT1_TU46A,0.460056,0.6198177337646484,1,3BT1_A_U
3BT1_HU47A,0.39101532,0.15422725677490234,1,3BT1_A_U
3BT1_SU48A,0.40418148,0.08733990788459778,1,3BT1_A_U
3BT1_EU49A,-0.026335536,0.056084826588630676,1,3BT1_A_U
3BT1_KU50A,0.6422259,0.8731167316436768,1,3BT1_A_U
3BT1_TU51A,0.71200675,0.09726068377494812,1,3BT1_A_U
3BT1_NU52Q,0.6334487,0.7998932600021362,1,3BT1_A_U
3BT1_RU53A,0.8882246,-0.07553684711456299,1,3BT1_A_U
3BT1_TU54A,0.39101532,0.5172532200813293,1,3BT1_A_U
3BT1_LU55A,1.110931,0.03774973750114441,1,3BT1_A_U
3BT1_SU56A,0.0493996,0.2992205321788788,1,3BT1_A_U
3BT1_YU57A,1.2005628,2.305079936981201,1,3BT1_A_U
3BT1_RU58A,-0.06817305,-0.06543076783418655,1,3BT1_A_U
3BT1_TU59A,0.5530732,0.8287909030914307,1,3BT1_A_U
3BT1_GU60A,0.29746535,0.9907677173614502,1,3BT1_A_U
3BT1_LU61A,-0.12899071,0.0496823824942112,1,3BT1_A_U
3BT1_KU62A,0.41706136,0.03871447965502739,1,3BT1_A_U
3BT1_IU63A,0.1165414,0.638746976852417,1,3BT1_A_U
3BT1_TU64A,0.6593997,0.5341423749923706,1,3BT1_A_U
3BT1_SU65A,0.3128546,0.060119207948446274,1,3BT1_A_U
3BT1_LU66A,1.3769125,1.3342537879943848,1,3BT1_A_U
3BT1_TU67A,0.1863222,-0.23624493181705475,1,3BT1_A_U
3BT1_EU68A,0.0493996,1.6468180418014526,1,3BT1_A_U
3BT1_VU69A,0.2227923,0.038706522434949875,1,3BT1_A_U
3BT1_VU70A,0.14745896,0.5033979415893555,1,3BT1_A_U
3BT1_GU72A,0.24021861,-0.042345840483903885,1,3BT1_A_U
3BT1_LU73A,0.23156951,0.257721871137619,1,3BT1_A_U
3BT1_DU74A,0.30520993,0.29043760895729065,1,3BT1_A_U
3BT1_LU75A,0.5165227,0.7672193050384521,1,3BT1_A_U
3BT1_QU78A,0.24021861,-0.19118236005306244,1,3BT1_A_U
3BT1_GU79A,0.2227923,0.35428914427757263,1,3BT1_A_U
3BT1_NU80A,0.20483783,-0.14852944016456604,1,3BT1_A_U
3BT1_SU81A,0.25714695,0.2134094387292862,1,3BT1_A_U
3BT1_GU82A,0.09499532,-0.0685260072350502,1,3BT1_A_U
3BT1_VU83A,0.2816657,-0.15819665789604187,1,3BT1_A_U
3BT1_TU84A,-0.08280224,-0.15617404878139496,1,3BT1_A_U
3BT1_YU85A,0.24874325,0.5916702747344971,1,3BT1_A_U
3BT1_SU86A,0.24021861,-0.16696321964263916,1,3BT1_A_U
3BT1_RU87A,0.24021861,0.4055121839046478,1,3BT1_A_U
3BT1_SU88A,0.19565234,-0.0861261636018753,1,3BT1_A_U
3BT1_RU89A,0.2816657,0.38181743025779724,1,3BT1_A_U
3BT1_YU90A,0.17684276,1.0704128742218018,1,3BT1_A_U
3BT1_LU91A,-0.16191317,0.7696676254272461,1,3BT1_A_U
3BT1_EU92A,0.20483783,0.2891508936882019,1,3BT1_A_U
3BT1_IU94A,0.1863222,-0.02541159838438034,1,3BT1_A_U
3BT1_SU95A,0.87071246,0.8982723951339722,1,3BT1_A_U
3BT1_GU97A,-0.6638965,-0.4246307909488678,1,3BT1_A_U
3BT1_SU98A,1.1565268,0.6490897536277771,1,3BT1_A_U
3BT1_SU99A,0.29746535,0.3349807858467102,1,3BT1_A_U
3BT1_DU100A,1.6920253,0.2807328999042511,1,3BT1_A_U
3BT1_MU101A,0.41065642,0.07175695896148682,1,3BT1_A_U
3BT1_SU102A,0.6109193,0.3834199011325836,1,3BT1_A_U
3BT1_EU104A,0.8148379,0.7974658012390137,1,3BT1_A_U
3BT1_RU105A,0.40418148,0.11932350695133209,1,3BT1_A_U
3BT1_RU107A,0.26543313,0.27021998167037964,1,3BT1_A_U
3BT1_HU108A,0.41706136,0.5149039030075073,1,3BT1_A_U
3BT1_QU109A,0.08392113,0.14848299324512482,1,3BT1_A_U
3BT1_SU110A,0.24874325,0.10391281545162201,1,3BT1_A_U
3BT1_LU111A,1.4646269,1.2240016460418701,1,3BT1_A_U
3BT1_QU112A,-0.12899071,-0.14646124839782715,1,3BT1_A_U
3BT1_RU114A,0.21388307,0.38442936539649963,1,3BT1_A_U
3BT1_SU115A,0.012741394,0.3343489170074463,1,3BT1_A_U
3BT1_PU116A,-0.25324005,0.4105929136276245,1,3BT1_A_U
3BT1_EU117A,-0.294115,0.17430073022842407,1,3BT1_A_U
3BT1_EU118A,0.0,1.7279281616210938,1,3BT1_A_U
3BT1_QU119A,-0.06817305,-0.306897908449173,1,3BT1_A_U
3BT1_LU121A,0.460056,0.3223065435886383,1,3BT1_A_U
3BT1_DU122A,0.78820634,0.5837206840515137,1,3BT1_A_U
3BT1_VU123A,0.78820634,0.7736647129058838,1,3BT1_A_U
3BT1_VU124A,0.74587035,0.7832711338996887,1,3BT1_A_U
3BT1_TU125A,1.0029143,1.096342921257019,1,3BT1_A_U
3BT1_HU126A,0.39101532,0.8656162023544312,1,3BT1_A_U
3BT1_WU127A,-0.43699196,1.4436734914779663,1,3BT1_A_U
3BT1_IU128A,-0.3156611,0.17389459908008575,1,3BT1_A_U
3BT1_QU129A,-0.09780183,-0.10300172865390778,1,3BT1_A_U
3BT1_EU130A,0.037430465,0.22236189246177673,1,3BT1_A_U
3BT1_GU131A,-0.21500409,-0.03059641271829605,1,3BT1_A_U
3BT1_EU132A,-0.16191317,0.11497649550437927,1,3BT1_A_U
3BT1_EU133A,-0.14522329,0.008717752993106842,1,3BT1_A_U
3BT1_GU134A,-0.08280224,-0.2319481074810028,1,3BT1_A_U
3BT1_RU135A,0.24874325,0.23724129796028137,1,3BT1_A_U
3BT1_PU136A,0.33521393,-0.06611552834510803,1,3BT1_A_U
3BT1_KU137A,0.62003416,0.3471622169017792,1,3BT1_A_U
3BT1_DU138A,1.2959981,0.5829125642776489,1,3BT1_A_U
3BT1_DU139A,1.04851,0.19174757599830627,1,3BT1_A_U
3BT1_RU140A,0.8049908,0.5940653681755066,1,3BT1_A_U
3BT1_HU141A,0.63785356,1.4639265537261963,1,3BT1_A_U
3BT1_LU142A,0.72351104,1.5556305646896362,1,3BT1_A_U
3BT1_RU143A,0.9190447,0.5934797525405884,1,3BT1_A_U
3BT1_GU144A,1.25098,1.5500531196594238,1,3BT1_A_U
3BT1_GU146A,1.4402152,2.177499771118164,1,3BT1_A_U
3BT1_YU147A,-0.11319105,0.7016964554786682,1,3BT1_A_U
3BT1_LU148A,1.6624155,0.9418066740036011,1,3BT1_A_U
3BT1_PU149A,0.5969786,0.24209478497505188,1,3BT1_A_U
3BT1_GU150A,0.5165227,0.04124944284558296,1,3BT1_A_U
3BT1_PU152A,0.460056,0.052782487124204636,1,3BT1_A_U
3BT1_SU154A,-0.03995572,0.37506213784217834,1,3BT1_A_U
3BT1_NU155A,0.60166204,-0.17546653747558594,1,3BT1_A_U
3BT1_GU156A,-0.23381366,-0.05483211204409599,1,3BT1_A_U
3BT1_FU157A,0.70027465,1.3179377317428589,1,3BT1_A_U
3BT1_HU158A,0.20483783,2.320415735244751,1,3BT1_A_U
3BT1_NU159A,0.3707007,0.8230501413345337,1,3BT1_A_U
3BT1_NU160Q,0.39101532,-0.27618977427482605,1,3BT1_A_U
3BT1_DU161A,-0.09780183,1.001173734664917,1,3BT1_A_U
3BT1_TU162A,-0.08280224,0.15205596387386322,1,3BT1_A_U
3BT1_FU163A,1.0636741,0.026032064110040665,1,3BT1_A_U
3BT1_HU164A,1.028425,1.422280192375183,1,3BT1_A_U
3BT1_FU165A,0.12702756,0.1635206937789917,1,3BT1_A_U
3BT1_LU166A,0.74587035,0.6591569185256958,1,3BT1_A_U
3BT1_KU167A,0.2816657,0.12078793346881866,1,3BT1_A_U
3BT1_NU170Q,0.17684276,-0.24159663915634155,1,3BT1_A_U
3BT1_TU171A,0.27360502,-0.25407424569129944,1,3BT1_A_U
3BT1_TU172A,0.41065642,0.022940095514059067,1,3BT1_A_U
3BT1_KU173A,0.69232213,0.8103108406066895,1,3BT1_A_U
3BT1_EU176A,0.025214529,-0.008741997182369232,1,3BT1_A_U
3BT1_GU177A,0.3278542,1.0102874040603638,1,3BT1_A_U
3BT1_PU178A,-0.2733251,0.3378225564956665,1,3BT1_A_U
3BT1_IU179A,0.36377135,0.8682534098625183,1,3BT1_A_U
3BT1_LU180A,0.67196095,0.8703596591949463,1,3BT1_A_U
3BT1_EU181A,0.460056,0.0913810282945633,1,3BT1_A_U
3BT1_LU182A,0.7310583,1.504646897315979,1,3BT1_A_U
3BT1_EU183A,0.39101532,0.25925666093826294,1,3BT1_A_U
3BT1_NU184A,0.3278542,0.15349151194095612,1,3BT1_A_U
3BT1_LU185A,0.20483783,0.6273590326309204,1,3BT1_A_U
3BT1_PU186A,-0.013021447,0.337613582611084,1,3BT1_A_U
3BT1_QU187A,-0.17908691,0.019963908940553665,1,3BT1_A_U
3BT1_NU188A,-0.23381366,0.80694580078125,1,3BT1_A_U
3BT1_GU189A,-0.09780183,-0.014610020443797112,1,3BT1_A_U
3BT1_RU190A,0.32040185,0.5368168950080872,1,3BT1_A_U
3BT1_QU191A,-0.19677335,0.6633345484733582,1,3BT1_A_U
3BT1_YU193A,-0.06817305,1.5822322368621826,1,3BT1_A_U
3BT1_SU194A,-0.2733251,0.27416864037513733,1,3BT1_A_U
3BT1_KU196A,0.24874325,0.9108899831771851,1,3BT1_A_U
3BT1_GU197A,0.025214529,1.9953936338424683,1,3BT1_A_U
3BT1_NU198Q,0.012741394,-0.028496485203504562,1,3BT1_A_U
3BT1_SU199A,-0.12899071,-0.2917735278606415,1,3BT1_A_U
3BT1_TU200A,-0.23381366,0.14145830273628235,1,3BT1_A_U
3BT1_HU201A,0.012741394,-0.052539605647325516,1,3BT1_A_U
3BT1_GU202A,-0.41065642,0.5526984333992004,1,3BT1_A_U
3BT1_SU204A,-0.21500409,0.8686710596084595,1,3BT1_A_U
3BT1_SU205A,-0.21500409,0.2931799292564392,1,3BT1_A_U
3BT1_EU206A,-0.11319105,0.2592659890651703,1,3BT1_A_U
3BT1_EU207A,-0.25324005,0.7226184606552124,1,3BT1_A_U
3BT1_TU208A,0.23156951,-0.250632107257843,1,3BT1_A_U
3BT1_FU209A,0.19565234,0.343645304441452,1,3BT1_A_U
3BT1_LU210A,-0.52384746,-0.0018224120140075684,1,3BT1_A_U
3BT1_IU211A,0.14745896,0.2872886657714844,1,3BT1_A_U
3BT1_DU212A,-0.06817305,-0.01384972408413887,1,3BT1_A_U
3BT1_RU214A,-0.026335536,1.4484508037567139,1,3BT1_A_U
3BT1_GU215A,-0.09780183,1.1268484592437744,1,3BT1_A_U
3BT1_PU216A,-0.11319105,0.030015569180250168,1,3BT1_A_U
3BT1_MU217A,1.028425,0.6687597036361694,1,3BT1_A_U
3BT1_NU218A,-0.17908691,0.42102205753326416,1,3BT1_A_U
3BT1_QU219A,-0.06817305,-0.18205076456069946,1,3BT1_A_U
3BT1_LU221A,0.26543313,-0.3780898153781891,1,3BT1_A_U
3BT1_VU222A,-0.49345866,0.418290913105011,1,3BT1_A_U
3BT1_AU223S,-0.23381366,1.0578323602676392,1,3BT1_A_U
3BT1_TU224A,-0.21500409,0.5026442408561707,1,3BT1_A_U
3BT1_GU225A,0.71200675,0.6708972454071045,1,3BT1_A_U
3BT1_TU226A,-0.026335536,0.18196432292461395,1,3BT1_A_U
3BT1_HU227A,0.26543313,-0.19518591463565826,1,3BT1_A_U
3BT1_EU228A,0.17684276,0.0704997181892395,1,3BT1_A_U
3BT1_PU229A,0.0493996,0.2381119728088379,1,3BT1_A_U
3BT1_KU230A,0.26543313,0.020039860159158707,1,3BT1_A_U
3BT1_NU231A,0.33521393,-0.028240608051419258,1,3BT1_A_U
3BT1_QU232A,0.09499532,-0.027966365218162537,1,3BT1_A_U
3BT1_SU233A,-0.17908691,-0.017218656837940216,1,3BT1_A_U
3BT1_YU234A,0.1863222,1.7654320001602173,1,3BT1_A_U
3BT1_MU235A,0.0493996,1.4249629974365234,1,3BT1_A_U
3BT1_VU236A,0.15741637,0.9876266121864319,1,3BT1_A_U
3BT1_RU237A,0.19565234,0.029815468937158585,1,3BT1_A_U
3BT1_GU238A,-0.08280224,2.3331637382507324,1,3BT1_A_U
3BT1_AU240S,-0.17908691,0.21254447102546692,1,3BT1_A_U
3BT1_TU241A,0.3496647,1.8520115613937378,1,3BT1_A_U
3BT1_AU242S,-0.3156611,0.03295302018523216,1,3BT1_A_U
3BT1_SU243A,-0.06817305,-0.08369731903076172,1,3BT1_A_U
3BT1_MU244A,0.12702756,0.9615182876586914,1,3BT1_A_U
3BT1_QU246A,0.460056,0.16769923269748688,1,3BT1_A_U
3BT1_HU247A,0.0493996,-0.10557110607624054,1,3BT1_A_U
3BT1_AU248S,0.12702756,-0.14325371384620667,1,3BT1_A_U
3BT1_HU249A,0.2816657,0.29858288168907166,1,3BT1_A_U
3BT1_LU250A,0.41706136,1.5561723709106445,1,3BT1_A_U
3BT1_GU251A,0.17684276,-0.6587576270103455,1,3BT1_A_U
3BT1_DU252A,0.061131705,-0.1599067747592926,1,3BT1_A_U
3BT1_AU253S,0.20483783,0.34387847781181335,1,3BT1_A_U
3BT1_FU254A,0.89394885,1.4351245164871216,1,3BT1_A_U
3BT1_SU255A,0.21388307,0.7724719047546387,1,3BT1_A_U
3BT1_MU256A,0.7385106,1.7331109046936035,1,3BT1_A_U
3BT1_NU257A,-0.23381366,0.5487090349197388,1,3BT1_A_U
3BT1_HU258A,0.0493996,0.33562055230140686,1,3BT1_A_U
3BT1_IU259A,0.13733132,0.5360613465309143,1,3BT1_A_U
3BT1_DU260A,0.105866306,0.1602092832326889,1,3BT1_A_U
3BT1_VU261A,0.24021861,1.1168506145477295,1,3BT1_A_U
3BT1_SU262A,-0.06817305,-0.07859780639410019,1,3BT1_A_U
3BT1_TU265A,0.061131705,-0.033284153789281845,1,3BT1_A_U
3BT1_KU266A,0.09499532,-0.024520467966794968,1,3BT1_A_U
3BT1_SU267A,-0.14522329,0.5705657005310059,1,3BT1_A_U
3BT1_GU268A,-0.294115,-0.12227495014667511,1,3BT1_A_U
3BT1_HU271A,0.14745896,-0.02458345517516136,1,3BT1_A_U
3BT1_PU272A,-0.013021447,0.7483765482902527,1,3BT1_A_U
3BT1_DU273A,0.0493996,-0.06319529563188553,1,3BT1_A_U
3BTD_DI13K,-11.502718,-12.381010055541992,1,3BTD_E_I
3BTE_EI13K,-9.424007,-9.815380096435547,1,3BTE_E_I
3BTF_FI13K,-7.0272107,-8.919149398803711,1,3BTF_E_I
3BTG_GI13K,-12.352226,-10.00145149230957,1,3BTG_E_I
3BTH_HI13K,-8.781781,-8.742141723632812,1,3BTH_E_I
3BTM_MI13K,-7.6923733,-7.106657981872559,1,3BTM_E_I
3BTQ_QI13K,-9.370644,-8.778657913208008,1,3BTQ_E_I
3BTT_TI13K,-10.597484,-10.786734580993652,1,3BTT_E_I
3BTW_WI13K,-8.664119,-8.67533016204834,1,3BTW_E_I
3BX1_FC84V,0.41065642,2.5345330238342285,1,3BX1_A_C
3BX1_RC85G,0.3555048,1.5021998882293701,1,3BX1_A_C
3BX1_AC86T,1.8372486,-0.04313395917415619,1,3BX1_A_C
3BX1_YC87I,1.7820247,2.8793461322784424,1,3BX1_A_C
3BX1_YC87A,1.2988172,3.0441362857818604,1,3BX1_A_C
3BX1_TC88V,2.8385491,0.7194106578826904,1,3BX1_A_C
3BX1_TC89A,0.17043781,1.669979214668274,1,3BX1_A_C
3C60_KC40A,1.5944324,0.8784122467041016,1,3C60_CD_AB
3C60_DC56A,0.6982965,0.41441670060157776,1,3C60_CD_AB
3C60_QC58A,0.9633075,0.17878563702106476,1,3C60_CD_AB
3C60_LC61A,0.94355726,1.1836358308792114,1,3C60_CD_AB
3C60_QC62A,0.8687343,0.8852208852767944,1,3C60_CD_AB
3C60_NC63A,0.9535147,1.4499915838241577,1,3C60_CD_AB
3C60_VC66A,1.2502,0.8093677759170532,1,3C60_CD_AB
3C60_KC68A,0.56228465,0.6936249732971191,1,3C60_CD_AB
3C60_HC69A,0.35910636,1.0710022449493408,1,3C60_CD_AB
3C60_VC73A,0.0,-0.18705570697784424,1,3C60_CD_AB
3C60_KC76A,0.04742146,0.5104137659072876,1,3C60_CD_AB
3C60_FD1A,0.0,0.13745811581611633,1,3C60_CD_AB
3C60_ED2A,0.04742146,0.16599707305431366,1,3C60_CD_AB
3C60_QD4A,1.1667991,1.5991082191467285,1,3C60_CD_AB
3C60_KD5A,1.1528584,2.316591262817383,1,3C60_CD_AB
3C60_KD7A,2.1511846,2.487745761871338,1,3C60_CD_AB
3C60_ND9A,0.0,0.1321360170841217,1,3C60_CD_AB
3C60_KD10A,0.0,0.3422492742538452,1,3C60_CD_AB
3C60_VD12A,0.0,-0.9028126001358032,1,3C60_CD_AB
3C60_DD13A,0.04742146,0.40878137946128845,1,3C60_CD_AB
3C60_ED69A,0.04742146,0.0853329598903656,1,3C60_CD_AB
3C60_YD70A,0.0,0.05094406381249428,1,3C60_CD_AB
3C60_SD73A,0.0,-0.05111087113618851,1,3C60_CD_AB
3C60_QD74A,0.0,-0.016713321208953857,1,3C60_CD_AB
3C60_PD75A,0.0,0.3373221755027771,1,3C60_CD_AB
3C60_ED76A,0.0,0.0471191443502903,1,3C60_CD_AB
3C60_ID77A,0.04742146,0.3542539179325104,1,3C60_CD_AB
3C60_ED79A,0.04742146,0.3626144826412201,1,3C60_CD_AB
3C60_RD80A,2.0264554,0.6645030975341797,1,3C60_CD_AB
3C60_RD82A,0.0,0.14969851076602936,1,3C60_CD_AB
3C60_DD86A,0.04742146,0.16186556220054626,1,3C60_CD_AB
3C60_TD87A,1.1667991,0.3408200740814209,1,3C60_CD_AB
3C60_RD90A,0.04742146,0.341452032327652,1,3C60_CD_AB
3C60_HD91A,1.0857165,0.4690072238445282,1,3C60_CD_AB
3C60_ED94A,0.0,-0.05346234142780304,1,3C60_CD_AB
3D3V_EE30A,2.114632,1.8386110067367554,1,3D3V_ABC_DE
3D3V_YC8A,3.413588,3.791472911834717,1,3D3V_ABC_DE
"3D3V_EE30A,YC8A",3.9009266,2.815041244029999,2,3D3V_ABC_DE
3D3V_EE30A,3.2307487,1.8386110067367554,1,3D3V_ABC_DE
3D3V_YC8F,0.9274753,0.476378470659256,1,3D3V_ABC_DE
"3D3V_EE30A,YC8F",2.573496,1.1574935466051102,2,3D3V_ABC_DE
3D3V_LE97A,2.6171665,2.091701030731201,1,3D3V_ABC_DE
3D3V_YC8A,3.413588,3.791472911834717,1,3D3V_ABC_DE
"3D3V_LE97A,YC8A",4.390339,2.9415876865386963,2,3D3V_ABC_DE
3D5R_AC38N,-1.5695295,-0.7204644083976746,1,3D5R_A_C
3D5R_AC38N,-1.3337823,-0.7204644083976746,1,3D5R_A_C
3D5S_AC31R,-2.24674,-1.7687102556228638,1,3D5S_A_C
3D5S_AC31R,-1.5196093,-1.7687102556228638,1,3D5S_A_C
3EG5_HA104F,-2.0854197,0.4906653165817261,1,3EG5_A_B
"3EG5_TB73N,SB74N,HB75N",1.053579,0.20397980511188507,3,3EG5_A_B
"3EG5_TB73N,SB74N,HB75N,HA104F",-1.3274181,0.27565160766243935,4,3EG5_A_B
3EQS_TB1A,0.39184684,0.21195361018180847,1,3EQS_A_B
3EQS_SB2A,1.263514,1.0343079566955566,1,3EQS_A_B
3EQS_FB3A,5.5584974,6.204946517944336,1,3EQS_A_B
3EQS_EB5A,1.1146224,0.993955135345459,1,3EQS_A_B
3EQS_YB6A,3.1105554,2.9989490509033203,1,3EQS_A_B
3EQS_WB7A,6.410199,6.069612979888916,1,3EQS_A_B
3EQS_NB8A,-1.1117365,-0.20849916338920593,1,3EQS_A_B
3EQS_LB9A,-0.17043781,0.19857481122016907,1,3EQS_A_B
3EQS_LB10A,3.3343616,2.0653624534606934,1,3EQS_A_B
3EQS_SB11A,0.11720225,0.026889894157648087,1,3EQS_A_B
3EQY_TC1A,0.37473926,0.5107190608978271,1,3EQY_A_C
3EQY_SC2A,0.87140906,1.2178003787994385,1,3EQY_A_C
3EQY_FC3A,5.660986,5.056085109710693,1,3EQY_A_C
3EQY_EC5A,1.2231921,0.4544839859008789,1,3EQY_A_C
3EQY_YC6A,2.5873632,3.227551221847534,1,3EQY_A_C
3EQY_WC7A,6.0464277,6.561855792999268,1,3EQY_A_C
3EQY_NC8A,-0.7492133,-0.5964840054512024,1,3EQY_A_C
3EQY_LC9A,0.033863615,0.01831798255443573,1,3EQY_A_C
3EQY_LC10A,2.3246152,1.8413934707641602,1,3EQY_A_C
3EQY_SC11A,0.15275137,0.08098369091749191,1,3EQY_A_C
3EQY_PC12A,0.2956283,0.12603789567947388,1,3EQY_A_C
3F1S_MA33A,1.2389807,0.7600624561309814,1,3F1S_A_B
3F1S_DA36A,2.185484,0.1621415764093399,1,3F1S_A_B
3F1S_DA200A,0.41065642,1.5300486087799072,1,3F1S_A_B
3F1S_KA201A,-1.8037333,0.25882279872894287,1,3F1S_A_B
3F1S_KA201C,-1.8037333,-0.1095564216375351,1,3F1S_A_B
3F1S_YA202A,2.9961216,2.9290685653686523,1,3F1S_A_B
3F1S_DA255A,3.7609677,2.211885929107666,1,3F1S_A_B
3F1S_DA200A,0.6982965,1.5300486087799072,1,3F1S_A_B
3F1S_KA201A,-2.3559217,0.25882279872894287,1,3F1S_A_B
3F1S_KA201C,-1.586159,-0.1095564216375351,1,3F1S_A_B
3G6D_HH104A,-0.9535147,-0.15080396831035614,1,3G6D_LH_A
3G6D_WH105A,-1.4971784,1.7137305736541748,1,3G6D_LH_A
"3G6D_KH210T,KH215T",-0.13300735,-0.0178518183529377,2,3G6D_LH_A
"3G6D_EL3V,GL76R,TL77V,QL78E,EL80G",0.13987951,0.2275083363056183,5,3G6D_LH_A
"3G6D_TL89S,ML92I,VL93D,TL94K",0.798334,0.14664831012487411,4,3G6D_LH_A
"3G6D_EL3V,GL76R,TL77V,QL78E,EL80G,TL89S,ML92I,VL93D,TL94K",0.2715726,0.1915705468919542,9,3G6D_LH_A
"3G6D_EL3V,GL76R,TL77V,QL78E,EL80G,FH103A,HH104A,WH105A",4.62235,0.4452875182032585,8,3G6D_LH_A
"3G6D_EL3V,GL76R,TL77V,QL78E,EL80G,DH54N",0.1112279,0.34340767562389374,6,3G6D_LH_A
3H9S_AA150P,0.16316837,-0.014572672545909882,1,3H9S_ABC_DE
3HFM_YY20A,4.8782177,3.0162062644958496,1,3HFM_HL_Y
3HFM_NL32A,5.109633,2.4829940795898438,1,3HFM_HL_Y
3HFM_KY96A,6.9912934,6.173982620239258,1,3HFM_HL_Y
3HFM_NL31A,5.216466,0.04023423418402672,1,3HFM_HL_Y
"3HFM_NL31A,KY96A",7.4717307,3.107108246535063,2,3HFM_HL_Y
3HFM_NL31D,1.344086,-0.8316113948822021,1,3HFM_HL_Y
3HFM_NL31E,5.7099247,-0.2894613444805145,1,3HFM_HL_Y
3HFM_YL50A,4.5596366,1.531359314918518,1,3HFM_HL_Y
3HFM_YL50L,4.395153,1.5773613452911377,1,3HFM_HL_Y
3HFM_YL50F,2.3559217,0.5148235559463501,1,3HFM_HL_Y
"3HFM_YL50A,RY21A",6.369324,1.6441081762313843,2,3HFM_HL_Y
"3HFM_YL50F,RY21A",4.3327317,1.1358399093151093,2,3HFM_HL_Y
"3HFM_YL50F,YY20A",6.226447,1.765514761209488,2,3HFM_HL_Y
"3HFM_YL50A,KY96A",7.733495,3.852670967578888,2,3HFM_HL_Y
"3HFM_YL50A,KY97A",7.322839,1.6879596710205078,2,3HFM_HL_Y
3HFM_KY97A,6.1699805,1.8445611000061035,1,3HFM_HL_Y
3HFM_YH33A,6.037779,5.1735358238220215,1,3HFM_HL_Y
"3HFM_YH33A,KY97A",7.231512,3.5090479254722595,2,3HFM_HL_Y
3HFM_WH98F,3.2470155,0.3941580653190613,1,3HFM_HL_Y
"3HFM_WH98F,YY20A",6.2318087,1.7051829248666763,2,3HFM_HL_Y
3HFM_WH98A,5.513151,0.4046871066093445,1,3HFM_HL_Y
"3HFM_WH98A,KY96A",7.733495,3.289334923028946,2,3HFM_HL_Y
3HFM_DH32A,1.8990768,1.1170225143432617,1,3HFM_HL_Y
"3HFM_DH32A,KY97A",4.5944967,1.48079115152359,2,3HFM_HL_Y
"3HFM_DH32N,KY97A",4.893741,1.0235654190182686,2,3HFM_HL_Y
3HFM_DH32N,0.17043781,0.2025710642337799,1,3HFM_HL_Y
"3HFM_DH32A,KY97M",1.1239525,0.9099320769309998,2,3HFM_HL_Y
"3HFM_DH32N,KY97M",0.30263966,0.45270634442567825,2,3HFM_HL_Y
3HFM_KY97M,1.0935637,0.7028422951698303,1,3HFM_HL_Y
3HFM_RY21A,1.0276679,1.7568589448928833,1,3HFM_HL_Y
3HFM_SH31A,0.17043781,-0.2092326581478119,1,3HFM_HL_Y
3HFM_YH50A,7.322839,5.230381488800049,1,3HFM_HL_Y
"3HFM_YH50A,RY21A",7.944808,3.4936192631721497,2,3HFM_HL_Y
3HFM_QL53A,0.9535147,0.16271930932998657,1,3HFM_HL_Y
3HFM_YL96A,2.7082572,0.8656639456748962,1,3HFM_HL_Y
"3HFM_YL96A,RY21A",5.759324,1.3112606406211853,2,3HFM_HL_Y
"3HFM_YL96F,RY21A",4.1838403,1.0268732905387878,2,3HFM_HL_Y
3HFM_YL96F,1.402407,0.2968899607658386,1,3HFM_HL_Y
3HFM_YH53W,0.6948397,0.3081248104572296,1,3HFM_HL_Y
3HFM_YH53F,0.61053324,0.38513392210006714,1,3HFM_HL_Y
3HFM_YH53L,0.79392976,0.7797644734382629,1,3HFM_HL_Y
3HFM_YH53A,3.1981747,0.9462326169013977,1,3HFM_HL_Y
3HFM_YH33W,1.7214643,2.6860711574554443,1,3HFM_HL_Y
3HFM_YH33F,1.0540161,1.0937904119491577,1,3HFM_HL_Y
3HFM_YH33L,1.9747044,3.192512035369873,1,3HFM_HL_Y
3HFM_YH50F,1.584133,1.8379360437393188,1,3HFM_HL_Y
3HFM_YH50L,2.8030808,4.3191938400268555,1,3HFM_HL_Y
3HFM_YH58F,0.3572932,-0.18495860695838928,1,3HFM_HL_Y
3HFM_YH58L,1.4893616,0.18815015256404877,1,3HFM_HL_Y
3HFM_YH58A,1.6491243,0.40656137466430664,1,3HFM_HL_Y
3HFM_DY101G,0.19934364,-0.0419611819088459,1,3HFM_HL_Y
3HFM_DY101A,1.2087328,0.0010979929938912392,1,3HFM_HL_Y
3HFM_DY101N,1.3409348,0.32936710119247437,1,3HFM_HL_Y
3HFM_DY101S,1.7124065,0.19015884399414062,1,3HFM_HL_Y
3HFM_DY101Q,1.9302658,0.9035905599594116,1,3HFM_HL_Y
3HFM_DY101R,2.1230628,0.3270324766635895,1,3HFM_HL_Y
3HFM_DY101E,1.9741712,0.7355904579162598,1,3HFM_HL_Y
3HFM_DY101F,2.1704843,0.29221540689468384,1,3HFM_HL_Y
3HFM_DY101K,1.9741712,0.9738951325416565,1,3HFM_HL_Y
3HFM_RY21W,1.9741712,0.5076065063476562,1,3HFM_HL_Y
3HFM_RY21Q,2.2419508,0.8239147663116455,1,3HFM_HL_Y
3HFM_RY21E,2.2935007,1.427270770072937,1,3HFM_HL_Y
3HFM_RY21G,2.2702644,1.2148224115371704,1,3HFM_HL_Y
3HFM_RY21N,2.1704843,0.9622848033905029,1,3HFM_HL_Y
3HFM_RY21H,2.0150461,1.1708807945251465,1,3HFM_HL_Y
3HFM_RY21K,1.6193893,0.6168844699859619,1,3HFM_HL_Y
3HFM_NY19K,0.24021861,0.2883182466030121,1,3HFM_HL_Y
3HFM_NY19Q,-0.042504817,0.228443443775177,1,3HFM_HL_Y
3HFM_NY19D,0.41065642,0.10170023888349533,1,3HFM_HL_Y
3HFM_GY102V,0.24021861,0.9984811544418335,1,3HFM_HL_Y
3HFM_RY21G,2.5760553,1.2148224115371704,1,3HFM_HL_Y
3HFM_RY21A,0.82131284,1.7568589448928833,1,3HFM_HL_Y
3HFM_RY21N,2.4881237,0.9622848033905029,1,3HFM_HL_Y
3HFM_RY21E,2.6155667,1.427270770072937,1,3HFM_HL_Y
3HFM_RY21Q,2.5552654,0.8239147663116455,1,3HFM_HL_Y
3HFM_RY21H,2.325533,1.1708807945251465,1,3HFM_HL_Y
3HFM_RY21M,2.0508084,0.08991017937660217,1,3HFM_HL_Y
3HFM_RY21K,1.9148766,0.6168844699859619,1,3HFM_HL_Y
3HFM_RY21W,2.2935007,0.5076065063476562,1,3HFM_HL_Y
3HFM_KY97G,6.4334354,2.406364679336548,1,3HFM_HL_Y
3HFM_KY97A,5.5580816,1.8445611000061035,1,3HFM_HL_Y
3HFM_KY97D,6.771456,2.0895466804504395,1,3HFM_HL_Y
3HFM_KY97E,3.6061218,1.5226250886917114,1,3HFM_HL_Y
3HFM_KY97M,0.8012278,0.7028422951698303,1,3HFM_HL_Y
3HFM_KY97R,3.0542183,0.8077237606048584,1,3HFM_HL_Y
3HFM_DY101G,0.5186732,-0.0419611819088459,1,3HFM_HL_Y
3HFM_DY101A,1.534609,0.0010979929938912392,1,3HFM_HL_Y
3HFM_DY101S,2.0280676,0.19015884399414062,1,3HFM_HL_Y
3HFM_DY101N,1.6426257,0.32936710119247437,1,3HFM_HL_Y
3HFM_DY101E,2.2935007,0.7355904579162598,1,3HFM_HL_Y
3HFM_DY101Q,2.2419508,0.9035905599594116,1,3HFM_HL_Y
3HFM_DY101K,2.276811,0.9738951325416565,1,3HFM_HL_Y
3HFM_DY101F,2.4881237,0.29221540689468384,1,3HFM_HL_Y
3HFM_DY101R,2.438724,0.3270324766635895,1,3HFM_HL_Y
3HFM_YY20F,-0.5046223,0.6327667236328125,1,3HFM_HL_Y
3HFM_KY96M,6.7799807,3.6138522624969482,1,3HFM_HL_Y
3HFM_GY102V,0.55070543,0.9984811544418335,1,3HFM_HL_Y
3HFM_HY15A,-0.4455166,0.9922378063201904,1,3HFM_HL_Y
3HFM_YY20A,4.2734375,3.0162062644958496,1,3HFM_HL_Y
3HFM_RY21A,0.8621878,1.7568589448928833,1,3HFM_HL_Y
3HFM_WY63A,0.31932956,0.9783802032470703,1,3HFM_HL_Y
3HFM_RY73A,-0.33154547,0.3278733789920807,1,3HFM_HL_Y
3HFM_LY75A,0.70477146,1.4099390506744385,1,3HFM_HL_Y
3HFM_TY89A,0.0,1.078503966331482,1,3HFM_HL_Y
3HFM_NY93A,0.21131277,0.12438147515058517,1,3HFM_HL_Y
3HFM_KY96A,6.4893103,6.173982620239258,1,3HFM_HL_Y
3HFM_IY98A,0.0,1.177866816520691,1,3HFM_HL_Y
3HFM_SY100A,0.26777947,0.6242494583129883,1,3HFM_HL_Y
3HFM_DY101A,0.9535147,0.0010979929938912392,1,3HFM_HL_Y
3HFM_YY20F,-0.46374732,0.6327667236328125,1,3HFM_HL_Y
3HFM_YY20L,2.185484,2.224835157394409,1,3HFM_HL_Y
3HFM_KY96R,5.3554,1.6313742399215698,1,3HFM_HL_Y
"3HG1_SE50Y,VE51G,GE52P,IE53F",-1.5820304,0.6678536366671324,4,3HG1_ABC_DE
"3HG1_SE50W,VE51G,GE52P,IE53F",-1.7748275,0.31652561388909817,4,3HG1_ABC_DE
"3HG1_SE50F,VE51G,GE52P,IE53Y",-2.0265505,0.42485421523451805,4,3HG1_ABC_DE
"3HG1_SE50Y,VE51G,GE52P,IE53Y",-1.7309221,0.5737604759633541,4,3HG1_ABC_DE
"3HG1_SE50Y,VE51G,GE52P,IE53F,TE100M,EE102G,LE103W,FE104Q",-1.4907035,0.34080326138064265,8,3HG1_ABC_DE
"3HG1_SE50Y,VE51G,GE52P,IE53F,GE99N,TE100L,EE102G,LE103W",-2.8548746,0.4373227944597602,8,3HG1_ABC_DE
"3HG1_SE50W,VE51G,GE52P,IE53F,TE100M,EE102G,LE103W,FE104Q",-2.2953265,0.16513924999162555,8,3HG1_ABC_DE
"3HG1_SE50W,VE51G,GE52P,IE53F,GE99N,TE100L,EE102G,LE103W",-2.980065,0.2616587830707431,8,3HG1_ABC_DE
3HH2_VC15E,0.68439025,1.2743388414382935,1,3HH2_AB_C
3HH2_FC47E,0.71329606,0.883628249168396,1,3HH2_AB_C
3HH2_IC51E,0.8621878,1.016903281211853,1,3HH2_AB_C
3HH2_FC52E,0.8165921,3.4553062915802,1,3HH2_AB_C
3HH2_FC47A,1.3253078,1.2861171960830688,1,3HH2_AB_C
3HH2_IC51A,0.71329606,0.548433780670166,1,3HH2_AB_C
3HH2_FC52A,1.2728442,2.4921317100524902,1,3HH2_AB_C
"3IDX_WG13M,SG111T,WG200S,MG247A,CG14W,CG129V,CG27I,CG242Q",-1.8647987,1.1814954429864883,8,3IDX_HL_G
"3IDX_WG13M,MG247A,CG14W,CG129V,CG27I,CG242Q",-2.3490398,1.6076060632864635,6,3IDX_HL_G
"3IDX_KG85C,EG122C,WG13M,MG247A,CG14W,CG129V,CG27I,CG242Q",-2.293745,1.3010862693190575,8,3IDX_HL_G
"3IDX_WG13M,MG247A,CG14W,CG129V",-0.647829,1.0863084942102432,4,3IDX_HL_G
"3IDX_KG85C,EG121C,WG13M,MG247A,CG14W,CG129V,CG27I,CG242Q",-2.1932714,1.3576607182621956,8,3IDX_HL_G
"3IDX_TG41C,GG245C,WG13M,MG247A,CG14W,CG129V,CG27I,CG242Q",-2.3321114,1.3523834208026528,8,3IDX_HL_G
"3IDX_CG27I,CG242Q,MG247A",-2.1745908,1.966757873694102,3,3IDX_HL_G
"3IDX_CG27I,CG242Q",-2.4661415,2.650201201438904,2,3IDX_HL_G
"3IDX_WG13M,MG247A,CG14W,CG129V,KG85C,EG121C",-0.36182716,0.9268138905366262,6,3IDX_HL_G
"3IDX_KG85C,EG121C,CG27I,CG242Q",-2.378751,1.629012942314148,4,3IDX_HL_G
"3IDX_TG41C,GG245C,MG247A",0.4096376,0.5911007349689802,3,3IDX_HL_G
3KBH_DA20A,0.8734072,0.26206403970718384,1,3KBH_A_E
3KBH_YA23A,1.8127912,1.5363224744796753,1,3KBH_A_E
3KBH_YA23F,1.615894,1.3845340013504028,1,3KBH_A_E
3KBH_YE17A,0.100018255,2.1050617694854736,1,3KBH_A_E
3KBH_SE54A,1.8573337,0.16076752543449402,1,3KBH_A_E
3KBH_SE54T,2.4906719,0.25859159231185913,1,3KBH_A_E
3KUD_KB30A,1.9539144,1.2694377899169922,1,3KUD_A_B
"3KUD_KB30A,FB6W",2.1677976,0.7874121367931366,2,3KUD_A_B
"3KUD_KB30A,VB33I",2.7589052,0.5142764300107956,2,3KUD_A_B
"3KUD_KB30A,NB16R",0.76658607,0.3251066207885742,2,3KUD_A_B
"3KUD_KB30A,FB6W,NB16R",1.2052376,0.31853367884953815,3,3KUD_A_B
"3KUD_KB30A,FB6W,NB16R,VB33I",1.9539144,0.17867935448884964,4,3KUD_A_B
"3KUD_KB30A,FB6W,RB12L,NB16R,VB33I",1.9666559,0.2423774480819702,5,3KUD_A_B
"3KUD_KB30A,FB6W,VB14E,NB16R,VB33I",3.9646518,0.14347589388489723,5,3KUD_A_B
"3KUD_KB30A,FB6W,RB12L,VB14E,NB16R,KB29R,VB33I",4.2063103,0.26547936722636223,7,3KUD_A_B
3KUD_NB16R,-0.79807645,-0.6192232370376587,1,3KUD_A_B
"3KUD_KB30A,TA35A",3.0406604,2.079096019268036,2,3KUD_A_B
"3KUD_KB30A,TA35A,NB16R",1.5169225,1.1796562671661377,3,3KUD_A_B
3KUD_TA35A,1.9913449,2.8887550830841064,1,3KUD_A_B
"3KUD_TA35A,NB16R",1.4893616,1.134766161441803,2,3KUD_A_B
"3KUD_KB30A,YA32C,CA118S",2.897035,0.677570253610611,3,3KUD_A_B
"3KUD_KB30A,YA32C,CA118S,NB16R",1.6597995,0.35337188094854355,4,3KUD_A_B
"3KUD_YA32C,CA118S",0.91014516,0.3816371411085129,2,3KUD_A_B
"3KUD_YA32C,CA118S,NB16R",-0.035917178,0.048017015059789024,3,3KUD_A_B
"3L5X_HL91Q,NL92D,EL93L,YL94G",-1.7859313,0.6556759849190712,4,3L5X_A_HL
"3L5X_NL92D,EL93W,YL94G",-1.6832762,0.6789636611938477,3,3L5X_A_HL
"3L5X_HL91Q,NL92D,EL93I,YL94G",-1.5510744,0.6410383954644203,4,3L5X_A_HL
"3L5X_NL92E,EL93W,YL94G",-1.5510744,0.48834916949272156,3,3L5X_A_HL
"3L5X_NL92D,EL93P,YL94G",-1.4706185,0.8013865649700165,3,3L5X_A_HL
"3L5X_HL91Q,NL92D,EL93Y,YL94G",-1.4521028,0.5026359185576439,4,3L5X_A_HL
"3L5X_NL92S,EL93W,YL94G",-1.2726197,0.7691057796279589,3,3L5X_A_HL
"3L5X_NL92E,EL93S,YL94G",-1.2659253,0.6177887916564941,3,3L5X_A_HL
"3L5X_NL92S,EL93H,YL94G",-1.2462842,0.7491009458899498,3,3L5X_A_HL
"3L5X_NL92F,EL93W,YL94G",-1.2335428,0.3408522705237071,3,3L5X_A_HL
"3L5X_NL92D,EL93W,YL94E",-1.1968846,0.10630321502685547,3,3L5X_A_HL
"3L5X_NL92S,EL93Y,YL94G",-0.9646185,0.6785117561618487,3,3L5X_A_HL
"3L5X_HL91P,NL92L,EL93D,YL94V",-0.8586067,0.41262756660580635,4,3L5X_A_HL
"3L5X_NL92V,EL93W,YL94G",-0.8356278,0.8820661008358002,3,3L5X_A_HL
3L5X_YL94A,-0.82922286,0.9208194017410278,1,3L5X_A_HL
"3L5X_NL92L,EL93M,YL94G",-0.82604617,0.8475415706634521,3,3L5X_A_HL
"3L5X_HL91P,NL92L,EL93D,YL94T",-0.8104133,0.41402753069996834,4,3L5X_A_HL
"3L5X_NL92D,EL93Y,YL94A",-0.8073356,0.14217188954353333,3,3L5X_A_HL
"3L5X_NL92S,EL93I,YL94G",-0.8073356,0.8630483920375506,3,3L5X_A_HL
"3L5X_EL93H,YL94G",-0.76299185,1.169868715107441,2,3L5X_A_HL
"3L5X_NL92D,EL93W,YL94S",-0.7164474,0.38695840040842694,3,3L5X_A_HL
"3L5X_NL92L,EL93N,YL94G",-0.6957483,0.8719267149766287,3,3L5X_A_HL
"3L5X_NL92L,EL93D,YL94S",-0.68068516,0.37266233066717785,3,3L5X_A_HL
"3L5X_HL91P,NL92I,EL93D,YL94A",-0.64695925,0.33614992070943117,4,3L5X_A_HL
"3L5X_HL91P,NL92L,EL93D,YL94S",-0.63307303,0.413200993090868,4,3L5X_A_HL
"3L5X_NL92L,EL93L,YL94G",-0.6262501,0.8536296784877777,3,3L5X_A_HL
"3L5X_NL92L,EL93D,YL94S",-0.5539621,0.37266233066717785,3,3L5X_A_HL
"3L5X_NL92D,EL93N,YL94S",-0.5342775,0.518714835246404,3,3L5X_A_HL
"3L5X_NL92D,EL93R,YL94D",-0.5227732,0.5655938585599264,3,3L5X_A_HL
"3L5X_NL92S,EL93V,YL94G",-0.5171038,0.8267509614427885,3,3L5X_A_HL
"3L5X_NL92V,EL93G,YL94G",-0.46320736,1.1538090705871582,3,3L5X_A_HL
"3L5X_HL91P,NL92L,YL94A",-0.44461247,0.4254648983478546,3,3L5X_A_HL
"3L5X_NL92D,EL93L,YL94G",-0.42982095,0.7924230595429739,3,3L5X_A_HL
"3L5X_EL93F,YL94G",-0.42820004,1.174020141363144,2,3L5X_A_HL
"3L5X_NL92S,EL93W,YL94A",-0.3031637,0.32290803144375485,3,3L5X_A_HL
"3L5X_NL92S,EL93S,YL94G",-0.24932429,0.8985454017917315,3,3L5X_A_HL
3LB6_IA10A,3.7231317,1.8122401237487793,1,3LB6_A_C
3LB6_KA100A,5.8144255,3.0397675037384033,1,3LB6_A_C
3LB6_KA101A,2.5452716,0.6803048253059387,1,3LB6_A_C
3LB6_FA103A,5.1173067,2.5593533515930176,1,3LB6_A_C
3LNZ_AB8N,1.1117365,0.30667105317115784,1,3LNZ_A_B
3LZF_DA187E,0.49858814,0.08168379217386246,1,3LZF_AB_HL
3LZF_DA222G,0.5380996,0.08144189417362213,1,3LZF_AB_HL
"3LZF_DA187E,DA222G",0.12744316,0.08156299218535423,2,3LZF_AB_HL
3M62_EA32A,0.82971656,0.3603686988353729,1,3M62_A_B
3M62_DA46A,2.800001,1.8224542140960693,1,3M62_A_B
3M62_LA50A,2.8292637,1.1484683752059937,1,3M62_A_B
3M62_TA54A,0.016689893,-0.2787490785121918,1,3M62_A_B
3M62_EA55A,1.051574,0.050767771899700165,1,3M62_A_B
3M62_RA98A,0.7886926,0.38336706161499023,1,3M62_A_B
3M62_GA102A,1.2648917,0.7318220138549805,1,3M62_A_B
3M62_YA103A,4.4772186,3.800912857055664,1,3M62_A_B
3M62_IA110A,1.8539385,1.1630977392196655,1,3M62_A_B
3M62_FB7A,0.9959674,0.914657473564148,1,3M62_A_B
3M62_KB8A,0.49712712,0.3187713325023651,1,3M62_A_B
3M62_IB43A,2.8837805,1.762353777885437,1,3M62_A_B
3M62_SB45A,1.2787393,0.3246341347694397,1,3M62_A_B
3M62_VB48A,1.0904373,1.75681471824646,1,3M62_A_B
3M62_QB50A,1.0544361,0.8721375465393066,1,3M62_A_B
3M62_QB65A,0.28372085,0.5242282748222351,1,3M62_A_B
3M62_VB67A,1.1381687,1.092535376548767,1,3M62_A_B
3M62_MB69A,0.6811228,1.5416076183319092,1,3M62_A_B
3M63_EA33A,0.6463438,0.18683311343193054,1,3M63_A_B
3M63_DA46A,2.234206,2.278090238571167,1,3M63_A_B
3M63_LA50A,0.57642084,1.4092615842819214,1,3M63_A_B
3M63_TA54A,0.31137705,0.4633517861366272,1,3M63_A_B
3M63_EA55A,0.3463516,0.20259161293506622,1,3M63_A_B
3M63_RA98A,-0.18529274,0.6201695799827576,1,3M63_A_B
3M63_GA102A,0.12470666,1.2986301183700562,1,3M63_A_B
3M63_YA103A,3.6505766,4.407392501831055,1,3M63_A_B
3M63_VA106A,1.8389388,0.7416484355926514,1,3M63_A_B
3M63_IA110A,1.0890924,1.081647515296936,1,3M63_A_B
3M63_FA113A,1.7915174,1.1721440553665161,1,3M63_A_B
"3M63_GB8F,QB9K,SB65Q,HB67V,VB69M",0.18712771,0.00945720002055168,5,3M63_A_B
3MZG_HA33A,0.20430143,0.05382663756608963,1,3MZG_A_B
3MZG_HA33A,0.037430465,0.05382663756608963,1,3MZG_A_B
3MZG_HA33A,0.09897152,0.05382663756608963,1,3MZG_A_B
3MZG_HA33A,0.15346456,0.05382663756608963,1,3MZG_A_B
3MZG_HA33A,0.17804042,0.05382663756608963,1,3MZG_A_B
3MZG_HA33A,0.1668838,0.05382663756608963,1,3MZG_A_B
3MZG_HA46A,0.033863615,-0.12417809665203094,1,3MZG_A_B
3MZG_HA46A,0.5680728,-0.12417809665203094,1,3MZG_A_B
3MZG_HA46A,0.5623761,-0.12417809665203094,1,3MZG_A_B
3MZG_HA46A,0.6047833,-0.12417809665203094,1,3MZG_A_B
3MZG_HA46A,0.42363033,-0.12417809665203094,1,3MZG_A_B
3MZG_HA46A,0.25973645,-0.12417809665203094,1,3MZG_A_B
3MZG_HA84A,-0.062421046,-0.08287261426448822,1,3MZG_A_B
3MZG_HA84A,0.0102149425,-0.08287261426448822,1,3MZG_A_B
3MZG_HA84A,0.033075675,-0.08287261426448822,1,3MZG_A_B
3MZG_HA84A,0.19054352,-0.08287261426448822,1,3MZG_A_B
3MZG_HA84A,0.20338982,-0.08287261426448822,1,3MZG_A_B
3MZG_HA84A,0.101365276,-0.08287261426448822,1,3MZG_A_B
3MZG_HA125A,-0.39687786,-0.0936213955283165,1,3MZG_A_B
3MZG_HA125A,-0.46173832,-0.0936213955283165,1,3MZG_A_B
3MZG_HA125A,-0.15275137,-0.0936213955283165,1,3MZG_A_B
3MZG_HA125A,0.05744243,-0.0936213955283165,1,3MZG_A_B
3MZG_HA125A,0.1682476,-0.0936213955283165,1,3MZG_A_B
3MZG_HA125A,0.09897152,-0.0936213955283165,1,3MZG_A_B
3MZG_HA160A,0.1251905,0.6682769060134888,1,3MZG_A_B
3MZG_HA160A,1.0908461,0.6682769060134888,1,3MZG_A_B
3MZG_HA160A,1.216897,0.6682769060134888,1,3MZG_A_B
3MZG_HA160A,1.2081542,0.6682769060134888,1,3MZG_A_B
3MZG_HA160A,1.0331719,0.6682769060134888,1,3MZG_A_B
3MZG_HA160A,0.86764306,0.6682769060134888,1,3MZG_A_B
3MZG_HA182A,-0.2611351,0.0531771183013916,1,3MZG_A_B
3MZG_HA182A,0.36605144,0.0531771183013916,1,3MZG_A_B
3MZG_HA182A,0.6841716,0.0531771183013916,1,3MZG_A_B
3MZG_HA182A,0.6901731,0.0531771183013916,1,3MZG_A_B
3MZG_HA14A,-0.09132688,0.49730244278907776,1,3MZG_A_B
3MZG_HA14A,-0.14770088,0.49730244278907776,1,3MZG_A_B
3MZG_HA14A,-0.37473926,0.49730244278907776,1,3MZG_A_B
3MZG_HA14A,-0.1987515,0.49730244278907776,1,3MZG_A_B
3MZG_HA14A,-0.16787863,0.49730244278907776,1,3MZG_A_B
3MZG_HA14A,-0.07655175,0.49730244278907776,1,3MZG_A_B
3MZG_HA14A,0.1265324,0.49730244278907776,1,3MZG_A_B
3MZG_HA14A,0.12301635,0.49730244278907776,1,3MZG_A_B
3MZG_HA14A,0.29176867,0.49730244278907776,1,3MZG_A_B
3MZG_HA14A,0.3238009,0.49730244278907776,1,3MZG_A_B
3MZG_HA167A,-0.68627405,1.2277828454971313,1,3MZG_A_B
3MZG_HA167A,0.734086,1.2277828454971313,1,3MZG_A_B
3MZG_HA167A,1.6697221,1.2277828454971313,1,3MZG_A_B
3MZG_HA167A,1.4450119,1.2277828454971313,1,3MZG_A_B
3MZG_HA167A,1.481518,1.2277828454971313,1,3MZG_A_B
3MZG_HA167A,1.8215219,1.2277828454971313,1,3MZG_A_B
3MZG_HA167A,1.6300702,1.2277828454971313,1,3MZG_A_B
3MZG_HA167A,1.6149025,1.2277828454971313,1,3MZG_A_B
3MZG_HA167A,1.535409,1.2277828454971313,1,3MZG_A_B
3MZG_HA17A,-0.8744038,-0.3615171015262604,1,3MZG_A_B
3MZG_HA17A,-0.2971027,-0.3615171015262604,1,3MZG_A_B
3MZG_HA17A,-0.22198787,-0.3615171015262604,1,3MZG_A_B
3MZG_HA17A,0.09047991,-0.3615171015262604,1,3MZG_A_B
3MZG_HA17A,0.28704792,-0.3615171015262604,1,3MZG_A_B
3MZG_HA17A,0.28069448,-0.3615171015262604,1,3MZG_A_B
3MZG_HA17A,0.28546593,-0.3615171015262604,1,3MZG_A_B
3MZG_HA17A,0.36323497,-0.3615171015262604,1,3MZG_A_B
3MZG_HA17A,0.38309553,-0.3615171015262604,1,3MZG_A_B
3MZG_HA17A,0.3238009,-0.3615171015262604,1,3MZG_A_B
3MZG_HB188A,-0.44731462,0.6061590909957886,1,3MZG_A_B
3MZG_HB188A,1.0568107,0.6061590909957886,1,3MZG_A_B
3MZG_HB188A,2.0351312,0.6061590909957886,1,3MZG_A_B
3MZG_HB188A,1.9281298,0.6061590909957886,1,3MZG_A_B
3MZG_HB188A,2.094157,0.6061590909957886,1,3MZG_A_B
3MZG_HB188A,2.442555,0.6061590909957886,1,3MZG_A_B
3MZG_HB188A,2.2926395,0.6061590909957886,1,3MZG_A_B
3MZG_HB188A,2.3429003,0.6061590909957886,1,3MZG_A_B
3MZG_HB188A,2.2499032,0.6061590909957886,1,3MZG_A_B
3MZG_HA167A,0.26777947,1.2277828454971313,1,3MZG_A_B
3MZG_HA167A,0.77655095,1.2277828454971313,1,3MZG_A_B
3MZG_HA167A,1.0553277,1.2277828454971313,1,3MZG_A_B
3MZG_HA167A,1.7124065,1.2277828454971313,1,3MZG_A_B
3MZG_HA167A,2.0376904,1.2277828454971313,1,3MZG_A_B
3MZG_HA167A,2.2031703,1.2277828454971313,1,3MZG_A_B
3MZG_HA167A,2.0335617,1.2277828454971313,1,3MZG_A_B
3MZG_HA167A,2.4553313,1.2277828454971313,1,3MZG_A_B
3MZG_HA167A,2.2729511,1.2277828454971313,1,3MZG_A_B
3MZG_HA167A,2.2118194,1.2277828454971313,1,3MZG_A_B
"3MZG_HA167A,HB188A",-0.23726372,0.9169706702232361,2,3MZG_A_B
"3MZG_HA167A,HB188A",1.3352653,0.9169706702232361,2,3MZG_A_B
"3MZG_HA167A,HB188A",2.8023236,0.9169706702232361,2,3MZG_A_B
"3MZG_HA167A,HB188A",2.929169,0.9169706702232361,2,3MZG_A_B
"3MZG_HA167A,HB188A",3.3302264,0.9169706702232361,2,3MZG_A_B
"3MZG_HA167A,HB188A",3.4945364,0.9169706702232361,2,3MZG_A_B
"3MZG_HA167A,HB188A",3.4681423,0.9169706702232361,2,3MZG_A_B
"3MZG_HA167A,HB188A",3.3926997,0.9169706702232361,2,3MZG_A_B
"3MZG_HA167A,HB188A",3.3738556,0.9169706702232361,2,3MZG_A_B
3MZW_NB18T,-0.14522329,0.28145360946655273,1,3MZW_A_B
3MZW_NB18G,0.072635986,-0.06479102373123169,1,3MZW_A_B
3MZW_NB18A,0.025214529,0.300966739654541,1,3MZW_A_B
"3MZW_NB1E,NB18T",0.38432088,0.1086973324418068,2,3MZW_A_B
"3MZW_NB1A,NB18T",0.34248337,0.006110355257987976,2,3MZW_A_B
"3MZW_NB18T,AB49S",0.09499532,0.14197486359626055,2,3MZW_A_B
"3MZW_NB18T,AB37S,AB41S,AB49S",-0.11319105,0.07379833841696382,4,3MZW_A_B
"3MZW_NB1A,NB18T,AB37S,AB41S,AB49S",0.025214529,0.0051919717341661455,5,3MZW_A_B
"3MZW_NB1E,NB18T,AB37S,AB41S,AB49S",0.2816657,0.04622676260769367,5,3MZW_A_B
"3MZW_NB1A,NB18T,AB37S,AB41S,AB49S",-0.08280224,0.0051919717341661455,5,3MZW_A_B
"3MZW_NB18T,SB28A",-0.21500409,0.0074856579303741455,2,3MZW_A_B
"3MZW_NB18T,SB28K",-0.21500409,0.02451140433549881,2,3MZW_A_B
"3MZW_NB18T,DB31A",0.7081218,0.185191098600626,2,3MZW_A_B
"3MZW_NB18T,DB31K",1.2189478,0.17034025490283966,2,3MZW_A_B
"3MZW_NB18T,DB32E",0.21388307,0.331988200545311,2,3MZW_A_B
"3MZW_NB18T,EB42A",-0.33802044,0.2009815350174904,2,3MZW_A_B
"3MZW_NB18T,LB46T",-0.17908691,0.4589843451976776,2,3MZW_A_B
"3MZW_NB18T,LB46Y",-0.026335536,0.37636810541152954,2,3MZW_A_B
"3MZW_NB18T,NB38E,AB49S",0.13733132,0.060240852956970535,3,3MZW_A_B
"3MZW_NB18T,AB37S,AB41S,LB46T",-0.14522329,0.23230307921767235,4,3MZW_A_B
"3MZW_NB18T,AB37S,AB41S,LB46Y",-0.053896412,0.1909949593245983,4,3MZW_A_B
"3MZW_NB1A,NB18T,SB28K,AB37S,AB41S,AB49S",-0.21500409,-0.03441192302852869,6,3MZW_A_B
"3MZW_NB1A,NB18T,SB28K,DB31A,AB37S,AB41S,AB49S",0.4480869,-0.016791935211845806,7,3MZW_A_B
"3MZW_NB1A,NB18T,SB28K,DB32E,AB37S,AB41S,AB49S",-0.67990965,0.025150093915207044,7,3MZW_A_B
"3MZW_NB1A,NB18T,SB28K,AB37S,NB38E,AB41S,AB49S",-0.25324005,-0.044242672356111665,7,3MZW_A_B
"3MZW_NB1A,NB18T,SB28K,AB37S,NB38E,AB41S,AB49S",-0.14522329,-0.044242672356111665,7,3MZW_A_B
"3MZW_NB1A,NB18T,SB28K,AB37S,AB41S,EB42A,AB49S",-0.3854419,-0.012280381949884551,7,3MZW_A_B
"3MZW_NB1A,NB18T,SB28K,AB37S,AB41S,EB42A,AB49S",-0.08280224,-0.012280381949884551,7,3MZW_A_B
"3MZW_NB1A,NB18T,SB28K,AB37S,NB38E,AB41S,AB49S",0.5680728,-0.044242672356111665,7,3MZW_A_B
"3MZW_NB1A,NB18T,SB28K,AB37S,NB38E,AB41S,AB49S",0.7081218,-0.044242672356111665,7,3MZW_A_B
3N06_AA14H,0.09132688,-0.3378567695617676,1,3N06_A_B
3N06_AA14H,0.14770088,-0.3378567695617676,1,3N06_A_B
3N06_AA14H,0.37473926,-0.3378567695617676,1,3N06_A_B
3N06_AA14H,0.1987515,-0.3378567695617676,1,3N06_A_B
3N06_AA14H,0.16787863,-0.3378567695617676,1,3N06_A_B
3N06_AA14H,0.07655175,-0.3378567695617676,1,3N06_A_B
3N06_AA14H,-0.1265324,-0.3378567695617676,1,3N06_A_B
3N06_AA14H,-0.12301635,-0.3378567695617676,1,3N06_A_B
3N06_AA14H,-0.29176867,-0.3378567695617676,1,3N06_A_B
3N06_AA14H,-0.3238009,-0.3378567695617676,1,3N06_A_B
3N0P_AA17H,0.8744038,-0.05721060931682587,1,3N0P_A_B
3N0P_AA17H,0.2971027,-0.05721060931682587,1,3N0P_A_B
3N0P_AA17H,0.22198787,-0.05721060931682587,1,3N0P_A_B
3N0P_AA17H,-0.09047991,-0.05721060931682587,1,3N0P_A_B
3N0P_AA17H,-0.28704792,-0.05721060931682587,1,3N0P_A_B
3N0P_AA17H,-0.28069448,-0.05721060931682587,1,3N0P_A_B
3N0P_AA17H,-0.28546593,-0.05721060931682587,1,3N0P_A_B
3N0P_AA17H,-0.36323497,-0.05721060931682587,1,3N0P_A_B
3N0P_AA17H,-0.38309553,-0.05721060931682587,1,3N0P_A_B
3N0P_AA17H,-0.3238009,-0.05721060931682587,1,3N0P_A_B
3N4I_EA79D,4.384282,4.111881732940674,1,3N4I_A_B
3N85_WL91F,0.13965416,-0.40348413586616516,1,3N85_A_LH
3N85_WL94Y,-0.038736146,-0.0847422182559967,1,3N85_A_LH
3N85_WH30K,-0.78495467,0.5078442096710205,1,3N85_A_LH
3N85_WH30R,-0.5542155,0.7355738878250122,1,3N85_A_LH
3N85_SH32Y,0.057148077,0.14715895056724548,1,3N85_A_LH
3N85_SH32A,-0.13407966,0.26648807525634766,1,3N85_A_LH
3N85_SH50G,0.48788953,0.4059799909591675,1,3N85_A_LH
3N85_SH52Y,-0.78495467,-1.6708415746688843,1,3N85_A_LH
3N85_WH100F,-0.015191909,0.1876138299703598,1,3N85_A_LH
3N85_WH100F,-0.015191909,0.1876138299703598,1,3N85_A_LH
3NCB_AA167H,0.68627405,-1.290897250175476,1,3NCB_A_B
3NCB_AA167H,-0.734086,-1.290897250175476,1,3NCB_A_B
3NCB_AA167H,-1.6697221,-1.290897250175476,1,3NCB_A_B
3NCB_AA167H,-1.4450119,-1.290897250175476,1,3NCB_A_B
3NCB_AA167H,-1.481518,-1.290897250175476,1,3NCB_A_B
3NCB_AA167H,-1.8215219,-1.290897250175476,1,3NCB_A_B
3NCB_AA167H,-1.6300702,-1.290897250175476,1,3NCB_A_B
3NCB_AA167H,-1.6149025,-1.290897250175476,1,3NCB_A_B
3NCB_AA167H,-1.535409,-1.290897250175476,1,3NCB_A_B
3NCB_AA167H,-0.26777947,-1.290897250175476,1,3NCB_A_B
3NCB_AA167H,-0.77655095,-1.290897250175476,1,3NCB_A_B
3NCB_AA167H,-1.0553277,-1.290897250175476,1,3NCB_A_B
3NCB_AA167H,-1.7124065,-1.290897250175476,1,3NCB_A_B
3NCB_AA167H,-2.0376904,-1.290897250175476,1,3NCB_A_B
3NCB_AA167H,-2.2031703,-1.290897250175476,1,3NCB_A_B
3NCB_AA167H,-2.0335617,-1.290897250175476,1,3NCB_A_B
3NCB_AA167H,-2.4553313,-1.290897250175476,1,3NCB_A_B
3NCB_AA167H,-2.2729511,-1.290897250175476,1,3NCB_A_B
3NCB_AA167H,-2.2118194,-1.290897250175476,1,3NCB_A_B
3NCC_AB188H,0.44731462,-0.4661906361579895,1,3NCC_A_B
3NCC_AB188H,-1.0568107,-0.4661906361579895,1,3NCC_A_B
3NCC_AB188H,-2.0351312,-0.4661906361579895,1,3NCC_A_B
3NCC_AB188H,-1.9281298,-0.4661906361579895,1,3NCC_A_B
3NCC_AB188H,-2.094157,-0.4661906361579895,1,3NCC_A_B
3NCC_AB188H,-2.442555,-0.4661906361579895,1,3NCC_A_B
3NCC_AB188H,-2.2926395,-0.4661906361579895,1,3NCC_A_B
3NCC_AB188H,-2.3429003,-0.4661906361579895,1,3NCC_A_B
3NCC_AB188H,-2.2499032,-0.4661906361579895,1,3NCC_A_B
3NGB_TH33Y,0.084231555,-1.876405119895935,1,3NGB_HL_G
3NGB_GH55S,0.74337626,-0.1324886977672577,1,3NGB_HL_G
3NGB_AH57G,-0.056055423,-0.09446634352207184,1,3NGB_HL_G
3NGB_VH58T,0.13793397,0.45041128993034363,1,3NGB_HL_G
3NGB_PH63K,0.23262739,-0.5252238512039185,1,3NGB_HL_G
3NGB_VH74T,0.1650131,0.227571502327919,1,3NGB_HL_G
3NGB_YH75S,0.33271983,0.5814030170440674,1,3NGB_HL_G
3NGB_IH30T,0.073426664,-0.391219824552536,1,3NGB_HL_G
3NGB_KH52N,0.17504837,-0.26652824878692627,1,3NGB_HL_G
3NGB_RH54N,0.046471257,0.8848824501037598,1,3NGB_HL_G
3NGB_RH62Q,0.09659315,-0.2124844342470169,1,3NGB_HL_G
3NGB_YL26S,0.65156037,0.13412471115589142,1,3NGB_HL_G
"3NGB_AH57G,VH58T,PH63K,VH74T",1.6741705,0.014573173597455025,4,3NGB_HL_G
"3NGB_TH33Y,GH56S,AH57G,VH58T,PH63K,VH74T,YH75S",1.9390616,-0.06550162072692599,7,3NGB_HL_G
"3NGB_IH30T,KH52N,RH54N,GH55S,AH57G,VH58T,RH62Q,PH63K,VH74T,YH75S,YL26S",0.8625306,0.05963460491462187,11,3NGB_HL_G
"3NGB_CH32S,CH102A",0.2591139,1.106929987668991,2,3NGB_HL_G
3NGB_IH30A,-0.0026991025,0.3597457706928253,1,3NGB_HL_G
3NGB_TH33A,0.69580543,-0.25926363468170166,1,3NGB_HL_G
3NGB_WH47A,1.1828623,1.585831880569458,1,3NGB_HL_G
3NGB_WH50A,1.2710462,0.8129147291183472,1,3NGB_HL_G
3NGB_KH52A,0.6128784,0.2224384844303131,1,3NGB_HL_G
3NGB_RH54A,-0.2552182,1.0188639163970947,1,3NGB_HL_G
3NGB_GH55A,-1.2561543,0.022766072303056717,1,3NGB_HL_G
3NGB_GH56A,1.2452834,0.8456439971923828,1,3NGB_HL_G
3NGB_VH58A,1.3366102,0.6845426559448242,1,3NGB_HL_G
3NGB_NH59A,1.738742,0.8621642589569092,1,3NGB_HL_G
3NGB_YH60A,0.53961784,0.6346868872642517,1,3NGB_HL_G
3NGB_RH62A,0.97985023,0.30658018589019775,1,3NGB_HL_G
3NGB_PH63A,-0.041837517,-0.13919039070606232,1,3NGB_HL_G
3NGB_QH65A,-0.3349213,0.44670718908309937,1,3NGB_HL_G
3NGB_MH70A,0.5220299,1.593146800994873,1,3NGB_HL_G
3NGB_RH72A,1.6168255,1.3941609859466553,1,3NGB_HL_G
3NGB_VH74A,1.0704406,0.25357785820961,1,3NGB_HL_G
3NGB_YH75A,-0.19612087,0.5312639474868774,1,3NGB_HL_G
3NGB_DH103A,0.05890981,0.1395920366048813,1,3NGB_HL_G
3NGB_YH104A,1.4007215,0.49501824378967285,1,3NGB_HL_G
3NGB_NH105A,1.1006083,-0.1405823975801468,1,3NGB_HL_G
3NGB_WH106A,4.3908286,1.69045090675354,1,3NGB_HL_G
3NGB_VL1A,-0.760942,0.09133419394493103,1,3NGB_HL_G
3NGB_QL25A,-0.22690453,0.041322894394397736,1,3NGB_HL_G
3NGB_YL26A,0.9694561,0.273227334022522,1,3NGB_HL_G
3NGB_SL28A,-0.14238751,0.058164097368717194,1,3NGB_HL_G
3NGB_YL87A,1.9902998,1.2030808925628662,1,3NGB_HL_G
3NGB_EL88A,1.2987503,1.6798299551010132,1,3NGB_HL_G
3NGB_FL89A,0.8450669,0.4565606117248535,1,3NGB_HL_G
3NPS_QA23A,0.026335536,-0.4774022102355957,1,3NPS_A_BC
3NPS_IA26A,0.6418298,-0.4444805979728699,1,3NPS_A_BC
3NPS_IA45A,-0.3319664,0.7620810270309448,1,3NPS_A_BC
3NPS_DA46A,0.34013882,0.007991040125489235,1,3NPS_A_BC
3NPS_DA47A,1.0679485,0.8568962812423706,1,3NPS_A_BC
3NPS_RA48A,-1.0632169,0.10069901496171951,1,3NPS_A_BC
3NPS_FA50A,0.21966907,0.6316527724266052,1,3NPS_A_BC
3NPS_RA51A,0.13823023,0.21552546322345734,1,3NPS_A_BC
3NPS_YA52A,0.45209214,-0.1664450764656067,1,3NPS_A_BC
3NPS_RA82A,-0.1516633,0.12901583313941956,1,3NPS_A_BC
3NPS_FA89A,1.572108,0.8934289813041687,1,3NPS_A_BC
3NPS_NA90A,0.2535327,0.4698408842086792,1,3NPS_A_BC
3NPS_DA91A,1.5077089,0.558856189250946,1,3NPS_A_BC
3NPS_FA92A,0.46374732,1.1703276634216309,1,3NPS_A_BC
3NPS_TA93A,0.7241365,0.49903005361557007,1,3NPS_A_BC
3NPS_HA138A,1.8759315,0.049689531326293945,1,3NPS_A_BC
3NPS_QA140A,0.2958687,0.2252354919910431,1,3NPS_A_BC
3NPS_YA141A,1.7756685,1.7765566110610962,1,3NPS_A_BC
3NPS_TA144A,0.17504837,0.35102102160453796,1,3NPS_A_BC
3NPS_LA147A,0.2958687,0.4719850718975067,1,3NPS_A_BC
3NPS_EA163A,0.6156237,0.6877537965774536,1,3NPS_A_BC
3NPS_QA168A,-0.059250355,0.12104615569114685,1,3NPS_A_BC
3NPS_QA169A,0.74123937,0.5793114900588989,1,3NPS_A_BC
3NPS_DA214A,1.4673998,1.5945379734039307,1,3NPS_A_BC
3NPS_QA218A,-0.040935077,0.2418140470981598,1,3NPS_A_BC
3NPS_RA219A,-0.083939426,-0.13461017608642578,1,3NPS_A_BC
3NPS_KA221A,-0.10365678,0.5345929861068726,1,3NPS_A_BC
3NVN_RA193E,2.4865458,0.9676170945167542,1,3NVN_B_A
3NVN_RB186S,1.2686275,1.5322322845458984,1,3NVN_B_A
3NVQ_RA157E,1.5458552,1.1636769771575928,1,3NVQ_B_A
3NVQ_RA159E,1.5608547,1.9216598272323608,1,3NVQ_B_A
3PWP_GC2L,-0.63418514,0.37399083375930786,1,3PWP_ABC_DE
"3PWP_GC2L,IC9V",-0.38579464,0.2588977739214897,2,3PWP_ABC_DE
3Q3J_YB100F,0.21131277,0.12517672777175903,1,3Q3J_A_B
3Q8D_RA202A,0.45807788,0.05982472002506256,1,3Q8D_A_E
3Q8D_RA202E,1.3835975,0.08105414360761642,1,3Q8D_A_E
3Q8D_RA209A,1.3232962,0.3646014332771301,1,3Q8D_A_E
3Q8D_RA209E,3.0309818,0.08485448360443115,1,3Q8D_A_E
3Q8D_FA227A,0.30263966,2.2796075344085693,1,3Q8D_A_E
3Q8D_FA227D,3.0309818,3.4163007736206055,1,3Q8D_A_E
3Q8D_RA228A,0.35910636,0.2658511996269226,1,3Q8D_A_E
3Q8D_RA228E,1.2067547,0.14532548189163208,1,3Q8D_A_E
3Q8D_RA131A,3.0309818,-1.9698489904403687,1,3Q8D_A_E
3Q8D_RA97A,0.45807788,0.1508721262216568,1,3Q8D_A_E
3Q8D_RA12A,0.35910636,0.2263593226671219,1,3Q8D_A_E
3QDG_DD26W,-1.5622689,-1.4892871379852295,1,3QDG_ABC_DE
3QDG_DD26Y,-1.7938383,-0.8849868178367615,1,3QDG_ABC_DE
3QDG_RD27W,0.59648347,0.46354004740715027,1,3QDG_ABC_DE
3QDG_LE95W,-0.7029923,-0.4134989082813263,1,3QDG_ABC_DE
3QDG_FE97W,0.9345039,0.3540768623352051,1,3QDG_ABC_DE
3QDG_TE99F,-0.038651876,0.24038834869861603,1,3QDG_ABC_DE
3QDG_GD28I,0.86633086,0.3501255512237549,1,3QDG_ABC_DE
3QDG_GD28L,1.3886056,0.6385612487792969,1,3QDG_ABC_DE
3QDG_GD28Y,1.5025767,0.754460871219635,1,3QDG_ABC_DE
3QDG_RD27P,0.13840558,0.059646833688020706,1,3QDG_ABC_DE
3QDG_GD28P,1.0919203,1.6132136583328247,1,3QDG_ABC_DE
3QDG_AE52P,-0.06589585,0.04500366747379303,1,3QDG_ABC_DE
3QDG_GD28N,0.8517017,0.6156233549118042,1,3QDG_ABC_DE
3QDG_FE97Y,1.39456,0.6213768720626831,1,3QDG_ABC_DE
"3QDG_DD26W,LE95W",-3.3547828,-0.951392650604248,2,3QDG_ABC_DE
"3QDG_DD26Y,LE95W",-3.5434513,-0.6492420434951782,2,3QDG_ABC_DE
3QDJ_DD26W,-2.1718638,-2.122570276260376,1,3QDJ_ABC_DE
3QDJ_DD26Y,-1.3372369,-2.5937392711639404,1,3QDJ_ABC_DE
3QDJ_RD27W,0.21679848,0.4106283187866211,1,3QDJ_ABC_DE
3QDJ_LE95W,-0.80769265,-0.5048403739929199,1,3QDJ_ABC_DE
3QDJ_FE97W,0.38962042,0.38950246572494507,1,3QDJ_ABC_DE
3QDJ_TE99F,-0.27570537,-0.5882712006568909,1,3QDJ_ABC_DE
3QDJ_GD28I,-0.10526757,0.43361395597457886,1,3QDJ_ABC_DE
3QDJ_GD28L,0.65545,0.7186695337295532,1,3QDJ_ABC_DE
3QDJ_GD28Y,0.55647844,0.9825442433357239,1,3QDJ_ABC_DE
3QDJ_RD27P,0.03995572,0.05150047689676285,1,3QDJ_ABC_DE
3QDJ_GD28P,1.22504,0.652198314666748,1,3QDJ_ABC_DE
3QDJ_AE52P,0.2071649,0.2569536864757538,1,3QDJ_ABC_DE
3QDJ_GD28N,0.41065642,0.4078669846057892,1,3QDJ_ABC_DE
3QDJ_FE97Y,0.77846634,0.8692631125450134,1,3QDJ_ABC_DE
"3QDJ_DD26W,LE95W",-2.53097,-1.3137052357196808,2,3QDJ_ABC_DE
"3QDJ_DD26Y,LE95W",-1.9139587,-1.5492899715900421,2,3QDJ_ABC_DE
3QDJ_AC2L,2.2999992,-0.04431634396314621,1,3QDJ_ABC_DE
3QFJ_FC5Y,-0.17043781,-0.07973470538854599,1,3QFJ_ABC_DE
3QHY_NB10A,2.2552648,0.6845754384994507,1,3QHY_A_B
3QHY_DB12A,2.2552648,1.3505916595458984,1,3QHY_A_B
3QHY_WB13A,2.8636954,1.51374089717865,1,3QHY_A_B
3QHY_TB17A,0.056466706,0.5528116822242737,1,3QHY_A_B
3QHY_YB33A,2.9032068,2.5996203422546387,1,3QHY_A_B
3QHY_FB34A,3.9844966,2.6492326259613037,1,3QHY_A_B
3QHY_LB51A,0.81635505,1.4777157306671143,1,3QHY_A_B
3QHY_NB72A,1.6057048,1.419933795928955,1,3QHY_A_B
3QHY_YB73A,0.8012278,0.8011107444763184,1,3QHY_A_B
3QHY_DB91A,1.8893908,1.7434297800064087,1,3QHY_A_B
3QHY_WB112A,3.7898736,3.6358816623687744,1,3QHY_A_B
3QHY_DB127A,0.38026762,1.302403211593628,1,3QHY_A_B
3QHY_SB129A,-0.08478038,0.2505977749824524,1,3QHY_A_B
3QHY_DB130A,0.9613618,1.171437382698059,1,3QHY_A_B
3QHY_YB151A,3.4235926,4.7278828620910645,1,3QHY_A_B
3QHY_DB166A,3.498105,0.12874524295330048,1,3QHY_A_B
3QHY_YB168A,1.7433984,2.2371814250946045,1,3QHY_A_B
3QHY_FB169A,2.0624676,2.5862646102905273,1,3QHY_A_B
3QHY_IB189A,3.067735,2.430645227432251,1,3QHY_A_B
3QHY_FB190A,3.0754795,4.34993839263916,1,3QHY_A_B
3QHY_YB208A,0.24021861,1.2576725482940674,1,3QHY_A_B
3QHY_EB228A,3.0129364,1.4760611057281494,1,3QHY_A_B
3QHY_WB229A,5.4324994,5.214447021484375,1,3QHY_A_B
3QHY_RB246A,0.5349058,0.39455002546310425,1,3QHY_A_B
3QHY_NB264A,2.6958709,2.3862860202789307,1,3QHY_A_B
3QIB_RC89P,-0.11936844,-1.40379798412323,1,3QIB_ABP_CD
3QIB_NC94P,0.78681296,0.16808444261550903,1,3QIB_ABP_CD
3QIB_LD95P,-0.3697238,0.49806079268455505,1,3QIB_ABP_CD
3QIB_QA57A,0.2648344,0.594616711139679,1,3QIB_ABP_CD
3QIB_AA61G,0.8922893,-0.08118240535259247,1,3QIB_ABP_CD
3QIB_AA64G,0.6100001,0.16477829217910767,1,3QIB_ABP_CD
3QIB_KA67A,0.56609464,0.22825446724891663,1,3QIB_ABP_CD
3QIB_AA68G,0.8450669,0.2761537730693817,1,3QIB_ABP_CD
3QIB_EA75A,0.0,0.025779947638511658,1,3QIB_ABP_CD
3QIB_EB57A,0.0,0.24711772799491882,1,3QIB_ABP_CD
3QIB_SB61A,0.026335536,-0.009618289768695831,1,3QIB_ABP_CD
3QIB_QB62A,1.7639565,1.0052165985107422,1,3QIB_ABP_CD
3QIB_EB64A,1.2128121,0.10789328068494797,1,3QIB_ABP_CD
3QIB_EB67A,1.8214198,0.419308066368103,1,3QIB_ABP_CD
3QIB_AB71G,2.204041,0.3335499167442322,1,3QIB_ABP_CD
3QIB_DB74A,0.8629055,1.0297887325286865,1,3QIB_ABP_CD
3QIB_TB75A,0.7498466,0.7433081865310669,1,3QIB_ABP_CD
3QIB_HB79A,0.051550064,0.6496991515159607,1,3QIB_ABP_CD
"3QIB_KA67A,EB64A",1.507048,0.16807391121983528,2,3QIB_ABP_CD
3QIB_YP6A,3.1389987,0.9228108525276184,1,3QIB_ABP_CD
3QIB_YP6F,0.10801677,0.4565156102180481,1,3QIB_ABP_CD
3QIB_KP8A,3.1389987,2.1241562366485596,1,3QIB_ABP_CD
3QIB_KP8R,2.237034,-0.5090212821960449,1,3QIB_ABP_CD
3QIB_TP11A,3.1389987,0.39616674184799194,1,3QIB_ABP_CD
3QIB_TP11S,1.0757226,0.13109712302684784,1,3QIB_ABP_CD
3QIB_TP11N,1.2238348,0.19707924127578735,1,3QIB_ABP_CD
"3QIB_YP6F,TP11S",1.2169697,0.29380519688129425,2,3QIB_ABP_CD
3R9A_AA323W,0.33875594,0.13039085268974304,1,3R9A_AC_B
3R9A_YA325A,1.01458,1.5793178081512451,1,3R9A_AC_B
3R9A_YA325W,0.48231503,0.43854671716690063,1,3R9A_AC_B
3R9A_VA331D,0.0,1.7743873596191406,1,3R9A_AC_B
3R9A_GA165R,0.048722126,0.9603509306907654,1,3R9A_AC_B
3RF3_AC8K,1.7292318,0.5785468816757202,1,3RF3_A_C
3S9D_SA18A,-0.21131277,0.420460045337677,1,3S9D_A_B
3S9D_LA19A,1.0099814,0.18376052379608154,1,3S9D_A_B
3S9D_FA20A,0.5186732,0.577080249786377,1,3S9D_A_B
3S9D_SA21A,0.0,0.002758418209850788,1,3S9D_A_B
3S9D_LA23A,3.6818569,1.5659583806991577,1,3S9D_A_B
3S9D_KA24A,0.49345866,0.034807976335287094,1,3S9D_A_B
3S9D_DA25A,0.38026762,0.1359756886959076,1,3S9D_A_B
3S9D_RA26A,3.6818569,0.5316146612167358,1,3S9D_A_B
3S9D_HA27A,0.41065642,0.6848483085632324,1,3S9D_A_B
3S9D_DA28A,0.24021861,1.1915980577468872,1,3S9D_A_B
3S9D_EA34A,0.0,0.09426198154687881,1,3S9D_A_B
3S9D_KA92A,0.10801677,-0.24182026088237762,1,3S9D_A_B
3S9D_RA96A,0.34823537,0.49796900153160095,1,3S9D_A_B
3S9D_LA99A,-0.062421046,0.36913490295410156,1,3S9D_A_B
3S9D_KA102A,0.27845457,0.1829289048910141,1,3S9D_A_B
3S9D_EA103A,-0.13220184,0.2852117419242859,1,3S9D_A_B
3S9D_KA104A,0.7751244,0.24877318739891052,1,3S9D_A_B
3S9D_KA105A,0.056466706,0.21693025529384613,1,3S9D_A_B
3S9D_TB33A,1.5196093,1.4568485021591187,1,3S9D_A_B
3S9D_MB35A,3.6818569,1.2626813650131226,1,3S9D_A_B
3S9D_SB36A,0.46712312,0.7934872508049011,1,3S9D_A_B
3S9D_KB37A,0.31437176,0.2796436846256256,1,3S9D_A_B
3S9D_EB39R,0.65087503,0.2654779255390167,1,3S9D_A_B
3S9D_EB39A,0.19934364,0.22082869708538055,1,3S9D_A_B
3S9D_KB42A,0.38026762,0.4265679121017456,1,3S9D_A_B
3S9D_WB61F,0.72502816,0.780460774898529,1,3S9D_A_B
3S9D_SB63A,0.31437176,0.49567872285842896,1,3S9D_A_B
3S9D_HB65A,0.63079,0.15063157677650452,1,3S9D_A_B
3S9D_NB85A,-0.21131277,-0.24259252846240997,1,3S9D_A_B
3S9D_WB87A,0.7422019,2.2575204372406006,1,3S9D_A_B
3S9D_DB121R,-0.062421046,0.2480914294719696,1,3S9D_A_B
3S9D_LA8A,1.2793907,0.939846932888031,1,3S9D_A_B
3S9D_MA9A,0.12424935,0.12882445752620697,1,3S9D_A_B
3S9D_RA15A,0.17043781,0.36829277873039246,1,3S9D_A_B
3S9D_RA16A,0.35910636,0.0822262391448021,1,3S9D_A_B
3S9D_IA17A,-0.13220184,0.06884253025054932,1,3S9D_A_B
3S9D_SA18A,-0.08478038,0.420460045337677,1,3S9D_A_B
3S9D_LA19A,1.0241725,0.18376052379608154,1,3S9D_A_B
3S9D_FA20A,0.8998063,0.577080249786377,1,3S9D_A_B
3S9D_LA23A,3.75601,1.5659583806991577,1,3S9D_A_B
3S9D_LA23V,2.6412787,1.2121182680130005,1,3S9D_A_B
3S9D_KA24A,0.65087503,0.034807976335287094,1,3S9D_A_B
3S9D_DA25A,0.63079,0.1359756886959076,1,3S9D_A_B
3S9D_RA26K,4.6736073,0.08686183393001556,1,3S9D_A_B
3S9D_RA26A,5.4179215,0.5316146612167358,1,3S9D_A_B
3S9D_RA26Q,6.082001,0.46339815855026245,1,3S9D_A_B
3S9D_HA27A,0.5736419,0.6848483085632324,1,3S9D_A_B
3S9D_DA28A,0.25324005,1.1915980577468872,1,3S9D_A_B
3S9D_QA33A,0.019426396,0.44893893599510193,1,3S9D_A_B
3S9D_RA96A,0.0,0.49796900153160095,1,3S9D_A_B
3S9D_KA102A,0.43008283,0.1829289048910141,1,3S9D_A_B
3S9D_EA103A,-0.21131277,0.2852117419242859,1,3S9D_A_B
3S9D_KA104A,1.2793907,0.24877318739891052,1,3S9D_A_B
3S9D_KA105A,0.140049,0.21693025529384613,1,3S9D_A_B
3S9D_RA115A,2.185484,1.4548877477645874,1,3S9D_A_B
3S9D_AA116G,2.0774672,0.4378253221511841,1,3S9D_A_B
3S9D_AA116M,1.0582309,-0.06516396254301071,1,3S9D_A_B
3S9D_MA119A,2.2893722,1.05197012424469,1,3S9D_A_B
3S9D_RA120A,3.0743792,1.2410078048706055,1,3S9D_A_B
3S9D_SA123A,0.9041151,0.08586116880178452,1,3S9D_A_B
3S9D_LA124A,1.3358574,0.2175188660621643,1,3S9D_A_B
3S9D_NA127A,-0.08478038,-0.15835554897785187,1,3S9D_A_B
3S9D_QA48A,0.0,-0.04031730815768242,1,3S9D_A_B
3S9D_FA50A,0.17043781,0.6171716451644897,1,3S9D_A_B
3S9D_NA51A,0.0,-0.26520925760269165,1,3S9D_A_B
3S9D_SA54A,0.0,0.4723970592021942,1,3S9D_A_B
3S9D_TA55A,0.0,1.2825473546981812,1,3S9D_A_B
3S9D_KA56A,0.0,-0.05445706844329834,1,3S9D_A_B
3S9D_SA59A,0.17043781,-0.13998274505138397,1,3S9D_A_B
3S9D_TA65A,0.17043781,-0.022961392998695374,1,3S9D_A_B
3S9D_LA66A,0.30263966,0.7581841349601746,1,3S9D_A_B
3S9D_KA69A,0.0,-0.16969239711761475,1,3S9D_A_B
3S9D_YA71A,0.30263966,0.6022734045982361,1,3S9D_A_B
3S9D_TA72A,0.17043781,0.07797209173440933,1,3S9D_A_B
3S9D_YA75A,0.30263966,0.05222491919994354,1,3S9D_A_B
3S9D_QA76A,0.17043781,-0.08975864201784134,1,3S9D_A_B
3S9D_NA79A,0.17043781,-0.22332343459129333,1,3S9D_A_B
3S9D_EA82A,0.17043781,-0.11040140688419342,1,3S9D_A_B
"3S9D_AA43H,AA44E,AA47Q",-0.017426314,-0.1559030239780744,3,3S9D_A_B
"3S9D_AA43Y,AA44N,AA47S",-0.19081901,-0.07000826050837834,3,3S9D_A_B
"3S9D_AA43H,AA44E,AA47Q",0.0,-0.1559030239780744,3,3S9D_A_B
3S9D_RA5A,0.62187046,0.6359725594520569,1,3S9D_A_B
3S9D_LA8A,1.3641711,0.939846932888031,1,3S9D_A_B
3S9D_MA9A,0.0,0.12882445752620697,1,3S9D_A_B
3S9D_AA12W,-0.18106504,-0.19901780784130096,1,3S9D_A_B
3S9D_RA15A,0.22013357,0.36829277873039246,1,3S9D_A_B
3S9D_RA16A,0.09638339,0.0822262391448021,1,3S9D_A_B
3S9D_IA17A,-0.08250609,0.06884253025054932,1,3S9D_A_B
3S9D_SA18A,0.0,0.420460045337677,1,3S9D_A_B
3S9D_LA19A,0.89546597,0.18376052379608154,1,3S9D_A_B
3S9D_FA20A,0.71329606,0.577080249786377,1,3S9D_A_B
3S9D_LA23A,3.9376671,1.5659583806991577,1,3S9D_A_B
3S9D_LA23V,2.2329054,1.2121182680130005,1,3S9D_A_B
3S9D_KA24A,0.71329606,0.034807976335287094,1,3S9D_A_B
3S9D_DA25A,0.925201,0.1359756886959076,1,3S9D_A_B
3S9D_RA26A,6.2779975,0.5316146612167358,1,3S9D_A_B
3S9D_RA26K,4.5031695,0.08686183393001556,1,3S9D_A_B
3S9D_HA27A,0.6389059,0.6848483085632324,1,3S9D_A_B
3S9D_DA28A,0.41065642,1.1915980577468872,1,3S9D_A_B
3S9D_RA91K,0.03078365,0.14822937548160553,1,3S9D_A_B
3S9D_KA92A,-0.07798353,-0.24182026088237762,1,3S9D_A_B
3S9D_RA96A,0.2833712,0.49796900153160095,1,3S9D_A_B
3S9D_KA102A,0.0,0.1829289048910141,1,3S9D_A_B
3S9D_EA103A,-0.16519484,0.2852117419242859,1,3S9D_A_B
3S9D_KA104A,0.21190493,0.24877318739891052,1,3S9D_A_B
3S9D_KA105A,0.19509666,0.21693025529384613,1,3S9D_A_B
3S9D_RA115A,2.0774672,1.4548877477645874,1,3S9D_A_B
3S9D_AA116M,1.0872943,-0.06516396254301071,1,3S9D_A_B
3S9D_AA116G,2.0774672,0.4378253221511841,1,3S9D_A_B
3S9D_MA119A,2.0774672,1.05197012424469,1,3S9D_A_B
3S9D_RA120A,2.7283423,1.2410078048706055,1,3S9D_A_B
3S9D_SA123A,1.3641711,0.08586116880178452,1,3S9D_A_B
3S9D_LA124A,1.3641711,0.2175188660621643,1,3S9D_A_B
3S9D_NA127A,0.0,-0.15835554897785187,1,3S9D_A_B
3S9D_EB17R,0.0,0.10722710937261581,1,3S9D_A_B
3S9D_YB32A,1.3082966,2.082545518875122,1,3S9D_A_B
3S9D_TB33A,1.6668108,1.4568485021591187,1,3S9D_A_B
3S9D_IB34A,1.7748275,-0.007045465521514416,1,3S9D_A_B
3S9D_MB35A,2.3176858,1.2626813650131226,1,3S9D_A_B
3S9D_MB35V,1.8240691,0.9494906067848206,1,3S9D_A_B
3S9D_SB36A,0.54285824,0.7934872508049011,1,3S9D_A_B
3S9D_KB37A,0.69402766,0.2796436846256256,1,3S9D_A_B
3S9D_EB39A,0.21190493,0.22082869708538055,1,3S9D_A_B
3S9D_DB40A,0.0,0.115224190056324,1,3S9D_A_B
3S9D_KB42A,0.58918494,0.4265679121017456,1,3S9D_A_B
3S9D_RB62A,0.17043781,0.1547846496105194,1,3S9D_A_B
3S9D_SB63A,0.2734968,0.49567872285842896,1,3S9D_A_B
3S9D_TB64A,0.25581035,0.23234447836875916,1,3S9D_A_B
3S9D_HB65A,0.6389059,0.15063157677650452,1,3S9D_A_B
3S9D_EB66A,2.4123886,1.2981709241867065,1,3S9D_A_B
3S9D_AB67M,-0.16781053,-0.6155554056167603,1,3S9D_A_B
3S9D_VB69A,2.3176858,1.0671124458312988,1,3S9D_A_B
3S9D_HB84A,0.043764338,0.21127209067344666,1,3S9D_A_B
3S9D_NB85A,-0.13220184,-0.24259252846240997,1,3S9D_A_B
3S9D_WB87A,1.0482174,2.2575204372406006,1,3S9D_A_B
3S9D_IB90A,1.4963729,0.7039219737052917,1,3S9D_A_B
3S9D_DB91A,1.0482174,0.846399188041687,1,3S9D_A_B
3S9D_DB121R,-0.09861257,0.2480914294719696,1,3S9D_A_B
3S9D_HB166A,0.0,-0.06170406937599182,1,3S9D_A_B
3S9D_RA120A,3.101651,1.2410078048706055,1,3S9D_A_B
3S9D_EB66A,2.4010675,1.2981709241867065,1,3S9D_A_B
"3S9D_RA120A,EB66A",3.6024737,1.2695890665054321,2,3S9D_A_B
"3S9D_TB33A,LA8A",3.5785608,1.198347419500351,2,3S9D_A_B
"3S9D_TB33A,LA19A",3.394809,0.8203044533729553,2,3S9D_A_B
"3S9D_TB33A,FA20A",3.021426,1.0169640183448792,2,3S9D_A_B
"3S9D_TB33A,LA23A",5.96137,1.5114034414291382,2,3S9D_A_B
"3S9D_TB33A,RA115A",4.048243,1.4558669328689575,2,3S9D_A_B
"3S9D_TB33A,AA116G",4.351393,0.9473364800214767,2,3S9D_A_B
"3S9D_TB33A,MA119A",4.463985,1.2544082999229431,2,3S9D_A_B
"3S9D_TB33A,RA120A",5.268608,1.3489272594451904,2,3S9D_A_B
"3S9D_TB33A,SA123A",3.0632634,0.7713547870516777,2,3S9D_A_B
"3S9D_TB33A,LA124A",3.3123913,0.8371832817792892,2,3S9D_A_B
"3S9D_IB34A,RA115A",4.271188,0.7239204305224121,2,3S9D_A_B
"3S9D_IB34A,AA116G",4.4740267,0.2153899776749313,2,3S9D_A_B
"3S9D_IB34A,MA119A",4.2350516,0.5224617975763977,2,3S9D_A_B
"3S9D_IB34A,RA120A",5.001758,0.616980757098645,2,3S9D_A_B
"3S9D_IB34A,SA123A",3.0067968,0.039408284705132246,2,3S9D_A_B
"3S9D_IB34A,LA124A",3.561387,0.10523677943274379,2,3S9D_A_B
"3S9D_WB87A,RA5A",2.340922,1.446747362613678,2,3S9D_A_B
"3S9D_WB87A,LA8A",3.0765777,1.598684161901474,2,3S9D_A_B
"3S9D_WB87A,MA119A",3.8463404,1.6547450423240662,2,3S9D_A_B
"3S9D_WB87A,SA123A",2.7515786,1.1716915294528008,2,3S9D_A_B
"3S9D_WB87A,LA124A",2.9443758,1.2375200241804123,2,3S9D_A_B
3S9D_IB90A,1.6426257,0.7039219737052917,1,3S9D_A_B
"3S9D_IB90A,LA8A",3.740474,0.8218840062618256,2,3S9D_A_B
"3S9D_IB90A,LA19A",3.0357027,0.44384104013442993,2,3S9D_A_B
"3S9D_IB90A,FA20A",2.816274,0.6405006051063538,2,3S9D_A_B
"3S9D_IB90A,LA23A",5.449532,1.1349400281906128,2,3S9D_A_B
"3S9D_IB90A,RA115A",3.52547,1.0794035196304321,2,3S9D_A_B
"3S9D_IB90A,MA119A",4.035335,0.8779448866844177,2,3S9D_A_B
"3S9D_IB90A,RA120A",4.90847,0.972463846206665,2,3S9D_A_B
"3S9D_IB90A,SA123A",3.2568083,0.3948913738131523,2,3S9D_A_B
"3S9D_IB90A,LA124A",3.346746,0.46071986854076385,2,3S9D_A_B
"3S9D_DB91A,LA19A",2.9443758,0.5150793790817261,2,3S9D_A_B
"3S9D_DB91A,FA20A",2.3848276,0.7117389440536499,2,3S9D_A_B
"3S9D_DB91A,RA115A",3.672301,1.1506418585777283,2,3S9D_A_B
"3S9D_DB91A,SA123A",2.6789427,0.46612971276044846,2,3S9D_A_B
"3S9D_DB91A,LA124A",3.021426,0.53195820748806,2,3S9D_A_B
3S9D_TB33A,2.0070937,1.4568485021591187,1,3S9D_A_B
3S9D_IB34A,1.9302658,-0.007045465521514416,1,3S9D_A_B
3S9D_MB35V,2.9259908,0.9494906067848206,1,3S9D_A_B
3S9D_HB65A,1.2015804,0.15063157677650452,1,3S9D_A_B
3S9D_EB66A,2.4335496,1.2981709241867065,1,3S9D_A_B
3S9D_WB87A,1.5463411,2.2575204372406006,1,3S9D_A_B
3S9D_IB90A,1.7124065,0.7039219737052917,1,3S9D_A_B
3S9D_DB91A,1.6276261,0.846399188041687,1,3S9D_A_B
3S9D_LA8A,1.9656465,0.939846932888031,1,3S9D_A_B
3S9D_LA19A,1.4916142,0.18376052379608154,1,3S9D_A_B
3S9D_LA23A,3.8640268,1.5659583806991577,1,3S9D_A_B
3S9D_RA115A,2.1795297,1.4548877477645874,1,3S9D_A_B
3S9D_AA116G,2.161299,0.4378253221511841,1,3S9D_A_B
3S9D_MA119A,2.397389,1.05197012424469,1,3S9D_A_B
3S9D_RA120A,3.1845944,1.2410078048706055,1,3S9D_A_B
3S9D_SA123A,1.0997674,0.08586116880178452,1,3S9D_A_B
3S9D_LA124A,1.6426257,0.2175188660621643,1,3S9D_A_B
"3S9D_MB35V,LA8A",4.4274344,0.9446689188480377,2,3S9D_A_B
"3S9D_MB35V,LA19A",4.3167186,0.5666259527206421,2,3S9D_A_B
"3S9D_MB35V,LA23A",7.1139393,1.257724940776825,2,3S9D_A_B
"3S9D_MB35V,RA115A",3.7050934,1.2021884322166443,2,3S9D_A_B
"3S9D_MB35V,AA116G",5.3002977,0.6936579793691635,2,3S9D_A_B
"3S9D_MB35V,MA119A",5.4566846,1.0007297992706299,2,3S9D_A_B
"3S9D_MB35V,RA120A",6.0666847,1.0952487587928772,2,3S9D_A_B
"3S9D_MB35V,SA123A",4.080544,0.5176762863993645,2,3S9D_A_B
"3S9D_MB35V,LA124A",4.533203,0.583504781126976,2,3S9D_A_B
"3S9D_EB66A,LA8A",4.092513,1.1190092265605927,2,3S9D_A_B
"3S9D_EB66A,LA23A",6.05816,1.4320652484893799,2,3S9D_A_B
"3S9D_EB66A,RA115A",4.658608,1.3765287399291992,2,3S9D_A_B
"3S9D_EB66A,AA116G",5.0412693,0.8679982870817184,2,3S9D_A_B
"3S9D_EB66A,MA119A",4.980968,1.1750701069831848,2,3S9D_A_B
"3S9D_EB66A,RA120A",3.6324573,1.2695890665054321,2,3S9D_A_B
"3S9D_EB66A,SA123A",3.5437007,0.6920165941119194,2,3S9D_A_B
"3S9D_EB66A,LA124A",3.7697885,0.757845088839531,2,3S9D_A_B
"3S9D_HB65A,RA5A",2.2143898,0.3933025076985359,2,3S9D_A_B
"3S9D_HB65A,LA8A",4.016778,0.5452393069863319,2,3S9D_A_B
"3S9D_HB65A,LA19A",3.0564926,0.1671963408589363,2,3S9D_A_B
"3S9D_HB65A,RA120A",3.8463404,0.6958191469311714,2,3S9D_A_B
"3S9D_HB65A,SA123A",1.1356846,0.11824667453765869,2,3S9D_A_B
"3S9D_HB65A,LA124A",2.939418,0.18407516926527023,2,3S9D_A_B
"3SE3_YB43A,NB44E,SB47Q",1.8576298,0.6494223574797312,3,3SE3_B_A
"3SE3_YB43H,NB44A,SB47Q",1.3835975,0.3666357497374217,3,3SE3_B_A
"3SE3_YB43H,NB44E,SB47A",1.7648702,0.4513353705406189,3,3SE3_B_A
"3SE3_YB43H,NB44E,SB47Q,QB48A",2.432249,0.4570682719349861,4,3SE3_B_A
"3SE3_YB43H,NB44E,SB47Q,FB50A",2.7901704,0.6418580785393715,4,3SE3_B_A
"3SE3_YB43H,NB44E,SB47Q,NB51A",3.0309818,0.4814785495400429,4,3SE3_B_A
"3SE3_YB43H,NB44E,SB47Q,SB54A",2.4881237,0.42341211438179016,4,3SE3_B_A
"3SE3_YB43H,NB44E,SB47Q,TB55A",2.8525915,0.46394122391939163,4,3SE3_B_A
"3SE3_YB43H,NB44E,SB47Q,KB56A",2.6343763,0.38579548336565495,4,3SE3_B_A
"3SE3_YB43H,NB44E,SB47Q,DB57A",2.3812907,0.29088226705789566,4,3SE3_B_A
"3SE3_YB43H,NB44E,SB47Q,SB59A",2.716373,0.3521040119230747,4,3SE3_B_A
"3SE3_YB43H,NB44E,SB47Q,TB65A",2.2976007,0.37242918740957975,4,3SE3_B_A
"3SE3_YB43H,NB44E,SB47Q,LB66A",3.3591323,0.456858292222023,4,3SE3_B_A
"3SE3_YB43H,NB44E,SB47Q,KB69A",2.3057168,0.3597521632909775,4,3SE3_B_A
"3SE3_YB43H,NB44E,SB47Q,YB71A",2.9234388,0.8387125506997108,4,3SE3_B_A
"3SE3_YB43H,NB44E,SB47Q,TB72A",2.6832201,0.548697404563427,4,3SE3_B_A
"3SE3_YB43H,NB44E,SB47Q,YB75A",3.1270294,0.7517354860901833,4,3SE3_B_A
"3SE3_YB43H,NB44E,SB47Q,QB76A",2.2893722,0.37774410657584667,4,3SE3_B_A
"3SE3_YB43H,NB44E,SB47Q,NB79A",2.7721066,0.4020744990557432,4,3SE3_B_A
"3SE3_YB43H,NB44E,SB47Q,EB82A",2.7000284,0.3291463479399681,4,3SE3_B_A
"3SE3_YB43H,NB44E,SB47Q,VB85A",2.4881237,0.36943003349006176,4,3SE3_B_A
"3SE3_YB43H,NB44E,SB47Q",0.19081901,0.5087554156780243,3,3SE3_B_C
"3SE3_YB43A,NB44A,SB47A",0.1733927,0.4498826464017232,3,3SE3_B_C
"3SE3_YB43H,NB44E,SB47Q",2.4577348,0.5087554156780243,3,3SE3_B_A
"3SE3_YB43M,NB44D,SB47L",0.71329606,0.3316398238142331,3,3SE3_B_A
"3SE3_YB43A,NB44A,SB47A",0.76976275,0.4498826464017232,3,3SE3_B_A
"3SE3_YB43H,NB44E,SB47Q,QB48A",2.5499518,0.4570682719349861,4,3SE3_B_A
"3SE3_YB43H,NB44E,SB47Q,FB50A",2.9122522,0.6418580785393715,4,3SE3_B_A
"3SE3_YB43H,NB44E,SB47Q,NB51A",3.158807,0.4814785495400429,4,3SE3_B_A
"3SE3_YB43H,NB44E,SB47Q,SB54A",2.6049612,0.42341211438179016,4,3SE3_B_A
"3SE3_YB43H,NB44E,SB47Q,TB55A",2.968561,0.46394122391939163,4,3SE3_B_A
"3SE3_YB43H,NB44E,SB47Q,KB56A",2.7583754,0.38579548336565495,4,3SE3_B_A
"3SE3_YB43H,NB44E,SB47Q,DB57A",2.4998558,0.29088226705789566,4,3SE3_B_A
"3SE3_YB43H,NB44E,SB47Q,SB59A",2.836359,0.3521040119230747,4,3SE3_B_A
"3SE3_YB43H,NB44E,SB47Q,TB65A",2.4217396,0.37242918740957975,4,3SE3_B_A
"3SE3_YB43H,NB44E,SB47Q,LB66A",3.4752648,0.456858292222023,4,3SE3_B_A
"3SE3_YB43H,NB44E,SB47Q,KB69A",2.4257026,0.3597521632909775,4,3SE3_B_A
"3SE3_YB43H,NB44E,SB47Q,YB71A",3.048264,0.8387125506997108,4,3SE3_B_A
"3SE3_YB43H,NB44E,SB47Q,TB72A",2.8017979,0.548697404563427,4,3SE3_B_A
"3SE3_YB43H,NB44E,SB47Q,QB76A",2.4096894,0.37774410657584667,4,3SE3_B_A
"3SE3_YB43H,NB44E,SB47Q,NB79A",2.8856006,0.4020744990557432,4,3SE3_B_A
"3SE3_YB43H,NB44E,SB47Q,EB82A",2.82439,0.3291463479399681,4,3SE3_B_A
"3SE3_YB43H,NB44E,SB47Q,IB88A",2.32709,0.7754616215825081,4,3SE3_B_A
"3SE3_YB43H,NB44E,SB47Q,LB89A",2.8981872,0.6778683736920357,4,3SE3_B_A
"3SE3_YB43H,NB44E,SB47Q,RB92A",2.836359,0.8118833974003792,4,3SE3_B_A
"3SE3_YB43H,NB44E,SB47Q,RB92K",2.6107695,0.27536624670028687,4,3SE3_B_A
"3SE3_YB43H,NB44E,SB47Q,KB93A",2.6107695,0.3523794896900654,4,3SE3_B_A
"3SE3_YB43H,NB44E,SB47Q,KB103A",2.6815128,0.4497285932302475,4,3SE3_B_A
"3SE3_YB43A,NB44E,SB47Q",1.9775469,0.6494223574797312,3,3SE3_B_A
"3SE3_YB43H,NB44A,SB47Q",1.5067095,0.3666357497374217,3,3SE3_B_A
"3SE3_YB43H,NB44E,SB47A",1.8828443,0.4513353705406189,3,3SE3_B_A
"3SE3_YB43A,NB44A,SB47A",0.41065642,0.4498826464017232,3,3SE3_B_A
3SE3_NA53A,-0.3477616,-0.003936767578125,1,3SE3_B_A
3SE3_YA55A,1.49732,0.9347453713417053,1,3SE3_B_A
3SE3_FA81A,0.41065642,1.2739408016204834,1,3SE3_B_A
3SE3_EA96A,0.71305907,0.003034919500350952,1,3SE3_B_A
3SE3_KA98A,1.49732,0.1905345320701599,1,3SE3_B_A
3SE3_LA116A,0.0,0.23059940338134766,1,3SE3_B_A
3SE3_DA117A,0.54285824,0.660116970539093,1,3SE3_B_A
3SE3_SA120A,0.54285824,0.13963693380355835,1,3SE3_B_A
3SE3_NA140T,0.133149,0.40047726035118103,1,3SE3_B_A
3SE3_YA148A,0.41065642,-0.11111266911029816,1,3SE3_B_A
3SE3_TA166A,-0.15638691,0.42244869470596313,1,3SE3_B_A
3SE3_SA167A,-0.23903489,-0.08881261944770813,1,3SE3_B_A
3SE3_FA223A,1.49732,0.10590606182813644,1,3SE3_B_A
3SE3_RA226A,0.41065642,0.6143525838851929,1,3SE3_B_A
3SE3_NA227A,0.54285824,0.3969454765319824,1,3SE3_B_A
3SE3_NA230A,0.21107575,0.163557231426239,1,3SE3_B_A
3SE3_FA273A,0.0,0.4972423017024994,1,3SE3_B_A
3SE4_TC36A,1.3641711,1.3596558570861816,1,3SE4_B_C
3SE4_MC38A,1.666218,2.796765089035034,1,3SE4_B_C
3SE4_MC38V,1.1654196,1.3184669017791748,1,3SE4_B_C
3SE4_SC39A,0.21190493,0.6203049421310425,1,3SE4_B_C
3SE4_HC68A,-0.6102371,0.6675641536712646,1,3SE4_B_C
3SE4_EC69A,1.3641711,1.7606079578399658,1,3SE4_B_C
3SE4_VC72A,1.1654196,2.3943047523498535,1,3SE4_B_C
3SE4_IC95A,1.2093251,1.532451868057251,1,3SE4_B_C
3SE4_HC172A,-0.41065642,0.07513393461704254,1,3SE4_B_C
3SE4_YA55A,1.3641711,1.9098707437515259,1,3SE4_B_A
3SE4_LA116A,0.13220184,0.6392659544944763,1,3SE4_B_A
3SE4_DA117A,0.13220184,0.4269828796386719,1,3SE4_B_A
3SE4_SA120A,0.0,0.26433199644088745,1,3SE4_B_A
3SE4_NA140T,0.41065642,0.12726327776908875,1,3SE4_B_A
3SE4_YA148A,-0.27845457,0.7376009821891785,1,3SE4_B_A
3SE4_TA166A,-0.54285824,0.48473671078681946,1,3SE4_B_A
3SE4_FA223A,1.3641711,0.5983889102935791,1,3SE4_B_A
3SE4_RA226A,0.3029358,0.26449960470199585,1,3SE4_B_A
3SE4_NA227A,0.0,-0.12356463074684143,1,3SE4_B_A
3SE4_NA230A,0.3029358,0.17025458812713623,1,3SE4_B_A
3SE4_FA273A,0.21086827,-0.06040366739034653,1,3SE4_B_A
3SE4_PB27A,-0.17043781,0.2914752662181854,1,3SE4_B_C
3SE4_PB27L,0.92437184,0.18208712339401245,1,3SE4_B_C
3SE4_LB31A,2.7283423,3.1457738876342773,1,3SE4_B_C
3SE4_MB130A,0.5728915,0.010648485273122787,1,3SE4_B_C
3SE4_KB134A,1.7748275,0.8855991363525391,1,3SE4_B_C
3SE4_KB134R,-0.9746221,-0.5687307715415955,1,3SE4_B_C
3SE4_PB27A,0.049695753,0.2914752662181854,1,3SE4_B_A
3SE4_PB27L,0.10305898,0.18208712339401245,1,3SE4_B_A
3SE4_LB31A,-0.011969134,3.1457738876342773,1,3SE4_B_A
3SE4_MB130A,0.024658844,0.010648485273122787,1,3SE4_B_A
3SE4_KB134A,-0.035084628,0.8855991363525391,1,3SE4_B_A
3SE4_KB134R,0.13926895,-0.5687307715415955,1,3SE4_B_A
3SE4_EC69A,1.4014807,1.7606079578399658,1,3SE4_B_C
3SE4_KB134A,1.8023211,0.8855991363525391,1,3SE4_B_C
"3SE4_KB134A,EC69A",1.9022707,1.3231044709682465,2,3SE4_B_C
3SE4_KB134R,-0.898396,-0.5687307715415955,1,3SE4_B_C
"3SE4_KB134R,EC69A",1.4014807,0.5959396958351135,2,3SE4_B_C
3SE8_RH30A,-0.03886324,2.2559292316436768,1,3SE8_HL_G
3SE8_WH47A,1.4514539,1.2924950122833252,1,3SE8_HL_G
3SE8_WH50A,1.3121079,0.9687407612800598,1,3SE8_HL_G
3SE8_KH52A,1.0935637,0.790985107421875,1,3SE8_HL_G
3SE8_LH54A,0.053896412,1.0955235958099365,1,3SE8_HL_G
3SE8_WH55A,0.7488813,0.9779753088951111,1,3SE8_HL_G
3SE8_GH56A,0.35136178,0.4395361840724945,1,3SE8_HL_G
3SE8_VH58A,1.2296135,0.985655665397644,1,3SE8_HL_G
3SE8_SH59A,1.1323562,0.26579004526138306,1,3SE8_HL_G
3SE8_YH60A,0.84210277,0.8174996972084045,1,3SE8_HL_G
3SE8_RH62A,1.1867965,0.8601009249687195,1,3SE8_HL_G
3SE8_QH63A,1.0965259,0.08534200489521027,1,3SE8_HL_G
3SE8_QH65A,0.5409745,-0.2579999268054962,1,3SE8_HL_G
3SE8_RH72A,2.6019888,1.7453533411026,1,3SE8_HL_G
3SE8_QH76A,0.095343515,0.029643002897500992,1,3SE8_HL_G
3SE8_PH78A,0.018515632,0.4459068179130554,1,3SE8_HL_G
3SE8_PH81A,-0.0697808,0.815025806427002,1,3SE8_HL_G
3SE8_DH110A,-0.38309553,2.0099737644195557,1,3SE8_HL_G
3SE8_YH111A,0.8165921,1.0437060594558716,1,3SE8_HL_G
3SE8_DH114A,-0.24021861,1.4205574989318848,1,3SE8_HL_G
3SE8_FH115A,1.0504572,1.7558377981185913,1,3SE8_HL_G
3SE8_EL1A,-0.547579,-0.22329305112361908,1,3SE8_HL_G
3SE8_QL27A,-0.21265773,0.0660012811422348,1,3SE8_HL_G
3SE8_NL30A,0.19122773,1.0130338668823242,1,3SE8_HL_G
3SE8_DL49A,0.84210277,-0.3790097236633301,1,3SE8_HL_G
3SE8_FL90A,-0.85021865,1.2550691366195679,1,3SE8_HL_G
3SE8_EL91A,1.4891825,0.7557612657546997,1,3SE8_HL_G
3SE8_FL92A,0.81895715,0.36843961477279663,1,3SE8_HL_G
3SE9_LH34A,0.55690914,0.5297425985336304,1,3SE9_HL_G
3SE9_WH48A,1.0414464,1.2968978881835938,1,3SE9_HL_G
3SE9_WH51A,1.2552056,1.687910556793213,1,3SE9_HL_G
3SE9_VH55A,-0.8454979,0.3004893362522125,1,3SE9_HL_G
3SE9_TH56A,-0.8454979,1.5067973136901855,1,3SE9_HL_G
3SE9_GH57A,0.44517794,1.4218244552612305,1,3SE9_HL_G
3SE9_VH59A,0.9675656,1.592646598815918,1,3SE9_HL_G
3SE9_NH60A,1.49732,1.4733514785766602,1,3SE9_HL_G
3SE9_GH62A,0.04559572,0.31181925535202026,1,3SE9_HL_G
3SE9_PH64A,-0.43484148,0.13634735345840454,1,3SE9_HL_G
3SE9_RH67A,1.445942,0.7213627099990845,1,3SE9_HL_G
3SE9_RH74A,2.636225,1.9107258319854736,1,3SE9_HL_G
3SE9_RH76A,-0.22848651,0.5420389771461487,1,3SE9_HL_G
3SE9_DH77A,-0.754171,0.006624873727560043,1,3SE9_HL_G
3SE9_YH104A,0.45625216,-0.011510003358125687,1,3SE9_HL_G
3SE9_TH105A,-0.43484148,0.19804874062538147,1,3SE9_HL_G
3SE9_GH106A,-0.30263966,0.2755984961986542,1,3SE9_HL_G
3SE9_GH107A,-0.6052793,-0.02007162943482399,1,3SE9_HL_G
3SE9_GH109A,0.18216991,0.3099864721298218,1,3SE9_HL_G
3SE9_VL3A,-0.48639154,-0.024462610483169556,1,3SE9_HL_G
3SE9_YL28A,1.0997674,0.7374356389045715,1,3SE9_HL_G
3SE9_GL29A,0.45625216,-0.27896854281425476,1,3SE9_HL_G
3SE9_LL89A,0.948756,-0.4538419544696808,1,3SE9_HL_G
3SE9_EL90A,0.41065642,1.3119676113128662,1,3SE9_HL_G
3SE9_FL91A,0.02323639,0.6009964942932129,1,3SE9_HL_G
3SEK_LC11E,2.8872757,1.5848886966705322,1,3SEK_B_C
3SEK_LC44E,4.455748,1.2214521169662476,1,3SEK_B_C
3SEK_FC47E,4.455748,3.0934576988220215,1,3SEK_B_C
3SEK_LC48E,4.2155294,2.6843624114990234,1,3SEK_B_C
3SEK_LC44A,2.6809208,1.3359094858169556,1,3SEK_B_C
3SEK_FC47A,2.2293894,2.510626792907715,1,3SEK_B_C
3SEK_LC48A,3.408846,1.7416586875915527,1,3SEK_B_C
3SF4_RA202E,2.3651073,0.5857605338096619,1,3SF4_A_D
3SF4_NA264R,1.2257655,0.20126381516456604,1,3SF4_A_D
3SF4_WD8A,3.0738285,1.1816257238388062,1,3SF4_A_D
3SF4_ED19R,1.9264557,1.961714744567871,1,3SF4_A_D
3SF4_KD27D,0.41065642,-0.27520695328712463,1,3SF4_A_D
3SGB_LI12G,5.0034957,4.775461673736572,1,3SGB_E_I
3SGB_LI12A,2.9891605,3.413599967956543,1,3SGB_E_I
3SGB_LI12S,4.158235,4.150665283203125,1,3SGB_E_I
3SGB_LI12C,-0.013389315,1.7454841136932373,1,3SGB_E_I
3SGB_LI12V,3.0342824,3.0619969367980957,1,3SGB_E_I
3SGB_LI12T,3.2047203,3.1796631813049316,1,3SGB_E_I
3SGB_LI12P,8.445845,9.130537033081055,1,3SGB_E_I
3SGB_LI12I,4.481256,3.2750911712646484,1,3SGB_E_I
3SGB_LI12M,0.43018958,0.5788745284080505,1,3SGB_E_I
3SGB_LI12N,3.399817,4.244763374328613,1,3SGB_E_I
3SGB_LI12D,5.6686587,7.497474193572998,1,3SGB_E_I
3SGB_LI12K,3.182076,3.6591787338256836,1,3SGB_E_I
3SGB_LI12Q,2.603541,2.8367063999176025,1,3SGB_E_I
3SGB_LI12E,5.982758,6.334921360015869,1,3SGB_E_I
3SGB_LI12H,1.7138757,3.570917844772339,1,3SGB_E_I
3SGB_LI12F,1.3740182,1.024512529373169,1,3SGB_E_I
3SGB_LI12R,3.3669553,3.934054374694824,1,3SGB_E_I
3SGB_LI12Y,1.6760064,1.1575485467910767,1,3SGB_E_I
3SGB_LI12W,1.865208,2.03840970993042,1,3SGB_E_I
3SGB_AI9G,2.4864664,1.096264123916626,1,3SGB_E_I
3SGB_AI9S,0.9109825,0.5427592396736145,1,3SGB_E_I
3SGB_AI9C,0.04153655,0.07782959938049316,1,3SGB_E_I
3SGB_AI9V,-0.7847341,0.20623041689395905,1,3SGB_E_I
3SGB_AI9T,0.33107248,0.990608811378479,1,3SGB_E_I
3SGB_AI9P,0.55270535,2.5343353748321533,1,3SGB_E_I
3SGB_AI9L,0.16878061,0.58678138256073,1,3SGB_E_I
3SGB_AI9I,-0.4531886,0.5222207903862,1,3SGB_E_I
3SGB_AI9M,0.08895801,0.08021754771471024,1,3SGB_E_I
3SGB_AI9N,-0.08912445,0.2513929009437561,1,3SGB_E_I
3SGB_AI9D,0.47637805,1.54621160030365,1,3SGB_E_I
3SGB_AI9K,2.491424,0.8316646814346313,1,3SGB_E_I
3SGB_AI9Q,0.43018958,0.4582875370979309,1,3SGB_E_I
3SGB_AI9E,0.6714747,1.504805326461792,1,3SGB_E_I
3SGB_AI9H,-0.4531886,-0.2113756686449051,1,3SGB_E_I
3SGB_AI9F,-1.1806399,-0.13337169587612152,1,3SGB_E_I
3SGB_AI9R,2.0356457,-0.3321911692619324,1,3SGB_E_I
3SGB_AI9Y,-1.6472776,-0.5032214522361755,1,3SGB_E_I
3SGB_AI9W,-1.5536677,-0.45335206389427185,1,3SGB_E_I
3SGB_TI11G,5.584234,3.9294698238372803,1,3SGB_E_I
3SGB_TI11A,3.5919626,3.8080949783325195,1,3SGB_E_I
3SGB_TI11S,2.4662097,2.4712157249450684,1,3SGB_E_I
3SGB_TI11C,2.9262657,3.060481548309326,1,3SGB_E_I
3SGB_TI11V,2.547891,1.7587766647338867,1,3SGB_E_I
3SGB_TI11P,3.182076,3.5023298263549805,1,3SGB_E_I
3SGB_TI11L,2.4713392,2.87703800201416,1,3SGB_E_I
3SGB_TI11I,1.7529136,2.3194613456726074,1,3SGB_E_I
3SGB_TI11M,2.0356457,3.3101813793182373,1,3SGB_E_I
3SGB_TI11N,3.254416,2.8806722164154053,1,3SGB_E_I
3SGB_TI11D,4.956134,4.5772528648376465,1,3SGB_E_I
3SGB_TI11K,2.0356457,2.5830373764038086,1,3SGB_E_I
3SGB_TI11Q,2.9403167,3.151526689529419,1,3SGB_E_I
3SGB_TI11E,4.797141,3.7066540718078613,1,3SGB_E_I
3SGB_TI11H,3.507656,0.89897221326828,1,3SGB_E_I
3SGB_TI11F,3.6393247,2.478069305419922,1,3SGB_E_I
3SGB_TI11R,1.972751,2.044069766998291,1,3SGB_E_I
3SGB_TI11Y,3.3669553,2.5645906925201416,1,3SGB_E_I
3SGB_TI11W,3.0342824,2.622285842895508,1,3SGB_E_I
3SGB_EI13G,2.1049528,2.617758274078369,1,3SGB_E_I
3SGB_EI13A,1.0192363,1.652775764465332,1,3SGB_E_I
3SGB_EI13S,1.9436082,1.7079288959503174,1,3SGB_E_I
3SGB_EI13C,1.1746745,1.7339057922363281,1,3SGB_E_I
3SGB_EI13V,0.12754992,1.207853078842163,1,3SGB_E_I
3SGB_EI13T,2.143485,1.6790975332260132,1,3SGB_E_I
3SGB_EI13P,2.2751536,3.0047879219055176,1,3SGB_E_I
3SGB_EI13L,0.77931386,1.25193190574646,1,3SGB_E_I
3SGB_EI13I,-0.62338936,0.7900058031082153,1,3SGB_E_I
3SGB_EI13M,-0.18949658,1.1276533603668213,1,3SGB_E_I
3SGB_EI13N,1.1020385,1.7853952646255493,1,3SGB_E_I
3SGB_EI13D,0.55270535,1.1589112281799316,1,3SGB_E_I
3SGB_EI13K,0.16878061,2.2355620861053467,1,3SGB_E_I
3SGB_EI13Q,0.18353121,0.7676012516021729,1,3SGB_E_I
3SGB_EI13H,0.5260738,1.2327897548675537,1,3SGB_E_I
3SGB_EI13F,1.9436082,1.9116735458374023,1,3SGB_E_I
3SGB_EI13R,1.2750467,2.0487773418426514,1,3SGB_E_I
3SGB_EI13Y,0.77931386,1.6647427082061768,1,3SGB_E_I
3SGB_EI13W,1.5477023,1.7014720439910889,1,3SGB_E_I
3SGB_YI14G,2.842396,3.340226411819458,1,3SGB_E_I
3SGB_YI14A,1.9436082,2.763720989227295,1,3SGB_E_I
3SGB_YI14S,2.0356457,2.7241671085357666,1,3SGB_E_I
3SGB_YI14C,1.6952436,2.3356075286865234,1,3SGB_E_I
3SGB_YI14V,4.42169,3.051706552505493,1,3SGB_E_I
3SGB_YI14T,4.871827,3.06071138381958,1,3SGB_E_I
3SGB_YI14P,6.27634,5.52671480178833,1,3SGB_E_I
3SGB_YI14L,1.5761455,0.7987179160118103,1,3SGB_E_I
3SGB_YI14I,3.5919626,2.9063029289245605,1,3SGB_E_I
3SGB_YI14M,2.0027843,1.3665004968643188,1,3SGB_E_I
3SGB_YI14N,3.158532,2.6286184787750244,1,3SGB_E_I
3SGB_YI14D,2.9118733,4.684267044067383,1,3SGB_E_I
3SGB_YI14K,3.4329698,2.6586172580718994,1,3SGB_E_I
3SGB_YI14Q,3.2810476,2.5641705989837646,1,3SGB_E_I
3SGB_YI14E,2.0356457,2.7765793800354004,1,3SGB_E_I
3SGB_YI14H,1.7138757,1.9329774379730225,1,3SGB_E_I
3SGB_YI14F,0.16878061,0.26559433341026306,1,3SGB_E_I
3SGB_YI14R,2.7605486,2.6669700145721436,1,3SGB_E_I
3SGB_YI14W,0.38874248,0.35078197717666626,1,3SGB_E_I
3SGB_RI15G,1.1071681,1.1190744638442993,1,3SGB_E_I
3SGB_RI15A,0.05375249,0.6577141880989075,1,3SGB_E_I
3SGB_RI15S,0.27762654,0.3994154930114746,1,3SGB_E_I
3SGB_RI15C,0.55270535,0.4887915253639221,1,3SGB_E_I
3SGB_RI15V,-0.023633696,0.20962682366371155,1,3SGB_E_I
3SGB_RI15T,0.4537338,0.6286434531211853,1,3SGB_E_I
3SGB_RI15P,7.684476,5.045993804931641,1,3SGB_E_I
3SGB_RI15L,0.2279567,-0.04289558157324791,1,3SGB_E_I
3SGB_RI15I,0.24351919,0.27770647406578064,1,3SGB_E_I
3SGB_RI15M,0.12754992,0.27332550287246704,1,3SGB_E_I
3SGB_RI15N,0.33107248,0.5411868095397949,1,3SGB_E_I
3SGB_RI15D,0.6386131,0.6899698376655579,1,3SGB_E_I
3SGB_RI15K,-0.277793,0.3354930877685547,1,3SGB_E_I
3SGB_RI15Q,0.04153655,0.3802678883075714,1,3SGB_E_I
3SGB_RI15E,0.6714747,0.792641282081604,1,3SGB_E_I
3SGB_RI15H,0.4537338,0.2462385594844818,1,3SGB_E_I
3SGB_RI15F,0.2279567,0.04756449908018112,1,3SGB_E_I
3SGB_RI15Y,0.2939711,0.10605490207672119,1,3SGB_E_I
3SGB_RI15W,0.31183532,-0.013543333858251572,1,3SGB_E_I
3SGB_PI8G,0.05375249,0.25299787521362305,1,3SGB_E_I
3SGB_PI8A,-0.18949658,-0.15352652966976166,1,3SGB_E_I
3SGB_PI8S,0.06572162,-0.16595235466957092,1,3SGB_E_I
3SGB_PI8C,-0.32742262,-1.17723548412323,1,3SGB_E_I
3SGB_PI8V,-0.31041327,-0.6558076739311218,1,3SGB_E_I
3SGB_PI8T,-0.10867909,-0.26792439818382263,1,3SGB_E_I
3SGB_PI8L,-0.1413744,-0.5919497013092041,1,3SGB_E_I
3SGB_PI8I,-0.023633696,-0.48889726400375366,1,3SGB_E_I
3SGB_PI8M,-0.5005508,-0.6204893589019775,1,3SGB_E_I
3SGB_PI8N,-0.12480123,-0.6823113560676575,1,3SGB_E_I
3SGB_PI8D,-1.0330986,-0.8985581994056702,1,3SGB_E_I
3SGB_PI8K,0.114053845,0.009961247444152832,1,3SGB_E_I
3SGB_PI8Q,-0.31602898,-0.1825321912765503,1,3SGB_E_I
3SGB_PI8E,-0.62338936,-0.562436580657959,1,3SGB_E_I
3SGB_PI8H,0.27762654,-0.32995539903640747,1,3SGB_E_I
3SGB_PI8F,-0.3449348,-0.8024144172668457,1,3SGB_E_I
3SGB_PI8R,0.31183532,0.14927655458450317,1,3SGB_E_I
3SGB_PI8Y,-0.40146077,-0.6548541188240051,1,3SGB_E_I
3SGB_PI8W,-0.5005508,-0.7035825252532959,1,3SGB_E_I
3SGB_KI7G,-0.725558,1.634194016456604,1,3SGB_E_I
3SGB_KI7A,-2.5721407,0.8486146330833435,1,3SGB_E_I
3SGB_KI7S,-2.587597,0.48117879033088684,1,3SGB_E_I
3SGB_KI7C,-0.5848572,0.8636807203292847,1,3SGB_E_I
3SGB_KI7V,-0.9551719,0.7053624987602234,1,3SGB_E_I
3SGB_KI7T,-1.9490284,0.2730650305747986,1,3SGB_E_I
3SGB_KI7P,0.0,2.4723451137542725,1,3SGB_E_I
3SGB_KI7L,-1.8173597,-0.4877939224243164,1,3SGB_E_I
3SGB_KI7I,-1.344638,0.5712831616401672,1,3SGB_E_I
3SGB_KI7M,-1.1662476,-0.3360094428062439,1,3SGB_E_I
3SGB_KI7N,-0.6595436,0.6574668884277344,1,3SGB_E_I
3SGB_KI7D,-0.62338936,1.6061375141143799,1,3SGB_E_I
3SGB_KI7Q,-0.62338936,-0.26521235704421997,1,3SGB_E_I
3SGB_KI7E,0.032206405,1.652639389038086,1,3SGB_E_I
3SGB_KI7H,-0.40146077,0.2327553927898407,1,3SGB_E_I
3SGB_KI7F,-0.725558,0.6505363583564758,1,3SGB_E_I
3SGB_KI7R,-0.6926964,-0.5807876586914062,1,3SGB_E_I
3SGB_KI7Y,-0.5848572,0.645820140838623,1,3SGB_E_I
3SGB_KI7W,-0.013389315,1.2395023107528687,1,3SGB_E_I
3SGB_GI26A,1.2227967,0.7682294845581055,1,3SGB_E_I
3SGB_GI26S,1.6076903,1.3380413055419922,1,3SGB_E_I
3SGB_GI26C,2.611657,2.7530951499938965,1,3SGB_E_I
3SGB_GI26V,2.7283423,2.121837615966797,1,3SGB_E_I
3SGB_GI26T,3.0342824,2.9230427742004395,1,3SGB_E_I
3SGB_GI26P,1.0968642,1.4445321559906006,1,3SGB_E_I
3SGB_GI26L,2.6581476,2.5360946655273438,1,3SGB_E_I
3SGB_GI26I,4.092513,3.2229933738708496,1,3SGB_E_I
3SGB_GI26M,2.7940638,1.9989523887634277,1,3SGB_E_I
3SGB_GI26N,2.2751536,2.43453311920166,1,3SGB_E_I
3SGB_GI26D,1.6249894,3.702115058898926,1,3SGB_E_I
3SGB_GI26K,2.5250134,2.150460958480835,1,3SGB_E_I
3SGB_GI26Q,2.9562988,2.9390077590942383,1,3SGB_E_I
3SGB_GI26E,1.972751,3.2832231521606445,1,3SGB_E_I
3SGB_GI26H,2.7381892,1.073840856552124,1,3SGB_E_I
3SGB_GI26F,3.0223134,1.4126896858215332,1,3SGB_E_I
3SGB_GI26R,3.507656,2.2967488765716553,1,3SGB_E_I
3SGB_GI26Y,3.0961108,0.6699333786964417,1,3SGB_E_I
3SGB_GI26W,3.912062,1.4010555744171143,1,3SGB_E_I
3SGB_NI30G,0.31183532,0.18262216448783875,1,3SGB_E_I
3SGB_NI30A,0.33107248,0.6358585357666016,1,3SGB_E_I
3SGB_NI30S,0.4089992,0.16324397921562195,1,3SGB_E_I
3SGB_NI30C,0.34970456,1.194685697555542,1,3SGB_E_I
3SGB_NI30V,-0.24187581,1.2156915664672852,1,3SGB_E_I
3SGB_NI30T,0.009847074,0.719017744064331,1,3SGB_E_I
3SGB_NI30P,0.579437,-0.5893884897232056,1,3SGB_E_I
3SGB_NI30L,0.7407817,2.844219446182251,1,3SGB_E_I
3SGB_NI30I,0.19792347,1.9671635627746582,1,3SGB_E_I
3SGB_NI30M,0.14074539,1.6181426048278809,1,3SGB_E_I
3SGB_NI30D,0.9109825,-0.28042086958885193,1,3SGB_E_I
3SGB_NI30K,0.579437,2.467022657394409,1,3SGB_E_I
3SGB_NI30Q,0.24351919,0.5645809173583984,1,3SGB_E_I
3SGB_NI30E,0.9627104,0.907673180103302,1,3SGB_E_I
3SGB_NI30H,-0.12480123,0.093433678150177,1,3SGB_E_I
3SGB_NI30F,-0.1413744,1.5244637727737427,1,3SGB_E_I
3SGB_NI30R,0.579437,2.0726871490478516,1,3SGB_E_I
3SGB_NI30Y,-0.10867909,1.078850269317627,1,3SGB_E_I
3SGB_NI30W,0.5260738,1.6619160175323486,1,3SGB_E_I
"3SGB_TI11K,LI12R",5.3072824,3.2585467100143433,2,3SGB_E_I
"3SGB_TI11R,LI12R",5.5520763,2.9890631437301636,2,3SGB_E_I
"3SGB_AI9R,LI12R",5.1564193,1.8009319007396698,2,3SGB_E_I
"3SGB_AI9R,TI11K,LI12R",6.7802353,2.061633884906769,3,3SGB_E_I
"3SGB_AI9R,TI11P,LI12R",8.583058,2.368065098921458,3,3SGB_E_I
"3SGB_PI8S,AI9R,TI11P,LI12R",8.229696,1.7345605865120888,4,3SGB_E_I
"3SGB_KI7R,AI9R,TI11K,LI12R",5.5931535,1.4010287076234818,4,3SGB_E_I
"3SGB_KI7R,PI8F,AI9R,TI11K,LI12R",5.7360306,0.9603401303291321,5,3SGB_E_I
"3SGB_AI9R,TI11K,LI12R,RI15L",6.982303,1.5355014419183135,4,3SGB_E_I
"3SGB_PI8S,AI9L,TI11K,LI12R",4.9748178,1.7344805374741554,4,3SGB_E_I
"3SGB_AI9R,TI11K,LI12R,EI13S",7.1947017,1.9732073992490768,4,3SGB_E_I
"3SGB_EI4D,AI9V,TI11P,EI13D,RI15M,NI22S,GI26S,NI39S,SI45R",2.5388455,0.7045408234828048,9,3SGB_E_I
"3SGB_TI11P,LI12K,EI13D,LI17V,SI45N,HI46R",4.833295,1.5757834265629451,6,3SGB_E_I
"3SGB_TI11P,LI12K,EI13D,LI17V,SI45N",4.912169,1.8237814426422119,5,3SGB_E_I
"3SGB_TI11P,LI12K,EI13D,LI17V,GI26S,SI45N",5.0552235,1.7428248325983684,6,3SGB_E_I
"3SGB_EI4G,KI7Q,PI8S,TI11P,LI12Q,EI13D,RI15V,LI17F,GI26S,VI36A,EI37D",4.2332587,0.8782145699316805,11,3SGB_E_I
"3SGB_EI4D,YI5H,AI9V,TI11S,RI15M,NI22S,GI26S,NI30D",4.0110335,0.6348967081867158,8,3SGB_E_I
"3SGB_EI4D,AI9V,TI11S,RI15M,NI22S,GI26N,NI30D,SI45G",3.8938313,0.7367783314548433,8,3SGB_E_I
"3SGB_EI4D,AI9V,TI11S,RI15M,NI22S,GI26S,EI37D",3.2047203,0.6521024209048066,7,3SGB_E_I
"3SGB_EI4D,AI9V,TI11S,RI15M,NI22S,GI26S,EI37D,TI43I",3.0059688,0.5695273368619382,8,3SGB_E_I
"3SGB_EI4D,AI9V,TI11S,RI15M,NI22S,GI26S,VI36A,EI37D",2.619663,0.6057501449249685,8,3SGB_E_I
"3SGB_EI4D,RI15M,KI23Q,GI26S,NI30S,EI37D",1.6952436,0.3679995959003766,6,3SGB_E_I
"3SGB_RI15M,KI23Q,GI26S,EI37D",2.1049528,0.4922189824283123,4,3SGB_E_I
"3SGB_EI4D,RI15M,EI37D",0.07745373,0.19108477234840393,3,3SGB_E_I
"3SGB_EI4D,KI7R,AI9D,RI15M,EI37D",-0.2884681,0.3077360332012177,5,3SGB_E_I
"3SGB_EI4D,RI15M,KI28R,EI37D",-0.1413744,0.13793897349387407,4,3SGB_E_I
"3SGB_EI4G,LI12M,RI15M,EI37D",0.9109825,0.2560924496501684,4,3SGB_E_I
"3SGB_EI4D,LI12M,RI15M,EI37D",0.47637805,0.28803225606679916,4,3SGB_E_I
"3SGB_EI4D,LI12V,RI15M,GI26D,EI37D",4.0297246,1.4674730241298675,5,3SGB_E_I
"3SGB_EI4D,LI12V,RI15M,EI37D",3.0342824,0.9088128134608269,4,3SGB_E_I
"3SGB_EI4D,TI11R,LI12M,RI15M,EI37D",2.3834074,0.6392399489879608,5,3SGB_E_I
"3SGB_EI4G,LI12M,RI15M,EI37D,KI49E",0.18353121,0.06884811371564865,5,3SGB_E_I
"3SGB_DI1N,EI4G,LI12M,RI15M,EI37D,KI49E",0.019533154,0.04250870024164518,6,3SGB_E_I
"3SGB_EI4D,AI9V,TI11S,YI14D,RI15M,NI22S,GI26S,EI37D",4.871827,1.1561229988001287,8,3SGB_E_I
"3SGB_EI4D,AI9V,TI11S,RI15M,NI22S,GI26S,NI30D,EI37D,TI43N",3.3369222,0.5058473659058412,9,3SGB_E_I
"3SGB_EI4D,AI9V,TI11S,RI15M,NI22S,GI26S,NI30D,EI37D",3.3669553,0.5355374864302576,8,3SGB_E_I
"3SGB_EI4D,AI9V,TI11S,RI15M,NI22S,GI26S,NI30D,VI35F,EI37D,TI43S",3.3077793,0.3969860503450036,10,3SGB_E_I
"3SGB_AI9V,TI11S,RI15M,NI22S,KI23Q,GI26S,KI28E,EI37D",4.481256,0.5527244596742094,8,3SGB_E_I
"3SGB_EI4D,YI5H,TI11L,LI12Q,YI14Q,RI15K,LI17I,GI26D,NI30S,EI37D",7.4294353,1.3929063141345979,10,3SGB_E_I
"3SGB_EI4D,YI5H,TI11L,LI12Q,YI14Q,RI15K,GI26D,NI30S,EI37D",7.459469,1.5330693821112316,9,3SGB_E_I
3SGB_LI12M,0.47637805,0.5788745284080505,1,3SGB_E_I
"3SGB_LI12M,TI43N,KI49T",0.27762654,0.2706364120046298,3,3SGB_E_I
"3SGB_NI22S,GI26A",1.3301128,0.37210226617753506,2,3SGB_E_I
"3SGB_AI9D,GI26A",1.0810646,1.1572211384773254,2,3SGB_E_I
"3SGB_AI9D,GI26A,NI27S",2.1838267,0.8544506132602692,3,3SGB_E_I
3SGB_GI26A,1.3641711,0.7682294845581055,1,3SGB_E_I
"3SGB_TI11M,LI12S,GI26V",6.9098134,3.1942283312479653,3,3SGB_E_I
"3SGB_RI15V,LI17I",0.16878061,0.17053264379501343,2,3SGB_E_I
"3SGB_LI12S,RI15V,LI17I",4.481256,1.4972433646519978,3,3SGB_E_I
3SGB_NI22S,0.009847074,-0.024025145918130875,1,3SGB_E_I
"3SGB_LI12M,LI17V,KI23I,EI37K",0.81965566,0.3247086089104414,4,3SGB_E_I
"3SGB_AI9G,LI12M,LI17V,KI23I,EI37K",3.2293792,0.47901973575353624,5,3SGB_E_I
"3SGB_LI12M,NI30D,SI45N",1.0968642,0.15874120593070984,3,3SGB_E_I
"3SGB_EI4D,KI7M,LI12M,LI17V",0.07745373,0.2348654642701149,4,3SGB_E_I
"3SGB_EI4G,LI12M,YI14S,LI17I,KI23T,GI26S,HI46Y,FI47P,KI49V",3.6910527,0.5144895282056596,9,3SGB_E_I
"3SGB_AI9T,LI12M",0.47637805,0.784741222858429,2,3SGB_E_I
"3SGB_LI12M,TI24S,GI26D",2.3268814,1.6844193935394287,3,3SGB_E_I
"3SGB_LI12I,GI26D",5.845427,3.4886029958724976,2,3SGB_E_I
"3SGB_AI9D,LI12A,YI14D",5.76852,3.214693228403727,3,3SGB_E_I
"3SGB_LI12M,SI45N,HI46R,KI49Q",0.2279567,0.2977459393441677,4,3SGB_E_I
"3SGB_LI12M,HI46R",0.5010369,0.4573340266942978,2,3SGB_E_I
"3SGB_LI12M,HI46R,KI49E",-0.11668532,0.07817960778872173,3,3SGB_E_I
"3SGB_LI12M,SI45N",0.4537338,0.3783203363418579,2,3SGB_E_I
"3SGB_YI5H,YI14D,TI24I,GI26S,NI30D,VI36L",5.612886,1.4116151084502537,6,3SGB_E_I
3SGB_YI14H,1.4057077,1.9329774379730225,1,3SGB_E_I
"3SGB_LI12M,YI14Q",3.7764843,1.5715227723121643,2,3SGB_E_I
"3SGB_LI12M,GI26D",2.2751536,2.1404942870140076,2,3SGB_E_I
"3SGB_EI4D,TI11L,RI15M,GI26D,NI30S,EI37D,TI43S",3.770815,1.0428702615733658,7,3SGB_E_I
"3SGB_AI9G,TI11M,LI12M,YI14R,RI15L,GI26N,NI27D,SI45N,KI49E",8.009047,1.089850494845046,9,3SGB_E_I
"3SGB_EI4D,RI15M,LI17F,NI22S,GI26S,EI37D",1.6076903,0.4132873086879651,6,3SGB_E_I
"3SGB_EI4G,KI7Q,TI11S,RI15V,LI17F,GI26S,NI30D,VI36A,EI37D",3.182076,0.5021291830473475,9,3SGB_E_I
"3SGB_EI4D,TI11S,EI13D,RI15M,NI22S,GI26S,EI37D,GI48E",4.6719503,0.7929460979066789,8,3SGB_E_I
"3SGB_EI4D,AI9V,YI14E,RI15M,EI37D",1.7138757,0.7112131118774414,5,3SGB_E_I
"3SGB_EI4D,AI9V,TI11S,RI15M,VI36A,EI37D",1.5049165,0.5886640747388204,6,3SGB_E_I
"3SGB_DI1N,EI4D,AI9V,TI11S,EI13L,RI15M,VI36A,EI37D",2.6392179,0.5868408344686031,8,3SGB_E_I
"3SGB_EI4D,AI9V,YI14D,RI15M,KI23I,GI26H,NI30Y,VI36A,EI37H,LI44F",2.3268814,0.927027364820242,10,3SGB_E_I
"3SGB_EI4D,KI7Q,AI9V,TI11M,LI12G,EI13D,RI15M,NI22S,GI26S,EI37D,SI45N",5.824453,1.0227827846326611,11,3SGB_E_I
"3SGB_YI5H,EI13D,LI17I,NI22S,GI26S,NI30D,VI36M,EI37D",2.3268814,0.5250811739824712,8,3SGB_E_I
"3SGB_EI4D,AI9V,EI13D,RI15M,KI23T,GI26S,EI37D,LI42I",1.1970339,0.45990541111677885,8,3SGB_E_I
"3SGB_EI4D,AI9V,TI11S,EI13D,RI15M,KI23T,GI26N,NI30I,EI37D,LI42I",4.261294,0.9214117370545865,10,3SGB_E_I
"3SGB_EI4D,KI7R,AI9V,EI13D,RI15M,GI26S,EI37D,LI42I,KI49R",-0.0814798,0.34881340050035053,9,3SGB_E_I
"3SGB_EI4D,AI9V,EI13D,RI15M,GI26S,EI37D,LI42I,KI49R",1.0863781,0.46501342859119177,8,3SGB_E_I
"3SGB_AI9D,LI12A",2.619663,2.4799063205718994,2,3SGB_E_I
"3SGB_TI11P,LI12K,GI26D",6.5430627,3.6212079524993896,3,3SGB_E_I
"3SGB_TI11P,LI12K",6.320305,3.5807549953460693,2,3SGB_E_I
"3SGB_EI4D,LI12M,RI15M,GI26D,EI37D",1.972751,0.9708485782146454,5,3SGB_E_I
3SGB_GI26V,2.9262657,2.121837615966797,1,3SGB_E_I
3SGB_YI14D,2.8173003,4.684267044067383,1,3SGB_E_I
3SGB_TI11E,4.460282,3.7066540718078613,1,3SGB_E_I
"3SGB_EI4D,LI12F,RI15M,EI37D",0.77931386,0.39944156259298325,4,3SGB_E_I
3SGB_TI11S,2.5388455,2.4712157249450684,1,3SGB_E_I
3SGB_TI11V,1.972751,1.7587766647338867,1,3SGB_E_I
3SGB_AI9V,-0.6595436,0.20623041689395905,1,3SGB_E_I
"3SGB_AI9V,TI11S",1.6076903,1.3387229591608047,2,3SGB_E_I
3SGB_TI11A,3.2293792,3.8080949783325195,1,3SGB_E_I
3SGB_LI12A,2.9562988,3.413599967956543,1,3SGB_E_I
3SGB_LI12E,6.3676667,6.334921360015869,1,3SGB_E_I
3SGB_LI12Q,2.4864664,2.8367063999176025,1,3SGB_E_I
"3SGB_AI9R,LI12R",5.1406555,1.8009319007396698,2,3SGB_E_I
"3SGB_AI9R,TI11P,LI12R",8.552795,2.368065098921458,3,3SGB_E_I
"3SGB_PI8S,AI9R,TI11P,LI12R",8.204559,1.7345605865120888,4,3SGB_E_I
"3SGB_KI7T,PI8E,AI9Y",-3.8579,-0.2641982634862264,3,3SGB_E_I
"3SGB_KI7T,PI8E,AI9Y,LI12G,RI15M,GI26P,NI30V",1.847206,0.9880596229008266,7,3SGB_E_I
"3SGB_KI7S,PI8D,AI9Y",-4.1377077,-0.3068673412005107,3,3SGB_E_I
"3SGB_KI7S,PI8D,AI9Y,LI12G,EI13I,RI15K",0.09561484,0.8300599257151285,6,3SGB_E_I
3SZK_NC35A,0.1251905,0.5905812978744507,1,3SZK_AB_C
3SZK_TC38A,0.9322267,1.087542176246643,1,3SZK_AB_C
3SZK_QC39A,0.76658607,0.4171677827835083,1,3SZK_AB_C
3SZK_YC40A,2.9048476,1.4580247402191162,1,3SZK_AB_C
3SZK_YC41A,2.9823394,0.5283143520355225,1,3SZK_AB_C
3SZK_HC42A,2.5366163,-1.2676143646240234,1,3SZK_AB_C
3SZK_FC43A,2.2193475,0.10508475452661514,1,3SZK_AB_C
3SZK_FC44A,2.2009625,1.239821195602417,1,3SZK_AB_C
3SZK_NC66A,0.20430143,-0.3917255103588104,1,3SZK_AB_C
3SZK_SC69A,1.5142233,-0.08345533162355423,1,3SZK_AB_C
3SZK_TC70A,1.4692765,-0.31156787276268005,1,3SZK_AB_C
3SZK_DC120A,0.67366445,-0.06682996451854706,1,3SZK_AB_C
3SZK_DC121A,0.6956096,0.06744972616434097,1,3SZK_AB_C
3SZK_GC122A,0.37473926,0.2743406891822815,1,3SZK_AB_C
3SZK_EC123A,0.83848655,0.029747046530246735,1,3SZK_AB_C
3SZK_EC124A,0.6956096,0.4575846493244171,1,3SZK_AB_C
3SZK_VC27A,0.096284665,0.49737876653671265,1,3SZK_AB_C
3SZK_DC48A,0.20430143,0.2820934057235718,1,3SZK_AB_C
3SZK_DC51A,0.20430143,1.0821456909179688,1,3SZK_AB_C
3SZK_KC56A,0.096284665,-0.08481624722480774,1,3SZK_AB_C
3SZK_KC57A,-0.035917178,0.16050851345062256,1,3SZK_AB_C
3TGK_NE170D,-0.17043781,0.19331741333007812,1,3TGK_E_I
3U82_IB45A,2.5961404,3.0088887214660645,1,3U82_A_B
"3U82_TB28A,QB29A,EB90A,NB98A",-1.0106927,-0.02848881110548973,4,3U82_A_B
3UIG_EA47A,0.64674646,-0.22488468885421753,1,3UIG_A_P
3UIG_KA58A,0.4465736,0.4846169650554657,1,3UIG_A_P
3UIG_EA61A,1.7585607,-0.8582764267921448,1,3UIG_A_P
3UIG_DA67A,2.0392313,0.7792835235595703,1,3UIG_A_P
3UIG_EA72A,1.7930583,-1.1235668659210205,1,3UIG_A_P
"3UIH_KA58Y,HA76W",-1.0724025,-0.12680693715810776,2,3UIH_A_P
3UII_KA58A,0.04559572,0.07501111924648285,1,3UII_A_P
"3UII_KA58Y,HA76W",0.03452153,-0.26454396545886993,2,3UII_A_P
3VR6_LG28N,0.3099994,1.8539072275161743,1,3VR6_ABCDEF_GH
3VR6_LG29N,0.6750601,2.9715945720672607,1,3VR6_ABCDEF_GH
3VR6_RG134A,0.83049834,2.0619497299194336,1,3VR6_ABCDEF_GH
3VR6_RG135A,0.8992655,-0.4644125699996948,1,3VR6_ABCDEF_GH
"3VR6_RG134A,RG135A",1.4000883,0.7987676709890366,2,3VR6_ABCDEF_GH
3VR6_AG138S,-0.34087563,0.4352126121520996,1,3VR6_ABCDEF_GH
3VR6_LG139N,0.7095816,1.378261923789978,1,3VR6_ABCDEF_GH
"3VR6_RA476A,RB481A,RC471A",-0.27845457,0.4328410153587659,3,3VR6_ABCDEF_GH
"3VR6_VD385A,VE385A,VF388A",0.6982965,0.5222620939215025,3,3VR6_ABCDEF_GH
"3VR6_LD386A,LE386A,LF389A",1.1367726,0.5892093479633331,3,3VR6_ABCDEF_GH
"3VR6_RA476A,RB481A,RC471A,RG134A,RG135A",1.3179827,0.5792116776108742,5,3VR6_ABCDEF_GH
"3VR6_VD385A,VE385A,VF388A,RG134A,RG135A",1.1313123,0.6328643247485161,5,3VR6_ABCDEF_GH
"3VR6_LA477A,LB482A,LC472A,VA478A,VB483A,VC473A",-0.22198787,0.6637553585072359,6,3VR6_ABCDEF_GH
"3VR6_LA477A,LB482A,LC472A,VA478A,VB483A,VC473A,LD386A,LE386A,LF389A",-0.17043781,0.6389066883259349,9,3VR6_ABCDEF_GH
"3VR6_LA477A,LB482A,LC472A,VA478A,VB483A,VC473A,RG134A,RG135A",2.0498004,0.697508436627686,8,3VR6_ABCDEF_GH
"3VR6_LA477A,LB482A,LC472A,VA478A,VB483A,VC473A,LG139N",-0.079110935,0.7658278101256916,7,3VR6_ABCDEF_GH
"3VR6_RD347E,RE347E,RF350E",0.28764006,1.1094617048899333,3,3VR6_ABCDEF_GH
"3VR6_RD347K,RE347K,RF350K",1.2131597,0.32957203189531964,3,3VR6_ABCDEF_GH
3W2D_YA45F,0.87833744,0.7125071287155151,1,3W2D_A_HL
3W2D_YA45L,2.3658152,0.40086203813552856,1,3W2D_A_HL
3W2D_KA67R,-0.42831185,-1.0061813592910767,1,3W2D_A_HL
3W2D_KA67N,4.6240077,-0.4825674295425415,1,3W2D_A_HL
3WWN_RA221E,-0.33671388,0.1920628547668457,1,3WWN_A_B
3WWN_RA224E,1.2939427,1.5398985147476196,1,3WWN_A_B
3WWN_KA225E,0.15640123,1.6084771156311035,1,3WWN_A_B
4B0M_AB127G,0.29772303,0.36042219400405884,1,4B0M_A_BM
4B0M_PM98A,0.40573978,1.3514127731323242,1,4B0M_A_BM
4B0M_PM98S,0.7580752,1.3737181425094604,1,4B0M_A_BM
4B0M_PM99A,1.9157778,0.038207363337278366,1,4B0M_A_BM
4B0M_PM99S,1.9942853,0.050718754529953,1,4B0M_A_BM
"4B0M_PM98S,PM99A",2.0725505,0.7059627324342728,2,4B0M_A_BM
4B0M_YM9G,0.62926847,2.2678728103637695,1,4B0M_A_BM
4B0M_YM37A,1.65294,0.7302066087722778,1,4B0M_A_BM
"4B0M_YM9G,YM37A",2.2047524,1.4990388751029968,2,4B0M_A_BM
4B0M_LM40A,1.9089847,1.5469528436660767,1,4B0M_A_BM
4B0M_MA8A,0.42992485,1.5809279680252075,1,4B0M_A_BM
"4B0M_TA7G,MA8A",0.44165695,1.0115847885608673,2,4B0M_A_BM
4BFI_LB29K,2.0774672,0.4781219959259033,1,4BFI_A_B
4BFI_NB43D,2.7283423,0.7107730507850647,1,4BFI_A_B
4BFI_NB43A,2.3176858,1.5432991981506348,1,4BFI_A_B
4BFI_LB91A,1.3072104,0.9377252459526062,1,4BFI_A_B
4BFI_NB93K,2.7283423,-0.1951819658279419,1,4BFI_A_B
4BFI_FB95D,2.7283423,2.232754707336426,1,4BFI_A_B
4BFI_FB95A,2.0774672,2.3038742542266846,1,4BFI_A_B
4BFI_KB99E,2.3176858,0.31864073872566223,1,4BFI_A_B
4BFI_QB6K,-0.011969134,-0.15659943222999573,1,4BFI_A_B
4BFI_SB17D,0.03078365,-0.07584906369447708,1,4BFI_A_B
4BFI_QB26K,-0.21983741,-0.49440035223960876,1,4BFI_A_B
4CPA_PI35G,2.5961404,1.6152081489562988,1,4CPA_A_I
4CPA_YI36G,0.5019833,1.4101837873458862,1,4CPA_A_I
4CPA_YI36F,0.0,0.06699691712856293,1,4CPA_A_I
4CPA_VI37G,3.7347221,0.03936786577105522,1,4CPA_A_I
4CPA_VI37A,2.325533,0.4094960689544678,1,4CPA_A_I
4CPA_VI37L,1.2793907,0.06251365691423416,1,4CPA_A_I
4CPA_VI37I,0.19934364,-0.3065587878227234,1,4CPA_A_I
4CPA_VI37F,0.0,-0.06428876519203186,1,4CPA_A_I
4CVW_DA720W,1.2212942,0.6847749948501587,1,4CVW_A_C
4CVW_DA720R,3.0476718,2.948408842086792,1,4CVW_A_C
4CVW_RC27A,1.8287239,0.6791799068450928,1,4CVW_A_C
4CVW_RC31A,2.0774672,1.1970256567001343,1,4CVW_A_C
4CVW_RC31W,1.4907035,0.5233924388885498,1,4CVW_A_C
4CVW_LC34G,2.7283423,2.765532970428467,1,4CVW_A_C
4CVW_LC34W,0.3355621,0.42869529128074646,1,4CVW_A_C
4CVW_VC35D,4.9208374,3.850973129272461,1,4CVW_A_C
"4CVW_LC34G,VC35D",7.7454643,3.308252453804016,2,4CVW_A_C
"4E6K_EA81A,EB81A",2.5848122,0.12400424107909203,2,4E6K_AB_G
"4E6K_LA68A,LB68A",2.6698973,0.3842792809009552,2,4E6K_AB_G
"4E6K_EA85A,EB85A",3.0725746,0.1204923614859581,2,4E6K_AB_G
4E6K_YG2F,0.6969139,0.4594913721084595,1,4E6K_AB_G
4E6K_KG40A,0.5019833,0.5224699378013611,1,4E6K_AB_G
4E6K_LG5A,1.9034278,-0.1354428231716156,1,4E6K_AB_G
4EKD_CA147R,-0.056466706,0.4836410582065582,1,4EKD_A_B
4FTV_KD66A,-1.5795714,1.0567971467971802,1,4FTV_ABC_DE
4FTV_TA163A,0.36111906,0.3710501194000244,1,4FTV_ABC_DE
"4FTV_KD66A,TA163A",-2.130459,0.713923305273056,2,4FTV_ABC_DE
4FTV_DD93A,1.0142645,0.9867739677429199,1,4FTV_ABC_DE
4FTV_RA65A,3.8267174,3.29618763923645,1,4FTV_ABC_DE
"4FTV_DD93A,RA65A",1.4018853,2.141479730606079,2,4FTV_ABC_DE
4FTV_DD93A,0.77962637,0.9867739677429199,1,4FTV_ABC_DE
4FTV_RA65A,3.1884809,3.29618763923645,1,4FTV_ABC_DE
"4FTV_DD93A,RA65A",0.9260521,2.141479730606079,2,4FTV_ABC_DE
"4FTV_EA63Q,DD93A",-0.004539884,0.46286354027688503,2,4FTV_ABC_DE
"4FTV_EA63Q,KA66A",1.3316362,1.35549340210855,2,4FTV_ABC_DE
"4FTV_EA63Q,DD93A,KA66A",1.855068,1.2325866855680943,3,4FTV_ABC_DE
"4FTV_ME98A,SE99G,AE100G,QE101R",3.9603114,0.7941238796338439,4,4FTV_ABC_DE
"4FTV_SE99G,AE100G,QE101R",3.651468,0.8418316332002481,3,4FTV_ABC_DE
"4FTV_ME98A,AE100G,QE101R",3.6194358,0.7268205968042215,3,4FTV_ABC_DE
"4FTV_ME98A,QE101E",0.5062001,0.2479601502418518,2,4FTV_ABC_DE
4FTV_QE101E,0.056466706,-0.155080184340477,1,4FTV_ABC_DE
4FTV_QE101R,0.41065642,-0.0571596622467041,1,4FTV_ABC_DE
4FZA_FA168E,0.54285824,1.4534401893615723,1,4FZA_A_B
4FZA_YA213A,1.2707835,1.4924125671386719,1,4FZA_A_B
4FZA_RA217A,1.0278971,0.9032132625579834,1,4FZA_A_B
4FZA_EB122A,0.42541236,0.2676635980606079,1,4FZA_A_B
4G0N_RB6A,1.645757,1.6317882537841797,1,4G0N_A_B
4G0N_NB11A,0.09720734,0.27953237295150757,1,4G0N_A_B
4G0N_QB13A,1.645757,1.7497961521148682,1,4G0N_A_B
4G0N_RB14A,1.9372704,1.3607993125915527,1,4G0N_A_B
4G0N_TB15A,1.4525357,1.4423762559890747,1,4G0N_A_B
4G0N_VB16A,0.9681078,0.8449037075042725,1,4G0N_A_B
4G0N_KB31A,2.1297555,1.7503186464309692,1,4G0N_A_B
4G0N_VB35A,0.09720734,0.7837457060813904,1,4G0N_A_B
4G0N_IA21A,0.87122935,1.6949793100357056,1,4G0N_A_B
4G0N_HA27A,-0.29069513,0.22953055799007416,1,4G0N_A_B
4G0N_EA31A,0.48550442,0.695229172706604,1,4G0N_A_B
4G0N_DA33A,1.0649688,1.0355571508407593,1,4G0N_A_B
4G0N_IA36A,1.7429594,1.0689774751663208,1,4G0N_A_B
4G0N_EA37A,1.7429594,1.7174445390701294,1,4G0N_A_B
4G0N_DA38A,3.193986,1.1390336751937866,1,4G0N_A_B
4G0N_SA39A,0.29070067,0.723318338394165,1,4G0N_A_B
4G0N_RA41A,-0.580602,1.5688058137893677,1,4G0N_A_B
4G0N_VA45A,-0.29069513,0.3730255961418152,1,4G0N_A_B
"4G0N_TB15A,IA21A",2.1297555,1.5686777234077454,2,4G0N_A_B
"4G0N_VB16A,IA21A",1.5513604,1.2699419856071472,2,4G0N_A_B
"4G0N_VB35A,IA21A",0.29070067,1.239362210035324,2,4G0N_A_B
"4G0N_VB35A,HA27A",0.19255085,0.5066377073526382,2,4G0N_A_B
"4G0N_RB6A,EA31A",2.1297555,1.1635082066059113,2,4G0N_A_B
"4G0N_TB15A,EA31A",1.5513604,1.0688025653362274,2,4G0N_A_B
"4G0N_KB31A,EA31A",2.0329933,1.2227738201618195,2,4G0N_A_B
"4G0N_RB6A,DA33A",2.516607,1.3336722254753113,2,4G0N_A_B
"4G0N_KB31A,DA33A",2.6137888,1.3929378390312195,2,4G0N_A_B
"4G0N_RB6A,IA36A",4.257757,1.350382387638092,2,4G0N_A_B
"4G0N_TB15A,IA36A",3.000671,1.2556767463684082,2,4G0N_A_B
"4G0N_VB16A,IA36A",2.6137888,0.9569410085678101,2,4G0N_A_B
"4G0N_RB6A,EA37A",2.3235662,1.6746160387992859,2,4G0N_A_B
"4G0N_TB15A,EA37A",2.8070836,1.579910397529602,2,4G0N_A_B
"4G0N_VB16A,EA37A",2.7103422,1.281174659729004,2,4G0N_A_B
"4G0N_KB31A,EA37A",3.3875308,1.733881652355194,2,4G0N_A_B
"4G0N_RB6A,DA38A",4.451485,1.3854113221168518,2,4G0N_A_B
"4G0N_TB15A,DA38A",3.000671,1.290705680847168,2,4G0N_A_B
"4G0N_QB13A,SA39A",2.0329933,1.2365576028823853,2,4G0N_A_B
"4G0N_RB14A,SA39A",2.2268512,1.042059063911438,2,4G0N_A_B
"4G0N_TB15A,SA39A",1.9372704,1.0828473567962646,2,4G0N_A_B
"4G0N_NB11A,RA41A",-0.580602,0.9241686910390854,2,4G0N_A_B
"4G0N_QB13A,RA41A",1.2585136,1.659300684928894,2,4G0N_A_B
"4G0N_NB11A,VA45A",0.0,0.32627899944782257,2,4G0N_A_B
"4G0N_QB13A,VA45A",1.5513604,1.0614109933376312,2,4G0N_A_B
"4G0N_RB14A,VA45A",1.7429594,0.866912454366684,2,4G0N_A_B
"4G0N_TB15A,VA45A",1.0649688,0.9077007472515106,2,4G0N_A_B
4G0N_FB8W,0.6034536,0.19168740510940552,1,4G0N_A_B
4G0N_VB35I,0.5519035,0.290304958820343,1,4G0N_A_B
4G0N_NB18R,-0.6982965,-0.9700479507446289,1,4G0N_A_B
"4G0N_FB8W,NB18R",-0.28764006,-0.3891797736287117,2,4G0N_A_B
"4G0N_FB8W,NB18R,VB35I",0.36323497,-0.1626848429441452,3,4G0N_A_B
"4G0N_FB8W,RB14L,NB18R,VB35I",0.6034536,0.1561904512345791,4,4G0N_A_B
"4G0N_FB8W,VB16E,NB18R,VB35I",1.818733,-0.009917337447404861,4,4G0N_A_B
"4G0N_FB8W,RB14L,VB16E,NB18R,KB31R,VB35I",3.6040466,0.36065110315879184,6,4G0N_A_B
4G0N_AB32K,-1.1089529,-0.836176335811615,1,4G0N_A_B
"4G0N_NB18R,AB32K",-1.2793907,-0.9031106233596802,2,4G0N_A_B
4G0N_TA35A,2.6293707,1.5023497343063354,1,4G0N_A_B
"4G0N_TA35A,NB18R",2.0998266,0.26615169644355774,2,4G0N_A_B
"4G0N_TA35A,AB32K",2.578799,0.3330875337123871,2,4G0N_A_B
"4G0N_TA35A,NB18R,AB32K",1.9676247,-0.10129046440124512,3,4G0N_A_B
"4G0N_YA32C,CA116S",0.7356554,0.3360386937856674,2,4G0N_A_B
"4G0N_YA32C,CA116S,NB18R",-0.36675102,-0.09932302435239156,3,4G0N_A_B
"4G0N_YA32C,CA116S,AB32K",-0.6418298,-0.05469913283983866,3,4G0N_A_B
"4G0N_YA32C,CA116S,NB18R,AB32K",-1.7309221,-0.2835359647870064,4,4G0N_A_B
4G0N_KB12M,1.3225784,0.524579644203186,1,4G0N_A_B
4G0N_NB11A,1.5063304,0.27953237295150757,1,4G0N_A_B
4G0N_NB11D,1.80897,1.2642533779144287,1,4G0N_A_B
4G0N_VB16A,1.80897,0.8449037075042725,1,4G0N_A_B
4G0N_KB12A,1.8322064,0.8222492337226868,1,4G0N_A_B
4G0N_KB12E,1.9169868,0.418900728225708,1,4G0N_A_B
4G0N_TB15A,2.1572053,1.4423762559890747,1,4G0N_A_B
4G0N_RB14A,2.3276432,1.3607993125915527,1,4G0N_A_B
4G0N_RB6A,2.7382996,1.6317882537841797,1,4G0N_A_B
4G0N_QB13A,2.785721,1.7497961521148682,1,4G0N_A_B
"4G0N_RB6A,NB11D",3.421207,1.4480201601982117,2,4G0N_A_B
4G0N_KB31A,3.5837975,1.7503186464309692,1,4G0N_A_B
4G0N_KB31E,5.0657783,2.6323390007019043,1,4G0N_A_B
"4G0N_KB31A,RB36G",5.358625,1.6894878149032593,2,4G0N_A_B
4G0N_RB36L,5.358625,0.422533243894577,1,4G0N_A_B
4G0N_EA31A,1.3881191,0.695229172706604,1,4G0N_A_B
4G0N_DA33A,0.689111,1.0355571508407593,1,4G0N_A_B
4G0N_RA41A,-0.10772061,1.5688058137893677,1,4G0N_A_B
4G0N_RB6A,2.0392313,1.6317882537841797,1,4G0N_A_B
4G0N_NB11A,0.4360252,0.27953237295150757,1,4G0N_A_B
4G0N_RB14A,1.4963729,1.3607993125915527,1,4G0N_A_B
4G0N_VB16A,0.689111,0.8449037075042725,1,4G0N_A_B
4G0N_KB31A,2.0392313,1.7503186464309692,1,4G0N_A_B
4G0N_VB35A,-0.10772061,0.7837457060813904,1,4G0N_A_B
4G0N_TA35S,2.2143898,1.3485795259475708,1,4G0N_A_B
4G0N_TA35A,2.9443758,1.5023497343063354,1,4G0N_A_B
4G0N_DA38A,2.535545,1.1390336751937866,1,4G0N_A_B
4G2V_RA198E,2.237034,0.39265790581703186,1,4G2V_A_B
4G2V_NA260R,0.22198787,0.06034071743488312,1,4G2V_A_B
"4G2V_RA198E,NA260R",2.2844555,0.22649965062737465,2,4G2V_A_B
4GNK_KA294A,0.09897152,0.4963938593864441,1,4GNK_A_B
"4GNK_DA279A,PA281D",0.12133086,0.06072529777884483,2,4GNK_A_B
4GNK_LB764A,-1.4206378,0.6359370946884155,1,4GNK_A_B
"4GNK_KA294A,LB764A",-1.5528396,0.5661652237176895,2,4GNK_A_B
"4GNK_LB764A,DA279A,PA281D",-1.7232774,0.2524624839425087,3,4GNK_A_B
4GNK_TB540E,-0.18866855,-0.5801252126693726,1,4GNK_A_B
"4GU0_LE20A,TE22A,RE26A",0.916397,0.3439390907684962,3,4GU0_A_E
4GXU_DA189E,2.1660576,0.7766779065132141,1,4GXU_ABCDEF_MN
4GXU_DA224G,1.9617561,-0.21203410625457764,1,4GXU_ABCDEF_MN
"4GXU_DA189E,DA224G",3.0115554,0.2823222130537033,2,4GXU_ABCDEF_MN
4HFK_RB22A,1.3921323,1.8039610385894775,1,4HFK_A_BD
4HFK_LB45A,2.525464,1.449145793914795,1,4HFK_A_BD
4HFK_EB46A,1.1885719,1.4344501495361328,1,4HFK_A_BD
4HFK_SB48A,0.20154199,0.22974655032157898,1,4HFK_A_BD
4HFK_NB49A,-0.020160992,0.30451104044914246,1,4HFK_A_BD
4HFK_LB50A,0.030058358,1.7941150665283203,1,4HFK_A_BD
4HFK_EB56A,0.94239897,0.2017737627029419,1,4HFK_A_BD
4HFK_TD72A,1.8502102,1.6027817726135254,1,4HFK_A_BD
4HRN_LD17A,2.5983803,3.1133689880371094,1,4HRN_A_D
4HRN_SD43A,0.8030821,0.6245509386062622,1,4HRN_A_D
4HRN_VD44A,2.8119245,0.9545676112174988,1,4HRN_A_D
4HRN_FD47A,2.4605627,0.5106624960899353,1,4HRN_A_D
4HSA_RA28V,0.58109426,0.487003892660141,1,4HSA_AB_C
4HSA_WA40V,-0.22242592,1.2052783966064453,1,4HSA_AB_C
4HSA_YA58I,0.11757265,1.834242820739746,1,4HSA_AB_C
4HSA_HA59S,-0.12264595,0.8350893259048462,1,4HSA_AB_C
4I77_YH100F,0.0,-0.01339816302061081,1,4I77_HL_Z
4I77_YH100A,0.0,0.7811446189880371,1,4I77_HL_Z
4I77_YH101F,0.0,-0.03385111689567566,1,4I77_HL_Z
4I77_YH101A,0.94154555,1.5481674671173096,1,4I77_HL_Z
4I77_YH103F,0.0,0.549126923084259,1,4I77_HL_Z
4I77_YH103A,1.6923214,1.6150355339050293,1,4I77_HL_Z
4I77_DH54A,2.1247063,3.9338974952697754,1,4I77_HL_Z
4I77_WH52F,2.0995631,1.2011363506317139,1,4I77_HL_Z
4I77_WH52A,2.1147766,2.304395914077759,1,4I77_HL_Z
4I77_YL32F,0.0,0.9545496702194214,1,4I77_HL_Z
4I77_YL32A,0.0,1.6848828792572021,1,4I77_HL_Z
4I77_NL95A,1.7221993,1.1983891725540161,1,4I77_HL_Z
4I77_YH100F,0.0,-0.01339816302061081,1,4I77_HL_Z
4I77_YH100A,0.0,0.7811446189880371,1,4I77_HL_Z
4I77_YH101F,0.0,-0.03385111689567566,1,4I77_HL_Z
4I77_YH101A,2.2759638,1.5481674671173096,1,4I77_HL_Z
4I77_YH103F,0.63079,0.549126923084259,1,4I77_HL_Z
4I77_YH103A,2.5998316,1.6150355339050293,1,4I77_HL_Z
4I77_DH54A,2.9955828,3.9338974952697754,1,4I77_HL_Z
4I77_WH52F,2.8213594,1.2011363506317139,1,4I77_HL_Z
4I77_WH52A,2.9105122,2.304395914077759,1,4I77_HL_Z
4I77_YL32F,0.0,0.9545496702194214,1,4I77_HL_Z
4I77_YL32A,1.5677315,1.6848828792572021,1,4I77_HL_Z
4I77_NL95A,0.9991104,1.1983891725540161,1,4I77_HL_Z
4J2L_WC17A,2.2305837,0.6981045603752136,1,4J2L_A_CD
4J2L_LC20S,1.6885003,1.1792007684707642,1,4J2L_A_CD
"4J2L_VA23A,SA34D",2.266683,0.9500814080238342,2,4J2L_A_CD
"4J2L_VA23A,LA118E",0.4368464,1.7680243253707886,2,4J2L_A_CD
"4J2L_SA34D,LA118E",0.6970077,1.059152901172638,2,4J2L_A_CD
4J2L_VA23A,0.08989063,1.6589524745941162,1,4J2L_A_CD
4J2L_SA34D,-0.9704915,0.24121056497097015,1,4J2L_A_CD
4J2L_LA118E,-0.6311248,1.877096176147461,1,4J2L_A_CD
4JEU_RA169A,-0.41065642,0.14803403615951538,1,4JEU_A_B
4JEU_RA37C,0.90960926,1.2390049695968628,1,4JEU_A_B
"4JEU_LB147A,EB148A",1.1937333,1.1176709532737732,2,4JEU_A_B
"4JEU_LB147A,EB148A",1.0099814,1.1176709532737732,2,4JEU_A_B
4JEU_IB215A,3.2417018,2.7449817657470703,1,4JEU_A_B
4JEU_RB3A,1.1281693,1.11573326587677,1,4JEU_A_B
4JEU_TB4A,0.18092397,0.9723981618881226,1,4JEU_A_B
4JEU_LB7A,1.1089529,0.5603621006011963,1,4JEU_A_B
4JFD_AC4G,-6.5182157,-0.19585509598255157,1,4JFD_ABC_DE
"4JFD_AC4G,EC1A",0.80462295,-0.08279423415660858,2,4JFD_ABC_DE
"4JFD_AC4G,GC6A",0.07705023,0.16781538724899292,2,4JFD_ABC_DE
"4JFD_AC4G,IC7A",-0.088590376,2.881348967552185,2,4JFD_ABC_DE
"4JFD_AC4G,LC8A",-0.31932956,0.26692384481430054,2,4JFD_ABC_DE
"4JFD_AC4G,TC9A",0.016232576,0.020584769546985626,2,4JFD_ABC_DE
4JFE_AC7I,-6.4296255,-5.403476715087891,1,4JFE_ABC_DE
"4JFE_AC7I,EC1A",0.89321333,1.2046492099761963,2,4JFE_ABC_DE
"4JFE_AC7I,GC4A",0.088590376,0.6049387454986572,2,4JFE_ABC_DE
"4JFE_AC7I,GC6A",0.16564061,0.10301327705383301,2,4JFE_ABC_DE
"4JFE_AC7I,LC8A",-0.23073918,0.4708402156829834,2,4JFE_ABC_DE
"4JFE_AC7I,TC9A",0.10482295,0.16115713119506836,2,4JFE_ABC_DE
4JFF_EC1A,7.322839,0.013287736102938652,1,4JFF_ABC_DE
4JFF_GC4A,6.5182157,0.6333264112472534,1,4JFF_ABC_DE
4JFF_GC6A,6.5952663,0.4663808345794678,1,4JFF_ABC_DE
4JFF_IC7A,6.4296255,5.951692581176758,1,4JFF_ABC_DE
4JFF_LC8A,6.1988864,0.7063584327697754,1,4JFF_ABC_DE
4JFF_TC9A,6.5344486,0.8252393007278442,1,4JFF_ABC_DE
4JGH_WD44A,2.049183,1.3160053491592407,1,4JGH_ABC_D
4JPK_VA30N,0.5948611,0.3903276324272156,1,4JPK_HL_A
4JPK_SA41G,2.1526585,1.981024980545044,1,4JPK_HL_A
4JPK_FA63L,1.1678094,1.4785135984420776,1,4JPK_HL_A
4JPK_RA81T,0.75904274,-0.6249010562896729,1,4JPK_HL_A
4JPK_RA130K,0.23016907,-0.022897955030202866,1,4JPK_HL_A
4JPK_FA144I,1.3881388,1.3700836896896362,1,4JPK_HL_A
4JPK_TA35S,-0.03210773,0.41217660903930664,1,4JPK_HL_A
4JPK_DA141R,3.8590503,-1.8317831754684448,1,4JPK_HL_A
"4JPK_DA159N,DA33N",0.6192453,0.14784273505210876,2,4JPK_HL_A
4K71_GA503E,0.7422019,-0.05871205776929855,1,4K71_A_BC
"4K71_MA416V,AA418T",1.1963606,-0.1630055010318756,2,4K71_A_BC
"4K71_GA503R,AA545V",1.6679945,-0.01208198070526123,2,4K71_A_BC
4K71_AA545V,2.0319188,0.9513117074966431,1,4K71_A_BC
"4K71_MA416V,AA418T,GA503R",2.7775838,-0.43382877111434937,3,4K71_A_BC
"4K71_GA503E,AA545V",2.8493805,0.4462992586195469,2,4K71_A_BC
"4K71_MA416V,AA418T,AA545V",2.8541906,0.20843344926834106,3,4K71_A_BC
"4K71_MA416V,AA418T,GA503R,AA545V",2.8913276,-0.08754374086856842,4,4K71_A_BC
"4K71_MA416V,GA503E,AA545V",2.9276857,0.2513776148358981,3,4K71_A_BC
"4K71_AA418T,GA503E,AA545V",3.1290412,0.23501772930224737,3,4K71_A_BC
"4K71_MA416V,AA418T,GA503E,AA545V",3.4591506,0.14164687879383564,4,4K71_A_BC
4K71_HA462A,1.051574,0.7371313571929932,1,4K71_A_BC
4K71_HA462F,1.0099814,0.3116750717163086,1,4K71_A_BC
4K71_HB157A,0.6442554,0.04994029179215431,1,4K71_A_BC
4K71_HB157F,0.185067,0.06577137112617493,1,4K71_A_BC
"4K71_MA416V,AA418T,GA503E,AA545V",3.8140588,0.14164687879383564,4,4K71_A_BC
"4K71_MA416V,AA418T,GA503R",2.3874667,-0.43382877111434937,3,4K71_A_BC
"4K71_MA416V,AA418T",1.2319692,-0.1630055010318756,2,4K71_A_BC
4K71_AA545V,1.9898316,0.9513117074966431,1,4K71_A_BC
"4K71_MA416V,AA418T,GA503R",1.8028226,-0.43382877111434937,3,4K71_A_BC
"4K71_MA416V,AA418T",0.8493079,-0.1630055010318756,2,4K71_A_BC
4K71_AA545V,0.39123002,0.9513117074966431,1,4K71_A_BC
4KRL_RB30A,1.7210599,0.5170937776565552,1,4KRL_A_B
4KRL_DB112A,0.6499726,2.7549450397491455,1,4KRL_A_B
"4KRL_DA49T,FA51A",1.8532617,0.9283419996500015,2,4KRL_A_B
4KRO_RB15A,1.5840086,0.66033935546875,1,4KRO_A_B
4KRO_DB92A,1.5048976,-0.18278814852237701,1,4KRO_A_B
"4KRO_DA321T,FA323A",0.12702756,0.7992103695869446,2,4KRO_A_B
4KRP_EB105A,1.6067643,0.8602293133735657,1,4KRP_A_B
"4KRP_DA277T,FA279A",0.3584571,0.6247147768735886,2,4KRP_A_B
4L0P_TA11K,0.0,0.5071695446968079,1,4L0P_A_B
4L0P_SA20F,0.056466706,1.675783634185791,1,4L0P_A_B
4L0P_EA27K,2.6659212,0.07811621576547623,1,4L0P_A_B
4L0P_NA59S,0.31437176,-0.07523083686828613,1,4L0P_A_B
4L0P_TA76Q,1.4721879,-1.120807409286499,1,4L0P_A_B
4L0P_TA140N,0.27845457,0.19812914729118347,1,4L0P_A_B
"4L3E_YD26D,WE95L",3.5434513,1.4059359431266785,2,4L3E_ABC_DE
4L3E_RA65A,1.3017501,-0.07629034668207169,1,4L3E_ABC_DE
4L3E_YE48A,2.2283304,0.787151575088501,1,4L3E_ABC_DE
"4L3E_RA65A,YE48A",3.8093,0.35542992874979973,2,4L3E_ABC_DE
"4L3E_RA65A,YD26A",4.4407487,0.746373038738966,2,4L3E_ABC_DE
4L3E_YD26A,2.7848089,1.5690363645553589,1,4L3E_ABC_DE
"4L3E_YD26A,RA65A",4.370968,0.746373038738966,2,4L3E_ABC_DE
4L3E_YD50A,0.46799824,1.9266951084136963,1,4L3E_ABC_DE
4L3E_QA155A,1.2590374,1.4754021167755127,1,4L3E_ABC_DE
"4L3E_YD50A,QA155A",1.0905137,1.7010468244552612,2,4L3E_ABC_DE
4L3E_ND52A,-0.45974576,0.34685564041137695,1,4L3E_ABC_DE
4L3E_EA166A,1.2175184,1.3375359773635864,1,4L3E_ABC_DE
"4L3E_ND52A,EA166A",1.0916823,0.8421959578990936,2,4L3E_ABC_DE
4LRX_HA56N,0.32587606,1.0913875102996826,1,4LRX_AB_CD
"4MNQ_IE49V,HE50G,PE51A,EE52G,YE53I,AD93S,LD94G,PD95T,GD97K",5.821152,0.5809949768914117,9,4MNQ_ABC_DE
"4MNQ_AD93S,LD94G,PD95T,GD97K",0.92312586,0.7444600313901901,4,4MNQ_ABC_DE
"4MNQ_HE50W,PE51E,EE52F,YE53E,AD93S,LD94G,PD95T,GD97K",0.8976401,0.260711008682847,8,4MNQ_ABC_DE
"4MNQ_IE49V,HE50G,PE51A,EE52G,YE53I",1.5196093,0.45022293329238894,5,4MNQ_ABC_DE
"4MNQ_HE50W,PE51E,EE52F,YE53E",0.25964502,-0.22303801402449608,4,4MNQ_ABC_DE
"4MNQ_KC4A,AD93S,LD94G,PD95T,GD97K",3.6324573,0.8261815428733825,5,4MNQ_ABC_DE
"4MNQ_KC4A,IE49V,HE50G,PE51A,EE52G,YE53I",4.2479515,0.5673637092113495,6,4MNQ_ABC_DE
4MNQ_KC4A,4.9356365,1.153066635131836,1,4MNQ_ABC_DE
"4MNQ_KC4A,HE50W,PE51E,EE52F,YE53E",4.942732,0.052183106541633606,5,4MNQ_ABC_DE
"4MNQ_LC6A,AD93S,LD94G,PD95T,GD97K",5.1024947,1.0038248419761657,5,4MNQ_ABC_DE
"4MNQ_LC6A,HE50W,PE51E,EE52F,YE53E,AD93S,LD94G,PD95T,GD97K",5.4262958,0.45855246153142715,9,4MNQ_ABC_DE
"4MNQ_LC6A,IE49V,HE50G,PE51A,EE52G,YE53I",4.6698933,0.7153997917970022,6,4MNQ_ABC_DE
4MNQ_LC6A,4.14898,2.04128360748291,1,4MNQ_ABC_DE
"4MNQ_LC6A,HE50W,PE51E,EE52F,YE53E",4.389199,0.2298264056444168,5,4MNQ_ABC_DE
4MYW_IB48A,2.573214,1.7960615158081055,1,4MYW_A_B
"4MYW_TB31A,QB32A,EB93A,NB101A",-0.52981997,-0.0362449144013226,4,4MYW_A_B
4N8V_PG10A,-0.21667437,0.25862863659858704,1,4N8V_G_ABC
4N8V_KG38A,0.5880585,0.14076445996761322,1,4N8V_G_ABC
4N8V_YG39F,0.5155515,-0.5236141085624695,1,4N8V_G_ABC
4N8V_YG124A,0.12034162,2.4975087642669678,1,4N8V_G_ABC
"4NKQ_LB77A,TB78A,SB79A",0.11002849,0.33344247937202454,3,4NKQ_C_AB
"4NKQ_RB80A,NB81A,YB82A",-0.33154547,0.5839271545410156,3,4NKQ_C_AB
4NKQ_RB80A,0.1199859,1.4445213079452515,1,4NKQ_C_AB
4NKQ_RB80D,-0.077386186,1.6938832998275757,1,4NKQ_C_AB
4NKQ_NB81A,0.099900864,-0.17602361738681793,1,4NKQ_C_AB
4NKQ_YB82A,-0.3754509,0.4832843542098999,1,4NKQ_C_AB
4NKQ_YB82F,-0.23420382,0.3297218084335327,1,4NKQ_C_AB
"4NKQ_DB87A,TB88A,KB89A",0.35358486,0.42864277958869934,3,4NKQ_C_AB
4NKQ_DB87A,0.15822187,0.21662810444831848,1,4NKQ_C_AB
4NKQ_DB87R,0.20278814,-0.26921650767326355,1,4NKQ_C_AB
4NKQ_TB88A,0.31932956,0.1604977250099182,1,4NKQ_C_AB
4NKQ_KB89A,0.38596734,0.9088009595870972,1,4NKQ_C_AB
4NKQ_KB89D,1.0615314,0.7963798642158508,1,4NKQ_C_AB
"4NKQ_KB90A,IB91A,EB92A",-0.70132697,0.1384318470954895,3,4NKQ_C_AB
4NKQ_KB90A,-0.19934364,0.3017272651195526,1,4NKQ_C_AB
4NKQ_KB90D,-0.19934364,0.21031999588012695,1,4NKQ_C_AB
4NKQ_IB91A,-0.050451912,-1.144386887550354,1,4NKQ_C_AB
4NKQ_EB92A,-0.35309157,1.2579541206359863,1,4NKQ_C_AB
"4NKQ_YB119A,QB120A,KB121A,LB122A,SB123A,YB124A",-0.31075555,0.42238619178533554,6,4NKQ_C_AB
"4NKQ_YB119A,YB124A",-0.6271738,0.9449723362922668,2,4NKQ_C_AB
4NKQ_QB120A,-0.39868727,0.09483639895915985,1,4NKQ_C_AB
4NKQ_KB121A,-0.5612779,0.3330596685409546,1,4NKQ_C_AB
4NKQ_LB122A,0.23617455,-0.1525052934885025,1,4NKQ_C_AB
4NKQ_SB123A,0.27542412,0.3689824640750885,1,4NKQ_C_AB
4NKQ_DB126A,0.11002849,0.39322352409362793,1,4NKQ_C_AB
"4NKQ_DB176A,VB177A,RB178A,IB179A",-0.12023271,0.2630164586007595,4,4NKQ_C_AB
4NKQ_DB176A,0.42262554,0.1431870460510254,1,4NKQ_C_AB
4NKQ_DB176E,0.46822128,0.49197548627853394,1,4NKQ_C_AB
4NKQ_RB178A,0.36020452,0.8429614901542664,1,4NKQ_C_AB
4NKQ_RB178D,-0.2906705,0.20688024163246155,1,4NKQ_C_AB
"4NKQ_RB80D,KB90D",1.3137192,0.9521005898714066,2,4NKQ_C_AB
4NKQ_DC99K,-0.33154547,1.2123324871063232,1,4NKQ_C_AB
"4NKQ_DC99K,RB80D",0.1764526,1.453106701374054,2,4NKQ_C_AB
"4NKQ_DC99K,DB87R",0.8152364,0.4715578705072403,2,4NKQ_C_AB
"4NKQ_DC99K,KB90D",-0.5019833,0.7113260179758072,2,4NKQ_C_AB
"4NKQ_DC99K,RB80D,KB90D",0.53555894,1.0388444364070892,3,4NKQ_C_AB
4NKQ_RB178M,1.8640348,0.24924010038375854,1,4NKQ_C_AB
"4NKQ_DB176A,VB177A",1.9070294,0.02284521609544754,2,4NKQ_C_AB
"4NKQ_DB176Q,VB177Q",1.9580855,0.10882138833403587,2,4NKQ_C_AB
4NKQ_DB176A,1.8037333,0.1431870460510254,1,4NKQ_C_AB
4NKQ_DB176N,2.1189344,-0.3807142674922943,1,4NKQ_C_AB
"4NKQ_IB179A,LB180A",0.24021861,0.31475818157196045,2,4NKQ_C_AB
"4NKQ_IB179Q,LB180Q",1.0615314,0.13436813466250896,2,4NKQ_C_AB
4NKQ_RB156Q,0.33154547,0.16492003202438354,1,4NKQ_C_AB
4NKQ_RB178M,2.7283423,0.24924010038375854,1,4NKQ_C_AB
"4NKQ_DB176A,VB177A",2.246422,0.02284521609544754,2,4NKQ_C_AB
"4NKQ_DB176Q,VB177Q",2.4881237,0.10882138833403587,2,4NKQ_C_AB
4NKQ_DB176A,2.6203253,0.1431870460510254,1,4NKQ_C_AB
4NKQ_DB176N,1.7648702,-0.3807142674922943,1,4NKQ_C_AB
"4NKQ_IB179A,LB180A",0.30263966,0.31475818157196045,2,4NKQ_C_AB
"4NKQ_IB179Q,LB180Q",0.65087503,0.13436813466250896,2,4NKQ_C_AB
4NKQ_RB156Q,0.82131284,0.16492003202438354,1,4NKQ_C_AB
4NKQ_NC4E,-0.3905714,-0.3272441625595093,1,4NKQ_C_AB
4NKQ_IC6G,0.3344568,1.886502981185913,1,4NKQ_C_AB
4NKQ_EC8R,2.6404104,-0.3407745063304901,1,4NKQ_C_AB
4NKQ_RC10D,0.111411914,0.09846977144479752,1,4NKQ_C_AB
4NKQ_RC11D,-0.20550437,-0.9745628833770752,1,4NKQ_C_AB
4NKQ_NC14D,-0.6018842,-0.5041922330856323,1,4NKQ_C_AB
4NKQ_LC15D,-0.23513316,-0.012593124061822891,1,4NKQ_C_AB
4NM8_IB18M,0.10801677,-0.03064102679491043,1,4NM8_ABCDEF_HL
4NM8_DB19N,0.65087503,1.104894995689392,1,4NM8_ABCDEF_HL
4NM8_RB25M,3.3870645,0.11528973281383514,1,4NM8_ABCDEF_HL
4NM8_TB32E,-0.54285824,0.14927509427070618,1,4NM8_ABCDEF_HL
4NM8_TB32I,-0.0493996,-0.044304829090833664,1,4NM8_ABCDEF_HL
4NM8_TB32R,1.2015804,0.8369365334510803,1,4NM8_ABCDEF_HL
4NM8_QB34T,2.2935007,-0.5140150785446167,1,4NM8_ABCDEF_HL
4NM8_QB34R,2.9276857,-1.1712689399719238,1,4NM8_ABCDEF_HL
4NM8_LB38Y,-0.6052793,-0.013691924512386322,1,4NM8_ABCDEF_HL
4NZW_KA77A,0.076017186,0.49671369791030884,1,4NZW_A_B
4NZW_EB49A,0.325469,0.3292635977268219,1,4NZW_A_B
4NZW_EB124A,0.35717967,0.4728289544582367,1,4NZW_A_B
4O27_YA215A,1.1953111,1.8586478233337402,1,4O27_A_B
4O27_KA88A,1.0248733,0.6323004364967346,1,4O27_A_B
4O27_EB42A,0.37147176,1.6201547384262085,1,4O27_A_B
4O27_EB122A,0.30169097,0.8864786028862,1,4O27_A_B
4OFY_QA34A,1.1767564,0.010652128607034683,1,4OFY_A_D
4OFY_MA36A,0.084110565,0.24943913519382477,1,4OFY_A_D
4OFY_DA38A,0.54885274,1.3174039125442505,1,4OFY_A_D
4OFY_FA40A,4.604454,0.5029886364936829,1,4OFY_A_D
4OFY_QA85A,1.7332349,0.5386087894439697,1,4OFY_A_D
4OFY_SA87A,0.14215925,0.28636062145233154,1,4OFY_A_D
4OFY_EA88A,0.28220826,-0.4846065044403076,1,4OFY_A_D
"4OFY_QA34A,FA40A",4.1407065,0.25682074949145317,2,4OFY_A_D
"4OFY_QA34A,MA36A,FA40A,SA87A",4.461577,0.2623599525541067,4,4OFY_A_D
4OFY_QD34A,2.8705015,0.31414151191711426,1,4OFY_A_D
4OFY_LD42A,2.5678618,0.7800132632255554,1,4OFY_A_D
4OFY_QD86A,4.645329,1.984004259109497,1,4OFY_A_D
4OFY_RD96A,3.421207,0.46758905053138733,1,4OFY_A_D
4OZG_NG29A,-0.07165861,-0.8920537829399109,1,4OZG_ABJ_GH
4OZG_YG31A,1.7440438,1.3894909620285034,1,4OZG_ABJ_GH
4OZG_YG33F,1.7440438,-0.12984895706176758,1,4OZG_ABJ_GH
4OZG_LG50A,1.1861861,0.8089699149131775,1,4OZG_ABJ_GH
4OZG_YH46F,-0.64713717,0.19834555685520172,1,4OZG_ABJ_GH
4OZG_QH48A,0.8051584,0.6601260900497437,1,4OZG_ABJ_GH
4OZG_NH50A,-0.11102414,-0.05049522966146469,1,4OZG_ABJ_GH
4OZG_FH94A,1.4347845,0.37388527393341064,1,4OZG_ABJ_GH
4OZG_RH95A,1.7440438,0.09458984434604645,1,4OZG_ABJ_GH
4OZG_FH96A,0.88354635,2.0373387336730957,1,4OZG_ABJ_GH
4OZG_DH98A,1.650078,1.8096625804901123,1,4OZG_ABJ_GH
4OZG_YH101F,0.53378993,0.2352667897939682,1,4OZG_ABJ_GH
4P23_KC40A,1.1937333,1.4382818937301636,1,4P23_CD_AB
4P23_DC56A,0.99175066,0.9014688730239868,1,4P23_CD_AB
4P23_QC58A,0.9729411,0.09829653799533844,1,4P23_CD_AB
4P23_LC61A,0.9535147,1.0524392127990723,1,4P23_CD_AB
4P23_QC62A,1.9109659,0.23030021786689758,1,4P23_CD_AB
4P23_NC63A,1.5119647,1.5105358362197876,1,4P23_CD_AB
4P23_VC66A,1.1667991,0.7206279635429382,1,4P23_CD_AB
4P23_KC68A,0.6829073,0.8821149468421936,1,4P23_CD_AB
4P23_HC69A,0.6170114,1.212822437286377,1,4P23_CD_AB
4P23_VC73A,0.0,0.18464413285255432,1,4P23_CD_AB
4P23_KC76A,0.17043781,0.09475366771221161,1,4P23_CD_AB
4P23_FD1A,0.0,0.04214537888765335,1,4P23_CD_AB
4P23_ED2A,1.1667991,0.5296415090560913,1,4P23_CD_AB
4P23_QD4A,0.6829073,0.9871886968612671,1,4P23_CD_AB
4P23_KD5A,2.2306223,1.6895605325698853,1,4P23_CD_AB
4P23_KD7A,2.5683444,1.6822725534439087,1,4P23_CD_AB
4P23_ND9A,0.0,-0.11329026520252228,1,4P23_CD_AB
4P23_KD10A,0.09132688,0.051391586661338806,1,4P23_CD_AB
4P23_VD12A,0.0,0.17350861430168152,1,4P23_CD_AB
4P23_DD13A,0.17043781,-0.05812537670135498,1,4P23_CD_AB
4P23_ED68A,0.09132688,0.1428966224193573,1,4P23_CD_AB
4P23_YD69A,0.24021861,0.3283042907714844,1,4P23_CD_AB
4P23_SD72A,0.0,0.13622871041297913,1,4P23_CD_AB
4P23_QD73A,0.17043781,0.09121202677488327,1,4P23_CD_AB
4P23_PD74A,0.09132688,-0.05897682160139084,1,4P23_CD_AB
4P23_ED75A,0.17043781,0.18538467586040497,1,4P23_CD_AB
4P23_ID76A,0.17043781,0.5847899913787842,1,4P23_CD_AB
4P23_ED78A,0.17043781,0.9335326552391052,1,4P23_CD_AB
4P23_RD79A,2.071513,1.3393985033035278,1,4P23_CD_AB
4P23_RD81A,0.09132688,0.06013081222772598,1,4P23_CD_AB
4P23_DD85A,0.09132688,0.19264352321624756,1,4P23_CD_AB
4P23_TD86A,0.0,0.48913443088531494,1,4P23_CD_AB
4P23_RD89A,0.09132688,0.0012382939457893372,1,4P23_CD_AB
4P23_HD90A,0.17043781,0.9479098916053772,1,4P23_CD_AB
4P23_ED93A,0.09132688,0.32413798570632935,1,4P23_CD_AB
4P5T_KC40A,1.1385816,1.2579983472824097,1,4P5T_CD_AB
4P5T_DC56A,0.6170114,1.9225702285766602,1,4P5T_CD_AB
4P5T_QC58A,0.0,1.7263660430908203,1,4P5T_CD_AB
4P5T_LC61A,1.0099814,1.1651768684387207,1,4P5T_CD_AB
4P5T_QC62A,0.0,1.9888032674789429,1,4P5T_CD_AB
4P5T_NC63A,1.4963729,1.0330238342285156,1,4P5T_CD_AB
4P5T_VC66A,0.8687343,1.284315824508667,1,4P5T_CD_AB
4P5T_KC68A,0.99175066,0.5543517470359802,1,4P5T_CD_AB
4P5T_HC69A,1.0099814,0.7365619540214539,1,4P5T_CD_AB
4P5T_VC73A,0.0,0.022154029458761215,1,4P5T_CD_AB
4P5T_KC76A,0.35910636,0.16039849817752838,1,4P5T_CD_AB
4P5T_FD1A,0.0,0.09695664048194885,1,4P5T_CD_AB
4P5T_ED2A,1.0615314,1.3571892976760864,1,4P5T_CD_AB
4P5T_QD4A,1.6548417,0.7740775346755981,1,4P5T_CD_AB
4P5T_KD5A,1.9915464,1.254916787147522,1,4P5T_CD_AB
4P5T_KD7A,1.5492381,2.6160190105438232,1,4P5T_CD_AB
4P5T_ND9A,0.0,0.08088457584381104,1,4P5T_CD_AB
4P5T_KD10A,0.24021861,0.38473495841026306,1,4P5T_CD_AB
4P5T_VD12A,0.09132688,-0.21359020471572876,1,4P5T_CD_AB
4P5T_DD13A,0.0,0.06900878250598907,1,4P5T_CD_AB
4P5T_ED67A,0.24021861,0.047958873212337494,1,4P5T_CD_AB
4P5T_YD68A,0.17043781,-0.09542800486087799,1,4P5T_CD_AB
4P5T_SD71A,0.0,-0.02783128246665001,1,4P5T_CD_AB
4P5T_QD72A,0.0,-0.045507773756980896,1,4P5T_CD_AB
4P5T_PD73A,0.0,-0.18989711999893188,1,4P5T_CD_AB
4P5T_ED74A,0.6170114,0.08268807083368301,1,4P5T_CD_AB
4P5T_ID75A,0.09132688,-0.08860696107149124,1,4P5T_CD_AB
4P5T_ED77A,1.0099814,0.109409399330616,1,4P5T_CD_AB
4P5T_RD78A,2.0744975,2.6348578929901123,1,4P5T_CD_AB
4P5T_RD80A,0.0,0.004959313198924065,1,4P5T_CD_AB
4P5T_DD84A,0.0,-0.07036393880844116,1,4P5T_CD_AB
4P5T_TD85A,0.82131284,0.9664392471313477,1,4P5T_CD_AB
4P5T_RD88A,0.0,-0.06119423732161522,1,4P5T_CD_AB
4P5T_HD89A,0.7960983,0.4074314534664154,1,4P5T_CD_AB
4P5T_ED92A,0.0,0.012015361338853836,1,4P5T_CD_AB
4PWX_FA194A,1.7292318,0.5154448747634888,1,4PWX_AB_CD
4PWX_YA198A,1.7292318,0.6223359107971191,1,4PWX_AB_CD
4PWX_EA201K,1.7292318,0.9111257791519165,1,4PWX_AB_CD
4PWX_QA205A,1.0139576,0.13383355736732483,1,4PWX_AB_CD
4PWX_EA206A,1.0391722,-0.04389456659555435,1,4PWX_AB_CD
4PWX_EA246K,1.7292318,0.9622929096221924,1,4PWX_AB_CD
4PWX_DA250A,1.1433789,0.2441021054983139,1,4PWX_AB_CD
4PWX_RB269A,1.7292318,0.8974573016166687,1,4PWX_AB_CD
4PWX_KB65A,0.20247005,0.1746627241373062,1,4PWX_AB_CD
4PWX_KB65D,0.11888775,0.1635671854019165,1,4PWX_AB_CD
4PWX_KB68A,0.44786295,1.309548258781433,1,4PWX_AB_CD
4PWX_KB68D,0.2617647,0.9570964574813843,1,4PWX_AB_CD
4PWX_RB71A,0.35910636,0.6699746251106262,1,4PWX_AB_CD
4PWX_KC1A,0.46811968,0.17714057862758636,1,4PWX_AB_CD
4PWX_KC9A,-0.2740822,-0.04960738494992256,1,4PWX_AB_CD
4PWX_YC15A,0.7546097,1.1048545837402344,1,4PWX_AB_CD
4PWX_YC16A,1.1449693,0.6507891416549683,1,4PWX_AB_CD
4PWX_EC17A,-0.68473864,0.3688618540763855,1,4PWX_AB_CD
4PWX_HC19A,-0.34823537,0.5565041303634644,1,4PWX_AB_CD
4PWX_QC20A,-0.17779756,1.0046939849853516,1,4PWX_AB_CD
4PWX_RC23A,1.7292318,1.140096664428711,1,4PWX_AB_CD
4PWX_RC28A,1.7292318,0.6656638383865356,1,4PWX_AB_CD
4PWX_RC31A,0.33467188,0.0875561460852623,1,4PWX_AB_CD
4PWX_DC60K,0.3709558,2.917691946029663,1,4PWX_AB_CD
4PWX_EC67K,1.1038674,0.6710938811302185,1,4PWX_AB_CD
"4RA0_SC6G,GC61D,AC66V,RC101G",1.4830588,0.4950733073055744,4,4RA0_A_C
"4RA0_GC61D,AC66V,RC101G",1.5820304,0.5057619661092758,3,4RA0_A_C
"4RA0_SC6G,AC66V,RC101G",0.97927755,0.6226918896039327,3,4RA0_A_C
"4RA0_SC6G,GC61D,AC66V,RC101G",0.88373387,0.4950733073055744,4,4RA0_A_C
"4RA0_SC6G,GC61D,AC66V",1.4648281,0.46448278923829395,3,4RA0_A_C
"4RA0_AC66V,RC101G",0.9535147,0.7025341689586639,2,4RA0_A_C
"4RA0_GC61D,AC66V,RC101G",0.636063,0.5057619661092758,3,4RA0_A_C
"4RA0_GC61D,AC66V",1.5179191,0.46522051841020584,2,4RA0_A_C
"4RA0_SC6G,AC66V",0.9219699,0.6406154036521912,2,4RA0_A_C
"4RA0_SC6G,GC61D,AC66V",0.8267733,0.46448278923829395,3,4RA0_A_C
"4RA0_SC6G,AC66V,RC101G",0.44268864,0.6226918896039327,3,4RA0_A_C
"4RA0_SC6G,AC66V",0.61312646,0.6406154036521912,2,4RA0_A_C
"4RA0_GC61D,AC66V",0.6863618,0.46522051841020584,2,4RA0_A_C
4RA0_AC66V,0.9311553,0.8182235360145569,1,4RA0_A_C
4RA0_RC101G,0.24748805,0.5868453979492188,1,4RA0_A_C
"4RS1_RB47A,EB48A,HB52A",-0.5465883,0.3710647150874138,3,4RS1_A_B
"4RS1_NB116A,SB117A,KB118A,RB119A",-0.046389494,0.21737615345045924,4,4RS1_A_B
"4RS1_LB146A,TB147A,SB148A",-0.2159344,0.7839904874563217,3,4RS1_A_B
4RS1_NB150A,-0.046389494,1.0475518703460693,1,4RS1_A_B
4RS1_YB151A,-0.6558536,0.7278755903244019,1,4RS1_A_B
4RS1_YB151F,-0.44905767,0.0295360516756773,1,4RS1_A_B
4RS1_TB172A,0.4807126,0.5449361205101013,1,4RS1_A_B
4RS1_KB174A,0.871208,-0.013438626192510128,1,4RS1_A_B
4RS1_IB175A,-0.2759809,0.8677645325660706,1,4RS1_A_B
4RS1_EB176A,-0.6945898,0.8847857713699341,1,4RS1_A_B
"4RS1_YB201A,YB206A",0.7209312,1.1830294914543629,2,4RS1_A_B
4RS1_QB202A,1.3541716,-0.0010551800951361656,1,4RS1_A_B
4RS1_KB203A,0.2762816,0.2872071862220764,1,4RS1_A_B
4RS1_LB204A,0.0722545,1.0266671180725098,1,4RS1_A_B
4RS1_SB205A,0.6159898,0.14580468833446503,1,4RS1_A_B
4RS1_EA25A,1.5025767,0.1098758801817894,1,4RS1_A_B
4RS1_EA25K,2.1401377,0.07581732422113419,1,4RS1_A_B
4RS1_DA28A,2.5922298,1.2273963689804077,1,4RS1_A_B
4RS1_DA28K,3.6194358,0.909471869468689,1,4RS1_A_B
4RS1_QA79A,0.46995106,0.09809596836566925,1,4RS1_A_B
4RS1_QA79E,1.212153,0.4036788046360016,1,4RS1_A_B
4RS1_DA92A,2.1333666,0.4375636577606201,1,4RS1_A_B
4RS1_DA92K,3.2598674,0.5133374929428101,1,4RS1_A_B
4RS1_LA95A,2.3655868,1.366682767868042,1,4RS1_A_B
4RS1_FA99A,3.626325,1.8777178525924683,1,4RS1_A_B
"4RS1_LA95A,FA99A",4.122902,1.6222007274627686,2,4RS1_A_B
"4RS1_EA25K,DA28K",4.122902,0.4926447384059429,2,4RS1_A_B
"4RS1_EA25K,DA92K",4.122902,0.2945776395499706,2,4RS1_A_B
"4RS1_DA28K,DA92K",4.122902,0.7114047110080719,2,4RS1_A_B
4RS1_EA88A,0.47655228,0.3438471555709839,1,4RS1_A_B
4RS1_EA88Q,0.9249573,0.20118139684200287,1,4RS1_A_B
4RS1_EA88K,0.33650327,0.3123866021633148,1,4RS1_A_B
4RS1_NA89D,0.2956283,0.6517513394355774,1,4RS1_A_B
4RS1_NA89A,1.290018,-0.23721593618392944,1,4RS1_A_B
4RS1_NA89K,0.91014516,-1.0021731853485107,1,4RS1_A_B
4RS1_KA91A,-0.11502811,0.4652077555656433,1,4RS1_A_B
4RS1_KA91Q,0.2740822,0.6267029047012329,1,4RS1_A_B
4RS1_KA91E,0.1251905,0.5378553867340088,1,4RS1_A_B
4RS1_DA92N,1.430067,0.0654265508055687,1,4RS1_A_B
4RS1_DA92A,1.7201008,0.4375636577606201,1,4RS1_A_B
4RS1_DA92R,3.1302214,-0.6140283942222595,1,4RS1_A_B
4RS1_DA92K,3.9774852,0.5133374929428101,1,4RS1_A_B
4RS1_IA6G,0.85628736,1.0844213962554932,1,4RS1_A_B
4RS1_EA8R,0.39442384,0.08852287381887436,1,4RS1_A_B
4RS1_RA10D,0.17839031,0.11759473383426666,1,4RS1_A_B
4RS1_RA11D,0.19012241,0.3486703634262085,1,4RS1_A_B
4U6H_NE21A,-0.34823537,0.23102891445159912,1,4U6H_AB_E
4U6H_QE25A,0.11888775,0.27414336800575256,1,4U6H_AB_E
"4UYP_SD15I,ID16N",-0.2552182,-0.14493707567453384,2,4UYP_A_D
"4UYP_ID51S,ND52I,SD15I,ID16N",-0.21131277,0.4373835436999798,4,4UYP_A_D
"4UYP_RD14N,KD50N,SD15I,ID16N",0.689111,0.16244282573461533,4,4UYP_A_D
"4UYP_ID51S,ID16N",1.9741712,0.45078420639038086,2,4UYP_A_D
"4UYP_ND52I,SD15I",3.837295,0.4239828810095787,2,4UYP_A_D
"4UYP_AD18F,AD54F,SD15I,ID16N",4.6809673,0.6297650448977947,4,4UYP_A_D
"4UYP_LD20Y,LD56Y,SD15I,ID16N",0.24021861,0.02775324508547783,4,4UYP_A_D
"4UYP_DD23Q,DD59Q,SD15I,ID16N",4.4727807,-0.07824987545609474,4,4UYP_A_D
"4UYQ_SB51I,IB52N",-0.043905415,-0.23327378928661346,2,4UYQ_A_B
"4UYQ_IB15S,NB16I,SB51I,IB52N",0.21131277,0.4325530305504799,4,4UYQ_A_B
"4UYQ_RB14N,KB50N,SB51I,IB52N",0.90042377,0.16258637607097626,4,4UYQ_A_B
"4UYQ_IB15S,IB52N",2.185484,0.5031275451183319,2,4UYQ_A_B
"4UYQ_NB16I,SB51I",4.048608,0.36197851598262787,2,4UYQ_A_B
"4UYQ_AB18F,AB54F,SB51I,IB52N",4.89228,0.4438150003552437,4,4UYQ_A_B
"4UYQ_LB20Y,LB56Y,SB51I,IB52N",0.45153138,-0.11680886894464493,4,4UYQ_A_B
"4UYQ_DB23Q,DB59Q,SB51I,IB52N",4.6840935,-0.19430918991565704,4,4UYQ_A_B
4WND_RA201E,2.7958486,0.18332436680793762,1,4WND_A_B
4WND_NA263R,-0.020789921,0.580674946308136,1,4WND_A_B
"4WND_RA201E,NA263R",3.8573802,0.3820003792643547,2,4WND_A_B
4X4M_KE153A,0.63954675,0.4526970088481903,1,4X4M_AB_E
4X4M_HE154A,0.38309553,0.029648609459400177,1,4X4M_AB_E
4X4M_RE155A,1.7401713,0.15959817171096802,1,4X4M_AB_E
"4X4M_KE153A,HE154A,RE155A",1.7881416,0.21398146574695906,3,4X4M_AB_E
4X4M_KE153E,0.9535147,-0.016546497121453285,1,4X4M_AB_E
4X4M_HE154E,1.9851296,-0.2226628214120865,1,4X4M_AB_E
4X4M_RE155E,0.6418298,0.057123713195323944,1,4X4M_AB_E
4Y61_YA246A,-0.07816073,2.3660712242126465,1,4Y61_A_B
4Y61_RB86A,-0.19305323,0.7252896428108215,1,4Y61_A_B
"4Y61_FB219A,HB222A",0.28917426,0.8106107600033283,2,4Y61_A_B
4YEB_DA133A,1.3676664,0.8273156881332397,1,4YEB_A_B
4YEB_AA114S,0.069391154,0.0420893058180809,1,4YEB_A_B
4YEB_RB88T,0.27757752,0.2206471562385559,1,4YEB_A_B
4YEB_FB131A,2.4174657,0.8745737075805664,1,4YEB_A_B
4YFD_RA48A,0.2849532,0.26444336771965027,1,4YFD_A_B
4YFD_RA169A,0.1594458,1.4365508556365967,1,4YFD_A_B
4YFD_EA259A,1.2165227,0.44290637969970703,1,4YFD_A_B
"4YFD_EA207G,LA208S,RA209S,EA210G",-0.035917178,0.281164925545454,4,4YFD_A_B
"4YFD_EA207Q,RA209E,EA210Q",0.17261195,0.2691236411531766,3,4YFD_A_B
4YFD_WB4A,1.1326016,1.162928819656372,1,4YFD_A_B
4YFD_DB7A,-0.054726757,1.8757150173187256,1,4YFD_A_B
4YFD_KB71A,1.4750849,0.9832403659820557,1,4YFD_A_B
4YH7_RA48A,1.7339525,1.267853021621704,1,4YH7_A_B
4YH7_RA169A,1.4383242,0.6359148025512695,1,4YH7_A_B
4YH7_YA246A,1.0345972,-0.07847228646278381,1,4YH7_A_B
"4YH7_EA207G,LA208S,RA209S,EA210G",-0.04087496,-0.050768207758665085,4,4YH7_A_B
"4YH7_EA207Q,RA209E,EA210Q",0.038235974,-0.3593197036534548,3,4YH7_A_B
4YH7_DB7A,1.6426257,0.8906120657920837,1,4YH7_A_B
"4YH7_MB45A,YB47A,PB58A,FB61A",1.7339525,1.235343337059021,4,4YH7_A_B
4YH7_DB258A,1.5910757,1.2751458883285522,1,4YH7_A_B
4ZS6_YA160A,-0.110299826,0.09652914851903915,1,4ZS6_HL_A
4ZS6_EA156A,3.0400271,0.9082180261611938,1,4ZS6_HL_A
5C6T_YA182A,3.2097912,1.434272289276123,1,5C6T_HL_A
5C6T_NA183A,0.28412402,0.39379170536994934,1,5C6T_HL_A
5C6T_TA185A,0.33802044,0.24002011120319366,1,5C6T_HL_A
5C6T_NA186A,0.36323497,0.7826745510101318,1,5C6T_HL_A
5C6T_NA188A,-0.36675102,0.35780811309814453,1,5C6T_HL_A
5C6T_FA192A,1.9980958,1.8520294427871704,1,5C6T_HL_A
5C6T_EA194A,1.0911602,0.6173370480537415,1,5C6T_HL_A
"5C6T_NA195A,DA197A",0.5867637,0.6462973654270172,2,5C6T_HL_A
"5C6T_YA182A,NA195A,DA197A",2.9437425,0.9089556733767191,3,5C6T_HL_A
5C6T_FA199A,2.7594142,0.5795886516571045,1,5C6T_HL_A
5C6T_FA200A,0.41065642,0.6088752746582031,1,5C6T_HL_A
5C6T_IA201A,0.8860082,1.29160737991333,1,5C6T_HL_A
5C6T_RH31S,0.3116849,0.19263625144958496,1,5C6T_HL_A
5C6T_SH32A,-0.8687343,0.21272523701190948,1,5C6T_HL_A
5C6T_NH97A,1.5265794,0.6286564469337463,1,5C6T_HL_A
5C6T_YH98A,1.7174487,0.5799333453178406,1,5C6T_HL_A
5C6T_FH99A,1.4606836,1.0698480606079102,1,5C6T_HL_A
5C6T_YH104A,0.36323497,1.0163111686706543,1,5C6T_HL_A
5C6T_YL47A,0.5519035,0.41957369446754456,1,5C6T_HL_A
5C6T_RL48A,0.12301635,0.09450693428516388,1,5C6T_HL_A
5CXB_EB49D,0.3650607,0.08718230575323105,1,5CXB_A_B
5CXB_TB52Q,0.062421046,-0.00903587881475687,1,5CXB_A_B
5CXB_RB54A,0.56440437,1.0435099601745605,1,5CXB_A_B
5CXB_RB54E,2.680372,2.3564484119415283,1,5CXB_A_B
5CXB_VB56W,0.56440437,-0.3269616365432739,1,5CXB_A_B
5CYK_EB52R,-2.680372,-2.7950830459594727,1,5CYK_A_B
"5CYK_EB52R,EB47D",-2.3153112,-1.3355811424553394,2,5CYK_A_B
"5CYK_EB52R,TB50Q",-2.617951,-1.3347276598215103,2,5CYK_A_B
5CYK_EB52A,-2.1159675,-2.2214596271514893,1,5CYK_A_B
"5CYK_EB52R,VB54W",-2.1159675,-1.2813327461481094,2,5CYK_A_B
5E6P_IB22A,0.27845457,0.9554691314697266,1,5E6P_A_B
5E6P_LB24A,0.92932963,0.13821609318256378,1,5E6P_A_B
5E6P_RB42A,0.689111,0.4208502769470215,1,5E6P_A_B
5E6P_RB42E,1.7748275,0.778989315032959,1,5E6P_A_B
5E6P_YA468A,0.36446795,1.8175270557403564,1,5E6P_A_B
5E6P_AA494E,1.1179981,-0.3738515377044678,1,5E6P_A_B
5E6P_AA495E,1.6043897,0.961406946182251,1,5E6P_A_B
5E9D_GD27E,-0.4793571,0.4291890263557434,1,5E9D_AB_CDE
5E9D_TD90Q,-0.57393026,0.4772043824195862,1,5E9D_AB_CDE
5E9D_VE49D,-0.4326832,0.38759276270866394,1,5E9D_AB_CDE
5E9D_AE98Y,-0.8998063,-0.30268630385398865,1,5E9D_AB_CDE
5E9D_YD49W,-0.3491009,0.13821128010749817,1,5E9D_AB_CDE
5E9D_NE27G,0.27520233,-0.3056866228580475,1,5E9D_AB_CDE
5E9D_SD50G,-0.03564696,0.25700435042381287,1,5E9D_AB_CDE
5E9D_KD96Q,0.18748797,0.13971437513828278,1,5E9D_AB_CDE
"5E9D_GD27E,TD90Q",-1.5506814,0.45319658517837524,2,5E9D_AB_CDE
"5E9D_GD27E,VE49D",-1.202446,0.4083905518054962,2,5E9D_AB_CDE
"5E9D_GD27E,AE98Y",-1.3104627,0.06325127184391022,2,5E9D_AB_CDE
"5E9D_TD90Q,AE98Y",-1.2722268,0.08725990355014801,2,5E9D_AB_CDE
"5E9D_GD27E,TD90Q,AE98Y",-2.4752903,0.20123592019081116,3,5E9D_AB_CDE
"5E9D_GD27R,TD90Q,VE49E,AE98D",-3.1261652,0.05291453003883362,4,5E9D_AB_CDE
"5E9D_GD27E,TD90Q,VE49D,AE98E",-2.6363978,0.2897010073065758,4,5E9D_AB_CDE
"5E9D_GD27R,TD90Q,VE49E,AE98V",-2.7594142,0.25992871075868607,4,5E9D_AB_CDE
5F4E_EA50A,0.288412,0.20681488513946533,1,5F4E_A_B
5F4E_EA50K,0.41565606,-0.30775201320648193,1,5F4E_A_B
5F4E_DA51A,0.109688,-0.27831214666366577,1,5F4E_A_B
5F4E_QA109A,-0.030917553,0.3484012186527252,1,5F4E_A_B
5F4E_HA136A,2.0250034,0.03158308565616608,1,5F4E_A_B
5F4E_RA139A,1.4903171,0.7874935865402222,1,5F4E_A_B
5F4E_RA139E,2.1438913,0.974253237247467,1,5F4E_A_B
5F4E_EB26A,1.4491522,0.1764848530292511,1,5F4E_A_B
5F4E_EB26K,2.2867682,-0.2795222997665405,1,5F4E_A_B
5F4E_WB43A,1.0731323,3.008775472640991,1,5F4E_A_B
5F4E_LB62A,2.9850647,1.285865068435669,1,5F4E_A_B
5F4E_KB139A,0.29455143,0.34536510705947876,1,5F4E_A_B
5F4E_KB139E,0.48598975,0.5683462619781494,1,5F4E_A_B
5K39_MB108A,-0.47785532,2.3364109992980957,1,5K39_A_B
5K39_MB112A,-0.23312329,0.2780965268611908,1,5K39_A_B
5K39_SB115A,0.45034054,-0.3659259080886841,1,5K39_A_B
5K39_FB142A,2.7175374,-0.1695069521665573,1,5K39_A_B
5K39_IB148A,2.053059,2.767864465713501,1,5K39_A_B
5M2O_IB17A,2.0263622,0.8229522705078125,1,5M2O_A_B
5M2O_SB18A,0.047044702,0.322048544883728,1,5M2O_A_B
5M2O_VB21A,2.4438415,1.2016801834106445,1,5M2O_A_B
5M2O_QB25A,1.1449113,0.6623896360397339,1,5M2O_A_B
5M2O_KB32A,1.0636262,0.21873268485069275,1,5M2O_A_B
5M2O_QB61A,-0.157751,1.0062483549118042,1,5M2O_A_B
5M2O_LB65A,0.8506515,2.8700387477874756,1,5M2O_A_B
"5M2O_VB21A,QB25A",3.3175988,0.932035505771637,2,5M2O_A_B
5M2O_NA64A,0.041853413,0.7964268922805786,1,5M2O_A_B
5M2O_NA71A,0.15484607,0.28740155696868896,1,5M2O_A_B
5M2O_KA73A,-0.75707597,-0.37394577264785767,1,5M2O_A_B
5M2O_LA75A,1.627034,2.564655303955078,1,5M2O_A_B
5M2O_EA80A,0.6998548,0.35295307636260986,1,5M2O_A_B
5M2O_HA117A,0.883034,1.2119547128677368,1,5M2O_A_B
5M2O_NA120A,0.44989702,0.13776636123657227,1,5M2O_A_B
"5M2O_EA80A,HA117A",2.529977,0.7824544012546539,2,5M2O_A_B
"5M2O_NA71A,HA117A",2.2868183,0.749678909778595,2,5M2O_A_B
"5M2O_NA71A,NA120A",2.4594626,0.21258427202701569,2,5M2O_A_B
"5M2O_NA71A,EA80A",1.028942,0.3201776444911957,2,5M2O_A_B
"5M2O_EA80A,HA117A",2.529977,0.7824544012546539,2,5M2O_A_B
"5M2O_EA80A,NA120A",1.210967,0.24535976350307465,2,5M2O_A_B
"5M2O_HA117A,NA120A",2.338982,0.6748610287904739,2,5M2O_A_B
"5TAR_TA183A,KA184E",2.7309124,0.5242516258731484,2,5TAR_A_B
5TAR_FB13A,0.23156951,1.8530118465423584,1,5TAR_A_B
5TAR_MB18A,-0.21500409,0.732086181640625,1,5TAR_A_B
5TAR_WB30A,0.6593997,1.2365961074829102,1,5TAR_A_B
5TAR_EB86A,1.1265228,0.40907490253448486,1,5TAR_A_B
5TAR_WB88A,0.38432088,0.32473528385162354,1,5TAR_A_B
5TAR_QB114A,0.15741637,0.028621789067983627,1,5TAR_A_B
5TAR_IB127A,-0.026335536,0.10083857923746109,1,5TAR_A_B
5TAR_FB131A,0.24874325,0.9025936126708984,1,5TAR_A_B
5UFE_GA12D,-1.2214625,0.007711376994848251,1,5UFE_A_B
5UFE_GA12D,-1.3788003,0.007711376994848251,1,5UFE_A_B
5UFE_GA12C,-0.39637977,0.20180657505989075,1,5UFE_A_B
5UFE_GA12V,-0.72792524,-0.2390134334564209,1,5UFE_A_B
5UFE_QB25R,0.29242265,-0.6909143924713135,1,5UFE_A_B
"5UFE_QB25R,EB33G,DB34G",0.097520106,-0.22666530311107635,3,5UFE_A_B
"5UFE_GA12D,QB25R",-0.9751044,-0.3416017573326826,2,5UFE_A_B
5UFE_GA12D,-1.2214625,0.007711376994848251,1,5UFE_A_B
"5UFE_GA12D,QB25R,EB33G,DB34G",-0.92253727,-0.16807119827717543,4,5UFE_A_B
5UFQ_DA12G,1.2214625,0.19138148427009583,1,5UFQ_A_C
5UFQ_DA12G,1.3788003,0.19138148427009583,1,5UFQ_A_C
5UFQ_DA12C,0.9824205,0.23721545934677124,1,5UFQ_A_C
5UFQ_DA12V,0.65087503,0.11016447097063065,1,5UFQ_A_C
"5UFQ_DA12G,QC25R,KC55G",1.5138851,-0.06563497086366017,3,5UFQ_A_C
5UFQ_DA12G,1.2214625,0.19138148427009583,1,5UFQ_A_C
"5UFQ_QC25R,KC55G",0.24635807,-0.19414320588111877,2,5UFQ_A_C
5XCO_DA13C,0.8112426,0.8095757961273193,1,5XCO_A_B
5XCO_DA13G,1.1104871,0.3009655773639679,1,5XCO_A_B
5XCO_PB6A,1.079022,1.3292350769042969,1,5XCO_A_B
5XCO_LB7A,2.7479832,0.4219512939453125,1,5XCO_A_B
5XCO_YB8A,1.3641711,1.7111390829086304,1,5XCO_A_B
5XCO_IB9A,2.7973828,2.4153623580932617,1,5XCO_A_B
5XCO_SB10A,1.2860104,0.25915291905403137,1,5XCO_A_B
5XCO_YB11A,1.900335,0.2624591886997223,1,5XCO_A_B
5XCO_DB12A,2.7973828,1.153146505355835,1,5XCO_A_B
5XCO_PB13A,0.63513535,0.1852102130651474,1,5XCO_A_B
5XCO_VB14A,0.0,0.11923164129257202,1,5XCO_A_B
"5XCO_DA13C,PB6A",2.409963,1.0694053769111633,2,5XCO_A_B
"5XCO_DA13C,LB7A",2.7973828,0.6157633364200592,2,5XCO_A_B
"5XCO_DA13C,YB8A",2.6189926,1.2603572010993958,2,5XCO_A_B
"5XCO_DA13C,IB9A",2.7973828,1.6124686002731323,2,5XCO_A_B
"5XCO_DA13C,SB10A",2.4643545,0.5343638956546783,2,5XCO_A_B
"5XCO_DA13C,YB11A",2.7973828,0.5360172241926193,2,5XCO_A_B
"5XCO_DA13C,DB12A",2.7973828,0.981360673904419,2,5XCO_A_B
"5XCO_DA13C,PB13A",1.7475835,0.49739258736371994,2,5XCO_A_B
"5XCO_DA13C,VB14A",0.8599647,0.4644027501344681,2,5XCO_A_B
"5XCO_DA13G,PB6A",2.4538684,0.8151002526283264,2,5XCO_A_B
"5XCO_DA13G,LB7A",2.7973828,0.3614582121372223,2,5XCO_A_B
"5XCO_DA13G,YB8A",2.7415082,1.0060520768165588,2,5XCO_A_B
"5XCO_DA13G,IB9A",2.7973828,1.3581634759902954,2,5XCO_A_B
"5XCO_DA13G,SB10A",2.7914286,0.28005877137184143,2,5XCO_A_B
"5XCO_DA13G,YB11A",2.7973828,0.2817120999097824,2,5XCO_A_B
"5XCO_DA13G,DB12A",2.7973828,0.727055549621582,2,5XCO_A_B
"5XCO_DA13G,PB13A",2.1223228,0.24308746308088303,2,5XCO_A_B
"5XCO_DA13G,VB14A",1.3228204,0.21009762585163116,2,5XCO_A_B
