complex,mutstr,ddG,ddG_pred,fold
1Y4A_E_I,"SI40E,RI39M",-3.549654960632324,-3.517390727996826,0
1Y3D_E_I,AI48R,-3.098123788833618,-2.3576202392578125,0
1TM4_E_I,GI40M,-2.232905387878418,-0.8987701535224915,0
1TMG_E_I,FI40M,-1.0276678800582886,-0.8937012553215027,0
2SIC_E_I,MI67E,0.7960982918739319,2.863588333129883,0
2SIC_E_I,MI67D,0.7515320777893066,3.216320753097534,0
2SIC_E_I,MI67H,0.21785926818847656,1.421982765197754,0
2SIC_E_I,MI67K,0.0,0.9960261583328247,0
2SIC_E_I,MI67R,0.0,1.330761432647705,0
2SIC_E_I,MI67G,0.14522328972816467,2.296797752380371,0
2SIC_E_I,MI67A,0.21785926818847656,1.5461915731430054,0
2SIC_E_I,MI67L,-0.2402186095714569,-0.29380637407302856,0
2SIC_E_I,MI67V,0.7132960557937622,1.1778695583343506,0
2SIC_E_I,MI67I,1.6043896675109863,1.8968205451965332,0
1IAR_A_B,IA5A,1.171373963356018,0.34795331954956055,0
1IAR_A_B,IA5R,0.7960982918739319,0.2856608033180237,0
1IAR_A_B,TA6A,-0.10364440828561783,1.5319100618362427,0
1IAR_A_B,TA6D,1.392728567123413,0.39383262395858765,0
1IAR_A_B,QA8A,-0.0223593320697546,0.4791157841682434,0
1IAR_A_B,QA8R,0.038921285420656204,0.21409599483013153,0
1IAR_A_B,EA9Q,3.1128292083740234,1.0413603782653809,0
1IAR_A_B,IA11A,0.0689675435423851,0.39864033460617065,0
1IAR_A_B,KA12S,-0.01481207087635994,0.7339955568313599,0
1IAR_A_B,KA12E,0.13947127759456635,0.4472547769546509,0
1IAR_A_B,TA13A,0.9785768389701843,1.129920244216919,0
1IAR_A_B,TA13D,-0.21867252886295319,-0.18942183256149292,0
1IAR_A_B,NA15A,-0.033863615244627,0.27819544076919556,0
1IAR_A_B,NA15D,-0.07806696742773056,-0.15661779046058655,0
1IAR_A_B,SA16A,-0.18275535106658936,0.10880796611309052,0
1IAR_A_B,SA16D,-0.10364440828561783,-0.3995784521102905,0
1IAR_A_B,EA19A,-0.31995680928230286,-0.21605397760868073,0
1IAR_A_B,EA19R,-0.11685949563980103,-0.21301759779453278,0
1IAR_A_B,RA53Q,0.8357636332511902,1.065370798110962,0
1IAR_A_B,KA77A,0.15374791622161865,0.36123156547546387,0
1IAR_A_B,KA77E,0.6118258237838745,0.45750510692596436,0
1IAR_A_B,QA78A,0.1248420923948288,-0.4022279977798462,0
1IAR_A_B,QA78E,0.2450747936964035,-0.013263948261737823,0
1IAR_A_B,RA81A,0.4796239733695984,0.9598428010940552,0
1IAR_A_B,RA81E,1.461734414100647,1.3325049877166748,0
1IAR_A_B,FA82A,-0.08647068589925766,2.1396453380584717,0
1IAR_A_B,FA82D,-0.5806068181991577,0.5415854454040527,0
1IAR_A_B,KA84A,0.34497565031051636,1.3289203643798828,0
1IAR_A_B,KA84D,1.88009512424469,1.1011539697647095,0
1IAR_A_B,RA85A,0.42688900232315063,2.6805410385131836,0
1IAR_A_B,RA85E,1.2246094942092896,2.8850159645080566,0
1IAR_A_B,RA88Q,2.8289992809295654,0.6891908645629883,0
1IAR_A_B,RA88A,3.7547178268432617,1.281503438949585,0
1IAR_A_B,NA89A,1.5587940216064453,1.270949363708496,0
1IAR_A_B,WA91A,0.7295286655426025,0.9448750019073486,0
1IAR_A_B,WA91D,1.3066062927246094,0.8572607636451721,0
1B2U_A_D,AA27K,-5.046028137207031,-4.0568342208862305,0
1B2U_A_D,AD36D,-4.168248653411865,-3.2990827560424805,0
1B2U_A_D,"AA27K,AD36D",-9.549198150634766,-9.169961929321289,0
1X1W_A_D,AD81E,-0.4106564223766327,-0.39710932970046997,0
1E96_A_B,NA26H,1.104526162147522,-0.7270257472991943,0
1E96_A_B,IA33N,2.043041229248047,0.9744445085525513,0
1E96_A_B,DA38N,2.201974630355835,0.6844385862350464,0
1E96_A_B,MA45T,0.3660154938697815,0.034180447459220886,0
1E96_A_B,KA132E,-0.18986420333385468,0.012126907706260681,0
1E96_A_B,LA134R,-0.12744316458702087,-0.046188969165086746,0
1UUZ_A_D,HA62Q,1.5196093320846558,1.232861876487732,0
1UUZ_A_D,HA62N,1.5196093320846558,0.7044613361358643,0
1UUZ_A_D,HA62D,3.3792171478271484,-0.2850603461265564,0
1UUZ_A_D,HA62A,1.774827480316162,1.385420560836792,0
1UUZ_A_D,CA64A,0.6508750319480896,1.2440882921218872,0
1DVF_AB_CD,HA30A,1.6501208543777466,0.40153074264526367,0
1DVF_AB_CD,YA32A,2.031278610229492,1.6787384748458862,0
1DVF_AB_CD,YA49A,1.629451870918274,2.774817943572998,0
1DVF_AB_CD,YA50A,0.6880815625190735,1.9108061790466309,0
1DVF_AB_CD,WA92A,0.34087562561035156,1.5024551153182983,0
1DVF_AB_CD,SA93A,1.162959337234497,0.26060545444488525,0
1DVF_AB_CD,TB30A,0.9079189896583557,0.3784278631210327,0
1DVF_AB_CD,YB32A,1.832290768623352,1.8272945880889893,0
1DVF_AB_CD,WB52A,4.134849548339844,1.3804731369018555,0
1DVF_AB_CD,DB54A,4.283173084259033,2.4013500213623047,0
1DVF_AB_CD,NB56A,1.162959337234497,0.9871046543121338,0
1DVF_AB_CD,DB58A,1.6007212400436401,1.028475284576416,0
1DVF_AB_CD,EB98A,4.188523769378662,0.8453445434570312,0
1DVF_AB_CD,RB99A,1.875484585762024,0.3836439251899719,0
1DVF_AB_CD,DB100A,2.7907631397247314,1.4271743297576904,0
1DVF_AB_CD,YB101F,2.0132148265838623,2.0170860290527344,0
1DVF_AB_CD,EB98A,4.188523769378662,0.8453445434570312,0
1DVF_AB_CD,DB54A,4.283173084259033,2.4013500213623047,0
1DVF_AB_CD,DB58A,1.6007212400436401,1.028475284576416,0
1DVF_AB_CD,YA49A,1.729231834411621,2.774817943572998,0
1DVF_AB_CD,YA32A,2.031278610229492,1.6787384748458862,0
1DVF_AB_CD,NB56A,1.162959337234497,0.9871046543121338,0
1DVF_AB_CD,WB52A,4.134849548339844,1.3804731369018555,0
1DVF_AB_CD,DB100A,2.7907631397247314,1.4271743297576904,0
1DVF_AB_CD,YD102A,4.7415571212768555,3.19334077835083,0
1DVF_AB_CD,YC49A,1.8614336252212524,2.285566806793213,0
1DVF_AB_CD,QD104A,1.629451870918274,1.0895779132843018,0
1DVF_AB_CD,ND55A,1.8614336252212524,0.43965208530426025,0
1DVF_AB_CD,RD106A,4.092513084411621,1.5885796546936035,0
1DVF_AB_CD,KD30A,1.0039665699005127,0.04140624403953552,0
1DVF_AB_CD,HD33A,1.8614336252212524,0.9272187948226929,0
1DVF_AB_CD,DD52A,1.683043360710144,1.6302242279052734,0
1DVF_AB_CD,ID101A,2.682746410369873,0.5926963090896606,0
1DVF_AB_CD,"EB98A,YD102A",4.635371685028076,2.9961156845092773,0
1DVF_AB_CD,"DB54A,YC49A",4.4948835372924805,4.052901268005371,0
1DVF_AB_CD,"DB58A,QD104A",1.4648281335830688,1.8054025173187256,0
1DVF_AB_CD,"YA49A,ND55A",2.031278610229492,3.3269944190979004,0
1DVF_AB_CD,"YA32A,RD106A",4.652670860290527,2.7388603687286377,0
1DVF_AB_CD,"NB56A,QD104A",1.48753023147583,2.036682605743408,0
1DVF_AB_CD,"WB52A,QD104A",4.164727210998535,1.8551387786865234,0
1DVF_AB_CD,"DB100A,HD33A",4.14997673034668,1.3352566957473755,0
1DVF_AB_CD,"DB100A,DD52A",4.321657657623291,1.6547932624816895,0
1DVF_AB_CD,"YA49A,HD33A",2.626220464706421,3.211548328399658,0
1DVF_AB_CD,"DB100A,ND55A",4.092513084411621,1.9466218948364258,0
1DVF_AB_CD,"NB56A,ND55A",2.3021233081817627,0.749853253364563,0
1DVF_AB_CD,"NB56A,HD33A",2.527130603790283,1.6057162284851074,0
1VFB_AB_C,HA30A,0.8452608585357666,0.9377357363700867,0
1VFB_AB_C,YA32A,1.3399860858917236,1.6820282936096191,0
1VFB_AB_C,YA49A,0.7978987097740173,2.7539703845977783,0
1VFB_AB_C,YA50A,0.38801220059394836,2.0444350242614746,0
1VFB_AB_C,WA92A,2.728342294692993,0.9552054405212402,0
1VFB_AB_C,SA93A,0.34327760338783264,-0.20348964631557465,0
1VFB_AB_C,TB30A,-0.055874548852443695,0.3790813088417053,0
1VFB_AB_C,YB32A,0.46035218238830566,1.513346552848816,0
1VFB_AB_C,WB52A,0.36446794867515564,1.9199464321136475,0
1VFB_AB_C,DB54A,0.6389058828353882,1.9953761100769043,0
1VFB_AB_C,NB56A,0.17779755592346191,0.2741771936416626,0
1VFB_AB_C,DB58A,-0.20709602534770966,0.7707393169403076,0
1VFB_AB_C,EB98A,1.157075047492981,1.5349953174591064,0
1VFB_AB_C,RB99A,-0.09977996349334717,0.22298668324947357,0
1VFB_AB_C,DB100A,3.071619749069214,1.6407456398010254,0
1VFB_AB_C,YB101F,0.9535146951675415,2.356940746307373,0
1VFB_AB_C,SB28N,0.14401189982891083,-0.18424387276172638,0
1VFB_AB_C,SB28Q,0.07811605930328369,0.049202173948287964,0
1VFB_AB_C,SB28D,0.0,-0.019964270293712616,0
1VFB_AB_C,SB28E,-0.10405386239290237,0.029007889330387115,0
1VFB_AB_C,GB31A,0.3066025674343109,0.3462347388267517,0
1VFB_AB_C,GB31E,-0.5099895000457764,-0.5015445351600647,0
1VFB_AB_C,GB31W,0.003962904214859009,-0.45418864488601685,0
1VFB_AB_C,YB32E,1.903039813041687,0.5662767887115479,0
1VFB_AB_C,DB58N,-0.12823893129825592,0.28474920988082886,0
1VFB_AB_C,DB58E,0.07811605930328369,-0.04102426767349243,0
1VFB_AB_C,RB99Y,1.2359321117401123,-0.05335966497659683,0
1VFB_AB_C,RB99W,0.7052898406982422,0.22099275887012482,0
1VFB_AB_C,NA31W,0.1744007170200348,0.008728057146072388,0
1VFB_AB_C,YA32W,5.63108491897583,-0.2410002201795578,0
1VFB_AB_C,LA46D,5.63108491897583,-0.0400143563747406,0
1VFB_AB_C,LA46E,5.63108491897583,0.8973080515861511,0
1VFB_AB_C,YA50R,0.8447021245956421,0.18383832275867462,0
1VFB_AB_C,YA50K,1.716369390487671,-0.36536455154418945,0
1VFB_AB_C,TA52F,0.4710860252380371,-0.1089714840054512,0
1VFB_AB_C,TA53R,1.6465885639190674,1.1378686428070068,0
2GOX_A_B,RB31A,2.2467401027679443,1.7084765434265137,0
2GOX_A_B,NB38A,1.5695295333862305,1.2044845819473267,0
2GOX_A_B,RB31A,1.5196093320846558,1.7084765434265137,0
2GOX_A_B,NB38A,1.3337823152542114,1.2044845819473267,0
2WPT_A_B,DA30L,-3.403402328491211,-1.7659835815429688,0
2WPT_A_B,NA31V,-0.8970479965209961,-2.523047685623169,0
2WPT_A_B,RA35T,-1.038295030593872,0.1537068784236908,0
2WPT_A_B,EA36H,0.038235973566770554,0.13705280423164368,0
2WPT_A_B,RA39E,-0.37242045998573303,0.10849863290786743,0
2WPT_A_B,"NA31V,RA35T",-2.5882933139801025,-2.2328383922576904,0
2WPT_A_B,"DA30L,NA31V,RA35T",-6.336045742034912,-4.4219069480896,0
2WPT_A_B,"NA31V,RA35T,RA39E",-3.232964515686035,-2.5456435680389404,0
2WPT_A_B,"NA31V,RA35T,EA36H,RA39E",-2.9989495277404785,-2.228726863861084,0
2WPT_A_B,EA27A,1.733952522277832,1.079099178314209,0
2WPT_A_B,DA30A,-0.13220183551311493,0.28425008058547974,0
2WPT_A_B,NA31A,-0.37987276911735535,0.8646467924118042,0
2WPT_A_B,VA34A,3.809299945831299,2.0311741828918457,0
2WPT_A_B,RA35A,-1.1109310388565063,0.4960932731628418,0
2WPT_A_B,EA38A,4.503169536590576,1.836320400238037,0
2WPT_A_B,RA39A,-0.2402186095714569,0.3911120891571045,0
2WPT_A_B,SA47A,2.4257025718688965,1.6196032762527466,0
2WPT_A_B,DA48A,5.216465950012207,4.857224941253662,0
2WPT_A_B,YA51A,5.216465950012207,4.382297039031982,0
2WPT_A_B,YA52A,5.216465950012207,3.9495930671691895,0
2WPT_A_B,PA53A,2.9276857376098633,1.0418190956115723,0
2WPT_A_B,"FB79A,DA30A",-0.13220183551311493,4.101687908172607,0
2WPT_A_B,"FB79A,NA31A",1.3522019386291504,3.863374710083008,0
2WPT_A_B,"FB79A,VA34A",3.112752914428711,4.477174758911133,0
2WPT_A_B,RB47A,1.1343426704406738,1.6438037157058716,0
2WPT_A_B,NB65A,0.9178253412246704,1.1298243999481201,0
2WPT_A_B,SB67A,-0.8493078947067261,-0.1737314611673355,0
2WPT_A_B,NB68A,1.2376387119293213,1.640967607498169,0
2WPT_A_B,SB70A,-0.6116429567337036,-0.14570996165275574,0
2WPT_A_B,SB71A,-0.1495431363582611,0.03188510239124298,0
2WPT_A_B,SB77A,-0.09360992908477783,-0.18087869882583618,0
2WPT_A_B,FB79A,1.1701807975769043,3.245849370956421,0
2WPT_A_B,TB80A,0.526220440864563,0.2132357805967331,0
2WPT_A_B,QB85A,0.9001388549804688,0.16495802998542786,0
2WPT_A_B,KB90A,0.49740836024284363,2.2634477615356445,0
2WPT_A_B,VB91A,0.11930190771818161,0.9938385486602783,0
2WPT_A_B,RB47A,0.6100000739097595,1.6438037157058716,0
2WPT_A_B,NB65A,0.4848095774650574,1.1298243999481201,0
2WPT_A_B,SB67A,0.5810942649841309,-0.1737314611673355,0
2WPT_A_B,NB68A,1.2655584812164307,1.640967607498169,0
2WPT_A_B,SB70A,-0.3026396632194519,-0.14570996165275574,0
2WPT_A_B,SB71A,-0.04087496176362038,0.03188510239124298,0
2WPT_A_B,SB77A,-0.04087496176362038,-0.18087869882583618,0
2WPT_A_B,FB79A,0.9455621838569641,3.245849370956421,0
2WPT_A_B,TB80A,0.22690452635288239,0.2132357805967331,0
2WPT_A_B,QB85A,-0.13220183551311493,0.16495802998542786,0
2WPT_A_B,KB90A,0.8012278079986572,2.2634477615356445,0
2WPT_A_B,VB91A,0.4106564223766327,0.9938385486602783,0
2VLO_A_B,AB95K,-1.960514783859253,-1.5963506698608398,0
2WPT_A_B,"EA14Q,FA15L,KA17T,KA18T,RA21N,EA23D,GA24T,AA25S,TA26S,DA29E,DA30L,NA31V,RA35T,EA36H,RA39E,LA40M,DA45S,RA54K,DA55E,DA56G,RA57D,EA58D,EA62S,KA66N,EA67T,IA68V,EA70Q",-8.058494567871094,-4.932203769683838,0
2WPT_A_B,"EA14Q,FA15L,KA17T,KA18T,RA21N,EA23D,GA24T,AA25S,TA26S",-0.06827136129140854,0.06198100745677948,0
2WPT_A_B,"DA29E,DA30L,NA31V,RA35T,EA36H,RA39E,LA40M,DA45S,RA54K,DA55E,DA56G,RA57D,EA58D",-5.201869487762451,-4.703603267669678,0
2WPT_A_B,"DA29E,DA30L,NA31V,RA35T,EA36H,RA39E,LA40M",-6.354465484619141,-5.065532207489014,0
2WPT_A_B,"EA23D,GA24T,AA25S,TA26S,DA29E,DA30L,NA31V,RA35T,EA36H,RA39E,LA40M",-6.635493755340576,-5.071010112762451,0
2WPT_A_B,"KA17T,KA18T,RA21N,EA23D,GA24T,AA25S,TA26S,DA29E,DA30L,NA31V,RA35T,EA36H,RA39E,LA40M",-8.267023086547852,-4.947109699249268,0
2WPT_A_B,"EA14Q,FA15L,KA17T,KA18T,RA21N,EA23D,GA24T,AA25S,TA26S,DA29E,DA30L,NA31V,RA35T,EA36H,RA39E,LA40M",-8.57586669921875,-4.860411167144775,0
2WPT_A_B,"EA14Q,FA15L,KA17T,KA18T,RA21N,EA23D,GA24T,AA25S,TA26S,DA29E,DA30L,NA31V,RA35T,EA36H,RA39E,LA40M,DA45S,RA54K,DA55E,DA56G,RA57D,EA58D",-7.97938346862793,-4.876566410064697,0
1KIP_AB_C,AB32Y,-0.8009516596794128,-1.205132246017456,0
2B12_A_B,YB87F,-1.5754839181900024,-0.8263886570930481,0
2PCB_A_B,EA291Q,-0.056525953114032745,0.667052686214447,0
2PCB_A_B,EA32Q,0.6057530641555786,-0.15074171125888824,0
2PCB_A_B,EA35Q,0.6760072708129883,-0.03282591328024864,0
2PCB_A_B,AA193F,0.7336772680282593,-0.879952073097229,0
2PCB_A_B,DA34N,0.8213128447532654,-0.1428661346435547,0
2PCB_A_B,EA290N,0.871008574962616,1.5939232110977173,0
2JEL_LH_P,FP2Y,0.0,-0.1251111775636673,0
2JEL_LH_P,FP2W,2.6203253269195557,0.8249969482421875,0
2JEL_LH_P,QP3K,4.092513084411621,0.3714498281478882,0
2JEL_LH_P,QP4K,1.3641711473464966,-0.7453625202178955,0
2JEL_LH_P,EP5D,0.4106564223766327,-0.26791706681251526,0
2JEL_LH_P,EP5Q,0.7132960557937622,-0.3007655143737793,0
2JEL_LH_P,VP6F,0.0,-0.5546106100082397,0
2JEL_LH_P,TP7N,0.4106564223766327,-0.0618782564997673,0
2JEL_LH_P,TP7S,0.0,-0.10340233147144318,0
2JEL_LH_P,PP11E,0.0,-0.0314212441444397,0
2JEL_LH_P,NP12D,0.0,-0.08419907093048096,0
2JEL_LH_P,RP17G,0.0,0.04532705247402191,0
2JEL_LH_P,RP17K,0.0,-0.1398511528968811,0
2JEL_LH_P,KP24E,0.0,0.13099873065948486,0
2JEL_LH_P,KP27E,0.0,0.06063167750835419,0
2JEL_LH_P,TP34N,6.820855617523193,0.854203462600708,0
2JEL_LH_P,TP34Q,0.0,0.9302525520324707,0
2JEL_LH_P,TP36Q,0.4106564223766327,1.7477926015853882,0
2JEL_LH_P,NP38T,0.0,0.009368807077407837,0
2JEL_LH_P,SP41C,1.496372938156128,-0.3464915156364441,0
2JEL_LH_P,SP43C,0.0,-0.6232209205627441,0
2JEL_LH_P,SP46C,0.0,-0.21352295577526093,0
2JEL_LH_P,QP57E,-0.4106564223766327,0.0477861613035202,0
2JEL_LH_P,TP62N,0.0,1.1080901622772217,0
2JEL_LH_P,TP62A,0.0,1.5453989505767822,0
2JEL_LH_P,SP64T,4.092513084411621,-1.4597628116607666,0
2JEL_LH_P,EP66K,4.092513084411621,-0.45898187160491943,0
2JEL_LH_P,EP68A,0.4106564223766327,0.2015390545129776,0
2JEL_LH_P,DP69E,0.9535146951675415,0.31979286670684814,0
2JEL_LH_P,EP70K,4.092513084411621,0.23252733051776886,0
2JEL_LH_P,EP70A,2.728342294692993,0.5334199666976929,0
2JEL_LH_P,QP71E,2.728342294692993,-0.14225424826145172,0
2JEL_LH_P,KP72R,0.0,0.23815526068210602,0
2JEL_LH_P,KP72E,0.4106564223766327,0.22811536490917206,0
2JEL_LH_P,EP75R,2.728342294692993,0.24130801856517792,0
2JEL_LH_P,HP76D,-0.6508750319480896,-0.11827442049980164,0
2JEL_LH_P,HP76A,-0.4106564223766327,0.3307397961616516,0
2JEL_LH_P,KP79E,0.4106564223766327,0.2136712223291397,0
2JEL_LH_P,AP82S,0.0,-0.11126218736171722,0
2JEL_LH_P,EP83A,0.0,0.05864526331424713,0
2JEL_LH_P,EP85Q,0.0,0.03649298846721649,0
2JEL_LH_P,EP85D,0.0,0.010518066585063934,0
2JEL_LH_P,EP85A,0.0,0.09550489485263824,0
2JEL_LH_P,EP85K,0.0,0.018475770950317383,0
2ABZ_B_E,"AE14C,AE38C",-0.5535333752632141,-1.3479160070419312,0
2QJB_AB_C,"HC11G,EC15D,TC30A,MC31I",-0.8850788474082947,-0.3963431119918823,0
2QJB_AB_C,"TC43A,LC47M,GC48K,LC49Y,HC11G,EC15D,TC30A,MC31I",-0.4228723645210266,0.5654844045639038,0
2QJB_AB_C,"RC57K,TC59S,IC61K,PC62A,HC63Q,QC64L,SC67T,TC43A,LC47M,GC48K,LC49Y,HC11G,EC15D,TC30A,MC31I",-1.1528583765029907,-0.05785031616687775,0
1HE8_A_B,KA80V,0.4753517508506775,0.39803338050842285,0
1HE8_A_B,"KA80V,FA78S",2.162247657775879,1.0420124530792236,0
1HE8_A_B,"KA80V,RA83A",1.897843837738037,0.5503733158111572,0
1HE8_A_B,"KA80V,TA89D",2.162247657775879,0.8357013463973999,0
1HE8_A_B,"KA80V,KA91A",1.5231046676635742,1.2750918865203857,0
1HE8_A_B,"KA80V,KA108A",2.162247657775879,0.596835732460022,0
1HE8_A_B,"KA80V,KA108E",2.162247657775879,0.7909817099571228,0
1HE8_A_B,"KA80V,DA95A",1.038295030593872,0.23134519159793854,0
1HE8_A_B,"KA80V,KA111A",1.9676246643066406,1.0639524459838867,0
1HE8_A_B,"KA80V,KA112A",2.162247657775879,1.188971996307373,0
1HE8_A_B,"KA80V,KA113A",1.6758559942245483,0.4213328957557678,0
1HE8_A_B,"KA80V,DA117A",0.9443292021751404,0.6079103350639343,0
1HE8_A_B,"KA80V,EA124K",-0.09897152334451675,0.13660569489002228,0
1HE8_A_B,"KA80V,EA606A",0.45456182956695557,-0.030677860602736473,0
1HE8_A_B,"KA80V,EA606K",-0.45807787775993347,0.007861234247684479,0
1GL0_E_I,MI28K,-0.557857871055603,-0.3332708477973938,0
1GL0_E_I,"MI28K,LI27R",3.8372950553894043,1.5083413124084473,0
3N4I_A_B,EA79D,4.384282112121582,3.632157325744629,0
1F47_A_B,DA4A,0.6915061473846436,0.13473783433437347,0
1F47_A_B,YA5A,0.8693669438362122,0.9313021898269653,0
1F47_A_B,LA6A,0.9254311323165894,0.9212139844894409,0
1F47_A_B,DA7A,1.7336586713790894,0.048683471977710724,0
1F47_A_B,IA8A,2.5162453651428223,1.2209763526916504,0
1F47_A_B,PA9A,-0.05756485462188721,0.1874614804983139,0
1F47_A_B,FA11A,2.4454827308654785,1.3069205284118652,0
1F47_A_B,LA12A,2.2953264713287354,1.4383330345153809,0
1F47_A_B,KA14A,-0.042640842497348785,-0.3953856825828552,0
1F47_A_B,QA15A,-0.045595720410346985,0.36894387006759644,0
1F47_A_B,DA7S,2.064861297607422,-0.032971035689115524,0
1F47_A_B,DA7G,1.1393417119979858,0.17250432074069977,0
1FCC_A_C,TC25A,0.2402186095714569,0.568490743637085,0
1FCC_A_C,EC27A,4.938011169433594,1.862007975578308,0
1FCC_A_C,KC28A,1.2561542987823486,0.6953455209732056,0
1FCC_A_C,KC31A,3.477555513381958,1.3268507719039917,0
1FCC_A_C,NC35A,2.365107297897339,0.24946366250514984,0
1FCC_A_C,DC40A,0.27225083112716675,1.0233092308044434,0
1FCC_A_C,EC42A,0.3854418992996216,-0.052580513060092926,0
1FCC_A_C,WC43A,3.773183822631836,1.3027340173721313,0
1FCC_A_C,"TC44A,YC45A",1.9544508457183838,0.46461766958236694,0
1NMB_N_LH,DH57N,2.9549508094787598,-0.2783304452896118,0
1NMB_N_LH,DH57E,2.9549508094787598,-0.12375000864267349,0
1NMB_N_LH,YH103A,2.141578435897827,0.827127993106842,0
1NMB_N_LH,YH105F,1.4200456142425537,1.0289945602416992,0
1NMB_N_LH,YL32F,0.466530978679657,-0.02447608858346939,0
1NMB_N_LH,TL93F,-0.02391386404633522,0.046350255608558655,0
1NMB_N_LH,TL93W,0.18427251279354095,-0.15447480976581573,0
1NMB_N_LH,LL94V,0.9004237651824951,0.0814567357301712,0
1VFB_AB_C,DC18A,0.3402828872203827,1.6732985973358154,0
1VFB_AB_C,NC19A,0.3962641656398773,0.06828644871711731,0
1VFB_AB_C,YC23A,0.4106564223766327,1.9260575771331787,0
1VFB_AB_C,SC24A,0.8513460755348206,0.7594153881072998,0
1VFB_AB_C,KC116A,0.7137698531150818,1.8714221715927124,0
1VFB_AB_C,TC118A,0.7654383182525635,0.962893009185791,0
1VFB_AB_C,DC119A,0.9535146951675415,1.695829153060913,0
1VFB_AB_C,VC120A,0.9173604846000671,0.40093713998794556,0
1VFB_AB_C,QC121A,2.878286361694336,0.25486642122268677,0
1VFB_AB_C,IC124A,1.2319692373275757,0.1970035284757614,0
1VFB_AB_C,RC125A,1.8377223014831543,0.5501891374588013,0
1VFB_AB_C,LC129A,0.17162153124809265,0.026428088545799255,0
1VFB_AB_C,YA32A,1.7176494598388672,1.6820282936096191,0
1VFB_AB_C,YA50A,0.5245682597160339,2.0444350242614746,0
1VFB_AB_C,WA92A,3.350074291229248,0.9552054405212402,0
1VFB_AB_C,YB32A,1.1237155199050903,1.513346552848816,0
1VFB_AB_C,WB52A,0.9173604846000671,1.9199464321136475,0
1VFB_AB_C,DB54A,0.9920468330383301,1.9953761100769043,0
1VFB_AB_C,DB100A,2.941075086593628,1.6407456398010254,0
1VFB_AB_C,YB101F,1.586751103401184,2.356940746307373,0
1VFB_AB_C,"YA32A,QC121A",1.586751103401184,2.2422475814819336,0
1VFB_AB_C,"YA32A,IC124A",2.9070167541503906,2.6066322326660156,0
1VFB_AB_C,"YA50A,DC18A",1.2664908170700073,2.9476561546325684,0
1VFB_AB_C,"YA50A,DC119A",1.2319692373275757,2.8982558250427246,0
1VFB_AB_C,"WA92A,QC121A",3.520512104034424,1.1814204454421997,0
1VFB_AB_C,"WA92A,IC124A",3.852057695388794,2.105382204055786,0
1VFB_AB_C,"WA92A,RC125A",3.3948090076446533,2.395315647125244,0
1VFB_AB_C,"WA92A,LC129A",3.3088436126708984,1.776772141456604,0
1VFB_AB_C,"YB32A,KC116A",1.586751103401184,2.3474936485290527,0
1VFB_AB_C,"WB52A,DC119A",2.2483787536621094,2.0317203998565674,0
1VFB_AB_C,"DB54A,TC118A",1.2552056312561035,2.1945669651031494,0
1VFB_AB_C,"DB100A,SC24A",3.371264696121216,1.8479889631271362,0
1VFB_AB_C,"YB101F,DC119A",2.737746477127075,2.5470118522644043,0
1VFB_AB_C,"YB101F,VC120A",2.53961443901062,3.136239767074585,0
1R0R_E_I,LI13G,2.352891206741333,3.6395723819732666,0
1R0R_E_I,LI13A,0.31460878252983093,2.235978126525879,0
1R0R_E_I,LI13S,1.5712368488311768,2.648221969604492,0
1R0R_E_I,LI13C,-1.3463069200515747,2.0387892723083496,0
1R0R_E_I,LI13V,2.1565780639648438,1.8989109992980957,0
1R0R_E_I,LI13T,0.15976271033287048,3.1360278129577637,0
1R0R_E_I,LI13P,7.687726974487305,7.353540897369385,0
1R0R_E_I,LI13I,3.2540266513824463,2.63729190826416,0
1R0R_E_I,LI13M,-0.5162599682807922,0.677290678024292,0
1R0R_E_I,LI13N,1.500389575958252,2.7353367805480957,0
1R0R_E_I,LI13D,4.539323806762695,5.792344570159912,0
1R0R_E_I,LI13K,3.345353603363037,2.9922597408294678,0
1R0R_E_I,LI13Q,0.5696492195129395,2.2426986694335938,0
1R0R_E_I,LI13E,2.177367925643921,4.768321514129639,0
1R0R_E_I,LI13H,0.5696492195129395,2.8428428173065186,0
1R0R_E_I,LI13F,0.6170114278793335,1.2461652755737305,0
1R0R_E_I,LI13R,2.935408115386963,3.170959234237671,0
1R0R_E_I,LI13Y,0.44681063294410706,1.0528295040130615,0
1R0R_E_I,LI13W,1.5239337682724,2.0678889751434326,0
3SGB_E_I,LI12G,5.003495693206787,4.506624698638916,0
3SGB_E_I,LI12A,2.9891605377197266,3.367307186126709,0
3SGB_E_I,LI12S,4.1582350730896,4.083045482635498,0
3SGB_E_I,LI12C,-0.013389315456151962,2.501281499862671,0
3SGB_E_I,LI12V,3.0342824459075928,2.962482213973999,0
3SGB_E_I,LI12T,3.2047202587127686,3.474637985229492,0
3SGB_E_I,LI12P,8.445844650268555,8.1055326461792,0
3SGB_E_I,LI12I,4.481256008148193,3.283825397491455,0
3SGB_E_I,LI12M,0.4301895797252655,1.1231449842453003,0
3SGB_E_I,LI12N,3.3998169898986816,3.361701011657715,0
3SGB_E_I,LI12D,5.66865873336792,5.854441165924072,0
3SGB_E_I,LI12K,3.1820759773254395,3.2839741706848145,0
3SGB_E_I,LI12Q,2.6035408973693848,2.725775718688965,0
3SGB_E_I,LI12E,5.982758045196533,5.5879316329956055,0
3SGB_E_I,LI12H,1.713875651359558,2.924595355987549,0
3SGB_E_I,LI12F,1.3740181922912598,1.675136685371399,0
3SGB_E_I,LI12R,3.366955280303955,3.5897960662841797,0
3SGB_E_I,LI12Y,1.6760064363479614,1.7163972854614258,0
3SGB_E_I,LI12W,1.8652080297470093,2.116999387741089,0
1R0R_E_I,AI10G,1.111736536026001,1.0690490007400513,0
1R0R_E_I,AI10S,1.7416746616363525,0.3303806185722351,0
1R0R_E_I,AI10C,-0.4834676682949066,-0.2331857532262802,0
1R0R_E_I,AI10V,-0.9535146951675415,-0.04320726543664932,0
1R0R_E_I,AI10T,1.2681235074996948,0.04195806384086609,0
1R0R_E_I,AI10P,3.345353603363037,1.9086370468139648,0
1R0R_E_I,AI10L,-1.7550112009048462,-0.7412129640579224,0
1R0R_E_I,AI10I,-1.7995165586471558,0.3509785532951355,0
1R0R_E_I,AI10M,-1.7396219968795776,-1.1336323022842407,0
1R0R_E_I,AI10N,2.0894362926483154,-0.3951581120491028,0
1R0R_E_I,AI10D,5.228435039520264,1.7420023679733276,0
1R0R_E_I,AI10K,3.072984218597412,0.6984732151031494,0
1R0R_E_I,AI10Q,1.8109817504882812,0.40351933240890503,0
1R0R_E_I,AI10E,4.577856063842773,1.036835789680481,0
1R0R_E_I,AI10H,1.774827480316162,-0.22844481468200684,0
1R0R_E_I,AI10F,-2.24299955368042,-1.549235224723816,0
1R0R_E_I,AI10R,5.530481815338135,0.1328486055135727,0
1R0R_E_I,AI10Y,-0.8384865522384644,-1.1605968475341797,0
1R0R_E_I,AI10W,0.20706579089164734,-1.6900465488433838,0
3SGB_E_I,AI9G,2.486466407775879,1.8543479442596436,0
3SGB_E_I,AI9S,0.9109824895858765,1.33674156665802,0
3SGB_E_I,AI9C,0.04153655096888542,0.607723593711853,0
3SGB_E_I,AI9V,-0.7847340703010559,1.2218902111053467,0
3SGB_E_I,AI9T,0.33107247948646545,1.3437728881835938,0
3SGB_E_I,AI9P,0.5527053475379944,2.465606212615967,0
3SGB_E_I,AI9L,0.1687806099653244,0.6318680047988892,0
3SGB_E_I,AI9I,-0.45318859815597534,1.0950369834899902,0
3SGB_E_I,AI9M,0.0889580100774765,0.4624290466308594,0
3SGB_E_I,AI9N,-0.08912444859743118,0.9075543880462646,0
3SGB_E_I,AI9D,0.47637805342674255,2.865492343902588,0
3SGB_E_I,AI9K,2.491424083709717,2.0281882286071777,0
3SGB_E_I,AI9Q,0.4301895797252655,1.1036204099655151,0
3SGB_E_I,AI9E,0.6714746952056885,2.005709648132324,0
3SGB_E_I,AI9H,-0.45318859815597534,0.6218072175979614,0
3SGB_E_I,AI9F,-1.1806398630142212,-0.043724216520786285,0
3SGB_E_I,AI9R,2.0356457233428955,0.48423486948013306,0
3SGB_E_I,AI9Y,-1.647277593612671,-0.16372263431549072,0
3SGB_E_I,AI9W,-1.553667664527893,0.08409683406352997,0
1R0R_E_I,TI12G,3.1389987468719482,3.9526028633117676,0
1R0R_E_I,TI12A,1.1732311248779297,2.810882091522217,0
1R0R_E_I,TI12S,0.8897486925125122,2.2415904998779297,0
1R0R_E_I,TI12C,0.8131969571113586,1.7105464935302734,0
1R0R_E_I,TI12V,0.937170147895813,2.849229574203491,0
1R0R_E_I,TI12P,4.94998025894165,4.342341899871826,0
1R0R_E_I,TI12L,0.6687392592430115,2.638200044631958,0
1R0R_E_I,TI12I,0.25873422622680664,2.6176257133483887,0
1R0R_E_I,TI12M,1.331018328666687,2.9696929454803467,0
1R0R_E_I,TI12N,0.017864227294921875,2.7529799938201904,0
1R0R_E_I,TI12D,2.8881049156188965,1.5349483489990234,0
1R0R_E_I,TI12K,1.933820366859436,3.3963565826416016,0
1R0R_E_I,TI12Q,2.2216382026672363,2.6163363456726074,0
1R0R_E_I,TI12E,3.2136850357055664,2.133049249649048,0
1R0R_E_I,TI12H,0.5256845355033875,2.522881507873535,0
1R0R_E_I,TI12F,-0.06601439416408539,2.2626004219055176,0
1R0R_E_I,TI12R,3.345353603363037,3.115349769592285,0
1R0R_E_I,TI12Y,-0.8788283467292786,1.8730418682098389,0
1R0R_E_I,TI12W,2.935408115386963,2.3233537673950195,0
3SGB_E_I,TI11G,5.584234237670898,4.515251159667969,0
3SGB_E_I,TI11A,3.5919625759124756,3.4636805057525635,0
3SGB_E_I,TI11S,2.466209650039673,2.0782761573791504,0
3SGB_E_I,TI11C,2.9262657165527344,3.0947484970092773,0
3SGB_E_I,TI11V,2.5478909015655518,2.3101954460144043,0
3SGB_E_I,TI11P,3.1820759773254395,3.7291085720062256,0
3SGB_E_I,TI11L,2.471339225769043,3.56326961517334,0
3SGB_E_I,TI11I,1.7529135942459106,2.7402138710021973,0
3SGB_E_I,TI11M,2.0356457233428955,3.4414286613464355,0
3SGB_E_I,TI11N,3.254415988922119,3.394318103790283,0
3SGB_E_I,TI11D,4.956133842468262,5.323370456695557,0
3SGB_E_I,TI11K,2.0356457233428955,3.874894380569458,0
3SGB_E_I,TI11Q,2.940316677093506,3.0478615760803223,0
3SGB_E_I,TI11E,4.797141075134277,4.4380950927734375,0
3SGB_E_I,TI11H,3.5076560974121094,2.8635685443878174,0
3SGB_E_I,TI11F,3.63932466506958,3.1875693798065186,0
3SGB_E_I,TI11R,1.9727510213851929,3.6882107257843018,0
3SGB_E_I,TI11Y,3.366955280303955,3.4833078384399414,0
3SGB_E_I,TI11W,3.0342824459075928,2.813368320465088,0
1R0R_E_I,EI14G,2.7119977474212646,2.6124331951141357,0
1R0R_E_I,EI14A,2.0894362926483154,1.593888759613037,0
1R0R_E_I,EI14S,3.1751527786254883,2.0303759574890137,0
1R0R_E_I,EI14C,2.371582269668579,1.2461559772491455,0
1R0R_E_I,EI14V,0.0947713777422905,0.41359269618988037,0
1R0R_E_I,EI14T,4.2522759437561035,1.5766102075576782,0
1R0R_E_I,EI14P,3.76448392868042,3.764151096343994,0
1R0R_E_I,EI14L,0.5696492195129395,0.23128943145275116,0
1R0R_E_I,EI14I,0.7369973063468933,0.6311792731285095,0
1R0R_E_I,EI14M,1.5712368488311768,0.9366132616996765,0
1R0R_E_I,EI14N,2.118342161178589,1.6474645137786865,0
1R0R_E_I,EI14D,0.25873422622680664,1.0948302745819092,0
1R0R_E_I,EI14K,2.7119977474212646,1.7329165935516357,0
1R0R_E_I,EI14Q,1.2821743488311768,1.137082815170288,0
1R0R_E_I,EI14H,1.7088130712509155,1.183171033859253,0
1R0R_E_I,EI14F,3.618090867996216,1.4404513835906982,0
1R0R_E_I,EI14R,2.0894362926483154,1.2668184041976929,0
1R0R_E_I,EI14Y,1.8898556232452393,0.8513768911361694,0
1R0R_E_I,EI14W,1.8495138883590698,0.8275935649871826,0
3SGB_E_I,EI13G,2.104952812194824,2.2306694984436035,0
3SGB_E_I,EI13A,1.0192363262176514,1.2665481567382812,0
3SGB_E_I,EI13S,1.9436081647872925,1.957301378250122,0
3SGB_E_I,EI13C,1.1746745109558105,1.7403775453567505,0
3SGB_E_I,EI13V,0.1275499165058136,1.4191017150878906,0
3SGB_E_I,EI13T,2.1434850692749023,1.4773287773132324,0
3SGB_E_I,EI13P,2.275153636932373,2.9115633964538574,0
3SGB_E_I,EI13L,0.779313862323761,1.5654247999191284,0
3SGB_E_I,EI13I,-0.6233893632888794,1.4126935005187988,0
3SGB_E_I,EI13M,-0.18949657678604126,1.8861982822418213,0
3SGB_E_I,EI13N,1.1020385026931763,1.4509700536727905,0
3SGB_E_I,EI13D,0.5527053475379944,0.13498613238334656,0
3SGB_E_I,EI13K,0.1687806099653244,2.3938803672790527,0
3SGB_E_I,EI13Q,0.18353120982646942,1.413642168045044,0
3SGB_E_I,EI13H,0.5260738134384155,1.225521445274353,0
3SGB_E_I,EI13F,1.9436081647872925,1.8588961362838745,0
3SGB_E_I,EI13R,1.275046706199646,1.963789939880371,0
3SGB_E_I,EI13Y,0.779313862323761,1.2876784801483154,0
3SGB_E_I,EI13W,1.5477023124694824,0.9272335767745972,0
1R0R_E_I,YI15G,6.402083396911621,3.7752442359924316,0
1R0R_E_I,YI15A,5.474548816680908,2.790579080581665,0
1R0R_E_I,YI15S,5.162713527679443,3.1118741035461426,0
1R0R_E_I,YI15C,3.2540266513824463,2.457063674926758,0
1R0R_E_I,YI15V,3.5100741386413574,2.2557873725891113,0
1R0R_E_I,YI15T,5.474548816680908,2.9155523777008057,0
1R0R_E_I,YI15P,6.6544342041015625,4.865402698516846,0
1R0R_E_I,YI15L,2.5751163959503174,1.6542482376098633,0
1R0R_E_I,YI15I,2.864560604095459,2.1406192779541016,0
1R0R_E_I,YI15M,3.1389987468719482,1.7630670070648193,0
1R0R_E_I,YI15N,5.6164469718933105,2.5914602279663086,0
1R0R_E_I,YI15D,5.7712931632995605,3.5492517948150635,0
1R0R_E_I,YI15K,5.512417793273926,2.6705029010772705,0
1R0R_E_I,YI15Q,4.503169536590576,3.649721622467041,0
1R0R_E_I,YI15E,4.618197917938232,3.4960389137268066,0
1R0R_E_I,YI15H,3.4711196422576904,1.946451187133789,0
1R0R_E_I,YI15F,0.6170114278793335,0.6634289622306824,0
1R0R_E_I,YI15R,4.470016956329346,2.908292055130005,0
1R0R_E_I,YI15W,-0.3641657531261444,0.30464011430740356,0
3SGB_E_I,YI14G,2.8423960208892822,3.700900077819824,0
3SGB_E_I,YI14A,1.9436081647872925,3.0250773429870605,0
3SGB_E_I,YI14S,2.0356457233428955,3.2228946685791016,0
3SGB_E_I,YI14C,1.6952435970306396,2.7442758083343506,0
3SGB_E_I,YI14V,4.421689987182617,2.8322179317474365,0
3SGB_E_I,YI14T,4.871827125549316,3.5780041217803955,0
3SGB_E_I,YI14P,6.276340007781982,5.860597133636475,0
3SGB_E_I,YI14L,1.5761455297470093,0.8908451795578003,0
3SGB_E_I,YI14I,3.5919625759124756,2.6466803550720215,0
3SGB_E_I,YI14M,2.002784252166748,2.33274507522583,0
3SGB_E_I,YI14N,3.158531904220581,3.1484007835388184,0
3SGB_E_I,YI14D,2.9118733406066895,4.646822929382324,0
3SGB_E_I,YI14K,3.432969808578491,3.089280128479004,0
3SGB_E_I,YI14Q,3.2810475826263428,3.604172468185425,0
3SGB_E_I,YI14E,2.0356457233428955,5.238748550415039,0
3SGB_E_I,YI14H,1.713875651359558,2.255239248275757,0
3SGB_E_I,YI14F,0.1687806099653244,0.7793314456939697,0
3SGB_E_I,YI14R,2.7605485916137695,3.065229892730713,0
3SGB_E_I,YI14W,0.38874247670173645,0.39084863662719727,0
1R0R_E_I,RI16G,2.0894362926483154,1.3022286891937256,0
1R0R_E_I,RI16A,-0.09604763239622116,1.331594705581665,0
1R0R_E_I,RI16S,-0.01634453982114792,1.2058409452438354,0
1R0R_E_I,RI16C,0.11502811312675476,0.8778852224349976,0
1R0R_E_I,RI16V,0.11502811312675476,-0.043464675545692444,0
1R0R_E_I,RI16T,0.3446420133113861,0.9650299549102783,0
1R0R_E_I,RI16P,7.390504837036133,3.808269739151001,0
1R0R_E_I,RI16L,0.23210270702838898,0.6569181084632874,0
1R0R_E_I,RI16I,0.20706579089164734,0.12399233877658844,0
1R0R_E_I,RI16M,0.44681063294410706,0.679617166519165,0
1R0R_E_I,RI16N,-0.050451911985874176,1.1519544124603271,0
1R0R_E_I,RI16D,-0.17991724610328674,1.4142223596572876,0
1R0R_E_I,RI16K,-0.09604763239622116,0.06049291789531708,0
1R0R_E_I,RI16Q,0.182406947016716,0.9937621355056763,0
1R0R_E_I,RI16E,0.3446420133113861,1.3228068351745605,0
1R0R_E_I,RI16H,0.5256845355033875,0.9558112621307373,0
1R0R_E_I,RI16F,0.44681063294410706,0.738222599029541,0
1R0R_E_I,RI16Y,0.8233245611190796,1.1162400245666504,0
1R0R_E_I,RI16W,0.94539874792099,0.525360107421875,0
3SGB_E_I,RI15G,1.1071680784225464,0.851584792137146,0
3SGB_E_I,RI15A,0.053752489387989044,1.0241217613220215,0
3SGB_E_I,RI15S,0.27762654423713684,1.0505695343017578,0
3SGB_E_I,RI15C,0.5527053475379944,0.598122239112854,0
3SGB_E_I,RI15V,-0.023633696138858795,-0.052967414259910583,0
3SGB_E_I,RI15T,0.45373380184173584,0.8422307968139648,0
3SGB_E_I,RI15P,7.684475898742676,4.331925392150879,0
3SGB_E_I,RI15L,0.22795669734477997,0.5139392614364624,0
3SGB_E_I,RI15I,0.24351918697357178,0.02407357096672058,0
3SGB_E_I,RI15M,0.1275499165058136,0.41028130054473877,0
3SGB_E_I,RI15N,0.33107247948646545,0.9851388931274414,0
3SGB_E_I,RI15D,0.6386131048202515,1.2685883045196533,0
3SGB_E_I,RI15K,-0.2777929902076721,0.494189977645874,0
3SGB_E_I,RI15Q,0.04153655096888542,0.7373371720314026,0
3SGB_E_I,RI15E,0.6714746952056885,1.2382184267044067,0
3SGB_E_I,RI15H,0.45373380184173584,0.7011765837669373,0
3SGB_E_I,RI15F,0.22795669734477997,0.44990724325180054,0
3SGB_E_I,RI15Y,0.29397109150886536,0.767052412033081,0
3SGB_E_I,RI15W,0.31183531880378723,0.29918819665908813,0
1R0R_E_I,PI9G,-0.34582212567329407,0.7050637006759644,0
1R0R_E_I,PI9A,-0.6389058828353882,0.4661397337913513,0
1R0R_E_I,PI9S,0.13621847331523895,-0.269633412361145,0
1R0R_E_I,PI9C,-0.9866675138473511,-0.8694077730178833,0
1R0R_E_I,PI9V,1.331018328666687,-0.4902018904685974,0
1R0R_E_I,PI9T,1.1977499723434448,-0.5109073519706726,0
1R0R_E_I,PI9L,1.1842538118362427,-0.6196658611297607,0
1R0R_E_I,PI9I,1.7416746616363525,-0.36875659227371216,0
1R0R_E_I,PI9M,-0.03315281495451927,-0.6982904672622681,0
1R0R_E_I,PI9N,-0.9173604846000671,-0.8184705972671509,0
1R0R_E_I,PI9D,-2.5212764739990234,-0.19423440098762512,0
1R0R_E_I,PI9K,0.3446420133113861,-0.7635757923126221,0
1R0R_E_I,PI9Q,-1.4146230220794678,-0.7642054557800293,0
1R0R_E_I,PI9E,-2.24299955368042,-0.8489097356796265,0
1R0R_E_I,PI9H,-0.216517373919487,-0.6220016479492188,0
1R0R_E_I,PI9F,1.3820353746414185,-0.7914466857910156,0
1R0R_E_I,PI9R,1.10240638256073,-0.6127952337265015,0
1R0R_E_I,PI9Y,0.8574670553207397,-0.4468158483505249,0
1R0R_E_I,PI9W,0.48534274101257324,-0.5039308667182922,0
3SGB_E_I,PI8G,0.053752489387989044,0.46016645431518555,0
3SGB_E_I,PI8A,-0.18949657678604126,0.1047840565443039,0
3SGB_E_I,PI8S,0.06572162359952927,0.009503468871116638,0
3SGB_E_I,PI8C,-0.3274226188659668,-0.5615341663360596,0
3SGB_E_I,PI8V,-0.31041327118873596,-0.34702956676483154,0
3SGB_E_I,PI8T,-0.10867909342050552,-0.26918625831604004,0
3SGB_E_I,PI8L,-0.1413743942975998,-0.8627634644508362,0
3SGB_E_I,PI8I,-0.023633696138858795,-0.7099372148513794,0
3SGB_E_I,PI8M,-0.5005508065223694,-0.6084054708480835,0
3SGB_E_I,PI8N,-0.12480123341083527,-0.3612402081489563,0
3SGB_E_I,PI8D,-1.033098578453064,-0.3563110828399658,0
3SGB_E_I,PI8K,0.11405384540557861,0.05315793305635452,0
3SGB_E_I,PI8Q,-0.31602898240089417,-0.3002418279647827,0
3SGB_E_I,PI8E,-0.6233893632888794,-0.7110534310340881,0
3SGB_E_I,PI8H,0.27762654423713684,-0.46894580125808716,0
3SGB_E_I,PI8F,-0.3449347913265228,-0.5261779427528381,0
3SGB_E_I,PI8R,0.31183531880378723,-0.11772537976503372,0
3SGB_E_I,PI8Y,-0.40146076679229736,-0.4189296364784241,0
3SGB_E_I,PI8W,-0.5005508065223694,-0.7017578482627869,0
1R0R_E_I,KI8G,-0.8384865522384644,1.368811845779419,0
1R0R_E_I,KI8A,-0.6100000739097595,0.5166304707527161,0
1R0R_E_I,KI8S,-0.3073604106903076,0.44974279403686523,0
1R0R_E_I,KI8C,-0.6156694889068604,0.4470031261444092,0
1R0R_E_I,KI8V,0.4106564223766327,0.7333372831344604,0
1R0R_E_I,KI8T,0.8897486925125122,0.40763241052627563,0
1R0R_E_I,KI8P,1.347826600074768,1.1407254934310913,0
1R0R_E_I,KI8L,-0.32802942395210266,0.5603905916213989,0
1R0R_E_I,KI8I,1.1239525079727173,0.7570506930351257,0
1R0R_E_I,KI8M,-0.5612779259681702,0.5108128786087036,0
1R0R_E_I,KI8N,-0.3908401131629944,0.29940682649612427,0
1R0R_E_I,KI8D,-0.5933101773262024,0.5340620279312134,0
1R0R_E_I,KI8Q,-0.5308891534805298,0.6658996343612671,0
1R0R_E_I,KI8E,-0.11043988913297653,1.0062990188598633,0
1R0R_E_I,KI8H,-0.5933101773262024,0.6913198828697205,0
1R0R_E_I,KI8F,-0.7945218682289124,0.42357712984085083,0
1R0R_E_I,KI8R,0.13621847331523895,-0.07041701674461365,0
1R0R_E_I,KI8Y,-0.6954318284988403,0.6549524068832397,0
1R0R_E_I,KI8W,-1.10543692111969,0.3757334351539612,0
3SGB_E_I,KI7G,-0.7255579829216003,1.650486946105957,0
3SGB_E_I,KI7A,-2.572140693664551,0.5984553098678589,0
3SGB_E_I,KI7S,-2.587596893310547,0.35263246297836304,0
3SGB_E_I,KI7C,-0.5848572254180908,1.2577732801437378,0
3SGB_E_I,KI7V,-0.9551718831062317,1.1960508823394775,0
3SGB_E_I,KI7T,-1.9490283727645874,0.39818912744522095,0
3SGB_E_I,KI7P,0.0,1.645533561706543,0
3SGB_E_I,KI7L,-1.8173596858978271,0.7977182865142822,0
3SGB_E_I,KI7I,-1.3446379899978638,1.36484956741333,0
3SGB_E_I,KI7M,-1.1662476062774658,0.6060121059417725,0
3SGB_E_I,KI7N,-0.6595435738563538,0.6234201192855835,0
3SGB_E_I,KI7D,-0.6233893632888794,0.25037139654159546,0
3SGB_E_I,KI7Q,-0.6233893632888794,0.2266998440027237,0
3SGB_E_I,KI7E,0.03220640495419502,1.0450961589813232,0
3SGB_E_I,KI7H,-0.40146076679229736,0.6072579026222229,0
3SGB_E_I,KI7F,-0.7255579829216003,1.2560269832611084,0
3SGB_E_I,KI7R,-0.6926963925361633,-0.3868940472602844,0
3SGB_E_I,KI7Y,-0.5848572254180908,1.3655916452407837,0
3SGB_E_I,KI7W,-0.013389315456151962,1.3033100366592407,0
1R0R_E_I,GI27A,1.29815673828125,0.11145959794521332,0
1R0R_E_I,GI27S,0.9117754697799683,-0.40631264448165894,0
1R0R_E_I,GI27C,1.4199045896530151,0.7049969434738159,0
1R0R_E_I,GI27V,1.933820366859436,1.6190412044525146,0
1R0R_E_I,GI27T,1.6787798404693604,2.0730807781219482,0
1R0R_E_I,GI27P,1.0800471305847168,0.3054642081260681,0
1R0R_E_I,GI27L,2.4107375144958496,2.4276602268218994,0
1R0R_E_I,GI27I,1.98118257522583,3.6962695121765137,0
1R0R_E_I,GI27M,2.1565780639648438,1.7703896760940552,0
1R0R_E_I,GI27N,1.2821743488311768,0.5457935333251953,0
1R0R_E_I,GI27D,2.8881049156188965,3.0094470977783203,0
1R0R_E_I,GI27K,2.935408115386963,2.0505974292755127,0
1R0R_E_I,GI27Q,2.0329103469848633,2.148486375808716,0
1R0R_E_I,GI27E,1.98118257522583,1.5597280263900757,0
1R0R_E_I,GI27H,2.192495346069336,0.5160967707633972,0
1R0R_E_I,GI27F,0.11502811312675476,0.2356431931257248,0
1R0R_E_I,GI27R,3.4711196422576904,2.7948737144470215,0
1R0R_E_I,GI27Y,0.48534274101257324,0.3232037425041199,0
1R0R_E_I,GI27W,1.4012725353240967,1.1792901754379272,0
3SGB_E_I,GI26A,1.2227966785430908,-0.44557636976242065,0
3SGB_E_I,GI26S,1.6076903343200684,-0.058648981153964996,0
3SGB_E_I,GI26C,2.611656904220581,1.5945645570755005,0
3SGB_E_I,GI26V,2.728342294692993,0.9934030771255493,0
3SGB_E_I,GI26T,3.0342824459075928,1.8334167003631592,0
3SGB_E_I,GI26P,1.0968642234802246,0.22559352219104767,0
3SGB_E_I,GI26L,2.6581475734710693,2.1636271476745605,0
3SGB_E_I,GI26I,4.092513084411621,2.8667287826538086,0
3SGB_E_I,GI26M,2.7940638065338135,1.5793826580047607,0
3SGB_E_I,GI26N,2.275153636932373,0.4964023232460022,0
3SGB_E_I,GI26D,1.62498939037323,3.01641845703125,0
3SGB_E_I,GI26K,2.5250134468078613,2.003866672515869,0
3SGB_E_I,GI26Q,2.956298828125,2.3863768577575684,0
3SGB_E_I,GI26E,1.9727510213851929,2.3858585357666016,0
3SGB_E_I,GI26H,2.738189220428467,0.15625710785388947,0
3SGB_E_I,GI26F,3.022313356399536,0.38399916887283325,0
3SGB_E_I,GI26R,3.5076560974121094,2.2726244926452637,0
3SGB_E_I,GI26Y,3.0961108207702637,0.02308991551399231,0
3SGB_E_I,GI26W,3.912061929702759,0.9944300651550293,0
1R0R_E_I,NI31G,0.28546592593193054,-0.41980546712875366,0
1R0R_E_I,NI31A,-0.03315281495451927,-0.5790736675262451,0
1R0R_E_I,NI31S,0.48534274101257324,-0.8863552808761597,0
1R0R_E_I,NI31C,0.5696492195129395,0.24460206925868988,0
1R0R_E_I,NI31V,0.6687392592430115,-0.1671907603740692,0
1R0R_E_I,NI31T,0.5696492195129395,-0.25360608100891113,0
1R0R_E_I,NI31P,1.4791991710662842,-1.7103521823883057,0
1R0R_E_I,NI31L,1.546578049659729,0.054478660225868225,0
1R0R_E_I,NI31I,0.31460878252983093,0.0059202127158641815,0
1R0R_E_I,NI31M,0.31460878252983093,-0.24746157228946686,0
1R0R_E_I,NI31D,0.5696492195129395,-1.9390439987182617,0
1R0R_E_I,NI31K,1.1476536989212036,0.22537358105182648,0
1R0R_E_I,NI31Q,-0.27443793416023254,0.35150861740112305,0
1R0R_E_I,NI31E,-0.20501308143138885,0.09147858619689941,0
1R0R_E_I,NI31H,0.28546592593193054,-0.46610313653945923,0
1R0R_E_I,NI31F,-0.17991724610328674,0.8729780912399292,0
1R0R_E_I,NI31R,1.4589425325393677,0.5606846809387207,0
1R0R_E_I,NI31Y,0.182406947016716,0.24070312082767487,0
1R0R_E_I,NI31W,0.05573347210884094,-0.30358168482780457,0
3SGB_E_I,NI30G,0.31183531880378723,-0.9786328077316284,0
3SGB_E_I,NI30A,0.33107247948646545,-1.368924617767334,0
3SGB_E_I,NI30S,0.4089992046356201,-1.4851144552230835,0
3SGB_E_I,NI30C,0.3497045636177063,0.020217686891555786,0
3SGB_E_I,NI30V,-0.2418758124113083,0.2569330930709839,0
3SGB_E_I,NI30T,0.009847073815762997,-0.6104129552841187,0
3SGB_E_I,NI30P,0.5794370174407959,-1.5834234952926636,0
3SGB_E_I,NI30L,0.7407817244529724,1.0966577529907227,0
3SGB_E_I,NI30I,0.1979234665632248,-0.10693393647670746,0
3SGB_E_I,NI30M,0.1407453864812851,-0.38618600368499756,0
3SGB_E_I,NI30D,0.9109824895858765,-1.3243733644485474,0
3SGB_E_I,NI30K,0.5794370174407959,2.1372621059417725,0
3SGB_E_I,NI30Q,0.24351918697357178,-0.3705903887748718,0
3SGB_E_I,NI30E,0.9627103805541992,1.8727638721466064,0
3SGB_E_I,NI30H,-0.12480123341083527,-1.042588472366333,0
3SGB_E_I,NI30F,-0.1413743942975998,1.7744355201721191,0
3SGB_E_I,NI30R,0.5794370174407959,0.7641432285308838,0
3SGB_E_I,NI30Y,-0.10867909342050552,1.6996657848358154,0
3SGB_E_I,NI30W,0.5260738134384155,1.596256971359253,0
1R0R_E_I,"TI12K,LI13R",5.259514808654785,5.199548244476318,0
1R0R_E_I,"TI12R,LI13R",6.506483554840088,5.493193626403809,0
1R0R_E_I,"AI10R,LI13R",7.752178192138672,3.793555498123169,0
1R0R_E_I,"AI10R,TI12K,LI13R",9.314399719238281,5.301159381866455,0
1R0R_E_I,"PI9S,AI10L,TI12K,LI13R",4.892764091491699,4.355270862579346,0
3SGB_E_I,"TI11K,LI12R",5.307282447814941,6.1945037841796875,0
3SGB_E_I,"TI11R,LI12R",5.55207633972168,6.428722858428955,0
3SGB_E_I,"AI9R,LI12R",5.156419277191162,4.04649019241333,0
3SGB_E_I,"AI9R,TI11K,LI12R",6.780235290527344,6.362194538116455,0
3SGB_E_I,"AI9R,TI11P,LI12R",8.58305835723877,7.228210926055908,0
3SGB_E_I,"PI8S,AI9R,TI11P,LI12R",8.229696273803711,7.147679805755615,0
3SGB_E_I,"KI7R,AI9R,TI11K,LI12R",5.593153476715088,6.571171760559082,0
3SGB_E_I,"KI7R,PI8F,AI9R,TI11K,LI12R",5.736030578613281,6.540603160858154,0
3SGB_E_I,"AI9R,TI11K,LI12R,RI15L",6.982303142547607,6.649542331695557,0
3SGB_E_I,"PI8S,AI9L,TI11K,LI12R",4.974817752838135,6.168171405792236,0
3SGB_E_I,"AI9R,TI11K,LI12R,EI13S",7.194701671600342,6.561498165130615,0
3BTM_E_I,MI13K,-7.692373275756836,-6.358320713043213,0
3BTQ_E_I,QI13K,-9.370643615722656,-9.362520217895508,0
3BTT_E_I,TI13K,-10.59748363494873,-10.840598106384277,0
1CSO_E_I,II13L,-4.481256008148193,-4.009410858154297,0
1SGD_E_I,DI13L,-5.66865873336792,-5.685816764831543,0
1SGN_E_I,NI13L,-3.3998169898986816,-3.2038068771362305,0
1SGQ_E_I,GI13L,-5.003495693206787,-3.13015079498291,0
2NU1_E_I,HI13L,-1.713875651359558,-2.7867045402526855,0
1P6A_A_B,YA87S,1.2527592182159424,1.291668176651001,0
1R0R_E_I,"EI5D,AI10V,TI12P,EI14D,RI16M,NI23S,GI27S,NI40S,SI46R",4.94042444229126,4.539877414703369,0
1R0R_E_I,"TI12P,LI13K,EI14D,LI18V,SI46N",7.546120643615723,5.904846668243408,0
1R0R_E_I,"TI12P,LI13K,EI14D,LI18V,GI27S,SI46N",7.678322792053223,5.999888896942139,0
1R0R_E_I,"EI5G,KI8Q,PI9S,TI12P,LI13Q,EI14D,RI16V,LI18F,GI27S,VI37A,EI38D",3.5714170932769775,5.565358638763428,0
1R0R_E_I,"EI5D,YI6H,AI10V,TI12S,RI16M,NI23S,GI27S,NI31D",0.3446420133113861,1.9916167259216309,0
1R0R_E_I,"AI10V,TI12S,LI13P,RI16M,NI23S,GI27N,NI31D,NI34S,SI46G",9.231593132019043,6.754798412322998,0
1R0R_E_I,"EI5D,AI10V,TI12S,RI16M,NI23S,GI27N,NI31D,SI46G",0.48534274101257324,2.6643190383911133,0
1R0R_E_I,"EI5D,AI10V,TI12S,RI16M,NI23S,GI27S,EI38D",0.20706579089164734,2.604703664779663,0
1R0R_E_I,"VI1I,EI5D,AI10V,TI12S,RI16M,NI23S,GI27S,EI38D,TI44I",0.28546592593193054,2.3128433227539062,0
1R0R_E_I,"EI5D,AI10V,TI12S,RI16M,NI23S,GI27S,VI37A,EI38D",-0.050451911985874176,2.1767585277557373,0
1R0R_E_I,"EI5D,RI16M,KI24Q,GI27S,NI31S,EI38D",0.6687392592430115,-0.21206243336200714,0
1R0R_E_I,"RI16M,KI24Q,GI27S,EI38D",1.111736536026001,-0.09428460150957108,0
1R0R_E_I,"EI5D,RI16M,EI38D",0.4106564223766327,0.7047848701477051,0
1R0R_E_I,"EI5D,KI8R,AI10D,RI16M,EI38D",5.7712931632995605,0.2567337155342102,0
1R0R_E_I,"EI5D,RI16M,KI29R,EI38D",-0.08199673146009445,0.0700494796037674,0
1R0R_E_I,"EI5G,LI13M,RI16M,EI38D",-0.2402186095714569,0.8519884347915649,0
1R0R_E_I,"EI5D,LI13M,RI16M,EI38D",-0.2402186095714569,0.7154622077941895,0
1R0R_E_I,"EI5D,LI13V,RI16M,GI27D,EI38D",4.6621623039245605,3.252814292907715,0
1R0R_E_I,"EI5D,LI13V,RI16M,EI38D",2.3825201988220215,1.3785474300384521,0
1R0R_E_I,"EI5D,TI12R,LI13M,RI16M,EI38D",3.3970813751220703,4.97985315322876,0
1R0R_E_I,"EI5G,LI13M,RI16M,EI38D,KI50E",-0.6954318284988403,0.2832992672920227,0
1R0R_E_I,"DI2N,EI5G,LI13M,RI16M,EI38D,KI50E",-1.0495623350143433,0.25667428970336914,0
1R0R_E_I,"EI5D,AI10V,TI12S,YI15D,RI16M,NI23S,GI27S,EI38D",5.331493854522705,4.984219551086426,0
1R0R_E_I,"EI5D,AI10V,TI12S,RI16M,NI23S,GI27S,NI31D,EI38D,TI44N",0.07379743456840515,1.7143172025680542,0
1R0R_E_I,"EI5D,AI10V,TI12S,RI16M,NI23S,GI27S,NI31D,EI38D",0.11502811312675476,1.601818323135376,0
1R0R_E_I,"EI5D,AI10V,TI12S,RI16M,NI23S,GI27S,NI31D,VI36F,EI38D,TI44S",0.037101373076438904,1.594458818435669,0
1R0R_E_I,"AI10V,TI12S,RI16M,NI23S,KI24Q,GI27S,KI29E,EI38D",1.4012725353240967,2.8666224479675293,0
1R0R_E_I,LI13M,-0.5162599682807922,0.677290678024292,0
1R0R_E_I,"LI13M,TI44N,KI50T",-0.8384865522384644,0.7352082133293152,0
1R0R_E_I,"NI23S,GI27A",1.2537312507629395,0.058554694056510925,0
1R0R_E_I,"AI10D,GI27A",5.903494834899902,1.0205577611923218,0
1R0R_E_I,"AI10D,GI27A,NI28S",5.834187984466553,1.226496934890747,0
1R0R_E_I,GI27A,1.331018328666687,0.11145959794521332,0
1R0R_E_I,"TI12M,LI13S,GI27V",3.013808250427246,6.401716709136963,0
1R0R_E_I,"RI16V,LI18I",-0.01634453982114792,0.3038766384124756,0
1R0R_E_I,"LI13S,RI16V,LI18I",1.8898556232452393,3.61769700050354,0
1R0R_E_I,NI23S,-0.06601439416408539,0.1632212996482849,0
1R0R_E_I,"LI13M,LI18V,KI24I,EI38K",-0.8384865522384644,0.35006171464920044,0
1R0R_E_I,"AI10G,LI13M,LI18V,KI24I,EI38K",1.0361416339874268,1.1302177906036377,0
1R0R_E_I,"LI13M,NI31D,SI46N",-0.3073604106903076,-0.8422059416770935,0
1R0R_E_I,"EI5D,KI8M,LI13M,LI18V",-1.7550112009048462,0.9543758630752563,0
1R0R_E_I,"EI5G,LI13M,YI15S,LI18I,KI24T,GI27S,HI47Y,FI48P,KI50V",3.345353603363037,3.0725786685943604,0
1R0R_E_I,"AI10T,LI13M",0.25873422622680664,0.10124833881855011,0
1R0R_E_I,"LI13M,TI25S,GI27D",2.1459031105041504,3.193204164505005,0
1R0R_E_I,"LI13I,GI27D",5.3034586906433105,3.908942699432373,0
1R0R_E_I,"AI10D,LI13A,YI15D",8.94481372833252,5.606818675994873,0
1R0R_E_I,"LI13M,SI46N,HI47R,KI50Q",-0.6389058828353882,0.3467138409614563,0
1R0R_E_I,"LI13M,HI47R",-0.31760478019714355,0.5334726572036743,0
1R0R_E_I,"LI13M,HI47R,KI50E",-0.9173604846000671,-0.23437447845935822,0
1R0R_E_I,"LI13M,SI46N",-0.49729984998703003,0.6549525260925293,0
1R0R_E_I,YI15H,3.0429511070251465,1.946451187133789,0
1R0R_E_I,"LI13M,YI15Q",3.640117645263672,3.529226064682007,0
1R0R_E_I,"LI13M,GI27D",2.3932597637176514,3.2148237228393555,0
1R0R_E_I,"EI5D,TI12L,RI16M,GI27D,NI31S,EI38D,TI44S",3.81807541847229,6.52875280380249,0
1R0R_E_I,"EI5D,RI16M,LI18F,NI23S,GI27S,EI38D",1.29815673828125,-0.0035062171518802643,0
1R0R_E_I,"EI5G,KI8Q,TI12S,RI16V,LI18F,GI27S,NI31D,VI37A,EI38D",0.0,0.9470393657684326,0
1R0R_E_I,"EI5D,TI12S,EI14D,RI16M,NI23S,GI27S,EI38D,GI49E",1.29815673828125,3.9101524353027344,0
1R0R_E_I,"EI5D,AI10V,YI15E,RI16M,EI38D",2.864560604095459,3.2383103370666504,0
1R0R_E_I,"EI5D,AI10V,TI12S,RI16M,VI37A,EI38D",-1.1571053266525269,2.1802682876586914,0
1R0R_E_I,"DI2N,EI5D,AI10V,TI12S,EI14L,RI16M,VI37A,EI38D",-0.9173604846000671,2.0936279296875,0
1R0R_E_I,"EI5D,AI10V,YI15D,RI16M,KI24I,GI27H,NI31Y,VI37A,EI38H,LI45F",5.68878698348999,1.850841760635376,0
1R0R_E_I,"EI5D,KI8Q,AI10V,TI12M,LI13G,EI14D,RI16M,NI23S,GI27S,EI38D,SI46N",3.1058459281921387,5.910868167877197,0
1R0R_E_I,"YI6H,EI14D,LI18I,NI23S,GI27S,NI31D,VI37M,EI38D",0.781731903553009,-0.5229446887969971,0
1R0R_E_I,"EI5D,AI10V,EI14D,RI16M,KI24T,GI27S,EI38D,LI43I",-0.17991724610328674,0.780976414680481,0
1R0R_E_I,"EI5D,AI10V,TI12S,EI14D,RI16M,KI24T,GI27N,NI31I,EI38D,LI43I",1.774827480316162,4.545989990234375,0
1R0R_E_I,"EI5D,KI8R,AI10V,EI14D,RI16M,GI27S,EI38D,LI43I,KI50R",-0.4106564223766327,0.8292813301086426,0
1R0R_E_I,"EI5D,AI10V,EI14D,RI16M,GI27S,EI38D,LI43I,KI50R",-0.2402186095714569,1.0194953680038452,0
1R0R_E_I,"AI10D,LI13A",5.530481815338135,3.2172646522521973,0
1R0R_E_I,"EI5D,LI13M,RI16M,GI27D,EI38D",2.0329103469848633,3.1697850227355957,0
1R0R_E_I,GI27V,1.98118257522583,1.6190412044525146,0
1R0R_E_I,YI15D,5.474548816680908,3.5492517948150635,0
1R0R_E_I,TI12E,2.8231136798858643,2.133049249649048,0
1R0R_E_I,"EI5D,LI13F,RI16M,EI38D",1.135921597480774,0.6615006327629089,0
1R0R_E_I,TI12S,0.8283241987228394,2.2415904998779297,0
1R0R_E_I,TI12V,1.0800471305847168,2.849229574203491,0
1R0R_E_I,AI10V,-0.9866675138473511,-0.04320726543664932,0
1R0R_E_I,"AI10V,TI12S",0.0947713777422905,1.735411286354065,0
1R0R_E_I,TI12A,0.7870935201644897,2.810882091522217,0
1R0R_E_I,LI13K,2.8433704376220703,2.9922597408294678,0
1R0R_E_I,LI13A,0.5256845355033875,2.235978126525879,0
1R0R_E_I,LI13E,2.123957872390747,4.768321514129639,0
1R0R_E_I,LI13Q,0.6170114278793335,2.2426986694335938,0
1R0R_E_I,"TI12R,LI13R",6.485773086547852,5.493193626403809,0
1R0R_E_I,"AI10R,LI13R",7.723918437957764,3.793555498123169,0
1R0R_E_I,"AI10R,TI12K,LI13R",9.287432670593262,5.301159381866455,0
3SGB_E_I,"EI4D,AI9V,TI11P,EI13D,RI15M,NI22S,GI26S,NI39S,SI45R",2.5388455390930176,5.0810675621032715,0
3SGB_E_I,"TI11P,LI12K,EI13D,LI17V,SI45N,HI46R",4.833294868469238,5.415798187255859,0
3SGB_E_I,"TI11P,LI12K,EI13D,LI17V,SI45N",4.912168979644775,5.613972187042236,0
3SGB_E_I,"TI11P,LI12K,EI13D,LI17V,GI26S,SI45N",5.05522346496582,6.306670665740967,0
3SGB_E_I,"EI4G,KI7Q,PI8S,TI11P,LI12Q,EI13D,RI15V,LI17F,GI26S,VI36A,EI37D",4.2332587242126465,6.698174476623535,0
3SGB_E_I,"EI4D,YI5H,AI9V,TI11S,RI15M,NI22S,GI26S,NI30D",4.011033535003662,2.6892619132995605,0
3SGB_E_I,"EI4D,AI9V,TI11S,RI15M,NI22S,GI26N,NI30D,SI45G",3.893831253051758,2.6801414489746094,0
3SGB_E_I,"EI4D,AI9V,TI11S,RI15M,NI22S,GI26S,EI37D",3.2047202587127686,3.7863283157348633,0
3SGB_E_I,"EI4D,AI9V,TI11S,RI15M,NI22S,GI26S,EI37D,TI43I",3.0059688091278076,3.6810789108276367,0
3SGB_E_I,"EI4D,AI9V,TI11S,RI15M,NI22S,GI26S,VI36A,EI37D",2.6196630001068115,3.420938491821289,0
3SGB_E_I,"EI4D,RI15M,KI23Q,GI26S,NI30S,EI37D",1.6952435970306396,-0.875469982624054,0
3SGB_E_I,"RI15M,KI23Q,GI26S,EI37D",2.104952812194824,0.10772687196731567,0
3SGB_E_I,"EI4D,RI15M,EI37D",0.07745373249053955,-0.2504394054412842,0
3SGB_E_I,"EI4D,KI7R,AI9D,RI15M,EI37D",-0.2884680926799774,1.1367073059082031,0
3SGB_E_I,"EI4D,RI15M,KI28R,EI37D",-0.1413743942975998,-0.044290218502283096,0
3SGB_E_I,"EI4G,LI12M,RI15M,EI37D",0.9109824895858765,1.0115447044372559,0
3SGB_E_I,"EI4D,LI12M,RI15M,EI37D",0.47637805342674255,0.590813398361206,0
3SGB_E_I,"EI4D,LI12V,RI15M,GI26D,EI37D",4.029724597930908,5.8012824058532715,0
3SGB_E_I,"EI4D,LI12V,RI15M,EI37D",3.0342824459075928,3.743264675140381,0
3SGB_E_I,"EI4D,TI11R,LI12M,RI15M,EI37D",2.3834073543548584,5.058384418487549,0
3SGB_E_I,"EI4G,LI12M,RI15M,EI37D,KI49E",0.18353120982646942,0.25723618268966675,0
3SGB_E_I,"DI1N,EI4G,LI12M,RI15M,EI37D,KI49E",0.019533153623342514,0.19762353599071503,0
3SGB_E_I,"EI4D,AI9V,TI11S,YI14D,RI15M,NI22S,GI26S,EI37D",4.871827125549316,6.624543190002441,0
3SGB_E_I,"EI4D,AI9V,TI11S,RI15M,NI22S,GI26S,NI30D,EI37D,TI43N",3.3369221687316895,2.184246063232422,0
3SGB_E_I,"EI4D,AI9V,TI11S,RI15M,NI22S,GI26S,NI30D,EI37D",3.366955280303955,2.2886157035827637,0
3SGB_E_I,"EI4D,AI9V,TI11S,RI15M,NI22S,GI26S,NI30D,VI35F,EI37D,TI43S",3.307779312133789,2.1073594093322754,0
3SGB_E_I,"AI9V,TI11S,RI15M,NI22S,KI23Q,GI26S,KI28E,EI37D",4.481256008148193,4.144803524017334,0
3SGB_E_I,"EI4D,YI5H,TI11L,LI12Q,YI14Q,RI15K,LI17I,GI26D,NI30S,EI37D",7.4294352531433105,9.23631477355957,0
3SGB_E_I,"EI4D,YI5H,TI11L,LI12Q,YI14Q,RI15K,GI26D,NI30S,EI37D",7.459468841552734,9.352265357971191,0
3SGB_E_I,LI12M,0.47637805342674255,1.1231449842453003,0
3SGB_E_I,"LI12M,TI43N,KI49T",0.27762654423713684,0.8617576360702515,0
3SGB_E_I,"NI22S,GI26A",1.3301128149032593,-0.2814640998840332,0
3SGB_E_I,"AI9D,GI26A",1.0810645818710327,1.5434527397155762,0
3SGB_E_I,"AI9D,GI26A,NI27S",2.1838266849517822,1.5985667705535889,0
3SGB_E_I,GI26A,1.3641711473464966,-0.44557636976242065,0
3SGB_E_I,"TI11M,LI12S,GI26V",6.909813404083252,7.607173442840576,0
3SGB_E_I,"RI15V,LI17I",0.1687806099653244,0.22375531494617462,0
3SGB_E_I,"LI12S,RI15V,LI17I",4.481256008148193,5.06158971786499,0
3SGB_E_I,NI22S,0.009847073815762997,0.3235674500465393,0
3SGB_E_I,"LI12M,LI17V,KI23I,EI37K",0.8196556568145752,0.911859393119812,0
3SGB_E_I,"AI9G,LI12M,LI17V,KI23I,EI37K",3.229379177093506,2.202988386154175,0
3SGB_E_I,"LI12M,NI30D,SI45N",1.0968642234802246,-0.29863440990448,0
3SGB_E_I,"EI4D,KI7M,LI12M,LI17V",0.07745373249053955,1.2784790992736816,0
3SGB_E_I,"EI4G,LI12M,YI14S,LI17I,KI23T,GI26S,HI46Y,FI47P,KI49V",3.6910526752471924,3.949439525604248,0
3SGB_E_I,"AI9T,LI12M",0.47637805342674255,1.6664848327636719,0
3SGB_E_I,"LI12M,TI24S,GI26D",2.3268814086914062,3.471973419189453,0
3SGB_E_I,"LI12I,GI26D",5.8454270362854,4.950732707977295,0
3SGB_E_I,"AI9D,LI12A,YI14D",5.768519878387451,7.574991226196289,0
3SGB_E_I,"LI12M,SI45N,HI46R,KI49Q",0.22795669734477997,0.4194123148918152,0
3SGB_E_I,"LI12M,HI46R",0.5010368824005127,0.9091600179672241,0
3SGB_E_I,"LI12M,HI46R,KI49E",-0.11668532341718674,0.07179106771945953,0
3SGB_E_I,"LI12M,SI45N",0.45373380184173584,0.9508063793182373,0
3SGB_E_I,"YI5H,YI14D,TI24I,GI26S,NI30D,VI36L",5.61288595199585,4.190907001495361,0
3SGB_E_I,YI14H,1.4057077169418335,2.255239248275757,0
3SGB_E_I,"LI12M,YI14Q",3.776484251022339,4.052533149719238,0
3SGB_E_I,"LI12M,GI26D",2.275153636932373,3.387490749359131,0
3SGB_E_I,"EI4D,TI11L,RI15M,GI26D,NI30S,EI37D,TI43S",3.770814895629883,5.800164699554443,0
3SGB_E_I,"AI9G,TI11M,LI12M,YI14R,RI15L,GI26N,NI27D,SI45N,KI49E",8.00904655456543,7.412004470825195,0
3SGB_E_I,"EI4D,RI15M,LI17F,NI22S,GI26S,EI37D",1.6076903343200684,0.6256434321403503,0
3SGB_E_I,"EI4G,KI7Q,TI11S,RI15V,LI17F,GI26S,NI30D,VI36A,EI37D",3.1820759773254395,1.0056473016738892,0
3SGB_E_I,"EI4D,TI11S,EI13D,RI15M,NI22S,GI26S,EI37D,GI48E",4.671950340270996,4.228827476501465,0
3SGB_E_I,"EI4D,AI9V,YI14E,RI15M,EI37D",1.713875651359558,5.058931350708008,0
3SGB_E_I,"EI4D,AI9V,TI11S,RI15M,VI36A,EI37D",1.5049165487289429,3.1124982833862305,0
3SGB_E_I,"DI1N,EI4D,AI9V,TI11S,EI13L,RI15M,VI36A,EI37D",2.6392178535461426,3.097801685333252,0
3SGB_E_I,"EI4D,AI9V,YI14D,RI15M,KI23I,GI26H,NI30Y,VI36A,EI37H,LI44F",2.3268814086914062,4.869505882263184,0
3SGB_E_I,"EI4D,KI7Q,AI9V,TI11M,LI12G,EI13D,RI15M,NI22S,GI26S,EI37D,SI45N",5.824452877044678,7.221337795257568,0
3SGB_E_I,"YI5H,EI13D,LI17I,NI22S,GI26S,NI30D,VI36M,EI37D",2.3268814086914062,-0.06126795709133148,0
3SGB_E_I,"EI4D,AI9V,EI13D,RI15M,KI23T,GI26S,EI37D,LI42I",1.1970338821411133,2.384920597076416,0
3SGB_E_I,"EI4D,AI9V,TI11S,EI13D,RI15M,KI23T,GI26N,NI30I,EI37D,LI42I",4.261293888092041,5.124943256378174,0
3SGB_E_I,"EI4D,KI7R,AI9V,EI13D,RI15M,GI26S,EI37D,LI42I,KI49R",-0.08147980272769928,2.5690412521362305,0
3SGB_E_I,"EI4D,AI9V,EI13D,RI15M,GI26S,EI37D,LI42I,KI49R",1.0863780975341797,2.4671823978424072,0
3SGB_E_I,"AI9D,LI12A",2.6196630001068115,4.602854251861572,0
3SGB_E_I,"TI11P,LI12K,GI26D",6.543062686920166,8.603450775146484,0
3SGB_E_I,"TI11P,LI12K",6.320304870605469,6.800167560577393,0
3SGB_E_I,"EI4D,LI12M,RI15M,GI26D,EI37D",1.9727510213851929,3.391745090484619,0
3SGB_E_I,GI26V,2.9262657165527344,0.9934030771255493,0
3SGB_E_I,YI14D,2.817300319671631,4.646822929382324,0
3SGB_E_I,TI11E,4.460281848907471,4.4380950927734375,0
3SGB_E_I,"EI4D,LI12F,RI15M,EI37D",0.779313862323761,1.0735970735549927,0
3SGB_E_I,TI11S,2.5388455390930176,2.0782761573791504,0
3SGB_E_I,TI11V,1.9727510213851929,2.3101954460144043,0
3SGB_E_I,AI9V,-0.6595435738563538,1.2218902111053467,0
3SGB_E_I,"AI9V,TI11S",1.6076903343200684,3.177556037902832,0
3SGB_E_I,TI11A,3.229379177093506,3.4636805057525635,0
3SGB_E_I,LI12A,2.956298828125,3.367307186126709,0
3SGB_E_I,LI12E,6.367666721343994,5.5879316329956055,0
3SGB_E_I,LI12Q,2.486466407775879,2.725775718688965,0
3SGB_E_I,"AI9R,LI12R",5.140655517578125,4.04649019241333,0
3SGB_E_I,"AI9R,TI11P,LI12R",8.55279541015625,7.228210926055908,0
3SGB_E_I,"PI8S,AI9R,TI11P,LI12R",8.204559326171875,7.147679805755615,0
4FTV_ABC_DE,KD66A,-1.5795713663101196,1.2774015665054321,0
4FTV_ABC_DE,TA163A,0.3611190617084503,0.8129754662513733,0
4FTV_ABC_DE,"KD66A,TA163A",-2.1304590702056885,1.0678610801696777,0
4FTV_ABC_DE,DD93A,1.014264464378357,1.0281156301498413,0
4FTV_ABC_DE,RA65A,3.8267173767089844,2.8817012310028076,0
4FTV_ABC_DE,"DD93A,RA65A",1.4018852710723877,2.3065192699432373,0
4FTV_ABC_DE,DD93A,0.7796263694763184,1.0281156301498413,0
4FTV_ABC_DE,RA65A,3.188480854034424,2.8817012310028076,0
4FTV_ABC_DE,"DD93A,RA65A",0.9260520935058594,2.3065192699432373,0
4FTV_ABC_DE,"EA63Q,DD93A",-0.0045398841612041,0.7477824687957764,0
4FTV_ABC_DE,"EA63Q,KA66A",1.3316361904144287,1.1556376218795776,0
4FTV_ABC_DE,"EA63Q,DD93A,KA66A",1.8550679683685303,1.6566323041915894,0
3D3V_ABC_DE,EE30A,2.1146318912506104,1.7995870113372803,0
3D3V_ABC_DE,YC8A,3.413588047027588,3.559394121170044,0
3D3V_ABC_DE,"EE30A,YC8A",3.9009265899658203,3.5784215927124023,0
3D3V_ABC_DE,EE30A,3.2307486534118652,1.7995870113372803,0
3D3V_ABC_DE,YC8F,0.9274752736091614,0.10028629004955292,0
3D3V_ABC_DE,"EE30A,YC8F",2.573496103286743,1.2397911548614502,0
3D3V_ABC_DE,LE97A,2.617166519165039,0.8486036658287048,0
3D3V_ABC_DE,YC8A,3.413588047027588,3.559394121170044,0
3D3V_ABC_DE,"LE97A,YC8A",4.390338897705078,3.4374499320983887,0
5E9D_AB_CDE,GD27E,-0.4793570935726166,0.2985488176345825,0
5E9D_AB_CDE,TD90Q,-0.5739302635192871,0.7867079377174377,0
5E9D_AB_CDE,VE49D,-0.43268319964408875,-0.4328545331954956,0
5E9D_AB_CDE,AE98Y,-0.8998063206672668,-0.507580578327179,0
5E9D_AB_CDE,YD49W,-0.34910088777542114,0.0006202235817909241,0
5E9D_AB_CDE,NE27G,0.27520233392715454,0.12824027240276337,0
5E9D_AB_CDE,SD50G,-0.0356469601392746,-0.01663157343864441,0
5E9D_AB_CDE,KD96Q,0.18748797476291656,0.27067285776138306,0
5E9D_AB_CDE,"GD27E,TD90Q",-1.5506813526153564,1.0434030294418335,0
5E9D_AB_CDE,"GD27E,VE49D",-1.2024459838867188,-1.0262527465820312,0
5E9D_AB_CDE,"GD27E,AE98Y",-1.3104627132415771,-1.139487385749817,0
5E9D_AB_CDE,"TD90Q,AE98Y",-1.2722268104553223,-0.6335439085960388,0
5E9D_AB_CDE,"GD27E,TD90Q,AE98Y",-2.475290298461914,-0.3746992349624634,0
5E9D_AB_CDE,"GD27R,TD90Q,VE49E,AE98D",-3.1261651515960693,0.4630401134490967,0
5E9D_AB_CDE,"GD27E,TD90Q,VE49D,AE98E",-2.6363978385925293,0.38924628496170044,0
5E9D_AB_CDE,"GD27R,TD90Q,VE49E,AE98V",-2.7594141960144043,0.7859181761741638,0
4FTV_ABC_DE,"ME98A,SE99G,AE100G,QE101R",3.9603114128112793,2.4504780769348145,0
4FTV_ABC_DE,"SE99G,AE100G,QE101R",3.65146803855896,1.929048776626587,0
4FTV_ABC_DE,"ME98A,AE100G,QE101R",3.6194357872009277,2.1731350421905518,0
4FTV_ABC_DE,"ME98A,QE101E",0.5062000751495361,0.5397542119026184,0
4FTV_ABC_DE,QE101E,0.05646670609712601,-0.23414255678653717,0
4FTV_ABC_DE,QE101R,0.4106564223766327,-0.036553069949150085,0
3H9S_ABC_DE,AA150P,0.16316837072372437,-0.219909206032753,0
2OI9_AQ_BC,FQ5R,3.1007626056671143,2.674701690673828,0
1MI5_ABC_DE,SD23A,0.10006427019834518,0.04618115723133087,0
1MI5_ABC_DE,TD24A,0.2604089677333832,0.1299441009759903,0
1MI5_ABC_DE,SD26A,-0.039184655994176865,-0.0748402327299118,0
1MI5_ABC_DE,TD28A,0.5875756144523621,0.8799695372581482,0
1MI5_ABC_DE,DD29A,1.2319692373275757,1.740154504776001,0
1MI5_ABC_DE,YD30A,0.4496324956417084,1.5557079315185547,0
1MI5_ABC_DE,HD32A,1.2319692373275757,0.7979698181152344,0
1MI5_ABC_DE,HD47A,1.1172796487808228,0.957850456237793,0
1MI5_ABC_DE,LD49A,1.2319692373275757,0.7914317846298218,0
1MI5_ABC_DE,TD50A,-0.5584657788276672,0.4462014436721802,0
1MI5_ABC_DE,SD51A,0.4820149838924408,0.15281669795513153,0
1MI5_ABC_DE,ND52A,-0.019268428906798363,0.12373362481594086,0
1MI5_ABC_DE,PD89A,1.2319692373275757,0.3882617950439453,0
1MI5_ABC_DE,LD90A,1.2319692373275757,1.1241883039474487,0
1MI5_ABC_DE,AD91G,0.6083049178123474,-0.6565289497375488,0
1MI5_ABC_DE,GD92A,0.7641347646713257,0.3309338688850403,0
1MI5_ABC_DE,GD93A,1.2319692373275757,0.898451030254364,0
1MI5_ABC_DE,TD94A,0.9429946541786194,0.7300836443901062,0
1MI5_ABC_DE,SD95A,0.8272079229354858,0.3187209963798523,0
1MI5_ABC_DE,YD96A,1.2319692373275757,1.0372352600097656,0
1MI5_ABC_DE,GD97A,1.2319692373275757,0.09715454280376434,0
1MI5_ABC_DE,KD98A,1.2319692373275757,0.07294629514217377,0
1MI5_ABC_DE,SE25A,0.03228163346648216,0.0594281330704689,0
1MI5_ABC_DE,GE26A,-0.2893606722354889,0.28700166940689087,0
1MI5_ABC_DE,VE28A,0.2930837571620941,0.8499594926834106,0
1MI5_ABC_DE,SE29A,1.0638965368270874,0.38342583179473877,0
1MI5_ABC_DE,QE48A,-0.0703735426068306,0.7099560499191284,0
1MI5_ABC_DE,NE49A,-0.43286994099617004,0.011328451335430145,0
1MI5_ABC_DE,EE50A,0.8189382553100586,0.3676912188529968,0
1MI5_ABC_DE,SE92A,0.3016909658908844,0.3321618437767029,0
1MI5_ABC_DE,SE93A,-0.6118989586830139,0.8793944120407104,0
1MI5_ABC_DE,LE94A,0.11586392670869827,0.5426239967346191,0
1MI5_ABC_DE,GE95A,1.2319692373275757,0.587186336517334,0
1MI5_ABC_DE,QE96A,1.2319692373275757,1.311365008354187,0
1MI5_ABC_DE,AE97G,1.2319692373275757,0.5217089653015137,0
1MI5_ABC_DE,YE98A,1.2319692373275757,0.3465667963027954,0
1MI5_ABC_DE,EE99A,0.11974887549877167,-0.09268507361412048,0
1MI5_ABC_DE,QE100A,1.2319692373275757,0.7132492065429688,0
1MI5_ABC_DE,YE101A,0.2604089677333832,0.39082252979278564,0
1B41_A_B,TB8V,1.1364256143569946,0.02309361845254898,0
1B41_A_B,TB9I,0.024689070880413055,-0.23328359425067902,0
1B41_A_B,TB9N,3.6109721660614014,0.7595096826553345,0
1B41_A_B,"TB8V,TB9I",0.39468640089035034,0.11688445508480072,0
1B41_A_B,"TB8V,TB9N",2.427799701690674,0.05128338932991028,0
1B41_A_B,RB11K,0.6251121759414673,0.12608502805233002,0
1B41_A_B,AB12S,0.70695960521698,-0.017377886921167374,0
1B41_A_B,RB27F,2.108170986175537,2.166677474975586,0
1B41_A_B,RB27M,1.4836316108703613,2.2339115142822266,0
1B41_A_B,RB27Y,2.396639108657837,1.6371203660964966,0
1B41_A_B,HB29K,-0.8879506587982178,-0.41054975986480713,0
1B41_A_B,HB29R,-0.4093972146511078,-0.974551796913147,0
1B41_A_B,KB32R,0.39144009351730347,1.2690978050231934,0
1B41_A_B,MB33F,0.7788600921630859,-0.09464183449745178,0
1B41_A_B,MB33L,1.811485767364502,0.27755820751190186,0
1B41_A_B,MB33Q,1.5959259271621704,0.9818445444107056,0
1B41_A_B,MB33Y,0.70695960521698,-0.6529904007911682,0
1B41_A_B,VB34T,1.2143783569335938,1.0611772537231445,0
1B41_A_B,LB35W,1.3045446872711182,0.3372577428817749,0
1B41_A_B,NB47F,-0.1417320966720581,0.25805240869522095,0
1B41_A_B,NB47W,0.03665820509195328,-0.19912566244602203,0
1B41_A_B,NB47R,-0.030388813465833664,-0.33016645908355713,0
1XGR_AB_C,IB33F,-1.8012609481811523,-1.9264793395996094,0
1XGR_AB_C,IB33L,0.06134288012981415,0.34173476696014404,0
1XGR_AB_C,IB33V,1.108123779296875,1.503566026687622,0
1XGR_AB_C,IB33A,2.261219024658203,2.4296436309814453,0
1XGT_AB_C,LB33F,-1.8626039028167725,-2.42909574508667,0
1XGT_AB_C,LB33I,-0.06134288012981415,0.18147258460521698,0
1XGT_AB_C,LB33V,1.0467808246612549,1.3397893905639648,0
1XGT_AB_C,LB33A,2.199876308441162,2.3658175468444824,0
4B0M_A_BM,AB127G,0.29772302508354187,-0.11376743763685226,0
4B0M_A_BM,PM98A,0.40573978424072266,0.058263927698135376,0
4B0M_A_BM,PM98S,0.7580751776695251,0.04258284717798233,0
4B0M_A_BM,PM99A,1.9157778024673462,0.43618154525756836,0
4B0M_A_BM,PM99S,1.9942853450775146,0.27003175020217896,0
4B0M_A_BM,"PM98S,PM99A",2.0725505352020264,0.48727869987487793,0
4B0M_A_BM,YM9G,0.6292684674263,1.0835310220718384,0
4B0M_A_BM,YM37A,1.652940034866333,0.5571582317352295,0
4B0M_A_BM,"YM9G,YM37A",2.2047524452209473,1.7611198425292969,0
4B0M_A_BM,LM40A,1.908984661102295,1.6531693935394287,0
4B0M_A_BM,MA8A,0.4299248456954956,1.895259141921997,0
4B0M_A_BM,"TA7G,MA8A",0.4416569471359253,1.949281930923462,0
1R0R_E_I,"KI8T,PI9E,AI10Y",-0.8727518916130066,-1.7523164749145508,0
1R0R_E_I,"KI8T,PI9E,AI10Y,LI13G,RI16M,GI27P,NI31V",2.416813850402832,3.452592372894287,0
1R0R_E_I,"KI8S,PI9D,AI10Y",-1.929858684539795,-1.101952314376831,0
1R0R_E_I,"KI8S,PI9D,AI10Y,LI13G,EI14I,RI16K",0.7984834909439087,3.821621894836426,0
3SGB_E_I,"KI7T,PI8E,AI9Y",-3.8578999042510986,-0.4286453127861023,0
3SGB_E_I,"KI7T,PI8E,AI9Y,LI12G,RI15M,GI26P,NI30V",1.8472059965133667,4.496279716491699,0
3SGB_E_I,"KI7S,PI8D,AI9Y",-4.137707710266113,0.12964440882205963,0
3SGB_E_I,"KI7S,PI8D,AI9Y,LI12G,EI13I,RI15K",0.09561484307050705,5.258824825286865,0
1MHP_HL_A,SL27Q,-0.5400962233543396,-0.09043002873659134,0
1MHP_HL_A,"TH50V,SL27Q,NL51Y",-1.0239880084991455,-0.24750669300556183,0
1MHP_HL_A,LL48K,0.924957275390625,0.00934138149023056,0
1MHP_HL_A,TH50V,-0.2633156180381775,0.37922102212905884,0
1MHP_HL_A,LH60D,-0.12269474565982819,-0.1812136471271515,0
1MHP_HL_A,KH64E,-0.1552988439798355,-0.10634133219718933,0
1MHP_HL_A,KH64Q,-0.1552988439798355,0.49153852462768555,0
1MHP_HL_A,KH64D,-0.12269474565982819,-0.3590857982635498,0
1MHP_HL_A,KH64N,-0.07257538288831711,0.4989944100379944,0
1MHP_HL_A,SL27Q,-0.6664110422134399,-0.09043002873659134,0
1MHP_HL_A,NL51Y,-0.10329601168632507,-0.49697333574295044,0
1MHP_HL_A,GH100M,0.10217975825071335,-0.028471089899539948,0
1MHP_HL_A,SL23R,-0.06708604842424393,0.07630942761898041,0
1MHP_HL_A,NL51E,-0.17744916677474976,0.3098244071006775,0
1MHP_HL_A,FH99W,0.0,-0.033373817801475525,0
1MHP_HL_A,GH100F,0.5740829110145569,-0.0029574185609817505,0
1MHP_HL_A,GH54Y,0.0,-1.2498221397399902,0
1MHP_HL_A,FH99W,0.0,-0.033373817801475525,0
1MHP_HL_A,"TH50V,KH64E",-0.36120107769966125,-0.23123213648796082,0
1MHP_HL_A,"LH60D,KH64Q",0.04300859197974205,0.2296358197927475,0
1MHP_HL_A,"LH60D,KH64E",-0.14186398684978485,0.06414578855037689,0
1MHP_HL_A,"TH50V,SL27Q,NL51Y",-1.20074462890625,-0.24750669300556183,0
1MHP_HL_A,"KH64E,SL27Q,NL51Y",-0.9535146951675415,-0.25257396697998047,0
1MHP_HL_A,"TH50V,KH64E,SL27Q,NL51E",-1.2678864002227783,0.19470874965190887,0
1MHP_HL_A,"TH50V,KH64E,SL27Q,NL51Y",-1.043681025505066,-0.23167593777179718,0
1MHP_HL_A,NL29V,1.0497993230819702,0.12491875886917114,0
1MHP_HL_A,HL30R,1.1243009567260742,0.49646639823913574,0
1MHP_HL_A,HL30K,1.164687991142273,0.6017343997955322,0
1MHP_HL_A,LL48K,0.7982158660888672,0.00934138149023056,0
1MHP_HL_A,NL51R,0.845219075679779,0.3553920388221741,0
1MHP_HL_A,NL51K,0.6578043699264526,0.07471071183681488,0
1MHP_HL_A,RH31Q,1.3079134225845337,0.7043821811676025,0
1MHP_HL_A,SH35Q,2.728342294692993,-0.00587289035320282,0
1MHP_HL_A,TH50V,0.0,0.37922102212905884,0
1MHP_HL_A,YH59E,0.5442506074905396,0.2902471423149109,0
1MHP_HL_A,LH60D,0.0,-0.1812136471271515,0
1MHP_HL_A,KH64E,0.0,-0.10634133219718933,0
1MHP_HL_A,KH64Q,0.0,0.49153852462768555,0
1MHP_HL_A,KH64D,-0.2203427106142044,-0.3590857982635498,0
1MHP_HL_A,KH64N,0.0,0.4989944100379944,0
1MHP_HL_A,SL27Q,-0.857230007648468,-0.09043002873659134,0
1MHP_HL_A,NL29Y,1.9084217548370361,-1.2568776607513428,0
1MHP_HL_A,NL29W,1.5733891725540161,-1.4392485618591309,0
1MHP_HL_A,NL51Y,0.0,-0.49697333574295044,0
1MHP_HL_A,SL90T,2.317685842514038,-0.21536700427532196,0
1MHP_HL_A,SL90R,2.728342294692993,-0.8579305410385132,0
1MHP_HL_A,GL91Q,1.5733891725540161,0.7499004602432251,0
1MHP_HL_A,GL91S,0.5128361582756042,0.06067077815532684,0
1MHP_HL_A,"SL90R,NL29E",2.728342294692993,-0.7309306859970093,0
1MHP_HL_A,SH52M,2.0767698287963867,0.0347219854593277,0
1MHP_HL_A,GH53S,0.6758959293365479,-0.016077738255262375,0
1MHP_HL_A,GH53A,0.5128361582756042,0.7795629501342773,0
1MHP_HL_A,GH54I,1.3641711473464966,-0.8294968605041504,0
1MHP_HL_A,GH54T,1.164687991142273,-0.42498892545700073,0
1MHP_HL_A,YH58Q,2.0767698287963867,1.367668628692627,0
1MHP_HL_A,YH58E,2.0767698287963867,0.9938979148864746,0
1MHP_HL_A,YH58W,0.8213128447532654,-0.6076138019561768,0
1MHP_HL_A,GH100M,0.10217975825071335,-0.028471089899539948,0
1MHP_HL_A,SL23R,-0.36377134919166565,0.07630942761898041,0
1MHP_HL_A,LL48F,0.7125986814498901,-0.6662063598632812,0
1MHP_HL_A,LL48W,1.9084217548370361,-1.2986366748809814,0
1MHP_HL_A,NL51D,0.5009867548942566,-0.23149560391902924,0
1MHP_HL_A,NL51E,0.0,0.3098244071006775,0
1MHP_HL_A,WL89Q,2.0767698287963867,0.18887905776500702,0
1MHP_HL_A,SL90Q,1.774827480316162,-0.0814482569694519,0
1MHP_HL_A,"WL89Q,FL32Y",0.8714090585708618,0.8870062828063965,0
1MHP_HL_A,TH33V,0.434562623500824,0.7085957527160645,0
1MHP_HL_A,TH33N,2.728342294692993,0.17377109825611115,0
1MHP_HL_A,SH35A,1.5733891725540161,0.844322681427002,0
1MHP_HL_A,FH99W,0.0,-0.033373817801475525,0
1MHP_HL_A,FH99Y,0.7550068497657776,-0.042061835527420044,0
1MHP_HL_A,GH100L,2.728342294692993,-0.055718109011650085,0
1MHP_HL_A,GH100F,0.20430143177509308,-0.0029574185609817505,0
1MHP_HL_A,GH100S,0.5579972267150879,0.6364830136299133,0
1MHP_HL_A,"TH50V,SH35V",2.728342294692993,1.1476670503616333,0
1MHP_HL_A,"TH50V,SH35A",2.0767698287963867,0.7665640115737915,0
1MHP_HL_A,"SH35A,GH102S",1.5733891725540161,0.5926623344421387,0
1MHP_HL_A,"SH35V,GH102S",1.4263132810592651,0.22527538239955902,0
1MHP_HL_A,"TH50V,GH102S",1.6682031154632568,0.9357929229736328,0
1MHP_HL_A,HL30W,1.2558754682540894,-1.0882729291915894,0
1MHP_HL_A,"NL29Y,SL90I",0.434562623500824,-1.5326619148254395,0
1MHP_HL_A,GH53N,1.2558754682540894,0.20409981906414032,0
1MHP_HL_A,GH54Y,0.0,-1.2498221397399902,0
1MHP_HL_A,FH99W,0.0,-0.033373817801475525,0
1MHP_HL_A,FH99Y,0.7550068497657776,-0.042061835527420044,0
1MHP_HL_A,"TH33E,GH53Q",1.6682031154632568,-0.18261213600635529,0
1MHP_HL_A,"TH33I,SH52T,GH53N,GH54N",1.9084217548370361,0.4457547664642334,0
1MHP_HL_A,"TH33I,SH52T,GH53Q,GH54F",1.2558754682540894,-0.16744284331798553,0
1MHP_HL_A,"TH50V,SL27Q",-0.6949949264526367,0.1905948668718338,0
1MHP_HL_A,"TH50V,KH64E",0.0,-0.23123213648796082,0
1MHP_HL_A,"KH64E,SL27Q",-0.857230007648468,0.057147860527038574,0
1MHP_HL_A,"TH50V,SL27Q,NL51Y",-0.9535146951675415,-0.24750669300556183,0
1MHP_HL_A,"KH64E,SL27Q,NL51Y",-1.0857164859771729,-0.25257396697998047,0
1MHP_HL_A,"TH50V,KH64E,SL27Q,NL51Y",-1.126280426979065,-0.23167593777179718,0
2B2X_HL_A,"VH50T,EH64K,QL28S,YL52N",1.043681025505066,0.5937678217887878,0
2B2X_HL_A,"VH50T,EH64K,QL28S,YL52N,LL49K",1.968638300895691,0.6266330480575562,0
2B2X_HL_A,"EH64K,QL28S,YL52N",0.7803654074668884,0.25915074348449707,0
2B2X_HL_A,"VH50T,EH64K,QL28S,YL52N,LH60D",0.9209862947463989,0.522280752658844,0
2B2X_HL_A,"VH50T,QL28S,YL52N",0.8883821964263916,0.34476953744888306,0
2B2X_HL_A,"VH50T,EH64Q,QL28S,YL52N",0.8883821964263916,0.9913264513015747,0
2B2X_HL_A,"VH50T,EH64D,QL28S,YL52N",0.9209862947463989,0.44446253776550293,0
2B2X_HL_A,"VH50T,EH64N,QL28S,YL52N",0.9711056351661682,1.0614562034606934,0
2B2X_HL_A,"VH50T,EH64K,YL52N",0.37727001309394836,1.0587232112884521,0
2B2X_HL_A,"VH50T,EH64K,QL28S",0.9403850436210632,0.5248887538909912,0
2B2X_HL_A,"VH50T,EH64K,QL28S,YL52N,GH100M",1.1458607912063599,0.3180161118507385,0
2B2X_HL_A,"VH50T,EH64K,QL28S,YL52N,SL24R",0.9765949845314026,0.26782113313674927,0
2B2X_HL_A,"VH50T,EH64K,QL28S,YL52E",0.8662318587303162,0.5155935883522034,0
2B2X_HL_A,"VH50T,EH64K,QL28S,YL52N,FH99W",1.043681025505066,0.6810184717178345,0
2B2X_HL_A,"VH50T,EH64K,QL28S,YL52N,GH100F",1.617763876914978,0.3772484064102173,0
2B2X_HL_A,"VH50T,EH64K,QL28S,YL52N,GH54Y",1.043681025505066,0.13472814857959747,0
2B2X_HL_A,"VH50T,EH64K,QL28S,YL52N,FH99W",1.043681025505066,0.6810184717178345,0
2B2X_HL_A,"QL28S,YL52N",0.682479977607727,0.5794436931610107,0
2B2X_HL_A,"VH50T,EH64Q,QL28S,YL52N,LH60D",1.0866895914077759,0.9483842849731445,0
2B2X_HL_A,"VH50T,QL28S,YL52N,LH60D",0.9018170237541199,0.9371201992034912,0
2B2X_HL_A,EH64K,-0.15706361830234528,-0.16655559837818146,0
2B2X_HL_A,VH50T,0.09016634523868561,0.21812079846858978,0
2B2X_HL_A,YL52E,-0.22420541942119598,0.6465749740600586,0
2B2X_HL_A,"VH50T,EH64K,QL28S,YL52N,NL30V",2.093480348587036,0.8260810375213623,0
2B2X_HL_A,"VH50T,EH64K,QL28S,YL52N,HL31R",2.1679818630218506,0.9641809463500977,0
2B2X_HL_A,"VH50T,EH64K,QL28S,YL52N,HL31K",2.208369016647339,1.048970341682434,0
2B2X_HL_A,"VH50T,EH64K,QL28S,YL52N,LL49K",1.841896891593933,0.6266330480575562,0
2B2X_HL_A,"VH50T,EH64K,QL28S,YL52R",1.8889000415802002,0.4680410623550415,0
2B2X_HL_A,"VH50T,EH64K,QL28S,YL52K",1.7014853954315186,0.3976125121116638,0
2B2X_HL_A,"VH50T,EH64K,QL28S,YL52N,RH31Q",2.3515944480895996,1.4529063701629639,0
2B2X_HL_A,"VH50T,EH64K,QL28S,YL52N,SH35Q",3.7720232009887695,-0.18556047976016998,0
2B2X_HL_A,"EH64K,QL28S,YL52N",1.043681025505066,0.25915074348449707,0
2B2X_HL_A,"VH50T,EH64K,QL28S,YL52N,YH59E",1.5879316329956055,1.2089719772338867,0
2B2X_HL_A,"VH50T,EH64K,QL28S,YL52N,LH60D",1.043681025505066,0.522280752658844,0
2B2X_HL_A,"VH50T,QL28S,YL52N",1.043681025505066,0.34476953744888306,0
2B2X_HL_A,"VH50T,EH64Q,QL28S,YL52N",1.043681025505066,0.9913264513015747,0
2B2X_HL_A,"VH50T,EH64D,QL28S,YL52N",0.8233383297920227,0.44446253776550293,0
2B2X_HL_A,"VH50T,EH64N,QL28S,YL52N",1.043681025505066,1.0614562034606934,0
2B2X_HL_A,"VH50T,EH64K,YL52N",0.1864510029554367,1.0587232112884521,0
2B2X_HL_A,"VH50T,EH64K,QL28S,YL52N,NL30Y",2.9521026611328125,-0.32425808906555176,0
2B2X_HL_A,"VH50T,EH64K,QL28S,YL52N,NL30W",2.617070198059082,-0.29598188400268555,0
2B2X_HL_A,"VH50T,EH64K,QL28S",1.043681025505066,0.5248887538909912,0
2B2X_HL_A,"VH50T,EH64K,QL28S,YL52N,SL91T",3.3613667488098145,0.21726273000240326,0
2B2X_HL_A,"VH50T,EH64K,QL28S,YL52N,SL91R",3.7720232009887695,0.01728714257478714,0
2B2X_HL_A,"VH50T,EH64K,QL28S,YL52N,GL92Q",2.617070198059082,0.6453486680984497,0
2B2X_HL_A,"VH50T,EH64K,QL28S,YL52N,GL92S",1.556517243385315,0.3019753694534302,0
2B2X_HL_A,"VH50T,EH64K,QL28S,YL52N,SL91R,NL30E",3.7720232009887695,-0.36155974864959717,0
2B2X_HL_A,"VH50T,EH64K,QL28S,YL52N,SH52M",3.120450735092163,1.1597273349761963,0
2B2X_HL_A,"VH50T,EH64K,QL28S,YL52N,GH53S",1.7195769548416138,1.193007230758667,0
2B2X_HL_A,"VH50T,EH64K,QL28S,YL52N,GH53A",1.556517243385315,1.5059911012649536,0
2B2X_HL_A,"VH50T,EH64K,QL28S,YL52N,GH54I",2.4078521728515625,0.7318748235702515,0
2B2X_HL_A,"VH50T,EH64K,QL28S,YL52N,GH54T",2.208369016647339,0.6977202892303467,0
2B2X_HL_A,"VH50T,EH64K,QL28S,YL52N,YH58Q",3.120450735092163,1.5394225120544434,0
2B2X_HL_A,"VH50T,EH64K,QL28S,YL52N,YH58E",3.120450735092163,1.0479681491851807,0
2B2X_HL_A,"VH50T,EH64K,QL28S,YL52N,YH58W",1.864993929862976,-0.1417374610900879,0
2B2X_HL_A,"VH50T,EH64K,QL28S,YL52N,GH100M",1.1458607912063599,0.3180161118507385,0
2B2X_HL_A,"VH50T,EH64K,QL28S,YL52N,SL24R",0.6799096465110779,0.26782113313674927,0
2B2X_HL_A,"VH50T,EH64K,QL28S,YL52N,LL49F",1.756279706954956,0.7477434873580933,0
2B2X_HL_A,"VH50T,EH64K,QL28S,YL52N,LL49W",2.9521026611328125,0.3423343896865845,0
2B2X_HL_A,"VH50T,EH64K,QL28S,YL52D",1.5446677207946777,0.730229377746582,0
2B2X_HL_A,"VH50T,EH64K,QL28S,YL52E",1.043681025505066,0.5155935883522034,0
2B2X_HL_A,"VH50T,EH64K,QL28S,YL52N,WL90Q",3.120450735092163,1.1232314109802246,0
2B2X_HL_A,"VH50T,EH64K,QL28S,YL52N,SL91Q",2.8185086250305176,0.14579832553863525,0
2B2X_HL_A,"VH50T,EH64K,QL28S,YL52N,WL90Q,FL33Y",1.9150900840759277,0.37026822566986084,0
2B2X_HL_A,"VH50T,EH64K,QL28S,YL52N,TH33V",1.4782437086105347,1.2830162048339844,0
2B2X_HL_A,"VH50T,EH64K,QL28S,YL52N,TH33N",3.7720232009887695,0.8613787889480591,0
2B2X_HL_A,"VH50T,EH64K,QL28S,YL52N,SH35A",2.617070198059082,1.0689382553100586,0
2B2X_HL_A,"VH50T,EH64K,QL28S,YL52N,FH99W",1.043681025505066,0.6810184717178345,0
2B2X_HL_A,"VH50T,EH64K,QL28S,YL52N,FH99Y",1.7986879348754883,0.45993971824645996,0
2B2X_HL_A,"VH50T,EH64K,QL28S,YL52N,GH100L",3.7720232009887695,0.4896182417869568,0
2B2X_HL_A,"VH50T,EH64K,QL28S,YL52N,GH100F",1.2479825019836426,0.3772484064102173,0
2B2X_HL_A,"VH50T,EH64K,QL28S,YL52N,GH100S",1.6016782522201538,0.706209123134613,0
2B2X_HL_A,"EH64K,QL28S,YL52N,SH35V",3.7720232009887695,0.8527712821960449,0
2B2X_HL_A,"EH64K,QL28S,YL52N,SH35A",3.120450735092163,1.0043222904205322,0
2B2X_HL_A,"VH50T,EH64K,QL28S,YL52N,SH35A,GH102S",2.617070198059082,0.7749277949333191,0
2B2X_HL_A,"VH50T,EH64K,QL28S,YL52N,SH35V,GH102S",2.469994306564331,0.3116168975830078,0
2B2X_HL_A,"EH64K,QL28S,YL52N,GH102S",2.7118842601776123,0.14993050694465637,0
2B2X_HL_A,"VH50T,EH64K,QL28S,YL52N,HL31W",2.2995564937591553,-0.9837439060211182,0
2B2X_HL_A,"VH50T,EH64K,QL28S,YL52N,NL30Y,SL91I",1.4782437086105347,-1.5851629972457886,0
2B2X_HL_A,"VH50T,EH64K,QL28S,YL52N,GH53N",2.2995564937591553,1.4031085968017578,0
2B2X_HL_A,"VH50T,EH64K,QL28S,YL52N,GH54Y",1.043681025505066,0.13472814857959747,0
2B2X_HL_A,"VH50T,EH64K,QL28S,YL52N,FH99W",1.043681025505066,0.6810184717178345,0
2B2X_HL_A,"VH50T,EH64K,QL28S,YL52N,FH99Y",1.7986879348754883,0.45993971824645996,0
2B2X_HL_A,"VH50T,EH64K,QL28S,YL52N,TH33E,GH53Q",2.7118842601776123,0.36347270011901855,0
2B2X_HL_A,"VH50T,EH64K,QL28S,YL52N,TH33I,SH52T,GH53N,GH54N",2.9521026611328125,0.4411516785621643,0
2B2X_HL_A,"VH50T,EH64K,QL28S,YL52N,TH33I,SH52T,GH53Q,GH54F",2.2995564937591553,-0.5795884728431702,0
2B2X_HL_A,"EH64K,YL52N",0.3486860692501068,0.09285636246204376,0
2B2X_HL_A,"QL28S,YL52N",1.043681025505066,0.5794436931610107,0
2B2X_HL_A,"VH50T,YL52N",0.1864510029554367,1.2352927923202515,0
2B2X_HL_A,EH64K,0.09016634523868561,-0.16655559837818146,0
2B2X_HL_A,VH50T,-0.04203549772500992,0.21812079846858978,0
3BE1_HL_A,"DL28N,PL30A,RL31K,SL32T,YL57F,TL97S,TL98S",-0.8687343001365662,-0.10251856595277786,0
3BE1_HL_A,"DL28N,PL30A,RL31K,SL32T,YL57F,TL97S,TL98S,KH30S,DH31G,TH54S,NH55E,GH100V,DH102V",-2.8837804794311523,-0.3500540256500244,0
3BE1_HL_A,"DL28N,PL30A,RL31K,SL32T,TL97S,TL98S",-0.6750600934028625,-0.0792233794927597,0
3BE1_HL_A,"DL28N,PL30A,RL31K,SL32T,TL97S,TL98S,KH30S,DH31G,TH54S,NH55E,GH100V,DH102V",-2.728342294692993,-0.015696223825216293,0
3BE1_HL_A,"DL28N,PL30A,RL31K,SL32T,TL97S,TL98S,KH30S,DH31G,TH54S,NH55E,GH100V,DH102V,YL36A",-3.1389987468719482,1.307964563369751,0
3BE1_HL_A,"DL28N,PL30A,RL31K,SL32T,TL97S,TL98S,KH30S,DH31G,TH54S,NH55E,GH100V,DH102V,YL36A,IL33A",-2.728342294692993,1.4420853853225708,0
3SE4_B_C,TC36A,1.3641711473464966,0.7333752512931824,0
3SE4_B_C,MC38A,1.6662180423736572,0.8026453256607056,0
3SE4_B_C,MC38V,1.165419578552246,1.0119690895080566,0
3SE4_B_C,SC39A,0.21190492808818817,-0.001757986843585968,0
3SE4_B_C,HC68A,-0.6102371215820312,0.6771685481071472,0
3SE4_B_C,EC69A,1.3641711473464966,1.302666425704956,0
3SE4_B_C,VC72A,1.165419578552246,0.14565248787403107,0
3SE4_B_C,IC95A,1.2093250751495361,0.9873638153076172,0
3SE4_B_C,HC172A,-0.4106564223766327,0.7879830598831177,0
3SE4_B_A,YA55A,1.3641711473464966,1.3017358779907227,0
3SE4_B_A,LA116A,0.13220183551311493,0.3284341096878052,0
3SE4_B_A,DA117A,0.13220183551311493,0.9404191970825195,0
3SE4_B_A,SA120A,0.0,0.6412631273269653,0
3SE4_B_A,NA140T,0.4106564223766327,-0.028842171654105186,0
3SE4_B_A,YA148A,-0.27845457196235657,0.3370129466056824,0
3SE4_B_A,TA166A,-0.5428582429885864,0.49240851402282715,0
3SE4_B_A,FA223A,1.3641711473464966,0.8121263980865479,0
3SE4_B_A,RA226A,0.30293580889701843,1.0644856691360474,0
3SE4_B_A,NA227A,0.0,-0.13282504677772522,0
3SE4_B_A,NA230A,0.30293580889701843,-0.11390731483697891,0
3SE4_B_A,FA273A,0.21086826920509338,-0.03572052717208862,0
3SE4_B_C,PB27A,-0.17043781280517578,0.6282160878181458,0
3SE4_B_C,PB27L,0.9243718385696411,-0.06413999199867249,0
3SE4_B_C,LB31A,2.728342294692993,0.8959724307060242,0
3SE4_B_C,MB130A,0.5728914737701416,0.5284538269042969,0
3SE4_B_C,KB134A,1.774827480316162,1.4396991729736328,0
3SE4_B_C,KB134R,-0.9746220707893372,-1.04660964012146,0
3SE4_B_A,PB27A,0.04969575256109238,0.6282160878181458,0
3SE4_B_A,PB27L,0.10305897891521454,-0.06413999199867249,0
3SE4_B_A,LB31A,-0.011969134211540222,0.8959724307060242,0
3SE4_B_A,MB130A,0.024658843874931335,0.5284538269042969,0
3SE4_B_A,KB134A,-0.03508462756872177,1.4396991729736328,0
3SE4_B_A,KB134R,0.13926894962787628,-1.04660964012146,0
3SE4_B_C,EC69A,1.4014806747436523,1.302666425704956,0
3SE4_B_C,KB134A,1.8023210763931274,1.4396991729736328,0
3SE4_B_C,"KB134A,EC69A",1.9022706747055054,2.9439172744750977,0
3SE4_B_C,KB134R,-0.8983960151672363,-1.04660964012146,0
3SE4_B_C,"KB134R,EC69A",1.4014806747436523,1.4819587469100952,0
2BDN_HL_A,LH27R,0.6508750319480896,-0.47788310050964355,0
2BDN_HL_A,LH27K,0.8744037747383118,-0.15466433763504028,0
2BDN_HL_A,NH28D,0.13220183551311493,0.019981354475021362,0
2BDN_HL_A,NH28Q,1.4000883102416992,0.44426608085632324,0
2BDN_HL_A,DH31E,1.0857164859771729,1.135007619857788,0
2BDN_HL_A,YL30K,0.6750600934028625,1.1222114562988281,0
2BDN_HL_A,NL31R,-0.9175975322723389,-0.2609153389930725,0
2BDN_HL_A,NL31K,3.4913339614868164,-0.40409165620803833,0
2BDN_HL_A,SL53D,-0.160644993185997,0.0077484846115112305,0
2BDN_HL_A,SL53E,-0.8517016768455505,-0.17794175446033478,0
2BDN_HL_A,TL56D,-0.4256560206413269,0.012527182698249817,0
2BDN_HL_A,TL56E,-0.6891109943389893,0.6743046045303345,0
2DVW_A_B,RB7A,0.6936055421829224,0.8962695002555847,0
2DVW_A_B,"RB3A,RB7A",2.1533782482147217,1.5976049900054932,0
2DVW_A_B,"RB3A,RB4A,RB7A",2.790146827697754,1.4426766633987427,0
2DVW_A_B,"EB21A,EB22A",0.038346003741025925,1.9868898391723633,0
2DVW_A_B,KB62E,0.20547401905059814,0.14023251831531525,0
2DVW_A_B,RA39A,0.9106241464614868,3.0594661235809326,0
2DVW_A_B,KA114A,0.03420586138963699,0.7535041570663452,0
2DVW_A_B,"DA37A,DA69A",0.19162222743034363,0.9803166389465332,0
2DVW_A_B,"RA39A,KA114A",2.3625965118408203,3.8038735389709473,0
2DVW_A_B,EA180A,0.43817728757858276,0.6952549815177917,0
2DSQ_I_G,RI20A,0.06113170459866524,0.2599460482597351,0
2DSQ_I_G,RI35A,0.6104087829589844,-0.14994770288467407,0
2DSQ_I_G,RI40A,-0.08776002377271652,-0.09159460663795471,0
2DSQ_I_G,RI41A,0.08886856585741043,0.365023136138916,0
4BFI_A_B,LB29K,2.077467203140259,0.2813052535057068,0
4BFI_A_B,NB43D,2.728342294692993,-0.5439798831939697,0
4BFI_A_B,NB43A,2.317685842514038,0.44702816009521484,0
4BFI_A_B,LB91A,1.3072104454040527,0.24130217730998993,0
4BFI_A_B,NB93K,2.728342294692993,0.48457950353622437,0
4BFI_A_B,FB95D,2.728342294692993,0.2741294503211975,0
4BFI_A_B,FB95A,2.077467203140259,1.7117335796356201,0
4BFI_A_B,KB99E,2.317685842514038,0.8463937044143677,0
4BFI_A_B,QB6K,-0.011969134211540222,-0.0432104766368866,0
4BFI_A_B,SB17D,0.030783649533987045,0.00031983107328414917,0
4BFI_A_B,QB26K,-0.21983741223812103,-0.05244923010468483,0
4JEU_A_B,RA169A,-0.4106564223766327,0.7511320114135742,0
4JEU_A_B,RA37C,0.9096092581748962,0.5707733035087585,0
4JEU_A_B,"LB147A,EB148A",1.1937333345413208,0.4944549798965454,0
4JEU_A_B,"LB147A,EB148A",1.009981393814087,0.4944549798965454,0
4JEU_A_B,IB215A,3.24170184135437,1.2989201545715332,0
4JEU_A_B,RB3A,1.128169298171997,0.39683401584625244,0
4JEU_A_B,TB4A,0.1809239685535431,1.4781209230422974,0
4JEU_A_B,LB7A,1.1089528799057007,0.5153588652610779,0
4LRX_AB_CD,HA56N,0.32587605714797974,0.19030889868736267,0
3U82_A_B,IB45A,2.5961403846740723,2.202789783477783,0
3U82_A_B,"TB28A,QB29A,EB90A,NB98A",-1.0106927156448364,-0.1540282517671585,0
4P23_CD_AB,KC40A,1.1937333345413208,1.2525103092193604,0
4P23_CD_AB,DC56A,0.9917506575584412,0.49849748611450195,0
4P23_CD_AB,QC58A,0.9729411005973816,0.2738826870918274,0
4P23_CD_AB,LC61A,0.9535146951675415,1.0911376476287842,0
4P23_CD_AB,QC62A,1.910965919494629,0.7694256901741028,0
4P23_CD_AB,NC63A,1.5119646787643433,1.5153285264968872,0
4P23_CD_AB,VC66A,1.1667990684509277,1.1432180404663086,0
4P23_CD_AB,KC68A,0.6829072833061218,0.6425333619117737,0
4P23_CD_AB,HC69A,0.6170114278793335,0.8026965856552124,0
4P23_CD_AB,VC73A,0.0,-0.05981839820742607,0
4P23_CD_AB,KC76A,0.17043781280517578,0.1627165526151657,0
4P23_CD_AB,FD1A,0.0,0.04480189085006714,0
4P23_CD_AB,ED2A,1.1667990684509277,0.2514095902442932,0
4P23_CD_AB,QD4A,0.6829072833061218,1.3051486015319824,0
4P23_CD_AB,KD5A,2.2306222915649414,1.5620710849761963,0
4P23_CD_AB,KD7A,2.5683443546295166,1.3814060688018799,0
4P23_CD_AB,ND9A,0.0,0.06438056379556656,0
4P23_CD_AB,KD10A,0.09132687747478485,0.5549415349960327,0
4P23_CD_AB,VD12A,0.0,-0.05804929882287979,0
4P23_CD_AB,DD13A,0.17043781280517578,0.1317390501499176,0
4P23_CD_AB,ED68A,0.09132687747478485,0.04329225420951843,0
4P23_CD_AB,YD69A,0.2402186095714569,0.2057754248380661,0
4P23_CD_AB,SD72A,0.0,0.055388182401657104,0
4P23_CD_AB,QD73A,0.17043781280517578,-0.0877935141324997,0
4P23_CD_AB,PD74A,0.09132687747478485,-0.09279150515794754,0
4P23_CD_AB,ED75A,0.17043781280517578,0.8268688917160034,0
4P23_CD_AB,ID76A,0.17043781280517578,0.1459420770406723,0
4P23_CD_AB,ED78A,0.17043781280517578,0.2589195966720581,0
4P23_CD_AB,RD79A,2.0715129375457764,1.7517881393432617,0
4P23_CD_AB,RD81A,0.09132687747478485,0.044500045478343964,0
4P23_CD_AB,DD85A,0.09132687747478485,0.21485112607479095,0
4P23_CD_AB,TD86A,0.0,0.5282732248306274,0
4P23_CD_AB,RD89A,0.09132687747478485,0.11275601387023926,0
4P23_CD_AB,HD90A,0.17043781280517578,0.5211132168769836,0
4P23_CD_AB,ED93A,0.09132687747478485,0.020526476204395294,0
5CYK_A_B,EB52R,-2.6803719997406006,-1.1094326972961426,0
5CYK_A_B,"EB52R,EB47D",-2.3153111934661865,0.13156193494796753,0
5CYK_A_B,"EB52R,TB50Q",-2.617950916290283,-0.34587371349334717,0
5CYK_A_B,EB52A,-2.1159675121307373,-1.1812833547592163,0
5CYK_A_B,"EB52R,VB54W",-2.1159675121307373,-1.9249927997589111,0
1C1Y_A_B,KA31E,-1.774827480316162,-0.22838301956653595,0
1C1Y_A_B,"KA31E,EA30D",-2.0150461196899414,-1.0807939767837524,0
1C1Y_A_B,KB11M,0.7132960557937622,0.6812020540237427,0
1C1Y_A_B,NB10A,0.5019832849502563,0.11242793500423431,0
1C1Y_A_B,NB10D,1.4762879610061646,1.4174171686172485,0
1C1Y_A_B,VB15A,1.1239525079727173,0.6241053342819214,0
1C1Y_A_B,KB11A,1.1089528799057007,0.044280052185058594,0
1C1Y_A_B,KB11E,0.8910936117172241,1.227440595626831,0
1C1Y_A_B,TB14A,1.4554979801177979,1.16013503074646,0
1C1Y_A_B,RB13A,1.4554979801177979,1.404266119003296,0
1C1Y_A_B,RB5A,1.907029390335083,1.3632349967956543,0
1C1Y_A_B,QB12A,1.5808899402618408,0.9260877370834351,0
1C1Y_A_B,"RB5A,NB10D",2.7525272369384766,2.474367380142212,0
1C1Y_A_B,KB30A,1.312620997428894,1.4624476432800293,0
1C1Y_A_B,KB30E,2.232905387878418,4.027623176574707,0
1C1Y_A_B,"KB30A,RB35G",2.6203253269195557,4.685110092163086,0
1C1Y_A_B,RB35L,2.6203253269195557,4.8417487144470215,0
1C1Y_A_B,DA38A,2.6203253269195557,2.6167311668395996,0
3EQS_A_B,TB1A,0.39184683561325073,0.44080567359924316,0
3EQS_A_B,SB2A,1.2635140419006348,0.5428364276885986,0
3EQS_A_B,FB3A,5.558497428894043,5.475859642028809,0
3EQS_A_B,EB5A,1.1146223545074463,1.1370913982391357,0
3EQS_A_B,YB6A,3.110555410385132,2.47975492477417,0
3EQS_A_B,WB7A,6.410199165344238,6.0487775802612305,0
3EQS_A_B,NB8A,-1.111736536026001,-0.18038271367549896,0
3EQS_A_B,LB9A,-0.17043781280517578,-0.12492865324020386,0
3EQS_A_B,LB10A,3.3343615531921387,2.2644567489624023,0
3EQS_A_B,SB11A,0.11720225214958191,0.16030901670455933,0
3LNZ_A_B,AB8N,1.111736536026001,0.33922505378723145,0
1OHZ_A_B,"SB11A,TB12A",0.07970309257507324,0.08577798306941986,0
1OHZ_A_B,"SB45A,TB46A",0.07970309257507324,0.7358770370483398,0
1OHZ_A_B,"SB11A,TB12A,SB45A,TB46A",0.0,0.4297798275947571,0
1OHZ_A_B,"SB11Q,SB45Q",2.185483932495117,0.20505370199680328,0
1OHZ_A_B,"SB11L,TB12L,SB45Q",3.0067968368530273,0.17098060250282288,0
5XCO_A_B,DA13C,0.8112425804138184,0.7693655490875244,0
5XCO_A_B,DA13G,1.1104871034622192,0.6082656383514404,0
5XCO_A_B,PB6A,1.0790220499038696,1.1954574584960938,0
5XCO_A_B,LB7A,2.74798321723938,0.6106377840042114,0
5XCO_A_B,YB8A,1.3641711473464966,0.9984041452407837,0
5XCO_A_B,IB9A,2.7973828315734863,0.5223622918128967,0
5XCO_A_B,SB10A,1.2860103845596313,-0.06057063862681389,0
5XCO_A_B,YB11A,1.9003349542617798,0.18642805516719818,0
5XCO_A_B,DB12A,2.7973828315734863,0.704763650894165,0
5XCO_A_B,PB13A,0.6351353526115417,-0.015514805912971497,0
5XCO_A_B,VB14A,0.0,-0.10233739763498306,0
5XCO_A_B,"DA13C,PB6A",2.4099628925323486,2.25234317779541,0
5XCO_A_B,"DA13C,LB7A",2.7973828315734863,1.7291438579559326,0
5XCO_A_B,"DA13C,YB8A",2.618992567062378,2.110727310180664,0
5XCO_A_B,"DA13C,IB9A",2.7973828315734863,1.4505360126495361,0
5XCO_A_B,"DA13C,SB10A",2.4643545150756836,1.19269597530365,0
5XCO_A_B,"DA13C,YB11A",2.7973828315734863,1.396113634109497,0
5XCO_A_B,"DA13C,DB12A",2.7973828315734863,1.269423484802246,0
5XCO_A_B,"DA13C,PB13A",1.7475835084915161,1.0131678581237793,0
5XCO_A_B,"DA13C,VB14A",0.8599647283554077,0.8569856286048889,0
5XCO_A_B,"DA13G,PB6A",2.4538683891296387,2.230290651321411,0
5XCO_A_B,"DA13G,LB7A",2.7973828315734863,1.6022448539733887,0
5XCO_A_B,"DA13G,YB8A",2.7415082454681396,1.9909563064575195,0
5XCO_A_B,"DA13G,IB9A",2.7973828315734863,1.1530687808990479,0
5XCO_A_B,"DA13G,SB10A",2.791428565979004,0.9497525691986084,0
5XCO_A_B,"DA13G,YB11A",2.7973828315734863,1.1080710887908936,0
5XCO_A_B,"DA13G,DB12A",2.7973828315734863,1.1327896118164062,0
5XCO_A_B,"DA13G,PB13A",2.1223227977752686,0.8251835703849792,0
5XCO_A_B,"DA13G,VB14A",1.3228204250335693,0.5964587926864624,0
5UFE_A_B,GA12D,-1.2214624881744385,-0.10317601263523102,0
5UFE_A_B,GA12D,-1.3788002729415894,-0.10317601263523102,0
5UFE_A_B,GA12C,-0.3963797688484192,0.004559554159641266,0
5UFE_A_B,GA12V,-0.7279252409934998,0.10110945999622345,0
5UFQ_A_C,DA12G,1.2214624881744385,-0.0010952204465866089,0
5UFQ_A_C,DA12G,1.3788002729415894,-0.0010952204465866089,0
5UFQ_A_C,DA12C,0.9824205040931702,0.25588488578796387,0
5UFQ_A_C,DA12V,0.6508750319480896,0.10126112401485443,0
5UFE_A_B,QB25R,0.29242265224456787,0.12960092723369598,0
5UFE_A_B,"QB25R,EB33G,DB34G",0.09752010554075241,-0.00020101666450500488,0
5UFE_A_B,"GA12D,QB25R",-0.9751043915748596,-0.3413114547729492,0
5UFE_A_B,GA12D,-1.2214624881744385,-0.10317601263523102,0
5UFE_A_B,"GA12D,QB25R,EB33G,DB34G",-0.9225372672080994,0.022258445620536804,0
5UFQ_A_C,"DA12G,QC25R,KC55G",1.5138851404190063,-0.2152291238307953,0
5UFQ_A_C,DA12G,1.2214624881744385,-0.0010952204465866089,0
5UFQ_A_C,"QC25R,KC55G",0.24635806679725647,0.05146974325180054,0
2WPT_A_B,DA30A,-1.420204520225525,0.28425008058547974,0
2WPT_A_B,FB79A,2.6683247089385986,3.245849370956421,0
2WPT_A_B,"DA30A,FB79A",-0.16468581557273865,4.101687908172607,0
2WPT_A_B,NA31A,-0.13855770230293274,0.8646467924118042,0
2WPT_A_B,SB77A,-0.08617144078016281,-0.18087869882583618,0
2WPT_A_B,"SB77A,NA31A",-0.43725475668907166,0.6011810302734375,0
1SBN_E_I,RI38K,-0.30999940633773804,-0.3318383991718292,1
1TM1_E_I,YI42A,2.1795296669006348,2.8640880584716797,1
1TM1_E_I,YI42G,4.680967330932617,3.9849464893341064,1
1TM1_E_I,RI46A,3.079859972000122,3.983140707015991,1
1TM1_E_I,RI48A,2.923438787460327,3.5089221000671387,1
1TM1_E_I,RI48C,3.2358014583587646,2.7220458984375,1
1TM1_E_I,"RI48A,RI46A",5.0519232749938965,4.917843818664551,1
1TM1_E_I,TI39D,2.099073648452759,2.603076934814453,1
1TM1_E_I,TI39A,2.5723960399627686,1.7895582914352417,1
1TM1_E_I,EI41A,2.9246554374694824,2.9930765628814697,1
1TM1_E_I,"TI39A,EI41A",3.3903958797454834,2.5555622577667236,1
1TM1_E_I,"TI39D,EI41A",0.7541710138320923,4.108033657073975,1
1TM1_E_I,VI51A,0.0248617734760046,0.31692954897880554,1
1Y1K_E_I,AI39T,-2.728342294692993,-1.426155686378479,1
1Y3B_E_I,SI41E,-2.7477686405181885,-2.5443618297576904,1
1TM1_E_I,TI39A,2.728342294692993,1.7895582914352417,1
1TM1_E_I,TI39P,3.756010055541992,4.376276016235352,1
1TM1_E_I,EI41A,3.054218292236328,2.9930765628814697,1
1TM1_E_I,EI41S,2.7477686405181885,2.2503926753997803,1
1TM1_E_I,"EI41S,MI40R",3.549654960632324,4.547455310821533,1
1TM1_E_I,RI43A,1.2561542987823486,1.479836344718933,1
1TM1_E_I,RI46A,3.756010055541992,3.983140707015991,1
1TM1_E_I,RI48A,3.098123788833618,3.5089221000671387,1
1TM7_E_I,YI40M,-0.05646670609712601,-0.5622044801712036,1
1TM1_E_I,MI40G,2.232905387878418,2.6589224338531494,1
1TM1_E_I,MI40A,1.0276678800582886,1.4450267553329468,1
1TM1_E_I,MI40K,1.0935636758804321,1.6797131299972534,1
1TM1_E_I,MI40Y,0.05646670609712601,0.5192986130714417,1
1TM1_E_I,MI40F,1.0276678800582886,0.9194080233573914,1
1TM1_E_I,YI42A,2.9815821647644043,2.8640880584716797,1
1AK4_A_D,PD85A,1.0857164859771729,0.02617475762963295,1
1AK4_A_D,VD86A,0.9917506575584412,1.218953013420105,1
1AK4_A_D,HD87A,1.009981393814087,0.21870571374893188,1
1AK4_A_D,HD87Q,0.9729411005973816,-0.3352157771587372,1
1AK4_A_D,HD87R,1.6457033157348633,-0.5679455399513245,1
1AK4_A_D,AD88V,0.7697627544403076,-0.7042320370674133,1
1AK4_A_D,AD88G,2.6548469066619873,1.0390464067459106,1
1AK4_A_D,GD89A,2.077467203140259,0.3099393844604492,1
1AK4_A_D,GD89V,3.0309817790985107,-0.9585571885108948,1
1AK4_A_D,PD90A,2.17301082611084,0.3943895995616913,1
1AK4_A_D,PD90V,3.0309817790985107,-2.058987855911255,1
1AK4_A_D,ID91A,0.2402186095714569,1.3122655153274536,1
1AK4_A_D,ID91V,0.0,-0.14040735363960266,1
1AK4_A_D,AD92G,0.5810942649841309,0.42566728591918945,1
1AK4_A_D,AD92V,0.3591063618659973,-0.7998009324073792,1
1AK4_A_D,PD93A,0.6829072833061218,0.17290198802947998,1
1AK4_A_D,"LD83T,VD86P,HD87A,AD88M,ID91L,AD92P,MD96I",0.7422019243240356,-1.3196395635604858,1
2B42_A_B,HA357A,1.6384583711624146,2.2906975746154785,1
2B42_A_B,HA357Q,1.076115608215332,1.510676622390747,1
2B42_A_B,HA357K,2.5677878856658936,1.7268050909042358,1
2I26_N_L,AN29V,0.030388813465833664,-0.848326563835144,1
2I26_N_L,SN60R,-0.6264405846595764,-0.30460578203201294,1
3BT1_A_U,RU135A,-0.2876400649547577,0.31416234374046326,1
3BT1_A_U,KU137A,0.6742783188819885,0.44843626022338867,1
3BT1_A_U,RU140A,0.3632349669933319,0.6005757451057434,1
3BT1_A_U,HU141A,0.6616276502609253,0.6376049518585205,1
3BT1_A_U,RU143A,0.42034250497817993,0.6570064425468445,1
3BP8_A_C,FA115A,0.708987295627594,2.2679717540740967,1
3BP8_A_C,AC51F,0.6154942512512207,-0.5302889943122864,1
3BP8_A_C,"FA115A,AC51F",-0.7745522260665894,-0.4527309536933899,1
2VIS_AB_C,IC89T,-4.913825988769531,-4.902176380157471,1
1EMV_A_B,"QA15E,LA16F,TA18K,TA19K,NA22R,DA24E,TA25G,SA26A,SA27T,EA30D,LA31D,VA32N,TA36R,HA37E,EA40R,MA41L,SA46D,KA55R,EA56D,GA57D,DA58R,DA59E,SA63E,NA67K,TA68E,VA69I,QA71E",8.058494567871094,7.456905841827393,1
1EMV_A_B,"EA30D,LA31D,VA32N,TA36R,HA37E,EA40R,MA41L,SA46D,KA55R,EA56D,GA57D,DA58R,DA59E,SA63E,NA67K,TA68E,VA69I,QA71E",7.990222930908203,4.934903144836426,1
1EMV_A_B,"QA15E,LA16F,TA18K,TA19K,NA22R,DA24E,TA25G,SA26A,SA27T,SA63E,NA67K,TA68E,VA69I,QA71E",2.8566248416900635,0.8812041878700256,1
1EMV_A_B,"QA15E,LA16F,TA18K,TA19K,NA22R,DA24E,TA25G,SA26A,SA27T,SA46D,KA55R,EA56D,GA57D,DA58R,DA59E,SA63E,NA67K,TA68E,VA69I,QA71E",1.704028606414795,0.3213377594947815,1
1EMV_A_B,"QA15E,LA16F,TA18K,TA19K,NA22R,SA46D,KA55R,EA56D,GA57D,DA58R,DA59E,SA63E,NA67K,TA68E,VA69I,QA71E",1.4230005741119385,0.13847482204437256,1
1EMV_A_B,"QA15E,LA16F,SA46D,KA55R,EA56D,GA57D,DA58R,DA59E,SA63E,NA67K,TA68E,VA69I,QA71E",-0.20852912962436676,-0.26554635167121887,1
1EMV_A_B,"SA46D,KA55R,EA56D,GA57D,DA58R,DA59E,SA63E,NA67K,TA68E,VA69I,QA71E",-0.5173725485801697,-0.2730083465576172,1
1EMV_A_B,"SA63E,NA67K,TA68E,VA69I,QA71E",0.07911093533039093,0.16457054018974304,1
1EMV_A_B,RB54A,1.6664471626281738,1.848507046699524,1
1EMV_A_B,NB72A,1.1651908159255981,0.9908010363578796,1
1EMV_A_B,SB74A,-0.24112796783447266,0.053352124989032745,1
1EMV_A_B,NB75A,2.3355860710144043,1.8414971828460693,1
1EMV_A_B,SB77A,-0.2329934984445572,-0.2503979206085205,1
1EMV_A_B,SB78A,-0.5401384830474854,-0.06384743750095367,1
1EMV_A_B,SB84A,-0.10947242379188538,0.2823227047920227,1
1EMV_A_B,FB86A,3.880681037902832,2.2798750400543213,1
1EMV_A_B,TB87A,0.15850576758384705,0.2969595491886139,1
1EMV_A_B,QB92A,-0.2777280807495117,0.9697197079658508,1
1EMV_A_B,KB97A,1.960514783859253,1.9009183645248413,1
1EMV_A_B,VB98A,1.089340090751648,0.5934458374977112,1
1EMV_A_B,"FB86A,LA31A",6.679957866668701,3.9295494556427,1
1EMV_A_B,"FB86A,VA32A",4.665832996368408,2.9058125019073486,1
1EMV_A_B,"FB86A,VA35A",4.068404197692871,3.2248594760894775,1
1EMV_A_B,"FB86A,YA52A",8.723506927490234,5.503897190093994,1
1EMV_A_B,"FB86A,YA53A",8.263228416442871,3.6702234745025635,1
1EMV_A_B,CA21A,0.9219698905944824,-0.08510182797908783,1
1EMV_A_B,NA22A,0.13947127759456635,-0.06694789230823517,1
1EMV_A_B,DA24A,0.33674702048301697,0.2905274033546448,1
1EMV_A_B,TA25A,0.7284601926803589,0.4682421088218689,1
1EMV_A_B,SA26A,0.17317432165145874,-0.06156668812036514,1
1EMV_A_B,SA27A,0.9564331769943237,-0.05267466604709625,1
1EMV_A_B,EA28A,1.4166347980499268,2.0627377033233643,1
1EMV_A_B,EA29A,0.30701202154159546,0.047007448971271515,1
1EMV_A_B,EA30A,0.22038573026657104,0.04996717721223831,1
1EMV_A_B,LA31A,3.419278860092163,2.7720561027526855,1
1EMV_A_B,VA32A,2.5794503688812256,0.9084054827690125,1
1EMV_A_B,KA33A,0.1919838935136795,0.2811579704284668,1
1EMV_A_B,LA34A,0.9071285128593445,0.13521715998649597,1
1EMV_A_B,VA35A,1.6646124124526978,2.684232711791992,1
1EMV_A_B,TA36A,0.8999664783477783,0.1630142629146576,1
1EMV_A_B,EA39A,2.0840137004852295,2.8016879558563232,1
1EMV_A_B,EA40A,0.658144474029541,0.22466900944709778,1
1EMV_A_B,TA42A,0.304829865694046,0.9694355130195618,1
1EMV_A_B,EA43A,0.21277381479740143,0.25861474871635437,1
1EMV_A_B,HA44A,0.832183837890625,0.6844938397407532,1
1EMV_A_B,PA45A,0.4374687671661377,-0.13352999091148376,1
1EMV_A_B,SA46A,0.007269440684467554,0.31684771180152893,1
1EMV_A_B,GA47A,1.4860434532165527,-0.04079640656709671,1
1EMV_A_B,SA48A,2.188220500946045,1.2022267580032349,1
1EMV_A_B,DA49A,5.918128490447998,4.786463260650635,1
1EMV_A_B,LA50A,0.6013163924217224,0.2050645351409912,1
1EMV_A_B,IA51A,0.8481252193450928,1.3657865524291992,1
1EMV_A_B,YA52A,4.836801528930664,4.867335796356201,1
1EMV_A_B,YA53A,4.6368327140808105,3.0098912715911865,1
1EMV_A_B,PA54A,1.24284029006958,1.0828200578689575,1
1EMV_A_B,DA58A,0.5113134384155273,0.1639702320098877,1
1EMV_A_B,SA61A,0.8704198002815247,0.2572181224822998,1
1EMV_A_B,VA66A,1.8566750288009644,0.7590634226799011,1
1EMV_A_B,NA67A,0.2779972553253174,0.25564420223236084,1
2OOB_A_B,KA7E,-0.17829985916614532,0.5102325677871704,1
2OOB_A_B,"AA6S,KA7E",0.16116079688072205,0.40188735723495483,1
2OOB_A_B,AA9E,3.103360414505005,0.03211963176727295,1
2OOB_A_B,GA13S,0.2353639453649521,0.048862531781196594,1
2OOB_A_B,"AA9E,GA13S",3.103360414505005,-0.08082560449838638,1
2OOB_A_B,"AA6S,KA7E,AA9E,GA13S",3.103360414505005,0.21546679735183716,1
2OOB_A_B,"IA27E,IA38E",0.2842833995819092,0.6146679520606995,1
2C0L_A_B,NA48A,0.6877506375312805,0.8121532797813416,1
2C0L_A_B,QA239R,1.4865076541900635,-1.519018530845642,1
2C0L_A_B,SA242Y,0.2736794650554657,-0.3433372378349304,1
2BTF_A_P,FP59A,1.5957406759262085,0.874896228313446,1
2BTF_A_P,VP60E,0.9787291884422302,0.05783343315124512,1
2BTF_A_P,GP120F,1.7209311723709106,-0.8571346402168274,1
2BTF_A_P,KP125A,0.46005600690841675,0.4225097894668579,1
1S1Q_A_B,VA41A,0.6707527041435242,0.9558334946632385,1
1S1Q_A_B,FA42A,0.19934363663196564,0.9445307850837708,1
1S1Q_A_B,NA43A,1.2319692373275757,1.5739558935165405,1
1S1Q_A_B,DA44A,0.9655211567878723,0.5977219343185425,1
1S1Q_A_B,WA73A,0.2807824909687042,2.283454656600952,1
1S1Q_A_B,FA86A,0.7752504348754883,2.236996650695801,1
1NCA_N_LH,NH31Q,0.0,-0.02865104377269745,1
1NCA_N_LH,EH100D,0.4106564223766327,0.5465897917747498,1
1NCA_N_LH,DH101K,0.7144798040390015,2.023181438446045,1
1NCA_N_LH,NH102Q,0.5428582429885864,0.7565940022468567,1
1MQ8_A_B,"CB32L,CB170F",3.681856870651245,0.1829642355442047,1
1MQ8_A_B,"CB32L,CB170F,KB158C,KB165C",-1.774827480316162,-0.00012520700693130493,1
1MQ8_A_B,"CB32L,CB170F,EB155C,EB172C",-1.2561542987823486,0.22342133522033691,1
1MQ8_A_B,"CB32L,CB170F,KB31C,TB171C",2.9685609340667725,0.20570355653762817,1
1MQ8_A_B,"CB32L,CB170F,LB160C,KB165C",3.7200927734375,0.3796224892139435,1
1MQ8_A_B,"CB32L,KB31C",0.6100000739097595,0.10377570241689682,1
1MQ8_A_B,"CB170F,TB171C",0.6766378879547119,0.026534218341112137,1
2QJA_AB_C,"TC43A,LC47M,GC48K,LC49Y",0.46220648288726807,0.7544599771499634,1
2QJA_AB_C,"RC57K,TC59S,IC61K,PC62A,HC63Q,QC64L,SC67T,TC43A,LC47M,GC48K,LC49Y",-0.26777946949005127,0.016160286962985992,1
2QJA_AB_C,"GC11H,DC15E,AC30T,IC31M",0.8850788474082947,0.09666804224252701,1
1GRN_A_B,DA38E,0.38986650109291077,0.9279044270515442,1
1GL1_A_I,LI29V,4.259236812591553,2.9912095069885254,1
1GL1_A_I,"KI30M,AI31G",-0.13220183551311493,-0.3044041693210602,1
1FFW_A_B,DA12K,0.04742145910859108,0.8050425052642822,1
1FFW_A_B,TA86I,-0.31932955980300903,-0.3007325828075409,1
1FFW_A_B,AA89V,0.09132687747478485,-0.8829770684242249,1
1FFW_A_B,EA92K,0.8213128447532654,0.08789854496717453,1
1FFW_A_B,YA105W,0.7132960557937622,0.060545437037944794,1
1FFW_A_B,VA107M,1.1313122510910034,0.20900002121925354,1
1FFW_A_B,FA110V,1.2561542987823486,0.7186575531959534,1
1FFW_A_B,TA111I,0.5622846484184265,0.1930747926235199,1
1FFW_A_B,EA116K,0.7132960557937622,-0.18990570306777954,1
1FFW_A_B,EB13A,0.7167708873748779,0.2441771924495697,1
1FFW_A_B,EB20A,0.6391429305076599,0.6866540908813477,1
1FFW_A_B,HB23A,0.033863615244627,0.03144066035747528,1
1FFW_A_B,DB44A,-0.07415315508842468,0.29692313075065613,1
1FFW_A_B,DB49A,0.0962846651673317,0.3778746724128723,1
1FFW_A_B,CB55A,0.20430143177509308,-0.03107485920190811,1
1FFW_A_B,FB56A,3.645939826965332,1.7506266832351685,1
1FFW_A_B,IB58A,0.42783015966415405,0.2520662546157837,1
1EAW_A_B,QA23A,-0.5189116597175598,-0.2192893922328949,1
1EAW_A_B,IA26A,-0.8225061297416687,0.7130470871925354,1
1EAW_A_B,IA45A,-0.19435805082321167,0.7682607769966125,1
1EAW_A_B,DA46A,-0.1716310679912567,0.22580811381340027,1
1EAW_A_B,DA47A,1.5027753114700317,1.2855674028396606,1
1EAW_A_B,RA48A,0.5876145362854004,1.5112890005111694,1
1EAW_A_B,FA50A,-0.4288126528263092,0.5936636328697205,1
1EAW_A_B,RA51A,0.23100829124450684,-0.21203699707984924,1
1EAW_A_B,YA52A,-0.07894066721200943,0.7814562320709229,1
1EAW_A_B,RA82A,-0.14974381029605865,0.020417820662260056,1
1EAW_A_B,FA89A,0.7285935878753662,0.43417099118232727,1
1EAW_A_B,NA90A,0.3080978989601135,0.17815464735031128,1
1EAW_A_B,DA91A,0.6544404625892639,1.0010790824890137,1
1EAW_A_B,FA92A,0.892020046710968,0.14568516612052917,1
1EAW_A_B,TA93A,0.25474119186401367,0.11641374975442886,1
1EAW_A_B,HA138A,-0.014480198733508587,0.6352127194404602,1
1EAW_A_B,QA140A,0.306678831577301,0.08066711574792862,1
1EAW_A_B,YA141A,0.5021535754203796,1.5602704286575317,1
1EAW_A_B,TA144A,0.08945067971944809,0.30199265480041504,1
1EAW_A_B,LA147A,0.5021535754203796,0.29630768299102783,1
1EAW_A_B,EA163A,0.7036820650100708,-0.010840799659490585,1
1EAW_A_B,QA168A,0.5650851130485535,-0.10764195770025253,1
1EAW_A_B,QA169A,-0.13309656083583832,0.05463188886642456,1
1EAW_A_B,DA214A,2.2291338443756104,0.5474289059638977,1
1EAW_A_B,QA218A,0.1442377269268036,0.09010226279497147,1
1EAW_A_B,RA219A,-0.08855192363262177,0.030433930456638336,1
1EAW_A_B,KA221A,0.47605013847351074,0.13791611790657043,1
3N0P_A_B,AA17H,0.8744037747383118,0.13812440633773804,1
3N0P_A_B,AA17H,0.297102689743042,0.13812440633773804,1
3N0P_A_B,AA17H,0.22198787331581116,0.13812440633773804,1
3N0P_A_B,AA17H,-0.09047991037368774,0.13812440633773804,1
3N0P_A_B,AA17H,-0.2870479226112366,0.13812440633773804,1
3N0P_A_B,AA17H,-0.28069448471069336,0.13812440633773804,1
3N0P_A_B,AA17H,-0.28546592593193054,0.13812440633773804,1
3N0P_A_B,AA17H,-0.3632349669933319,0.13812440633773804,1
3N0P_A_B,AA17H,-0.38309553265571594,0.13812440633773804,1
3N0P_A_B,AA17H,-0.3238008916378021,0.13812440633773804,1
1CHO_EFG_I,LI15G,6.085373401641846,5.365604877471924,1
1CHO_EFG_I,LI15A,4.7662200927734375,2.8086869716644287,1
1CHO_EFG_I,LI15S,4.986851692199707,4.334352970123291,1
1CHO_EFG_I,LI15C,2.6424343585968018,-0.10640175640583038,1
1CHO_EFG_I,LI15V,4.273555755615234,3.96811842918396,1
1CHO_EFG_I,LI15T,4.48486852645874,3.829815626144409,1
1CHO_EFG_I,LI15P,8.801905632019043,7.793923854827881,1
1CHO_EFG_I,LI15I,4.479031562805176,4.929864406585693,1
1CHO_EFG_I,LI15M,0.3806231915950775,0.12623503804206848,1
1CHO_EFG_I,LI15N,3.3570311069488525,3.312915086746216,1
1CHO_EFG_I,LI15D,7.201478481292725,6.1201653480529785,1
1CHO_EFG_I,LI15K,4.4731364250183105,1.925798773765564,1
1CHO_EFG_I,LI15Q,2.9533493518829346,1.8075088262557983,1
1CHO_EFG_I,LI15E,6.658620357513428,5.25700569152832,1
1CHO_EFG_I,LI15H,3.000711679458618,1.7672632932662964,1
1CHO_EFG_I,LI15F,-1.5017473697662354,0.859898030757904,1
1CHO_EFG_I,LI15R,4.006605625152588,2.90966796875,1
1CHO_EFG_I,LI15Y,-2.2250730991363525,0.8141139149665833,1
1CHO_EFG_I,LI15W,-1.6909488439559937,1.8465687036514282,1
1PPF_E_I,LI18G,3.3328986167907715,5.087993144989014,1
1PPF_E_I,LI18A,1.07108736038208,2.5954320430755615,1
1PPF_E_I,LI18S,3.0920286178588867,3.6615705490112305,1
1PPF_E_I,LI18C,-0.08952336758375168,-0.026561278849840164,1
1PPF_E_I,LI18V,-0.4926644563674927,3.4391801357269287,1
1PPF_E_I,LI18T,0.9154713153839111,2.482616424560547,1
1PPF_E_I,LI18P,6.147148609161377,6.941782474517822,1
1PPF_E_I,LI18I,-0.7328830361366272,3.57776141166687,1
1PPF_E_I,LI18M,1.25759756565094,0.08236785233020782,1
1PPF_E_I,LI18N,5.225429058074951,3.4217846393585205,1
1PPF_E_I,LI18D,7.61348819732666,6.331871509552002,1
1PPF_E_I,LI18K,5.736492156982422,2.850062608718872,1
1PPF_E_I,LI18Q,3.306267023086548,2.4996063709259033,1
1PPF_E_I,LI18E,7.056237697601318,5.364472389221191,1
1PPF_E_I,LI18H,6.471245765686035,2.6321322917938232,1
1PPF_E_I,LI18F,5.169495582580566,1.97962486743927,1
1PPF_E_I,LI18R,7.184541702270508,3.6663389205932617,1
1PPF_E_I,LI18Y,6.635788440704346,1.3058995008468628,1
1PPF_E_I,LI18W,7.5441813468933105,2.6390717029571533,1
1CHO_EFG_I,AI12G,0.06601439416408539,1.2837796211242676,1
1CHO_EFG_I,AI12S,0.06601439416408539,0.8469972014427185,1
1CHO_EFG_I,AI12C,-0.32677778601646423,0.027980752289295197,1
1CHO_EFG_I,AI12V,0.9535146951675415,-0.9627211093902588,1
1CHO_EFG_I,AI12T,0.9690771698951721,-0.00028918683528900146,1
1CHO_EFG_I,AI12P,3.1089653968811035,0.9286087155342102,1
1CHO_EFG_I,AI12L,0.14070072770118713,-1.6570570468902588,1
1CHO_EFG_I,AI12I,0.6553633213043213,-1.1761152744293213,1
1CHO_EFG_I,AI12M,0.14070072770118713,-1.7317677736282349,1
1CHO_EFG_I,AI12N,-0.28890854120254517,0.6109098196029663,1
1CHO_EFG_I,AI12D,0.0,1.6117302179336548,1
1CHO_EFG_I,AI12K,2.4987282752990723,0.7018860578536987,1
1CHO_EFG_I,AI12Q,0.44245147705078125,0.177089124917984,1
1CHO_EFG_I,AI12E,0.22500719130039215,1.1350536346435547,1
1CHO_EFG_I,AI12H,-0.32677778601646423,0.7113620638847351,1
1CHO_EFG_I,AI12F,-0.7354821562767029,-0.6406866908073425,1
1CHO_EFG_I,AI12R,0.46855491399765015,0.3515285849571228,1
1CHO_EFG_I,AI12Y,-0.8755311369895935,-0.9850631356239319,1
1CHO_EFG_I,AI12W,-1.9253305196762085,-0.5774813890457153,1
1PPF_E_I,AI15G,1.1382291316986084,1.4403769969940186,1
1PPF_E_I,AI15S,0.7564785480499268,0.5908413529396057,1
1PPF_E_I,AI15C,-0.6737069487571716,0.4029662609100342,1
1PPF_E_I,AI15V,0.20805256068706512,-0.11713766306638718,1
1PPF_E_I,AI15T,0.9628335237503052,0.14846092462539673,1
1PPF_E_I,AI15P,1.9954591989517212,0.5491735935211182,1
1PPF_E_I,AI15L,0.01779268868267536,0.27218830585479736,1
1PPF_E_I,AI15I,0.32947757840156555,-0.3471410870552063,1
1PPF_E_I,AI15M,-0.40133756399154663,-0.7453473210334778,1
1PPF_E_I,AI15N,0.9154713153839111,0.33984363079071045,1
1PPF_E_I,AI15D,1.1382291316986084,0.7661311030387878,1
1PPF_E_I,AI15K,1.1275540590286255,0.6601831316947937,1
1PPF_E_I,AI15Q,0.2497744858264923,0.20069023966789246,1
1PPF_E_I,AI15E,0.10560351610183716,0.5961271524429321,1
1PPF_E_I,AI15H,0.5528879165649414,1.1695598363876343,1
1PPF_E_I,AI15F,-0.07295020669698715,0.0050250329077243805,1
1PPF_E_I,AI15R,-0.26417794823646545,0.7507330775260925,1
1PPF_E_I,AI15Y,-0.18506699800491333,-0.11941500753164291,1
1PPF_E_I,AI15W,-0.6408453583717346,-0.1721138060092926,1
1CHO_EFG_I,TI14G,5.294449329376221,4.482565879821777,1
1CHO_EFG_I,TI14A,4.158527851104736,3.081652879714966,1
1CHO_EFG_I,TI14S,2.3505473136901855,2.095562696456909,1
1CHO_EFG_I,TI14C,3.32909893989563,2.5059921741485596,1
1CHO_EFG_I,TI14V,3.5814502239227295,1.9561635255813599,1
1CHO_EFG_I,TI14P,4.233213901519775,3.5356533527374268,1
1CHO_EFG_I,TI14L,4.4166107177734375,2.5453405380249023,1
1CHO_EFG_I,TI14I,3.6518237590789795,1.3638054132461548,1
1CHO_EFG_I,TI14M,3.954936981201172,2.1586532592773438,1
1CHO_EFG_I,TI14N,4.317520618438721,2.0982024669647217,1
1CHO_EFG_I,TI14D,6.820855617523193,3.9816901683807373,1
1CHO_EFG_I,TI14K,4.092513084411621,2.46972918510437,1
1CHO_EFG_I,TI14Q,3.681856870651245,2.6131234169006348,1
1CHO_EFG_I,TI14E,6.425761699676514,3.652956962585449,1
1CHO_EFG_I,TI14H,3.6518237590789795,2.802431344985962,1
1CHO_EFG_I,TI14F,4.233213901519775,2.8026788234710693,1
1CHO_EFG_I,TI14R,3.884089708328247,2.202686309814453,1
1CHO_EFG_I,TI14Y,4.4731364250183105,2.177436590194702,1
1CHO_EFG_I,TI14W,4.158527851104736,3.1793763637542725,1
1PPF_E_I,TI17G,3.599848985671997,4.274346351623535,1
1PPF_E_I,TI17A,3.48482084274292,2.965486526489258,1
1PPF_E_I,TI17S,1.504980206489563,2.5699288845062256,1
1PPF_E_I,TI17C,2.087496757507324,2.7352731227874756,1
1PPF_E_I,TI17V,1.4817438125610352,2.5919382572174072,1
1PPF_E_I,TI17P,3.074164390563965,2.851329803466797,1
1PPF_E_I,TI17L,2.279642343521118,2.3720180988311768,1
1PPF_E_I,TI17I,1.4817438125610352,1.8404322862625122,1
1PPF_E_I,TI17M,2.5024001598358154,2.077986478805542,1
1PPF_E_I,TI17N,2.698713541030884,2.2549326419830322,1
1PPF_E_I,TI17D,4.923678398132324,3.856217622756958,1
1PPF_E_I,TI17K,3.388773202896118,1.9474871158599854,1
1PPF_E_I,TI17Q,1.968727469444275,2.3894102573394775,1
1PPF_E_I,TI17E,3.0410115718841553,3.406503438949585,1
1PPF_E_I,TI17H,1.6936486959457397,2.906370162963867,1
1PPF_E_I,TI17F,1.7099932432174683,2.8142945766448975,1
1PPF_E_I,TI17R,3.4516680240631104,1.302801251411438,1
1PPF_E_I,TI17Y,2.4808542728424072,2.722886323928833,1
1PPF_E_I,TI17W,2.195336103439331,2.928037166595459,1
1CHO_EFG_I,EI16G,3.622680902481079,2.2625420093536377,1
1CHO_EFG_I,EI16A,2.3332483768463135,1.4796442985534668,1
1CHO_EFG_I,EI16S,2.79435658454895,1.6934853792190552,1
1CHO_EFG_I,EI16C,2.728342294692993,0.7966429591178894,1
1CHO_EFG_I,EI16V,2.4394335746765137,-0.09990452975034714,1
1CHO_EFG_I,EI16T,2.9093847274780273,1.2644213438034058,1
1CHO_EFG_I,EI16P,2.590765953063965,2.4758896827697754,1
1CHO_EFG_I,EI16L,2.8690428733825684,0.9048404097557068,1
1CHO_EFG_I,EI16I,2.6424343585968018,-0.6246568560600281,1
1CHO_EFG_I,EI16M,2.6983089447021484,0.6051285862922668,1
1CHO_EFG_I,EI16N,2.3332483768463135,0.6202607750892639,1
1CHO_EFG_I,EI16D,0.881759524345398,0.4671408534049988,1
1CHO_EFG_I,EI16K,3.5946455001831055,1.363254427909851,1
1CHO_EFG_I,EI16Q,1.3341379165649414,-0.1961744725704193,1
1CHO_EFG_I,EI16H,2.089729070663452,0.45674818754196167,1
1CHO_EFG_I,EI16F,3.622680902481079,1.5704609155654907,1
1CHO_EFG_I,EI16R,3.681856870651245,1.2972921133041382,1
1CHO_EFG_I,EI16Y,2.669166088104248,0.30525678396224976,1
1CHO_EFG_I,EI16W,3.1600215435028076,1.9744077920913696,1
1PPF_E_I,EI19G,2.120649576187134,1.5584533214569092,1
1PPF_E_I,EI19A,1.2032891511917114,1.568326711654663,1
1PPF_E_I,EI19S,1.8462116718292236,1.4966593980789185,1
1PPF_E_I,EI19C,1.4026328325271606,0.7930395007133484,1
1PPF_E_I,EI19V,1.159019112586975,-0.3597118854522705,1
1PPF_E_I,EI19T,1.504980206489563,1.0184472799301147,1
1PPF_E_I,EI19P,3.2103826999664307,2.9806101322174072,1
1PPF_E_I,EI19L,1.07108736038208,1.0919960737228394,1
1PPF_E_I,EI19I,0.7233257293701172,-0.5915793180465698,1
1PPF_E_I,EI19M,1.1487152576446533,0.6813688278198242,1
1PPF_E_I,EI19N,1.2126933336257935,0.9815358519554138,1
1PPF_E_I,EI19D,0.5779248476028442,0.5102397799491882,1
1PPF_E_I,EI19K,2.120649576187134,1.868794560432434,1
1PPF_E_I,EI19Q,0.660430908203125,-0.4176974892616272,1
1PPF_E_I,EI19H,0.6904641389846802,0.8103883862495422,1
1PPF_E_I,EI19F,1.3641711473464966,1.9580565690994263,1
1PPF_E_I,EI19R,1.4817438125610352,1.2673619985580444,1
1PPF_E_I,EI19Y,1.248884916305542,0.7877011895179749,1
1PPF_E_I,EI19W,1.530076026916504,1.8066672086715698,1
1CHO_EFG_I,YI17G,3.176107168197632,3.6324665546417236,1
1CHO_EFG_I,YI17A,2.5434629917144775,3.2578604221343994,1
1CHO_EFG_I,YI17S,2.8690428733825684,3.0165750980377197,1
1CHO_EFG_I,YI17C,2.5434629917144775,1.9178357124328613,1
1CHO_EFG_I,YI17V,3.463747262954712,3.4772965908050537,1
1CHO_EFG_I,YI17T,3.3040621280670166,3.8672244548797607,1
1CHO_EFG_I,YI17P,8.56564998626709,6.03012752532959,1
1CHO_EFG_I,YI17L,0.6844465732574463,0.9342628121376038,1
1CHO_EFG_I,YI17I,2.109262228012085,3.1016814708709717,1
1CHO_EFG_I,YI17M,1.2265949249267578,2.089340925216675,1
1CHO_EFG_I,YI17N,3.000711679458618,3.1324219703674316,1
1CHO_EFG_I,YI17D,6.296296119689941,3.4881303310394287,1
1CHO_EFG_I,YI17K,3.1654322147369385,3.463473081588745,1
1CHO_EFG_I,YI17Q,3.1545610427856445,3.1167280673980713,1
1CHO_EFG_I,YI17E,5.015994548797607,2.781104803085327,1
1CHO_EFG_I,YI17H,1.5891783237457275,2.129646062850952,1
1CHO_EFG_I,YI17F,0.18104250729084015,-0.07521326094865799,1
1CHO_EFG_I,YI17R,2.9093847274780273,3.2496821880340576,1
1CHO_EFG_I,YI17W,0.3923552930355072,0.23868051171302795,1
1PPF_E_I,YI20G,4.185900688171387,4.02604341506958,1
1PPF_E_I,YI20A,3.2103826999664307,3.9499118328094482,1
1PPF_E_I,YI20S,3.6438136100769043,3.5653741359710693,1
1PPF_E_I,YI20C,3.4516680240631104,2.519239664077759,1
1PPF_E_I,YI20V,4.185900688171387,4.116889476776123,1
1PPF_E_I,YI20T,5.055346965789795,4.760500431060791,1
1PPF_E_I,YI20P,5.367161273956299,6.066687107086182,1
1PPF_E_I,YI20L,1.3749107122421265,2.3840720653533936,1
1PPF_E_I,YI20I,3.931631326675415,4.059655666351318,1
1PPF_E_I,YI20M,2.8123996257781982,2.556896448135376,1
1PPF_E_I,YI20N,3.6438136100769043,4.046584606170654,1
1PPF_E_I,YI20D,6.419517993927002,4.221545219421387,1
1PPF_E_I,YI20K,4.4940690994262695,4.424506187438965,1
1PPF_E_I,YI20Q,4.6970696449279785,3.953631639480591,1
1PPF_E_I,YI20E,6.419517993927002,3.5911505222320557,1
1PPF_E_I,YI20H,2.378732442855835,2.829179525375366,1
1PPF_E_I,YI20F,0.4820406138896942,0.39543527364730835,1
1PPF_E_I,YI20R,4.372321128845215,4.5887532234191895,1
1PPF_E_I,YI20W,0.23538224399089813,0.3084770739078522,1
1CHO_EFG_I,RI18G,3.4861066341400146,2.0445656776428223,1
1CHO_EFG_I,RI18A,3.191767692565918,-0.08431679755449295,1
1CHO_EFG_I,RI18S,3.1865932941436768,-0.37005582451820374,1
1CHO_EFG_I,RI18C,3.5196218490600586,-0.03538968414068222,1
1CHO_EFG_I,RI18V,2.0660953521728516,-0.9743876457214355,1
1CHO_EFG_I,RI18T,2.669166088104248,0.12777504324913025,1
1CHO_EFG_I,RI18P,7.289410591125488,6.617679119110107,1
1CHO_EFG_I,RI18L,2.8305108547210693,-0.6837581396102905,1
1CHO_EFG_I,RI18I,2.109262228012085,-0.8976762890815735,1
1CHO_EFG_I,RI18M,2.6158030033111572,-0.41216742992401123,1
1CHO_EFG_I,RI18N,3.5196218490600586,0.12019669264554977,1
1CHO_EFG_I,RI18D,3.783076763153076,-0.2174886167049408,1
1CHO_EFG_I,RI18K,0.662769079208374,-0.9770426154136658,1
1CHO_EFG_I,RI18Q,2.478471517562866,-0.5572195649147034,1
1CHO_EFG_I,RI18E,3.5196218490600586,0.45072150230407715,1
1CHO_EFG_I,RI18H,2.79435658454895,0.29104745388031006,1
1CHO_EFG_I,RI18F,2.9533493518829346,0.18241482973098755,1
1CHO_EFG_I,RI18Y,3.000711679458618,0.46588295698165894,1
1CHO_EFG_I,RI18W,2.4394335746765137,1.0864449739456177,1
1PPF_E_I,RI21G,0.5779248476028442,1.5950063467025757,1
1PPF_E_I,RI21A,0.20805256068706512,0.2734299898147583,1
1PPF_E_I,RI21S,0.4196195602416992,0.19625258445739746,1
1PPF_E_I,RI21C,-0.08117883652448654,0.3957310914993286,1
1PPF_E_I,RI21V,-0.34960973262786865,-0.9306625723838806,1
1PPF_E_I,RI21T,-0.01834363117814064,0.2516109347343445,1
1PPF_E_I,RI21P,6.705569267272949,6.485955238342285,1
1PPF_E_I,RI21L,-0.8585862517356873,-0.2812343239784241,1
1PPF_E_I,RI21I,-0.8112831711769104,-0.5063427686691284,1
1PPF_E_I,RI21M,-0.7596147656440735,0.08377617597579956,1
1PPF_E_I,RI21N,0.32947757840156555,0.5987406373023987,1
1PPF_E_I,RI21D,0.20805256068706512,0.4167301654815674,1
1PPF_E_I,RI21K,0.6045563817024231,-0.38947877287864685,1
1PPF_E_I,RI21Q,-0.01834363117814064,-0.3711162209510803,1
1PPF_E_I,RI21E,0.46085023880004883,1.066741704940796,1
1PPF_E_I,RI21H,-0.4926644563674927,0.6800165176391602,1
1PPF_E_I,RI21F,-0.98124760389328,0.5384448170661926,1
1PPF_E_I,RI21Y,0.22063162922859192,0.7540175914764404,1
1PPF_E_I,RI21W,-0.5330062508583069,0.861843466758728,1
1CHO_EFG_I,PI11G,0.6364335417747498,0.40112292766571045,1
1CHO_EFG_I,PI11A,0.3806231915950775,-0.005608785897493362,1
1CHO_EFG_I,PI11S,-0.44068965315818787,0.10904238373041153,1
1CHO_EFG_I,PI11C,-0.9835479259490967,-0.07478634268045425,1
1CHO_EFG_I,PI11V,-0.5496550798416138,0.22174766659736633,1
1CHO_EFG_I,PI11T,-0.5496550798416138,0.17247626185417175,1
1CHO_EFG_I,PI11L,-0.5245592594146729,0.31034189462661743,1
1CHO_EFG_I,PI11I,-0.5110632181167603,0.13375186920166016,1
1CHO_EFG_I,PI11M,-0.8281096816062927,0.008602537214756012,1
1CHO_EFG_I,PI11N,-0.7799875140190125,-0.37257450819015503,1
1CHO_EFG_I,PI11D,-0.8513460755348206,-0.5541228652000427,1
1CHO_EFG_I,PI11K,0.386518269777298,0.09936778992414474,1
1CHO_EFG_I,PI11Q,-0.727737545967102,-0.1846761703491211,1
1CHO_EFG_I,PI11E,-0.7200929522514343,-0.4411911368370056,1
1CHO_EFG_I,PI11H,-0.11253932118415833,0.2098473608493805,1
1CHO_EFG_I,PI11F,-0.3075406551361084,0.47179466485977173,1
1CHO_EFG_I,PI11R,0.39813536405563354,0.40594202280044556,1
1CHO_EFG_I,PI11Y,-0.3950939476490021,0.5200498700141907,1
1CHO_EFG_I,PI11W,-0.20842353999614716,0.3505629897117615,1
1PPF_E_I,PI14G,0.09338758140802383,0.0907091349363327,1
1PPF_E_I,PI14A,-0.12412893772125244,-0.2645934224128723,1
1PPF_E_I,PI14S,-0.5715383291244507,-0.03415171802043915,1
1PPF_E_I,PI14C,-2.005016565322876,-0.14371037483215332,1
1PPF_E_I,PI14V,-1.5250530242919922,0.0045357346534729,1
1PPF_E_I,PI14T,-0.26417794823646545,-0.019793007522821426,1
1PPF_E_I,PI14L,-2.9233665466308594,0.18723413348197937,1
1PPF_E_I,PI14I,-1.6513597965240479,0.1350691020488739,1
1PPF_E_I,PI14M,-1.5744526386260986,-0.1887984275817871,1
1PPF_E_I,PI14N,-0.6408453583717346,-0.31221213936805725,1
1PPF_E_I,PI14D,-0.4926644563674927,-0.503920316696167,1
1PPF_E_I,PI14K,-0.4486997723579407,0.19415515661239624,1
1PPF_E_I,PI14Q,-0.8112831711769104,-0.2541421353816986,1
1PPF_E_I,PI14E,-1.4290053844451904,-0.5300857424736023,1
1PPF_E_I,PI14H,-1.7655086517333984,0.31866776943206787,1
1PPF_E_I,PI14F,-1.8568356037139893,0.21795561909675598,1
1PPF_E_I,PI14R,-0.13764554262161255,0.3400120139122009,1
1PPF_E_I,PI14Y,-0.9626154899597168,0.20831000804901123,1
1PPF_E_I,PI14W,-2.005016565322876,-0.04836902767419815,1
1CHO_EFG_I,KI10G,1.8224222660064697,-0.20834314823150635,1
1CHO_EFG_I,KI10A,0.18104250729084015,-0.4646906852722168,1
1CHO_EFG_I,KI10S,-0.42663875222206116,-0.7258442044258118,1
1CHO_EFG_I,KI10C,0.5032691359519958,-0.3069080710411072,1
1CHO_EFG_I,KI10V,1.2019360065460205,-0.14003369212150574,1
1CHO_EFG_I,KI10T,0.3806231915950775,-0.10294989496469498,1
1CHO_EFG_I,KI10P,2.0763397216796875,0.4284205436706543,1
1CHO_EFG_I,KI10L,0.3806231915950775,-0.8681877255439758,1
1CHO_EFG_I,KI10I,1.5452135801315308,-0.39841020107269287,1
1CHO_EFG_I,KI10M,0.4262188971042633,-0.8413049578666687,1
1CHO_EFG_I,KI10N,-0.3609865605831146,-0.40255382657051086,1
1CHO_EFG_I,KI10D,-0.5110632181167603,-0.18567928671836853,1
1CHO_EFG_I,KI10Q,-0.5728914737701416,-0.08640116453170776,1
1CHO_EFG_I,KI10E,0.18104250729084015,0.03474142402410507,1
1CHO_EFG_I,KI10H,0.14070072770118713,-0.07983288168907166,1
1CHO_EFG_I,KI10F,1.0933265686035156,-0.4624726176261902,1
1CHO_EFG_I,KI10R,-0.3777948319911957,0.021475762128829956,1
1CHO_EFG_I,KI10Y,1.0752625465393066,-0.2768993675708771,1
1CHO_EFG_I,KI10W,1.019529104232788,-0.2535387873649597,1
1PPF_E_I,KI13G,1.248884916305542,-0.1244482472538948,1
1PPF_E_I,KI13A,0.7564785480499268,-0.8325279355049133,1
1PPF_E_I,KI13S,0.46085023880004883,-0.9473517537117004,1
1PPF_E_I,KI13C,0.9628335237503052,-0.2823142111301422,1
1PPF_E_I,KI13V,0.8715066909790039,-0.2571849226951599,1
1PPF_E_I,KI13T,0.16590487957000732,-0.6192115545272827,1
1PPF_E_I,KI13P,1.2661839723587036,0.17250415682792664,1
1PPF_E_I,KI13L,0.401555597782135,-0.7025644183158875,1
1PPF_E_I,KI13I,0.6312880516052246,-0.6877288818359375,1
1PPF_E_I,KI13M,0.20805256068706512,-0.6751613020896912,1
1PPF_E_I,KI13N,0.660430908203125,-0.4162432551383972,1
1PPF_E_I,KI13D,0.6312880516052246,-0.4415394067764282,1
1PPF_E_I,KI13Q,0.2497744858264923,-0.21428647637367249,1
1PPF_E_I,KI13E,1.1329156160354614,-0.07408308982849121,1
1PPF_E_I,KI13H,1.014561414718628,-0.16488021612167358,1
1PPF_E_I,KI13F,0.9628335237503052,-0.25324031710624695,1
1PPF_E_I,KI13R,-0.6408453583717346,0.04064915329217911,1
1PPF_E_I,KI13Y,0.5055848360061646,-0.22246399521827698,1
1PPF_E_I,KI13W,0.8311648964881897,-0.0007613301277160645,1
1CHO_EFG_I,GI29A,-1.0918017625808716,1.3746753931045532,1
1CHO_EFG_I,GI29S,-0.13757623732089996,1.1619116067886353,1
1CHO_EFG_I,GI29C,2.5434629917144775,1.7415746450424194,1
1CHO_EFG_I,GI29V,0.7019242644309998,2.2952616214752197,1
1CHO_EFG_I,GI29T,2.0763397216796875,2.3500473499298096,1
1CHO_EFG_I,GI29P,0.32409724593162537,0.8654552102088928,1
1CHO_EFG_I,GI29L,1.7506893873214722,2.5920817852020264,1
1CHO_EFG_I,GI29I,2.3673555850982666,2.6830670833587646,1
1CHO_EFG_I,GI29M,1.6365405321121216,2.3930325508117676,1
1CHO_EFG_I,GI29N,0.9535146951675415,1.560877799987793,1
1CHO_EFG_I,GI29D,3.1089653968811035,2.1406686305999756,1
1CHO_EFG_I,GI29K,1.5891783237457275,2.2165262699127197,1
1CHO_EFG_I,GI29Q,2.383700132369995,2.385902166366577,1
1CHO_EFG_I,GI29E,2.6158030033111572,2.1281850337982178,1
1CHO_EFG_I,GI29H,-0.9835479259490967,2.441997528076172,1
1CHO_EFG_I,GI29F,0.10216860473155975,1.7986994981765747,1
1CHO_EFG_I,GI29R,1.744794249534607,3.3699982166290283,1
1CHO_EFG_I,GI29Y,-0.9835479259490967,1.7832552194595337,1
1CHO_EFG_I,GI29W,1.0566304922103882,2.2007029056549072,1
1PPF_E_I,GI32A,0.23538224399089813,1.8855654001235962,1
1PPF_E_I,GI32S,0.9154713153839111,1.3410561084747314,1
1PPF_E_I,GI32C,1.1791040897369385,1.82459557056427,1
1PPF_E_I,GI32V,2.553067922592163,2.5399653911590576,1
1PPF_E_I,GI32T,2.8123996257781982,2.266975164413452,1
1PPF_E_I,GI32P,0.263825386762619,1.322723388671875,1
1PPF_E_I,GI32L,3.1298978328704834,2.839163064956665,1
1PPF_E_I,GI32I,4.372321128845215,3.170262575149536,1
1PPF_E_I,GI32M,2.195336103439331,2.3038523197174072,1
1PPF_E_I,GI32N,1.6139456033706665,1.5828508138656616,1
1PPF_E_I,GI32D,2.497086763381958,3.0049889087677,1
1PPF_E_I,GI32K,3.306267023086548,2.4921586513519287,1
1PPF_E_I,GI32Q,2.7997264862060547,2.6847822666168213,1
1PPF_E_I,GI32E,1.4575586318969727,2.383172035217285,1
1PPF_E_I,GI32H,1.504980206489563,2.771066904067993,1
1PPF_E_I,GI32F,1.4817438125610352,1.3788622617721558,1
1PPF_E_I,GI32R,4.848991870880127,3.915060043334961,1
1PPF_E_I,GI32Y,1.2032891511917114,1.4849669933319092,1
1PPF_E_I,GI32W,1.6439788341522217,2.011284589767456,1
1CHO_EFG_I,NI33G,-1.3942043781280518,0.8626109957695007,1
1CHO_EFG_I,NI33A,-1.3641711473464966,0.5406762361526489,1
1CHO_EFG_I,NI33S,-1.4767104387283325,0.6502647399902344,1
1CHO_EFG_I,NI33C,-0.11253932118415833,0.4460431933403015,1
1CHO_EFG_I,NI33V,0.032861582934856415,0.16187012195587158,1
1CHO_EFG_I,NI33T,-1.29815673828125,0.6696828603744507,1
1CHO_EFG_I,NI33P,-1.8340035676956177,1.3232215642929077,1
1CHO_EFG_I,NI33L,0.616878867149353,0.46110695600509644,1
1CHO_EFG_I,NI33I,-0.030033236369490623,0.5319564938545227,1
1CHO_EFG_I,NI33M,-0.20842353999614716,-0.07589048892259598,1
1CHO_EFG_I,NI33D,-1.0400738716125488,0.6088590621948242,1
1CHO_EFG_I,NI33K,2.3332483768463135,0.30351218581199646,1
1CHO_EFG_I,NI33Q,-0.18487930297851562,-0.060293082147836685,1
1CHO_EFG_I,NI33E,2.3332483768463135,0.3450293242931366,1
1CHO_EFG_I,NI33H,-0.7354821562767029,-0.1649652123451233,1
1CHO_EFG_I,NI33F,2.3673555850982666,-0.6815804243087769,1
1CHO_EFG_I,NI33R,1.5891783237457275,0.7889679074287415,1
1CHO_EFG_I,NI33Y,2.5661070346832275,-0.37621399760246277,1
1CHO_EFG_I,NI33W,2.17868709564209,-0.4174712896347046,1
1PPF_E_I,NI36G,-0.5715383291244507,0.6756412982940674,1
1PPF_E_I,NI36A,-1.6455227136611938,0.3102228343486786,1
1PPF_E_I,NI36S,-1.3463784456253052,0.6518141031265259,1
1PPF_E_I,NI36C,0.6045563817024231,0.675923228263855,1
1PPF_E_I,NI36V,0.34582212567329407,0.5894136428833008,1
1PPF_E_I,NI36T,0.5528879165649414,0.3076174855232239,1
1PPF_E_I,NI36P,-2.959597587585449,1.3564335107803345,1
1PPF_E_I,NI36L,2.6471633911132812,0.9752821326255798,1
1PPF_E_I,NI36I,0.8715066909790039,0.7105896472930908,1
1PPF_E_I,NI36M,1.07108736038208,0.0676545724272728,1
1PPF_E_I,NI36D,-3.0779519081115723,0.642912745475769,1
1PPF_E_I,NI36K,2.6217687129974365,0.9385688900947571,1
1PPF_E_I,NI36Q,0.3829234838485718,0.11748748272657394,1
1PPF_E_I,NI36E,-1.0183489322662354,0.31885433197021484,1
1PPF_E_I,NI36H,-0.5330062508583069,0.15312114357948303,1
1PPF_E_I,NI36F,1.8462116718292236,0.07058960199356079,1
1PPF_E_I,NI36R,1.8697559833526611,0.6306238770484924,1
1PPF_E_I,NI36Y,1.6768404245376587,0.24971559643745422,1
1PPF_E_I,NI36W,1.721962332725525,-0.06158910691738129,1
1CHO_EFG_I,"TI14K,LI15R",7.472139358520508,5.550258159637451,1
1CHO_EFG_I,"TI14R,LI15R",7.2265849113464355,5.483929634094238,1
1CHO_EFG_I,"AI12R,LI15R",4.977166652679443,2.644719362258911,1
1CHO_EFG_I,"AI12R,TI14K,LI15R",7.98739767074585,5.913599491119385,1
1CHO_EFG_I,"AI12R,TI14P,LI15R",8.920000076293945,7.1735758781433105,1
1CHO_EFG_I,"PI11S,AI12R,TI14P,LI15R",8.483975410461426,6.726425647735596,1
1CHO_EFG_I,"KI10R,AI12R,TI14K,LI15R",8.027130126953125,4.693291187286377,1
1CHO_EFG_I,"KI10R,PI11F,AI12R,TI14K,LI15R",8.097977638244629,4.791204929351807,1
1CHO_EFG_I,"PI11S,AI12L,TI14K,LI15R",7.297601222991943,4.498647212982178,1
1CHO_EFG_I,"AI12R,TI14K,LI15R,EI16S",8.392894744873047,6.822183132171631,1
1PPF_E_I,"AI15R,LI18R",7.327796459197998,4.412125110626221,1
1CT0_E_I,SI13L,-4.1582350730896,-4.1393351554870605,1
1CT4_E_I,VI13L,-3.0342824459075928,-3.010542631149292,1
1SGE_E_I,EI13L,-5.982758045196533,-5.217473030090332,1
1KAC_A_B,PA15S,-0.793380618095398,-0.3163818418979645,1
1KAC_A_B,SA87Y,-1.2527592182159424,-1.8060662746429443,1
1CHO_EFG_I,"EI7D,AI12V,TI14P,EI16D,RI18M,NI25S,GI29S,NI42S,SI48R",7.333680629730225,2.7834036350250244,1
1CHO_EFG_I,"TI14P,LI15K,EI16D,LI20V,SI48N,HI49R",7.001897811889648,3.8680942058563232,1
1CHO_EFG_I,"TI14P,LI15K,EI16D,LI20V,SI48N",7.144952774047852,3.9258861541748047,1
1CHO_EFG_I,"TI14P,LI15K,EI16D,LI20V,GI29S,SI48N",7.522779941558838,3.9851391315460205,1
1CHO_EFG_I,"EI7G,KI10Q,PI11S,TI14P,LI15Q,EI16D,RI18V,LI20F,GI29S,VI39A,EI40D",7.5053019523620605,3.6720259189605713,1
1CHO_EFG_I,"EI7D,YI8H,AI12V,TI14S,RI18M,NI25S,GI29S,NI33D",4.871823787689209,2.683159589767456,1
1CHO_EFG_I,"EI7D,AI12V,TI14S,RI18M,NI25S,GI29N,NI33D,SI48G",4.364882946014404,2.7042324542999268,1
1CHO_EFG_I,"EI7D,AI12V,TI14S,RI18M,NI25S,GI29S,EI40D",5.456684589385986,1.74600350856781,1
1CHO_EFG_I,"VI3I,EI7D,AI12V,TI14S,RI18M,NI25S,GI29S,EI40D,TI46I",5.4266510009765625,1.4966646432876587,1
1CHO_EFG_I,"EI7D,AI12V,TI14S,RI18M,NI25S,GI29S,VI39A,EI40D",4.986851692199707,1.4220631122589111,1
1CHO_EFG_I,"EI7D,RI18M,KI26Q,GI29S,NI33S,EI40D",1.304995059967041,1.4727927446365356,1
1CHO_EFG_I,"RI18M,KI26Q,GI29S,EI40D",3.000711679458618,0.7123053669929504,1
1CHO_EFG_I,"EI7D,RI18M,EI40D",2.5434629917144775,-0.7449069619178772,1
1CHO_EFG_I,"EI7D,KI10R,AI12D,RI18M,EI40D",2.4208016395568848,0.13453608751296997,1
1CHO_EFG_I,"EI7D,RI18M,KI31R,EI40D",2.4574975967407227,-0.5272220969200134,1
1CHO_EFG_I,"EI7G,LI15M,RI18M,EI40D",2.6983089447021484,-0.10979674011468887,1
1CHO_EFG_I,"EI7D,LI15M,RI18M,EI40D",2.728342294692993,-0.34632694721221924,1
1CHO_EFG_I,"EI7D,LI15V,RI18M,GI29D,EI40D",9.519164085388184,4.210135459899902,1
1CHO_EFG_I,"EI7D,LI15V,RI18M,EI40D",6.61243200302124,3.0526764392852783,1
1CHO_EFG_I,"EI7D,TI14R,LI15M,RI18M,EI40D",6.531947135925293,1.4805034399032593,1
1CHO_EFG_I,"EI7G,LI15M,RI18M,EI40D,KI52E",1.8910470008850098,-0.6941609382629395,1
1CHO_EFG_I,"DI4N,EI7G,LI15M,RI18M,EI40D,KI52E",1.913749098777771,-0.8592167496681213,1
1CHO_EFG_I,"EI7D,AI12V,TI14S,RI18M,NI25S,GI29S,NI33D,EI40D,TI46N",4.273555755615234,2.444427728652954,1
1CHO_EFG_I,"EI7D,AI12V,TI14S,RI18M,NI25S,GI29S,NI33D,EI40D",4.4166107177734375,2.50996732711792,1
1CHO_EFG_I,"EI7D,AI12V,TI14S,RI18M,NI25S,GI29S,NI33D,VI38F,EI40D,TI46S",4.233213901519775,1.863049864768982,1
1CHO_EFG_I,"AI12V,TI14S,RI18M,NI25S,KI26Q,GI29S,KI31E,EI40D",6.635976314544678,3.0010945796966553,1
1CHO_EFG_I,"EI7D,YI8H,TI14L,LI15Q,YI17Q,RI18K,LI20I,GI29D,NI33S,EI40D",11.054069519042969,6.088735103607178,1
1CHO_EFG_I,"EI7D,YI8H,TI14L,LI15Q,YI17Q,RI18K,GI29D,NI33S,EI40D",11.138376235961914,6.261284351348877,1
1CHO_EFG_I,LI15M,0.32409724593162537,0.12623503804206848,1
1CHO_EFG_I,"LI15M,TI46N,KI52T",0.6553633213043213,-0.32950514554977417,1
1CHO_EFG_I,"NI25S,GI29A",-0.860901951789856,1.475605845451355,1
1CHO_EFG_I,"AI12D,GI29A",-0.8657383322715759,2.252657175064087,1
1CHO_EFG_I,"AI12D,GI29A,NI30S",-0.030033236369490623,2.3964040279388428,1
1CHO_EFG_I,GI29A,-0.7716429829597473,1.3746753931045532,1
1CHO_EFG_I,"TI14M,LI15S,GI29V",8.988038063049316,5.466183185577393,1
1CHO_EFG_I,"RI18V,LI20I",2.1671829223632812,-1.0877254009246826,1
1CHO_EFG_I,"LI15S,RI18V,LI20I",7.224715232849121,4.0894389152526855,1
1CHO_EFG_I,NI25S,0.0,-0.0006971210241317749,1
1CHO_EFG_I,"LI15M,LI20V,KI26I,EI40K",1.03739333152771,0.1262970268726349,1
1CHO_EFG_I,"AI12G,LI15M,LI20V,KI26I,EI40K",1.1143004894256592,1.5493797063827515,1
1CHO_EFG_I,"LI15M,NI33D,SI48N",-0.48241159319877625,0.19315052032470703,1
1CHO_EFG_I,"EI7D,KI10M,LI15M,LI20V",0.526875913143158,-0.4281519055366516,1
1CHO_EFG_I,"EI7G,LI15M,YI17S,LI20I,KI26T,GI29S,HI49Y,FI50P,KI52V",2.79435658454895,3.4357821941375732,1
1CHO_EFG_I,"AI12T,LI15M",0.9234814643859863,-0.3661036193370819,1
1CHO_EFG_I,"LI15M,TI27S,GI29D",3.5814502239227295,2.2236382961273193,1
1CHO_EFG_I,"AI12D,LI15A,YI17D",10.913369178771973,6.352537631988525,1
1CHO_EFG_I,"LI15M,SI48N,HI49R,KI52Q",0.272369384765625,-0.2525094449520111,1
1CHO_EFG_I,"LI15M,HI49R",0.14070072770118713,0.08747255057096481,1
1CHO_EFG_I,"LI15M,HI49R,KI52E",-0.44068965315818787,-0.2074061930179596,1
1CHO_EFG_I,"LI15M,SI48N",0.3806231915950775,-0.22729173302650452,1
1CHO_EFG_I,"YI8H,YI17D,TI27I,GI29S,NI33D,VI39L",6.88686990737915,5.366196155548096,1
1CHO_EFG_I,YI17H,1.4301855564117432,2.129646062850952,1
1CHO_EFG_I,"LI15M,YI17Q",3.5196218490600586,3.0129830837249756,1
1CHO_EFG_I,"LI15M,GI29D",3.419841766357422,1.8532785177230835,1
1CHO_EFG_I,"LI15M,YI17H,KI26Q,GI29D",4.233213901519775,3.6244029998779297,1
1CHO_EFG_I,"EI7D,TI14L,RI18M,GI29D,NI33S,EI40D,TI46S",9.222419738769531,3.4363768100738525,1
1CHO_EFG_I,"AI12G,TI14M,LI15M,YI17R,RI18L,GI29N,NI30D,SI48N,KI52E",9.20455551147461,6.654384613037109,1
1CHO_EFG_I,"EI7D,RI18M,LI20F,NI25S,GI29S,EI40D",2.669166088104248,0.7623277306556702,1
1CHO_EFG_I,"EI7G,KI10Q,TI14S,RI18V,LI20F,GI29S,NI33D,VI39A,EI40D",1.6365405321121216,2.4247195720672607,1
1CHO_EFG_I,"EI7D,TI14S,EI16D,RI18M,NI25S,GI29S,EI40D,GI51E",7.660467147827148,3.009784460067749,1
1CHO_EFG_I,"EI7D,AI12V,YI17E,RI18M,EI40D",7.824039936065674,1.9526506662368774,1
1CHO_EFG_I,"EI7D,AI12V,TI14S,RI18M,VI39A,EI40D",5.248260974884033,0.264610230922699,1
1CHO_EFG_I,"DI4N,EI7D,AI12V,TI14S,EI16L,RI18M,VI39A,EI40D",6.459868907928467,1.1778963804244995,1
1CHO_EFG_I,"YI8H,EI16D,LI20I,NI25S,GI29S,NI33D,VI39M,EI40D",0.14070072770118713,2.047236204147339,1
1CHO_EFG_I,"EI7D,AI12V,EI16D,RI18M,KI26T,GI29S,EI40D,LI45I",5.681691646575928,0.47770851850509644,1
1CHO_EFG_I,"EI7D,AI12V,TI14S,EI16D,RI18M,KI26T,GI29N,NI33I,EI40D,LI45I",7.61213493347168,2.9837210178375244,1
1CHO_EFG_I,"EI7D,KI10R,AI12V,EI16D,RI18M,GI29S,EI40D,LI45I,KI52R",5.030045509338379,-0.23959410190582275,1
1CHO_EFG_I,"EI7D,AI12V,EI16D,RI18M,GI29S,EI40D,LI45I,KI52R",5.522698879241943,0.4064668118953705,1
1CHO_EFG_I,"AI12D,LI15A",4.827918529510498,3.7125508785247803,1
1CHO_EFG_I,"TI14P,LI15K,GI29D",9.929821014404297,4.9861016273498535,1
1CHO_EFG_I,"TI14P,LI15K",8.366068840026855,4.910844326019287,1
1CHO_EFG_I,"EI7D,LI15M,RI18M,GI29D,EI40D",5.637726783752441,1.4059394598007202,1
1CHO_EFG_I,GI29V,0.5925281047821045,2.2952616214752197,1
1CHO_EFG_I,YI17D,6.1120476722717285,3.4881303310394287,1
1CHO_EFG_I,TI14E,4.895524978637695,3.652956962585449,1
1CHO_EFG_I,"EI7D,LI15F,RI18M,EI40D",1.03739333152771,0.06994836032390594,1
1CHO_EFG_I,TI14S,2.3505473136901855,2.095562696456909,1
1CHO_EFG_I,TI14V,3.273448944091797,1.9561635255813599,1
1CHO_EFG_I,AI12V,0.9234814643859863,-0.9627211093902588,1
1CHO_EFG_I,"AI12V,TI14S",3.6101016998291016,1.3697677850723267,1
1CHO_EFG_I,TI14A,4.317520618438721,3.081652879714966,1
1CHO_EFG_I,LI15K,4.273555755615234,1.925798773765564,1
1CHO_EFG_I,LI15A,4.932125091552734,2.8086869716644287,1
1CHO_EFG_I,LI15E,6.85371732711792,5.25700569152832,1
1CHO_EFG_I,LI15Q,3.556931257247925,1.8075088262557983,1
1CHO_EFG_I,"TI14K,LI15R",7.333680629730225,5.550258159637451,1
1CHO_EFG_I,"TI14R,LI15R",7.201478481292725,5.483929634094238,1
1CHO_EFG_I,"AI12R,LI15R",4.907029151916504,2.644719362258911,1
1CHO_EFG_I,"AI12R,TI14K,LI15R",7.955412864685059,5.913599491119385,1
1CHO_EFG_I,"AI12R,TI14P,LI15R",8.886950492858887,7.1735758781433105,1
1CHO_EFG_I,"PI11S,AI12R,TI14P,LI15R",8.457395553588867,6.726425647735596,1
1PPF_E_I,"EI10D,AI15V,TI17P,EI19D,RI21M,NI28S,GI32S,NI45S,SI51R",3.3328986167907715,1.698038935661316,1
1PPF_E_I,"EI10G,KI13Q,PI14S,TI17P,LI18Q,EI19D,RI21V,LI23F,GI32S,VI42A,EI43D",6.034609317779541,3.116175889968872,1
1PPF_E_I,"EI10D,YI11H,AI15V,TI17S,RI21M,NI28S,GI32S,NI36D",0.2953702211380005,3.1375582218170166,1
1PPF_E_I,"AI15V,TI17S,LI18P,RI21M,NI28S,GI32N,NI36D,NI39S,SI51G",7.373743534088135,6.4432501792907715,1
1PPF_E_I,"EI10D,AI15V,TI17S,RI21M,NI28S,GI32N,NI36D,SI51G",1.014561414718628,2.797762155532837,1
1PPF_E_I,"EI10D,AI15V,TI17S,RI21M,NI28S,GI32S,EI43D",2.087496757507324,2.2765986919403076,1
1PPF_E_I,"VI6I,EI10D,AI15V,TI17S,RI21M,NI28S,GI32S,EI43D,TI49I",1.968727469444275,1.9570249319076538,1
1PPF_E_I,"EI10D,AI15V,TI17S,RI21M,NI28S,GI32S,VI42A,EI43D",1.6139456033706665,2.2913014888763428,1
1PPF_E_I,"EI10D,RI21M,KI29Q,GI32S,NI36S,EI43D",-0.4486997723579407,1.2311805486679077,1
1PPF_E_I,"RI21M,KI29Q,GI32S,EI43D",0.07138418406248093,1.1374479532241821,1
1PPF_E_I,"EI10D,RI21M,EI43D",-0.7596147656440735,-0.11447230726480484,1
1PPF_E_I,"EI10D,KI13R,AI15D,RI21M,EI43D",0.12930475175380707,-0.07056194543838501,1
1PPF_E_I,"EI10D,LI18M,RI21M,EI43D",0.8311648964881897,-0.050763726234436035,1
1PPF_E_I,"EI10D,LI18V,RI21M,GI32D,EI43D",1.4026328325271606,3.9872148036956787,1
1PPF_E_I,"EI10D,LI18V,RI21M,EI43D",0.03846171498298645,2.91241717338562,1
1PPF_E_I,"EI10D,TI17R,LI18M,RI21M,EI43D",4.620742321014404,0.6761318445205688,1
1PPF_E_I,"EI10G,LI18M,RI21M,EI43D,KI55E",-0.010937885381281376,-0.37945666909217834,1
1PPF_E_I,"DI7N,EI10G,LI18M,RI21M,EI43D,KI55E",0.03846171498298645,-0.34592169523239136,1
1PPF_E_I,"EI10D,AI15V,TI17S,YI20D,RI21M,NI28S,GI32S,EI43D",7.481286525726318,5.997099876403809,1
1PPF_E_I,"EI10D,AI15V,TI17S,RI21M,NI28S,GI32S,NI36D,EI43D",-0.029628772288560867,2.8404698371887207,1
1PPF_E_I,"AI15V,TI17S,RI21M,NI28S,KI29Q,GI32S,KI34E,EI43D",1.9420958757400513,2.3952901363372803,1
1PPF_E_I,LI18M,1.2265255451202393,0.08236785233020782,1
1PPF_E_I,"AI15D,GI32A",1.159019112586975,2.337880849838257,1
1PPF_E_I,GI32A,0.2798077166080475,1.8855654001235962,1
1PPF_E_I,"RI21V,LI23I",-0.2930837571620941,-0.9032756686210632,1
1PPF_E_I,"LI18M,LI23V,KI29I,EI43K",1.3923884630203247,0.22777163982391357,1
1PPF_E_I,"AI15G,LI18M,LI23V,KI29I,EI43K",2.279642343521118,1.0179519653320312,1
1PPF_E_I,"LI18M,NI36D,SI51N",-0.8585862517356873,0.9006878733634949,1
1PPF_E_I,"EI10D,KI13M,LI18M,LI23V",1.6279964447021484,-0.27686089277267456,1
1PPF_E_I,"EI10G,LI18M,YI20S,LI23I,KI29T,GI32S,HI52Y,FI53P,KI55V",5.622589111328125,3.3265037536621094,1
1PPF_E_I,"AI15T,LI18M",-1.4927713871002197,0.03526943176984787,1
1PPF_E_I,"LI18M,TI30S,GI32D",4.176570892333984,2.9778006076812744,1
1PPF_E_I,"LI18I,GI32D",2.5231902599334717,5.046624183654785,1
1PPF_E_I,"AI15D,LI18A,YI20D",8.737914085388184,6.234808444976807,1
1PPF_E_I,"LI18M,HI52R",1.4817438125610352,0.3266581892967224,1
1PPF_E_I,"LI18M,SI51N",1.25759756565094,0.5859538912773132,1
1PPF_E_I,YI20H,2.452770709991455,2.829179525375366,1
1PPF_E_I,"LI18M,YI20Q",5.8396077156066895,3.2746570110321045,1
1PPF_E_I,"LI18M,GI32D",3.9859397411346436,2.7233822345733643,1
1PPF_E_I,"EI10D,TI17L,RI21M,GI32D,NI36S,EI43D,TI49S",4.372321128845215,3.362478017807007,1
1PPF_E_I,"EI10D,RI21M,LI23F,NI28S,GI32S,EI43D",0.46085023880004883,1.24192214012146,1
1PPF_E_I,"EI10G,KI13Q,TI17S,RI21V,LI23F,GI32S,NI36D,VI42A,EI43D",0.5055848360061646,2.367985486984253,1
1PPF_E_I,"EI10D,TI17S,EI19D,RI21M,NI28S,GI32S,EI43D,GI54E",3.2812302112579346,2.4223341941833496,1
1PPF_E_I,"EI10D,AI15V,YI20E,RI21M,EI43D",6.527771949768066,3.3790807723999023,1
1PPF_E_I,"EI10D,AI15V,TI17S,RI21M,VI42A,EI43D",1.2265255451202393,1.201187014579773,1
1PPF_E_I,"DI7N,EI10D,AI15V,TI17S,EI19L,RI21M,VI42A,EI43D",1.4026328325271606,1.7501534223556519,1
1PPF_E_I,"EI10D,AI15V,YI20D,RI21M,KI29I,GI32H,NI36Y,VI42A,EI43H,LI50F",4.923678398132324,5.256000995635986,1
1PPF_E_I,"YI11H,EI19D,LI23I,NI28S,GI32S,NI36D,VI42M,EI43D",0.32947757840156555,1.7293936014175415,1
1PPF_E_I,"EI10D,AI15V,EI19D,RI21M,KI29T,GI32S,EI43D,LI48I",1.917059063911438,1.022463321685791,1
1PPF_E_I,"EI10D,AI15V,TI17S,EI19D,RI21M,KI29T,GI32N,NI36I,EI43D,LI48I",4.598098278045654,2.8563625812530518,1
1PPF_E_I,"EI10D,KI13R,AI15V,EI19D,RI21M,GI32S,EI43D,LI48I,KI55R",2.3270046710968018,0.8887338638305664,1
1PPF_E_I,"EI10D,AI15V,EI19D,RI21M,GI32S,EI43D,LI48I,KI55R",2.486314535140991,0.9486250281333923,1
1PPF_E_I,GI32V,2.5432751178741455,2.5399653911590576,1
1PPF_E_I,TI17E,3.074164390563965,3.406503438949585,1
1PPF_E_I,"EI10D,LI18F,RI21M,EI43D",4.55336332321167,1.6707683801651,1
1PPF_E_I,TI17S,1.5567675828933716,2.5699288845062256,1
1PPF_E_I,TI17V,1.5435720682144165,2.5919382572174072,1
1PPF_E_I,AI15V,0.1925964206457138,-0.11713766306638718,1
1PPF_E_I,"AI15V,TI17S",1.7657266855239868,2.49079966545105,1
1PPF_E_I,TI17A,2.894247055053711,2.965486526489258,1
1PPF_E_I,LI18K,5.649281024932861,2.850062608718872,1
1PPF_E_I,LI18A,0.9628335237503052,2.5954320430755615,1
1PPF_E_I,LI18E,7.070630073547363,5.364472389221191,1
1PPF_E_I,LI18Q,3.388773202896118,2.4996063709259033,1
1BD2_ABC_DE,EE28A,2.8351387977600098,0.8705191612243652,1
1BD2_ABC_DE,YC8A,2.7603745460510254,3.1469566822052,1
1BD2_ABC_DE,"EE28A,YC8A",3.966677188873291,3.6201117038726807,1
1BD2_ABC_DE,ED93A,1.3156907558441162,1.1887998580932617,1
1BD2_ABC_DE,RA65A,2.4992330074310303,2.243306875228882,1
1BD2_ABC_DE,"ED93A,RA65A",3.1152541637420654,1.4535871744155884,1
1BD2_ABC_DE,DD30N,1.9193298816680908,1.0433903932571411,1
1BD2_ABC_DE,YC5A,3.4075310230255127,2.1594653129577637,1
1BD2_ABC_DE,"DD30N,YC5A",1.4770017862319946,2.523090362548828,1
1BD2_ABC_DE,DD30N,1.9555097818374634,1.0433903932571411,1
1BD2_ABC_DE,YC5F,0.7336106896400452,-0.21847692131996155,1
1BD2_ABC_DE,"DD30N,YC5F",2.499720573425293,0.11822309345006943,1
1BD2_ABC_DE,YE99A,0.2170730084180832,1.1794363260269165,1
1BD2_ABC_DE,YC5F,0.5563236474990845,-0.21847692131996155,1
1BD2_ABC_DE,"YE99A,YC5F",0.8948648571968079,1.8290387392044067,1
1BD2_ABC_DE,YE99A,0.2357640564441681,1.1794363260269165,1
1BD2_ABC_DE,YC5A,3.2765021324157715,2.1594653129577637,1
1BD2_ABC_DE,"YE99A,YC5A",2.6869916915893555,3.4286932945251465,1
3QFJ_ABC_DE,FC5Y,-0.17043781280517578,-0.3436708450317383,1
3PWP_ABC_DE,GC2L,-0.6341851353645325,1.0090144872665405,1
3PWP_ABC_DE,"GC2L,IC9V",-0.38579463958740234,0.9905533194541931,1
1BD2_ABC_DE,YC5F,0.930243194103241,-0.21847692131996155,1
1BD2_ABC_DE,YC5W,1.9285753965377808,0.6871219277381897,1
1BD2_ABC_DE,YE99A,0.471099317073822,1.1794363260269165,1
1LP9_ABC_EF,TA163A,-0.40431997179985046,0.894970715045929,1
1LP9_ABC_EF,WA167A,0.29880499839782715,0.7897174954414368,1
1LP9_ABC_EF,KA66A,0.7283912301063538,1.7743881940841675,1
2UWE_ABC_EF,AA163T,0.40431997179985046,-0.11442108452320099,1
2J8U_ABC_EF,AA66K,-0.7283912301063538,-0.9411229491233826,1
1LP9_ABC_EF,KA66A,1.1528583765029907,1.7743881940841675,1
2J8U_ABC_EF,AA66K,-1.1528583765029907,-0.9411229491233826,1
1BD2_ABC_DE,"EA63Q,KA66A",1.9614979028701782,1.5873185396194458,1
2BNQ_ABC_DE,VC9C,0.5019832849502563,0.25367775559425354,1
1YY9_CD_A,LD29P,0.03084089420735836,1.2747853994369507,1
1YY9_CD_A,WD52P,1.4789330959320068,1.366223931312561,1
1YY9_CD_A,SD53P,0.8179112076759338,0.3789617419242859,1
1YY9_CD_A,GD54P,0.2681904733181,1.3698769807815552,1
1YY9_CD_A,AD98P,1.0376917123794556,-1.154833436012268,1
1YY9_CD_A,YD101P,1.6521589756011963,-0.09672793745994568,1
1YY9_CD_A,AC25P,0.07228799909353256,0.27657654881477356,1
1YY9_CD_A,SC26P,-0.00911482609808445,-0.23504865169525146,1
1YY9_CD_A,SC28P,-0.22239916026592255,-0.2776534855365753,1
1YY9_CD_A,SC54P,-0.018372075632214546,-0.33786308765411377,1
1YY9_CD_A,TC96P,4.004943370819092,0.9295855164527893,1
1QAB_ABCD_E,"VA30M,VB21M,VC21M,VD21M",-0.27507877349853516,-0.23998653888702393,1
1QAB_ABCD_E,"LA55P,LB46P,LC46P,LD46P",0.37579625844955444,2.375581741333008,1
1QAB_ABCD_E,"LA58H,LB49H,LC49H,LD49H",-0.07190047949552536,0.07800908386707306,1
1QAB_ABCD_E,"TA60A,TB51A,TC51A,TD51A",0.1219574585556984,0.8518238663673401,1
1QAB_ABCD_E,"SA85A,SB76A,SC76A,SD76A",0.9150529503822327,-0.23128122091293335,1
1QAB_ABCD_E,"DA99A,DB90A,DC90A,DD90A",1.7057868242263794,1.9897128343582153,1
1QAB_ABCD_E,"SA100E,SB91E,SC91E,SD91E",1.6644362211227417,0.3352453112602234,1
1QAB_ABCD_E,"YA114H,YB105H,YC105H,YD105H",0.6891109943389893,0.048286549746990204,1
1QAB_ABCD_E,"YA114F,YB105F,YC105F,YD105F",-0.39396652579307556,-0.7237058281898499,1
4GXU_ABCDEF_MN,DA189E,2.166057586669922,1.298468828201294,1
4GXU_ABCDEF_MN,DA224G,1.9617561101913452,0.7827557921409607,1
4GXU_ABCDEF_MN,"DA189E,DA224G",3.0115554332733154,1.279451847076416,1
1N8Z_AB_C,LC509A,-0.023055516183376312,0.045499108731746674,1
1N8Z_AB_C,SC535A,0.03084089420735836,0.009401611983776093,1
1N8Z_AB_C,VC536A,0.008976716548204422,0.3230082392692566,1
1N8Z_AB_C,FC539A,0.03511854633688927,1.5900033712387085,1
3AAA_AB_C,KA248A,2.488123655319214,1.8824917078018188,1
3AAA_AB_C,KA248E,3.4500420093536377,2.0906662940979004,1
3AAA_AB_C,RA252A,3.0476717948913574,2.1285762786865234,1
3AAA_AB_C,RA252E,4.001186370849609,2.070019245147705,1
3AAA_AB_C,RA258A,2.2457852363586426,1.4560102224349976,1
3AAA_AB_C,RA258E,3.563595771789551,1.2365230321884155,1
3AAA_AB_C,"KA248A,RA258A",4.7972846031188965,2.3177683353424072,1
3AAA_AB_C,WC7A,3.388547420501709,2.332420825958252,1
3AAA_AB_C,DC43A,5.125138759613037,1.3129229545593262,1
3AAA_AB_C,EC77A,1.9660552740097046,0.20987620949745178,1
3AAA_AB_C,EC77R,4.092513084411621,0.5972530841827393,1
3BT1_A_U,LU1A,0.34248337149620056,0.3774469196796417,1
3BT1_A_U,RU2A,0.09499531984329224,0.02486850693821907,1
3BT1_A_U,MU4A,0.03743046522140503,0.32470303773880005,1
3BT1_A_U,QU5A,0.06113170459866524,-0.409588098526001,1
3BT1_A_U,KU7A,0.27360501885414124,0.623586893081665,1
3BT1_A_U,TU8A,0.17684276401996613,1.9037410020828247,1
3BT1_A_U,NU9A,0.3052099347114563,0.587580144405365,1
3BT1_A_U,GU10A,0.265433132648468,1.4699862003326416,1
3BT1_A_U,DU11A,-0.02633553557097912,1.051049828529358,1
3BT1_A_U,RU13A,0.27360501885414124,0.2915618121623993,1
3BT1_A_U,VU14A,0.28166571259498596,0.03476167470216751,1
3BT1_A_U,EU15A,0.11654140055179596,0.16882795095443726,1
3BT1_A_U,EU16A,0.08392112702131271,0.07697245478630066,1
3BT1_A_U,AU18S,0.07263598591089249,0.045985788106918335,1
3BT1_A_U,LU19A,0.17684276401996613,0.02959887683391571,1
3BT1_A_U,GU20A,0.0,0.12495575100183487,1
3BT1_A_U,QU21A,0.3128545880317688,0.05987505614757538,1
3BT1_A_U,DU22A,0.23156951367855072,0.162814199924469,1
3BT1_A_U,LU23A,0.46005600690841675,1.0263644456863403,1
3BT1_A_U,RU25A,1.0169651508331299,0.32364630699157715,1
3BT1_A_U,TU26A,0.1863221973180771,0.37798434495925903,1
3BT1_A_U,TU27A,0.9107969403266907,0.7914032340049744,1
3BT1_A_U,IU28A,0.07263598591089249,0.9997639060020447,1
3BT1_A_U,VU29A,0.7158663868904114,0.6864234209060669,1
3BT1_A_U,RU30A,0.46005600690841675,0.6637871861457825,1
3BT1_A_U,LU31A,0.3128545880317688,0.6142253279685974,1
3BT1_A_U,WU32A,-0.013021446764469147,0.2025376558303833,1
3BT1_A_U,EU33A,0.377549946308136,0.1410733461380005,1
3BT1_A_U,EU34A,0.34248337149620056,-0.009203743189573288,1
3BT1_A_U,GU35A,0.3204018473625183,-0.19193795323371887,1
3BT1_A_U,EU36A,0.09499531984329224,0.27229273319244385,1
3BT1_A_U,EU37A,0.04939959943294525,0.2906927168369293,1
3BT1_A_U,LU38A,0.5218843221664429,1.5594210624694824,1
3BT1_A_U,EU39A,0.15741637349128723,0.7103269696235657,1
3BT1_A_U,LU40A,0.8707124590873718,1.7666300535202026,1
3BT1_A_U,VU41A,0.4889618456363678,0.8675603270530701,1
3BT1_A_U,EU42A,-0.19677335023880005,0.12413635104894638,1
3BT1_A_U,KU43A,0.22279229760169983,1.6924532651901245,1
3BT1_A_U,SU44A,0.22279229760169983,-0.272363543510437,1
3BT1_A_U,TU46A,0.46005600690841675,0.28808265924453735,1
3BT1_A_U,HU47A,0.39101532101631165,0.7400562763214111,1
3BT1_A_U,SU48A,0.40418148040771484,0.09899672120809555,1
3BT1_A_U,EU49A,-0.02633553557097912,0.3492833077907562,1
3BT1_A_U,KU50A,0.6422259211540222,0.4051278829574585,1
3BT1_A_U,TU51A,0.7120067477226257,0.27804988622665405,1
3BT1_A_U,NU52Q,0.6334487199783325,0.18336790800094604,1
3BT1_A_U,RU53A,0.8882246017456055,0.10742058604955673,1
3BT1_A_U,TU54A,0.39101532101631165,0.8301587700843811,1
3BT1_A_U,LU55A,1.1109310388565063,1.1022714376449585,1
3BT1_A_U,SU56A,0.04939959943294525,0.6234562397003174,1
3BT1_A_U,YU57A,1.200562834739685,1.2282673120498657,1
3BT1_A_U,RU58A,-0.06817305088043213,0.2087581753730774,1
3BT1_A_U,TU59A,0.5530732274055481,0.39698711037635803,1
3BT1_A_U,GU60A,0.29746535420417786,0.05989228934049606,1
3BT1_A_U,LU61A,-0.12899070978164673,-0.058762677013874054,1
3BT1_A_U,KU62A,0.41706135869026184,0.15868818759918213,1
3BT1_A_U,IU63A,0.11654140055179596,0.3938564360141754,1
3BT1_A_U,TU64A,0.659399688243866,1.3247634172439575,1
3BT1_A_U,SU65A,0.3128545880317688,0.10368125885725021,1
3BT1_A_U,LU66A,1.3769124746322632,1.2564185857772827,1
3BT1_A_U,TU67A,0.1863221973180771,0.0186728835105896,1
3BT1_A_U,EU68A,0.04939959943294525,1.2486003637313843,1
3BT1_A_U,VU69A,0.22279229760169983,0.08331943303346634,1
3BT1_A_U,VU70A,0.14745895564556122,0.30249106884002686,1
3BT1_A_U,GU72A,0.2402186095714569,0.3170939087867737,1
3BT1_A_U,LU73A,0.23156951367855072,0.11110083013772964,1
3BT1_A_U,DU74A,0.3052099347114563,0.019269146025180817,1
3BT1_A_U,LU75A,0.5165227055549622,-0.21069136261940002,1
3BT1_A_U,QU78A,0.2402186095714569,-0.1902834177017212,1
3BT1_A_U,GU79A,0.22279229760169983,-0.13152065873146057,1
3BT1_A_U,NU80A,0.204837828874588,0.16396740078926086,1
3BT1_A_U,SU81A,0.257146954536438,0.010868750512599945,1
3BT1_A_U,GU82A,0.09499531984329224,0.08321963250637054,1
3BT1_A_U,VU83A,0.28166571259498596,0.30667975544929504,1
3BT1_A_U,TU84A,-0.08280224353075027,-0.17426514625549316,1
3BT1_A_U,YU85A,0.24874325096607208,0.40234044194221497,1
3BT1_A_U,SU86A,0.2402186095714569,-0.06985421478748322,1
3BT1_A_U,RU87A,0.2402186095714569,-0.017607033252716064,1
3BT1_A_U,SU88A,0.1956523358821869,-0.1094861552119255,1
3BT1_A_U,RU89A,0.28166571259498596,0.19496223330497742,1
3BT1_A_U,YU90A,0.17684276401996613,0.08699075132608414,1
3BT1_A_U,LU91A,-0.1619131714105606,0.3182796239852905,1
3BT1_A_U,EU92A,0.204837828874588,-0.02934279292821884,1
3BT1_A_U,IU94A,0.1863221973180771,-0.08200593292713165,1
3BT1_A_U,SU95A,0.8707124590873718,0.6832568049430847,1
3BT1_A_U,GU97A,-0.6638965010643005,0.5318453907966614,1
3BT1_A_U,SU98A,1.156526803970337,-0.1528511941432953,1
3BT1_A_U,SU99A,0.29746535420417786,0.39916035532951355,1
3BT1_A_U,DU100A,1.6920253038406372,-0.13061314821243286,1
3BT1_A_U,MU101A,0.4106564223766327,-0.07149328291416168,1
3BT1_A_U,SU102A,0.6109192967414856,0.00022783875465393066,1
3BT1_A_U,EU104A,0.8148378729820251,0.331746369600296,1
3BT1_A_U,RU105A,0.40418148040771484,0.011422932147979736,1
3BT1_A_U,RU107A,0.265433132648468,0.00177856907248497,1
3BT1_A_U,HU108A,0.41706135869026184,0.3834913969039917,1
3BT1_A_U,QU109A,0.08392112702131271,0.10051269084215164,1
3BT1_A_U,SU110A,0.24874325096607208,-0.03383635729551315,1
3BT1_A_U,LU111A,1.4646269083023071,0.47710633277893066,1
3BT1_A_U,QU112A,-0.12899070978164673,0.017766695469617844,1
3BT1_A_U,RU114A,0.21388307213783264,-0.07706569880247116,1
3BT1_A_U,SU115A,0.012741394340991974,0.03148425370454788,1
3BT1_A_U,PU116A,-0.25324004888534546,0.0920528694987297,1
3BT1_A_U,EU117A,-0.29411500692367554,0.00968911126255989,1
3BT1_A_U,EU118A,0.0,0.21519213914871216,1
3BT1_A_U,QU119A,-0.06817305088043213,0.44893312454223633,1
3BT1_A_U,LU121A,0.46005600690841675,0.4700676202774048,1
3BT1_A_U,DU122A,0.7882063388824463,0.9739968180656433,1
3BT1_A_U,VU123A,0.7882063388824463,1.4102801084518433,1
3BT1_A_U,VU124A,0.7458703517913818,1.073859691619873,1
3BT1_A_U,TU125A,1.002914309501648,1.1330312490463257,1
3BT1_A_U,HU126A,0.39101532101631165,0.1323108971118927,1
3BT1_A_U,WU127A,-0.43699195981025696,0.9160917401313782,1
3BT1_A_U,IU128A,-0.31566110253334045,0.03265342861413956,1
3BT1_A_U,QU129A,-0.0978018268942833,-0.07938583195209503,1
3BT1_A_U,EU130A,0.03743046522140503,0.12625685334205627,1
3BT1_A_U,GU131A,-0.2150040864944458,0.11212673038244247,1
3BT1_A_U,EU132A,-0.1619131714105606,0.057342253625392914,1
3BT1_A_U,EU133A,-0.14522328972816467,-0.08972253650426865,1
3BT1_A_U,GU134A,-0.08280224353075027,0.05609836429357529,1
3BT1_A_U,RU135A,0.24874325096607208,0.31416234374046326,1
3BT1_A_U,PU136A,0.33521392941474915,0.5843879580497742,1
3BT1_A_U,KU137A,0.6200341582298279,0.44843626022338867,1
3BT1_A_U,DU138A,1.2959980964660645,0.6417160630226135,1
3BT1_A_U,DU139A,1.048509955406189,0.459719717502594,1
3BT1_A_U,RU140A,0.804990828037262,0.6005757451057434,1
3BT1_A_U,HU141A,0.6378535628318787,0.6376049518585205,1
3BT1_A_U,LU142A,0.7235110402107239,1.3130370378494263,1
3BT1_A_U,RU143A,0.9190446734428406,0.6570064425468445,1
3BT1_A_U,GU144A,1.250980019569397,1.2155967950820923,1
3BT1_A_U,GU146A,1.4402152299880981,0.20873847603797913,1
3BT1_A_U,YU147A,-0.11319105327129364,0.2359830141067505,1
3BT1_A_U,LU148A,1.6624155044555664,0.6821053624153137,1
3BT1_A_U,PU149A,0.5969786047935486,0.010807562619447708,1
3BT1_A_U,GU150A,0.5165227055549622,0.053806401789188385,1
3BT1_A_U,PU152A,0.46005600690841675,0.13787159323692322,1
3BT1_A_U,SU154A,-0.03995572030544281,0.4296255111694336,1
3BT1_A_U,NU155A,0.6016620397567749,0.9144358038902283,1
3BT1_A_U,GU156A,-0.23381365835666656,0.7021045088768005,1
3BT1_A_U,FU157A,0.700274646282196,1.3796485662460327,1
3BT1_A_U,HU158A,0.204837828874588,1.004066824913025,1
3BT1_A_U,NU159A,0.3707006871700287,0.6362374424934387,1
3BT1_A_U,NU160Q,0.39101532101631165,0.02964618057012558,1
3BT1_A_U,DU161A,-0.0978018268942833,0.2836800217628479,1
3BT1_A_U,TU162A,-0.08280224353075027,0.785352885723114,1
3BT1_A_U,FU163A,1.0636740922927856,0.6085010170936584,1
3BT1_A_U,HU164A,1.0284249782562256,1.0787588357925415,1
3BT1_A_U,FU165A,0.12702755630016327,1.0117849111557007,1
3BT1_A_U,LU166A,0.7458703517913818,2.6048033237457275,1
3BT1_A_U,KU167A,0.28166571259498596,0.41391295194625854,1
3BT1_A_U,NU170Q,0.17684276401996613,0.07513382285833359,1
3BT1_A_U,TU171A,0.27360501885414124,0.1176380142569542,1
3BT1_A_U,TU172A,0.4106564223766327,0.17733222246170044,1
3BT1_A_U,KU173A,0.6923221349716187,0.1987636685371399,1
3BT1_A_U,EU176A,0.025214528664946556,0.2419859766960144,1
3BT1_A_U,GU177A,0.327854186296463,0.1114167794585228,1
3BT1_A_U,PU178A,-0.2733250856399536,-0.28482335805892944,1
3BT1_A_U,IU179A,0.36377134919166565,0.04129888862371445,1
3BT1_A_U,LU180A,0.6719609498977661,0.43710410594940186,1
3BT1_A_U,EU181A,0.46005600690841675,0.402382493019104,1
3BT1_A_U,LU182A,0.7310582995414734,0.822073221206665,1
3BT1_A_U,EU183A,0.39101532101631165,0.04243019223213196,1
3BT1_A_U,NU184A,0.327854186296463,0.015252850949764252,1
3BT1_A_U,LU185A,0.204837828874588,0.800373375415802,1
3BT1_A_U,PU186A,-0.013021446764469147,-0.07063102722167969,1
3BT1_A_U,QU187A,-0.17908690869808197,0.1662673056125641,1
3BT1_A_U,NU188A,-0.23381365835666656,0.3137943744659424,1
3BT1_A_U,GU189A,-0.0978018268942833,0.12749004364013672,1
3BT1_A_U,RU190A,0.3204018473625183,-0.023269087076187134,1
3BT1_A_U,QU191A,-0.19677335023880005,0.371357262134552,1
3BT1_A_U,YU193A,-0.06817305088043213,0.27156150341033936,1
3BT1_A_U,SU194A,-0.2733250856399536,0.4150736927986145,1
3BT1_A_U,KU196A,0.24874325096607208,0.32208505272865295,1
3BT1_A_U,GU197A,0.025214528664946556,0.1416785717010498,1
3BT1_A_U,NU198Q,0.012741394340991974,0.14243203401565552,1
3BT1_A_U,SU199A,-0.12899070978164673,-0.03909660875797272,1
3BT1_A_U,TU200A,-0.23381365835666656,0.07888161391019821,1
3BT1_A_U,HU201A,0.012741394340991974,-0.1825534999370575,1
3BT1_A_U,GU202A,-0.4106564223766327,0.030649356544017792,1
3BT1_A_U,SU204A,-0.2150040864944458,0.10746293514966965,1
3BT1_A_U,SU205A,-0.2150040864944458,-0.02489524334669113,1
3BT1_A_U,EU206A,-0.11319105327129364,0.022330068051815033,1
3BT1_A_U,EU207A,-0.25324004888534546,0.06394478678703308,1
3BT1_A_U,TU208A,0.23156951367855072,0.4112129211425781,1
3BT1_A_U,FU209A,0.1956523358821869,0.013723108917474747,1
3BT1_A_U,LU210A,-0.5238474607467651,0.3543776273727417,1
3BT1_A_U,IU211A,0.14745895564556122,0.20412006974220276,1
3BT1_A_U,DU212A,-0.06817305088043213,-0.06109163910150528,1
3BT1_A_U,RU214A,-0.02633553557097912,0.13135749101638794,1
3BT1_A_U,GU215A,-0.0978018268942833,0.2403700351715088,1
3BT1_A_U,PU216A,-0.11319105327129364,-0.05239979922771454,1
3BT1_A_U,MU217A,1.0284249782562256,0.7947620749473572,1
3BT1_A_U,NU218A,-0.17908690869808197,0.04731114208698273,1
3BT1_A_U,QU219A,-0.06817305088043213,0.25532394647598267,1
3BT1_A_U,LU221A,0.265433132648468,0.4934130311012268,1
3BT1_A_U,VU222A,-0.49345865845680237,0.5109673142433167,1
3BT1_A_U,AU223S,-0.23381365835666656,-0.2547980844974518,1
3BT1_A_U,TU224A,-0.2150040864944458,-0.08243381977081299,1
3BT1_A_U,GU225A,0.7120067477226257,0.08011028915643692,1
3BT1_A_U,TU226A,-0.02633553557097912,0.24774137139320374,1
3BT1_A_U,HU227A,0.265433132648468,0.5992652773857117,1
3BT1_A_U,EU228A,0.17684276401996613,0.049167945981025696,1
3BT1_A_U,PU229A,0.04939959943294525,0.27809759974479675,1
3BT1_A_U,KU230A,0.265433132648468,-0.09760529547929764,1
3BT1_A_U,NU231A,0.33521392941474915,0.15280461311340332,1
3BT1_A_U,QU232A,0.09499531984329224,0.07585591822862625,1
3BT1_A_U,SU233A,-0.17908690869808197,-0.1600416898727417,1
3BT1_A_U,YU234A,0.1863221973180771,0.8410478830337524,1
3BT1_A_U,MU235A,0.04939959943294525,0.05348172038793564,1
3BT1_A_U,VU236A,0.15741637349128723,0.6746351718902588,1
3BT1_A_U,RU237A,0.1956523358821869,0.6008346676826477,1
3BT1_A_U,GU238A,-0.08280224353075027,0.2224748432636261,1
3BT1_A_U,AU240S,-0.17908690869808197,-0.8636389374732971,1
3BT1_A_U,TU241A,0.34966468811035156,0.06005782634019852,1
3BT1_A_U,AU242S,-0.31566110253334045,-0.014086257666349411,1
3BT1_A_U,SU243A,-0.06817305088043213,-0.09570559859275818,1
3BT1_A_U,MU244A,0.12702755630016327,1.2634186744689941,1
3BT1_A_U,QU246A,0.46005600690841675,0.004490897059440613,1
3BT1_A_U,HU247A,0.04939959943294525,-0.06525075435638428,1
3BT1_A_U,AU248S,0.12702755630016327,0.13764336705207825,1
3BT1_A_U,HU249A,0.28166571259498596,0.5573146343231201,1
3BT1_A_U,LU250A,0.41706135869026184,1.3227109909057617,1
3BT1_A_U,GU251A,0.17684276401996613,-0.22285205125808716,1
3BT1_A_U,DU252A,0.06113170459866524,1.0793763399124146,1
3BT1_A_U,AU253S,0.204837828874588,-0.34776806831359863,1
3BT1_A_U,FU254A,0.8939488530158997,1.2420265674591064,1
3BT1_A_U,SU255A,0.21388307213783264,0.008137863129377365,1
3BT1_A_U,MU256A,0.7385106086730957,0.7388617396354675,1
3BT1_A_U,NU257A,-0.23381365835666656,0.37078148126602173,1
3BT1_A_U,HU258A,0.04939959943294525,-0.03097999095916748,1
3BT1_A_U,IU259A,0.13733132183551788,-0.008419923484325409,1
3BT1_A_U,DU260A,0.10586630553007126,0.01026136800646782,1
3BT1_A_U,VU261A,0.2402186095714569,0.275293231010437,1
3BT1_A_U,SU262A,-0.06817305088043213,0.1342674195766449,1
3BT1_A_U,TU265A,0.06113170459866524,0.1022317036986351,1
3BT1_A_U,KU266A,0.09499531984329224,0.008219096809625626,1
3BT1_A_U,SU267A,-0.14522328972816467,0.19698616862297058,1
3BT1_A_U,GU268A,-0.29411500692367554,0.07297419756650925,1
3BT1_A_U,HU271A,0.14745895564556122,0.0678430050611496,1
3BT1_A_U,PU272A,-0.013021446764469147,0.21515598893165588,1
3BT1_A_U,DU273A,0.04939959943294525,0.09726477414369583,1
3UII_A_P,KA58A,0.045595720410346985,0.4405069649219513,1
3UII_A_P,"KA58Y,HA76W",0.03452153131365776,-0.7139753103256226,1
3UIH_A_P,"KA58Y,HA76W",-1.0724024772644043,-0.5321846604347229,1
3SEK_B_C,LC11E,2.8872756958007812,0.8703485727310181,1
3SEK_B_C,LC44E,4.455748081207275,2.9338467121124268,1
3SEK_B_C,FC47E,4.455748081207275,2.7599384784698486,1
3SEK_B_C,LC48E,4.215529441833496,2.676072120666504,1
3SEK_B_C,LC44A,2.6809208393096924,2.9254589080810547,1
3SEK_B_C,FC47A,2.2293894290924072,2.816265344619751,1
3SEK_B_C,LC48A,3.408845901489258,2.9172189235687256,1
3L5X_A_HL,"HL91Q,NL92D,EL93L,YL94G",-1.7859313488006592,1.504119873046875,1
3L5X_A_HL,"NL92D,EL93W,YL94G",-1.6832761764526367,1.0078316926956177,1
3L5X_A_HL,"HL91Q,NL92D,EL93I,YL94G",-1.5510743856430054,1.438834547996521,1
3L5X_A_HL,"NL92E,EL93W,YL94G",-1.5510743856430054,1.1508159637451172,1
3L5X_A_HL,"NL92D,EL93P,YL94G",-1.470618486404419,0.7143723368644714,1
3L5X_A_HL,"HL91Q,NL92D,EL93Y,YL94G",-1.452102780342102,1.3810590505599976,1
3L5X_A_HL,"NL92S,EL93W,YL94G",-1.2726197242736816,1.502932071685791,1
3L5X_A_HL,"NL92E,EL93S,YL94G",-1.2659252882003784,1.5620540380477905,1
3L5X_A_HL,"NL92S,EL93H,YL94G",-1.2462842464447021,1.5187395811080933,1
3L5X_A_HL,"NL92F,EL93W,YL94G",-1.233542799949646,0.755679190158844,1
3L5X_A_HL,"NL92D,EL93W,YL94E",-1.1968846321105957,0.37430843710899353,1
3L5X_A_HL,"NL92S,EL93Y,YL94G",-0.9646185040473938,1.4212125539779663,1
3L5X_A_HL,"HL91P,NL92L,EL93D,YL94V",-0.8586066961288452,2.6832711696624756,1
3L5X_A_HL,"NL92V,EL93W,YL94G",-0.8356277942657471,1.1263114213943481,1
3L5X_A_HL,YL94A,-0.8292228579521179,0.8604856729507446,1
3L5X_A_HL,"NL92L,EL93M,YL94G",-0.8260461688041687,1.1539061069488525,1
3L5X_A_HL,"HL91P,NL92L,EL93D,YL94T",-0.8104133009910583,2.776409864425659,1
3L5X_A_HL,"NL92D,EL93Y,YL94A",-0.807335615158081,1.0126811265945435,1
3L5X_A_HL,"NL92S,EL93I,YL94G",-0.807335615158081,1.4432379007339478,1
3L5X_A_HL,"EL93H,YL94G",-0.7629918456077576,1.2617542743682861,1
3L5X_A_HL,"NL92D,EL93W,YL94S",-0.7164474129676819,0.9854993224143982,1
3L5X_A_HL,"NL92L,EL93N,YL94G",-0.6957483291625977,1.117233157157898,1
3L5X_A_HL,"NL92L,EL93D,YL94S",-0.6806851625442505,1.1525342464447021,1
3L5X_A_HL,"HL91P,NL92I,EL93D,YL94A",-0.6469592452049255,2.912590742111206,1
3L5X_A_HL,"HL91P,NL92L,EL93D,YL94S",-0.6330730319023132,2.8249528408050537,1
3L5X_A_HL,"NL92L,EL93L,YL94G",-0.6262500882148743,1.066723108291626,1
3L5X_A_HL,"NL92L,EL93D,YL94S",-0.5539621114730835,1.1525342464447021,1
3L5X_A_HL,"NL92D,EL93N,YL94S",-0.5342774987220764,0.9562190771102905,1
3L5X_A_HL,"NL92D,EL93R,YL94D",-0.5227732062339783,0.2586568593978882,1
3L5X_A_HL,"NL92S,EL93V,YL94G",-0.5171037912368774,1.6553040742874146,1
3L5X_A_HL,"NL92V,EL93G,YL94G",-0.4632073640823364,1.4711172580718994,1
3L5X_A_HL,"HL91P,NL92L,YL94A",-0.4446124732494354,2.1311471462249756,1
3L5X_A_HL,"NL92D,EL93L,YL94G",-0.4298209547996521,1.1174923181533813,1
3L5X_A_HL,"EL93F,YL94G",-0.42820003628730774,1.2525604963302612,1
3L5X_A_HL,"NL92S,EL93W,YL94A",-0.30316370725631714,1.4495869874954224,1
3L5X_A_HL,"NL92S,EL93S,YL94G",-0.24932429194450378,1.747252106666565,1
4UYP_A_D,"SD15I,ID16N",-0.2552182078361511,-0.4721689522266388,1
4UYP_A_D,"ID51S,ND52I,SD15I,ID16N",-0.21131277084350586,2.2049620151519775,1
4UYP_A_D,"RD14N,KD50N,SD15I,ID16N",0.6891109943389893,0.23192229866981506,1
4UYP_A_D,"ID51S,ID16N",1.9741711616516113,2.729461669921875,1
4UYP_A_D,"ND52I,SD15I",3.8372950553894043,-0.7484090924263,1
4UYP_A_D,"AD18F,AD54F,SD15I,ID16N",4.680967330932617,-2.428485155105591,1
4UYP_A_D,"LD20Y,LD56Y,SD15I,ID16N",0.2402186095714569,-0.04917621612548828,1
4UYP_A_D,"DD23Q,DD59Q,SD15I,ID16N",4.472780704498291,0.3754402995109558,1
4UYQ_A_B,"SB51I,IB52N",-0.04390541464090347,-0.41441309452056885,1
4UYQ_A_B,"IB15S,NB16I,SB51I,IB52N",0.21131277084350586,2.160482168197632,1
4UYQ_A_B,"RB14N,KB50N,SB51I,IB52N",0.9004237651824951,0.7405112981796265,1
4UYQ_A_B,"IB15S,IB52N",2.185483932495117,2.8829290866851807,1
4UYQ_A_B,"NB16I,SB51I",4.04860782623291,-0.38914087414741516,1
4UYQ_A_B,"AB18F,AB54F,SB51I,IB52N",4.892280101776123,-2.779805898666382,1
4UYQ_A_B,"LB20Y,LB56Y,SB51I,IB52N",0.45153138041496277,0.04837135970592499,1
4UYQ_A_B,"DB23Q,DB59Q,SB51I,IB52N",4.684093475341797,0.44981080293655396,1
1CHO_EFG_I,"KI10T,PI11E,AI12Y",-0.9422295689582825,-1.0143715143203735,1
1CHO_EFG_I,"KI10T,PI11E,AI12Y,LI15G,RI18M,GI29P,NI33V",5.884189128875732,3.0006964206695557,1
1CHO_EFG_I,"KI10S,PI11D,AI12Y",-1.0332770347595215,-1.2954076528549194,1
1CHO_EFG_I,"KI10S,PI11D,AI12Y,LI15G,EI16I,RI18K",7.270103931427002,1.7855554819107056,1
1PPF_E_I,"KI13T,PI14E,AI15Y",-0.7559911608695984,-1.1791777610778809,1
1PPF_E_I,"KI13T,PI14E,AI15Y,LI18G,RI21M,GI32P,NI36V",1.769350290298462,2.9858572483062744,1
1PPF_E_I,"KI13S,PI14D,AI15Y",-0.12497672438621521,-1.4873465299606323,1
1PPF_E_I,"KI13S,PI14D,AI15Y,LI18G,EI19I,RI21K",4.031302452087402,1.4420415163040161,1
2VN5_A_B,"SB42A,TB43F",0.25581035017967224,0.29147252440452576,1
2VN5_A_B,"SB42A,TB43F,TA35A",0.3038233816623688,0.9138538241386414,1
2VN5_A_B,"SB42A,TB43F,NA37A",1.1865808963775635,0.660527765750885,1
2VN5_A_B,"SB42A,TB43F,YA39A",1.2559173107147217,1.1826019287109375,1
2VN5_A_B,"SB42A,TB43F,SA66A",-0.08797912299633026,0.6071059703826904,1
2VN5_A_B,"SB42A,TB43F,SA75A",0.0,1.1571638584136963,1
2VN5_A_B,"SB42A,TB43F,LA77A",3.150730848312378,3.7804248332977295,1
2VN5_A_B,"SB42A,TB43F,LA79A",2.846151828765869,3.364259958267212,1
2VN5_A_B,"SB42A,TB43F,NA81A",0.5928263664245605,2.5261518955230713,1
2VN5_A_B,"SB42A,TB43F,IA83A",0.9193722009658813,1.9397135972976685,1
2VN5_A_B,"SB42A,TB43F,MA125G",1.546341061592102,2.0229690074920654,1
2VN5_A_B,"SB42A,TB43F,KA127G",0.5062000751495361,1.1306694746017456,1
2VN5_A_B,"SB42A,TB43F,TA35A,NA37A",1.6314117908477783,1.067516803741455,1
2VN5_A_B,"SB42A,TB43F,TA35A,NA37A,YA39A",3.647714376449585,0.9718275666236877,1
2VN5_A_B,"SB42A,TB43F,TA35A,NA37A,NA81A",3.059887647628784,1.9425028562545776,1
2VN5_A_B,"SB42A,TB43F,TA35A,NA37A,YA39A,NA81A",5.046028137207031,1.59019935131073,1
2VN5_A_B,"SB42A,TB43F,SA66A,SA68A,SA75A",0.13692259788513184,1.145329236984253,1
2VN5_A_B,"SB42A,TB43F,LA77A,LA79A",5.738830089569092,4.517429828643799,1
2VN5_A_B,"SB42A,TB43F,MA125G,KA127A",2.3420603275299072,2.341282367706299,1
2VN5_A_B,"SB42A,TB43F,AB14S,LB15T",0.3482353687286377,1.8810421228408813,1
2VN5_A_B,"SB42A,TB43F,AB14Q,LB15Q",0.15086328983306885,2.4406707286834717,1
2VN5_A_B,"AB14S,LB15T",1.2761919498443604,2.112523078918457,1
2VN5_A_B,"SB42Q,TB43Q",0.9391224384307861,0.3007842004299164,1
2VN5_A_B,"SB42A,TB43F,FB17A,LB45A",4.963521957397461,4.204489231109619,1
1YY9_CD_A,SC26D,-0.19934363663196564,-0.09903464466333389,1
1YY9_CD_A,TC31E,-0.5191569924354553,0.22816383838653564,1
1YY9_CD_A,NC93A,-0.7422019243240356,-0.02777440845966339,1
1YY9_CD_A,ND56A,-0.05707155540585518,0.8478689789772034,1
1YY9_CD_A,TD61E,-0.05707155540585518,-0.16598394513130188,1
1YY9_CD_A,"TC31E,NC93A",-0.8188995718955994,0.5069237351417542,1
1YY9_CD_A,"SC26D,TC31E,NC93A",-1.3335405588150024,0.5271182060241699,1
1YY9_CD_A,"SC26D,TC31E,NC93A,ND56A,TD61E",-0.6520853638648987,0.7922274470329285,1
1N8Z_AB_C,NA30S,0.06411135196685791,0.5134291052818298,1
1N8Z_AB_C,HA91F,0.032922469079494476,0.3388582170009613,1
1N8Z_AB_C,"NA30S,HA91F,YA92W",-0.07190047949552536,-0.23137059807777405,1
1N8Z_AB_C,TA94S,0.3093721270561218,0.4433073401451111,1
1N8Z_AB_C,DB102W,-0.6857352256774902,0.14343643188476562,1
1N8Z_AB_C,YB105F,0.8213128447532654,0.061449967324733734,1
1N8Z_AB_C,YB109V,0.22304488718509674,-0.4538044035434723,1
1N8Z_AB_C,"NA30S,HA91F,YA92W,TA94S,DB102W,YB105F,YB109V",0.048722125589847565,0.47028952836990356,1
1N8Z_AB_C,RB50A,2.9276857376098633,1.557863712310791,1
1N8Z_AB_C,RB59A,1.774827480316162,0.809455931186676,1
3IDX_HL_G,"WG13M,SG111T,WG200S,MG247A,CG14W,CG129V,CG27I,CG242Q",-1.864798665046692,0.49888908863067627,1
3IDX_HL_G,"WG13M,MG247A,CG14W,CG129V,CG27I,CG242Q",-2.3490397930145264,-0.1710778772830963,1
3IDX_HL_G,"KG85C,EG122C,WG13M,MG247A,CG14W,CG129V,CG27I,CG242Q",-2.2937450408935547,-0.009997397661209106,1
3IDX_HL_G,"WG13M,MG247A,CG14W,CG129V",-0.647828996181488,0.30287089943885803,1
3IDX_HL_G,"KG85C,EG121C,WG13M,MG247A,CG14W,CG129V,CG27I,CG242Q",-2.1932713985443115,0.3285045921802521,1
3IDX_HL_G,"TG41C,GG245C,WG13M,MG247A,CG14W,CG129V,CG27I,CG242Q",-2.332111358642578,0.752362072467804,1
3IDX_HL_G,"CG27I,CG242Q,MG247A",-2.174590826034546,0.17262133955955505,1
3IDX_HL_G,"CG27I,CG242Q",-2.46614146232605,0.1331261396408081,1
3IDX_HL_G,"WG13M,MG247A,CG14W,CG129V,KG85C,EG121C",-0.36182716488838196,0.32332441210746765,1
3IDX_HL_G,"KG85C,EG121C,CG27I,CG242Q",-2.378751039505005,-0.09027977287769318,1
3IDX_HL_G,"TG41C,GG245C,MG247A",0.40963760018348694,-0.11107069253921509,1
1C4Z_ABC_D,SD1A,0.5660946369171143,0.5558450222015381,1
1C4Z_ABC_D,RD2A,0.5186731815338135,0.8646063208580017,1
1C4Z_ABC_D,RD2E,1.288435935974121,0.6328697800636292,1
1C4Z_ABC_D,RD3A,0.4671231210231781,1.4082896709442139,1
1C4Z_ABC_D,RD3E,1.1857807636260986,0.788975179195404,1
1C4Z_ABC_D,KD6A,0.6100000739097595,0.32080334424972534,1
1C4Z_ABC_D,KD6E,1.5549901723861694,0.052222661674022675,1
1C4Z_ABC_D,ND28A,-0.17839030921459198,0.45690304040908813,1
1C4Z_ABC_D,LD30A,-0.343514621257782,1.098629355430603,1
1C4Z_ABC_D,RD49A,-0.011969134211540222,0.34720301628112793,1
1C4Z_ABC_D,AD56G,0.5660946369171143,0.22150596976280212,1
1C4Z_ABC_D,ED57A,0.08793172985315323,1.6642519235610962,1
1C4Z_ABC_D,ED57R,0.06714180111885071,0.055379271507263184,1
1C4Z_ABC_D,PD59A,1.4097667932510376,1.2684345245361328,1
1C4Z_ABC_D,FD60A,3.0141565799713135,3.2461845874786377,1
1C4Z_ABC_D,KD61A,0.2930837571620941,1.6580312252044678,1
1C4Z_ABC_D,KD61E,0.7250281572341919,1.8255046606063843,1
1C4Z_ABC_D,ED90A,-0.43484148383140564,-0.14298832416534424,1
1C4Z_ABC_D,ED90R,-1.002914309501648,0.06068504601716995,1
1C4Z_ABC_D,WD92A,0.8213128447532654,1.6345696449279785,1
1C4Z_ABC_D,KD93A,1.135684609413147,0.03771721571683884,1
1C4Z_ABC_D,KD93E,1.1695482730865479,0.1740841269493103,1
1C4Z_ABC_D,PD94A,0.850218653678894,1.0418678522109985,1
1C4Z_ABC_D,AD95G,0.4106564223766327,-0.02500656247138977,1
1C4Z_ABC_D,KD97A,1.3017500638961792,0.21754741668701172,1
1C4Z_ABC_D,KD97E,1.420637845993042,-0.07304170727729797,1
1C4Z_ABC_D,VA138A,0.5660946369171143,0.44418931007385254,1
1C4Z_ABC_D,LA139A,1.2169697284698486,1.4949373006820679,1
1C4Z_ABC_D,QA141A,-0.38742002844810486,0.0798775926232338,1
1C4Z_ABC_D,SA142A,0.4106564223766327,0.6430085301399231,1
1C4Z_ABC_D,LA143A,0.9991104006767273,1.919244647026062,1
1C4Z_ABC_D,DA145A,-0.38742002844810486,0.6546369194984436,1
1C4Z_ABC_D,DA145K,0.20774735510349274,0.688474714756012,1
1C4Z_ABC_D,LA146A,1.9741711616516113,2.881911516189575,1
1C4Z_ABC_D,YA149A,1.288435935974121,1.3574973344802856,1
1C4Z_ABC_D,DA156A,0.5186731815338135,-0.07553475350141525,1
1C4Z_ABC_D,DA156R,1.3759032487869263,0.34695109724998474,1
1C4Z_ABC_D,MA157A,1.9302657842636108,1.484319806098938,1
1C4Z_ABC_D,MA158A,0.7588918209075928,0.27745023369789124,1
1C4Z_ABC_D,IA159A,0.4106564223766327,1.344347357749939,1
1C4Z_ABC_D,TA160A,0.5660946369171143,0.4365900754928589,1
1C4Z_ABC_D,IA163A,-0.08935531973838806,1.3083992004394531,1
1C4Z_ABC_D,SA164A,-0.4106564223766327,0.3687489628791809,1
1C4Z_ABC_D,TA166A,-0.13220183551311493,0.349327027797699,1
1C4Z_ABC_D,MA174A,-0.5732470750808716,0.25791293382644653,1
1C4Z_ABC_D,FA194A,1.5964372158050537,1.2818020582199097,1
1C4Z_ABC_D,YA198L,0.8213128447532654,0.3632029592990875,1
1C4Z_ABC_D,"SA243P,NA245P",-0.07573513686656952,0.8054007887840271,1
1C4Z_ABC_D,CA324A,0.10801676660776138,0.16328054666519165,1
3F1S_A_B,MA33A,1.2389806509017944,2.178136110305786,1
3F1S_A_B,DA36A,2.185483932495117,1.1985950469970703,1
3F1S_A_B,DA200A,0.4106564223766327,1.0093594789505005,1
3F1S_A_B,KA201A,-1.8037333488464355,1.114165186882019,1
3F1S_A_B,KA201C,-1.8037333488464355,1.292421579360962,1
3F1S_A_B,YA202A,2.996121644973755,1.4757238626480103,1
3F1S_A_B,DA255A,3.76096773147583,0.865461528301239,1
3F1S_A_B,DA200A,0.6982964873313904,1.0093594789505005,1
3F1S_A_B,KA201A,-2.355921745300293,1.114165186882019,1
3F1S_A_B,KA201C,-1.5861589908599854,1.292421579360962,1
1KNE_A_P,TP2K,-0.3143717646598816,-0.1343296766281128,1
1KNE_A_P,TP2I,0.274082213640213,-0.1148204505443573,1
1KNE_A_P,TP2F,0.0962846651673317,-0.06858199834823608,1
1KNE_A_P,TP2L,0.20430143177509308,0.10689876228570938,1
1KNE_A_P,AA3F,-0.11502811312675476,-0.7506495714187622,1
1KNE_A_P,"AA3F,TP2K",-0.03591717779636383,-0.8624439239501953,1
1KNE_A_P,"AA3F,TP2I",0.5897433161735535,-0.760630190372467,1
1KNE_A_P,"AA3F,TP2F",0.8036264181137085,-0.849315345287323,1
1KNE_A_P,"AA3F,TP2L",0.3929699659347534,-0.5699926018714905,1
1KNE_A_P,AA3K,0.8949532508850098,-0.26695623993873596,1
1KNE_A_P,"AA3K,TP2K",1.5997247695922852,-0.5485299229621887,1
1KNE_A_P,"AA3K,TP2I",1.398034691810608,-0.48520100116729736,1
1KNE_A_P,"AA3K,TP2F",1.4692765474319458,-0.543482780456543,1
1KNE_A_P,"AA3K,TP2L",1.8344539403915405,-0.21234941482543945,1
1KNE_A_P,AA3L,0.0,-0.3535667359828949,1
1KNE_A_P,"AA3L,TP2K",-0.15893353521823883,-0.5160031914710999,1
1KNE_A_P,"AA3L,TP2I",0.06589584797620773,-0.41727492213249207,1
1KNE_A_P,"AA3L,TP2F",0.25172290205955505,-0.46796315908432007,1
1KNE_A_P,"AA3L,TP2L",0.25172290205955505,-0.25160348415374756,1
1KNE_A_P,AA3T,-0.3767928183078766,-0.414240300655365,1
1KNE_A_P,"AA3T,TP2K",-0.3143717646598816,-0.5601199269294739,1
1KNE_A_P,"AA3T,TP2I",0.6024847030639648,-0.4672435522079468,1
1KNE_A_P,"AA3T,TP2F",0.7853956818580627,-0.4992629289627075,1
1KNE_A_P,"AA3T,TP2L",0.5634077787399292,-0.2655755281448364,1
1KNE_A_P,DA40F,-0.6170114278793335,0.2065926194190979,1
1KNE_A_P,"DA40F,TP2K",-0.2063549906015396,0.274761438369751,1
1KNE_A_P,"DA40F,TP2I",0.20430143177509308,0.1754424273967743,1
1KNE_A_P,"DA40F,TP2F",-0.15893353521823883,0.20134633779525757,1
1KNE_A_P,"DA40F,TP2L",0.29562830924987793,0.5102643370628357,1
1KNE_A_P,DA40I,0.46075260639190674,0.36091989278793335,1
1KNE_A_P,"DA40I,TP2K",0.5897433161735535,0.5005566477775574,1
1KNE_A_P,"DA40I,TP2I",0.614957869052887,0.3681701421737671,1
1KNE_A_P,"DA40I,TP2F",1.0953950881958008,0.5058925747871399,1
1KNE_A_P,"DA40I,TP2L",0.5767219066619873,0.7161229252815247,1
1KNE_A_P,DA40K,-0.3767928183078766,0.08351125568151474,1
1KNE_A_P,"DA40K,TP2K",0.336503267288208,0.02223425731062889,1
1KNE_A_P,"DA40K,TP2I",0.0,0.010111778974533081,1
1KNE_A_P,"DA40K,TP2F",-0.03591717779636383,0.15208879113197327,1
1KNE_A_P,"DA40K,TP2L",-0.3143717646598816,0.405319482088089,1
1KNE_A_P,DA40T,0.49194151163101196,0.18057692050933838,1
1KNE_A_P,"DA40T,TP2K",0.7270746231079102,0.2783840298652649,1
1KNE_A_P,"DA40T,TP2I",0.8872087001800537,0.21551668643951416,1
1KNE_A_P,"DA40T,TP2F",1.240618348121643,0.3254541754722595,1
1KNE_A_P,"DA40T,TP2L",0.25172290205955505,0.6326558589935303,1
1KNE_A_P,KA24A,-1.2678864002227783,-0.017722658812999725,1
1KNE_A_P,"KA24A,AA3K",-0.2579050660133362,-0.16557225584983826,1
4GU0_A_E,"LE20A,TE22A,RE26A",0.916396975517273,2.2669546604156494,1
4HSA_AB_C,RA28V,0.5810942649841309,0.0642041489481926,1
4HSA_AB_C,WA40V,-0.2224259227514267,0.18969318270683289,1
4HSA_AB_C,YA58I,0.11757265031337738,-0.37558454275131226,1
4HSA_AB_C,HA59S,-0.12264595180749893,-0.4368177056312561,1
4KRL_A_B,RB30A,1.7210599184036255,0.5977155566215515,1
4KRL_A_B,DB112A,0.6499726176261902,0.942659318447113,1
4KRL_A_B,"DA49T,FA51A",1.8532617092132568,1.4611979722976685,1
4NM8_ABCDEF_HL,IB18M,0.10801676660776138,0.5034011602401733,1
4NM8_ABCDEF_HL,DB19N,0.6508750319480896,0.436174213886261,1
4NM8_ABCDEF_HL,RB25M,3.3870644569396973,0.20175111293792725,1
4NM8_ABCDEF_HL,TB32E,-0.5428582429885864,0.8189877867698669,1
4NM8_ABCDEF_HL,TB32I,-0.04939959943294525,0.8613157868385315,1
4NM8_ABCDEF_HL,TB32R,1.2015804052352905,0.9660656452178955,1
4NM8_ABCDEF_HL,QB34T,2.2935006618499756,-1.0945039987564087,1
4NM8_ABCDEF_HL,QB34R,2.9276857376098633,-0.8094553351402283,1
4NM8_ABCDEF_HL,LB38Y,-0.6052793264389038,-0.39848577976226807,1
4NZW_A_B,KA77A,0.07601718604564667,0.7277749180793762,1
4NZW_A_B,EB49A,0.3254689872264862,0.09841557592153549,1
4NZW_A_B,EB124A,0.3571796715259552,0.43278348445892334,1
4OZG_ABJ_GH,NG29A,-0.07165861129760742,0.4370856285095215,1
4OZG_ABJ_GH,YG31A,1.7440438270568848,2.2027125358581543,1
4OZG_ABJ_GH,YG33F,1.7440438270568848,0.9416363835334778,1
4OZG_ABJ_GH,LG50A,1.1861860752105713,1.2714259624481201,1
4OZG_ABJ_GH,YH46F,-0.6471371650695801,0.7824844717979431,1
4OZG_ABJ_GH,QH48A,0.8051583766937256,0.770831286907196,1
4OZG_ABJ_GH,NH50A,-0.11102414131164551,0.10435982793569565,1
4OZG_ABJ_GH,FH94A,1.4347845315933228,0.699800431728363,1
4OZG_ABJ_GH,RH95A,1.7440438270568848,1.6668767929077148,1
4OZG_ABJ_GH,FH96A,0.8835463523864746,1.685237169265747,1
4OZG_ABJ_GH,DH98A,1.6500780582427979,1.363411545753479,1
4OZG_ABJ_GH,YH101F,0.5337899327278137,0.10908765345811844,1
3C60_CD_AB,KC40A,1.5944323539733887,1.344509482383728,1
3C60_CD_AB,DC56A,0.6982964873313904,1.3568333387374878,1
3C60_CD_AB,QC58A,0.9633074998855591,0.6249186396598816,1
3C60_CD_AB,LC61A,0.9435572624206543,0.5837900042533875,1
3C60_CD_AB,QC62A,0.8687343001365662,0.7584853768348694,1
3C60_CD_AB,NC63A,0.9535146951675415,1.4976671934127808,1
3C60_CD_AB,VC66A,1.2502000331878662,1.5546396970748901,1
3C60_CD_AB,KC68A,0.5622846484184265,1.2113834619522095,1
3C60_CD_AB,HC69A,0.3591063618659973,1.1859955787658691,1
3C60_CD_AB,VC73A,0.0,-0.019696645438671112,1
3C60_CD_AB,KC76A,0.04742145910859108,0.20040008425712585,1
3C60_CD_AB,FD1A,0.0,0.2037356197834015,1
3C60_CD_AB,ED2A,0.04742145910859108,0.43621838092803955,1
3C60_CD_AB,QD4A,1.1667990684509277,0.7573440670967102,1
3C60_CD_AB,KD5A,1.1528583765029907,1.6412323713302612,1
3C60_CD_AB,KD7A,2.151184558868408,1.5979466438293457,1
3C60_CD_AB,ND9A,0.0,0.19854918122291565,1
3C60_CD_AB,KD10A,0.0,0.5953382253646851,1
3C60_CD_AB,VD12A,0.0,0.1134398803114891,1
3C60_CD_AB,DD13A,0.04742145910859108,-0.23091807961463928,1
3C60_CD_AB,ED69A,0.04742145910859108,0.19420388340950012,1
3C60_CD_AB,YD70A,0.0,0.38429543375968933,1
3C60_CD_AB,SD73A,0.0,0.024654339998960495,1
3C60_CD_AB,QD74A,0.0,0.18074879050254822,1
3C60_CD_AB,PD75A,0.0,0.10092409700155258,1
3C60_CD_AB,ED76A,0.0,0.2269722819328308,1
3C60_CD_AB,ID77A,0.04742145910859108,0.2935032844543457,1
3C60_CD_AB,ED79A,0.04742145910859108,0.42809152603149414,1
3C60_CD_AB,RD80A,2.0264554023742676,1.658074975013733,1
3C60_CD_AB,RD82A,0.0,0.09037519246339798,1
3C60_CD_AB,DD86A,0.04742145910859108,-0.00014950335025787354,1
3C60_CD_AB,TD87A,1.1667990684509277,0.20260903239250183,1
3C60_CD_AB,RD90A,0.04742145910859108,0.04326938837766647,1
3C60_CD_AB,HD91A,1.0857164859771729,0.31922727823257446,1
3C60_CD_AB,ED94A,0.0,0.04887441545724869,1
2C5D_A_C,GC6S,0.09897152334451675,0.11681505292654037,1
2C5D_A_C,DC61G,-0.5037813186645508,-0.10023295134305954,1
2C5D_A_C,VC66A,-0.5993249416351318,-0.4119335412979126,1
2C5D_A_C,GC101R,-0.018230730667710304,0.06834065169095993,1
2C5D_A_C,"GC6S,DC61G",-0.5295441746711731,-0.08538034558296204,1
2C5D_A_C,"GC6S,VC66A",-0.8469958901405334,-0.45582881569862366,1
2C5D_A_C,"GC6S,GC101R",0.034860171377658844,0.12903910875320435,1
2C5D_A_C,"DC61G,GC101R",-0.5610889792442322,0.5603964328765869,1
2C5D_A_C,"VC66A,GC101R",-0.6562855839729309,-0.02943406254053116,1
2C5D_A_C,"DC61G,VC66A",-1.040370225906372,-0.20632442831993103,1
2C5D_A_C,"DC61G,VC66A,GC101R",-0.8699324131011963,-0.03773786872625351,1
2C5D_A_C,"GC6S,VC66A,GC101R",-0.7966970801353455,0.07992171496152878,1
2C5D_A_C,"GC6S,DC61G,GC101R",-0.551903486251831,0.2466161847114563,1
2C5D_A_C,"GC6S,DC61G,VC66R",-1.2355707883834839,-0.3640154302120209,1
2C5D_A_C,"GC6S,DC61G,VC66R,GC101R",-1.4830588102340698,-0.22374892234802246,1
2C5D_A_C,"EC33R,TC51R",6.113513946533203,1.6678955554962158,1
4NKQ_C_AB,"LB77A,TB78A,SB79A",0.11002849042415619,0.39226359128952026,1
4NKQ_C_AB,"RB80A,NB81A,YB82A",-0.33154547214508057,1.2077654600143433,1
4NKQ_C_AB,RB80A,0.1199859008193016,0.7616672515869141,1
4NKQ_C_AB,RB80D,-0.07738618552684784,0.24731242656707764,1
4NKQ_C_AB,NB81A,0.09990086406469345,0.22613495588302612,1
4NKQ_C_AB,YB82A,-0.37545090913772583,-0.06684376299381256,1
4NKQ_C_AB,YB82F,-0.23420381546020508,0.044195905327796936,1
4NKQ_C_AB,"DB87A,TB88A,KB89A",0.3535848557949066,0.8379155993461609,1
4NKQ_C_AB,DB87A,0.15822187066078186,0.9346119165420532,1
4NKQ_C_AB,DB87R,0.20278814435005188,0.6332548260688782,1
4NKQ_C_AB,TB88A,0.31932955980300903,0.4436565041542053,1
4NKQ_C_AB,KB89A,0.38596734404563904,0.7725818753242493,1
4NKQ_C_AB,KB89D,1.0615314245224,0.46589699387550354,1
4NKQ_C_AB,"KB90A,IB91A,EB92A",-0.7013269662857056,0.3944361209869385,1
4NKQ_C_AB,KB90A,-0.19934363663196564,0.23813867568969727,1
4NKQ_C_AB,KB90D,-0.19934363663196564,0.0880383774638176,1
4NKQ_C_AB,IB91A,-0.050451911985874176,-0.14138680696487427,1
4NKQ_C_AB,EB92A,-0.3530915677547455,0.3662011921405792,1
4NKQ_C_AB,"YB119A,QB120A,KB121A,LB122A,SB123A,YB124A",-0.31075555086135864,0.17442262172698975,1
4NKQ_C_AB,"YB119A,YB124A",-0.6271737813949585,0.12102214246988297,1
4NKQ_C_AB,QB120A,-0.3986872732639313,0.10602923482656479,1
4NKQ_C_AB,KB121A,-0.5612779259681702,0.06703967601060867,1
4NKQ_C_AB,LB122A,0.2361745536327362,-0.06391888856887817,1
4NKQ_C_AB,SB123A,0.27542412281036377,0.3075571656227112,1
4NKQ_C_AB,DB126A,0.11002849042415619,0.5485424399375916,1
4NKQ_C_AB,"DB176A,VB177A,RB178A,IB179A",-0.1202327087521553,2.6021625995635986,1
4NKQ_C_AB,DB176A,0.4226255416870117,1.293934941291809,1
4NKQ_C_AB,DB176E,0.4682212769985199,0.5458328127861023,1
4NKQ_C_AB,RB178A,0.3602045178413391,1.752830982208252,1
4NKQ_C_AB,RB178D,-0.2906705141067505,1.6277188062667847,1
4NKQ_C_AB,"RB80D,KB90D",1.3137191534042358,0.6267065405845642,1
4NKQ_C_AB,DC99K,-0.33154547214508057,1.4662632942199707,1
4NKQ_C_AB,"DC99K,RB80D",0.1764526069164276,2.8004143238067627,1
4NKQ_C_AB,"DC99K,DB87R",0.8152363896369934,1.201145052909851,1
4NKQ_C_AB,"DC99K,KB90D",-0.5019832849502563,1.6231971979141235,1
4NKQ_C_AB,"DC99K,RB80D,KB90D",0.5355589389801025,2.1775758266448975,1
4NKQ_C_AB,RB178M,1.8640347719192505,1.2035257816314697,1
4NKQ_C_AB,"DB176A,VB177A",1.907029390335083,1.7817306518554688,1
4NKQ_C_AB,"DB176Q,VB177Q",1.958085536956787,1.7627326250076294,1
4NKQ_C_AB,DB176A,1.8037333488464355,1.293934941291809,1
4NKQ_C_AB,DB176N,2.118934392929077,0.4061923921108246,1
4NKQ_C_AB,"IB179A,LB180A",0.2402186095714569,1.7533010244369507,1
4NKQ_C_AB,"IB179Q,LB180Q",1.0615314245224,1.2296888828277588,1
4NKQ_C_AB,RB156Q,0.33154547214508057,0.16730257868766785,1
4NKQ_C_AB,RB178M,2.728342294692993,1.2035257816314697,1
4NKQ_C_AB,"DB176A,VB177A",2.246422052383423,1.7817306518554688,1
4NKQ_C_AB,"DB176Q,VB177Q",2.488123655319214,1.7627326250076294,1
4NKQ_C_AB,DB176A,2.6203253269195557,1.293934941291809,1
4NKQ_C_AB,DB176N,1.7648701667785645,0.4061923921108246,1
4NKQ_C_AB,"IB179A,LB180A",0.3026396632194519,1.7533010244369507,1
4NKQ_C_AB,"IB179Q,LB180Q",0.6508750319480896,1.2296888828277588,1
4NKQ_C_AB,RB156Q,0.8213128447532654,0.16730257868766785,1
4NKQ_C_AB,NC4E,-0.39057138562202454,-0.468546986579895,1
4NKQ_C_AB,IC6G,0.33445680141448975,1.704187035560608,1
4NKQ_C_AB,EC8R,2.6404104232788086,0.04959287494421005,1
4NKQ_C_AB,RC10D,0.111411914229393,1.0594507455825806,1
4NKQ_C_AB,RC11D,-0.20550437271595,0.6822798848152161,1
4NKQ_C_AB,NC14D,-0.6018841862678528,-0.16267764568328857,1
4NKQ_C_AB,LC15D,-0.23513315618038177,-0.08409052342176437,1
5E6P_A_B,IB22A,0.27845457196235657,1.7285652160644531,1
5E6P_A_B,LB24A,0.9293296337127686,1.6564692258834839,1
5E6P_A_B,RB42A,0.6891109943389893,2.72676682472229,1
5E6P_A_B,RB42E,1.774827480316162,1.4051752090454102,1
5E6P_A_B,YA468A,0.36446794867515564,3.3721632957458496,1
5E6P_A_B,AA494E,1.1179981231689453,-0.3744894862174988,1
5E6P_A_B,AA495E,1.6043896675109863,0.2519809305667877,1
1U7F_B_AC,RB65A,1.7379519939422607,0.18233537673950195,1
1U7F_B_AC,DB140A,2.6738131046295166,1.8995802402496338,1
3Q3J_A_B,YB100F,0.21131277084350586,-0.09362076222896576,1
1K8R_A_B,QB11A,1.7981401681900024,1.0839829444885254,1
1K8R_A_B,RB13A,2.800978183746338,1.6606942415237427,1
1K8R_A_B,KB23A,0.5867636799812317,0.13193729519844055,1
1K8R_A_B,KB31A,2.728342294692993,1.1316773891448975,1
1K8R_A_B,RB76A,0.7152742147445679,0.15015441179275513,1
1K8R_A_B,RB77A,1.4368070363998413,1.826220154762268,1
1K8R_A_B,EA31K,0.17093296349048615,0.7374991774559021,1
1K8R_A_B,"DA30K,EA31K",0.4096648693084717,1.2790008783340454,1
1K8R_A_B,DA33A,1.5351040363311768,0.8404294848442078,1
1K8R_A_B,EA37A,0.30580151081085205,1.303099274635315,1
1K8R_A_B,DA38A,1.712186336517334,2.840852737426758,1
1K8R_A_B,DA38E,3.437662124633789,1.0959882736206055,1
1K8R_A_B,DA38N,1.896231770515442,1.4189003705978394,1
1K8R_A_B,SA39A,0.7152742147445679,0.15357547998428345,1
1K8R_A_B,YA40C,3.437662124633789,1.8111684322357178,1
1K8R_A_B,YA40F,1.4919975996017456,1.288314938545227,1
1K8R_A_B,RA41A,1.1796982288360596,0.6842436790466309,1
1K8R_A_B,DA57A,1.1796982288360596,2.1865432262420654,1
1K8R_A_B,EA62A,0.4096648693084717,0.10677824169397354,1
1K8R_A_B,EA63A,0.4096648693084717,-0.1457451581954956,1
3KUD_A_B,KB30A,1.9539144039154053,0.43216854333877563,1
3KUD_A_B,"KB30A,FB6W",2.167797565460205,0.8091469407081604,1
3KUD_A_B,"KB30A,VB33I",2.7589051723480225,0.42231839895248413,1
3KUD_A_B,"KB30A,NB16R",0.7665860652923584,0.38112160563468933,1
3KUD_A_B,"KB30A,FB6W,NB16R",1.205237627029419,0.7765972018241882,1
3KUD_A_B,"KB30A,FB6W,NB16R,VB33I",1.9539144039154053,0.5120164752006531,1
3KUD_A_B,"KB30A,FB6W,RB12L,NB16R,VB33I",1.9666558504104614,0.37055444717407227,1
3KUD_A_B,"KB30A,FB6W,VB14E,NB16R,VB33I",3.9646518230438232,0.3282645344734192,1
3KUD_A_B,"KB30A,FB6W,RB12L,VB14E,NB16R,KB29R,VB33I",4.206310272216797,1.076223373413086,1
3KUD_A_B,NB16R,-0.7980764508247375,-0.4977256953716278,1
3KUD_A_B,"KB30A,TA35A",3.0406603813171387,2.361891031265259,1
3KUD_A_B,"KB30A,TA35A,NB16R",1.5169224739074707,2.1145620346069336,1
3KUD_A_B,TA35A,1.991344928741455,2.8448646068573,1
3KUD_A_B,"TA35A,NB16R",1.4893616437911987,2.449267625808716,1
3KUD_A_B,"KB30A,YA32C,CA118S",2.8970348834991455,1.00949227809906,1
3KUD_A_B,"KB30A,YA32C,CA118S,NB16R",1.6597994565963745,1.292689323425293,1
3KUD_A_B,"YA32C,CA118S",0.9101451635360718,0.7446454167366028,1
3KUD_A_B,"YA32C,CA118S,NB16R",-0.03591717779636383,0.3862074613571167,1
1FFW_A_B,AA102V,1.3641711473464966,-0.5502025485038757,1
1FFW_A_B,YA50C,0.12541981041431427,0.47552943229675293,1
3SE9_HL_G,LH34A,0.5569091439247131,1.0561546087265015,1
3SE9_HL_G,WH48A,1.0414464473724365,2.8080880641937256,1
3SE9_HL_G,WH51A,1.2552056312561035,1.6576447486877441,1
3SE9_HL_G,VH55A,-0.8454979062080383,-0.14291322231292725,1
3SE9_HL_G,TH56A,-0.8454979062080383,0.8635192513465881,1
3SE9_HL_G,GH57A,0.44517794251441956,0.7636630535125732,1
3SE9_HL_G,VH59A,0.9675655961036682,1.2611593008041382,1
3SE9_HL_G,NH60A,1.4973200559616089,1.289129614830017,1
3SE9_HL_G,GH62A,0.045595720410346985,1.080249309539795,1
3SE9_HL_G,PH64A,-0.43484148383140564,0.7588381767272949,1
3SE9_HL_G,RH67A,1.4459420442581177,1.4523447751998901,1
3SE9_HL_G,RH74A,2.6362249851226807,2.112600088119507,1
3SE9_HL_G,RH76A,-0.22848650813102722,2.1120736598968506,1
3SE9_HL_G,DH77A,-0.7541710138320923,0.47154444456100464,1
3SE9_HL_G,YH104A,0.45625215768814087,0.41847696900367737,1
3SE9_HL_G,TH105A,-0.43484148383140564,1.6443408727645874,1
3SE9_HL_G,GH106A,-0.3026396632194519,0.6881914138793945,1
3SE9_HL_G,GH107A,-0.6052793264389038,2.012507200241089,1
3SE9_HL_G,GH109A,0.18216991424560547,2.7580764293670654,1
3SE9_HL_G,VL3A,-0.486391544342041,0.010892517864704132,1
3SE9_HL_G,YL28A,1.0997674465179443,0.6238247752189636,1
3SE9_HL_G,GL29A,0.45625215768814087,0.9349055886268616,1
3SE9_HL_G,LL89A,0.9487559795379639,0.6454443335533142,1
3SE9_HL_G,EL90A,0.4106564223766327,1.0372463464736938,1
3SE9_HL_G,FL91A,0.023236390203237534,0.7004344463348389,1
2CCL_A_B,"AB48S,AB49T",-0.07970309257507324,-0.20631247758865356,1
1CSE_E_I,LI38G,2.2805771827697754,1.978135585784912,2
1CSE_E_I,LI38S,1.1887755393981934,1.7502331733703613,2
1CSE_E_I,LI38P,6.765445709228516,6.131570339202881,2
1CSE_E_I,LI38I,2.98250150680542,2.1845431327819824,2
1CSE_E_I,LI38D,4.4118428230285645,2.373645305633545,2
1CSE_E_I,LI38E,2.3827457427978516,2.351062536239624,2
1SIB_E_I,KI46R,-0.731526792049408,-0.18107181787490845,2
1TM5_E_I,AI40M,-1.0276678800582886,-0.6724011301994324,2
1TM3_E_I,KI40M,-1.0935636758804321,-0.8955115675926208,2
1TO1_E_I,AI42Y,-2.9815821647644043,-2.584477663040161,2
1BRS_A_D,KA25A,5.3809494972229,4.892567157745361,2
1BRS_A_D,RA57A,5.2453718185424805,1.6798081398010254,2
1BRS_A_D,RA81Q,5.4200263023376465,2.168421745300293,2
1BRS_A_D,RA85A,5.564701080322266,2.8543992042541504,2
1BRS_A_D,HA100A,6.1457953453063965,6.087915897369385,2
1BRS_A_D,YD29F,-0.13220183551311493,0.32107114791870117,2
1BRS_A_D,YD29A,3.4705440998077393,0.8850647807121277,2
1BRS_A_D,DD35A,4.503169536590576,4.183012962341309,2
1BRS_A_D,WD38F,1.6426256895065308,0.3729671835899353,2
1BRS_A_D,DD39A,7.650989055633545,3.2442891597747803,2
1BRS_A_D,TD42A,1.8576297760009766,0.8884067535400391,2
1BRS_A_D,WD44F,0.05646670609712601,-0.010964915156364441,2
1BRS_A_D,ED74A,1.3641711473464966,0.8366602063179016,2
1BRS_A_D,ED78A,0.5428582429885864,0.4305741786956787,2
1BRS_A_D,"KA25A,YD29A",8.624588966369629,5.112493991851807,2
1BRS_A_D,"KA25A,DD35A",9.549198150634766,8.295452117919922,2
1BRS_A_D,"KA25A,WD38F",5.1131696701049805,4.330837726593018,2
1BRS_A_D,"KA25A,DD39A",8.278043746948242,5.946056842803955,2
1BRS_A_D,"KA25A,TD42A",5.7239251136779785,4.901736736297607,2
1BRS_A_D,"KA25A,ED74A",6.696013450622559,4.805291652679443,2
1BRS_A_D,"KA25A,ED78A",5.513151168823242,4.9165472984313965,2
1BRS_A_D,"RA57A,YD29A",8.122605323791504,2.7526402473449707,2
1BRS_A_D,"RA57A,DD35A",6.334464073181152,6.354773044586182,2
1BRS_A_D,"RA57A,WD38F",6.2779974937438965,3.1664531230926514,2
1BRS_A_D,"RA57A,TD42A",6.820855617523193,3.0395193099975586,2
1BRS_A_D,"RA57A,ED74A",4.970293045043945,1.8361153602600098,2
1BRS_A_D,"RA57A,ED78A",5.201466083526611,1.663862705230713,2
1BRS_A_D,"RA81Q,YD29A",8.29304313659668,2.7707483768463135,2
1BRS_A_D,"RA81Q,DD35A",9.605664253234863,5.536752223968506,2
1BRS_A_D,"RA81Q,WD38F",6.758434295654297,1.4813859462738037,2
1BRS_A_D,"RA81Q,DD39A",6.439105033874512,4.387197971343994,2
1BRS_A_D,"RA81Q,TD42A",6.107559680938721,2.656475305557251,2
1BRS_A_D,"RA81Q,ED74A",6.721075534820557,2.318859100341797,2
1BRS_A_D,"RA81Q,ED78A",5.764044761657715,2.3106284141540527,2
1BRS_A_D,"RA85A,YD29A",8.052824974060059,3.8469350337982178,2
1BRS_A_D,"RA85A,WD38F",7.040988922119141,3.3019959926605225,2
1BRS_A_D,"RA85A,DD39A",7.185323715209961,3.9929986000061035,2
1BRS_A_D,"RA85A,TD42A",7.020199298858643,3.5359373092651367,2
1BRS_A_D,"RA85A,ED74A",6.866451263427734,2.754697322845459,2
1BRS_A_D,"RA85A,ED78A",6.126986026763916,2.8236329555511475,2
1BRS_A_D,"HA100A,YD29A",6.306902885437012,6.308840751647949,2
1BRS_A_D,"HA100A,YD29F",5.549701690673828,5.539870738983154,2
1BRS_A_D,"HA100A,WD38F",7.6421685218811035,4.742542266845703,2
1BRS_A_D,"HA100A,DD39A",8.991339683532715,5.937035083770752,2
1BRS_A_D,"HA100A,TD42A",8.135626792907715,5.231390476226807,2
1BRS_A_D,"HA100A,ED74A",7.5630574226379395,5.953364849090576,2
1BRS_A_D,"HA100A,ED78A",6.745120525360107,5.892665386199951,2
1BRS_A_D,"RA57A,DD39A",11.361334800720215,4.740274429321289,2
1BRS_A_D,EA71Q,1.452102780342102,-0.03381951153278351,2
1BRS_A_D,"EA71Q,DD39A",7.207326889038086,1.4414063692092896,2
1BRS_A_D,"EA71Q,ED74A",3.527010917663574,0.35824429988861084,2
1BRS_A_D,EA71W,1.657254934310913,-0.9179776310920715,2
1BRS_A_D,"EA71W,DD39A",6.665239334106445,0.3858603239059448,2
1BRS_A_D,"EA71W,DD35A",5.712494850158691,0.5319356322288513,2
1BRS_A_D,"EA71W,ED74A",3.549654960632324,-0.6602157950401306,2
1BRS_A_D,EA71Y,2.41373348236084,-1.014449119567871,2
1BRS_A_D,EA71F,2.2351796627044678,-1.0233702659606934,2
1BRS_A_D,"EA71F,DD39A",7.471730709075928,0.4509715437889099,2
1BRS_A_D,"EA71F,DD35A",6.410199165344238,0.17160893976688385,2
1BRS_A_D,EA71C,2.528761625289917,-0.040011100471019745,2
1BRS_A_D,EA71S,3.0104880332946777,0.6146613955497742,2
1BRS_A_D,EA71A,2.3477189540863037,0.9450533390045166,2
1BRS_A_D,"EA71A,DD39A",7.185323715209961,2.862048625946045,2
1BRS_A_D,"EA71A,DD35A",6.440232276916504,3.916560649871826,2
1BRS_A_D,RA57K,2.488123655319214,0.9169299006462097,2
1BRS_A_D,RA57A,4.635371685028076,1.6798081398010254,2
1BRS_A_D,HA100Q,4.550590991973877,4.820258617401123,2
1BRS_A_D,HA100D,4.550590991973877,3.287137746810913,2
1BRS_A_D,HA100G,6.820855617523193,3.204192638397217,2
1BRS_A_D,HA100A,6.912182331085205,6.087915897369385,2
1BRS_A_D,HA100L,7.666353225708008,3.384331226348877,2
1BRS_A_D,"HA100Q,RA57K",6.912182331085205,4.93902063369751,2
1BRS_A_D,"HA100Q,RA57A",9.308979034423828,5.31657075881958,2
1B2S_A_D,AA27K,-3.866295337677002,-3.9575459957122803,2
1B2S_A_D,AD43T,-0.34297576546669006,-0.5790780186653137,2
1B2S_A_D,"AA27K,AD43T",-5.7239251136779785,-4.298886775970459,2
1BRS_A_D,DD35A,4.06963586807251,4.183012962341309,2
1BRS_A_D,DD39A,5.935123443603516,3.2442891597747803,2
1BRS_A_D,ED74A,0.8235527276992798,0.8366602063179016,2
1BRS_A_D,ED78A,0.4106564223766327,0.4305741786956787,2
1X1X_A_D,AD76E,-0.8235527276992798,-0.7704992890357971,2
1BRS_A_D,KA25A,5.4092631340026855,4.892567157745361,2
1BRS_A_D,WA33F,1.408076524734497,0.01669265329837799,2
1BRS_A_D,DA52A,-0.8888193368911743,1.4134304523468018,2
1BRS_A_D,NA56A,3.0663626194000244,0.09445200860500336,2
1BRS_A_D,RA57A,5.18367338180542,1.6798081398010254,2
1BRS_A_D,EA58A,-0.32587605714797974,1.2961734533309937,2
1BRS_A_D,EA71A,1.897843837738037,0.9450533390045166,2
1BRS_A_D,RA85A,5.952121257781982,2.8543992042541504,2
1BRS_A_D,HA100A,6.2547607421875,6.087915897369385,2
1BRS_A_D,KA25A,4.587950229644775,4.892567157745361,2
1BRS_A_D,WA33F,1.1124482154846191,0.01669265329837799,2
1BRS_A_D,DA52A,-0.16740736365318298,1.4134304523468018,2
1BRS_A_D,NA56A,3.115762233734131,0.09445200860500336,2
1BRS_A_D,RA57A,4.890589714050293,1.6798081398010254,2
1BRS_A_D,EA58A,0.5148631930351257,1.2961734533309937,2
1BRS_A_D,EA71A,2.813122510910034,0.9450533390045166,2
1BRS_A_D,HA100A,6.076370716094971,6.087915897369385,2
1SBB_A_B,LB20T,-0.09132687747478485,0.0883583277463913,2
1SBB_A_B,VB26Y,-1.4554979801177979,-0.9583600163459778,2
1SBB_A_B,YB91V,0.07911093533039093,0.5914142727851868,2
1JCK_A_B,TB20A,1.654841661453247,1.3301339149475098,2
1JCK_A_B,YB26A,1.774827480316162,2.139765977859497,2
1JCK_A_B,NB60A,1.6426256895065308,0.3100064992904663,2
1JCK_A_B,YB90A,2.5961403846740723,2.5532474517822266,2
1JCK_A_B,VB91A,2.232905387878418,0.6856509447097778,2
1JCK_A_B,KB103A,0.6766378879547119,0.26029348373413086,2
1JCK_A_B,FB176A,2.1339337825775146,0.6675005555152893,2
1SBB_A_B,LB20T,-0.10801676660776138,0.0883583277463913,2
1SBB_A_B,VB26Y,-0.9060932397842407,-0.9583600163459778,2
1SBB_A_B,YB91V,0.09132687747478485,0.5914142727851868,2
1SBB_A_B,"LB20T,VB26Y,YB91V",0.13220183551311493,-0.3623315691947937,2
1JCK_A_B,TB20A,1.3232961893081665,1.3301339149475098,2
1JCK_A_B,NB23A,2.077467203140259,1.1139507293701172,2
1JCK_A_B,YB26A,1.747893214225769,2.139765977859497,2
1JCK_A_B,NB60A,1.0159357786178589,0.3100064992904663,2
1JCK_A_B,YB90A,2.077467203140259,2.5532474517822266,2
1JCK_A_B,VB91A,1.9302657842636108,0.6856509447097778,2
1JCK_A_B,GB102A,0.013021446764469147,0.5055301785469055,2
1JCK_A_B,KB103A,0.1295628547668457,0.26029348373413086,2
1JCK_A_B,FB176A,1.787848949432373,0.6675005555152893,2
1JCK_A_B,QB210A,2.077467203140259,1.802527904510498,2
2HLE_A_B,KA141Q,-0.4106564223766327,0.7706524729728699,2
2HLE_A_B,LA87R,2.287297010421753,1.6085549592971802,2
1AHW_AB_C,"TC110A,KC111A",0.6391429305076599,0.5262099504470825,2
1AHW_AB_C,"KC138A,DC139A",1.1820012331008911,0.9894868731498718,2
1AHW_AB_C,"IC141Q,TC143I,YC145T",3.977485179901123,0.9713868498802185,2
1AHW_AB_C,YC145A,3.8070473670959473,1.5024480819702148,2
1AHW_AB_C,YC146A,-1.8898556232452393,1.2765250205993652,2
1AHW_AB_C,"KC154A,KC155A",-1.3303074836730957,2.3851776123046875,2
1AHW_AB_C,TC156A,-0.07415315508842468,1.623909592628479,2
1AHW_AB_C,"KC158A,NC160A,NC162A",4.074826717376709,1.348717212677002,2
1AHW_AB_C,TC159A,1.1062660217285156,1.0340731143951416,2
1AHW_AB_C,LC165A,0.9873782992362976,0.6659780144691467,2
1AHW_AB_C,DC167A,-0.4848095774650574,0.7133049368858337,2
1AHW_AB_C,"SC184A,RC185A",4.018360137939453,1.9198691844940186,2
1AHW_AB_C,TC186A,1.346484661102295,-0.05996457487344742,2
1AHW_AB_C,VC187A,-0.3143717646598816,0.4608566164970398,2
1AHW_AB_C,NC188A,1.0787051916122437,0.5839301943778992,2
1AHW_AB_C,"RC189A,KC190A",4.018360137939453,3.1950435638427734,2
1EFN_A_B,"TA13H,EA14H",0.9839035272598267,0.29403406381607056,2
1EFN_A_B,TA13H,1.2435485124588013,0.49756890535354614,2
1EFN_A_B,IA12A,1.4510266780853271,2.2963955402374268,2
2HRK_A_B,TB55V,0.6242006421089172,1.632812261581421,2
2HRK_A_B,TA108V,0.7210696935653687,1.167224407196045,2
2HRK_A_B,KA140A,0.9535146951675415,0.5516985654830933,2
2VLP_A_B,AB54R,-1.6664471626281738,-0.677889347076416,2
2VLQ_A_B,AB86F,-3.880681037902832,-2.053298234939575,2
1FR2_A_B,AA39E,-2.0840137004852295,-1.3045114278793335,2
1KIR_AB_C,SA50Y,-1.3877153396606445,-1.9078811407089233,2
2O3B_A_B,EB24A,5.474915027618408,0.043457284569740295,2
2O3B_A_B,EB24D,0.5993249416351318,-0.6852355599403381,2
2O3B_A_B,EB24Q,5.3983635902404785,-0.2790849506855011,2
2O3B_A_B,QB74A,3.232964515686035,0.05370567739009857,2
2O3B_A_B,DB75E,5.437874794006348,0.0493965744972229,2
2O3B_A_B,DB75N,5.903257846832275,0.43852823972702026,2
2O3B_A_B,WB76A,4.073703765869141,1.3608677387237549,2
2O3B_A_B,"QB74A,WB76A",5.755609512329102,1.8224600553512573,2
2J0T_A_D,VD4A,0.0,0.18740633130073547,2
2J0T_A_D,VD4I,1.6426256895065308,0.19096170365810394,2
2J0T_A_D,VD4K,1.8245233297348022,0.7837777733802795,2
2J0T_A_D,VD4S,0.9824205040931702,-0.15005993843078613,2
2J0T_A_D,SD68A,2.1063730716705322,0.9611627459526062,2
2J0T_A_D,SD68E,2.185483932495117,1.1569108963012695,2
2J0T_A_D,SD68R,2.8363590240478516,0.5086827874183655,2
2J0T_A_D,SD68Y,2.97835373878479,0.5040990114212036,2
2J0T_A_D,TD2L,2.6821537017822266,0.6992732882499695,2
2J0T_A_D,"TD2L,VD4S",3.4705440998077393,0.4901721477508545,2
2J0T_A_D,"TD2L,VD4S,SD68A",5.2862467765808105,1.4175424575805664,2
2J0T_A_D,TD2R,5.046028137207031,0.6362707018852234,2
2J0T_A_D,TD2S,1.5944323539733887,0.27379149198532104,2
2J0T_A_D,"TD2S,VD4A",1.2502000331878662,0.4246932864189148,2
2J0T_A_D,"TD2S,VD4A,SD68Y",2.1472480297088623,1.0027694702148438,2
2J0T_A_D,"CD1S,FD12Y",4.200530052185059,0.45730191469192505,2
2J0T_A_D,TD2A,4.289029121398926,0.2003505378961563,2
2J0T_A_D,MD66A,1.6426256895065308,0.6216254830360413,2
2J0T_A_D,VD69I,0.7909240126609802,-0.12318664789199829,2
2J0T_A_D,VD69T,1.288435935974121,-0.16010184586048126,2
2J0T_A_D,"VD69A,AD103V",0.7013269662857056,0.01595991849899292,2
2J0T_A_D,CD70S,4.308547019958496,0.37137269973754883,2
4CPA_A_I,PI35G,2.5961403846740723,-0.3957903981208801,2
4CPA_A_I,YI36G,0.5019832849502563,1.5134210586547852,2
4CPA_A_I,YI36F,0.0,-0.28322315216064453,2
4CPA_A_I,VI37G,3.734722137451172,0.5834957361221313,2
4CPA_A_I,VI37A,2.325532913208008,0.07061491906642914,2
4CPA_A_I,VI37L,1.2793906927108765,-0.5954511165618896,2
4CPA_A_I,VI37I,0.19934363663196564,-0.5256295204162598,2
4CPA_A_I,VI37F,0.0,-0.8252780437469482,2
1XD3_A_B,KB6A,1.3440860509872437,0.3141944408416748,2
1XD3_A_B,KB27A,-0.0624210461974144,3.4342117309570312,2
1XD3_A_B,RB42L,-0.8621878027915955,1.5083575248718262,2
1XD3_A_B,RB54L,0.8687343001365662,0.20451129972934723,2
1XD3_A_B,HB68N,0.0,0.32646483182907104,2
1XD3_A_B,RB72L,1.3017500638961792,0.15778805315494537,2
1XD3_A_B,RB74L,2.377732276916504,-1.7733070850372314,2
1XD3_A_B,EB24A,-0.2402186095714569,0.5661513209342957,2
1XD3_A_B,DB39A,-0.4106564223766327,0.6266523599624634,2
1XD3_A_B,EB51A,1.5346089601516724,0.029481947422027588,2
1XD3_A_B,DB52A,-0.2402186095714569,1.2358793020248413,2
1XD3_A_B,DB58A,-0.2402186095714569,0.2807099223136902,2
1XD3_A_B,KB6R,0.3026396632194519,-1.0148379802703857,2
1XD3_A_B,LB8A,2.6767921447753906,1.351370096206665,2
1XD3_A_B,KB11R,1.4024070501327515,0.17605465650558472,2
1XD3_A_B,KB27R,0.26598143577575684,0.20930339395999908,2
1XD3_A_B,KB33R,0.0,-0.2839716672897339,2
1XD3_A_B,IB44A,0.26598143577575684,1.7639226913452148,2
1MAH_A_F,FA285L,1.1491670608520508,-0.1180235892534256,2
1MAH_A_F,FA287I,1.9018551111221313,-0.8671942353248596,2
1MAH_A_F,FA287Y,0.7310582995414734,-0.11222255229949951,2
1MAH_A_F,FA328G,0.7310582995414734,0.62804114818573,2
1MAH_A_F,YA327A,0.35676002502441406,1.3300676345825195,2
1MAH_A_F,DA71N,1.7348718643188477,0.08930911123752594,2
1MAH_A_F,YA121Q,2.7729830741882324,0.8686222434043884,2
1MAH_A_F,YA69N,4.816024303436279,1.6126279830932617,2
1MAH_A_F,WA276R,8.13113021850586,1.1358134746551514,2
1MAH_A_F,"YA69N,YA121Q",6.1327738761901855,1.7777936458587646,2
1MAH_A_F,"YA121Q,WA276R",8.959454536437988,1.3806815147399902,2
1MAH_A_F,"YA69N,WA276R",10.734281539916992,2.3120932579040527,2
1MAH_A_F,"YA69N,YA121Q,WA276R",10.92611026763916,1.9436720609664917,2
1REW_AB_C,"DA19A,DB19A",0.6680910587310791,0.24665449559688568,2
1REW_AB_C,"WA20A,WB20A",1.087313175201416,2.1369845867156982,2
1REW_AB_C,"DA19A,WA20A,DB19A,WB20A",2.063082218170166,2.763045310974121,2
1REW_AB_C,"FA38A,FB38A",1.3641711473464966,3.5481090545654297,2
1REW_AB_C,"PA39A,PB39A",1.2945013046264648,-1.461672067642212,2
1REW_AB_C,"FA38A,PA39A,FB38A,PB39A",2.88371205329895,1.8363994359970093,2
1REW_AB_C,"HA28D,HB28D",0.1956523358821869,-0.2600060701370239,2
1REW_AB_C,"SA77A,SB77A",0.2032642513513565,0.1029091477394104,2
1REW_AB_C,"LA89A,LB89A",0.2399224489927292,1.0001230239868164,2
1REW_AB_C,"HA28D,SA77A,HB28D,SB77A",0.18339650332927704,0.04380720853805542,2
1REW_AB_C,"HA28D,LA89A,HB28D,LB89A",0.1187262311577797,0.0010543838143348694,2
1REW_AB_C,"AA23D,AB23D",0.0,-0.9861255288124084,2
1REW_AB_C,"DA42A,DB42A",-0.05195394158363342,-0.5621508955955505,2
1REW_AB_C,"EA98R,EB98R",0.26882827281951904,-0.2538011074066162,2
1REW_AB_C,"DA19A,AA23D,DB19A,AB23D",0.4761781692504883,-1.2279545068740845,2
1REW_AB_C,"AA23D,DA42A,AB23D,DB42A",-0.1839134246110916,-0.4887632727622986,2
1REW_AB_C,"DA42A,EA98R,DB42A,EB98R",0.043651580810546875,0.17096491158008575,2
1REW_AB_C,"WA17F,WB17F",0.6724210977554321,0.5818116664886475,2
1REW_AB_C,"LA40P,LB40P",5.307792663574219,3.9086685180664062,2
1REW_AB_C,"DA42A,DB42A",-0.06978079676628113,-0.5621508955955505,2
1REW_AB_C,"DA42P,DB42P",2.355921745300293,-0.5532792210578918,2
1REW_AB_C,"SA58R,SB58R",1.6668107509613037,0.2081855982542038,2
1REW_AB_C,"YA92A,YB92A",1.2152793407440186,1.7640583515167236,2
1REW_AB_C,QC55A,2.6585614681243896,0.49217236042022705,2
1REW_AB_C,"KC57R,SC59T,KC61I,AC62P,QC63H,LC64Q,TC67D",0.7299859523773193,0.6997706890106201,2
1REW_AB_C,"KC57R,SC59T,KC61I,AC62P,QC63H,LC64Q,TC67D,AC43T,MC47L,KC48G,YC49L",0.26777946949005127,-0.02862037718296051,2
1REW_AB_C,"KC57R,SC59T,KC61I,AC62P,QC63H,LC64Q,TC67D,AC43T,MC47L,KC48G,YC49L,GC11H,DC15E,AC30T,IC31M",1.1528583765029907,0.39581143856048584,2
3BK3_A_C,LC2A,0.0,0.27837055921554565,2
3BK3_A_C,LC2R,0.02633553557097912,0.4461894631385803,2
3BK3_A_C,IC3A,1.0386539697647095,0.37807244062423706,2
3BK3_A_C,IC3R,0.6508750319480896,0.15689405798912048,2
3BK3_A_C,TC4P,0.486391544342041,-0.07799028605222702,2
3BK3_A_C,TC6P,1.743019700050354,0.0651756227016449,2
3BK3_A_C,IC19A,0.486391544342041,0.6397885680198669,2
3BK3_A_C,IC19R,0.4239705204963684,0.5159106254577637,2
3BK3_A_C,IC22A,1.3077044486999512,0.7242869734764099,2
3BK3_A_C,IC22R,2.1215648651123047,-0.09625181555747986,2
3BK3_A_C,IC28A,1.2615159749984741,1.2185207605361938,2
3BK3_A_C,IC28R,1.1755025386810303,-0.45023995637893677,2
3BK3_A_C,AC37R,1.3827282190322876,-1.7331777811050415,2
1FC2_C_D,YC10W,0.4106564223766327,0.515426754951477,2
1FC2_C_D,IC12W,3.1389987468719482,-0.46783846616744995,2
1FC2_C_D,FC26W,0.0,0.15844841301441193,2
1FC2_C_D,LC40W,0.0,0.3589789867401123,2
1FC2_C_D,LC13D,1.4339518547058105,0.9102497100830078,2
1FC2_C_D,NC24A,0.6057023406028748,0.0050409212708473206,2
1FC2_C_D,FC26A,0.06347805261611938,1.283249020576477,2
1FC2_C_D,IC27A,5.276767253875732,1.763671636581421,2
1FC2_C_D,KC31A,1.526620626449585,1.5453177690505981,2
1FC2_C_D,LC13D,0.8213128447532654,0.9102497100830078,2
1FC2_C_D,NC24A,0.5822779536247253,0.0050409212708473206,2
1FC2_C_D,FC26A,-0.03615420684218407,1.283249020576477,2
1FC2_C_D,IC27A,2.185483932495117,1.763671636581421,2
1FC2_C_D,KC31A,1.2319692373275757,1.5453177690505981,2
1FC2_C_D,NC2F,-0.10801676660776138,0.09008224308490753,2
1FC2_C_D,NC7F,0.09132687747478485,-0.24436412751674652,2
1FC2_C_D,QC28K,0.17043781280517578,-0.07142848521471024,2
1FC2_C_D,NC2Q,0.0,0.4574737548828125,2
1FC2_C_D,QC28L,0.45807787775993347,-0.12767285108566284,2
1FC2_C_D,FC1M,0.9126397371292114,1.4903833866119385,2
1FC2_C_D,KC3D,1.0615314245224,0.4339931011199951,2
1FC2_C_D,YC10F,1.0276678800582886,0.3034149408340454,2
1FC2_C_D,NC24F,0.8454979062080383,-0.11742308735847473,2
3NPS_A_BC,QA23A,0.02633553557097912,-0.1894722729921341,2
3NPS_A_BC,IA26A,0.641829788684845,-0.3937499523162842,2
3NPS_A_BC,IA45A,-0.3319664001464844,0.01538434624671936,2
3NPS_A_BC,DA46A,0.34013882279396057,0.34668439626693726,2
3NPS_A_BC,DA47A,1.0679484605789185,1.6415514945983887,2
3NPS_A_BC,RA48A,-1.0632169246673584,1.6764153242111206,2
3NPS_A_BC,FA50A,0.21966907382011414,1.1129072904586792,2
3NPS_A_BC,RA51A,0.13823023438453674,0.11985839903354645,2
3NPS_A_BC,YA52A,0.45209214091300964,0.09542673826217651,2
3NPS_A_BC,RA82A,-0.15166330337524414,-0.055626675486564636,2
3NPS_A_BC,FA89A,1.5721080303192139,1.0045065879821777,2
3NPS_A_BC,NA90A,0.2535327076911926,0.5765524506568909,2
3NPS_A_BC,DA91A,1.5077089071273804,2.8454713821411133,2
3NPS_A_BC,FA92A,0.4637473225593567,1.5130314826965332,2
3NPS_A_BC,TA93A,0.724136471748352,1.2585384845733643,2
3NPS_A_BC,HA138A,1.8759315013885498,0.29537224769592285,2
3NPS_A_BC,QA140A,0.2958686947822571,0.6813675761222839,2
3NPS_A_BC,YA141A,1.7756685018539429,1.628216028213501,2
3NPS_A_BC,TA144A,0.175048366189003,0.7652390599250793,2
3NPS_A_BC,LA147A,0.2958686947822571,0.4276731014251709,2
3NPS_A_BC,EA163A,0.6156237125396729,0.36221957206726074,2
3NPS_A_BC,QA168A,-0.0592503547668457,0.392647385597229,2
3NPS_A_BC,QA169A,0.7412393689155579,1.1612598896026611,2
3NPS_A_BC,DA214A,1.4673998355865479,1.193669080734253,2
3NPS_A_BC,QA218A,-0.040935076773166656,0.975899875164032,2
3NPS_A_BC,RA219A,-0.08393942564725876,-0.13788571953773499,2
3NPS_A_BC,KA221A,-0.10365678369998932,1.1950182914733887,2
2FTL_E_I,TI11A,4.092513084411621,0.3538582921028137,2
2FTL_E_I,GI12A,4.392778396606445,1.3210121393203735,2
2FTL_E_I,PI13A,4.092513084411621,0.39776140451431274,2
2FTL_E_I,KI15A,10.159197807312012,9.865775108337402,2
2FTL_E_I,RI17A,4.092513084411621,-0.1894655078649521,2
2FTL_E_I,II18A,5.021842956542969,2.3585853576660156,2
2FTL_E_I,II19A,4.092513084411621,0.23993776738643646,2
2FTL_E_I,RI20A,4.092513084411621,0.0036506205797195435,2
2FTL_E_I,FI33A,4.092513084411621,0.8098301291465759,2
2FTL_E_I,VI34A,4.092513084411621,1.1093391180038452,2
2FTL_E_I,YI35A,4.092513084411621,1.6363914012908936,2
2FTL_E_I,GI36A,4.942731857299805,0.962938129901886,2
2FTL_E_I,GI37A,4.092513084411621,1.0577585697174072,2
2FTL_E_I,RI39A,4.092513084411621,-0.03138741850852966,2
2FTL_E_I,KI46A,4.092513084411621,-0.032582029700279236,2
2FTL_E_I,KI15G,12.352226257324219,10.679488182067871,2
2FTL_E_I,KI15A,10.638931274414062,9.865775108337402,2
2FTL_E_I,KI15S,7.723918437957764,10.329596519470215,2
2FTL_E_I,KI15V,11.756443977355957,9.008463859558105,2
2FTL_E_I,KI15T,10.59748363494873,10.718798637390137,2
2FTL_E_I,KI15D,11.502717971801758,10.549566268920898,2
2FTL_E_I,KI15N,8.03310489654541,9.405121803283691,2
2FTL_E_I,KI15M,7.692373275756836,7.730922222137451,2
2FTL_E_I,KI15I,11.171451568603516,8.868033409118652,2
2FTL_E_I,KI15L,8.864103317260742,6.59354829788208,2
2FTL_E_I,KI15E,9.424007415771484,9.97677993774414,2
2FTL_E_I,KI15Q,9.370643615722656,9.155479431152344,2
2FTL_E_I,KI15H,8.781781196594238,8.667227745056152,2
2FTL_E_I,KI15R,-0.5824391841888428,5.978512287139893,2
2FTL_E_I,KI15F,7.027210712432861,7.414955139160156,2
2FTL_E_I,KI15Y,6.8570098876953125,6.415217876434326,2
2FTL_E_I,KI15W,8.664118766784668,8.323760986328125,2
1A22_A_B,MA14A,0.0,0.11381939053535461,2
1A22_A_B,HA18A,-0.486391544342041,0.6789764761924744,2
1A22_A_B,HA21A,0.15543822944164276,1.0800633430480957,2
1A22_A_B,QA22A,-0.21983741223812103,-0.5754324197769165,2
1A22_A_B,FA25A,-0.44731462001800537,1.3833624124526978,2
1A22_A_B,DA26A,-0.21131277084350586,0.10315969586372375,2
1A22_A_B,QA29A,-0.5890467166900635,0.1256125122308731,2
1A22_A_B,YA42A,0.19934363663196564,1.438227653503418,2
1A22_A_B,LA45A,1.2245169878005981,2.6320748329162598,2
1A22_A_B,QA46A,0.10801676660776138,-0.20286373794078827,2
1A22_A_B,PA48A,0.4106564223766327,0.4814399480819702,2
1A22_A_B,SA51A,0.3482353687286377,0.42531818151474,2
1A22_A_B,EA56A,0.4106564223766327,0.4349951148033142,2
1A22_A_B,PA61A,1.2093250751495361,-0.1257503628730774,2
1A22_A_B,SA62A,0.15543822944164276,1.6306276321411133,2
1A22_A_B,NA63A,0.3143717646598816,1.5090564489364624,2
1A22_A_B,RA64A,1.6426256895065308,0.9610270857810974,2
1A22_A_B,EA65A,-0.4730774760246277,0.6557428240776062,2
1A22_A_B,QA68A,0.588454008102417,0.39087975025177,2
1A22_A_B,YA153A,0.3482353687286377,0.746435821056366,2
1A22_A_B,RA156A,0.27845457196235657,1.847064733505249,2
1A22_A_B,KA157A,-0.15484607219696045,1.1637847423553467,2
1A22_A_B,DA160A,0.7909240126609802,0.6294155716896057,2
1A22_A_B,KA161A,2.0150461196899414,1.6167198419570923,2
1A22_A_B,EA163A,-0.9246088266372681,1.855731725692749,2
1A22_A_B,TA164A,1.907029390335083,0.30292248725891113,2
1A22_A_B,FA165A,0.4106564223766327,2.7001953125,2
1A22_A_B,RA167A,2.4257025718688965,0.8121548295021057,2
1A22_A_B,IA168A,0.8063132762908936,1.9721839427947998,2
1A22_A_B,RA172A,0.5428582429885864,0.3823726773262024,2
1A22_A_B,EA175A,-0.011969134211540222,0.33955228328704834,2
1A22_A_B,RB11A,2.1162474155426025,1.2171717882156372,2
1A22_A_B,EB12A,1.6927218437194824,0.6790005564689636,2
1A22_A_B,RB29A,0.690199077129364,2.5481066703796387,2
1A22_A_B,RB30A,0.5358468890190125,1.2037990093231201,2
1A22_A_B,TB32A,0.11091385036706924,0.32806509733200073,2
1A22_A_B,QB33A,0.0,-0.2147945612668991,2
1A22_A_B,EB34A,-0.09423819184303284,0.21853984892368317,2
1A22_A_B,WB35A,0.5143008232116699,0.7365356087684631,2
1A22_A_B,WB39A,-0.017686447128653526,0.49909132719039917,2
1A22_A_B,SB57A,-0.05472675710916519,-0.10218295454978943,2
1A22_A_B,SB61A,-0.18216991424560547,0.46154648065567017,2
1A22_A_B,IB62A,1.607864499092102,0.4463609457015991,2
1A22_A_B,WB63A,4.731656074523926,1.1267387866973877,2
1A22_A_B,IB64A,1.9408929347991943,0.7362406849861145,2
1A22_A_B,PB65A,3.3057219982147217,0.9987947344779968,2
1A22_A_B,EB79A,-0.18216991424560547,0.23436219990253448,2
1A22_A_B,KB80A,0.08128507435321808,1.52860426902771,2
1A22_A_B,SB83A,0.274082213640213,0.9373605847358704,2
1A22_A_B,DB85A,0.9939247965812683,0.7231306433677673,2
1A22_A_B,EB86A,0.9706884026527405,0.8482198119163513,2
1A22_A_B,DB119A,1.4865336418151855,0.9877681136131287,2
1A22_A_B,IB120A,2.1307570934295654,0.5125154256820679,2
1A22_A_B,QB121A,0.017173724249005318,-0.4788752794265747,2
1A22_A_B,KB122A,-0.017686447128653526,0.3681803345680237,2
1A22_A_B,WB124A,4.731656074523926,1.2043830156326294,2
1A22_A_B,VB126A,-0.6170114278793335,0.0774434432387352,2
1A22_A_B,TB150A,-0.09423819184303284,0.3140479326248169,2
1A22_A_B,QB171A,0.8910936117172241,0.616678774356842,2
1A22_A_B,RB172A,0.274082213640213,0.8014832735061646,2
1A22_A_B,NB173A,0.29562830924987793,1.4103412628173828,2
1A22_A_B,SB174A,0.033863615244627,0.3056288957595825,2
1A22_A_B,EB10A,0.17908690869808197,1.0287843942642212,2
1A22_A_B,NB31A,0.274082213640213,1.0121092796325684,2
1A22_A_B,TB36A,0.20430143177509308,0.1929248869419098,2
1A22_A_B,FB55S,0.050096191465854645,1.025389313697815,2
1A22_A_B,TB60A,1.7616124153137207,0.5706139206886292,2
1A22_A_B,TB149A,0.20430143177509308,0.2020360380411148,2
1A22_A_B,KB170A,0.7853956818580627,0.8435158133506775,2
1A22_A_B,RB11L,0.5215702652931213,0.16399681568145752,2
1A22_A_B,RB11M,1.0003997087478638,0.44906193017959595,2
1A22_A_B,"NB31A,TB32A,QB33A,EB34A",-0.13657419383525848,1.4019522666931152,2
1A22_A_B,"NB31A,TB32A,QB33A,EB34A,WB35A,WB39A",0.16606545448303223,2.3194212913513184,2
1A22_A_B,"SB57A,SB61A",-0.5695899724960327,0.7793001532554626,2
1A22_A_B,"EB79A,KB80A",-0.34476056694984436,1.95619797706604,2
1A22_A_B,"QB121A,KB122A,VB126A",-0.8722296357154846,0.8654942512512207,2
1A22_A_B,"RB172A,NB173A",0.9025979042053223,1.5201184749603271,2
1A22_A_B,"QB171A,RB172A,NB173A",1.1035670042037964,1.4738929271697998,2
1A22_A_B,"SB57A,SB61A,EB79A,KB80A",-0.8954659700393677,2.321611166000366,2
1A22_A_B,"SB57A,SB61A,EB79A,KB80A,QB121A,KB122A,VB126A",-1.4000883102416992,2.3791985511779785,2
1A22_A_B,FB55S,-0.13220183551311493,1.025389313697815,2
1A22_A_B,"KB2A,KB5A",0.2402186095714569,-0.2990473508834839,2
1A22_A_B,"RB29A,RB30A,EB34A",0.9535146951675415,2.665912389755249,2
1A22_A_B,"DB78A,EB79A,KB80A",0.20982979238033295,1.9724230766296387,2
1A22_A_B,"DB107A,RB111A,EB113A",0.3143717646598816,0.27234113216400146,2
1A22_A_B,"RB116A,DB119A,KB122A",-0.0624210461974144,1.11587655544281,2
1A22_A_B,"EB138A,KB140A,KB142A,DB145A",0.1202327087521553,0.5133257508277893,2
1A22_A_B,"KB158A,DB160A,KB161A,EB162A,EB164A",1.1202380657196045,-0.06741851568222046,2
1A22_A_B,RB7A,0.26912444829940796,1.3990345001220703,2
1A22_A_B,EB10A,1.2319692373275757,1.0287843942642212,2
1A22_A_B,RB11A,0.27845457196235657,1.2171717882156372,2
1A22_A_B,EB12A,0.6508750319480896,0.6790005564689636,2
1A22_A_B,RB29A,0.4180161654949188,2.5481066703796387,2
1A22_A_B,RB30A,0.5993249416351318,1.2037990093231201,2
1A22_A_B,EB34A,-0.07911093533039093,0.21853984892368317,2
1A22_A_B,EB38A,-0.07911093533039093,0.4351743459701538,2
1A22_A_B,KB40A,0.1439339518547058,1.0446054935455322,2
1A22_A_B,EB41A,0.7830768823623657,0.10792060196399689,2
1A22_A_B,EB50A,0.17779755592346191,0.07081116735935211,2
1A22_A_B,KB69A,0.042846519500017166,1.2227427959442139,2
1A22_A_B,DB85A,0.9824205040931702,0.7231306433677673,2
1A22_A_B,EB86A,0.4106564223766327,0.8482198119163513,2
1A22_A_B,DB91A,1.0857164859771729,0.5726897716522217,2
1A22_A_B,EB128A,0.08280224353075027,0.29880058765411377,2
1A22_A_B,EB130A,-0.07911093533039093,-0.07207918167114258,2
1A22_A_B,KB134A,0.0,-0.40579575300216675,2
1A22_A_B,EB135A,0.19934363663196564,0.17268018424510956,2
1A22_A_B,KB158A,0.2402186095714569,-0.152793750166893,2
1A22_A_B,DB160A,-0.04618846997618675,0.1545594185590744,2
1A22_A_B,KB161A,0.19934363663196564,0.14999635517597198,2
1A22_A_B,EB162A,-0.07911093533039093,0.08776016533374786,2
1A22_A_B,EB164A,-0.0624210461974144,0.3386405110359192,2
1A22_A_B,RB166A,0.05646670609712601,0.7257658243179321,2
1A22_A_B,RB168A,-0.19052284955978394,1.0693047046661377,2
1A22_A_B,KB170A,0.4998636245727539,0.8435158133506775,2
1A22_A_B,RB172A,0.33154547214508057,0.8014832735061646,2
1A22_A_B,EB179A,0.10801676660776138,-0.4500809907913208,2
1A22_A_B,WB35A,0.5428582429885864,0.7365356087684631,2
1A22_A_B,WB39A,0.166723370552063,0.49909132719039917,2
1A22_A_B,WB63A,4.635371685028076,1.1267387866973877,2
1A22_A_B,WB63F,2.784808874130249,-0.45712530612945557,2
1A22_A_B,YB54A,0.19934363663196564,0.3392517566680908,2
1A22_A_B,PB9A,0.259645015001297,0.8681897521018982,2
1A22_A_B,SB15A,-0.01499958522617817,0.3148735761642456,2
1A22_A_B,TB19A,0.06978079676628113,0.14457105100154877,2
1A22_A_B,NB31A,-0.44104522466659546,1.0121092796325684,2
1A22_A_B,TB32A,-0.44104522466659546,0.32806509733200073,2
1A22_A_B,QB33A,-0.5810942649841309,-0.2147945612668991,2
1A22_A_B,TB36A,-0.2552182078361511,0.1929248869419098,2
1A22_A_B,QB37A,-0.4106564223766327,0.21969832479953766,2
1A22_A_B,NB56A,-0.2552182078361511,0.5581079721450806,2
1A22_A_B,SB57A,-0.327854186296463,-0.10218295454978943,2
1A22_A_B,SB58A,-0.5069410800933838,0.21542681753635406,2
1A22_A_B,FB59A,-0.01499958522617817,0.5819901823997498,2
1A22_A_B,TB60A,1.0857164859771729,0.5706139206886292,2
1A22_A_B,SB61A,0.4671231210231781,0.46154648065567017,2
1A22_A_B,IB62A,0.43246692419052124,0.4463609457015991,2
1A22_A_B,IB64A,0.13220183551311493,0.7362406849861145,2
1A22_A_B,PB65A,2.6268067359924316,0.9987947344779968,2
1A22_A_B,VB84A,1.1421831846237183,-0.05091746896505356,2
1A22_A_B,IB87A,0.588454008102417,0.4475076198577881,2
1A22_A_B,VB88A,-0.04618846997618675,0.9675619006156921,2
1A22_A_B,QB89A,-0.030388813465833664,0.5244433283805847,2
1A22_A_B,"FA25A,YA42A,QA46A",0.19052284955978394,2.3118648529052734,2
1A22_A_B,FA25A,-0.4314463436603546,1.3833624124526978,2
1A22_A_B,"YA42A,QA46A",0.2733250856399536,1.1754318475723267,2
1A22_A_B,"FA25A,YA42A,QA46A",0.20581859350204468,2.3118648529052734,2
1A22_A_B,FA25A,-0.3927019536495209,1.3833624124526978,2
1A22_A_B,"YA42A,QA46A",0.3062743544578552,1.1754318475723267,2
1A22_A_B,RB11A,2.1780316829681396,1.2171717882156372,2
1A22_A_B,EB12A,1.7777824401855469,0.6790005564689636,2
1A22_A_B,NB31A,0.17779755592346191,1.0121092796325684,2
1A22_A_B,TB32A,0.07762795686721802,0.32806509733200073,2
1A22_A_B,QB33A,0.0,-0.2147945612668991,2
1A22_A_B,EB34A,-0.12265188246965408,0.21853984892368317,2
1A22_A_B,WB35A,0.5773797631263733,0.7365356087684631,2
1A22_A_B,WB39A,0.0,0.49909132719039917,2
1A22_A_B,SB57A,-0.12265188246965408,-0.10218295454978943,2
1A22_A_B,SB61A,-0.2224189043045044,0.46154648065567017,2
1A22_A_B,IB62A,1.7777824401855469,0.4463609457015991,2
1A22_A_B,IB64A,1.9783879518508911,0.7362406849861145,2
1A22_A_B,CB67A,0.0,0.6766231656074524,2
1A22_A_B,EB79A,-0.2224189043045044,0.23436219990253448,2
1A22_A_B,KB80A,0.07762795686721802,1.52860426902771,2
1A22_A_B,CB81A,0.0,0.9349584579467773,2
1A22_A_B,SB83A,0.17779755592346191,0.9373605847358704,2
1A22_A_B,DB85A,0.9778892993927002,0.7231306433677673,2
1A22_A_B,EB86A,0.9778892993927002,0.8482198119163513,2
1A22_A_B,DB119A,1.5760760307312012,0.9877681136131287,2
1A22_A_B,IB120A,2.1780316829681396,0.5125154256820679,2
1A22_A_B,QB121A,0.0,-0.4788752794265747,2
1A22_A_B,KB122A,0.0,0.3681803345680237,2
1A22_A_B,VB126A,-0.7232534885406494,0.0774434432387352,2
1A22_A_B,TB149A,0.17779755592346191,0.2020360380411148,2
1A22_A_B,TB150A,-0.12265188246965408,0.3140479326248169,2
1A22_A_B,QB171A,0.8777795433998108,0.616678774356842,2
1A22_A_B,RB172A,0.17779755592346191,0.8014832735061646,2
1A22_A_B,NB173A,0.27845457196235657,1.4103412628173828,2
1A22_A_B,PA2A,-0.05472675710916519,0.01997317373752594,2
1A22_A_B,TA3A,-0.05472675710916519,0.05794548988342285,2
1A22_A_B,IA4A,0.4106564223766327,0.0770428329706192,2
1A22_A_B,PA5A,0.43623384833335876,0.014728114008903503,2
1A22_A_B,LA6A,0.6391429305076599,0.2968524098396301,2
1A22_A_B,SA7A,0.346296101808548,0.10540056228637695,2
1A22_A_B,RA8A,0.20430143177509308,0.031002789735794067,2
1A22_A_B,LA9A,-0.03591717779636383,0.49370741844177246,2
1A22_A_B,FA10A,1.0497993230819702,-0.04079955816268921,2
1A22_A_B,NA12A,0.0962846651673317,-0.19087101519107819,2
1A22_A_B,MA14A,0.46870511770248413,0.11381939053535461,2
1A22_A_B,LA15A,0.1527513712644577,-0.21946333348751068,2
1A22_A_B,RA16A,0.2402186095714569,-0.2672661542892456,2
1A22_A_B,HA18A,-0.2063549906015396,0.6789764761924744,2
1A22_A_B,RA19A,0.050096191465854645,-0.2654973864555359,2
1A22_A_B,FA54A,0.8793615102767944,0.16447046399116516,2
1A22_A_B,SA55A,0.11091385036706924,-0.12820422649383545,2
1A22_A_B,EA56A,0.8384865522384644,0.4349951148033142,2
1A22_A_B,SA57A,0.20430143177509308,0.14393167197704315,2
1A22_A_B,IA58A,1.6597994565963745,2.305424690246582,2
1A22_A_B,PA59A,0.3839247226715088,0.5635270476341248,2
1A22_A_B,SA62A,0.6391429305076599,1.6306276321411133,2
1A22_A_B,NA63A,0.7062847018241882,1.5090564489364624,2
1A22_A_B,RA64A,1.801238775253296,0.9610270857810974,2
1A22_A_B,EA65A,-0.3143717646598816,0.6557428240776062,2
1A22_A_B,EA66A,0.43623384833335876,0.3676808476448059,2
1A22_A_B,QA68A,0.9873782992362976,0.39087975025177,2
1A22_A_B,QA69A,-0.05472675710916519,-0.07336357235908508,2
1A22_A_B,KA70A,0.5215702652931213,0.3416261672973633,2
1A22_A_B,SA71A,0.4106564223766327,0.38268589973449707,2
1A22_A_B,LA73A,-0.2063549906015396,-0.017706163227558136,2
1A22_A_B,RA156A,-0.15893353521823883,1.847064733505249,2
1A22_A_B,KA157A,0.050096191465854645,1.1637847423553467,2
1A22_A_B,DA160A,1.1578161716461182,0.6294155716896057,2
1A22_A_B,KA161A,1.5432579517364502,1.6167198419570923,2
1A22_A_B,EA163A,-0.8954659700393677,1.855731725692749,2
1A22_A_B,TA164S,1.6907169818878174,0.4169727563858032,2
1A22_A_B,FA165A,1.6382533311843872,2.7001953125,2
1A22_A_B,RA167N,1.2699328660964966,1.298736810684204,2
1A22_A_B,IA168A,0.5897433161735535,1.9721839427947998,2
1A22_A_B,VA169A,0.0,0.2700941562652588,2
1A22_A_B,QA170A,0.274082213640213,0.42640548944473267,2
1A22_A_B,CA171A,1.019410490989685,-0.3120570778846741,2
1A22_A_B,RA172A,0.43623384833335876,0.3823726773262024,2
1A22_A_B,SA173A,-0.05472675710916519,-0.040859200060367584,2
1A22_A_B,VA174A,0.8793615102767944,0.17564517259597778,2
1A22_A_B,EA175A,-0.13657419383525848,0.33955228328704834,2
1A22_A_B,GA176A,0.346296101808548,0.05433313548564911,2
1A22_A_B,SA177A,-0.2063549906015396,0.20877312123775482,2
1A22_A_B,FA180A,0.19182829558849335,0.05040702968835831,2
1A22_A_B,IA58L,0.31641823053359985,1.7632302045822144,2
1A22_A_B,RA64K,-0.3143717646598816,-0.6261053681373596,2
1A22_A_B,FA165Y,1.2699328660964966,0.8820926547050476,2
1A22_A_B,RA167K,0.9535146951675415,0.5151585340499878,2
1A22_A_B,"NA12H,FA25L",0.8384865522384644,1.9257333278656006,2
1A22_A_B,"DA11A,MA14V,HA18Q,RA19H,FA25A,QA29K,EA33R",0.7471597194671631,3.2951009273529053,2
1A22_A_B,"NA12R,MA14V,LA15V,RA16L,RA19Y,FA25S,DA26E,QA29S,EA30Q,EA33K",1.398034691810608,1.7287925481796265,2
1A22_A_B,"NA12R,MA14V,LA15V,RA16L,RA19Y",1.6805893182754517,0.5343276262283325,2
1A22_A_B,"QA22N,FA25S,DA26E,QA29S,EA30Q,EA33K",-0.09423819184303284,1.2566349506378174,2
1A22_A_B,"QA46H,NA47D,PA48S,QA49E,LA52F",1.1820012331008911,-0.5007471442222595,2
1A22_A_B,"PA48A,TA50A,SA51A,LA52F",0.6024847030639648,0.31481093168258667,2
1A22_A_B,"EA56D,RA64M",2.0033140182495117,-0.6162570118904114,2
1A22_A_B,"SA57T,TA60A,SA62T,NA63G,RA64K,EA65D,TA67A,KA70R,NA72D,LA73V",1.6805893182754517,2.053043842315674,2
1A22_A_B,"FA54H,SA55T,EA56S,IA58L,PA59A,SA62E,NA63D,RA64K,EA66Q,TA67A,KA70M,SA71N,NA72Q,LA73K,EA74D",2.4967727661132812,1.100001573562622,2
1A22_A_B,"EA88G,QA91Y,FA92H,RA94T,SA95E",0.19182829558849335,0.12873585522174835,2
1A22_A_B,"FA97R,AA98G,NA99M,SA100Q,LA101D,VA102A,YA103P,GA104E",0.2630080282688141,1.3691668510437012,2
1A22_A_B,"NA109D,VA110D,DA112H",0.346296101808548,0.5775042176246643,2
1A22_A_B,"YA111V,LA113I,KA115E,DA116Q,EA118K,EA119R,QA122E,TA123G,GA126L,RA127I,EA129S",0.25172290205955505,1.1076979637145996,2
1A22_A_B,"RA127D,LA128V,EA129H",0.31641823053359985,0.027179241180419922,2
1A22_A_B,"RA156K,DA160H,IA168V,QA170K",1.9539144039154053,0.4757770895957947,2
1A22_A_B,"KA157A,EA163A",-0.7697627544403076,4.733160972595215,2
1A22_A_B,"RA64A,DA160A",3.3227505683898926,2.144160032272339,2
1A22_A_B,"KA161A,FA165A",3.7808284759521484,4.289656162261963,2
3NCB_A_B,AA167H,0.6862740516662598,-1.5599093437194824,2
3NCB_A_B,AA167H,-0.7340859770774841,-1.5599093437194824,2
3NCB_A_B,AA167H,-1.669722080230713,-1.5599093437194824,2
3NCB_A_B,AA167H,-1.445011854171753,-1.5599093437194824,2
3NCB_A_B,AA167H,-1.481518030166626,-1.5599093437194824,2
3NCB_A_B,AA167H,-1.8215218782424927,-1.5599093437194824,2
3NCB_A_B,AA167H,-1.6300702095031738,-1.5599093437194824,2
3NCB_A_B,AA167H,-1.6149024963378906,-1.5599093437194824,2
3NCB_A_B,AA167H,-1.5354089736938477,-1.5599093437194824,2
3NCB_A_B,AA167H,-0.26777946949005127,-1.5599093437194824,2
3NCB_A_B,AA167H,-0.7765509486198425,-1.5599093437194824,2
3NCB_A_B,AA167H,-1.0553276538848877,-1.5599093437194824,2
3NCB_A_B,AA167H,-1.7124065160751343,-1.5599093437194824,2
3NCB_A_B,AA167H,-2.0376904010772705,-1.5599093437194824,2
3NCB_A_B,AA167H,-2.2031702995300293,-1.5599093437194824,2
3NCB_A_B,AA167H,-2.0335617065429688,-1.5599093437194824,2
3NCB_A_B,AA167H,-2.455331325531006,-1.5599093437194824,2
3NCB_A_B,AA167H,-2.272951126098633,-1.5599093437194824,2
3NCB_A_B,AA167H,-2.2118194103240967,-1.5599093437194824,2
1GC1_G_C,KC1A,0.0624210461974144,0.33684879541397095,2
1GC1_G_C,KC2A,-0.01668989285826683,-0.08314386010169983,2
1GC1_G_C,KC7A,0.9978901147842407,0.2325526624917984,2
1GC1_G_C,KC8A,0.10526756942272186,-1.0291483402252197,2
1GC1_G_C,DC10A,0.0,0.12066423892974854,2
1GC1_G_C,TC11A,0.0,0.04446721076965332,2
1GC1_G_C,TC15A,0.3220660388469696,0.22505159676074982,2
1GC1_G_C,TC17A,-0.12810181081295013,-0.018971003592014313,2
1GC1_G_C,SC19A,0.0,-0.21897748112678528,2
1GC1_G_C,QC20A,-0.01668989285826683,-0.04533812403678894,2
1GC1_G_C,KC21A,-0.12810181081295013,0.3494887351989746,2
1GC1_G_C,KC22A,0.2402186095714569,0.604103147983551,2
1GC1_G_C,SC23A,0.2926822304725647,0.2129478007555008,2
1GC1_G_C,QC25A,0.032032232731580734,-0.6282256245613098,2
1GC1_G_C,HC27A,0.28255462646484375,0.43333810567855835,2
1GC1_G_C,KC29A,0.5362386107444763,0.49312931299209595,2
1GC1_G_C,NC30A,0.17043781280517578,0.46089619398117065,2
1GC1_G_C,SC31A,0.10526756942272186,-0.43879806995391846,2
1GC1_G_C,NC32A,0.1826537549495697,0.9276217818260193,2
1GC1_G_C,QC33A,0.10526756942272186,0.25938349962234497,2
1GC1_G_C,KC35A,0.3220660388469696,1.2033145427703857,2
1GC1_G_C,NC39A,0.465625137090683,0.797894299030304,2
1GC1_G_C,QC40A,-0.4106564223766327,0.3194577693939209,2
1GC1_G_C,SC42A,0.0,0.11708544194698334,2
1GC1_G_C,LC44A,1.0560202598571777,0.8746964335441589,2
1GC1_G_C,TC45A,-0.14889173209667206,1.6215612888336182,2
1GC1_G_C,KC46A,1.4310189485549927,0.9109364748001099,2
1GC1_G_C,SC49A,0.6111744046211243,0.1401718556880951,2
1GC1_G_C,KC50A,0.04742145910859108,-0.017560064792633057,2
1GC1_G_C,LC51A,1.234022855758667,0.8578241467475891,2
1GC1_G_C,NC52A,0.7083382606506348,0.298397958278656,2
1GC1_G_C,DC53A,0.3026396632194519,0.43974852561950684,2
1GC1_G_C,DC56A,-0.06978079676628113,1.2885029315948486,2
1GC1_G_C,RC58A,0.13220183551311493,1.0289825201034546,2
1GC1_G_C,RC59A,1.1759138107299805,2.0657525062561035,2
1GC1_G_C,SC60A,-0.08859037607908249,0.05985577404499054,2
1GC1_G_C,DC63A,-0.31932955980300903,1.607332706451416,2
1GC1_G_C,QC64A,0.44268864393234253,0.45737504959106445,2
1GC1_G_C,NC66A,-0.033863615244627,1.3242027759552002,2
1GC1_G_C,KC72A,-0.01668989285826683,-0.15437376499176025,2
1GC1_G_C,NC73A,-0.10801676660776138,0.3656266927719116,2
1GC1_G_C,KC75A,0.15796467661857605,0.47058719396591187,2
1GC1_G_C,EC77A,0.5622846484184265,0.5178751945495605,2
1GC1_G_C,YC82A,1.2906758785247803,2.108360767364502,2
1GC1_G_C,EC85A,1.3232961893081665,1.2940425872802734,2
1GC1_G_C,VC86A,-0.06978079676628113,0.07885386049747467,2
1GC1_G_C,EC87A,0.21785926818847656,0.30850470066070557,2
1GC1_G_C,DC88A,-0.06978079676628113,0.20509374141693115,2
1GC1_G_C,QC89A,0.17043781280517578,0.08010068535804749,2
1GC1_G_C,KC90A,0.04742145910859108,-0.23525403439998627,2
1GC1_G_C,EC91A,-0.12810181081295013,0.3033391833305359,2
1GC1_G_C,EC92A,0.016232576221227646,0.47081243991851807,2
1GC1_G_C,QC94A,-0.10801676660776138,-0.24479563534259796,2
1GC1_G_C,QC89L,-0.31092584133148193,-0.04224196821451187,2
1GC1_G_C,"QC40A,DC63A",-0.4992468059062958,0.401997447013855,2
1GC1_G_C,"QC40A,DC63A,QC89L",-0.8482471108436584,0.5916634798049927,2
1DAN_HL_UT,"WT40R,ST42G",1.4816070795059204,2.5334970951080322,2
1DAN_HL_UT,WT40A,1.5000076293945312,1.367801308631897,2
1DAN_HL_UT,ST42A,-0.1265324056148529,0.4728931784629822,2
1DAN_HL_UT,VT28A,-0.18582704663276672,0.6444794535636902,2
1DAN_HL_UT,YT46A,-0.1265324056148529,1.2393115758895874,2
1DAN_HL_UT,FT71A,1.10543692111969,1.191678524017334,2
1DAN_HL_UT,YT73A,0.6276386380195618,0.90108323097229,2
1DAN_HL_UT,PU2A,-0.18582704663276672,0.7258579730987549,2
1DAN_HL_UT,YU4A,0.31168490648269653,2.7128612995147705,2
1DAN_HL_UT,VT31A,-0.1265324056148529,1.0309261083602905,2
1DAN_HL_UT,QT32A,0.7290357351303101,1.0997107028961182,2
1DAN_HL_UT,IT33A,-0.1265324056148529,2.72255539894104,2
1DAN_HL_UT,GT38A,0.0646953359246254,-0.11443394422531128,2
1DAN_HL_UT,KT43A,0.9207224249839783,1.2326128482818604,2
1DAN_HL_UT,"CT44S,CT52S",-0.32587605714797974,1.3279173374176025,2
1DAN_HL_UT,TT55A,2.2240757942199707,1.2348605394363403,2
1DAN_HL_UT,"TT55A,FU50A",4.325087070465088,1.8548070192337036,2
1DAN_HL_UT,"TT55A,KT15A",3.0546562671661377,2.7334933280944824,2
1DAN_HL_UT,DT39A,1.3799108266830444,1.0824719667434692,2
1DAN_HL_UT,"DT39A,WT40A",1.5072107315063477,2.5280826091766357,2
1DAN_HL_UT,"DT39A,FU50A",3.1733052730560303,1.664316177368164,2
1DAN_HL_UT,"DT39A,KT15A",3.9962286949157715,2.4808526039123535,2
1DAN_HL_UT,"DT39A,DT53A",3.857964038848877,2.171630382537842,2
1DAN_HL_UT,"DT39A,TT55A",4.159247875213623,2.5638070106506348,2
1DAN_HL_UT,"DT39A,KT15A,FU50A",5.735138893127441,3.1019248962402344,2
1DAN_HL_UT,RH125A,0.7490248680114746,1.3081328868865967,2
1DAN_HL_UT,MH154A,0.7444849610328674,0.12533293664455414,2
1DAN_HL_UT,KH189A,-0.18667039275169373,0.6544143557548523,2
1DAN_HL_UT,LH135A,0.01579965651035309,0.6479071378707886,2
1DAN_HL_UT,KT15A,2.4386024475097656,1.7233343124389648,2
1DAN_HL_UT,DT39A,2.145008087158203,1.0824719667434692,2
1DAN_HL_UT,WT40A,2.371095895767212,1.367801308631897,2
1DAN_HL_UT,KT41A,0.8948080539703369,0.6278014183044434,2
1DAN_HL_UT,QU20A,1.305464506149292,0.06058979034423828,2
1DAN_HL_UT,RU45A,0.986134946346283,1.233530044555664,2
1DAN_HL_UT,FU50A,2.2154533863067627,0.8880566358566284,2
1DAN_HL_UT,VU113A,1.5698682069778442,0.37142592668533325,2
1DAN_HL_UT,ST11A,-0.12980671226978302,1.0064425468444824,2
1DAN_HL_UT,LT54A,0.0,3.631007194519043,2
1DAN_HL_UT,DT56A,0.2420443445444107,1.5335595607757568,2
1DAN_HL_UT,ET57A,0.0,1.022301435470581,2
1DAN_HL_UT,IT58A,0.0,0.9306579232215881,2
1DAN_HL_UT,VT59A,0.0,0.9061374068260193,2
1DAN_HL_UT,QT64A,0.0,0.1837155967950821,2
1DAN_HL_UT,LT67A,-0.059836238622665405,1.294567584991455,2
1DAN_HL_UT,EU15A,-0.059836238622665405,0.960921585559845,2
1DAN_HL_UT,TU16A,-0.059836238622665405,2.136615753173828,2
1DAN_HL_UT,NU17A,0.0,1.1515130996704102,2
1DAN_HL_UT,RU41A,0.0,0.57268226146698,2
1DAN_HL_UT,TU42A,0.0,2.392111301422119,2
1DAN_HL_UT,RU46A,-0.059836238622665405,0.2054753452539444,2
1DAN_HL_UT,NU48A,0.0,0.1875329166650772,2
1DAN_HL_UT,VU56A,0.19953952729701996,0.5631781816482544,2
1DAN_HL_UT,FU57A,-0.059836238622665405,0.9962285161018372,2
1DAN_HL_UT,YU67A,0.0,1.5923717021942139,2
1DAN_HL_UT,VU85A,0.10984250903129578,0.05549607425928116,2
1DAN_HL_UT,RU102A,0.46060433983802795,0.644256055355072,2
1DAN_HL_UT,TU103A,0.10984250903129578,0.17425592243671417,2
1DAN_HL_UT,VU104A,0.10984250903129578,0.25953710079193115,2
1DAN_HL_UT,NU105A,0.0,0.8089067339897156,2
3HFM_HL_Y,YY20A,4.878217697143555,3.2874207496643066,2
3HFM_HL_Y,NL32A,5.109632968902588,1.7716553211212158,2
3HFM_HL_Y,KY96A,6.991293430328369,3.9758853912353516,2
3HFM_HL_Y,NL31A,5.216465950012207,1.144925832748413,2
3HFM_HL_Y,"NL31A,KY96A",7.471730709075928,4.79717493057251,2
3HFM_HL_Y,NL31D,1.3440860509872437,-0.15482930839061737,2
3HFM_HL_Y,NL31E,5.709924697875977,0.1113792210817337,2
3HFM_HL_Y,YL50A,4.55963659286499,1.0614240169525146,2
3HFM_HL_Y,YL50L,4.395153045654297,0.8769939541816711,2
3HFM_HL_Y,YL50F,2.355921745300293,0.42905282974243164,2
3HFM_HL_Y,"YL50A,RY21A",6.369324207305908,2.7987213134765625,2
3HFM_HL_Y,"YL50F,RY21A",4.3327317237854,1.6642534732818604,2
3HFM_HL_Y,"YL50F,YY20A",6.226447105407715,2.2654919624328613,2
3HFM_HL_Y,"YL50A,KY96A",7.733495235443115,5.999410629272461,2
3HFM_HL_Y,"YL50A,KY97A",7.32283878326416,3.061967134475708,2
3HFM_HL_Y,KY97A,6.169980525970459,1.8864723443984985,2
3HFM_HL_Y,YH33A,6.037778854370117,4.014987468719482,2
3HFM_HL_Y,"YH33A,KY97A",7.231512069702148,3.9285595417022705,2
3HFM_HL_Y,WH98F,3.2470154762268066,0.7163132429122925,2
3HFM_HL_Y,"WH98F,YY20A",6.231808662414551,3.201690435409546,2
3HFM_HL_Y,WH98A,5.513151168823242,2.2947115898132324,2
3HFM_HL_Y,"WH98A,KY96A",7.733495235443115,4.947324275970459,2
3HFM_HL_Y,DH32A,1.8990768194198608,1.4740748405456543,2
3HFM_HL_Y,"DH32A,KY97A",4.594496726989746,1.5150110721588135,2
3HFM_HL_Y,"DH32N,KY97A",4.893741130828857,1.2409098148345947,2
3HFM_HL_Y,DH32N,0.17043781280517578,1.1941670179367065,2
3HFM_HL_Y,"DH32A,KY97M",1.1239525079727173,1.8736618757247925,2
3HFM_HL_Y,"DH32N,KY97M",0.3026396632194519,1.3560190200805664,2
3HFM_HL_Y,KY97M,1.0935636758804321,1.402341365814209,2
3HFM_HL_Y,RY21A,1.0276678800582886,1.4759023189544678,2
3HFM_HL_Y,SH31A,0.17043781280517578,0.3196359872817993,2
3HFM_HL_Y,YH50A,7.32283878326416,3.7561635971069336,2
3HFM_HL_Y,"YH50A,RY21A",7.944808006286621,3.869300603866577,2
3HFM_HL_Y,QL53A,0.9535146951675415,0.607524573802948,2
3HFM_HL_Y,YL96A,2.7082571983337402,1.1377453804016113,2
3HFM_HL_Y,"YL96A,RY21A",5.759324073791504,2.322831630706787,2
3HFM_HL_Y,"YL96F,RY21A",4.183840274810791,1.447301983833313,2
3HFM_HL_Y,YL96F,1.4024070501327515,0.08806337416172028,2
3HFM_HL_Y,YH53W,0.6948397159576416,-0.2692662477493286,2
3HFM_HL_Y,YH53F,0.6105332374572754,0.37434881925582886,2
3HFM_HL_Y,YH53L,0.7939297556877136,0.8750268816947937,2
3HFM_HL_Y,YH53A,3.1981747150421143,0.8455519080162048,2
3HFM_HL_Y,YH33W,1.7214642763137817,1.5443782806396484,2
3HFM_HL_Y,YH33F,1.05401611328125,1.044262170791626,2
3HFM_HL_Y,YH33L,1.974704384803772,2.1709814071655273,2
3HFM_HL_Y,YH50F,1.5841330289840698,0.9040847420692444,2
3HFM_HL_Y,YH50L,2.8030807971954346,1.5472381114959717,2
3HFM_HL_Y,YH58F,0.35729318857192993,0.5403808951377869,2
3HFM_HL_Y,YH58L,1.4893616437911987,1.133042812347412,2
3HFM_HL_Y,YH58A,1.649124264717102,1.831790566444397,2
3HFM_HL_Y,DY101G,0.19934363663196564,1.560633897781372,2
3HFM_HL_Y,DY101A,1.2087328433990479,1.211093783378601,2
3HFM_HL_Y,DY101N,1.3409347534179688,0.6170178055763245,2
3HFM_HL_Y,DY101S,1.7124065160751343,0.32982921600341797,2
3HFM_HL_Y,DY101Q,1.9302657842636108,0.7727654576301575,2
3HFM_HL_Y,DY101R,2.1230628490448,0.11067388951778412,2
3HFM_HL_Y,DY101E,1.9741711616516113,1.4648866653442383,2
3HFM_HL_Y,DY101F,2.1704843044281006,0.30094051361083984,2
3HFM_HL_Y,DY101K,1.9741711616516113,-0.0569889098405838,2
3HFM_HL_Y,RY21W,1.9741711616516113,-0.06832107901573181,2
3HFM_HL_Y,RY21Q,2.241950750350952,0.8332539796829224,2
3HFM_HL_Y,RY21E,2.2935006618499756,0.8032300472259521,2
3HFM_HL_Y,RY21G,2.2702643871307373,0.24346746504306793,2
3HFM_HL_Y,RY21N,2.1704843044281006,0.2508302330970764,2
3HFM_HL_Y,RY21H,2.0150461196899414,0.19691912829875946,2
3HFM_HL_Y,RY21K,1.619389295578003,0.012087032198905945,2
3HFM_HL_Y,NY19K,0.2402186095714569,0.23929406702518463,2
3HFM_HL_Y,NY19Q,-0.04250481724739075,0.2805889844894409,2
3HFM_HL_Y,NY19D,0.4106564223766327,-0.2701351046562195,2
3HFM_HL_Y,GY102V,0.2402186095714569,0.4089815020561218,2
3HFM_HL_Y,RY21G,2.5760552883148193,0.24346746504306793,2
3HFM_HL_Y,RY21A,0.8213128447532654,1.4759023189544678,2
3HFM_HL_Y,RY21N,2.488123655319214,0.2508302330970764,2
3HFM_HL_Y,RY21E,2.6155667304992676,0.8032300472259521,2
3HFM_HL_Y,RY21Q,2.555265426635742,0.8332539796829224,2
3HFM_HL_Y,RY21H,2.325532913208008,0.19691912829875946,2
3HFM_HL_Y,RY21M,2.0508084297180176,1.8280435800552368,2
3HFM_HL_Y,RY21K,1.9148765802383423,0.012087032198905945,2
3HFM_HL_Y,RY21W,2.2935006618499756,-0.06832107901573181,2
3HFM_HL_Y,KY97G,6.433435440063477,1.689253330230713,2
3HFM_HL_Y,KY97A,5.55808162689209,1.8864723443984985,2
3HFM_HL_Y,KY97D,6.771455764770508,1.2266309261322021,2
3HFM_HL_Y,KY97E,3.606121778488159,1.567086935043335,2
3HFM_HL_Y,KY97M,0.8012278079986572,1.402341365814209,2
3HFM_HL_Y,KY97R,3.054218292236328,-0.12792328000068665,2
3HFM_HL_Y,DY101G,0.5186731815338135,1.560633897781372,2
3HFM_HL_Y,DY101A,1.5346089601516724,1.211093783378601,2
3HFM_HL_Y,DY101S,2.0280675888061523,0.32982921600341797,2
3HFM_HL_Y,DY101N,1.6426256895065308,0.6170178055763245,2
3HFM_HL_Y,DY101E,2.2935006618499756,1.4648866653442383,2
3HFM_HL_Y,DY101Q,2.241950750350952,0.7727654576301575,2
3HFM_HL_Y,DY101K,2.276810884475708,-0.0569889098405838,2
3HFM_HL_Y,DY101F,2.488123655319214,0.30094051361083984,2
3HFM_HL_Y,DY101R,2.4387240409851074,0.11067388951778412,2
3HFM_HL_Y,YY20F,-0.5046222805976868,0.532705545425415,2
3HFM_HL_Y,KY96M,6.779980659484863,3.0929856300354004,2
3HFM_HL_Y,GY102V,0.5507054328918457,0.4089815020561218,2
3HFM_HL_Y,HY15A,-0.44551658630371094,0.4717699885368347,2
3HFM_HL_Y,YY20A,4.2734375,3.2874207496643066,2
3HFM_HL_Y,RY21A,0.8621878027915955,1.4759023189544678,2
3HFM_HL_Y,WY63A,0.31932955980300903,0.9533330798149109,2
3HFM_HL_Y,RY73A,-0.33154547214508057,1.155910849571228,2
3HFM_HL_Y,LY75A,0.7047714591026306,1.0234678983688354,2
3HFM_HL_Y,TY89A,0.0,0.886242687702179,2
3HFM_HL_Y,NY93A,0.21131277084350586,0.6557345986366272,2
3HFM_HL_Y,KY96A,6.489310264587402,3.9758853912353516,2
3HFM_HL_Y,IY98A,0.0,0.19807270169258118,2
3HFM_HL_Y,SY100A,0.26777946949005127,0.8663343191146851,2
3HFM_HL_Y,DY101A,0.9535146951675415,1.211093783378601,2
3HFM_HL_Y,YY20F,-0.4637473225593567,0.532705545425415,2
3HFM_HL_Y,YY20L,2.185483932495117,2.2920455932617188,2
3HFM_HL_Y,KY96R,5.355400085449219,-0.026854857802391052,2
1DAN_HL_UT,EU114A,-0.004828486125916243,0.028062164783477783,2
1DAN_HL_UT,VU113A,-0.18866854906082153,0.37142592668533325,2
1DAN_HL_UT,TU109A,0.13527154922485352,0.8759627342224121,2
1DAN_HL_UT,"KU107A,DU110A",0.042667556554079056,0.794065535068512,2
1DAN_HL_UT,"NU105A,RU106A",0.3999813199043274,0.8869882225990295,2
1DAN_HL_UT,"TU103A,VU104A",-0.14902915060520172,0.4031240940093994,2
1DAN_HL_UT,SU101A,-0.0028923668432980776,0.023491278290748596,2
1DAN_HL_UT,"SU101A,RU102A",0.6385655999183655,0.7079045176506042,2
1DAN_HL_UT,YU91A,-0.3298647701740265,0.39809906482696533,2
1DAN_HL_UT,"EU89A,NU90A",-0.09357527643442154,0.37759870290756226,2
1DAN_HL_UT,KU87A,0.017063796520233154,0.04199237376451492,2
1DAN_HL_UT,LU82A,0.07995188981294632,-0.06903441250324249,2
1DAN_HL_UT,"NU79A,EU80A",-0.02454584650695324,0.864246129989624,2
1DAN_HL_UT,TU78A,-0.025549152866005898,0.2688632607460022,2
1DAN_HL_UT,KU75A,0.1166100949048996,-0.0871669128537178,2
1DAN_HL_UT,TU73A,0.21198563277721405,0.5288376808166504,2
1DAN_HL_UT,"KU71A,KU72A",-0.23973791301250458,1.6675136089324951,2
1DAN_HL_UT,GU70R,-0.16279315948486328,-0.08441093564033508,2
1DAN_HL_UT,SU69A,0.02264423295855522,0.09584428369998932,2
1DAN_HL_UT,WU68F,0.12289611995220184,0.6500934362411499,2
1DAN_HL_UT,YU66L,0.15484607219696045,0.40416014194488525,2
1DAN_HL_UT,IU62A,0.17879411578178406,0.5041671395301819,2
1DAN_HL_UT,"KU59A,DU60A",-0.10151255130767822,-0.07455253601074219,2
1DAN_HL_UT,DU55A,-0.010675099678337574,0.3036603331565857,2
1DAN_HL_UT,RU54A,-0.0028923668432980776,0.4223579168319702,2
1DAN_HL_UT,FU50A,1.281753420829773,0.8880566358566284,2
1DAN_HL_UT,TU49A,-0.015591741539537907,0.4406052827835083,2
1DAN_HL_UT,"RU46A,NU47A,NU48A",0.206581249833107,0.1893398016691208,2
1DAN_HL_UT,RU45A,0.5193140506744385,1.233530044555664,2
1DAN_HL_UT,LU43A,-0.027560874819755554,0.9895362257957458,2
1DAN_HL_UT,"EU40A,RU41F",-0.021546082571148872,0.4810408353805542,2
1DAN_HL_UT,DU39A,-0.026554159820079803,0.38050127029418945,2
1DAN_HL_UT,EU38A,0.08580537885427475,0.40896373987197876,2
1DAN_HL_UT,KU32A,-0.12360850721597672,-0.05741424113512039,2
1DAN_HL_UT,"QU24A,EU27A",0.03364985063672066,0.6304211616516113,2
1DAN_HL_UT,"NU17A,QU20A",0.41449108719825745,0.8572749495506287,2
1DAN_HL_UT,"LU14A,EU15A",-0.4629063606262207,1.5562483072280884,2
1DAN_HL_UT,EU9A,-0.17558960616588593,-0.22094054520130157,2
1DAN_HL_UT,YU4A,1.024149775505066,2.7128612995147705,2
1DAN_HL_UT,KT63A,-0.07038220763206482,0.2523807883262634,2
1DAN_HL_UT,"KT63A,QT64A",-0.20611459016799927,0.06007165461778641,2
1DAN_HL_UT,"KT60A,DT61A",-0.5042316913604736,0.3606235384941101,2
1DAN_HL_UT,"DT56A,ET57A",0.3045600950717926,2.088715076446533,2
1DAN_HL_UT,DT53E,1.380299687385559,1.6372954845428467,2
1DAN_HL_UT,DT53A,1.9894969463348389,1.785620093345642,2
1DAN_HL_UT,"DT49A,ET51A",0.433300644159317,0.5294855833053589,2
1DAN_HL_UT,TT47A,0.40485748648643494,0.39691948890686035,2
1DAN_HL_UT,FT45A,0.4379112124443054,0.3428308367729187,2
1DAN_HL_UT,KT43A,0.41449108719825745,1.2326128482818604,2
1DAN_HL_UT,ST42A,0.043561823666095734,0.4728931784629822,2
1DAN_HL_UT,KT41A,0.23182405531406403,0.6278014183044434,2
1DAN_HL_UT,"KT41A,KT43A",1.1358543634414673,1.3849749565124512,2
1DAN_HL_UT,WT40F,1.2705957889556885,-0.18165789544582367,2
1DAN_HL_UT,DT39A,0.7350139021873474,1.0824719667434692,2
1DAN_HL_UT,ST37A,-0.0693001002073288,0.6193302869796753,2
1DAN_HL_UT,KT36A,0.32156944274902344,0.6167827248573303,2
1DAN_HL_UT,"KT36A,DT39A",1.5714305639266968,1.5033540725708008,2
1DAN_HL_UT,QT32A,0.5466929078102112,1.0997107028961182,2
1DAN_HL_UT,KT23A,0.1166100949048996,0.2054041475057602,2
1DAN_HL_UT,ET21A,0.10140793025493622,0.23928438127040863,2
1DAN_HL_UT,WT20F,0.6151982545852661,-0.1605733186006546,2
1DAN_HL_UT,ET19A,0.6578863859176636,-0.17194348573684692,2
1DAN_HL_UT,IT17A,0.6450760960578918,1.2080633640289307,2
1DAN_HL_UT,TT16A,-0.15900751948356628,0.8358533382415771,2
1DAN_HL_UT,KT15R,1.68574059009552,-0.5487163662910461,2
1DAN_HL_UT,KT15A,2.5879082679748535,1.7233343124389648,2
1DAN_HL_UT,NT13A,0.18021486699581146,1.3244941234588623,2
1DAN_HL_UT,TT12A,0.12054666876792908,1.7906572818756104,2
1DAN_HL_UT,KT10A,-0.397342324256897,0.30240780115127563,2
1DAN_HL_UT,WT9F,0.6917499899864197,-1.185170292854309,2
1F5R_A_I,KA129Q,-1.171373963356018,-0.8259825110435486,2
1CT2_E_I,TI13L,-3.2047202587127686,-3.543215036392212,2
1SGP_E_I,AI13L,-2.9891605377197266,-3.1872706413269043,2
1SGY_E_I,YI13L,-1.6760064363479614,-1.7624621391296387,2
2NU0_E_I,WI13L,-1.8652080297470093,-2.507265090942383,2
2NU2_E_I,RI13L,-3.366955280303955,-3.384566307067871,2
3QDG_ABC_DE,DD26W,-1.562268853187561,-1.8479430675506592,2
3QDG_ABC_DE,DD26Y,-1.7938382625579834,-1.2306346893310547,2
3QDG_ABC_DE,RD27W,0.5964834690093994,0.06952255964279175,2
3QDG_ABC_DE,LE95W,-0.70299232006073,-1.2424495220184326,2
3QDG_ABC_DE,FE97W,0.9345039129257202,0.3770628571510315,2
3QDG_ABC_DE,TE99F,-0.03865187615156174,-0.2895703911781311,2
3QDG_ABC_DE,GD28I,0.8663308620452881,-0.158218652009964,2
3QDG_ABC_DE,GD28L,1.3886055946350098,0.7576432824134827,2
3QDG_ABC_DE,GD28Y,1.5025767087936401,0.25350862741470337,2
3QDG_ABC_DE,RD27P,0.13840557634830475,0.1618918627500534,2
3QDG_ABC_DE,GD28P,1.091920256614685,0.8309093117713928,2
3QDG_ABC_DE,AE52P,-0.06589584797620773,0.1081908792257309,2
3QDG_ABC_DE,GD28N,0.8517016768455505,0.34524965286254883,2
3QDG_ABC_DE,FE97Y,1.3945599794387817,1.030203104019165,2
3QDG_ABC_DE,"DD26W,LE95W",-3.354782819747925,-2.533356189727783,2
3QDG_ABC_DE,"DD26Y,LE95W",-3.5434513092041016,-2.2979938983917236,2
4JFE_ABC_DE,AC7I,-6.429625511169434,-5.8684797286987305,2
4JFE_ABC_DE,"AC7I,EC1A",0.8932133316993713,0.46840739250183105,2
4JFE_ABC_DE,"AC7I,GC4A",0.08859037607908249,-1.298101544380188,2
4JFE_ABC_DE,"AC7I,GC6A",0.16564060747623444,-0.775510847568512,2
4JFE_ABC_DE,"AC7I,LC8A",-0.23073917627334595,-1.5177693367004395,2
4JFE_ABC_DE,"AC7I,TC9A",0.10482294857501984,-1.8531452417373657,2
1QSE_ABC_DE,RC7V,-1.225422739982605,0.39204442501068115,2
2BNR_ABC_DE,QA43A,0.08280224353075027,-0.11276309937238693,2
2BNR_ABC_DE,EA58A,0.0,0.10858254134654999,2
2BNR_ABC_DE,DA61A,-0.08978603780269623,0.36934471130371094,2
2BNR_ABC_DE,EA63A,0.33471086621284485,0.13605444133281708,2
2BNR_ABC_DE,TA64A,0.2714707851409912,0.6086522340774536,2
2BNR_ABC_DE,RA65A,1.8063724040985107,2.4913790225982666,2
2BNR_ABC_DE,KA66A,1.6893346309661865,1.0901297330856323,2
2BNR_ABC_DE,VA67A,0.3928016424179077,0.4581603407859802,2
2BNR_ABC_DE,KA68A,0.005528363399207592,0.9197012782096863,2
2BNR_ABC_DE,AA69G,1.8552099466323853,1.4739902019500732,2
2BNR_ABC_DE,HA70A,1.6957166194915771,1.6496622562408447,2
2BNR_ABC_DE,QA72A,-0.0962846651673317,0.8521206378936768,2
2BNR_ABC_DE,TA73A,1.285060167312622,1.3737139701843262,2
2BNR_ABC_DE,HA74A,0.9753251671791077,1.5905598402023315,2
2BNR_ABC_DE,RA75A,0.5308891534805298,1.5627751350402832,2
2BNR_ABC_DE,VA76A,0.6720904111862183,0.7051880955696106,2
2BNR_ABC_DE,TA80A,0.5354059338569641,0.30684542655944824,2
2BNR_ABC_DE,KA146A,0.6243711709976196,1.76131272315979,2
2BNR_ABC_DE,AA149G,0.018230730667710304,0.5077282786369324,2
2BNR_ABC_DE,AA150G,0.7368884086608887,0.4464506506919861,2
2BNR_ABC_DE,HA151A,0.5331518650054932,0.24836866557598114,2
2BNR_ABC_DE,VA152A,0.9033095836639404,0.544660747051239,2
2BNR_ABC_DE,EA154A,0.018230730667710304,0.2160717099905014,2
2BNR_ABC_DE,QA155A,0.2327662855386734,0.3757758140563965,2
2BNR_ABC_DE,TA163A,0.4586472809314728,0.17697955667972565,2
2BNR_ABC_DE,CC9V,-0.5019832849502563,-0.941905677318573,2
3HG1_ABC_DE,"SE50Y,VE51G,GE52P,IE53F",-1.5820304155349731,0.6746450662612915,2
3HG1_ABC_DE,"SE50W,VE51G,GE52P,IE53F",-1.774827480316162,0.46431249380111694,2
3HG1_ABC_DE,"SE50F,VE51G,GE52P,IE53Y",-2.026550531387329,0.9068602323532104,2
3HG1_ABC_DE,"SE50Y,VE51G,GE52P,IE53Y",-1.7309221029281616,0.9247007966041565,2
3HG1_ABC_DE,"SE50Y,VE51G,GE52P,IE53F,TE100M,EE102G,LE103W,FE104Q",-1.4907034635543823,-0.6414807438850403,2
3HG1_ABC_DE,"SE50Y,VE51G,GE52P,IE53F,GE99N,TE100L,EE102G,LE103W",-2.854874610900879,-0.22505518794059753,2
3HG1_ABC_DE,"SE50W,VE51G,GE52P,IE53F,TE100M,EE102G,LE103W,FE104Q",-2.2953264713287354,-0.6981043815612793,2
3HG1_ABC_DE,"SE50W,VE51G,GE52P,IE53F,GE99N,TE100L,EE102G,LE103W",-2.980065107345581,-0.07361743599176407,2
3LZF_AB_HL,DA187E,0.4985881447792053,0.16513215005397797,2
3LZF_AB_HL,DA222G,0.5380995869636536,0.27438002824783325,2
3LZF_AB_HL,"DA187E,DA222G",0.12744316458702087,0.2665603756904602,2
3Q8D_A_E,RA202A,0.45807787775993347,0.5213164687156677,2
3Q8D_A_E,RA202E,1.383597493171692,0.4915764331817627,2
3Q8D_A_E,RA209A,1.3232961893081665,1.4999486207962036,2
3Q8D_A_E,RA209E,3.0309817790985107,0.035767361521720886,2
3Q8D_A_E,FA227A,0.3026396632194519,1.5217881202697754,2
3Q8D_A_E,FA227D,3.0309817790985107,0.5647478699684143,2
3Q8D_A_E,RA228A,0.3591063618659973,0.2300499528646469,2
3Q8D_A_E,RA228E,1.2067546844482422,0.027594149112701416,2
3Q8D_A_E,RA131A,3.0309817790985107,0.12674087285995483,2
3Q8D_A_E,RA97A,0.45807787775993347,-0.3006604313850403,2
3Q8D_A_E,RA12A,0.3591063618659973,0.10653488337993622,2
4HFK_A_BD,RB22A,1.39213228225708,1.5187180042266846,2
4HFK_A_BD,LB45A,2.5254640579223633,2.1428685188293457,2
4HFK_A_BD,EB46A,1.1885719299316406,0.7869083285331726,2
4HFK_A_BD,SB48A,0.2015419900417328,-0.2694844603538513,2
4HFK_A_BD,NB49A,-0.020160991698503494,-0.0034819096326828003,2
4HFK_A_BD,LB50A,0.0300583578646183,-0.07768730819225311,2
4HFK_A_BD,EB56A,0.9423989653587341,0.9311934113502502,2
4HFK_A_BD,TD72A,1.850210189819336,0.6907461285591125,2
3KBH_A_E,DA20A,0.8734071850776672,0.2746849060058594,2
3KBH_A_E,YA23A,1.8127912282943726,1.3383444547653198,2
3KBH_A_E,YA23F,1.6158939599990845,0.41534334421157837,2
3KBH_A_E,YE17A,0.10001825541257858,1.4729235172271729,2
3KBH_A_E,SE54A,1.8573336601257324,1.2363364696502686,2
3KBH_A_E,SE54T,2.4906718730926514,0.16655561327934265,2
2AW2_A_B,PB16A,2.5755908489227295,0.13668066263198853,2
2AW2_A_B,YB22A,1.8850841522216797,1.6485061645507812,2
2AW2_A_B,VB35A,1.0963916778564453,0.5875895023345947,2
1BJ1_HL_VW,YH27A,2.243532657623291,2.0585625171661377,2
1BJ1_HL_VW,YH54A,1.328253984451294,1.594146966934204,2
1BJ1_HL_VW,TH59A,0.8510478734970093,1.3530189990997314,2
1BJ1_HL_VW,YH99A,4.440748691558838,2.4367575645446777,2
1BJ1_HL_VW,HH107A,0.7900062203407288,1.5795602798461914,2
1BJ1_HL_VW,"ML4L,TH28D,NH31H,HH101Y,SH105T",-1.7956174612045288,0.3085417151451111,2
1BJ1_HL_VW,"ML4L,TH28D,NH31H,HH101Y,SH105T",-1.4631426334381104,0.3085417151451111,2
1CZ8_HL_VW,"LL4M,DH28T,HH31N,YH101H,TH105S",1.7956174612045288,0.051664941012859344,2
1CZ8_HL_VW,"LL4M,DH28T,HH31N,YH101H,TH105S",2.8273136615753174,0.051664941012859344,2
1BJ1_HL_VW,"HH101Y,YH103R,SH105T",-1.1736482381820679,-0.08546897768974304,2
1BJ1_HL_VW,"HH101Y,SH105T",-1.3440860509872437,-0.7363460659980774,2
1BJ1_HL_VW,"HH101Y,YH103I,GH104A,SH105K",-0.4314463436603546,-0.4987126588821411,2
1BJ1_HL_VW,"HH101Y,YH103W,SH105T",-1.0414464473724365,-0.8477269411087036,2
1BJ1_HL_VW,"HH101Y,YH103R,GH104N,SH105T",-0.7629918456077576,-0.30361008644104004,2
1BJ1_HL_VW,YH54W,-0.13733132183551788,-0.23503033816814423,2
1BJ1_HL_VW,"TH28D,NH31H",-0.693211019039154,1.2477104663848877,2
1BJ1_HL_VW,"LH72V,TH74V",0.6709600687026978,0.7384688258171082,2
1BJ1_HL_VW,"LH72I,TH74K",0.07655175030231476,0.5802803635597229,2
1BJ1_HL_VW,"TH28D,NH31H,YH54W,HH101Y,SH105T",-1.204037070274353,0.40217626094818115,2
1BJ1_HL_VW,"TH28D,NH31H,HH101Y,SH105T",-1.7547425031661987,0.42563432455062866,2
1BJ1_HL_VW,TH28D,-0.22013357281684875,0.5002568364143372,2
1BJ1_HL_VW,NH31H,-0.7629918456077576,-0.3917946219444275,2
1BJ1_HL_VW,HH101Y,-1.584304690361023,-0.6428524255752563,2
1BJ1_HL_VW,SH105T,-0.39057138562202454,-0.01497330516576767,2
1BJ1_HL_VW,"HH101Y,YH103R,GH104D,SH105N",-0.995850682258606,-0.856483519077301,2
1CZ8_HL_VW,"LL4M,DH28T,HH31N,YH103R",0.6219692230224609,0.7402409911155701,2
1CZ8_HL_VW,"LL4M,DH28T,HH31N",0.45153138041496277,0.33894532918930054,2
1CZ8_HL_VW,"LL4M,DH28T,HH31N,TH105K,YH103I,GH104A",1.3641711473464966,0.3942795395851135,2
1CZ8_HL_VW,"LL4M,DH28T,HH31N,YH103W",0.7541710138320923,0.1790299415588379,2
1CZ8_HL_VW,"LL4M,DH28T,HH31N,YH103R,GH104N",1.032625675201416,0.6931034922599792,2
1CZ8_HL_VW,"LL4M,DH28T,HH31N,YH101H,TH105S,YH54W",1.6582860946655273,0.03640669584274292,2
1CZ8_HL_VW,"LL4M,YH101H,TH105S",1.10240638256073,0.7104910016059875,2
1CZ8_HL_VW,"LL4M,DH28T,HH31N,YH101H,TH105S,LH72V,TH74V",2.4665775299072266,0.4336552619934082,2
1CZ8_HL_VW,"LL4M,DH28T,HH31N,YH101H,TH105S,LH72I,TH74K",1.8721692562103271,0.44262129068374634,2
1CZ8_HL_VW,"LL4M,YH54W",0.5915803909301758,0.03533535450696945,2
1CZ8_HL_VW,LL4M,0.04087496176362038,0.2685677409172058,2
1CZ8_HL_VW,"LL4M,HH31N,YH101H,TH105S",1.5754839181900024,0.9005877375602722,2
1CZ8_HL_VW,"LL4M,DH28T,YH101H,TH105S",1.032625675201416,0.9708279967308044,2
1CZ8_HL_VW,"LL4M,DH28T,HH31N,TH105S",0.21131277084350586,-0.5375231504440308,2
1CZ8_HL_VW,"LL4M,DH28T,HH31N,YH101H",1.4050461053848267,0.7105213403701782,2
1CZ8_HL_VW,"LL4M,DH28T,HH31N,TH105N,YH103R,GH104D",0.7997667789459229,0.409736692905426,2
3BDY_HL_V,"DL28N,PL30A,RL31K,SL32T,YL57F,TL97S,TL98S",-0.9735997319221497,0.2229911834001541,2
3BDY_HL_V,"DL28N,PL30A,RL31K,SL32T,YL57F,TL97S,TL98S,KH31S,DH32G,TH55S,NH56E,GH101V,DH103V",-2.728342294692993,-0.4472604990005493,2
3BDY_HL_V,"DL28N,PL30A,RL31K,SL32T,TL97S,TL98S",-0.9535146951675415,-0.03089926391839981,2
3BDY_HL_V,"DL28N,PL30A,RL31K,SL32T,TL97S,TL98S,KH31S,DH32G,TH55S,NH56E,GH101V,DH103V",-2.671875476837158,-0.5858129858970642,2
3BDY_HL_V,"DL28N,PL30A,RL31K,SL32T,TL97S,TL98S,KH31S,DH32G,TH55S,NH56E,GH101V,DH103V,RH51A,RH60A",-2.728342294692993,0.5615388751029968,2
2NY7_HL_G,"WG13M,SG92T,WG181S,MG231A,CG14W,CG110V,CG27I,CG226Q",-0.3037257194519043,-0.08556518703699112,2
2NY7_HL_G,"WG13M,MG231A,CG14W,CG110V,CG27I,CG226Q",0.449248343706131,0.29086434841156006,2
2NY7_HL_G,"KG66C,EG103C,WG13M,MG231A,CG14W,CG110V,CG27I,CG226Q",0.3000297248363495,0.30530059337615967,2
2NY7_HL_G,"WG13M,MG231A,CG14W,CG110V",1.1579517126083374,0.42786455154418945,2
2NY7_HL_G,"KG66C,EG102C,WG13M,MG231A,CG14W,CG110V,CG27I,CG226Q",0.3999813199043274,0.48420971632003784,2
2NY7_HL_G,"GG229C,WG13M,MG231A,CG14W,CG110V,CG27I,CG226Q",0.2147209495306015,0.27903956174850464,2
2NY7_HL_G,"CG27I,CG226Q,MG231A",0.20328329503536224,0.12392695248126984,2
2NY7_HL_G,"CG27I,CG226Q",0.1998084932565689,-0.6146987080574036,2
2NY7_HL_G,"WG13M,MG231A,CG14W,CG110V,KG66C,EG102C",0.5512619614601135,0.4033527374267578,2
2NY7_HL_G,"KG66C,EG102C,CG27I,CG226Q",0.04087496176362038,-0.5997648239135742,2
2NY7_HL_G,"GG229C,MG231A",-0.37896695733070374,0.06746968626976013,2
2NZ9_DC_A,SA874A,-0.12034162133932114,-0.37257230281829834,2
2NZ9_DC_A,KA875A,0.5445982217788696,0.25596165657043457,2
2NZ9_DC_A,QA887A,0.09997596591711044,0.1976631134748459,2
2NZ9_DC_A,FA889A,-0.04996808245778084,0.7383391857147217,2
2NZ9_DC_A,NA890A,2.175600290298462,0.6762709617614746,2
2NZ9_DC_A,LA891A,2.2963976860046387,2.5248842239379883,2
2NZ9_DC_A,EA892A,2.790327548980713,1.9535869359970093,2
2NZ9_DC_A,KA895A,-0.3019140660762787,-0.3003602623939514,2
2NZ9_DC_A,FA925A,3.364515542984009,3.492433786392212,2
2NZ9_DC_A,NA926A,-0.1532640904188156,0.36181169748306274,2
2NZ9_DC_A,SA927A,-0.07911093533039093,-0.20376808941364288,2
2NZ9_DC_A,IA928A,0.06978079676628113,0.14145419001579285,2
2NZ9_DC_A,KA1028A,-0.008777227252721786,0.43901169300079346,2
2NZ9_DC_A,DA1030A,-0.03130663186311722,0.013877063989639282,2
2NZ9_DC_A,RA1033A,0.292977511882782,0.6553497910499573,2
2NZ9_DC_A,DA1034A,2.356466054916382,2.5932323932647705,2
2NZ9_DC_A,TA1035A,2.3874666690826416,2.1345698833465576,2
2NZ9_DC_A,HA1036A,7.473180770874023,6.368257999420166,2
2NZ9_DC_A,RA1266A,0.3929699659347534,0.5215265154838562,2
2NZ9_DC_A,"SD29K,DD30Y,HD31D",-0.04996808245778084,0.07643687725067139,2
3NGB_HL_G,TH33Y,0.08423155546188354,-0.9007516503334045,2
3NGB_HL_G,GH55S,0.7433762550354004,0.0890631377696991,2
3NGB_HL_G,AH57G,-0.056055422872304916,0.9672214388847351,2
3NGB_HL_G,VH58T,0.13793396949768066,1.450601577758789,2
3NGB_HL_G,PH63K,0.23262739181518555,0.5070739388465881,2
3NGB_HL_G,VH74T,0.16501310467720032,0.17927275598049164,2
3NGB_HL_G,YH75S,0.3327198326587677,0.3270381689071655,2
3NGB_HL_G,IH30T,0.07342666387557983,0.31369727849960327,2
3NGB_HL_G,KH52N,0.175048366189003,0.6512480974197388,2
3NGB_HL_G,RH54N,0.046471256762742996,0.13225261867046356,2
3NGB_HL_G,RH62Q,0.09659314900636673,0.8639853596687317,2
3NGB_HL_G,YL26S,0.651560366153717,0.35576850175857544,2
3NGB_HL_G,"AH57G,VH58T,PH63K,VH74T",1.6741704940795898,0.9764265418052673,2
3NGB_HL_G,"TH33Y,GH56S,AH57G,VH58T,PH63K,VH74T,YH75S",1.9390616416931152,0.8934376835823059,2
3NGB_HL_G,"IH30T,KH52N,RH54N,GH55S,AH57G,VH58T,RH62Q,PH63K,VH74T,YH75S,YL26S",0.8625305891036987,1.2844245433807373,2
3NGB_HL_G,"CH32S,CH102A",0.2591139078140259,-0.010574549436569214,2
1E50_A_B,DA8A,-0.4022527039051056,0.26526153087615967,2
1E50_A_B,NA11A,0.6784359216690063,0.16276110708713531,2
1E50_A_B,MA48A,1.3202656507492065,0.6035257577896118,2
1E50_A_B,NA51A,2.4327139854431152,0.3796624541282654,2
1E50_A_B,YA55A,0.9449900388717651,0.5700111985206604,2
1E50_A_B,SA56A,0.9783764481544495,0.7483896017074585,2
1E50_A_B,TA91A,1.513062834739685,1.6934250593185425,2
1E50_A_B,VA101A,-0.04390541464090347,1.3251230716705322,2
1E50_A_B,TA103A,2.185483932495117,0.6087287068367004,2
1E50_A_B,RB32A,1.774827480316162,0.6692643761634827,2
1E50_A_B,VB57A,0.0,0.27266359329223633,2
1E50_A_B,NB62A,0.9096092581748962,1.0382664203643799,2
1E50_A_B,SB64A,0.11502811312675476,0.14003156125545502,2
1E50_A_B,DA8A,-0.23009097576141357,0.26526153087615967,2
1E50_A_B,NA51A,1.407914400100708,0.3796624541282654,2
1E50_A_B,"DA52A,EA53A",0.3910408318042755,0.43930912017822266,2
1E50_A_B,YA55A,0.883733868598938,0.5700111985206604,2
1E50_A_B,RA84A,-0.1912277340888977,-0.06952754408121109,2
1E50_A_B,KA86M,0.32008570432662964,-0.28951895236968994,2
1E50_A_B,TA91A,1.0438679456710815,1.6934250593185425,2
1E50_A_B,NB62A,1.020007610321045,1.0382664203643799,2
1E50_A_B,NB99A,1.407914400100708,1.9294817447662354,2
4EKD_A_B,CA147R,-0.05646670609712601,-0.38306915760040283,2
4JGH_ABC_D,WD44A,2.049182891845703,0.5600520968437195,2
4KRO_A_B,RB15A,1.5840085744857788,1.683461308479309,2
4KRO_A_B,DB92A,1.5048975944519043,2.5160226821899414,2
4KRO_A_B,"DA321T,FA323A",0.12702755630016327,-0.033071666955947876,2
4KRP_A_B,EB105A,1.606764316558838,1.5632213354110718,2
4KRP_A_B,"DA277T,FA279A",0.358457088470459,-0.04147671163082123,2
4MYW_A_B,IB48A,2.573214054107666,2.420825481414795,2
4MYW_A_B,"TB31A,QB32A,EB93A,NB101A",-0.5298199653625488,0.006927721202373505,2
4RA0_A_C,"SC6G,GC61D,AC66V,RC101G",1.4830588102340698,1.0549731254577637,2
4RA0_A_C,"GC61D,AC66V,RC101G",1.5820304155349731,0.6615431904792786,2
4RA0_A_C,"SC6G,AC66V,RC101G",0.9792775511741638,0.9528366327285767,2
4RA0_A_C,"SC6G,GC61D,AC66V,RC101G",0.883733868598938,1.0549731254577637,2
4RA0_A_C,"SC6G,GC61D,AC66V",1.4648281335830688,0.6442069411277771,2
4RA0_A_C,"AC66V,RC101G",0.9535146951675415,0.5661666989326477,2
4RA0_A_C,"GC61D,AC66V,RC101G",0.6360629796981812,0.6615431904792786,2
4RA0_A_C,"GC61D,AC66V",1.5179190635681152,0.28839951753616333,2
4RA0_A_C,"SC6G,AC66V",0.9219698905944824,0.4425394535064697,2
4RA0_A_C,"SC6G,GC61D,AC66V",0.8267732858657837,0.6442069411277771,2
4RA0_A_C,"SC6G,AC66V,RC101G",0.44268864393234253,0.9528366327285767,2
4RA0_A_C,"SC6G,AC66V",0.6131264567375183,0.4425394535064697,2
4RA0_A_C,"GC61D,AC66V",0.6863617897033691,0.28839951753616333,2
4RA0_A_C,AC66V,0.9311553239822388,-0.04496581852436066,2
4RA0_A_C,RC101G,0.24748805165290833,0.23016370832920074,2
4X4M_AB_E,KE153A,0.6395467519760132,0.331213116645813,2
4X4M_AB_E,HE154A,0.38309553265571594,0.7992951273918152,2
4X4M_AB_E,RE155A,1.7401713132858276,0.8911731839179993,2
4X4M_AB_E,"KE153A,HE154A,RE155A",1.7881416082382202,1.6859017610549927,2
4X4M_AB_E,KE153E,0.9535146951675415,0.6690040230751038,2
4X4M_AB_E,HE154E,1.9851295948028564,0.2681003212928772,2
4X4M_AB_E,RE155E,0.641829788684845,1.3258106708526611,2
4RS1_A_B,"RB47A,EB48A,HB52A",-0.5465883016586304,1.4658081531524658,2
4RS1_A_B,"NB116A,SB117A,KB118A,RB119A",-0.046389494091272354,0.7916807532310486,2
4RS1_A_B,"LB146A,TB147A,SB148A",-0.2159343957901001,1.4396753311157227,2
4RS1_A_B,NB150A,-0.046389494091272354,0.414137601852417,2
4RS1_A_B,YB151A,-0.6558536291122437,1.2490270137786865,2
4RS1_A_B,YB151F,-0.4490576684474945,-0.2866041660308838,2
4RS1_A_B,TB172A,0.4807125926017761,0.2094394415616989,2
4RS1_A_B,KB174A,0.8712080121040344,0.018991008400917053,2
4RS1_A_B,IB175A,-0.2759808897972107,0.4096408486366272,2
4RS1_A_B,EB176A,-0.6945897936820984,0.6806127429008484,2
4RS1_A_B,"YB201A,YB206A",0.7209311723709106,0.06570793688297272,2
4RS1_A_B,QB202A,1.354171633720398,0.4205811023712158,2
4RS1_A_B,KB203A,0.27628159523010254,0.08859813213348389,2
4RS1_A_B,LB204A,0.07225450128316879,1.3194429874420166,2
4RS1_A_B,SB205A,0.6159898042678833,0.09270310401916504,2
4RS1_A_B,EA25A,1.5025767087936401,-0.09351804852485657,2
4RS1_A_B,EA25K,2.1401376724243164,-0.42891907691955566,2
4RS1_A_B,DA28A,2.5922298431396484,1.2000925540924072,2
4RS1_A_B,DA28K,3.6194357872009277,0.7824954986572266,2
4RS1_A_B,QA79A,0.4699510633945465,0.6603469252586365,2
4RS1_A_B,QA79E,1.2121529579162598,-0.2519798278808594,2
4RS1_A_B,DA92A,2.133366584777832,0.8169917464256287,2
4RS1_A_B,DA92K,3.2598674297332764,0.009205996990203857,2
4RS1_A_B,LA95A,2.365586757659912,0.8547554016113281,2
4RS1_A_B,FA99A,3.6263248920440674,1.5218393802642822,2
4RS1_A_B,"LA95A,FA99A",4.122901916503906,2.4884190559387207,2
4RS1_A_B,"EA25K,DA28K",4.122901916503906,-0.07197871804237366,2
4RS1_A_B,"EA25K,DA92K",4.122901916503906,-1.0833386182785034,2
4RS1_A_B,"DA28K,DA92K",4.122901916503906,0.3715667724609375,2
4RS1_A_B,EA88A,0.476552277803421,0.4738994240760803,2
4RS1_A_B,EA88Q,0.924957275390625,0.716681957244873,2
4RS1_A_B,EA88K,0.336503267288208,1.0583245754241943,2
4RS1_A_B,NA89D,0.29562830924987793,-0.9362779855728149,2
4RS1_A_B,NA89A,1.2900179624557495,-0.00951346755027771,2
4RS1_A_B,NA89K,0.9101451635360718,-0.7953067421913147,2
4RS1_A_B,KA91A,-0.11502811312675476,0.6806061863899231,2
4RS1_A_B,KA91Q,0.274082213640213,0.3992540240287781,2
4RS1_A_B,KA91E,0.12519049644470215,0.7200931310653687,2
4RS1_A_B,DA92N,1.4300669431686401,0.5957825779914856,2
4RS1_A_B,DA92A,1.7201007604599,0.8169917464256287,2
4RS1_A_B,DA92R,3.130221366882324,0.22458161413669586,2
4RS1_A_B,DA92K,3.977485179901123,0.009205996990203857,2
4RS1_A_B,IA6G,0.8562873601913452,1.003222107887268,2
4RS1_A_B,EA8R,0.39442384243011475,0.5504047274589539,2
4RS1_A_B,RA10D,0.17839030921459198,0.36487650871276855,2
4RS1_A_B,RA11D,0.19012241065502167,-0.0735718309879303,2
2REX_A_B,LA70Y,0.5577501058578491,-0.23753328621387482,2
2REX_A_B,YB97F,0.0,0.2691364884376526,2
3NGB_HL_G,IH30A,-0.002699102507904172,1.4462308883666992,2
3NGB_HL_G,TH33A,0.6958054304122925,0.3233824372291565,2
3NGB_HL_G,WH47A,1.1828622817993164,1.1327171325683594,2
3NGB_HL_G,WH50A,1.2710461616516113,1.8677562475204468,2
3NGB_HL_G,KH52A,0.6128783822059631,0.8167471289634705,2
3NGB_HL_G,RH54A,-0.2552182078361511,0.2285720258951187,2
3NGB_HL_G,GH55A,-1.2561542987823486,0.6486111283302307,2
3NGB_HL_G,GH56A,1.2452833652496338,0.958138644695282,2
3NGB_HL_G,VH58A,1.336610198020935,1.0801324844360352,2
3NGB_HL_G,NH59A,1.7387419939041138,1.3272504806518555,2
3NGB_HL_G,YH60A,0.5396178364753723,1.2977344989776611,2
3NGB_HL_G,RH62A,0.9798502326011658,1.2688424587249756,2
3NGB_HL_G,PH63A,-0.04183751717209816,0.5391074419021606,2
3NGB_HL_G,QH65A,-0.33492130041122437,0.6538967490196228,2
3NGB_HL_G,MH70A,0.5220298767089844,0.7506513595581055,2
3NGB_HL_G,RH72A,1.6168254613876343,1.0400688648223877,2
3NGB_HL_G,VH74A,1.070440649986267,0.11700703203678131,2
3NGB_HL_G,YH75A,-0.19612087309360504,0.4585428833961487,2
3NGB_HL_G,DH103A,0.058909811079502106,0.4188151955604553,2
3NGB_HL_G,YH104A,1.400721549987793,1.0256664752960205,2
3NGB_HL_G,NH105A,1.1006083488464355,-0.7442535758018494,2
3NGB_HL_G,WH106A,4.390828609466553,0.19759191572666168,2
3NGB_HL_G,VL1A,-0.7609419822692871,-0.2614298462867737,2
3NGB_HL_G,QL25A,-0.22690452635288239,0.17248286306858063,2
3NGB_HL_G,YL26A,0.9694560766220093,0.6153576970100403,2
3NGB_HL_G,SL28A,-0.1423875093460083,1.1229969263076782,2
3NGB_HL_G,YL87A,1.9902998208999634,-0.5065470337867737,2
3NGB_HL_G,EL88A,1.2987502813339233,1.6770644187927246,2
3NGB_HL_G,FL89A,0.8450669050216675,0.6110056042671204,2
3QHY_A_B,NB10A,2.2552647590637207,1.7057511806488037,2
3QHY_A_B,DB12A,2.2552647590637207,2.271726131439209,2
3QHY_A_B,WB13A,2.8636953830718994,1.618266224861145,2
3QHY_A_B,TB17A,0.05646670609712601,0.452217698097229,2
3QHY_A_B,YB33A,2.9032068252563477,3.1078619956970215,2
3QHY_A_B,FB34A,3.984496593475342,2.684931516647339,2
3QHY_A_B,LB51A,0.8163550496101379,0.4793826937675476,2
3QHY_A_B,NB72A,1.6057047843933105,1.6544426679611206,2
3QHY_A_B,YB73A,0.8012278079986572,1.1839570999145508,2
3QHY_A_B,DB91A,1.8893908262252808,2.1942708492279053,2
3QHY_A_B,WB112A,3.7898736000061035,3.5891785621643066,2
3QHY_A_B,DB127A,0.3802676200866699,1.3051514625549316,2
3QHY_A_B,SB129A,-0.08478038012981415,0.16378934681415558,2
3QHY_A_B,DB130A,0.961361825466156,0.10640932619571686,2
3QHY_A_B,YB151A,3.4235925674438477,3.6211330890655518,2
3QHY_A_B,DB166A,3.498105049133301,-0.21970082819461823,2
3QHY_A_B,YB168A,1.7433984279632568,1.6934683322906494,2
3QHY_A_B,FB169A,2.062467575073242,1.6810213327407837,2
3QHY_A_B,IB189A,3.067734956741333,2.8128128051757812,2
3QHY_A_B,FB190A,3.075479507446289,3.836984395980835,2
3QHY_A_B,YB208A,0.2402186095714569,0.5321984887123108,2
3QHY_A_B,EB228A,3.0129363536834717,1.8936991691589355,2
3QHY_A_B,WB229A,5.432499408721924,5.653676509857178,2
3QHY_A_B,RB246A,0.5349057912826538,0.6773360371589661,2
3QHY_A_B,NB264A,2.695870876312256,2.5284674167633057,2
5M2O_A_B,IB17A,2.026362180709839,1.121834397315979,2
5M2O_A_B,SB18A,0.047044701874256134,0.9176378846168518,2
5M2O_A_B,VB21A,2.4438414573669434,1.8010035753250122,2
5M2O_A_B,QB25A,1.144911289215088,0.4404758810997009,2
5M2O_A_B,KB32A,1.0636261701583862,0.3122484087944031,2
5M2O_A_B,QB61A,-0.15775099396705627,1.2464019060134888,2
5M2O_A_B,LB65A,0.8506515026092529,2.116960048675537,2
5M2O_A_B,"VB21A,QB25A",3.317598819732666,1.7571669816970825,2
5M2O_A_B,NA64A,0.0418534129858017,0.4439520835876465,2
5M2O_A_B,NA71A,0.15484607219696045,0.6106181144714355,2
5M2O_A_B,KA73A,-0.7570759654045105,0.4183802008628845,2
5M2O_A_B,LA75A,1.6270339488983154,1.6079620122909546,2
5M2O_A_B,EA80A,0.6998547911643982,-0.11715357005596161,2
5M2O_A_B,HA117A,0.8830339908599854,1.1444934606552124,2
5M2O_A_B,NA120A,0.44989702105522156,0.648756742477417,2
5M2O_A_B,"EA80A,HA117A",2.5299770832061768,1.3281197547912598,2
5M2O_A_B,"NA71A,HA117A",2.286818265914917,1.9237257242202759,2
5M2O_A_B,"NA71A,NA120A",2.4594626426696777,1.20497465133667,2
5M2O_A_B,"NA71A,EA80A",1.0289419889450073,0.5557859539985657,2
5M2O_A_B,"EA80A,HA117A",2.5299770832061768,1.3281197547912598,2
5M2O_A_B,"EA80A,NA120A",1.210966944694519,0.9116889238357544,2
5M2O_A_B,"HA117A,NA120A",2.338982105255127,2.327767848968506,2
1YCS_A_B,RA177H,-0.1188877522945404,0.10298573970794678,2
1YCS_A_B,"MA37L,VA107A,NA143Y,NA172D",-0.13897278904914856,0.14809897541999817,2
1YCS_A_B,"MA37L,VA107A,NA143Y,NA172D,VA47A",0.14287693798542023,0.44611746072769165,2
1YCS_A_B,"MA37L,VA107A,NA143Y,NA172D,RA153S,HA72R",0.5096279382705688,0.634878933429718,2
1YCS_A_B,"MA37L,VA107A,NA143Y,NA172D,FA174L",-0.18866854906082153,0.6534770131111145,2
1YCS_A_B,"MA37L,VA107A,NA143Y,NA172D,RA186W",0.051550064235925674,-0.3984898328781128,2
2KSO_A_B,KA10D,0.33154547214508057,0.4686048626899719,2
2KSO_A_B,KA49D,1.3409347534179688,-0.044209204614162445,2
2KSO_A_B,KA49E,1.3409347534179688,0.15508350729942322,2
2KSO_A_B,"KA10D,DB25K",0.38742002844810486,0.9437466263771057,2
2KSO_A_B,"KA10E,EB27K",0.6432303786277771,-0.3566240668296814,2
2KSO_A_B,"KA49D,DB36K",0.176107257604599,-0.629128634929657,2
2KSO_A_B,RA43E,-0.6623793244361877,-0.24340905249118805,2
2KSO_A_B,"RA43E,HB20R",-0.8213128447532654,-0.6067437529563904,2
2KSO_A_B,"RA43E,HB20E",0.45456182956695557,-0.7634827494621277,2
2KSO_A_B,HB20E,-0.15543822944164276,-0.5758181810379028,2
1ACB_E_I,LI38G,6.118068695068359,3.8493964672088623,3
1ACB_E_I,LI38S,5.020848274230957,4.026600360870361,3
1ACB_E_I,LI38P,6.94906759262085,6.3074493408203125,3
1ACB_E_I,LI38I,4.2901506423950195,2.738389253616333,3
1ACB_E_I,LI38D,6.866745948791504,4.781275749206543,3
1ACB_E_I,LI38E,6.646428108215332,3.8715946674346924,3
1Y34_E_I,AI41E,-3.054218292236328,-2.680453062057495,3
1Y3C_E_I,AI43R,-1.2561542987823486,0.22866253554821014,3
1Y48_E_I,AI46R,-3.756010055541992,-0.9173328876495361,3
1B3S_A_D,AA102H,-5.68190336227417,-3.3540868759155273,3
1B3S_A_D,FD30Y,0.5960938334465027,-0.5847634077072144,3
1B3S_A_D,"AA102H,FD30Y",-5.549701690673828,-4.139273643493652,3
1M9E_A_D,AD76H,-1.009981393814087,-0.568937361240387,3
2GYK_A_B,AA49D,-5.918128490447998,-3.244591474533081,3
2B0Z_A_B,IB87F,-2.528998613357544,0.06637870520353317,3
2B11_A_B,WB87F,-0.7541710138320923,0.4637356698513031,3
2PCC_A_B,DA34A,-0.8970479965209961,1.4091598987579346,3
2PCC_A_B,VA197A,2.1026816368103027,1.0603612661361694,3
2PCC_A_B,EA290A,6.202554702758789,0.3709484040737152,3
2PCC_A_B,KB92A,0.9018709659576416,0.31446418166160583,3
2PCC_A_B,"KB92A,DA34A",0.20301209390163422,1.0867350101470947,3
2PCC_A_B,"KB92A,VA197A",1.5015023946762085,1.3756077289581299,3
2PCC_A_B,KB77A,0.30366912484169006,0.35596776008605957,3
2PCC_A_B,"KB77A,VA197A",2.800978183746338,1.8116672039031982,3
2PCC_A_B,"KB77A,EA290A",1.102177381515503,1.199457049369812,3
2PCC_A_B,AB86G,1.9018551111221313,0.377201110124588,3
2PCC_A_B,"AB86G,DA34A",-0.0978018268942833,-0.18491826951503754,3
2PCC_A_B,"AB86G,VA197A",2.1026816368103027,1.004115104675293,3
2AJF_A_E,KE22R,-0.007359746843576431,-0.051263682544231415,3
2AJF_A_E,FE38S,-0.08225392550230026,0.11838316172361374,3
2AJF_A_E,NE151K,2.0126030445098877,0.993828296661377,3
2AJF_A_E,TE159S,1.8239344358444214,-0.8964313268661499,3
2A9K_A_B,GB55D,2.317685842514038,0.36514830589294434,3
2A9K_A_B,EB65A,3.0309817790985107,1.1994894742965698,3
1N8O_ABC_E,ME80L,-0.0624210461974144,-0.6122214794158936,3
1N8O_ABC_E,ME80K,1.4597147703170776,-0.34925737977027893,3
1N8O_ABC_E,ME80R,1.34917151927948,2.6381008625030518,3
1XXM_A_C,"AC74K,AC142F,AC143Y,AA79E,AA80Y",-2.412727117538452,-2.851809024810791,3
1S0W_A_C,AC142F,-2.102992057800293,-2.2035744190216064,3
3BN9_B_CD,QB23A,-0.41549280285835266,0.0406145378947258,3
3BN9_B_CD,IB26A,0.0,0.17243042588233948,3
3BN9_B_CD,IB45A,0.8355894684791565,2.0765671730041504,3
3BN9_B_CD,DB46A,0.4225773811340332,0.1661999374628067,3
3BN9_B_CD,DB47A,0.3112468421459198,1.3103517293930054,3
3BN9_B_CD,RB48A,-0.04501800239086151,0.5521809458732605,3
3BN9_B_CD,FB50A,-0.04501800239086151,-0.31644630432128906,3
3BN9_B_CD,RB51A,-0.07158980518579483,-0.07384660094976425,3
3BN9_B_CD,YB52A,0.018960081040859222,-0.06980026513338089,3
3BN9_B_CD,RB82A,-0.1593041568994522,0.29395225644111633,3
3BN9_B_CD,FB89A,0.6395281553268433,2.1413261890411377,3
3BN9_B_CD,NB90A,0.7736906409263611,0.7523708343505859,3
3BN9_B_CD,DB91A,6.698209762573242,1.0830377340316772,3
3BN9_B_CD,FB92A,6.698209762573242,1.7737375497817993,3
3BN9_B_CD,TB93A,1.1325596570968628,0.21088086068630219,3
3BN9_B_CD,HB138A,0.0851014032959938,1.1288321018218994,3
3BN9_B_CD,QB140A,0.1331643909215927,0.06309855729341507,3
3BN9_B_CD,YB141A,1.085138201713562,0.2548092305660248,3
3BN9_B_CD,TB144A,0.29096534848213196,-0.062046222388744354,3
3BN9_B_CD,LB147A,0.3363426923751831,0.10516411811113358,3
3BN9_B_CD,EB163A,0.3733830153942108,0.4443179965019226,3
3BN9_B_CD,QB168A,-0.0347142294049263,0.5651224255561829,3
3BN9_B_CD,QB169A,2.510108232498169,0.2657473087310791,3
3BN9_B_CD,DB214A,0.5664650201797485,1.0092525482177734,3
3BN9_B_CD,QB218A,0.7060266137123108,0.33105915784835815,3
3BN9_B_CD,RB219A,-0.09374012798070908,-0.009538864716887474,3
3BN9_B_CD,KB221A,0.7853204011917114,0.7056463360786438,3
3BN9_B_CD,TD28R,0.33305492997169495,0.7625093460083008,3
3BN9_B_CD,SD30G,1.1866379976272583,0.4132549464702606,3
3BN9_B_CD,SD30N,1.1460179090499878,-0.21673710644245148,3
3BN9_B_CD,TD102Q,-0.021546082571148872,0.7708606719970703,3
3BN9_B_CD,TD102R,-0.058321017771959305,1.116888165473938,3
3BN9_B_CD,YD103S,0.4588911235332489,1.4384745359420776,3
3BN9_B_CD,PD104H,2.4283416271209717,0.27343687415122986,3
3BN9_B_CD,QD105V,1.2246508598327637,-0.3660619556903839,3
1DQJ_AB_C,YC20A,3.287179470062256,4.753119945526123,3
1DQJ_AB_C,RC21A,1.1690744161605835,2.524897575378418,3
1DQJ_AB_C,WC63A,1.3468719720840454,0.41196534037590027,3
1DQJ_AB_C,KC97A,3.5212817192077637,5.87042236328125,3
1DQJ_AB_C,DC101A,1.4530574083328247,1.1243823766708374,3
1DQJ_AB_C,YC20A,3.287179470062256,4.753119945526123,3
1DQJ_AB_C,RC21A,1.259554386138916,2.524897575378418,3
1DQJ_AB_C,WC62A,0.7584180235862732,1.2284462451934814,3
1DQJ_AB_C,WC63A,1.3468719720840454,0.41196534037590027,3
1DQJ_AB_C,LC75A,1.4530574083328247,1.5217211246490479,3
1DQJ_AB_C,TC89A,0.8412202596664429,0.013419518247246742,3
1DQJ_AB_C,NC93A,0.6501642465591431,0.7215265035629272,3
1DQJ_AB_C,KC96A,6.158576488494873,4.668611526489258,3
1DQJ_AB_C,KC97A,3.5212817192077637,5.87042236328125,3
1DQJ_AB_C,SC100A,0.7759302258491516,0.7131531238555908,3
1DQJ_AB_C,DC101A,1.3012763261795044,1.1243823766708374,3
1DQJ_AB_C,NA31A,2.0143353939056396,1.651159405708313,3
1DQJ_AB_C,NA32A,4.092513084411621,2.7302944660186768,3
1DQJ_AB_C,YA50A,2.6794981956481934,1.736657738685608,3
1DQJ_AB_C,SA91A,1.4325294494628906,1.6372491121292114,3
1DQJ_AB_C,YA96A,1.1355592012405396,1.6794344186782837,3
1DQJ_AB_C,DB32A,2.0143353939056396,1.9962795972824097,3
1DQJ_AB_C,YB33A,5.526938438415527,3.210676908493042,3
1DQJ_AB_C,YB50A,6.891109943389893,3.830193281173706,3
1DQJ_AB_C,YB53A,1.1808065176010132,2.1227223873138428,3
1DQJ_AB_C,WB98A,4.9337334632873535,3.398125410079956,3
1DQJ_AB_C,"NA32A,KC96A",5.804446220397949,5.8974528312683105,3
1DQJ_AB_C,"SA91A,RC21A",3.172151565551758,2.9469735622406006,3
1DQJ_AB_C,"SA91A,YC20A",3.5746920108795166,4.954953670501709,3
1DQJ_AB_C,"YA96A,RC21A",3.486760139465332,4.378084659576416,3
1DQJ_AB_C,"YA96A,SC100A",0.9138562679290771,2.2342095375061035,3
1DQJ_AB_C,"DB32A,KC97A",1.1228859424591064,5.082330703735352,3
1DQJ_AB_C,"YB53A,WC62A",1.286884069442749,2.5306625366210938,3
1DQJ_AB_C,"YB53A,WC63A",2.2002170085906982,3.022263526916504,3
1DQJ_AB_C,"YB53A,LC75A",1.2174066305160522,3.649513006210327,3
1DQJ_AB_C,"YB53A,DC101A",2.728342294692993,2.1589791774749756,3
1DQJ_AB_C,"WB98A,SC100A",5.364646911621094,4.2671918869018555,3
1DQJ_AB_C,"WB98A,KC97A",6.6630682945251465,6.946791648864746,3
1DQJ_AB_C,"WB98A,YC20A",5.114386558532715,6.164135932922363,3
2G2W_A_B,KA79D,0.4528871178627014,-0.33324652910232544,3
1CBW_FGH_I,TI11A,0.19993937015533447,1.6855179071426392,3
1CBW_FGH_I,GI12A,0.6015963554382324,2.8475868701934814,3
1CBW_FGH_I,PI13A,-0.09973058849573135,2.0231807231903076,3
1CBW_FGH_I,KI15A,2.0023953914642334,6.037146091461182,3
1CBW_FGH_I,RI17A,0.5013869404792786,4.76693058013916,3
1CBW_FGH_I,II19A,0.09961305558681488,1.369975209236145,3
1CBW_FGH_I,RI20A,0.3009684085845947,2.6135571002960205,3
1CBW_FGH_I,VI34A,0.0,1.114709496498108,3
1CBW_FGH_I,YI35A,0.8011558651924133,2.038196325302124,3
1CBW_FGH_I,GI36A,0.9012055397033691,2.2937533855438232,3
1CBW_FGH_I,GI37A,0.8011558651924133,2.105578660964966,3
1CBW_FGH_I,RI39A,0.19993937015533447,1.8782459497451782,3
1CBW_FGH_I,KI46A,0.09961305558681488,1.6211763620376587,3
1CBW_FGH_I,TI11A,0.22198787331581116,1.6855179071426392,3
1CBW_FGH_I,GI12A,0.6857352256774902,2.8475868701934814,3
1CBW_FGH_I,PI13A,-0.05646670609712601,2.0231807231903076,3
1CBW_FGH_I,KI15A,2.0150461196899414,6.037146091461182,3
1CBW_FGH_I,RI17A,0.5535333752632141,4.76693058013916,3
1CBW_FGH_I,II18A,1.4157211780548096,2.1970012187957764,3
1CBW_FGH_I,II19A,0.14287693798542023,1.369975209236145,3
1CBW_FGH_I,RI20A,0.3541897237300873,2.6135571002960205,3
1CBW_FGH_I,FI33A,0.14287693798542023,3.043463945388794,3
1CBW_FGH_I,VI34A,0.051550064235925674,1.114709496498108,3
1CBW_FGH_I,YI35A,0.8850788474082947,2.038196325302124,3
1CBW_FGH_I,GI36A,0.9641897678375244,2.2937533855438232,3
1CBW_FGH_I,GI37A,0.8213128447532654,2.105578660964966,3
1CBW_FGH_I,RI39A,0.22198787331581116,1.8782459497451782,3
1CBW_FGH_I,KI46A,0.14287693798542023,1.6211763620376587,3
1CBW_FGH_I,KI15G,4.156491279602051,6.369175910949707,3
1CBW_FGH_I,KI15A,2.2109150886535645,6.037146091461182,3
1CBW_FGH_I,KI15S,3.4258387088775635,4.863137245178223,3
1CBW_FGH_I,KI15V,2.1575517654418945,5.971563339233398,3
1CBW_FGH_I,KI15T,2.107856035232544,5.970785617828369,3
1CBW_FGH_I,KI15D,5.2708024978637695,5.774519920349121,3
1CBW_FGH_I,KI15N,1.337599277496338,5.1407246589660645,3
1CBW_FGH_I,KI15M,-1.4417990446090698,4.49127721786499,3
1CBW_FGH_I,KI15I,2.9615907669067383,5.797867774963379,3
1CBW_FGH_I,KI15L,-1.5974150896072388,3.886951446533203,3
1CBW_FGH_I,KI15E,3.9066314697265625,5.858739852905273,3
1CBW_FGH_I,KI15Q,0.3088434040546417,5.514095306396484,3
1CBW_FGH_I,KI15H,0.1001696065068245,3.6316545009613037,3
1CBW_FGH_I,KI15R,-0.6204861998558044,1.1960290670394897,3
1CBW_FGH_I,KI15F,-1.9846572875976562,2.047961711883545,3
1CBW_FGH_I,KI15Y,-2.641486644744873,2.5325822830200195,3
1CBW_FGH_I,KI15W,-2.4610352516174316,2.5712342262268066,3
1Z7X_W_X,YW434A,5.955931186676025,2.1004750728607178,3
1Z7X_W_X,DW435A,3.66243052482605,1.7688586711883545,3
1Z7X_W_X,YW437A,2.6241354942321777,-0.004007941111922264,3
1Z7X_W_X,"QW430A,VW432A",0.9395740032196045,0.9011895060539246,3
1Z7X_W_X,"WW438A,SW439A,EW440A",1.972199559211731,1.6627525091171265,3
1Z7X_W_X,RW457A,0.8482471108436584,0.5431987047195435,3
1Z7X_W_X,IW459A,0.33742108941078186,1.296726107597351,3
1Z7X_W_X,EW206A,1.018684983253479,1.1093151569366455,3
1Z7X_W_X,WW261A,1.3359538316726685,0.1506192535161972,3
1Z7X_W_X,WW263A,2.2124183177948,0.9549235105514526,3
1Z7X_W_X,EW287A,1.3213245868682861,0.3135087788105011,3
1Z7X_W_X,SW289A,0.8143835067749023,0.6616259813308716,3
1Z7X_W_X,WW318A,0.9934704303741455,0.392913818359375,3
1Z7X_W_X,KW320A,1.3213245868682861,-0.1055116280913353,3
1Z7X_W_X,EW344A,1.5615432262420654,0.7293581962585449,3
1Z7X_W_X,WW375A,1.6695599555969238,0.8123088479042053,3
1Z7X_W_X,EW401A,1.3063249588012695,0.16084231436252594,3
1Z7X_W_X,YW434F,0.12062260508537292,0.7567721605300903,3
1Z7X_W_X,YW437F,2.166057586669922,-0.4640417993068695,3
1Z7X_W_X,"YW434A,DW435A",7.171210765838623,2.825826406478882,3
1Z7X_W_X,"YW434A,YW437A",7.240991592407227,4.595314025878906,3
3MZG_A_B,HA33A,0.20430143177509308,0.10418323427438736,3
3MZG_A_B,HA33A,0.03743046522140503,0.10418323427438736,3
3MZG_A_B,HA33A,0.09897152334451675,0.10418323427438736,3
3MZG_A_B,HA33A,0.15346455574035645,0.10418323427438736,3
3MZG_A_B,HA33A,0.17804041504859924,0.10418323427438736,3
3MZG_A_B,HA33A,0.16688379645347595,0.10418323427438736,3
3MZG_A_B,HA46A,0.033863615244627,0.6603685021400452,3
3MZG_A_B,HA46A,0.5680727958679199,0.6603685021400452,3
3MZG_A_B,HA46A,0.562376081943512,0.6603685021400452,3
3MZG_A_B,HA46A,0.604783296585083,0.6603685021400452,3
3MZG_A_B,HA46A,0.42363032698631287,0.6603685021400452,3
3MZG_A_B,HA46A,0.25973644852638245,0.6603685021400452,3
3MZG_A_B,HA84A,-0.0624210461974144,0.24180491268634796,3
3MZG_A_B,HA84A,0.010214942507445812,0.24180491268634796,3
3MZG_A_B,HA84A,0.03307567536830902,0.24180491268634796,3
3MZG_A_B,HA84A,0.1905435174703598,0.24180491268634796,3
3MZG_A_B,HA84A,0.20338982343673706,0.24180491268634796,3
3MZG_A_B,HA84A,0.10136527568101883,0.24180491268634796,3
3MZG_A_B,HA125A,-0.39687785506248474,0.5790740847587585,3
3MZG_A_B,HA125A,-0.46173831820487976,0.5790740847587585,3
3MZG_A_B,HA125A,-0.1527513712644577,0.5790740847587585,3
3MZG_A_B,HA125A,0.05744243040680885,0.5790740847587585,3
3MZG_A_B,HA125A,0.16824759542942047,0.5790740847587585,3
3MZG_A_B,HA125A,0.09897152334451675,0.5790740847587585,3
3MZG_A_B,HA160A,0.12519049644470215,1.1901321411132812,3
3MZG_A_B,HA160A,1.090846061706543,1.1901321411132812,3
3MZG_A_B,HA160A,1.2168970108032227,1.1901321411132812,3
3MZG_A_B,HA160A,1.2081542015075684,1.1901321411132812,3
3MZG_A_B,HA160A,1.0331718921661377,1.1901321411132812,3
3MZG_A_B,HA160A,0.8676430583000183,1.1901321411132812,3
3MZG_A_B,HA182A,-0.2611351013183594,0.43172958493232727,3
3MZG_A_B,HA182A,0.36605143547058105,0.43172958493232727,3
3MZG_A_B,HA182A,0.6841716170310974,0.43172958493232727,3
3MZG_A_B,HA182A,0.6901730895042419,0.43172958493232727,3
3MZG_A_B,HA14A,-0.09132687747478485,0.4958433210849762,3
3MZG_A_B,HA14A,-0.14770087599754333,0.4958433210849762,3
3MZG_A_B,HA14A,-0.37473925948143005,0.4958433210849762,3
3MZG_A_B,HA14A,-0.19875149428844452,0.4958433210849762,3
3MZG_A_B,HA14A,-0.1678786277770996,0.4958433210849762,3
3MZG_A_B,HA14A,-0.07655175030231476,0.4958433210849762,3
3MZG_A_B,HA14A,0.1265324056148529,0.4958433210849762,3
3MZG_A_B,HA14A,0.1230163499712944,0.4958433210849762,3
3MZG_A_B,HA14A,0.2917686700820923,0.4958433210849762,3
3MZG_A_B,HA14A,0.3238008916378021,0.4958433210849762,3
3MZG_A_B,HA167A,-0.6862740516662598,1.3593369722366333,3
3MZG_A_B,HA167A,0.7340859770774841,1.3593369722366333,3
3MZG_A_B,HA167A,1.669722080230713,1.3593369722366333,3
3MZG_A_B,HA167A,1.445011854171753,1.3593369722366333,3
3MZG_A_B,HA167A,1.481518030166626,1.3593369722366333,3
3MZG_A_B,HA167A,1.8215218782424927,1.3593369722366333,3
3MZG_A_B,HA167A,1.6300702095031738,1.3593369722366333,3
3MZG_A_B,HA167A,1.6149024963378906,1.3593369722366333,3
3MZG_A_B,HA167A,1.5354089736938477,1.3593369722366333,3
3MZG_A_B,HA17A,-0.8744037747383118,1.153322458267212,3
3MZG_A_B,HA17A,-0.297102689743042,1.153322458267212,3
3MZG_A_B,HA17A,-0.22198787331581116,1.153322458267212,3
3MZG_A_B,HA17A,0.09047991037368774,1.153322458267212,3
3MZG_A_B,HA17A,0.2870479226112366,1.153322458267212,3
3MZG_A_B,HA17A,0.28069448471069336,1.153322458267212,3
3MZG_A_B,HA17A,0.28546592593193054,1.153322458267212,3
3MZG_A_B,HA17A,0.3632349669933319,1.153322458267212,3
3MZG_A_B,HA17A,0.38309553265571594,1.153322458267212,3
3MZG_A_B,HA17A,0.3238008916378021,1.153322458267212,3
3MZG_A_B,HB188A,-0.44731462001800537,0.7979667782783508,3
3MZG_A_B,HB188A,1.056810736656189,0.7979667782783508,3
3MZG_A_B,HB188A,2.0351312160491943,0.7979667782783508,3
3MZG_A_B,HB188A,1.92812979221344,0.7979667782783508,3
3MZG_A_B,HB188A,2.0941569805145264,0.7979667782783508,3
3MZG_A_B,HB188A,2.4425549507141113,0.7979667782783508,3
3MZG_A_B,HB188A,2.2926394939422607,0.7979667782783508,3
3MZG_A_B,HB188A,2.342900276184082,0.7979667782783508,3
3MZG_A_B,HB188A,2.2499032020568848,0.7979667782783508,3
3MZG_A_B,HA167A,0.26777946949005127,1.3593369722366333,3
3MZG_A_B,HA167A,0.7765509486198425,1.3593369722366333,3
3MZG_A_B,HA167A,1.0553276538848877,1.3593369722366333,3
3MZG_A_B,HA167A,1.7124065160751343,1.3593369722366333,3
3MZG_A_B,HA167A,2.0376904010772705,1.3593369722366333,3
3MZG_A_B,HA167A,2.2031702995300293,1.3593369722366333,3
3MZG_A_B,HA167A,2.0335617065429688,1.3593369722366333,3
3MZG_A_B,HA167A,2.455331325531006,1.3593369722366333,3
3MZG_A_B,HA167A,2.272951126098633,1.3593369722366333,3
3MZG_A_B,HA167A,2.2118194103240967,1.3593369722366333,3
3MZG_A_B,"HA167A,HB188A",-0.2372637242078781,1.9320279359817505,3
3MZG_A_B,"HA167A,HB188A",1.3352652788162231,1.9320279359817505,3
3MZG_A_B,"HA167A,HB188A",2.802323579788208,1.9320279359817505,3
3MZG_A_B,"HA167A,HB188A",2.929168939590454,1.9320279359817505,3
3MZG_A_B,"HA167A,HB188A",3.330226421356201,1.9320279359817505,3
3MZG_A_B,"HA167A,HB188A",3.4945363998413086,1.9320279359817505,3
3MZG_A_B,"HA167A,HB188A",3.46814227104187,1.9320279359817505,3
3MZG_A_B,"HA167A,HB188A",3.392699718475342,1.9320279359817505,3
3MZG_A_B,"HA167A,HB188A",3.3738555908203125,1.9320279359817505,3
3N06_A_B,AA14H,0.09132687747478485,0.14756125211715698,3
3N06_A_B,AA14H,0.14770087599754333,0.14756125211715698,3
3N06_A_B,AA14H,0.37473925948143005,0.14756125211715698,3
3N06_A_B,AA14H,0.19875149428844452,0.14756125211715698,3
3N06_A_B,AA14H,0.1678786277770996,0.14756125211715698,3
3N06_A_B,AA14H,0.07655175030231476,0.14756125211715698,3
3N06_A_B,AA14H,-0.1265324056148529,0.14756125211715698,3
3N06_A_B,AA14H,-0.1230163499712944,0.14756125211715698,3
3N06_A_B,AA14H,-0.2917686700820923,0.14756125211715698,3
3N06_A_B,AA14H,-0.3238008916378021,0.14756125211715698,3
3NCC_A_B,AB188H,0.44731462001800537,-0.5357440710067749,3
3NCC_A_B,AB188H,-1.056810736656189,-0.5357440710067749,3
3NCC_A_B,AB188H,-2.0351312160491943,-0.5357440710067749,3
3NCC_A_B,AB188H,-1.92812979221344,-0.5357440710067749,3
3NCC_A_B,AB188H,-2.0941569805145264,-0.5357440710067749,3
3NCC_A_B,AB188H,-2.4425549507141113,-0.5357440710067749,3
3NCC_A_B,AB188H,-2.2926394939422607,-0.5357440710067749,3
3NCC_A_B,AB188H,-2.342900276184082,-0.5357440710067749,3
3NCC_A_B,AB188H,-2.2499032020568848,-0.5357440710067749,3
1SMF_E_I,EI8A,1.0128092765808105,-0.045231737196445465,3
1SMF_E_I,SI4A,1.899971604347229,1.8287315368652344,3
1SMF_E_I,TI2A,2.0460517406463623,1.9801729917526245,3
1SMF_E_I,II5A,3.5114190578460693,1.49211847782135,3
1SMF_E_I,KI3A,5.689055919647217,5.712238311767578,3
3BTF_E_I,FI13K,-7.027210712432861,-4.489256858825684,3
3BTG_E_I,GI13K,-12.352226257324219,-0.7448593974113464,3
3BTH_E_I,HI13K,-8.781781196594238,-6.0909881591796875,3
3BTW_E_I,WI13K,-8.664118766784668,-4.271836280822754,3
2SGQ_E_I,QI13L,-2.6035408973693848,-2.1393985748291016,3
2NU4_E_I,KI13L,-3.1820759773254395,-2.1509854793548584,3
2J12_A_B,SA116A,0.9535146951675415,-0.1446738988161087,3
1P69_A_B,SA15P,0.793380618095398,-0.3347023129463196,3
2PYE_ABC_DE,"QD52T,SD53P,SD54W,GE50A,AE51I,GE52Q",-4.409873008728027,-0.7698643207550049,3
2PYE_ABC_DE,"QD52P,SD53F,SD54W,GE50S,AE51V,TE53M,LD96T,LD97S,DD98G,TD100S,LE95V",-2.4471678733825684,1.5308698415756226,3
2PYE_ABC_DE,"TE53I,LD96T,LD97S,DD98G,TD100S,LE95V",3.5460093021392822,2.734482526779175,3
2PYE_ABC_DE,"YD32D,TE53I,LD96T,LD97S,DD98G,TD100S,LE95V",3.368211507797241,4.403450012207031,3
2PYE_ABC_DE,"YD32D,QD52T,SD53P,SD54W,GE50A,AE51I,GE52Q",3.1977736949920654,1.8707929849624634,3
4L3E_ABC_DE,"YD26D,WE95L",3.5434513092041016,2.386215925216675,3
4L3E_ABC_DE,RA65A,1.3017500638961792,0.8133922219276428,3
4L3E_ABC_DE,YE48A,2.228330373764038,1.1273893117904663,3
4L3E_ABC_DE,"RA65A,YE48A",3.809299945831299,1.128719687461853,3
4L3E_ABC_DE,"RA65A,YD26A",4.440748691558838,2.4165844917297363,3
4L3E_ABC_DE,YD26A,2.784808874130249,2.1453826427459717,3
4L3E_ABC_DE,"YD26A,RA65A",4.370967864990234,2.4165844917297363,3
4L3E_ABC_DE,YD50A,0.4679982364177704,1.399057149887085,3
4L3E_ABC_DE,QA155A,1.2590373754501343,0.7158136367797852,3
4L3E_ABC_DE,"YD50A,QA155A",1.0905137062072754,0.8931328058242798,3
4L3E_ABC_DE,ND52A,-0.45974576473236084,0.24828310310840607,3
4L3E_ABC_DE,EA166A,1.2175184488296509,0.8263341188430786,3
4L3E_ABC_DE,"ND52A,EA166A",1.0916823148727417,1.3431437015533447,3
3BX1_A_C,FC84V,0.4106564223766327,2.355806827545166,3
3BX1_A_C,RC85G,0.3555048108100891,0.42847391963005066,3
3BX1_A_C,AC86T,1.8372485637664795,-1.1198714971542358,3
3BX1_A_C,YC87I,1.7820247411727905,-0.06904535740613937,3
3BX1_A_C,YC87A,1.2988171577453613,0.36927327513694763,3
3BX1_A_C,TC88V,2.8385491371154785,0.5315211415290833,3
3BX1_A_C,TC89A,0.17043781280517578,1.2734225988388062,3
3SZK_AB_C,NC35A,0.12519049644470215,0.21744109690189362,3
3SZK_AB_C,TC38A,0.9322267174720764,0.7865052223205566,3
3SZK_AB_C,QC39A,0.7665860652923584,0.6955462694168091,3
3SZK_AB_C,YC40A,2.9048476219177246,1.601450800895691,3
3SZK_AB_C,YC41A,2.982339382171631,2.3267691135406494,3
3SZK_AB_C,HC42A,2.536616325378418,0.5177353620529175,3
3SZK_AB_C,FC43A,2.2193474769592285,0.11775054782629013,3
3SZK_AB_C,FC44A,2.200962543487549,1.804519534111023,3
3SZK_AB_C,NC66A,0.20430143177509308,1.6499909162521362,3
3SZK_AB_C,SC69A,1.514223337173462,0.1892520934343338,3
3SZK_AB_C,TC70A,1.4692765474319458,0.5357410907745361,3
3SZK_AB_C,DC120A,0.6736644506454468,0.7691664099693298,3
3SZK_AB_C,DC121A,0.6956096291542053,0.2686846852302551,3
3SZK_AB_C,GC122A,0.37473925948143005,0.350263386964798,3
3SZK_AB_C,EC123A,0.8384865522384644,0.010525116696953773,3
3SZK_AB_C,EC124A,0.6956096291542053,-0.016881680116057396,3
3SZK_AB_C,VC27A,0.0962846651673317,0.14293242990970612,3
3SZK_AB_C,DC48A,0.20430143177509308,0.7330712080001831,3
3SZK_AB_C,DC51A,0.20430143177509308,0.2846181392669678,3
3SZK_AB_C,KC56A,0.0962846651673317,-0.006257286295294762,3
3SZK_AB_C,KC57A,-0.03591717779636383,0.1286730170249939,3
1FSS_A_B,TB8V,0.36920931935310364,1.3501352071762085,3
1FSS_A_B,TB9I,-0.2322661131620407,0.2665330767631531,3
1FSS_A_B,TB9N,1.1990468502044678,1.2439155578613281,3
1FSS_A_B,"TB8V,TB9I",0.4418452978134155,0.6080610752105713,3
1FSS_A_B,"TB8V,TB9N",0.28640708327293396,1.3551477193832397,3
1FSS_A_B,RB11K,0.3153128921985626,-0.4022892415523529,3
1FSS_A_B,AB12S,0.3246430456638336,-0.0675477609038353,3
1FSS_A_B,RB27F,2.4362823963165283,0.6539990901947021,3
1FSS_A_B,RB27M,2.6641392707824707,2.027024984359741,3
1FSS_A_B,RB27Y,2.629225015640259,0.623931348323822,3
1FSS_A_B,HB29K,-0.6196861267089844,0.4222274124622345,3
1FSS_A_B,HB29R,-1.4884204864501953,0.5717024803161621,3
1FSS_A_B,KB32R,1.0825053453445435,-0.07846574485301971,3
1FSS_A_B,MB33F,0.9372820854187012,0.5015217661857605,3
1FSS_A_B,MB33L,0.9630449414253235,0.5464597940444946,3
1FSS_A_B,MB33Q,1.5725946426391602,1.0102142095565796,3
1FSS_A_B,MB33Y,1.395359992980957,0.8747013211250305,3
1FSS_A_B,VB34T,1.5859588384628296,0.8639459013938904,3
1FSS_A_B,LB35W,1.4518266916275024,2.621384382247925,3
1FSS_A_B,NB47F,0.4927620589733124,-0.05716657638549805,3
1FSS_A_B,NB47W,0.11596926301717758,-0.2541200816631317,3
1FSS_A_B,NB47R,-0.5349057912826538,0.40041375160217285,3
1FSS_A_B,"TB8V,TB9N,RB11K,HB29R,KB32R",0.8018864393234253,1.3967758417129517,3
1FSS_A_B,TB8V,-0.5380995869636536,1.3501352071762085,3
1FSS_A_B,TB9N,1.3038697242736816,1.2439155578613281,3
1FSS_A_B,"TB8V,TB9N",0.42946600914001465,1.3551477193832397,3
1FSS_A_B,RB11K,0.3177347779273987,-0.4022892415523529,3
1FSS_A_B,HB29R,-1.057721495628357,0.5717024803161621,3
1FSS_A_B,KB32R,1.1873283386230469,-0.07846574485301971,3
1FSS_A_B,"TB8V,TB9N,RB11K,HB29R",-0.39184683561325073,1.2295318841934204,3
4HRN_A_D,LD17A,2.5983803272247314,0.8106069564819336,3
4HRN_A_D,SD43A,0.8030821084976196,2.397294044494629,3
4HRN_A_D,VD44A,2.811924457550049,-0.284517377614975,3
4HRN_A_D,FD47A,2.4605627059936523,2.954261064529419,3
3G6D_LH_A,HH104A,-0.9535146951675415,0.7265008687973022,3
3G6D_LH_A,WH105A,-1.4971784353256226,1.854946255683899,3
3G6D_LH_A,"KH210T,KH215T",-0.13300734758377075,0.1728070229291916,3
3G6D_LH_A,"EL3V,GL76R,TL77V,QL78E,EL80G",0.139879509806633,0.25036293268203735,3
3G6D_LH_A,"TL89S,ML92I,VL93D,TL94K",0.798334002494812,-0.23763123154640198,3
3G6D_LH_A,"EL3V,GL76R,TL77V,QL78E,EL80G,TL89S,ML92I,VL93D,TL94K",0.2715725898742676,-1.007179617881775,3
3G6D_LH_A,"EL3V,GL76R,TL77V,QL78E,EL80G,FH103A,HH104A,WH105A",4.622350215911865,2.32141375541687,3
3G6D_LH_A,"EL3V,GL76R,TL77V,QL78E,EL80G,DH54N",0.11122789978981018,0.8387910723686218,3
1XGU_AB_C,FB33L,1.8626039028167725,0.9404420256614685,3
1XGU_AB_C,FB33I,1.8012609481811523,0.14381243288516998,3
1XGU_AB_C,FB33V,2.9093847274780273,1.2134315967559814,3
1XGU_AB_C,FB33A,4.0624799728393555,2.882047653198242,3
1XGQ_AB_C,VB33F,-2.9093847274780273,-1.8359986543655396,3
1XGQ_AB_C,VB33L,-1.0467808246612549,-1.291642665863037,3
1XGQ_AB_C,VB33I,-1.108123779296875,-1.0361846685409546,3
1XGQ_AB_C,VB33A,1.1530953645706177,1.8045607805252075,3
3RF3_A_C,AC8K,1.729231834411621,1.4053093194961548,3
3UIG_A_P,EA47A,0.6467464566230774,-0.09142584353685379,3
3UIG_A_P,KA58A,0.4465735852718353,-0.11160846799612045,3
3UIG_A_P,EA61A,1.7585606575012207,0.8216249942779541,3
3UIG_A_P,DA67A,2.039231300354004,-0.37930062413215637,3
3UIG_A_P,EA72A,1.7930582761764526,0.09390374273061752,3
3N85_A_LH,WL91F,0.13965415954589844,-0.9193429350852966,3
3N85_A_LH,WL94Y,-0.038736145943403244,0.6522296667098999,3
3N85_A_LH,WH30K,-0.7849546670913696,0.5105534791946411,3
3N85_A_LH,WH30R,-0.5542154908180237,0.639684796333313,3
3N85_A_LH,SH32Y,0.057148076593875885,0.5273523330688477,3
3N85_A_LH,SH32A,-0.13407966494560242,0.69368577003479,3
3N85_A_LH,SH50G,0.48788952827453613,2.459251642227173,3
3N85_A_LH,SH52Y,-0.7849546670913696,0.1537536233663559,3
3N85_A_LH,WH100F,-0.015191908925771713,-0.16109317541122437,3
3N85_A_LH,WH100F,-0.015191908925771713,-0.16109317541122437,3
4CVW_A_C,DA720W,1.2212941646575928,-1.4495866298675537,3
4CVW_A_C,DA720R,3.0476717948913574,0.477855920791626,3
4CVW_A_C,RC27A,1.8287239074707031,1.1818979978561401,3
4CVW_A_C,RC31A,2.077467203140259,2.3004214763641357,3
4CVW_A_C,RC31W,1.4907034635543823,2.2345807552337646,3
4CVW_A_C,LC34G,2.728342294692993,0.7823259830474854,3
4CVW_A_C,LC34W,0.3355621099472046,-0.09521248936653137,3
4CVW_A_C,VC35D,4.92083740234375,-0.09524258226156235,3
4CVW_A_C,"LC34G,VC35D",7.745464324951172,2.0549895763397217,3
3M62_A_B,EA32A,0.8297165632247925,-0.0014327969402074814,3
3M62_A_B,DA46A,2.8000009059906006,1.1426126956939697,3
3M62_A_B,LA50A,2.829263687133789,1.07059907913208,3
3M62_A_B,TA54A,0.01668989285826683,0.6607146263122559,3
3M62_A_B,EA55A,1.0515739917755127,0.8130242824554443,3
3M62_A_B,RA98A,0.7886925935745239,0.38434383273124695,3
3M62_A_B,GA102A,1.2648917436599731,0.590859591960907,3
3M62_A_B,YA103A,4.4772186279296875,2.24377179145813,3
3M62_A_B,IA110A,1.8539384603500366,0.8589856624603271,3
3M62_A_B,FB7A,0.9959673881530762,1.1221426725387573,3
3M62_A_B,KB8A,0.49712711572647095,-0.4807673394680023,3
3M62_A_B,IB43A,2.8837804794311523,1.3666815757751465,3
3M62_A_B,SB45A,1.278739333152771,0.1918783038854599,3
3M62_A_B,VB48A,1.0904372930526733,0.6360810995101929,3
3M62_A_B,QB50A,1.0544360876083374,0.16546942293643951,3
3M62_A_B,QB65A,0.28372085094451904,0.14862754940986633,3
3M62_A_B,VB67A,1.1381686925888062,0.9327669739723206,3
3M62_A_B,MB69A,0.6811227798461914,0.5018653273582458,3
3B4V_AB_C,LC16E,0.8213128447532654,0.9197351932525635,3
3B4V_AB_C,LC49E,4.133388519287109,1.7925719022750854,3
3B4V_AB_C,FC52E,3.8812005519866943,1.9994269609451294,3
3B4V_AB_C,LC53E,4.092513084411621,1.207983136177063,3
3B4V_AB_C,LC49A,3.5805726051330566,1.8592802286148071,3
3B4V_AB_C,FC52A,3.850175142288208,1.6678234338760376,3
3B4V_AB_C,LC53A,3.393157958984375,0.8684369325637817,3
2B0U_AB_C,VC15E,0.0,0.7809779644012451,3
2B0U_AB_C,FC47E,0.4106564223766327,1.3786834478378296,3
2B0U_AB_C,IC51E,0.2402186095714569,0.6090854406356812,3
2B0U_AB_C,FC52E,0.0,0.02938743866980076,3
2B0U_AB_C,FC47A,0.5428582429885864,2.019132375717163,3
2B0U_AB_C,IC51A,0.0,1.3154590129852295,3
2B0U_AB_C,FC52A,0.0,0.7486474514007568,3
2AJF_A_E,DA20A,0.5854030251502991,2.7164528369903564,3
2AJF_A_E,YA23A,1.452401041984558,3.4033920764923096,3
2AJF_A_E,YA23F,1.3977943658828735,1.441261649131775,3
4I77_HL_Z,YH100F,0.0,0.4680776000022888,3
4I77_HL_Z,YH100A,0.0,0.8020791411399841,3
4I77_HL_Z,YH101F,0.0,1.051892876625061,3
4I77_HL_Z,YH101A,0.9415455460548401,2.5865707397460938,3
4I77_HL_Z,YH103F,0.0,0.5307464003562927,3
4I77_HL_Z,YH103A,1.6923214197158813,1.6706842184066772,3
4I77_HL_Z,DH54A,2.124706268310547,1.9720736742019653,3
4I77_HL_Z,WH52F,2.0995631217956543,1.2106331586837769,3
4I77_HL_Z,WH52A,2.114776611328125,2.2527244091033936,3
4I77_HL_Z,YL32F,0.0,-0.007919764146208763,3
4I77_HL_Z,YL32A,0.0,1.4617921113967896,3
4I77_HL_Z,NL95A,1.7221993207931519,1.1145418882369995,3
4I77_HL_Z,YH100F,0.0,0.4680776000022888,3
4I77_HL_Z,YH100A,0.0,0.8020791411399841,3
4I77_HL_Z,YH101F,0.0,1.051892876625061,3
4I77_HL_Z,YH101A,2.27596378326416,2.5865707397460938,3
4I77_HL_Z,YH103F,0.6307899951934814,0.5307464003562927,3
4I77_HL_Z,YH103A,2.5998315811157227,1.6706842184066772,3
4I77_HL_Z,DH54A,2.9955828189849854,1.9720736742019653,3
4I77_HL_Z,WH52F,2.821359395980835,1.2106331586837769,3
4I77_HL_Z,WH52A,2.9105122089385986,2.2527244091033936,3
4I77_HL_Z,YL32F,0.0,-0.007919764146208763,3
4I77_HL_Z,YL32A,1.567731499671936,1.4617921113967896,3
4I77_HL_Z,NL95A,0.9991104006767273,1.1145418882369995,3
4JPK_HL_A,VA30N,0.5948610901832581,0.15304262936115265,3
4JPK_HL_A,SA41G,2.152658462524414,2.4891483783721924,3
4JPK_HL_A,FA63L,1.1678093671798706,-0.27826207876205444,3
4JPK_HL_A,RA81T,0.7590427398681641,0.3040274679660797,3
4JPK_HL_A,RA130K,0.23016907274723053,-0.01573430560529232,3
4JPK_HL_A,FA144I,1.388138771057129,0.9637628793716431,3
4JPK_HL_A,TA35S,-0.03210772946476936,0.13689279556274414,3
4JPK_HL_A,DA141R,3.8590502738952637,0.2211654633283615,3
4JPK_HL_A,"DA159N,DA33N",0.6192452907562256,0.42787933349609375,3
1MLC_AB_E,NA32G,-0.8777795433998108,0.7322580814361572,3
1MLC_AB_E,NA92A,-1.253914475440979,-0.3241012394428253,3
1MLC_AB_E,TB28D,-0.1510114222764969,0.2984307110309601,3
1MLC_AB_E,TB31A,0.44720688462257385,0.6844733357429504,3
1MLC_AB_E,TB31V,0.5264760851860046,0.09368797391653061,3
1MLC_AB_E,SB57A,-0.37919139862060547,0.4409632980823517,3
1MLC_AB_E,SB57V,-0.4944019615650177,0.2517727315425873,3
1MLC_AB_E,TB58D,-0.5599330067634583,0.6382823586463928,3
1MLC_AB_E,KB65D,0.01855706050992012,-0.22559727728366852,3
1MLC_AB_E,NA32Y,0.0,-0.20904360711574554,3
1MLC_AB_E,TB31W,0.13220183551311493,0.2688808739185333,3
1MLC_AB_E,"NA32G,NA92A",-0.6869605183601379,-0.12564857304096222,3
1MLC_AB_E,"SB57V,TB58D",-0.988170862197876,0.5074489116668701,3
1MLC_AB_E,"NA32G,NA92A,SB57V,TB58D",-1.7357505559921265,1.175411343574524,3
1MLC_AB_E,"NA92A,SB57V,TB58D",-2.3952598571777344,1.1426821947097778,3
1MLC_AB_E,"NA92A,TB28D,SB57V,TB58D",-2.740586280822754,1.0569159984588623,3
1MLC_AB_E,"NA92A,TB28D,SB57V,TB58D",-2.5825202465057373,1.0569159984588623,3
1MLC_AB_E,"NA92A,TB28D,SB57V,TB58D",-1.6668107509613037,1.0569159984588623,3
1MLC_AB_E,"NA92A,TB28D,SB57V,TB58D,NA32L",-2.5854651927948,0.234417125582695,3
1MLC_AB_E,"NA92A,TB28D,SB57V,TB58D,SB30G",-2.359523296356201,1.391619324684143,3
1MLC_AB_E,"NA92A,TB28D,SB57V,TB58D,YB59E",-1.466826319694519,2.4288899898529053,3
1MLC_AB_E,"NA92A,TB28D,SB57V,TB58D,SA91N",1.8505626916885376,1.164930820465088,3
1MLC_AB_E,"NA92A,TB28D,SB57V,TB58D,SA91N,SA93A",-1.6111606359481812,0.763261079788208,3
1MLC_AB_E,"NA92A,TB28D,SB57V,TB58D,RB98M,DB100Q",-0.4106564223766327,1.3748301267623901,3
1MLC_AB_E,"NA92A,TB28D,SB57V,TB58D,YB32R,RB98S",1.8505626916885376,2.0022382736206055,3
1MLC_AB_E,"NA92A,TB28D,SB57V,TB58D,EB35S,GB99D",-2.955246686935425,2.011627674102783,3
1MLC_AB_E,"NA92A,TB28D,SB57V,TB58D,YB32W,RB98V,DB100Q",0.3615494668483734,1.5381616353988647,3
1MLC_AB_E,"NA92A,TB28D,SB57V,TB58D,EB35S",1.907029390335083,2.1558587551116943,3
1MLC_AB_E,"NA92A,TB28D,SB57V,TB58D,GB99D",-0.20366813242435455,0.6144940853118896,3
2NYY_DC_A,SA874A,-0.2319817990064621,0.442473828792572,3
2NYY_DC_A,KA875A,0.2930837571620941,1.1665321588516235,3
2NYY_DC_A,QA887A,0.5245682597160339,0.7248274683952332,3
2NYY_DC_A,FA889A,0.4223885238170624,0.5012940168380737,3
2NYY_DC_A,NA890A,0.8968583345413208,2.551515817642212,3
2NYY_DC_A,LA891A,2.607872486114502,1.7185488939285278,3
2NYY_DC_A,EA892A,2.85959529876709,2.1963651180267334,3
2NYY_DC_A,KA895A,-0.14115594327449799,0.7467057108879089,3
2NYY_DC_A,FA925A,4.087754726409912,2.2060186862945557,3
2NYY_DC_A,NA926A,0.10006427019834518,0.8395370244979858,3
2NYY_DC_A,SA927A,0.0,0.2537170648574829,3
2NYY_DC_A,IA928A,-0.009555884636938572,0.6910159587860107,3
2NYY_DC_A,KA1028A,-0.02914285846054554,0.2208203375339508,3
2NYY_DC_A,DA1030A,0.009404197335243225,0.9702070951461792,3
2NYY_DC_A,RA1033A,0.8260335922241211,0.1361597776412964,3
2NYY_DC_A,DA1034A,2.548027276992798,2.491917848587036,3
2NYY_DC_A,TA1035A,1.6426256895065308,1.1186167001724243,3
2NYY_DC_A,HA1036A,7.3721842765808105,4.534710884094238,3
2NYY_DC_A,RA1266A,0.3016909658908844,0.7776846885681152,3
2NYY_DC_A,MD33Q,-0.06030135974287987,0.28008827567100525,3
2NYY_DC_A,KD29R,0.07190047949552536,-0.19467799365520477,3
2NYY_DC_A,YD30D,0.065090611577034,-0.37533292174339294,3
2NYY_DC_A,YD30Q,0.12990403175354004,0.15156963467597961,3
2NYY_DC_A,YD56Q,0.5234318375587463,1.2381211519241333,3
2NYY_DC_A,SC28Q,0.4163622558116913,-0.05472011864185333,3
2NYY_DC_A,DC30Y,0.6457566022872925,0.3145400583744049,3
2NYY_DC_A,SC31N,-0.3559296727180481,-0.09587474912405014,3
2NYY_DC_A,HC34R,0.10161182284355164,0.7376375198364258,3
2NYY_DC_A,VD36I,-0.21470792591571808,-1.032921552658081,3
2NYY_DC_A,ED5Q,-0.2497744858264923,-0.2622649669647217,3
2NYY_DC_A,"VD36I,ED5Q",-0.04939959943294525,-1.083854079246521,3
2NYY_DC_A,"KD29S,YD30D,DD31H,SD60P",0.04996808245778084,0.4330172836780548,3
3SE3_B_A,"YB43A,NB44E,SB47Q",1.8576297760009766,0.26219797134399414,3
3SE3_B_A,"YB43H,NB44A,SB47Q",1.383597493171692,0.982881486415863,3
3SE3_B_A,"YB43H,NB44E,SB47A",1.7648701667785645,0.37161490321159363,3
3SE3_B_A,"YB43H,NB44E,SB47Q,QB48A",2.432249069213867,1.115458607673645,3
3SE3_B_A,"YB43H,NB44E,SB47Q,FB50A",2.790170431137085,0.847165584564209,3
3SE3_B_A,"YB43H,NB44E,SB47Q,NB51A",3.0309817790985107,0.20685558021068573,3
3SE3_B_A,"YB43H,NB44E,SB47Q,SB54A",2.488123655319214,0.6624516248703003,3
3SE3_B_A,"YB43H,NB44E,SB47Q,TB55A",2.8525915145874023,0.4753146469593048,3
3SE3_B_A,"YB43H,NB44E,SB47Q,KB56A",2.634376287460327,0.04433304816484451,3
3SE3_B_A,"YB43H,NB44E,SB47Q,DB57A",2.3812906742095947,0.23531754314899445,3
3SE3_B_A,"YB43H,NB44E,SB47Q,SB59A",2.7163729667663574,0.3644932210445404,3
3SE3_B_A,"YB43H,NB44E,SB47Q,TB65A",2.297600746154785,0.09968998283147812,3
3SE3_B_A,"YB43H,NB44E,SB47Q,LB66A",3.3591322898864746,-0.026735013350844383,3
3SE3_B_A,"YB43H,NB44E,SB47Q,KB69A",2.3057167530059814,0.15986500680446625,3
3SE3_B_A,"YB43H,NB44E,SB47Q,YB71A",2.923438787460327,1.1071280241012573,3
3SE3_B_A,"YB43H,NB44E,SB47Q,TB72A",2.683220148086548,0.2780420482158661,3
3SE3_B_A,"YB43H,NB44E,SB47Q,YB75A",3.1270294189453125,0.6538744568824768,3
3SE3_B_A,"YB43H,NB44E,SB47Q,QB76A",2.289372205734253,0.31666049361228943,3
3SE3_B_A,"YB43H,NB44E,SB47Q,NB79A",2.772106647491455,0.23435918986797333,3
3SE3_B_A,"YB43H,NB44E,SB47Q,EB82A",2.700028419494629,0.5073337554931641,3
3SE3_B_A,"YB43H,NB44E,SB47Q,VB85A",2.488123655319214,0.5799931883811951,3
3SE3_B_A,"YB43H,NB44E,SB47Q",2.4577348232269287,0.3954685926437378,3
3SE3_B_A,"YB43M,NB44D,SB47L",0.7132960557937622,-0.44045114517211914,3
3SE3_B_A,"YB43A,NB44A,SB47A",0.7697627544403076,1.067415475845337,3
3SE3_B_A,"YB43H,NB44E,SB47Q,QB48A",2.5499517917633057,1.115458607673645,3
3SE3_B_A,"YB43H,NB44E,SB47Q,FB50A",2.912252187728882,0.847165584564209,3
3SE3_B_A,"YB43H,NB44E,SB47Q,NB51A",3.1588070392608643,0.20685558021068573,3
3SE3_B_A,"YB43H,NB44E,SB47Q,SB54A",2.6049611568450928,0.6624516248703003,3
3SE3_B_A,"YB43H,NB44E,SB47Q,TB55A",2.9685609340667725,0.4753146469593048,3
3SE3_B_A,"YB43H,NB44E,SB47Q,KB56A",2.758375406265259,0.04433304816484451,3
3SE3_B_A,"YB43H,NB44E,SB47Q,DB57A",2.4998557567596436,0.23531754314899445,3
3SE3_B_A,"YB43H,NB44E,SB47Q,SB59A",2.8363590240478516,0.3644932210445404,3
3SE3_B_A,"YB43H,NB44E,SB47Q,TB65A",2.4217395782470703,0.09968998283147812,3
3SE3_B_A,"YB43H,NB44E,SB47Q,LB66A",3.47526478767395,-0.026735013350844383,3
3SE3_B_A,"YB43H,NB44E,SB47Q,KB69A",2.4257025718688965,0.15986500680446625,3
3SE3_B_A,"YB43H,NB44E,SB47Q,YB71A",3.0482640266418457,1.1071280241012573,3
3SE3_B_A,"YB43H,NB44E,SB47Q,TB72A",2.801797866821289,0.2780420482158661,3
3SE3_B_A,"YB43H,NB44E,SB47Q,QB76A",2.409689426422119,0.31666049361228943,3
3SE3_B_A,"YB43H,NB44E,SB47Q,NB79A",2.8856005668640137,0.23435918986797333,3
3SE3_B_A,"YB43H,NB44E,SB47Q,EB82A",2.824389934539795,0.5073337554931641,3
3SE3_B_A,"YB43H,NB44E,SB47Q,IB88A",2.32709002494812,0.3683052957057953,3
3SE3_B_A,"YB43H,NB44E,SB47Q,LB89A",2.8981871604919434,0.7811552286148071,3
3SE3_B_A,"YB43H,NB44E,SB47Q,RB92A",2.8363590240478516,0.5700247287750244,3
3SE3_B_A,"YB43H,NB44E,SB47Q,RB92K",2.610769510269165,-0.3505197763442993,3
3SE3_B_A,"YB43H,NB44E,SB47Q,KB93A",2.610769510269165,0.41167575120925903,3
3SE3_B_A,"YB43H,NB44E,SB47Q,KB103A",2.6815128326416016,0.51686692237854,3
3SE3_B_A,"YB43A,NB44E,SB47Q",1.9775469303131104,0.26219797134399414,3
3SE3_B_A,"YB43H,NB44A,SB47Q",1.5067094564437866,0.982881486415863,3
3SE3_B_A,"YB43H,NB44E,SB47A",1.88284432888031,0.37161490321159363,3
3SE3_B_A,"YB43A,NB44A,SB47A",0.4106564223766327,1.067415475845337,3
3SE3_B_A,NA53A,-0.3477616012096405,0.9724342823028564,3
3SE3_B_A,YA55A,1.4973200559616089,1.8627656698226929,3
3SE3_B_A,FA81A,0.4106564223766327,0.8212388753890991,3
3SE3_B_A,EA96A,0.7130590677261353,0.6987762451171875,3
3SE3_B_A,KA98A,1.4973200559616089,0.06517422944307327,3
3SE3_B_A,LA116A,0.0,-0.13548003137111664,3
3SE3_B_A,DA117A,0.5428582429885864,1.1523536443710327,3
3SE3_B_A,SA120A,0.5428582429885864,-0.23220820724964142,3
3SE3_B_A,NA140T,0.13314899802207947,0.19401834905147552,3
3SE3_B_A,YA148A,0.4106564223766327,0.58570396900177,3
3SE3_B_A,TA166A,-0.15638691186904907,0.5469202399253845,3
3SE3_B_A,SA167A,-0.23903489112854004,1.0251747369766235,3
3SE3_B_A,FA223A,1.4973200559616089,2.241703748703003,3
3SE3_B_A,RA226A,0.4106564223766327,0.49732881784439087,3
3SE3_B_A,NA227A,0.5428582429885864,0.9247268438339233,3
3SE3_B_A,NA230A,0.21107575297355652,0.34506961703300476,3
3SE3_B_A,FA273A,0.0,0.4775896966457367,3
3VR6_ABCDEF_GH,LG28N,0.30999940633773804,-0.6611418724060059,3
3VR6_ABCDEF_GH,LG29N,0.6750600934028625,-0.39188680052757263,3
3VR6_ABCDEF_GH,RG134A,0.8304983377456665,2.7294094562530518,3
3VR6_ABCDEF_GH,RG135A,0.8992655277252197,2.188743829727173,3
3VR6_ABCDEF_GH,"RG134A,RG135A",1.4000883102416992,3.01710844039917,3
3VR6_ABCDEF_GH,AG138S,-0.34087562561035156,0.23414629697799683,3
3VR6_ABCDEF_GH,LG139N,0.7095816135406494,-0.6903847455978394,3
3VR6_ABCDEF_GH,"RA476A,RB481A,RC471A",-0.27845457196235657,0.9374269247055054,3
3VR6_ABCDEF_GH,"VD385A,VE385A,VF388A",0.6982964873313904,1.6179001331329346,3
3VR6_ABCDEF_GH,"LD386A,LE386A,LF389A",1.136772632598877,3.183333158493042,3
3VR6_ABCDEF_GH,"RA476A,RB481A,RC471A,RG134A,RG135A",1.3179826736450195,1.8498687744140625,3
3VR6_ABCDEF_GH,"VD385A,VE385A,VF388A,RG134A,RG135A",1.1313122510910034,3.5592105388641357,3
3VR6_ABCDEF_GH,"LA477A,LB482A,LC472A,VA478A,VB483A,VC473A",-0.22198787331581116,3.1389520168304443,3
3VR6_ABCDEF_GH,"LA477A,LB482A,LC472A,VA478A,VB483A,VC473A,LD386A,LE386A,LF389A",-0.17043781280517578,5.506466865539551,3
3VR6_ABCDEF_GH,"LA477A,LB482A,LC472A,VA478A,VB483A,VC473A,RG134A,RG135A",2.049800395965576,4.179924488067627,3
3VR6_ABCDEF_GH,"LA477A,LB482A,LC472A,VA478A,VB483A,VC473A,LG139N",-0.07911093533039093,3.116475820541382,3
3VR6_ABCDEF_GH,"RD347E,RE347E,RF350E",0.2876400649547577,2.174690008163452,3
3VR6_ABCDEF_GH,"RD347K,RE347K,RF350K",1.2131596803665161,1.2105708122253418,3
1JTD_A_B,QA73A,0.5186731815338135,0.11193568259477615,3
1JTD_A_B,NA74A,0.8012278079986572,0.04601947218179703,3
1JTD_A_B,LA76A,1.733952522277832,2.0354902744293213,3
1JTD_A_B,EA78A,0.8407392501831055,1.6158143281936646,3
1JTD_A_B,YA79A,2.2508599758148193,1.1161938905715942,3
1JTD_A_B,PA81A,1.733952522277832,0.9789249897003174,3
1JTD_A_B,EA84A,0.038235973566770554,1.4014958143234253,3
1JTD_A_B,KA85A,2.144608974456787,0.16687636077404022,3
1JTD_A_B,MA103A,2.5226452350616455,0.8446430563926697,3
1JTD_A_B,VA190A,0.038235973566770554,0.37826839089393616,3
1JTD_A_B,MA244A,0.27845457196235657,2.7176482677459717,3
1WQJ_I_B,RI20A,0.6795530319213867,0.23737552762031555,3
1WQJ_I_B,"RI35A,RI36A",1.02851140499115,-0.1093900203704834,3
1WQJ_I_B,RI49A,0.26824522018432617,-0.374259889125824,3
1WQJ_I_B,RI54A,0.05944105610251427,-0.323518842458725,3
1WQJ_I_B,RI55A,0.40239912271499634,0.04172401875257492,3
3W2D_A_HL,YA45F,0.8783374428749084,0.6306849718093872,3
3W2D_A_HL,YA45L,2.3658151626586914,2.2668707370758057,3
3W2D_A_HL,KA67R,-0.42831185460090637,0.8085302710533142,3
3W2D_A_HL,KA67N,4.624007701873779,2.2044198513031006,3
4GNK_A_B,KA294A,0.09897152334451675,-0.28190749883651733,3
4GNK_A_B,"DA279A,PA281D",0.1213308572769165,-0.07601599395275116,3
4GNK_A_B,LB764A,-1.420637845993042,-0.06067404896020889,3
4GNK_A_B,"KA294A,LB764A",-1.5528396368026733,-0.2066347301006317,3
4GNK_A_B,"LB764A,DA279A,PA281D",-1.7232774496078491,-0.09723332524299622,3
4GNK_A_B,TB540E,-0.18866854906082153,0.05151350051164627,3
4O27_A_B,YA215A,1.1953110694885254,0.9490758180618286,3
4O27_A_B,KA88A,1.0248732566833496,0.29236242175102234,3
4O27_A_B,EB42A,0.3714717626571655,1.1050665378570557,3
4O27_A_B,EB122A,0.3016909658908844,0.3538782596588135,3
2C5D_AB_CD,"TA26D,TB26D",0.7250281572341919,-0.12643103301525116,3
2C5D_AB_CD,"RA32E,RB32E",1.7124065160751343,0.3354104459285736,3
2C5D_AB_CD,"KA34E,KB34E",1.9482202529907227,0.6452013254165649,3
2C5D_AB_CD,"RA32E,KA34E,RB32E,KA34E",3.9603114128112793,0.6918735504150391,3
2C5D_AB_CD,"AA126V,AB126V",0.7588918209075928,-0.3644340932369232,3
2C5D_AB_CD,"FA207A,FB207A",0.19934363663196564,1.86345374584198,3
2C5D_AB_CD,"QC28R,QD28R",0.09132687747478485,0.06431411951780319,3
2C5D_AB_CD,"EC30R,ED30R",0.3026396632194519,0.6112929582595825,3
2C5D_AB_CD,"EC33R,ED33R",1.654841661453247,0.10318707674741745,3
2C5D_AB_CD,"EC30R,EC33R,ED30R,EC33R",1.8489806652069092,-0.04953997582197189,3
2C5D_AB_CD,"TC51R,TD51R",2.339020252227783,3.7564194202423096,3
2C5D_AB_CD,"QC96R,QD96R",0.3026396632194519,0.1379656046628952,3
2C5D_AB_CD,"LC105E,LD105E",0.2402186095714569,1.4829660654067993,3
2C5D_AB_CD,"KC178E,KD178E",0.7422019243240356,0.28070682287216187,3
2C5D_AB_CD,"TC182E,TD182E",0.7422019243240356,-0.05717571824789047,3
2C5D_AB_CD,"FA207A,FB207A",0.5428582429885864,1.86345374584198,3
2C5D_AB_CD,"FA209A,FB209A",1.0615314245224,0.7148728966712952,3
2C5D_AB_CD,"WA238F,WB238F",0.9824205040931702,0.28207263350486755,3
2C5D_AB_CD,"LA324A,LB324A",2.0344724655151367,0.4320297837257385,3
2C5D_AB_CD,"YA364A,YB364A",0.9824205040931702,0.841461181640625,3
4Y61_A_B,YA246A,-0.07816073298454285,1.6631337404251099,3
4Y61_A_B,RB86A,-0.1930532306432724,0.4104938805103302,3
4Y61_A_B,"FB219A,HB222A",0.28917425870895386,2.261018753051758,3
4YEB_A_B,DA133A,1.3676663637161255,1.788553237915039,3
4YEB_A_B,AA114S,0.0693911537528038,-0.038413725793361664,3
4YEB_A_B,RB88T,0.2775775194168091,-0.18636155128479004,3
4YEB_A_B,FB131A,2.4174656867980957,0.9543367624282837,3
4YFD_A_B,RA48A,0.28495320677757263,0.31271806359291077,3
4YFD_A_B,RA169A,0.15944580733776093,1.1596237421035767,3
4YFD_A_B,EA259A,1.2165226936340332,1.4811521768569946,3
4YFD_A_B,"EA207G,LA208S,RA209S,EA210G",-0.03591717779636383,0.7364981174468994,3
4YFD_A_B,"EA207Q,RA209E,EA210Q",0.17261195182800293,0.09515469521284103,3
4YFD_A_B,WB4A,1.1326016187667847,2.5064666271209717,3
4YFD_A_B,DB7A,-0.05472675710916519,1.3276559114456177,3
4YFD_A_B,KB71A,1.475084900856018,1.4538646936416626,3
4ZS6_HL_A,YA160A,-0.11029982566833496,1.0515127182006836,3
4ZS6_HL_A,EA156A,3.040027141571045,0.6430041193962097,3
3NVQ_B_A,RA157E,1.545855164527893,1.2893166542053223,3
3NVQ_B_A,RA159E,1.5608546733856201,1.5006829500198364,3
3EQY_A_C,TC1A,0.37473925948143005,0.3133631944656372,3
3EQY_A_C,SC2A,0.8714090585708618,0.8514270782470703,3
3EQY_A_C,FC3A,5.660985946655273,4.495850086212158,3
3EQY_A_C,EC5A,1.2231920957565308,0.7683181166648865,3
3EQY_A_C,YC6A,2.5873632431030273,2.0004124641418457,3
3EQY_A_C,WC7A,6.0464277267456055,5.911455154418945,3
3EQY_A_C,NC8A,-0.7492132782936096,-0.3488413989543915,3
3EQY_A_C,LC9A,0.033863615244627,1.2613070011138916,3
3EQY_A_C,LC10A,2.324615240097046,2.4243695735931396,3
3EQY_A_C,SC11A,0.1527513712644577,0.27455589175224304,3
3EQY_A_C,PC12A,0.29562830924987793,0.7872230410575867,3
1JTD_A_B,NB12A,1.3017500638961792,1.9078551530838013,3
1JTD_A_B,DB14A,1.5081050395965576,1.58735191822052,3
1JTD_A_B,WB15A,1.3930768966674805,2.5885565280914307,3
1JTD_A_B,TB19A,0.2951873242855072,0.5663750171661377,3
1JTD_A_B,YB35A,3.1518187522888184,1.9453240633010864,3
1JTD_A_B,FB36A,2.5512847900390625,1.7443525791168213,3
1JTD_A_B,LB53A,0.6671075820922852,0.2760423719882965,3
1JTD_A_B,NB74A,1.2099658250808716,1.2589612007141113,3
1JTD_A_B,YB75A,0.4804372191429138,0.4790559709072113,3
1JTD_A_B,DB93A,1.989831566810608,0.7126704454421997,3
1JTD_A_B,WB114A,3.2562007904052734,2.3970947265625,3
1JTD_A_B,DB129A,0.9608744382858276,1.4098180532455444,3
1JTD_A_B,SB131A,0.15162824094295502,0.27696850895881653,3
1JTD_A_B,DB132A,-0.5490620136260986,0.5953994393348694,3
1JTD_A_B,YB153A,3.3001062870025635,2.980832576751709,3
1JTD_A_B,DB168A,-1.0615314245224,1.943673849105835,3
1JTD_A_B,YB170A,2.027261972427368,1.8618992567062378,3
1JTD_A_B,FB171A,2.2007148265838623,1.4265414476394653,3
1JTD_A_B,IB191A,2.8903894424438477,2.086573839187622,3
1JTD_A_B,FB192A,3.9618523120880127,2.9266538619995117,3
1JTD_A_B,YB210A,0.8243905305862427,0.7528647780418396,3
1JTD_A_B,EB230A,1.8500686883926392,2.156066417694092,3
1JTD_A_B,WB231A,5.811737537384033,4.8900957107543945,3
1JTD_A_B,RB248A,0.888344407081604,0.5451284050941467,3
1JTD_A_B,NB266A,2.6700212955474854,1.6946419477462769,3
5K39_A_B,MB108A,-0.4778553247451782,0.33322402834892273,3
5K39_A_B,MB112A,-0.2331232875585556,-0.6717156171798706,3
5K39_A_B,SB115A,0.45034053921699524,0.20941193401813507,3
5K39_A_B,FB142A,2.7175374031066895,0.588167667388916,3
5K39_A_B,IB148A,2.0530591011047363,1.8706376552581787,3
4L0P_A_B,TA11K,0.0,0.32605403661727905,3
4L0P_A_B,SA20F,0.05646670609712601,-0.3768767714500427,3
4L0P_A_B,EA27K,2.665921211242676,-0.06084006279706955,3
4L0P_A_B,NA59S,0.3143717646598816,0.11404484510421753,3
4L0P_A_B,TA76Q,1.472187876701355,-0.08844739943742752,3
4L0P_A_B,TA140N,0.27845457196235657,-0.04847057908773422,3
3QIB_ABP_CD,RC89P,-0.11936844140291214,0.20052684843540192,3
3QIB_ABP_CD,NC94P,0.786812961101532,-0.6842356324195862,3
3QIB_ABP_CD,LD95P,-0.3697237968444824,-0.644440770149231,3
3QIB_ABP_CD,QA57A,0.2648344039916992,0.01861582137644291,3
3QIB_ABP_CD,AA61G,0.8922892808914185,0.27629056572914124,3
3QIB_ABP_CD,AA64G,0.6100000739097595,-0.3632950186729431,3
3QIB_ABP_CD,KA67A,0.5660946369171143,-0.7448447942733765,3
3QIB_ABP_CD,AA68G,0.8450669050216675,-0.5013675689697266,3
3QIB_ABP_CD,EA75A,0.0,-0.05659100413322449,3
3QIB_ABP_CD,EB57A,0.0,-0.01925021968781948,3
3QIB_ABP_CD,SB61A,0.02633553557097912,0.03657316416501999,3
3QIB_ABP_CD,QB62A,1.7639565467834473,0.30496320128440857,3
3QIB_ABP_CD,EB64A,1.212812066078186,0.7385779619216919,3
3QIB_ABP_CD,EB67A,1.8214198350906372,0.9765236377716064,3
3QIB_ABP_CD,AB71G,2.204041004180908,0.042467810213565826,3
3QIB_ABP_CD,DB74A,0.8629055023193359,0.19413451850414276,3
3QIB_ABP_CD,TB75A,0.7498465776443481,0.38903042674064636,3
3QIB_ABP_CD,HB79A,0.051550064235925674,1.1415235996246338,3
3QIB_ABP_CD,"KA67A,EB64A",1.5070480108261108,0.05007406324148178,3
3QIB_ABP_CD,YP6A,3.1389987468719482,2.234658718109131,3
3QIB_ABP_CD,YP6F,0.10801676660776138,-0.06371038407087326,3
3QIB_ABP_CD,KP8A,3.1389987468719482,1.940094232559204,3
3QIB_ABP_CD,KP8R,2.2370340824127197,-1.5458042621612549,3
3QIB_ABP_CD,TP11A,3.1389987468719482,2.2484660148620605,3
3QIB_ABP_CD,TP11S,1.075722575187683,1.619088888168335,3
3QIB_ABP_CD,TP11N,1.223834753036499,1.5897008180618286,3
3QIB_ABP_CD,"YP6F,TP11S",1.2169697284698486,1.2661880254745483,3
1Y33_E_I,PI39T,-3.756010055541992,-3.158169984817505,4
1GCQ_AB_C,PC5A,0.7678360939025879,0.7753478288650513,4
1GCQ_AB_C,AC42G,1.3534959554672241,1.9876967668533325,4
1GCQ_AB_C,WC47Y,2.1472480297088623,0.12757179141044617,4
1GCQ_AB_C,PC67A,1.3164557218551636,0.545539379119873,4
1GCQ_AB_C,PC18A,0.1208081841468811,0.5291563868522644,4
1GCQ_AB_C,PC19A,0.08525039255619049,0.5961422920227051,4
1GCQ_AB_C,GC21V,-0.025214528664946556,0.3912353515625,4
3D5S_A_C,AC31R,-2.2467401027679443,-1.337537407875061,4
3D5R_A_C,AC38N,-1.5695295333862305,-1.3122578859329224,4
3D5S_A_C,AC31R,-1.5196093320846558,-1.337537407875061,4
3D5R_A_C,AC38N,-1.3337823152542114,-1.3122578859329224,4
2NOJ_A_B,"RB24A,NB31A",0.7486768364906311,1.8194717168807983,4
2VIR_AB_C,SC115L,3.681856870651245,1.0521031618118286,4
2VIR_AB_C,TC89I,4.913825988769531,4.975818634033203,4
2VLN_A_B,AB75N,-2.3355860710144043,-1.7569679021835327,4
1KIQ_AB_C,FB101Y,-2.4960761070251465,-1.2769348621368408,4
2B10_A_B,SB87F,-1.1648274660110474,-1.3168708086013794,4
1LFD_A_B,RA7A,1.5992153882980347,2.0549416542053223,4
1LFD_A_B,SA9K,0.8984887003898621,0.06719228625297546,4
1LFD_A_B,LA10K,-0.5018116235733032,0.0038064741529524326,4
1LFD_A_B,NA14K,0.39763498306274414,0.18864676356315613,4
1LFD_A_B,MA17K,-0.4014550745487213,-0.08819752931594849,4
1LFD_A_B,KA19A,1.4974024295806885,2.2174007892608643,4
1LFD_A_B,KA35A,0.29746535420417786,1.7791107892990112,4
1LFD_A_B,DA38A,-0.6010016798973083,0.3882259130477905,4
1LFD_A_B,DA38K,-0.9017500281333923,-0.21802601218223572,4
1LFD_A_B,KA39A,1.8000420331954956,1.9158658981323242,4
1LFD_A_B,NA41K,-0.10145895183086395,0.4172096252441406,4
1LFD_A_B,LA42K,0.0,0.4145365357398987,4
1LFD_A_B,DA43A,-0.4014550745487213,0.03207455947995186,4
1LFD_A_B,EA44A,-0.4014550745487213,0.145083948969841,4
1LFD_A_B,EA44K,-0.10145895183086395,0.01218492817133665,4
1LFD_A_B,DA45K,-0.5018116235733032,0.48042845726013184,4
1LFD_A_B,NA79K,-0.4014550745487213,0.10586121678352356,4
1LFD_A_B,YA80K,0.19934363663196564,0.13588646054267883,4
1LFD_A_B,DA81K,-0.9017500281333923,0.7409412860870361,4
1LFD_A_B,"MA17K,DA45K",-0.20182165503501892,0.06650431454181671,4
1LFD_A_B,"MA17K,DA81K",-0.4014550745487213,1.3395870923995972,4
1LFD_A_B,"MA17K,DA38K,DA45K",-1.8022412061691284,0.3709123730659485,4
1LFD_A_B,"MA17K,DA38K,DA45K,DA81K",-0.9017500281333923,1.1062573194503784,4
1LFD_A_B,"DA38K,DA43K,EA44K",-1.2028181552886963,-0.2654053866863251,4
1LFD_A_B,"DA45K,DA81K",-0.7013956308364868,1.1871215105056763,4
1LFD_A_B,RA7A,1.1360437870025635,2.0549416542053223,4
1LFD_A_B,SA9K,-0.11787066608667374,0.06719228625297546,4
1LFD_A_B,LA10K,-0.015469599515199661,0.0038064741529524326,4
1LFD_A_B,NA14K,0.40297210216522217,0.18864676356315613,4
1LFD_A_B,MA17K,-0.9208399057388306,-0.08819752931594849,4
1LFD_A_B,KA19A,1.326342225074768,2.2174007892608643,4
1LFD_A_B,KA35A,0.2582642138004303,1.7791107892990112,4
1LFD_A_B,DA38A,-0.5790618062019348,0.3882259130477905,4
1LFD_A_B,DA38K,-1.0864804983139038,-0.21802601218223572,4
1LFD_A_B,KA39A,1.1793076992034912,1.9158658981323242,4
1LFD_A_B,NA41K,-1.1683279275894165,0.4172096252441406,4
1LFD_A_B,LA42K,-0.5710011124610901,0.4145365357398987,4
1LFD_A_B,DA43A,-0.2796773910522461,0.03207455947995186,4
1LFD_A_B,EA44A,-0.24635806679725647,0.145083948969841,4
1LFD_A_B,EA44K,-0.28459402918815613,0.01218492817133665,4
1LFD_A_B,DA45K,-0.9065632224082947,0.48042845726013184,4
1LFD_A_B,NA79K,-0.5630486011505127,0.10586121678352356,4
1LFD_A_B,YA80K,0.07719918340444565,0.13588646054267883,4
1LFD_A_B,DA81K,-1.1467818021774292,0.7409412860870361,4
1LFD_A_B,"MA17K,DA45K",-1.0494401454925537,0.06650431454181671,4
1LFD_A_B,"MA17K,DA81K",-0.9065632224082947,1.3395870923995972,4
1LFD_A_B,"MA17K,DA38K,DA45K",-1.9596909284591675,0.3709123730659485,4
1LFD_A_B,"MA17K,DA38K,DA45K,DA81K",-1.7567819356918335,1.1062573194503784,4
1LFD_A_B,"DA38K,DA43K,EA44K",-1.5574382543563843,-0.2654053866863251,4
1LFD_A_B,"DA45K,DA81K",-0.6039235591888428,1.1871215105056763,4
1KTZ_A_B,VA62I,0.2429177165031433,0.43270838260650635,4
1KTZ_A_B,RA13K,1.1516977548599243,0.12418244779109955,4
1KTZ_A_B,RA64K,2.2014970779418945,0.38943368196487427,4
1KTZ_A_B,RA13A,1.481581449508667,1.176580548286438,4
1KTZ_A_B,RA64A,2.884404420852661,0.5495105981826782,4
1KTZ_A_B,LB3A,1.8249237537384033,1.1102725267410278,4
1KTZ_A_B,FB6A,2.980065107345581,2.0291223526000977,4
1KTZ_A_B,DB8A,1.5216164588928223,0.7354047298431396,4
1KTZ_A_B,DB8N,2.0003442764282227,0.22009435296058655,4
1KTZ_A_B,SB25A,0.3265458643436432,-0.01352239865809679,4
1KTZ_A_B,IB26A,1.8964810371398926,0.4438703656196594,4
1KTZ_A_B,TB27A,1.5135467052459717,1.4824146032333374,4
1KTZ_A_B,SB28A,0.216517373919487,0.6612173318862915,4
1KTZ_A_B,SB28L,4.037786483764648,0.8683797121047974,4
1KTZ_A_B,IB29A,1.3702386617660522,0.8297150135040283,4
1KTZ_A_B,EB31A,1.2165226936340332,0.6528400182723999,4
1KTZ_A_B,VB53A,0.4149967432022095,0.7500183582305908,4
1KTZ_A_B,DB94A,0.8147421479225159,0.7017073631286621,4
1KTZ_A_B,EB95A,1.4942781925201416,0.0004923889646306634,4
1KTZ_A_B,EB95Q,1.6271791458129883,-1.4147725105285645,4
1KTZ_A_B,NB23A,0.28495320677757263,0.3552902340888977,4
1KTZ_A_B,VB38A,0.6479637026786804,0.807144045829773,4
1KTZ_A_B,EB51A,1.0801141262054443,0.4919412434101105,4
1KTZ_A_B,HB55A,0.29562830924987793,1.9255149364471436,4
1KTZ_A_B,FB86A,0.9322267174720764,0.4862746000289917,4
1KTZ_A_B,MB88A,0.8714090585708618,-0.016788741573691368,4
1KTZ_A_B,IB101A,0.5393629670143127,0.2855519950389862,4
2QJ9_AB_C,"RC57K,TC59S,IC61K,PC62A,HC63Q,QC64L,SC67T",-0.7299859523773193,-0.37339645624160767,4
2QJ9_AB_C,"AC43T,MC47L,KC48G,YC49L",-0.46220648288726807,0.105643130838871,4
2QJ9_AB_C,"AC43T,MC47L,KC48G,YC49L,GC11H,DC15E,AC30T,IC31M",0.4228723645210266,0.39713606238365173,4
1JTG_A_B,GA212S,-0.26777946949005127,0.6072763204574585,4
1JTG_A_B,EA79K,4.2353901863098145,3.441218614578247,4
1JTG_A_B,DB49A,2.5614840984344482,1.8445583581924438,4
1JTG_A_B,FB142A,3.3792171478271484,2.43578839302063,4
1JTG_A_B,"GA212S,DB49A",2.6352171897888184,2.2289023399353027,4
1JTG_A_B,"GA212S,FB142A",3.681856870651245,2.2200546264648438,4
1JTG_A_B,"EA79K,DB49A",5.640436172485352,2.635024309158325,4
1JTG_A_B,"EA79K,FB142A",4.554719924926758,3.3580574989318848,4
1JTG_A_B,DB49A,1.8142549991607666,1.8445583581924438,4
1JTG_A_B,"SA209A,DB49A",1.6411057710647583,2.9252138137817383,4
1JTG_A_B,"SA105A,DB49A",1.384631872177124,2.397885322570801,4
1JTG_A_B,"SA209A,SA105A,DB49A",1.0941568613052368,2.799295425415039,4
1JTG_A_B,"RA217A,DB49A",1.1116822957992554,2.522097587585449,4
1JTG_A_B,"KA208A,DB49A",1.5540213584899902,3.0719072818756104,4
1JTG_A_B,"RA217A,SA209A,DB49A",0.4080484211444855,2.333643913269043,4
1JTG_A_B,"RA217A,SA105A,DB49A",1.2549387216567993,2.7274556159973145,4
1JTG_A_B,"SA209A,KA208A,DB49A",1.5348256826400757,2.476511240005493,4
1JTG_A_B,"KA208A,SA105A,DB49A",1.3181935548782349,2.823232889175415,4
1JTG_A_B,"RA217A,SA209A,SA105A,DB49A",0.8942657113075256,2.479346513748169,4
1JTG_A_B,"SA209A,SA105A,KA208A,DB49A",0.6092560887336731,2.4983832836151123,4
1JTG_A_B,"RA217A,KA208A,DB49A",1.904421329498291,3.0175771713256836,4
1JTG_A_B,"RA217A,SA209A,KA208A,DB49A",2.032426357269287,2.416105031967163,4
1JTG_A_B,"KA208A,SA105A,RA217A,DB49A",1.4909703731536865,2.9386348724365234,4
1JTG_A_B,"KA208A,SA209A,SA105A,RA217A,DB49A",1.726972222328186,2.359459400177002,4
1JTG_A_B,SA209A,1.23908269405365,0.558157742023468,4
1JTG_A_B,SA105A,0.7919731140136719,0.6948391199111938,4
1JTG_A_B,"SA209A,SA105A",1.152734398841858,0.820960283279419,4
1JTG_A_B,RA217A,1.3393713235855103,1.4177647829055786,4
1JTG_A_B,KA208A,1.4172372817993164,1.66692054271698,4
1JTG_A_B,"RA217A,SA209A",0.7395939230918884,1.7250615358352661,4
1JTG_A_B,"RA217A,SA105A",1.8496946096420288,1.9521733522415161,4
1JTG_A_B,"SA209A,KA208A",2.0937232971191406,0.8326867818832397,4
1JTG_A_B,"KA208A,SA105A",1.9795986413955688,2.1649386882781982,4
1JTG_A_B,"RA217A,SA209A,SA105A",1.6881089210510254,1.9352003335952759,4
1JTG_A_B,"SA209A,SA105A,KA208A",1.8496946096420288,1.3373963832855225,4
1JTG_A_B,"RA217A,KA208A",2.730074644088745,2.2190592288970947,4
1JTG_A_B,"RA217A,SA209A,KA208A",2.7169570922851562,2.556579113006592,4
1JTG_A_B,"KA208A,SA105A,RA217A",2.5094218254089355,2.5367531776428223,4
1JTG_A_B,"KA208A,SA209A,SA105A,RA217A",2.788503646850586,1.9866186380386353,4
1JTG_A_B,DB49A,1.7919657230377197,1.8445583581924438,4
1JTG_A_B,KB74A,3.559509038925171,0.40904292464256287,4
1JTG_A_B,FB142A,2.102992057800293,2.43578839302063,4
1JTG_A_B,YB143A,0.3820299804210663,1.530530571937561,4
1JTG_A_B,"KB74A,FB142A",4.852370262145996,2.5321617126464844,4
1JTG_A_B,"KB74A,YB143A",3.0586442947387695,1.8084943294525146,4
1JTG_A_B,"FB142A,YB143A",2.843151092529297,2.803374767303467,4
1JTG_A_B,"KB74A,FB142A,YB143A",3.8954012393951416,2.5559513568878174,4
1JTG_A_B,EA79A,1.552952527999878,2.3457255363464355,4
1JTG_A_B,"KB74A,EA79A",1.5768485069274902,2.6884987354278564,4
1JTG_A_B,"FB142A,EA79A",2.7478888034820557,3.336533546447754,4
1JTG_A_B,"YB143A,EA79A",1.8645553588867188,3.220541477203369,4
1JTG_A_B,"KB74A,FB142A,EA79A",3.130239963531494,3.440253973007202,4
1JTG_A_B,"KB74A,YB143A,EA79A",1.0506681203842163,2.785334825515747,4
1JTG_A_B,"FB142A,YB143A,EA79A",2.8912806510925293,3.3588168621063232,4
1JTG_A_B,"KB74A,FB142A,YB143A,EA79A",2.3889827728271484,3.0997886657714844,4
1JTG_A_B,YA80A,-0.16837136447429657,2.7385005950927734,4
1JTG_A_B,"KB74A,YA80A",3.322336435317993,3.6179707050323486,4
1JTG_A_B,"FB142A,YA80A",0.6943662762641907,4.358736038208008,4
1JTG_A_B,"YB143A,YA80A",1.0754432678222656,4.10501766204834,4
1JTG_A_B,"KB74A,FB142A,YA80A",4.779135227203369,4.645008087158203,4
1JTG_A_B,"KB74A,YB143A,YA80A",3.3951475620269775,3.577540874481201,4
1JTG_A_B,"FB142A,YB143A,YA80A",2.9869043827056885,3.1594457626342773,4
1JTG_A_B,"KB74A,FB142A,YB143A,YA80A",4.229416370391846,3.0076804161071777,4
1JTG_A_B,"EA79A,YA80A",1.0270099639892578,3.595468759536743,4
1JTG_A_B,"KB74A,EA79A,YA80A",1.3861162662506104,3.812838554382324,4
1JTG_A_B,"FB142A,EA79A,YA80A",1.5050040483474731,4.7763237953186035,4
1JTG_A_B,"YB143A,EA79A,YA80A",2.054677724838257,4.462067604064941,4
1JTG_A_B,"KB74A,FB142A,EA79A,YA80A",3.130239963531494,4.5836567878723145,4
1JTG_A_B,"KB74A,YB143A,EA79A,YA80A",1.7679566144943237,4.131409645080566,4
1JTG_A_B,"FB142A,YB143A,EA79A,YA80A",2.843151092529297,3.9810354709625244,4
1JTG_A_B,"KB74A,FB142A,YB143A,EA79A,YA80A",2.412727117538452,3.4884262084960938,4
1JTG_A_B,RA217A,1.2657638788223267,1.4177647829055786,4
1JTG_A_B,"DB49A,RA217A",1.0992237329483032,2.522097587585449,4
1JTG_A_B,"KB74A,RA217A",6.62026834487915,1.3852615356445312,4
1JTG_A_B,"FB142A,RA217A",3.3951475620269775,3.429248809814453,4
1JTG_A_B,"YB143A,RA217A",2.269850254058838,2.740769147872925,4
1JTG_A_B,"KB74A,FB142A,RA217A",5.496315956115723,3.3623056411743164,4
1JTG_A_B,"KB74A,YB143A,RA217A",4.373137474060059,1.2967196702957153,4
1JTG_A_B,"FB142A,YB143A,RA217A",4.542801380157471,3.105309009552002,4
1JTG_A_B,"KB74A,FB142A,YB143A,RA217A",5.257837295532227,2.6369690895080566,4
1JTG_A_B,KA208A,1.0270099639892578,1.66692054271698,4
1JTG_A_B,"DB49A,KA208A",1.6006518602371216,3.0719072818756104,4
1JTG_A_B,"KB74A,KA208A",6.548087120056152,2.503643751144409,4
1JTG_A_B,"FB142A,KA208A",3.3951475620269775,3.560459613800049,4
1JTG_A_B,"YB143A,KA208A",2.5566611289978027,2.5436673164367676,4
1JTG_A_B,"KB74A,FB142A,KA208A",5.830841064453125,3.561685085296631,4
1JTG_A_B,"KB74A,YB143A,KA208A",4.876004219055176,2.751164436340332,4
1JTG_A_B,"FB142A,YB143A,KA208A",4.68193244934082,3.6345162391662598,4
1JTG_A_B,"KB74A,FB142A,YB143A,KA208A",5.472614765167236,2.9919395446777344,4
1JTG_A_B,SA105A,0.33384764194488525,0.6948391199111938,4
1JTG_A_B,"DB49A,SA105A",0.35808926820755005,2.397885322570801,4
1JTG_A_B,"KB74A,SA105A",3.1786303520202637,1.6513653993606567,4
1JTG_A_B,"FB142A,SA105A",2.843151092529297,3.269404172897339,4
1JTG_A_B,"YB143A,SA105A",1.7919657230377197,2.701282501220703,4
1JTG_A_B,"KB74A,FB142A,SA105A",5.161859035491943,3.469576835632324,4
1JTG_A_B,"KB74A,YB143A,SA105A",3.7284178733825684,2.2357802391052246,4
1JTG_A_B,"FB142A,YB143A,SA105A",4.158278465270996,3.3533544540405273,4
1JTG_A_B,"KB74A,FB142A,YB143A,SA105A",5.066775321960449,3.0843448638916016,4
1JTG_A_B,QA74A,0.42960184812545776,1.6785264015197754,4
1JTG_A_B,NA75A,-0.4558051824569702,0.21806767582893372,4
1JTG_A_B,VA78A,1.9107438325881958,0.7013430595397949,4
1JTG_A_B,EA79A,1.7679566144943237,2.3457255363464355,4
1JTG_A_B,PA82A,-0.38275691866874695,1.901416301727295,4
1JTG_A_B,EA85A,4.0619282722473145,1.06621253490448,4
1JTG_A_B,MA104A,0.7388210296630859,2.3450632095336914,4
1JTG_A_B,EA143A,-0.07258199155330658,0.8741847276687622,4
1JTG_A_B,VA190A,-0.4069419801235199,0.06090346351265907,4
1JTG_A_B,FB36A,3.2014195919036865,1.5810073614120483,4
1JTG_A_B,HB41A,3.2497003078460693,2.312490940093994,4
1JTG_A_B,DB49A,1.6727427244186401,1.8445583581924438,4
1JTG_A_B,YB50A,-0.4069419801235199,2.633695602416992,4
1JTG_A_B,YB53A,2.077467203140259,1.8852368593215942,4
1JTG_A_B,SB71A,0.35808926820755005,1.7032015323638916,4
1JTG_A_B,KB74A,3.8236682415008545,0.40904292464256287,4
1JTG_A_B,WB112A,3.0105111598968506,2.528090476989746,4
1JTG_A_B,SB113A,-0.16837136447429657,1.3320690393447876,4
1JTG_A_B,FB142A,2.508270740509033,2.43578839302063,4
1JTG_A_B,HB148A,2.7478888034820557,1.53201162815094,4
1JTG_A_B,WB150A,4.253561973571777,2.105163812637329,4
1JTG_A_B,RB160A,2.2222042083740234,1.3656405210494995,4
1JTG_A_B,WB162A,2.3408265113830566,1.1356955766677856,4
1JTG_A_B,"QA74A,HB148A",3.2014195919036865,2.332651138305664,4
1JTG_A_B,"QA74A,WB150A",3.8236682415008545,3.1571483612060547,4
1JTG_A_B,"QA74A,RB160A",3.7509472370147705,2.401125192642212,4
1JTG_A_B,"NA75A,HB148A",2.102992057800293,2.4350271224975586,4
1JTG_A_B,"NA75A,WB150A",4.349467754364014,3.0700876712799072,4
1JTG_A_B,"NA75A,RB160A",1.5768485069274902,1.0677601099014282,4
1JTG_A_B,"EA143A,WB162A",2.077467203140259,2.6104328632354736,4
1JTG_A_B,"VA78A,WB162A",4.229416370391846,1.6145763397216797,4
1JTG_A_B,"MA104A,YB53A",3.6092748641967773,3.2833919525146484,4
1JTG_A_B,"MA104A,YB50A",0.35808926820755005,3.770439386367798,4
1JTG_A_B,"MA104A,FB36A",3.631322145462036,3.9716739654541016,4
1JTG_A_B,"PA82A,HB41A",2.6529457569122314,2.3610124588012695,4
1JTG_A_B,"PA82A,YB50A",-0.6471605896949768,3.277287006378174,4
1JTG_A_B,"PA82A,YB53A",2.3889827728271484,2.860156536102295,4
1JTG_A_B,"VA190A,YB50A",-0.8855306506156921,2.786660671234131,4
1JTG_A_B,"EA85A,SB113A,SB71A",5.042290210723877,3.0181069374084473,4
1JTG_A_B,"EA85A,SB113A",4.565590858459473,1.9554692506790161,4
1JTG_A_B,"EA85A,SB71A",5.019353866577148,2.3523519039154053,4
1JTG_A_B,"SB71A,SB113A",0.45606809854507446,2.483949661254883,4
1JTG_A_B,"EA79A,SB113A",1.8645553588867188,3.0420632362365723,4
1JTG_A_B,"QA74A,WB112A",3.537736654281616,3.290620803833008,4
1JTG_A_B,"QA74A,WB162A",2.8912806510925293,2.5943984985351562,4
1JTG_A_B,"QA74A,KB74A",4.109651565551758,2.0332298278808594,4
1JTG_A_B,"QA74A,FB142A",2.819136619567871,2.5290894508361816,4
1JTG_A_B,"QA74A,DB49A",2.1983838081359863,2.6963348388671875,4
1JTG_A_B,"NA75A,WB112A",2.795217752456665,2.7951884269714355,4
1JTG_A_B,"NA75A,WB162A",2.102992057800293,1.2303180694580078,4
1JTG_A_B,"NA75A,RB160A",1.5768485069274902,1.0677601099014282,4
1JTG_A_B,"NA75A,KB74A",3.5118329524993896,0.8020840883255005,4
1JTG_A_B,"NA75A,FB142A",2.2936041355133057,2.2126169204711914,4
1JTG_A_B,"NA75A,DB49A",1.5768485069274902,1.887292742729187,4
1JTG_A_B,"VA78A,RB160A",4.349467754364014,1.079546570777893,4
1JTG_A_B,"VA78A,FB142A",4.516676902770996,2.5971994400024414,4
1JTG_A_B,"EA143A,WB112A",2.795217752456665,3.241755962371826,4
1JTG_A_B,"EA143A,WB150A",4.109651565551758,2.352898597717285,4
1JTG_A_B,"EA143A,RB160A",2.3189265727996826,1.7255271673202515,4
1JTG_A_B,"EA143A,KB74A",4.0619282722473145,0.9754888415336609,4
1JTG_A_B,"EA143A,FB142A",2.581045150756836,4.058670997619629,4
1JTG_A_B,"EA143A,DB49A",1.5050040483474731,2.0589072704315186,4
1JTG_A_B,"EA85A,YB50A",3.9671037197113037,2.364537477493286,4
1JTG_A_B,"MA104A,SB113A,SB71A",1.6727427244186401,2.176250457763672,4
1JTG_A_B,"VA190A,FB142A",2.1983838081359863,3.078493595123291,4
1JTG_A_B,"EA79A,SB113A,SB71A",2.581045150756836,2.822676658630371,4
1JTG_A_B,TB32K,0.19934363663196564,-0.18115204572677612,4
1JTG_A_B,VB93K,-0.4757164716720581,0.05423014238476753,4
1JTG_A_B,TB140K,-0.014392253942787647,0.20995710790157318,4
1JTG_A_B,NB89K,-0.4549265205860138,0.02581671066582203,4
1JTG_A_B,DB163A,-1.3409347534179688,1.1656981706619263,4
1JTG_A_B,DB163K,-1.982764482498169,0.8550043106079102,4
1JTG_A_B,"TB140K,QB157K",-0.396605521440506,0.4180469214916229,4
1JTG_A_B,"VB165K,DB163K,NB89K",-2.393420934677124,1.326774001121521,4
1JTG_A_B,"DB163K,DB135K,VB134K",-3.0551669597625732,1.3337515592575073,4
1JTG_A_B,"VB165K,DB163K,DB135K,NB89K",-3.36055588722229,1.9752663373947144,4
1JTG_A_B,KA86N,0.1809239685535431,0.5499039888381958,4
1JTG_A_B,RA214Y,-0.14287693798542023,0.25818586349487305,4
1JTG_A_B,PA82Q,0.46132421493530273,1.5190503597259521,4
1JTG_A_B,EA143G,-0.17043781280517578,0.8334233164787292,4
1JTG_A_B,EA85V,-0.6724210977554321,-0.19368362426757812,4
1JTG_A_B,EA85G,-0.9126397371292114,1.583518147468567,4
1JTG_A_B,EA146K,-0.6100000739097595,0.8595055937767029,4
1JTG_A_B,"EA85G,EA143G",-0.6100000739097595,2.578495740890503,4
1JTG_A_B,"EA85V,EA143G",-0.7422019243240356,0.5649446249008179,4
1JTG_A_B,EA213K,-0.4106564223766327,0.327997624874115,4
1H9D_A_B,RB2A,1.1621885299682617,0.3369942605495453,4
1H9D_A_B,VB3A,1.4024070501327515,-0.2779864966869354,4
1H9D_A_B,GB60A,2.077467203140259,0.3566364645957947,4
1H9D_A_B,QB66A,1.3641711473464966,0.18456818163394928,4
1H9D_A_B,LB93A,0.9402005672454834,1.3470350503921509,4
1H9D_A_B,NB94A,2.3043715953826904,1.4962559938430786,4
2G2U_A_B,EB31A,0.6508750319480896,0.904837429523468,4
2G2U_A_B,SB35A,-0.9508990049362183,1.0521299839019775,4
2G2U_A_B,FB36A,2.763950824737549,2.1933441162109375,4
2G2U_A_B,SB39A,-0.9561419486999512,0.693160355091095,4
2G2U_A_B,HB41A,1.7170486450195312,2.284013271331787,4
2G2U_A_B,GB48A,-0.42659780383110046,1.1587635278701782,4
2G2U_A_B,YB50A,-2.0757222175598145,3.203585386276245,4
2G2U_A_B,YB51A,-0.6287487745285034,2.6390018463134766,4
2G2U_A_B,YB53A,2.3017444610595703,1.8913120031356812,4
2G2U_A_B,SB71A,-0.5122073292732239,1.9099291563034058,4
2G2U_A_B,EB73A,-1.9794374704360962,2.0493340492248535,4
2G2U_A_B,KB74A,-0.21733520925045013,0.6332290172576904,4
2G2U_A_B,WB112A,0.9587345719337463,2.3226704597473145,4
2G2U_A_B,SB113A,-0.6123114824295044,1.380888819694519,4
2G2U_A_B,GB141A,-0.4138105809688568,-0.05879207327961922,4
2G2U_A_B,FB142A,0.2758272886276245,2.6194989681243896,4
2G2U_A_B,YB143A,-1.8472355604171753,1.5183931589126587,4
2G2U_A_B,RB144A,-0.3423922061920166,1.3954066038131714,4
2G2U_A_B,HB148A,1.118950605392456,1.658990740776062,4
2G2U_A_B,WB150A,1.7852216958999634,1.6066986322402954,4
2G2U_A_B,RB160A,0.6697938442230225,0.7265018224716187,4
2G2U_A_B,WB162A,0.5312100648880005,0.881759524345398,4
2G2U_A_B,"EB73A,YB50A",-2.452514886856079,3.0287420749664307,4
2G2U_A_B,"YB50A,YB143A",-2.0757222175598145,4.228366851806641,4
2G2U_A_B,"EB73A,YB143A",-1.8355034589767456,2.6684067249298096,4
2G2U_A_B,"WB112A,YB143A",-0.40960875153541565,4.1844377517700195,4
2G2U_A_B,"WB150A,YB143A",0.9891233444213867,2.909670829772949,4
2G2U_A_B,"EB73M,FB142W,YB143F",-1.1080924272537231,0.2516380846500397,4
2G2U_A_B,"EB73M,SB130K,FB142W,YB143F,SB146M",-2.9318337440490723,-0.5806257128715515,4
2G2U_A_B,"EB73M,SB130K,FB142W,YB143F",-2.016425609588623,0.31265848875045776,4
2G2U_A_B,"EB73M,YB143F",-1.5924550294876099,-0.029600640758872032,4
2G2U_A_B,EB73M,-3.5360348224639893,-0.4026293158531189,4
2G2U_A_B,SB130K,-1.4694386720657349,-0.6056718230247498,4
2G2U_A_B,"EB73M,SB130K",-2.809424638748169,-0.8711101412773132,4
2G2U_A_B,"EB73M,SB130K,SB146M",-3.5096993446350098,-1.8934653997421265,4
2G2U_A_B,DA79K,-0.4528871178627014,0.5167102813720703,4
1JTG_A_B,EA79A,1.8279184103012085,2.3457255363464355,4
1JTG_A_B,EA79D,3.6436209678649902,3.7635045051574707,4
1JTG_A_B,EA79K,2.238574743270874,3.441218614578247,4
1JTG_A_B,EB73M,0.5046222805976868,-1.0499554872512817,4
1JTG_A_B,"EB73M,KB74A",4.294496059417725,-0.16999058425426483,4
1JTG_A_B,"EB73M,FB142A",2.5326898097991943,0.9522604942321777,4
1JTG_A_B,"EB73M,KB74A,FB142A",4.556260585784912,1.513587236404419,4
1JTG_A_B,"EA79A,EB73M",1.8363221883773804,1.722222924232483,4
1JTG_A_B,"EA79A,EB73M,KB74A",2.0956978797912598,1.5310636758804321,4
1JTG_A_B,"EA79A,EB73M,FB142A",2.8455445766448975,3.1863696575164795,4
1JTG_A_B,"EA79A,EB73M,KB74A,FB142A",2.582089424133301,2.752746105194092,4
2G2U_A_B,DA79A,-1.5434516668319702,0.8931490182876587,4
2G2U_A_B,DA79E,-4.384282112121582,-3.030078411102295,4
2G2U_A_B,DA79K,-0.6709600687026978,0.5167102813720703,4
2G2U_A_B,EB73M,-2.4665775299072266,-0.4026293158531189,4
2G2U_A_B,"EB73M,KB74A",0.4730774760246277,0.44176143407821655,4
2G2U_A_B,"EB73M,FB142A",0.3220660388469696,1.6079438924789429,4
2G2U_A_B,"EB73M,KB74A,FB142A",1.4830588102340698,2.014890432357788,4
2G2U_A_B,"DA79A,EB73M",-2.1472480297088623,0.7454115152359009,4
2G2U_A_B,"DA79A,EB73M,KB74A",-1.5569682121276855,1.002697467803955,4
2G2U_A_B,"DA79A,EB73M,FB142A",-0.6917499899864197,1.685235619544983,4
2G2U_A_B,"DA79A,EB73M,KB74A,FB142A",-0.9873782992362976,1.6533100605010986,4
1A4Y_A_B,HB8A,0.9041150808334351,0.48308563232421875,4
1A4Y_A_B,QB12A,0.3002651035785675,0.6474959850311279,4
1A4Y_A_B,NB68A,0.11780958622694016,0.31298160552978516,4
1A4Y_A_B,EB108A,-0.32272469997406006,0.8403980731964111,4
1A4Y_A_B,YA434A,3.2620151042938232,5.352395057678223,4
1A4Y_A_B,DA435A,3.485543727874756,2.9616456031799316,4
1A4Y_A_B,YA437A,0.8363124132156372,2.73861026763916,4
1A4Y_A_B,"QA430A,VA432A",0.07221386581659317,0.6330590844154358,4
1A4Y_A_B,"WA438A,SA439A,EA440A",1.7856985330581665,1.5428798198699951,4
1A4Y_A_B,RA457A,-0.22398602962493896,0.2101035714149475,4
1A4Y_A_B,IA459A,0.6794324517250061,0.4981011748313904,4
1A4Y_A_B,HB84A,0.17043781280517578,0.6289263367652893,4
1A4Y_A_B,WB89A,0.2402186095714569,1.2603352069854736,4
1A4Y_A_B,WA261A,0.10065702348947525,1.3371680974960327,4
1A4Y_A_B,WA263A,1.171373963356018,2.485968589782715,4
1A4Y_A_B,EA287A,0.10065702348947525,1.204823613166809,4
1A4Y_A_B,SA289A,0.042336005717515945,0.6911019086837769,4
1A4Y_A_B,WA318A,1.5007452964782715,1.1990138292312622,4
1A4Y_A_B,KA320A,-0.30999940633773804,1.1497186422348022,4
1A4Y_A_B,EA344A,0.178609699010849,1.257697582244873,4
1A4Y_A_B,WA375A,1.0353621244430542,1.8662089109420776,4
1A4Y_A_B,EA401A,0.883733868598938,1.264889121055603,4
1A4Y_A_B,RB5A,2.309282064437866,0.349176824092865,4
1A4Y_A_B,RB32A,0.9102507829666138,0.6933031678199768,4
1A4Y_A_B,RB66A,0.20290906727313995,0.12314516305923462,4
1A4Y_A_B,RB70A,-0.23193243145942688,0.2930932641029358,4
1A4Y_A_B,RB31A,0.2505223751068115,0.8317461609840393,4
1A4Y_A_B,RB33A,0.3270741403102875,1.7554703950881958,4
1A4Y_A_B,KB40Q,4.252427577972412,1.3162909746170044,4
1A4Y_A_B,HB13A,-0.2966853082180023,2.217226028442383,4
1A4Y_A_B,HB114A,0.6568293571472168,1.4231537580490112,4
1A4Y_A_B,YA434F,0.557857871055603,0.6083325147628784,4
1A4Y_A_B,YA437F,0.2452607899904251,1.7286244630813599,4
1A4Y_A_B,"YA434A,DA435A",6.820855617523193,5.468776226043701,4
1A4Y_A_B,"YA434A,YA437A",6.645332336425781,6.451496124267578,4
1A4Y_A_B,"RB5A,YA434A",6.9797892570495605,4.69613790512085,4
1A4Y_A_B,"RB5A,DA435A",6.773434162139893,2.7856593132019043,4
1A4Y_A_B,"RB5A,YA434A,DA435A",10.1070556640625,5.21907377243042,4
1A4Y_A_B,"RB5A,YA434A,YA437A",8.531571388244629,6.252900123596191,4
1A4Y_A_B,KB40G,3.2368004322052,2.2993741035461426,4
1A4Y_A_B,"KB40G,YA434F",6.665417194366455,2.5159451961517334,4
1A4Y_A_B,"KB40G,DA435A",4.107512950897217,3.1942696571350098,4
1A4Y_A_B,"KB40G,YA437A",6.454104423522949,3.670199394226074,4
1A4Y_A_B,"KB40G,YA434A,DA435A",6.21388578414917,6.30032205581665,4
1A4Y_A_B,"KB40G,YA434A,YA437A",9.123151779174805,6.577117919921875,4
1BP3_A_B,"DA11A,MA14V,HA18Q,RA19H,FA25A,QA29K,EA33R",3.6053051948547363,1.0547441244125366,4
1BP3_A_B,"PA48A,TA50A,SA51A,LA52F",0.2461729496717453,-0.17203301191329956,4
1BP3_A_B,"SA57T,TA60A,SA62T,NA63G,RA64K,EA65D,TA67A,KA70R,NA72D,LA73V",2.299455165863037,1.5027300119400024,4
1BP3_A_B,"QA46H,NA47D,PA48S,QA49E,LA52F",0.2461729496717453,-0.5634267330169678,4
1BP3_A_B,"EA56D,RA64M",0.44551658630371094,0.9043228626251221,4
1BP3_A_B,"NA12R,MA14V,LA15V,RA16L,RA19Y",0.38309553265571594,0.9473006129264832,4
1BP3_A_B,"QA22N,FA25S,DA26E,QA29S,EA30Q,EA33K",1.6103440523147583,0.28665691614151,4
1BP3_A_B,"FA54H,SA55T,EA56S,IA58L,PA59A,SA62E,NA63D,RA64K,EA66Q,TA67A,KA70M,SA71N,NA72Q,LA73K,EA74D",0.3541897237300873,1.1698578596115112,4
1BP3_A_B,"EA88G,QA91Y,FA92H,RA94T,SA95E",0.20951473712921143,0.16287557780742645,4
1BP3_A_B,"FA97R,AA98G,NA99M,SA100Q,LA101D,VA102A,YA103P,GA104E",0.38309553265571594,0.9835556149482727,4
1BP3_A_B,"YA111V,LA113I,KA115E,DA116Q,EA118K,EA119R,RA120L,QA122E,TA123G,GA126L,RA127I,EA129S",-0.3929699659347534,1.4699491262435913,4
1BP3_A_B,FA10A,0.0,0.992595374584198,4
1BP3_A_B,NA12A,-0.2966853082180023,0.13433432579040527,4
1BP3_A_B,LA15A,0.0,0.07355239987373352,4
1BP3_A_B,RA16A,0.0,0.3265826106071472,4
1BP3_A_B,HA18A,2.9120941162109375,0.24993300437927246,4
1BP3_A_B,RA19A,0.0,0.11782050132751465,4
1BP3_A_B,HA21A,2.671875476837158,0.428588330745697,4
1BP3_A_B,FA25A,1.1502879858016968,0.7651655077934265,4
1BP3_A_B,DA26E,0.38309553265571594,-0.1122727245092392,4
1BP3_A_B,FA54A,0.20951473712921143,0.7387617230415344,4
1BP3_A_B,SA55A,0.2461729496717453,0.35883599519729614,4
1BP3_A_B,EA56A,-0.1188877522945404,0.4022090435028076,4
1BP3_A_B,SA57A,0.034860171377658844,0.13795016705989838,4
1BP3_A_B,IA58A,1.7291240692138672,0.2615378201007843,4
1BP3_A_B,PA59A,0.15681762993335724,0.1630859673023224,4
1BP3_A_B,SA62A,1.4157211780548096,0.28254055976867676,4
1BP3_A_B,NA63A,0.856173038482666,0.4142419099807739,4
1BP3_A_B,RA64A,0.3541897237300873,0.8838882446289062,4
1BP3_A_B,EA65A,0.5464380383491516,-0.34430956840515137,4
1BP3_A_B,EA66A,0.06778264045715332,0.02131643332540989,4
1BP3_A_B,QA68A,0.11397110670804977,0.19976352155208588,4
1BP3_A_B,QA69A,-0.21388307213783264,-0.13119423389434814,4
1BP3_A_B,KA70A,0.2461729496717453,0.5574697256088257,4
1BP3_A_B,SA71A,0.6138347387313843,0.15868505835533142,4
1BP3_A_B,LA73A,0.3541897237300873,-0.004482252057641745,4
1BP3_A_B,YA156A,0.20951473712921143,0.12487182021141052,4
1BP3_A_B,YA160A,0.44551658630371094,0.25023382902145386,4
1BP3_A_B,RA163A,3.928029775619507,0.8405282497406006,4
1BP3_A_B,KA164A,1.7281535863876343,0.30777570605278015,4
1BP3_A_B,DA167A,0.06778264045715332,0.9038794636726379,4
1BP3_A_B,KA168A,3.1905486583709717,1.2902705669403076,4
1BP3_A_B,EA170A,3.4931883811950684,-0.4380339980125427,4
1BP3_A_B,TA171S,0.4942387044429779,1.119926929473877,4
1BP3_A_B,FA172A,1.9106091260910034,1.2381373643875122,4
1BP3_A_B,RA174A,1.1502879858016968,1.3204270601272583,4
1BP3_A_B,IA175A,0.3541897237300873,0.4799951910972595,4
1BP3_A_B,IA175M,-0.1644834727048874,-0.06342392414808273,4
1BP3_A_B,VA176A,-0.2966853082180023,-0.08147634565830231,4
1BP3_A_B,QA177A,0.0,0.09851451218128204,4
1BP3_A_B,RA179A,0.5674740672111511,0.5680938959121704,4
1BP3_A_B,SA180A,-0.1188877522945404,0.13405388593673706,4
1BP3_A_B,VA181A,0.28069448471069336,0.45100530982017517,4
1BP3_A_B,EA182A,0.0,0.12889344990253448,4
1BP3_A_B,GA183A,0.0,0.039681363850831985,4
1BP3_A_B,SA184A,-0.2966853082180023,-0.03528253361582756,4
1BP3_A_B,HA18A,0.18667039275169373,0.24993300437927246,4
1BP3_A_B,HA21A,-0.17779755592346191,0.428588330745697,4
1BP3_A_B,IA58A,1.7856985330581665,0.2615378201007843,4
1BP3_A_B,RA163A,2.121842622756958,0.8405282497406006,4
1BP3_A_B,KA168A,2.022315502166748,1.2902705669403076,4
1BP3_A_B,EA170A,0.17043781280517578,-0.4380339980125427,4
1BP3_A_B,FA172A,1.945265293121338,1.2381373643875122,4
1BP3_A_B,"KA164A,EA170A",5.407962322235107,-0.2210766077041626,4
1BP3_A_B,"RA64A,DA167A",0.37862420082092285,1.8258382081985474,4
1BP3_A_B,"KA168A,FA172A",5.3548712730407715,2.3799233436584473,4
1JRH_LH_I,TI4V,-0.02557743899524212,0.3270319700241089,4
1JRH_LH_I,"TI9L,EI11K",-0.02557743899524212,0.13212822377681732,4
1JRH_LH_I,"MI15L,II18V",-0.21370169520378113,0.19504159688949585,4
1JRH_LH_I,"II25N,PI27S,VI29T,VI31I",0.14377030730247498,-0.0009508555522188544,4
1JRH_LH_I,EI35Q,0.09961305558681488,-0.36758676171302795,4
1JRH_LH_I,"AI49S,II51T,HI55D",0.07070722430944443,-0.6154864430427551,4
1JRH_LH_I,"SI61Y,DI62E,HI63Q,VI64I,GI65M,DI66Y,SI68D,NI69V,LI71A",2.9601571559906006,0.0964982733130455,4
1JRH_LH_I,"VI73A,RI78K",-0.21370169520378113,0.6964366436004639,4
1JRH_LH_I,"AI85D,KI88R,EI90K",-0.04776924476027489,0.12660221755504608,4
1JRH_LH_I,"AI93L,VI94M",0.6339466571807861,0.09574506431818008,4
1JRH_LH_I,EL27A,0.5428582429885864,0.3391830027103424,4
1JRH_LH_I,DL28A,0.43484148383140564,1.7426625490188599,4
1JRH_LH_I,YL30A,1.1089528799057007,0.41248074173927307,4
1JRH_LH_I,YL91A,0.5810942649841309,1.8820667266845703,4
1JRH_LH_I,WL92A,2.819669008255005,0.4015442430973053,4
1JRH_LH_I,SL93A,-0.6508750319480896,0.6779483556747437,4
1JRH_LH_I,TL94A,0.3854418992996216,1.0269272327423096,4
1JRH_LH_I,WL95A,1.6668107509613037,1.6632016897201538,4
1JRH_LH_I,YH32A,1.4339518547058105,0.46385183930397034,4
1JRH_LH_I,WH54A,2.687467336654663,1.049971103668213,4
1JRH_LH_I,WH55A,2.4224019050598145,0.5805773138999939,4
1JRH_LH_I,DH56A,1.88694429397583,0.6082563400268555,4
1JRH_LH_I,DH57A,1.6668107509613037,0.21310119330883026,4
1JRH_LH_I,DH58A,1.85547935962677,0.8064578771591187,4
1JRH_LH_I,YH60A,1.2561542987823486,1.977873682975769,4
1JRH_LH_I,RH100A,0.5428582429885864,1.8015599250793457,4
1JRH_LH_I,FH103A,0.0,0.36382174491882324,4
1JRH_LH_I,YH104A,1.0615314245224,0.1719742864370346,4
1JRH_LH_I,HH107A,1.698531150817871,1.6074321269989014,4
1JRH_LH_I,"EI45P,II47R",-3.441638231277466,-0.0015957331052049994,4
1JRH_LH_I,"SI44G,EI45G,II47R",-3.3792171478271484,0.4853087067604065,4
1JRH_LH_I,"EI45P,II47L",-3.4583282470703125,0.16538821160793304,4
1JRH_LH_I,"SI44G,EI45P,II47K",-3.8861582279205322,0.16662783920764923,4
1JRH_LH_I,EI45P,-3.7898736000061035,0.06600243598222733,4
1JRH_LH_I,KI37A,3.578756809234619,1.1416758298873901,4
1JRH_LH_I,KI37M,3.2938034534454346,0.41871994733810425,4
1JRH_LH_I,NI38A,-0.2931166887283325,-0.20062723755836487,4
1JRH_LH_I,NI38Q,0.3635777235031128,-0.7549578547477722,4
1JRH_LH_I,YI39A,3.4007632732391357,1.5798439979553223,4
1JRH_LH_I,YI39F,0.7907074689865112,0.9279055595397949,4
1JRH_LH_I,GI40A,4.527354717254639,0.2402019202709198,4
1JRH_LH_I,VI41A,1.8835296630859375,0.5294067859649658,4
1JRH_LH_I,KI42A,2.9847934246063232,1.2283662557601929,4
1JRH_LH_I,KI42M,4.913825988769531,0.6543496251106262,4
1JRH_LH_I,NI43A,3.8939919471740723,0.8089666962623596,4
1JRH_LH_I,SI44A,0.29768186807632446,0.15596988797187805,4
1JRH_LH_I,EI45A,-0.43501293659210205,0.1901344209909439,4
1JRH_LH_I,WI46F,-0.657078742980957,0.7361796498298645,4
1JRH_LH_I,WI46Y,0.016232576221227646,0.19851712882518768,4
1JRH_LH_I,NI69A,-0.39924708008766174,0.46838223934173584,4
1JRH_LH_I,WI72A,4.529326438903809,1.4071539640426636,4
1JRH_LH_I,WI72F,1.1089528799057007,0.8409327268600464,4
1JRH_LH_I,WI72Y,1.135563611984253,0.18621858954429626,4
1JRH_LH_I,RI74A,-0.24642235040664673,0.9470548629760742,4
1JRH_LH_I,KI88A,-0.042640842497348785,1.4132291078567505,4
1JRH_LH_I,KI37A,3.852294683456421,1.1416758298873901,4
1JRH_LH_I,NI38A,0.6341851353645325,-0.20062723755836487,4
1JRH_LH_I,NI38Q,0.7058437466621399,-0.7549578547477722,4
1JRH_LH_I,YI39A,3.656642436981201,1.5798439979553223,4
1JRH_LH_I,YI39F,1.0276678800582886,0.9279055595397949,4
1JRH_LH_I,GI40A,4.3771071434021,0.2402019202709198,4
1JRH_LH_I,VI41A,1.4762879610061646,0.5294067859649658,4
1JRH_LH_I,KI42A,3.7898736000061035,1.2283662557601929,4
1JRH_LH_I,NI43A,4.709524631500244,0.8089666962623596,4
1JRH_LH_I,SI44A,0.45807787775993347,0.15596988797187805,4
1JRH_LH_I,EI45A,-0.6970635056495667,0.1901344209909439,4
1JRH_LH_I,WI46F,0.15162824094295502,0.7361796498298645,4
1JRH_LH_I,WI46Y,0.5810942649841309,0.19851712882518768,4
1JRH_LH_I,NI69A,0.0,0.46838223934173584,4
1JRH_LH_I,WI72A,4.3327317237854,1.4071539640426636,4
1JRH_LH_I,WI72F,1.0974485874176025,0.8409327268600464,4
1JRH_LH_I,WI72Y,1.2411547899246216,0.18621858954429626,4
1JRH_LH_I,RI74A,1.032008171081543,0.9470548629760742,4
1JRH_LH_I,KI88A,0.6671075820922852,1.4132291078567505,4
1FY8_E_I,DE168N,0.17043781280517578,0.8786858320236206,4
1FY8_E_I,QE128K,1.171373963356018,0.9100381135940552,4
3TGK_E_I,NE170D,-0.17043781280517578,-1.07793128490448,4
3BTD_E_I,DI13K,-11.502717971801758,-10.605437278747559,4
3BTE_E_I,EI13K,-9.424007415771484,-8.662123680114746,4
2SGP_E_I,PI13L,-8.445844650268555,-6.527829170227051,4
2J1K_C_T,RC155A,0.051550064235925674,0.14323315024375916,4
2J1K_C_T,GC10D,0.1837518960237503,-0.285890132188797,4
2J1K_C_T,RC24A,0.76484614610672,2.1188740730285645,4
5F4E_A_B,EA50A,0.2884120047092438,0.5634718537330627,4
5F4E_A_B,EA50K,0.41565605998039246,0.42071831226348877,4
5F4E_A_B,DA51A,0.10968799889087677,0.12476931512355804,4
5F4E_A_B,QA109A,-0.03091755323112011,1.5397487878799438,4
5F4E_A_B,HA136A,2.025003433227539,1.0060418844223022,4
5F4E_A_B,RA139A,1.4903171062469482,1.9738444089889526,4
5F4E_A_B,RA139E,2.1438913345336914,2.0553975105285645,4
5F4E_A_B,EB26A,1.4491522312164307,0.36933213472366333,4
5F4E_A_B,EB26K,2.2867681980133057,0.07228202372789383,4
5F4E_A_B,WB43A,1.0731322765350342,1.3340553045272827,4
5F4E_A_B,LB62A,2.985064744949341,1.228394865989685,4
5F4E_A_B,KB139A,0.29455143213272095,-0.11693567037582397,4
5F4E_A_B,KB139E,0.4859897494316101,0.15461067855358124,4
3SF4_A_D,RA202E,2.365107297897339,0.28280797600746155,4
3SF4_A_D,NA264R,1.2257654666900635,1.0004695653915405,4
3SF4_A_D,WD8A,3.0738284587860107,2.1481335163116455,4
3SF4_A_D,ED19R,1.9264557361602783,0.4385351538658142,4
3SF4_A_D,KD27D,0.4106564223766327,1.5169843435287476,4
4G2V_A_B,RA198E,2.2370340824127197,0.1114467978477478,4
4G2V_A_B,NA260R,0.22198787331581116,1.0135427713394165,4
4G2V_A_B,"RA198E,NA260R",2.2844555377960205,0.27483275532722473,4
4WND_A_B,RA201E,2.7958486080169678,0.32486239075660706,4
4WND_A_B,NA263R,-0.020789921283721924,0.8973218202590942,4
4WND_A_B,"RA201E,NA263R",3.8573801517486572,0.26552361249923706,4
2VLR_ABC_DE,AE95S,0.035205524414777756,-0.682457685470581,4
1OGA_ABC_DE,DE28A,1.5732008218765259,2.573896646499634,4
1OGA_ABC_DE,DE28S,2.162247657775879,2.036726474761963,4
1OGA_ABC_DE,QE48A,2.162247657775879,1.1529966592788696,4
1OGA_ABC_DE,QE48E,2.162247657775879,-0.4945667088031769,4
1OGA_ABC_DE,IE49A,2.162247657775879,0.6834883689880371,4
1OGA_ABC_DE,IE49G,2.162247657775879,0.022267984226346016,4
1OGA_ABC_DE,IE49N,2.162247657775879,0.09293627738952637,4
1OGA_ABC_DE,IE49V,0.20096902549266815,0.2643647789955139,4
1OGA_ABC_DE,IE49L,1.418562650680542,-0.031120767816901207,4
1OGA_ABC_DE,NE51A,1.129621982574463,1.159234642982483,4
1OGA_ABC_DE,NE51D,0.49543678760528564,0.37407052516937256,4
1OGA_ABC_DE,DE52A,0.13220183551311493,1.335877776145935,4
1OGA_ABC_DE,QE54A,0.49543678760528564,1.1160491704940796,4
1OGA_ABC_DE,QE54E,0.0,-0.26632368564605713,4
1OGA_ABC_DE,RE94A,2.162247657775879,2.6505260467529297,4
1OGA_ABC_DE,RE94H,2.162247657775879,2.2991485595703125,4
1OGA_ABC_DE,SE95A,-0.035205524414777756,1.7831658124923706,4
1OGA_ABC_DE,YE97A,0.2325739562511444,1.234937071800232,4
1OGA_ABC_DE,YE97F,0.49543678760528564,-0.061523523181676865,4
1OGA_ABC_DE,SD29A,0.6276386380195618,0.6903061270713806,4
1OGA_ABC_DE,SD30A,1.038295030593872,0.2759643793106079,4
1OGA_ABC_DE,QD32A,0.9758740067481995,0.8669136762619019,4
2VLR_ABC_DE,AE95S,0.0,-0.682457685470581,4
1OGA_ABC_DE,IE49V,0.20047320425510406,0.2643647789955139,4
1OGA_ABC_DE,NE51A,1.100896954536438,1.159234642982483,4
1OGA_ABC_DE,DE52A,0.10062168538570404,1.335877776145935,4
1OGA_ABC_DE,QE54A,0.5006897449493408,1.1160491704940796,4
1OGA_ABC_DE,QE54E,0.0,-0.26632368564605713,4
1OGA_ABC_DE,SE95A,0.0,1.7831658124923706,4
1OGA_ABC_DE,YE97A,0.20047320425510406,1.234937071800232,4
1OGA_ABC_DE,YE97F,0.5006897449493408,-0.061523523181676865,4
1OGA_ABC_DE,SD30A,1.001283884048462,0.2759643793106079,4
1OGA_ABC_DE,QD32A,1.001283884048462,0.8669136762619019,4
2P5E_ABC_DE,"TD52P,PD53F,AE49S,IE50V,QE51G,TE52M,LD96T,LD97S,DD98G,TD100S,LE94V",1.962705135345459,2.085524082183838,4
2P5E_ABC_DE,"TD52Q,PD53S,WD54S,AE49G,IE50A,QE51G",4.409873008728027,3.954218864440918,4
2P5E_ABC_DE,"TD52Q,PD53S,WD54S,AE49G,IE50A,QE51G,TE52I,LD96T,LD97S,DD98G,TD100S,LE94V",7.9558820724487305,3.5655808448791504,4
2P5E_ABC_DE,"YD32D,TD52Q,PD53S,WD54S,AE49G,IE50A,QE51G,TE52I,LD96T,LD97S,DD98G,TD100S,LE94V",7.778084754943848,4.021731376647949,4
2P5E_ABC_DE,YD32D,7.607646942138672,2.8981428146362305,4
3QDJ_ABC_DE,DD26W,-2.1718637943267822,-1.3955624103546143,4
3QDJ_ABC_DE,DD26Y,-1.3372368812561035,-1.4171335697174072,4
3QDJ_ABC_DE,RD27W,0.21679848432540894,0.4202384054660797,4
3QDJ_ABC_DE,LE95W,-0.8076926469802856,-0.5260810256004333,4
3QDJ_ABC_DE,FE97W,0.38962042331695557,0.7782884836196899,4
3QDJ_ABC_DE,TE99F,-0.27570536732673645,0.4402633607387543,4
3QDJ_ABC_DE,GD28I,-0.10526756942272186,0.7151771783828735,4
3QDJ_ABC_DE,GD28L,0.6554499864578247,1.148563265800476,4
3QDJ_ABC_DE,GD28Y,0.5564784407615662,1.1031721830368042,4
3QDJ_ABC_DE,RD27P,0.03995572030544281,-0.027712291106581688,4
3QDJ_ABC_DE,GD28P,1.2250399589538574,1.0973843336105347,4
3QDJ_ABC_DE,AE52P,0.20716489851474762,-0.12685909867286682,4
3QDJ_ABC_DE,GD28N,0.4106564223766327,0.816523015499115,4
3QDJ_ABC_DE,FE97Y,0.7784663438796997,1.0743893384933472,4
3QDJ_ABC_DE,"DD26W,LE95W",-2.5309700965881348,-3.2423810958862305,4
3QDJ_ABC_DE,"DD26Y,LE95W",-1.9139586687088013,-3.1899919509887695,4
1AO7_ABC_DE,DD26A,0.9790003895759583,0.8861127495765686,4
1AO7_ABC_DE,EA58A,-0.7198425531387329,0.4294945299625397,4
1AO7_ABC_DE,"DD26A,EA58A",0.749596118927002,1.205302357673645,4
1AO7_ABC_DE,RD27A,0.5465116500854492,0.563012957572937,4
1AO7_ABC_DE,RD27A,0.4344104528427124,0.563012957572937,4
1AO7_ABC_DE,RA170A,-0.26356273889541626,0.7185429334640503,4
1AO7_ABC_DE,"RD27A,RA170A",1.1865081787109375,1.6673561334609985,4
1AO7_ABC_DE,QD30L,1.8337008953094482,-0.42203623056411743,4
1AO7_ABC_DE,LC1A,0.701011061668396,1.0361524820327759,4
1AO7_ABC_DE,"QD30L,LC1A",2.7626969814300537,1.2197140455245972,4
1AO7_ABC_DE,QD30L,1.5372130870819092,-0.42203623056411743,4
1AO7_ABC_DE,LC1A,1.4165904521942139,1.0361524820327759,4
1AO7_ABC_DE,"QD30L,LC1A",3.0241568088531494,1.2197140455245972,4
1AO7_ABC_DE,QD30V,-0.166723370552063,-0.1469387412071228,4
1AO7_ABC_DE,LC1A,0.6994990706443787,1.0361524820327759,4
1AO7_ABC_DE,"QD30V,LC1A",0.7237116098403931,1.6514135599136353,4
1AO7_ABC_DE,QD30V,-0.01751217059791088,-0.1469387412071228,4
1AO7_ABC_DE,YA159A,3.245335340499878,1.8689353466033936,4
1AO7_ABC_DE,"QD30V,YA159A",3.3302760124206543,0.6382272243499756,4
1AO7_ABC_DE,"EA63Q,QD30V",-0.006822939030826092,-0.23801608383655548,4
1AO7_ABC_DE,"EA63Q,KA66A",1.3316361904144287,1.3294306993484497,4
1AO7_ABC_DE,"EA63Q,QD30V,KA66A",1.8550679683685303,0.4948593080043793,4
1AO7_ABC_DE,SD31A,1.0230309963226318,1.393660306930542,4
1AO7_ABC_DE,YC5A,1.532821774482727,2.5024688243865967,4
1AO7_ABC_DE,"SD31A,YC5A",1.70949125289917,3.3162741661071777,4
1AO7_ABC_DE,SD31A,0.9827497601509094,1.393660306930542,4
1AO7_ABC_DE,YC5F,-0.12532611191272736,0.1240386813879013,4
1AO7_ABC_DE,"SD31A,YC5F",-0.04054573178291321,1.817615270614624,4
1AO7_ABC_DE,YD50A,0.4984462559223175,0.9413416981697083,4
1AO7_ABC_DE,QA155A,0.4116840958595276,0.16542892158031464,4
1AO7_ABC_DE,"YD50A,QA155A",0.27613577246665955,0.5706862211227417,4
1AO7_ABC_DE,YD50A,0.48383235931396484,0.9413416981697083,4
1AO7_ABC_DE,QA155A,-0.10445237159729004,0.16542892158031464,4
1AO7_ABC_DE,"YD50A,QA155A",-0.11211679875850677,0.5706862211227417,4
1AO7_ABC_DE,ND52A,0.3549194037914276,-0.22177937626838684,4
1AO7_ABC_DE,EA166A,3.86672043800354,1.7316893339157104,4
1AO7_ABC_DE,"ND52A,EA166A",3.1431562900543213,0.7303796410560608,4
1AO7_ABC_DE,KD66A,1.292189598083496,-0.5829775333404541,4
1AO7_ABC_DE,TA163A,0.48929646611213684,0.5417062044143677,4
1AO7_ABC_DE,"KD66A,TA163A",0.9781012535095215,-1.3532179594039917,4
1AO7_ABC_DE,KD66A,1.1308817863464355,-0.5829775333404541,4
1AO7_ABC_DE,EA166A,2.6047894954681396,1.7316893339157104,4
1AO7_ABC_DE,"KD66A,EA166A",3.0337634086608887,1.0536302328109741,4
1AO7_ABC_DE,TD91A,0.9576147198677063,0.7682231664657593,4
1AO7_ABC_DE,YC5A,1.7602497339248657,2.5024688243865967,4
1AO7_ABC_DE,"TD91A,YC5A",3.0309817790985107,2.3161678314208984,4
1AO7_ABC_DE,TD92A,1.9466557502746582,0.7187986373901367,4
1AO7_ABC_DE,RA65A,3.229688882827759,2.770901918411255,4
1AO7_ABC_DE,"TD92A,RA65A",2.423471212387085,1.8100817203521729,4
1AO7_ABC_DE,DD93N,2.4595212936401367,0.4309965968132019,4
1AO7_ABC_DE,RA65A,3.107842445373535,2.770901918411255,4
1AO7_ABC_DE,"DD93N,RA65A",3.084350109100342,0.8640623092651367,4
1AO7_ABC_DE,SD94A,-0.47518959641456604,1.1513041257858276,4
1AO7_ABC_DE,YC5A,1.633864164352417,2.5024688243865967,4
1AO7_ABC_DE,"SD94A,YC5A",1.8610118627548218,2.6754884719848633,4
1AO7_ABC_DE,WD95A,2.224470615386963,1.5075818300247192,4
1AO7_ABC_DE,AA69G,1.1818314790725708,0.09460768103599548,4
1AO7_ABC_DE,"WD95A,AA69G",2.905458688735962,2.300337314605713,4
1AO7_ABC_DE,EE28A,2.022149085998535,2.8209826946258545,4
1AO7_ABC_DE,YC8A,3.1675331592559814,3.05674409866333,4
1AO7_ABC_DE,"EE28A,YC8A",3.425438165664673,3.849703788757324,4
1AO7_ABC_DE,RE92A,0.45314955711364746,1.2656069993972778,4
1AO7_ABC_DE,YC5A,1.6349810361862183,2.5024688243865967,4
1AO7_ABC_DE,"RE92A,YC5A",2.019083261489868,2.2772023677825928,4
1AO7_ABC_DE,RE92A,0.20430143177509308,1.2656069993972778,4
1AO7_ABC_DE,YC5A,1.2211077213287354,2.5024688243865967,4
1AO7_ABC_DE,"RE92A,YC5A",1.0463039875030518,2.2772023677825928,4
1AO7_ABC_DE,RE92A,0.48315757513046265,1.2656069993972778,4
1AO7_ABC_DE,YC5A,1.562010407447815,2.5024688243865967,4
1AO7_ABC_DE,"RE92A,YC5A",1.7197613716125488,2.2772023677825928,4
1AO7_ABC_DE,RE92A,0.4193563163280487,1.2656069993972778,4
1AO7_ABC_DE,YC5F,0.1695607602596283,0.1240386813879013,4
1AO7_ABC_DE,"RE92A,YC5F",0.6059800386428833,0.7839998006820679,4
1AO7_ABC_DE,PE100A,1.149296522140503,1.3847955465316772,4
1AO7_ABC_DE,YC5A,1.746180534362793,2.5024688243865967,4
1AO7_ABC_DE,"PE100A,YC5A",2.406045913696289,3.1815290451049805,4
1AO7_ABC_DE,PE100A,1.124916672706604,1.3847955465316772,4
1AO7_ABC_DE,YC5A,1.3831615447998047,2.5024688243865967,4
1AO7_ABC_DE,"PE100A,YC5A",1.9248974323272705,3.1815290451049805,4
1AO7_ABC_DE,PE100A,1.1977499723434448,1.3847955465316772,4
1AO7_ABC_DE,YC5A,1.6319506168365479,2.5024688243865967,4
1AO7_ABC_DE,"PE100A,YC5A",2.4474644660949707,3.1815290451049805,4
1AO7_ABC_DE,PE100A,1.159019112586975,1.3847955465316772,4
1AO7_ABC_DE,QA155A,0.4208890199661255,0.16542892158031464,4
1AO7_ABC_DE,"PE100A,QA155A",0.9303608536720276,1.185628890991211,4
1AO7_ABC_DE,DD93A,0.7796263694763184,1.2721420526504517,4
1AO7_ABC_DE,QA72A,0.35666170716285706,0.3440333604812622,4
1AO7_ABC_DE,"DD93A,QA72A",1.0608429908752441,1.249743103981018,4
1AO7_ABC_DE,RE99A,0.0646953359246254,0.34688636660575867,4
1AO7_ABC_DE,YC5A,1.745092511177063,2.5024688243865967,4
1AO7_ABC_DE,"RE99A,YC5A",1.8859434127807617,2.481480598449707,4
1AO7_ABC_DE,AE96M,-0.3088434040546417,-0.9269891977310181,4
1AO7_ABC_DE,GE97S,-0.34087562561035156,-0.23275506496429443,4
1AO7_ABC_DE,"GE97S,GE98A,RE99E",-3.454111337661743,-0.5399720668792725,4
1AO7_ABC_DE,"AE96M,GE97S,GE98A,RE99E",-3.9038448333740234,-0.8609395027160645,4
1AO7_ABC_DE,"AE96M,GE97S,GE98A",-3.549654960632324,-0.9307278990745544,4
1AO7_ABC_DE,"AE96M,GE97S,GE98A,RE99Q",-3.9603114128112793,-0.8133713006973267,4
1AO7_ABC_DE,YC5F,0.17043781280517578,0.1240386813879013,4
4JFF_ABC_DE,EC1A,7.32283878326416,1.5406402349472046,4
4JFF_ABC_DE,GC4A,6.518215656280518,1.1697806119918823,4
4JFF_ABC_DE,GC6A,6.595266342163086,1.6011892557144165,4
4JFF_ABC_DE,IC7A,6.429625511169434,5.936342239379883,4
4JFF_ABC_DE,LC8A,6.198886394500732,1.551042079925537,4
4JFF_ABC_DE,TC9A,6.534448623657227,1.4059242010116577,4
4JFD_ABC_DE,AC4G,-6.518215656280518,1.2885698080062866,4
4JFD_ABC_DE,"AC4G,EC1A",0.8046229481697083,2.4308571815490723,4
4JFD_ABC_DE,"AC4G,GC6A",0.07705023139715195,2.601585865020752,4
4JFD_ABC_DE,"AC4G,IC7A",-0.08859037607908249,2.1941943168640137,4
4JFD_ABC_DE,"AC4G,LC8A",-0.31932955980300903,2.63053822517395,4
4JFD_ABC_DE,"AC4G,TC9A",0.016232576221227646,1.3676228523254395,4
3QDJ_ABC_DE,AC2L,2.299999237060547,-1.3488950729370117,4
1AO7_ABC_DE,AA150P,1.0039665699005127,-0.3888310194015503,4
2E7L_EQ_AD,FQ5R,3.059887647628784,2.6275434494018555,4
1AO7_ABC_DE,YC5F,0.13273294270038605,0.1240386813879013,4
1AO7_ABC_DE,YC5A,1.5963654518127441,2.5024688243865967,4
1AO7_ABC_DE,YC5W,0.8890236616134644,1.164169192314148,4
1AO7_ABC_DE,SD31A,0.5326756834983826,1.393660306930542,4
2JCC_ABC_EF,AA167W,-0.29880499839782715,-0.1611955463886261,4
1AO7_ABC_DE,"EA63Q,KA66A",0.929108202457428,1.3294306993484497,4
1AO7_ABC_DE,KA66A,2.9348535537719727,1.5030049085617065,4
1AO7_ABC_DE,VC7R,1.225422739982605,1.843314528465271,4
2AK4_ABC_DE,TD30A,-0.1266832798719406,0.8969240784645081,4
2AK4_ABC_DE,YD32A,0.09897152334451675,2.4372150897979736,4
2AK4_ABC_DE,ND51A,1.4039890766143799,0.06055515259504318,4
2AK4_ABC_DE,SD94A,1.4039890766143799,0.2657304108142853,4
2AK4_ABC_DE,YD97A,1.4039890766143799,2.119110584259033,4
2AK4_ABC_DE,ND98A,1.4039890766143799,0.9561675786972046,4
2AK4_ABC_DE,NE26A,0.20877279341220856,0.41576021909713745,4
2AK4_ABC_DE,NE28A,0.822894811630249,0.5588259696960449,4
2AK4_ABC_DE,SE29G,1.4039890766143799,-0.023427380248904228,4
2AK4_ABC_DE,SE49A,-0.3143717646598816,0.22918175160884857,4
2AK4_ABC_DE,NE63A,-0.04268813133239746,0.10363524407148361,4
2AK4_ABC_DE,LE94A,0.8384865522384644,1.9961836338043213,4
2AK4_ABC_DE,EE97A,0.04863874614238739,0.5648065805435181,4
2AK4_ABC_DE,QA65A,-0.2579050660133362,0.5508117079734802,4
2AK4_ABC_DE,TA69A,-0.34193262457847595,0.7320212125778198,4
2AK4_ABC_DE,QA72A,0.23916159570217133,0.08337059617042542,4
2AK4_ABC_DE,RA151A,1.3673309087753296,0.7805914878845215,4
2AK4_ABC_DE,EA154A,0.2349146157503128,0.44788527488708496,4
2AK4_ABC_DE,QA155A,0.929593563079834,0.87432861328125,4
2AK4_ABC_DE,RA157A,1.4039890766143799,0.4739401340484619,4
2AK4_ABC_DE,AA158G,0.873588502407074,1.0162203311920166,4
2AK4_ABC_DE,EA161A,0.4651035666465759,0.4094908833503723,4
2AK4_ABC_DE,LA163A,0.14038239419460297,0.13033688068389893,4
2AK4_ABC_DE,PC4A,1.0963916778564453,1.7154823541641235,4
2AK4_ABC_DE,LC5A,1.4039890766143799,1.0744284391403198,4
2AK4_ABC_DE,PC6A,1.4039890766143799,1.9560973644256592,4
2AK4_ABC_DE,QC7A,1.4039890766143799,1.4861572980880737,4
2AK4_ABC_DE,QC9A,0.06589584797620773,0.6941018104553223,4
2AK4_ABC_DE,LC10A,0.513635516166687,2.6685538291931152,4
1AO7_ABC_DE,RA65A,2.6809208393096924,2.770901918411255,4
1AO7_ABC_DE,KA66A,1.7908841371536255,1.5030049085617065,4
1AO7_ABC_DE,AA69G,1.3958605527877808,0.09460768103599548,4
1AO7_ABC_DE,TA163A,0.7261759638786316,0.5417062044143677,4
1AO7_ABC_DE,EA166A,0.8771873712539673,1.7316893339157104,4
1AO7_ABC_DE,WA167A,1.2002081871032715,0.7618415355682373,4
1AO7_ABC_DE,QA43A,0.028905829414725304,0.0964536964893341,4
1AO7_ABC_DE,EA55A,0.8556438088417053,0.45880642533302307,4
1AO7_ABC_DE,EA58A,-0.2552182078361511,0.4294945299625397,4
1AO7_ABC_DE,DA61A,0.3795585036277771,0.09172181785106659,4
1AO7_ABC_DE,EA63A,0.1585373729467392,0.20517976582050323,4
1AO7_ABC_DE,TA64A,-0.07604122906923294,0.1567998230457306,4
1AO7_ABC_DE,RA65A,3.155595064163208,2.770901918411255,4
1AO7_ABC_DE,KA66A,3.155595064163208,1.5030049085617065,4
1AO7_ABC_DE,VA67A,-0.5582032203674316,-0.013950911350548267,4
1AO7_ABC_DE,KA68A,0.19354471564292908,0.4677969217300415,4
1AO7_ABC_DE,AA69G,1.522708535194397,0.09460768103599548,4
1AO7_ABC_DE,HA70A,3.155595064163208,0.7899436950683594,4
1AO7_ABC_DE,QA72A,0.017250660806894302,0.3440333604812622,4
1AO7_ABC_DE,TA73A,0.7666946649551392,0.27007436752319336,4
1AO7_ABC_DE,HA74A,1.6043896675109863,0.5887306928634644,4
1AO7_ABC_DE,RA75A,0.5347237586975098,0.5348734855651855,4
1AO7_ABC_DE,VA76A,0.5968717336654663,-0.27682989835739136,4
1AO7_ABC_DE,TA80A,0.07573513686656952,0.548611581325531,4
1AO7_ABC_DE,KA146A,0.46220648288726807,0.5205815434455872,4
1AO7_ABC_DE,AA149G,-0.1544964462518692,0.14765037596225739,4
1AO7_ABC_DE,AA150G,0.06194959208369255,0.49139049649238586,4
1AO7_ABC_DE,HA151A,-0.3026396632194519,0.31233978271484375,4
1AO7_ABC_DE,VA152A,-0.1942489743232727,1.4715297222137451,4
1AO7_ABC_DE,EA154A,0.3615494668483734,0.18288525938987732,4
1AO7_ABC_DE,QA155A,0.19838109612464905,0.16542892158031464,4
1AO7_ABC_DE,AA158G,0.3119908273220062,0.11417195945978165,4
1AO7_ABC_DE,TA163A,0.5292381048202515,0.5417062044143677,4
1AO7_ABC_DE,EA166A,1.4516383409500122,1.7316893339157104,4
1AO7_ABC_DE,WA167A,1.426120638847351,0.7618415355682373,4
1AO7_ABC_DE,RA170A,0.11025666445493698,0.7185429334640503,4
1OGA_ABC_DE,QA43A,-0.023952234536409378,0.11029481887817383,4
1OGA_ABC_DE,EA58A,0.11265619844198227,0.3915403187274933,4
1OGA_ABC_DE,DA61A,0.11817597597837448,0.15379780530929565,4
1OGA_ABC_DE,EA63A,-0.018160870298743248,0.5413883924484253,4
1OGA_ABC_DE,TA64A,0.18642865121364594,0.5607650279998779,4
1OGA_ABC_DE,RA65A,-0.3654748499393463,1.3013395071029663,4
1OGA_ABC_DE,KA66A,-0.023952234536409378,2.5106966495513916,4
1OGA_ABC_DE,VA67A,-0.13922981917858124,0.17174094915390015,4
1OGA_ABC_DE,KA68A,0.24835985898971558,-0.04429767653346062,4
1OGA_ABC_DE,AA69G,0.4271910488605499,0.9270135760307312,4
1OGA_ABC_DE,HA70A,0.5177409052848816,1.8041054010391235,4
1OGA_ABC_DE,QA72A,-0.4595701992511749,-0.16105273365974426,4
1OGA_ABC_DE,TA73A,0.8486196398735046,1.2682150602340698,4
1OGA_ABC_DE,HA74A,0.6043843626976013,1.2676130533218384,4
1OGA_ABC_DE,RA75A,0.7110561728477478,0.29519981145858765,4
1OGA_ABC_DE,VA76A,0.8721638321876526,1.0069501399993896,4
1OGA_ABC_DE,TA80A,0.19533786177635193,0.5611494779586792,4
1OGA_ABC_DE,KA146A,1.9311250448226929,1.1023114919662476,4
1OGA_ABC_DE,AA149G,0.12273682653903961,0.24534866213798523,4
1OGA_ABC_DE,AA150G,0.448542982339859,0.08126047253608704,4
1OGA_ABC_DE,HA151A,0.0,0.6815782785415649,4
1OGA_ABC_DE,VA152A,1.3936090469360352,1.1130603551864624,4
1OGA_ABC_DE,EA154A,0.6123905777931213,0.9176589250564575,4
1OGA_ABC_DE,QA155A,0.48906829953193665,1.0342971086502075,4
1OGA_ABC_DE,AA158G,0.13264881074428558,-0.06341864168643951,4
1OGA_ABC_DE,TA163A,0.3215610086917877,0.3894858658313751,4
4MNQ_ABC_DE,"IE49V,HE50G,PE51A,EE52G,YE53I,AD93S,LD94G,PD95T,GD97K",5.821152210235596,0.8873769640922546,4
4MNQ_ABC_DE,"AD93S,LD94G,PD95T,GD97K",0.9231258630752563,0.5585994124412537,4
4MNQ_ABC_DE,"HE50W,PE51E,EE52F,YE53E,AD93S,LD94G,PD95T,GD97K",0.8976401090621948,0.7636512517929077,4
4MNQ_ABC_DE,"IE49V,HE50G,PE51A,EE52G,YE53I",1.5196093320846558,0.6571893095970154,4
4MNQ_ABC_DE,"HE50W,PE51E,EE52F,YE53E",0.259645015001297,-0.1738935112953186,4
4MNQ_ABC_DE,"KC4A,AD93S,LD94G,PD95T,GD97K",3.6324572563171387,2.9450936317443848,4
4MNQ_ABC_DE,"KC4A,IE49V,HE50G,PE51A,EE52G,YE53I",4.247951507568359,3.3571715354919434,4
4MNQ_ABC_DE,KC4A,4.935636520385742,2.266601324081421,4
4MNQ_ABC_DE,"KC4A,HE50W,PE51E,EE52F,YE53E",4.942731857299805,2.589289426803589,4
4MNQ_ABC_DE,"LC6A,AD93S,LD94G,PD95T,GD97K",5.102494716644287,2.9363293647766113,4
4MNQ_ABC_DE,"LC6A,HE50W,PE51E,EE52F,YE53E,AD93S,LD94G,PD95T,GD97K",5.426295757293701,2.7338356971740723,4
4MNQ_ABC_DE,"LC6A,IE49V,HE50G,PE51A,EE52G,YE53I",4.669893264770508,3.7047300338745117,4
4MNQ_ABC_DE,LC6A,4.148980140686035,3.1553423404693604,4
4MNQ_ABC_DE,"LC6A,HE50W,PE51E,EE52F,YE53E",4.3891987800598145,3.7311487197875977,4
1AO7_ABC_DE,DD26M,0.21131277084350586,-0.15799058973789215,4
1AO7_ABC_DE,DD26V,1.3641711473464966,0.13471564650535583,4
1AO7_ABC_DE,DD26W,-1.0804502964019775,-0.6155354976654053,4
1AO7_ABC_DE,RD27F,-0.19934363663196564,0.5404227375984192,4
1AO7_ABC_DE,GD28A,0.5428582429885864,0.7169138193130493,4
1AO7_ABC_DE,GD28I,-0.279584139585495,0.6147269010543823,4
1AO7_ABC_DE,GD28L,-0.46684107184410095,0.8001677393913269,4
1AO7_ABC_DE,GD28M,-0.5186731815338135,0.7021668553352356,4
1AO7_ABC_DE,GD28R,2.317685842514038,0.9381343722343445,4
1AO7_ABC_DE,GD28T,-0.7592304348945618,0.3997029960155487,4
1AO7_ABC_DE,GD28V,0.5428582429885864,0.705722451210022,4
1AO7_ABC_DE,SD29A,0.3026396632194519,0.7853151559829712,4
1AO7_ABC_DE,QD30N,0.7132960557937622,-0.12688052654266357,4
1AO7_ABC_DE,QD30E,0.4106564223766327,-1.1019588708877563,4
1AO7_ABC_DE,SD51M,-0.3777339458465576,-0.7704758644104004,4
1AO7_ABC_DE,KD66H,0.9535146951675415,-0.5100018978118896,4
1AO7_ABC_DE,SD94A,0.0,1.1513041257858276,4
1AO7_ABC_DE,SD94N,1.907029390335083,0.24782073497772217,4
1AO7_ABC_DE,SD94T,-0.4934868812561035,0.03886207565665245,4
1AO7_ABC_DE,SD94Y,2.317685842514038,-0.9030249118804932,4
1AO7_ABC_DE,IE52R,1.3641711473464966,0.22318501770496368,4
1AO7_ABC_DE,AE96M,-0.31211909651756287,-0.9269891977310181,4
1AO7_ABC_DE,AE96K,0.06157408282160759,-0.5029192566871643,4
1AO7_ABC_DE,GE97S,-0.31211909651756287,-0.23275506496429443,4
1AO7_ABC_DE,GE98A,-1.0910300016403198,0.16698259115219116,4
1AO7_ABC_DE,RE99Q,0.4106564223766327,-0.21726876497268677,4
1AO7_ABC_DE,"DD26W,RD27F,SD51M,SD94T",-2.717163562774658,-1.3896124362945557,4
1AO7_ABC_DE,"DD26W,RD27F,GD28T,SD51M,SD94T",-1.285060167312622,-1.0281974077224731,4
1AO7_ABC_DE,"DD26W,RD27F,SD51M,SD94T,VC7R",-1.3930768966674805,-2.268618106842041,4
1AO7_ABC_DE,"GD28I,SD94A",-0.38309553265571594,1.2257825136184692,4
1AO7_ABC_DE,"GD28I,SD94T",-0.8996182680130005,0.3898204565048218,4
1AO7_ABC_DE,"GD28L,SD94A",-0.5086029171943665,1.2985740900039673,4
1AO7_ABC_DE,"GD28L,SD94T",-1.028609037399292,0.4972561299800873,4
1AO7_ABC_DE,"GD28M,SD94A",-0.8046229481697083,1.182918667793274,4
1AO7_ABC_DE,"GD28M,SD94T",-1.7472666501998901,0.2858983278274536,4
1AO7_ABC_DE,"GD28M,SD51M,SD94T",-2.126458168029785,-0.1146959736943245,4
1AO7_ABC_DE,"GD28T,SD51M,SD94T",-1.6043896675109863,-0.3019484877586365,4
1AO7_ABC_DE,"RD27F,GD28M,SD51M,SD94T",-1.8037333488464355,0.12129803746938705,4
1AO7_ABC_DE,"RD27F,GD28T,SD51M,SD94T",-1.6043896675109863,-0.06149391457438469,4
1AO7_ABC_DE,"DD26W,GD28M,SD51M,SD94T",-1.0787051916122437,-1.2033993005752563,4
1AO7_ABC_DE,"DD26W,GD28T,SD51M,SD94T",-1.2376387119293213,-1.2321854829788208,4
1AO7_ABC_DE,"GE98A,RE99Q",-1.5635147094726562,-0.48340433835983276,4
1AO7_ABC_DE,"AE96M,GE97S",-1.0448415279388428,-0.7864028215408325,4
1AO7_ABC_DE,"AE96M,GE97S,GE98A",-3.544039249420166,-0.9307278990745544,4
1AO7_ABC_DE,"AE96M,GE97S,GE98A,RE99Q",-3.9220755100250244,-0.8133713006973267,4
1AO7_ABC_DE,"GD28T,AE96M,GE97S,GE98A",-3.861774206161499,-0.1156272366642952,4
1AO7_ABC_DE,"GD28T,AE96M,GE97S,GE98A,RE99Q",-3.9659810066223145,-0.23537972569465637,4
1AO7_ABC_DE,"DD26W,AE96M,GE97S,GE98A,RE99Q",-4.038617134094238,-1.4834105968475342,4
1AO7_ABC_DE,"DD26W,RD27F,SD51M,AE96M,GE97S,GE98A,RE99Q",-3.7107627391815186,-1.4156217575073242,4
1AO7_ABC_DE,"DD26W,RD27F,SD51M,SD94T,AE96M,GE97S,GE98A,RE99Q",-3.451117753982544,-1.9134868383407593,4
1AO7_ABC_DE,RD27P,0.30800125002861023,0.1457730233669281,4
1AO7_ABC_DE,KD97P,-0.26777946949005127,0.5303330421447754,4
1AO7_ABC_DE,AE50P,-0.32551708817481995,-0.20589475333690643,4
1AO7_ABC_DE,GE98P,0.44973334670066833,-0.2519097626209259,4
1AO7_ABC_DE,RE99P,-1.9416855573654175,-0.32916325330734253,4
1AO7_ABC_DE,"KD97P,AE50P,RE99P",-1.6319506168365479,0.01816684938967228,4
1AO7_ABC_DE,"KD97P,RE99P",-1.2212941646575928,0.14802788197994232,4
1AO7_ABC_DE,"DD26W,RD27F,GD28T,SD51M,SD94T",-2.7447245121002197,-1.0281974077224731,4
1AO7_ABC_DE,"DD26W,RD27F,GD28T,SD51M,SD94T,RE99P",-3.3738555908203125,-1.5305520296096802,4
1AO7_ABC_DE,"DD26W,RD27F,GD28T,SD51M,SD94T,KD97P,AE50P,RE99P",-4.6220574378967285,-1.5417917966842651,4
3R9A_AC_B,AA323W,0.33875593543052673,-1.2409632205963135,4
3R9A_AC_B,YA325A,1.0145800113677979,2.3259530067443848,4
3R9A_AC_B,YA325W,0.4823150336742401,0.13719582557678223,4
3R9A_AC_B,VA331D,0.0,0.3599002957344055,4
3R9A_AC_B,GA165R,0.048722125589847565,0.853904128074646,4
1XGP_AB_C,AB33F,-4.0624799728393555,-3.5357306003570557,4
1XGP_AB_C,AB33L,-2.199876308441162,-1.91657555103302,4
1XGP_AB_C,AB33I,-2.261219024658203,-1.955649971961975,4
1XGP_AB_C,AB33V,-1.1530953645706177,-1.1956350803375244,4
3LB6_A_C,IA10A,3.7231316566467285,0.4691830277442932,4
3LB6_A_C,KA100A,5.814425468444824,1.1581803560256958,4
3LB6_A_C,KA101A,2.545271635055542,1.788397192955017,4
3LB6_A_C,FA103A,5.117306709289551,0.6775332689285278,4
4K71_A_BC,GA503E,0.7422019243240356,0.8038331866264343,4
4K71_A_BC,"MA416V,AA418T",1.1963605880737305,0.693681538105011,4
4K71_A_BC,"GA503R,AA545V",1.667994499206543,0.3039030134677887,4
4K71_A_BC,AA545V,2.03191876411438,-0.1859884262084961,4
4K71_A_BC,"MA416V,AA418T,GA503R",2.7775838375091553,1.3620342016220093,4
4K71_A_BC,"GA503E,AA545V",2.8493804931640625,0.3315775990486145,4
4K71_A_BC,"MA416V,AA418T,AA545V",2.8541905879974365,0.6351085305213928,4
4K71_A_BC,"MA416V,AA418T,GA503R,AA545V",2.8913276195526123,0.16841012239456177,4
4K71_A_BC,"MA416V,GA503E,AA545V",2.9276857376098633,0.26306506991386414,4
4K71_A_BC,"AA418T,GA503E,AA545V",3.1290411949157715,0.03905825689435005,4
4K71_A_BC,"MA416V,AA418T,GA503E,AA545V",3.459150552749634,0.2064277082681656,4
4K71_A_BC,HA462A,1.0515739917755127,1.2696198225021362,4
4K71_A_BC,HA462F,1.009981393814087,-0.34556445479393005,4
4K71_A_BC,HB157A,0.6442553997039795,0.5783935189247131,4
4K71_A_BC,HB157F,0.18506699800491333,0.01438302081078291,4
4K71_A_BC,"MA416V,AA418T,GA503E,AA545V",3.814058780670166,0.2064277082681656,4
4K71_A_BC,"MA416V,AA418T,GA503R",2.3874666690826416,1.3620342016220093,4
4K71_A_BC,"MA416V,AA418T",1.2319692373275757,0.693681538105011,4
4K71_A_BC,AA545V,1.989831566810608,-0.1859884262084961,4
4K71_A_BC,"MA416V,AA418T,GA503R",1.8028225898742676,1.3620342016220093,4
4K71_A_BC,"MA416V,AA418T",0.8493078947067261,0.693681538105011,4
4K71_A_BC,AA545V,0.3912300169467926,-0.1859884262084961,4
4N8V_G_ABC,PG10A,-0.21667437255382538,0.4794383645057678,4
4N8V_G_ABC,KG38A,0.5880584716796875,0.806342363357544,4
4N8V_G_ABC,YG39F,0.5155515074729919,0.10267534852027893,4
4N8V_G_ABC,YG124A,0.12034162133932114,1.750533938407898,4
3M63_A_B,EA33A,0.6463438272476196,0.26849472522735596,4
3M63_A_B,DA46A,2.234205961227417,2.130681276321411,4
3M63_A_B,LA50A,0.5764208436012268,2.4664483070373535,4
3M63_A_B,TA54A,0.31137704849243164,0.0911594033241272,4
3M63_A_B,EA55A,0.34635159373283386,0.7262958288192749,4
3M63_A_B,RA98A,-0.18529273569583893,1.4448732137680054,4
3M63_A_B,GA102A,0.12470666319131851,1.379780888557434,4
3M63_A_B,YA103A,3.650576591491699,3.911116123199463,4
3M63_A_B,VA106A,1.83893883228302,2.413926124572754,4
3M63_A_B,IA110A,1.0890923738479614,1.593487024307251,4
3M63_A_B,FA113A,1.7915173768997192,1.4459482431411743,4
3M63_A_B,"GB8F,QB9K,SB65Q,HB67V,VB69M",0.1871277093887329,1.0949355363845825,4
3HH2_AB_C,VC15E,0.6843902468681335,1.4458661079406738,4
3HH2_AB_C,FC47E,0.7132960557937622,1.348997712135315,4
3HH2_AB_C,IC51E,0.8621878027915955,2.203913688659668,4
3HH2_AB_C,FC52E,0.8165920972824097,3.1332497596740723,4
3HH2_AB_C,FC47A,1.325307846069336,0.8145458102226257,4
3HH2_AB_C,IC51A,0.7132960557937622,1.5147473812103271,4
3HH2_AB_C,FC52A,1.2728441953659058,2.817812442779541,4
4FZA_A_B,FA168E,0.5428582429885864,2.3504066467285156,4
4FZA_A_B,YA213A,1.270783543586731,0.33828943967819214,4
4FZA_A_B,RA217A,1.0278971195220947,0.941859245300293,4
4FZA_A_B,EB122A,0.4254123568534851,0.7387767434120178,4
3MZW_A_B,NB18T,-0.14522328972816467,0.023293303325772285,4
3MZW_A_B,NB18G,0.07263598591089249,-0.04245888441801071,4
3MZW_A_B,NB18A,0.025214528664946556,0.4562062919139862,4
3MZW_A_B,"NB1E,NB18T",0.3843208849430084,0.3435346186161041,4
3MZW_A_B,"NB1A,NB18T",0.34248337149620056,0.10846948623657227,4
3MZW_A_B,"NB18T,AB49S",0.09499531984329224,0.11084592342376709,4
3MZW_A_B,"NB18T,AB37S,AB41S,AB49S",-0.11319105327129364,0.5744980573654175,4
3MZW_A_B,"NB1A,NB18T,AB37S,AB41S,AB49S",0.025214528664946556,0.20974594354629517,4
3MZW_A_B,"NB1E,NB18T,AB37S,AB41S,AB49S",0.28166571259498596,0.4159049987792969,4
3MZW_A_B,"NB1A,NB18T,AB37S,AB41S,AB49S",-0.08280224353075027,0.20974594354629517,4
3MZW_A_B,"NB18T,SB28A",-0.2150040864944458,0.1719479262828827,4
3MZW_A_B,"NB18T,SB28K",-0.2150040864944458,-0.21896430850028992,4
3MZW_A_B,"NB18T,DB31A",0.7081217765808105,0.9209476709365845,4
3MZW_A_B,"NB18T,DB31K",1.2189477682113647,0.6112412810325623,4
3MZW_A_B,"NB18T,DB32E",0.21388307213783264,1.1095362901687622,4
3MZW_A_B,"NB18T,EB42A",-0.3380204439163208,0.010253298096358776,4
3MZW_A_B,"NB18T,LB46T",-0.17908690869808197,0.010840284638106823,4
3MZW_A_B,"NB18T,LB46Y",-0.02633553557097912,-0.29479098320007324,4
3MZW_A_B,"NB18T,NB38E,AB49S",0.13733132183551788,0.4297746419906616,4
3MZW_A_B,"NB18T,AB37S,AB41S,LB46T",-0.14522328972816467,0.32122236490249634,4
3MZW_A_B,"NB18T,AB37S,AB41S,LB46Y",-0.05389641225337982,0.10567329823970795,4
3MZW_A_B,"NB1A,NB18T,SB28K,AB37S,AB41S,AB49S",-0.2150040864944458,0.006414318922907114,4
3MZW_A_B,"NB1A,NB18T,SB28K,DB31A,AB37S,AB41S,AB49S",0.4480868875980377,0.6898351907730103,4
3MZW_A_B,"NB1A,NB18T,SB28K,DB32E,AB37S,AB41S,AB49S",-0.6799096465110779,0.8323544263839722,4
3MZW_A_B,"NB1A,NB18T,SB28K,AB37S,NB38E,AB41S,AB49S",-0.25324004888534546,0.195760115981102,4
3MZW_A_B,"NB1A,NB18T,SB28K,AB37S,NB38E,AB41S,AB49S",-0.14522328972816467,0.195760115981102,4
3MZW_A_B,"NB1A,NB18T,SB28K,AB37S,AB41S,EB42A,AB49S",-0.3854418992996216,-0.034445587545633316,4
3MZW_A_B,"NB1A,NB18T,SB28K,AB37S,AB41S,EB42A,AB49S",-0.08280224353075027,-0.034445587545633316,4
3MZW_A_B,"NB1A,NB18T,SB28K,AB37S,NB38E,AB41S,AB49S",0.5680727958679199,0.195760115981102,4
3MZW_A_B,"NB1A,NB18T,SB28K,AB37S,NB38E,AB41S,AB49S",0.7081217765808105,0.195760115981102,4
3S9D_A_B,SA18A,-0.21131277084350586,0.7920419573783875,4
3S9D_A_B,LA19A,1.009981393814087,0.7738816142082214,4
3S9D_A_B,FA20A,0.5186731815338135,1.2216246128082275,4
3S9D_A_B,SA21A,0.0,0.5209561586380005,4
3S9D_A_B,LA23A,3.681856870651245,1.4814246892929077,4
3S9D_A_B,KA24A,0.49345865845680237,-0.00648479675874114,4
3S9D_A_B,DA25A,0.3802676200866699,0.8606898784637451,4
3S9D_A_B,RA26A,3.681856870651245,0.40768933296203613,4
3S9D_A_B,HA27A,0.4106564223766327,0.3336353898048401,4
3S9D_A_B,DA28A,0.2402186095714569,0.5300366282463074,4
3S9D_A_B,EA34A,0.0,-0.013791856355965137,4
3S9D_A_B,KA92A,0.10801676660776138,0.16650830209255219,4
3S9D_A_B,RA96A,0.3482353687286377,0.5579019784927368,4
3S9D_A_B,LA99A,-0.0624210461974144,0.19167833030223846,4
3S9D_A_B,KA102A,0.27845457196235657,0.07751507312059402,4
3S9D_A_B,EA103A,-0.13220183551311493,0.18741658329963684,4
3S9D_A_B,KA104A,0.7751243710517883,0.2366349697113037,4
3S9D_A_B,KA105A,0.05646670609712601,0.13817203044891357,4
3S9D_A_B,TB33A,1.5196093320846558,0.677883505821228,4
3S9D_A_B,MB35A,3.681856870651245,1.71824049949646,4
3S9D_A_B,SB36A,0.4671231210231781,0.5929858684539795,4
3S9D_A_B,KB37A,0.3143717646598816,0.5989150404930115,4
3S9D_A_B,EB39R,0.6508750319480896,-0.011190791614353657,4
3S9D_A_B,EB39A,0.19934363663196564,0.2596495747566223,4
3S9D_A_B,KB42A,0.3802676200866699,0.2631787359714508,4
3S9D_A_B,WB61F,0.7250281572341919,0.5238211154937744,4
3S9D_A_B,SB63A,0.3143717646598816,0.12401807308197021,4
3S9D_A_B,HB65A,0.6307899951934814,0.6259158849716187,4
3S9D_A_B,NB85A,-0.21131277084350586,-0.0035813129507005215,4
3S9D_A_B,WB87A,0.7422019243240356,1.4705649614334106,4
3S9D_A_B,DB121R,-0.0624210461974144,0.30485251545906067,4
3S9D_A_B,LA8A,1.2793906927108765,0.6899187564849854,4
3S9D_A_B,MA9A,0.12424934655427933,0.6692702770233154,4
3S9D_A_B,RA15A,0.17043781280517578,0.4226929545402527,4
3S9D_A_B,RA16A,0.3591063618659973,0.4721206724643707,4
3S9D_A_B,IA17A,-0.13220183551311493,0.3091456890106201,4
3S9D_A_B,SA18A,-0.08478038012981415,0.7920419573783875,4
3S9D_A_B,LA19A,1.0241725444793701,0.7738816142082214,4
3S9D_A_B,FA20A,0.8998063206672668,1.2216246128082275,4
3S9D_A_B,LA23A,3.756010055541992,1.4814246892929077,4
3S9D_A_B,LA23V,2.6412787437438965,0.787919282913208,4
3S9D_A_B,KA24A,0.6508750319480896,-0.00648479675874114,4
3S9D_A_B,DA25A,0.6307899951934814,0.8606898784637451,4
3S9D_A_B,RA26K,4.673607349395752,0.6392927169799805,4
3S9D_A_B,RA26A,5.417921543121338,0.40768933296203613,4
3S9D_A_B,RA26Q,6.082001209259033,0.07762335985898972,4
3S9D_A_B,HA27A,0.5736418962478638,0.3336353898048401,4
3S9D_A_B,DA28A,0.25324004888534546,0.5300366282463074,4
3S9D_A_B,QA33A,0.019426396116614342,0.3149583339691162,4
3S9D_A_B,RA96A,0.0,0.5579019784927368,4
3S9D_A_B,KA102A,0.4300828278064728,0.07751507312059402,4
3S9D_A_B,EA103A,-0.21131277084350586,0.18741658329963684,4
3S9D_A_B,KA104A,1.2793906927108765,0.2366349697113037,4
3S9D_A_B,KA105A,0.14004899561405182,0.13817203044891357,4
3S9D_A_B,RA115A,2.185483932495117,0.7887172698974609,4
3S9D_A_B,AA116G,2.077467203140259,0.5781161189079285,4
3S9D_A_B,AA116M,1.0582308769226074,-0.47712844610214233,4
3S9D_A_B,MA119A,2.289372205734253,0.9441460371017456,4
3S9D_A_B,RA120A,3.0743792057037354,1.72632896900177,4
3S9D_A_B,SA123A,0.9041150808334351,0.14007654786109924,4
3S9D_A_B,LA124A,1.3358573913574219,0.5948280096054077,4
3S9D_A_B,NA127A,-0.08478038012981415,0.5142196416854858,4
3S9D_A_B,QA48A,0.0,0.3250724673271179,4
3S9D_A_B,FA50A,0.17043781280517578,0.5723077058792114,4
3S9D_A_B,NA51A,0.0,-0.04470554366707802,4
3S9D_A_B,SA54A,0.0,-0.17287829518318176,4
3S9D_A_B,TA55A,0.0,0.010673481039702892,4
3S9D_A_B,KA56A,0.0,0.07815776020288467,4
3S9D_A_B,SA59A,0.17043781280517578,0.1078622043132782,4
3S9D_A_B,TA65A,0.17043781280517578,0.2829287350177765,4
3S9D_A_B,LA66A,0.3026396632194519,0.12591835856437683,4
3S9D_A_B,KA69A,0.0,0.3631207346916199,4
3S9D_A_B,YA71A,0.3026396632194519,0.3476960361003876,4
3S9D_A_B,TA72A,0.17043781280517578,0.3585881292819977,4
3S9D_A_B,YA75A,0.3026396632194519,-0.04480695351958275,4
3S9D_A_B,QA76A,0.17043781280517578,0.05697431042790413,4
3S9D_A_B,NA79A,0.17043781280517578,0.0802430510520935,4
3S9D_A_B,EA82A,0.17043781280517578,0.2241123765707016,4
3SE3_B_C,"YB43H,NB44E,SB47Q",0.19081901013851166,2.550621509552002,4
3S9D_A_B,"AA43H,AA44E,AA47Q",-0.01742631383240223,0.1137998104095459,4
3SE3_B_C,"YB43A,NB44A,SB47A",0.17339269816875458,0.592082142829895,4
3S9D_A_B,"AA43Y,AA44N,AA47S",-0.19081901013851166,0.027058513835072517,4
3S9D_A_B,"AA43H,AA44E,AA47Q",0.0,0.1137998104095459,4
3S9D_A_B,RA5A,0.6218704581260681,0.5866947770118713,4
3S9D_A_B,LA8A,1.3641711473464966,0.6899187564849854,4
3S9D_A_B,MA9A,0.0,0.6692702770233154,4
3S9D_A_B,AA12W,-0.18106503784656525,-0.7071760892868042,4
3S9D_A_B,RA15A,0.22013357281684875,0.4226929545402527,4
3S9D_A_B,RA16A,0.09638339281082153,0.4721206724643707,4
3S9D_A_B,IA17A,-0.08250609040260315,0.3091456890106201,4
3S9D_A_B,SA18A,0.0,0.7920419573783875,4
3S9D_A_B,LA19A,0.8954659700393677,0.7738816142082214,4
3S9D_A_B,FA20A,0.7132960557937622,1.2216246128082275,4
3S9D_A_B,LA23A,3.93766713142395,1.4814246892929077,4
3S9D_A_B,LA23V,2.232905387878418,0.787919282913208,4
3S9D_A_B,KA24A,0.7132960557937622,-0.00648479675874114,4
3S9D_A_B,DA25A,0.9252009987831116,0.8606898784637451,4
3S9D_A_B,RA26A,6.2779974937438965,0.40768933296203613,4
3S9D_A_B,RA26K,4.503169536590576,0.6392927169799805,4
3S9D_A_B,HA27A,0.6389058828353882,0.3336353898048401,4
3S9D_A_B,DA28A,0.4106564223766327,0.5300366282463074,4
3S9D_A_B,RA91K,0.030783649533987045,0.08134165406227112,4
3S9D_A_B,KA92A,-0.07798352837562561,0.16650830209255219,4
3S9D_A_B,RA96A,0.2833712100982666,0.5579019784927368,4
3S9D_A_B,KA102A,0.0,0.07751507312059402,4
3S9D_A_B,EA103A,-0.16519483923912048,0.18741658329963684,4
3S9D_A_B,KA104A,0.21190492808818817,0.2366349697113037,4
3S9D_A_B,KA105A,0.19509665668010712,0.13817203044891357,4
3S9D_A_B,RA115A,2.077467203140259,0.7887172698974609,4
3S9D_A_B,AA116M,1.087294340133667,-0.47712844610214233,4
3S9D_A_B,AA116G,2.077467203140259,0.5781161189079285,4
3S9D_A_B,MA119A,2.077467203140259,0.9441460371017456,4
3S9D_A_B,RA120A,2.728342294692993,1.72632896900177,4
3S9D_A_B,SA123A,1.3641711473464966,0.14007654786109924,4
3S9D_A_B,LA124A,1.3641711473464966,0.5948280096054077,4
3S9D_A_B,NA127A,0.0,0.5142196416854858,4
3S9D_A_B,EB17R,0.0,-0.05479365214705467,4
3S9D_A_B,YB32A,1.30829656124115,1.9875998497009277,4
3S9D_A_B,TB33A,1.6668107509613037,0.677883505821228,4
3S9D_A_B,IB34A,1.774827480316162,0.5732889771461487,4
3S9D_A_B,MB35A,2.317685842514038,1.71824049949646,4
3S9D_A_B,MB35V,1.8240691423416138,1.1839228868484497,4
3S9D_A_B,SB36A,0.5428582429885864,0.5929858684539795,4
3S9D_A_B,KB37A,0.6940276622772217,0.5989150404930115,4
3S9D_A_B,EB39A,0.21190492808818817,0.2596495747566223,4
3S9D_A_B,DB40A,0.0,0.4315952658653259,4
3S9D_A_B,KB42A,0.5891849398612976,0.2631787359714508,4
3S9D_A_B,RB62A,0.17043781280517578,0.21518714725971222,4
3S9D_A_B,SB63A,0.2734968066215515,0.12401807308197021,4
3S9D_A_B,TB64A,0.25581035017967224,1.32292902469635,4
3S9D_A_B,HB65A,0.6389058828353882,0.6259158849716187,4
3S9D_A_B,EB66A,2.412388563156128,1.5340369939804077,4
3S9D_A_B,AB67M,-0.16781052947044373,-1.8232223987579346,4
3S9D_A_B,VB69A,2.317685842514038,1.1735345125198364,4
3S9D_A_B,HB84A,0.04376433789730072,0.5081697106361389,4
3S9D_A_B,NB85A,-0.13220183551311493,-0.0035813129507005215,4
3S9D_A_B,WB87A,1.0482174158096313,1.4705649614334106,4
3S9D_A_B,IB90A,1.496372938156128,1.0001379251480103,4
3S9D_A_B,DB91A,1.0482174158096313,1.8206002712249756,4
3S9D_A_B,DB121R,-0.09861256927251816,0.30485251545906067,4
3S9D_A_B,HB166A,0.0,0.4541773796081543,4
3S9D_A_B,RA120A,3.1016509532928467,1.72632896900177,4
3S9D_A_B,EB66A,2.4010674953460693,1.5340369939804077,4
3S9D_A_B,"RA120A,EB66A",3.602473735809326,3.3100943565368652,4
3S9D_A_B,"TB33A,LA8A",3.5785608291625977,1.2852299213409424,4
3S9D_A_B,"TB33A,LA19A",3.3948090076446533,1.4660872220993042,4
3S9D_A_B,"TB33A,FA20A",3.02142596244812,1.798443078994751,4
3S9D_A_B,"TB33A,LA23A",5.96136999130249,1.9300092458724976,4
3S9D_A_B,"TB33A,RA115A",4.048243045806885,0.338517963886261,4
3S9D_A_B,"TB33A,AA116G",4.351393222808838,1.1730115413665771,4
3S9D_A_B,"TB33A,MA119A",4.463984966278076,1.4870737791061401,4
3S9D_A_B,"TB33A,RA120A",5.268608093261719,2.1486854553222656,4
3S9D_A_B,"TB33A,SA123A",3.063263416290283,0.5175167322158813,4
3S9D_A_B,"TB33A,LA124A",3.3123912811279297,0.6285014152526855,4
3S9D_A_B,"IB34A,RA115A",4.271187782287598,0.6115644574165344,4
3S9D_A_B,"IB34A,AA116G",4.474026679992676,0.8360651731491089,4
3S9D_A_B,"IB34A,MA119A",4.23505163192749,1.3657342195510864,4
3S9D_A_B,"IB34A,RA120A",5.001758098602295,2.8997936248779297,4
3S9D_A_B,"IB34A,SA123A",3.0067968368530273,0.5797306299209595,4
3S9D_A_B,"IB34A,LA124A",3.561387062072754,1.4589871168136597,4
3S9D_A_B,"WB87A,RA5A",2.3409221172332764,2.1022140979766846,4
3S9D_A_B,"WB87A,LA8A",3.076577663421631,2.5578761100769043,4
3S9D_A_B,"WB87A,MA119A",3.8463404178619385,2.1577978134155273,4
3S9D_A_B,"WB87A,SA123A",2.7515785694122314,1.7415918111801147,4
3S9D_A_B,"WB87A,LA124A",2.94437575340271,2.4583163261413574,4
3S9D_A_B,IB90A,1.6426256895065308,1.0001379251480103,4
3S9D_A_B,"IB90A,LA8A",3.740473985671997,1.9538166522979736,4
3S9D_A_B,"IB90A,LA19A",3.035702705383301,2.067312717437744,4
3S9D_A_B,"IB90A,FA20A",2.8162739276885986,1.9259499311447144,4
3S9D_A_B,"IB90A,LA23A",5.4495320320129395,1.5775080919265747,4
3S9D_A_B,"IB90A,RA115A",3.525470018386841,1.3491657972335815,4
3S9D_A_B,"IB90A,MA119A",4.035335063934326,1.5706762075424194,4
3S9D_A_B,"IB90A,RA120A",4.908470153808594,3.357652187347412,4
3S9D_A_B,"IB90A,SA123A",3.256808280944824,0.24983638525009155,4
3S9D_A_B,"IB90A,LA124A",3.3467459678649902,1.5323922634124756,4
3S9D_A_B,"DB91A,LA19A",2.94437575340271,2.642677068710327,4
3S9D_A_B,"DB91A,FA20A",2.3848276138305664,2.8482401371002197,4
3S9D_A_B,"DB91A,RA115A",3.6723010540008545,1.5733999013900757,4
3S9D_A_B,"DB91A,SA123A",2.6789426803588867,0.7976337671279907,4
3S9D_A_B,"DB91A,LA124A",3.02142596244812,2.4415698051452637,4
3S9D_A_B,TB33A,2.007093667984009,0.677883505821228,4
3S9D_A_B,IB34A,1.9302657842636108,0.5732889771461487,4
3S9D_A_B,MB35V,2.9259908199310303,1.1839228868484497,4
3S9D_A_B,HB65A,1.2015804052352905,0.6259158849716187,4
3S9D_A_B,EB66A,2.433549642562866,1.5340369939804077,4
3S9D_A_B,WB87A,1.546341061592102,1.4705649614334106,4
3S9D_A_B,IB90A,1.7124065160751343,1.0001379251480103,4
3S9D_A_B,DB91A,1.6276260614395142,1.8206002712249756,4
3S9D_A_B,LA8A,1.965646505355835,0.6899187564849854,4
3S9D_A_B,LA19A,1.4916142225265503,0.7738816142082214,4
3S9D_A_B,LA23A,3.8640267848968506,1.4814246892929077,4
3S9D_A_B,RA115A,2.1795296669006348,0.7887172698974609,4
3S9D_A_B,AA116G,2.161298990249634,0.5781161189079285,4
3S9D_A_B,MA119A,2.3973889350891113,0.9441460371017456,4
3S9D_A_B,RA120A,3.1845943927764893,1.72632896900177,4
3S9D_A_B,SA123A,1.0997674465179443,0.14007654786109924,4
3S9D_A_B,LA124A,1.6426256895065308,0.5948280096054077,4
3S9D_A_B,"MB35V,LA8A",4.42743444442749,0.7381736040115356,4
3S9D_A_B,"MB35V,LA19A",4.316718578338623,1.2131792306900024,4
3S9D_A_B,"MB35V,LA23A",7.11393928527832,2.0518035888671875,4
3S9D_A_B,"MB35V,RA115A",3.7050933837890625,1.3820394277572632,4
3S9D_A_B,"MB35V,AA116G",5.300297737121582,0.9399572014808655,4
3S9D_A_B,"MB35V,MA119A",5.456684589385986,1.9862598180770874,4
3S9D_A_B,"MB35V,RA120A",6.066684722900391,2.4980554580688477,4
3S9D_A_B,"MB35V,SA123A",4.0805439949035645,0.5195178985595703,4
3S9D_A_B,"MB35V,LA124A",4.533203125,1.6422834396362305,4
3S9D_A_B,"EB66A,LA8A",4.092513084411621,1.2258572578430176,4
3S9D_A_B,"EB66A,LA23A",6.058159828186035,2.327427387237549,4
3S9D_A_B,"EB66A,RA115A",4.6586079597473145,1.864847183227539,4
3S9D_A_B,"EB66A,AA116G",5.041269302368164,1.8112452030181885,4
3S9D_A_B,"EB66A,MA119A",4.980967998504639,2.1579556465148926,4
3S9D_A_B,"EB66A,RA120A",3.6324572563171387,3.3100943565368652,4
3S9D_A_B,"EB66A,SA123A",3.543700695037842,1.2674673795700073,4
3S9D_A_B,"EB66A,LA124A",3.7697885036468506,2.6507761478424072,4
3S9D_A_B,"HB65A,RA5A",2.2143898010253906,1.3256657123565674,4
3S9D_A_B,"HB65A,LA8A",4.016777992248535,1.253069281578064,4
3S9D_A_B,"HB65A,LA19A",3.056492567062378,0.8649773001670837,4
3S9D_A_B,"HB65A,RA120A",3.8463404178619385,3.918153762817383,4
3S9D_A_B,"HB65A,SA123A",1.135684609413147,1.4137054681777954,4
3S9D_A_B,"HB65A,LA124A",2.939418077468872,1.7409824132919312,4
1JTG_A_B,EB31A,0.8213128447532654,1.0580791234970093,4
1JTG_A_B,SB35A,0.0,0.9370931386947632,4
1JTG_A_B,FB36A,2.5961403846740723,1.5810073614120483,4
1JTG_A_B,SB39A,-0.3026396632194519,1.028422236442566,4
1JTG_A_B,HB41A,2.4998557567596436,2.312490940093994,4
1JTG_A_B,GB48A,0.19934363663196564,1.0814605951309204,4
1JTG_A_B,DB49A,2.185483932495117,1.8445583581924438,4
1JTG_A_B,YB50A,-2.261219024658203,2.633695602416992,4
1JTG_A_B,YB51A,0.0,2.1970620155334473,4
1JTG_A_B,YB53A,2.2143898010253906,1.8852368593215942,4
1JTG_A_B,SB71A,-0.5428582429885864,1.7032015323638916,4
1JTG_A_B,EB73A,-0.13220183551311493,1.1647592782974243,4
1JTG_A_B,KB74A,2.6789426803588867,0.40904292464256287,4
1JTG_A_B,WB112A,1.9302657842636108,2.528090476989746,4
1JTG_A_B,SB113A,-0.8970479965209961,1.3320690393447876,4
1JTG_A_B,GB141A,0.7588918209075928,0.1314508467912674,4
1JTG_A_B,FB142A,2.0532820224761963,2.43578839302063,4
1JTG_A_B,YB143A,0.10801676660776138,1.530530571937561,4
1JTG_A_B,RB144A,0.10801676660776138,0.9784642457962036,4
1JTG_A_B,HB148A,2.2143898010253906,1.53201162815094,4
1JTG_A_B,WB150A,3.5002553462982178,2.105163812637329,4
1JTG_A_B,RB160A,1.8312941789627075,1.3656405210494995,4
1JTG_A_B,WB162A,2.185483932495117,1.1356955766677856,4
1JTG_A_B,"EB73A,YB50A",-1.496372938156128,2.439962387084961,4
1JTG_A_B,QA74A,0.5894072651863098,1.6785264015197754,4
1JTG_A_B,NA75A,-1.4773621559143066,0.21806767582893372,4
1JTG_A_B,LA77A,0.8707124590873718,1.3582066297531128,4
1JTG_A_B,EA79A,2.7824625968933105,2.3457255363464355,4
1JTG_A_B,YA80A,-0.0947713777422905,2.7385005950927734,4
1JTG_A_B,PA82A,0.23677411675453186,1.901416301727295,4
1JTG_A_B,EA85A,-1.3147715330123901,1.06621253490448,4
1JTG_A_B,KA86A,-0.8585193753242493,1.3381129503250122,4
1JTG_A_B,MA104A,1.5096182823181152,2.3450632095336914,4
1JTG_A_B,VA190A,-0.5828139781951904,0.06090346351265907,4
1JTG_A_B,MA244A,-0.051081907004117966,0.6172942519187927,4
3WWN_A_B,RA221E,-0.33671388030052185,0.25403064489364624,4
3WWN_A_B,RA224E,1.2939426898956299,-0.09895609319210052,4
3WWN_A_B,KA225E,0.15640123188495636,-0.43413636088371277,4
4E6K_AB_G,"EA81A,EB81A",2.5848121643066406,0.7395452260971069,4
4E6K_AB_G,"LA68A,LB68A",2.6698973178863525,1.4855585098266602,4
4E6K_AB_G,"EA85A,EB85A",3.0725746154785156,0.9610666632652283,4
4E6K_AB_G,YG2F,0.6969138979911804,0.23221895098686218,4
4E6K_AB_G,KG40A,0.5019832849502563,1.117561936378479,4
4E6K_AB_G,LG5A,1.9034278392791748,1.9885154962539673,4
4J2L_A_CD,WC17A,2.230583667755127,0.5941768884658813,4
4J2L_A_CD,LC20S,1.6885002851486206,1.106199860572815,4
4J2L_A_CD,"VA23A,SA34D",2.2666831016540527,0.2018744945526123,4
4J2L_A_CD,"VA23A,LA118E",0.43684640526771545,0.9926156997680664,4
4J2L_A_CD,"SA34D,LA118E",0.6970077157020569,0.4885061979293823,4
4J2L_A_CD,VA23A,0.08989062905311584,0.08790543675422668,4
4J2L_A_CD,SA34D,-0.9704915285110474,-0.4094960689544678,4
4J2L_A_CD,LA118E,-0.6311247944831848,0.8935261964797974,4
4OFY_A_D,QA34A,1.1767563819885254,-0.01871604286134243,4
4OFY_A_D,MA36A,0.0841105654835701,1.0497974157333374,4
4OFY_A_D,DA38A,0.5488527417182922,0.31739476323127747,4
4OFY_A_D,FA40A,4.604454040527344,1.7793115377426147,4
4OFY_A_D,QA85A,1.7332348823547363,0.5051807165145874,4
4OFY_A_D,SA87A,0.14215925335884094,0.741309404373169,4
4OFY_A_D,EA88A,0.28220826387405396,0.3264401853084564,4
4OFY_A_D,"QA34A,FA40A",4.140706539154053,0.5223292112350464,4
4OFY_A_D,"QA34A,MA36A,FA40A,SA87A",4.46157693862915,1.4702526330947876,4
4OFY_A_D,QD34A,2.8705015182495117,0.22059154510498047,4
4OFY_A_D,LD42A,2.567861795425415,1.9655178785324097,4
4OFY_A_D,QD86A,4.645328998565674,1.2577039003372192,4
4OFY_A_D,RD96A,3.4212069511413574,1.8782833814620972,4
4P5T_CD_AB,KC40A,1.13858163356781,1.3473116159439087,4
4P5T_CD_AB,DC56A,0.6170114278793335,1.3880304098129272,4
4P5T_CD_AB,QC58A,0.0,0.7084847688674927,4
4P5T_CD_AB,LC61A,1.009981393814087,0.9433717727661133,4
4P5T_CD_AB,QC62A,0.0,1.5889370441436768,4
4P5T_CD_AB,NC63A,1.496372938156128,1.4863882064819336,4
4P5T_CD_AB,VC66A,0.8687343001365662,1.324733853340149,4
4P5T_CD_AB,KC68A,0.9917506575584412,0.4524458646774292,4
4P5T_CD_AB,HC69A,1.009981393814087,0.42315012216567993,4
4P5T_CD_AB,VC73A,0.0,-0.06147744879126549,4
4P5T_CD_AB,KC76A,0.3591063618659973,0.1652860939502716,4
4P5T_CD_AB,FD1A,0.0,0.2502288222312927,4
4P5T_CD_AB,ED2A,1.0615314245224,0.9520397186279297,4
4P5T_CD_AB,QD4A,1.654841661453247,1.2289105653762817,4
4P5T_CD_AB,KD5A,1.991546392440796,1.9988564252853394,4
4P5T_CD_AB,KD7A,1.5492380857467651,2.6539816856384277,4
4P5T_CD_AB,ND9A,0.0,0.31510281562805176,4
4P5T_CD_AB,KD10A,0.2402186095714569,0.3745233118534088,4
4P5T_CD_AB,VD12A,0.09132687747478485,0.23611468076705933,4
4P5T_CD_AB,DD13A,0.0,0.1476995050907135,4
4P5T_CD_AB,ED67A,0.2402186095714569,0.25199389457702637,4
4P5T_CD_AB,YD68A,0.17043781280517578,0.3194505572319031,4
4P5T_CD_AB,SD71A,0.0,-0.026762692257761955,4
4P5T_CD_AB,QD72A,0.0,0.2178896814584732,4
4P5T_CD_AB,PD73A,0.0,0.20925241708755493,4
4P5T_CD_AB,ED74A,0.6170114278793335,0.806831955909729,4
4P5T_CD_AB,ID75A,0.09132687747478485,0.11283491551876068,4
4P5T_CD_AB,ED77A,1.009981393814087,0.3284553289413452,4
4P5T_CD_AB,RD78A,2.0744974613189697,2.4713401794433594,4
4P5T_CD_AB,RD80A,0.0,0.15905702114105225,4
4P5T_CD_AB,DD84A,0.0,0.12495917081832886,4
4P5T_CD_AB,TD85A,0.8213128447532654,0.6941465139389038,4
4P5T_CD_AB,RD88A,0.0,0.3109007477760315,4
4P5T_CD_AB,HD89A,0.7960982918739319,0.6278582215309143,4
4P5T_CD_AB,ED92A,0.0,0.04124822840094566,4
4PWX_AB_CD,FA194A,1.729231834411621,1.3832460641860962,4
4PWX_AB_CD,YA198A,1.729231834411621,1.664955496788025,4
4PWX_AB_CD,EA201K,1.729231834411621,0.7790923118591309,4
4PWX_AB_CD,QA205A,1.0139576196670532,0.5134372711181641,4
4PWX_AB_CD,EA206A,1.0391721725463867,1.1426289081573486,4
4PWX_AB_CD,EA246K,1.729231834411621,-0.00013828033115714788,4
4PWX_AB_CD,DA250A,1.1433788537979126,0.031631890684366226,4
4PWX_AB_CD,RB269A,1.729231834411621,1.29607355594635,4
4PWX_AB_CD,KB65A,0.20247004926204681,1.5136590003967285,4
4PWX_AB_CD,KB65D,0.1188877522945404,2.1195027828216553,4
4PWX_AB_CD,KB68A,0.4478629529476166,0.6130983233451843,4
4PWX_AB_CD,KB68D,0.2617647051811218,0.4177643656730652,4
4PWX_AB_CD,RB71A,0.3591063618659973,0.9452962875366211,4
4PWX_AB_CD,KC1A,0.46811968088150024,0.4123673439025879,4
4PWX_AB_CD,KC9A,-0.274082213640213,1.2197026014328003,4
4PWX_AB_CD,YC15A,0.7546097040176392,0.7341331243515015,4
4PWX_AB_CD,YC16A,1.1449693441390991,1.5415687561035156,4
4PWX_AB_CD,EC17A,-0.6847386360168457,1.0181617736816406,4
4PWX_AB_CD,HC19A,-0.3482353687286377,0.23981820046901703,4
4PWX_AB_CD,QC20A,-0.17779755592346191,1.2558006048202515,4
4PWX_AB_CD,RC23A,1.729231834411621,1.1786260604858398,4
4PWX_AB_CD,RC28A,1.729231834411621,0.5883018374443054,4
4PWX_AB_CD,RC31A,0.33467188477516174,1.3625459671020508,4
4PWX_AB_CD,DC60K,0.37095579504966736,0.4851835370063782,4
4PWX_AB_CD,EC67K,1.1038674116134644,0.1692357361316681,4
4U6H_AB_E,NE21A,-0.3482353687286377,0.6236788034439087,4
4U6H_AB_E,QE25A,0.1188877522945404,0.37334132194519043,4
4YH7_A_B,RA48A,1.733952522277832,1.1992762088775635,4
4YH7_A_B,RA169A,1.438324213027954,0.6803416013717651,4
4YH7_A_B,YA246A,1.0345971584320068,1.0991851091384888,4
4YH7_A_B,"EA207G,LA208S,RA209S,EA210G",-0.04087496176362038,0.35294216871261597,4
4YH7_A_B,"EA207Q,RA209E,EA210Q",0.038235973566770554,0.1398533284664154,4
4YH7_A_B,DB7A,1.6426256895065308,0.4434853196144104,4
4YH7_A_B,"MB45A,YB47A,PB58A,FB61A",1.733952522277832,2.8568596839904785,4
4YH7_A_B,DB258A,1.5910756587982178,0.8444713354110718,4
5C6T_HL_A,YA182A,3.2097911834716797,2.7563962936401367,4
5C6T_HL_A,NA183A,0.2841240167617798,0.2371944785118103,4
5C6T_HL_A,TA185A,0.3380204439163208,0.5364964604377747,4
5C6T_HL_A,NA186A,0.3632349669933319,0.7528471946716309,4
5C6T_HL_A,NA188A,-0.3667510151863098,-0.08472996950149536,4
5C6T_HL_A,FA192A,1.9980957508087158,1.5387885570526123,4
5C6T_HL_A,EA194A,1.0911601781845093,0.48815950751304626,4
5C6T_HL_A,"NA195A,DA197A",0.5867636799812317,0.7089115381240845,4
5C6T_HL_A,"YA182A,NA195A,DA197A",2.943742513656616,2.599426746368408,4
5C6T_HL_A,FA199A,2.7594141960144043,1.7106348276138306,4
5C6T_HL_A,FA200A,0.4106564223766327,0.6863623261451721,4
5C6T_HL_A,IA201A,0.8860082030296326,0.8848194479942322,4
5C6T_HL_A,RH31S,0.31168490648269653,0.3585110008716583,4
5C6T_HL_A,SH32A,-0.8687343001365662,0.41447940468788147,4
5C6T_HL_A,NH97A,1.5265793800354004,0.6865224242210388,4
5C6T_HL_A,YH98A,1.7174487113952637,2.2449469566345215,4
5C6T_HL_A,FH99A,1.4606835842132568,1.0126696825027466,4
5C6T_HL_A,YH104A,0.3632349669933319,1.0399779081344604,4
5C6T_HL_A,YL47A,0.551903486251831,2.0062947273254395,4
5C6T_HL_A,RL48A,0.1230163499712944,0.7373740673065186,4
5CXB_A_B,EB49D,0.3650606870651245,-0.0323382206261158,4
5CXB_A_B,TB52Q,0.0624210461974144,0.06648796796798706,4
5CXB_A_B,RB54A,0.5644043684005737,2.117701768875122,4
5CXB_A_B,RB54E,2.6803719997406006,2.606198787689209,4
5CXB_A_B,VB56W,0.5644043684005737,-1.6076226234436035,4
3NVN_B_A,RA193E,2.4865458011627197,0.8554088473320007,4
3NVN_B_A,RB186S,1.2686275243759155,0.6956888437271118,4
1JTG_A_B,FB36A,3.831104278564453,1.5810073614120483,4
1JTG_A_B,FB36A,3.590885639190674,1.5810073614120483,4
1JTG_A_B,FB36A,3.0436551570892334,1.5810073614120483,4
1JTG_A_B,HB41A,3.4651825428009033,2.312490940093994,4
1JTG_A_B,HB41A,3.650061845779419,2.312490940093994,4
1JTG_A_B,HB41A,4.162887096405029,2.312490940093994,4
1JTG_A_B,DB49A,3.239405393600464,1.8445583581924438,4
1JTG_A_B,DB49A,3.0652012825012207,1.8445583581924438,4
1JTG_A_B,DB49A,2.9027695655822754,1.8445583581924438,4
1JTG_A_B,YB53A,3.2093722820281982,1.8852368593215942,4
1JTG_A_B,YB53A,3.831104278564453,1.8852368593215942,4
1JTG_A_B,YB53A,3.400191068649292,1.8852368593215942,4
1JTG_A_B,KB74A,3.974159002304077,0.40904292464256287,4
1JTG_A_B,KB74A,4.092513084411621,0.40904292464256287,4
1JTG_A_B,KB74A,3.752230405807495,0.40904292464256287,4
1JTG_A_B,WB112A,3.420447826385498,2.528090476989746,4
1JTG_A_B,WB112A,3.2093722820281982,2.528090476989746,4
1JTG_A_B,WB112A,2.92996883392334,2.528090476989746,4
1JTG_A_B,FB142A,3.239405393600464,2.43578839302063,4
1JTG_A_B,FB142A,3.4651825428009033,2.43578839302063,4
1JTG_A_B,FB142A,3.239405393600464,2.43578839302063,4
1JTG_A_B,HB148A,2.450101137161255,1.53201162815094,4
1JTG_A_B,HB148A,3.620028495788574,1.53201162815094,4
1JTG_A_B,HB148A,3.8750691413879395,1.53201162815094,4
1JTG_A_B,WB150A,4.984199523925781,2.105163812637329,4
1JTG_A_B,WB150A,4.573543071746826,2.105163812637329,4
1JTG_A_B,WB150A,4.984199523925781,2.105163812637329,4
1JTG_A_B,RB160A,3.590885639190674,1.3656405210494995,4
1JTG_A_B,RB160A,3.2549679279327393,1.3656405210494995,4
1JTG_A_B,RB160A,3.305419921875,1.3656405210494995,4
1JTG_A_B,SB39A,0.35178300738334656,1.028422236442566,4
1JTG_A_B,GB48A,1.3023427724838257,1.0814605951309204,4
1JTG_A_B,GB48A,1.9412486553192139,1.0814605951309204,4
1JTG_A_B,YB50A,-2.077467203140259,2.633695602416992,4
1JTG_A_B,YB50A,-2.1198689937591553,2.633695602416992,4
1JTG_A_B,YB51A,1.142086148262024,2.1970620155334473,4
1JTG_A_B,YB51A,1.06242036819458,2.1970620155334473,4
1JTG_A_B,YB51A,1.0388641357421875,2.1970620155334473,4
1JTG_A_B,SB71A,0.5910182595252991,1.7032015323638916,4
1JTG_A_B,EB73A,0.9857154488563538,1.1647592782974243,4
1JTG_A_B,SB113A,-0.4991435110569,1.3320690393447876,4
1JTG_A_B,GB141A,1.8707118034362793,0.1314508467912674,4
1JTG_A_B,YB143A,0.8916863799095154,1.530530571937561,4
1JTG_A_B,YB143A,1.5581531524658203,1.530530571937561,4
1JTG_A_B,RB144A,1.1825987100601196,0.9784642457962036,4
1LFD_A_B,IA5A,1.0004743337631226,0.688323974609375,4
1LFD_A_B,RA7A,2.201554298400879,2.0549416542053223,4
1LFD_A_B,NA14A,1.0004743337631226,0.4337790608406067,4
1LFD_A_B,NA16A,0.30178165435791016,0.9049707055091858,4
1LFD_A_B,YA18F,1.0004743337631226,0.2474288046360016,4
1LFD_A_B,KA19A,1.7991840839385986,2.2174007892608643,4
1LFD_A_B,SA20A,0.8008137345314026,0.7568801641464233,4
1LFD_A_B,KA35A,0.30178165435791016,1.7791107892990112,4
1LFD_A_B,DA38A,-0.2992199957370758,0.3882259130477905,4
1LFD_A_B,KA39A,2.401493787765503,1.9158658981323242,4
1LFD_A_B,HA40A,1.0004743337631226,1.4890786409378052,4
1LFD_A_B,EA44A,-0.09967343509197235,0.145083948969841,4
1LFD_A_B,QB25A,0.9006381034851074,0.8759291768074036,4
1LFD_A_B,DB33A,1.1007846593856812,0.5485915541648865,4
1LFD_A_B,SB39A,-0.5999683737754822,0.8549937009811401,4
1LFD_A_B,YB40F,2.3011672496795654,1.2859230041503906,4
1LFD_A_B,RB41A,0.9006381034851074,1.5360729694366455,4
1LFD_A_B,IA5A,1.8241292238235474,0.688323974609375,4
1LFD_A_B,RA7A,2.304816722869873,2.0549416542053223,4
1LFD_A_B,NA14A,0.8626772165298462,0.4337790608406067,4
1LFD_A_B,NA16A,0.6701434850692749,0.9049707055091858,4
1LFD_A_B,YA18F,1.6315052509307861,0.2474288046360016,4
1LFD_A_B,YA18A,3.4585320949554443,2.5022616386413574,4
1LFD_A_B,KA19A,3.074397563934326,2.2174007892608643,4
1LFD_A_B,SA20A,1.0549668073654175,0.7568801641464233,4
1LFD_A_B,KA35A,0.574323296546936,1.7791107892990112,4
1LFD_A_B,DA38A,-0.2905236482620239,0.3882259130477905,4
1LFD_A_B,KA39A,3.074397563934326,1.9158658981323242,4
1LFD_A_B,HA40A,1.919624924659729,1.4890786409378052,4
1LFD_A_B,EA44A,0.19088996946811676,0.145083948969841,4
1LFD_A_B,VB29A,0.4777107834815979,0.2129342257976532,4
1LFD_A_B,EB37A,1.1507562398910522,0.5459545850753784,4
1LFD_A_B,DB38A,3.746721029281616,2.896761655807495,4
1LFD_A_B,SB39A,-0.8671044707298279,0.8549937009811401,4
1LFD_A_B,YB40F,1.919624924659729,1.2859230041503906,4
1LFD_A_B,YB40A,3.5545313358306885,2.9868388175964355,4
1LFD_A_B,RB41A,0.7661910653114319,1.5360729694366455,4
1LFD_A_B,EB62A,0.19088996946811676,0.1226344108581543,4
1LFD_A_B,EB63A,0.28575387597084045,0.4936499297618866,4
4G0N_A_B,RB6A,1.6457569599151611,1.3844221830368042,4
4G0N_A_B,NB11A,0.09720733761787415,0.4473333954811096,4
4G0N_A_B,QB13A,1.6457569599151611,1.3558834791183472,4
4G0N_A_B,RB14A,1.9372704029083252,1.307498812675476,4
4G0N_A_B,TB15A,1.4525357484817505,1.7043299674987793,4
4G0N_A_B,VB16A,0.9681078195571899,1.184822916984558,4
4G0N_A_B,KB31A,2.1297554969787598,1.4554641246795654,4
4G0N_A_B,VB35A,0.09720733761787415,0.8704911470413208,4
4G0N_A_B,IA21A,0.871229350566864,1.3754324913024902,4
4G0N_A_B,HA27A,-0.2906951308250427,0.720656156539917,4
4G0N_A_B,EA31A,0.4855044186115265,1.3053265810012817,4
4G0N_A_B,DA33A,1.0649688243865967,1.1148250102996826,4
4G0N_A_B,IA36A,1.7429593801498413,1.5257920026779175,4
4G0N_A_B,EA37A,1.7429593801498413,0.30747494101524353,4
4G0N_A_B,DA38A,3.193985939025879,2.203120231628418,4
4G0N_A_B,SA39A,0.29070067405700684,0.8657291531562805,4
4G0N_A_B,RA41A,-0.5806019902229309,1.7749742269515991,4
4G0N_A_B,VA45A,-0.2906951308250427,0.21852149069309235,4
1GUA_A_B,RB4A,1.0008436441421509,1.8322679996490479,4
1GUA_A_B,NB9A,-0.3999384045600891,0.5072177052497864,4
1GUA_A_B,KB10A,-0.3999384045600891,0.9196902513504028,4
1GUA_A_B,QB11A,0.10035651177167892,1.3239703178405762,4
1GUA_A_B,TB13A,0.7011552453041077,1.6540021896362305,4
1GUA_A_B,VB14A,0.10035651177167892,1.0703566074371338,4
1GUA_A_B,KB29A,1.9992140531539917,1.3847469091415405,4
1GUA_A_B,KB32A,0.7992769479751587,0.6525875329971313,4
1GUA_A_B,VB33A,0.20002995431423187,0.8967169523239136,4
1GUA_A_B,EA37A,1.3008146286010742,0.6757793426513672,4
1GUA_A_B,SA39A,1.4003002643585205,0.8494560718536377,4
1LFD_A_B,"NA16A,QB25A",0.30178165435791016,2.1583523750305176,4
1LFD_A_B,"KA19A,QB25A",2.5012662410736084,3.5401198863983154,4
1LFD_A_B,"DA38A,DB33A",0.2003227025270462,0.3026840388774872,4
1LFD_A_B,"HA40A,DB33A",2.201554298400879,1.186477780342102,4
1LFD_A_B,"NA16A,SB39A",0.0,1.626266360282898,4
1LFD_A_B,"YA18F,SB39A",0.8008137345314026,1.7548805475234985,4
1LFD_A_B,"KA35A,SB39A",-0.09967343509197235,2.099586248397827,4
1LFD_A_B,"HA40A,SB39A",0.5011252760887146,1.731765627861023,4
1LFD_A_B,"NA16A,YB40F",2.3011672496795654,2.2132716178894043,4
1LFD_A_B,"YA18F,YB40F",2.601687431335449,1.3045929670333862,4
1LFD_A_B,"SA20A,YB40F",1.7991840839385986,2.1721997261047363,4
1LFD_A_B,"NA14A,RB41A",1.6006627082824707,1.8591296672821045,4
1LFD_A_B,"NA16A,RB41A",1.4007436037063599,2.601534128189087,4
1LFD_A_B,"YA18F,RB41A",1.7991840839385986,3.022642135620117,4
1LFD_A_B,"HA40A,VB29A",1.919624924659729,2.659593105316162,4
1LFD_A_B,"RA7A,EB37A",2.0166759490966797,1.278847336769104,4
1LFD_A_B,"NA14A,EB37A",1.919624924659729,1.1245402097702026,4
1LFD_A_B,"YA18F,EB37A",1.2470759153366089,1.3691354990005493,4
1LFD_A_B,"YA18A,EB37A",3.4585320949554443,2.254298686981201,4
1LFD_A_B,"SA20A,EB37A",2.208296537399292,0.8951065540313721,4
1LFD_A_B,"YA18A,DB38A",4.708082675933838,4.2005295753479,4
1LFD_A_B,"SA20A,DB38A",3.169999122619629,3.124763011932373,4
1LFD_A_B,"KA39A,DB38A",5.862424373626709,4.272625923156738,4
1LFD_A_B,"YA18A,SB39A",3.938493251800537,3.302828073501587,4
1LFD_A_B,"NA14A,RB41A",1.4377479553222656,1.8591296672821045,4
1LFD_A_B,"NA16A,RB41A",0.7661910653114319,2.601534128189087,4
1LFD_A_B,"KA35A,EB63A",0.28575387597084045,1.639400601387024,4
4G0N_A_B,"TB15A,IA21A",2.1297554969787598,3.4912493228912354,4
4G0N_A_B,"VB16A,IA21A",1.5513603687286377,2.100121021270752,4
4G0N_A_B,"VB35A,IA21A",0.29070067405700684,2.9897689819335938,4
4G0N_A_B,"VB35A,HA27A",0.19255085289478302,1.385570764541626,4
4G0N_A_B,"RB6A,EA31A",2.1297554969787598,1.6393791437149048,4
4G0N_A_B,"TB15A,EA31A",1.5513603687286377,2.1471054553985596,4
4G0N_A_B,"KB31A,EA31A",2.0329933166503906,2.023386240005493,4
4G0N_A_B,"RB6A,DA33A",2.5166070461273193,1.651059627532959,4
4G0N_A_B,"KB31A,DA33A",2.6137888431549072,1.5208415985107422,4
4G0N_A_B,"RB6A,IA36A",4.257757186889648,2.7160167694091797,4
4G0N_A_B,"TB15A,IA36A",3.000670909881592,3.3924660682678223,4
4G0N_A_B,"VB16A,IA36A",2.6137888431549072,2.1344101428985596,4
4G0N_A_B,"RB6A,EA37A",2.323566198348999,0.7106242179870605,4
4G0N_A_B,"TB15A,EA37A",2.8070836067199707,2.2009453773498535,4
4G0N_A_B,"VB16A,EA37A",2.7103421688079834,1.1494930982589722,4
4G0N_A_B,"KB31A,EA37A",3.38753080368042,0.7220496535301208,4
4G0N_A_B,"RB6A,DA38A",4.4514851570129395,2.649775505065918,4
4G0N_A_B,"TB15A,DA38A",3.000670909881592,3.069347858428955,4
4G0N_A_B,"QB13A,SA39A",2.0329933166503906,1.8359637260437012,4
4G0N_A_B,"RB14A,SA39A",2.226851224899292,1.704907774925232,4
4G0N_A_B,"TB15A,SA39A",1.9372704029083252,2.590803623199463,4
4G0N_A_B,"NB11A,RA41A",-0.5806019902229309,1.794290542602539,4
4G0N_A_B,"QB13A,RA41A",1.2585135698318481,2.544534206390381,4
4G0N_A_B,"NB11A,VA45A",0.0,0.4639293849468231,4
4G0N_A_B,"QB13A,VA45A",1.5513603687286377,1.4904613494873047,4
4G0N_A_B,"RB14A,VA45A",1.7429593801498413,1.1521462202072144,4
4G0N_A_B,"TB15A,VA45A",1.0649688243865967,1.9679902791976929,4
1GUA_A_B,"RB4A,EA37A",1.3008146286010742,1.3864020109176636,4
1GUA_A_B,"VB14A,EA37A",1.7006744146347046,1.2927554845809937,4
4G0N_A_B,FB8W,0.6034535765647888,-0.12091295421123505,4
4G0N_A_B,VB35I,0.551903486251831,0.3660443425178528,4
4G0N_A_B,NB18R,-0.6982964873313904,-0.6041644811630249,4
4G0N_A_B,"FB8W,NB18R",-0.2876400649547577,-0.7663772702217102,4
4G0N_A_B,"FB8W,NB18R,VB35I",0.3632349669933319,-0.4401542544364929,4
4G0N_A_B,"FB8W,RB14L,NB18R,VB35I",0.6034535765647888,0.20904280245304108,4
4G0N_A_B,"FB8W,VB16E,NB18R,VB35I",1.8187329769134521,1.616780161857605,4
4G0N_A_B,"FB8W,RB14L,VB16E,NB18R,KB31R,VB35I",3.604046583175659,1.66398024559021,4
4G0N_A_B,AB32K,-1.1089528799057007,-1.8974374532699585,4
4G0N_A_B,"NB18R,AB32K",-1.2793906927108765,-2.3990678787231445,4
4G0N_A_B,TA35A,2.62937068939209,1.8721801042556763,4
4G0N_A_B,"TA35A,NB18R",2.0998265743255615,1.101448893547058,4
4G0N_A_B,"TA35A,AB32K",2.57879900932312,0.5546678900718689,4
4G0N_A_B,"TA35A,NB18R,AB32K",1.9676246643066406,-0.1306309998035431,4
4G0N_A_B,"YA32C,CA116S",0.7356554269790649,0.9686378240585327,4
4G0N_A_B,"YA32C,CA116S,NB18R",-0.3667510151863098,-0.028006864711642265,4
4G0N_A_B,"YA32C,CA116S,AB32K",-0.641829788684845,-1.7363797426223755,4
4G0N_A_B,"YA32C,CA116S,NB18R,AB32K",-1.7309221029281616,-1.9006047248840332,4
1GUA_A_B,DA30E,0.2402186095714569,0.21373744308948517,4
1GUA_A_B,"DA30E,EA31K",2.0150461196899414,2.677767276763916,4
4G0N_A_B,KB12M,1.3225784301757812,0.4457487463951111,4
4G0N_A_B,NB11A,1.5063303709030151,0.4473333954811096,4
4G0N_A_B,NB11D,1.8089699745178223,0.8759911060333252,4
4G0N_A_B,VB16A,1.8089699745178223,1.184822916984558,4
4G0N_A_B,KB12A,1.83220636844635,0.7678579688072205,4
4G0N_A_B,KB12E,1.9169868230819702,0.6086656451225281,4
4G0N_A_B,TB15A,2.15720534324646,1.7043299674987793,4
4G0N_A_B,RB14A,2.3276431560516357,1.307498812675476,4
4G0N_A_B,RB6A,2.738299608230591,1.3844221830368042,4
4G0N_A_B,QB13A,2.7857210636138916,1.3558834791183472,4
4G0N_A_B,"RB6A,NB11D",3.4212069511413574,1.8587342500686646,4
4G0N_A_B,KB31A,3.5837974548339844,1.4554641246795654,4
4G0N_A_B,KB31E,5.0657782554626465,1.6742525100708008,4
4G0N_A_B,"KB31A,RB36G",5.3586249351501465,2.733600616455078,4
4G0N_A_B,RB36L,5.3586249351501465,2.370969295501709,4
4G0N_A_B,EA31A,1.388119101524353,1.3053265810012817,4
4G0N_A_B,DA33A,0.6891109943389893,1.1148250102996826,4
4G0N_A_B,RA41A,-0.10772061347961426,1.7749742269515991,4
4G0N_A_B,RB6A,2.039231300354004,1.3844221830368042,4
4G0N_A_B,NB11A,0.4360252022743225,0.4473333954811096,4
4G0N_A_B,RB14A,1.496372938156128,1.307498812675476,4
4G0N_A_B,VB16A,0.6891109943389893,1.184822916984558,4
4G0N_A_B,KB31A,2.039231300354004,1.4554641246795654,4
4G0N_A_B,VB35A,-0.10772061347961426,0.8704911470413208,4
4G0N_A_B,TA35S,2.2143898010253906,1.315343976020813,4
4G0N_A_B,TA35A,2.94437575340271,1.8721801042556763,4
4G0N_A_B,DA38A,2.5355451107025146,2.203120231628418,4
1LFD_A_B,DB38A,2.728342294692993,2.896761655807495,4
1LFD_A_B,YB32W,-0.21131277084350586,-0.05367368832230568,4
3SE8_HL_G,RH30A,-0.03886324167251587,1.3512343168258667,4
3SE8_HL_G,WH47A,1.4514539241790771,1.481772541999817,4
3SE8_HL_G,WH50A,1.3121079206466675,2.2496938705444336,4
3SE8_HL_G,KH52A,1.0935636758804321,1.8180519342422485,4
3SE8_HL_G,LH54A,0.05389641225337982,1.5706486701965332,4
3SE8_HL_G,WH55A,0.7488812804222107,1.5362522602081299,4
3SE8_HL_G,GH56A,0.35136178135871887,0.7005786895751953,4
3SE8_HL_G,VH58A,1.2296135425567627,0.9899125099182129,4
3SE8_HL_G,SH59A,1.1323561668395996,0.9632720351219177,4
3SE8_HL_G,YH60A,0.8421027660369873,0.9031479358673096,4
3SE8_HL_G,RH62A,1.1867965459823608,1.2754647731781006,4
3SE8_HL_G,QH63A,1.0965259075164795,0.32637596130371094,4
3SE8_HL_G,QH65A,0.540974497795105,0.2872137427330017,4
3SE8_HL_G,RH72A,2.6019887924194336,2.241701602935791,4
3SE8_HL_G,QH76A,0.09534351527690887,-0.026974162086844444,4
3SE8_HL_G,PH78A,0.018515631556510925,-0.0031775212846696377,4
3SE8_HL_G,PH81A,-0.06978079676628113,0.29978466033935547,4
3SE8_HL_G,DH110A,-0.38309553265571594,0.9195902347564697,4
3SE8_HL_G,YH111A,0.8165920972824097,1.017393708229065,4
3SE8_HL_G,DH114A,-0.2402186095714569,1.497235655784607,4
3SE8_HL_G,FH115A,1.050457239151001,2.71638822555542,4
3SE8_HL_G,EL1A,-0.5475789904594421,0.4134684205055237,4
3SE8_HL_G,QL27A,-0.21265773475170135,0.1801430881023407,4
3SE8_HL_G,NL30A,0.1912277340888977,1.4066535234451294,4
3SE8_HL_G,DL49A,0.8421027660369873,0.16116391122341156,4
3SE8_HL_G,FL90A,-0.850218653678894,1.3646172285079956,4
3SE8_HL_G,EL91A,1.489182472229004,1.2277237176895142,4
3SE8_HL_G,FL92A,0.8189571499824524,1.0423532724380493,4
3EG5_A_B,HA104F,-2.0854196548461914,0.30021727085113525,4
3EG5_A_B,"TB73N,SB74N,HB75N",1.0535789728164673,1.3007441759109497,4
3EG5_A_B,"TB73N,SB74N,HB75N,HA104F",-1.3274180889129639,1.0218284130096436,4
5TAR_A_B,"TA183A,KA184E",2.730912446975708,2.562224864959717,4
5TAR_A_B,FB13A,0.23156951367855072,1.2036863565444946,4
5TAR_A_B,MB18A,-0.2150040864944458,0.8343123197555542,4
5TAR_A_B,WB30A,0.659399688243866,0.7663456201553345,4
5TAR_A_B,EB86A,1.1265227794647217,0.8594446778297424,4
5TAR_A_B,WB88A,0.3843208849430084,1.4640781879425049,4
5TAR_A_B,QB114A,0.15741637349128723,0.17446669936180115,4
5TAR_A_B,IB127A,-0.02633553557097912,1.1573776006698608,4
5TAR_A_B,FB131A,0.24874325096607208,0.7359119653701782,4
1YQV_HL_Y,RY45K,2.001080274581909,1.7945395708084106,4
1YQV_HL_Y,RY45K,2.002138137817383,1.7945395708084106,4
1YQV_HL_Y,RY45K,1.6343395709991455,1.7945395708084106,4
1YQV_HL_Y,"RY68K,TY40S,IY55V,SY91T,QY121H",0.10615579783916473,-0.9085142612457275,4
1YQV_HL_Y,"RY68K,TY40S,IY55V,SY91T,QY121H",0.0,-0.9085142612457275,4
1YQV_HL_Y,"RY68K,TY40S,IY55V,SY91T,QY121H",0.0,-0.9085142612457275,4
1YQV_HL_Y,"RY68K,TY40S,IY55V,SY91T",5.373005390167236,0.4632190763950348,4
1YQV_HL_Y,"RY68K,TY40S,IY55V,SY91T",5.104349136352539,0.4632190763950348,4
1YQV_HL_Y,"RY68K,TY40S,IY55V,SY91T",5.097285270690918,0.4632190763950348,4
